# This file uses centimeters as units for non-parametric coordinates.

mtllib Lab4.mtl
g default
v 20.866783 2.761470 16.066961
v 16.219513 14.321360 -16.855671
v 20.868778 6.194596 16.066961
v 20.866783 2.761470 16.066961
v 16.212612 14.321345 16.741385
v 20.866783 2.761470 15.068880
v 16.219513 14.321345 16.698650
v 20.868778 6.194596 16.066961
v 16.212612 14.321360 -16.919268
v 16.219513 12.253564 -16.919268
v 18.072281 12.253477 -16.919268
v 16.219513 14.321345 -18.715340
v 43.065811 14.321360 -16.855671
v 43.065811 14.321360 -16.919268
v 44.925480 14.321360 -16.919268
v 44.925480 14.321360 -16.855671
v 44.948387 14.321360 -16.855671
v 44.948387 14.321360 -18.715340
v 18.072281 12.253480 -16.855671
v 16.212612 12.253564 -16.919268
v 16.212612 12.255257 16.741385
v 16.219513 12.255256 16.741385
v 18.072281 12.255167 16.698650
v 16.219513 12.253567 -16.855671
v 16.219513 12.260422 -16.855671
v 16.219513 12.260420 -16.919268
v 16.219513 12.256916 -18.715340
v 43.050949 12.252305 -16.855671
v 18.072281 12.260335 -16.855671
v 44.936893 12.255505 -16.855671
v 44.948387 12.255504 -16.855671
v 44.948387 12.255461 -18.715340
v 18.072281 12.255169 16.741385
v 42.085045 -0.195963 -15.116421
v 16.219513 12.255347 18.558319
v 42.242519 12.254035 16.797104
v 42.154343 12.254037 16.739933
v 43.065811 12.253994 16.741385
v 43.065811 12.252301 -16.919268
v 33.129845 12.253838 4.343932
v 39.348114 12.253545 4.343932
v 39.348114 12.253874 10.889027
v 33.129845 12.254167 10.889027
v 16.219513 11.887407 -18.714676
v 16.219513 11.887407 18.551414
v 43.065811 12.256370 16.698650
v 43.065811 14.321352 16.698650
v 44.925480 14.321360 16.698650
v 44.936890 12.256275 16.698650
v 44.936890 12.256275 16.699070
v 44.936893 12.255503 -16.919266
v 44.948387 11.887407 -18.714676
v 16.219513 14.321360 18.558319
v 44.948387 14.321360 18.558319
v 44.948387 14.321360 16.698650
v 16.219513 12.257730 16.698650
v 34.458485 16.316229 5.354845
v 34.473286 16.316229 5.354845
v 34.473286 16.314281 5.354382
v 38.044987 16.314198 5.354382
v 38.044987 16.316229 5.354845
v 38.049942 16.316229 5.354845
v 38.049942 16.316231 10.021925
v 34.458485 16.316231 10.021925
v 42.596077 11.887407 -16.097626
v 42.598358 11.887407 -16.116415
v 18.464617 11.887407 -16.116415
v 18.465965 11.887407 -16.071524
v 18.455416 11.887407 -16.091688
v 18.455416 11.887407 15.889474
v 18.429138 11.887407 16.066898
v 42.598358 11.887407 16.066898
v 42.595161 11.887407 16.058018
v 42.595161 11.887407 -16.090086
v 44.948387 11.887407 18.551414
v 44.948387 12.256317 18.558319
v 16.219513 12.262109 16.698650
v 18.072281 12.262023 16.698650
v 44.948387 12.256274 16.698650
v 16.219513 12.262112 16.741385
v 44.948387 12.256317 18.551414
v 38.044987 16.316231 10.013448
v 34.473286 16.316231 10.013448
v 34.473286 19.542377 10.013448
v 34.473286 19.542377 5.354382
v 38.044987 19.542377 5.354382
v 38.044987 19.542377 10.013448
v 44.936893 12.256276 16.741385
v 18.464617 11.944860 -16.116415
v 42.598358 11.944860 -16.116415
v 18.464617 -0.195848 -16.116415
v 35.871376 4.421855 -16.116415
v 36.009636 4.421855 -16.116415
v 36.009636 10.751776 -16.116415
v 32.257042 10.751776 -16.116415
v 32.257042 4.421855 -16.116415
v 33.461578 4.421855 -16.116415
v 42.598358 -0.195848 -16.116415
v 18.465965 11.936520 -16.071524
v 18.494677 11.936520 -15.116415
v 18.494677 11.944860 -15.116415
v 18.465965 -0.195848 -16.071524
v 18.455416 11.936520 -16.091688
v 18.455416 -0.195848 -16.091688
v 18.455416 11.936520 15.889474
v 18.455416 -0.195848 15.889474
v 42.595161 -0.202575 -16.096607
v 20.868778 6.194596 16.066961
v 42.595161 -0.199747 16.058018
v 42.595161 -0.199747 16.061916
v 42.595161 -0.202575 16.061916
v 44.926590 12.256317 18.537283
v 35.372684 19.542377 6.361260
v 37.071003 19.542377 6.361260
v 37.071003 19.542377 9.037516
v 35.372684 19.542377 9.037516
v 42.476940 -0.195848 -15.116415
v 42.476940 11.944860 -15.116415
v 35.723488 4.421855 -16.116444
v 33.609459 4.421855 -16.116444
v 18.576950 11.936520 15.068880
v 18.963240 11.936520 15.068880
v 18.963240 11.936520 -15.116415
v 18.963240 11.887407 -15.273513
v 42.085045 11.887407 -15.219984
v 42.085045 -0.195848 -14.963134
v 18.963240 -0.206008 -15.196985
v 18.576950 -0.196876 15.068880
v 42.092094 -0.206008 15.622777
v 42.092361 -0.199747 15.623011
v 42.208363 -0.206008 15.635024
v 42.208366 -0.202575 -15.116419
v 42.460011 -0.202575 -15.116415
v 35.372684 18.302908 6.361260
v 37.071003 18.302908 6.361260
v 37.071003 18.302908 9.037516
v 35.372684 18.302908 9.037516
v 42.460011 -0.196281 -15.116415
v 42.595161 -0.196281 -16.096607
v 35.723488 4.421855 -15.102738
v 33.609459 4.421855 -15.102738
v 18.429138 -0.206008 16.066961
v 18.429138 11.944860 16.066961
v 18.576950 11.944860 15.068880
v 18.576950 -0.206008 15.068880
v 18.963240 11.887407 15.068880
v 42.085045 11.887407 15.068880
v 18.963240 -0.195848 -15.214914
v 33.461578 4.421855 -15.116415
v 32.257042 4.421855 -15.116415
v 32.257042 10.751776 -15.116415
v 35.963284 10.769192 -15.292289
v 35.963284 4.439270 -15.292289
v 35.871376 4.613533 -15.116415
v 42.084976 -0.206008 15.068880
v 42.084976 -0.206008 15.622027
v 42.084976 -0.199747 15.622025
v 42.084976 -0.199747 15.068880
v 20.866783 6.202194 15.068880
v 42.085045 -0.206008 -15.196668
v 18.963240 -0.195848 -15.798285
v 18.963240 -0.195864 15.068880
v 42.085247 -0.199747 15.622261
v 41.816395 -0.206008 15.635024
v 42.099976 -0.206008 15.635024
v 42.091698 -0.206008 15.627849
v 42.098434 -0.206008 15.628263
v 42.208363 -0.220814 -15.798285
v 42.208363 -0.195848 -15.798285
v 42.208363 -0.220814 15.635024
v 44.948387 12.256317 18.554867
v 42.085045 -0.196281 -15.116421
v 35.871376 4.421855 -15.102738
v 33.461578 4.421855 -15.102738
v 42.048931 11.887407 15.068880
v 36.423428 10.187618 15.068880
v 36.202187 10.408854 15.068880
v 35.923439 10.550886 15.068880
v 35.614414 10.599831 15.068880
v 35.305405 10.550888 15.068880
v 35.026642 10.408849 15.068880
v 34.805405 10.187618 15.068880
v 34.663372 9.908859 15.068880
v 34.614429 9.599834 15.068880
v 34.663364 9.290836 15.068880
v 34.805412 9.012057 15.068880
v 35.026642 8.790825 15.068880
v 35.305397 8.648790 15.068880
v 35.614414 8.599848 15.068880
v 35.923428 8.648791 15.068880
v 36.202183 8.790823 15.068880
v 36.423431 9.012070 15.068880
v 36.565468 9.290829 15.068880
v 36.614403 9.599819 15.068880
v 36.565460 9.908859 15.068880
v 42.085011 11.713850 15.068880
v 40.469063 9.290822 15.068880
v 40.518005 9.599839 15.068880
v 40.469063 9.908856 15.068880
v 40.327023 10.187625 15.068880
v 40.105789 10.408856 15.068880
v 39.826981 10.550611 15.068880
v 39.823803 10.551115 15.068880
v 39.516224 10.599831 15.068880
v 39.205769 10.550660 15.068880
v 38.926968 10.408856 15.068880
v 38.705734 10.187625 15.068880
v 38.563698 9.908856 15.068880
v 38.514755 9.599839 15.068880
v 38.563698 9.290822 15.068880
v 38.705734 9.012053 15.068880
v 38.926968 8.790822 15.068880
v 39.205769 8.649019 15.068880
v 39.516220 8.599849 15.068880
v 39.823799 8.648564 15.068880
v 39.826981 8.649068 15.068880
v 40.105789 8.790822 15.068880
v 40.327023 9.012053 15.068880
v 32.892120 -0.206008 15.062113
v 35.178242 2.761469 15.068880
v 39.775940 2.761469 15.068880
v 39.775940 6.202193 15.068880
v 35.178242 6.202193 15.068880
v 32.892120 6.298009 15.068880
v 32.891689 6.298009 15.068880
v 32.891689 6.356988 15.068880
v 28.135805 6.356988 15.068880
v 28.135805 6.298009 15.068880
v 28.135376 6.298009 15.068880
v 26.201355 9.599839 15.068880
v 26.152412 9.908856 15.068880
v 26.010372 10.187625 15.068880
v 25.789141 10.408856 15.068880
v 25.510338 10.550681 15.068880
v 25.507963 10.551057 15.068880
v 25.200016 10.599831 15.068880
v 24.889933 10.550717 15.068880
v 24.611135 10.408856 15.068880
v 24.389904 10.187625 15.068880
v 24.247864 9.908856 15.068880
v 24.198921 9.599839 15.068880
v 24.247864 9.290822 15.068880
v 24.389904 9.012053 15.068880
v 24.611135 8.790822 15.068880
v 21.298216 8.599849 15.068880
v 21.607220 8.648789 15.068880
v 21.885988 8.790829 15.068880
v 22.107227 9.012067 15.068880
v 22.249260 9.290821 15.068880
v 22.298203 9.599838 15.068880
v 22.249260 9.908857 15.068880
v 22.107224 10.187617 15.068880
v 21.885998 10.408845 15.068880
v 21.607227 10.550884 15.068880
v 21.298208 10.599829 15.068880
v 20.989202 10.550886 15.068880
v 20.710434 10.408847 15.068880
v 20.489201 10.187615 15.068880
v 20.347168 9.908861 15.068880
v 20.298225 9.599838 15.068880
v 20.347164 9.290823 15.068880
v 20.489201 9.012066 15.068880
v 20.710436 8.790830 15.068880
v 20.989204 8.648791 15.068880
v 24.889933 8.648962 15.068880
v 25.200022 8.599849 15.068880
v 25.507963 8.648622 15.068880
v 25.510338 8.648997 15.068880
v 25.789141 8.790822 15.068880
v 26.010372 9.012053 15.068880
v 26.152412 9.290822 15.068880
v 25.468473 3.257666 15.068880
v 25.468473 6.202194 15.068880
v 20.866783 2.761470 15.068880
v 20.866783 6.202194 15.068880
v 25.468473 2.761470 15.068880
v 28.027033 -0.206008 15.068880
v 18.963240 -0.206008 15.635024
v 28.135376 -0.206008 15.635025
v 28.135376 -0.206008 16.066961
v 28.135376 6.298009 16.066961
v 28.135805 6.298009 16.066961
v 28.135805 6.356988 16.066961
v 32.891689 6.356988 16.066961
v 32.891689 6.298009 16.066961
v 32.892120 6.298009 16.066961
v 32.892120 -0.206008 16.066961
v 42.598358 -0.206008 16.066961
v 42.598358 11.887407 16.066961
v 42.598358 11.944860 16.066961
v 42.595161 11.887407 16.058018
v 40.105789 10.408856 16.066961
v 40.327023 10.187625 16.066961
v 40.469063 9.908856 16.066961
v 40.518005 9.599839 16.066961
v 40.469063 9.290822 16.066961
v 40.327023 9.012053 16.066961
v 40.105789 8.790822 16.066961
v 39.775940 6.202193 16.066961
v 39.775940 2.761469 16.066961
v 35.178242 2.761469 16.066961
v 35.178242 6.202192 16.066961
v 39.826981 8.649068 16.066961
v 39.823803 8.648564 16.066961
v 39.516220 8.599849 16.066961
v 39.205769 8.649019 16.066961
v 38.926968 8.790822 16.066961
v 38.705734 9.012053 16.066961
v 38.563698 9.290822 16.066961
v 38.514755 9.599839 16.066961
v 38.563698 9.908856 16.066961
v 38.705734 10.187625 16.066961
v 38.926968 10.408856 16.066961
v 36.423424 10.187618 16.066961
v 36.565460 9.908859 16.066961
v 36.614403 9.599819 16.066961
v 36.565468 9.290829 16.066961
v 36.423431 9.012070 16.066961
v 36.202183 8.790823 16.066961
v 35.923428 8.648791 16.066961
v 35.614414 8.599848 16.066961
v 35.305401 8.648790 16.066961
v 35.026642 8.790825 16.066961
v 34.805412 9.012057 16.066961
v 34.663364 9.290837 16.066961
v 34.614429 9.599834 16.066961
v 34.663372 9.908859 16.066961
v 34.805405 10.187618 16.066961
v 35.026642 10.408849 16.066961
v 26.010372 10.187625 16.066961
v 26.152412 9.908856 16.066961
v 26.201355 9.599839 16.066961
v 26.152412 9.290822 16.066961
v 26.010372 9.012053 16.066961
v 25.789141 8.790822 16.066961
v 25.510338 8.648997 16.066961
v 25.507963 8.648622 16.066961
v 25.200022 8.599849 16.066961
v 24.889933 8.648962 16.066961
v 24.611135 8.790822 16.066961
v 24.389904 9.012053 16.066961
v 24.247864 9.290822 16.066961
v 24.198921 9.599839 16.066961
v 24.247864 9.908856 16.066961
v 24.248232 9.909579 16.066961
v 22.107224 10.187618 16.066961
v 22.249260 9.908857 16.066961
v 22.298203 9.599838 16.066961
v 22.249260 9.290821 16.066961
v 22.107227 9.012067 16.066961
v 21.885988 8.790829 16.066961
v 21.607220 8.648789 16.066961
v 21.298216 8.599849 16.066961
v 20.989204 8.648791 16.066961
v 20.710436 8.790830 16.066961
v 20.765106 7.113708 16.087200
v 20.774652 7.113708 16.066961
v 20.868778 6.202194 16.062723
v 24.084530 7.113510 16.066959
v 24.207005 7.113708 16.066961
v 25.464455 7.113708 16.066961
v 25.468473 6.202194 16.066961
v 25.468473 2.761470 16.066961
v 20.866783 2.761470 15.068880
v 20.866783 6.202194 15.068880
v 20.866783 6.194596 16.066961
v 20.489201 9.012066 16.066961
v 20.347164 9.290823 16.066961
v 20.298225 9.599838 16.066961
v 20.347168 9.908861 16.066961
v 20.489202 10.187615 16.066961
v 20.710434 10.408847 16.066961
v 20.989202 10.550886 16.066961
v 21.298208 10.599829 16.066961
v 21.607227 10.550885 16.066961
v 21.885998 10.408845 16.066961
v 24.389904 10.187625 16.066961
v 24.611135 10.408856 16.066961
v 24.889933 10.550717 16.066961
v 25.200018 10.599831 16.066961
v 25.507963 10.551057 16.066961
v 25.510338 10.550681 16.066961
v 25.789141 10.408856 16.066961
v 35.305405 10.550888 16.066961
v 35.614414 10.599831 16.066961
v 35.923439 10.550886 16.066961
v 36.202190 10.408854 16.066961
v 39.205769 10.550660 16.066961
v 39.516224 10.599831 16.066961
v 39.823799 10.551115 16.066961
v 39.826981 10.550611 16.066961
v 42.239075 11.944860 15.068880
v 42.239075 -0.206008 15.068880
v 28.135376 -0.206008 15.062113
v 32.892120 -0.206008 15.635023
v 24.207005 7.113708 16.066961
v 42.085045 -0.195848 -15.219984
v 42.106247 -0.206008 15.635024
v 42.595161 -0.206008 16.058018
v 18.963240 -0.220814 -15.798285
v 18.963240 -0.220814 15.635024
v 25.468473 2.761470 15.062506
v 36.423428 10.187618 14.963516
v 36.202190 10.408855 14.963516
v 35.923439 10.550886 14.963516
v 35.614414 10.599831 14.963516
v 35.305405 10.550888 14.963516
v 35.026642 10.408850 14.963516
v 34.805405 10.187616 14.963516
v 34.663372 9.908859 14.963516
v 34.614426 9.599836 14.963516
v 34.663364 9.290837 14.963516
v 34.805408 9.012055 14.963516
v 35.026646 8.790824 14.963516
v 35.305401 8.648790 14.963516
v 35.614414 8.599848 14.963516
v 35.923428 8.648791 14.963516
v 36.202183 8.790822 14.963516
v 36.423431 9.012072 14.963516
v 36.565464 9.290829 14.963516
v 36.614407 9.599817 14.963516
v 36.565456 9.908864 14.963516
v 39.823803 10.551114 14.963516
v 39.516224 10.599832 14.963516
v 39.205769 10.550660 14.963516
v 38.926968 10.408856 14.963516
v 38.705734 10.187625 14.963516
v 38.563698 9.908856 14.963516
v 38.514755 9.599839 14.963516
v 38.563698 9.290822 14.963516
v 38.705734 9.012053 14.963516
v 38.926968 8.790822 14.963516
v 39.205769 8.649019 14.963516
v 39.516224 8.599849 14.963516
v 39.823803 8.648564 14.963516
v 35.178242 2.761469 15.062506
v 39.775940 2.761469 15.062506
v 39.775940 6.202193 15.062506
v 35.178242 6.202193 15.062506
v 32.892120 6.356988 15.062113
v 32.892120 6.356988 15.068880
v 25.507963 10.551057 14.963516
v 25.200018 10.599831 14.963516
v 24.889933 10.550717 14.963516
v 24.611135 10.408856 14.963516
v 24.389904 10.187625 14.963516
v 24.247864 9.908856 14.963516
v 24.198921 9.599839 14.963516
v 24.247864 9.290822 14.963516
v 24.389904 9.012053 14.963516
v 24.611135 8.790822 14.963516
v 21.298216 8.599849 14.963516
v 21.607220 8.648789 14.963516
v 21.885988 8.790829 14.963516
v 22.107227 9.012067 14.963516
v 22.249258 9.290820 14.963516
v 22.298203 9.599840 14.963516
v 22.249260 9.908855 14.963516
v 22.107224 10.187619 14.963516
v 21.885998 10.408844 14.963516
v 21.607227 10.550885 14.963516
v 21.298208 10.599829 14.963516
v 20.989202 10.550886 14.963516
v 20.710434 10.408847 14.963516
v 20.489202 10.187614 14.963516
v 20.347168 9.908863 14.963516
v 20.298225 9.599836 14.963516
v 20.347166 9.290821 14.963516
v 20.489201 9.012066 14.963516
v 20.710436 8.790830 14.963516
v 20.989202 8.648791 14.963516
v 24.889933 8.648962 14.963516
v 25.200022 8.599849 14.963516
v 25.507963 8.648622 14.963516
v 25.468473 6.202194 15.062506
v 21.152922 5.991046 15.062506
v 21.152922 2.972616 15.062506
v 20.866783 7.113708 16.336565
v 25.464455 7.113708 16.336565
v 25.468473 6.202194 16.076212
v 25.468473 2.761470 16.076212
v 20.870771 2.761470 16.076212
v 20.870771 6.194596 16.076212
v 25.464455 6.194596 16.076212
v 25.464455 6.194596 16.336565
v 20.866783 6.194596 16.336565
v 20.710436 8.790830 16.177423
v 20.489201 9.012066 16.177423
v 20.347166 9.290821 16.177423
v 20.298225 9.599836 16.177423
v 20.347168 9.908863 16.177423
v 20.489202 10.187614 16.177423
v 20.710434 10.408847 16.177423
v 20.989202 10.550886 16.177423
v 21.298208 10.599829 16.177423
v 21.607227 10.550885 16.177423
v 21.885998 10.408844 16.177423
v 22.107224 10.187619 16.177423
v 24.247864 9.908856 16.177423
v 24.389904 10.187625 16.177423
v 24.611135 10.408856 16.177423
v 24.889933 10.550717 16.177423
v 25.200018 10.599831 16.177423
v 25.507963 10.551057 16.177423
v 35.026642 10.408850 16.177423
v 35.305405 10.550888 16.177423
v 35.614414 10.599831 16.177423
v 35.923439 10.550886 16.177423
v 36.202190 10.408855 16.177423
v 36.423428 10.187618 16.177423
v 38.926968 10.408856 16.177423
v 39.205769 10.550660 16.177423
v 39.516224 10.599832 16.177423
v 39.823803 10.551114 16.177423
v 28.135376 6.356988 16.071852
v 28.135376 6.356988 16.066898
v 32.892120 6.356988 16.066898
v 32.892120 6.356988 16.071852
v 39.775940 6.202193 16.076212
v 39.775940 2.761469 16.076212
v 35.178242 2.761469 16.076212
v 35.178242 6.202193 16.076212
v 39.823803 8.648564 16.177423
v 39.516224 8.599849 16.177423
v 39.205769 8.649019 16.177423
v 38.926968 8.790822 16.177423
v 38.705734 9.012053 16.177423
v 38.563698 9.290822 16.177423
v 38.514755 9.599839 16.177423
v 38.563698 9.908856 16.177423
v 38.705734 10.187625 16.177423
v 36.565456 9.908864 16.177423
v 36.614407 9.599817 16.177423
v 36.565464 9.290829 16.177423
v 36.423431 9.012072 16.177423
v 36.202183 8.790822 16.177423
v 35.923428 8.648791 16.177423
v 35.614414 8.599848 16.177423
v 35.305401 8.648790 16.177423
v 35.026646 8.790824 16.177423
v 34.805408 9.012055 16.177423
v 34.663364 9.290837 16.177423
v 34.614426 9.599836 16.177423
v 34.663372 9.908859 16.177423
v 34.805405 10.187616 16.177423
v 25.507963 8.648622 16.177423
v 25.200022 8.599849 16.177423
v 24.889933 8.648962 16.177423
v 24.611135 8.790822 16.177423
v 24.389904 9.012053 16.177423
v 24.247864 9.290822 16.177423
v 24.198921 9.599839 16.177423
v 22.249260 9.908855 16.177423
v 22.298203 9.599840 16.177423
v 22.249258 9.290820 16.177423
v 22.107227 9.012067 16.177423
v 21.885988 8.790829 16.177423
v 21.607220 8.648789 16.177423
v 21.298216 8.599849 16.177423
v 20.989202 8.648791 16.177423
v 28.135376 6.356988 15.062113
v 30.599546 3.427365 15.062113
v 30.908556 3.476307 15.062113
v 31.187330 3.618350 15.062113
v 31.408558 3.839578 15.062113
v 31.550592 4.118337 15.062113
v 31.599539 4.427365 15.062113
v 31.550598 4.736372 15.062113
v 31.408566 5.015123 15.062113
v 31.187321 5.236371 15.062113
v 30.908564 5.378405 15.062113
v 30.599545 5.427349 15.062113
v 30.290531 5.378405 15.062113
v 30.011765 5.236366 15.062113
v 29.790545 5.015147 15.062113
v 29.648502 4.736374 15.062113
v 29.599556 4.427339 15.062113
v 29.648495 4.118342 15.062113
v 29.790529 3.839588 15.062113
v 30.011770 3.618345 15.062113
v 30.290531 3.476309 15.062113
v 42.085045 -0.206177 -15.116421
v 25.186323 2.972616 15.062506
v 25.186323 5.991046 15.062506
v 36.084778 10.247746 14.963516
v 36.261951 10.070571 14.963516
v 35.861523 10.361499 14.963516
v 35.614044 10.400696 14.963516
v 35.366566 10.361499 14.963516
v 35.143314 10.247746 14.963516
v 34.966137 10.070571 14.963516
v 34.852386 9.847318 14.963516
v 34.813190 9.599839 14.963516
v 34.852386 9.352361 14.963516
v 34.966137 9.129107 14.963516
v 35.143314 8.951933 14.963516
v 35.366566 8.838180 14.963516
v 35.614044 8.798983 14.963516
v 35.861523 8.838180 14.963516
v 36.084778 8.951933 14.963516
v 36.261951 9.129107 14.963516
v 36.375706 9.352361 14.963516
v 36.414902 9.599839 14.963516
v 36.375706 9.847318 14.963516
v 40.102539 10.408856 16.177423
v 40.102539 10.408856 14.963516
v 39.514755 10.400696 14.963516
v 39.762230 10.361499 14.963516
v 39.267273 10.361499 14.963516
v 39.044022 10.247746 14.963516
v 38.866844 10.070571 14.963516
v 38.753094 9.847318 14.963516
v 38.713898 9.599839 14.963516
v 38.753094 9.352361 14.963516
v 38.866844 9.129107 14.963516
v 39.044022 8.951933 14.963516
v 39.267273 8.838180 14.963516
v 39.514755 8.798983 14.963516
v 39.762230 8.838180 14.963516
v 40.102539 8.790822 14.963516
v 40.102539 8.790822 16.177423
v 35.460388 2.972616 15.062506
v 39.493790 2.972616 15.062506
v 39.493790 5.991046 15.062506
v 35.460388 5.991046 15.062506
v 28.135376 6.356988 15.068880
v 32.891689 6.298009 16.066898
v 28.135805 6.298009 16.066898
v 25.786707 10.408856 16.177423
v 25.786707 10.408856 14.963516
v 25.198921 10.400696 14.963516
v 25.446400 10.361499 14.963516
v 24.951443 10.361499 14.963516
v 24.728189 10.247746 14.963516
v 24.551014 10.070571 14.963516
v 24.437262 9.847318 14.963516
v 24.398066 9.599839 14.963516
v 24.437262 9.352361 14.963516
v 24.551014 9.129107 14.963516
v 24.728189 8.951933 14.963516
v 21.298212 8.798983 14.963516
v 21.545691 8.838180 14.963516
v 21.768944 8.951933 14.963516
v 21.946117 9.129107 14.963516
v 22.059872 9.352361 14.963516
v 22.099068 9.599839 14.963516
v 22.059872 9.847318 14.963516
v 21.946119 10.070571 14.963516
v 21.768944 10.247746 14.963516
v 21.545691 10.361499 14.963516
v 21.298212 10.400696 14.963516
v 21.050734 10.361499 14.963516
v 20.827480 10.247746 14.963516
v 20.650305 10.070571 14.963516
v 20.536552 9.847318 14.963516
v 20.497356 9.599839 14.963516
v 20.536552 9.352361 14.963516
v 20.650305 9.129107 14.963516
v 20.827480 8.951933 14.963516
v 21.050734 8.838180 14.963516
v 24.951443 8.838180 14.963516
v 25.198921 8.798983 14.963516
v 25.786707 8.790822 14.963516
v 25.786707 8.790822 16.177423
v 25.446400 8.838180 14.963516
v 21.152922 5.991046 16.076212
v 21.152922 2.972616 16.076212
v 30.599545 3.427365 16.071852
v 30.290531 3.476309 16.071852
v 30.011770 3.618345 16.071852
v 29.790529 3.839588 16.071852
v 29.648497 4.118342 16.071852
v 29.599556 4.427339 16.071852
v 29.648502 4.736375 16.071852
v 29.790545 5.015147 16.071852
v 30.011765 5.236366 16.071852
v 30.290533 5.378405 16.071852
v 30.599545 5.427349 16.071852
v 30.908564 5.378405 16.071852
v 31.187321 5.236371 16.071852
v 31.408567 5.015123 16.071852
v 31.550598 4.736372 16.071852
v 31.599539 4.427365 16.071852
v 31.550594 4.118337 16.071852
v 31.408558 3.839578 16.071852
v 31.187328 3.618350 16.071852
v 30.908556 3.476307 16.071852
v 25.464455 6.202194 16.076212
v 25.464455 6.202194 16.066961
v 25.464455 6.205553 16.066961
v 25.186323 5.991046 16.076212
v 25.186323 2.972616 16.076212
v 20.827480 8.951933 16.177423
v 20.650305 9.129107 16.177423
v 20.536552 9.352361 16.177423
v 20.497356 9.599839 16.177423
v 20.536552 9.847318 16.177423
v 20.650305 10.070571 16.177423
v 20.827480 10.247746 16.177423
v 21.050734 10.361499 16.177423
v 21.298212 10.400696 16.177423
v 21.545691 10.361499 16.177423
v 21.768944 10.247746 16.177423
v 21.946119 10.070571 16.177423
v 24.437262 9.847318 16.177423
v 24.551014 10.070571 16.177423
v 24.728189 10.247746 16.177423
v 24.951443 10.361499 16.177423
v 25.198921 10.400696 16.177423
v 25.446400 10.361499 16.177423
v 35.143314 10.247746 16.177423
v 35.366566 10.361499 16.177423
v 35.614044 10.400696 16.177423
v 35.861523 10.361499 16.177423
v 36.084778 10.247746 16.177423
v 36.261951 10.070571 16.177423
v 39.044022 10.247746 16.177423
v 39.267273 10.361499 16.177423
v 39.514755 10.400696 16.177423
v 39.762230 10.361499 16.177423
v 35.460388 2.972616 16.076212
v 35.460388 5.991046 16.076212
v 39.493790 5.991046 16.076212
v 39.493790 2.972616 16.076212
v 39.514755 8.798983 16.177423
v 39.762230 8.838180 16.177423
v 39.267273 8.838180 16.177423
v 39.044022 8.951933 16.177423
v 38.866844 9.129107 16.177423
v 38.753094 9.352361 16.177423
v 38.713898 9.599839 16.177423
v 38.753094 9.847318 16.177423
v 38.866844 10.070571 16.177423
v 36.375706 9.847318 16.177423
v 36.414902 9.599839 16.177423
v 36.375706 9.352361 16.177423
v 36.261951 9.129107 16.177423
v 36.084778 8.951933 16.177423
v 35.861523 8.838180 16.177423
v 35.614044 8.798983 16.177423
v 35.366566 8.838180 16.177423
v 35.143314 8.951933 16.177423
v 34.966137 9.129107 16.177423
v 34.852386 9.352361 16.177423
v 34.813190 9.599839 16.177423
v 34.852386 9.847318 16.177423
v 34.966137 10.070571 16.177423
v 25.198921 8.798983 16.177423
v 25.446400 8.838180 16.177423
v 24.951443 8.838180 16.177423
v 24.728189 8.951933 16.177423
v 24.551014 9.129107 16.177423
v 24.437262 9.352361 16.177423
v 24.398066 9.599839 16.177423
v 22.059872 9.847318 16.177423
v 22.099068 9.599839 16.177423
v 22.059872 9.352361 16.177423
v 21.946117 9.129107 16.177423
v 21.768944 8.951933 16.177423
v 21.545691 8.838180 16.177423
v 21.298212 8.798983 16.177423
v 21.050734 8.838180 16.177423
v 30.599546 3.427365 14.943398
v 30.908556 3.476307 14.943398
v 31.187330 3.618349 14.943398
v 31.408558 3.839578 14.943398
v 31.550594 4.118335 14.943398
v 31.599539 4.427367 14.943398
v 31.550598 4.736374 14.943398
v 31.408567 5.015124 14.943398
v 31.187321 5.236370 14.943398
v 30.908564 5.378405 14.943398
v 30.599545 5.427349 14.943398
v 30.290533 5.378405 14.943398
v 30.011765 5.236367 14.943398
v 29.790545 5.015148 14.943398
v 29.648502 4.736373 14.943398
v 29.599556 4.427338 14.943398
v 29.648495 4.118342 14.943398
v 29.790529 3.839587 14.943398
v 30.011770 3.618344 14.943398
v 30.290531 3.476309 14.943398
v 39.985485 10.247746 16.177423
v 40.323769 10.187625 16.177423
v 40.323769 10.187625 14.963516
v 39.985485 10.247746 14.963516
v 39.985485 8.951933 14.963516
v 40.323769 9.012053 14.963516
v 40.323769 9.012053 16.177423
v 39.985485 8.951933 16.177423
v 25.669653 10.247746 16.177423
v 26.007938 10.187625 16.177423
v 26.007938 10.187625 14.963516
v 25.669653 10.247746 14.963516
v 25.669653 8.951933 14.963516
v 26.007938 9.012053 14.963516
v 26.007938 9.012053 16.177423
v 25.669653 8.951933 16.177423
v 30.908556 3.476307 16.157305
v 30.599546 3.427365 16.157305
v 30.290531 3.476309 16.157305
v 30.011770 3.618344 16.157305
v 29.790529 3.839587 16.157305
v 29.648495 4.118342 16.157305
v 29.599556 4.427338 16.157305
v 29.648502 4.736373 16.157305
v 29.790545 5.015148 16.157305
v 30.011765 5.236367 16.157305
v 30.290533 5.378405 16.157305
v 30.599545 5.427349 16.157305
v 30.908564 5.378405 16.157305
v 31.187321 5.236370 16.157305
v 31.408567 5.015124 16.157305
v 31.550598 4.736374 16.157305
v 31.599539 4.427367 16.157305
v 31.550594 4.118335 16.157305
v 31.408558 3.839578 16.157305
v 31.187330 3.618349 16.157305
v 24.475636 6.917499 16.066961
v 24.477917 6.917952 16.066959
v 24.586493 6.939496 16.066959
v 30.599546 3.626500 14.943398
v 30.847025 3.665697 14.943398
v 31.070278 3.779450 14.943398
v 31.247452 3.956625 14.943398
v 31.361206 4.179878 14.943398
v 31.400402 4.427356 14.943398
v 31.361206 4.674835 14.943398
v 31.247454 4.898088 14.943398
v 31.070278 5.075263 14.943398
v 30.847025 5.189016 14.943398
v 30.599546 5.228213 14.943398
v 30.352068 5.189016 14.943398
v 30.128815 5.075263 14.943398
v 29.951639 4.898088 14.943398
v 29.837887 4.674835 14.943398
v 29.798691 4.427356 14.943398
v 29.837887 4.179878 14.943398
v 29.951639 3.956625 14.943398
v 30.128815 3.779450 14.943398
v 30.352068 3.665697 14.943398
v 40.162659 10.070571 16.177423
v 40.465813 9.908856 16.177423
v 40.465813 9.908856 14.963516
v 40.162659 10.070571 14.963516
v 40.162659 9.129107 14.963516
v 40.465813 9.290822 14.963516
v 40.465813 9.290822 16.177423
v 40.162659 9.129107 16.177423
v 25.846828 10.070571 16.177423
v 26.149979 9.908856 16.177423
v 26.149979 9.908856 14.963516
v 25.846828 10.070571 14.963516
v 25.846827 9.129107 14.963516
v 26.149979 9.290822 14.963516
v 26.149979 9.290822 16.177423
v 25.846827 9.129107 16.177423
v 30.847025 3.665697 16.157305
v 30.599546 3.626500 16.157305
v 30.352068 3.665697 16.157305
v 30.128815 3.779450 16.157305
v 29.951639 3.956625 16.157305
v 29.837887 4.179878 16.157305
v 29.798691 4.427356 16.157305
v 29.837887 4.674835 16.157305
v 29.951639 4.898088 16.157305
v 30.128815 5.075263 16.157305
v 30.352068 5.189016 16.157305
v 30.599546 5.228213 16.157305
v 30.847025 5.189016 16.157305
v 31.070278 5.075263 16.157305
v 31.247454 4.898088 16.157305
v 31.361206 4.674835 16.157305
v 31.400402 4.427356 16.157305
v 31.361206 4.179878 16.157305
v 31.247452 3.956625 16.157305
v 31.070278 3.779450 16.157305
v 40.276413 9.847318 16.177423
v 40.514755 9.599839 16.177423
v 40.514755 9.599839 14.963516
v 40.276413 9.847318 14.963516
v 40.276413 9.352361 14.963516
v 40.276413 9.352361 16.177423
v 25.960581 9.847318 16.177423
v 26.198921 9.599839 16.177423
v 26.198921 9.599839 14.963516
v 25.960581 9.847318 14.963516
v 25.960581 9.352361 14.963516
v 25.960581 9.352361 16.177423
v 40.315609 9.599839 16.177423
v 40.315609 9.599839 14.963516
v 25.999777 9.599839 16.177423
v 25.999777 9.599839 14.963516
v 35.178238 6.194596 16.110802
v 39.775940 6.194596 16.110802
v 39.775940 6.194596 16.388824
v 35.178238 6.194596 16.388824
v 35.178238 7.113708 16.388824
v 35.178238 7.113708 16.110802
v 39.775940 7.113708 16.110802
v 39.775940 7.113708 16.388824
v 20.866783 2.761470 16.066961
v 42.085045 11.887407 -15.064363
v 18.455416 11.936520 15.889474
v 16.219513 14.321360 -16.919268
v 18.072281 14.321360 -16.919268
v 16.219513 14.321360 -16.919268
v 18.072281 14.321360 -16.919268
v 18.072281 14.321360 -16.855671
v 42.085045 11.887407 15.068880
v 18.072281 14.321360 -16.855671
v 18.072281 14.321353 16.698650
v 18.072281 14.321345 16.741385
v 18.072281 14.321353 16.698650
v 18.072281 14.321345 16.741385
v 18.963240 -0.195864 15.068880
v 16.219513 14.321345 16.741385
v 16.219513 14.321345 16.741385
v 18.963240 11.887407 15.068880
v 18.576950 11.936520 15.068880
v 18.963240 11.887407 15.068880
v 18.464617 11.887407 -16.116415
v 18.963240 11.887407 15.068880
v 42.595161 -0.195848 -16.090086
v 18.465965 11.887407 -16.071524
v 42.595161 11.887407 -16.090086
v 18.455416 -0.195848 15.889474
v 18.576950 -0.196876 15.068880
v 18.455416 11.887407 15.889474
v 42.595161 -0.195848 -16.090086
v 32.257042 4.316422 -15.058647
v 32.733208 5.097954 -15.058647
v 32.733208 7.568113 -15.058647
v 35.533470 7.568113 -15.058647
v 35.533470 5.097954 -15.058647
v 36.009636 4.316422 -15.058647
v 36.009636 10.857208 -15.058647
v 32.257042 10.857208 -15.058647
v 32.733208 8.150860 -15.058647
v 32.733208 10.381701 -15.058647
v 35.533470 10.381701 -15.058647
v 35.533470 8.150860 -15.058647
v 32.257042 4.316422 -16.146145
v 36.009636 4.316422 -16.146145
v 36.009636 10.857208 -16.146145
v 32.257042 10.857208 -16.146145
v 32.733208 8.150860 -16.146145
v 32.733208 10.381701 -16.146145
v 35.533470 10.381701 -16.146145
v 35.533470 8.150860 -16.146145
v 32.733208 5.097954 -16.146145
v 35.533470 5.097954 -16.146145
v 35.533470 7.568113 -16.146145
v 32.733208 7.568113 -16.146145
v 18.464317 -0.249178 -15.201525
v 42.565052 -0.249178 -15.201525
v 32.733208 5.041683 -15.244158
v 32.733208 7.704668 -15.244158
v 32.733208 8.009367 -15.244158
v 32.733208 10.414352 -15.244158
v 35.533470 10.414352 -15.244158
v 35.533470 8.009367 -15.244158
v 35.533470 7.704668 -15.244158
v 35.533470 5.041683 -15.244158
v 42.565052 12.201891 -15.244158
v 18.464317 12.201891 -15.201525
v 18.464317 -0.249178 -16.141245
v 18.464317 12.201891 -16.141245
v 42.565052 -0.249178 -16.141245
v 42.565052 12.201891 -16.141245
v 32.733208 5.041683 -15.996778
v 35.533470 5.041683 -15.996778
v 35.533470 7.704668 -15.996778
v 32.733208 7.704668 -15.996778
v 32.733208 8.009367 -15.996778
v 35.533470 8.009367 -15.996778
v 35.533470 10.414352 -15.996778
v 32.733208 10.414352 -15.996778
vt 0.375000 0.258549
vt 0.375000 0.250000
vt 0.391123 0.250000
vt 0.391123 0.258549
vt 0.625000 0.499072
vt 0.625000 0.500000
vt 0.375000 0.500000
vt 0.375000 0.499072
vt 0.375317 0.499072
vt 0.375317 0.250000
vt 0.624528 0.250000
vt 0.624528 0.499072
vt 0.874072 0.250000
vt 0.625000 0.250000
vt 0.625000 0.000000
vt 0.874072 0.000000
vt 0.608618 0.250000
vt 0.608618 0.258549
vt 0.624801 0.258549
vt 0.624801 0.250000
vt 0.625000 0.250000
vt 0.625000 0.500000
vt 0.375000 0.500000
vt 0.624528 0.000000
vt 0.875000 0.000000
vt 0.875000 0.250000
vt 0.625000 0.750000
vt 0.375000 0.750000
vt 0.125000 0.250000
vt 0.125000 0.000000
vt 0.125928 0.000000
vt 0.125928 0.250000
vt 0.375000 0.494255
vt 0.391123 0.500000
vt 0.375000 0.500000
vt 0.375317 0.249999
vt 0.375317 0.000000
vt 0.625000 0.750928
vt 0.625000 1.000000
vt 0.624528 1.000000
vt 0.624528 0.750928
vt 0.366451 0.250000
vt 0.125000 0.250000
vt 0.125000 0.000000
vt 0.375000 0.000000
vt 0.375000 0.000887
vt 0.366451 0.000872
vt 0.391132 0.000887
vt 0.391132 0.000000
vt 0.608618 0.000000
vt 0.624900 0.000000
vt 0.625000 0.000000
vt 0.875000 0.000000
vt 0.875000 0.250000
vt 0.625000 0.750000
vt 0.375000 0.750000
vt 0.625000 0.750928
vt 0.624528 0.750928
vt 0.375000 0.750928
vt 0.375000 0.750000
vt 0.625000 0.750000
vt 0.375000 0.000000
vt 0.375000 0.249998
vt 0.391123 0.494255
vt 0.073068 0.932785
vt 0.073070 0.087483
vt 0.073070 0.086406
vt 0.008416 0.086443
vt 0.008416 0.040672
vt 0.916482 0.084874
vt 0.913405 0.086314
vt 0.945200 0.086278
vt 0.945200 0.934388
vt 0.944692 0.932785
vt 0.598491 0.398643
vt 0.815473 0.398643
vt 0.815473 0.233733
vt 0.598491 0.233733
vt 0.014099 0.050876
vt 0.119184 0.239558
vt 0.125000 0.250000
vt 0.125000 0.000000
vt 0.375000 0.000000
vt 0.008416 0.040672
vt 0.624528 0.500000
vt 0.624528 0.749055
vt 0.375000 0.749055
vt 0.375317 0.749055
vt 0.375317 0.499999
vt 0.375317 0.500000
vt 0.375317 0.250000
vt 0.624528 0.250000
vt 0.375317 0.000976
vt 0.375314 0.000976
vt 0.624528 0.000945
vt 0.624900 1.000000
vt 0.624900 0.991451
vt 0.625000 0.750000
vt 0.625000 1.000000
vt 0.008416 0.979625
vt 1.010891 0.979625
vt 0.625000 0.750000
vt 0.375000 0.750000
vt 0.375000 0.250000
vt 0.625000 0.250000
vt 0.625000 0.500000
vt 0.624801 0.500000
vt 0.608618 0.500000
vt 0.375000 1.000000
vt 0.375000 0.750000
vt 0.600686 0.755550
vt 0.601453 0.763235
vt 0.608618 0.750000
vt 0.608618 0.755745
vt 0.625000 0.750000
vt 0.375000 0.750000
vt 0.375000 0.500000
vt 0.376030 0.500000
vt 0.376047 0.500120
vt 0.624636 0.500125
vt 0.624655 0.500000
vt 0.625000 0.500000
vt 0.625000 0.750000
vt 0.875000 0.000000
vt 0.875000 0.250000
vt 0.625000 0.250000
vt 0.625000 0.000000
vt 0.375000 0.250000
vt 0.375000 0.000000
vt 0.125000 0.000000
vt 0.125000 0.250000
vt 0.604530 0.767556
vt 0.604550 0.767430
vt 0.394537 0.767430
vt 0.394549 0.767732
vt 0.394457 0.767596
vt 0.394457 0.982142
vt 0.394228 0.983333
vt 0.604550 0.983333
vt 0.604522 0.983273
vt 0.604522 0.767607
vt 0.625000 1.000000
vt 0.375000 1.000000
vt 0.625000 0.000000
vt 1.010891 0.040672
vt 0.391123 0.499999
vt 0.608618 0.500001
vt 0.608618 0.750000
vt 0.375000 0.750000
vt 0.375000 0.749469
vt 0.391123 0.749469
vt 0.625000 0.000935
vt 0.375000 0.000997
vt 0.625000 0.750000
vt 0.624900 0.750000
vt 0.875000 0.250000
vt 0.881547 0.239915
vt 0.875000 0.000000
vt 0.130745 0.250000
vt 0.130745 0.000539
vt 0.125000 0.000531
vt 0.125000 0.000000
vt 0.375000 0.000000
vt 0.625000 0.000000
vt 0.625928 0.000000
vt 0.875000 0.000000
vt 0.875000 0.250000
vt 0.624655 0.250454
vt 0.376030 0.250454
vt 0.125025 0.001684
vt 0.375000 0.001684
vt 0.375000 0.250000
vt 0.125000 0.250000
vt 0.125000 0.001534
vt 0.375000 0.748465
vt 0.375000 0.500000
vt 0.625000 0.500000
vt 0.625000 0.748472
vt 0.875000 0.001528
vt 0.875000 0.250000
vt 0.625000 0.250000
vt 0.625000 0.001684
vt 0.874975 0.001684
vt 1.004291 0.050840
vt 0.979666 0.138013
vt -0.036010 0.138013
vt -0.036010 0.134313
vt 0.979666 0.134313
vt 0.125000 0.248817
vt 0.136223 0.248817
vt 0.136223 0.249829
vt 0.375000 0.249829
vt 0.375000 0.250000
vt 0.125000 0.250000
vt 0.125000 0.000000
vt 0.136223 0.000000
vt 0.380171 0.501012
vt 0.375000 0.501012
vt 0.375000 0.500000
vt 0.380171 0.500000
vt 0.380171 0.749990
vt 0.375000 0.750000
vt 0.051782 0.941740
vt 0.952274 0.941740
vt 0.952274 0.945069
vt 0.051782 0.945069
vt 0.051782 0.122576
vt 0.952274 0.122576
vt -0.048021 0.800739
vt -0.048021 -0.122300
vt -0.048148 -0.122300
vt -0.048148 -0.122516
vt 0.997231 -0.122516
vt 0.997019 -0.122483
vt 0.997019 0.800739
vt 0.340621 0.000000
vt 1.010502 0.087344
vt 1.010891 0.087354
vt 1.010891 0.040672
vt 1.010143 0.041028
vt 1.010891 0.086278
vt 0.437953 0.445972
vt 0.556826 0.445972
vt 0.556826 0.302367
vt 0.437953 0.302367
vt 0.875000 0.248817
vt 0.875000 0.250000
vt 0.625000 0.250000
vt 0.625000 0.000000
vt 0.868418 0.000000
vt 0.868418 0.248817
vt 0.875000 0.000000
vt -0.036010 0.916056
vt 0.979666 0.916056
vt -0.017559 0.919825
vt 0.953921 0.942801
vt 0.864588 0.769286
vt 0.625000 0.250396
vt 0.625000 0.499997
vt 0.410218 0.512074
vt 0.379908 0.249829
vt -0.517049 0.925715
vt 1.517866 0.925714
vt 1.517873 -0.003544
vt 0.625000 0.749990
vt 0.375000 0.750000
vt 0.625000 0.750000
vt 0.434831 0.994063
vt 0.375000 0.998726
vt 0.368930 -0.001266
vt 0.369152 -0.001693
vt 0.625000 0.750000
vt 0.625000 1.000000
vt 0.378455 1.000000
vt 0.435435 0.998649
vt 0.435438 0.754879
vt 0.558765 0.756665
vt 1.010891 0.040586
vt 0.375000 0.611716
vt 0.375000 0.750000
vt 0.625000 0.750000
vt 0.625000 0.611716
vt 0.875000 0.138284
vt 0.875000 0.000000
vt 0.625000 0.000000
vt 0.625000 0.138284
vt 0.375000 0.000000
vt 0.375000 0.138284
vt 0.125000 0.138284
vt 0.125000 0.000000
vt 0.970329 0.918266
vt 0.625000 1.000000
vt 0.640392 1.000000
vt 0.972647 0.917719
vt 0.025275 0.858543
vt 0.025275 -0.001377
vt 0.125000 0.000059
vt 0.125000 0.000000
vt 0.003713 -0.001923
vt 0.003713 0.990652
vt 0.125000 0.250000
vt 0.125000 0.249828
vt 0.625396 0.250000
vt -0.977542 0.694733
vt 1.548446 0.694733
vt 0.874997 0.250000
vt 0.398876 0.774139
vt 0.600083 0.774139
vt 0.600083 0.976637
vt 0.398876 0.976637
vt -1.150550 0.695662
vt -1.150550 0.014258
vt -1.150551 0.014251
vt -1.150551 0.014233
vt 2.040758 0.014233
vt 2.099239 0.014233
vt 2.099239 0.014595
vt 2.040758 0.014595
vt 2.041319 0.695662
vt 0.620915 1.000000
vt 0.620913 1.000000
vt 0.236693 0.942761
vt 0.379784 0.999973
vt 0.625000 0.999604
vt 0.372587 -0.000208
vt 0.372811 -0.000634
vt 2.051571 0.743056
vt 2.051035 0.742598
vt 2.032865 0.723230
vt 2.052739 0.742988
vt 2.051798 0.742773
vt 2.052291 0.743221
vt 2.060334 0.750539
vt 2.060335 0.750540
vt 0.625000 0.000000
vt 0.875000 0.000000
vt 0.875000 0.250000
vt 0.900713 0.260858
vt 1.010891 0.040672
vt 0.375000 1.000000
vt 0.625000 1.000000
vt 0.632497 1.000000
vt 0.869196 1.000000
vt 0.851601 0.942762
vt 1.973148 0.032390
vt 1.926884 0.032447
vt 1.809446 0.666535
vt -0.969707 0.666823
vt -0.249092 0.577681
vt -0.225149 0.589272
vt -0.193658 0.596711
vt -0.157699 0.599272
vt -0.120791 0.596703
vt -0.086551 0.589257
vt -0.058327 0.577662
vt -0.038882 0.563052
vt -0.030121 0.546859
vt -0.032901 0.530667
vt -0.046949 0.516061
vt -0.070891 0.504470
vt -0.102384 0.497031
vt -0.138342 0.494470
vt -0.175248 0.497038
vt -0.209489 0.504485
vt -0.237715 0.516081
vt -0.257158 0.530690
vt -0.265919 0.546883
vt -0.263140 0.563075
vt -0.974815 0.666821
vt -0.969978 0.657729
vt -0.717335 0.530737
vt -0.726097 0.546930
vt -0.723317 0.563122
vt -0.709268 0.577728
vt -0.685327 0.589318
vt -0.653835 0.596758
vt -0.653467 0.596784
vt -0.617876 0.599318
vt -0.580621 0.596714
vt -0.546419 0.589304
vt -0.518205 0.577708
vt -0.498763 0.563099
vt -0.490000 0.546907
vt -0.492768 0.530713
vt -0.506804 0.516108
vt -0.530733 0.504518
vt -0.562213 0.497114
vt -0.598518 0.494517
vt -0.635048 0.497059
vt -0.635426 0.497085
vt -0.669667 0.504532
vt -0.697890 0.516127
vt -0.857486 0.032528
vt 0.268003 0.032413
vt -0.030358 0.188529
vt -0.572422 0.188585
vt -0.605723 0.368881
vt -0.063659 0.368826
vt 0.204945 0.373819
vt 0.205047 0.373819
vt 0.203844 0.376900
vt 0.764936 0.376843
vt 0.765659 0.373761
vt 0.765761 0.373761
vt 0.961823 0.546758
vt 0.964603 0.562949
vt 0.978652 0.577556
vt 1.002593 0.589146
vt 1.034086 0.596585
vt 1.034361 0.596605
vt 1.070044 0.599146
vt 1.107234 0.596548
vt 1.141485 0.589132
vt 1.169709 0.577537
vt 1.189157 0.562926
vt 1.197916 0.546733
vt 1.195137 0.530543
vt 1.181087 0.515935
vt 1.157138 0.504346
vt 1.549577 0.494297
vt 1.512673 0.496866
vt 1.478431 0.504313
vt 1.450208 0.515908
vt 1.430763 0.530517
vt 1.422000 0.546711
vt 1.424780 0.562903
vt 1.438829 0.577509
vt 1.462770 0.589098
vt 1.494262 0.596538
vt 1.530222 0.599099
vt 1.567128 0.596530
vt 1.601369 0.589085
vt 1.629593 0.577490
vt 1.649038 0.562880
vt 1.657800 0.546687
vt 1.655018 0.530495
vt 1.640971 0.515888
vt 1.617029 0.504298
vt 1.585538 0.496858
vt 1.125632 0.496936
vt 1.089400 0.494345
vt 1.052777 0.496893
vt 1.052495 0.496913
vt 1.018253 0.504359
vt 0.990029 0.515955
vt 0.970585 0.530564
vt 1.109639 0.214414
vt 1.081154 0.368670
vt 1.623624 0.368654
vt 1.656925 0.188357
vt 1.114443 0.188448
vt 0.841791 0.032355
vt 1.973175 0.032239
vt 0.375000 1.000000
vt 0.375000 0.750000
vt 0.474261 0.750000
vt 0.379720 0.891808
vt 0.475399 0.891808
vt 0.475399 1.000000
vt -0.133194 -0.143497
vt 0.375381 -0.143497
vt 0.375381 0.539864
vt 0.375426 0.539864
vt 0.375425 0.546030
vt 0.624575 0.546031
vt 0.624574 0.539864
vt 0.624619 0.539864
vt 0.624619 -0.143497
vt 1.133194 -0.143497
vt 1.133194 1.126105
vt 1.133182 1.132523
vt 0.219651 0.000000
vt 1.002591 0.971034
vt 1.014184 0.947830
vt 1.021626 0.918592
vt 1.024190 0.886180
vt 1.021626 0.853768
vt 1.014183 0.824529
vt 1.002591 0.801325
vt 0.985309 0.529815
vt 0.985313 0.168931
vt 0.744404 0.168931
vt 0.744404 0.529815
vt 0.987985 0.786427
vt 0.987820 0.786375
vt 0.971793 0.781294
vt 0.955438 0.786501
vt 0.940825 0.801325
vt 0.929233 0.824529
vt 0.921791 0.853768
vt 0.919227 0.886180
vt 0.921791 0.918591
vt 0.929233 0.947830
vt 0.940825 0.971034
vt 0.809671 0.947830
vt 0.817115 0.918591
vt 0.819679 0.886180
vt 0.817114 0.853769
vt 0.809672 0.824529
vt 0.798080 0.801325
vt 0.783473 0.786428
vt 0.767282 0.781294
vt 0.751091 0.786428
vt 0.736483 0.801325
vt 0.724892 0.824529
vt 0.717450 0.853768
vt 0.714885 0.886180
vt 0.717449 0.918591
vt 0.724893 0.947830
vt 0.736485 0.971034
vt 0.264038 0.947830
vt 0.271480 0.918592
vt 0.274045 0.886180
vt 0.271480 0.853768
vt 0.264038 0.824529
vt 0.252446 0.801326
vt 0.237839 0.786427
vt 0.237716 0.786388
vt 0.221648 0.781294
vt 0.205333 0.786487
vt 0.190722 0.801325
vt 0.179131 0.824530
vt 0.171688 0.853768
vt 0.169124 0.886180
vt 0.171688 0.918591
vt 0.171707 0.918667
vt 0.059526 0.947830
vt 0.066969 0.918591
vt 0.069533 0.886180
vt 0.066968 0.853769
vt 0.059526 0.824529
vt 0.047934 0.801326
vt 0.033327 0.786427
vt 0.017136 0.781294
vt 0.000944 0.786428
vt -0.013662 0.801325
vt -0.005467 0.625271
vt -0.003077 0.625271
vt -0.005466 0.529568
vt 0.163134 0.625252
vt 0.169528 0.625208
vt 0.235437 0.625273
vt 0.235643 0.529730
vt 0.235633 0.169001
vt -0.005458 0.168931
vt -0.005459 0.529018
vt -0.005466 0.528771
vt -0.025254 0.824530
vt -0.032696 0.853769
vt -0.035261 0.886180
vt -0.032696 0.918591
vt -0.025254 0.947830
vt -0.013662 0.971034
vt 0.000945 0.985932
vt 0.017136 0.991066
vt 0.033328 0.985933
vt 0.047934 0.971034
vt 0.179130 0.947831
vt 0.190722 0.971034
vt 0.205333 0.985873
vt 0.221648 0.991066
vt 0.237715 0.985972
vt 0.237839 0.985932
vt 0.252446 0.971034
vt 0.751090 0.985932
vt 0.767282 0.991066
vt 0.783473 0.985932
vt 0.798080 0.971034
vt 0.955438 0.985859
vt 0.971793 0.991066
vt 0.987819 0.985985
vt 0.987985 0.985932
vt -0.133170 1.132531
vt 0.996287 0.990652
vt 0.625000 0.500000
vt 0.375000 0.500000
vt 0.375000 0.500172
vt 0.625000 0.750000
vt -0.977542 0.015644
vt 1.548473 0.015644
vt 1.548446 0.015644
vt -1.112590 0.681713
vt 0.431237 -0.869005
vt 1.038037 -0.208959
vt 1.045290 -0.201070
vt 1.378659 0.130345
vt 2.023265 0.770492
vt 0.507881 2.292649
vt 0.622305 0.891819
vt 0.621241 0.891819
vt 0.623724 0.750017
vt 0.625000 0.997776
vt 0.625000 1.000000
vt 0.524601 1.000000
vt 0.524601 0.891808
vt 0.618499 0.891815
vt 0.621044 0.888564
vt 0.219651 0.250000
vt 0.340621 0.249448
vt 0.621414 0.890017
vt 0.621488 0.891815
vt 0.622118 0.750016
vt 0.372812 -0.000501
vt 0.131640 0.225737
vt 0.125000 0.250000
vt 0.125000 0.000000
vt 0.375000 0.000000
vt 0.431237 -0.869005
vt 2.053178 0.743425
vt 2.052739 0.742988
vt 2.032864 0.723230
vt 1.407421 0.101455
vt 1.074052 -0.229960
vt 0.431237 -0.869005
vt 0.375000 0.000000
vt 0.625000 0.750000
vt 0.375000 0.750000
vt -1.146806 0.716082
vt 0.482292 2.335625
vt 1.221356 1.000003
vt 0.375000 0.750000
vt 0.625000 0.750000
vt 0.625000 0.751572
vt 0.475399 0.750000
vt 0.740920 -0.372595
vt 0.387500 0.312500
vt 0.400000 0.312500
vt 0.400000 0.345049
vt 0.400000 0.345049
vt 0.400000 0.312500
vt 0.412500 0.312500
vt 0.412500 0.345049
vt 0.412500 0.345049
vt 0.412500 0.312500
vt 0.425000 0.312500
vt 0.425000 0.345049
vt 0.425000 0.345049
vt 0.425000 0.312500
vt 0.437500 0.312500
vt 0.437500 0.345049
vt 0.437500 0.345049
vt 0.437500 0.312500
vt 0.450000 0.312500
vt 0.450000 0.345049
vt 0.450000 0.345049
vt 0.450000 0.312500
vt 0.462500 0.312500
vt 0.462500 0.345049
vt 0.462500 0.345049
vt 0.462500 0.312500
vt 0.475000 0.312500
vt 0.475000 0.345049
vt 0.475000 0.345049
vt 0.475000 0.312500
vt 0.487500 0.312500
vt 0.487500 0.345049
vt 0.487500 0.345049
vt 0.487500 0.312500
vt 0.500000 0.312500
vt 0.500000 0.345049
vt 0.500000 0.345049
vt 0.500000 0.312500
vt 0.512500 0.312500
vt 0.512500 0.345049
vt 0.512500 0.345049
vt 0.512500 0.312500
vt 0.525000 0.312500
vt 0.525000 0.345049
vt 0.525000 0.345049
vt 0.525000 0.312500
vt 0.537500 0.312500
vt 0.537500 0.345049
vt 0.537500 0.345049
vt 0.537500 0.312500
vt 0.550000 0.312500
vt 0.550000 0.345049
vt 0.550000 0.345049
vt 0.550000 0.312500
vt 0.562500 0.312500
vt 0.562500 0.345049
vt 0.562500 0.345049
vt 0.562500 0.312500
vt 0.575000 0.312500
vt 0.575000 0.345049
vt 0.575000 0.345049
vt 0.575000 0.312500
vt 0.587500 0.312500
vt 0.587500 0.345049
vt 0.587500 0.345049
vt 0.587500 0.312500
vt 0.600000 0.312500
vt 0.600000 0.345049
vt 0.600000 0.345049
vt 0.600000 0.312500
vt 0.612500 0.312500
vt 0.612500 0.345049
vt 0.612500 0.345049
vt 0.612500 0.312500
vt 0.625000 0.312500
vt 0.625000 0.345049
vt 0.387500 0.345049
vt 0.375000 0.345049
vt 0.375000 0.312500
vt 0.387500 0.312500
vt 0.600000 0.382868
vt 0.600000 0.505380
vt 0.612500 0.505380
vt 0.612500 0.382868
vt 0.625000 0.505380
vt 0.625000 0.382868
vt 0.375000 0.382868
vt 0.375000 0.505380
vt 0.387500 0.505380
vt 0.387500 0.382868
vt 0.400000 0.505380
vt 0.400000 0.382868
vt 0.412500 0.505380
vt 0.412500 0.382868
vt 0.412500 0.382868
vt 0.412500 0.505380
vt 0.412628 0.505380
vt 0.412628 0.382868
vt 0.412500 0.345049
vt 0.412500 0.312500
vt 0.425000 0.312500
vt 0.425000 0.345049
vt 0.425000 0.345049
vt 0.425000 0.312500
vt 0.437500 0.312500
vt 0.437500 0.345049
vt 0.437500 0.345049
vt 0.437500 0.312500
vt 0.450000 0.312500
vt 0.450000 0.345049
vt 0.462500 0.312500
vt 0.462500 0.345049
vt 0.475000 0.312500
vt 0.475000 0.345049
vt 0.487500 0.312500
vt 0.487500 0.345049
vt 0.500000 0.312500
vt 0.500000 0.345049
vt 0.512500 0.312500
vt 0.512500 0.345049
vt 0.525000 0.312500
vt 0.525000 0.345049
vt 0.537500 0.312500
vt 0.537500 0.345049
vt 0.537500 0.345049
vt 0.537500 0.312500
vt 0.550000 0.312500
vt 0.550000 0.345049
vt 0.550000 0.345049
vt 0.550000 0.312500
vt 0.562500 0.312500
vt 0.562500 0.345049
vt 0.562372 0.382868
vt 0.562372 0.505380
vt 0.562500 0.505380
vt 0.562500 0.382868
vt 0.562500 0.382868
vt 0.562500 0.505380
vt 0.575000 0.505380
vt 0.575000 0.382868
vt 0.587500 0.505380
vt 0.587500 0.382868
vt 0.375000 0.751572
vt 0.375000 0.750000
vt 0.625000 0.750000
vt 0.625000 0.751572
vt 0.873428 0.000000
vt 0.875000 0.000000
vt 0.875000 0.250000
vt 0.873428 0.250000
vt 0.625000 0.498428
vt 0.625000 0.500000
vt 0.375000 0.500000
vt 0.375000 0.498428
vt 0.126572 0.000000
vt 0.126572 0.250000
vt 0.125000 0.250000
vt 0.125000 0.000000
vt 0.875000 0.000000
vt 0.875000 0.250000
vt 0.873325 0.250000
vt 0.873324 0.247753
vt 0.625000 0.458011
vt 0.625000 0.373415
vt 0.624955 0.373415
vt 0.624955 0.458011
vt 0.375046 0.458011
vt 0.375046 0.373415
vt 0.375000 0.373415
vt 0.375000 0.458011
vt 0.612500 0.382868
vt 0.612500 0.505380
vt 0.625000 0.505380
vt 0.625000 0.382868
vt 0.375000 0.382868
vt 0.375000 0.505380
vt 0.387500 0.505380
vt 0.387500 0.382868
vt 0.400000 0.505380
vt 0.400000 0.382868
vt 0.412500 0.505380
vt 0.412500 0.382868
vt 0.412500 0.382868
vt 0.412500 0.505380
vt 0.412596 0.505380
vt 0.412596 0.382868
vt 0.412500 0.345049
vt 0.412500 0.312500
vt 0.425000 0.312500
vt 0.425000 0.345049
vt 0.425000 0.345049
vt 0.425000 0.312500
vt 0.437500 0.312500
vt 0.437500 0.345049
vt 0.437500 0.345049
vt 0.437500 0.312500
vt 0.450000 0.312500
vt 0.450000 0.345049
vt 0.462500 0.312500
vt 0.462500 0.345049
vt 0.475000 0.312500
vt 0.475000 0.345049
vt 0.487500 0.312500
vt 0.487500 0.345049
vt 0.500000 0.312500
vt 0.500000 0.345049
vt 0.512500 0.312500
vt 0.512500 0.345049
vt 0.525000 0.312500
vt 0.525000 0.345049
vt 0.550000 0.345049
vt 0.550000 0.312500
vt 0.562500 0.312500
vt 0.562500 0.345049
vt 0.562500 0.345049
vt 0.562500 0.312500
vt 0.575000 0.312500
vt 0.575000 0.345049
vt 0.575000 0.345049
vt 0.575000 0.312500
vt 0.587500 0.312500
vt 0.587500 0.345049
vt 0.587500 0.345049
vt 0.587500 0.312500
vt 0.600000 0.312500
vt 0.600000 0.345049
vt 0.600000 0.345049
vt 0.600000 0.312500
vt 0.612500 0.312500
vt 0.612500 0.345049
vt 0.612500 0.345049
vt 0.612500 0.312500
vt 0.625000 0.312500
vt 0.625000 0.345049
vt 0.375000 0.345049
vt 0.375000 0.312500
vt 0.387500 0.312500
vt 0.387500 0.345049
vt 0.387500 0.345049
vt 0.387500 0.312500
vt 0.400000 0.312500
vt 0.400000 0.345049
vt 0.400000 0.345049
vt 0.400000 0.312500
vt 0.412500 0.312500
vt 0.412500 0.345049
vt 0.412500 0.345049
vt 0.412500 0.312500
vt 0.425000 0.312500
vt 0.425000 0.345049
vt 0.425000 0.345049
vt 0.425000 0.312500
vt 0.437500 0.312500
vt 0.437500 0.345049
vt 0.437500 0.345049
vt 0.437500 0.312500
vt 0.450000 0.312500
vt 0.450000 0.345049
vt 0.450000 0.345049
vt 0.450000 0.312500
vt 0.462500 0.312500
vt 0.462500 0.345049
vt 0.462500 0.345049
vt 0.462500 0.312500
vt 0.475000 0.312500
vt 0.475000 0.345049
vt 0.475000 0.345049
vt 0.475000 0.312500
vt 0.487500 0.312500
vt 0.487500 0.345049
vt 0.487500 0.345049
vt 0.487500 0.312500
vt 0.500000 0.312500
vt 0.500000 0.345049
vt 0.500000 0.345049
vt 0.500000 0.312500
vt 0.512500 0.312500
vt 0.512500 0.345049
vt 0.512500 0.345049
vt 0.512500 0.312500
vt 0.525000 0.312500
vt 0.525000 0.345049
vt 0.525000 0.345049
vt 0.525000 0.312500
vt 0.537500 0.312500
vt 0.537500 0.345049
vt 0.550000 0.345049
vt 0.537500 0.345049
vt 0.537500 0.312500
vt 0.550000 0.312500
vt 0.537500 0.312500
vt 0.537500 0.345049
vt 0.537500 0.345049
vt 0.537500 0.312500
vt 0.550000 0.312500
vt 0.550000 0.345049
vt 0.550000 0.345049
vt 0.550000 0.312500
vt 0.562500 0.312500
vt 0.562500 0.345049
vt 0.562404 0.382868
vt 0.562404 0.505380
vt 0.562500 0.505380
vt 0.562500 0.382868
vt 0.562500 0.382868
vt 0.562500 0.505380
vt 0.575000 0.505380
vt 0.575000 0.382868
vt 0.587500 0.505380
vt 0.587500 0.382868
vt 0.600000 0.505380
vt 0.600000 0.382868
vt 0.873428 0.036035
vt 0.873428 0.000000
vt 0.875000 0.000000
vt 0.875000 0.250000
vt 0.873428 0.250000
vt 0.625000 0.498428
vt 0.625000 0.500000
vt 0.375000 0.500000
vt 0.375000 0.500000
vt 0.390342 0.515342
vt 0.390342 0.734658
vt 0.375000 0.750000
vt 0.375000 0.891847
vt 0.625000 0.891846
vt 0.625000 1.000000
vt 0.375000 0.998762
vt 0.375000 0.250000
vt 0.625000 0.250000
vt 0.625000 0.500000
vt 0.556626 0.500000
vt 0.627297 0.250000
vt 0.625000 0.250000
vt 0.625000 0.000000
vt 0.627297 0.000000
vt 0.625000 0.997703
vt 0.625000 1.000000
vt 0.375000 1.000000
vt 0.375000 0.997719
vt 0.372719 0.000000
vt 0.375000 0.249448
vt 0.370642 0.249448
vt 0.375206 0.750000
vt 0.375206 0.765889
vt 0.625000 0.765889
vt 0.625000 1.000000
vt 0.375000 1.000000
vt 0.375000 0.750000
vt 0.125000 0.002067
vt 0.125000 0.000000
vt 0.375000 0.000000
vt 0.375000 0.500000
vt 0.375000 0.747933
vt 0.549966 0.500000
vt 0.375000 0.500000
vt 0.525000 0.653376
vt 0.525000 0.687500
vt 0.512500 0.687500
vt 0.512500 0.653376
vt 0.512500 0.653376
vt 0.512500 0.687500
vt 0.500000 0.687500
vt 0.500000 0.653376
vt 0.500000 0.653376
vt 0.500000 0.687500
vt 0.487500 0.687500
vt 0.487500 0.653376
vt 0.487500 0.653376
vt 0.487500 0.687500
vt 0.475000 0.687500
vt 0.475000 0.653376
vt 0.475000 0.653376
vt 0.475000 0.687500
vt 0.462500 0.687500
vt 0.462500 0.653376
vt 0.462500 0.653376
vt 0.462500 0.687500
vt 0.450000 0.687500
vt 0.450000 0.653376
vt 0.450000 0.653376
vt 0.450000 0.687500
vt 0.437500 0.687500
vt 0.437500 0.653376
vt 0.437500 0.653376
vt 0.437500 0.687500
vt 0.425000 0.687500
vt 0.425000 0.653376
vt 0.425000 0.653376
vt 0.425000 0.687500
vt 0.412500 0.687500
vt 0.412500 0.653376
vt 0.412500 0.653376
vt 0.412500 0.687500
vt 0.400000 0.687500
vt 0.400000 0.653376
vt 0.387500 0.653376
vt 0.400000 0.653376
vt 0.400000 0.687500
vt 0.387500 0.687500
vt 0.475000 0.653969
vt 0.475000 0.687500
vt 0.462500 0.687500
vt 0.462500 0.653969
vt 0.474967 0.653969
vt 0.450000 0.687500
vt 0.450000 0.653969
vt 0.437500 0.687500
vt 0.437500 0.653969
vt 0.437500 0.653969
vt 0.437500 0.687500
vt 0.425000 0.687500
vt 0.425000 0.653969
vt 0.425000 0.653969
vt 0.425000 0.687500
vt 0.412500 0.687500
vt 0.412500 0.653969
vt 0.450000 0.653969
vt 0.450000 0.687500
vt 0.437500 0.687500
vt 0.437500 0.653969
vt 0.437500 0.653969
vt 0.437500 0.687500
vt 0.425000 0.687500
vt 0.425000 0.653969
vt 0.425000 0.653969
vt 0.425000 0.687500
vt 0.412500 0.687500
vt 0.412500 0.653969
vt 0.412500 0.653969
vt 0.412500 0.687500
vt 0.400000 0.687500
vt 0.400000 0.653969
vt 0.387500 0.653969
vt 0.400000 0.653969
vt 0.400000 0.687500
vt 0.387500 0.687500
vt 0.450000 0.653969
vt 0.450000 0.687500
vt 0.437500 0.687500
vt 0.437500 0.653969
vt 0.437500 0.653969
vt 0.437500 0.687500
vt 0.425000 0.687500
vt 0.425000 0.653969
vt 0.425000 0.653969
vt 0.425000 0.687500
vt 0.412500 0.687500
vt 0.412500 0.653969
vt 0.375000 0.000000
vt 0.375000 0.250000
vt 0.373774 0.250000
vt 0.373774 0.247751
vt 0.402361 0.529802
vt 0.597639 0.529802
vt 0.597640 0.534600
vt 0.402360 0.534599
vt 0.626226 0.247751
vt 0.626226 0.250000
vt 0.625000 0.250000
vt 0.625000 0.000000
vt 0.995208 0.979620
vt 0.996287 0.985956
vt 0.996287 -0.001923
vt 0.995208 -0.001906
vt 0.875000 0.000000
vt 0.875000 0.250000
vt 0.626808 0.250000
vt 0.625000 0.250000
vt 0.625000 0.000000
vt 0.626808 0.000000
vt 0.625000 0.998192
vt 0.625000 1.000000
vt 0.375000 1.000000
vt 0.375000 0.998192
vt 0.373192 0.000000
vt 0.375000 0.000000
vt 0.375000 0.250000
vt 0.373192 0.250000
vt 0.625000 0.251808
vt 0.375000 0.251808
vt 0.375000 0.250000
vt 0.625000 0.250000
vt 0.562500 0.653969
vt 0.562500 0.687500
vt 0.550000 0.687500
vt 0.550000 0.653969
vt 0.550000 0.653969
vt 0.550000 0.687500
vt 0.537500 0.687500
vt 0.537500 0.653969
vt 0.537500 0.653969
vt 0.537500 0.687500
vt 0.525000 0.687500
vt 0.525000 0.653969
vt 0.512500 0.687500
vt 0.512500 0.653969
vt 0.500000 0.687500
vt 0.500000 0.653969
vt 0.487500 0.687500
vt 0.487500 0.653969
vt 0.475000 0.687500
vt 0.475000 0.653969
vt 0.462500 0.687500
vt 0.462500 0.653969
vt 0.387500 0.653969
vt 0.387500 0.687500
vt 0.375000 0.687500
vt 0.375000 0.653969
vt 0.625000 0.653969
vt 0.625000 0.687500
vt 0.612500 0.687500
vt 0.612500 0.653969
vt 0.612500 0.653969
vt 0.612500 0.687500
vt 0.600000 0.687500
vt 0.600000 0.653969
vt 0.600000 0.653969
vt 0.600000 0.687500
vt 0.587500 0.687500
vt 0.587500 0.653969
vt 0.587500 0.653969
vt 0.587500 0.687500
vt 0.575000 0.687500
vt 0.575000 0.653969
vt 0.575000 0.653969
vt 0.575000 0.687500
vt 0.562500 0.687500
vt 0.562500 0.653969
vt 0.562500 0.653969
vt 0.562500 0.687500
vt 0.550000 0.687500
vt 0.550000 0.653969
vt 0.550000 0.653969
vt 0.550000 0.687500
vt 0.537500 0.687500
vt 0.537500 0.653969
vt 0.537500 0.653969
vt 0.537500 0.687500
vt 0.525000 0.687500
vt 0.525000 0.653969
vt 0.525000 0.653969
vt 0.525000 0.687500
vt 0.512500 0.687500
vt 0.512500 0.653969
vt 0.512500 0.653969
vt 0.512500 0.687500
vt 0.500000 0.687500
vt 0.500000 0.653969
vt 0.500000 0.653969
vt 0.500000 0.687500
vt 0.487500 0.687500
vt 0.487500 0.653969
vt 0.487500 0.653969
vt 0.487500 0.687500
vt 0.475000 0.687500
vt 0.475000 0.653969
vt 0.475000 0.653969
vt 0.475000 0.687500
vt 0.462500 0.687500
vt 0.462500 0.653969
vt 0.462500 0.653969
vt 0.462500 0.687500
vt 0.450000 0.687500
vt 0.450000 0.653969
vt 0.562500 0.653969
vt 0.562500 0.687500
vt 0.550000 0.687500
vt 0.550000 0.653969
vt 0.550000 0.653969
vt 0.550000 0.687500
vt 0.537500 0.687500
vt 0.537500 0.653969
vt 0.537500 0.653969
vt 0.537500 0.687500
vt 0.525000 0.687500
vt 0.525000 0.653969
vt 0.512500 0.687500
vt 0.512500 0.653969
vt 0.500000 0.687500
vt 0.500000 0.653969
vt 0.487500 0.687500
vt 0.487500 0.653969
vt 0.387500 0.653376
vt 0.387500 0.687500
vt 0.375000 0.687500
vt 0.375000 0.653376
vt 0.625000 0.653376
vt 0.625000 0.687500
vt 0.612500 0.687500
vt 0.612500 0.653376
vt 0.612500 0.653376
vt 0.612500 0.687500
vt 0.600000 0.687500
vt 0.600000 0.653376
vt 0.600000 0.653376
vt 0.600000 0.687500
vt 0.587500 0.687500
vt 0.587500 0.653376
vt 0.587500 0.653376
vt 0.587500 0.687500
vt 0.575000 0.687500
vt 0.575000 0.653376
vt 0.575000 0.653376
vt 0.575000 0.687500
vt 0.562500 0.687500
vt 0.562500 0.653376
vt 0.562500 0.653376
vt 0.562500 0.687500
vt 0.550000 0.687500
vt 0.550000 0.653376
vt 0.550000 0.653376
vt 0.550000 0.687500
vt 0.537500 0.687500
vt 0.537500 0.653376
vt 0.537500 0.653376
vt 0.537500 0.687500
vt 0.525000 0.687500
vt 0.525000 0.653376
vt 0.375000 0.500000
vt 0.377480 0.500000
vt 0.375000 0.747933
vt 0.625000 0.750000
vt 0.375000 0.750000
vt 0.504509 0.611565
vt 0.520750 0.609702
vt 0.535401 0.604292
vt 0.547029 0.595868
vt 0.554494 0.585252
vt 0.557066 0.573484
vt 0.554494 0.561716
vt 0.547029 0.551100
vt 0.535401 0.542675
vt 0.520750 0.537266
vt 0.504509 0.535402
vt 0.488268 0.537266
vt 0.473617 0.542675
vt 0.461990 0.551100
vt 0.454525 0.561716
vt 0.451952 0.573484
vt 0.454525 0.585252
vt 0.461990 0.595868
vt 0.473617 0.604292
vt 0.488268 0.609702
vt 0.375000 0.500000
vt 0.625000 0.500000
vt 0.126572 0.000000
vt 0.609658 0.734658
vt 0.609658 0.515342
vt 0.625000 0.500000
vt 0.625000 0.750000
vt 0.626409 0.064408
vt 0.601236 0.082698
vt 0.573552 0.055015
vt 0.591842 0.029841
vt 0.538669 0.037241
vt 0.548284 0.007647
vt 0.538669 0.037241
vt 0.500000 0.031116
vt 0.500000 -0.000000
vt 0.461331 0.037241
vt 0.451716 0.007647
vt 0.461331 0.037241
vt 0.426448 0.055015
vt 0.408159 0.029841
vt 0.398764 0.082698
vt 0.373591 0.064409
vt 0.398764 0.082698
vt 0.380991 0.117582
vt 0.351397 0.107966
vt 0.380991 0.117582
vt 0.374866 0.156250
vt 0.343750 0.156250
vt 0.380991 0.194918
vt 0.351397 0.204534
vt 0.380991 0.194918
vt 0.398764 0.229802
vt 0.373591 0.248091
vt 0.398764 0.229802
vt 0.426448 0.257485
vt 0.408159 0.282659
vt 0.461332 0.275259
vt 0.451716 0.304853
vt 0.461331 0.275259
vt 0.500000 0.281384
vt 0.500000 0.312500
vt 0.538668 0.275259
vt 0.548284 0.304853
vt 0.538668 0.275259
vt 0.573552 0.257485
vt 0.591841 0.282659
vt 0.601235 0.229802
vt 0.626409 0.248091
vt 0.601235 0.229802
vt 0.619009 0.194918
vt 0.648603 0.204534
vt 0.619009 0.194918
vt 0.625134 0.156250
vt 0.656250 0.156250
vt 0.619009 0.117582
vt 0.648603 0.107966
vt 0.619009 0.117582
vt 0.601236 0.082698
vt 0.412500 0.345049
vt 0.412500 0.653969
vt 0.412500 0.687500
vt 0.400000 0.687500
vt 0.400000 0.312500
vt 0.412500 0.312500
vt 0.548284 0.007647
vt 0.538669 0.037241
vt 0.500000 0.031116
vt 0.500000 -0.000000
vt 0.461331 0.037241
vt 0.451716 0.007647
vt 0.461331 0.037241
vt 0.426448 0.055015
vt 0.408159 0.029841
vt 0.398764 0.082698
vt 0.373591 0.064409
vt 0.398764 0.082698
vt 0.380991 0.117582
vt 0.351397 0.107966
vt 0.380991 0.117582
vt 0.374866 0.156250
vt 0.343750 0.156250
vt 0.380991 0.194918
vt 0.351397 0.204534
vt 0.380991 0.194918
vt 0.398764 0.229802
vt 0.373591 0.248091
vt 0.398764 0.229802
vt 0.426448 0.257485
vt 0.408159 0.282659
vt 0.461332 0.275259
vt 0.451716 0.304853
vt 0.461331 0.275259
vt 0.500000 0.281384
vt 0.500000 0.312500
vt 0.538668 0.275259
vt 0.548284 0.304853
vt 0.562500 0.345049
vt 0.562500 0.312500
vt 0.575000 0.312500
vt 0.575000 0.687500
vt 0.562500 0.687500
vt 0.562500 0.653969
vt 0.375000 0.750000
vt 0.375000 0.500000
vt 0.625000 0.500000
vt 0.625000 0.750000
vt 0.390342 0.734658
vt 0.609658 0.734658
vt 0.609658 0.515342
vt 0.390342 0.515342
vt 0.375000 0.498324
vt 0.625000 0.498324
vt 0.126676 0.247753
vt 0.126676 0.250000
vt 0.125000 0.250000
vt 0.125000 0.000000
vt 0.412500 0.345049
vt 0.412500 0.653969
vt 0.412500 0.687500
vt 0.400000 0.687500
vt 0.400000 0.312500
vt 0.412500 0.312500
vt 0.548284 0.007647
vt 0.538669 0.037241
vt 0.500000 0.031116
vt 0.500000 -0.000000
vt 0.461331 0.037241
vt 0.451716 0.007647
vt 0.461331 0.037241
vt 0.426448 0.055015
vt 0.408159 0.029841
vt 0.398764 0.082698
vt 0.373591 0.064409
vt 0.398764 0.082698
vt 0.380991 0.117582
vt 0.351397 0.107966
vt 0.380991 0.117582
vt 0.374866 0.156250
vt 0.343750 0.156250
vt 0.380991 0.194918
vt 0.351397 0.204534
vt 0.380991 0.194918
vt 0.398764 0.229802
vt 0.373591 0.248091
vt 0.398764 0.229802
vt 0.426448 0.257485
vt 0.408159 0.282659
vt 0.500000 0.312500
vt 0.500000 0.281384
vt 0.538668 0.275259
vt 0.548284 0.304853
vt 0.538668 0.275259
vt 0.573552 0.257485
vt 0.591841 0.282659
vt 0.601235 0.229802
vt 0.626409 0.248091
vt 0.601235 0.229802
vt 0.619009 0.194918
vt 0.648603 0.204534
vt 0.619009 0.194918
vt 0.625134 0.156250
vt 0.656250 0.156250
vt 0.619009 0.117582
vt 0.648603 0.107966
vt 0.619009 0.117582
vt 0.601236 0.082698
vt 0.626409 0.064408
vt 0.601236 0.082698
vt 0.573552 0.055015
vt 0.591842 0.029841
vt 0.538669 0.037241
vt 0.548284 0.007647
vt 0.538669 0.037241
vt 0.500000 0.031116
vt 0.500000 -0.000000
vt 0.461331 0.037241
vt 0.451716 0.007647
vt 0.461331 0.037241
vt 0.426448 0.055015
vt 0.408159 0.029841
vt 0.398764 0.082698
vt 0.373591 0.064409
vt 0.398764 0.082698
vt 0.380991 0.117582
vt 0.351397 0.107966
vt 0.380991 0.117582
vt 0.374866 0.156250
vt 0.343750 0.156250
vt 0.380991 0.194918
vt 0.351397 0.204534
vt 0.380991 0.194918
vt 0.398764 0.229802
vt 0.373591 0.248091
vt 0.398764 0.229802
vt 0.426448 0.257485
vt 0.408159 0.282659
vt 0.461332 0.275259
vt 0.451716 0.304853
vt 0.461331 0.275259
vt 0.461332 0.275259
vt 0.451716 0.304853
vt 0.461331 0.275259
vt 0.500000 0.281384
vt 0.500000 0.312500
vt 0.562500 0.345049
vt 0.562500 0.312500
vt 0.575000 0.312500
vt 0.575000 0.687500
vt 0.562500 0.687500
vt 0.562500 0.653969
vt 0.538668 0.275259
vt 0.548284 0.304853
vt 0.173809 0.250000
vt 0.260508 0.250000
vt 0.260508 0.000000
vt 0.173809 0.000000
vt 0.375000 0.000000
vt 0.625000 0.000000
vt 0.504509 0.138435
vt 0.488268 0.140298
vt 0.473617 0.145708
vt 0.461990 0.154132
vt 0.454525 0.164748
vt 0.451952 0.176516
vt 0.454525 0.188284
vt 0.461990 0.198900
vt 0.473617 0.207325
vt 0.488268 0.212734
vt 0.504509 0.214598
vt 0.520750 0.212734
vt 0.535401 0.207325
vt 0.547029 0.198900
vt 0.554494 0.188284
vt 0.557066 0.176516
vt 0.554494 0.164748
vt 0.547029 0.154132
vt 0.535401 0.145708
vt 0.520750 0.140298
vt 0.625000 0.250000
vt 0.375000 0.250000
vt 0.375000 0.000000
vt 0.625000 0.000000
vt 0.875000 0.250000
vt 0.625000 0.250000
vt 0.625000 0.000000
vt 0.859111 0.000000
vt 0.859111 0.002067
vt 0.875000 0.002067
vt 0.875000 0.002981
vt 0.624794 0.250000
vt 0.624794 0.249448
vt 0.375000 0.000000
vt 0.390342 0.015342
vt 0.390342 0.234658
vt 0.609658 0.234658
vt 0.609658 0.015342
vt 0.625000 0.252297
vt 0.624810 0.253185
vt 0.624794 0.250000
vt 0.625000 0.250000
vt 0.125000 0.250000
vt 0.375000 0.250000
vt 0.408159 0.717341
vt 0.426448 0.742515
vt 0.398764 0.770198
vt 0.373591 0.751909
vt 0.398764 0.770198
vt 0.380991 0.805082
vt 0.351397 0.795466
vt 0.380991 0.805081
vt 0.374866 0.843750
vt 0.343750 0.843750
vt 0.380991 0.882418
vt 0.351397 0.892034
vt 0.380991 0.882419
vt 0.398764 0.917302
vt 0.373591 0.935591
vt 0.398764 0.917302
vt 0.426448 0.944985
vt 0.408159 0.970159
vt 0.461332 0.962759
vt 0.451716 0.992353
vt 0.461331 0.962759
vt 0.500000 0.968884
vt 0.500000 1.000000
vt 0.538668 0.962759
vt 0.548284 0.992353
vt 0.538668 0.962759
vt 0.573552 0.944985
vt 0.591841 0.970159
vt 0.601236 0.917302
vt 0.626409 0.935591
vt 0.351397 0.892034
vt 0.380991 0.882419
vt 0.398764 0.917302
vt 0.373591 0.935591
vt 0.398764 0.917302
vt 0.426448 0.944985
vt 0.408159 0.970159
vt 0.461332 0.962759
vt 0.451716 0.992353
vt 0.461331 0.962759
vt 0.500000 0.968884
vt 0.500000 1.000000
vt 0.538668 0.962759
vt 0.548284 0.992353
vt 0.408159 0.970159
vt 0.426448 0.944985
vt 0.461332 0.962759
vt 0.451716 0.992353
vt 0.461331 0.962759
vt 0.500000 0.968884
vt 0.500000 1.000000
vt 0.538668 0.962759
vt 0.548284 0.992353
vt 0.538668 0.962759
vt 0.573552 0.944985
vt 0.591841 0.970159
vt 0.601236 0.917302
vt 0.626409 0.935591
vt 0.408159 0.970159
vt 0.426448 0.944985
vt 0.461332 0.962759
vt 0.451716 0.992353
vt 0.461331 0.962759
vt 0.500000 0.968884
vt 0.500000 1.000000
vt 0.538668 0.962759
vt 0.548284 0.992353
vt 0.625000 0.251226
vt 0.375000 0.251226
vt 0.625000 0.250000
vt 0.375000 0.250000
vt 0.375000 0.000000
vt 0.390342 0.015342
vt 0.390342 0.234658
vt 0.609658 0.234658
vt 0.609658 0.015342
vt 0.625000 0.000000
vt 0.548284 0.695147
vt 0.538669 0.724741
vt 0.500000 0.718616
vt 0.500000 0.687500
vt 0.461331 0.724741
vt 0.451716 0.695147
vt 0.461331 0.724741
vt 0.426448 0.742515
vt 0.408159 0.717341
vt 0.398764 0.770198
vt 0.373591 0.751909
vt 0.398764 0.770198
vt 0.380991 0.805082
vt 0.351397 0.795466
vt 0.380991 0.805081
vt 0.374866 0.843750
vt 0.343750 0.843750
vt 0.380991 0.882418
vt 0.351397 0.892034
vt 0.380991 0.882419
vt 0.398764 0.917302
vt 0.373591 0.935591
vt 0.398764 0.917302
vt 0.601236 0.917302
vt 0.619009 0.882419
vt 0.648603 0.892034
vt 0.619009 0.882418
vt 0.625134 0.843750
vt 0.656250 0.843750
vt 0.619009 0.805081
vt 0.648603 0.795466
vt 0.619009 0.805082
vt 0.601235 0.770198
vt 0.626409 0.751908
vt 0.601235 0.770198
vt 0.573552 0.742515
vt 0.591842 0.717341
vt 0.538669 0.724741
vt 0.548284 0.695147
vt 0.538669 0.724741
vt 0.500000 0.718616
vt 0.500000 0.687500
vt 0.461331 0.724741
vt 0.451716 0.695147
vt 0.461331 0.724741
vt 0.426448 0.742515
vt 0.408159 0.717341
vt 0.398764 0.770198
vt 0.373591 0.751909
vt 0.398764 0.770198
vt 0.380991 0.805082
vt 0.351397 0.795466
vt 0.380991 0.805081
vt 0.374866 0.843750
vt 0.343750 0.843750
vt 0.380991 0.882418
vt 0.351397 0.892034
vt 0.380991 0.882419
vt 0.398764 0.917302
vt 0.373591 0.935591
vt 0.398764 0.917302
vt 0.548284 0.695147
vt 0.538669 0.724741
vt 0.500000 0.718616
vt 0.500000 0.687500
vt 0.461331 0.724741
vt 0.451716 0.695147
vt 0.461331 0.724741
vt 0.426448 0.742515
vt 0.408159 0.717341
vt 0.398764 0.770198
vt 0.373591 0.751909
vt 0.398764 0.770198
vt 0.380991 0.805082
vt 0.351397 0.795466
vt 0.380991 0.805081
vt 0.374866 0.843750
vt 0.343750 0.843750
vt 0.380991 0.882418
vt 0.601236 0.917302
vt 0.619009 0.882419
vt 0.648603 0.892034
vt 0.619009 0.882418
vt 0.625134 0.843750
vt 0.656250 0.843750
vt 0.619009 0.805081
vt 0.648603 0.795466
vt 0.619009 0.805082
vt 0.601235 0.770198
vt 0.626409 0.751908
vt 0.601235 0.770198
vt 0.573552 0.742515
vt 0.591842 0.717341
vt 0.538669 0.724741
vt 0.548284 0.695147
vt 0.538669 0.724741
vt 0.500000 0.718616
vt 0.500000 0.687500
vt 0.461331 0.724741
vt 0.451716 0.695147
vt 0.461331 0.724741
vt 0.550000 0.349173
vt 0.550000 0.312500
vt 0.562500 0.312500
vt 0.562500 0.349173
vt 0.562500 0.349173
vt 0.562500 0.312500
vt 0.575000 0.312500
vt 0.575000 0.349173
vt 0.575000 0.349173
vt 0.575000 0.312500
vt 0.587500 0.312500
vt 0.587500 0.349173
vt 0.587500 0.349173
vt 0.587500 0.312500
vt 0.600000 0.312500
vt 0.600000 0.349173
vt 0.600000 0.349173
vt 0.600000 0.312500
vt 0.612500 0.312500
vt 0.612500 0.349173
vt 0.612500 0.349173
vt 0.612500 0.312500
vt 0.625000 0.312500
vt 0.625000 0.349173
vt 0.375000 0.349173
vt 0.375000 0.312500
vt 0.387500 0.312500
vt 0.387500 0.349173
vt 0.387500 0.349173
vt 0.387500 0.312500
vt 0.400000 0.312500
vt 0.400000 0.349173
vt 0.400000 0.349173
vt 0.400000 0.312500
vt 0.412500 0.312500
vt 0.412500 0.349173
vt 0.412500 0.349173
vt 0.412500 0.312500
vt 0.425000 0.312500
vt 0.425000 0.349173
vt 0.425000 0.349173
vt 0.425000 0.312500
vt 0.437500 0.312500
vt 0.437500 0.349173
vt 0.437500 0.349173
vt 0.437500 0.312500
vt 0.450000 0.312500
vt 0.450000 0.349173
vt 0.450000 0.349173
vt 0.450000 0.312500
vt 0.462500 0.312500
vt 0.462500 0.349173
vt 0.462500 0.349173
vt 0.462500 0.312500
vt 0.475000 0.312500
vt 0.475000 0.349173
vt 0.475000 0.349173
vt 0.475000 0.312500
vt 0.487500 0.312500
vt 0.487500 0.349173
vt 0.487500 0.349173
vt 0.487500 0.312500
vt 0.500000 0.312500
vt 0.500000 0.349173
vt 0.500000 0.349173
vt 0.500000 0.312500
vt 0.512500 0.312500
vt 0.512500 0.349173
vt 0.512500 0.349173
vt 0.512500 0.312500
vt 0.525000 0.312500
vt 0.525000 0.349173
vt 0.525000 0.349173
vt 0.525000 0.312500
vt 0.537500 0.312500
vt 0.537500 0.349173
vt 0.550000 0.349173
vt 0.537500 0.349173
vt 0.537500 0.312500
vt 0.550000 0.312500
vt 0.826191 0.000000
vt 0.739492 0.000000
vt 0.739492 0.250000
vt 0.826191 0.250000
vt 0.375000 0.451191
vt 0.625000 0.451191
vt 0.625000 0.364492
vt 0.375000 0.364492
vt 0.400000 0.365463
vt 0.387500 0.365463
vt 0.387500 0.637828
vt 0.400000 0.637828
vt 0.412500 0.637828
vt 0.412500 0.365463
vt 0.412500 0.365463
vt 0.412500 0.637828
vt 0.425000 0.637828
vt 0.425000 0.365463
vt 0.437500 0.637828
vt 0.437500 0.365463
vt 0.437500 0.365463
vt 0.437500 0.637828
vt 0.450000 0.637828
vt 0.450000 0.365463
vt 0.462500 0.637828
vt 0.462500 0.365463
vt 0.462500 0.365463
vt 0.462500 0.637828
vt 0.475000 0.637828
vt 0.475000 0.365463
vt 0.475000 0.365463
vt 0.475000 0.637828
vt 0.487500 0.637828
vt 0.487500 0.365463
vt 0.500000 0.637828
vt 0.500000 0.365463
vt 0.500000 0.365463
vt 0.500000 0.637828
vt 0.512500 0.637828
vt 0.512500 0.365463
vt 0.512500 0.365463
vt 0.512500 0.637828
vt 0.525000 0.637828
vt 0.525000 0.365463
vt 0.537500 0.637828
vt 0.537500 0.365463
vt 0.537500 0.365463
vt 0.537500 0.637828
vt 0.550000 0.637828
vt 0.550000 0.365463
vt 0.562500 0.637828
vt 0.562500 0.365463
vt 0.562500 0.365463
vt 0.562500 0.637828
vt 0.575000 0.637828
vt 0.575000 0.365463
vt 0.587500 0.637828
vt 0.587500 0.365463
vt 0.587500 0.365463
vt 0.587500 0.637828
vt 0.600000 0.637828
vt 0.600000 0.365463
vt 0.600000 0.365463
vt 0.600000 0.637828
vt 0.612500 0.637828
vt 0.612500 0.365463
vt 0.625000 0.637828
vt 0.625000 0.365463
vt 0.387500 0.365463
vt 0.375000 0.365463
vt 0.375000 0.637828
vt 0.387500 0.637828
vt 0.538668 0.962759
vt 0.573552 0.944985
vt 0.591841 0.970159
vt 0.387500 0.687500
vt 0.387500 0.312500
vt 0.591842 0.029841
vt 0.573552 0.055015
vt 0.538669 0.037241
vt 0.425000 0.365463
vt 0.412500 0.365463
vt 0.412500 0.637828
vt 0.425000 0.637828
vt 0.437500 0.637828
vt 0.437500 0.365463
vt 0.437500 0.365463
vt 0.437500 0.637828
vt 0.450000 0.637828
vt 0.450000 0.365463
vt 0.462500 0.637828
vt 0.462500 0.365463
vt 0.462500 0.365463
vt 0.462500 0.637828
vt 0.475000 0.637828
vt 0.475000 0.365463
vt 0.475000 0.365463
vt 0.475000 0.637828
vt 0.487500 0.637828
vt 0.487500 0.365463
vt 0.500000 0.637828
vt 0.500000 0.365463
vt 0.500000 0.365463
vt 0.500000 0.637828
vt 0.512500 0.637828
vt 0.512500 0.365463
vt 0.512500 0.365463
vt 0.512500 0.637828
vt 0.525000 0.637828
vt 0.525000 0.365463
vt 0.537500 0.637828
vt 0.537500 0.365463
vt 0.537500 0.365463
vt 0.537500 0.637828
vt 0.550000 0.637828
vt 0.550000 0.365463
vt 0.562500 0.637828
vt 0.562500 0.365463
vt 0.538668 0.275259
vt 0.573552 0.257485
vt 0.591841 0.282659
vt 0.587500 0.312500
vt 0.587500 0.687500
vt 0.591842 0.717341
vt 0.573552 0.742515
vt 0.538669 0.724741
vt 0.375000 0.798809
vt 0.375000 0.885508
vt 0.625000 0.885508
vt 0.625000 0.798809
vt 0.826191 0.000000
vt 0.739492 0.000000
vt 0.739492 0.250000
vt 0.826191 0.250000
vt 0.625000 0.451191
vt 0.625000 0.364492
vt 0.375000 0.364492
vt 0.375000 0.451191
vt 0.173809 0.000000
vt 0.173809 0.250000
vt 0.260508 0.250000
vt 0.260508 0.000000
vt 0.538668 0.962759
vt 0.573552 0.944985
vt 0.591841 0.970159
vt 0.387500 0.687500
vt 0.387500 0.312500
vt 0.591842 0.029841
vt 0.573552 0.055015
vt 0.538669 0.037241
vt 0.425000 0.365463
vt 0.412500 0.365463
vt 0.412500 0.637828
vt 0.425000 0.637828
vt 0.437500 0.637828
vt 0.437500 0.365463
vt 0.437500 0.365463
vt 0.437500 0.637828
vt 0.450000 0.637828
vt 0.450000 0.365463
vt 0.462500 0.637828
vt 0.462500 0.365463
vt 0.462500 0.365463
vt 0.462500 0.637828
vt 0.475000 0.637828
vt 0.475000 0.365463
vt 0.475000 0.365463
vt 0.475000 0.637828
vt 0.487500 0.637828
vt 0.487500 0.365463
vt 0.500000 0.637828
vt 0.500000 0.365463
vt 0.500000 0.365463
vt 0.500000 0.637828
vt 0.512500 0.637828
vt 0.512500 0.365463
vt 0.512500 0.365463
vt 0.512500 0.637828
vt 0.525000 0.637828
vt 0.525000 0.365463
vt 0.550000 0.365463
vt 0.550000 0.637828
vt 0.562500 0.637828
vt 0.562500 0.365463
vt 0.562500 0.365463
vt 0.562500 0.637828
vt 0.575000 0.637828
vt 0.575000 0.365463
vt 0.587500 0.637828
vt 0.587500 0.365463
vt 0.587500 0.365463
vt 0.587500 0.637828
vt 0.600000 0.637828
vt 0.600000 0.365463
vt 0.600000 0.365463
vt 0.600000 0.637828
vt 0.612500 0.637828
vt 0.612500 0.365463
vt 0.625000 0.637828
vt 0.625000 0.365463
vt 0.375000 0.365463
vt 0.375000 0.637828
vt 0.387500 0.637828
vt 0.387500 0.365463
vt 0.387500 0.365463
vt 0.387500 0.637828
vt 0.400000 0.637828
vt 0.400000 0.365463
vt 0.412500 0.637828
vt 0.412500 0.365463
vt 0.412500 0.365463
vt 0.412500 0.637828
vt 0.425000 0.637828
vt 0.425000 0.365463
vt 0.437500 0.637828
vt 0.437500 0.365463
vt 0.437500 0.365463
vt 0.437500 0.637828
vt 0.450000 0.637828
vt 0.450000 0.365463
vt 0.462500 0.637828
vt 0.462500 0.365463
vt 0.462500 0.365463
vt 0.462500 0.637828
vt 0.475000 0.637828
vt 0.475000 0.365463
vt 0.475000 0.365463
vt 0.475000 0.637828
vt 0.487500 0.637828
vt 0.487500 0.365463
vt 0.500000 0.637828
vt 0.500000 0.365463
vt 0.500000 0.365463
vt 0.500000 0.637828
vt 0.512500 0.637828
vt 0.512500 0.365463
vt 0.512500 0.365463
vt 0.512500 0.637828
vt 0.525000 0.637828
vt 0.525000 0.365463
vt 0.537500 0.637828
vt 0.537500 0.365463
vt 0.537500 0.365463
vt 0.537500 0.637828
vt 0.537500 0.637828
vt 0.537500 0.365463
vt 0.537500 0.365463
vt 0.537500 0.637828
vt 0.550000 0.637828
vt 0.550000 0.365463
vt 0.538668 0.275259
vt 0.573552 0.257485
vt 0.591841 0.282659
vt 0.587500 0.312500
vt 0.587500 0.687500
vt 0.591842 0.717341
vt 0.573552 0.742515
vt 0.538669 0.724741
vt 0.562500 0.637828
vt 0.562500 0.365463
vt 0.375000 0.798809
vt 0.375000 0.885508
vt 0.625000 0.885508
vt 0.625000 0.798809
vt 0.550000 0.661102
vt 0.562500 0.661102
vt 0.562500 0.687500
vt 0.550000 0.687500
vt 0.550000 0.661102
vt 0.550000 0.687500
vt 0.537500 0.687500
vt 0.537500 0.661102
vt 0.537500 0.661102
vt 0.537500 0.687500
vt 0.525000 0.687500
vt 0.525000 0.661102
vt 0.525000 0.661102
vt 0.525000 0.687500
vt 0.512500 0.687500
vt 0.512500 0.661102
vt 0.512500 0.661102
vt 0.512500 0.687500
vt 0.500000 0.687500
vt 0.500000 0.661102
vt 0.500000 0.661102
vt 0.500000 0.687500
vt 0.487500 0.687500
vt 0.487500 0.661102
vt 0.487500 0.661102
vt 0.487500 0.687500
vt 0.475000 0.687500
vt 0.475000 0.661102
vt 0.475000 0.661102
vt 0.475000 0.687500
vt 0.462500 0.687500
vt 0.462500 0.661102
vt 0.462500 0.661102
vt 0.462500 0.687500
vt 0.450000 0.687500
vt 0.450000 0.661102
vt 0.450000 0.661102
vt 0.450000 0.687500
vt 0.437500 0.687500
vt 0.437500 0.661102
vt 0.437500 0.661102
vt 0.437500 0.687500
vt 0.425000 0.687500
vt 0.425000 0.661102
vt 0.425000 0.661102
vt 0.425000 0.687500
vt 0.412500 0.687500
vt 0.412500 0.661102
vt 0.412500 0.661102
vt 0.412500 0.687500
vt 0.400000 0.687500
vt 0.400000 0.661102
vt 0.400000 0.661102
vt 0.400000 0.687500
vt 0.387500 0.687500
vt 0.387500 0.661102
vt 0.387500 0.661102
vt 0.387500 0.687500
vt 0.375000 0.687500
vt 0.375000 0.661102
vt 0.625000 0.661102
vt 0.625000 0.687500
vt 0.612500 0.687500
vt 0.612500 0.661102
vt 0.612500 0.661102
vt 0.612500 0.687500
vt 0.600000 0.687500
vt 0.600000 0.661102
vt 0.600000 0.661102
vt 0.600000 0.687500
vt 0.587500 0.687500
vt 0.587500 0.661102
vt 0.587500 0.661102
vt 0.587500 0.687500
vt 0.575000 0.687500
vt 0.575000 0.661102
vt 0.575000 0.661102
vt 0.575000 0.687500
vt 0.562500 0.687500
vt 0.562500 0.661102
vt 0.625000 0.747933
vt 0.571230 0.553369
vt 0.571355 0.553246
vt 0.577258 0.547386
vt 0.625000 0.747019
vt 0.240999 0.596258
vt 0.252031 0.580229
vt 0.292655 0.521977
vt 0.292801 0.521916
vt 0.292640 0.522067
vt 0.256584 0.582026
vt 0.252125 0.580266
vt 0.500000 0.312500
vt 0.500000 0.281384
vt 0.538668 0.275259
vt 0.548284 0.304853
vt 0.538668 0.275259
vt 0.573552 0.257485
vt 0.591841 0.282659
vt 0.601235 0.229802
vt 0.626409 0.248091
vt 0.601235 0.229802
vt 0.619009 0.194918
vt 0.648603 0.204534
vt 0.619009 0.194918
vt 0.625134 0.156250
vt 0.656250 0.156250
vt 0.619009 0.117582
vt 0.648603 0.107966
vt 0.619009 0.117582
vt 0.601236 0.082698
vt 0.626409 0.064408
vt 0.601236 0.082698
vt 0.573552 0.055015
vt 0.591842 0.029841
vt 0.538669 0.037241
vt 0.548284 0.007647
vt 0.538669 0.037241
vt 0.500000 0.031116
vt 0.500000 -0.000000
vt 0.461331 0.037241
vt 0.451716 0.007647
vt 0.461331 0.037241
vt 0.426448 0.055015
vt 0.408159 0.029841
vt 0.398764 0.082698
vt 0.373591 0.064409
vt 0.398764 0.082698
vt 0.380991 0.117582
vt 0.351397 0.107966
vt 0.380991 0.117582
vt 0.374866 0.156250
vt 0.343750 0.156250
vt 0.380991 0.194918
vt 0.351397 0.204534
vt 0.380991 0.194918
vt 0.398764 0.229802
vt 0.373591 0.248091
vt 0.398764 0.229802
vt 0.426448 0.257485
vt 0.408159 0.282659
vt 0.461332 0.275259
vt 0.451716 0.304853
vt 0.461331 0.275259
vt 0.412500 0.365463
vt 0.400000 0.365463
vt 0.400000 0.637828
vt 0.412500 0.637828
vt 0.601236 0.917302
vt 0.626409 0.935591
vt 0.375000 0.687500
vt 0.375000 0.312500
vt 0.626409 0.064408
vt 0.601236 0.082698
vt 0.562500 0.365463
vt 0.562500 0.637828
vt 0.575000 0.637828
vt 0.575000 0.365463
vt 0.601235 0.229802
vt 0.626409 0.248091
vt 0.600000 0.312500
vt 0.600000 0.687500
vt 0.626409 0.751908
vt 0.601235 0.770198
vt 0.412500 0.365463
vt 0.400000 0.365463
vt 0.400000 0.637828
vt 0.412500 0.637828
vt 0.601236 0.917302
vt 0.626409 0.935591
vt 0.375000 0.687500
vt 0.375000 0.312500
vt 0.626409 0.064408
vt 0.601236 0.082698
vt 0.562500 0.365463
vt 0.562500 0.637828
vt 0.575000 0.637828
vt 0.575000 0.365463
vt 0.601235 0.229802
vt 0.626409 0.248091
vt 0.600000 0.312500
vt 0.600000 0.687500
vt 0.626409 0.751908
vt 0.601235 0.770198
vt 0.548284 0.695147
vt 0.538669 0.724741
vt 0.500000 0.718616
vt 0.500000 0.687500
vt 0.461331 0.724741
vt 0.451716 0.695147
vt 0.461331 0.724741
vt 0.426448 0.742515
vt 0.408159 0.717341
vt 0.398764 0.770198
vt 0.373591 0.751909
vt 0.398764 0.770198
vt 0.380991 0.805082
vt 0.351397 0.795466
vt 0.380991 0.805081
vt 0.374866 0.843750
vt 0.343750 0.843750
vt 0.380991 0.882418
vt 0.351397 0.892034
vt 0.380991 0.882419
vt 0.398764 0.917302
vt 0.373591 0.935591
vt 0.398764 0.917302
vt 0.426448 0.944985
vt 0.408159 0.970159
vt 0.461332 0.962759
vt 0.451716 0.992353
vt 0.461331 0.962759
vt 0.500000 0.968884
vt 0.500000 1.000000
vt 0.538668 0.962759
vt 0.548284 0.992353
vt 0.538668 0.962759
vt 0.573552 0.944985
vt 0.591841 0.970159
vt 0.601236 0.917302
vt 0.626409 0.935591
vt 0.601236 0.917302
vt 0.619009 0.882419
vt 0.648603 0.892034
vt 0.619009 0.882418
vt 0.625134 0.843750
vt 0.656250 0.843750
vt 0.619009 0.805081
vt 0.648603 0.795466
vt 0.619009 0.805082
vt 0.601235 0.770198
vt 0.626409 0.751908
vt 0.601235 0.770198
vt 0.573552 0.742515
vt 0.591842 0.717341
vt 0.538669 0.724741
vt 0.550000 0.365463
vt 0.550000 0.637828
vt 0.562500 0.637828
vt 0.562500 0.365463
vt 0.562500 0.365463
vt 0.562500 0.637828
vt 0.575000 0.637828
vt 0.575000 0.365463
vt 0.587500 0.637828
vt 0.587500 0.365463
vt 0.587500 0.365463
vt 0.587500 0.637828
vt 0.600000 0.637828
vt 0.600000 0.365463
vt 0.600000 0.365463
vt 0.600000 0.637828
vt 0.612500 0.637828
vt 0.612500 0.365463
vt 0.625000 0.637828
vt 0.625000 0.365463
vt 0.375000 0.365463
vt 0.375000 0.637828
vt 0.387500 0.637828
vt 0.387500 0.365463
vt 0.387500 0.365463
vt 0.387500 0.637828
vt 0.400000 0.637828
vt 0.400000 0.365463
vt 0.412500 0.637828
vt 0.412500 0.365463
vt 0.412500 0.365463
vt 0.412500 0.637828
vt 0.425000 0.637828
vt 0.425000 0.365463
vt 0.437500 0.637828
vt 0.437500 0.365463
vt 0.437500 0.365463
vt 0.437500 0.637828
vt 0.450000 0.637828
vt 0.450000 0.365463
vt 0.462500 0.637828
vt 0.462500 0.365463
vt 0.462500 0.365463
vt 0.462500 0.637828
vt 0.475000 0.637828
vt 0.475000 0.365463
vt 0.475000 0.365463
vt 0.475000 0.637828
vt 0.487500 0.637828
vt 0.487500 0.365463
vt 0.500000 0.637828
vt 0.500000 0.365463
vt 0.500000 0.365463
vt 0.500000 0.637828
vt 0.512500 0.637828
vt 0.512500 0.365463
vt 0.512500 0.365463
vt 0.512500 0.637828
vt 0.525000 0.637828
vt 0.525000 0.365463
vt 0.537500 0.637828
vt 0.537500 0.365463
vt 0.537500 0.365463
vt 0.537500 0.637828
vt 0.387500 0.365463
vt 0.387500 0.637828
vt 0.601236 0.917302
vt 0.619009 0.882419
vt 0.648603 0.892034
vt 0.625000 0.687500
vt 0.612500 0.687500
vt 0.612500 0.312500
vt 0.625000 0.312500
vt 0.648603 0.107966
vt 0.619009 0.117582
vt 0.601236 0.082698
vt 0.587500 0.637828
vt 0.587500 0.365463
vt 0.601235 0.229802
vt 0.619009 0.194918
vt 0.648603 0.204534
vt 0.648603 0.795466
vt 0.619009 0.805082
vt 0.601235 0.770198
vt 0.387500 0.365463
vt 0.387500 0.637828
vt 0.601236 0.917302
vt 0.619009 0.882419
vt 0.648603 0.892034
vt 0.625000 0.687500
vt 0.612500 0.687500
vt 0.612500 0.312500
vt 0.625000 0.312500
vt 0.648603 0.107966
vt 0.619009 0.117582
vt 0.601236 0.082698
vt 0.587500 0.637828
vt 0.587500 0.365463
vt 0.601235 0.229802
vt 0.619009 0.194918
vt 0.648603 0.204534
vt 0.648603 0.795466
vt 0.619009 0.805082
vt 0.601235 0.770198
vt 0.387500 0.637828
vt 0.387500 0.365463
vt 0.375000 0.365463
vt 0.375000 0.637828
vt 0.619009 0.882418
vt 0.625134 0.843750
vt 0.656250 0.843750
vt 0.656250 0.156250
vt 0.625134 0.156250
vt 0.619009 0.117582
vt 0.587500 0.365463
vt 0.587500 0.637828
vt 0.600000 0.637828
vt 0.600000 0.365463
vt 0.619009 0.194918
vt 0.619009 0.805081
vt 0.387500 0.637828
vt 0.387500 0.365463
vt 0.375000 0.365463
vt 0.375000 0.637828
vt 0.619009 0.882418
vt 0.625134 0.843750
vt 0.656250 0.843750
vt 0.656250 0.156250
vt 0.625134 0.156250
vt 0.619009 0.117582
vt 0.587500 0.365463
vt 0.587500 0.637828
vt 0.600000 0.637828
vt 0.600000 0.365463
vt 0.619009 0.194918
vt 0.619009 0.805081
vt 0.625000 0.637828
vt 0.625000 0.365463
vt 0.612500 0.365463
vt 0.612500 0.637828
vt 0.600000 0.365463
vt 0.600000 0.637828
vt 0.625000 0.637828
vt 0.625000 0.365463
vt 0.612500 0.365463
vt 0.612500 0.637828
vt 0.600000 0.365463
vt 0.600000 0.637828
vt 0.625000 0.392436
vt 0.625000 0.320856
vt 0.375000 0.320856
vt 0.375000 0.392436
vt 0.767436 0.000000
vt 0.695856 0.000000
vt 0.695856 0.250000
vt 0.767436 0.250000
vt 0.615789 0.857564
vt 0.605937 0.857562
vt 0.605937 0.930123
vt 0.615789 0.930123
vt 0.615789 0.929144
vt 0.625000 0.929144
vt 0.625000 0.857564
vt 0.375000 0.857564
vt 0.375000 0.929144
vt 0.455247 0.929144
vt 0.455247 0.930123
vt 0.465099 0.930123
vt 0.465099 0.857562
vt 0.455247 0.857564
vt 0.375000 0.750000
vt 0.625000 0.750000
vt 0.625000 1.000000
vt 0.375000 1.000000
vt 0.125000 0.000000
vt 0.375000 0.000000
vt 0.375000 0.250000
vt 0.125000 0.250000
vt 0.375000 0.500000
vt 0.625000 0.500000
vt 0.875000 0.000000
vt 0.875000 0.250000
vt 0.625000 0.250000
vt 0.625000 0.000000
vt 0.125000 0.250000
vt 0.375000 0.494255
vt 0.391123 0.500000
vt 0.391123 0.494255
vt 0.025275 0.858543
vt 0.125000 0.249828
vt 0.125000 0.000059
vt 0.025275 -0.001377
vt 0.624955 0.373415
vt 0.375046 0.373415
vt 0.372719 0.000000
vt 0.370642 0.249448
vt 0.375000 0.258549
vt 0.391123 0.258549
vt 0.391123 0.250000
vt 0.125000 0.248817
vt 0.136223 0.248817
vt 0.380171 0.501012
vt 0.866600 1.000000
vt 0.379086 0.501183
vt 0.000000 -0.000000
vt 1.000000 -0.000000
vt 1.000000 1.000000
vt 0.000000 1.000000
vt 0.126890 0.586235
vt 0.126890 0.927301
vt 0.873111 0.927301
vt 0.873111 0.586235
vt 0.126890 0.119486
vt 0.126890 0.497141
vt 0.873111 0.497141
vt 0.873111 0.119486
vt 0.000000 -0.000000
vt 0.000000 1.000000
vt 1.000000 1.000000
vt 1.000000 -0.000000
vt 0.126890 0.586235
vt 0.873111 0.586235
vt 0.873111 0.927301
vt 0.126890 0.927301
vt 0.873111 0.119486
vt 0.873111 0.497141
vt 0.126890 0.497141
vt 0.126890 0.119486
vt 0.000000 -0.000000
vt 0.000000 -0.000000
vt 0.000000 1.000000
vt 0.000000 1.000000
vt 1.000000 1.000000
vt 1.000000 1.000000
vt 1.000000 -0.000000
vt 1.000000 -0.000000
vt 0.000000 1.000000
vt 0.000000 1.000000
vt 1.000000 1.000000
vt 1.000000 1.000000
vt 1.000000 -0.000000
vt 1.000000 -0.000000
vt 0.000000 -0.000000
vt 0.000000 -0.000000
vt 1.672822 -0.009265
vt 1.672822 0.771326
vt -0.672822 0.771326
vt -0.672822 -0.009265
vt 0.717348 0.322433
vt 0.717348 0.489383
vt 0.998338 0.489383
vt 0.998338 0.322433
vt 0.717348 0.508485
vt 0.717348 0.659260
vt 0.998338 0.659260
vt 0.998338 0.508485
vt -0.108061 1.021079
vt -0.108061 0.055064
vt 1.108061 0.055064
vt 1.108061 1.021079
vt 0.612686 0.610588
vt 0.758368 0.610588
vt 0.758368 0.403981
vt 0.612686 0.403981
vt 0.612686 0.380341
vt 0.758368 0.380341
vt 0.758368 0.193751
vt 0.612686 0.193751
vt 0.125000 0.250000
vt 0.125000 0.000000
vt 0.375000 1.000000
vt 0.625000 1.000000
vt 0.875000 0.000000
vt 0.875000 0.250000
vt 0.375000 0.344890
vt 0.375000 0.421354
vt 0.625000 0.421354
vt 0.625000 0.344890
vt 0.375000 0.905110
vt 0.625000 0.905110
vt 0.625000 0.828647
vt 0.375000 0.828647
vt 0.375000 0.344890
vt 0.375000 0.421354
vt 0.625000 0.421354
vt 0.625000 0.344890
vt 0.375000 0.905110
vt 0.625000 0.905110
vt 0.625000 0.828647
vt 0.375000 0.828647
vn -0.000000 1.000000 -0.000004
vn 0.000000 1.000000 0.000000
vn -0.000000 1.000000 -0.000004
vn -0.000000 1.000000 -0.000004
vn -0.000000 1.000000 -0.000006
vn -0.000000 1.000000 -0.000006
vn -0.000004 1.000000 0.000000
vn -0.000000 1.000000 -0.000004
vn -0.000000 1.000000 -0.000004
vn -0.000000 1.000000 -0.000004
vn -0.000000 1.000000 -0.000004
vn -0.000000 1.000000 -0.000006
vn 0.000000 1.000000 0.000000
vn 0.000000 1.000000 0.000000
vn 0.000000 1.000000 0.000000
vn 0.000000 -1.000000 0.000000
vn 0.000000 -1.000000 0.000000
vn 0.000000 -1.000000 0.000000
vn -0.000004 1.000000 0.000000
vn -0.000004 1.000000 0.000000
vn -0.000004 1.000000 0.000000
vn 0.000003 1.000000 0.000000
vn -0.000004 1.000000 0.000000
vn -0.000004 1.000000 0.000000
vn -0.000004 1.000000 0.000000
vn -0.000004 1.000000 0.000000
vn -0.000000 1.000000 -0.000006
vn 0.000000 1.000000 -0.000008
vn -0.000000 1.000000 -0.000006
vn -0.000001 1.000000 -0.000005
vn 0.000000 1.000000 0.000000
vn -0.000000 1.000000 -0.000004
vn -0.000000 1.000000 -0.000006
vn -0.000000 1.000000 -0.000004
vn 0.000011 0.241478 -0.970406
vn 0.000013 0.241480 -0.970406
vn 0.000010 0.241478 -0.970406
vn -0.000000 0.241770 -0.970334
vn -0.000000 0.241770 -0.970334
vn -0.000000 0.241770 -0.970334
vn -0.007263 0.239156 -0.970954
vn -0.000000 0.241770 -0.970334
vn 0.000000 1.000000 -0.000001
vn -0.000000 1.000000 -0.000001
vn 0.000000 1.000000 -0.000000
vn 0.000000 1.000000 -0.000000
vn 0.000000 1.000000 -0.000000
vn 0.000000 1.000000 -0.000000
vn 0.000000 1.000000 -0.000001
vn 0.000000 1.000000 -0.000000
vn 0.000000 0.000000 1.000000
vn 0.000000 0.000000 1.000000
vn 0.000000 0.000000 1.000000
vn 0.000000 0.000000 1.000000
vn 0.359874 0.007653 0.932970
vn 0.126753 0.033569 0.991366
vn 0.000000 0.000000 1.000000
vn 0.000000 0.000000 1.000000
vn -0.989211 0.000000 -0.146498
vn -0.989217 -0.000000 -0.146458
vn -0.989252 0.000000 -0.146223
vn -0.989252 0.000000 -0.146223
vn -0.989217 0.000000 -0.146456
vn -0.989211 0.000000 -0.146497
vn -0.989252 0.000000 -0.146223
vn -0.989252 0.000000 -0.146223
vn -0.071405 -0.002733 -0.997444
vn -0.220276 -0.008434 -0.975401
vn -0.240167 -0.009196 -0.970688
vn -0.903878 -0.034612 -0.426387
vn 0.000000 0.000000 0.000000
vn 0.000000 0.000000 0.000000
vn 0.000000 0.000000 0.000000
vn 0.000000 0.000000 0.000000
vn -0.006094 0.026150 -0.999640
vn -0.005901 0.242575 -0.970115
vn -0.001365 0.974528 -0.224263
vn 0.000056 1.000000 -0.000071
vn 0.000000 1.000000 0.000000
vn -0.000926 0.999990 0.004316
vn -0.000001 1.000000 -0.000242
vn 0.000000 0.000000 -1.000000
vn -0.000000 0.000000 -1.000000
vn 0.000000 0.000000 -1.000000
vn -0.000000 0.000000 -1.000000
vn 1.000000 0.000000 0.000000
vn 1.000000 0.000000 0.000000
vn 1.000000 0.000000 0.000000
vn 1.000000 0.000000 0.000000
vn 0.000000 0.000000 -1.000000
vn 0.000000 0.000000 -1.000000
vn -1.000000 0.000000 0.000000
vn -1.000000 0.000000 0.000000
vn -1.000000 0.000000 0.000000
vn -1.000000 0.000000 0.000000
vn 0.000000 0.000000 1.000000
vn 0.000000 0.000000 1.000000
vn 0.000000 0.000000 1.000000
vn 0.000000 0.000000 1.000000
vn 1.000000 0.000000 0.000000
vn 1.000000 0.000000 0.000000
vn 0.000004 -1.000000 0.000436
vn -0.000047 -1.000000 0.000045
vn 0.000004 -1.000000 0.000436
vn 0.000004 -1.000000 0.000436
vn 0.000000 0.000000 1.000000
vn 0.000000 0.000000 1.000000
vn 0.000000 0.000000 1.000000
vn 0.000000 0.000000 1.000000
vn 1.000000 0.000000 0.000000
vn 1.000000 0.000000 0.000000
vn 1.000000 0.000000 0.000000
vn 1.000000 0.000000 0.000000
vn -0.000000 0.000000 -1.000000
vn 0.000000 0.000000 -1.000000
vn -0.000000 0.000000 -1.000000
vn 0.000000 0.000000 -1.000000
vn 0.000000 0.000000 1.000000
vn 0.000000 0.000000 1.000000
vn 1.000000 0.000000 0.000000
vn 1.000000 0.000000 0.000000
vn -0.000004 1.000000 0.000000
vn -0.000004 1.000000 0.000000
vn -0.000004 1.000000 0.000000
vn -0.000004 1.000000 0.000000
vn -0.000511 -1.000000 0.000004
vn -0.000511 -1.000000 0.000004
vn -0.000053 -1.000000 0.000035
vn -0.000045 -1.000000 0.000022
vn -0.000000 -0.001796 -0.999998
vn -0.000000 -0.001803 -0.999998
vn -0.000000 -0.001796 -0.999998
vn 0.000000 -0.001803 -0.999998
vn -0.999998 0.000000 0.001999
vn -1.000000 0.000476 0.000361
vn -1.000000 0.000000 0.000000
vn -1.000000 0.000581 0.000000
vn 1.000000 0.000000 0.000000
vn 0.999999 -0.000104 -0.001641
vn 1.000000 0.000000 0.000000
vn 1.000000 0.000000 0.000000
vn 0.952552 0.304377 -0.000015
vn 0.952550 0.304383 -0.000011
vn 0.952549 0.304386 -0.000009
vn 0.952545 0.304397 0.000000
vn 0.000000 0.208746 0.977970
vn 0.000007 0.208754 0.977968
vn 0.000007 0.208753 0.977968
vn 0.000010 0.208757 0.977968
vn -0.950456 0.310859 -0.000016
vn -0.950453 0.310867 -0.000009
vn -0.950454 0.310864 -0.000011
vn -0.950450 0.310876 0.000000
vn 0.000001 -0.018762 0.999824
vn 0.000001 -0.018762 0.999824
vn 0.000000 -0.018713 0.999825
vn 0.000000 -0.018713 0.999825
vn 0.000000 0.000000 -1.000000
vn -0.000000 0.000000 -1.000000
vn 0.000000 0.000000 -1.000000
vn -0.000056 0.000000 -1.000000
vn 0.000000 0.000000 1.000000
vn 0.000000 0.000000 1.000000
vn 0.000000 0.000000 1.000000
vn 0.000000 0.000000 1.000000
vn 0.000000 0.000000 -1.000000
vn -0.000000 0.000000 -1.000000
vn 0.000000 0.000000 -1.000000
vn 0.000000 0.000000 -1.000000
vn 0.000000 1.000000 0.000000
vn 0.000000 1.000000 0.000000
vn 0.000000 1.000000 0.000000
vn 0.000000 1.000000 0.000000
vn 0.000000 0.000000 -1.000000
vn 0.000000 0.000000 -1.000000
vn 0.000000 0.000000 -1.000000
vn 0.000000 0.000000 -1.000000
vn -0.999549 0.000001 0.030026
vn -0.999549 0.000000 0.030026
vn -0.999548 0.000000 0.030046
vn -0.999548 0.000000 0.030046
vn 0.886045 0.000000 -0.463599
vn 0.886062 -0.001102 -0.463565
vn 0.886045 0.000000 -0.463599
vn 0.886052 0.000000 -0.463585
vn 0.000000 0.000000 -1.000000
vn 0.000000 0.000000 -1.000000
vn 0.000000 0.000000 -1.000000
vn 0.000000 0.000000 -1.000000
vn -1.000000 0.000000 0.000000
vn -1.000000 0.000000 0.000000
vn -1.000000 0.000000 0.000000
vn -1.000000 0.000000 0.000000
vn -1.000000 0.000000 0.000000
vn -1.000000 0.000000 0.000000
vn 0.000000 0.000000 1.000000
vn 0.000000 0.000000 1.000000
vn 0.000000 0.000000 1.000000
vn 0.000000 0.000000 1.000000
vn 0.000000 1.000000 0.000001
vn 0.000000 1.000000 0.000000
vn 0.000000 1.000000 0.000001
vn 0.000000 1.000000 0.000000
vn 0.992709 0.000000 0.120533
vn 0.992709 0.000000 0.120533
vn 0.992710 0.000000 0.120527
vn 0.992709 0.000000 0.120533
vn 0.000000 0.000000 1.000000
vn 0.000000 0.000000 1.000000
vn 0.000000 0.000000 1.000000
vn 0.000000 0.000000 1.000000
vn 0.000000 -1.000000 0.000000
vn 0.000000 -1.000000 0.000000
vn 0.000000 -1.000000 0.000000
vn 0.000000 -1.000000 0.000000
vn -1.000000 0.000000 0.000000
vn -1.000000 0.000000 0.000000
vn -1.000000 0.000000 0.000000
vn -1.000000 0.000000 0.000000
vn 0.000000 0.000000 1.000000
vn 0.000000 0.000000 1.000000
vn 0.000000 0.000000 1.000000
vn 0.000000 0.000000 1.000000
vn -1.000000 0.000000 0.000000
vn -1.000000 0.000000 0.000000
vn -1.000000 0.000000 0.000000
vn -1.000000 0.000000 0.000000
vn 0.000000 0.000000 -1.000000
vn 0.000000 0.000000 -1.000000
vn 0.000000 0.000000 -1.000000
vn 0.000000 0.000000 -1.000000
vn 1.000000 0.000000 0.000000
vn 1.000000 0.000000 0.000000
vn 1.000000 0.000000 0.000000
vn 1.000000 0.000000 0.000000
vn 1.000000 0.000000 0.000000
vn 1.000000 0.000000 0.000000
vn 1.000000 0.000000 0.000000
vn 1.000000 0.000000 0.000000
vn 0.000000 -1.000000 0.000000
vn 0.000000 -1.000000 0.000000
vn 0.000000 -1.000000 0.000000
vn 0.000000 -1.000000 0.000000
vn 0.000000 1.000000 0.000000
vn 0.000000 1.000000 0.000000
vn 0.000000 1.000000 0.000000
vn 0.000000 1.000000 0.000000
vn -1.000000 0.000000 0.000000
vn -1.000000 0.000000 0.000000
vn -1.000000 0.000000 0.000000
vn -1.000000 0.000000 0.000000
vn 0.000000 -1.000000 0.000000
vn 0.000000 -1.000000 0.000000
vn 0.000000 -1.000000 0.000000
vn 0.000000 -1.000000 0.000000
vn 0.000000 1.000000 0.000000
vn 0.000000 1.000000 -0.000000
vn 0.000000 1.000000 -0.000000
vn 0.000000 1.000000 -0.000000
vn 0.000000 0.000000 -1.000000
vn 0.000000 0.000000 -1.000000
vn 0.000000 0.000000 -1.000000
vn 0.000000 0.000000 -1.000000
vn 0.707085 0.707129 0.000000
vn 0.707091 0.707122 0.000008
vn 0.707108 0.707105 0.000029
vn 0.707114 0.707099 0.000037
vn 0.454000 0.891002 0.000029
vn 0.454000 0.891002 0.000023
vn 0.454000 0.891002 0.000006
vn 0.454000 0.891002 0.000000
vn 0.156435 0.987688 0.000000
vn 0.156435 0.987688 0.000000
vn 0.156433 0.987689 0.000000
vn 0.156433 0.987689 0.000000
vn -0.156432 0.987689 0.000000
vn -0.156434 0.987688 0.000000
vn -0.156439 0.987688 0.000000
vn -0.156440 0.987687 0.000000
vn -0.453999 0.891002 0.000000
vn -0.453998 0.891003 0.000003
vn -0.453994 0.891005 0.000011
vn -0.453993 0.891005 0.000014
vn -0.707092 0.707121 0.000014
vn -0.707094 0.707120 0.000008
vn -0.707099 0.707115 -0.000008
vn -0.707101 0.707113 -0.000014
vn -0.891017 0.453971 -0.000007
vn -0.891013 0.453978 -0.000006
vn -0.891003 0.453998 -0.000001
vn -0.890999 0.454005 0.000000
vn -0.987688 0.156437 0.000000
vn -0.987688 0.156439 0.000008
vn -0.987687 0.156445 0.000030
vn -0.987686 0.156447 0.000038
vn -0.987690 -0.156422 0.000034
vn -0.987690 -0.156424 0.000027
vn -0.987689 -0.156430 0.000004
vn -0.987689 -0.156432 -0.000004
vn -0.890994 -0.454016 0.000000
vn -0.890997 -0.454009 0.000008
vn -0.891008 -0.453988 0.000032
vn -0.891011 -0.453981 0.000041
vn -0.707128 -0.707085 0.000043
vn -0.707121 -0.707092 0.000029
vn -0.707100 -0.707113 -0.000012
vn -0.707093 -0.707121 -0.000027
vn -0.453982 -0.891011 0.000000
vn -0.453987 -0.891008 -0.000002
vn -0.454001 -0.891001 -0.000007
vn -0.454005 -0.890999 -0.000009
vn -0.156430 -0.987689 0.000000
vn -0.156431 -0.987689 0.000000
vn -0.156435 -0.987688 0.000000
vn -0.156436 -0.987688 0.000000
vn 0.156436 -0.987688 0.000000
vn 0.156436 -0.987688 0.000000
vn 0.156436 -0.987688 0.000000
vn 0.156436 -0.987688 0.000000
vn 0.453994 -0.891005 0.000000
vn 0.453992 -0.891006 0.000000
vn 0.453989 -0.891007 0.000000
vn 0.453987 -0.891008 0.000000
vn 0.707107 -0.707107 0.000014
vn 0.707106 -0.707108 0.000007
vn 0.707102 -0.707112 -0.000014
vn 0.707100 -0.707113 -0.000022
vn 0.891005 -0.453994 -0.000007
vn 0.891004 -0.453996 -0.000012
vn 0.891000 -0.454003 -0.000026
vn 0.890999 -0.454005 -0.000031
vn 0.987690 -0.156422 -0.000036
vn 0.987690 -0.156423 -0.000021
vn 0.987690 -0.156426 0.000024
vn 0.987689 -0.156427 0.000039
vn 0.987694 0.156400 0.000033
vn 0.987693 0.156408 0.000020
vn 0.987689 0.156429 -0.000015
vn 0.987688 0.156437 -0.000028
vn 0.891011 0.453982 0.000000
vn 0.891006 0.453991 -0.000011
vn 0.891010 0.453985 -0.000003
vn 0.891005 0.453994 -0.000014
vn -0.951057 0.309016 0.000000
vn -0.951057 0.309016 0.000000
vn -1.000000 0.000000 0.000000
vn -1.000000 0.000000 0.000000
vn -0.951057 -0.309016 0.000000
vn -0.951057 -0.309016 0.000000
vn -0.809015 -0.587788 0.000000
vn -0.809015 -0.587788 0.000000
vn -0.587785 -0.809017 0.000000
vn -0.587785 -0.809017 0.000000
vn -0.309019 -0.951056 0.000000
vn -0.309019 -0.951056 0.000000
vn -0.309019 -0.951056 0.000000
vn -0.309019 -0.951056 0.000000
vn -0.306011 -0.952028 0.000000
vn -0.306007 -0.952029 0.000000
vn 0.156435 0.987688 -0.000015
vn 0.156436 0.987688 -0.000008
vn 0.156439 0.987688 0.000008
vn 0.156440 0.987688 0.000015
vn -0.156429 0.987689 0.000014
vn -0.156430 0.987689 0.000011
vn -0.309018 0.951056 0.000000
vn -0.156436 0.987688 0.000000
vn -0.309018 0.951056 0.000000
vn -0.453356 0.891330 0.000000
vn -0.587784 0.809018 0.000000
vn -0.587512 0.809216 0.000000
vn -0.809018 0.587783 0.000000
vn -0.809011 0.587794 0.000000
vn -0.951058 0.309011 0.000000
vn -0.951061 0.309003 0.000000
vn -1.000000 0.000000 0.000000
vn -1.000000 0.000003 0.000000
vn -0.951058 -0.309011 0.000000
vn -0.951061 -0.309003 0.000000
vn -0.809018 -0.587783 0.000000
vn -0.809015 -0.587789 0.000000
vn -0.587784 -0.809018 0.000000
vn -0.587512 -0.809215 0.000000
vn -0.309017 -0.951057 0.000000
vn -0.453349 -0.891333 0.000000
vn -0.309017 -0.951057 0.000000
vn -0.308672 -0.951169 0.000000
vn -0.156432 -0.987689 -0.000005
vn -0.156432 -0.987689 -0.000006
vn 0.156431 -0.987689 0.000000
vn 0.156433 -0.987689 0.000001
vn 0.156438 -0.987688 0.000004
vn 0.156440 -0.987688 0.000005
vn -0.306006 0.952030 0.000000
vn -0.306010 0.952028 0.000000
vn -0.309018 0.951056 0.000000
vn -0.309018 0.951056 0.000000
vn -0.309018 0.951056 0.000000
vn -0.309018 0.951056 0.000000
vn -0.587784 0.809018 0.000000
vn -0.587784 0.809018 0.000000
vn -0.809015 0.587788 0.000000
vn -0.809015 0.587788 0.000000
vn 0.000000 -1.000000 0.000000
vn 0.000000 -1.000000 0.000000
vn 0.000000 -1.000000 0.000000
vn 0.000000 -1.000000 0.000000
vn 1.000000 0.000000 0.000000
vn 1.000000 0.000000 0.000000
vn 1.000000 0.000000 0.000000
vn 1.000000 0.000000 0.000000
vn 0.000000 1.000000 0.000000
vn 0.000000 1.000000 0.000000
vn 0.000000 1.000000 0.000000
vn 0.000000 1.000000 0.000000
vn -1.000000 0.000000 0.000000
vn -1.000000 0.000000 0.000000
vn -1.000000 0.000000 0.000000
vn -1.000000 0.000000 0.000000
vn 1.000000 0.000000 0.000000
vn 1.000000 0.000000 0.000000
vn 1.000000 0.000000 0.000000
vn 1.000000 0.000000 0.000000
vn 0.000000 -1.000000 0.000000
vn 0.000000 -1.000000 0.000000
vn 0.000000 -1.000000 0.000000
vn 0.000000 -1.000000 0.000000
vn 0.000000 0.000000 -1.000000
vn 0.000000 0.000000 -1.000000
vn -0.000000 0.000000 -1.000000
vn -0.000000 0.000000 -1.000000
vn 0.000000 -1.000000 0.000000
vn 0.000000 -1.000000 0.000000
vn 0.000000 -1.000000 0.000000
vn 0.000000 -1.000000 0.000000
vn -1.000000 0.000000 0.000000
vn -1.000000 0.000000 0.000000
vn -0.951057 -0.309016 0.000000
vn -0.951057 -0.309016 0.000000
vn -0.809017 -0.587786 0.000000
vn -0.809017 -0.587786 0.000000
vn -0.587786 -0.809017 0.000000
vn -0.587786 -0.809017 0.000000
vn -0.309018 -0.951056 0.000000
vn -0.309018 -0.951056 0.000000
vn -0.309018 -0.951056 0.000000
vn -0.309018 -0.951056 0.000000
vn -0.306767 -0.951785 0.000000
vn -0.306767 -0.951785 0.000000
vn 0.156432 0.987689 0.000000
vn 0.156433 0.987689 0.000002
vn 0.156436 0.987688 0.000009
vn 0.156436 0.987688 0.000012
vn -0.156438 0.987688 -0.000014
vn -0.156437 0.987688 -0.000011
vn -0.309018 0.951056 0.000000
vn -0.156435 0.987688 0.000000
vn -0.309018 0.951056 0.000000
vn -0.453499 0.891257 0.000000
vn -0.587785 0.809017 0.000000
vn -0.587575 0.809170 0.000000
vn -0.809017 0.587786 0.000000
vn -0.809020 0.587781 0.000000
vn -0.951057 0.309016 0.000000
vn -0.951056 0.309018 0.000000
vn -1.000000 0.000000 0.000000
vn -1.000000 -0.000002 0.000000
vn -0.951057 -0.309016 0.000000
vn -0.951056 -0.309020 0.000000
vn -0.809017 -0.587786 0.000000
vn -0.809021 -0.587780 0.000000
vn -0.587785 -0.809017 0.000000
vn -0.587570 -0.809174 0.000000
vn 0.156436 -0.987688 0.000000
vn 0.156434 -0.987688 0.000000
vn 0.156431 -0.987689 0.000000
vn 0.156430 -0.987689 0.000000
vn 0.453988 -0.891008 0.000000
vn 0.453988 -0.891008 0.000000
vn 0.453988 -0.891008 0.000000
vn 0.453988 -0.891008 0.000000
vn 0.707107 -0.707107 0.000000
vn 0.707107 -0.707107 0.000000
vn 0.707107 -0.707107 0.000000
vn 0.707107 -0.707107 0.000000
vn 0.891011 -0.453982 0.000000
vn 0.891010 -0.453985 -0.000004
vn 0.891006 -0.453992 -0.000015
vn 0.891005 -0.453994 -0.000019
vn 0.987690 -0.156423 -0.000018
vn 0.987690 -0.156426 -0.000014
vn 0.987688 -0.156434 -0.000004
vn 0.987688 -0.156437 0.000000
vn 0.987688 0.156437 0.000004
vn 0.987688 0.156435 0.000002
vn 0.987689 0.156430 -0.000002
vn 0.987689 0.156428 -0.000004
vn 0.890999 0.454005 0.000000
vn 0.891002 0.454000 0.000000
vn 0.891009 0.453986 0.000000
vn 0.891011 0.453981 0.000000
vn 0.707114 0.707100 0.000014
vn 0.707112 0.707101 0.000008
vn 0.707108 0.707106 -0.000008
vn 0.707106 0.707107 -0.000014
vn 0.453993 0.891005 0.000000
vn 0.453994 0.891005 0.000000
vn 0.453994 0.891005 0.000000
vn 0.453994 0.891005 0.000000
vn 0.156435 0.987688 0.000014
vn 0.156435 0.987688 0.000011
vn 0.156436 0.987688 0.000003
vn 0.156436 0.987688 0.000000
vn -0.156435 0.987688 0.000000
vn -0.156436 0.987688 0.000000
vn -0.156439 0.987688 0.000000
vn -0.156440 0.987687 0.000000
vn -0.453999 0.891002 0.000000
vn -0.453996 0.891004 0.000000
vn -0.453985 0.891009 0.000000
vn -0.453982 0.891011 0.000000
vn -0.707107 0.707107 0.000000
vn -0.707105 0.707108 -0.000004
vn -0.707101 0.707112 -0.000017
vn -0.707100 0.707114 -0.000022
vn -0.891017 0.453971 -0.000022
vn -0.891013 0.453978 -0.000016
vn -0.891002 0.453999 0.000001
vn -0.890999 0.454006 0.000007
vn -0.987690 0.156423 0.000004
vn -0.987690 0.156425 0.000002
vn -0.987689 0.156430 -0.000002
vn -0.987689 0.156432 -0.000004
vn -0.987690 -0.156423 0.000004
vn -0.987690 -0.156424 -0.000000
vn -0.987690 -0.156426 -0.000011
vn -0.987689 -0.156427 -0.000015
vn -0.891011 -0.453982 -0.000014
vn -0.891008 -0.453987 -0.000011
vn -0.891001 -0.454001 -0.000003
vn -0.890999 -0.454005 0.000000
vn -0.707100 -0.707114 0.000000
vn -0.707101 -0.707113 0.000000
vn -0.707105 -0.707108 0.000000
vn -0.707107 -0.707107 0.000000
vn -0.453988 -0.891008 0.000000
vn -0.453987 -0.891009 0.000002
vn -0.453983 -0.891010 0.000009
vn -0.453982 -0.891011 0.000012
vn -0.156435 -0.987688 0.000000
vn -0.156436 -0.987688 0.000000
vn -0.156435 -0.987688 0.000000
vn -0.156436 -0.987688 0.000000
vn -0.309016 -0.951057 0.000000
vn -0.453499 -0.891257 0.000000
vn -0.309016 -0.951057 0.000000
vn -0.308753 -0.951142 0.000001
vn -0.156435 -0.987688 0.000000
vn -0.156435 -0.987688 0.000000
vn 0.156436 -0.987688 0.000000
vn 0.156436 -0.987688 0.000000
vn 0.156434 -0.987688 0.000000
vn 0.156433 -0.987689 0.000000
vn -0.306766 0.951785 0.000000
vn -0.306766 0.951785 0.000000
vn -0.309016 0.951057 0.000000
vn -0.309016 0.951057 0.000000
vn -0.309016 0.951057 0.000000
vn -0.309016 0.951057 0.000000
vn -0.587785 0.809017 0.000000
vn -0.587785 0.809017 0.000000
vn -0.809017 0.587786 0.000000
vn -0.809017 0.587786 0.000000
vn -0.951057 0.309016 0.000000
vn -0.951057 0.309016 0.000000
vn -0.951056 0.309017 0.000000
vn -0.951056 0.309017 0.000000
vn -1.000000 0.000000 0.000000
vn -1.000000 0.000000 0.000000
vn 0.000000 -1.000000 0.000000
vn 0.000000 -1.000000 -0.000000
vn 0.000000 -1.000000 -0.000000
vn 0.000000 -1.000000 -0.000000
vn 1.000000 0.000000 0.000000
vn 1.000000 0.000000 0.000000
vn 1.000000 0.000000 0.000000
vn 1.000000 0.000000 0.000000
vn 0.000000 -1.000000 0.000000
vn 0.000000 -1.000000 0.000000
vn 0.000000 -1.000000 0.000000
vn 0.000000 -1.000000 0.000000
vn -0.707107 -0.707107 0.000000
vn -0.707108 -0.707105 0.000000
vn -0.707112 -0.707101 0.000000
vn -0.707114 -0.707100 0.000000
vn -0.891002 -0.454000 0.000000
vn -0.891001 -0.454001 0.000002
vn -0.890999 -0.454005 0.000009
vn -0.890999 -0.454006 0.000011
vn -0.987694 -0.156402 0.000014
vn -0.987692 -0.156409 0.000010
vn -0.987689 -0.156428 0.000000
vn -0.987688 -0.156435 -0.000003
vn -0.987689 0.156429 0.000002
vn -0.987689 0.156428 0.000001
vn -0.987689 0.156427 -0.000001
vn -0.987690 0.156427 -0.000002
vn -0.890996 0.454011 0.000000
vn -0.890999 0.454006 0.000000
vn -0.891006 0.453992 0.000000
vn -0.891008 0.453987 0.000000
vn -0.707107 0.707107 0.000000
vn -0.707107 0.707107 0.000000
vn -0.707107 0.707107 0.000000
vn -0.707107 0.707107 0.000000
vn -0.453989 0.891007 0.000000
vn -0.453989 0.891007 0.000000
vn -0.453989 0.891007 0.000000
vn -0.453989 0.891007 0.000000
vn -0.156439 0.987688 0.000000
vn -0.156439 0.987688 0.000000
vn -0.156437 0.987688 0.000000
vn -0.156436 0.987688 0.000000
vn 0.156436 0.987688 0.000000
vn 0.156435 0.987688 0.000000
vn 0.156432 0.987689 0.000000
vn 0.156431 0.987689 0.000000
vn 0.453983 0.891010 0.000000
vn 0.453988 0.891008 0.000003
vn 0.454001 0.891001 0.000011
vn 0.454006 0.890999 0.000014
vn 0.707110 0.707103 -0.000014
vn 0.707097 0.707117 0.000008
vn 0.707106 0.707107 -0.000008
vn 0.707093 0.707121 0.000014
vn -0.809017 0.587786 0.000000
vn -0.808925 0.587911 -0.000000
vn -0.587785 0.809017 0.000000
vn -0.587567 0.809176 0.000000
vn -0.309018 0.951056 0.000000
vn -0.453501 0.891256 0.000000
vn -0.309018 0.951056 0.000000
vn -0.308756 0.951141 0.000000
vn -0.156435 0.987688 0.000000
vn -0.156435 0.987688 0.000000
vn 0.156436 0.987688 0.000000
vn 0.156436 0.987688 0.000000
vn 0.156436 0.987688 0.000000
vn 0.156436 0.987688 0.000000
vn -0.453978 0.891013 -0.000014
vn -0.453982 0.891011 -0.000011
vn -0.453991 0.891006 -0.000003
vn -0.453995 0.891005 0.000000
vn -0.156439 0.987688 0.000000
vn -0.156438 0.987688 0.000000
vn -0.156435 0.987688 0.000000
vn -0.156434 0.987688 0.000000
vn 0.156433 0.987689 0.000000
vn 0.156434 0.987688 0.000000
vn 0.156436 0.987688 0.000000
vn 0.156436 0.987688 0.000000
vn 0.454000 0.891001 0.000000
vn 0.453998 0.891003 -0.000006
vn 0.453992 0.891006 -0.000022
vn 0.453989 0.891007 -0.000028
vn 0.707107 0.707107 -0.000028
vn 0.707112 0.707101 -0.000006
vn 0.707108 0.707105 -0.000022
vn 0.707114 0.707100 0.000000
vn -0.587784 0.809018 0.000000
vn -0.587507 0.809219 0.000000
vn -0.309018 0.951056 0.000000
vn -0.453353 0.891331 0.000000
vn -0.309018 0.951056 0.000000
vn -0.308676 0.951167 0.000000
vn -0.156435 0.987688 -0.000011
vn -0.156435 0.987688 -0.000014
vn 0.156431 0.987689 -0.000014
vn 0.156434 0.987688 -0.000008
vn 0.156443 0.987687 0.000006
vn 0.156446 0.987686 0.000011
vn -1.000000 0.000000 0.000000
vn -1.000000 0.000000 0.000000
vn -1.000000 0.000000 0.000000
vn -1.000000 0.000000 0.000000
vn 0.000000 0.000000 1.000000
vn 0.000000 0.000000 1.000000
vn 0.000000 0.000000 1.000000
vn 0.000000 0.000000 1.000000
vn 1.000000 0.000000 0.000000
vn 1.000000 0.000000 0.000000
vn 1.000000 0.000000 0.000000
vn 1.000000 0.000000 0.000000
vn 0.941102 0.000000 -0.338122
vn 0.941102 0.000000 -0.338122
vn 0.941102 0.000000 -0.338122
vn 0.941652 0.000000 -0.336589
vn 1.000000 0.000000 0.000000
vn 1.000000 0.000000 0.000000
vn 1.000000 0.000000 0.000000
vn 1.000000 0.000000 0.000000
vn 0.000000 -1.000000 0.000000
vn 0.000000 -1.000000 0.000000
vn 0.000000 -1.000000 0.000000
vn 0.000000 -1.000000 0.000000
vn -1.000000 0.000000 0.000000
vn -1.000000 0.000000 0.000000
vn -1.000000 0.000000 0.000000
vn -1.000000 0.000000 0.000000
vn -0.000000 1.000000 0.000000
vn -0.000000 1.000000 -0.000090
vn -0.000000 1.000000 -0.000000
vn 0.000000 1.000000 -0.000090
vn 0.156435 -0.987688 0.000000
vn 0.156433 -0.987689 -0.000001
vn 0.156428 -0.987689 -0.000004
vn 0.156426 -0.987690 -0.000006
vn -0.156439 -0.987688 0.000000
vn -0.156438 -0.987688 0.000000
vn -0.309017 -0.951057 0.000000
vn -0.156432 -0.987689 0.000000
vn -0.309017 -0.951057 0.000000
vn -0.453350 -0.891332 0.000000
vn -0.587784 -0.809018 0.000000
vn -0.587506 -0.809220 0.000000
vn -0.809018 -0.587783 0.000000
vn -0.809015 -0.587789 0.000000
vn -0.951058 -0.309011 0.000000
vn -0.951057 -0.309016 0.000000
vn -1.000000 0.000000 0.000000
vn -1.000000 0.000000 0.000000
vn -0.951058 0.309011 0.000000
vn -0.951056 0.309019 0.000000
vn -0.809018 0.587783 0.000000
vn -0.809017 0.587786 0.000000
vn 0.891002 0.454000 -0.000028
vn 0.891003 0.453997 -0.000019
vn 0.891007 0.453990 0.000004
vn 0.891008 0.453987 0.000013
vn 0.987695 0.156393 0.000028
vn 0.987693 0.156405 0.000014
vn 0.987688 0.156437 -0.000020
vn 0.987686 0.156449 -0.000033
vn 0.987690 -0.156423 -0.000038
vn 0.987690 -0.156422 -0.000022
vn 0.987691 -0.156420 0.000019
vn 0.987691 -0.156419 0.000034
vn 0.890990 -0.454022 0.000028
vn 0.890995 -0.454014 0.000023
vn 0.891006 -0.453992 0.000011
vn 0.891010 -0.453984 0.000007
vn 0.707107 -0.707107 0.000007
vn 0.707109 -0.707105 0.000005
vn 0.707115 -0.707099 0.000001
vn 0.707117 -0.707096 0.000000
vn 0.453978 -0.891013 0.000000
vn 0.453982 -0.891011 0.000000
vn 0.453991 -0.891006 0.000000
vn 0.453995 -0.891004 0.000000
vn 0.156439 -0.987688 0.000000
vn 0.156438 -0.987688 0.000000
vn 0.156436 -0.987688 0.000000
vn 0.156435 -0.987688 0.000000
vn -0.156437 -0.987688 0.000000
vn -0.156436 -0.987688 0.000000
vn -0.156433 -0.987689 0.000000
vn -0.156432 -0.987689 0.000000
vn -0.453995 -0.891004 0.000000
vn -0.453992 -0.891006 -0.000001
vn -0.453986 -0.891009 -0.000004
vn -0.453983 -0.891010 -0.000005
vn -0.707134 -0.707079 0.000021
vn -0.707125 -0.707088 0.000008
vn -0.707102 -0.707112 -0.000025
vn -0.707093 -0.707121 -0.000037
vn -0.891002 -0.454000 -0.000041
vn -0.891003 -0.453997 -0.000032
vn -0.891006 -0.453991 -0.000009
vn -0.891007 -0.453989 0.000000
vn -0.987691 -0.156419 0.000000
vn -0.987690 -0.156423 -0.000006
vn -0.987688 -0.156435 -0.000023
vn -0.987688 -0.156439 -0.000029
vn -0.987686 0.156446 -0.000036
vn -0.987687 0.156444 -0.000028
vn -0.987688 0.156436 -0.000008
vn -0.987689 0.156433 0.000000
vn -0.891002 0.454000 0.000000
vn -0.891003 0.453997 0.000001
vn -0.891008 0.453988 0.000005
vn -0.891010 0.453984 0.000007
vn -0.707093 0.707121 0.000000
vn -0.707097 0.707117 0.000000
vn -0.707107 0.707107 0.000000
vn -0.707110 0.707103 0.000000
vn 0.156434 -0.987688 0.000000
vn 0.156434 -0.987688 0.000000
vn 0.156433 -0.987689 0.000000
vn 0.156432 -0.987689 0.000000
vn -0.156436 -0.987688 0.000000
vn -0.156435 -0.987688 0.000000
vn -0.309016 -0.951057 0.000000
vn -0.156433 -0.987689 0.000000
vn -0.309016 -0.951057 0.000000
vn -0.453501 -0.891256 0.000000
vn -0.587785 -0.809017 0.000000
vn -0.587574 -0.809170 0.000000
vn -0.809017 -0.587786 0.000000
vn -0.809017 -0.587785 0.000000
vn -0.951057 -0.309016 0.000000
vn -0.951055 -0.309021 0.000000
vn -1.000000 0.000000 0.000000
vn -1.000000 0.000002 0.000000
vn -0.951057 0.309016 0.000000
vn -0.951168 0.308674 -0.000001
vn 0.891002 0.454000 -0.000007
vn 0.891005 0.453994 -0.000002
vn 0.891013 0.453978 0.000009
vn 0.891016 0.453972 0.000014
vn 0.987689 0.156433 0.000002
vn 0.987688 0.156433 0.000001
vn 0.987688 0.156435 -0.000001
vn 0.987688 0.156435 -0.000002
vn 0.987689 -0.156433 0.000003
vn 0.987689 -0.156433 0.000006
vn 0.987688 -0.156434 0.000012
vn 0.987688 -0.156434 0.000014
vn 0.891001 -0.454000 0.000021
vn 0.891004 -0.453996 0.000016
vn 0.891010 -0.453983 0.000004
vn 0.891013 -0.453978 0.000000
vn 0.707107 -0.707107 0.000000
vn 0.707105 -0.707108 0.000000
vn 0.707101 -0.707112 0.000000
vn 0.707100 -0.707114 0.000000
vn 0.453989 -0.891007 0.000000
vn 0.453988 -0.891008 0.000000
vn 0.453985 -0.891010 0.000000
vn 0.453983 -0.891010 0.000000
vn 0.156433 -0.987689 0.000000
vn 0.156432 -0.987689 0.000000
vn 0.156432 -0.987689 0.000000
vn 0.156431 -0.987689 0.000000
vn -0.156437 -0.987688 0.000000
vn -0.156436 -0.987688 -0.000001
vn -0.156433 -0.987689 -0.000002
vn -0.156432 -0.987689 -0.000003
vn -0.453983 -0.891010 -0.000014
vn -0.453985 -0.891010 -0.000011
vn -0.453988 -0.891008 -0.000003
vn -0.453989 -0.891007 0.000000
vn -0.951057 -0.309014 0.000000
vn -0.951057 -0.309014 0.000000
vn -1.000000 0.000000 0.000000
vn -1.000000 0.000000 0.000000
vn -0.989252 0.000000 -0.146223
vn -0.989252 0.000000 -0.146223
vn -0.989252 0.000000 -0.146223
vn -0.989252 0.000000 -0.146223
vn 1.000000 0.000000 0.000000
vn 1.000000 0.000000 0.000000
vn 1.000000 0.000000 0.000000
vn 1.000000 0.000000 0.000000
vn 0.000000 0.000000 -1.000000
vn 0.000000 0.000000 -1.000000
vn 0.000000 0.000000 -1.000000
vn 0.000000 0.000000 -1.000000
vn -0.000003 0.000000 -1.000000
vn 0.000000 0.000000 -1.000000
vn 0.000001 0.000000 -1.000000
vn 0.000000 0.000000 -1.000000
vn 0.000001 0.000000 -1.000000
vn 0.000000 0.000000 -1.000000
vn 0.000000 0.000000 -1.000000
vn 0.000000 0.000000 -1.000000
vn 0.000000 0.000000 -1.000000
vn 0.000000 0.000000 -1.000000
vn 0.000001 0.000000 -1.000000
vn 0.000000 0.000000 -1.000000
vn 0.000001 0.000000 -1.000000
vn 0.000000 0.000000 -1.000000
vn 0.000000 0.000000 -1.000000
vn 0.000000 0.000000 -1.000000
vn 0.000000 0.000000 -1.000000
vn 0.000000 0.000000 -1.000000
vn 0.000000 0.000000 -1.000000
vn 0.000002 0.000000 -1.000000
vn 0.000000 0.000000 -1.000000
vn 0.000005 0.000000 -1.000000
vn 0.000000 0.000000 -1.000000
vn 0.000001 0.000000 -1.000000
vn 0.000000 0.000000 -1.000000
vn -0.000002 0.000000 -1.000000
vn 0.000000 0.000000 -1.000000
vn 0.000000 0.000000 -1.000000
vn 0.000000 0.000000 -1.000000
vn 0.000001 0.000000 -1.000000
vn 0.000000 0.000000 -1.000000
vn 0.000008 0.000000 -1.000000
vn 0.000003 0.000000 -1.000000
vn 0.000000 0.000000 -1.000000
vn 0.000000 0.000000 -1.000000
vn 0.000000 0.000000 -1.000000
vn 0.000000 0.000000 -1.000000
vn 0.000000 0.000000 -1.000000
vn -0.000002 0.000000 -1.000000
vn 0.000000 0.000000 -1.000000
vn -0.000000 0.000000 -1.000000
vn 0.000000 0.000000 -1.000000
vn 0.000000 0.000000 -1.000000
vn -0.000004 0.000000 -1.000000
vn 0.000000 0.000000 -1.000000
vn 0.000000 0.000000 -1.000000
vn 0.000000 0.000000 -1.000000
vn 0.000000 0.000000 -1.000000
vn 0.000000 0.000000 -1.000000
vn 0.000000 0.000000 -1.000000
vn -0.000006 0.000000 -1.000000
vn 0.000000 0.000000 -1.000000
vn -0.000001 0.000000 -1.000000
vn 0.000000 0.000000 -1.000000
vn -0.000004 0.000000 -1.000000
vn 0.000000 0.000000 -1.000000
vn 0.000001 0.000000 -1.000000
vn 0.000000 0.000000 -1.000000
vn 0.000000 0.000000 -1.000000
vn -0.000000 0.000000 -1.000000
vn 0.000000 0.000000 -1.000000
vn -0.000003 0.000000 -1.000000
vn 0.000000 1.000000 0.000000
vn 0.000000 1.000000 0.000000
vn 0.000000 1.000000 0.000000
vn 0.000000 1.000000 0.000000
vn 0.000000 -1.000000 0.000000
vn 0.000000 -1.000000 0.000000
vn 0.000000 -1.000000 0.000000
vn 0.000000 -1.000000 0.000000
vn -1.000000 0.000000 0.000000
vn -1.000000 0.000000 0.000000
vn -1.000000 0.000000 0.000000
vn -1.000000 0.000000 0.000000
vn -0.000002 0.000000 -1.000000
vn 0.000000 0.000000 -1.000000
vn 0.000001 0.000000 -1.000000
vn 0.000000 0.000000 -1.000000
vn 0.000001 0.000000 -1.000000
vn 0.000000 0.000000 -1.000000
vn 0.000000 0.000000 -1.000000
vn 0.000000 0.000000 -1.000000
vn 0.000000 0.000000 -1.000000
vn 0.000000 0.000000 -1.000000
vn 0.000000 0.000000 -1.000000
vn 0.000000 0.000000 -1.000000
vn 0.000000 0.000000 -1.000000
vn 0.000000 0.000000 -1.000000
vn -0.000006 0.000000 -1.000000
vn 0.000000 0.000000 -1.000000
vn -0.000001 0.000000 -1.000000
vn 0.000000 0.000000 -1.000000
vn 0.000000 0.000000 -1.000000
vn 0.000000 0.000000 -1.000000
vn 0.000000 0.000000 -1.000000
vn 0.000000 0.000000 -1.000000
vn 0.000000 0.000000 -1.000000
vn 0.000000 0.000000 -1.000000
vn 0.000000 0.000000 -1.000000
vn 0.000000 0.000000 -1.000000
vn 0.000000 0.000000 -1.000000
vn 0.000000 0.000000 -1.000000
vn -0.000001 0.000000 -1.000000
vn 0.000000 0.000000 -1.000000
vn 0.000000 0.000000 -1.000000
vn 0.000000 0.000000 -1.000000
vn 0.000002 0.000000 -1.000000
vn 0.000000 0.000000 -1.000000
vn 0.000000 0.000000 -1.000000
vn 0.000000 0.000000 -1.000000
vn 0.000000 0.000000 -1.000000
vn 0.000000 0.000000 -1.000000
vn -0.000002 0.000000 -1.000000
vn 0.000000 0.000000 -1.000000
vn 0.000001 0.000000 -1.000000
vn 0.000000 0.000000 -1.000000
vn -0.000003 0.000000 -1.000000
vn 0.000000 0.000000 -1.000000
vn -0.000002 0.000000 -1.000000
vn 0.000000 0.000000 -1.000000
vn 0.000000 0.000000 -1.000000
vn 0.000000 0.000000 -1.000000
vn 0.000000 0.000000 -1.000000
vn 0.000000 0.000000 -1.000000
vn -0.000007 0.000000 -1.000000
vn 0.000000 0.000000 -1.000000
vn -0.000001 0.000000 -1.000000
vn 0.000000 0.000000 -1.000000
vn 0.000002 0.000000 -1.000000
vn 0.000000 0.000000 -1.000000
vn -0.000002 0.000000 -1.000000
vn 0.000000 0.000000 -1.000000
vn 0.000000 0.000000 -1.000000
vn 0.000000 0.000000 -1.000000
vn 0.000001 0.000000 -1.000000
vn 0.000000 0.000000 -1.000000
vn 0.000000 0.000000 -1.000000
vn 0.000001 0.000000 -1.000000
vn 0.000000 0.000000 -1.000000
vn -0.000002 0.000000 -1.000000
vn 1.000000 0.000000 0.000000
vn 1.000000 0.000000 0.000000
vn 1.000000 0.000000 0.000000
vn 1.000000 0.000000 0.000000
vn 0.000000 0.000000 1.000000
vn 0.000000 0.000000 1.000000
vn 0.000000 0.000000 1.000000
vn 0.000000 0.000000 1.000000
vn 0.000000 1.000000 0.000000
vn 0.000000 1.000000 0.000000
vn 0.000000 1.000000 0.000000
vn 0.000000 1.000000 0.000000
vn -0.951056 0.309017 0.000000
vn -0.951056 0.309017 0.000000
vn 0.000000 0.000000 1.000000
vn 0.000000 0.000000 1.000000
vn -0.000001 0.000000 1.000000
vn 0.000000 0.000000 1.000000
vn -0.000001 0.000000 1.000000
vn 0.000000 0.000000 1.000000
vn 0.000000 0.000000 1.000000
vn 0.000000 0.000000 1.000000
vn 0.000000 0.000000 1.000000
vn 0.000000 0.000000 1.000000
vn 0.000000 0.000000 1.000000
vn 0.000000 0.000000 1.000000
vn -0.000004 0.000000 1.000000
vn 0.000000 0.000000 1.000000
vn 0.000000 0.000000 1.000000
vn 0.000000 0.000000 1.000000
vn -0.000000 0.000000 1.000000
vn 0.000000 0.000000 1.000000
vn -0.000005 0.000000 1.000000
vn 0.000000 0.000000 1.000000
vn -0.000002 0.000000 1.000000
vn 0.000000 0.000000 1.000000
vn 0.000001 0.000000 1.000000
vn 0.000000 0.000000 1.000000
vn -0.000005 0.000000 1.000000
vn 0.000000 0.000000 1.000000
vn -0.000004 0.000000 1.000000
vn 0.000000 0.000000 1.000000
vn -0.000002 0.000000 1.000000
vn 0.000000 0.000000 1.000000
vn -0.000001 0.000000 1.000000
vn 0.000000 0.000000 1.000000
vn 0.000000 0.000000 1.000000
vn -0.000002 0.000000 1.000000
vn 0.000000 0.000000 1.000000
vn 0.000000 0.000000 1.000000
vn 0.000000 0.000000 1.000000
vn 0.000000 0.000000 1.000000
vn 0.000002 0.000000 1.000000
vn -0.000001 0.000000 1.000000
vn 0.000000 0.000000 1.000000
vn -0.000002 0.000000 1.000000
vn 0.000000 0.000000 1.000000
vn 0.000000 0.000000 1.000000
vn 0.000000 0.000000 1.000000
vn 0.000001 0.000000 1.000000
vn 0.000000 0.000000 1.000000
vn -0.000002 0.000000 1.000000
vn -0.000004 0.000000 1.000000
vn 0.000000 0.000000 1.000000
vn 0.000001 0.000000 1.000000
vn 0.000000 0.000000 1.000000
vn 0.000000 0.000000 1.000000
vn 0.000001 0.000000 1.000000
vn 0.000000 0.000000 1.000000
vn 0.000000 0.000000 1.000000
vn 0.000000 1.000000 0.000000
vn 0.000000 1.000000 0.000000
vn 0.000000 1.000000 0.000000
vn 0.000000 1.000000 0.000000
vn -0.000002 0.000000 1.000000
vn 0.000000 0.000000 1.000000
vn -0.000001 0.000000 1.000000
vn 0.000000 0.000000 1.000000
vn -0.000001 0.000000 1.000000
vn 0.000000 0.000000 1.000000
vn 0.000000 0.000000 1.000000
vn -0.000000 0.000000 1.000000
vn -0.000010 0.000000 1.000000
vn 0.000000 0.000000 1.000000
vn -0.000011 0.000000 1.000000
vn 0.000000 0.000000 1.000000
vn -0.000004 0.000000 1.000000
vn 0.000000 0.000000 1.000000
vn -0.000003 0.000000 1.000000
vn 0.000000 0.000000 1.000000
vn -0.000002 0.000000 1.000000
vn 0.000000 0.000000 1.000000
vn 0.000000 0.000000 1.000000
vn 0.000000 0.000000 1.000000
vn 0.000001 0.000000 1.000000
vn 0.000000 0.000000 1.000000
vn 0.000001 0.000000 1.000000
vn 0.000000 0.000000 1.000000
vn 0.000005 0.000000 1.000000
vn 0.000000 0.000000 1.000000
vn -0.000002 0.000000 1.000000
vn 0.000000 0.000000 1.000000
vn -0.000000 0.000000 1.000000
vn 0.000000 0.000000 1.000000
vn -0.000002 0.000000 1.000000
vn 0.000000 0.000000 1.000000
vn 0.000003 0.000000 1.000000
vn 0.000000 0.000000 1.000000
vn 0.000002 0.000000 1.000000
vn 0.000000 0.000000 1.000000
vn -0.000001 0.000000 1.000000
vn 0.000000 0.000000 1.000000
vn -0.000001 0.000000 1.000000
vn 0.000000 0.000000 1.000000
vn 0.000000 0.000000 1.000000
vn 0.000000 0.000000 1.000000
vn -0.000002 0.000000 1.000000
vn 0.000000 0.000000 1.000000
vn 0.000000 0.000000 1.000000
vn 0.000000 0.000000 1.000000
vn -0.000001 0.000000 1.000000
vn 0.000000 0.000000 1.000000
vn 0.000002 0.000000 1.000000
vn 0.000000 0.000000 1.000000
vn 0.000001 0.000000 1.000000
vn 0.000000 0.000000 1.000000
vn -0.000004 0.000000 1.000000
vn 0.000000 0.000000 1.000000
vn -0.000010 0.000000 1.000000
vn 0.000000 0.000000 1.000000
vn -0.000011 0.000000 1.000000
vn 0.000000 0.000000 1.000000
vn -0.000006 0.000000 1.000000
vn 0.000000 0.000000 1.000000
vn -0.000009 0.000000 1.000000
vn 0.000000 0.000000 1.000000
vn -0.000001 0.000000 1.000000
vn 0.000000 0.000000 1.000000
vn 0.000001 0.000000 1.000000
vn 0.000000 0.000000 1.000000
vn 0.000000 0.000000 1.000000
vn 0.000000 0.000000 1.000000
vn 0.000002 0.000000 1.000000
vn 0.000000 0.000000 1.000000
vn 0.000000 0.000000 1.000000
vn 0.000000 0.000000 1.000000
vn 0.000002 0.000000 1.000000
vn 0.000000 0.000000 1.000000
vn -0.000000 0.000000 1.000000
vn 0.000000 0.000000 1.000000
vn 0.156435 -0.987688 0.000000
vn 0.156435 -0.987688 0.000000
vn 0.156434 -0.987688 0.000000
vn 0.156433 -0.987689 0.000000
vn 0.453990 -0.891007 0.000000
vn 0.453989 -0.891007 0.000001
vn 0.453989 -0.891007 0.000005
vn 0.453989 -0.891007 0.000006
vn 0.707107 -0.707107 0.000003
vn 0.707107 -0.707107 0.000002
vn 0.707107 -0.707107 0.000001
vn 0.707107 -0.707107 0.000000
vn 0.891007 -0.453990 0.000000
vn 0.891006 -0.453992 0.000005
vn 0.891003 -0.453998 0.000017
vn 0.891002 -0.454000 0.000022
vn 0.987689 -0.156429 0.000018
vn 0.987689 -0.156431 0.000013
vn 0.987688 -0.156435 0.000002
vn 0.987688 -0.156437 -0.000003
vn 0.987689 0.156428 0.000002
vn 0.987689 0.156430 0.000002
vn 0.987688 0.156435 0.000002
vn 0.987688 0.156437 0.000002
vn 0.891002 0.454000 0.000006
vn 0.891003 0.453998 0.000009
vn 0.891006 0.453992 0.000015
vn 0.891007 0.453990 0.000018
vn 0.707100 0.707113 0.000019
vn 0.707103 0.707110 0.000013
vn 0.707110 0.707103 -0.000000
vn 0.707113 0.707100 -0.000006
vn 0.453995 0.891004 0.000000
vn 0.453996 0.891004 0.000000
vn 0.453999 0.891002 0.000000
vn 0.454000 0.891002 0.000000
vn 0.156436 0.987688 0.000000
vn 0.156436 0.987688 0.000000
vn 0.156436 0.987688 0.000000
vn 0.156436 0.987688 0.000000
vn -0.156438 0.987688 0.000000
vn -0.156438 0.987688 0.000000
vn -0.156438 0.987688 0.000000
vn -0.156438 0.987688 0.000000
vn -0.453995 0.891004 -0.000006
vn -0.453992 0.891006 -0.000003
vn -0.453987 0.891008 0.000003
vn -0.453984 0.891010 0.000006
vn -0.707100 0.707113 0.000006
vn -0.707102 0.707112 0.000006
vn -0.707105 0.707108 0.000006
vn -0.707107 0.707107 0.000006
vn -0.891007 0.453989 0.000000
vn -0.891007 0.453989 -0.000001
vn -0.891007 0.453989 -0.000005
vn -0.891007 0.453989 -0.000006
vn -0.987688 0.156437 -0.000002
vn -0.987688 0.156437 -0.000002
vn -0.987688 0.156437 -0.000002
vn -0.987688 0.156437 -0.000002
vn -0.987689 -0.156432 0.000001
vn -0.987689 -0.156432 0.000001
vn -0.987689 -0.156432 0.000001
vn -0.987689 -0.156432 0.000002
vn -0.891002 -0.454000 0.000003
vn -0.891004 -0.453995 0.000002
vn -0.891010 -0.453984 0.000001
vn -0.891012 -0.453980 0.000000
vn -0.707100 -0.707113 0.000006
vn -0.707103 -0.707110 0.000005
vn -0.707110 -0.707103 0.000001
vn -0.707113 -0.707100 0.000000
vn -0.453990 -0.891007 0.000000
vn -0.453991 -0.891006 0.000000
vn -0.453994 -0.891005 0.000000
vn -0.453995 -0.891004 0.000000
vn -0.156433 -0.987689 0.000000
vn -0.156437 -0.987688 0.000000
vn -0.156434 -0.987689 0.000000
vn -0.156438 -0.987688 0.000000
vn -1.000000 0.000000 0.000000
vn -1.000000 0.000000 0.000000
vn -1.000000 0.000000 0.000000
vn -1.000000 0.000000 0.000000
vn 0.000000 -1.000000 0.000000
vn 0.000000 -1.000000 0.000000
vn 0.000000 -1.000000 0.000000
vn 0.000000 -1.000000 0.000000
vn -0.587784 -0.809018 0.000000
vn -0.809017 -0.587785 0.000000
vn -0.587784 -0.809018 0.000000
vn -0.809017 -0.587785 0.000000
vn -0.309017 -0.951056 0.000000
vn -0.309017 -0.951056 0.000000
vn -0.309017 -0.951056 0.000000
vn -0.309017 -0.951056 0.000000
vn 0.000000 -1.000000 0.000000
vn 0.000000 -1.000000 0.000000
vn 0.309018 -0.951056 0.000000
vn 0.309018 -0.951056 0.000000
vn 0.309018 -0.951056 0.000000
vn 0.309018 -0.951056 0.000000
vn 0.587784 -0.809018 0.000000
vn 0.587784 -0.809018 0.000000
vn 0.809017 -0.587785 0.000000
vn 0.809017 -0.587785 0.000000
vn 0.809017 -0.587785 0.000000
vn 0.809017 -0.587785 0.000000
vn 0.951057 -0.309014 0.000000
vn 0.951057 -0.309014 0.000000
vn 0.951057 -0.309014 0.000000
vn 0.951057 -0.309014 0.000000
vn 1.000000 0.000000 0.000000
vn 1.000000 0.000000 0.000000
vn 0.951057 0.309014 0.000000
vn 0.951057 0.309014 0.000000
vn 0.951057 0.309014 0.000000
vn 0.951057 0.309014 0.000000
vn 0.809017 0.587785 0.000000
vn 0.809017 0.587785 0.000000
vn 0.809017 0.587785 0.000000
vn 0.809017 0.587785 0.000000
vn 0.587784 0.809018 0.000000
vn 0.587784 0.809018 0.000000
vn 0.309018 0.951056 0.000000
vn 0.309018 0.951056 0.000000
vn 0.309018 0.951056 0.000000
vn 0.309018 0.951056 0.000000
vn 0.000000 1.000000 0.000000
vn 0.000000 1.000000 0.000000
vn -0.309018 0.951056 0.000000
vn -0.309018 0.951056 0.000000
vn -0.309018 0.951056 0.000000
vn -0.309018 0.951056 0.000000
vn -0.587786 0.809016 0.000000
vn -0.587786 0.809016 0.000000
vn -0.809017 0.587785 0.000000
vn -0.809017 0.587785 0.000000
vn -0.809017 0.587785 0.000000
vn -0.809017 0.587785 0.000000
vn -0.951056 0.309017 0.000000
vn -0.951056 0.309017 0.000000
vn -0.951056 0.309017 0.000000
vn -0.951056 0.309017 0.000000
vn -1.000000 0.000000 0.000000
vn -1.000000 0.000000 0.000000
vn -0.951057 -0.309014 0.000000
vn -0.951057 -0.309014 0.000000
vn -0.809017 -0.587785 0.000000
vn -0.951057 -0.309014 0.000000
vn -0.809017 -0.587785 0.000000
vn -0.951057 -0.309014 0.000000
vn 0.000004 0.000000 1.000000
vn 0.000000 0.000000 1.000000
vn 0.601871 0.798593 -0.000000
vn 0.809015 0.587788 0.000000
vn 0.610240 0.792217 0.000001
vn 0.809015 0.587788 0.000000
vn 0.000000 0.000000 -1.000000
vn 0.000000 0.000000 -1.000000
vn 0.000000 -1.000000 0.000000
vn -0.309017 -0.951056 0.000000
vn 0.000000 -1.000000 0.000000
vn -0.309017 -0.951056 0.000000
vn 0.309018 -0.951056 0.000000
vn 0.309018 -0.951056 0.000000
vn 0.309018 -0.951056 0.000000
vn 0.309018 -0.951056 0.000000
vn 0.587784 -0.809018 0.000000
vn 0.587784 -0.809018 0.000000
vn 0.809017 -0.587785 0.000000
vn 0.809017 -0.587785 0.000000
vn 0.809017 -0.587785 0.000000
vn 0.809017 -0.587785 0.000000
vn 0.951057 -0.309014 0.000000
vn 0.951057 -0.309014 0.000000
vn 0.951057 -0.309014 0.000000
vn 0.951057 -0.309014 0.000000
vn 1.000000 0.000000 0.000000
vn 1.000000 0.000000 0.000000
vn 0.951057 0.309014 0.000000
vn 0.951057 0.309014 0.000000
vn 0.951057 0.309014 0.000000
vn 0.951057 0.309014 0.000000
vn 0.809017 0.587785 0.000000
vn 0.809017 0.587785 0.000000
vn 0.809017 0.587785 0.000000
vn 0.809017 0.587785 0.000000
vn 0.587784 0.809018 0.000000
vn 0.587784 0.809018 0.000000
vn 0.309018 0.951056 0.000000
vn 0.309018 0.951056 0.000000
vn 0.309018 0.951056 0.000000
vn 0.309018 0.951056 0.000000
vn 0.000000 1.000000 0.000000
vn 0.000000 1.000000 0.000000
vn -0.309018 0.951056 0.000000
vn -0.309018 0.951056 0.000000
vn 0.000000 0.000000 -1.000000
vn 0.000000 0.000000 -1.000000
vn 0.588048 -0.808826 0.000000
vn 0.809015 -0.587788 0.000000
vn 0.611928 -0.790913 -0.000001
vn 0.809015 -0.587788 0.000000
vn 0.000003 0.000000 1.000000
vn 0.000000 0.000000 1.000000
vn 0.000000 1.000000 0.000000
vn 0.000000 1.000000 0.000000
vn 0.000000 1.000000 0.000000
vn 0.000000 1.000000 0.000000
vn -1.000000 0.000000 0.000000
vn -1.000000 0.000000 0.000000
vn -1.000000 0.000000 0.000000
vn -1.000000 0.000000 0.000000
vn 0.000000 -1.000000 0.000000
vn 0.000000 -1.000000 0.000000
vn 0.000000 -1.000000 0.000000
vn 0.000000 -1.000000 0.000000
vn 1.000000 0.000000 0.000000
vn 1.000000 0.000000 0.000000
vn 1.000000 0.000000 0.000000
vn 1.000000 0.000000 0.000000
vn 0.000004 0.000000 1.000000
vn 0.000000 0.000000 1.000000
vn 0.601809 0.798640 0.000000
vn 0.809014 0.587789 0.000000
vn 0.610188 0.792257 0.000000
vn 0.809019 0.587783 0.000000
vn 0.000000 0.000000 -1.000000
vn 0.000000 0.000000 -1.000000
vn 0.000000 -1.000000 0.000000
vn -0.309017 -0.951056 0.000000
vn 0.000000 -1.000000 0.000000
vn -0.309017 -0.951056 0.000000
vn 0.309018 -0.951056 0.000000
vn 0.309018 -0.951056 0.000000
vn 0.309018 -0.951056 0.000000
vn 0.309018 -0.951056 0.000000
vn 0.587784 -0.809018 0.000000
vn 0.587784 -0.809018 0.000000
vn 0.809017 -0.587785 0.000000
vn 0.809017 -0.587785 0.000000
vn 0.809017 -0.587785 0.000000
vn 0.809017 -0.587785 0.000000
vn 0.951057 -0.309014 0.000000
vn 0.951057 -0.309014 0.000000
vn 0.951057 -0.309014 0.000000
vn 0.951057 -0.309014 0.000000
vn 1.000000 0.000000 0.000000
vn 1.000000 0.000000 0.000000
vn 0.951057 0.309014 0.000000
vn 0.951057 0.309014 0.000000
vn 0.951057 0.309014 0.000000
vn 0.951057 0.309014 0.000000
vn 0.809017 0.587785 0.000000
vn 0.809017 0.587785 0.000000
vn 0.809017 0.587785 0.000000
vn 0.809017 0.587785 0.000000
vn 0.587784 0.809018 0.000000
vn 0.587784 0.809018 0.000000
vn 0.000000 1.000000 0.000000
vn 0.000000 1.000000 0.000000
vn -0.309018 0.951056 0.000000
vn -0.309018 0.951056 0.000000
vn -0.309018 0.951056 0.000000
vn -0.309018 0.951056 0.000000
vn -0.587786 0.809016 0.000000
vn -0.587786 0.809016 0.000000
vn -0.809017 0.587785 0.000000
vn -0.809017 0.587785 0.000000
vn -0.809017 0.587785 0.000000
vn -0.809017 0.587785 0.000000
vn -0.951056 0.309017 0.000000
vn -0.951056 0.309017 0.000000
vn -0.951056 0.309017 0.000000
vn -0.951056 0.309017 0.000000
vn -1.000000 0.000000 0.000000
vn -1.000000 0.000000 0.000000
vn -0.951057 -0.309014 0.000000
vn -0.951057 -0.309014 0.000000
vn -0.951057 -0.309014 0.000000
vn -0.951057 -0.309014 0.000000
vn -0.809017 -0.587785 0.000000
vn -0.809017 -0.587785 0.000000
vn -0.809017 -0.587785 0.000000
vn -0.809017 -0.587785 0.000000
vn -0.587784 -0.809018 0.000000
vn -0.587784 -0.809018 0.000000
vn -0.309017 -0.951056 0.000000
vn -0.309017 -0.951056 0.000000
vn -0.309017 -0.951056 0.000000
vn -0.309017 -0.951056 0.000000
vn 0.000000 -1.000000 0.000000
vn 0.000000 -1.000000 0.000000
vn 0.309018 -0.951056 0.000000
vn 0.309018 -0.951056 0.000000
vn 0.309018 -0.951056 0.000000
vn 0.309018 -0.951056 0.000000
vn 0.587784 -0.809018 0.000000
vn 0.587784 -0.809018 0.000000
vn 0.809017 -0.587785 0.000000
vn 0.809017 -0.587785 0.000000
vn 0.809017 -0.587785 0.000000
vn 0.809017 -0.587785 0.000000
vn 0.951057 -0.309014 0.000000
vn 0.951057 -0.309014 0.000000
vn 0.951057 -0.309014 0.000000
vn 0.951057 -0.309014 0.000000
vn 1.000000 0.000000 0.000000
vn 1.000000 0.000000 0.000000
vn 0.951057 0.309014 0.000000
vn 0.951057 0.309014 0.000000
vn 0.951057 0.309014 0.000000
vn 0.951057 0.309014 0.000000
vn 0.809017 0.587785 0.000000
vn 0.809017 0.587785 0.000000
vn 0.809017 0.587785 0.000000
vn 0.809017 0.587785 0.000000
vn 0.587784 0.809018 0.000000
vn 0.587784 0.809018 0.000000
vn 0.309018 0.951056 0.000000
vn 0.309018 0.951056 0.000000
vn 0.309018 0.951056 0.000000
vn 0.309018 0.951056 0.000000
vn 0.309018 0.951056 0.000000
vn 0.309018 0.951056 0.000000
vn 0.309018 0.951056 0.000000
vn 0.309018 0.951056 0.000000
vn 0.000000 1.000000 0.000000
vn 0.000000 1.000000 0.000000
vn 0.000000 0.000000 -1.000000
vn 0.000000 0.000000 -1.000000
vn 0.601227 -0.799079 0.000000
vn 0.809015 -0.587789 0.000000
vn 0.610712 -0.791853 0.000000
vn 0.809018 -0.587783 0.000000
vn 0.000003 0.000000 1.000000
vn 0.000000 0.000000 1.000000
vn -0.309018 0.951056 0.000000
vn -0.309018 0.951056 0.000000
vn 0.000000 1.000000 0.000000
vn 0.000000 1.000000 0.000000
vn 0.000000 1.000000 0.000000
vn 0.000000 1.000000 0.000000
vn 0.156434 -0.987688 -0.000001
vn 0.156433 -0.987689 -0.000000
vn 0.156434 -0.987688 -0.000001
vn 0.156433 -0.987689 0.000000
vn -0.156437 -0.987688 0.000009
vn -0.156437 -0.987688 0.000007
vn -0.156437 -0.987688 0.000002
vn -0.156437 -0.987688 0.000000
vn -0.453985 -0.891009 0.000000
vn -0.453988 -0.891008 0.000000
vn -0.453999 -0.891002 0.000000
vn -0.454001 -0.891001 0.000000
vn -0.707098 -0.707116 -0.000004
vn -0.707101 -0.707112 -0.000004
vn -0.707114 -0.707099 -0.000004
vn -0.707118 -0.707096 -0.000004
vn -0.891013 -0.453978 -0.000004
vn -0.891010 -0.453983 -0.000007
vn -0.891001 -0.454001 -0.000018
vn -0.890999 -0.454005 -0.000021
vn -0.987689 -0.156428 -0.000022
vn -0.987689 -0.156430 -0.000019
vn -0.987687 -0.156441 -0.000007
vn -0.987687 -0.156443 -0.000003
vn -0.987687 0.156441 0.000002
vn -0.987687 0.156441 0.000002
vn -0.987687 0.156443 0.000003
vn -0.987687 0.156444 0.000003
vn -0.891006 0.453992 0.000013
vn -0.891007 0.453990 0.000010
vn -0.891010 0.453983 -0.000001
vn -0.891011 0.453981 -0.000004
vn -0.707107 0.707107 -0.000009
vn -0.707106 0.707107 -0.000009
vn -0.707103 0.707110 -0.000009
vn -0.707103 0.707111 -0.000009
vn -0.453985 0.891009 -0.000009
vn -0.453984 0.891010 -0.000007
vn -0.453979 0.891012 -0.000002
vn -0.453978 0.891013 0.000000
vn -0.156437 0.987688 0.000000
vn -0.156438 0.987688 0.000000
vn -0.156441 0.987687 0.000000
vn -0.156441 0.987687 0.000000
vn 0.156431 0.987689 0.000000
vn 0.156432 0.987689 0.000000
vn 0.156435 0.987688 0.000000
vn 0.156436 0.987688 0.000000
vn 0.453978 0.891013 0.000000
vn 0.453981 0.891011 0.000000
vn 0.453993 0.891005 0.000000
vn 0.453997 0.891003 0.000000
vn 0.707107 0.707107 0.000000
vn 0.707107 0.707106 0.000000
vn 0.707108 0.707105 0.000000
vn 0.707109 0.707105 0.000000
vn 0.891013 0.453978 -0.000004
vn 0.891011 0.453982 -0.000005
vn 0.891003 0.453997 -0.000008
vn 0.891001 0.454001 -0.000009
vn 0.987688 0.156434 -0.000003
vn 0.987689 0.156432 -0.000003
vn 0.987690 0.156423 -0.000002
vn 0.987691 0.156420 -0.000002
vn 0.987689 -0.156429 0.000003
vn 0.987689 -0.156428 0.000002
vn 0.987690 -0.156426 -0.000002
vn 0.987690 -0.156425 -0.000003
vn 0.891006 -0.453993 -0.000009
vn 0.891006 -0.453993 -0.000007
vn 0.891006 -0.453993 -0.000002
vn 0.891006 -0.453993 0.000000
vn 0.707107 -0.707107 0.000000
vn 0.707105 -0.707109 -0.000003
vn 0.707097 -0.707117 -0.000016
vn 0.707095 -0.707119 -0.000019
vn 0.454000 -0.891002 -0.000013
vn 0.453997 -0.891003 -0.000011
vn 0.453988 -0.891008 -0.000002
vn 0.453985 -0.891009 0.000000
vn 0.000004 0.000000 -1.000000
vn 0.000000 0.000000 -1.000000
vn 0.000004 0.000000 -1.000000
vn 0.000000 0.000000 -1.000000
vn 0.000002 0.000000 -1.000000
vn 0.000000 0.000000 -1.000000
vn -0.000001 0.000000 -1.000000
vn 0.000000 0.000000 -1.000000
vn -0.000001 0.000000 -1.000000
vn 0.000000 0.000000 -1.000000
vn -0.000001 0.000000 -1.000000
vn 0.000000 0.000000 -1.000000
vn -0.000001 0.000000 -1.000000
vn 0.000000 0.000000 -1.000000
vn 0.000000 0.000000 -1.000000
vn 0.000000 0.000000 -1.000000
vn 0.000000 0.000000 -1.000000
vn 0.000000 0.000000 -1.000000
vn -0.000002 0.000000 -1.000000
vn 0.000000 0.000000 -1.000000
vn -0.000003 0.000000 -1.000000
vn 0.000000 0.000000 -1.000000
vn -0.000001 0.000000 -1.000000
vn 0.000000 0.000000 -1.000000
vn 0.000000 0.000000 -1.000000
vn 0.000000 0.000000 -1.000000
vn 0.000000 0.000000 -1.000000
vn 0.000000 0.000000 -1.000000
vn 0.000001 0.000000 -1.000000
vn 0.000000 0.000000 -1.000000
vn -0.000007 0.000000 -1.000000
vn 0.000000 0.000000 -1.000000
vn -0.000001 0.000000 -1.000000
vn 0.000000 0.000000 -1.000000
vn -0.000004 0.000000 -1.000000
vn 0.000000 0.000000 -1.000000
vn 0.000005 0.000000 -1.000000
vn 0.000000 0.000000 -1.000000
vn 0.000000 0.000000 -1.000000
vn 0.000000 0.000000 -1.000000
vn -0.309017 -0.951056 0.000000
vn -0.587784 -0.809018 0.000000
vn -0.309017 -0.951056 0.000000
vn -0.587784 -0.809018 0.000000
vn 0.000010 0.000000 1.000000
vn 0.000000 0.000000 1.000000
vn 0.951055 0.309023 0.000000
vn 0.951055 0.309023 0.000000
vn 0.000000 0.000000 -1.000000
vn 0.000000 0.000000 -1.000000
vn -0.309018 0.951056 0.000000
vn -0.309018 0.951056 0.000000
vn -0.587786 0.809016 0.000000
vn -0.587786 0.809016 0.000000
vn 0.000000 0.000000 -1.000000
vn 0.000000 0.000000 -1.000000
vn 0.951055 -0.309023 0.000000
vn 0.951055 -0.309023 0.000000
vn 0.000006 0.000000 1.000000
vn 0.000000 0.000000 1.000000
vn -0.309017 -0.951056 0.000000
vn -0.587784 -0.809018 0.000000
vn -0.309017 -0.951056 0.000000
vn -0.587784 -0.809018 0.000000
vn 0.000010 0.000000 1.000000
vn 0.000000 0.000000 1.000000
vn 0.951057 0.309015 0.000000
vn 0.951056 0.309019 0.000000
vn 0.000000 0.000000 -1.000000
vn 0.000000 0.000000 -1.000000
vn -0.309018 0.951056 0.000000
vn -0.309018 0.951056 0.000000
vn -0.587786 0.809016 0.000000
vn -0.587786 0.809016 0.000000
vn 0.000000 0.000000 -1.000000
vn 0.000000 0.000000 -1.000000
vn 0.951057 -0.309015 0.000000
vn 0.951056 -0.309019 0.000000
vn 0.000006 0.000000 1.000000
vn 0.000000 0.000000 1.000000
vn -0.000001 0.000000 1.000000
vn 0.000000 0.000000 1.000000
vn 0.000001 0.000000 1.000000
vn 0.000000 0.000000 1.000000
vn -0.000002 0.000000 1.000000
vn 0.000000 0.000000 1.000000
vn 0.000004 0.000000 1.000000
vn 0.000000 0.000000 1.000000
vn 0.000002 0.000000 1.000000
vn 0.000000 0.000000 1.000000
vn 0.000001 0.000000 1.000000
vn 0.000000 0.000000 1.000000
vn 0.000001 0.000000 1.000000
vn 0.000000 0.000000 1.000000
vn 0.000000 0.000000 1.000000
vn 0.000000 0.000000 1.000000
vn -0.000003 0.000000 1.000000
vn 0.000000 0.000000 1.000000
vn 0.000001 0.000000 1.000000
vn 0.000000 0.000000 1.000000
vn 0.000002 0.000000 1.000000
vn 0.000000 0.000000 1.000000
vn 0.000001 0.000000 1.000000
vn 0.000000 0.000000 1.000000
vn 0.000001 0.000000 1.000000
vn 0.000000 0.000000 1.000000
vn -0.000004 0.000000 1.000000
vn 0.000000 0.000000 1.000000
vn -0.000002 0.000000 1.000000
vn 0.000000 0.000000 1.000000
vn 0.000000 0.000000 1.000000
vn 0.000000 0.000000 1.000000
vn 0.000000 0.000000 1.000000
vn 0.000000 0.000000 1.000000
vn -0.000003 0.000000 1.000000
vn 0.000000 0.000000 1.000000
vn -0.000003 0.000000 1.000000
vn 0.000000 0.000000 1.000000
vn -0.000001 0.000000 1.000000
vn 0.000000 0.000000 1.000000
vn 0.000000 1.000000 0.000000
vn 0.000000 1.000000 0.000000
vn -0.309018 0.951056 0.000000
vn -0.309018 0.951056 0.000000
vn -0.309018 0.951056 0.000000
vn -0.309018 0.951056 0.000000
vn -0.587786 0.809016 0.000000
vn -0.587786 0.809016 0.000000
vn -0.809017 0.587785 0.000000
vn -0.809017 0.587785 0.000000
vn -0.809017 0.587785 0.000000
vn -0.809017 0.587785 0.000000
vn -0.951056 0.309017 0.000000
vn -0.951056 0.309017 0.000000
vn -0.951056 0.309017 0.000000
vn -0.951056 0.309017 0.000000
vn -1.000000 0.000000 0.000000
vn -1.000000 0.000000 0.000000
vn -0.951057 -0.309014 0.000000
vn -0.951057 -0.309014 0.000000
vn -0.951057 -0.309014 0.000000
vn -0.951057 -0.309014 0.000000
vn -0.809017 -0.587785 0.000000
vn -0.809017 -0.587785 0.000000
vn -0.809017 -0.587785 0.000000
vn -0.809017 -0.587785 0.000000
vn -0.587784 -0.809018 0.000000
vn -0.587784 -0.809018 0.000000
vn -0.309017 -0.951056 0.000000
vn -0.309017 -0.951056 0.000000
vn -0.309017 -0.951056 0.000000
vn -0.309017 -0.951056 0.000000
vn 0.000000 -1.000000 0.000000
vn 0.000000 -1.000000 0.000000
vn 0.309018 -0.951056 0.000000
vn 0.309018 -0.951056 0.000000
vn 0.309018 -0.951056 0.000000
vn 0.309018 -0.951056 0.000000
vn 0.587784 -0.809018 0.000000
vn 0.587784 -0.809018 0.000000
vn 0.809017 -0.587785 0.000000
vn 0.809017 -0.587785 0.000000
vn 0.809017 -0.587785 0.000000
vn 0.809017 -0.587785 0.000000
vn 0.951057 -0.309014 0.000000
vn 0.951057 -0.309014 0.000000
vn 0.951057 -0.309014 0.000000
vn 0.951057 -0.309014 0.000000
vn 1.000000 0.000000 0.000000
vn 1.000000 0.000000 0.000000
vn 0.951057 0.309014 0.000000
vn 0.951057 0.309014 0.000000
vn 0.951057 0.309014 0.000000
vn 0.951057 0.309014 0.000000
vn 0.809017 0.587785 0.000000
vn 0.809017 0.587785 0.000000
vn 0.809017 0.587785 0.000000
vn 0.809017 0.587785 0.000000
vn 0.587784 0.809018 0.000000
vn 0.587784 0.809018 0.000000
vn 0.309018 0.951056 0.000000
vn 0.309018 0.951056 0.000000
vn 0.309018 0.951056 0.000000
vn 0.309018 0.951056 0.000000
vn -0.809017 -0.587785 0.000000
vn -0.809017 -0.587785 0.000000
vn 0.000011 0.000000 1.000000
vn 0.000000 0.000000 1.000000
vn 1.000000 -0.000009 0.000000
vn 1.000000 0.000009 0.000000
vn -0.000004 0.000000 -1.000000
vn 0.000000 0.000000 -1.000000
vn -0.809017 0.587785 0.000000
vn -0.809017 0.587785 0.000000
vn 0.000000 0.000000 -1.000000
vn 0.000000 0.000000 -1.000000
vn 0.000007 0.000000 1.000000
vn 0.000000 0.000000 1.000000
vn -0.809017 -0.587785 0.000000
vn -0.809017 -0.587785 0.000000
vn 0.000011 0.000000 1.000000
vn 0.000000 0.000000 1.000000
vn 1.000000 -0.000004 0.000000
vn 1.000000 0.000004 0.000000
vn -0.000004 0.000000 -1.000000
vn 0.000000 0.000000 -1.000000
vn -0.809017 0.587785 0.000000
vn -0.809017 0.587785 0.000000
vn 0.000000 0.000000 -1.000000
vn 0.000000 0.000000 -1.000000
vn 0.000007 0.000000 1.000000
vn 0.000000 0.000000 1.000000
vn -0.809017 -0.587785 0.000000
vn -0.809017 -0.587785 0.000000
vn -0.951057 -0.309014 0.000000
vn -0.951057 -0.309014 0.000000
vn 0.000006 0.000000 1.000000
vn 0.000000 0.000000 1.000000
vn -0.000002 0.000000 -1.000000
vn 0.000000 0.000000 -1.000000
vn -0.809017 0.587785 0.000000
vn -0.809017 0.587785 0.000000
vn -0.951056 0.309017 0.000000
vn -0.951056 0.309017 0.000000
vn -0.809017 -0.587785 0.000000
vn -0.809017 -0.587785 0.000000
vn -0.951057 -0.309014 0.000000
vn -0.951057 -0.309014 0.000000
vn 0.000006 0.000000 1.000000
vn 0.000000 0.000000 1.000000
vn -0.000002 0.000000 -1.000000
vn 0.000000 0.000000 -1.000000
vn -0.809017 0.587785 0.000000
vn -0.809017 0.587785 0.000000
vn -0.951056 0.309017 0.000000
vn -0.951056 0.309017 0.000000
vn -0.951057 -0.309014 0.000000
vn -0.951057 -0.309014 0.000000
vn -0.918302 0.000533 0.395880
vn -0.918429 0.000532 0.395586
vn -1.000000 0.000000 0.000000
vn -1.000000 0.000000 0.000000
vn -0.000000 1.000000 -0.000004
vn -0.000000 1.000000 -0.000004
vn -0.000000 1.000000 -0.000008
vn -0.000000 1.000000 -0.000002
vn -0.000000 1.000000 -0.000004
vn 0.000000 1.000000 0.000000
vn 0.000000 1.000000 0.000001
vn 0.000000 1.000000 0.000000
vn 0.000000 1.000000 -0.000000
vn 0.000000 1.000000 0.000000
vn 0.000000 1.000000 0.000000
vn 0.000000 1.000000 0.000000
vn 0.000000 1.000000 0.000000
vn 0.000000 1.000000 0.000000
vn 0.000000 0.000000 -1.000000
vn 0.000000 0.000000 -1.000000
vn -0.000000 0.000000 -1.000000
vn 0.000000 0.000000 -1.000000
vn -0.000000 0.000000 -1.000000
vn -0.000000 0.000000 -1.000000
vn -0.000000 0.000000 -1.000000
vn -0.000000 0.000000 -1.000000
vn -0.000000 0.000000 -1.000000
vn -0.000000 0.000000 -1.000000
vn 0.000000 0.000000 -1.000000
vn 0.000000 0.000000 -1.000000
vn 0.000000 0.000000 -1.000000
vn 0.000000 0.000000 -1.000000
vn 0.000000 0.000000 -1.000000
vn 0.000000 0.000000 -1.000000
vn 0.000000 0.000000 -1.000000
vn 0.000000 0.000000 -1.000000
vn 0.000000 0.000000 1.000000
vn -0.000002 0.000000 1.000000
vn 0.000000 0.000000 1.000000
vn 0.000000 0.000000 1.000000
vn 0.000000 0.000000 1.000000
vn 0.000000 0.000000 1.000000
vn -0.000002 0.000000 1.000000
vn 0.000000 0.000000 1.000000
vn -0.013884 -0.011368 -0.999839
vn 0.000000 0.000000 -1.000000
vn -0.000049 -0.000994 -1.000000
vn 0.000000 0.000000 -1.000000
vn -0.013288 0.012178 -0.999838
vn 0.000000 0.000000 -1.000000
vn -0.000044 0.000925 -1.000000
vn 0.000000 0.000000 -1.000000
vn -1.000000 0.000000 0.000000
vn -1.000000 0.000000 0.000000
vn -1.000000 0.000000 0.000000
vn -1.000000 0.000000 0.000000
vn -1.000000 0.000000 0.000000
vn -1.000000 -0.000000 0.000000
vn -1.000000 0.000006 0.000000
vn -1.000000 0.000007 0.000000
vn -1.000000 0.000008 0.000000
vn -1.000000 -0.000006 0.000000
vn -1.000000 -0.000004 0.000000
vn -1.000000 -0.000007 0.000000
vn 0.000000 0.000000 -1.000000
vn 0.000000 0.000000 -1.000000
vn 0.000000 0.000000 -1.000000
vn 0.000000 0.000000 -1.000000
vn -0.000002 0.000000 -1.000000
vn 0.000000 0.000000 -1.000000
vn -1.000000 0.000000 0.000000
vn -1.000000 0.000000 0.000000
vn -1.000000 0.000000 0.000000
vn -1.000000 0.000000 0.000000
vn -1.000000 -0.000284 0.000000
vn -1.000000 -0.000000 0.000000
vn -0.999549 0.000001 0.030026
vn -0.999548 0.000000 0.030046
vn -0.999549 0.000145 0.030033
vn -0.999548 0.000000 0.030046
vn -0.999549 0.000003 0.030042
vn -0.999548 0.000000 0.030046
vn 0.992709 -0.000151 0.120533
vn 0.992709 -0.000000 0.120533
vn 0.992709 0.000000 0.120533
vn 0.454430 -0.890782 0.000000
vn 0.454433 -0.890781 0.000000
vn 0.454433 -0.890781 0.000000
vn 0.454429 -0.890783 0.000000
vn 0.000000 -1.000000 0.000000
vn 0.008894 -0.999960 -0.000033
vn 0.000000 -1.000000 0.000000
vn -0.000936 -0.999960 0.008890
vn 0.008862 -0.999961 -0.000005
vn 0.000000 -1.000000 0.000000
vn 0.454433 0.890781 0.000000
vn 0.454431 0.890782 0.000000
vn 0.454430 0.890782 0.000000
vn 0.454431 0.890782 0.000000
vn 0.000000 -1.000000 0.000000
vn 0.000000 -1.000000 -0.000000
vn 0.000000 -1.000000 -0.000000
vn 0.000000 -1.000000 0.000000
vn 0.000000 -1.000000 0.000000
vn 0.000000 -1.000000 0.000000
vn 0.000000 -1.000000 0.000000
vn 0.000000 -1.000000 0.000000
vn 0.000000 -1.000000 0.000000
vn 0.000000 -1.000000 0.000000
vn 0.000000 -1.000000 0.000000
vn 0.000000 -1.000000 0.000000
vn 0.940888 0.000000 -0.338717
vn 0.940893 0.000000 -0.338703
vn 0.940888 0.000000 -0.338717
vn 0.454587 -0.890702 0.000000
vn 0.454523 -0.890735 0.000011
vn 0.454581 -0.890706 0.000000
vn 0.454589 -0.890701 -0.000002
vn 0.454586 0.890703 -0.000011
vn 0.454581 0.890706 -0.000000
vn 0.454580 0.890706 -0.000014
vn 0.454590 0.890701 0.000002
vn -0.000041 -1.000000 0.000050
vn -1.000000 0.000000 0.000000
vn -1.000000 0.000000 0.000000
vn -1.000000 0.000000 0.000000
vn -1.000000 0.000000 0.000000
vn -1.000000 0.000000 0.000000
vn -0.000048 -1.000000 0.000018
vn -0.000140 -0.999999 -0.001281
vn -0.000078 -0.999831 -0.018386
vn -0.000511 -1.000000 0.000004
vn -0.000511 -1.000000 0.000004
vn -0.000140 -0.999999 -0.001282
vn 0.999980 0.000091 -0.006326
vn 0.999727 0.023311 -0.001593
vn 0.999519 0.031017 -0.000021
vn 0.999734 0.022983 0.001691
vn 0.999980 0.000012 0.006399
vn 0.999516 0.031125 0.000023
vn 0.000000 0.000000 1.000000
vn 0.000000 0.000000 1.000000
vn 0.000000 0.000000 1.000000
vn 0.000000 0.000000 1.000000
vn -0.000000 0.000000 1.000000
vn 0.000000 0.000000 1.000000
vn 0.000000 0.000000 1.000000
vn 1.000000 0.000000 0.000000
vn 1.000000 0.000000 0.000000
vn 0.999999 -0.001028 0.000000
vn 1.000000 0.000000 0.000000
vn 1.000000 0.000000 0.000000
vn 1.000000 0.000000 0.000000
vn 1.000000 0.000000 0.000000
vn 0.000000 1.000000 0.000000
vn 0.000000 1.000000 0.000000
vn 0.000000 1.000000 -0.000000
vn 0.000000 1.000000 0.000000
vn 0.000000 1.000000 0.000000
vn 0.000000 1.000000 0.000000
vn 0.000000 1.000000 0.000000
vn 0.000000 1.000000 0.000000
vn 0.000000 1.000000 -0.000000
vn 0.000000 1.000000 0.000000
vn 0.000000 1.000000 -0.000002
vn 0.000000 1.000000 -0.000004
vn 0.000000 1.000000 -0.000001
vn 0.000000 1.000000 0.000004
vn 0.000000 1.000000 0.000000
vn 0.000000 1.000000 0.000000
vn 0.000000 1.000000 0.000000
vn 0.000000 1.000000 0.000000
vn 0.000000 1.000000 -0.000000
vn 0.000000 1.000000 0.000000
vn 0.000000 1.000000 0.000000
vn 1.000000 0.000000 0.000000
vn 1.000000 -0.000000 0.000000
vn 1.000000 -0.000018 0.000000
vn 1.000000 0.000000 0.000000
vn 1.000000 0.000000 0.000000
vn 1.000000 0.000000 0.000000
vn 1.000000 0.000000 0.000000
vn 0.000838 0.000900 0.999999
vn 0.000782 0.000904 0.999999
vn 0.000046 0.000058 1.000000
vn 0.000000 0.000000 1.000000
vn 0.000000 0.000001 1.000000
vn 0.000000 0.000000 1.000000
vn 0.000000 0.000002 1.000000
vn 0.000000 1.000000 0.000000
vn 0.000000 1.000000 0.000000
vn 0.000000 1.000000 0.000000
vn 0.000000 1.000000 0.000000
vn 0.000000 1.000000 0.000000
vn 0.000000 1.000000 0.000000
vn 0.000000 1.000000 0.000000
vn 0.000000 1.000000 0.000000
vn 0.000000 1.000000 0.000000
vn 0.000000 1.000000 0.000000
vn 0.000000 1.000000 0.000000
vn 0.000000 1.000000 0.000000
vn 0.000000 1.000000 0.000000
vn 0.000000 1.000000 0.000000
vn 0.445625 0.895220 -0.000020
vn 0.446403 0.894832 -0.000020
vn 0.002445 0.999997 -0.000012
vn 0.896748 0.442541 -0.000010
vn 0.999985 0.005554 -0.000000
vn 0.999985 0.005554 -0.000000
vn 0.999985 0.005554 -0.000000
vn 0.004330 -0.999991 0.000000
vn -0.000080 -1.000000 0.000022
vn 0.014420 -0.999896 0.000000
vn -0.000082 -1.000000 -0.000024
vn -0.000080 -1.000000 0.000018
vn 0.006068 -0.999982 0.000040
vn 0.000000 1.000000 0.000000
vn 0.000078 -0.495529 0.868591
vn 0.000081 -0.506536 0.862219
vn 0.000078 -0.495529 0.868591
vn 0.000193 -0.999852 0.017207
vn 0.000193 -0.999730 0.023217
vn 0.000082 -0.497998 0.867178
vn 0.025575 -0.999659 0.005198
vn -0.657620 0.000000 0.753350
vn -0.657618 0.000000 0.753351
vn -0.652663 -0.000372 0.757649
vn -0.399954 -0.016465 0.916387
vn -0.105437 -0.032557 0.993893
vn -0.399954 -0.016465 0.916387
vn -0.399953 -0.016643 0.916385
vn 0.000004 -1.000000 0.000436
vn 0.000004 -1.000000 0.000436
vn -0.000048 -1.000000 0.000050
vn -0.000047 -1.000000 0.000050
vn 0.000004 -1.000000 0.000436
vn -0.000917 -0.000907 -0.999999
vn -0.000052 -0.000053 -1.000000
vn 0.000000 0.000000 -1.000000
vn 0.000000 0.000000 -1.000000
vn 0.000000 -0.000002 -1.000000
vn -0.950809 0.309778 0.000000
vn 1.000000 0.000000 0.000000
vn 1.000000 0.000000 0.000000
vn 1.000000 0.000000 0.000000
vn 1.000000 0.000000 0.000000
vn 1.000000 0.000000 0.000000
vn -1.000000 0.000000 0.000000
vn -1.000000 0.000000 0.000000
vn -1.000000 0.000002 0.000000
vn -1.000000 0.000000 0.000000
vn -1.000000 0.000001 0.000000
vn 1.000000 0.000000 0.000000
vn 1.000000 0.000001 0.000000
vn 1.000000 0.000000 0.000000
vn 1.000000 0.000000 0.000000
vn 1.000000 0.000000 0.000000
vn -1.000000 0.000000 0.000000
vn -1.000000 -0.000069 0.000000
vn -1.000000 -0.000209 0.000000
vn -1.000000 -0.000000 0.000000
vn -1.000000 0.000000 0.000000
vn 1.000000 0.000000 0.000000
vn 1.000000 -0.000155 -0.000004
vn 1.000000 -0.000000 0.000000
vn 1.000000 0.000000 -0.000006
vn 1.000000 -0.000433 0.000000
vn 1.000000 0.000000 0.000000
vn 1.000000 0.000000 0.000000
vn 1.000000 0.000000 0.000000
vn 1.000000 0.000000 0.000000
vn 1.000000 0.000000 0.000000
vn 1.000000 -0.000397 0.000000
vn 1.000000 0.000000 0.000000
vn 1.000000 0.000000 0.000000
vn 0.886045 0.000000 -0.463599
vn 0.886062 0.000066 -0.463566
vn 0.886045 0.000000 -0.463599
vn 0.886045 0.000000 -0.463599
vn 0.886062 -0.001102 -0.463565
vn -0.006627 -0.999978 0.000108
vn -0.020061 -0.999799 0.000045
vn -0.006627 -0.999978 0.000108
vn -0.020001 -0.999800 0.000046
vn -0.006627 -0.999978 0.000108
vn -0.919871 -0.114697 0.375076
vn -0.958874 -0.083589 0.271245
vn -0.945589 -0.095147 0.311142
vn -1.000000 0.000000 0.000000
vn -0.999988 0.001362 -0.004642
vn 0.000041 1.000000 -0.000050
vn 0.000047 1.000000 -0.000050
vn 0.000047 1.000000 -0.000050
vn 0.000048 1.000000 0.000000
vn 0.000047 1.000000 -0.000050
vn 0.000047 1.000000 -0.000051
vn 0.000047 1.000000 -0.000050
vn 0.000047 1.000000 -0.000050
vn 0.000047 1.000000 -0.000050
vn 0.000047 1.000000 -0.000051
vn 0.000047 1.000000 -0.000050
vn 0.000047 1.000000 -0.000051
vn 0.000047 1.000000 -0.000050
vn 0.000047 1.000000 -0.000050
vn 0.000000 -1.000000 0.000000
vn 0.000000 -1.000000 0.000000
vn 0.000000 -1.000000 0.000000
vn 0.000000 -1.000000 0.000000
vn 0.000000 -1.000000 0.000000
vn 0.000000 -1.000000 0.000000
vn 0.000000 -1.000000 0.000000
vn 0.000000 -1.000000 0.000000
vn 0.000000 -1.000000 0.000000
vn -0.000000 -1.000000 0.000000
vn 0.000000 -1.000000 0.000000
vn 0.000000 -1.000000 0.000000
vn -0.000000 -1.000000 0.000000
vn 0.000000 -1.000000 0.000000
vn -1.000000 0.000000 0.000000
vn -1.000000 -0.000000 -0.000002
vn -1.000000 0.000000 0.000000
vn -1.000000 0.000000 0.000000
vn -1.000000 0.000000 0.000000
vn -1.000000 0.000000 0.000000
vn -1.000000 0.000000 0.000000
vn -1.000000 0.000003 -0.000001
vn -1.000000 0.000003 -0.000001
vn 0.000000 0.000000 1.000000
vn 0.000000 0.000000 1.000000
vn 0.000000 0.000000 1.000000
vn -0.000000 -0.000000 1.000000
vn 0.000000 0.000000 1.000000
vn -0.000000 0.000001 1.000000
vn -0.000000 0.000165 1.000000
vn 0.000001 -0.000313 1.000000
vn -0.000000 0.000000 1.000000
vn 0.000000 0.000000 -1.000000
vn 0.000000 0.000000 -1.000000
vn 0.000000 0.000000 -1.000000
vn 0.000000 0.000000 -1.000000
vn 0.000000 0.000000 -1.000000
vn 0.000000 0.000000 -1.000000
vn 0.000000 0.000000 -1.000000
vn 0.000000 0.000000 -1.000000
vn 0.000000 0.000000 -1.000000
vn 0.000000 0.000000 -1.000000
vn 0.000000 0.000000 -1.000000
vn 0.000000 0.000000 -1.000000
vn 0.000000 0.000000 -1.000000
vn 0.000000 0.000000 -1.000000
vn 0.000000 0.000000 -1.000000
vn -0.000000 0.000000 -1.000000
vn 0.000000 0.000000 -1.000000
vn 0.000000 0.000000 -1.000000
vn 0.000000 0.000000 -1.000000
vn 0.000000 0.000000 -1.000000
vn 0.000000 0.000000 -1.000000
vn 0.000000 0.000000 -1.000000
vn 0.000000 0.000000 -1.000000
vn 0.000000 0.000000 -1.000000
vn 0.000180 -0.001203 0.999999
vn 0.000860 -0.000506 1.000000
vn 0.000000 0.000000 1.000000
vn 0.000000 0.000000 1.000000
vn 0.000000 0.000000 1.000000
vn 0.000000 0.000000 1.000000
vn 0.000000 0.000000 1.000000
vn -0.000234 -0.001169 0.999999
vn 0.000000 0.000000 1.000000
vn 0.000000 0.000000 1.000000
vn 0.000000 0.000000 1.000000
vn 0.000000 0.000000 1.000000
vn 0.000000 0.000000 1.000000
vn 0.000000 0.000000 1.000000
vn 0.000000 0.000000 1.000000
vn -0.000868 -0.000570 0.999999
vn 0.000000 0.000000 1.000000
vn 0.000000 0.000000 1.000000
vn 0.000000 0.000000 1.000000
vn 0.000000 0.000000 1.000000
vn 0.000000 0.000000 1.000000
vn 0.000000 0.000000 1.000000
vn 0.000000 0.000000 1.000000
vn 0.000000 0.000000 1.000000
vn 0.000000 0.000000 1.000000
vn 0.000000 0.000000 1.000000
vn 0.000000 0.000000 1.000000
vn 0.000000 0.000000 1.000000
vn 0.000000 0.000000 1.000000
vn 0.000000 0.000000 1.000000
vn 0.000000 0.000000 1.000000
vn 0.000000 0.000000 1.000000
vn 0.000005 0.000000 1.000000
vn 0.000000 0.000000 1.000000
vn 0.000000 0.000000 1.000000
vn 0.000000 0.000000 1.000000
vn 0.000000 0.000000 1.000000
vn 0.000000 0.000000 1.000000
vn 0.000000 0.000000 1.000000
vn 0.000000 0.000000 1.000000
vn -0.000000 0.000000 1.000000
vn 0.000000 0.000000 1.000000
vn 0.000000 0.000000 1.000000
vn 0.000000 0.000000 1.000000
vn 0.000000 0.000000 1.000000
vn 0.000000 0.000000 1.000000
vn 0.000000 0.000000 1.000000
vn 0.000000 0.000000 1.000000
vn 0.000000 0.000000 1.000000
vn -0.000000 0.000000 1.000000
vn 0.000000 0.000000 1.000000
vn 0.000000 0.000000 1.000000
vn 0.000000 0.000000 1.000000
vn 0.000000 0.000000 1.000000
vn 0.000000 0.000000 1.000000
vn 0.000000 0.000000 1.000000
vn 0.412968 -0.048300 0.909464
vn 0.000000 0.000000 1.000000
vn 0.000000 -0.004649 0.999989
vn 0.000000 -0.000924 1.000000
vn 0.004318 -0.002359 0.999988
vn 0.000000 0.000000 1.000000
vn 0.000000 0.000000 1.000000
vn 0.000000 0.000000 1.000000
vn 0.000000 0.000000 1.000000
vn 0.000000 0.000000 1.000000
vn 0.000000 0.000000 1.000000
vn 0.000849 0.000360 1.000000
vn 0.039404 0.015996 0.999095
vn 0.000000 0.000000 1.000000
vn 0.000000 0.000000 1.000000
vn 0.000000 0.000000 1.000000
vn 0.000000 0.000000 1.000000
vn 0.000000 0.000000 1.000000
vn 0.000000 0.000000 1.000000
vn 0.000000 0.000000 1.000000
vn 0.000000 0.000000 1.000000
vn 0.000000 0.000000 1.000000
vn 0.000000 0.000000 1.000000
vn 0.000000 0.000000 1.000000
vn 0.000000 0.000000 1.000000
vn 0.000000 0.000000 1.000000
vn 0.000000 0.000000 1.000000
vn -0.000000 0.000000 1.000000
vn 0.000000 -0.000001 1.000000
vn 0.000000 0.000000 1.000000
vn 0.000000 0.000000 1.000000
vn 0.000000 0.000000 1.000000
vn 0.000000 0.000000 1.000000
vn -0.000000 0.000000 1.000000
vn 0.000000 0.000000 1.000000
vn 0.000000 0.000000 1.000000
vn 0.000000 0.000000 1.000000
vn 0.000000 0.000000 1.000000
vn 0.000000 0.000000 1.000000
vn 0.000000 0.000000 1.000000
vn 0.000000 0.000000 1.000000
vn 0.000000 0.000000 1.000000
vn 0.000000 0.000000 1.000000
vn 0.000000 0.000000 1.000000
vn 0.000000 0.000000 1.000000
vn 0.000000 0.000000 1.000000
vn 0.000000 0.000000 1.000000
vn 0.000000 0.000000 1.000000
vn 0.000000 0.000000 1.000000
vn 0.000000 0.000000 1.000000
vn 0.000000 0.000000 1.000000
vn 0.000000 0.000000 1.000000
vn -0.000000 0.000000 1.000000
vn 0.000000 0.000000 1.000000
vn 0.000000 0.000000 1.000000
vn 0.000000 0.000000 1.000000
vn 0.000000 0.000000 1.000000
vn 0.000000 0.000000 1.000000
vn 0.000000 0.000000 1.000000
vn 0.000000 0.000000 1.000000
vn 0.000000 0.000000 1.000000
vn -0.000000 0.000000 1.000000
vn 0.000000 0.000000 1.000000
vn -0.000000 0.000000 1.000000
vn -0.000000 0.000000 1.000000
vn -0.000000 0.000000 1.000000
vn -0.000000 0.000000 1.000000
vn -0.000000 0.000000 1.000000
vn 0.000000 0.000000 1.000000
vn 0.000000 0.000000 1.000000
vn 0.000000 0.000000 1.000000
vn 0.000000 0.000000 1.000000
vn 0.000000 0.000000 1.000000
vn 0.000000 0.000000 1.000000
vn 0.000000 0.000000 1.000000
vn 0.000000 0.000000 1.000000
vn 0.000000 0.000000 1.000000
vn -0.000000 0.000000 1.000000
vn 0.000000 0.000000 1.000000
vn 0.000000 0.000000 1.000000
vn 0.000000 0.000000 1.000000
vn 0.000000 0.000000 1.000000
vn 0.000000 0.000000 1.000000
vn 0.000000 0.000000 1.000000
vn 0.000000 0.000000 1.000000
vn -0.000000 0.000000 1.000000
vn 0.000000 0.000000 1.000000
vn -0.000000 0.000000 1.000000
vn -0.000000 0.000000 1.000000
vn 0.000000 0.000000 1.000000
vn 0.000000 0.000000 1.000000
vn 0.000000 0.000000 1.000000
vn 0.000000 0.000000 1.000000
vn 0.000000 -1.000000 0.000000
vn 0.000000 -1.000000 0.000000
vn 0.000000 -1.000000 0.000000
vn 0.000000 -1.000000 0.000000
vn 0.000000 -1.000000 0.000000
vn 0.000000 -1.000000 0.000000
vn 0.000000 0.000000 -0.000000
vn 0.000000 -1.000000 0.000000
vn 0.000000 -1.000000 -0.000000
vn 0.000000 -1.000000 -0.000000
vn 0.000000 -1.000000 0.000000
vn -0.000000 -1.000000 -0.000000
vn 0.000000 0.000000 1.000000
vn 0.050966 0.998644 0.010639
vn 0.000001 -0.999761 -0.021844
vn 0.000000 -1.000000 0.000000
vn 0.000000 -1.000000 0.000000
vn 0.000302 -1.000000 -0.000542
vn 0.000000 -1.000000 0.000000
vn -0.000014 -0.999999 0.001386
vn 0.000000 0.000000 -1.000000
vn -0.001873 0.000031 -0.999998
vn 0.000000 0.000000 -1.000000
vn -0.000000 0.000000 -1.000000
vn 0.000000 -0.000000 -1.000000
vn 0.000000 -0.000000 -1.000000
vn 0.000000 0.000000 -1.000000
vn 0.000000 -0.000000 -1.000000
vn 0.000000 0.000000 -1.000000
vn 0.000000 -0.000000 -1.000000
vn 0.000000 0.000000 -1.000000
vn 0.000000 -0.000000 -1.000000
vn 0.000000 -0.000000 -1.000000
vn 0.000000 -0.000000 -1.000000
vn 0.000000 -0.000000 -1.000000
vn -0.000000 0.000000 -1.000000
vn 0.000000 -0.000000 -1.000000
vn 0.000000 -0.000000 -1.000000
vn 0.000000 -0.000000 -1.000000
vn 0.000000 -0.000000 -1.000000
vn 0.000000 0.000000 -1.000000
vn 0.000000 0.000000 -1.000000
vn 0.000000 0.000000 -1.000000
vn 0.000000 0.000000 -1.000000
vn 0.000000 -0.000000 -1.000000
vn 0.000000 0.000000 -1.000000
vn 0.000000 -0.000000 -1.000000
vn 0.000000 -0.000000 -1.000000
vn 0.000000 -0.000000 -1.000000
vn 0.000000 -0.000000 -1.000000
vn 0.000000 -0.000000 -1.000000
vn -0.000003 0.000000 -1.000000
vn 0.000000 -0.000000 -1.000000
vn 0.000000 -0.000000 -1.000000
vn 0.000000 -0.000000 -1.000000
vn 0.000000 -0.000000 -1.000000
vn 0.000000 -0.000000 -1.000000
vn 0.000000 -0.000000 -1.000000
vn 0.000000 -0.000000 -1.000000
vn 0.000000 -0.000000 -1.000000
vn 0.000000 -0.000000 -1.000000
vn 0.000000 -0.000000 -1.000000
vn 0.000000 -0.000000 -1.000000
vn 0.000000 -0.000000 -1.000000
vn 0.000000 -0.000000 -1.000000
vn 0.000000 -0.000000 -1.000000
vn 0.000000 -0.000000 -1.000000
vn 0.000000 -0.000000 -1.000000
vn 0.000000 -0.000000 -1.000000
vn 0.000000 -0.000000 -1.000000
vn 0.000000 -0.000000 -1.000000
vn 0.000000 0.000000 -1.000000
vn -1.000000 0.000000 0.000000
vn 0.000000 0.000000 -1.000000
vn 0.000000 0.000000 -1.000000
vn 0.000000 -0.000000 -1.000000
vn 0.000000 -0.000000 -1.000000
vn 0.000000 0.000000 -1.000000
vn 0.000000 0.000000 -1.000000
vn 0.000000 0.000000 -1.000000
vn 0.000000 -0.000000 -1.000000
vn 0.000000 0.000000 -1.000000
vn 0.000000 -0.000000 -1.000000
vn 0.000000 0.000000 -1.000000
vn 0.000000 -0.000000 -1.000000
vn 0.000000 0.000000 -1.000000
vn 0.000000 -0.000000 -1.000000
vn 0.000000 0.000000 -1.000000
vn 0.000000 -0.000000 -1.000000
vn 0.000000 0.000000 -1.000000
vn 0.000000 -0.000000 -1.000000
vn 0.000000 0.000000 -1.000000
vn 0.000000 -0.000000 -1.000000
vn 0.000000 0.000000 -1.000000
vn 0.000000 -0.000000 -1.000000
vn 0.000000 0.000000 -1.000000
vn 0.000000 0.000000 -1.000000
vn 0.000000 0.000000 -1.000000
vn 0.000000 -0.000000 -1.000000
vn 0.000000 0.000000 -1.000000
vn 0.000000 0.000000 -1.000000
vn 0.000000 0.000000 -1.000000
vn 0.000000 0.000000 -1.000000
vn 0.000000 0.000000 -1.000000
vn 0.000000 0.000000 -1.000000
vn 0.000000 0.000000 -1.000000
vn 0.000000 0.000000 -1.000000
vn 0.000000 -0.000000 -1.000000
vn 0.000000 -0.000000 -1.000000
vn 0.000000 -0.000000 -1.000000
vn 0.000000 -0.000000 -1.000000
vn 0.000000 -0.000000 -1.000000
vn 0.000000 -0.000000 -1.000000
vn 0.000000 -0.000000 -1.000000
vn 0.000000 -0.000000 -1.000000
vn 0.000000 0.000000 -1.000000
vn 0.000000 -0.000000 -1.000000
vn 0.000000 -0.000000 -1.000000
vn 0.000000 0.000000 -1.000000
vn 0.000000 0.000000 -1.000000
vn 0.000000 0.000000 -1.000000
vn 0.000000 0.000000 1.000000
vn 0.000000 0.000000 1.000000
vn 0.000000 0.000000 1.000000
vn 0.000000 0.000000 1.000000
vn 0.000001 0.000000 1.000000
vn 0.000000 0.000000 1.000000
vn -0.000001 0.000000 1.000000
vn 0.000000 0.000000 1.000000
vn 0.000000 0.000000 1.000000
vn 0.000000 0.000000 1.000000
vn 0.000000 0.000000 1.000000
vn 0.000000 0.000000 1.000000
vn 0.000001 0.000000 -1.000000
vn -0.000000 0.000000 -1.000000
vn 0.000000 0.000000 -1.000000
vn 0.000000 0.000000 -1.000000
vn 0.000000 0.000000 -1.000000
vn 0.000000 0.000000 -1.000000
vn 0.000000 0.000000 -1.000000
vn 0.000000 0.000000 -1.000000
vn 0.000000 0.000000 -1.000000
vn 0.000000 0.000000 -1.000000
vn 0.000000 0.000000 -1.000000
vn 0.000000 0.000000 -1.000000
vn 0.000000 -1.000000 0.000000
vn 0.000000 -1.000000 0.000000
vn 0.000000 -1.000000 0.000000
vn 0.000000 -1.000000 0.000000
vn 1.000000 0.000000 0.000000
vn 1.000000 0.000000 0.000000
vn 1.000000 0.000000 0.000000
vn 1.000000 0.000000 0.000000
vn 0.000000 1.000000 0.000000
vn 0.000000 1.000000 0.000000
vn 0.000000 1.000000 0.000000
vn 0.000000 1.000000 0.000000
vn -1.000000 0.000000 0.000000
vn -1.000000 0.000000 0.000000
vn -1.000000 0.000000 0.000000
vn -1.000000 0.000000 0.000000
vn 1.000000 0.000000 0.000000
vn 1.000000 0.000000 0.000000
vn 1.000000 0.000000 0.000000
vn 1.000000 0.000000 0.000000
vn 0.000000 -1.000000 0.000000
vn 0.000000 -1.000000 0.000000
vn 0.000000 -1.000000 0.000000
vn 0.000000 -1.000000 0.000000
vn -1.000000 0.000000 0.000000
vn -1.000000 0.000000 0.000000
vn -1.000000 0.000000 0.000000
vn -1.000000 0.000000 0.000000
vn 0.000000 1.000000 0.000000
vn 0.000000 1.000000 0.000000
vn 0.000000 1.000000 0.000000
vn 0.000000 1.000000 0.000000
vn 0.000000 -1.000000 0.000000
vn 0.000000 -1.000000 0.000000
vn 0.000000 -1.000000 0.000000
vn 0.000000 -1.000000 0.000000
vn -1.000000 0.000000 0.000000
vn -1.000000 0.000000 0.000000
vn -1.000000 0.000000 0.000000
vn -1.000000 0.000000 0.000000
vn 1.000000 0.000000 0.000000
vn 1.000000 0.000000 0.000000
vn 1.000000 0.000000 0.000000
vn 1.000000 0.000000 0.000000
vn 0.000000 1.000000 0.000000
vn 0.000000 1.000000 0.000000
vn 0.000000 1.000000 0.000000
vn 0.000000 1.000000 0.000000
vn -0.001730 0.005758 0.999982
vn 0.000000 0.000000 1.000000
vn 0.002529 0.001236 0.999996
vn 0.000000 0.000000 1.000000
vn -0.002449 0.001776 0.999995
vn 0.000000 0.000000 1.000000
vn 0.002961 -0.000158 0.999996
vn 0.000000 0.000000 1.000000
vn 0.000000 0.000000 1.000000
vn 0.000000 0.000000 1.000000
vn 0.000000 0.000000 1.000000
vn 0.000000 0.000000 1.000000
vn 0.000000 0.000000 -1.000000
vn 0.000421 -0.000931 -1.000000
vn -0.007184 0.000597 -0.999974
vn 0.000000 0.000000 -1.000000
vn 0.000000 0.000000 -1.000000
vn -0.018027 -0.009889 -0.999789
vn 0.000000 0.000000 -1.000000
vn 0.000000 0.000000 -1.000000
vn 0.000000 0.000000 -1.000000
vn 0.000000 0.000000 -1.000000
vn 0.000000 0.000000 -1.000000
vn 0.000000 0.000000 -1.000000
vn -1.000000 0.000000 0.000000
vn -1.000000 0.000000 0.000000
vn -1.000000 0.000000 0.000000
vn -1.000000 0.000000 0.000000
vn 0.000000 -1.000000 0.000000
vn 0.000000 -1.000000 0.000000
vn 0.000000 -1.000000 0.000000
vn 0.000000 -1.000000 0.000000
vn 1.000000 -0.000000 0.000000
vn 1.000000 -0.000000 0.000000
vn 1.000000 -0.000000 0.000000
vn 1.000000 0.000000 0.000000
vn 0.000000 1.000000 0.000000
vn 0.000000 1.000000 0.000000
vn 0.000000 1.000000 0.000000
vn 0.000000 1.000000 0.000000
vn 0.000000 -1.000000 0.000000
vn 0.000000 -1.000000 0.000000
vn 0.000000 -1.000000 0.000000
vn 0.000000 -1.000000 0.000000
vn 0.000000 1.000000 0.000000
vn 0.000000 1.000000 0.000000
vn 0.000000 1.000000 0.000000
vn 0.000000 1.000000 0.000000
vn 0.000000 -1.000000 0.000000
vn 0.000000 -1.000000 0.000000
vn 0.000000 -1.000000 0.000000
vn 0.000000 -1.000000 0.000000
vn 0.000000 1.000000 0.000000
vn 0.000000 1.000000 0.000000
vn 0.000000 1.000000 0.000000
vn 0.000000 1.000000 0.000000
s 1
g oak_lab:oak_lab8:oak_lab:oak_lab:polySurface6
usemtl oak_lab:pasted__lambert3SG
f 905/1/1 2/2/2 911/3/3
f 905/1/1 911/3/3 906/4/4
s 2
f 917/33/5 912/34/6 7/35/7
s 3
f 13/17/8 15/19/9 14/18/10
f 13/17/8 16/20/11 15/19/9
s 2
f 917/33/5 913/64/12 912/34/6
s off
usemtl initialShadingGroup
f 273/922/13 475/923/14 365/924/15
f 364/601/16 402/602/17 276/603/18
s 4
usemtl oak_lab:pasted__lambert3SG
f 905/5/19 9/6/20 2/12/21
f 9/6/20 5/7/22 2/12/21
f 917/8/23 7/9/24 5/7/22
f 5/7/22 7/9/24 2/12/21
f 7/9/24 912/10/25 2/12/21
f 912/10/25 911/11/26 2/12/21
s 5
f 918/2455/27 53/104/28 915/2457/29
f 53/104/28 54/105/30 915/2457/29
f 55/106/31 48/107/32 54/105/30
f 914/2456/33 915/2457/29 47/108/34
f 48/107/32 47/108/34 54/105/30
f 54/105/30 47/108/34 915/2457/29
s 7
usemtl oak_lab:pasted__lambert5SG
f 40/116/35 57/117/36 41/123/37
f 58/118/38 59/119/39 57/117/36
f 57/117/36 59/119/39 41/123/37
f 61/121/40 62/122/41 60/120/42
f 62/122/41 41/123/37 60/120/42
f 59/119/39 60/120/42 41/123/37
s 9
usemtl initialShadingGroup
f 57/117/43 64/128/44 58/118/45
f 58/118/45 64/128/44 83/169/46
f 64/128/44 63/126/47 83/169/46
f 83/169/46 63/126/47 82/168/48
f 63/126/47 62/122/49 82/168/48
f 62/122/49 61/121/50 82/168/48
s 10
usemtl oak_lab:pasted__phong2SG
f 124/242/51 903/243/52 123/241/53
f 126/244/54 117/229/55 903/243/52
f 117/229/55 118/228/56 903/243/52
f 101/193/57 100/192/58 118/228/56
f 100/192/58 123/241/53 118/228/56
f 123/241/53 903/243/52 118/228/56
s 13
usemtl initialShadingGroup
f 145/278/59 142/279/60 128/277/61
f 128/277/61 142/279/60 106/276/62
f 142/279/60 143/280/63 106/276/62
f 144/281/64 121/282/65 143/280/63
f 121/282/65 105/275/66 143/280/63
f 105/275/66 106/276/62 143/280/63
s 15
usemtl oak_lab:pasted__phong2SG
f 358/958/67 357/1225/68 355/957/69
f 355/957/69 357/1225/68 356/960/70
s 16
f 357/1225/71 356/1224/72 356/960/73
f 356/960/72 356/1224/73 358/1226/74
s 17
f 358/1226/75 356/1224/76 359/959/77
f 356/1224/76 478/933/78 359/959/77
f 361/935/79 360/936/80 479/934/81
f 478/933/78 479/934/81 359/959/77
f 479/934/81 360/936/80 359/959/77
s 19
usemtl initialShadingGroup
f 905/13/82 906/14/83 10/16/84
f 10/16/84 906/14/83 11/15/85
s 20
usemtl oak_lab:pasted__lambert3SG
f 911/11/86 19/24/87 906/14/88
f 906/14/88 19/24/87 11/15/89
s 19
usemtl initialShadingGroup
f 905/13/82 10/16/84 9/26/90
f 9/26/90 10/16/84 20/25/91
s 21
usemtl oak_lab:pasted__lambert3SG
f 5/7/92 9/6/93 21/28/94
f 21/28/94 9/6/93 20/27/95
s 22
usemtl initialShadingGroup
f 5/29/96 21/30/97 917/32/98
f 917/32/98 21/30/97 22/31/99
s 20
usemtl oak_lab:pasted__lambert3SG
f 911/11/86 912/36/100 19/24/87
f 19/24/87 912/36/100 23/37/101
s 23
usemtl initialShadingGroup
f 10/38/102 11/39/103 24/41/104
f 24/41/104 11/39/103 19/40/105
s 24
usemtl oak_lab:pasted__lambert3SG
f 16/20/106 30/51/107 17/21/108
f 17/21/108 30/51/107 31/52/109
s 25
f 17/21/110 31/52/111 18/54/112
f 18/54/112 31/52/111 32/53/113
s 26
f 12/23/114 18/22/115 27/56/116
f 27/56/116 18/22/115 32/55/117
s 22
usemtl initialShadingGroup
f 917/32/98 22/31/99 913/63/118
f 913/63/118 22/31/99 33/62/119
s 20
usemtl oak_lab:pasted__lambert3SG
f 912/36/100 913/63/120 23/37/101
f 23/37/101 913/63/120 33/62/121
s 27
f 13/85/122 47/90/123 16/92/124
f 16/92/124 47/90/123 48/91/125
s 28
usemtl initialShadingGroup
f 30/96/126 51/97/127 31/99/128
f 51/97/127 32/98/129 31/99/128
s 29
usemtl oak_lab:pasted__lambert3SG
f 27/100/130 32/101/131 44/103/132
f 44/103/132 32/101/131 52/102/133
s 30
usemtl initialShadingGroup
f 275/2454/134 274/1251/135 8/947/136
f 8/947/136 274/1251/135 1/945/137
s 31
f 159/578/138 108/579/139 6/452/140
f 6/452/140 108/579/139 902/216/141
s 32
usemtl oak_lab:pasted__lambert5SG
f 41/124/142 62/125/143 42/127/144
f 42/127/144 62/125/143 63/126/145
s 33
f 63/126/146 64/128/147 42/127/148
f 42/127/148 64/128/147 43/129/149
s 34
f 40/130/150 43/129/151 57/131/152
f 57/131/152 43/129/151 64/128/153
s 35
usemtl oak_lab:pasted__lambert3SG
f 35/84/154 45/83/155 76/145/156
f 76/145/156 45/83/155 75/144/157
s 36
f 48/107/158 55/106/159 49/155/160
f 49/155/160 55/106/159 79/154/161
s 37
f 35/163/162 76/164/163 53/104/164
f 53/104/164 76/164/163 54/105/165
s 38
usemtl oak_lab:pasted__lambert5SG
f 59/175/166 85/176/167 60/178/168
f 60/178/168 85/176/167 86/177/169
s 39
usemtl oak_lab:pasted__phong2SG
f 898/2446/170 901/2452/171 899/2448/172
f 899/2448/172 901/2452/171 900/2449/173
s 40
usemtl oak_lab:pasted__lambert2SG
f 66/185/174 922/186/175 90/188/176
f 90/188/176 922/186/175 89/187/177
s 41
usemtl oak_lab:pasted__phong2SG
f 67/189/178 91/195/179 68/190/180
f 68/190/180 91/195/179 102/196/181
s 42
usemtl initialShadingGroup
f 925/197/182 69/198/183 99/200/184
f 99/200/184 69/198/183 103/199/185
s 43
f 894/2440/186 899/2448/187 895/2441/188
f 895/2441/188 899/2448/187 900/2449/189
s 44
usemtl oak_lab:pasted__lambert2SG
f 69/203/190 70/204/191 103/206/192
f 103/206/192 70/204/191 105/205/193
f 69/203/190 104/207/194 70/204/191
f 70/204/191 104/207/194 106/208/195
s 45
usemtl oak_lab:pasted__lambert5SG
f 82/182/196 87/181/197 83/171/198
f 83/171/198 87/181/197 84/172/199
s 46
usemtl oak_lab:pasted__phong2SG
f 101/193/200 118/228/201 89/187/202
f 89/187/202 118/228/201 90/188/203
s 47
f 66/226/204 74/231/205 98/232/206
f 98/232/206 74/231/205 930/230/207
s 48
f 896/2453/208 901/2452/209 897/2445/210
f 897/2445/210 901/2452/209 898/2446/211
s 49
f 894/2440/212 895/2441/213 897/2443/214
f 897/2443/214 895/2441/213 896/2442/215
s 50
usemtl oak_lab:oak_lab3:oak_lab2:pasted__phong1SG
f 93/2422/216 153/2423/217 94/2425/218
f 94/2425/218 153/2423/217 152/2424/219
s 51
usemtl oak_lab:pasted__lambert5SG
f 113/259/220 134/260/221 114/262/222
f 114/262/222 134/260/221 135/261/223
s 52
f 114/263/224 135/264/225 115/266/226
f 115/266/226 135/264/225 136/265/227
s 53
f 115/266/228 136/265/229 116/268/230
f 116/268/230 136/265/229 137/267/231
s 54
f 113/269/232 116/268/233 134/270/234
f 134/270/234 116/268/233 137/267/235
s 55
usemtl initialShadingGroup
f 919/284/236 124/285/237 122/283/238
f 122/283/238 124/285/237 123/286/239
s 56
usemtl oak_lab:pasted__lambert1SG
f 125/288/240 147/289/241 124/287/242
f 124/287/242 147/289/241 923/290/243
s 57
usemtl oak_lab:pasted__lambert5SG
f 134/260/244 137/320/245 135/261/246
f 135/261/246 137/320/245 136/321/247
s 58
usemtl oak_lab:pasted__phong2SG
f 894/2444/248 897/2445/249 899/2447/250
f 899/2447/250 897/2445/249 898/2446/251
s 59
usemtl oak_lab:oak_lab3:oak_lab2:pasted__phong1SG
f 94/2418/252 152/2419/253 95/2421/254
f 95/2421/254 152/2419/253 151/2420/255
s 60
usemtl initialShadingGroup
f 290/554/256 392/555/257 143/280/258
f 143/280/258 392/555/257 144/556/259
s 61
f 161/598/260 169/599/261 400/597/262
f 400/597/262 169/599/261 168/596/263
s 62
usemtl oak_lab:pasted__phong2SG
f 176/605/264 403/606/265 177/608/266
f 177/608/266 403/606/265 404/607/267
s 63
f 177/609/268 404/610/269 178/612/270
f 178/612/270 404/610/269 405/611/271
s 64
f 178/613/272 405/614/273 179/616/274
f 179/616/274 405/614/273 406/615/275
s 65
f 179/617/276 406/618/277 180/620/278
f 180/620/278 406/618/277 407/619/279
s 66
f 180/621/280 407/622/281 181/624/282
f 181/624/282 407/622/281 408/623/283
s 67
f 181/625/284 408/626/285 182/628/286
f 182/628/286 408/626/285 409/627/287
s 68
f 182/629/288 409/630/289 183/632/290
f 183/632/290 409/630/289 410/631/291
s 69
f 183/633/292 410/634/293 184/636/294
f 184/636/294 410/634/293 411/635/295
s 70
f 184/637/296 411/638/297 185/640/298
f 185/640/298 411/638/297 412/639/299
s 71
f 185/641/300 412/642/301 186/644/302
f 186/644/302 412/642/301 413/643/303
s 72
f 186/645/304 413/646/305 187/648/306
f 187/648/306 413/646/305 414/647/307
s 73
f 187/649/308 414/650/309 188/652/310
f 188/652/310 414/650/309 415/651/311
s 74
f 188/653/312 415/654/313 189/656/314
f 189/656/314 415/654/313 416/655/315
s 75
f 189/657/316 416/658/317 190/660/318
f 190/660/318 416/658/317 417/659/319
s 76
f 190/661/320 417/662/321 191/664/322
f 191/664/322 417/662/321 418/663/323
s 77
f 191/665/324 418/666/325 192/668/326
f 192/668/326 418/666/325 419/667/327
s 78
f 192/669/328 419/670/329 193/672/330
f 193/672/330 419/670/329 420/671/331
s 79
f 193/673/332 420/674/333 194/676/334
f 194/676/334 420/674/333 421/675/335
s 80
f 194/677/336 421/678/337 195/680/338
f 195/680/338 421/678/337 422/679/339
s 81
f 176/681/340 195/682/341 403/684/342
f 403/684/342 195/682/341 422/683/343
s 82
usemtl initialShadingGroup
f 197/685/344 296/686/345 198/688/346
f 198/688/346 296/686/345 295/687/347
f 198/688/346 295/687/347 199/690/348
f 199/690/348 295/687/347 294/689/349
f 199/691/348 294/692/349 200/694/350
f 200/694/350 294/692/349 293/693/351
f 200/694/350 293/693/351 201/696/352
f 201/696/352 293/693/351 292/695/353
f 201/696/352 292/695/353 202/698/354
f 202/698/354 292/695/353 391/697/355
s 83
f 202/699/356 391/700/357 203/702/358
f 203/702/358 391/700/357 390/701/359
s 84
usemtl oak_lab:pasted__phong2SG
f 203/703/360 423/704/361 204/706/362
f 204/706/362 423/704/361 424/705/363
s 85
f 204/707/364 424/708/365 205/710/366
f 205/710/366 424/708/365 425/709/367
s 86
f 205/711/368 425/712/369 206/714/370
f 206/714/370 425/712/369 426/713/371
f 206/714/370 426/713/371 207/716/372
f 207/716/372 426/713/371 427/715/373
f 207/716/372 427/715/373 208/718/374
f 208/718/374 427/715/373 428/717/375
f 208/718/374 428/717/375 209/720/376
f 209/720/376 428/717/375 429/719/377
f 209/720/376 429/719/377 210/722/378
f 210/722/378 429/719/377 430/721/379
f 210/722/378 430/721/379 211/724/380
f 211/724/380 430/721/379 431/723/381
f 211/724/380 431/723/381 212/726/382
f 212/726/382 431/723/381 432/725/383
f 212/726/382 432/725/383 213/728/384
f 213/728/384 432/725/383 433/727/385
s 87
f 213/729/386 433/730/387 214/732/388
f 214/732/388 433/730/387 434/731/389
s 88
f 214/733/390 434/734/391 215/736/392
f 215/736/392 434/734/391 435/735/393
s 89
usemtl initialShadingGroup
f 215/737/394 304/738/395 216/740/396
f 216/740/396 304/738/395 303/739/397
s 82
f 216/741/398 303/742/399 217/744/400
f 217/744/400 303/742/399 298/743/401
f 217/744/400 298/743/401 218/746/402
f 218/746/402 298/743/401 297/745/403
f 197/685/344 218/746/402 296/686/345
f 296/686/345 218/746/402 297/745/403
s 91
f 220/747/404 436/748/405 221/750/406
f 221/750/406 436/748/405 437/749/407
s 92
f 221/751/408 437/752/409 222/754/410
f 222/754/410 437/752/409 438/753/411
s 93
f 222/755/412 438/756/413 223/758/414
f 223/758/414 438/756/413 439/757/415
s 94
f 220/759/416 223/760/417 436/762/418
f 436/762/418 223/760/417 439/761/419
s 95
f 441/765/420 224/766/421 440/764/422
f 219/763/423 440/764/422 224/766/421
s 96
f 224/767/424 286/768/425 225/770/426
f 225/770/426 286/768/425 285/769/427
s 97
f 225/380/428 228/383/429 226/381/430
f 226/381/430 228/383/429 227/382/431
s 98
f 228/771/432 282/772/433 229/774/434
f 229/774/434 282/772/433 281/773/435
s 99
f 230/775/436 332/776/437 231/778/438
f 231/778/438 332/776/437 331/777/439
f 231/779/438 331/780/439 232/782/440
f 232/782/440 331/780/439 330/781/441
f 232/782/440 330/781/441 233/784/442
f 233/784/442 330/781/441 383/783/443
f 233/784/442 383/783/443 234/786/444
f 234/786/444 383/783/443 382/785/445
s 100
f 234/787/446 382/788/447 235/790/448
f 235/790/448 382/788/447 381/789/449
s 101
usemtl oak_lab:pasted__phong2SG
f 235/791/450 442/792/451 236/794/452
f 236/794/452 442/792/451 443/793/453
s 102
f 236/795/454 443/796/455 237/798/456
f 237/798/456 443/796/455 444/797/457
s 103
f 237/799/458 444/800/459 238/802/460
f 238/802/460 444/800/459 445/801/461
f 238/802/460 445/801/461 239/804/462
f 239/804/462 445/801/461 446/803/463
f 239/804/462 446/803/463 240/806/464
f 240/806/464 446/803/463 447/805/465
f 240/806/464 447/805/465 241/808/466
f 241/808/466 447/805/465 448/807/467
f 241/808/466 448/807/467 242/810/468
f 242/810/468 448/807/467 449/809/469
f 242/810/468 449/809/469 243/812/470
f 243/812/470 449/809/469 450/811/471
f 243/812/470 450/811/471 244/814/472
f 244/814/472 450/811/471 451/813/473
s 104
f 245/815/474 452/816/475 246/818/476
f 246/818/476 452/816/475 453/817/477
s 105
f 246/819/478 453/820/479 247/822/480
f 247/822/480 453/820/479 454/821/481
s 106
f 247/823/482 454/824/483 248/826/484
f 248/826/484 454/824/483 455/825/485
s 107
f 248/827/486 455/828/487 249/830/488
f 249/830/488 455/828/487 456/829/489
s 108
f 249/831/490 456/832/491 250/834/492
f 250/834/492 456/832/491 457/833/493
s 109
f 250/835/494 457/836/495 251/838/496
f 251/838/496 457/836/495 458/837/497
s 110
f 251/839/498 458/840/499 252/842/500
f 252/842/500 458/840/499 459/841/501
s 111
f 252/843/502 459/844/503 253/846/504
f 253/846/504 459/844/503 460/845/505
s 112
f 253/847/506 460/848/507 254/850/508
f 254/850/508 460/848/507 461/849/509
s 113
f 254/851/510 461/852/511 255/854/512
f 255/854/512 461/852/511 462/853/513
s 114
f 255/855/514 462/856/515 256/858/516
f 256/858/516 462/856/515 463/857/517
s 115
f 256/859/518 463/860/519 257/862/520
f 257/862/520 463/860/519 464/861/521
s 116
f 257/863/522 464/864/523 258/866/524
f 258/866/524 464/864/523 465/865/525
s 117
f 258/867/526 465/868/527 259/870/528
f 259/870/528 465/868/527 466/869/529
s 118
f 259/871/530 466/872/531 260/874/532
f 260/874/532 466/872/531 467/873/533
s 119
f 260/875/534 467/876/535 261/878/536
f 261/878/536 467/876/535 468/877/537
s 120
f 261/879/538 468/880/539 262/882/540
f 262/882/540 468/880/539 469/881/541
s 121
f 262/883/542 469/884/543 263/886/544
f 263/886/544 469/884/543 470/885/545
s 122
f 263/887/546 470/888/547 264/890/548
f 264/890/548 470/888/547 471/889/549
s 123
f 245/891/550 264/892/551 452/894/552
f 452/894/552 264/892/551 471/893/553
s 103
f 244/814/472 451/813/473 265/896/554
f 265/896/554 451/813/473 472/895/555
s 124
f 265/897/556 472/898/557 266/900/558
f 266/900/558 472/898/557 473/899/559
s 125
f 266/901/560 473/902/561 267/904/562
f 267/904/562 473/902/561 474/903/563
s 126
usemtl initialShadingGroup
f 267/905/564 337/906/565 268/908/566
f 268/908/566 337/906/565 336/907/567
s 99
f 268/909/568 336/910/569 269/912/570
f 269/912/570 336/910/569 335/911/571
f 269/912/570 335/911/571 270/914/572
f 270/914/572 335/911/571 334/913/573
f 270/914/572 334/913/573 271/916/574
f 271/916/574 334/913/573 333/915/575
f 230/775/436 271/916/574 332/776/437
f 332/776/437 271/916/574 333/915/575
s 128
usemtl oak_lab:pasted__phong2SG
f 882/2410/576 883/2411/577 891/2408/578
f 891/2408/578 883/2411/577 890/2409/579
s 129
usemtl initialShadingGroup
f 279/929/580 395/930/581 280/932/582
f 280/932/582 395/930/581 287/931/583
s 130
f 362/937/584 480/938/585 363/940/586
f 363/940/586 480/938/585 481/939/587
s 131
f 481/942/588 482/943/589 363/941/590
f 363/941/590 482/943/589 4/944/591
s 132
usemtl oak_lab:pasted__phong2SG
f 355/961/592 487/962/593 367/964/594
f 367/964/594 487/962/593 488/963/595
s 133
f 367/965/596 488/966/597 368/968/598
f 368/968/598 488/966/597 489/967/599
s 134
f 368/969/600 489/970/601 369/972/602
f 369/972/602 489/970/601 490/971/603
s 135
f 369/973/604 490/974/605 370/976/606
f 370/976/606 490/974/605 491/975/607
s 136
f 370/977/608 491/978/609 371/980/610
f 371/980/610 491/978/609 492/979/611
s 137
f 371/981/612 492/982/613 372/984/614
f 372/984/614 492/982/613 493/983/615
s 138
f 372/985/616 493/986/617 373/988/618
f 373/988/618 493/986/617 494/987/619
s 139
f 373/989/620 494/990/621 374/992/622
f 374/992/622 494/990/621 495/991/623
s 140
f 374/993/624 495/994/625 375/996/626
f 375/996/626 495/994/625 496/995/627
s 141
f 375/997/628 496/998/629 376/1000/630
f 376/1000/630 496/998/629 497/999/631
s 142
f 346/1001/632 376/1002/633 498/1004/634
f 498/1004/634 376/1002/633 497/1003/635
s 143
f 377/1008/636 500/1007/637 378/1011/638
f 378/1011/638 500/1007/637 501/1010/639
f 378/1011/638 501/1010/639 379/1013/640
f 379/1013/640 501/1010/639 502/1012/641
s 144
f 379/1014/642 502/1015/643 380/1017/644
f 380/1017/644 502/1015/643 503/1016/645
s 145
f 380/1018/646 503/1019/647 381/1021/648
f 381/1021/648 503/1019/647 504/1020/649
s 146
f 329/1022/650 505/1023/651 384/1025/652
f 384/1025/652 505/1023/651 506/1024/653
s 147
f 384/1026/654 506/1027/655 385/1029/656
f 385/1029/656 506/1027/655 507/1028/657
s 148
f 385/1030/658 507/1031/659 386/1033/660
f 386/1033/660 507/1031/659 508/1032/661
s 149
f 386/1034/662 508/1035/663 387/1037/664
f 387/1037/664 508/1035/663 509/1036/665
s 150
f 314/1038/666 387/1039/667 510/1041/668
f 510/1041/668 387/1039/667 509/1040/669
s 151
f 313/1042/670 511/1043/671 388/1045/672
f 388/1045/672 511/1043/671 512/1044/673
s 152
f 388/1046/674 512/1047/675 389/1049/676
f 389/1049/676 512/1047/675 513/1048/677
s 153
f 389/1050/678 513/1051/679 390/1053/680
f 390/1053/680 513/1051/679 514/1052/681
s 154
usemtl initialShadingGroup
f 516/1056/682 281/1057/683 515/1055/684
f 280/1054/685 515/1055/684 281/1057/683
s 155
usemtl oak_lab:pasted__lambert2SG
f 282/1058/686 285/1059/687 283/1061/688
f 283/1061/688 285/1059/687 284/1060/689
s 156
usemtl initialShadingGroup
f 517/1063/690 518/1064/691 286/1062/692
f 286/1062/692 518/1064/691 287/1065/693
s 157
f 291/1066/694 289/1067/695 399/1069/696
f 399/1069/696 289/1067/695 288/1068/697
s 158
f 299/1072/698 519/1073/699 300/1075/700
f 300/1075/700 519/1073/699 520/1074/701
s 159
f 300/1076/702 520/1077/703 301/1079/704
f 301/1079/704 520/1077/703 521/1078/705
s 160
f 301/1080/706 521/1081/707 302/1083/708
f 302/1083/708 521/1081/707 522/1082/709
s 161
f 299/1084/710 302/1085/711 519/1087/712
f 519/1087/712 302/1085/711 522/1086/713
s 162
usemtl oak_lab:pasted__phong2SG
f 304/1088/714 523/1089/715 305/1091/716
f 305/1091/716 523/1089/715 524/1090/717
s 163
f 305/1092/718 524/1093/719 306/1095/720
f 306/1095/720 524/1093/719 525/1094/721
s 151
f 306/1096/722 525/1097/723 307/1099/724
f 307/1099/724 525/1097/723 526/1098/725
f 307/1099/724 526/1098/725 308/1101/726
f 308/1101/726 526/1098/725 527/1100/727
f 308/1101/726 527/1100/727 309/1103/728
f 309/1103/728 527/1100/727 528/1102/729
f 309/1103/728 528/1102/729 310/1105/730
f 310/1105/730 528/1102/729 529/1104/731
f 310/1105/730 529/1104/731 311/1107/732
f 311/1107/732 529/1104/731 530/1106/733
f 311/1107/732 530/1106/733 312/1109/734
f 312/1109/734 530/1106/733 531/1108/735
f 312/1109/734 531/1108/735 313/1042/670
f 313/1042/670 531/1108/735 511/1043/671
s 165
f 314/1110/736 510/1111/737 315/1113/738
f 315/1113/738 510/1111/737 532/1112/739
s 166
f 315/1114/740 532/1115/741 316/1117/742
f 316/1117/742 532/1115/741 533/1116/743
s 167
f 316/1118/744 533/1119/745 317/1121/746
f 317/1121/746 533/1119/745 534/1120/747
s 168
f 317/1122/748 534/1123/749 318/1125/750
f 318/1125/750 534/1123/749 535/1124/751
s 169
f 318/1126/752 535/1127/753 319/1129/754
f 319/1129/754 535/1127/753 536/1128/755
s 170
f 319/1130/756 536/1131/757 320/1133/758
f 320/1133/758 536/1131/757 537/1132/759
s 171
f 320/1134/760 537/1135/761 321/1137/762
f 321/1137/762 537/1135/761 538/1136/763
s 172
f 321/1138/764 538/1139/765 322/1141/766
f 322/1141/766 538/1139/765 539/1140/767
s 173
f 322/1142/768 539/1143/769 323/1145/770
f 323/1145/770 539/1143/769 540/1144/771
s 174
f 323/1146/772 540/1147/773 324/1149/774
f 324/1149/774 540/1147/773 541/1148/775
s 175
f 324/1150/776 541/1151/777 325/1153/778
f 325/1153/778 541/1151/777 542/1152/779
s 176
f 325/1154/780 542/1155/781 326/1157/782
f 326/1157/782 542/1155/781 543/1156/783
s 177
f 326/1158/784 543/1159/785 327/1161/786
f 327/1161/786 543/1159/785 544/1160/787
s 178
f 327/1162/788 544/1163/789 328/1165/790
f 328/1165/790 544/1163/789 545/1164/791
s 179
f 328/1166/792 545/1167/793 329/1169/794
f 329/1169/794 545/1167/793 505/1168/795
s 180
f 337/1170/796 546/1171/797 338/1173/798
f 338/1173/798 546/1171/797 547/1172/799
s 181
f 338/1174/800 547/1175/801 339/1177/802
f 339/1177/802 547/1175/801 548/1176/803
s 143
f 339/1178/804 548/1179/805 340/1181/806
f 340/1181/806 548/1179/805 549/1180/807
f 340/1181/806 549/1180/807 341/1183/808
f 341/1183/808 549/1180/807 550/1182/809
f 341/1183/808 550/1182/809 342/1185/810
f 342/1185/810 550/1182/809 551/1184/811
f 342/1185/810 551/1184/811 343/1187/812
f 343/1187/812 551/1184/811 552/1186/813
f 343/1187/812 552/1186/813 344/1005/814
f 344/1005/814 552/1186/813 499/1006/815
s 183
f 346/1188/816 498/1189/817 347/1191/818
f 347/1191/818 498/1189/817 553/1190/819
s 184
f 347/1192/820 553/1193/821 348/1195/822
f 348/1195/822 553/1193/821 554/1194/823
s 185
f 348/1196/824 554/1197/825 349/1199/826
f 349/1199/826 554/1197/825 555/1198/827
s 186
f 349/1200/828 555/1201/829 350/1203/830
f 350/1203/830 555/1201/829 556/1202/831
s 187
f 350/1204/832 556/1205/833 351/1207/834
f 351/1207/834 556/1205/833 557/1206/835
s 188
f 351/1208/836 557/1209/837 352/1211/838
f 352/1211/838 557/1209/837 558/1210/839
s 189
f 352/1212/840 558/1213/841 353/1215/842
f 353/1215/842 558/1213/841 559/1214/843
s 190
f 353/1216/844 559/1217/845 354/1219/846
f 354/1219/846 559/1217/845 560/1218/847
s 191
f 354/1220/848 560/1221/849 355/1223/850
f 355/1223/850 560/1221/849 487/1222/851
s 192
f 884/2412/852 887/2413/853 892/2415/854
f 892/2415/854 887/2413/853 893/2414/855
s 193
usemtl initialShadingGroup
f 904/2458/856 920/2459/857 927/2461/858
f 927/2461/858 920/2459/857 928/2460/859
s 194
usemtl oak_lab:pasted__phong2SG
f 895/2450/860 900/2451/861 896/2453/862
f 896/2453/862 900/2451/861 901/2452/863
s 195
f 403/1256/864 586/1257/865 404/1259/866
f 404/1259/866 586/1257/865 585/1258/867
f 404/1259/866 585/1258/867 405/1261/868
f 405/1261/868 585/1258/867 587/1260/869
f 405/1261/868 587/1262/869 406/1264/870
f 406/1264/870 587/1262/869 588/1263/871
f 406/1264/870 588/1263/871 407/1266/872
f 407/1266/872 588/1263/871 589/1265/873
f 407/1266/872 589/1267/873 408/1269/874
f 408/1269/874 589/1267/873 590/1268/875
f 408/1269/874 590/1268/875 409/1271/876
f 409/1271/876 590/1268/875 591/1270/877
f 409/1271/876 591/1272/877 410/1274/878
f 410/1274/878 591/1272/877 592/1273/879
f 410/1274/878 592/1275/879 411/1277/880
f 411/1277/880 592/1275/879 593/1276/881
f 411/1277/880 593/1276/881 412/1279/882
f 412/1279/882 593/1276/881 594/1278/883
f 594/1280/883 595/1281/884 412/1279/882
f 412/1279/882 595/1281/884 413/1282/885
f 595/1283/884 596/1284/886 413/1282/885
f 413/1282/885 596/1284/886 414/1285/887
f 596/1284/886 597/1286/888 414/1285/887
f 414/1285/887 597/1286/888 415/1287/889
f 597/1288/888 598/1289/890 415/1287/889
f 415/1287/889 598/1289/890 416/1290/891
f 598/1289/890 599/1291/892 416/1290/891
f 416/1290/891 599/1291/892 417/1292/893
f 599/1293/892 600/1294/894 417/1292/893
f 417/1292/893 600/1294/894 418/1295/895
f 600/1294/894 601/1296/896 418/1295/895
f 418/1295/895 601/1296/896 419/1297/897
f 601/1298/896 602/1299/898 419/1297/897
f 419/1297/897 602/1299/898 420/1300/899
f 420/1300/899 602/1301/898 421/1303/900
f 421/1303/900 602/1301/898 603/1302/901
f 421/1303/900 603/1302/901 422/1305/902
f 422/1305/902 603/1302/901 604/1304/903
f 422/1305/902 604/1306/903 403/1256/864
f 403/1256/864 604/1306/903 586/1307/865
s 196
f 423/1314/904 608/1315/905 424/1317/906
f 424/1317/906 608/1315/905 607/1316/907
f 424/1317/906 607/1316/907 425/1319/908
f 425/1319/908 607/1316/907 609/1318/909
f 609/1320/909 610/1321/910 425/1319/908
f 425/1319/908 610/1321/910 426/1322/911
f 426/1322/911 610/1321/910 427/1324/912
f 427/1324/912 610/1321/910 611/1323/913
f 427/1324/912 611/1325/913 428/1327/914
f 428/1327/914 611/1325/913 612/1326/915
f 428/1327/914 612/1328/915 429/1330/916
f 429/1330/916 612/1328/915 613/1329/917
f 429/1330/916 613/1329/917 430/1332/918
f 430/1332/918 613/1329/917 614/1331/919
f 430/1332/918 614/1333/919 431/1335/920
f 431/1335/920 614/1333/919 615/1334/921
f 431/1335/920 615/1336/921 432/1338/922
f 432/1338/922 615/1336/921 616/1337/923
f 432/1338/922 616/1337/923 433/1340/924
f 433/1340/924 616/1337/923 617/1339/925
f 617/1341/925 618/1342/926 433/1340/924
f 433/1340/924 618/1342/926 434/1343/927
f 618/1342/926 619/1344/928 434/1343/927
f 434/1343/927 619/1344/928 435/1345/929
s 197
usemtl initialShadingGroup
f 440/1250/930 561/1249/931 441/1361/932
f 441/1361/932 561/1249/931 626/1360/933
s 198
f 225/770/934 627/2462/935 228/771/936
f 228/771/936 627/2462/935 628/2463/937
s 199
f 626/1363/938 561/1364/939 229/1362/940
f 229/1362/940 561/1364/939 394/1365/941
s 200
usemtl oak_lab:pasted__phong2SG
f 442/1372/942 632/1373/943 443/1375/944
f 443/1375/944 632/1373/943 631/1374/945
f 443/1375/944 631/1374/945 444/1377/946
f 444/1377/946 631/1374/945 633/1376/947
f 444/1377/946 633/1378/947 445/1380/948
f 445/1380/948 633/1378/947 634/1379/949
f 445/1380/948 634/1379/949 446/1382/950
f 446/1382/950 634/1379/949 635/1381/951
f 446/1382/950 635/1383/951 447/1385/952
f 447/1385/952 635/1383/951 636/1384/953
f 447/1385/952 636/1386/953 448/1388/954
f 448/1388/954 636/1386/953 637/1387/955
f 448/1388/954 637/1387/955 449/1390/956
f 449/1390/956 637/1387/955 638/1389/957
f 449/1390/956 638/1391/957 450/1393/958
f 450/1393/958 638/1391/957 639/1392/959
f 450/1393/958 639/1394/959 451/1396/960
f 451/1396/960 639/1394/959 640/1395/961
s 201
f 452/1397/962 641/1398/963 453/1400/964
f 453/1400/964 641/1398/963 642/1399/965
f 453/1400/964 642/1401/965 454/1403/966
f 454/1403/966 642/1401/965 643/1402/967
f 454/1403/966 643/1402/967 455/1405/968
f 455/1405/968 643/1402/967 644/1404/969
f 455/1405/968 644/1406/969 456/1408/970
f 456/1408/970 644/1406/969 645/1407/971
f 456/1408/970 645/1409/971 457/1411/972
f 457/1411/972 645/1409/971 646/1410/973
f 457/1411/972 646/1410/973 458/1413/974
f 458/1413/974 646/1410/973 647/1412/975
f 458/1413/974 647/1414/975 459/1416/976
f 459/1416/976 647/1414/975 648/1415/977
f 459/1416/976 648/1417/977 460/1419/978
f 460/1419/978 648/1417/977 649/1418/979
f 460/1419/978 649/1418/979 461/1421/980
f 461/1421/980 649/1418/979 650/1420/981
f 461/1421/980 650/1422/981 462/1424/982
f 462/1424/982 650/1422/981 651/1423/983
f 462/1424/982 651/1423/983 463/1426/984
f 463/1426/984 651/1423/983 652/1425/985
f 463/1426/984 652/1427/985 464/1429/986
f 464/1429/986 652/1427/985 653/1428/987
f 464/1429/986 653/1428/987 465/1431/988
f 465/1431/988 653/1428/987 654/1430/989
f 465/1431/988 654/1432/989 466/1434/990
f 466/1434/990 654/1432/989 655/1433/991
f 466/1434/990 655/1435/991 467/1437/992
f 467/1437/992 655/1435/991 656/1436/993
f 467/1437/992 656/1436/993 468/1439/994
f 468/1439/994 656/1436/993 657/1438/995
f 468/1439/994 657/1440/995 469/1442/996
f 469/1442/996 657/1440/995 658/1441/997
f 469/1442/996 658/1443/997 470/1445/998
f 470/1445/998 658/1443/997 659/1444/999
f 470/1445/998 659/1444/999 471/1447/1000
f 471/1447/1000 659/1444/999 660/1446/1001
f 452/1397/962 471/1447/1000 641/1398/963
f 641/1398/963 471/1447/1000 660/1448/1001
s 200
f 451/1396/960 640/1395/961 472/1450/1002
f 472/1450/1002 640/1395/961 661/1449/1003
f 661/1451/1003 662/1452/1004 472/1450/1002
f 472/1450/1002 662/1452/1004 473/1453/1005
f 662/1452/1004 665/1460/1006 473/1453/1005
f 473/1453/1005 665/1460/1006 474/1461/1007
s 202
f 476/1462/1008 666/1463/1009 477/1465/1010
f 477/1465/1010 666/1463/1009 667/1464/1011
s 203
f 478/933/1012 486/1490/1013 479/934/1014
f 479/934/1014 486/1490/1013 485/1491/1015
s 204
usemtl initialShadingGroup
f 362/1506/1016 689/1507/1017 480/1509/1018
f 480/1509/1018 689/1507/1017 688/1508/1019
s 192
usemtl oak_lab:pasted__phong2SG
f 888/2416/1020 889/2417/1021 893/2414/855
f 893/2414/855 889/2417/1021 892/2415/854
s 205
f 487/1512/1022 693/1513/1023 488/1515/1024
f 488/1515/1024 693/1513/1023 694/1514/1025
f 488/1515/1024 694/1516/1025 489/1518/1026
f 489/1518/1026 694/1516/1025 695/1517/1027
f 489/1518/1026 695/1519/1027 490/1521/1028
f 490/1521/1028 695/1519/1027 696/1520/1029
f 490/1521/1028 696/1520/1029 491/1523/1030
f 491/1523/1030 696/1520/1029 697/1522/1031
f 491/1523/1030 697/1524/1031 492/1526/1032
f 492/1526/1032 697/1524/1031 698/1525/1033
f 492/1526/1032 698/1527/1033 493/1529/1034
f 493/1529/1034 698/1527/1033 699/1528/1035
f 493/1529/1034 699/1528/1035 494/1531/1036
f 494/1531/1036 699/1528/1035 700/1530/1037
f 494/1531/1036 700/1532/1037 495/1534/1038
f 495/1534/1038 700/1532/1037 701/1533/1039
f 495/1534/1038 701/1533/1039 496/1536/1040
f 496/1536/1040 701/1533/1039 702/1535/1041
f 496/1536/1040 702/1537/1041 497/1539/1042
f 497/1539/1042 702/1537/1041 703/1538/1043
f 497/1539/1042 703/1538/1043 498/1541/1044
f 498/1541/1044 703/1538/1043 704/1540/1045
s 206
f 499/1542/1046 705/1543/1047 500/1545/1048
f 500/1545/1048 705/1543/1047 706/1544/1049
f 500/1545/1048 706/1546/1049 501/1548/1050
f 501/1548/1050 706/1546/1049 707/1547/1051
f 501/1548/1050 707/1547/1051 502/1550/1052
f 502/1550/1052 707/1547/1051 708/1549/1053
f 708/1551/1053 709/1552/1054 502/1550/1052
f 502/1550/1052 709/1552/1054 503/1553/1055
f 709/1552/1054 710/1554/1056 503/1553/1055
f 503/1553/1055 710/1554/1056 504/1555/1057
s 207
f 711/1557/1058 712/1558/1059 505/1556/1060
f 505/1556/1060 712/1558/1059 506/1559/1061
f 712/1560/1059 713/1561/1062 506/1559/1061
f 506/1559/1061 713/1561/1062 507/1562/1063
f 713/1561/1062 714/1563/1064 507/1562/1063
f 507/1562/1063 714/1563/1064 508/1564/1065
f 714/1565/1064 715/1566/1066 508/1564/1065
f 508/1564/1065 715/1566/1066 509/1567/1067
f 715/1566/1066 716/1568/1068 509/1567/1067
f 509/1567/1067 716/1568/1068 510/1569/1069
s 208
f 511/1570/1070 717/1571/1071 512/1573/1072
f 512/1573/1072 717/1571/1071 718/1572/1073
f 718/1574/1073 719/1575/1074 512/1573/1072
f 512/1573/1072 719/1575/1074 513/1576/1075
f 719/1575/1074 720/1577/1076 513/1576/1075
f 513/1576/1075 720/1577/1076 514/1578/1077
s 209
usemtl initialShadingGroup
f 515/1489/1078 518/1488/1079 516/1580/1080
f 516/1580/1080 518/1488/1079 517/1579/1081
s 208
usemtl oak_lab:pasted__phong2SG
f 523/1589/1082 726/1590/1083 524/1592/1084
f 524/1592/1084 726/1590/1083 725/1591/1085
f 524/1592/1084 725/1591/1085 525/1594/1086
f 525/1594/1086 725/1591/1085 727/1593/1087
f 727/1595/1087 728/1596/1088 525/1594/1086
f 525/1594/1086 728/1596/1088 526/1597/1089
f 526/1597/1089 728/1596/1088 527/1599/1090
f 527/1599/1090 728/1596/1088 729/1598/1091
f 527/1599/1090 729/1600/1091 528/1602/1092
f 528/1602/1092 729/1600/1091 730/1601/1093
f 528/1602/1092 730/1603/1093 529/1605/1094
f 529/1605/1094 730/1603/1093 731/1604/1095
f 529/1605/1094 731/1604/1095 530/1607/1096
f 530/1607/1096 731/1604/1095 732/1606/1097
f 530/1607/1096 732/1608/1097 531/1610/1098
f 531/1610/1098 732/1608/1097 733/1609/1099
f 511/1570/1070 531/1610/1098 717/1571/1071
f 717/1571/1071 531/1610/1098 733/1611/1099
s 207
f 716/1612/1068 734/1613/1100 510/1569/1069
f 510/1569/1069 734/1613/1100 532/1614/1101
f 532/1614/1101 734/1615/1100 533/1617/1102
f 533/1617/1102 734/1615/1100 735/1616/1103
f 533/1617/1102 735/1616/1103 534/1619/1104
f 534/1619/1104 735/1616/1103 736/1618/1105
f 534/1619/1104 736/1620/1105 535/1622/1106
f 535/1622/1106 736/1620/1105 737/1621/1107
f 535/1622/1106 737/1623/1107 536/1625/1108
f 536/1625/1108 737/1623/1107 738/1624/1109
f 536/1625/1108 738/1624/1109 537/1627/1110
f 537/1627/1110 738/1624/1109 739/1626/1111
f 537/1627/1110 739/1628/1111 538/1630/1112
f 538/1630/1112 739/1628/1111 740/1629/1113
f 538/1630/1112 740/1629/1113 539/1632/1114
f 539/1632/1114 740/1629/1113 741/1631/1115
f 539/1632/1114 741/1633/1115 540/1635/1116
f 540/1635/1116 741/1633/1115 742/1634/1117
f 540/1635/1116 742/1634/1117 541/1637/1118
f 541/1637/1118 742/1634/1117 743/1636/1119
f 541/1637/1118 743/1638/1119 542/1640/1120
f 542/1640/1120 743/1638/1119 744/1639/1121
f 542/1640/1120 744/1641/1121 543/1643/1122
f 543/1643/1122 744/1641/1121 745/1642/1123
f 543/1643/1122 745/1642/1123 544/1645/1124
f 544/1645/1124 745/1642/1123 746/1644/1125
f 746/1646/1125 747/1647/1126 544/1645/1124
f 544/1645/1124 747/1647/1126 545/1648/1127
f 505/1556/1060 545/1648/1127 711/1557/1058
f 711/1557/1058 545/1648/1127 747/1649/1126
s 206
f 546/1650/1128 749/1651/1129 547/1653/1130
f 547/1653/1130 749/1651/1129 748/1652/1131
f 547/1653/1130 748/1652/1131 548/1655/1132
f 548/1655/1132 748/1652/1131 750/1654/1133
f 548/1655/1132 750/1656/1133 549/1658/1134
f 549/1658/1134 750/1656/1133 751/1657/1135
f 549/1658/1134 751/1657/1135 550/1660/1136
f 550/1660/1136 751/1657/1135 752/1659/1137
f 550/1660/1136 752/1661/1137 551/1663/1138
f 551/1663/1138 752/1661/1137 753/1662/1139
f 551/1663/1138 753/1664/1139 552/1666/1140
f 552/1666/1140 753/1664/1139 754/1665/1141
f 499/1542/1046 552/1666/1140 705/1667/1047
f 705/1667/1047 552/1666/1140 754/1665/1141
s 205
f 498/1541/1044 704/1668/1045 553/1670/1142
f 553/1670/1142 704/1668/1045 755/1669/1143
f 553/1670/1142 755/1671/1143 554/1673/1144
f 554/1673/1144 755/1671/1143 756/1672/1145
f 554/1673/1144 756/1672/1145 555/1675/1146
f 555/1675/1146 756/1672/1145 757/1674/1147
f 555/1675/1146 757/1676/1147 556/1678/1148
f 556/1678/1148 757/1676/1147 758/1677/1149
f 556/1678/1148 758/1679/1149 557/1681/1150
f 557/1681/1150 758/1679/1149 759/1680/1151
f 557/1681/1150 759/1680/1151 558/1683/1152
f 558/1683/1152 759/1680/1151 760/1682/1153
f 558/1683/1152 760/1684/1153 559/1686/1154
f 559/1686/1154 760/1684/1153 761/1685/1155
f 559/1686/1154 761/1685/1155 560/1688/1156
f 560/1688/1156 761/1685/1155 762/1687/1157
f 487/1512/1022 560/1688/1156 693/1513/1023
f 693/1513/1023 560/1688/1156 762/1689/1157
s 212
f 562/1690/1158 763/1691/1159 563/1693/1160
f 563/1693/1160 763/1691/1159 764/1692/1161
s 213
f 563/1694/1162 764/1695/1163 564/1697/1164
f 564/1697/1164 764/1695/1163 765/1696/1165
s 214
f 564/1698/1166 765/1699/1167 565/1701/1168
f 565/1701/1168 765/1699/1167 766/1700/1169
s 215
f 565/1702/1170 766/1703/1171 566/1705/1172
f 566/1705/1172 766/1703/1171 767/1704/1173
s 216
f 566/1706/1174 767/1707/1175 567/1709/1176
f 567/1709/1176 767/1707/1175 768/1708/1177
s 217
f 567/1710/1178 768/1711/1179 568/1713/1180
f 568/1713/1180 768/1711/1179 769/1712/1181
s 218
f 568/1714/1182 769/1715/1183 569/1717/1184
f 569/1717/1184 769/1715/1183 770/1716/1185
s 219
f 569/1718/1186 770/1719/1187 570/1721/1188
f 570/1721/1188 770/1719/1187 771/1720/1189
s 220
f 570/1722/1190 771/1723/1191 571/1725/1192
f 571/1725/1192 771/1723/1191 772/1724/1193
s 221
f 571/1726/1194 772/1727/1195 572/1729/1196
f 572/1729/1196 772/1727/1195 773/1728/1197
s 222
f 572/1730/1198 773/1731/1199 573/1733/1200
f 573/1733/1200 773/1731/1199 774/1732/1201
s 223
f 573/1734/1202 774/1735/1203 574/1737/1204
f 574/1737/1204 774/1735/1203 775/1736/1205
s 224
f 574/1738/1206 775/1739/1207 575/1741/1208
f 575/1741/1208 775/1739/1207 776/1740/1209
s 225
f 575/1742/1210 776/1743/1211 576/1745/1212
f 576/1745/1212 776/1743/1211 777/1744/1213
s 226
f 576/1746/1214 777/1747/1215 577/1749/1216
f 577/1749/1216 777/1747/1215 778/1748/1217
s 227
f 577/1750/1218 778/1751/1219 578/1753/1220
f 578/1753/1220 778/1751/1219 779/1752/1221
s 228
f 578/1754/1222 779/1755/1223 579/1757/1224
f 579/1757/1224 779/1755/1223 780/1756/1225
s 229
f 579/1758/1226 780/1759/1227 580/1761/1228
f 580/1761/1228 780/1759/1227 781/1760/1229
s 230
f 580/1762/1230 781/1763/1231 581/1765/1232
f 581/1765/1232 781/1763/1231 782/1764/1233
s 231
f 562/1766/1234 581/1767/1235 763/1769/1236
f 763/1769/1236 581/1767/1235 782/1768/1237
s 232
f 583/1770/1238 692/1771/1239 584/1773/1240
f 584/1773/1240 692/1771/1239 691/1772/1241
s 233
f 476/1774/1242 584/1775/1243 666/1777/1244
f 666/1777/1244 584/1775/1243 691/1776/1245
s 234
f 585/1778/1246 586/1779/1247 715/1781/1248
f 715/1781/1248 586/1779/1247 716/1780/1249
f 585/1778/1246 715/1781/1248 587/1783/1250
f 587/1783/1250 715/1781/1248 714/1782/1251
s 235
f 587/1784/1252 714/1785/1253 588/1787/1254
f 588/1787/1254 714/1785/1253 713/1786/1255
f 588/1787/1254 713/1786/1255 589/1789/1256
f 589/1789/1256 713/1786/1255 712/1788/1257
s 236
f 589/1790/1258 712/1791/1259 590/1793/1260
f 590/1793/1260 712/1791/1259 711/1792/1261
f 590/1793/1260 711/1792/1261 591/1795/1262
f 591/1795/1262 711/1792/1261 747/1794/1263
s 237
f 591/1796/1264 747/1797/1265 592/1799/1266
f 592/1799/1266 747/1797/1265 746/1798/1267
s 238
f 592/1800/1268 746/1801/1269 593/1803/1270
f 593/1803/1270 746/1801/1269 745/1802/1271
f 593/1803/1270 745/1802/1271 594/1805/1272
f 594/1805/1272 745/1802/1271 744/1804/1273
s 239
f 594/1806/1274 744/1807/1275 595/1809/1276
f 595/1809/1276 744/1807/1275 743/1808/1277
s 240
f 595/1810/1278 743/1811/1279 596/1813/1280
f 596/1813/1280 743/1811/1279 742/1812/1281
f 596/1813/1280 742/1812/1281 597/1815/1282
f 597/1815/1282 742/1812/1281 741/1814/1283
s 241
f 597/1816/1284 741/1817/1285 598/1819/1286
f 598/1819/1286 741/1817/1285 740/1818/1287
f 598/1819/1286 740/1818/1287 599/1821/1288
f 599/1821/1288 740/1818/1287 739/1820/1289
s 242
f 599/1822/1290 739/1823/1291 600/1825/1292
f 600/1825/1292 739/1823/1291 738/1824/1293
f 600/1825/1292 738/1824/1293 601/1827/1294
f 601/1827/1294 738/1824/1293 737/1826/1295
s 243
f 601/1828/1296 737/1829/1297 602/1831/1298
f 602/1831/1298 737/1829/1297 736/1830/1299
s 244
f 602/1832/1300 736/1833/1301 603/1835/1302
f 603/1835/1302 736/1833/1301 735/1834/1303
f 603/1835/1302 735/1834/1303 604/1837/1304
f 604/1837/1304 735/1834/1303 734/1836/1305
s 245
f 586/1838/1306 604/1839/1307 716/1841/1308
f 716/1841/1308 604/1839/1307 734/1840/1309
s 208
f 514/1578/1077 720/1842/1076 605/1844/1310
f 605/1844/1310 720/1842/1076 783/1843/1311
s 246
f 605/1311/1312 784/1845/1313 606/1312/1314
f 606/1312/1314 784/1845/1313 785/1846/1315
s 196
f 423/1314/904 606/1847/1316 608/1849/905
f 608/1849/905 606/1847/1316 786/1848/1317
s 247
f 607/1850/1318 608/1851/1319 719/1853/1320
f 719/1853/1320 608/1851/1319 720/1852/1321
f 607/1850/1318 719/1853/1320 609/1855/1322
f 609/1855/1322 719/1853/1320 718/1854/1323
s 248
f 609/1856/1324 718/1857/1325 610/1859/1326
f 610/1859/1326 718/1857/1325 717/1858/1327
f 610/1859/1326 717/1858/1327 611/1861/1328
f 611/1861/1328 717/1858/1327 733/1860/1329
s 249
f 611/1862/1330 733/1863/1331 612/1865/1332
f 612/1865/1332 733/1863/1331 732/1864/1333
s 250
f 612/1866/1334 732/1867/1335 613/1869/1336
f 613/1869/1336 732/1867/1335 731/1868/1337
f 613/1869/1336 731/1868/1337 614/1871/1338
f 614/1871/1338 731/1868/1337 730/1870/1339
s 251
f 614/1872/1340 730/1873/1341 615/1875/1342
f 615/1875/1342 730/1873/1341 729/1874/1343
s 252
f 615/1876/1344 729/1877/1345 616/1879/1346
f 616/1879/1346 729/1877/1345 728/1878/1347
f 616/1879/1346 728/1878/1347 617/1881/1348
f 617/1881/1348 728/1878/1347 727/1880/1349
s 253
f 617/1882/1350 727/1883/1351 618/1885/1352
f 618/1885/1352 727/1883/1351 725/1884/1353
f 618/1885/1352 725/1884/1353 619/1887/1354
f 619/1887/1354 725/1884/1353 726/1886/1355
s 196
f 435/1345/929 619/1888/928 620/1890/1356
f 620/1890/1356 619/1888/928 787/1889/1357
s 246
f 620/1348/1358 788/1891/1359 621/1349/1360
f 621/1349/1360 788/1891/1359 789/1892/1361
s 208
f 523/1589/1082 621/1893/1362 726/1895/1083
f 726/1895/1083 621/1893/1362 790/1894/1363
s 255
f 622/1896/1364 721/1897/1365 623/1899/1366
f 623/1899/1366 721/1897/1365 724/1898/1367
s 256
f 623/1900/1368 724/1901/1369 624/1903/1370
f 624/1903/1370 724/1901/1369 723/1902/1371
s 257
usemtl initialShadingGroup
f 624/1904/1372 723/1905/1373 625/1907/1374
f 625/1907/1374 723/1905/1373 722/1906/1375
s 258
usemtl oak_lab:pasted__phong2SG
f 622/1908/1376 625/1909/1377 721/1911/1378
f 721/1911/1378 625/1909/1377 722/1910/1379
s 206
f 504/1555/1057 710/1912/1056 629/1914/1380
f 629/1914/1380 710/1912/1056 791/1913/1381
s 259
f 629/1369/1382 792/1915/1383 630/1370/1384
f 630/1370/1384 792/1915/1383 793/1916/1385
s 200
f 442/1372/942 630/1917/1386 632/1919/943
f 632/1919/943 630/1917/1386 794/1918/1387
s 260
f 631/1920/1388 632/1921/1389 709/1923/1390
f 709/1923/1390 632/1921/1389 710/1922/1391
f 631/1920/1388 709/1923/1390 633/1925/1392
f 633/1925/1392 709/1923/1390 708/1924/1393
s 261
f 633/1926/1394 708/1927/1395 634/1929/1396
f 634/1929/1396 708/1927/1395 707/1928/1397
f 634/1929/1396 707/1928/1397 635/1931/1398
f 635/1931/1398 707/1928/1397 706/1930/1399
s 262
f 635/1932/1400 706/1933/1401 636/1935/1402
f 636/1935/1402 706/1933/1401 705/1934/1403
s 263
f 636/1936/1404 705/1937/1405 637/1939/1406
f 637/1939/1406 705/1937/1405 754/1938/1407
f 637/1939/1406 754/1938/1407 638/1941/1408
f 638/1941/1408 754/1938/1407 753/1940/1409
s 264
f 638/1942/1410 753/1943/1411 639/1945/1412
f 639/1945/1412 753/1943/1411 752/1944/1413
s 265
f 639/1946/1414 752/1947/1415 640/1949/1416
f 640/1949/1416 752/1947/1415 751/1948/1417
s 266
f 641/1950/1418 761/1951/1419 642/1953/1420
f 642/1953/1420 761/1951/1419 760/1952/1421
s 267
f 642/1954/1422 760/1955/1423 643/1957/1424
f 643/1957/1424 760/1955/1423 759/1956/1425
f 643/1957/1424 759/1956/1425 644/1959/1426
f 644/1959/1426 759/1956/1425 758/1958/1427
s 268
f 644/1960/1428 758/1961/1429 645/1963/1430
f 645/1963/1430 758/1961/1429 757/1962/1431
s 269
f 645/1964/1432 757/1965/1433 646/1967/1434
f 646/1967/1434 757/1965/1433 756/1966/1435
f 646/1967/1434 756/1966/1435 647/1969/1436
f 647/1969/1436 756/1966/1435 755/1968/1437
s 270
f 647/1970/1438 755/1971/1439 648/1973/1440
f 648/1973/1440 755/1971/1439 704/1972/1441
s 271
f 648/1974/1442 704/1975/1443 649/1977/1444
f 649/1977/1444 704/1975/1443 703/1976/1445
f 649/1977/1444 703/1976/1445 650/1979/1446
f 650/1979/1446 703/1976/1445 702/1978/1447
s 272
f 650/1980/1448 702/1981/1449 651/1983/1450
f 651/1983/1450 702/1981/1449 701/1982/1451
f 651/1983/1450 701/1982/1451 652/1985/1452
f 652/1985/1452 701/1982/1451 700/1984/1453
s 273
f 652/1986/1454 700/1987/1455 653/1989/1456
f 653/1989/1456 700/1987/1455 699/1988/1457
f 653/1989/1456 699/1988/1457 654/1991/1458
f 654/1991/1458 699/1988/1457 698/1990/1459
s 274
f 654/1992/1460 698/1993/1461 655/1995/1462
f 655/1995/1462 698/1993/1461 697/1994/1463
s 275
f 655/1996/1464 697/1997/1465 656/1999/1466
f 656/1999/1466 697/1997/1465 696/1998/1467
f 656/1999/1466 696/1998/1467 657/2001/1468
f 657/2001/1468 696/1998/1467 695/2000/1469
s 276
f 657/2002/1470 695/2003/1471 658/2005/1472
f 658/2005/1472 695/2003/1471 694/2004/1473
s 277
f 658/2006/1474 694/2007/1475 659/2009/1476
f 659/2009/1476 694/2007/1475 693/2008/1477
f 659/2009/1476 693/2008/1477 660/2011/1478
f 660/2011/1478 693/2008/1477 762/2010/1479
s 266
f 641/1950/1418 660/2012/1480 761/1951/1419
f 761/1951/1419 660/2012/1480 762/2013/1481
s 265
f 640/1949/1416 751/1948/1417 661/2015/1482
f 661/2015/1482 751/1948/1417 750/2014/1483
s 278
f 661/2016/1484 750/2017/1485 662/2019/1486
f 662/2019/1486 750/2017/1485 748/2018/1487
s 200
f 474/1461/1007 665/2020/1006 663/2022/1488
f 663/2022/1488 665/2020/1006 795/2021/1489
s 259
f 663/1456/1490 796/2023/1491 664/1457/1492
f 664/1457/1492 796/2023/1491 797/2024/1493
s 206
f 546/1650/1128 664/2025/1494 749/2027/1129
f 749/2027/1129 664/2025/1494 798/2026/1495
s 278
f 662/2019/1486 748/2018/1487 665/2029/1496
f 665/2029/1496 748/2018/1487 749/2028/1497
s 280
usemtl initialShadingGroup
f 477/2030/1498 667/2031/1499 583/2033/1500
f 583/2033/1500 667/2031/1499 692/2032/1501
s 281
usemtl oak_lab:pasted__phong2SG
f 668/2034/1502 687/2035/1503 800/2037/1504
f 800/2037/1504 687/2035/1503 799/2036/1505
s 282
f 668/2038/1506 800/2039/1507 669/2041/1508
f 669/2041/1508 800/2039/1507 801/2040/1509
s 283
f 669/2042/1510 801/2043/1511 670/2045/1512
f 670/2045/1512 801/2043/1511 802/2044/1513
s 284
f 670/2046/1514 802/2047/1515 671/2049/1516
f 671/2049/1516 802/2047/1515 803/2048/1517
s 285
f 671/2050/1518 803/2051/1519 672/2053/1520
f 672/2053/1520 803/2051/1519 804/2052/1521
s 286
f 672/2054/1522 804/2055/1523 673/2057/1524
f 673/2057/1524 804/2055/1523 805/2056/1525
s 287
f 673/2058/1526 805/2059/1527 674/2061/1528
f 674/2061/1528 805/2059/1527 806/2060/1529
s 288
f 674/2062/1530 806/2063/1531 675/2065/1532
f 675/2065/1532 806/2063/1531 807/2064/1533
s 289
f 675/2066/1534 807/2067/1535 676/2069/1536
f 676/2069/1536 807/2067/1535 808/2068/1537
s 290
f 676/2070/1538 808/2071/1539 677/2073/1540
f 677/2073/1540 808/2071/1539 809/2072/1541
s 291
f 677/2074/1542 809/2075/1543 678/2077/1544
f 678/2077/1544 809/2075/1543 810/2076/1545
s 292
f 678/2078/1546 810/2079/1547 679/2081/1548
f 679/2081/1548 810/2079/1547 811/2080/1549
s 293
f 679/2082/1550 811/2083/1551 680/2085/1552
f 680/2085/1552 811/2083/1551 812/2084/1553
s 294
f 680/2086/1554 812/2087/1555 681/2089/1556
f 681/2089/1556 812/2087/1555 813/2088/1557
s 295
f 681/2090/1558 813/2091/1559 682/2093/1560
f 682/2093/1560 813/2091/1559 814/2092/1561
s 296
f 682/2094/1562 814/2095/1563 683/2097/1564
f 683/2097/1564 814/2095/1563 815/2096/1565
s 297
f 683/2098/1566 815/2099/1567 684/2101/1568
f 684/2101/1568 815/2099/1567 816/2100/1569
s 298
f 684/2102/1570 816/2103/1571 685/2105/1572
f 685/2105/1572 816/2103/1571 817/2104/1573
s 299
f 685/2106/1574 817/2107/1575 686/2109/1576
f 686/2109/1576 817/2107/1575 818/2108/1577
s 300
f 686/2110/1578 818/2111/1579 687/2113/1580
f 687/2113/1580 818/2111/1579 799/2112/1581
s 301
f 763/2126/1582 822/2127/1583 764/2129/1584
f 764/2129/1584 822/2127/1583 823/2128/1585
f 764/2129/1584 823/2130/1585 765/2132/1586
f 765/2132/1586 823/2130/1585 824/2131/1587
f 765/2132/1586 824/2131/1587 766/2134/1588
f 766/2134/1588 824/2131/1587 825/2133/1589
f 766/2134/1588 825/2135/1589 767/2137/1590
f 767/2137/1590 825/2135/1589 826/2136/1591
f 767/2137/1590 826/2138/1591 768/2140/1592
f 768/2140/1592 826/2138/1591 827/2139/1593
f 768/2140/1592 827/2139/1593 769/2142/1594
f 769/2142/1594 827/2139/1593 828/2141/1595
f 769/2142/1594 828/2143/1595 770/2145/1596
f 770/2145/1596 828/2143/1595 829/2144/1597
f 770/2145/1596 829/2146/1597 771/2148/1598
f 771/2148/1598 829/2146/1597 830/2147/1599
f 771/2148/1598 830/2147/1599 772/2150/1600
f 772/2150/1600 830/2147/1599 831/2149/1601
f 772/2150/1600 831/2151/1601 773/2153/1602
f 773/2153/1602 831/2151/1601 832/2152/1603
f 773/2153/1602 832/2152/1603 774/2155/1604
f 774/2155/1604 832/2152/1603 833/2154/1605
f 774/2155/1604 833/2156/1605 775/2158/1606
f 775/2158/1606 833/2156/1605 834/2157/1607
f 775/2158/1606 834/2157/1607 776/2160/1608
f 776/2160/1608 834/2157/1607 835/2159/1609
f 776/2160/1608 835/2161/1609 777/2163/1610
f 777/2163/1610 835/2161/1609 836/2162/1611
f 777/2163/1610 836/2164/1611 778/2166/1612
f 778/2166/1612 836/2164/1611 837/2165/1613
f 778/2166/1612 837/2165/1613 779/2168/1614
f 779/2168/1614 837/2165/1613 838/2167/1615
f 779/2168/1614 838/2169/1615 780/2171/1616
f 780/2171/1616 838/2169/1615 839/2170/1617
f 780/2171/1616 839/2172/1617 781/2174/1618
f 781/2174/1618 839/2172/1617 840/2173/1619
f 781/2174/1618 840/2173/1619 782/2176/1620
f 782/2176/1620 840/2173/1619 841/2175/1621
f 763/2126/1582 782/2176/1620 822/2127/1583
f 822/2127/1583 782/2176/1620 841/2177/1621
s 302
f 608/2178/1622 786/2179/1623 720/2181/1624
f 720/2181/1624 786/2179/1623 783/2180/1625
s 208
f 605/1844/1310 783/1843/1311 784/2183/1626
f 784/2183/1626 783/1843/1311 842/2182/1627
s 246
f 784/1845/1313 843/2184/1628 785/1846/1315
f 785/1846/1315 843/2184/1628 844/2185/1629
s 196
f 606/1847/1316 785/2186/1630 786/1848/1317
f 786/1848/1317 785/2186/1630 845/2187/1631
s 303
f 619/2188/1632 726/2189/1633 787/2191/1634
f 787/2191/1634 726/2189/1633 790/2190/1635
s 196
f 620/1890/1356 787/1889/1357 788/2193/1636
f 788/2193/1636 787/1889/1357 846/2192/1637
s 246
f 788/1891/1359 847/2194/1638 789/1892/1361
f 789/1892/1361 847/2194/1638 848/2195/1639
s 208
f 621/1893/1362 789/2196/1640 790/1894/1363
f 790/1894/1363 789/2196/1640 849/2197/1641
s 304
f 632/2198/1642 794/2199/1643 710/2201/1644
f 710/2201/1644 794/2199/1643 791/2200/1645
s 206
f 629/1914/1380 791/1913/1381 792/2203/1646
f 792/2203/1646 791/1913/1381 850/2202/1647
s 259
f 792/1915/1383 851/2204/1648 793/1916/1385
f 793/1916/1385 851/2204/1648 852/2205/1649
s 200
f 630/1917/1386 793/2206/1650 794/1918/1387
f 794/1918/1387 793/2206/1650 853/2207/1651
s 305
f 665/2208/1652 749/2209/1653 795/2211/1654
f 795/2211/1654 749/2209/1653 798/2210/1655
s 200
f 663/2022/1488 795/2021/1489 796/2213/1656
f 796/2213/1656 795/2021/1489 854/2212/1657
s 259
f 796/2023/1491 855/2214/1658 797/2024/1493
f 797/2024/1493 855/2214/1658 856/2215/1659
s 206
f 664/2025/1494 797/2216/1660 798/2026/1495
f 798/2026/1495 797/2216/1660 857/2217/1661
s 306
f 799/2218/1662 858/2219/1663 800/2221/1664
f 800/2221/1664 858/2219/1663 859/2220/1665
f 800/2221/1664 859/2220/1665 801/2223/1666
f 801/2223/1666 859/2220/1665 860/2222/1667
f 801/2223/1666 860/2224/1667 802/2226/1668
f 802/2226/1668 860/2224/1667 861/2225/1669
f 802/2226/1668 861/2225/1669 803/2228/1670
f 803/2228/1670 861/2225/1669 862/2227/1671
f 803/2228/1670 862/2229/1671 804/2231/1672
f 804/2231/1672 862/2229/1671 863/2230/1673
f 804/2231/1672 863/2232/1673 805/2234/1674
f 805/2234/1674 863/2232/1673 864/2233/1675
f 805/2234/1674 864/2233/1675 806/2236/1676
f 806/2236/1676 864/2233/1675 865/2235/1677
f 806/2236/1676 865/2237/1677 807/2239/1678
f 807/2239/1678 865/2237/1677 866/2238/1679
f 807/2239/1678 866/2240/1679 808/2242/1680
f 808/2242/1680 866/2240/1679 867/2241/1681
f 808/2242/1680 867/2241/1681 809/2244/1682
f 809/2244/1682 867/2241/1681 868/2243/1683
f 809/2244/1682 868/2245/1683 810/2247/1684
f 810/2247/1684 868/2245/1683 869/2246/1685
f 810/2247/1684 869/2246/1685 811/2249/1686
f 811/2249/1686 869/2246/1685 870/2248/1687
f 811/2249/1686 870/2250/1687 812/2252/1688
f 812/2252/1688 870/2250/1687 871/2251/1689
f 812/2252/1688 871/2251/1689 813/2254/1690
f 813/2254/1690 871/2251/1689 872/2253/1691
f 813/2254/1690 872/2255/1691 814/2257/1692
f 814/2257/1692 872/2255/1691 873/2256/1693
f 814/2257/1692 873/2258/1693 815/2260/1694
f 815/2260/1694 873/2258/1693 874/2259/1695
f 815/2260/1694 874/2259/1695 816/2262/1696
f 816/2262/1696 874/2259/1695 875/2261/1697
f 816/2262/1696 875/2263/1697 817/2265/1698
f 817/2265/1698 875/2263/1697 876/2264/1699
f 817/2265/1698 876/2266/1699 818/2268/1700
f 818/2268/1700 876/2266/1699 877/2267/1701
f 799/2218/1662 818/2268/1700 858/2269/1663
f 858/2269/1663 818/2268/1700 877/2267/1701
s 307
f 822/2270/1702 859/2271/1703 823/2273/1704
f 823/2273/1704 859/2271/1703 858/2272/1705
s 308
f 823/2274/1706 858/2275/1707 824/2277/1708
f 824/2277/1708 858/2275/1707 877/2276/1709
f 824/2277/1708 877/2276/1709 825/2279/1710
f 825/2279/1710 877/2276/1709 876/2278/1711
s 309
f 825/2280/1712 876/2281/1713 826/2283/1714
f 826/2283/1714 876/2281/1713 875/2282/1715
s 310
f 826/2284/1716 875/2285/1717 827/2287/1718
f 827/2287/1718 875/2285/1717 874/2286/1719
f 827/2287/1718 874/2286/1719 828/2289/1720
f 828/2289/1720 874/2286/1719 873/2288/1721
s 311
f 828/2290/1722 873/2291/1723 829/2293/1724
f 829/2293/1724 873/2291/1723 872/2292/1725
s 312
f 829/2294/1726 872/2295/1727 830/2297/1728
f 830/2297/1728 872/2295/1727 871/2296/1729
f 830/2297/1728 871/2296/1729 831/2299/1730
f 831/2299/1730 871/2296/1729 870/2298/1731
s 313
f 831/2300/1732 870/2301/1733 832/2303/1734
f 832/2303/1734 870/2301/1733 869/2302/1735
f 832/2303/1734 869/2302/1735 833/2305/1736
f 833/2305/1736 869/2302/1735 868/2304/1737
s 314
f 833/2306/1738 868/2307/1739 834/2309/1740
f 834/2309/1740 868/2307/1739 867/2308/1741
f 834/2309/1740 867/2308/1741 835/2311/1742
f 835/2311/1742 867/2308/1741 866/2310/1743
s 315
f 835/2312/1744 866/2313/1745 836/2315/1746
f 836/2315/1746 866/2313/1745 865/2314/1747
s 316
f 836/2316/1748 865/2317/1749 837/2319/1750
f 837/2319/1750 865/2317/1749 864/2318/1751
f 837/2319/1750 864/2318/1751 838/2321/1752
f 838/2321/1752 864/2318/1751 863/2320/1753
s 317
f 838/2322/1754 863/2323/1755 839/2325/1756
f 839/2325/1756 863/2323/1755 862/2324/1757
s 318
f 839/2326/1758 862/2327/1759 840/2329/1760
f 840/2329/1760 862/2327/1759 861/2328/1761
f 840/2329/1760 861/2328/1761 841/2331/1762
f 841/2331/1762 861/2328/1761 860/2330/1763
s 307
f 822/2270/1702 841/2332/1764 859/2271/1703
f 859/2271/1703 841/2332/1764 860/2333/1765
s 302
f 783/2180/1625 786/2179/1623 842/2335/1766
f 842/2335/1766 786/2179/1623 845/2334/1767
s 208
f 784/2183/1626 842/2336/1627 843/2338/1768
f 843/2338/1768 842/2336/1627 878/2337/1769
s 246
f 843/2339/1628 879/2340/1770 844/2342/1629
f 844/2342/1629 879/2340/1770 880/2341/1771
s 196
f 785/2186/1630 844/2343/1772 845/2345/1631
f 845/2345/1631 844/2343/1772 881/2344/1773
s 303
f 787/2191/1634 790/2190/1635 846/2347/1774
f 846/2347/1774 790/2190/1635 849/2346/1775
s 196
f 788/2193/1636 846/2348/1637 847/2350/1776
f 847/2350/1776 846/2348/1637 882/2349/1777
s 246
f 847/2194/1638 880/2341/1771 848/2195/1639
f 848/2195/1639 880/2341/1771 879/2340/1770
s 208
f 789/2196/1640 848/2351/1778 849/2353/1641
f 849/2353/1641 848/2351/1778 883/2352/1779
s 304
f 791/2200/1645 794/2199/1643 850/2355/1780
f 850/2355/1780 794/2199/1643 853/2354/1781
s 206
f 792/2203/1646 850/2356/1647 851/2358/1782
f 851/2358/1782 850/2356/1647 884/2357/1783
s 259
f 851/2359/1648 885/2360/1784 852/2362/1649
f 852/2362/1649 885/2360/1784 886/2361/1785
s 200
f 793/2206/1650 852/2363/1786 853/2365/1651
f 853/2365/1651 852/2363/1786 887/2364/1787
s 305
f 795/2211/1654 798/2210/1655 854/2367/1788
f 854/2367/1788 798/2210/1655 857/2366/1789
s 200
f 796/2213/1656 854/2368/1657 855/2370/1790
f 855/2370/1790 854/2368/1657 888/2369/1791
s 259
f 855/2214/1658 886/2361/1785 856/2215/1659
f 856/2215/1659 886/2361/1785 885/2360/1784
s 206
f 797/2216/1660 856/2371/1792 857/2373/1661
f 857/2373/1661 856/2371/1792 889/2372/1793
s 319
f 842/2374/1794 845/2375/1795 878/2377/1796
f 878/2377/1796 845/2375/1795 881/2376/1797
s 208
f 843/2338/1768 878/2378/1769 879/2380/1798
f 879/2380/1798 878/2378/1769 890/2379/1799
s 196
f 844/2343/1772 880/2381/1800 881/2383/1773
f 881/2383/1773 880/2381/1800 891/2382/1801
s 320
f 846/2384/1802 849/2385/1803 882/2387/1804
f 882/2387/1804 849/2385/1803 883/2386/1805
s 196
f 847/2350/1776 882/2388/1777 880/2381/1800
f 880/2381/1800 882/2388/1777 891/2382/1801
s 208
f 848/2351/1778 879/2380/1798 883/2389/1779
f 883/2389/1779 879/2380/1798 890/2379/1799
s 321
f 850/2390/1806 853/2391/1807 884/2393/1808
f 884/2393/1808 853/2391/1807 887/2392/1809
s 206
f 851/2358/1782 884/2394/1783 885/2396/1810
f 885/2396/1810 884/2394/1783 892/2395/1811
s 200
f 852/2363/1786 886/2397/1812 887/2399/1787
f 887/2399/1787 886/2397/1812 893/2398/1813
s 322
f 854/2400/1814 857/2401/1815 888/2403/1816
f 888/2403/1816 857/2401/1815 889/2402/1817
s 200
f 855/2370/1790 888/2404/1791 886/2397/1812
f 886/2397/1812 888/2404/1791 893/2398/1813
s 206
f 856/2371/1792 885/2396/1810 889/2405/1793
f 889/2405/1793 885/2396/1810 892/2395/1811
s 128
f 878/2406/1818 881/2407/1819 890/2409/579
f 890/2409/579 881/2407/1819 891/2408/578
s 323
usemtl initialShadingGroup
f 4/2464/1820 482/1501/1821 3/2465/1822
f 3/2465/1822 482/1501/1821 483/946/1823
s 3
usemtl oak_lab:pasted__lambert3SG
f 907/2466/1824 908/2467/1825 12/23/1826
f 12/23/1826 908/2467/1825 18/22/1827
f 909/2468/1828 13/17/8 908/2467/1825
f 13/17/8 14/18/10 908/2467/1825
f 16/20/11 17/21/1829 15/19/9
f 17/21/1829 18/22/1827 15/19/9
f 15/19/9 18/22/1827 14/18/10
f 908/2467/1825 14/18/10 18/22/1827
s 325
usemtl oak_lab:pasted__lambert5SG
f 84/172/1830 116/225/1831 85/176/1832
f 116/225/1831 113/222/1833 85/176/1832
f 84/172/1830 87/181/1834 116/225/1831
f 116/225/1831 87/181/1834 115/224/1835
f 87/181/1834 86/177/1836 115/224/1835
f 115/224/1835 86/177/1836 114/223/1837
f 86/177/1836 85/176/1832 114/223/1837
f 113/222/1833 114/223/1837 85/176/1832
s 97
usemtl initialShadingGroup
f 144/556/1838 392/555/1839 121/557/1840
f 393/558/1841 155/373/1842 392/555/1839
f 155/373/1842 196/350/1843 392/555/1839
f 196/350/1843 910/349/1844 392/555/1839
f 392/555/1839 910/349/1844 121/557/1840
f 910/349/1844 921/327/1845 121/557/1840
f 121/557/1840 921/327/1845 128/325/1846
f 921/327/1845 162/326/1847 128/325/1846
s 328
usemtl oak_lab:pasted__phong2SG
f 436/1352/1848 622/1356/1849 437/1355/1850
f 622/1356/1849 623/1357/1851 437/1355/1850
f 436/1352/1848 439/1353/1852 622/1356/1849
f 622/1356/1849 439/1353/1852 625/1359/1853
f 439/1353/1852 438/1354/1854 625/1359/1853
f 625/1359/1853 438/1354/1854 624/1358/1855
f 438/1354/1854 437/1355/1850 624/1358/1855
f 623/1357/1851 624/1358/1855 437/1355/1850
s 329
f 519/1581/1856 522/1582/1857 723/1586/1858
f 723/1586/1858 522/1582/1857 722/1585/1859
f 519/1581/1856 723/1586/1858 520/1588/1860
f 723/1586/1858 724/1587/1861 520/1588/1860
f 520/1588/1860 724/1587/1861 521/1583/1862
f 724/1587/1861 721/1584/1863 521/1583/1862
f 522/1582/1857 521/1583/1862 722/1585/1859
f 721/1584/1863 722/1585/1859 521/1583/1862
s 330
f 364/928/1864 477/927/1865 402/1255/1866
f 477/927/1865 583/1252/1867 402/1255/1866
f 364/928/1864 365/925/1868 477/927/1865
f 477/927/1865 365/925/1868 476/926/1869
f 365/925/1868 475/1254/1870 476/926/1869
f 476/926/1869 475/1254/1870 584/1253/1871
f 475/1254/1870 402/1255/1866 584/1253/1871
f 583/1252/1867 584/1253/1871 402/1255/1866
s 331
usemtl oak_lab:pasted__lambert3SG
f 907/42/1872 12/43/1873 26/47/1874
f 24/45/1875 25/46/1876 27/44/1877
f 25/46/1876 26/47/1874 27/44/1877
f 12/43/1873 27/44/1877 26/47/1874
s 333
f 27/81/1878 44/82/1879 24/80/1880
f 44/82/1879 45/83/1881 24/80/1880
f 35/84/1882 22/79/1883 45/83/1881
f 22/79/1883 24/80/1880 45/83/1881
s 334
f 914/146/1884 47/147/1885 78/151/1886
f 77/150/1887 78/151/1886 56/149/1888
f 56/149/1888 78/151/1886 46/148/1889
f 47/147/1885 46/148/1889 78/151/1886
s 336
f 918/159/1890 80/160/1891 53/104/1892
f 77/161/1893 56/162/1894 80/160/1891
f 56/162/1894 35/163/1895 80/160/1891
f 80/160/1891 35/163/1895 53/104/1892
s 338
usemtl oak_lab:pasted__phong2SG
f 922/2469/1896 925/2470/1897 89/194/1898
f 925/2470/1897 99/191/1899 89/194/1898
f 89/194/1898 99/191/1899 101/193/1900
f 99/191/1899 100/192/1901 101/193/1900
s 47
f 66/226/204 90/227/1902 74/231/205
f 90/227/1902 118/228/1903 74/231/205
f 118/228/1903 117/229/1904 74/231/205
f 117/229/1904 930/230/207 74/231/205
s 259
f 474/1455/1905 663/1456/1490 267/1454/1906
f 663/1456/1490 664/1457/1492 267/1454/1906
f 546/1458/1907 337/1459/1908 664/1457/1492
f 267/1454/1906 664/1457/1492 337/1459/1908
s 339
usemtl initialShadingGroup
f 107/252/1909 111/253/1910 133/257/1911
f 129/254/1912 131/255/1913 111/253/1910
f 111/253/1910 131/255/1913 133/257/1911
f 131/255/1913 132/256/1914 133/257/1911
s 259
usemtl oak_lab:pasted__phong2SG
f 504/1368/1915 629/1369/1382 381/1367/1916
f 629/1369/1382 630/1370/1384 381/1367/1916
f 442/1371/1917 235/1366/1918 630/1370/1384
f 235/1366/1918 381/1367/1916 630/1370/1384
s 340
usemtl initialShadingGroup
f 277/436/1919 278/437/1920 145/435/1921
f 145/435/1921 278/437/1920 142/434/1922
f 142/434/1922 278/437/1920 280/439/1923
f 278/437/1920 279/438/1924 280/439/1923
s 341
usemtl oak_lab:pasted__phong2SG
f 484/950/1925 485/951/1926 483/949/1927
f 366/953/1928 3/948/1929 486/952/1930
f 3/948/1929 483/949/1927 486/952/1930
f 483/949/1927 485/951/1926 486/952/1930
s 157
usemtl initialShadingGroup
f 399/1069/696 393/1070/1931 291/1066/694
f 290/554/1932 289/1067/695 392/1071/1933
f 289/1067/695 291/1066/694 392/1071/1933
f 291/1066/694 393/1070/1931 392/1071/1933
s 246
usemtl oak_lab:pasted__phong2SG
f 620/1348/1358 621/1349/1360 435/1347/1934
f 435/1347/1934 621/1349/1360 215/1346/1935
f 523/1350/1936 304/1351/1937 621/1349/1360
f 215/1346/1935 621/1349/1360 304/1351/1937
f 514/1310/1938 605/1311/1312 390/1309/1939
f 605/1311/1312 606/1312/1314 390/1309/1939
f 423/1313/1940 203/1308/1941 606/1312/1314
f 203/1308/1941 390/1309/1939 606/1312/1314
s 343
usemtl oak_lab:pasted__lambert3SG
f 39/115/1942 38/87/1943 28/86/1944
s 344
f 38/87/1943 46/88/1945 28/86/1944
f 28/86/1944 46/88/1945 13/85/1946
f 46/88/1945 47/89/1947 13/85/1946
s 343
usemtl initialShadingGroup
f 36/112/1948 35/109/1949 37/111/1950
s 346
f 38/114/1951 37/111/1950 46/113/1952
f 46/113/1952 37/111/1950 56/110/1953
f 35/109/1949 56/110/1953 37/111/1950
s 347
usemtl oak_lab:pasted__lambert3SG
f 76/145/1954 75/144/1955 88/184/1956
f 75/144/1955 52/158/1957 88/184/1956
f 32/156/1958 51/157/1959 52/158/1957
f 52/158/1957 51/157/1959 88/184/1956
s 348
f 909/2468/1960 29/48/1961 13/17/1962
f 25/46/1963 24/45/1964 29/48/1961
f 24/45/1964 19/49/1965 29/48/1961
f 19/49/1965 28/50/1966 29/48/1961
f 29/48/1961 28/50/1966 13/17/1962
s 350
usemtl oak_lab:pasted__lambert2SG
f 107/213/1967 924/214/1968 111/212/1969
f 73/209/1970 109/210/1971 926/215/1972
f 110/211/1973 111/212/1969 109/210/1971
f 111/212/1969 924/214/1968 109/210/1971
f 109/210/1971 924/214/1968 926/215/1972
s 352
usemtl initialShadingGroup
f 105/236/1974 121/237/1975 103/199/1976
f 103/199/1976 121/237/1975 99/200/1977
f 99/200/1977 121/237/1975 100/240/1978
f 122/238/1979 123/239/1980 121/237/1975
f 121/237/1975 123/239/1980 100/240/1978
s 353
usemtl oak_lab:oak_lab:lambert4SG
f 131/313/1981 129/307/1982 167/312/1983
f 167/312/1983 129/307/1982 166/311/1984
f 165/310/1985 166/311/1984 164/309/1986
f 129/307/1982 156/308/1987 166/311/1984
s off
f 156/308/1987 164/309/1986 166/311/1984
s 355
f 278/563/1988 277/564/1989 127/562/1990
f 127/562/1990 277/564/1989 160/568/1991
f 277/564/1989 394/565/1992 160/568/1991
f 394/565/1992 219/566/1993 160/568/1991
f 219/566/1993 155/567/1994 160/568/1991
s 356
usemtl oak_lab:pasted__phong2SG
f 361/1492/1995 479/1493/1996 690/1498/1997
f 485/1494/1998 484/1495/1999 479/1493/1996
f 484/1495/1999 688/1496/2000 479/1493/1996
f 689/1497/2001 690/1498/1997 688/1496/2000
f 479/1493/1996 688/1496/2000 690/1498/1997
s off
usemtl oak_lab:pasted__lambert2SG
f 396/2119/2002 819/2120/2003 820/2125/2004
s 358
f 362/2122/2005 690/2123/2006 689/2121/2007
f 819/2120/2003 689/2121/2007 820/2125/2004
s 359
f 689/2121/2007 690/2123/2006 820/2125/2004
s 358
f 690/2123/2006 821/2124/2008 820/2125/2004
s 360
usemtl oak_lab:oak_lab3:oak_lab2:pasted__phong1SG
f 93/2432/2009 92/2426/2010 153/2431/2011
f 140/2428/2012 173/2429/2013 119/2427/2014
f 119/2427/2014 173/2429/2013 92/2426/2010
f 173/2429/2013 154/2430/2015 92/2426/2010
f 92/2426/2010 154/2430/2015 153/2431/2011
s 362
f 96/2433/2016 150/2434/2017 97/2439/2018
f 174/2436/2019 141/2437/2020 149/2435/2021
f 141/2437/2020 120/2438/2022 149/2435/2021
f 120/2438/2022 97/2439/2018 149/2435/2021
f 150/2434/2017 149/2435/2021 97/2439/2018
s 364
usemtl oak_lab:pasted__lambert3SG
f 88/153/2023 51/152/2024 50/94/2025
f 50/94/2025 51/152/2024 49/93/2026
f 51/152/2024 30/95/2027 49/93/2026
f 16/92/2028 48/91/2029 30/95/2027
f 30/95/2027 48/91/2029 49/93/2026
s 365
usemtl oak_lab:pasted__lambert6SG
f 76/258/2030 88/221/2031 171/319/2032
f 50/217/2033 79/218/2034 88/221/2031
f 79/218/2034 81/219/2035 88/221/2031
f 88/221/2031 81/219/2035 171/319/2032
f 81/219/2035 112/220/2036 171/319/2032
s 367
usemtl oak_lab:pasted__phong2SG
f 34/301/2037 172/322/2038 126/300/2039
f 139/274/2040 930/271/2041 138/273/2042
f 930/271/2041 117/272/2043 138/273/2042
f 117/272/2043 126/300/2039 138/273/2042
f 172/322/2038 138/273/2042 126/300/2039
s 369
usemtl initialShadingGroup
f 111/212/2044 110/211/2045 129/251/2046
f 157/583/2047 156/306/2048 163/305/2049
f 156/306/2048 129/251/2046 163/305/2049
f 163/305/2049 129/251/2046 130/250/2050
f 130/250/2050 129/251/2046 110/211/2045
s 371
f 10/57/2051 24/58/2052 20/61/2053
f 20/61/2053 24/58/2052 21/60/2054
f 24/58/2052 22/59/2055 21/60/2054
s 359
f 819/2115/2056 820/2116/2057 689/2114/2058
s 358
f 689/2114/2058 820/2116/2057 690/2118/2059
s 359
f 820/2116/2057 821/2117/2060 690/2118/2059
s 143
usemtl oak_lab:pasted__phong2SG
f 344/1005/814 499/1006/815 345/1009/2061
f 499/1006/815 500/1007/637 345/1009/2061
f 500/1007/637 377/1008/636 345/1009/2061
s 372
usemtl oak_lab:pasted__lambert3SG
f 54/105/2062 76/164/2063 55/167/2064
f 76/164/2063 81/165/2065 55/167/2064
f 81/165/2065 79/166/2066 55/167/2064
s 373
usemtl oak_lab:pasted__lambert5SG
f 59/174/2067 58/170/2068 85/173/2069
f 83/171/2070 84/172/2071 58/170/2068
f 58/170/2068 84/172/2071 85/173/2069
s 374
f 60/179/2072 86/180/2073 61/183/2074
f 86/180/2073 87/181/2075 61/183/2074
f 87/181/2075 82/182/2076 61/183/2074
s 375
usemtl initialShadingGroup
f 161/585/2077 400/586/2078 127/584/2079
f 400/586/2078 401/587/2080 127/584/2079
f 127/584/2079 401/587/2080 278/588/2081
s 376
f 170/315/2082 168/316/2083 131/314/2084
f 169/317/2085 132/318/2086 168/316/2083
f 131/314/2084 168/316/2083 132/318/2086
s 377
f 276/918/2087 402/919/2088 272/917/2089
f 402/919/2088 475/920/2090 272/917/2089
f 272/917/2089 475/920/2090 273/921/2091
s 55
usemtl oak_lab:lambert9SG
f 127/560/2092 148/561/2093 916/559/2094
f 919/284/236 916/559/2094 124/285/237
f 124/285/237 916/559/2094 148/561/2093
s 379
usemtl initialShadingGroup
f 127/245/2095 104/202/2096 102/201/2097
f 102/201/2097 104/202/2096 68/2471/2098
f 104/202/2096 69/198/2099 68/2471/2098
s 380
f 106/249/2100 104/246/2101 128/248/2102
f 104/246/2101 127/247/2103 128/248/2102
f 127/247/2103 916/304/2104 128/248/2102
s 381
usemtl oak_lab:pasted__phong2SG
f 356/1510/2105 358/954/2106 478/1511/2107
f 486/956/2108 478/1511/2107 366/955/2109
f 358/954/2106 366/955/2109 478/1511/2107
s 344
usemtl oak_lab:pasted__lambert6SG
f 39/73/2110 28/74/2111 38/72/2112
s 346
f 36/70/2113 37/71/2114 35/69/2115
s 343
f 19/65/2116 23/66/2117 28/74/2111
f 22/68/2118 35/69/2115 33/67/2119
f 35/69/2115 37/71/2114 33/67/2119
f 33/67/2119 37/71/2114 23/66/2117
f 38/72/2112 28/74/2111 37/71/2114
f 28/74/2111 41/76/2120 37/71/2114
f 41/76/2120 42/77/2121 37/71/2114
f 37/71/2114 42/77/2121 23/66/2117
f 42/77/2121 43/78/2122 23/66/2117
f 41/76/2120 28/74/2111 40/75/2123
f 28/74/2111 23/66/2117 40/75/2123
f 23/66/2117 43/78/2122 40/75/2123
s 383
usemtl oak_lab:pasted__lambert1SG
f 68/135/2124 69/136/2125 67/134/2126
f 52/102/2127 75/142/2128 66/133/2129
f 66/133/2129 75/142/2128 65/132/2130
f 65/132/2130 75/142/2128 926/141/2131
f 926/141/2131 75/142/2128 73/140/2132
f 73/140/2132 75/142/2128 72/139/2133
f 52/102/2127 66/133/2129 44/103/2134
f 66/133/2129 67/134/2126 44/103/2134
f 75/142/2128 45/143/2135 72/139/2133
f 72/139/2133 45/143/2135 71/138/2136
f 45/143/2135 44/103/2134 71/138/2136
f 71/138/2136 44/103/2134 929/137/2137
f 67/134/2126 69/136/2125 44/103/2134
f 69/136/2125 929/137/2137 44/103/2134
s 385
usemtl oak_lab:oak_lab:lambert8SG
f 160/294/2138 155/295/2139 34/293/2140
f 34/293/2140 155/295/2139 397/292/2141
f 125/291/2142 397/292/2141 147/299/2143
f 156/296/2144 157/297/2145 155/295/2139
f 157/297/2145 158/298/2146 155/295/2139
f 155/295/2139 158/298/2146 397/292/2141
f 397/292/2141 158/298/2146 147/299/2143
s 388
usemtl initialShadingGroup
f 131/314/2147 398/589/2148 170/315/2149
f 170/315/2149 398/589/2148 401/595/2150
f 398/589/2148 165/590/2151 401/595/2150
f 165/590/2151 164/591/2152 401/595/2150
f 164/591/2152 395/592/2153 401/595/2150
f 395/592/2153 279/593/2154 401/595/2150
f 279/593/2154 278/594/2155 401/595/2150
s 389
usemtl oak_lab:pasted__lambert4SG
f 394/1228/2156 561/1249/2157 579/1246/2158
f 579/1246/2158 561/1249/2157 578/1245/2159
f 578/1245/2159 561/1249/2157 577/1244/2160
f 577/1244/2160 561/1249/2157 576/1243/2161
f 394/1228/2156 579/1246/2158 219/1227/2162
f 579/1246/2158 580/1247/2163 219/1227/2162
f 580/1247/2163 581/1248/2164 219/1227/2162
f 581/1248/2164 562/1229/2165 219/1227/2162
f 562/1229/2165 563/1230/2166 219/1227/2162
f 576/1243/2161 561/1249/2157 575/1242/2167
f 563/1230/2166 564/1231/2168 219/1227/2162
f 575/1242/2167 561/1249/2157 574/1241/2169
f 564/1231/2168 565/1232/2170 219/1227/2162
f 219/1227/2162 565/1232/2170 440/1250/2171
f 565/1232/2170 566/1233/2172 440/1250/2171
f 566/1233/2172 567/1234/2173 440/1250/2171
f 567/1234/2173 568/1235/2174 440/1250/2171
f 568/1235/2174 569/1236/2175 440/1250/2171
f 569/1236/2175 570/1237/2176 440/1250/2171
f 570/1237/2176 571/1238/2177 440/1250/2171
f 440/1250/2171 571/1238/2177 561/1249/2157
f 571/1238/2177 572/1239/2178 561/1249/2157
f 572/1239/2178 573/1240/2179 561/1249/2157
f 573/1240/2179 574/1241/2169 561/1249/2157
s 390
f 287/1467/2180 518/1488/2181 685/1485/2182
f 685/1485/2182 518/1488/2181 684/1484/2183
f 684/1484/2183 518/1488/2181 683/1483/2184
f 683/1483/2184 518/1488/2181 682/1482/2185
f 685/1485/2182 686/1486/2186 287/1467/2180
f 287/1467/2180 686/1486/2186 280/1466/2187
f 686/1486/2186 687/1487/2188 280/1466/2187
f 687/1487/2188 668/1468/2189 280/1466/2187
f 668/1468/2189 669/1469/2190 280/1466/2187
f 682/1482/2185 518/1488/2181 681/1481/2191
f 669/1469/2190 670/1470/2192 280/1466/2187
f 681/1481/2191 518/1488/2181 680/1480/2193
f 670/1470/2192 671/1471/2194 280/1466/2187
f 280/1466/2187 671/1471/2194 515/1489/2195
f 671/1471/2194 672/1472/2196 515/1489/2195
f 672/1472/2196 673/1473/2197 515/1489/2195
f 673/1473/2197 674/1474/2198 515/1489/2195
f 674/1474/2198 675/1475/2199 515/1489/2195
f 675/1475/2199 676/1476/2200 515/1489/2195
f 680/1480/2193 518/1488/2181 679/1479/2201
f 518/1488/2181 515/1489/2195 679/1479/2201
f 679/1479/2201 515/1489/2195 678/1478/2202
f 678/1478/2202 515/1489/2195 677/1477/2203
f 676/1476/2200 677/1477/2203 515/1489/2195
s 391
usemtl oak_lab:pasted__phong2SG
f 480/938/2204 688/1499/2205 481/939/2206
f 688/1499/2205 484/1500/2207 481/939/2206
f 483/946/2208 666/1503/2209 484/1500/2207
f 666/1503/2209 691/1504/2210 484/1500/2207
f 484/1500/2207 691/1504/2210 481/939/2206
f 691/1504/2210 692/1505/2211 481/939/2206
f 481/939/2206 692/1505/2211 482/1501/2212
f 692/1505/2211 667/1502/2213 482/1501/2212
f 482/1501/2212 667/1502/2213 483/946/2208
f 667/1502/2213 666/1503/2209 483/946/2208
s 16
usemtl oak_lab:pasted__lambert2SG
f 285/446/2214 286/447/2215 284/445/2216
f 287/448/2217 301/462/2218 286/447/2215
f 301/462/2218 302/463/2219 286/447/2215
f 287/448/2217 288/449/2220 301/462/2218
f 301/462/2218 288/449/2220 300/461/2221
f 288/449/2220 289/450/2222 300/461/2221
f 300/461/2221 289/450/2222 299/460/2223
f 290/451/2224 143/553/2225 289/450/2222
f 391/552/2226 292/453/2227 289/450/2222
f 292/453/2227 293/454/2228 289/450/2222
f 142/440/2229 4/525/2230 143/553/2225
f 142/440/2229 280/441/2231 4/525/2230
f 4/525/2230 280/441/2231 363/524/2232
f 280/441/2231 281/442/2233 363/524/2232
f 363/524/2232 281/442/2233 362/523/2234
f 355/516/2235 356/517/2236 354/515/2237
f 358/519/2238 359/520/2239 357/518/2240
f 356/517/2236 357/518/2240 354/515/2237
f 357/518/2240 359/520/2239 354/515/2237
f 354/515/2237 359/520/2239 353/514/2241
f 353/514/2241 359/520/2239 352/513/2242
f 352/513/2242 359/520/2239 351/512/2243
f 351/512/2243 359/520/2239 350/511/2244
f 362/523/2234 281/442/2233 361/522/2245
f 3/526/2246 366/527/2247 4/525/2230
f 4/525/2230 366/527/2247 143/553/2225
f 366/527/2247 358/519/2248 143/553/2225
f 282/443/2249 283/444/2250 281/442/2233
f 281/442/2233 283/444/2250 361/522/2245
f 286/447/2215 302/463/2219 284/445/2216
f 293/454/2228 294/455/2251 289/450/2222
f 350/511/2244 359/520/2239 349/510/2252
f 294/455/2251 295/456/2253 289/450/2222
f 349/510/2252 359/520/2239 348/509/2254
f 355/516/2255 367/528/2256 358/519/2248
f 358/519/2248 367/528/2256 143/553/2225
f 367/528/2256 368/529/2257 143/553/2225
f 368/529/2257 369/530/2258 143/553/2225
f 369/530/2258 370/531/2259 143/553/2225
f 370/531/2259 371/532/2260 143/553/2225
f 371/532/2260 372/533/2261 143/553/2225
f 372/533/2261 373/534/2262 143/553/2225
f 391/552/2226 289/450/2222 390/551/2263
f 283/444/2250 284/445/2216 361/522/2245
f 302/463/2219 299/460/2223 284/445/2216
f 359/520/2239 360/521/2264 348/509/2254
f 373/534/2262 374/535/2265 143/553/2225
f 143/553/2225 374/535/2265 289/450/2222
f 374/535/2265 375/536/2266 289/450/2222
f 375/536/2266 376/537/2267 289/450/2222
f 376/537/2267 380/541/2268 289/450/2222
f 380/541/2268 381/542/2269 289/450/2222
f 381/542/2269 382/543/2270 289/450/2222
f 380/541/2268 376/537/2267 379/540/2271
f 379/540/2271 376/537/2267 378/539/2272
f 382/543/2270 383/544/2273 289/450/2222
f 378/539/2272 376/537/2267 377/538/2274
f 376/537/2267 346/507/2275 377/538/2274
f 383/544/2273 330/491/2276 289/450/2222
f 377/538/2274 346/507/2275 345/506/2277
f 346/507/2275 347/508/2278 345/506/2277
f 345/506/2277 347/508/2278 344/505/2279
f 330/491/2276 331/492/2280 289/450/2222
f 344/505/2279 347/508/2278 343/504/2281
f 347/508/2278 348/509/2254 343/504/2281
f 348/509/2254 360/521/2264 343/504/2281
f 343/504/2281 360/521/2264 342/503/2282
f 342/503/2282 360/521/2264 341/502/2283
f 341/502/2283 360/521/2264 340/501/2284
f 340/501/2284 360/521/2264 339/500/2285
f 360/521/2264 361/522/2245 339/500/2285
f 339/500/2285 361/522/2245 338/499/2286
f 331/492/2280 332/493/2287 289/450/2222
f 338/499/2286 361/522/2245 337/498/2288
f 361/522/2245 284/445/2216 337/498/2288
f 337/498/2288 284/445/2216 336/497/2289
f 336/497/2289 284/445/2216 335/496/2290
f 335/496/2290 284/445/2216 334/495/2291
f 334/495/2291 284/445/2216 333/494/2292
f 333/494/2292 284/445/2216 332/493/2287
f 295/456/2253 296/457/2293 289/450/2222
f 289/450/2222 296/457/2293 299/460/2223
f 296/457/2293 297/458/2294 299/460/2223
f 297/458/2294 298/459/2295 299/460/2223
f 298/459/2295 303/464/2296 299/460/2223
f 303/464/2296 304/465/2297 299/460/2223
f 304/465/2297 305/466/2298 299/460/2223
f 299/460/2223 305/466/2298 284/445/2216
f 305/466/2298 306/467/2299 284/445/2216
f 306/467/2299 307/468/2300 284/445/2216
f 307/468/2300 308/469/2301 284/445/2216
f 308/469/2301 309/470/2302 284/445/2216
f 309/470/2302 310/471/2303 284/445/2216
f 321/482/2304 322/483/2305 284/445/2216
f 322/483/2305 323/484/2306 284/445/2216
f 323/484/2306 324/485/2307 284/445/2216
f 284/445/2216 324/485/2307 332/493/2287
f 324/485/2307 325/486/2308 332/493/2287
f 325/486/2308 326/487/2309 332/493/2287
f 326/487/2309 327/488/2310 332/493/2287
f 327/488/2310 328/489/2311 332/493/2287
f 390/551/2263 289/450/2222 389/550/2312
f 310/471/2303 311/472/2313 284/445/2216
f 328/489/2311 329/490/2314 332/493/2287
f 321/482/2304 284/445/2216 320/481/2315
f 284/445/2216 311/472/2313 320/481/2315
f 320/481/2315 311/472/2313 319/480/2316
f 319/480/2316 311/472/2313 318/479/2317
f 318/479/2317 311/472/2313 317/478/2318
f 317/478/2318 311/472/2313 316/477/2319
f 316/477/2319 311/472/2313 315/476/2320
f 311/472/2313 312/473/2321 315/476/2320
f 315/476/2320 312/473/2321 314/475/2322
f 389/550/2312 289/450/2222 388/549/2323
f 312/473/2321 313/474/2324 314/475/2322
f 314/475/2322 313/474/2324 387/548/2325
f 329/490/2314 384/545/2326 332/493/2287
f 332/493/2287 384/545/2326 289/450/2222
f 384/545/2326 385/546/2327 289/450/2222
f 385/546/2327 386/547/2328 289/450/2222
f 386/547/2328 387/548/2325 289/450/2222
f 289/450/2222 387/548/2325 388/549/2323
f 313/474/2324 388/549/2323 387/548/2325
s 353
usemtl initialShadingGroup
f 288/573/2329 287/574/2330 399/572/2331
f 287/574/2330 395/575/2332 399/572/2331
f 393/571/2333 399/572/2331 155/582/2334
s off
f 165/581/2335 156/577/2336 166/580/2337
s 353
f 156/577/2336 398/570/2338 166/580/2337
f 155/582/2334 399/572/2331 131/569/2339
f 131/569/2339 166/580/2337 155/582/2334
f 155/582/2334 166/580/2337 164/576/2340
f 395/575/2332 164/576/2340 399/572/2331
f 164/576/2340 166/580/2337 399/572/2331
f 166/580/2337 398/570/2338 399/572/2331
f 398/570/2338 131/569/2339 399/572/2331
s 367
usemtl oak_lab:pasted__phong2SG
f 582/2472/2341 132/323/2342 34/600/2037
f 34/600/2037 132/323/2342 172/322/2038
f 930/271/2041 139/274/2040 98/234/2343
f 127/303/2344 102/235/2345 161/302/2346
f 98/234/2343 139/274/2040 91/233/2347
f 91/233/2347 139/274/2040 102/235/2345
f 102/235/2345 139/274/2040 161/302/2346
f 138/273/2042 172/322/2038 139/274/2040
f 161/302/2346 139/274/2040 169/324/2348
f 139/274/2040 172/322/2038 169/324/2348
f 172/322/2038 132/323/2342 169/324/2348
s 97
usemtl oak_lab:lambert10SG
f 394/604/2349 277/432/2350 229/384/2351
f 910/349/1844 196/350/1843 175/328/2352
f 155/373/1842 221/376/2353 196/350/1843
f 221/376/2353 222/377/2354 196/350/1843
f 155/373/1842 219/374/2355 221/376/2353
f 221/376/2353 219/374/2355 220/375/2356
f 219/374/2355 224/379/2357 220/375/2356
f 220/375/2356 224/379/2357 223/378/2358
f 225/380/428 226/381/430 224/379/2357
f 228/383/429 229/384/2351 227/382/431
f 145/433/2359 128/325/1846 277/432/2350
f 128/325/1846 162/326/1847 277/432/2350
f 277/432/2350 276/431/2360 229/384/2351
f 276/431/2360 272/427/2361 229/384/2351
f 272/427/2361 273/428/2362 229/384/2351
f 277/432/2350 162/326/1847 276/431/2360
f 276/431/2360 162/326/1847 364/430/2363
f 162/326/1847 146/2473/2364 364/430/2363
f 364/430/2363 146/2473/2364 365/429/2365
f 256/411/2366 257/412/2367 146/2473/2364
f 257/412/2367 258/413/2368 146/2473/2364
f 224/379/2357 226/381/430 223/378/2358
f 229/384/2351 273/428/2362 227/382/431
f 175/328/2352 196/350/1843 146/2473/2364
f 202/356/2369 196/350/1843 201/355/2370
f 201/355/2370 196/350/1843 200/354/2371
f 200/354/2371 196/350/1843 199/353/2372
f 258/413/2368 259/414/2373 146/2473/2364
f 199/353/2372 196/350/1843 198/352/2374
f 259/414/2373 260/415/2375 146/2473/2364
f 256/411/2366 146/2473/2364 255/410/2376
f 146/2473/2364 196/350/1843 255/410/2376
f 255/410/2376 196/350/1843 254/409/2377
f 254/409/2377 196/350/1843 253/408/2378
f 253/408/2378 196/350/1843 236/391/2379
f 236/391/2379 196/350/1843 235/390/2380
f 235/390/2380 196/350/1843 234/389/2381
f 234/389/2381 196/350/1843 233/388/2382
f 253/408/2378 236/391/2379 252/407/2383
f 236/391/2379 237/392/2384 252/407/2383
f 237/392/2384 238/393/2385 252/407/2383
f 238/393/2385 239/394/2386 252/407/2383
f 233/388/2382 196/350/1843 232/387/2387
f 252/407/2383 239/394/2386 251/406/2388
f 239/394/2386 240/395/2389 251/406/2388
f 232/387/2387 196/350/1843 231/386/2390
f 251/406/2388 240/395/2389 250/405/2391
f 240/395/2389 241/396/2392 250/405/2391
f 231/386/2390 196/350/1843 230/385/2393
f 250/405/2391 241/396/2392 249/404/2394
f 241/396/2392 242/397/2395 249/404/2394
f 230/385/2393 196/350/1843 271/426/2396
f 249/404/2394 242/397/2395 248/403/2397
f 242/397/2395 243/398/2398 248/403/2397
f 271/426/2396 196/350/1843 270/425/2399
f 202/356/2369 203/357/2400 196/350/1843
f 273/428/2362 365/429/2365 227/382/431
f 215/369/2401 216/370/2402 214/368/2403
f 223/378/2358 226/381/430 222/377/2354
f 248/403/2397 243/398/2398 247/402/2404
f 243/398/2398 244/399/2405 247/402/2404
f 203/357/2400 204/358/2406 196/350/1843
f 196/350/1843 204/358/2406 179/332/2407
f 179/332/2407 204/358/2406 178/331/2408
f 204/358/2406 205/359/2409 178/331/2408
f 178/331/2408 205/359/2409 177/330/2410
f 205/359/2409 206/360/2411 177/330/2410
f 177/330/2410 206/360/2411 176/329/2412
f 206/360/2411 207/361/2413 176/329/2412
f 176/329/2412 207/361/2413 195/348/2414
f 207/361/2413 208/362/2415 195/348/2414
f 195/348/2414 208/362/2415 194/347/2416
f 208/362/2415 209/363/2417 194/347/2416
f 194/347/2416 209/363/2417 193/346/2418
f 209/363/2417 210/364/2419 193/346/2418
f 193/346/2418 210/364/2419 192/345/2420
f 210/364/2419 211/365/2421 192/345/2420
f 192/345/2420 211/365/2421 191/344/2422
f 211/365/2421 212/366/2423 191/344/2422
f 198/352/2374 196/350/1843 197/351/2424
f 196/350/1843 222/377/2354 197/351/2424
f 197/351/2424 222/377/2354 218/372/2425
f 218/372/2425 222/377/2354 217/371/2426
f 217/371/2426 222/377/2354 216/370/2402
f 216/370/2402 222/377/2354 214/368/2403
f 222/377/2354 226/381/430 214/368/2403
f 214/368/2403 226/381/430 213/367/2427
f 213/367/2427 226/381/430 212/366/2423
f 212/366/2423 226/381/430 191/344/2422
f 191/344/2422 226/381/430 190/343/2428
f 190/343/2428 226/381/430 189/342/2429
f 189/342/2429 226/381/430 188/341/2430
f 188/341/2430 226/381/430 187/340/2431
f 187/340/2431 226/381/430 186/339/2432
f 186/339/2432 226/381/430 185/338/2433
f 226/381/430 227/382/431 185/338/2433
f 185/338/2433 227/382/431 184/337/2434
f 184/337/2434 227/382/431 183/336/2435
f 260/415/2375 261/416/2436 146/2473/2364
f 146/2473/2364 261/416/2436 365/429/2365
f 261/416/2436 262/417/2437 365/429/2365
f 262/417/2437 263/418/2438 365/429/2365
f 263/418/2438 264/419/2439 365/429/2365
f 264/419/2439 245/400/2440 365/429/2365
f 365/429/2365 245/400/2440 227/382/431
f 245/400/2440 246/401/2441 227/382/431
f 246/401/2441 247/402/2404 227/382/431
f 247/402/2404 244/399/2405 227/382/431
f 244/399/2405 265/420/2442 227/382/431
f 265/420/2442 266/421/2443 227/382/431
f 266/421/2443 267/422/2444 227/382/431
f 267/422/2444 268/423/2445 227/382/431
f 268/423/2445 269/424/2446 227/382/431
f 269/424/2446 270/425/2399 227/382/431
f 227/382/431 270/425/2399 183/336/2435
f 183/336/2435 270/425/2399 182/335/2447
f 182/335/2447 270/425/2399 181/334/2448
f 179/332/2407 180/333/2449 196/350/1843
f 196/350/1843 180/333/2449 270/425/2399
f 270/425/2399 180/333/2449 181/334/2448
s 407
usemtl oak_lab:lambert5SG
f 931/2474/2450 932/2482/2451 938/2477/2452
f 932/2482/2451 933/2483/2453 938/2477/2452
f 931/2474/2450 936/2475/2454 932/2482/2451
f 932/2482/2451 936/2475/2454 935/2485/2455
f 936/2475/2454 937/2476/2456 935/2485/2455
f 935/2485/2455 937/2476/2456 934/2484/2457
f 937/2476/2456 938/2477/2452 941/2480/2458
f 941/2480/2458 938/2477/2452 940/2479/2459
f 941/2480/2458 942/2481/2460 937/2476/2456
f 937/2476/2456 942/2481/2460 934/2484/2457
f 934/2484/2457 942/2481/2460 933/2483/2453
f 942/2481/2460 939/2478/2461 933/2483/2453
f 933/2483/2453 939/2478/2461 938/2477/2452
f 939/2478/2461 940/2479/2459 938/2477/2452
s 409
f 943/2486/2462 946/2487/2463 951/2497/2464
f 951/2497/2464 946/2487/2463 954/2496/2465
f 943/2486/2462 951/2497/2464 944/2489/2466
f 951/2497/2464 952/2494/2467 944/2489/2466
f 944/2489/2466 952/2494/2467 945/2488/2468
f 952/2494/2467 953/2495/2469 945/2488/2468
f 946/2487/2463 945/2488/2468 948/2493/2470
f 948/2493/2470 945/2488/2468 949/2492/2471
f 948/2493/2470 947/2490/2472 946/2487/2463
f 946/2487/2463 947/2490/2472 954/2496/2465
f 954/2496/2465 947/2490/2472 953/2495/2469
f 947/2490/2472 950/2491/2473 953/2495/2469
f 953/2495/2469 950/2491/2473 945/2488/2468
f 950/2491/2473 949/2492/2471 945/2488/2468
s 411
f 931/2474/2474 943/2486/2475 936/2475/2476
f 936/2475/2476 943/2486/2475 944/2489/2477
s 412
f 936/2475/2478 944/2489/2479 937/2476/2480
f 937/2476/2480 944/2489/2479 945/2488/2481
s 413
f 937/2476/2482 945/2488/2483 938/2477/2484
f 938/2477/2484 945/2488/2483 946/2487/2485
s 414
f 931/2474/2486 938/2477/2487 943/2486/2488
f 943/2486/2488 938/2477/2487 946/2487/2489
s 415
f 939/2498/2490 947/2499/2491 940/2501/2492
f 940/2501/2492 947/2499/2491 948/2500/2493
s 416
f 940/2501/2494 948/2500/2495 941/2503/2496
f 941/2503/2496 948/2500/2495 949/2502/2497
s 417
f 941/2503/2498 949/2502/2499 942/2505/2500
f 942/2505/2500 949/2502/2499 950/2504/2501
s 418
f 939/2498/2502 942/2505/2503 947/2499/2504
f 947/2499/2504 942/2505/2503 950/2504/2505
s 419
f 933/2506/2506 954/2507/2507 934/2509/2508
f 934/2509/2508 954/2507/2507 953/2508/2509
s 420
f 934/2509/2510 953/2508/2511 935/2511/2512
f 935/2511/2512 953/2508/2511 952/2510/2513
s 421
f 932/2512/2514 951/2513/2515 933/2506/2516
f 933/2506/2516 951/2513/2515 954/2507/2517
s 422
f 932/2512/2518 935/2511/2519 951/2513/2520
f 951/2513/2520 935/2511/2519 952/2510/2521
s 423
usemtl oak_lab:lambert8SG
f 956/2514/2522 964/2521/2523 955/2517/2524
f 964/2521/2523 957/2518/2525 955/2517/2524
f 956/2514/2522 965/2515/2526 964/2521/2523
f 964/2521/2523 965/2515/2526 963/2520/2527
f 965/2515/2526 966/2516/2528 961/2524/2529
f 961/2524/2529 966/2516/2528 960/2523/2530
f 965/2515/2526 961/2524/2529 963/2520/2527
f 961/2524/2529 962/2525/2531 963/2520/2527
f 955/2517/2524 957/2518/2525 966/2516/2528
f 957/2518/2525 958/2519/2532 966/2516/2528
f 963/2520/2527 962/2525/2531 958/2519/2532
f 962/2525/2531 959/2522/2533 958/2519/2532
f 958/2519/2532 959/2522/2533 966/2516/2528
f 959/2522/2533 960/2523/2530 966/2516/2528
s 425
usemtl lambert2SG
f 967/2526/2534 968/2527/2535 969/2529/2536
f 969/2529/2536 968/2527/2535 971/2530/2537
f 971/2530/2537 972/2531/2538 969/2529/2536
f 969/2529/2536 972/2531/2538 970/2528/2539
f 972/2531/2538 973/2532/2540 970/2528/2539
f 970/2528/2539 977/2536/2541 968/2527/2535
f 977/2536/2541 978/2537/2542 968/2527/2535
f 971/2530/2537 968/2527/2535 974/2533/2543
f 978/2537/2542 975/2534/2544 968/2527/2535
f 968/2527/2535 975/2534/2544 974/2533/2543
f 975/2534/2544 976/2535/2545 974/2533/2543
f 974/2533/2543 976/2535/2545 973/2532/2540
f 973/2532/2540 976/2535/2545 970/2528/2539
f 976/2535/2545 977/2536/2541 970/2528/2539
s 427
usemtl initialShadingGroup
f 955/2517/2546 966/2516/2547 967/2539/2548
f 967/2539/2548 966/2516/2547 968/2538/2549
s 428
f 955/2540/2550 967/2526/2551 956/2541/2552
f 956/2541/2552 967/2526/2551 969/2529/2553
s 429
f 956/2514/2554 969/2542/2555 965/2515/2556
f 965/2515/2556 969/2542/2555 970/2543/2557
s 430
f 965/2515/2558 970/2528/2559 966/2516/2560
f 966/2516/2560 970/2528/2559 968/2527/2561
s 431
usemtl oak_lab:oak_lab7:oak_lab6:oak_lab4:oak_lab2:pasted__phong1SG
f 958/2544/2562 974/2545/2563 963/2547/2564
f 963/2547/2564 974/2545/2563 973/2546/2565
s 432
f 957/2548/2566 964/2549/2567 971/2551/2568
f 971/2551/2568 964/2549/2567 972/2550/2569
s 433
usemtl oak_lab:oak_lab7:oak_lab6:oak_lab5:oak_lab4:oak_lab2:pasted__phong1SG
f 960/2552/2570 978/2553/2571 961/2555/2572
f 961/2555/2572 978/2553/2571 977/2554/2573
s 434
f 959/2556/2574 962/2557/2575 975/2559/2576
f 975/2559/2576 962/2557/2575 976/2558/2577
