# This file uses centimeters as units for non-parametric coordinates.

mtllib Lab2.mtl
g default
v 20.866783 2.761470 16.066961
v 16.219513 14.321360 -16.855671
v 20.868778 6.194596 16.066961
v 20.866783 2.761470 16.066961
v 16.212612 14.321345 16.741385
v 20.866783 2.761470 15.068880
v 16.219513 14.321345 16.698650
v 20.868778 6.194596 16.066961
v 16.212612 14.321360 -16.919268
v 16.219513 12.253564 -16.919268
v 18.072281 12.253477 -16.919268
v 16.219513 14.321345 -18.715340
v 43.065811 14.321360 -16.855671
v 43.065811 14.321360 -16.919268
v 44.925480 14.321360 -16.919268
v 44.925480 14.321360 -16.855671
v 44.948387 14.321360 -16.855671
v 44.948387 14.321360 -18.715340
v 18.072281 12.253480 -16.855671
v 16.212612 12.253564 -16.919268
v 16.212612 12.255257 16.741385
v 16.219513 12.255256 16.741385
v 18.072281 12.255167 16.698650
v 16.219513 12.253567 -16.855671
v 16.219513 12.260422 -16.855671
v 16.219513 12.260420 -16.919268
v 16.219513 12.256916 -18.715340
v 43.050949 12.252305 -16.855671
v 18.072281 12.260335 -16.855671
v 44.936893 12.255505 -16.855671
v 44.948387 12.255504 -16.855671
v 44.948387 12.255461 -18.715340
v 18.072281 12.255169 16.741385
v 42.085045 -0.195963 -15.116421
v 16.219513 12.255347 18.558319
v 42.242519 12.254035 16.797104
v 42.154343 12.254037 16.739933
v 43.065811 12.253994 16.741385
v 43.065811 12.252301 -16.919268
v 33.129845 12.253838 4.343932
v 39.348114 12.253545 4.343932
v 39.348114 12.253874 10.889027
v 33.129845 12.254167 10.889027
v 16.219513 11.887407 -18.714676
v 16.219513 11.887407 18.551414
v 43.065811 12.256370 16.698650
v 43.065811 14.321352 16.698650
v 44.925480 14.321360 16.698650
v 44.936890 12.256275 16.698650
v 44.936890 12.256275 16.699070
v 44.936893 12.255503 -16.919266
v 44.948387 11.887407 -18.714676
v 16.219513 14.321360 18.558319
v 44.948387 14.321360 18.558319
v 44.948387 14.321360 16.698650
v 16.219513 12.257730 16.698650
v 34.458485 16.316229 5.354845
v 34.473286 16.316229 5.354845
v 34.473286 16.314281 5.354382
v 38.044987 16.314198 5.354382
v 38.044987 16.316229 5.354845
v 38.049942 16.316229 5.354845
v 38.049942 16.316231 10.021925
v 34.458485 16.316231 10.021925
v 42.596077 11.887407 -16.097626
v 42.598358 11.887407 -16.116415
v 18.464617 11.887407 -16.116415
v 18.465965 11.887407 -16.071524
v 18.455416 11.887407 -16.091688
v 18.455416 11.887407 15.889474
v 18.429138 11.887407 16.066898
v 42.598358 11.887407 16.066898
v 42.595161 11.887407 16.058018
v 42.595161 11.887407 -16.090086
v 44.948387 11.887407 18.551414
v 44.948387 12.256317 18.558319
v 16.219513 12.262109 16.698650
v 18.072281 12.262023 16.698650
v 44.948387 12.256274 16.698650
v 16.219513 12.262112 16.741385
v 44.948387 12.256317 18.551414
v 38.044987 16.316231 10.013448
v 34.473286 16.316231 10.013448
v 34.473286 19.542377 10.013448
v 34.473286 19.542377 5.354382
v 38.044987 19.542377 5.354382
v 38.044987 19.542377 10.013448
v 44.936893 12.256276 16.741385
v 18.464617 11.944860 -16.116415
v 42.598358 11.944860 -16.116415
v 18.464617 -0.195848 -16.116415
v 35.871376 4.421855 -16.116415
v 36.009636 4.421855 -16.116415
v 36.009636 10.751776 -16.116415
v 32.257042 10.751776 -16.116415
v 32.257042 4.421855 -16.116415
v 33.461578 4.421855 -16.116415
v 42.598358 -0.195848 -16.116415
v 18.465965 11.936520 -16.071524
v 18.494677 11.936520 -15.116415
v 18.494677 11.944860 -15.116415
v 18.465965 -0.195848 -16.071524
v 18.455416 11.936520 -16.091688
v 18.455416 -0.195848 -16.091688
v 18.455416 11.936520 15.889474
v 18.455416 -0.195848 15.889474
v 42.595161 -0.202575 -16.096607
v 20.868778 6.194596 16.066961
v 42.595161 -0.199747 16.058018
v 42.595161 -0.199747 16.061916
v 42.595161 -0.202575 16.061916
v 44.926590 12.256317 18.537283
v 35.372684 19.542377 6.361260
v 37.071003 19.542377 6.361260
v 37.071003 19.542377 9.037516
v 35.372684 19.542377 9.037516
v 42.476940 -0.195848 -15.116415
v 42.476940 11.944860 -15.116415
v 35.723488 4.421855 -16.116444
v 33.609459 4.421855 -16.116444
v 18.576950 11.936520 15.068880
v 18.963240 11.936520 15.068880
v 18.963240 11.936520 -15.116415
v 18.963240 11.887407 -15.073785
v 42.085045 11.887407 -15.116415
v 42.085045 -0.195848 -15.073785
v 18.963240 -0.206008 -15.196985
v 18.576950 -0.196876 15.068880
v 42.092094 -0.206008 15.622777
v 42.092361 -0.199747 15.623011
v 42.208363 -0.206008 15.635024
v 42.208366 -0.202575 -15.116419
v 42.460011 -0.202575 -15.116415
v 35.372684 18.302908 6.361260
v 37.071003 18.302908 6.361260
v 37.071003 18.302908 9.037516
v 35.372684 18.302908 9.037516
v 42.460011 -0.196281 -15.116415
v 42.595161 -0.196281 -16.096607
v 35.723488 4.421855 -15.102738
v 33.609459 4.421855 -15.102738
v 18.429138 -0.206008 16.066961
v 18.429138 11.944860 16.066961
v 18.576950 11.944860 15.068880
v 18.576950 -0.206008 15.068880
v 18.963240 11.887407 15.068880
v 42.085045 11.887407 15.068880
v 18.963240 -0.195848 -15.116415
v 33.461578 4.421855 -15.116415
v 32.257042 4.421855 -15.116415
v 32.257042 10.751776 -15.116415
v 35.963284 10.769192 -15.292289
v 35.963284 4.439270 -15.292289
v 35.871376 4.613533 -15.116415
v 42.084976 -0.206008 15.068880
v 42.084976 -0.206008 15.622027
v 42.084976 -0.199747 15.622025
v 42.084976 -0.199747 15.068880
v 20.866783 6.202194 15.068880
v 42.085045 -0.206008 -15.196668
v 18.963240 -0.195848 -15.798285
v 18.963240 -0.195864 15.068880
v 42.085247 -0.199747 15.622261
v 41.816395 -0.206008 15.635024
v 42.099976 -0.206008 15.635024
v 42.091698 -0.206008 15.627849
v 42.098434 -0.206008 15.628263
v 42.208363 -0.220814 -15.798285
v 42.208363 -0.195848 -15.798285
v 42.208363 -0.220814 15.635024
v 44.948387 12.256317 18.554867
v 42.085045 -0.196281 -15.116421
v 35.871376 4.421855 -15.102738
v 33.461578 4.421855 -15.102738
v 42.048931 11.887407 15.068880
v 36.423428 10.187618 15.068880
v 36.202187 10.408854 15.068880
v 35.923439 10.550886 15.068880
v 35.614414 10.599831 15.068880
v 35.305405 10.550888 15.068880
v 35.026642 10.408849 15.068880
v 34.805405 10.187618 15.068880
v 34.663372 9.908859 15.068880
v 34.614429 9.599834 15.068880
v 34.663364 9.290836 15.068880
v 34.805412 9.012057 15.068880
v 35.026642 8.790825 15.068880
v 35.305397 8.648790 15.068880
v 35.614414 8.599848 15.068880
v 35.923428 8.648791 15.068880
v 36.202183 8.790823 15.068880
v 36.423431 9.012070 15.068880
v 36.565468 9.290829 15.068880
v 36.614403 9.599819 15.068880
v 36.565460 9.908859 15.068880
v 42.085011 11.713850 15.068880
v 40.469063 9.290822 15.068880
v 40.518005 9.599839 15.068880
v 40.469063 9.908856 15.068880
v 40.327023 10.187625 15.068880
v 40.105789 10.408856 15.068880
v 39.826981 10.550611 15.068880
v 39.823803 10.551115 15.068880
v 39.516224 10.599831 15.068880
v 39.205769 10.550660 15.068880
v 38.926968 10.408856 15.068880
v 38.705734 10.187625 15.068880
v 38.563698 9.908856 15.068880
v 38.514755 9.599839 15.068880
v 38.563698 9.290822 15.068880
v 38.705734 9.012053 15.068880
v 38.926968 8.790822 15.068880
v 39.205769 8.649019 15.068880
v 39.516220 8.599849 15.068880
v 39.823799 8.648564 15.068880
v 39.826981 8.649068 15.068880
v 40.105789 8.790822 15.068880
v 40.327023 9.012053 15.068880
v 32.892120 -0.206008 15.062113
v 35.178242 2.761469 15.068880
v 39.775940 2.761469 15.068880
v 39.775940 6.202193 15.068880
v 35.178242 6.202193 15.068880
v 32.892120 6.298009 15.068880
v 32.891689 6.298009 15.068880
v 32.891689 6.356988 15.068880
v 28.135805 6.356988 15.068880
v 28.135805 6.298009 15.068880
v 28.135376 6.298009 15.068880
v 26.201355 9.599839 15.068880
v 26.152412 9.908856 15.068880
v 26.010372 10.187625 15.068880
v 25.789141 10.408856 15.068880
v 25.510338 10.550681 15.068880
v 25.507963 10.551057 15.068880
v 25.200016 10.599831 15.068880
v 24.889933 10.550717 15.068880
v 24.611135 10.408856 15.068880
v 24.389904 10.187625 15.068880
v 24.247864 9.908856 15.068880
v 24.198921 9.599839 15.068880
v 24.247864 9.290822 15.068880
v 24.389904 9.012053 15.068880
v 24.611135 8.790822 15.068880
v 21.298216 8.599849 15.068880
v 21.607220 8.648789 15.068880
v 21.885988 8.790829 15.068880
v 22.107227 9.012067 15.068880
v 22.249260 9.290821 15.068880
v 22.298203 9.599838 15.068880
v 22.249260 9.908857 15.068880
v 22.107224 10.187617 15.068880
v 21.885998 10.408845 15.068880
v 21.607227 10.550884 15.068880
v 21.298208 10.599829 15.068880
v 20.989202 10.550886 15.068880
v 20.710434 10.408847 15.068880
v 20.489201 10.187615 15.068880
v 20.347168 9.908861 15.068880
v 20.298225 9.599838 15.068880
v 20.347164 9.290823 15.068880
v 20.489201 9.012066 15.068880
v 20.710436 8.790830 15.068880
v 20.989204 8.648791 15.068880
v 24.889933 8.648962 15.068880
v 25.200022 8.599849 15.068880
v 25.507963 8.648622 15.068880
v 25.510338 8.648997 15.068880
v 25.789141 8.790822 15.068880
v 26.010372 9.012053 15.068880
v 26.152412 9.290822 15.068880
v 25.468473 3.257666 15.068880
v 25.468473 6.202194 15.068880
v 20.866783 2.761470 15.068880
v 20.866783 6.202194 15.068880
v 25.468473 2.761470 15.068880
v 28.027033 -0.206008 15.068880
v 18.963240 -0.206008 15.635024
v 28.135376 -0.206008 15.635025
v 28.135376 -0.206008 16.066961
v 28.135376 6.298009 16.066961
v 28.135805 6.298009 16.066961
v 28.135805 6.356988 16.066961
v 32.891689 6.356988 16.066961
v 32.891689 6.298009 16.066961
v 32.892120 6.298009 16.066961
v 32.892120 -0.206008 16.066961
v 42.598358 -0.206008 16.066961
v 42.598358 11.887407 16.066961
v 42.598358 11.944860 16.066961
v 42.595161 11.887407 16.058018
v 40.105789 10.408856 16.066961
v 40.327023 10.187625 16.066961
v 40.469063 9.908856 16.066961
v 40.518005 9.599839 16.066961
v 40.469063 9.290822 16.066961
v 40.327023 9.012053 16.066961
v 40.105789 8.790822 16.066961
v 39.775940 6.202193 16.066961
v 39.775940 2.761469 16.066961
v 35.178242 2.761469 16.066961
v 35.178242 6.202192 16.066961
v 39.826981 8.649068 16.066961
v 39.823803 8.648564 16.066961
v 39.516220 8.599849 16.066961
v 39.205769 8.649019 16.066961
v 38.926968 8.790822 16.066961
v 38.705734 9.012053 16.066961
v 38.563698 9.290822 16.066961
v 38.514755 9.599839 16.066961
v 38.563698 9.908856 16.066961
v 38.705734 10.187625 16.066961
v 38.926968 10.408856 16.066961
v 36.423424 10.187618 16.066961
v 36.565460 9.908859 16.066961
v 36.614403 9.599819 16.066961
v 36.565468 9.290829 16.066961
v 36.423431 9.012070 16.066961
v 36.202183 8.790823 16.066961
v 35.923428 8.648791 16.066961
v 35.614414 8.599848 16.066961
v 35.305401 8.648790 16.066961
v 35.026642 8.790825 16.066961
v 34.805412 9.012057 16.066961
v 34.663364 9.290837 16.066961
v 34.614429 9.599834 16.066961
v 34.663372 9.908859 16.066961
v 34.805405 10.187618 16.066961
v 35.026642 10.408849 16.066961
v 26.010372 10.187625 16.066961
v 26.152412 9.908856 16.066961
v 26.201355 9.599839 16.066961
v 26.152412 9.290822 16.066961
v 26.010372 9.012053 16.066961
v 25.789141 8.790822 16.066961
v 25.510338 8.648997 16.066961
v 25.507963 8.648622 16.066961
v 25.200022 8.599849 16.066961
v 24.889933 8.648962 16.066961
v 24.611135 8.790822 16.066961
v 24.389904 9.012053 16.066961
v 24.247864 9.290822 16.066961
v 24.198921 9.599839 16.066961
v 24.247864 9.908856 16.066961
v 24.248232 9.909579 16.066961
v 22.107224 10.187618 16.066961
v 22.249260 9.908857 16.066961
v 22.298203 9.599838 16.066961
v 22.249260 9.290821 16.066961
v 22.107227 9.012067 16.066961
v 21.885988 8.790829 16.066961
v 21.607220 8.648789 16.066961
v 21.298216 8.599849 16.066961
v 20.989204 8.648791 16.066961
v 20.710436 8.790830 16.066961
v 20.765106 7.113708 16.087200
v 20.774652 7.113708 16.066961
v 20.868778 6.202194 16.062723
v 24.084530 7.113510 16.066959
v 24.207005 7.113708 16.066961
v 25.464455 7.113708 16.066961
v 25.468473 6.202194 16.066961
v 25.468473 2.761470 16.066961
v 20.866783 2.761470 15.068880
v 20.866783 6.202194 15.068880
v 20.866783 6.194596 16.066961
v 20.489201 9.012066 16.066961
v 20.347164 9.290823 16.066961
v 20.298225 9.599838 16.066961
v 20.347168 9.908861 16.066961
v 20.489202 10.187615 16.066961
v 20.710434 10.408847 16.066961
v 20.989202 10.550886 16.066961
v 21.298208 10.599829 16.066961
v 21.607227 10.550885 16.066961
v 21.885998 10.408845 16.066961
v 24.389904 10.187625 16.066961
v 24.611135 10.408856 16.066961
v 24.889933 10.550717 16.066961
v 25.200018 10.599831 16.066961
v 25.507963 10.551057 16.066961
v 25.510338 10.550681 16.066961
v 25.789141 10.408856 16.066961
v 35.305405 10.550888 16.066961
v 35.614414 10.599831 16.066961
v 35.923439 10.550886 16.066961
v 36.202190 10.408854 16.066961
v 39.205769 10.550660 16.066961
v 39.516224 10.599831 16.066961
v 39.823799 10.551115 16.066961
v 39.826981 10.550611 16.066961
v 42.239075 11.944860 15.068880
v 42.239075 -0.206008 15.068880
v 28.135376 -0.206008 15.062113
v 32.892120 -0.206008 15.635023
v 24.207005 7.113708 16.066961
v 42.085045 -0.195848 -15.116415
v 42.106247 -0.206008 15.635024
v 42.595161 -0.206008 16.058018
v 18.963240 -0.220814 -15.798285
v 18.963240 -0.220814 15.635024
v 25.468473 2.761470 15.062506
v 36.423428 10.187618 14.963516
v 36.202190 10.408855 14.963516
v 35.923439 10.550886 14.963516
v 35.614414 10.599831 14.963516
v 35.305405 10.550888 14.963516
v 35.026642 10.408850 14.963516
v 34.805405 10.187616 14.963516
v 34.663372 9.908859 14.963516
v 34.614426 9.599836 14.963516
v 34.663364 9.290837 14.963516
v 34.805408 9.012055 14.963516
v 35.026646 8.790824 14.963516
v 35.305401 8.648790 14.963516
v 35.614414 8.599848 14.963516
v 35.923428 8.648791 14.963516
v 36.202183 8.790822 14.963516
v 36.423431 9.012072 14.963516
v 36.565464 9.290829 14.963516
v 36.614407 9.599817 14.963516
v 36.565456 9.908864 14.963516
v 39.823803 10.551114 14.963516
v 39.516224 10.599832 14.963516
v 39.205769 10.550660 14.963516
v 38.926968 10.408856 14.963516
v 38.705734 10.187625 14.963516
v 38.563698 9.908856 14.963516
v 38.514755 9.599839 14.963516
v 38.563698 9.290822 14.963516
v 38.705734 9.012053 14.963516
v 38.926968 8.790822 14.963516
v 39.205769 8.649019 14.963516
v 39.516224 8.599849 14.963516
v 39.823803 8.648564 14.963516
v 35.178242 2.761469 15.062506
v 39.775940 2.761469 15.062506
v 39.775940 6.202193 15.062506
v 35.178242 6.202193 15.062506
v 32.892120 6.356988 15.062113
v 32.892120 6.356988 15.068880
v 25.507963 10.551057 14.963516
v 25.200018 10.599831 14.963516
v 24.889933 10.550717 14.963516
v 24.611135 10.408856 14.963516
v 24.389904 10.187625 14.963516
v 24.247864 9.908856 14.963516
v 24.198921 9.599839 14.963516
v 24.247864 9.290822 14.963516
v 24.389904 9.012053 14.963516
v 24.611135 8.790822 14.963516
v 21.298216 8.599849 14.963516
v 21.607220 8.648789 14.963516
v 21.885988 8.790829 14.963516
v 22.107227 9.012067 14.963516
v 22.249258 9.290820 14.963516
v 22.298203 9.599840 14.963516
v 22.249260 9.908855 14.963516
v 22.107224 10.187619 14.963516
v 21.885998 10.408844 14.963516
v 21.607227 10.550885 14.963516
v 21.298208 10.599829 14.963516
v 20.989202 10.550886 14.963516
v 20.710434 10.408847 14.963516
v 20.489202 10.187614 14.963516
v 20.347168 9.908863 14.963516
v 20.298225 9.599836 14.963516
v 20.347166 9.290821 14.963516
v 20.489201 9.012066 14.963516
v 20.710436 8.790830 14.963516
v 20.989202 8.648791 14.963516
v 24.889933 8.648962 14.963516
v 25.200022 8.599849 14.963516
v 25.507963 8.648622 14.963516
v 25.468473 6.202194 15.062506
v 21.152922 5.991046 15.062506
v 21.152922 2.972616 15.062506
v 20.866783 7.113708 16.336565
v 25.464455 7.113708 16.336565
v 25.468473 6.202194 16.076212
v 25.468473 2.761470 16.076212
v 20.870771 2.761470 16.076212
v 20.870771 6.194596 16.076212
v 25.464455 6.194596 16.076212
v 25.464455 6.194596 16.336565
v 20.866783 6.194596 16.336565
v 20.710436 8.790830 16.177423
v 20.489201 9.012066 16.177423
v 20.347166 9.290821 16.177423
v 20.298225 9.599836 16.177423
v 20.347168 9.908863 16.177423
v 20.489202 10.187614 16.177423
v 20.710434 10.408847 16.177423
v 20.989202 10.550886 16.177423
v 21.298208 10.599829 16.177423
v 21.607227 10.550885 16.177423
v 21.885998 10.408844 16.177423
v 22.107224 10.187619 16.177423
v 24.247864 9.908856 16.177423
v 24.389904 10.187625 16.177423
v 24.611135 10.408856 16.177423
v 24.889933 10.550717 16.177423
v 25.200018 10.599831 16.177423
v 25.507963 10.551057 16.177423
v 35.026642 10.408850 16.177423
v 35.305405 10.550888 16.177423
v 35.614414 10.599831 16.177423
v 35.923439 10.550886 16.177423
v 36.202190 10.408855 16.177423
v 36.423428 10.187618 16.177423
v 38.926968 10.408856 16.177423
v 39.205769 10.550660 16.177423
v 39.516224 10.599832 16.177423
v 39.823803 10.551114 16.177423
v 28.135376 6.356988 16.071852
v 28.135376 6.356988 16.066898
v 32.892120 6.356988 16.066898
v 32.892120 6.356988 16.071852
v 39.775940 6.202193 16.076212
v 39.775940 2.761469 16.076212
v 35.178242 2.761469 16.076212
v 35.178242 6.202193 16.076212
v 39.823803 8.648564 16.177423
v 39.516224 8.599849 16.177423
v 39.205769 8.649019 16.177423
v 38.926968 8.790822 16.177423
v 38.705734 9.012053 16.177423
v 38.563698 9.290822 16.177423
v 38.514755 9.599839 16.177423
v 38.563698 9.908856 16.177423
v 38.705734 10.187625 16.177423
v 36.565456 9.908864 16.177423
v 36.614407 9.599817 16.177423
v 36.565464 9.290829 16.177423
v 36.423431 9.012072 16.177423
v 36.202183 8.790822 16.177423
v 35.923428 8.648791 16.177423
v 35.614414 8.599848 16.177423
v 35.305401 8.648790 16.177423
v 35.026646 8.790824 16.177423
v 34.805408 9.012055 16.177423
v 34.663364 9.290837 16.177423
v 34.614426 9.599836 16.177423
v 34.663372 9.908859 16.177423
v 34.805405 10.187616 16.177423
v 25.507963 8.648622 16.177423
v 25.200022 8.599849 16.177423
v 24.889933 8.648962 16.177423
v 24.611135 8.790822 16.177423
v 24.389904 9.012053 16.177423
v 24.247864 9.290822 16.177423
v 24.198921 9.599839 16.177423
v 22.249260 9.908855 16.177423
v 22.298203 9.599840 16.177423
v 22.249258 9.290820 16.177423
v 22.107227 9.012067 16.177423
v 21.885988 8.790829 16.177423
v 21.607220 8.648789 16.177423
v 21.298216 8.599849 16.177423
v 20.989202 8.648791 16.177423
v 28.135376 6.356988 15.062113
v 30.599546 3.427365 15.062113
v 30.908556 3.476307 15.062113
v 31.187330 3.618350 15.062113
v 31.408558 3.839578 15.062113
v 31.550592 4.118337 15.062113
v 31.599539 4.427365 15.062113
v 31.550598 4.736372 15.062113
v 31.408566 5.015123 15.062113
v 31.187321 5.236371 15.062113
v 30.908564 5.378405 15.062113
v 30.599545 5.427349 15.062113
v 30.290531 5.378405 15.062113
v 30.011765 5.236366 15.062113
v 29.790545 5.015147 15.062113
v 29.648502 4.736374 15.062113
v 29.599556 4.427339 15.062113
v 29.648495 4.118342 15.062113
v 29.790529 3.839588 15.062113
v 30.011770 3.618345 15.062113
v 30.290531 3.476309 15.062113
v 42.085045 -0.206177 -15.116421
v 25.186323 2.972616 15.062506
v 25.186323 5.991046 15.062506
v 36.084778 10.247746 14.963516
v 36.261951 10.070571 14.963516
v 35.861523 10.361499 14.963516
v 35.614044 10.400696 14.963516
v 35.366566 10.361499 14.963516
v 35.143314 10.247746 14.963516
v 34.966137 10.070571 14.963516
v 34.852386 9.847318 14.963516
v 34.813190 9.599839 14.963516
v 34.852386 9.352361 14.963516
v 34.966137 9.129107 14.963516
v 35.143314 8.951933 14.963516
v 35.366566 8.838180 14.963516
v 35.614044 8.798983 14.963516
v 35.861523 8.838180 14.963516
v 36.084778 8.951933 14.963516
v 36.261951 9.129107 14.963516
v 36.375706 9.352361 14.963516
v 36.414902 9.599839 14.963516
v 36.375706 9.847318 14.963516
v 40.102539 10.408856 16.177423
v 40.102539 10.408856 14.963516
v 39.514755 10.400696 14.963516
v 39.762230 10.361499 14.963516
v 39.267273 10.361499 14.963516
v 39.044022 10.247746 14.963516
v 38.866844 10.070571 14.963516
v 38.753094 9.847318 14.963516
v 38.713898 9.599839 14.963516
v 38.753094 9.352361 14.963516
v 38.866844 9.129107 14.963516
v 39.044022 8.951933 14.963516
v 39.267273 8.838180 14.963516
v 39.514755 8.798983 14.963516
v 39.762230 8.838180 14.963516
v 40.102539 8.790822 14.963516
v 40.102539 8.790822 16.177423
v 35.460388 2.972616 15.062506
v 39.493790 2.972616 15.062506
v 39.493790 5.991046 15.062506
v 35.460388 5.991046 15.062506
v 28.135376 6.356988 15.068880
v 32.891689 6.298009 16.066898
v 28.135805 6.298009 16.066898
v 25.786707 10.408856 16.177423
v 25.786707 10.408856 14.963516
v 25.198921 10.400696 14.963516
v 25.446400 10.361499 14.963516
v 24.951443 10.361499 14.963516
v 24.728189 10.247746 14.963516
v 24.551014 10.070571 14.963516
v 24.437262 9.847318 14.963516
v 24.398066 9.599839 14.963516
v 24.437262 9.352361 14.963516
v 24.551014 9.129107 14.963516
v 24.728189 8.951933 14.963516
v 21.298212 8.798983 14.963516
v 21.545691 8.838180 14.963516
v 21.768944 8.951933 14.963516
v 21.946117 9.129107 14.963516
v 22.059872 9.352361 14.963516
v 22.099068 9.599839 14.963516
v 22.059872 9.847318 14.963516
v 21.946119 10.070571 14.963516
v 21.768944 10.247746 14.963516
v 21.545691 10.361499 14.963516
v 21.298212 10.400696 14.963516
v 21.050734 10.361499 14.963516
v 20.827480 10.247746 14.963516
v 20.650305 10.070571 14.963516
v 20.536552 9.847318 14.963516
v 20.497356 9.599839 14.963516
v 20.536552 9.352361 14.963516
v 20.650305 9.129107 14.963516
v 20.827480 8.951933 14.963516
v 21.050734 8.838180 14.963516
v 24.951443 8.838180 14.963516
v 25.198921 8.798983 14.963516
v 25.786707 8.790822 14.963516
v 25.786707 8.790822 16.177423
v 25.446400 8.838180 14.963516
v 21.152922 5.991046 16.076212
v 21.152922 2.972616 16.076212
v 30.599545 3.427365 16.071852
v 30.290531 3.476309 16.071852
v 30.011770 3.618345 16.071852
v 29.790529 3.839588 16.071852
v 29.648497 4.118342 16.071852
v 29.599556 4.427339 16.071852
v 29.648502 4.736375 16.071852
v 29.790545 5.015147 16.071852
v 30.011765 5.236366 16.071852
v 30.290533 5.378405 16.071852
v 30.599545 5.427349 16.071852
v 30.908564 5.378405 16.071852
v 31.187321 5.236371 16.071852
v 31.408567 5.015123 16.071852
v 31.550598 4.736372 16.071852
v 31.599539 4.427365 16.071852
v 31.550594 4.118337 16.071852
v 31.408558 3.839578 16.071852
v 31.187328 3.618350 16.071852
v 30.908556 3.476307 16.071852
v 25.464455 6.202194 16.076212
v 25.464455 6.202194 16.066961
v 25.464455 6.205553 16.066961
v 25.186323 5.991046 16.076212
v 25.186323 2.972616 16.076212
v 20.827480 8.951933 16.177423
v 20.650305 9.129107 16.177423
v 20.536552 9.352361 16.177423
v 20.497356 9.599839 16.177423
v 20.536552 9.847318 16.177423
v 20.650305 10.070571 16.177423
v 20.827480 10.247746 16.177423
v 21.050734 10.361499 16.177423
v 21.298212 10.400696 16.177423
v 21.545691 10.361499 16.177423
v 21.768944 10.247746 16.177423
v 21.946119 10.070571 16.177423
v 24.437262 9.847318 16.177423
v 24.551014 10.070571 16.177423
v 24.728189 10.247746 16.177423
v 24.951443 10.361499 16.177423
v 25.198921 10.400696 16.177423
v 25.446400 10.361499 16.177423
v 35.143314 10.247746 16.177423
v 35.366566 10.361499 16.177423
v 35.614044 10.400696 16.177423
v 35.861523 10.361499 16.177423
v 36.084778 10.247746 16.177423
v 36.261951 10.070571 16.177423
v 39.044022 10.247746 16.177423
v 39.267273 10.361499 16.177423
v 39.514755 10.400696 16.177423
v 39.762230 10.361499 16.177423
v 35.460388 2.972616 16.076212
v 35.460388 5.991046 16.076212
v 39.493790 5.991046 16.076212
v 39.493790 2.972616 16.076212
v 39.514755 8.798983 16.177423
v 39.762230 8.838180 16.177423
v 39.267273 8.838180 16.177423
v 39.044022 8.951933 16.177423
v 38.866844 9.129107 16.177423
v 38.753094 9.352361 16.177423
v 38.713898 9.599839 16.177423
v 38.753094 9.847318 16.177423
v 38.866844 10.070571 16.177423
v 36.375706 9.847318 16.177423
v 36.414902 9.599839 16.177423
v 36.375706 9.352361 16.177423
v 36.261951 9.129107 16.177423
v 36.084778 8.951933 16.177423
v 35.861523 8.838180 16.177423
v 35.614044 8.798983 16.177423
v 35.366566 8.838180 16.177423
v 35.143314 8.951933 16.177423
v 34.966137 9.129107 16.177423
v 34.852386 9.352361 16.177423
v 34.813190 9.599839 16.177423
v 34.852386 9.847318 16.177423
v 34.966137 10.070571 16.177423
v 25.198921 8.798983 16.177423
v 25.446400 8.838180 16.177423
v 24.951443 8.838180 16.177423
v 24.728189 8.951933 16.177423
v 24.551014 9.129107 16.177423
v 24.437262 9.352361 16.177423
v 24.398066 9.599839 16.177423
v 22.059872 9.847318 16.177423
v 22.099068 9.599839 16.177423
v 22.059872 9.352361 16.177423
v 21.946117 9.129107 16.177423
v 21.768944 8.951933 16.177423
v 21.545691 8.838180 16.177423
v 21.298212 8.798983 16.177423
v 21.050734 8.838180 16.177423
v 30.599546 3.427365 14.943398
v 30.908556 3.476307 14.943398
v 31.187330 3.618349 14.943398
v 31.408558 3.839578 14.943398
v 31.550594 4.118335 14.943398
v 31.599539 4.427367 14.943398
v 31.550598 4.736374 14.943398
v 31.408567 5.015124 14.943398
v 31.187321 5.236370 14.943398
v 30.908564 5.378405 14.943398
v 30.599545 5.427349 14.943398
v 30.290533 5.378405 14.943398
v 30.011765 5.236367 14.943398
v 29.790545 5.015148 14.943398
v 29.648502 4.736373 14.943398
v 29.599556 4.427338 14.943398
v 29.648495 4.118342 14.943398
v 29.790529 3.839587 14.943398
v 30.011770 3.618344 14.943398
v 30.290531 3.476309 14.943398
v 39.985485 10.247746 16.177423
v 40.323769 10.187625 16.177423
v 40.323769 10.187625 14.963516
v 39.985485 10.247746 14.963516
v 39.985485 8.951933 14.963516
v 40.323769 9.012053 14.963516
v 40.323769 9.012053 16.177423
v 39.985485 8.951933 16.177423
v 25.669653 10.247746 16.177423
v 26.007938 10.187625 16.177423
v 26.007938 10.187625 14.963516
v 25.669653 10.247746 14.963516
v 25.669653 8.951933 14.963516
v 26.007938 9.012053 14.963516
v 26.007938 9.012053 16.177423
v 25.669653 8.951933 16.177423
v 30.908556 3.476307 16.157305
v 30.599546 3.427365 16.157305
v 30.290531 3.476309 16.157305
v 30.011770 3.618344 16.157305
v 29.790529 3.839587 16.157305
v 29.648495 4.118342 16.157305
v 29.599556 4.427338 16.157305
v 29.648502 4.736373 16.157305
v 29.790545 5.015148 16.157305
v 30.011765 5.236367 16.157305
v 30.290533 5.378405 16.157305
v 30.599545 5.427349 16.157305
v 30.908564 5.378405 16.157305
v 31.187321 5.236370 16.157305
v 31.408567 5.015124 16.157305
v 31.550598 4.736374 16.157305
v 31.599539 4.427367 16.157305
v 31.550594 4.118335 16.157305
v 31.408558 3.839578 16.157305
v 31.187330 3.618349 16.157305
v 24.475636 6.917499 16.066961
v 24.477917 6.917952 16.066959
v 24.586493 6.939496 16.066959
v 30.599546 3.626500 14.943398
v 30.847025 3.665697 14.943398
v 31.070278 3.779450 14.943398
v 31.247452 3.956625 14.943398
v 31.361206 4.179878 14.943398
v 31.400402 4.427356 14.943398
v 31.361206 4.674835 14.943398
v 31.247454 4.898088 14.943398
v 31.070278 5.075263 14.943398
v 30.847025 5.189016 14.943398
v 30.599546 5.228213 14.943398
v 30.352068 5.189016 14.943398
v 30.128815 5.075263 14.943398
v 29.951639 4.898088 14.943398
v 29.837887 4.674835 14.943398
v 29.798691 4.427356 14.943398
v 29.837887 4.179878 14.943398
v 29.951639 3.956625 14.943398
v 30.128815 3.779450 14.943398
v 30.352068 3.665697 14.943398
v 40.162659 10.070571 16.177423
v 40.465813 9.908856 16.177423
v 40.465813 9.908856 14.963516
v 40.162659 10.070571 14.963516
v 40.162659 9.129107 14.963516
v 40.465813 9.290822 14.963516
v 40.465813 9.290822 16.177423
v 40.162659 9.129107 16.177423
v 25.846828 10.070571 16.177423
v 26.149979 9.908856 16.177423
v 26.149979 9.908856 14.963516
v 25.846828 10.070571 14.963516
v 25.846827 9.129107 14.963516
v 26.149979 9.290822 14.963516
v 26.149979 9.290822 16.177423
v 25.846827 9.129107 16.177423
v 30.847025 3.665697 16.157305
v 30.599546 3.626500 16.157305
v 30.352068 3.665697 16.157305
v 30.128815 3.779450 16.157305
v 29.951639 3.956625 16.157305
v 29.837887 4.179878 16.157305
v 29.798691 4.427356 16.157305
v 29.837887 4.674835 16.157305
v 29.951639 4.898088 16.157305
v 30.128815 5.075263 16.157305
v 30.352068 5.189016 16.157305
v 30.599546 5.228213 16.157305
v 30.847025 5.189016 16.157305
v 31.070278 5.075263 16.157305
v 31.247454 4.898088 16.157305
v 31.361206 4.674835 16.157305
v 31.400402 4.427356 16.157305
v 31.361206 4.179878 16.157305
v 31.247452 3.956625 16.157305
v 31.070278 3.779450 16.157305
v 40.276413 9.847318 16.177423
v 40.514755 9.599839 16.177423
v 40.514755 9.599839 14.963516
v 40.276413 9.847318 14.963516
v 40.276413 9.352361 14.963516
v 40.276413 9.352361 16.177423
v 25.960581 9.847318 16.177423
v 26.198921 9.599839 16.177423
v 26.198921 9.599839 14.963516
v 25.960581 9.847318 14.963516
v 25.960581 9.352361 14.963516
v 25.960581 9.352361 16.177423
v 40.315609 9.599839 16.177423
v 40.315609 9.599839 14.963516
v 25.999777 9.599839 16.177423
v 25.999777 9.599839 14.963516
v 35.178238 6.194596 16.110802
v 39.775940 6.194596 16.110802
v 39.775940 6.194596 16.388824
v 35.178238 6.194596 16.388824
v 35.178238 7.113708 16.388824
v 35.178238 7.113708 16.110802
v 39.775940 7.113708 16.110802
v 39.775940 7.113708 16.388824
v 20.866783 2.761470 16.066961
v 42.085045 11.887407 -15.073785
v 18.455416 11.936520 15.889474
v 16.219513 14.321360 -16.919268
v 18.072281 14.321360 -16.919268
v 16.219513 14.321360 -16.919268
v 18.072281 14.321360 -16.919268
v 18.072281 14.321360 -16.855671
v 42.085045 11.887407 15.068880
v 18.072281 14.321360 -16.855671
v 18.072281 14.321353 16.698650
v 18.072281 14.321345 16.741385
v 18.072281 14.321353 16.698650
v 18.072281 14.321345 16.741385
v 18.963240 -0.195864 15.068880
v 16.219513 14.321345 16.741385
v 16.219513 14.321345 16.741385
v 18.963240 11.887407 15.068880
v 18.576950 11.936520 15.068880
v 18.963240 11.887407 15.068880
v 18.464617 11.887407 -16.116415
v 18.963240 11.887407 15.068880
v 42.595161 -0.195848 -16.090086
v 18.465965 11.887407 -16.071524
v 42.595161 11.887407 -16.090086
v 18.455416 -0.195848 15.889474
v 18.576950 -0.196876 15.068880
v 18.455416 11.887407 15.889474
v 42.595161 -0.195848 -16.090086
v 32.257042 4.316422 -15.058647
v 32.733208 5.097954 -15.058647
v 32.733208 7.568113 -15.058647
v 35.533470 7.568113 -15.058647
v 35.533470 5.097954 -15.058647
v 36.009636 4.316422 -15.058647
v 36.009636 10.857208 -15.058647
v 32.257042 10.857208 -15.058647
v 32.733208 8.150860 -15.058647
v 32.733208 10.381701 -15.058647
v 35.533470 10.381701 -15.058647
v 35.533470 8.150860 -15.058647
v 32.257042 4.316422 -16.146145
v 36.009636 4.316422 -16.146145
v 36.009636 10.857208 -16.146145
v 32.257042 10.857208 -16.146145
v 32.733208 8.150860 -16.146145
v 32.733208 10.381701 -16.146145
v 35.533470 10.381701 -16.146145
v 35.533470 8.150860 -16.146145
v 32.733208 5.097954 -16.146145
v 35.533470 5.097954 -16.146145
v 35.533470 7.568113 -16.146145
v 32.733208 7.568113 -16.146145
v 18.464317 -0.249178 -15.201525
v 42.565052 -0.249178 -15.201525
v 32.733208 5.041683 -15.244158
v 32.733208 7.704668 -15.244158
v 32.733208 8.009367 -15.244158
v 32.733208 10.414352 -15.244158
v 35.533470 10.414352 -15.244158
v 35.533470 8.009367 -15.244158
v 35.533470 7.704668 -15.244158
v 35.533470 5.041683 -15.244158
v 42.565052 12.201891 -15.244158
v 18.464317 12.201891 -15.201525
v 18.464317 -0.249178 -16.141245
v 18.464317 12.201891 -16.141245
v 42.565052 -0.249178 -16.141245
v 42.565052 12.201891 -16.141245
v 32.733208 5.041683 -15.996778
v 35.533470 5.041683 -15.996778
v 35.533470 7.704668 -15.996778
v 32.733208 7.704668 -15.996778
v 32.733208 8.009367 -15.996778
v 35.533470 8.009367 -15.996778
v 35.533470 10.414352 -15.996778
v 32.733208 10.414352 -15.996778
vt 0.375000 0.258549
vt 0.375000 0.250000
vt 0.391123 0.250000
vt 0.391123 0.258549
vt 0.625000 0.499072
vt 0.625000 0.500000
vt 0.375000 0.500000
vt 0.375000 0.499072
vt 0.375317 0.499072
vt 0.375317 0.250000
vt 0.624528 0.250000
vt 0.624528 0.499072
vt 0.874072 0.250000
vt 0.625000 0.250000
vt 0.625000 0.000000
vt 0.874072 0.000000
vt 0.608618 0.250000
vt 0.608618 0.258549
vt 0.624801 0.258549
vt 0.624801 0.250000
vt 0.625000 0.250000
vt 0.625000 0.500000
vt 0.375000 0.500000
vt 0.624528 0.000000
vt 0.875000 0.000000
vt 0.875000 0.250000
vt 0.625000 0.750000
vt 0.375000 0.750000
vt 0.125000 0.250000
vt 0.125000 0.000000
vt 0.125928 0.000000
vt 0.125928 0.250000
vt 0.375000 0.494255
vt 0.391123 0.500000
vt 0.375000 0.500000
vt 0.375317 0.249999
vt 0.375317 0.000000
vt 0.625000 0.750928
vt 0.625000 1.000000
vt 0.624528 1.000000
vt 0.624528 0.750928
vt 0.366451 0.250000
vt 0.125000 0.250000
vt 0.125000 0.000000
vt 0.375000 0.000000
vt 0.375000 0.000887
vt 0.366451 0.000872
vt 0.391132 0.000887
vt 0.391132 0.000000
vt 0.608618 0.000000
vt 0.624900 0.000000
vt 0.625000 0.000000
vt 0.875000 0.000000
vt 0.875000 0.250000
vt 0.625000 0.750000
vt 0.375000 0.750000
vt 0.625000 0.750928
vt 0.624528 0.750928
vt 0.375000 0.750928
vt 0.375000 0.750000
vt 0.625000 0.750000
vt 0.375000 0.000000
vt 0.375000 0.249998
vt 0.391123 0.494255
vt 0.073068 0.932785
vt 0.073070 0.087483
vt 0.073070 0.086406
vt 0.008416 0.086443
vt 0.008416 0.040672
vt 0.916482 0.084874
vt 0.913405 0.086314
vt 0.945200 0.086278
vt 0.945200 0.934388
vt 0.944692 0.932785
vt 0.598491 0.398643
vt 0.815473 0.398643
vt 0.815473 0.233733
vt 0.598491 0.233733
vt 0.014099 0.050876
vt 0.119184 0.239558
vt 0.125000 0.250000
vt 0.125000 0.000000
vt 0.375000 0.000000
vt 0.008416 0.040672
vt 0.624528 0.500000
vt 0.624528 0.749055
vt 0.375000 0.749055
vt 0.375317 0.749055
vt 0.375317 0.499999
vt 0.375317 0.500000
vt 0.375317 0.250000
vt 0.624528 0.250000
vt 0.375317 0.000976
vt 0.375314 0.000976
vt 0.624528 0.000945
vt 0.624900 1.000000
vt 0.624900 0.991451
vt 0.625000 0.750000
vt 0.625000 1.000000
vt 0.008416 0.979625
vt 1.010891 0.979625
vt 0.625000 0.750000
vt 0.375000 0.750000
vt 0.375000 0.250000
vt 0.625000 0.250000
vt 0.625000 0.500000
vt 0.624801 0.500000
vt 0.608618 0.500000
vt 0.375000 1.000000
vt 0.375000 0.750000
vt 0.600686 0.755550
vt 0.601453 0.763235
vt 0.608618 0.750000
vt 0.608618 0.755745
vt 0.625000 0.750000
vt 0.375000 0.750000
vt 0.375000 0.500000
vt 0.376030 0.500000
vt 0.376047 0.500120
vt 0.624636 0.500125
vt 0.624655 0.500000
vt 0.625000 0.500000
vt 0.625000 0.750000
vt 0.875000 0.000000
vt 0.875000 0.250000
vt 0.625000 0.250000
vt 0.625000 0.000000
vt 0.375000 0.250000
vt 0.375000 0.000000
vt 0.125000 0.000000
vt 0.125000 0.250000
vt 0.604530 0.767556
vt 0.604550 0.767430
vt 0.394537 0.767430
vt 0.394549 0.767732
vt 0.394457 0.767596
vt 0.394457 0.982142
vt 0.394228 0.983333
vt 0.604550 0.983333
vt 0.604522 0.983273
vt 0.604522 0.767607
vt 0.625000 1.000000
vt 0.375000 1.000000
vt 0.625000 0.000000
vt 1.010891 0.040672
vt 0.391123 0.499999
vt 0.608618 0.500001
vt 0.608618 0.750000
vt 0.375000 0.750000
vt 0.375000 0.749469
vt 0.391123 0.749469
vt 0.625000 0.000935
vt 0.375000 0.000997
vt 0.625000 0.750000
vt 0.624900 0.750000
vt 0.875000 0.250000
vt 0.881547 0.239915
vt 0.875000 0.000000
vt 0.130745 0.250000
vt 0.130745 0.000539
vt 0.125000 0.000531
vt 0.125000 0.000000
vt 0.375000 0.000000
vt 0.625000 0.000000
vt 0.625928 0.000000
vt 0.875000 0.000000
vt 0.875000 0.250000
vt 0.624655 0.250454
vt 0.376030 0.250454
vt 0.125025 0.001684
vt 0.375000 0.001684
vt 0.375000 0.250000
vt 0.125000 0.250000
vt 0.125000 0.001534
vt 0.375000 0.748465
vt 0.375000 0.500000
vt 0.625000 0.500000
vt 0.625000 0.748472
vt 0.875000 0.001528
vt 0.875000 0.250000
vt 0.625000 0.250000
vt 0.625000 0.001684
vt 0.874975 0.001684
vt 1.004291 0.050840
vt 0.979666 0.138013
vt -0.036010 0.138013
vt -0.036010 0.134313
vt 0.979666 0.134313
vt 0.125000 0.248817
vt 0.136223 0.248817
vt 0.136223 0.249829
vt 0.375000 0.249829
vt 0.375000 0.250000
vt 0.125000 0.250000
vt 0.125000 0.000000
vt 0.136223 0.000000
vt 0.380171 0.501012
vt 0.375000 0.501012
vt 0.375000 0.500000
vt 0.380171 0.500000
vt 0.380171 0.749990
vt 0.375000 0.750000
vt 0.051782 0.941740
vt 0.952274 0.941740
vt 0.952274 0.945069
vt 0.051782 0.945069
vt 0.051782 0.122576
vt 0.952274 0.122576
vt -0.048021 0.800739
vt -0.048021 -0.122300
vt -0.048148 -0.122300
vt -0.048148 -0.122516
vt 0.997231 -0.122516
vt 0.997019 -0.122483
vt 0.997019 0.800739
vt 0.340621 0.000000
vt 1.010502 0.087344
vt 1.010891 0.087354
vt 1.010891 0.040672
vt 1.010143 0.041028
vt 1.010891 0.086278
vt 0.437953 0.445972
vt 0.556826 0.445972
vt 0.556826 0.302367
vt 0.437953 0.302367
vt 0.875000 0.248817
vt 0.875000 0.250000
vt 0.625000 0.250000
vt 0.625000 0.000000
vt 0.868418 0.000000
vt 0.868418 0.248817
vt 0.875000 0.000000
vt -0.036010 0.916056
vt 0.979666 0.916056
vt -0.017559 0.919825
vt 0.953921 0.942801
vt 0.864588 0.769286
vt 0.625000 0.250396
vt 0.625000 0.499997
vt 0.410218 0.512074
vt 0.379908 0.249829
vt -0.517049 0.925715
vt 1.517866 0.925714
vt 1.517873 -0.003544
vt 0.625000 0.749990
vt 0.375000 0.750000
vt 0.625000 0.750000
vt 0.434831 0.994063
vt 0.375000 0.998726
vt 0.368930 -0.001266
vt 0.369152 -0.001693
vt 0.625000 0.750000
vt 0.625000 1.000000
vt 0.378455 1.000000
vt 0.435435 0.998649
vt 0.435438 0.754879
vt 0.558765 0.756665
vt 1.010891 0.040586
vt 0.375000 0.611716
vt 0.375000 0.750000
vt 0.625000 0.750000
vt 0.625000 0.611716
vt 0.875000 0.138284
vt 0.875000 0.000000
vt 0.625000 0.000000
vt 0.625000 0.138284
vt 0.375000 0.000000
vt 0.375000 0.138284
vt 0.125000 0.138284
vt 0.125000 0.000000
vt 0.970329 0.918266
vt 0.625000 1.000000
vt 0.640392 1.000000
vt 0.972647 0.917719
vt 0.025275 0.858543
vt 0.025275 -0.001377
vt 0.125000 0.000059
vt 0.125000 0.000000
vt 0.003713 -0.001923
vt 0.003713 0.990652
vt 0.125000 0.250000
vt 0.125000 0.249828
vt 0.625396 0.250000
vt -0.977542 0.694733
vt 1.548446 0.694733
vt 0.874997 0.250000
vt 0.398876 0.774139
vt 0.600083 0.774139
vt 0.600083 0.976637
vt 0.398876 0.976637
vt -1.150550 0.695662
vt -1.150550 0.014258
vt -1.150551 0.014251
vt -1.150551 0.014233
vt 2.040758 0.014233
vt 2.099239 0.014233
vt 2.099239 0.014595
vt 2.040758 0.014595
vt 2.041319 0.695662
vt 0.620915 1.000000
vt 0.620913 1.000000
vt 0.236693 0.942761
vt 0.379784 0.999973
vt 0.625000 0.999604
vt 0.372587 -0.000208
vt 0.372811 -0.000634
vt 2.051571 0.743056
vt 2.051035 0.742598
vt 2.032865 0.723230
vt 2.052739 0.742988
vt 2.051798 0.742773
vt 2.052291 0.743221
vt 2.060334 0.750539
vt 2.060335 0.750540
vt 0.625000 0.000000
vt 0.875000 0.000000
vt 0.875000 0.250000
vt 0.900713 0.260858
vt 1.010891 0.040672
vt 0.375000 1.000000
vt 0.625000 1.000000
vt 0.632497 1.000000
vt 0.869196 1.000000
vt 0.851601 0.942762
vt 1.973148 0.032390
vt 1.926884 0.032447
vt 1.809446 0.666535
vt -0.969707 0.666823
vt -0.249092 0.577681
vt -0.225149 0.589272
vt -0.193658 0.596711
vt -0.157699 0.599272
vt -0.120791 0.596703
vt -0.086551 0.589257
vt -0.058327 0.577662
vt -0.038882 0.563052
vt -0.030121 0.546859
vt -0.032901 0.530667
vt -0.046949 0.516061
vt -0.070891 0.504470
vt -0.102384 0.497031
vt -0.138342 0.494470
vt -0.175248 0.497038
vt -0.209489 0.504485
vt -0.237715 0.516081
vt -0.257158 0.530690
vt -0.265919 0.546883
vt -0.263140 0.563075
vt -0.974815 0.666821
vt -0.969978 0.657729
vt -0.717335 0.530737
vt -0.726097 0.546930
vt -0.723317 0.563122
vt -0.709268 0.577728
vt -0.685327 0.589318
vt -0.653835 0.596758
vt -0.653467 0.596784
vt -0.617876 0.599318
vt -0.580621 0.596714
vt -0.546419 0.589304
vt -0.518205 0.577708
vt -0.498763 0.563099
vt -0.490000 0.546907
vt -0.492768 0.530713
vt -0.506804 0.516108
vt -0.530733 0.504518
vt -0.562213 0.497114
vt -0.598518 0.494517
vt -0.635048 0.497059
vt -0.635426 0.497085
vt -0.669667 0.504532
vt -0.697890 0.516127
vt -0.857486 0.032528
vt 0.268003 0.032413
vt -0.030358 0.188529
vt -0.572422 0.188585
vt -0.605723 0.368881
vt -0.063659 0.368826
vt 0.204945 0.373819
vt 0.205047 0.373819
vt 0.203844 0.376900
vt 0.764936 0.376843
vt 0.765659 0.373761
vt 0.765761 0.373761
vt 0.961823 0.546758
vt 0.964603 0.562949
vt 0.978652 0.577556
vt 1.002593 0.589146
vt 1.034086 0.596585
vt 1.034361 0.596605
vt 1.070044 0.599146
vt 1.107234 0.596548
vt 1.141485 0.589132
vt 1.169709 0.577537
vt 1.189157 0.562926
vt 1.197916 0.546733
vt 1.195137 0.530543
vt 1.181087 0.515935
vt 1.157138 0.504346
vt 1.549577 0.494297
vt 1.512673 0.496866
vt 1.478431 0.504313
vt 1.450208 0.515908
vt 1.430763 0.530517
vt 1.422000 0.546711
vt 1.424780 0.562903
vt 1.438829 0.577509
vt 1.462770 0.589098
vt 1.494262 0.596538
vt 1.530222 0.599099
vt 1.567128 0.596530
vt 1.601369 0.589085
vt 1.629593 0.577490
vt 1.649038 0.562880
vt 1.657800 0.546687
vt 1.655018 0.530495
vt 1.640971 0.515888
vt 1.617029 0.504298
vt 1.585538 0.496858
vt 1.125632 0.496936
vt 1.089400 0.494345
vt 1.052777 0.496893
vt 1.052495 0.496913
vt 1.018253 0.504359
vt 0.990029 0.515955
vt 0.970585 0.530564
vt 1.109639 0.214414
vt 1.081154 0.368670
vt 1.623624 0.368654
vt 1.656925 0.188357
vt 1.114443 0.188448
vt 0.841791 0.032355
vt 1.973175 0.032239
vt 0.375000 1.000000
vt 0.375000 0.750000
vt 0.474261 0.750000
vt 0.379720 0.891808
vt 0.475399 0.891808
vt 0.475399 1.000000
vt -0.133194 -0.143497
vt 0.375381 -0.143497
vt 0.375381 0.539864
vt 0.375426 0.539864
vt 0.375425 0.546030
vt 0.624575 0.546031
vt 0.624574 0.539864
vt 0.624619 0.539864
vt 0.624619 -0.143497
vt 1.133194 -0.143497
vt 1.133194 1.126105
vt 1.133182 1.132523
vt 0.219651 0.000000
vt 1.002591 0.971034
vt 1.014184 0.947830
vt 1.021626 0.918592
vt 1.024190 0.886180
vt 1.021626 0.853768
vt 1.014183 0.824529
vt 1.002591 0.801325
vt 0.985309 0.529815
vt 0.985313 0.168931
vt 0.744404 0.168931
vt 0.744404 0.529815
vt 0.987985 0.786427
vt 0.987820 0.786375
vt 0.971793 0.781294
vt 0.955438 0.786501
vt 0.940825 0.801325
vt 0.929233 0.824529
vt 0.921791 0.853768
vt 0.919227 0.886180
vt 0.921791 0.918591
vt 0.929233 0.947830
vt 0.940825 0.971034
vt 0.809671 0.947830
vt 0.817115 0.918591
vt 0.819679 0.886180
vt 0.817114 0.853769
vt 0.809672 0.824529
vt 0.798080 0.801325
vt 0.783473 0.786428
vt 0.767282 0.781294
vt 0.751091 0.786428
vt 0.736483 0.801325
vt 0.724892 0.824529
vt 0.717450 0.853768
vt 0.714885 0.886180
vt 0.717449 0.918591
vt 0.724893 0.947830
vt 0.736485 0.971034
vt 0.264038 0.947830
vt 0.271480 0.918592
vt 0.274045 0.886180
vt 0.271480 0.853768
vt 0.264038 0.824529
vt 0.252446 0.801326
vt 0.237839 0.786427
vt 0.237716 0.786388
vt 0.221648 0.781294
vt 0.205333 0.786487
vt 0.190722 0.801325
vt 0.179131 0.824530
vt 0.171688 0.853768
vt 0.169124 0.886180
vt 0.171688 0.918591
vt 0.171707 0.918667
vt 0.059526 0.947830
vt 0.066969 0.918591
vt 0.069533 0.886180
vt 0.066968 0.853769
vt 0.059526 0.824529
vt 0.047934 0.801326
vt 0.033327 0.786427
vt 0.017136 0.781294
vt 0.000944 0.786428
vt -0.013662 0.801325
vt -0.005467 0.625271
vt -0.003077 0.625271
vt -0.005466 0.529568
vt 0.163134 0.625252
vt 0.169528 0.625208
vt 0.235437 0.625273
vt 0.235643 0.529730
vt 0.235633 0.169001
vt -0.005458 0.168931
vt -0.005459 0.529018
vt -0.005466 0.528771
vt -0.025254 0.824530
vt -0.032696 0.853769
vt -0.035261 0.886180
vt -0.032696 0.918591
vt -0.025254 0.947830
vt -0.013662 0.971034
vt 0.000945 0.985932
vt 0.017136 0.991066
vt 0.033328 0.985933
vt 0.047934 0.971034
vt 0.179130 0.947831
vt 0.190722 0.971034
vt 0.205333 0.985873
vt 0.221648 0.991066
vt 0.237715 0.985972
vt 0.237839 0.985932
vt 0.252446 0.971034
vt 0.751090 0.985932
vt 0.767282 0.991066
vt 0.783473 0.985932
vt 0.798080 0.971034
vt 0.955438 0.985859
vt 0.971793 0.991066
vt 0.987819 0.985985
vt 0.987985 0.985932
vt -0.133170 1.132531
vt 0.996287 0.990652
vt 0.625000 0.500000
vt 0.375000 0.500000
vt 0.375000 0.500172
vt 0.625000 0.750000
vt -0.977542 0.015644
vt 1.548473 0.015644
vt 1.548446 0.015644
vt 0.866600 1.000000
vt -1.112590 0.681713
vt 0.431237 -0.869005
vt 1.038037 -0.208959
vt 1.045290 -0.201070
vt 1.378659 0.130345
vt 2.023265 0.770492
vt 0.507881 2.292649
vt 0.622305 0.891819
vt 0.621241 0.891819
vt 0.623724 0.750017
vt 0.625000 0.997776
vt 0.625000 1.000000
vt 0.524601 1.000000
vt 0.524601 0.891808
vt 0.618499 0.891815
vt 0.621044 0.888564
vt 0.219651 0.250000
vt 0.340621 0.249448
vt 0.621414 0.890017
vt 0.621488 0.891815
vt 0.622118 0.750016
vt 0.372812 -0.000501
vt 0.131640 0.225737
vt 0.125000 0.250000
vt 0.125000 0.000000
vt 0.375000 0.000000
vt 0.431237 -0.869005
vt 2.053178 0.743425
vt 2.052739 0.742988
vt 2.032864 0.723230
vt 1.407421 0.101455
vt 1.074052 -0.229960
vt 0.431237 -0.869005
vt 0.375000 0.000000
vt 0.625000 0.750000
vt 0.375000 0.750000
vt -1.146806 0.716082
vt 0.482292 2.335625
vt 1.221356 1.000003
vt 0.375000 0.750000
vt 0.625000 0.750000
vt 0.625000 0.751572
vt 0.828819 0.032356
vt 0.387500 0.345049
vt 0.387500 0.312500
vt 0.400000 0.312500
vt 0.400000 0.345049
vt 0.400000 0.345049
vt 0.400000 0.312500
vt 0.412500 0.312500
vt 0.412500 0.345049
vt 0.412500 0.345049
vt 0.412500 0.312500
vt 0.425000 0.312500
vt 0.425000 0.345049
vt 0.425000 0.345049
vt 0.425000 0.312500
vt 0.437500 0.312500
vt 0.437500 0.345049
vt 0.437500 0.345049
vt 0.437500 0.312500
vt 0.450000 0.312500
vt 0.450000 0.345049
vt 0.450000 0.345049
vt 0.450000 0.312500
vt 0.462500 0.312500
vt 0.462500 0.345049
vt 0.462500 0.345049
vt 0.462500 0.312500
vt 0.475000 0.312500
vt 0.475000 0.345049
vt 0.475000 0.345049
vt 0.475000 0.312500
vt 0.487500 0.312500
vt 0.487500 0.345049
vt 0.487500 0.345049
vt 0.487500 0.312500
vt 0.500000 0.312500
vt 0.500000 0.345049
vt 0.500000 0.345049
vt 0.500000 0.312500
vt 0.512500 0.312500
vt 0.512500 0.345049
vt 0.512500 0.345049
vt 0.512500 0.312500
vt 0.525000 0.312500
vt 0.525000 0.345049
vt 0.525000 0.345049
vt 0.525000 0.312500
vt 0.537500 0.312500
vt 0.537500 0.345049
vt 0.537500 0.345049
vt 0.537500 0.312500
vt 0.550000 0.312500
vt 0.550000 0.345049
vt 0.550000 0.345049
vt 0.550000 0.312500
vt 0.562500 0.312500
vt 0.562500 0.345049
vt 0.562500 0.345049
vt 0.562500 0.312500
vt 0.575000 0.312500
vt 0.575000 0.345049
vt 0.575000 0.345049
vt 0.575000 0.312500
vt 0.587500 0.312500
vt 0.587500 0.345049
vt 0.587500 0.345049
vt 0.587500 0.312500
vt 0.600000 0.312500
vt 0.600000 0.345049
vt 0.600000 0.345049
vt 0.600000 0.312500
vt 0.612500 0.312500
vt 0.612500 0.345049
vt 0.612500 0.345049
vt 0.612500 0.312500
vt 0.625000 0.312500
vt 0.625000 0.345049
vt 0.387500 0.345049
vt 0.375000 0.345049
vt 0.375000 0.312500
vt 0.387500 0.312500
vt 0.600000 0.382868
vt 0.600000 0.505380
vt 0.612500 0.505380
vt 0.612500 0.382868
vt 0.625000 0.505380
vt 0.625000 0.382868
vt 0.375000 0.382868
vt 0.375000 0.505380
vt 0.387500 0.505380
vt 0.387500 0.382868
vt 0.400000 0.505380
vt 0.400000 0.382868
vt 0.412500 0.505380
vt 0.412500 0.382868
vt 0.412500 0.382868
vt 0.412500 0.505380
vt 0.412628 0.505380
vt 0.412628 0.382868
vt 0.412500 0.345049
vt 0.412500 0.312500
vt 0.425000 0.312500
vt 0.425000 0.345049
vt 0.425000 0.345049
vt 0.425000 0.312500
vt 0.437500 0.312500
vt 0.437500 0.345049
vt 0.437500 0.345049
vt 0.437500 0.312500
vt 0.450000 0.312500
vt 0.450000 0.345049
vt 0.462500 0.312500
vt 0.462500 0.345049
vt 0.475000 0.312500
vt 0.475000 0.345049
vt 0.487500 0.312500
vt 0.487500 0.345049
vt 0.500000 0.312500
vt 0.500000 0.345049
vt 0.512500 0.312500
vt 0.512500 0.345049
vt 0.525000 0.312500
vt 0.525000 0.345049
vt 0.537500 0.312500
vt 0.537500 0.345049
vt 0.537500 0.345049
vt 0.537500 0.312500
vt 0.550000 0.312500
vt 0.550000 0.345049
vt 0.550000 0.345049
vt 0.550000 0.312500
vt 0.562500 0.312500
vt 0.562500 0.345049
vt 0.562372 0.382868
vt 0.562372 0.505380
vt 0.562500 0.505380
vt 0.562500 0.382868
vt 0.562500 0.382868
vt 0.562500 0.505380
vt 0.575000 0.505380
vt 0.575000 0.382868
vt 0.587500 0.505380
vt 0.587500 0.382868
vt 0.375000 0.751572
vt 0.375000 0.750000
vt 0.625000 0.750000
vt 0.625000 0.751572
vt 0.873428 0.000000
vt 0.875000 0.000000
vt 0.875000 0.250000
vt 0.873428 0.250000
vt 0.625000 0.498428
vt 0.625000 0.500000
vt 0.375000 0.500000
vt 0.375000 0.498428
vt 0.126572 0.000000
vt 0.126572 0.250000
vt 0.125000 0.250000
vt 0.125000 0.000000
vt 0.875000 0.000000
vt 0.875000 0.250000
vt 0.873325 0.250000
vt 0.873324 0.247753
vt 0.625000 0.458011
vt 0.625000 0.373415
vt 0.624955 0.373415
vt 0.624955 0.458011
vt 0.375046 0.458011
vt 0.375046 0.373415
vt 0.375000 0.373415
vt 0.375000 0.458011
vt 0.612500 0.382868
vt 0.612500 0.505380
vt 0.625000 0.505380
vt 0.625000 0.382868
vt 0.375000 0.382868
vt 0.375000 0.505380
vt 0.387500 0.505380
vt 0.387500 0.382868
vt 0.400000 0.505380
vt 0.400000 0.382868
vt 0.412500 0.505380
vt 0.412500 0.382868
vt 0.412500 0.382868
vt 0.412500 0.505380
vt 0.412596 0.505380
vt 0.412596 0.382868
vt 0.412500 0.345049
vt 0.412500 0.312500
vt 0.425000 0.312500
vt 0.425000 0.345049
vt 0.425000 0.345049
vt 0.425000 0.312500
vt 0.437500 0.312500
vt 0.437500 0.345049
vt 0.437500 0.345049
vt 0.437500 0.312500
vt 0.450000 0.312500
vt 0.450000 0.345049
vt 0.462500 0.312500
vt 0.462500 0.345049
vt 0.475000 0.312500
vt 0.475000 0.345049
vt 0.487500 0.312500
vt 0.487500 0.345049
vt 0.500000 0.312500
vt 0.500000 0.345049
vt 0.512500 0.312500
vt 0.512500 0.345049
vt 0.525000 0.312500
vt 0.525000 0.345049
vt 0.550000 0.345049
vt 0.550000 0.312500
vt 0.562500 0.312500
vt 0.562500 0.345049
vt 0.562500 0.345049
vt 0.562500 0.312500
vt 0.575000 0.312500
vt 0.575000 0.345049
vt 0.575000 0.345049
vt 0.575000 0.312500
vt 0.587500 0.312500
vt 0.587500 0.345049
vt 0.587500 0.345049
vt 0.587500 0.312500
vt 0.600000 0.312500
vt 0.600000 0.345049
vt 0.600000 0.345049
vt 0.600000 0.312500
vt 0.612500 0.312500
vt 0.612500 0.345049
vt 0.612500 0.345049
vt 0.612500 0.312500
vt 0.625000 0.312500
vt 0.625000 0.345049
vt 0.375000 0.345049
vt 0.375000 0.312500
vt 0.387500 0.312500
vt 0.387500 0.345049
vt 0.387500 0.345049
vt 0.387500 0.312500
vt 0.400000 0.312500
vt 0.400000 0.345049
vt 0.400000 0.345049
vt 0.400000 0.312500
vt 0.412500 0.312500
vt 0.412500 0.345049
vt 0.412500 0.345049
vt 0.412500 0.312500
vt 0.425000 0.312500
vt 0.425000 0.345049
vt 0.425000 0.345049
vt 0.425000 0.312500
vt 0.437500 0.312500
vt 0.437500 0.345049
vt 0.437500 0.345049
vt 0.437500 0.312500
vt 0.450000 0.312500
vt 0.450000 0.345049
vt 0.450000 0.345049
vt 0.450000 0.312500
vt 0.462500 0.312500
vt 0.462500 0.345049
vt 0.462500 0.345049
vt 0.462500 0.312500
vt 0.475000 0.312500
vt 0.475000 0.345049
vt 0.475000 0.345049
vt 0.475000 0.312500
vt 0.487500 0.312500
vt 0.487500 0.345049
vt 0.487500 0.345049
vt 0.487500 0.312500
vt 0.500000 0.312500
vt 0.500000 0.345049
vt 0.500000 0.345049
vt 0.500000 0.312500
vt 0.512500 0.312500
vt 0.512500 0.345049
vt 0.512500 0.345049
vt 0.512500 0.312500
vt 0.525000 0.312500
vt 0.525000 0.345049
vt 0.525000 0.345049
vt 0.525000 0.312500
vt 0.537500 0.312500
vt 0.537500 0.345049
vt 0.550000 0.345049
vt 0.537500 0.345049
vt 0.537500 0.312500
vt 0.550000 0.312500
vt 0.537500 0.312500
vt 0.537500 0.345049
vt 0.537500 0.345049
vt 0.537500 0.312500
vt 0.550000 0.312500
vt 0.550000 0.345049
vt 0.550000 0.345049
vt 0.550000 0.312500
vt 0.562500 0.312500
vt 0.562500 0.345049
vt 0.562404 0.382868
vt 0.562404 0.505380
vt 0.562500 0.505380
vt 0.562500 0.382868
vt 0.562500 0.382868
vt 0.562500 0.505380
vt 0.575000 0.505380
vt 0.575000 0.382868
vt 0.587500 0.505380
vt 0.587500 0.382868
vt 0.600000 0.505380
vt 0.600000 0.382868
vt 0.873428 0.036035
vt 0.873428 0.000000
vt 0.875000 0.000000
vt 0.875000 0.250000
vt 0.873428 0.250000
vt 0.625000 0.498428
vt 0.625000 0.500000
vt 0.375000 0.500000
vt 0.375000 0.500000
vt 0.390342 0.515342
vt 0.390342 0.734658
vt 0.375000 0.750000
vt 0.375000 0.891847
vt 0.625000 0.891846
vt 0.625000 1.000000
vt 0.375000 0.998762
vt 0.375000 0.250000
vt 0.625000 0.250000
vt 0.625000 0.500000
vt 0.556626 0.500000
vt 0.627297 0.250000
vt 0.625000 0.250000
vt 0.625000 0.000000
vt 0.627297 0.000000
vt 0.625000 0.997703
vt 0.625000 1.000000
vt 0.375000 1.000000
vt 0.375000 0.997719
vt 0.372719 0.000000
vt 0.375000 0.249448
vt 0.370642 0.249448
vt 0.375206 0.750000
vt 0.375206 0.765889
vt 0.625000 0.765889
vt 0.625000 1.000000
vt 0.375000 1.000000
vt 0.375000 0.750000
vt 0.125000 0.002067
vt 0.125000 0.000000
vt 0.375000 0.000000
vt 0.375000 0.500000
vt 0.375000 0.747933
vt 0.549966 0.500000
vt 0.375000 0.500000
vt 0.525000 0.653376
vt 0.525000 0.687500
vt 0.512500 0.687500
vt 0.512500 0.653376
vt 0.512500 0.653376
vt 0.512500 0.687500
vt 0.500000 0.687500
vt 0.500000 0.653376
vt 0.500000 0.653376
vt 0.500000 0.687500
vt 0.487500 0.687500
vt 0.487500 0.653376
vt 0.487500 0.653376
vt 0.487500 0.687500
vt 0.475000 0.687500
vt 0.475000 0.653376
vt 0.475000 0.653376
vt 0.475000 0.687500
vt 0.462500 0.687500
vt 0.462500 0.653376
vt 0.462500 0.653376
vt 0.462500 0.687500
vt 0.450000 0.687500
vt 0.450000 0.653376
vt 0.450000 0.653376
vt 0.450000 0.687500
vt 0.437500 0.687500
vt 0.437500 0.653376
vt 0.437500 0.653376
vt 0.437500 0.687500
vt 0.425000 0.687500
vt 0.425000 0.653376
vt 0.425000 0.653376
vt 0.425000 0.687500
vt 0.412500 0.687500
vt 0.412500 0.653376
vt 0.412500 0.653376
vt 0.412500 0.687500
vt 0.400000 0.687500
vt 0.400000 0.653376
vt 0.387500 0.653376
vt 0.400000 0.653376
vt 0.400000 0.687500
vt 0.387500 0.687500
vt 0.475000 0.653969
vt 0.475000 0.687500
vt 0.462500 0.687500
vt 0.462500 0.653969
vt 0.474967 0.653969
vt 0.450000 0.687500
vt 0.450000 0.653969
vt 0.437500 0.687500
vt 0.437500 0.653969
vt 0.437500 0.653969
vt 0.437500 0.687500
vt 0.425000 0.687500
vt 0.425000 0.653969
vt 0.425000 0.653969
vt 0.425000 0.687500
vt 0.412500 0.687500
vt 0.412500 0.653969
vt 0.450000 0.653969
vt 0.450000 0.687500
vt 0.437500 0.687500
vt 0.437500 0.653969
vt 0.437500 0.653969
vt 0.437500 0.687500
vt 0.425000 0.687500
vt 0.425000 0.653969
vt 0.425000 0.653969
vt 0.425000 0.687500
vt 0.412500 0.687500
vt 0.412500 0.653969
vt 0.412500 0.653969
vt 0.412500 0.687500
vt 0.400000 0.687500
vt 0.400000 0.653969
vt 0.387500 0.653969
vt 0.400000 0.653969
vt 0.400000 0.687500
vt 0.387500 0.687500
vt 0.450000 0.653969
vt 0.450000 0.687500
vt 0.437500 0.687500
vt 0.437500 0.653969
vt 0.437500 0.653969
vt 0.437500 0.687500
vt 0.425000 0.687500
vt 0.425000 0.653969
vt 0.425000 0.653969
vt 0.425000 0.687500
vt 0.412500 0.687500
vt 0.412500 0.653969
vt 0.375000 0.000000
vt 0.375000 0.250000
vt 0.373774 0.250000
vt 0.373774 0.247751
vt 0.402361 0.529802
vt 0.597639 0.529802
vt 0.597640 0.534600
vt 0.402360 0.534599
vt 0.626226 0.247751
vt 0.626226 0.250000
vt 0.625000 0.250000
vt 0.625000 0.000000
vt 0.995208 0.979620
vt 0.996287 0.985956
vt 0.996287 -0.001923
vt 0.995208 -0.001906
vt 0.875000 0.000000
vt 0.875000 0.250000
vt 0.626808 0.250000
vt 0.625000 0.250000
vt 0.625000 0.000000
vt 0.626808 0.000000
vt 0.625000 0.998192
vt 0.625000 1.000000
vt 0.375000 1.000000
vt 0.375000 0.998192
vt 0.373192 0.000000
vt 0.375000 0.000000
vt 0.375000 0.250000
vt 0.373192 0.250000
vt 0.625000 0.251808
vt 0.375000 0.251808
vt 0.375000 0.250000
vt 0.625000 0.250000
vt 0.562500 0.653969
vt 0.562500 0.687500
vt 0.550000 0.687500
vt 0.550000 0.653969
vt 0.550000 0.653969
vt 0.550000 0.687500
vt 0.537500 0.687500
vt 0.537500 0.653969
vt 0.537500 0.653969
vt 0.537500 0.687500
vt 0.525000 0.687500
vt 0.525000 0.653969
vt 0.512500 0.687500
vt 0.512500 0.653969
vt 0.500000 0.687500
vt 0.500000 0.653969
vt 0.487500 0.687500
vt 0.487500 0.653969
vt 0.475000 0.687500
vt 0.475000 0.653969
vt 0.462500 0.687500
vt 0.462500 0.653969
vt 0.387500 0.653969
vt 0.387500 0.687500
vt 0.375000 0.687500
vt 0.375000 0.653969
vt 0.625000 0.653969
vt 0.625000 0.687500
vt 0.612500 0.687500
vt 0.612500 0.653969
vt 0.612500 0.653969
vt 0.612500 0.687500
vt 0.600000 0.687500
vt 0.600000 0.653969
vt 0.600000 0.653969
vt 0.600000 0.687500
vt 0.587500 0.687500
vt 0.587500 0.653969
vt 0.587500 0.653969
vt 0.587500 0.687500
vt 0.575000 0.687500
vt 0.575000 0.653969
vt 0.575000 0.653969
vt 0.575000 0.687500
vt 0.562500 0.687500
vt 0.562500 0.653969
vt 0.562500 0.653969
vt 0.562500 0.687500
vt 0.550000 0.687500
vt 0.550000 0.653969
vt 0.550000 0.653969
vt 0.550000 0.687500
vt 0.537500 0.687500
vt 0.537500 0.653969
vt 0.537500 0.653969
vt 0.537500 0.687500
vt 0.525000 0.687500
vt 0.525000 0.653969
vt 0.525000 0.653969
vt 0.525000 0.687500
vt 0.512500 0.687500
vt 0.512500 0.653969
vt 0.512500 0.653969
vt 0.512500 0.687500
vt 0.500000 0.687500
vt 0.500000 0.653969
vt 0.500000 0.653969
vt 0.500000 0.687500
vt 0.487500 0.687500
vt 0.487500 0.653969
vt 0.487500 0.653969
vt 0.487500 0.687500
vt 0.475000 0.687500
vt 0.475000 0.653969
vt 0.475000 0.653969
vt 0.475000 0.687500
vt 0.462500 0.687500
vt 0.462500 0.653969
vt 0.462500 0.653969
vt 0.462500 0.687500
vt 0.450000 0.687500
vt 0.450000 0.653969
vt 0.562500 0.653969
vt 0.562500 0.687500
vt 0.550000 0.687500
vt 0.550000 0.653969
vt 0.550000 0.653969
vt 0.550000 0.687500
vt 0.537500 0.687500
vt 0.537500 0.653969
vt 0.537500 0.653969
vt 0.537500 0.687500
vt 0.525000 0.687500
vt 0.525000 0.653969
vt 0.512500 0.687500
vt 0.512500 0.653969
vt 0.500000 0.687500
vt 0.500000 0.653969
vt 0.487500 0.687500
vt 0.487500 0.653969
vt 0.387500 0.653376
vt 0.387500 0.687500
vt 0.375000 0.687500
vt 0.375000 0.653376
vt 0.625000 0.653376
vt 0.625000 0.687500
vt 0.612500 0.687500
vt 0.612500 0.653376
vt 0.612500 0.653376
vt 0.612500 0.687500
vt 0.600000 0.687500
vt 0.600000 0.653376
vt 0.600000 0.653376
vt 0.600000 0.687500
vt 0.587500 0.687500
vt 0.587500 0.653376
vt 0.587500 0.653376
vt 0.587500 0.687500
vt 0.575000 0.687500
vt 0.575000 0.653376
vt 0.575000 0.653376
vt 0.575000 0.687500
vt 0.562500 0.687500
vt 0.562500 0.653376
vt 0.562500 0.653376
vt 0.562500 0.687500
vt 0.550000 0.687500
vt 0.550000 0.653376
vt 0.550000 0.653376
vt 0.550000 0.687500
vt 0.537500 0.687500
vt 0.537500 0.653376
vt 0.537500 0.653376
vt 0.537500 0.687500
vt 0.525000 0.687500
vt 0.525000 0.653376
vt 0.375000 0.500000
vt 0.377480 0.500000
vt 0.375000 0.747933
vt 0.625000 0.750000
vt 0.375000 0.750000
vt 0.504509 0.611565
vt 0.520750 0.609702
vt 0.535401 0.604292
vt 0.547029 0.595868
vt 0.554494 0.585252
vt 0.557066 0.573484
vt 0.554494 0.561716
vt 0.547029 0.551100
vt 0.535401 0.542675
vt 0.520750 0.537266
vt 0.504509 0.535402
vt 0.488268 0.537266
vt 0.473617 0.542675
vt 0.461990 0.551100
vt 0.454525 0.561716
vt 0.451952 0.573484
vt 0.454525 0.585252
vt 0.461990 0.595868
vt 0.473617 0.604292
vt 0.488268 0.609702
vt 0.375000 0.500000
vt 0.625000 0.500000
vt 0.126572 0.000000
vt 0.609658 0.734658
vt 0.609658 0.515342
vt 0.625000 0.500000
vt 0.625000 0.750000
vt 0.626409 0.064408
vt 0.601236 0.082698
vt 0.573552 0.055015
vt 0.591842 0.029841
vt 0.538669 0.037241
vt 0.548284 0.007647
vt 0.538669 0.037241
vt 0.500000 0.031116
vt 0.500000 -0.000000
vt 0.461331 0.037241
vt 0.451716 0.007647
vt 0.461331 0.037241
vt 0.426448 0.055015
vt 0.408159 0.029841
vt 0.398764 0.082698
vt 0.373591 0.064409
vt 0.398764 0.082698
vt 0.380991 0.117582
vt 0.351397 0.107966
vt 0.380991 0.117582
vt 0.374866 0.156250
vt 0.343750 0.156250
vt 0.380991 0.194918
vt 0.351397 0.204534
vt 0.380991 0.194918
vt 0.398764 0.229802
vt 0.373591 0.248091
vt 0.398764 0.229802
vt 0.426448 0.257485
vt 0.408159 0.282659
vt 0.461332 0.275259
vt 0.451716 0.304853
vt 0.461331 0.275259
vt 0.500000 0.281384
vt 0.500000 0.312500
vt 0.538668 0.275259
vt 0.548284 0.304853
vt 0.538668 0.275259
vt 0.573552 0.257485
vt 0.591841 0.282659
vt 0.601235 0.229802
vt 0.626409 0.248091
vt 0.601235 0.229802
vt 0.619009 0.194918
vt 0.648603 0.204534
vt 0.619009 0.194918
vt 0.625134 0.156250
vt 0.656250 0.156250
vt 0.619009 0.117582
vt 0.648603 0.107966
vt 0.619009 0.117582
vt 0.601236 0.082698
vt 0.412500 0.345049
vt 0.412500 0.653969
vt 0.412500 0.687500
vt 0.400000 0.687500
vt 0.400000 0.312500
vt 0.412500 0.312500
vt 0.548284 0.007647
vt 0.538669 0.037241
vt 0.500000 0.031116
vt 0.500000 -0.000000
vt 0.461331 0.037241
vt 0.451716 0.007647
vt 0.461331 0.037241
vt 0.426448 0.055015
vt 0.408159 0.029841
vt 0.398764 0.082698
vt 0.373591 0.064409
vt 0.398764 0.082698
vt 0.380991 0.117582
vt 0.351397 0.107966
vt 0.380991 0.117582
vt 0.374866 0.156250
vt 0.343750 0.156250
vt 0.380991 0.194918
vt 0.351397 0.204534
vt 0.380991 0.194918
vt 0.398764 0.229802
vt 0.373591 0.248091
vt 0.398764 0.229802
vt 0.426448 0.257485
vt 0.408159 0.282659
vt 0.461332 0.275259
vt 0.451716 0.304853
vt 0.461331 0.275259
vt 0.500000 0.281384
vt 0.500000 0.312500
vt 0.538668 0.275259
vt 0.548284 0.304853
vt 0.562500 0.345049
vt 0.562500 0.312500
vt 0.575000 0.312500
vt 0.575000 0.687500
vt 0.562500 0.687500
vt 0.562500 0.653969
vt 0.375000 0.750000
vt 0.375000 0.500000
vt 0.625000 0.500000
vt 0.625000 0.750000
vt 0.390342 0.734658
vt 0.609658 0.734658
vt 0.609658 0.515342
vt 0.390342 0.515342
vt 0.375000 0.498324
vt 0.625000 0.498324
vt 0.126676 0.247753
vt 0.126676 0.250000
vt 0.125000 0.250000
vt 0.125000 0.000000
vt 0.412500 0.345049
vt 0.412500 0.653969
vt 0.412500 0.687500
vt 0.400000 0.687500
vt 0.400000 0.312500
vt 0.412500 0.312500
vt 0.548284 0.007647
vt 0.538669 0.037241
vt 0.500000 0.031116
vt 0.500000 -0.000000
vt 0.461331 0.037241
vt 0.451716 0.007647
vt 0.461331 0.037241
vt 0.426448 0.055015
vt 0.408159 0.029841
vt 0.398764 0.082698
vt 0.373591 0.064409
vt 0.398764 0.082698
vt 0.380991 0.117582
vt 0.351397 0.107966
vt 0.380991 0.117582
vt 0.374866 0.156250
vt 0.343750 0.156250
vt 0.380991 0.194918
vt 0.351397 0.204534
vt 0.380991 0.194918
vt 0.398764 0.229802
vt 0.373591 0.248091
vt 0.398764 0.229802
vt 0.426448 0.257485
vt 0.408159 0.282659
vt 0.500000 0.312500
vt 0.500000 0.281384
vt 0.538668 0.275259
vt 0.548284 0.304853
vt 0.538668 0.275259
vt 0.573552 0.257485
vt 0.591841 0.282659
vt 0.601235 0.229802
vt 0.626409 0.248091
vt 0.601235 0.229802
vt 0.619009 0.194918
vt 0.648603 0.204534
vt 0.619009 0.194918
vt 0.625134 0.156250
vt 0.656250 0.156250
vt 0.619009 0.117582
vt 0.648603 0.107966
vt 0.619009 0.117582
vt 0.601236 0.082698
vt 0.626409 0.064408
vt 0.601236 0.082698
vt 0.573552 0.055015
vt 0.591842 0.029841
vt 0.538669 0.037241
vt 0.548284 0.007647
vt 0.538669 0.037241
vt 0.500000 0.031116
vt 0.500000 -0.000000
vt 0.461331 0.037241
vt 0.451716 0.007647
vt 0.461331 0.037241
vt 0.426448 0.055015
vt 0.408159 0.029841
vt 0.398764 0.082698
vt 0.373591 0.064409
vt 0.398764 0.082698
vt 0.380991 0.117582
vt 0.351397 0.107966
vt 0.380991 0.117582
vt 0.374866 0.156250
vt 0.343750 0.156250
vt 0.380991 0.194918
vt 0.351397 0.204534
vt 0.380991 0.194918
vt 0.398764 0.229802
vt 0.373591 0.248091
vt 0.398764 0.229802
vt 0.426448 0.257485
vt 0.408159 0.282659
vt 0.461332 0.275259
vt 0.451716 0.304853
vt 0.461331 0.275259
vt 0.461332 0.275259
vt 0.451716 0.304853
vt 0.461331 0.275259
vt 0.500000 0.281384
vt 0.500000 0.312500
vt 0.562500 0.345049
vt 0.562500 0.312500
vt 0.575000 0.312500
vt 0.575000 0.687500
vt 0.562500 0.687500
vt 0.562500 0.653969
vt 0.538668 0.275259
vt 0.548284 0.304853
vt 0.173809 0.250000
vt 0.260508 0.250000
vt 0.260508 0.000000
vt 0.173809 0.000000
vt 0.375000 0.000000
vt 0.625000 0.000000
vt 0.504509 0.138435
vt 0.488268 0.140298
vt 0.473617 0.145708
vt 0.461990 0.154132
vt 0.454525 0.164748
vt 0.451952 0.176516
vt 0.454525 0.188284
vt 0.461990 0.198900
vt 0.473617 0.207325
vt 0.488268 0.212734
vt 0.504509 0.214598
vt 0.520750 0.212734
vt 0.535401 0.207325
vt 0.547029 0.198900
vt 0.554494 0.188284
vt 0.557066 0.176516
vt 0.554494 0.164748
vt 0.547029 0.154132
vt 0.535401 0.145708
vt 0.520750 0.140298
vt 0.625000 0.250000
vt 0.375000 0.250000
vt 0.375000 0.000000
vt 0.625000 0.000000
vt 0.875000 0.250000
vt 0.625000 0.250000
vt 0.625000 0.000000
vt 0.859111 0.000000
vt 0.859111 0.002067
vt 0.875000 0.002067
vt 0.875000 0.002981
vt 0.624794 0.250000
vt 0.624794 0.249448
vt 0.375000 0.000000
vt 0.390342 0.015342
vt 0.390342 0.234658
vt 0.609658 0.234658
vt 0.609658 0.015342
vt 0.625000 0.252297
vt 0.624810 0.253185
vt 0.624794 0.250000
vt 0.625000 0.250000
vt 0.125000 0.250000
vt 0.375000 0.250000
vt 0.408159 0.717341
vt 0.426448 0.742515
vt 0.398764 0.770198
vt 0.373591 0.751909
vt 0.398764 0.770198
vt 0.380991 0.805082
vt 0.351397 0.795466
vt 0.380991 0.805081
vt 0.374866 0.843750
vt 0.343750 0.843750
vt 0.380991 0.882418
vt 0.351397 0.892034
vt 0.380991 0.882419
vt 0.398764 0.917302
vt 0.373591 0.935591
vt 0.398764 0.917302
vt 0.426448 0.944985
vt 0.408159 0.970159
vt 0.461332 0.962759
vt 0.451716 0.992353
vt 0.461331 0.962759
vt 0.500000 0.968884
vt 0.500000 1.000000
vt 0.538668 0.962759
vt 0.548284 0.992353
vt 0.538668 0.962759
vt 0.573552 0.944985
vt 0.591841 0.970159
vt 0.601236 0.917302
vt 0.626409 0.935591
vt 0.351397 0.892034
vt 0.380991 0.882419
vt 0.398764 0.917302
vt 0.373591 0.935591
vt 0.398764 0.917302
vt 0.426448 0.944985
vt 0.408159 0.970159
vt 0.461332 0.962759
vt 0.451716 0.992353
vt 0.461331 0.962759
vt 0.500000 0.968884
vt 0.500000 1.000000
vt 0.538668 0.962759
vt 0.548284 0.992353
vt 0.408159 0.970159
vt 0.426448 0.944985
vt 0.461332 0.962759
vt 0.451716 0.992353
vt 0.461331 0.962759
vt 0.500000 0.968884
vt 0.500000 1.000000
vt 0.538668 0.962759
vt 0.548284 0.992353
vt 0.538668 0.962759
vt 0.573552 0.944985
vt 0.591841 0.970159
vt 0.601236 0.917302
vt 0.626409 0.935591
vt 0.408159 0.970159
vt 0.426448 0.944985
vt 0.461332 0.962759
vt 0.451716 0.992353
vt 0.461331 0.962759
vt 0.500000 0.968884
vt 0.500000 1.000000
vt 0.538668 0.962759
vt 0.548284 0.992353
vt 0.625000 0.251226
vt 0.375000 0.251226
vt 0.625000 0.250000
vt 0.375000 0.250000
vt 0.375000 0.000000
vt 0.390342 0.015342
vt 0.390342 0.234658
vt 0.609658 0.234658
vt 0.609658 0.015342
vt 0.625000 0.000000
vt 0.548284 0.695147
vt 0.538669 0.724741
vt 0.500000 0.718616
vt 0.500000 0.687500
vt 0.461331 0.724741
vt 0.451716 0.695147
vt 0.461331 0.724741
vt 0.426448 0.742515
vt 0.408159 0.717341
vt 0.398764 0.770198
vt 0.373591 0.751909
vt 0.398764 0.770198
vt 0.380991 0.805082
vt 0.351397 0.795466
vt 0.380991 0.805081
vt 0.374866 0.843750
vt 0.343750 0.843750
vt 0.380991 0.882418
vt 0.351397 0.892034
vt 0.380991 0.882419
vt 0.398764 0.917302
vt 0.373591 0.935591
vt 0.398764 0.917302
vt 0.601236 0.917302
vt 0.619009 0.882419
vt 0.648603 0.892034
vt 0.619009 0.882418
vt 0.625134 0.843750
vt 0.656250 0.843750
vt 0.619009 0.805081
vt 0.648603 0.795466
vt 0.619009 0.805082
vt 0.601235 0.770198
vt 0.626409 0.751908
vt 0.601235 0.770198
vt 0.573552 0.742515
vt 0.591842 0.717341
vt 0.538669 0.724741
vt 0.548284 0.695147
vt 0.538669 0.724741
vt 0.500000 0.718616
vt 0.500000 0.687500
vt 0.461331 0.724741
vt 0.451716 0.695147
vt 0.461331 0.724741
vt 0.426448 0.742515
vt 0.408159 0.717341
vt 0.398764 0.770198
vt 0.373591 0.751909
vt 0.398764 0.770198
vt 0.380991 0.805082
vt 0.351397 0.795466
vt 0.380991 0.805081
vt 0.374866 0.843750
vt 0.343750 0.843750
vt 0.380991 0.882418
vt 0.351397 0.892034
vt 0.380991 0.882419
vt 0.398764 0.917302
vt 0.373591 0.935591
vt 0.398764 0.917302
vt 0.548284 0.695147
vt 0.538669 0.724741
vt 0.500000 0.718616
vt 0.500000 0.687500
vt 0.461331 0.724741
vt 0.451716 0.695147
vt 0.461331 0.724741
vt 0.426448 0.742515
vt 0.408159 0.717341
vt 0.398764 0.770198
vt 0.373591 0.751909
vt 0.398764 0.770198
vt 0.380991 0.805082
vt 0.351397 0.795466
vt 0.380991 0.805081
vt 0.374866 0.843750
vt 0.343750 0.843750
vt 0.380991 0.882418
vt 0.601236 0.917302
vt 0.619009 0.882419
vt 0.648603 0.892034
vt 0.619009 0.882418
vt 0.625134 0.843750
vt 0.656250 0.843750
vt 0.619009 0.805081
vt 0.648603 0.795466
vt 0.619009 0.805082
vt 0.601235 0.770198
vt 0.626409 0.751908
vt 0.601235 0.770198
vt 0.573552 0.742515
vt 0.591842 0.717341
vt 0.538669 0.724741
vt 0.548284 0.695147
vt 0.538669 0.724741
vt 0.500000 0.718616
vt 0.500000 0.687500
vt 0.461331 0.724741
vt 0.451716 0.695147
vt 0.461331 0.724741
vt 0.550000 0.349173
vt 0.550000 0.312500
vt 0.562500 0.312500
vt 0.562500 0.349173
vt 0.562500 0.349173
vt 0.562500 0.312500
vt 0.575000 0.312500
vt 0.575000 0.349173
vt 0.575000 0.349173
vt 0.575000 0.312500
vt 0.587500 0.312500
vt 0.587500 0.349173
vt 0.587500 0.349173
vt 0.587500 0.312500
vt 0.600000 0.312500
vt 0.600000 0.349173
vt 0.600000 0.349173
vt 0.600000 0.312500
vt 0.612500 0.312500
vt 0.612500 0.349173
vt 0.612500 0.349173
vt 0.612500 0.312500
vt 0.625000 0.312500
vt 0.625000 0.349173
vt 0.375000 0.349173
vt 0.375000 0.312500
vt 0.387500 0.312500
vt 0.387500 0.349173
vt 0.387500 0.349173
vt 0.387500 0.312500
vt 0.400000 0.312500
vt 0.400000 0.349173
vt 0.400000 0.349173
vt 0.400000 0.312500
vt 0.412500 0.312500
vt 0.412500 0.349173
vt 0.412500 0.349173
vt 0.412500 0.312500
vt 0.425000 0.312500
vt 0.425000 0.349173
vt 0.425000 0.349173
vt 0.425000 0.312500
vt 0.437500 0.312500
vt 0.437500 0.349173
vt 0.437500 0.349173
vt 0.437500 0.312500
vt 0.450000 0.312500
vt 0.450000 0.349173
vt 0.450000 0.349173
vt 0.450000 0.312500
vt 0.462500 0.312500
vt 0.462500 0.349173
vt 0.462500 0.349173
vt 0.462500 0.312500
vt 0.475000 0.312500
vt 0.475000 0.349173
vt 0.475000 0.349173
vt 0.475000 0.312500
vt 0.487500 0.312500
vt 0.487500 0.349173
vt 0.487500 0.349173
vt 0.487500 0.312500
vt 0.500000 0.312500
vt 0.500000 0.349173
vt 0.500000 0.349173
vt 0.500000 0.312500
vt 0.512500 0.312500
vt 0.512500 0.349173
vt 0.512500 0.349173
vt 0.512500 0.312500
vt 0.525000 0.312500
vt 0.525000 0.349173
vt 0.525000 0.349173
vt 0.525000 0.312500
vt 0.537500 0.312500
vt 0.537500 0.349173
vt 0.550000 0.349173
vt 0.537500 0.349173
vt 0.537500 0.312500
vt 0.550000 0.312500
vt 0.826191 0.000000
vt 0.739492 0.000000
vt 0.739492 0.250000
vt 0.826191 0.250000
vt 0.375000 0.451191
vt 0.625000 0.451191
vt 0.625000 0.364492
vt 0.375000 0.364492
vt 0.400000 0.365463
vt 0.387500 0.365463
vt 0.387500 0.637828
vt 0.400000 0.637828
vt 0.412500 0.637828
vt 0.412500 0.365463
vt 0.412500 0.365463
vt 0.412500 0.637828
vt 0.425000 0.637828
vt 0.425000 0.365463
vt 0.437500 0.637828
vt 0.437500 0.365463
vt 0.437500 0.365463
vt 0.437500 0.637828
vt 0.450000 0.637828
vt 0.450000 0.365463
vt 0.462500 0.637828
vt 0.462500 0.365463
vt 0.462500 0.365463
vt 0.462500 0.637828
vt 0.475000 0.637828
vt 0.475000 0.365463
vt 0.475000 0.365463
vt 0.475000 0.637828
vt 0.487500 0.637828
vt 0.487500 0.365463
vt 0.500000 0.637828
vt 0.500000 0.365463
vt 0.500000 0.365463
vt 0.500000 0.637828
vt 0.512500 0.637828
vt 0.512500 0.365463
vt 0.512500 0.365463
vt 0.512500 0.637828
vt 0.525000 0.637828
vt 0.525000 0.365463
vt 0.537500 0.637828
vt 0.537500 0.365463
vt 0.537500 0.365463
vt 0.537500 0.637828
vt 0.550000 0.637828
vt 0.550000 0.365463
vt 0.562500 0.637828
vt 0.562500 0.365463
vt 0.562500 0.365463
vt 0.562500 0.637828
vt 0.575000 0.637828
vt 0.575000 0.365463
vt 0.587500 0.637828
vt 0.587500 0.365463
vt 0.587500 0.365463
vt 0.587500 0.637828
vt 0.600000 0.637828
vt 0.600000 0.365463
vt 0.600000 0.365463
vt 0.600000 0.637828
vt 0.612500 0.637828
vt 0.612500 0.365463
vt 0.625000 0.637828
vt 0.625000 0.365463
vt 0.387500 0.365463
vt 0.375000 0.365463
vt 0.375000 0.637828
vt 0.387500 0.637828
vt 0.538668 0.962759
vt 0.573552 0.944985
vt 0.591841 0.970159
vt 0.387500 0.687500
vt 0.387500 0.312500
vt 0.591842 0.029841
vt 0.573552 0.055015
vt 0.538669 0.037241
vt 0.425000 0.365463
vt 0.412500 0.365463
vt 0.412500 0.637828
vt 0.425000 0.637828
vt 0.437500 0.637828
vt 0.437500 0.365463
vt 0.437500 0.365463
vt 0.437500 0.637828
vt 0.450000 0.637828
vt 0.450000 0.365463
vt 0.462500 0.637828
vt 0.462500 0.365463
vt 0.462500 0.365463
vt 0.462500 0.637828
vt 0.475000 0.637828
vt 0.475000 0.365463
vt 0.475000 0.365463
vt 0.475000 0.637828
vt 0.487500 0.637828
vt 0.487500 0.365463
vt 0.500000 0.637828
vt 0.500000 0.365463
vt 0.500000 0.365463
vt 0.500000 0.637828
vt 0.512500 0.637828
vt 0.512500 0.365463
vt 0.512500 0.365463
vt 0.512500 0.637828
vt 0.525000 0.637828
vt 0.525000 0.365463
vt 0.537500 0.637828
vt 0.537500 0.365463
vt 0.537500 0.365463
vt 0.537500 0.637828
vt 0.550000 0.637828
vt 0.550000 0.365463
vt 0.562500 0.637828
vt 0.562500 0.365463
vt 0.538668 0.275259
vt 0.573552 0.257485
vt 0.591841 0.282659
vt 0.587500 0.312500
vt 0.587500 0.687500
vt 0.591842 0.717341
vt 0.573552 0.742515
vt 0.538669 0.724741
vt 0.375000 0.798809
vt 0.375000 0.885508
vt 0.625000 0.885508
vt 0.625000 0.798809
vt 0.826191 0.000000
vt 0.739492 0.000000
vt 0.739492 0.250000
vt 0.826191 0.250000
vt 0.625000 0.451191
vt 0.625000 0.364492
vt 0.375000 0.364492
vt 0.375000 0.451191
vt 0.173809 0.000000
vt 0.173809 0.250000
vt 0.260508 0.250000
vt 0.260508 0.000000
vt 0.538668 0.962759
vt 0.573552 0.944985
vt 0.591841 0.970159
vt 0.387500 0.687500
vt 0.387500 0.312500
vt 0.591842 0.029841
vt 0.573552 0.055015
vt 0.538669 0.037241
vt 0.425000 0.365463
vt 0.412500 0.365463
vt 0.412500 0.637828
vt 0.425000 0.637828
vt 0.437500 0.637828
vt 0.437500 0.365463
vt 0.437500 0.365463
vt 0.437500 0.637828
vt 0.450000 0.637828
vt 0.450000 0.365463
vt 0.462500 0.637828
vt 0.462500 0.365463
vt 0.462500 0.365463
vt 0.462500 0.637828
vt 0.475000 0.637828
vt 0.475000 0.365463
vt 0.475000 0.365463
vt 0.475000 0.637828
vt 0.487500 0.637828
vt 0.487500 0.365463
vt 0.500000 0.637828
vt 0.500000 0.365463
vt 0.500000 0.365463
vt 0.500000 0.637828
vt 0.512500 0.637828
vt 0.512500 0.365463
vt 0.512500 0.365463
vt 0.512500 0.637828
vt 0.525000 0.637828
vt 0.525000 0.365463
vt 0.550000 0.365463
vt 0.550000 0.637828
vt 0.562500 0.637828
vt 0.562500 0.365463
vt 0.562500 0.365463
vt 0.562500 0.637828
vt 0.575000 0.637828
vt 0.575000 0.365463
vt 0.587500 0.637828
vt 0.587500 0.365463
vt 0.587500 0.365463
vt 0.587500 0.637828
vt 0.600000 0.637828
vt 0.600000 0.365463
vt 0.600000 0.365463
vt 0.600000 0.637828
vt 0.612500 0.637828
vt 0.612500 0.365463
vt 0.625000 0.637828
vt 0.625000 0.365463
vt 0.375000 0.365463
vt 0.375000 0.637828
vt 0.387500 0.637828
vt 0.387500 0.365463
vt 0.387500 0.365463
vt 0.387500 0.637828
vt 0.400000 0.637828
vt 0.400000 0.365463
vt 0.412500 0.637828
vt 0.412500 0.365463
vt 0.412500 0.365463
vt 0.412500 0.637828
vt 0.425000 0.637828
vt 0.425000 0.365463
vt 0.437500 0.637828
vt 0.437500 0.365463
vt 0.437500 0.365463
vt 0.437500 0.637828
vt 0.450000 0.637828
vt 0.450000 0.365463
vt 0.462500 0.637828
vt 0.462500 0.365463
vt 0.462500 0.365463
vt 0.462500 0.637828
vt 0.475000 0.637828
vt 0.475000 0.365463
vt 0.475000 0.365463
vt 0.475000 0.637828
vt 0.487500 0.637828
vt 0.487500 0.365463
vt 0.500000 0.637828
vt 0.500000 0.365463
vt 0.500000 0.365463
vt 0.500000 0.637828
vt 0.512500 0.637828
vt 0.512500 0.365463
vt 0.512500 0.365463
vt 0.512500 0.637828
vt 0.525000 0.637828
vt 0.525000 0.365463
vt 0.537500 0.637828
vt 0.537500 0.365463
vt 0.537500 0.365463
vt 0.537500 0.637828
vt 0.537500 0.637828
vt 0.537500 0.365463
vt 0.537500 0.365463
vt 0.537500 0.637828
vt 0.550000 0.637828
vt 0.550000 0.365463
vt 0.538668 0.275259
vt 0.573552 0.257485
vt 0.591841 0.282659
vt 0.587500 0.312500
vt 0.587500 0.687500
vt 0.591842 0.717341
vt 0.573552 0.742515
vt 0.538669 0.724741
vt 0.562500 0.637828
vt 0.562500 0.365463
vt 0.375000 0.798809
vt 0.375000 0.885508
vt 0.625000 0.885508
vt 0.625000 0.798809
vt 0.550000 0.661102
vt 0.562500 0.661102
vt 0.562500 0.687500
vt 0.550000 0.687500
vt 0.550000 0.661102
vt 0.550000 0.687500
vt 0.537500 0.687500
vt 0.537500 0.661102
vt 0.537500 0.661102
vt 0.537500 0.687500
vt 0.525000 0.687500
vt 0.525000 0.661102
vt 0.525000 0.661102
vt 0.525000 0.687500
vt 0.512500 0.687500
vt 0.512500 0.661102
vt 0.512500 0.661102
vt 0.512500 0.687500
vt 0.500000 0.687500
vt 0.500000 0.661102
vt 0.500000 0.661102
vt 0.500000 0.687500
vt 0.487500 0.687500
vt 0.487500 0.661102
vt 0.487500 0.661102
vt 0.487500 0.687500
vt 0.475000 0.687500
vt 0.475000 0.661102
vt 0.475000 0.661102
vt 0.475000 0.687500
vt 0.462500 0.687500
vt 0.462500 0.661102
vt 0.462500 0.661102
vt 0.462500 0.687500
vt 0.450000 0.687500
vt 0.450000 0.661102
vt 0.450000 0.661102
vt 0.450000 0.687500
vt 0.437500 0.687500
vt 0.437500 0.661102
vt 0.437500 0.661102
vt 0.437500 0.687500
vt 0.425000 0.687500
vt 0.425000 0.661102
vt 0.425000 0.661102
vt 0.425000 0.687500
vt 0.412500 0.687500
vt 0.412500 0.661102
vt 0.412500 0.661102
vt 0.412500 0.687500
vt 0.400000 0.687500
vt 0.400000 0.661102
vt 0.400000 0.661102
vt 0.400000 0.687500
vt 0.387500 0.687500
vt 0.387500 0.661102
vt 0.387500 0.661102
vt 0.387500 0.687500
vt 0.375000 0.687500
vt 0.375000 0.661102
vt 0.625000 0.661102
vt 0.625000 0.687500
vt 0.612500 0.687500
vt 0.612500 0.661102
vt 0.612500 0.661102
vt 0.612500 0.687500
vt 0.600000 0.687500
vt 0.600000 0.661102
vt 0.600000 0.661102
vt 0.600000 0.687500
vt 0.587500 0.687500
vt 0.587500 0.661102
vt 0.587500 0.661102
vt 0.587500 0.687500
vt 0.575000 0.687500
vt 0.575000 0.661102
vt 0.575000 0.661102
vt 0.575000 0.687500
vt 0.562500 0.687500
vt 0.562500 0.661102
vt 0.625000 0.747933
vt 0.571230 0.553369
vt 0.571355 0.553246
vt 0.577258 0.547386
vt 0.625000 0.747019
vt 0.240999 0.596258
vt 0.252031 0.580229
vt 0.292655 0.521977
vt 0.292801 0.521916
vt 0.292640 0.522067
vt 0.256584 0.582026
vt 0.252125 0.580266
vt 0.500000 0.312500
vt 0.500000 0.281384
vt 0.538668 0.275259
vt 0.548284 0.304853
vt 0.538668 0.275259
vt 0.573552 0.257485
vt 0.591841 0.282659
vt 0.601235 0.229802
vt 0.626409 0.248091
vt 0.601235 0.229802
vt 0.619009 0.194918
vt 0.648603 0.204534
vt 0.619009 0.194918
vt 0.625134 0.156250
vt 0.656250 0.156250
vt 0.619009 0.117582
vt 0.648603 0.107966
vt 0.619009 0.117582
vt 0.601236 0.082698
vt 0.626409 0.064408
vt 0.601236 0.082698
vt 0.573552 0.055015
vt 0.591842 0.029841
vt 0.538669 0.037241
vt 0.548284 0.007647
vt 0.538669 0.037241
vt 0.500000 0.031116
vt 0.500000 -0.000000
vt 0.461331 0.037241
vt 0.451716 0.007647
vt 0.461331 0.037241
vt 0.426448 0.055015
vt 0.408159 0.029841
vt 0.398764 0.082698
vt 0.373591 0.064409
vt 0.398764 0.082698
vt 0.380991 0.117582
vt 0.351397 0.107966
vt 0.380991 0.117582
vt 0.374866 0.156250
vt 0.343750 0.156250
vt 0.380991 0.194918
vt 0.351397 0.204534
vt 0.380991 0.194918
vt 0.398764 0.229802
vt 0.373591 0.248091
vt 0.398764 0.229802
vt 0.426448 0.257485
vt 0.408159 0.282659
vt 0.461332 0.275259
vt 0.451716 0.304853
vt 0.461331 0.275259
vt 0.412500 0.365463
vt 0.400000 0.365463
vt 0.400000 0.637828
vt 0.412500 0.637828
vt 0.601236 0.917302
vt 0.626409 0.935591
vt 0.375000 0.687500
vt 0.375000 0.312500
vt 0.626409 0.064408
vt 0.601236 0.082698
vt 0.562500 0.365463
vt 0.562500 0.637828
vt 0.575000 0.637828
vt 0.575000 0.365463
vt 0.601235 0.229802
vt 0.626409 0.248091
vt 0.600000 0.312500
vt 0.600000 0.687500
vt 0.626409 0.751908
vt 0.601235 0.770198
vt 0.412500 0.365463
vt 0.400000 0.365463
vt 0.400000 0.637828
vt 0.412500 0.637828
vt 0.601236 0.917302
vt 0.626409 0.935591
vt 0.375000 0.687500
vt 0.375000 0.312500
vt 0.626409 0.064408
vt 0.601236 0.082698
vt 0.562500 0.365463
vt 0.562500 0.637828
vt 0.575000 0.637828
vt 0.575000 0.365463
vt 0.601235 0.229802
vt 0.626409 0.248091
vt 0.600000 0.312500
vt 0.600000 0.687500
vt 0.626409 0.751908
vt 0.601235 0.770198
vt 0.548284 0.695147
vt 0.538669 0.724741
vt 0.500000 0.718616
vt 0.500000 0.687500
vt 0.461331 0.724741
vt 0.451716 0.695147
vt 0.461331 0.724741
vt 0.426448 0.742515
vt 0.408159 0.717341
vt 0.398764 0.770198
vt 0.373591 0.751909
vt 0.398764 0.770198
vt 0.380991 0.805082
vt 0.351397 0.795466
vt 0.380991 0.805081
vt 0.374866 0.843750
vt 0.343750 0.843750
vt 0.380991 0.882418
vt 0.351397 0.892034
vt 0.380991 0.882419
vt 0.398764 0.917302
vt 0.373591 0.935591
vt 0.398764 0.917302
vt 0.426448 0.944985
vt 0.408159 0.970159
vt 0.461332 0.962759
vt 0.451716 0.992353
vt 0.461331 0.962759
vt 0.500000 0.968884
vt 0.500000 1.000000
vt 0.538668 0.962759
vt 0.548284 0.992353
vt 0.538668 0.962759
vt 0.573552 0.944985
vt 0.591841 0.970159
vt 0.601236 0.917302
vt 0.626409 0.935591
vt 0.601236 0.917302
vt 0.619009 0.882419
vt 0.648603 0.892034
vt 0.619009 0.882418
vt 0.625134 0.843750
vt 0.656250 0.843750
vt 0.619009 0.805081
vt 0.648603 0.795466
vt 0.619009 0.805082
vt 0.601235 0.770198
vt 0.626409 0.751908
vt 0.601235 0.770198
vt 0.573552 0.742515
vt 0.591842 0.717341
vt 0.538669 0.724741
vt 0.550000 0.365463
vt 0.550000 0.637828
vt 0.562500 0.637828
vt 0.562500 0.365463
vt 0.562500 0.365463
vt 0.562500 0.637828
vt 0.575000 0.637828
vt 0.575000 0.365463
vt 0.587500 0.637828
vt 0.587500 0.365463
vt 0.587500 0.365463
vt 0.587500 0.637828
vt 0.600000 0.637828
vt 0.600000 0.365463
vt 0.600000 0.365463
vt 0.600000 0.637828
vt 0.612500 0.637828
vt 0.612500 0.365463
vt 0.625000 0.637828
vt 0.625000 0.365463
vt 0.375000 0.365463
vt 0.375000 0.637828
vt 0.387500 0.637828
vt 0.387500 0.365463
vt 0.387500 0.365463
vt 0.387500 0.637828
vt 0.400000 0.637828
vt 0.400000 0.365463
vt 0.412500 0.637828
vt 0.412500 0.365463
vt 0.412500 0.365463
vt 0.412500 0.637828
vt 0.425000 0.637828
vt 0.425000 0.365463
vt 0.437500 0.637828
vt 0.437500 0.365463
vt 0.437500 0.365463
vt 0.437500 0.637828
vt 0.450000 0.637828
vt 0.450000 0.365463
vt 0.462500 0.637828
vt 0.462500 0.365463
vt 0.462500 0.365463
vt 0.462500 0.637828
vt 0.475000 0.637828
vt 0.475000 0.365463
vt 0.475000 0.365463
vt 0.475000 0.637828
vt 0.487500 0.637828
vt 0.487500 0.365463
vt 0.500000 0.637828
vt 0.500000 0.365463
vt 0.500000 0.365463
vt 0.500000 0.637828
vt 0.512500 0.637828
vt 0.512500 0.365463
vt 0.512500 0.365463
vt 0.512500 0.637828
vt 0.525000 0.637828
vt 0.525000 0.365463
vt 0.537500 0.637828
vt 0.537500 0.365463
vt 0.537500 0.365463
vt 0.537500 0.637828
vt 0.387500 0.365463
vt 0.387500 0.637828
vt 0.601236 0.917302
vt 0.619009 0.882419
vt 0.648603 0.892034
vt 0.625000 0.687500
vt 0.612500 0.687500
vt 0.612500 0.312500
vt 0.625000 0.312500
vt 0.648603 0.107966
vt 0.619009 0.117582
vt 0.601236 0.082698
vt 0.587500 0.637828
vt 0.587500 0.365463
vt 0.601235 0.229802
vt 0.619009 0.194918
vt 0.648603 0.204534
vt 0.648603 0.795466
vt 0.619009 0.805082
vt 0.601235 0.770198
vt 0.387500 0.365463
vt 0.387500 0.637828
vt 0.601236 0.917302
vt 0.619009 0.882419
vt 0.648603 0.892034
vt 0.625000 0.687500
vt 0.612500 0.687500
vt 0.612500 0.312500
vt 0.625000 0.312500
vt 0.648603 0.107966
vt 0.619009 0.117582
vt 0.601236 0.082698
vt 0.587500 0.637828
vt 0.587500 0.365463
vt 0.601235 0.229802
vt 0.619009 0.194918
vt 0.648603 0.204534
vt 0.648603 0.795466
vt 0.619009 0.805082
vt 0.601235 0.770198
vt 0.387500 0.637828
vt 0.387500 0.365463
vt 0.375000 0.365463
vt 0.375000 0.637828
vt 0.619009 0.882418
vt 0.625134 0.843750
vt 0.656250 0.843750
vt 0.656250 0.156250
vt 0.625134 0.156250
vt 0.619009 0.117582
vt 0.587500 0.365463
vt 0.587500 0.637828
vt 0.600000 0.637828
vt 0.600000 0.365463
vt 0.619009 0.194918
vt 0.619009 0.805081
vt 0.387500 0.637828
vt 0.387500 0.365463
vt 0.375000 0.365463
vt 0.375000 0.637828
vt 0.619009 0.882418
vt 0.625134 0.843750
vt 0.656250 0.843750
vt 0.656250 0.156250
vt 0.625134 0.156250
vt 0.619009 0.117582
vt 0.587500 0.365463
vt 0.587500 0.637828
vt 0.600000 0.637828
vt 0.600000 0.365463
vt 0.619009 0.194918
vt 0.619009 0.805081
vt 0.625000 0.637828
vt 0.625000 0.365463
vt 0.612500 0.365463
vt 0.612500 0.637828
vt 0.600000 0.365463
vt 0.600000 0.637828
vt 0.625000 0.637828
vt 0.625000 0.365463
vt 0.612500 0.365463
vt 0.612500 0.637828
vt 0.600000 0.365463
vt 0.600000 0.637828
vt 0.625000 0.392436
vt 0.625000 0.320856
vt 0.375000 0.320856
vt 0.375000 0.392436
vt 0.767436 0.000000
vt 0.695856 0.000000
vt 0.695856 0.250000
vt 0.767436 0.250000
vt 0.615789 0.857564
vt 0.605937 0.857562
vt 0.605937 0.930123
vt 0.615789 0.930123
vt 0.615789 0.929144
vt 0.625000 0.929144
vt 0.625000 0.857564
vt 0.375000 0.857564
vt 0.375000 0.929144
vt 0.455247 0.929144
vt 0.455247 0.930123
vt 0.465099 0.930123
vt 0.465099 0.857562
vt 0.455247 0.857564
vt 0.375000 0.750000
vt 0.625000 0.750000
vt 0.625000 1.000000
vt 0.375000 1.000000
vt 0.125000 0.000000
vt 0.375000 0.000000
vt 0.375000 0.250000
vt 0.125000 0.250000
vt 0.375000 0.500000
vt 0.625000 0.500000
vt 0.875000 0.000000
vt 0.875000 0.250000
vt 0.625000 0.250000
vt 0.625000 0.000000
vt 0.125000 0.250000
vt 0.000000 -0.000000
vt 1.000000 -0.000000
vt 1.000000 1.000000
vt 0.000000 1.000000
vt 0.126890 0.586235
vt 0.126890 0.927301
vt 0.873111 0.927301
vt 0.873111 0.586235
vt 0.126890 0.119486
vt 0.126890 0.497141
vt 0.873111 0.497141
vt 0.873111 0.119486
vt 0.000000 -0.000000
vt 0.000000 1.000000
vt 1.000000 1.000000
vt 1.000000 -0.000000
vt 0.126890 0.586235
vt 0.873111 0.586235
vt 0.873111 0.927301
vt 0.126890 0.927301
vt 0.873111 0.119486
vt 0.873111 0.497141
vt 0.126890 0.497141
vt 0.126890 0.119486
vt 0.000000 -0.000000
vt 0.000000 -0.000000
vt 0.000000 1.000000
vt 0.000000 1.000000
vt 1.000000 1.000000
vt 1.000000 1.000000
vt 1.000000 -0.000000
vt 1.000000 -0.000000
vt 0.000000 1.000000
vt 0.000000 1.000000
vt 1.000000 1.000000
vt 1.000000 1.000000
vt 1.000000 -0.000000
vt 1.000000 -0.000000
vt 0.000000 -0.000000
vt 0.000000 -0.000000
vt 1.672822 -0.009265
vt 1.672822 0.771326
vt -0.672822 0.771326
vt -0.672822 -0.009265
vt 0.717348 0.322433
vt 0.717348 0.489383
vt 0.998338 0.489383
vt 0.998338 0.322433
vt 0.717348 0.508485
vt 0.717348 0.659260
vt 0.998338 0.659260
vt 0.998338 0.508485
vt -0.108061 1.021079
vt -0.108061 0.055064
vt 1.108061 0.055064
vt 1.108061 1.021079
vt 0.612686 0.610588
vt 0.758368 0.610588
vt 0.758368 0.403981
vt 0.612686 0.403981
vt 0.612686 0.380341
vt 0.758368 0.380341
vt 0.758368 0.193751
vt 0.612686 0.193751
vt 0.125000 0.250000
vt 0.125000 0.000000
vt 0.375000 1.000000
vt 0.625000 1.000000
vt 0.875000 0.000000
vt 0.875000 0.250000
vt 0.375000 0.344890
vt 0.375000 0.421354
vt 0.625000 0.421354
vt 0.625000 0.344890
vt 0.719890 0.250000
vt 0.796354 0.250000
vt 0.796354 0.000000
vt 0.719890 0.000000
vt 0.280109 0.000000
vt 0.203646 0.000000
vt 0.203646 0.250000
vt 0.280109 0.250000
vt 0.375000 0.905110
vt 0.625000 0.905110
vt 0.625000 0.828647
vt 0.375000 0.828647
vt 0.375000 0.344890
vt 0.375000 0.421354
vt 0.625000 0.421354
vt 0.625000 0.344890
vt 0.719890 0.250000
vt 0.796354 0.250000
vt 0.796354 0.000000
vt 0.719890 0.000000
vt 0.280109 0.000000
vt 0.203646 0.000000
vt 0.203646 0.250000
vt 0.280109 0.250000
vt 0.375000 0.905110
vt 0.625000 0.905110
vt 0.625000 0.828647
vt 0.375000 0.828647
vn -0.000000 1.000000 -0.000004
vn 0.000000 1.000000 0.000000
vn -0.000000 1.000000 -0.000004
vn -0.000000 1.000000 -0.000004
vn -0.000000 1.000000 -0.000006
vn -0.000000 1.000000 -0.000006
vn -0.000004 1.000000 0.000000
vn -0.000000 1.000000 -0.000004
vn -0.000000 1.000000 -0.000004
vn -0.000000 1.000000 -0.000004
vn -0.000000 1.000000 -0.000004
vn -0.000000 1.000000 -0.000006
vn 0.000000 1.000000 0.000000
vn 0.000000 1.000000 0.000000
vn 0.000000 1.000000 0.000000
vn 0.000000 -1.000000 0.000000
vn 0.000000 -1.000000 0.000000
vn 0.000000 -1.000000 0.000000
vn -0.000004 1.000000 0.000000
vn -0.000002 1.000000 0.000000
vn -0.000002 1.000000 0.000000
vn -0.000004 1.000000 0.000000
vn -0.000004 1.000000 0.000000
vn -0.000004 1.000000 0.000000
vn -0.000004 1.000000 0.000000
vn -0.000004 1.000000 0.000000
vn -0.000000 1.000000 -0.000006
vn -0.000000 1.000000 -0.000005
vn -0.000000 1.000000 -0.000005
vn -0.000000 1.000000 -0.000005
vn -0.000000 1.000000 -0.000004
vn -0.000000 1.000000 -0.000004
vn -0.000000 1.000000 -0.000006
vn -0.000000 1.000000 -0.000006
vn 0.000007 0.241479 -0.970406
vn 0.000007 0.241479 -0.970406
vn -0.000000 0.241770 -0.970334
vn -0.000000 0.241770 -0.970334
vn -0.000000 0.241770 -0.970334
vn -0.000000 0.241770 -0.970334
vn 0.000007 0.241479 -0.970406
vn 0.000007 0.241479 -0.970406
vn 0.000000 1.000000 -0.000001
vn 0.000000 1.000000 -0.000001
vn 0.000000 1.000000 -0.000001
vn 0.000000 1.000000 -0.000001
vn 0.000000 1.000000 -0.000000
vn 0.000000 1.000000 -0.000000
vn 0.000000 1.000000 -0.000000
vn 0.000000 1.000000 -0.000000
vn 0.000000 0.000000 1.000000
vn 0.000000 0.000000 1.000000
vn 0.000000 0.000000 1.000000
vn 0.000000 0.000000 1.000000
vn 0.000000 0.000000 1.000000
vn 0.083357 0.160527 0.983505
vn 0.083357 0.160527 0.983505
vn 0.083357 0.160527 0.983505
vn -0.989252 0.000000 -0.146223
vn -0.989252 0.000000 -0.146223
vn -0.989252 0.000000 -0.146223
vn -0.989217 0.000000 -0.146457
vn -0.989217 0.000000 -0.146457
vn -0.989217 0.000000 -0.146457
vn -0.989217 0.000000 -0.146457
vn -0.989252 0.000000 -0.146223
vn -0.014773 0.625477 -0.780102
vn -0.014773 0.625477 -0.780102
vn -0.014773 0.625477 -0.780102
vn -0.014773 0.625477 -0.780102
vn -0.014773 0.625477 -0.780102
vn -0.014773 0.625477 -0.780102
vn -0.014773 0.625477 -0.780102
vn -0.014773 0.625477 -0.780102
vn -0.014773 0.625477 -0.780102
vn -0.014773 0.625478 -0.780102
vn -0.014773 0.625477 -0.780102
vn 0.000000 0.000000 -1.000000
vn 0.000000 0.000000 -1.000000
vn 0.000000 0.000000 -1.000000
vn 0.000000 0.000000 -1.000000
vn 1.000000 0.000000 0.000000
vn 1.000000 0.000000 0.000000
vn 1.000000 0.000000 0.000000
vn 1.000000 0.000000 0.000000
vn 0.000000 0.000000 -1.000000
vn 0.000000 0.000000 -1.000000
vn -1.000000 0.000000 0.000000
vn -1.000000 0.000000 0.000000
vn -1.000000 0.000000 0.000000
vn -1.000000 0.000000 0.000000
vn 0.000000 0.000000 1.000000
vn 0.000000 0.000000 1.000000
vn 0.000000 0.000000 1.000000
vn 0.000000 0.000000 1.000000
vn 1.000000 0.000000 0.000000
vn 1.000000 0.000000 0.000000
vn 0.000004 -1.000000 0.000436
vn -0.000047 -1.000000 0.000045
vn 0.000004 -1.000000 0.000436
vn 0.000004 -1.000000 0.000436
vn 0.000000 0.000000 1.000000
vn 0.000000 0.000000 1.000000
vn 0.000000 0.000000 1.000000
vn 0.000000 0.000000 1.000000
vn 1.000000 0.000000 0.000000
vn 1.000000 0.000000 0.000000
vn 1.000000 0.000000 0.000000
vn 1.000000 0.000000 0.000000
vn 0.000000 0.000000 -1.000000
vn 0.000000 0.000000 -1.000000
vn 0.000000 0.000000 -1.000000
vn 0.000000 0.000000 -1.000000
vn 0.000000 0.000000 1.000000
vn 0.000000 0.000000 1.000000
vn 1.000000 0.000000 0.000000
vn 1.000000 0.000000 0.000000
vn -0.000004 1.000000 0.000000
vn -0.000004 1.000000 0.000000
vn -0.000004 1.000000 0.000000
vn -0.000004 1.000000 0.000000
vn -0.000511 -1.000000 0.000004
vn -0.000511 -1.000000 0.000004
vn -0.000046 -1.000000 0.000024
vn -0.000046 -1.000000 0.000024
vn -0.000000 -0.001800 -0.999998
vn -0.000000 -0.001800 -0.999998
vn -0.000000 -0.001800 -0.999998
vn -0.000000 -0.001800 -0.999998
vn -0.999999 0.000290 0.001001
vn -1.000000 0.000290 0.001001
vn -1.000000 0.000290 0.001001
vn -1.000000 0.000000 0.000000
vn 1.000000 0.000000 0.000000
vn 0.999999 -0.000290 -0.001001
vn 1.000000 0.000000 0.000000
vn 1.000000 0.000000 0.000000
vn 0.952549 0.304385 -0.000009
vn 0.952549 0.304385 -0.000009
vn 0.952549 0.304385 -0.000009
vn 0.952549 0.304385 -0.000009
vn 0.000006 0.208753 0.977969
vn 0.000006 0.208753 0.977968
vn 0.000006 0.208753 0.977968
vn 0.000006 0.208753 0.977969
vn -0.950454 0.310866 -0.000009
vn -0.950454 0.310867 -0.000009
vn -0.950454 0.310867 -0.000009
vn -0.950454 0.310867 -0.000009
vn 0.000000 -0.018738 0.999825
vn 0.000000 -0.018738 0.999824
vn 0.000000 -0.018738 0.999824
vn 0.000000 -0.018738 0.999824
vn 0.000000 0.000000 -1.000000
vn 0.000000 0.000000 -1.000000
vn 0.000000 0.000000 -1.000000
vn 0.000000 0.000000 -1.000000
vn 0.000000 0.000000 1.000000
vn 0.000000 0.000000 1.000000
vn 0.000000 0.000000 1.000000
vn 0.000000 0.000000 1.000000
vn 0.000000 0.000000 -1.000000
vn -0.000000 0.000000 -1.000000
vn -0.000000 0.000000 -1.000000
vn 0.000000 0.000000 -1.000000
vn 0.000000 1.000000 0.000000
vn 0.000000 1.000000 0.000000
vn 0.000000 1.000000 0.000000
vn 0.000000 1.000000 0.000000
vn 0.000000 0.000000 -1.000000
vn 0.000000 0.000000 -1.000000
vn 0.000000 0.000000 -1.000000
vn 0.000000 0.000000 -1.000000
vn -0.999549 0.000001 0.030026
vn -0.999549 0.000000 0.030025
vn -0.999548 0.000000 0.030046
vn -0.999548 0.000000 0.030046
vn 0.886045 0.000000 -0.463599
vn 0.886062 -0.001102 -0.463565
vn 0.886064 0.000000 -0.463564
vn 0.886045 0.000000 -0.463599
vn 0.000000 0.000000 -1.000000
vn 0.000000 0.000000 -1.000000
vn 0.000000 0.000000 -1.000000
vn 0.000000 0.000000 -1.000000
vn -1.000000 0.000000 0.000000
vn -1.000000 0.000000 0.000000
vn -1.000000 0.000000 0.000000
vn -1.000000 0.000000 0.000000
vn -1.000000 0.000000 0.000000
vn -1.000000 0.000000 0.000000
vn 0.000000 0.000000 1.000000
vn 0.000000 0.000000 1.000000
vn 0.000000 0.000000 1.000000
vn 0.000000 0.000000 1.000000
vn 0.000000 1.000000 0.000000
vn 0.000000 1.000000 0.000000
vn 0.000000 1.000000 0.000000
vn 0.000000 1.000000 0.000000
vn 0.992709 0.000000 0.120533
vn 0.992709 0.000000 0.120533
vn 0.992709 0.000000 0.120533
vn 0.992710 0.000000 0.120527
vn 0.000000 0.000000 1.000000
vn 0.000000 0.000000 1.000000
vn 0.000000 0.000000 1.000000
vn 0.000000 0.000000 1.000000
vn 0.000000 -1.000000 0.000000
vn 0.000000 -1.000000 0.000000
vn 0.000000 -1.000000 0.000000
vn 0.000000 -1.000000 0.000000
vn -1.000000 0.000000 0.000000
vn -1.000000 0.000000 0.000000
vn -1.000000 0.000000 0.000000
vn -1.000000 0.000000 0.000000
vn 0.000000 0.000000 1.000000
vn 0.000000 0.000000 1.000000
vn 0.000000 0.000000 1.000000
vn 0.000000 0.000000 1.000000
vn -1.000000 0.000000 0.000000
vn -1.000000 0.000000 0.000000
vn -1.000000 0.000000 0.000000
vn -1.000000 0.000000 0.000000
vn 0.000000 0.000000 -1.000000
vn 0.000000 0.000000 -1.000000
vn 0.000000 0.000000 -1.000000
vn 0.000000 0.000000 -1.000000
vn 1.000000 0.000000 0.000000
vn 1.000000 0.000000 0.000000
vn 1.000000 0.000000 0.000000
vn 1.000000 0.000000 0.000000
vn 1.000000 0.000000 0.000000
vn 1.000000 0.000000 0.000000
vn 1.000000 0.000000 0.000000
vn 1.000000 0.000000 0.000000
vn 0.000000 -1.000000 0.000000
vn 0.000000 -1.000000 0.000000
vn 0.000000 -1.000000 0.000000
vn 0.000000 -1.000000 0.000000
vn 0.000000 1.000000 0.000000
vn 0.000000 1.000000 0.000000
vn 0.000000 1.000000 0.000000
vn 0.000000 1.000000 0.000000
vn -1.000000 0.000000 0.000000
vn -1.000000 0.000000 0.000000
vn -1.000000 0.000000 0.000000
vn -1.000000 0.000000 0.000000
vn 0.000000 -1.000000 0.000000
vn 0.000000 -1.000000 0.000000
vn 0.000000 -1.000000 0.000000
vn 0.000000 -1.000000 0.000000
vn 0.000000 1.000000 -0.000000
vn 0.000000 1.000000 -0.000000
vn 0.000000 1.000000 -0.000000
vn 0.000000 1.000000 -0.000000
vn 0.000000 0.000000 -1.000000
vn 0.000000 0.000000 -1.000000
vn 0.000000 0.000000 -1.000000
vn 0.000000 0.000000 -1.000000
vn 0.707100 0.707114 0.000022
vn 0.707100 0.707114 0.000022
vn 0.707100 0.707114 0.000022
vn 0.707100 0.707114 0.000022
vn 0.454000 0.891002 0.000014
vn 0.454000 0.891002 0.000014
vn 0.454000 0.891002 0.000014
vn 0.454000 0.891002 0.000014
vn 0.156434 0.987688 0.000000
vn 0.156434 0.987688 0.000000
vn 0.156434 0.987688 0.000000
vn 0.156434 0.987688 0.000000
vn -0.156436 0.987688 0.000000
vn -0.156436 0.987688 0.000000
vn -0.156436 0.987688 0.000000
vn -0.156436 0.987688 0.000000
vn -0.453996 0.891004 0.000007
vn -0.453996 0.891004 0.000007
vn -0.453996 0.891003 0.000007
vn -0.453996 0.891004 0.000007
vn -0.707096 0.707118 0.000000
vn -0.707096 0.707118 0.000000
vn -0.707096 0.707118 0.000000
vn -0.707096 0.707118 0.000000
vn -0.891008 0.453988 -0.000004
vn -0.891008 0.453988 -0.000004
vn -0.891008 0.453988 -0.000004
vn -0.891008 0.453988 -0.000004
vn -0.987687 0.156442 0.000019
vn -0.987687 0.156442 0.000019
vn -0.987687 0.156442 0.000019
vn -0.987687 0.156442 0.000019
vn -0.987690 -0.156427 0.000015
vn -0.987690 -0.156427 0.000015
vn -0.987689 -0.156427 0.000015
vn -0.987689 -0.156427 0.000015
vn -0.891002 -0.453999 0.000022
vn -0.891002 -0.453999 0.000022
vn -0.891002 -0.453999 0.000022
vn -0.891002 -0.453999 0.000022
vn -0.707110 -0.707103 0.000007
vn -0.707110 -0.707103 0.000007
vn -0.707110 -0.707103 0.000007
vn -0.707110 -0.707103 0.000007
vn -0.453994 -0.891005 -0.000007
vn -0.453994 -0.891005 -0.000007
vn -0.453994 -0.891005 -0.000007
vn -0.453994 -0.891005 -0.000007
vn -0.156433 -0.987689 0.000000
vn -0.156433 -0.987689 0.000000
vn -0.156433 -0.987689 0.000000
vn -0.156433 -0.987689 0.000000
vn 0.156436 -0.987688 0.000000
vn 0.156436 -0.987688 0.000000
vn 0.156436 -0.987688 0.000000
vn 0.156436 -0.987688 0.000000
vn 0.453991 -0.891006 0.000000
vn 0.453991 -0.891006 0.000000
vn 0.453991 -0.891006 0.000000
vn 0.453991 -0.891006 0.000000
vn 0.707103 -0.707110 -0.000004
vn 0.707103 -0.707110 -0.000004
vn 0.707103 -0.707110 -0.000004
vn 0.707103 -0.707110 -0.000004
vn 0.891002 -0.453999 -0.000018
vn 0.891002 -0.453999 -0.000018
vn 0.891002 -0.453999 -0.000018
vn 0.891002 -0.453999 -0.000018
vn 0.987690 -0.156425 0.000002
vn 0.987690 -0.156425 0.000002
vn 0.987690 -0.156425 0.000002
vn 0.987690 -0.156425 0.000002
vn 0.987691 0.156419 0.000003
vn 0.987691 0.156419 0.000003
vn 0.987691 0.156419 0.000003
vn 0.987691 0.156419 0.000003
vn 0.891008 0.453988 -0.000007
vn 0.891008 0.453988 -0.000007
vn 0.891008 0.453988 -0.000007
vn 0.891008 0.453988 -0.000007
vn -0.951057 0.309016 0.000000
vn -0.951057 0.309016 0.000000
vn -1.000000 0.000000 0.000000
vn -1.000000 0.000000 0.000000
vn -0.951057 -0.309016 0.000000
vn -0.951057 -0.309016 0.000000
vn -0.809015 -0.587788 0.000000
vn -0.809015 -0.587788 0.000000
vn -0.587785 -0.809017 0.000000
vn -0.587785 -0.809017 0.000000
vn -0.309019 -0.951056 0.000000
vn -0.309019 -0.951056 0.000000
vn -0.309019 -0.951056 0.000000
vn -0.309019 -0.951056 0.000000
vn -0.306007 -0.952029 0.000000
vn -0.306011 -0.952028 0.000000
vn 0.156437 0.987688 0.000000
vn 0.156437 0.987688 0.000000
vn 0.156437 0.987688 0.000000
vn 0.156437 0.987688 0.000000
vn -0.156432 0.987689 0.000007
vn -0.156432 0.987689 0.000007
vn -0.156432 0.987689 0.000007
vn -0.309018 0.951056 0.000000
vn -0.309018 0.951056 0.000000
vn -0.453349 0.891333 0.000000
vn -0.587512 0.809215 0.000000
vn -0.587784 0.809018 0.000000
vn -0.809021 0.587779 0.000000
vn -0.809018 0.587783 0.000000
vn -0.951058 0.309013 0.000000
vn -0.951058 0.309011 0.000000
vn -1.000000 0.000000 0.000000
vn -1.000000 0.000000 0.000000
vn -0.951058 -0.309013 0.000000
vn -0.951058 -0.309011 0.000000
vn -0.809021 -0.587779 0.000000
vn -0.809018 -0.587783 0.000000
vn -0.587510 -0.809217 0.000000
vn -0.587784 -0.809018 0.000000
vn -0.453344 -0.891336 0.000000
vn -0.309017 -0.951057 0.000000
vn -0.309017 -0.951057 0.000000
vn -0.308672 -0.951169 0.000000
vn -0.156433 -0.987689 0.000000
vn -0.156433 -0.987689 0.000000
vn 0.156435 -0.987688 0.000000
vn 0.156435 -0.987688 0.000000
vn 0.156435 -0.987688 0.000000
vn 0.156435 -0.987688 0.000000
vn -0.306006 0.952030 0.000000
vn -0.306010 0.952028 0.000000
vn -0.309018 0.951056 0.000000
vn -0.309018 0.951056 0.000000
vn -0.309018 0.951056 0.000000
vn -0.309018 0.951056 0.000000
vn -0.587784 0.809018 0.000000
vn -0.587784 0.809018 0.000000
vn -0.809015 0.587788 0.000000
vn -0.809015 0.587788 0.000000
vn 0.000000 -1.000000 0.000000
vn 0.000000 -1.000000 0.000000
vn 0.000000 -1.000000 0.000000
vn 0.000000 -1.000000 0.000000
vn 1.000000 0.000000 0.000000
vn 1.000000 0.000000 0.000000
vn 1.000000 0.000000 0.000000
vn 1.000000 0.000000 0.000000
vn 0.000000 1.000000 0.000000
vn 0.000000 1.000000 0.000000
vn 0.000000 1.000000 0.000000
vn 0.000000 1.000000 0.000000
vn -1.000000 0.000000 0.000000
vn -1.000000 0.000000 0.000000
vn -1.000000 0.000000 0.000000
vn -1.000000 0.000000 0.000000
vn 1.000000 0.000000 0.000000
vn 1.000000 0.000000 0.000000
vn 1.000000 0.000000 0.000000
vn 1.000000 0.000000 0.000000
vn 0.000000 -1.000000 0.000000
vn 0.000000 -1.000000 0.000000
vn 0.000000 -1.000000 0.000000
vn 0.000000 -1.000000 0.000000
vn 0.000000 0.000000 -1.000000
vn 0.000000 0.000000 -1.000000
vn -0.000000 0.000000 -1.000000
vn -0.000000 0.000000 -1.000000
vn 0.000000 -1.000000 0.000000
vn 0.000000 -1.000000 0.000000
vn 0.000000 -1.000000 0.000000
vn 0.000000 -1.000000 0.000000
vn -1.000000 0.000000 0.000000
vn -1.000000 0.000000 0.000000
vn -0.951057 -0.309016 0.000000
vn -0.951057 -0.309016 0.000000
vn -0.809017 -0.587786 0.000000
vn -0.809017 -0.587786 0.000000
vn -0.587786 -0.809017 0.000000
vn -0.587786 -0.809017 0.000000
vn -0.309018 -0.951056 0.000000
vn -0.309018 -0.951056 0.000000
vn -0.309018 -0.951056 0.000000
vn -0.309018 -0.951056 0.000000
vn -0.306767 -0.951785 0.000000
vn -0.306767 -0.951785 0.000000
vn 0.156434 0.987688 0.000007
vn 0.156434 0.987688 0.000007
vn 0.156434 0.987688 0.000007
vn 0.156434 0.987688 0.000007
vn -0.156437 0.987688 -0.000007
vn -0.156436 0.987688 -0.000007
vn -0.156436 0.987688 -0.000007
vn -0.309018 0.951056 0.000000
vn -0.309018 0.951056 0.000000
vn -0.453499 0.891257 0.000000
vn -0.587576 0.809169 0.000000
vn -0.587785 0.809017 0.000000
vn -0.809018 0.587784 0.000000
vn -0.809017 0.587786 0.000000
vn -0.951057 0.309017 0.000000
vn -0.951057 0.309016 0.000000
vn -1.000000 0.000000 0.000000
vn -1.000000 0.000000 0.000000
vn -0.951057 -0.309017 0.000000
vn -0.951057 -0.309016 0.000000
vn -0.809018 -0.587784 0.000000
vn -0.809017 -0.587786 0.000000
vn -0.587576 -0.809169 0.000000
vn -0.587785 -0.809017 0.000000
vn 0.156433 -0.987689 0.000000
vn 0.156433 -0.987689 0.000000
vn 0.156433 -0.987689 0.000000
vn 0.156433 -0.987689 0.000000
vn 0.453988 -0.891008 0.000000
vn 0.453988 -0.891008 0.000000
vn 0.453988 -0.891008 0.000000
vn 0.453988 -0.891008 0.000000
vn 0.707107 -0.707107 0.000000
vn 0.707107 -0.707107 0.000000
vn 0.707107 -0.707107 0.000000
vn 0.707107 -0.707107 0.000000
vn 0.891008 -0.453988 -0.000011
vn 0.891008 -0.453988 -0.000011
vn 0.891008 -0.453988 -0.000011
vn 0.891008 -0.453988 -0.000011
vn 0.987689 -0.156430 -0.000009
vn 0.987689 -0.156430 -0.000009
vn 0.987689 -0.156430 -0.000009
vn 0.987689 -0.156430 -0.000009
vn 0.987689 0.156432 0.000000
vn 0.987689 0.156432 0.000000
vn 0.987689 0.156432 0.000000
vn 0.987689 0.156432 0.000000
vn 0.891005 0.453994 0.000000
vn 0.891005 0.453994 0.000000
vn 0.891005 0.453994 0.000000
vn 0.891005 0.453994 0.000000
vn 0.707110 0.707103 0.000000
vn 0.707110 0.707103 0.000000
vn 0.707110 0.707103 0.000000
vn 0.707110 0.707103 0.000000
vn 0.453993 0.891005 0.000000
vn 0.453993 0.891005 0.000000
vn 0.453993 0.891005 0.000000
vn 0.453993 0.891005 0.000000
vn 0.156435 0.987688 0.000007
vn 0.156435 0.987688 0.000007
vn 0.156435 0.987688 0.000007
vn 0.156435 0.987688 0.000007
vn -0.156438 0.987688 0.000000
vn -0.156438 0.987688 0.000000
vn -0.156438 0.987688 0.000000
vn -0.156438 0.987688 0.000000
vn -0.453991 0.891007 0.000000
vn -0.453991 0.891007 0.000000
vn -0.453991 0.891007 0.000000
vn -0.453991 0.891007 0.000000
vn -0.707103 0.707110 -0.000007
vn -0.707103 0.707110 -0.000007
vn -0.707103 0.707110 -0.000007
vn -0.707103 0.707110 -0.000007
vn -0.891008 0.453988 -0.000007
vn -0.891008 0.453988 -0.000007
vn -0.891008 0.453988 -0.000007
vn -0.891008 0.453988 -0.000007
vn -0.987689 0.156428 0.000000
vn -0.987689 0.156428 0.000000
vn -0.987689 0.156428 0.000000
vn -0.987689 0.156428 0.000000
vn -0.987690 -0.156425 -0.000005
vn -0.987690 -0.156425 -0.000005
vn -0.987690 -0.156425 -0.000005
vn -0.987690 -0.156425 -0.000005
vn -0.891005 -0.453994 -0.000007
vn -0.891005 -0.453994 -0.000007
vn -0.891005 -0.453994 -0.000007
vn -0.891005 -0.453994 -0.000007
vn -0.707103 -0.707110 0.000000
vn -0.707103 -0.707110 0.000000
vn -0.707103 -0.707110 0.000000
vn -0.707103 -0.707110 0.000000
vn -0.453985 -0.891010 0.000007
vn -0.453985 -0.891010 0.000007
vn -0.453985 -0.891009 0.000007
vn -0.453985 -0.891009 0.000007
vn -0.156435 -0.987688 0.000000
vn -0.156435 -0.987688 0.000000
vn -0.156435 -0.987688 0.000000
vn -0.156435 -0.987688 0.000000
vn -0.453499 -0.891257 0.000000
vn -0.309016 -0.951057 0.000000
vn -0.309016 -0.951057 0.000000
vn -0.308753 -0.951142 0.000001
vn -0.156434 -0.987688 0.000000
vn -0.156434 -0.987688 0.000000
vn 0.156435 -0.987688 0.000000
vn 0.156435 -0.987688 0.000000
vn 0.156435 -0.987688 0.000000
vn 0.156435 -0.987688 0.000000
vn -0.306766 0.951785 0.000000
vn -0.306766 0.951785 0.000000
vn -0.309016 0.951057 0.000000
vn -0.309016 0.951057 0.000000
vn -0.309016 0.951057 0.000000
vn -0.309016 0.951057 0.000000
vn -0.587785 0.809017 0.000000
vn -0.587785 0.809017 0.000000
vn -0.809017 0.587786 0.000000
vn -0.809017 0.587786 0.000000
vn -0.951057 0.309016 0.000000
vn -0.951057 0.309016 0.000000
vn -0.951056 0.309017 0.000000
vn -0.951056 0.309017 0.000000
vn -1.000000 0.000000 0.000000
vn -1.000000 0.000000 0.000000
vn 0.000000 -1.000000 -0.000000
vn 0.000000 -1.000000 -0.000000
vn 0.000000 -1.000000 -0.000000
vn 0.000000 -1.000000 -0.000000
vn 1.000000 0.000000 0.000000
vn 1.000000 0.000000 0.000000
vn 1.000000 0.000000 0.000000
vn 1.000000 0.000000 0.000000
vn 0.000000 -1.000000 0.000000
vn 0.000000 -1.000000 0.000000
vn 0.000000 -1.000000 0.000000
vn 0.000000 -1.000000 0.000000
vn -0.707110 -0.707103 0.000000
vn -0.707110 -0.707103 0.000000
vn -0.707110 -0.707103 0.000000
vn -0.707110 -0.707103 0.000000
vn -0.890999 -0.454006 0.000007
vn -0.890999 -0.454006 0.000007
vn -0.890999 -0.454006 0.000007
vn -0.890999 -0.454006 0.000007
vn -0.987691 -0.156420 0.000005
vn -0.987691 -0.156420 0.000005
vn -0.987691 -0.156420 0.000005
vn -0.987691 -0.156420 0.000005
vn -0.987690 0.156427 0.000000
vn -0.987690 0.156427 0.000000
vn -0.987690 0.156427 0.000000
vn -0.987690 0.156427 0.000000
vn -0.891001 0.454000 0.000000
vn -0.891001 0.454000 0.000000
vn -0.891001 0.454000 0.000000
vn -0.891002 0.454000 0.000000
vn -0.707107 0.707107 0.000000
vn -0.707107 0.707107 0.000000
vn -0.707107 0.707107 0.000000
vn -0.707107 0.707107 0.000000
vn -0.453989 0.891007 0.000000
vn -0.453989 0.891007 0.000000
vn -0.453989 0.891007 0.000000
vn -0.453989 0.891007 0.000000
vn -0.156438 0.987688 0.000000
vn -0.156438 0.987688 0.000000
vn -0.156438 0.987688 0.000000
vn -0.156438 0.987688 0.000000
vn 0.156434 0.987688 0.000000
vn 0.156434 0.987688 0.000000
vn 0.156434 0.987688 0.000000
vn 0.156434 0.987688 0.000000
vn 0.453997 0.891003 0.000007
vn 0.453997 0.891003 0.000007
vn 0.453997 0.891003 0.000007
vn 0.453997 0.891003 0.000007
vn 0.707102 0.707112 0.000000
vn 0.707102 0.707112 0.000000
vn 0.707102 0.707112 0.000000
vn 0.707102 0.707112 0.000000
vn -0.809017 0.587786 0.000000
vn -0.809017 0.587786 -0.000001
vn -0.587572 0.809172 0.000000
vn -0.587785 0.809017 0.000000
vn -0.453495 0.891259 0.000000
vn -0.309018 0.951056 0.000000
vn -0.309018 0.951056 0.000000
vn -0.308756 0.951141 0.000000
vn -0.156435 0.987688 0.000000
vn -0.156435 0.987688 0.000000
vn 0.156436 0.987688 0.000000
vn 0.156436 0.987688 0.000000
vn 0.156436 0.987688 0.000000
vn 0.156436 0.987688 0.000000
vn -0.453986 0.891009 -0.000007
vn -0.453986 0.891009 -0.000007
vn -0.453986 0.891009 -0.000007
vn -0.453986 0.891009 -0.000007
vn -0.156437 0.987688 0.000000
vn -0.156437 0.987688 0.000000
vn -0.156437 0.987688 0.000000
vn -0.156437 0.987688 0.000000
vn 0.156435 0.987688 0.000000
vn 0.156435 0.987688 0.000000
vn 0.156435 0.987688 0.000000
vn 0.156435 0.987688 0.000000
vn 0.453992 0.891006 -0.000014
vn 0.453992 0.891006 -0.000014
vn 0.453992 0.891006 -0.000014
vn 0.453992 0.891006 -0.000014
vn 0.707110 0.707103 -0.000014
vn 0.707110 0.707103 -0.000014
vn 0.707110 0.707103 -0.000014
vn 0.707110 0.707103 -0.000014
vn -0.587784 0.809018 0.000000
vn -0.587510 0.809217 0.000000
vn -0.453353 0.891331 0.000000
vn -0.309018 0.951056 0.000000
vn -0.309018 0.951056 0.000000
vn -0.308676 0.951167 0.000000
vn -0.156435 0.987688 -0.000007
vn -0.156435 0.987688 -0.000007
vn 0.156438 0.987688 0.000000
vn 0.156438 0.987688 0.000000
vn 0.156438 0.987688 0.000000
vn 0.156438 0.987688 0.000000
vn -1.000000 0.000000 0.000000
vn -1.000000 0.000000 0.000000
vn -1.000000 0.000000 0.000000
vn -1.000000 0.000000 0.000000
vn 0.000000 0.000000 1.000000
vn 0.000000 0.000000 1.000000
vn 0.000000 0.000000 1.000000
vn 0.000000 0.000000 1.000000
vn 1.000000 0.000000 0.000000
vn 1.000000 0.000000 0.000000
vn 1.000000 0.000000 0.000000
vn 1.000000 0.000000 0.000000
vn 0.941102 0.000000 -0.338122
vn 0.941102 0.000000 -0.338122
vn 0.941652 0.000000 -0.336589
vn 0.941102 0.000000 -0.338122
vn 1.000000 0.000000 0.000000
vn 1.000000 0.000000 0.000000
vn 1.000000 0.000000 0.000000
vn 1.000000 0.000000 0.000000
vn 0.000000 -1.000000 0.000000
vn 0.000000 -1.000000 0.000000
vn 0.000000 -1.000000 0.000000
vn 0.000000 -1.000000 0.000000
vn -1.000000 0.000000 0.000000
vn -1.000000 0.000000 0.000000
vn -1.000000 0.000000 0.000000
vn -1.000000 0.000000 0.000000
vn -0.000000 1.000000 -0.000045
vn -0.000000 1.000000 -0.000045
vn -0.000000 1.000000 -0.000045
vn -0.000000 1.000000 -0.000045
vn 0.156431 -0.987689 0.000000
vn 0.156431 -0.987689 0.000000
vn 0.156431 -0.987689 0.000000
vn 0.156431 -0.987689 0.000000
vn -0.156436 -0.987688 0.000000
vn -0.156436 -0.987688 0.000000
vn -0.156436 -0.987688 0.000000
vn -0.309017 -0.951057 0.000000
vn -0.309017 -0.951057 0.000000
vn -0.453347 -0.891334 0.000000
vn -0.587507 -0.809219 0.000000
vn -0.587784 -0.809018 0.000000
vn -0.809016 -0.587787 0.000000
vn -0.809018 -0.587783 0.000000
vn -0.951057 -0.309017 0.000000
vn -0.951058 -0.309011 0.000000
vn -1.000000 0.000000 0.000000
vn -1.000000 0.000000 0.000000
vn -0.951057 0.309017 0.000000
vn -0.951058 0.309011 0.000000
vn -0.809016 0.587787 0.000000
vn -0.809018 0.587783 0.000000
vn 0.891004 0.453995 -0.000007
vn 0.891004 0.453995 -0.000007
vn 0.891004 0.453995 -0.000007
vn 0.891004 0.453995 -0.000007
vn 0.987691 0.156420 -0.000003
vn 0.987691 0.156420 -0.000003
vn 0.987691 0.156420 -0.000003
vn 0.987691 0.156420 -0.000003
vn 0.987691 -0.156421 -0.000002
vn 0.987690 -0.156421 -0.000002
vn 0.987691 -0.156421 -0.000002
vn 0.987691 -0.156421 -0.000002
vn 0.890999 -0.454006 0.000017
vn 0.890999 -0.454006 0.000017
vn 0.890999 -0.454006 0.000017
vn 0.890999 -0.454006 0.000017
vn 0.707114 -0.707100 0.000003
vn 0.707114 -0.707100 0.000003
vn 0.707114 -0.707100 0.000003
vn 0.707114 -0.707100 0.000003
vn 0.453987 -0.891009 0.000000
vn 0.453987 -0.891009 0.000000
vn 0.453987 -0.891009 0.000000
vn 0.453987 -0.891009 0.000000
vn 0.156437 -0.987688 0.000000
vn 0.156437 -0.987688 0.000000
vn 0.156437 -0.987688 0.000000
vn 0.156437 -0.987688 0.000000
vn -0.156435 -0.987688 0.000000
vn -0.156435 -0.987688 0.000000
vn -0.156435 -0.987688 0.000000
vn -0.156435 -0.987688 0.000000
vn -0.453986 -0.891009 0.000000
vn -0.453986 -0.891009 0.000000
vn -0.453986 -0.891009 0.000000
vn -0.453986 -0.891009 0.000000
vn -0.707114 -0.707100 -0.000007
vn -0.707114 -0.707100 -0.000007
vn -0.707114 -0.707100 -0.000007
vn -0.707114 -0.707100 -0.000007
vn -0.891005 -0.453994 -0.000021
vn -0.891005 -0.453994 -0.000021
vn -0.891005 -0.453994 -0.000021
vn -0.891005 -0.453994 -0.000021
vn -0.987689 -0.156428 -0.000015
vn -0.987689 -0.156428 -0.000015
vn -0.987689 -0.156428 -0.000015
vn -0.987689 -0.156428 -0.000015
vn -0.987688 0.156440 -0.000018
vn -0.987688 0.156440 -0.000018
vn -0.987688 0.156440 -0.000018
vn -0.987688 0.156440 -0.000018
vn -0.891004 0.453995 0.000003
vn -0.891004 0.453995 0.000003
vn -0.891004 0.453995 0.000003
vn -0.891004 0.453995 0.000003
vn -0.707103 0.707110 0.000000
vn -0.707103 0.707110 0.000000
vn -0.707103 0.707110 0.000000
vn -0.707103 0.707110 0.000000
vn 0.156433 -0.987689 0.000000
vn 0.156433 -0.987689 0.000000
vn 0.156433 -0.987689 0.000000
vn 0.156433 -0.987689 0.000000
vn -0.156434 -0.987688 0.000000
vn -0.156434 -0.987688 0.000000
vn -0.156434 -0.987688 0.000000
vn -0.309016 -0.951057 0.000000
vn -0.309016 -0.951057 0.000000
vn -0.453501 -0.891256 0.000000
vn -0.587574 -0.809170 0.000000
vn -0.587785 -0.809017 0.000000
vn -0.809016 -0.587787 0.000000
vn -0.809017 -0.587786 0.000000
vn -0.951057 -0.309017 0.000000
vn -0.951057 -0.309016 0.000000
vn -1.000000 0.000000 0.000000
vn -1.000000 0.000000 0.000000
vn -0.951057 0.309015 -0.000001
vn -0.951057 0.309016 0.000000
vn 0.891010 0.453984 0.000003
vn 0.891010 0.453984 0.000003
vn 0.891010 0.453984 0.000003
vn 0.891010 0.453984 0.000003
vn 0.987688 0.156435 0.000000
vn 0.987688 0.156435 0.000000
vn 0.987688 0.156435 0.000000
vn 0.987688 0.156435 0.000000
vn 0.987689 -0.156433 0.000009
vn 0.987689 -0.156433 0.000009
vn 0.987689 -0.156433 0.000009
vn 0.987689 -0.156433 0.000009
vn 0.891007 -0.453989 0.000010
vn 0.891007 -0.453989 0.000010
vn 0.891007 -0.453989 0.000010
vn 0.891007 -0.453989 0.000010
vn 0.707103 -0.707110 0.000000
vn 0.707103 -0.707110 0.000000
vn 0.707103 -0.707110 0.000000
vn 0.707103 -0.707110 0.000000
vn 0.453986 -0.891009 0.000000
vn 0.453986 -0.891009 0.000000
vn 0.453986 -0.891009 0.000000
vn 0.453986 -0.891009 0.000000
vn 0.156432 -0.987689 0.000000
vn 0.156432 -0.987689 0.000000
vn 0.156432 -0.987689 0.000000
vn 0.156432 -0.987689 0.000000
vn -0.156435 -0.987688 0.000000
vn -0.156435 -0.987688 0.000000
vn -0.156435 -0.987688 0.000000
vn -0.156435 -0.987688 0.000000
vn -0.453986 -0.891009 -0.000007
vn -0.453986 -0.891009 -0.000007
vn -0.453986 -0.891009 -0.000007
vn -0.453986 -0.891009 -0.000007
vn -0.951057 -0.309014 0.000000
vn -0.951057 -0.309014 0.000000
vn -1.000000 0.000000 0.000000
vn -1.000000 0.000000 0.000000
vn -0.989252 0.000000 -0.146223
vn -0.989252 0.000000 -0.146223
vn -0.989252 0.000000 -0.146223
vn -0.989252 0.000000 -0.146223
vn 1.000000 0.000000 0.000000
vn 1.000000 0.000000 0.000000
vn 1.000000 0.000000 0.000000
vn 1.000000 0.000000 0.000000
vn 0.000000 0.000000 -1.000000
vn 0.000000 0.000000 -1.000000
vn 0.000000 0.000000 -1.000000
vn 0.000000 0.000000 -1.000000
vn 0.000000 0.000000 -1.000000
vn -0.000002 0.000000 -1.000000
vn 0.000000 0.000000 -1.000000
vn -0.000001 0.000000 -1.000000
vn 0.000000 0.000000 -1.000000
vn 0.000001 0.000000 -1.000000
vn 0.000000 0.000000 -1.000000
vn 0.000002 0.000000 -1.000000
vn 0.000000 0.000000 -1.000000
vn 0.000002 0.000000 -1.000000
vn 0.000000 0.000000 -1.000000
vn 0.000000 0.000000 -1.000000
vn 0.000000 0.000000 -1.000000
vn 0.000000 0.000000 -1.000000
vn 0.000000 0.000000 -1.000000
vn 0.000000 0.000000 -1.000000
vn 0.000000 0.000000 -1.000000
vn 0.000000 0.000000 -1.000000
vn 0.000000 0.000000 -1.000000
vn 0.000002 0.000000 -1.000000
vn 0.000000 0.000000 -1.000000
vn 0.000003 0.000000 -1.000000
vn 0.000000 0.000000 -1.000000
vn -0.000000 0.000000 -1.000000
vn 0.000000 0.000000 -1.000000
vn -0.000001 0.000000 -1.000000
vn 0.000000 0.000000 -1.000000
vn 0.000000 0.000000 -1.000000
vn 0.000000 0.000000 -1.000000
vn 0.000000 0.000000 -1.000000
vn 0.000000 0.000000 -1.000000
vn 0.000000 0.000000 -1.000000
vn 0.000000 0.000000 -1.000000
vn 0.000000 0.000000 -1.000000
vn 0.000000 0.000000 -1.000000
vn 0.000000 0.000000 -1.000000
vn -0.000002 0.000000 -1.000000
vn 0.000000 0.000000 -1.000000
vn 0.000000 0.000000 -1.000000
vn -0.000001 0.000000 -1.000000
vn 0.000000 0.000000 -1.000000
vn 0.000001 0.000000 -1.000000
vn 0.000000 0.000000 -1.000000
vn 0.000002 0.000000 -1.000000
vn 0.000000 0.000000 -1.000000
vn -0.000004 0.000000 -1.000000
vn 0.000000 0.000000 -1.000000
vn -0.000004 0.000000 -1.000000
vn 0.000000 0.000000 -1.000000
vn 0.000000 0.000000 -1.000000
vn 0.000000 0.000000 -1.000000
vn 0.000000 0.000000 -1.000000
vn 0.000000 0.000000 -1.000000
vn 0.000000 0.000000 -1.000000
vn 0.000000 0.000000 -1.000000
vn 0.000000 0.000000 -1.000000
vn 0.000000 0.000000 -1.000000
vn 0.000001 0.000000 -1.000000
vn 0.000000 0.000000 -1.000000
vn -0.000001 0.000000 -1.000000
vn 0.000000 0.000000 -1.000000
vn 0.000001 0.000000 -1.000000
vn 0.000000 1.000000 0.000000
vn 0.000000 1.000000 0.000000
vn 0.000000 1.000000 0.000000
vn 0.000000 1.000000 0.000000
vn 0.000000 -1.000000 0.000000
vn 0.000000 -1.000000 0.000000
vn 0.000000 -1.000000 0.000000
vn 0.000000 -1.000000 0.000000
vn -1.000000 0.000000 0.000000
vn -1.000000 0.000000 0.000000
vn -1.000000 0.000000 0.000000
vn -1.000000 0.000000 0.000000
vn -0.000001 0.000000 -1.000000
vn 0.000000 0.000000 -1.000000
vn 0.000000 0.000000 -1.000000
vn -0.000000 0.000000 -1.000000
vn 0.000000 0.000000 -1.000000
vn 0.000001 0.000000 -1.000000
vn 0.000000 0.000000 -1.000000
vn 0.000000 0.000000 -1.000000
vn 0.000000 0.000000 -1.000000
vn -0.000004 0.000000 -1.000000
vn 0.000000 0.000000 -1.000000
vn -0.000004 0.000000 -1.000000
vn 0.000000 0.000000 -1.000000
vn 0.000000 0.000000 -1.000000
vn 0.000000 0.000000 -1.000000
vn 0.000000 0.000000 -1.000000
vn 0.000000 0.000000 -1.000000
vn 0.000000 0.000000 -1.000000
vn 0.000000 0.000000 -1.000000
vn 0.000000 0.000000 -1.000000
vn 0.000000 0.000000 -1.000000
vn 0.000000 0.000000 -1.000000
vn 0.000000 0.000000 -1.000000
vn 0.000000 0.000000 -1.000000
vn 0.000000 0.000000 -1.000000
vn -0.000002 0.000000 -1.000000
vn 0.000000 0.000000 -1.000000
vn -0.000006 0.000000 -1.000000
vn 0.000000 0.000000 -1.000000
vn -0.000004 0.000000 -1.000000
vn 0.000000 0.000000 -1.000000
vn 0.000000 0.000000 -1.000000
vn 0.000000 0.000000 -1.000000
vn -0.000004 0.000000 -1.000000
vn 0.000000 0.000000 -1.000000
vn -0.000004 0.000000 -1.000000
vn 0.000000 0.000000 -1.000000
vn 0.000000 0.000000 -1.000000
vn 0.000000 0.000000 -1.000000
vn -0.000001 0.000000 -1.000000
vn 0.000000 0.000000 -1.000000
vn 0.000000 0.000000 -1.000000
vn 0.000000 0.000000 -1.000000
vn -0.000001 0.000000 -1.000000
vn 0.000000 0.000000 -1.000000
vn -0.000002 0.000000 -1.000000
vn 0.000000 0.000000 -1.000000
vn 0.000000 0.000000 -1.000000
vn 0.000000 0.000000 -1.000000
vn 0.000000 0.000000 -1.000000
vn 0.000000 0.000000 -1.000000
vn -0.000004 0.000000 -1.000000
vn 0.000000 0.000000 -1.000000
vn -0.000004 0.000000 -1.000000
vn 0.000000 0.000000 -1.000000
vn -0.000002 0.000000 -1.000000
vn 0.000000 0.000000 -1.000000
vn -0.000002 0.000000 -1.000000
vn 0.000000 0.000000 -1.000000
vn 0.000000 0.000000 -1.000000
vn 0.000000 0.000000 -1.000000
vn 0.000001 0.000000 -1.000000
vn 0.000000 0.000000 -1.000000
vn -0.000000 0.000000 -1.000000
vn 0.000000 0.000000 -1.000000
vn -0.000001 0.000000 -1.000000
vn 1.000000 0.000000 0.000000
vn 1.000000 0.000000 0.000000
vn 1.000000 0.000000 0.000000
vn 1.000000 0.000000 0.000000
vn 0.000000 0.000000 1.000000
vn 0.000000 0.000000 1.000000
vn 0.000000 0.000000 1.000000
vn 0.000000 0.000000 1.000000
vn 0.000000 1.000000 0.000000
vn 0.000000 1.000000 0.000000
vn 0.000000 1.000000 0.000000
vn 0.000000 1.000000 0.000000
vn -0.951056 0.309017 0.000000
vn -0.951056 0.309017 0.000000
vn -0.000002 0.000000 1.000000
vn 0.000000 0.000000 1.000000
vn 0.000000 0.000000 1.000000
vn -0.000002 0.000000 1.000000
vn 0.000000 0.000000 1.000000
vn 0.000000 0.000000 1.000000
vn 0.000000 0.000000 1.000000
vn 0.000000 0.000000 1.000000
vn 0.000000 0.000000 1.000000
vn 0.000000 0.000000 1.000000
vn 0.000000 0.000000 1.000000
vn 0.000000 0.000000 1.000000
vn 0.000000 0.000000 1.000000
vn -0.000002 0.000000 1.000000
vn 0.000000 0.000000 1.000000
vn -0.000001 0.000000 1.000000
vn 0.000000 0.000000 1.000000
vn 0.000001 0.000000 1.000000
vn 0.000000 0.000000 1.000000
vn -0.000003 0.000000 1.000000
vn 0.000000 0.000000 1.000000
vn -0.000002 0.000000 1.000000
vn 0.000000 0.000000 1.000000
vn 0.000000 0.000000 1.000000
vn -0.000007 0.000000 1.000000
vn 0.000000 0.000000 1.000000
vn 0.000000 0.000000 1.000000
vn -0.000006 0.000000 1.000000
vn 0.000000 0.000000 1.000000
vn -0.000002 0.000000 1.000000
vn 0.000000 0.000000 1.000000
vn -0.000001 0.000000 1.000000
vn 0.000000 0.000000 1.000000
vn -0.000001 0.000000 1.000000
vn 0.000000 0.000000 1.000000
vn -0.000002 0.000000 1.000000
vn -0.000002 0.000000 1.000000
vn 0.000000 0.000000 1.000000
vn 0.000000 0.000000 1.000000
vn -0.000001 0.000000 1.000000
vn 0.000000 0.000000 1.000000
vn -0.000001 0.000000 1.000000
vn 0.000000 0.000000 1.000000
vn 0.000000 0.000000 1.000000
vn 0.000000 0.000000 1.000000
vn -0.000002 0.000000 1.000000
vn 0.000000 0.000000 1.000000
vn -0.000002 0.000000 1.000000
vn -0.000004 0.000000 1.000000
vn 0.000000 0.000000 1.000000
vn 0.000000 0.000000 1.000000
vn 0.000002 0.000000 1.000000
vn 0.000000 0.000000 1.000000
vn -0.000001 0.000000 1.000000
vn 0.000000 0.000000 1.000000
vn -0.000002 0.000000 1.000000
vn 0.000000 1.000000 0.000000
vn 0.000000 1.000000 0.000000
vn 0.000000 1.000000 0.000000
vn 0.000000 1.000000 0.000000
vn -0.000001 0.000000 1.000000
vn 0.000000 0.000000 1.000000
vn 0.000000 0.000000 1.000000
vn -0.000001 0.000000 1.000000
vn 0.000000 0.000000 1.000000
vn 0.000002 0.000000 1.000000
vn 0.000000 0.000000 1.000000
vn -0.000000 0.000000 1.000000
vn 0.000000 0.000000 1.000000
vn -0.000002 0.000000 1.000000
vn 0.000000 0.000000 1.000000
vn -0.000004 0.000000 1.000000
vn 0.000000 0.000000 1.000000
vn -0.000009 0.000000 1.000000
vn 0.000000 0.000000 1.000000
vn -0.000009 0.000000 1.000000
vn 0.000000 0.000000 1.000000
vn -0.000009 0.000000 1.000000
vn 0.000000 0.000000 1.000000
vn 0.000000 0.000000 1.000000
vn 0.000000 0.000000 1.000000
vn 0.000000 0.000000 1.000000
vn 0.000000 0.000000 1.000000
vn 0.000000 0.000000 1.000000
vn 0.000000 0.000000 1.000000
vn 0.000002 0.000000 1.000000
vn 0.000000 0.000000 1.000000
vn 0.000000 0.000000 1.000000
vn 0.000000 0.000000 1.000000
vn -0.000003 0.000000 1.000000
vn 0.000000 0.000000 1.000000
vn -0.000002 0.000000 1.000000
vn 0.000000 0.000000 1.000000
vn 0.000001 0.000000 1.000000
vn 0.000000 0.000000 1.000000
vn 0.000000 0.000000 1.000000
vn 0.000000 0.000000 1.000000
vn -0.000002 0.000000 1.000000
vn 0.000000 0.000000 1.000000
vn 0.000000 0.000000 1.000000
vn 0.000000 0.000000 1.000000
vn -0.000004 0.000000 1.000000
vn 0.000000 0.000000 1.000000
vn -0.000004 0.000000 1.000000
vn 0.000000 0.000000 1.000000
vn -0.000002 0.000000 1.000000
vn -0.000003 0.000000 1.000000
vn 0.000000 0.000000 1.000000
vn 0.000000 0.000000 1.000000
vn 0.000001 0.000000 1.000000
vn 0.000000 0.000000 1.000000
vn 0.000001 0.000000 1.000000
vn 0.000000 0.000000 1.000000
vn -0.000002 0.000000 1.000000
vn 0.000000 0.000000 1.000000
vn -0.000002 0.000000 1.000000
vn 0.000000 0.000000 1.000000
vn -0.000004 0.000000 1.000000
vn 0.000000 0.000000 1.000000
vn -0.000007 0.000000 1.000000
vn 0.000000 0.000000 1.000000
vn 0.000000 0.000000 1.000000
vn 0.000000 0.000000 1.000000
vn 0.000000 0.000000 1.000000
vn 0.000000 0.000000 1.000000
vn 0.000000 0.000000 1.000000
vn 0.000000 0.000000 1.000000
vn 0.000002 0.000000 1.000000
vn 0.000000 0.000000 1.000000
vn -0.000000 0.000000 1.000000
vn 0.000000 0.000000 1.000000
vn -0.000002 0.000000 1.000000
vn 0.000000 0.000000 1.000000
vn 0.000001 0.000000 1.000000
vn 0.000000 0.000000 1.000000
vn 0.000001 0.000000 1.000000
vn 0.156434 -0.987688 0.000000
vn 0.156434 -0.987688 0.000000
vn 0.156434 -0.987688 0.000000
vn 0.156434 -0.987688 0.000000
vn 0.453990 -0.891007 0.000003
vn 0.453990 -0.891007 0.000003
vn 0.453989 -0.891007 0.000003
vn 0.453990 -0.891007 0.000003
vn 0.707107 -0.707107 0.000002
vn 0.707107 -0.707107 0.000002
vn 0.707107 -0.707107 0.000002
vn 0.707107 -0.707107 0.000002
vn 0.891004 -0.453995 0.000011
vn 0.891004 -0.453995 0.000011
vn 0.891004 -0.453995 0.000011
vn 0.891004 -0.453995 0.000011
vn 0.987689 -0.156433 0.000008
vn 0.987689 -0.156433 0.000008
vn 0.987689 -0.156433 0.000008
vn 0.987689 -0.156433 0.000008
vn 0.987689 0.156432 0.000002
vn 0.987689 0.156432 0.000002
vn 0.987689 0.156432 0.000002
vn 0.987689 0.156432 0.000002
vn 0.891004 0.453995 0.000011
vn 0.891004 0.453995 0.000011
vn 0.891004 0.453995 0.000011
vn 0.891004 0.453995 0.000011
vn 0.707107 0.707107 0.000006
vn 0.707107 0.707107 0.000006
vn 0.707107 0.707107 0.000006
vn 0.707107 0.707107 0.000006
vn 0.453997 0.891003 0.000000
vn 0.453998 0.891003 0.000000
vn 0.453998 0.891003 0.000000
vn 0.453998 0.891003 0.000000
vn 0.156436 0.987688 0.000000
vn 0.156436 0.987688 0.000000
vn 0.156436 0.987688 0.000000
vn 0.156436 0.987688 0.000000
vn -0.156438 0.987688 0.000000
vn -0.156438 0.987688 0.000000
vn -0.156438 0.987688 0.000000
vn -0.156438 0.987688 0.000000
vn -0.453990 0.891007 0.000000
vn -0.453990 0.891007 0.000000
vn -0.453990 0.891007 0.000000
vn -0.453990 0.891007 0.000000
vn -0.707104 0.707110 0.000006
vn -0.707104 0.707110 0.000006
vn -0.707104 0.707110 0.000006
vn -0.707104 0.707110 0.000006
vn -0.891007 0.453989 -0.000003
vn -0.891007 0.453989 -0.000003
vn -0.891007 0.453990 -0.000003
vn -0.891007 0.453989 -0.000003
vn -0.987688 0.156437 -0.000002
vn -0.987688 0.156437 -0.000002
vn -0.987688 0.156437 -0.000002
vn -0.987688 0.156437 -0.000002
vn -0.987689 -0.156432 0.000001
vn -0.987689 -0.156432 0.000001
vn -0.987689 -0.156432 0.000001
vn -0.987689 -0.156432 0.000001
vn -0.891007 -0.453990 0.000002
vn -0.891007 -0.453990 0.000002
vn -0.891007 -0.453990 0.000002
vn -0.891007 -0.453990 0.000002
vn -0.707107 -0.707107 0.000003
vn -0.707107 -0.707107 0.000003
vn -0.707107 -0.707107 0.000003
vn -0.707107 -0.707107 0.000003
vn -0.453992 -0.891006 0.000000
vn -0.453992 -0.891006 0.000000
vn -0.453992 -0.891006 0.000000
vn -0.453992 -0.891006 0.000000
vn -0.156435 -0.987688 0.000000
vn -0.156435 -0.987688 0.000000
vn -0.156435 -0.987688 0.000000
vn -0.156435 -0.987688 0.000000
vn -1.000000 0.000000 0.000000
vn -1.000000 0.000000 0.000000
vn -1.000000 0.000000 0.000000
vn -1.000000 0.000000 0.000000
vn 0.000000 -1.000000 0.000000
vn 0.000000 -1.000000 0.000000
vn 0.000000 -1.000000 0.000000
vn 0.000000 -1.000000 0.000000
vn -0.587784 -0.809018 0.000000
vn -0.809017 -0.587785 0.000000
vn -0.809017 -0.587785 0.000000
vn -0.587784 -0.809018 0.000000
vn -0.309017 -0.951056 0.000000
vn -0.309017 -0.951056 0.000000
vn -0.309017 -0.951056 0.000000
vn -0.309017 -0.951056 0.000000
vn 0.000000 -1.000000 0.000000
vn 0.000000 -1.000000 0.000000
vn 0.309018 -0.951056 0.000000
vn 0.309018 -0.951056 0.000000
vn 0.309018 -0.951056 0.000000
vn 0.309018 -0.951056 0.000000
vn 0.587784 -0.809018 0.000000
vn 0.587784 -0.809018 0.000000
vn 0.809017 -0.587785 0.000000
vn 0.809017 -0.587785 0.000000
vn 0.809017 -0.587785 0.000000
vn 0.809017 -0.587785 0.000000
vn 0.951057 -0.309014 0.000000
vn 0.951057 -0.309014 0.000000
vn 0.951057 -0.309014 0.000000
vn 0.951057 -0.309014 0.000000
vn 1.000000 0.000000 0.000000
vn 1.000000 0.000000 0.000000
vn 0.951057 0.309014 0.000000
vn 0.951057 0.309014 0.000000
vn 0.951057 0.309014 0.000000
vn 0.951057 0.309014 0.000000
vn 0.809017 0.587785 0.000000
vn 0.809017 0.587785 0.000000
vn 0.809017 0.587785 0.000000
vn 0.809017 0.587785 0.000000
vn 0.587784 0.809018 0.000000
vn 0.587784 0.809018 0.000000
vn 0.309018 0.951056 0.000000
vn 0.309018 0.951056 0.000000
vn 0.309018 0.951056 0.000000
vn 0.309018 0.951056 0.000000
vn 0.000000 1.000000 0.000000
vn 0.000000 1.000000 0.000000
vn -0.309018 0.951056 0.000000
vn -0.309018 0.951056 0.000000
vn -0.309018 0.951056 0.000000
vn -0.309018 0.951056 0.000000
vn -0.587786 0.809016 0.000000
vn -0.587786 0.809016 0.000000
vn -0.809017 0.587785 0.000000
vn -0.809017 0.587785 0.000000
vn -0.809017 0.587785 0.000000
vn -0.809017 0.587785 0.000000
vn -0.951056 0.309017 0.000000
vn -0.951056 0.309017 0.000000
vn -0.951056 0.309017 0.000000
vn -0.951056 0.309017 0.000000
vn -1.000000 0.000000 0.000000
vn -1.000000 0.000000 0.000000
vn -0.951057 -0.309014 0.000000
vn -0.951057 -0.309014 0.000000
vn -0.809017 -0.587785 0.000000
vn -0.951057 -0.309014 0.000000
vn -0.951057 -0.309014 0.000000
vn -0.809017 -0.587785 0.000000
vn 0.000000 0.000000 1.000000
vn 0.000002 0.000000 1.000000
vn 0.588042 0.808830 0.000000
vn 0.809016 0.587787 0.000000
vn 0.809016 0.587787 0.000000
vn 0.588042 0.808830 0.000000
vn -0.000002 0.000000 -1.000000
vn 0.000000 0.000000 -1.000000
vn 0.000000 -1.000000 0.000000
vn -0.309017 -0.951056 0.000000
vn -0.309017 -0.951056 0.000000
vn 0.000000 -1.000000 0.000000
vn 0.309018 -0.951056 0.000000
vn 0.309018 -0.951056 0.000000
vn 0.309018 -0.951056 0.000000
vn 0.309018 -0.951056 0.000000
vn 0.587784 -0.809018 0.000000
vn 0.587784 -0.809018 0.000000
vn 0.809017 -0.587785 0.000000
vn 0.809017 -0.587785 0.000000
vn 0.809017 -0.587785 0.000000
vn 0.809017 -0.587785 0.000000
vn 0.951057 -0.309014 0.000000
vn 0.951057 -0.309014 0.000000
vn 0.951057 -0.309014 0.000000
vn 0.951057 -0.309014 0.000000
vn 1.000000 0.000000 0.000000
vn 1.000000 0.000000 0.000000
vn 0.951057 0.309014 0.000000
vn 0.951057 0.309014 0.000000
vn 0.951057 0.309014 0.000000
vn 0.951057 0.309014 0.000000
vn 0.809017 0.587785 0.000000
vn 0.809017 0.587785 0.000000
vn 0.809017 0.587785 0.000000
vn 0.809017 0.587785 0.000000
vn 0.587784 0.809018 0.000000
vn 0.587784 0.809018 0.000000
vn 0.309018 0.951056 0.000000
vn 0.309018 0.951056 0.000000
vn 0.309018 0.951056 0.000000
vn 0.309018 0.951056 0.000000
vn 0.000000 1.000000 0.000000
vn 0.000000 1.000000 0.000000
vn -0.309018 0.951056 0.000000
vn -0.309018 0.951056 0.000000
vn 0.000000 0.000000 -1.000000
vn 0.000002 0.000000 -1.000000
vn 0.588041 -0.808831 0.000000
vn 0.809016 -0.587787 0.000000
vn 0.809016 -0.587787 0.000000
vn 0.588041 -0.808831 0.000000
vn 0.000004 0.000000 1.000000
vn 0.000000 0.000000 1.000000
vn 0.000000 1.000000 0.000000
vn 0.000000 1.000000 0.000000
vn 0.000000 1.000000 0.000000
vn 0.000000 1.000000 0.000000
vn -1.000000 0.000000 0.000000
vn -1.000000 0.000000 0.000000
vn -1.000000 0.000000 0.000000
vn -1.000000 0.000000 0.000000
vn 0.000000 -1.000000 0.000000
vn 0.000000 -1.000000 0.000000
vn 0.000000 -1.000000 0.000000
vn 0.000000 -1.000000 0.000000
vn 1.000000 0.000000 0.000000
vn 1.000000 0.000000 0.000000
vn 1.000000 0.000000 0.000000
vn 1.000000 0.000000 0.000000
vn 0.000000 0.000000 1.000000
vn -0.000000 0.000000 1.000000
vn 0.587974 0.808880 0.000000
vn 0.809016 0.587787 0.000000
vn 0.809016 0.587787 0.000000
vn 0.587974 0.808880 0.000000
vn 0.000000 0.000000 -1.000000
vn 0.000000 0.000000 -1.000000
vn 0.000000 -1.000000 0.000000
vn -0.309017 -0.951056 0.000000
vn -0.309017 -0.951056 0.000000
vn 0.000000 -1.000000 0.000000
vn 0.309018 -0.951056 0.000000
vn 0.309018 -0.951056 0.000000
vn 0.309018 -0.951056 0.000000
vn 0.309018 -0.951056 0.000000
vn 0.587784 -0.809018 0.000000
vn 0.587784 -0.809018 0.000000
vn 0.809017 -0.587785 0.000000
vn 0.809017 -0.587785 0.000000
vn 0.809017 -0.587785 0.000000
vn 0.809017 -0.587785 0.000000
vn 0.951057 -0.309014 0.000000
vn 0.951057 -0.309014 0.000000
vn 0.951057 -0.309014 0.000000
vn 0.951057 -0.309014 0.000000
vn 1.000000 0.000000 0.000000
vn 1.000000 0.000000 0.000000
vn 0.951057 0.309014 0.000000
vn 0.951057 0.309014 0.000000
vn 0.951057 0.309014 0.000000
vn 0.951057 0.309014 0.000000
vn 0.809017 0.587785 0.000000
vn 0.809017 0.587785 0.000000
vn 0.809017 0.587785 0.000000
vn 0.809017 0.587785 0.000000
vn 0.587784 0.809018 0.000000
vn 0.587784 0.809018 0.000000
vn 0.000000 1.000000 0.000000
vn 0.000000 1.000000 0.000000
vn -0.309018 0.951056 0.000000
vn -0.309018 0.951056 0.000000
vn -0.309018 0.951056 0.000000
vn -0.309018 0.951056 0.000000
vn -0.587786 0.809016 0.000000
vn -0.587786 0.809016 0.000000
vn -0.809017 0.587785 0.000000
vn -0.809017 0.587785 0.000000
vn -0.809017 0.587785 0.000000
vn -0.809017 0.587785 0.000000
vn -0.951056 0.309017 0.000000
vn -0.951056 0.309017 0.000000
vn -0.951056 0.309017 0.000000
vn -0.951056 0.309017 0.000000
vn -1.000000 0.000000 0.000000
vn -1.000000 0.000000 0.000000
vn -0.951057 -0.309014 0.000000
vn -0.951057 -0.309014 0.000000
vn -0.951057 -0.309014 0.000000
vn -0.951057 -0.309014 0.000000
vn -0.809017 -0.587785 0.000000
vn -0.809017 -0.587785 0.000000
vn -0.809017 -0.587785 0.000000
vn -0.809017 -0.587785 0.000000
vn -0.587784 -0.809018 0.000000
vn -0.587784 -0.809018 0.000000
vn -0.309017 -0.951056 0.000000
vn -0.309017 -0.951056 0.000000
vn -0.309017 -0.951056 0.000000
vn -0.309017 -0.951056 0.000000
vn 0.000000 -1.000000 0.000000
vn 0.000000 -1.000000 0.000000
vn 0.309018 -0.951056 0.000000
vn 0.309018 -0.951056 0.000000
vn 0.309018 -0.951056 0.000000
vn 0.309018 -0.951056 0.000000
vn 0.587784 -0.809018 0.000000
vn 0.587784 -0.809018 0.000000
vn 0.809017 -0.587785 0.000000
vn 0.809017 -0.587785 0.000000
vn 0.809017 -0.587785 0.000000
vn 0.809017 -0.587785 0.000000
vn 0.951057 -0.309014 0.000000
vn 0.951057 -0.309014 0.000000
vn 0.951057 -0.309014 0.000000
vn 0.951057 -0.309014 0.000000
vn 1.000000 0.000000 0.000000
vn 1.000000 0.000000 0.000000
vn 0.951057 0.309014 0.000000
vn 0.951057 0.309014 0.000000
vn 0.951057 0.309014 0.000000
vn 0.951057 0.309014 0.000000
vn 0.809017 0.587785 0.000000
vn 0.809017 0.587785 0.000000
vn 0.809017 0.587785 0.000000
vn 0.809017 0.587785 0.000000
vn 0.587784 0.809018 0.000000
vn 0.587784 0.809018 0.000000
vn 0.309018 0.951056 0.000000
vn 0.309018 0.951056 0.000000
vn 0.309018 0.951056 0.000000
vn 0.309018 0.951056 0.000000
vn 0.309018 0.951056 0.000000
vn 0.309018 0.951056 0.000000
vn 0.309018 0.951056 0.000000
vn 0.309018 0.951056 0.000000
vn 0.000000 1.000000 0.000000
vn 0.000000 1.000000 0.000000
vn 0.000000 0.000000 -1.000000
vn 0.000000 0.000000 -1.000000
vn 0.587974 -0.808880 0.000000
vn 0.809016 -0.587787 0.000000
vn 0.809016 -0.587787 0.000000
vn 0.587974 -0.808880 0.000000
vn 0.000002 0.000000 1.000000
vn 0.000000 0.000000 1.000000
vn -0.309018 0.951056 0.000000
vn -0.309018 0.951056 0.000000
vn 0.000000 1.000000 0.000000
vn 0.000000 1.000000 0.000000
vn 0.000000 1.000000 0.000000
vn 0.000000 1.000000 0.000000
vn 0.156433 -0.987689 -0.000001
vn 0.156433 -0.987689 -0.000001
vn 0.156433 -0.987689 -0.000001
vn 0.156433 -0.987689 -0.000001
vn -0.156438 -0.987688 0.000004
vn -0.156438 -0.987688 0.000004
vn -0.156438 -0.987688 0.000004
vn -0.156438 -0.987688 0.000004
vn -0.453993 -0.891006 0.000000
vn -0.453993 -0.891005 0.000000
vn -0.453993 -0.891005 0.000000
vn -0.453993 -0.891006 0.000000
vn -0.707107 -0.707107 -0.000004
vn -0.707107 -0.707107 -0.000004
vn -0.707107 -0.707107 -0.000004
vn -0.707107 -0.707107 -0.000004
vn -0.891006 -0.453993 -0.000013
vn -0.891005 -0.453993 -0.000013
vn -0.891005 -0.453993 -0.000013
vn -0.891005 -0.453993 -0.000013
vn -0.987688 -0.156437 -0.000013
vn -0.987688 -0.156437 -0.000013
vn -0.987688 -0.156437 -0.000013
vn -0.987688 -0.156437 -0.000013
vn -0.987687 0.156443 0.000003
vn -0.987687 0.156443 0.000003
vn -0.987687 0.156443 0.000003
vn -0.987687 0.156443 0.000003
vn -0.891009 0.453985 0.000004
vn -0.891009 0.453985 0.000004
vn -0.891009 0.453985 0.000004
vn -0.891009 0.453985 0.000004
vn -0.707107 0.707107 -0.000009
vn -0.707107 0.707107 -0.000009
vn -0.707107 0.707107 -0.000009
vn -0.707107 0.707107 -0.000009
vn -0.453982 0.891011 -0.000004
vn -0.453982 0.891011 -0.000004
vn -0.453982 0.891011 -0.000004
vn -0.453982 0.891011 -0.000004
vn -0.156439 0.987688 0.000000
vn -0.156439 0.987688 0.000000
vn -0.156439 0.987688 0.000000
vn -0.156439 0.987688 0.000000
vn 0.156434 0.987688 0.000000
vn 0.156434 0.987688 0.000000
vn 0.156434 0.987688 0.000000
vn 0.156434 0.987688 0.000000
vn 0.453989 0.891007 0.000000
vn 0.453989 0.891007 0.000000
vn 0.453989 0.891007 0.000000
vn 0.453989 0.891007 0.000000
vn 0.707107 0.707107 0.000000
vn 0.707107 0.707107 0.000000
vn 0.707107 0.707107 0.000000
vn 0.707107 0.707107 0.000000
vn 0.891005 0.453993 -0.000007
vn 0.891005 0.453993 -0.000007
vn 0.891005 0.453993 -0.000007
vn 0.891005 0.453993 -0.000007
vn 0.987689 0.156428 -0.000003
vn 0.987689 0.156428 -0.000003
vn 0.987689 0.156428 -0.000003
vn 0.987689 0.156428 -0.000003
vn 0.987690 -0.156426 0.000000
vn 0.987690 -0.156426 0.000000
vn 0.987690 -0.156426 0.000000
vn 0.987690 -0.156426 0.000000
vn 0.891006 -0.453993 -0.000004
vn 0.891006 -0.453993 -0.000004
vn 0.891006 -0.453993 -0.000004
vn 0.891006 -0.453993 -0.000004
vn 0.707102 -0.707111 -0.000009
vn 0.707102 -0.707111 -0.000009
vn 0.707102 -0.707111 -0.000009
vn 0.707102 -0.707111 -0.000009
vn 0.453992 -0.891006 -0.000007
vn 0.453992 -0.891006 -0.000007
vn 0.453992 -0.891006 -0.000007
vn 0.453992 -0.891006 -0.000007
vn -0.000004 0.000000 -1.000000
vn 0.000000 0.000000 -1.000000
vn 0.000000 0.000000 -1.000000
vn -0.000000 0.000000 -1.000000
vn 0.000000 0.000000 -1.000000
vn -0.000000 0.000000 -1.000000
vn 0.000000 0.000000 -1.000000
vn -0.000002 0.000000 -1.000000
vn 0.000000 0.000000 -1.000000
vn -0.000004 0.000000 -1.000000
vn 0.000000 0.000000 -1.000000
vn -0.000004 0.000000 -1.000000
vn 0.000000 0.000000 -1.000000
vn 0.000000 0.000000 -1.000000
vn 0.000000 0.000000 -1.000000
vn 0.000000 0.000000 -1.000000
vn 0.000000 0.000000 -1.000000
vn 0.000000 0.000000 -1.000000
vn 0.000000 0.000000 -1.000000
vn 0.000001 0.000000 -1.000000
vn 0.000000 0.000000 -1.000000
vn -0.000000 0.000000 -1.000000
vn 0.000000 0.000000 -1.000000
vn -0.000003 0.000000 -1.000000
vn 0.000000 0.000000 -1.000000
vn -0.000006 0.000000 -1.000000
vn 0.000000 0.000000 -1.000000
vn -0.000004 0.000000 -1.000000
vn 0.000000 0.000000 -1.000000
vn 0.000000 0.000000 -1.000000
vn 0.000000 0.000000 -1.000000
vn 0.000000 0.000000 -1.000000
vn 0.000000 0.000000 -1.000000
vn 0.000000 0.000000 -1.000000
vn 0.000000 0.000000 -1.000000
vn 0.000000 0.000000 -1.000000
vn 0.000000 0.000000 -1.000000
vn 0.000000 0.000000 -1.000000
vn 0.000000 0.000000 -1.000000
vn -0.000002 0.000000 -1.000000
vn -0.309017 -0.951056 0.000000
vn -0.587784 -0.809018 0.000000
vn -0.587784 -0.809018 0.000000
vn -0.309017 -0.951056 0.000000
vn 0.000000 0.000000 1.000000
vn 0.000002 0.000000 1.000000
vn 0.951054 0.309025 0.000000
vn 0.951054 0.309025 0.000000
vn -0.000002 0.000000 -1.000000
vn 0.000000 0.000000 -1.000000
vn -0.309018 0.951056 0.000000
vn -0.309018 0.951056 0.000000
vn -0.587786 0.809016 0.000000
vn -0.587786 0.809016 0.000000
vn 0.000000 0.000000 -1.000000
vn 0.000004 0.000000 -1.000000
vn 0.951054 -0.309025 0.000000
vn 0.951054 -0.309025 0.000000
vn 0.000004 0.000000 1.000000
vn 0.000000 0.000000 1.000000
vn -0.309017 -0.951056 0.000000
vn -0.587784 -0.809018 0.000000
vn -0.587784 -0.809018 0.000000
vn -0.309017 -0.951056 0.000000
vn 0.000000 0.000000 1.000000
vn 0.000002 0.000000 1.000000
vn 0.951056 0.309018 0.000000
vn 0.951056 0.309018 0.000000
vn -0.000002 0.000000 -1.000000
vn 0.000000 0.000000 -1.000000
vn -0.309018 0.951056 0.000000
vn -0.309018 0.951056 0.000000
vn -0.587786 0.809016 0.000000
vn -0.587786 0.809016 0.000000
vn 0.000000 0.000000 -1.000000
vn 0.000004 0.000000 -1.000000
vn 0.951056 -0.309018 0.000000
vn 0.951056 -0.309018 0.000000
vn 0.000004 0.000000 1.000000
vn 0.000000 0.000000 1.000000
vn 0.000002 0.000000 1.000000
vn 0.000000 0.000000 1.000000
vn 0.000000 0.000000 1.000000
vn 0.000000 0.000000 1.000000
vn 0.000000 0.000000 1.000000
vn -0.000002 0.000000 1.000000
vn 0.000000 0.000000 1.000000
vn 0.000002 0.000000 1.000000
vn 0.000000 0.000000 1.000000
vn 0.000002 0.000000 1.000000
vn 0.000000 0.000000 1.000000
vn 0.000000 0.000000 1.000000
vn 0.000000 0.000000 1.000000
vn 0.000000 0.000000 1.000000
vn 0.000000 0.000000 1.000000
vn 0.000000 0.000000 1.000000
vn 0.000000 0.000000 1.000000
vn 0.000002 0.000000 1.000000
vn 0.000000 0.000000 1.000000
vn 0.000002 0.000000 1.000000
vn 0.000000 0.000000 1.000000
vn -0.000001 0.000000 1.000000
vn 0.000000 0.000000 1.000000
vn -0.000002 0.000000 1.000000
vn 0.000000 0.000000 1.000000
vn -0.000001 0.000000 1.000000
vn 0.000000 0.000000 1.000000
vn -0.000002 0.000000 1.000000
vn 0.000000 0.000000 1.000000
vn 0.000002 0.000000 1.000000
vn 0.000000 0.000000 1.000000
vn 0.000004 0.000000 1.000000
vn 0.000000 0.000000 1.000000
vn 0.000000 0.000000 1.000000
vn 0.000000 0.000000 1.000000
vn 0.000000 0.000000 1.000000
vn 0.000000 0.000000 1.000000
vn 0.000002 0.000000 1.000000
vn 0.000000 0.000000 1.000000
vn 0.000002 0.000000 1.000000
vn 0.000000 1.000000 0.000000
vn 0.000000 1.000000 0.000000
vn -0.309018 0.951056 0.000000
vn -0.309018 0.951056 0.000000
vn -0.309018 0.951056 0.000000
vn -0.309018 0.951056 0.000000
vn -0.587786 0.809016 0.000000
vn -0.587786 0.809016 0.000000
vn -0.809017 0.587785 0.000000
vn -0.809017 0.587785 0.000000
vn -0.809017 0.587785 0.000000
vn -0.809017 0.587785 0.000000
vn -0.951056 0.309017 0.000000
vn -0.951056 0.309017 0.000000
vn -0.951056 0.309017 0.000000
vn -0.951056 0.309017 0.000000
vn -1.000000 0.000000 0.000000
vn -1.000000 0.000000 0.000000
vn -0.951057 -0.309014 0.000000
vn -0.951057 -0.309014 0.000000
vn -0.951057 -0.309014 0.000000
vn -0.951057 -0.309014 0.000000
vn -0.809017 -0.587785 0.000000
vn -0.809017 -0.587785 0.000000
vn -0.809017 -0.587785 0.000000
vn -0.809017 -0.587785 0.000000
vn -0.587784 -0.809018 0.000000
vn -0.587784 -0.809018 0.000000
vn -0.309017 -0.951056 0.000000
vn -0.309017 -0.951056 0.000000
vn -0.309017 -0.951056 0.000000
vn -0.309017 -0.951056 0.000000
vn 0.000000 -1.000000 0.000000
vn 0.000000 -1.000000 0.000000
vn 0.309018 -0.951056 0.000000
vn 0.309018 -0.951056 0.000000
vn 0.309018 -0.951056 0.000000
vn 0.309018 -0.951056 0.000000
vn 0.587784 -0.809018 0.000000
vn 0.587784 -0.809018 0.000000
vn 0.809017 -0.587785 0.000000
vn 0.809017 -0.587785 0.000000
vn 0.809017 -0.587785 0.000000
vn 0.809017 -0.587785 0.000000
vn 0.951057 -0.309014 0.000000
vn 0.951057 -0.309014 0.000000
vn 0.951057 -0.309014 0.000000
vn 0.951057 -0.309014 0.000000
vn 1.000000 0.000000 0.000000
vn 1.000000 0.000000 0.000000
vn 0.951057 0.309014 0.000000
vn 0.951057 0.309014 0.000000
vn 0.951057 0.309014 0.000000
vn 0.951057 0.309014 0.000000
vn 0.809017 0.587785 0.000000
vn 0.809017 0.587785 0.000000
vn 0.809017 0.587785 0.000000
vn 0.809017 0.587785 0.000000
vn 0.587784 0.809018 0.000000
vn 0.587784 0.809018 0.000000
vn 0.309018 0.951056 0.000000
vn 0.309018 0.951056 0.000000
vn 0.309018 0.951056 0.000000
vn 0.309018 0.951056 0.000000
vn -0.809017 -0.587785 0.000000
vn -0.809017 -0.587785 0.000000
vn 0.000000 0.000000 1.000000
vn 0.000004 0.000000 1.000000
vn 1.000000 0.000000 0.000000
vn 1.000000 0.000000 0.000000
vn -0.000004 0.000000 -1.000000
vn 0.000000 0.000000 -1.000000
vn -0.809017 0.587785 0.000000
vn -0.809017 0.587785 0.000000
vn 0.000000 0.000000 -1.000000
vn 0.000004 0.000000 -1.000000
vn 0.000003 0.000000 1.000000
vn 0.000000 0.000000 1.000000
vn -0.809017 -0.587785 0.000000
vn -0.809017 -0.587785 0.000000
vn 0.000000 0.000000 1.000000
vn 0.000004 0.000000 1.000000
vn 1.000000 0.000000 0.000000
vn 1.000000 0.000000 0.000000
vn -0.000004 0.000000 -1.000000
vn 0.000000 0.000000 -1.000000
vn -0.809017 0.587785 0.000000
vn -0.809017 0.587785 0.000000
vn 0.000000 0.000000 -1.000000
vn 0.000004 0.000000 -1.000000
vn 0.000003 0.000000 1.000000
vn 0.000000 0.000000 1.000000
vn -0.809017 -0.587785 0.000000
vn -0.809017 -0.587785 0.000000
vn -0.951057 -0.309014 0.000000
vn -0.951057 -0.309014 0.000000
vn 0.000000 0.000000 1.000000
vn 0.000007 0.000000 1.000000
vn -0.000002 0.000000 -1.000000
vn 0.000000 0.000000 -1.000000
vn -0.809017 0.587785 0.000000
vn -0.809017 0.587785 0.000000
vn -0.951056 0.309017 0.000000
vn -0.951056 0.309017 0.000000
vn -0.809017 -0.587785 0.000000
vn -0.809017 -0.587785 0.000000
vn -0.951057 -0.309014 0.000000
vn -0.951057 -0.309014 0.000000
vn 0.000000 0.000000 1.000000
vn 0.000007 0.000000 1.000000
vn -0.000002 0.000000 -1.000000
vn 0.000000 0.000000 -1.000000
vn -0.809017 0.587785 0.000000
vn -0.809017 0.587785 0.000000
vn -0.951056 0.309017 0.000000
vn -0.951056 0.309017 0.000000
vn -0.951057 -0.309014 0.000000
vn -0.951057 -0.309014 0.000000
vn -0.951516 0.000276 0.307599
vn -0.951516 0.000276 0.307599
vn -1.000000 0.000000 0.000000
vn -1.000000 0.000000 0.000000
vn -0.000000 1.000000 -0.000004
vn -0.000000 1.000000 -0.000004
vn -0.000000 1.000000 -0.000004
vn -0.000000 1.000000 -0.000005
vn -0.000000 1.000000 -0.000005
vn -0.000000 1.000000 -0.000005
vn 0.000000 1.000000 0.000000
vn 0.000000 1.000000 0.000000
vn 0.000000 1.000000 0.000000
vn 0.000000 1.000000 0.000000
vn 0.000000 1.000000 0.000000
vn 0.000000 1.000000 0.000000
vn 0.000000 1.000000 0.000000
vn 0.000000 1.000000 0.000000
vn -0.000000 0.000000 -1.000000
vn 0.000002 0.000000 -1.000000
vn 0.000002 0.000000 -1.000000
vn 0.000002 0.000000 -1.000000
vn -0.000000 0.000000 -1.000000
vn -0.000000 0.000000 -1.000000
vn -0.000000 0.000000 -1.000000
vn -0.000000 0.000000 -1.000000
vn -0.000000 0.000000 -1.000000
vn -0.000000 0.000000 -1.000000
vn 0.000000 0.000000 -1.000000
vn 0.000000 0.000000 -1.000000
vn 0.000000 0.000000 -1.000000
vn 0.000000 0.000000 -1.000000
vn 0.000000 0.000000 -1.000000
vn 0.000000 0.000000 -1.000000
vn 0.000000 0.000000 -1.000000
vn 0.000000 0.000000 -1.000000
vn 0.000000 0.000000 1.000000
vn 0.000000 0.000000 1.000000
vn 0.000000 0.000000 1.000000
vn 0.000000 0.000000 1.000000
vn 0.000000 0.000000 1.000000
vn 0.000000 0.000000 1.000000
vn 0.000000 0.000000 1.000000
vn 0.000000 0.000000 1.000000
vn -0.001385 0.000000 -0.999999
vn -0.001385 0.000000 -0.999999
vn -0.001385 0.000000 -0.999999
vn -0.001385 0.000000 -0.999999
vn 0.000000 0.000000 -1.000000
vn 0.000000 0.000000 -1.000000
vn 0.000000 0.000000 -1.000000
vn 0.000000 0.000000 -1.000000
vn -1.000000 0.000000 0.000000
vn -1.000000 -0.000000 0.000000
vn -1.000000 -0.000000 0.000000
vn -1.000000 -0.000000 0.000000
vn -1.000000 0.000000 0.000000
vn -1.000000 0.000000 0.000000
vn -1.000000 0.000001 0.000000
vn -1.000000 0.000001 0.000000
vn -1.000000 0.000001 0.000000
vn -1.000000 0.000001 0.000000
vn -1.000000 0.000001 0.000000
vn -1.000000 0.000001 0.000000
vn 0.000000 0.000000 -1.000000
vn 0.000000 0.000000 -1.000000
vn 0.000000 0.000000 -1.000000
vn 0.000000 0.000000 -1.000000
vn 0.000000 0.000000 -1.000000
vn 0.000000 0.000000 -1.000000
vn -1.000000 0.000000 0.000000
vn -1.000000 0.000000 0.000000
vn -1.000000 0.000000 0.000000
vn -1.000000 -0.000001 0.000000
vn -1.000000 -0.000001 0.000000
vn -1.000000 -0.000001 0.000000
vn -0.999549 0.000001 0.030026
vn -0.999548 0.000000 0.030046
vn -0.999548 0.000000 0.030046
vn -0.999548 0.000000 0.030046
vn -0.999549 0.000181 0.030042
vn -0.999549 0.000181 0.030042
vn 0.992709 -0.000000 0.120533
vn 0.992709 -0.000000 0.120533
vn 0.992709 -0.000000 0.120533
vn 0.454430 -0.890782 0.000000
vn 0.454430 -0.890782 0.000000
vn 0.454430 -0.890782 0.000000
vn 0.454430 -0.890782 0.000000
vn 0.000000 -1.000000 0.000000
vn 0.004434 -0.999990 -0.000038
vn 0.004434 -0.999990 -0.000038
vn 0.004434 -0.999990 -0.000038
vn 0.000000 -1.000000 0.000000
vn 0.000000 -1.000000 0.000000
vn 0.454431 0.890782 0.000000
vn 0.454431 0.890782 0.000000
vn 0.454431 0.890782 0.000000
vn 0.454431 0.890782 0.000000
vn 0.000000 -1.000000 0.000000
vn 0.000000 -1.000000 -0.000000
vn 0.000000 -1.000000 0.000000
vn 0.000000 -1.000000 -0.000000
vn 0.000000 -1.000000 0.000000
vn 0.000000 -1.000000 0.000000
vn 0.000000 -1.000000 0.000000
vn 0.000000 -1.000000 0.000000
vn 0.000000 -1.000000 0.000000
vn 0.000000 -1.000000 0.000001
vn 0.000000 -1.000000 0.000001
vn 0.000000 -1.000000 0.000001
vn 0.940888 0.000001 -0.338717
vn 0.940888 0.000001 -0.338717
vn 0.940888 0.000001 -0.338717
vn 0.454582 -0.890705 0.000000
vn 0.454582 -0.890705 0.000000
vn 0.454582 -0.890705 0.000000
vn 0.454582 -0.890705 0.000000
vn 0.454585 0.890703 0.000000
vn 0.454585 0.890703 0.000000
vn 0.454585 0.890703 0.000000
vn 0.454585 0.890703 0.000000
vn -1.000000 0.000000 0.000000
vn -1.000000 -0.000007 0.000222
vn -1.000000 0.000000 0.000000
vn -1.000000 0.000000 0.000000
vn -1.000000 0.000000 0.000000
vn -1.000000 0.000000 0.000000
vn -0.000135 -0.999997 -0.002504
vn -0.000135 -0.999997 -0.002504
vn -0.000511 -1.000000 0.000004
vn -0.000511 -1.000000 0.000004
vn -0.000135 -0.999997 -0.002504
vn -0.000135 -0.999997 -0.002504
vn 0.999560 0.029657 -0.000001
vn 0.999560 0.029657 -0.000001
vn 0.999560 0.029657 -0.000001
vn 0.999560 0.029657 -0.000001
vn 0.999560 0.029657 -0.000001
vn 0.999560 0.029657 -0.000001
vn 0.000000 0.000000 1.000000
vn 0.000000 0.000000 1.000000
vn 0.000000 0.000000 1.000000
vn 0.000000 0.000000 1.000000
vn 0.000000 0.000000 1.000000
vn 0.000000 0.000000 1.000000
vn 0.000000 0.000000 1.000000
vn 1.000000 0.000000 0.000000
vn 1.000000 0.000000 0.000000
vn 1.000000 0.000000 0.000000
vn 1.000000 0.000000 0.000000
vn 1.000000 0.000000 0.000000
vn 1.000000 0.000000 0.000000
vn 1.000000 0.000000 0.000000
vn 0.000000 1.000000 0.000000
vn 0.000000 1.000000 -0.000000
vn 0.000000 1.000000 0.000000
vn 0.000000 1.000000 0.000000
vn 0.000000 1.000000 0.000000
vn 0.000000 1.000000 0.000000
vn 0.000000 1.000000 0.000000
vn 0.000000 1.000000 0.000000
vn 0.000000 1.000000 0.000000
vn 0.000000 1.000000 0.000000
vn 0.000000 1.000000 0.000000
vn 0.000000 1.000000 0.000000
vn 0.000000 1.000000 0.000000
vn 0.000000 1.000000 0.000000
vn 0.000000 1.000000 0.000000
vn 0.000000 1.000000 0.000000
vn 0.000000 1.000000 0.000000
vn 0.000000 1.000000 0.000000
vn 0.000000 1.000000 0.000000
vn 0.000000 1.000000 0.000000
vn 0.000000 1.000000 0.000000
vn 1.000000 0.000000 0.000000
vn 1.000000 -0.000001 0.000000
vn 1.000000 -0.000001 0.000000
vn 1.000000 0.000000 0.000000
vn 1.000000 0.000000 0.000000
vn 1.000000 0.000000 0.000000
vn 1.000000 -0.000001 0.000000
vn 0.000005 0.000025 1.000000
vn 0.000005 0.000025 1.000000
vn 0.000000 0.000000 1.000000
vn 0.000000 0.000000 1.000000
vn 0.000005 0.000025 1.000000
vn 0.000005 0.000025 1.000000
vn 0.000005 0.000025 1.000000
vn 0.000000 1.000000 0.000000
vn 0.000000 1.000000 0.000000
vn 0.000000 1.000000 0.000000
vn 0.000000 1.000000 0.000000
vn 0.000000 1.000000 0.000000
vn 0.000000 1.000000 0.000000
vn 0.000000 1.000000 0.000000
vn 0.000000 1.000000 0.000000
vn 0.000000 1.000000 0.000000
vn 0.000000 1.000000 0.000000
vn 0.000000 1.000000 0.000000
vn 0.000000 1.000000 0.000000
vn 0.000000 1.000000 0.000000
vn 0.000000 1.000000 0.000000
vn 0.999985 0.005526 -0.000000
vn 0.445625 0.895220 -0.000020
vn 0.446403 0.894832 -0.000020
vn 0.999985 0.005554 -0.000000
vn 0.999985 0.005554 -0.000000
vn 0.999985 0.005554 -0.000000
vn 0.896748 0.442541 -0.000010
vn -0.000067 -1.000000 0.000022
vn -0.000067 -1.000000 0.000022
vn -0.000067 -1.000000 0.000022
vn -0.000067 -1.000000 0.000022
vn -0.000067 -1.000000 0.000022
vn -0.000067 -1.000000 0.000022
vn -0.000067 -1.000000 0.000022
vn 0.000081 -0.506536 0.862219
vn 0.000082 -0.497998 0.867178
vn 0.000193 -0.999852 0.017207
vn 0.000193 -0.999730 0.023217
vn 0.024960 -0.999604 0.012959
vn 0.000078 -0.495529 0.868591
vn 0.000078 -0.495529 0.868591
vn -0.399953 -0.016643 0.916385
vn -0.399954 -0.016465 0.916387
vn -0.399954 -0.016465 0.916387
vn -0.651275 0.000000 0.758842
vn -0.651275 0.000000 0.758842
vn -0.651275 0.000000 0.758842
vn -0.657618 0.000000 0.753351
vn 0.000004 -1.000000 0.000436
vn 0.000004 -1.000000 0.000436
vn 0.000004 -1.000000 0.000436
vn -0.000047 -1.000000 0.000050
vn -0.000093 -1.000000 0.000050
vn 0.000000 0.000000 -1.000000
vn -0.000021 -0.000020 -1.000000
vn -0.000021 -0.000020 -1.000000
vn -0.000021 -0.000020 -1.000000
vn 0.000000 0.000000 -1.000000
vn -0.950809 0.309778 0.000000
vn 1.000000 0.000000 0.000000
vn 1.000000 0.000000 0.000000
vn 1.000000 0.000000 0.000000
vn 1.000000 0.000000 0.000000
vn 1.000000 0.000000 0.000000
vn -1.000000 0.000000 0.000000
vn -1.000000 0.000000 0.000000
vn -1.000000 0.000001 0.000000
vn -1.000000 0.000001 0.000000
vn -1.000000 0.000000 0.000000
vn 1.000000 0.000000 0.000000
vn 1.000000 0.000001 0.000000
vn 1.000000 0.000001 0.000000
vn 1.000000 0.000000 0.000000
vn 1.000000 0.000000 0.000000
vn -1.000000 -0.000130 0.000000
vn -1.000000 -0.000130 0.000000
vn -1.000000 -0.000130 0.000000
vn -1.000000 -0.000130 0.000000
vn -1.000000 -0.000130 0.000000
vn 1.000000 -0.000233 -0.000000
vn 1.000000 -0.000233 -0.000000
vn 1.000000 -0.000233 -0.000000
vn 1.000000 -0.000233 -0.000000
vn 1.000000 -0.000233 -0.000000
vn 1.000000 0.000000 0.000000
vn 1.000000 0.000000 0.000000
vn 1.000000 0.000000 0.000000
vn 1.000000 0.000000 0.000000
vn 1.000000 0.000000 0.000000
vn 1.000000 0.000000 0.000000
vn 1.000000 -0.000000 0.000000
vn 1.000000 0.000000 0.000000
vn 0.886045 0.000000 -0.463599
vn 0.886045 0.000000 -0.463599
vn 0.886065 0.001453 -0.463559
vn 0.886062 -0.001102 -0.463565
vn 0.886045 0.000000 -0.463599
vn -0.010159 -0.999948 0.000148
vn -0.006627 -0.999978 0.000108
vn -0.006627 -0.999978 0.000108
vn -0.006627 -0.999978 0.000108
vn -0.010159 -0.999948 0.000148
vn -0.981049 -0.056703 0.185277
vn -0.981049 -0.056703 0.185277
vn -0.981049 -0.056703 0.185277
vn -0.981049 -0.056703 0.185277
vn -0.981049 -0.056703 0.185277
vn 0.000047 1.000000 -0.000050
vn 0.000047 1.000000 -0.000050
vn 0.000047 1.000000 -0.000050
vn 0.000047 1.000000 -0.000050
vn 0.000047 1.000000 -0.000050
vn 0.000047 1.000000 -0.000050
vn 0.000047 1.000000 -0.000050
vn 0.000047 1.000000 -0.000050
vn 0.000047 1.000000 -0.000050
vn 0.000047 1.000000 -0.000050
vn 0.000047 1.000000 -0.000050
vn 0.000047 1.000000 -0.000050
vn 0.000047 1.000000 -0.000050
vn 0.000047 1.000000 -0.000050
vn 0.000000 -1.000000 0.000000
vn 0.000000 -1.000000 0.000000
vn 0.000000 -1.000000 0.000000
vn 0.000000 -1.000000 0.000000
vn 0.000000 -1.000000 0.000000
vn 0.000000 -1.000000 0.000000
vn 0.000000 -1.000000 0.000000
vn 0.000000 -1.000000 0.000000
vn 0.000000 -1.000000 0.000000
vn 0.000000 -1.000000 0.000000
vn -0.000000 -1.000000 0.000000
vn -0.000000 -1.000000 0.000000
vn 0.000000 -1.000000 0.000000
vn 0.000000 -1.000000 0.000000
vn -1.000000 0.000000 0.000000
vn -1.000000 0.000000 0.000000
vn -1.000000 0.000000 0.000000
vn -1.000000 0.000000 0.000000
vn -1.000000 0.000003 -0.000001
vn -1.000000 0.000003 -0.000001
vn -1.000000 0.000003 -0.000001
vn -1.000000 0.000003 -0.000001
vn -1.000000 0.000000 0.000000
vn 0.000000 -0.000000 1.000000
vn 0.000000 -0.000000 1.000000
vn 0.000000 -0.000000 1.000000
vn 0.000000 -0.000000 1.000000
vn 0.000000 -0.000000 1.000000
vn 0.000000 -0.000000 1.000000
vn 0.000000 -0.000000 1.000000
vn 0.000000 -0.000000 1.000000
vn 0.000000 -0.000000 1.000000
vn 0.000000 0.000000 -1.000000
vn 0.000000 0.000000 -1.000000
vn 0.000000 0.000000 -1.000000
vn 0.000000 0.000000 -1.000000
vn 0.000000 0.000000 -1.000000
vn 0.000000 0.000000 -1.000000
vn 0.000000 0.000000 -1.000000
vn 0.000000 0.000000 -1.000000
vn 0.000000 0.000000 -1.000000
vn 0.000000 0.000000 -1.000000
vn 0.000000 0.000000 -1.000000
vn 0.000000 0.000000 -1.000000
vn 0.000000 0.000000 -1.000000
vn 0.000000 0.000000 -1.000000
vn 0.000000 0.000000 -1.000000
vn 0.000000 0.000000 -1.000000
vn 0.000000 0.000000 -1.000000
vn 0.000000 0.000000 -1.000000
vn 0.000000 0.000000 -1.000000
vn 0.000000 0.000000 -1.000000
vn 0.000000 0.000000 -1.000000
vn 0.000000 0.000000 -1.000000
vn 0.000000 0.000000 -1.000000
vn 0.000000 0.000000 -1.000000
vn 0.000000 -0.000745 1.000000
vn 0.000000 -0.000745 1.000000
vn 0.000000 -0.000745 1.000000
vn 0.000000 -0.000745 1.000000
vn 0.000000 0.000000 1.000000
vn 0.000000 0.000000 1.000000
vn 0.000000 0.000000 1.000000
vn 0.000000 0.000000 1.000000
vn 0.000000 0.000000 1.000000
vn 0.000000 0.000000 1.000000
vn 0.000000 0.000000 1.000000
vn 0.000000 0.000000 1.000000
vn 0.000000 0.000000 1.000000
vn 0.000000 0.000000 1.000000
vn 0.000000 0.000000 1.000000
vn 0.000000 0.000000 1.000000
vn 0.000000 0.000000 1.000000
vn 0.000000 0.000000 1.000000
vn 0.000000 0.000000 1.000000
vn 0.000000 0.000000 1.000000
vn 0.000000 0.000000 1.000000
vn 0.000000 0.000000 1.000000
vn 0.000000 0.000000 1.000000
vn 0.000000 0.000000 1.000000
vn 0.000000 0.000000 1.000000
vn 0.000000 0.000000 1.000000
vn 0.000000 0.000000 1.000000
vn 0.000000 0.000000 1.000000
vn 0.000000 0.000000 1.000000
vn 0.000000 0.000000 1.000000
vn 0.000000 0.000000 1.000000
vn 0.000000 0.000000 1.000000
vn 0.000000 0.000000 1.000000
vn 0.000000 0.000000 1.000000
vn 0.000000 0.000000 1.000000
vn 0.000000 0.000000 1.000000
vn 0.000000 0.000000 1.000000
vn -0.000000 0.000000 1.000000
vn 0.000000 0.000000 1.000000
vn 0.000000 0.000000 1.000000
vn 0.000000 0.000000 1.000000
vn -0.000000 0.000000 1.000000
vn 0.000000 0.000000 1.000000
vn 0.000000 0.000000 1.000000
vn 0.000000 0.000000 1.000000
vn 0.000000 0.000000 1.000000
vn 0.000000 0.000000 1.000000
vn 0.000000 0.000000 1.000000
vn 0.000000 0.000000 1.000000
vn 0.000000 0.000000 1.000000
vn 0.000000 0.000000 1.000000
vn 0.000000 0.000000 1.000000
vn 0.000000 0.000000 1.000000
vn 0.000000 0.000000 1.000000
vn 0.000000 0.000000 1.000000
vn -0.000000 0.000000 1.000000
vn 0.000000 0.000000 1.000000
vn -0.000000 0.000000 1.000000
vn -0.000000 0.000000 1.000000
vn -0.000000 0.000000 1.000000
vn -0.000000 0.000000 1.000000
vn -0.000000 0.000000 1.000000
vn -0.000000 0.000000 1.000000
vn -0.000000 0.000000 1.000000
vn -0.000000 0.000000 1.000000
vn -0.000000 0.000000 1.000000
vn 0.000000 0.000000 1.000000
vn -0.000000 0.000000 1.000000
vn 0.000000 0.000000 1.000000
vn 0.000000 0.000000 1.000000
vn 0.000000 0.000000 1.000000
vn 0.000000 0.000000 1.000000
vn 0.000000 0.000000 1.000000
vn 0.000000 0.000000 1.000000
vn 0.000000 0.000000 1.000000
vn 0.000000 0.000000 1.000000
vn 0.000000 0.000000 1.000000
vn 0.000000 0.000000 1.000000
vn 0.000000 0.000000 1.000000
vn 0.000000 0.000000 1.000000
vn 0.000000 0.000000 1.000000
vn 0.000000 0.000000 1.000000
vn 0.000000 0.000000 1.000000
vn 0.000000 0.000000 1.000000
vn 0.000000 0.000000 1.000000
vn 0.000000 0.000000 1.000000
vn 0.000000 0.000000 1.000000
vn 0.000000 0.000000 1.000000
vn 0.000000 0.000000 1.000000
vn 0.000000 0.000000 1.000000
vn 0.000000 0.000000 1.000000
vn 0.000000 0.000000 1.000000
vn 0.000000 0.000000 1.000000
vn 0.000000 0.000000 1.000000
vn 0.000000 0.000000 1.000000
vn 0.000000 0.000000 1.000000
vn 0.000000 0.000000 1.000000
vn 0.000000 0.000000 1.000000
vn 0.000000 0.000000 1.000000
vn 0.000000 0.000000 1.000000
vn -0.000000 0.000000 1.000000
vn 0.000000 0.000000 1.000000
vn 0.000000 0.000000 1.000000
vn 0.000000 0.000000 1.000000
vn 0.000000 0.000000 1.000000
vn 0.000000 0.000000 1.000000
vn 0.000000 0.000000 1.000000
vn 0.000000 0.000000 1.000000
vn 0.000000 0.000000 1.000000
vn 0.000000 0.000000 1.000000
vn 0.000000 0.000000 1.000000
vn 0.000000 0.000000 1.000000
vn 0.000000 0.000000 1.000000
vn -0.000000 0.000000 1.000000
vn 0.000000 0.000000 1.000000
vn 0.000000 0.000000 1.000000
vn 0.000000 0.000000 1.000000
vn 0.000000 0.000000 1.000000
vn 0.000000 0.000000 1.000000
vn 0.000000 0.000000 1.000000
vn 0.000000 0.000000 1.000000
vn 0.000000 0.000000 1.000000
vn 0.000000 0.000000 1.000000
vn 0.000000 0.000000 1.000000
vn 0.000000 0.000000 1.000000
vn 0.000000 0.000000 1.000000
vn 0.000000 0.000000 1.000000
vn 0.000000 0.000000 1.000000
vn 0.000000 0.000000 1.000000
vn 0.000000 0.000000 1.000000
vn 0.000000 0.000000 1.000000
vn 0.000000 0.000000 1.000000
vn 0.000000 0.000000 1.000000
vn 0.000000 0.000000 1.000000
vn 0.000000 0.000000 1.000000
vn 0.000000 0.000000 1.000000
vn 0.000000 0.000000 1.000000
vn 0.000000 0.000000 1.000000
vn 0.000000 0.000000 1.000000
vn 0.000000 0.000000 1.000000
vn 0.000000 0.000000 1.000000
vn 0.000000 0.000000 1.000000
vn 0.000000 0.000000 1.000000
vn 0.000000 0.000000 1.000000
vn 0.000000 0.000000 1.000000
vn 0.000000 0.000000 1.000000
vn 0.000000 0.000000 1.000000
vn 0.000000 0.000000 1.000000
vn 0.000000 0.000000 1.000000
vn 0.000000 -1.000000 0.000000
vn 0.000000 -1.000000 0.000000
vn 0.000000 -1.000000 0.000000
vn -0.000000 -1.000000 -0.000000
vn 0.000000 -1.000000 0.000000
vn 0.000000 -1.000000 0.000000
vn 0.000000 -1.000000 0.000000
vn -0.000000 -0.000000 -0.000000
vn -0.000000 -1.000000 -0.000000
vn 0.000000 -1.000000 0.000000
vn -0.000000 -1.000000 -0.000000
vn -0.000000 -1.000000 -0.000000
vn 0.000410 -1.000000 -0.000213
vn 0.000000 -1.000000 0.000000
vn 0.000000 -1.000000 0.000000
vn 0.000000 -1.000000 0.000000
vn 0.000410 -1.000000 -0.000213
vn 0.000410 -1.000000 -0.000213
vn 0.000410 -1.000000 -0.000213
vn 0.000410 -1.000000 -0.000213
vn 0.000000 0.000000 -1.000000
vn -0.000000 0.000127 -1.000000
vn -0.000000 0.000127 -1.000000
vn -0.000000 0.000000 -1.000000
vn -0.000000 0.000000 -1.000000
vn 0.000000 0.000000 -1.000000
vn 0.000000 0.000000 -1.000000
vn 0.000000 0.000000 -1.000000
vn 0.000000 0.000000 -1.000000
vn 0.000000 0.000000 -1.000000
vn 0.000000 0.000000 -1.000000
vn 0.000000 0.000000 -1.000000
vn 0.000000 0.000000 -1.000000
vn 0.000000 0.000000 -1.000000
vn 0.000000 0.000000 -1.000000
vn 0.000000 0.000000 -1.000000
vn 0.000000 0.000000 -1.000000
vn 0.000000 0.000000 -1.000000
vn 0.000000 0.000000 -1.000000
vn 0.000000 0.000000 -1.000000
vn 0.000000 0.000000 -1.000000
vn 0.000000 0.000000 -1.000000
vn 0.000000 0.000000 -1.000000
vn 0.000000 0.000000 -1.000000
vn 0.000000 0.000000 -1.000000
vn 0.000000 0.000000 -1.000000
vn 0.000000 0.000000 -1.000000
vn 0.000000 0.000000 -1.000000
vn 0.000000 0.000000 -1.000000
vn 0.000000 0.000000 -1.000000
vn 0.000000 0.000000 -1.000000
vn 0.000000 0.000000 -1.000000
vn 0.000000 0.000000 -1.000000
vn 0.000000 0.000000 -1.000000
vn -0.000000 0.000127 -1.000000
vn 0.000000 0.000000 -1.000000
vn 0.000000 -0.000000 -1.000000
vn 0.000000 -0.000000 -1.000000
vn 0.000000 -0.000000 -1.000000
vn 0.000000 -0.000000 -1.000000
vn 0.000000 -0.000000 -1.000000
vn 0.000000 -0.000000 -1.000000
vn 0.000000 -0.000000 -1.000000
vn 0.000000 -0.000000 -1.000000
vn 0.000000 -0.000000 -1.000000
vn 0.000000 0.000000 -1.000000
vn -0.000000 0.000127 -1.000000
vn 0.000000 0.000000 -1.000000
vn 0.000000 0.000000 -1.000000
vn 0.000000 0.000000 -1.000000
vn 0.000000 -0.000000 -1.000000
vn 0.000000 -0.000000 -1.000000
vn 0.000000 -0.000000 -1.000000
vn 0.000000 -0.000000 -1.000000
vn 0.000000 -0.000000 -1.000000
vn 0.000000 -0.000000 -1.000000
vn 0.000000 -0.000000 -1.000000
vn 0.000000 -0.000000 -1.000000
vn 0.000000 -0.000000 -1.000000
vn 0.000000 -0.000000 -1.000000
vn 0.000000 -0.000000 -1.000000
vn 0.000000 -0.000000 -1.000000
vn 0.000000 -0.000000 -1.000000
vn 0.000000 -0.000000 -1.000000
vn 0.000000 -0.000000 -1.000000
vn 0.000000 -0.000000 -1.000000
vn 0.000000 -0.000000 -1.000000
vn -0.000000 0.000127 -1.000000
vn 0.000000 -0.000000 -1.000000
vn 0.000000 -0.000000 -1.000000
vn 0.000000 -0.000000 -1.000000
vn 0.000000 -0.000000 -1.000000
vn 0.000000 -0.000000 -1.000000
vn 0.000000 -0.000000 -1.000000
vn 0.000000 -0.000000 -1.000000
vn 0.000000 -0.000000 -1.000000
vn 0.000000 -0.000000 -1.000000
vn -0.000000 0.000127 -1.000000
vn 0.000000 -0.000000 -1.000000
vn 0.000000 -0.000000 -1.000000
vn 0.000000 -0.000000 -1.000000
vn 0.000000 -0.000000 -1.000000
vn 0.000000 -0.000000 -1.000000
vn 0.000000 -0.000000 -1.000000
vn 0.000000 -0.000000 -1.000000
vn 0.000000 -0.000000 -1.000000
vn 0.000000 -0.000000 -1.000000
vn 0.000000 -0.000000 -1.000000
vn 0.000000 -0.000000 -1.000000
vn 0.000000 -0.000000 -1.000000
vn 0.000000 -0.000000 -1.000000
vn 0.000000 -0.000000 -1.000000
vn 0.000000 -0.000000 -1.000000
vn 0.000000 -0.000000 -1.000000
vn 0.000000 -0.000000 -1.000000
vn 0.000000 -0.000000 -1.000000
vn 0.000000 -0.000000 -1.000000
vn 0.000000 -0.000000 -1.000000
vn 0.000000 -0.000000 -1.000000
vn 0.000000 -0.000000 -1.000000
vn 0.000000 -0.000000 -1.000000
vn 0.000000 0.000000 1.000000
vn 0.000000 0.000000 1.000000
vn 0.000000 0.000000 1.000000
vn 0.000000 0.000000 1.000000
vn 0.000000 0.000000 1.000000
vn 0.000000 0.000000 1.000000
vn 0.000000 0.000000 1.000000
vn 0.000000 0.000000 1.000000
vn 0.000000 0.000000 1.000000
vn 0.000000 0.000000 1.000000
vn 0.000000 0.000000 1.000000
vn 0.000000 0.000000 1.000000
vn 0.000000 0.000000 -1.000000
vn 0.000000 0.000000 -1.000000
vn 0.000000 0.000000 -1.000000
vn 0.000000 0.000000 -1.000000
vn 0.000000 0.000000 -1.000000
vn 0.000000 0.000000 -1.000000
vn 0.000000 0.000000 -1.000000
vn 0.000000 0.000000 -1.000000
vn 0.000000 0.000000 -1.000000
vn 0.000000 0.000000 -1.000000
vn 0.000000 0.000000 -1.000000
vn 0.000000 0.000000 -1.000000
vn 0.000000 -1.000000 0.000000
vn 0.000000 -1.000000 0.000000
vn 0.000000 -1.000000 0.000000
vn 0.000000 -1.000000 0.000000
vn 1.000000 0.000000 0.000000
vn 1.000000 0.000000 0.000000
vn 1.000000 0.000000 0.000000
vn 1.000000 0.000000 0.000000
vn 0.000000 1.000000 0.000000
vn 0.000000 1.000000 0.000000
vn 0.000000 1.000000 0.000000
vn 0.000000 1.000000 0.000000
vn -1.000000 0.000000 0.000000
vn -1.000000 0.000000 0.000000
vn -1.000000 0.000000 0.000000
vn -1.000000 0.000000 0.000000
vn 1.000000 0.000000 0.000000
vn 1.000000 0.000000 0.000000
vn 1.000000 0.000000 0.000000
vn 1.000000 0.000000 0.000000
vn 0.000000 -1.000000 0.000000
vn 0.000000 -1.000000 0.000000
vn 0.000000 -1.000000 0.000000
vn 0.000000 -1.000000 0.000000
vn -1.000000 0.000000 0.000000
vn -1.000000 0.000000 0.000000
vn -1.000000 0.000000 0.000000
vn -1.000000 0.000000 0.000000
vn 0.000000 1.000000 0.000000
vn 0.000000 1.000000 0.000000
vn 0.000000 1.000000 0.000000
vn 0.000000 1.000000 0.000000
vn 0.000000 -1.000000 0.000000
vn 0.000000 -1.000000 0.000000
vn 0.000000 -1.000000 0.000000
vn 0.000000 -1.000000 0.000000
vn -1.000000 0.000000 0.000000
vn -1.000000 0.000000 0.000000
vn -1.000000 0.000000 0.000000
vn -1.000000 0.000000 0.000000
vn 1.000000 0.000000 0.000000
vn 1.000000 0.000000 0.000000
vn 1.000000 0.000000 0.000000
vn 1.000000 0.000000 0.000000
vn 0.000000 1.000000 0.000000
vn 0.000000 1.000000 0.000000
vn 0.000000 1.000000 0.000000
vn 0.000000 1.000000 0.000000
vn 0.000884 0.001712 0.999998
vn 0.000884 0.001712 0.999998
vn 0.000884 0.001712 0.999998
vn 0.000884 0.001712 0.999998
vn 0.000000 0.000000 1.000000
vn 0.000000 0.000000 1.000000
vn 0.000000 0.000000 1.000000
vn 0.000000 0.000000 1.000000
vn 0.000000 0.000000 1.000000
vn 0.000000 0.000000 1.000000
vn 0.000000 0.000000 1.000000
vn 0.000000 0.000000 1.000000
vn 0.000000 0.000000 -1.000000
vn 0.000000 0.000000 -1.000000
vn 0.000000 0.000000 -1.000000
vn 0.000000 0.000000 -1.000000
vn 0.000000 0.000000 -1.000000
vn 0.000000 0.000000 -1.000000
vn 0.000000 0.000000 -1.000000
vn 0.000000 0.000000 -1.000000
vn 0.000000 0.000000 -1.000000
vn 0.000000 0.000000 -1.000000
vn 0.000000 0.000000 -1.000000
vn 0.000000 0.000000 -1.000000
vn -1.000000 0.000000 0.000000
vn -1.000000 0.000000 0.000000
vn -1.000000 0.000000 0.000000
vn -1.000000 0.000000 0.000000
vn 0.000000 -1.000000 0.000000
vn 0.000000 -1.000000 0.000000
vn 0.000000 -1.000000 0.000000
vn 0.000000 -1.000000 0.000000
vn 1.000000 -0.000000 0.000000
vn 1.000000 -0.000000 0.000000
vn 1.000000 -0.000000 0.000000
vn 1.000000 -0.000000 0.000000
vn 0.000000 1.000000 0.000000
vn 0.000000 1.000000 0.000000
vn 0.000000 1.000000 0.000000
vn 0.000000 1.000000 0.000000
vn 0.000000 -1.000000 0.000000
vn 0.000000 -1.000000 0.000000
vn 0.000000 -1.000000 0.000000
vn 0.000000 -1.000000 0.000000
vn -1.000000 0.000000 0.000000
vn -1.000000 0.000000 0.000000
vn -1.000000 0.000000 0.000000
vn -1.000000 0.000000 0.000000
vn 1.000000 0.000000 0.000000
vn 1.000000 0.000000 0.000000
vn 1.000000 0.000000 0.000000
vn 1.000000 0.000000 0.000000
vn 0.000000 1.000000 0.000000
vn 0.000000 1.000000 0.000000
vn 0.000000 1.000000 0.000000
vn 0.000000 1.000000 0.000000
vn 0.000000 -1.000000 0.000000
vn 0.000000 -1.000000 0.000000
vn 0.000000 -1.000000 0.000000
vn 0.000000 -1.000000 0.000000
vn -1.000000 0.000000 0.000000
vn -1.000000 0.000000 0.000000
vn -1.000000 0.000000 0.000000
vn -1.000000 0.000000 0.000000
vn 1.000000 0.000000 0.000000
vn 1.000000 0.000000 0.000000
vn 1.000000 0.000000 0.000000
vn 1.000000 0.000000 0.000000
vn 0.000000 1.000000 0.000000
vn 0.000000 1.000000 0.000000
vn 0.000000 1.000000 0.000000
vn 0.000000 1.000000 0.000000
s 1
g oak_lab:oak_lab8:oak_lab:oak_lab:polySurface6
usemtl oak_lab:pasted__lambert3SG
f 905/1/1 2/2/2 911/3/3
f 905/1/1 911/3/3 906/4/4
s 2
f 917/33/5 912/34/6 7/35/7
s 3
f 13/17/8 15/19/9 14/18/10
f 13/17/8 16/20/11 15/19/9
s 2
f 917/33/5 913/64/12 912/34/6
s off
usemtl initialShadingGroup
f 273/923/13 475/924/14 365/925/15
f 364/602/16 402/603/17 276/604/18
usemtl oak_lab:pasted__lambert3SG
f 905/5/19 9/6/20 5/7/21 917/8/22 7/9/23 912/10/24 911/11/25 2/12/26
f 918/33/27 53/104/28 54/105/29 55/106/30 48/107/31 47/108/32 914/34/33 915/64/34
usemtl oak_lab:pasted__lambert5SG
f 40/116/35 57/117/36 58/118/37 59/119/38 60/120/39 61/121/40 62/122/41 41/123/42
usemtl initialShadingGroup
f 57/117/43 64/128/44 63/126/45 62/122/46 61/121/47 82/168/48 83/169/49 58/118/50
usemtl oak_lab:pasted__phong2SG
f 100/192/51 123/241/52 124/242/53 903/243/54 126/244/55 117/229/56 118/228/57 101/193/58
usemtl initialShadingGroup
f 105/275/59 106/276/60 128/277/61 145/278/62 142/279/63 143/280/64 144/281/65 121/282/66
usemtl oak_lab:pasted__phong2SG
f 357/1226/67 356/1225/68 478/934/69 479/935/70 361/936/71 360/937/72 359/960/73 358/1227/74 356/961/75 355/958/76 358/959/77
s 4
usemtl initialShadingGroup
f 905/13/78 906/14/79 11/15/80 10/16/81
s 5
usemtl oak_lab:pasted__lambert3SG
f 911/11/82 19/24/83 11/15/84 906/14/85
s 4
usemtl initialShadingGroup
f 905/13/78 10/16/81 20/25/86 9/26/87
s off
usemtl oak_lab:pasted__lambert3SG
f 5/7/88 9/6/89 20/27/90 21/28/91
s 6
usemtl initialShadingGroup
f 5/29/92 21/30/93 22/31/94 917/32/95
s 5
usemtl oak_lab:pasted__lambert3SG
f 911/11/82 912/36/96 23/37/97 19/24/83
s off
usemtl initialShadingGroup
f 10/38/98 11/39/99 19/40/100 24/41/101
usemtl oak_lab:pasted__lambert3SG
f 16/20/102 30/51/103 31/52/104 17/21/105
f 17/21/106 31/52/107 32/53/108 18/54/109
f 12/23/110 18/22/111 32/55/112 27/56/113
s 6
usemtl initialShadingGroup
f 917/32/95 22/31/94 33/62/114 913/63/115
s 5
usemtl oak_lab:pasted__lambert3SG
f 912/36/96 913/63/116 33/62/117 23/37/97
s off
f 13/85/118 47/90/119 48/91/120 16/92/121
usemtl initialShadingGroup
f 30/96/122 51/97/123 32/98/124 31/99/125
usemtl oak_lab:pasted__lambert3SG
f 27/100/126 32/101/127 52/102/128 44/103/129
usemtl initialShadingGroup
f 275/2455/130 274/1252/131 1/946/132 8/948/133
f 159/579/134 108/580/135 902/216/136 6/452/137
usemtl oak_lab:pasted__lambert5SG
f 41/124/138 62/125/139 63/126/140 42/127/141
f 42/127/142 63/126/143 64/128/144 43/129/145
f 40/130/146 43/129/147 64/128/148 57/131/149
usemtl oak_lab:pasted__lambert3SG
f 35/84/150 45/83/151 75/144/152 76/145/153
f 48/107/154 55/106/155 79/154/156 49/155/157
f 35/163/158 76/164/159 54/105/160 53/104/161
usemtl oak_lab:pasted__lambert5SG
f 59/175/162 85/176/163 86/177/164 60/178/165
usemtl oak_lab:pasted__phong2SG
f 898/2447/166 901/2453/167 900/2450/168 899/2449/169
usemtl oak_lab:pasted__lambert2SG
f 66/185/170 922/186/171 89/187/172 90/188/173
usemtl oak_lab:pasted__phong2SG
f 67/189/174 91/195/175 102/196/176 68/190/177
usemtl initialShadingGroup
f 925/197/178 69/198/179 103/199/180 99/200/181
f 894/2441/182 899/2449/183 900/2450/184 895/2442/185
s 7
usemtl oak_lab:pasted__lambert2SG
f 69/203/186 70/204/187 105/205/188 103/206/189
f 69/203/186 104/207/190 106/208/191 70/204/187
s off
usemtl oak_lab:pasted__lambert5SG
f 82/182/192 87/181/193 84/172/194 83/171/195
usemtl oak_lab:pasted__phong2SG
f 89/187/196 101/193/197 118/228/198 90/188/199
s 8
f 66/226/200 74/231/201 930/230/202 98/232/203
s off
f 896/2454/204 901/2453/205 898/2447/206 897/2446/207
f 894/2441/208 895/2442/209 896/2443/210 897/2444/211
usemtl oak_lab:oak_lab3:oak_lab2:pasted__phong1SG
f 93/2423/212 153/2424/213 152/2425/214 94/2426/215
usemtl oak_lab:pasted__lambert5SG
f 113/259/216 134/260/217 135/261/218 114/262/219
f 114/263/220 135/264/221 136/265/222 115/266/223
f 115/266/224 136/265/225 137/267/226 116/268/227
f 113/269/228 116/268/229 137/267/230 134/270/231
s 9
usemtl initialShadingGroup
f 122/283/232 919/284/233 124/285/234 123/286/235
s off
usemtl oak_lab:pasted__lambert1SG
f 124/287/236 125/288/237 147/289/238 923/290/239
usemtl oak_lab:pasted__lambert5SG
f 134/260/240 137/320/241 136/321/242 135/261/243
usemtl oak_lab:pasted__phong2SG
f 894/2445/244 897/2446/245 898/2447/246 899/2448/247
usemtl oak_lab:oak_lab3:oak_lab2:pasted__phong1SG
f 94/2419/248 152/2420/249 151/2421/250 95/2422/251
usemtl initialShadingGroup
f 143/280/252 290/554/253 392/555/254 144/556/255
f 161/599/256 169/600/257 168/597/258 400/598/259
usemtl oak_lab:pasted__phong2SG
f 176/606/260 403/607/261 404/608/262 177/609/263
f 177/610/264 404/611/265 405/612/266 178/613/267
f 178/614/268 405/615/269 406/616/270 179/617/271
f 179/618/272 406/619/273 407/620/274 180/621/275
f 180/622/276 407/623/277 408/624/278 181/625/279
f 181/626/280 408/627/281 409/628/282 182/629/283
f 182/630/284 409/631/285 410/632/286 183/633/287
f 183/634/288 410/635/289 411/636/290 184/637/291
f 184/638/292 411/639/293 412/640/294 185/641/295
f 185/642/296 412/643/297 413/644/298 186/645/299
f 186/646/300 413/647/301 414/648/302 187/649/303
f 187/650/304 414/651/305 415/652/306 188/653/307
f 188/654/308 415/655/309 416/656/310 189/657/311
f 189/658/312 416/659/313 417/660/314 190/661/315
f 190/662/316 417/663/317 418/664/318 191/665/319
f 191/666/320 418/667/321 419/668/322 192/669/323
f 192/670/324 419/671/325 420/672/326 193/673/327
f 193/674/328 420/675/329 421/676/330 194/677/331
f 194/678/332 421/679/333 422/680/334 195/681/335
f 176/682/336 195/683/337 422/684/338 403/685/339
s 10
usemtl initialShadingGroup
f 197/686/340 296/687/341 295/688/342 198/689/343
f 198/689/343 295/688/342 294/690/344 199/691/345
f 199/692/345 294/693/344 293/694/346 200/695/347
f 200/695/347 293/694/346 292/696/348 201/697/349
f 201/697/349 292/696/348 391/698/350 202/699/351
s off
f 202/700/352 391/701/353 390/702/354 203/703/355
usemtl oak_lab:pasted__phong2SG
f 203/704/356 423/705/357 424/706/358 204/707/359
f 204/708/360 424/709/361 425/710/362 205/711/363
s 11
f 205/712/364 425/713/365 426/714/366 206/715/367
f 206/715/367 426/714/366 427/716/368 207/717/369
f 207/717/369 427/716/368 428/718/370 208/719/371
f 208/719/371 428/718/370 429/720/372 209/721/373
f 209/721/373 429/720/372 430/722/374 210/723/375
f 210/723/375 430/722/374 431/724/376 211/725/377
f 211/725/377 431/724/376 432/726/378 212/727/379
f 212/727/379 432/726/378 433/728/380 213/729/381
s off
f 213/730/382 433/731/383 434/732/384 214/733/385
f 214/734/386 434/735/387 435/736/388 215/737/389
usemtl initialShadingGroup
f 215/738/390 304/739/391 303/740/392 216/741/393
s 10
f 216/742/394 303/743/395 298/744/396 217/745/397
f 217/745/397 298/744/396 297/746/398 218/747/399
f 197/686/340 218/747/399 297/746/398 296/687/341
s off
f 220/748/400 436/749/401 437/750/402 221/751/403
f 221/752/404 437/753/405 438/754/406 222/755/407
f 222/756/408 438/757/409 439/758/410 223/759/411
f 220/760/412 223/761/413 439/762/414 436/763/415
f 219/764/416 440/765/417 441/766/418 224/767/419
usemtl initialShadingGroup
f 224/768/420 286/769/421 285/770/422 225/771/423
s 13
f 225/380/424 228/383/425 227/382/426 226/381/427
s off
f 228/772/428 282/773/429 281/774/430 229/775/431
s 14
f 230/776/432 332/777/433 331/778/434 231/779/435
f 231/780/435 331/781/434 330/782/436 232/783/437
f 232/783/437 330/782/436 383/784/438 233/785/439
f 233/785/439 383/784/438 382/786/440 234/787/441
s off
f 234/788/442 382/789/443 381/790/444 235/791/445
usemtl oak_lab:pasted__phong2SG
f 235/792/446 442/793/447 443/794/448 236/795/449
f 236/796/450 443/797/451 444/798/452 237/799/453
s 15
f 237/800/454 444/801/455 445/802/456 238/803/457
f 238/803/457 445/802/456 446/804/458 239/805/459
f 239/805/459 446/804/458 447/806/460 240/807/461
f 240/807/461 447/806/460 448/808/462 241/809/463
f 241/809/463 448/808/462 449/810/464 242/811/465
f 242/811/465 449/810/464 450/812/466 243/813/467
f 243/813/467 450/812/466 451/814/468 244/815/469
s off
f 245/816/470 452/817/471 453/818/472 246/819/473
f 246/820/474 453/821/475 454/822/476 247/823/477
f 247/824/478 454/825/479 455/826/480 248/827/481
f 248/828/482 455/829/483 456/830/484 249/831/485
f 249/832/486 456/833/487 457/834/488 250/835/489
f 250/836/490 457/837/491 458/838/492 251/839/493
f 251/840/494 458/841/495 459/842/496 252/843/497
f 252/844/498 459/845/499 460/846/500 253/847/501
f 253/848/502 460/849/503 461/850/504 254/851/505
f 254/852/506 461/853/507 462/854/508 255/855/509
f 255/856/510 462/857/511 463/858/512 256/859/513
f 256/860/514 463/861/515 464/862/516 257/863/517
f 257/864/518 464/865/519 465/866/520 258/867/521
f 258/868/522 465/869/523 466/870/524 259/871/525
f 259/872/526 466/873/527 467/874/528 260/875/529
f 260/876/530 467/877/531 468/878/532 261/879/533
f 261/880/534 468/881/535 469/882/536 262/883/537
f 262/884/538 469/885/539 470/886/540 263/887/541
f 263/888/542 470/889/543 471/890/544 264/891/545
f 245/892/546 264/893/547 471/894/548 452/895/549
s 15
f 244/815/469 451/814/468 472/896/550 265/897/551
s off
f 265/898/552 472/899/553 473/900/554 266/901/555
f 266/902/556 473/903/557 474/904/558 267/905/559
usemtl initialShadingGroup
f 267/906/560 337/907/561 336/908/562 268/909/563
s 14
f 268/910/564 336/911/565 335/912/566 269/913/567
f 269/913/567 335/912/566 334/914/568 270/915/569
f 270/915/569 334/914/568 333/916/570 271/917/571
f 230/776/432 271/917/571 333/916/570 332/777/433
s 17
usemtl oak_lab:pasted__phong2SG
f 882/2411/572 883/2412/573 890/2410/574 891/2409/575
s off
f 279/930/576 395/931/577 287/932/578 280/933/579
usemtl initialShadingGroup
f 362/938/580 480/939/581 481/940/582 363/941/583
f 363/942/584 481/943/585 482/944/586 4/945/587
usemtl oak_lab:pasted__phong2SG
f 355/962/588 487/963/589 488/964/590 367/965/591
f 367/966/592 488/967/593 489/968/594 368/969/595
f 368/970/596 489/971/597 490/972/598 369/973/599
f 369/974/600 490/975/601 491/976/602 370/977/603
f 370/978/604 491/979/605 492/980/606 371/981/607
f 371/982/608 492/983/609 493/984/610 372/985/611
f 372/986/612 493/987/613 494/988/614 373/989/615
f 373/990/616 494/991/617 495/992/618 374/993/619
f 374/994/620 495/995/621 496/996/622 375/997/623
f 375/998/624 496/999/625 497/1000/626 376/1001/627
f 346/1002/628 376/1003/629 497/1004/630 498/1005/631
s 18
f 377/1009/632 500/1008/633 501/1011/634 378/1012/635
f 378/1012/635 501/1011/634 502/1013/636 379/1014/637
s off
f 379/1015/638 502/1016/639 503/1017/640 380/1018/641
f 380/1019/642 503/1020/643 504/1021/644 381/1022/645
f 329/1023/646 505/1024/647 506/1025/648 384/1026/649
f 384/1027/650 506/1028/651 507/1029/652 385/1030/653
f 385/1031/654 507/1032/655 508/1033/656 386/1034/657
f 386/1035/658 508/1036/659 509/1037/660 387/1038/661
f 314/1039/662 387/1040/663 509/1041/664 510/1042/665
s 19
f 313/1043/666 511/1044/667 512/1045/668 388/1046/669
s off
f 388/1047/670 512/1048/671 513/1049/672 389/1050/673
f 389/1051/674 513/1052/675 514/1053/676 390/1054/677
f 280/1055/678 515/1056/679 516/1057/680 281/1058/681
usemtl oak_lab:pasted__lambert2SG
f 282/1059/682 285/1060/683 284/1061/684 283/1062/685
f 286/1063/686 517/1064/687 518/1065/688 287/1066/689
s 20
usemtl initialShadingGroup
f 291/1067/690 289/1068/691 288/1069/692 399/1070/693
s off
f 299/1073/694 519/1074/695 520/1075/696 300/1076/697
f 300/1077/698 520/1078/699 521/1079/700 301/1080/701
f 301/1081/702 521/1082/703 522/1083/704 302/1084/705
f 299/1085/706 302/1086/707 522/1087/708 519/1088/709
usemtl oak_lab:pasted__phong2SG
f 304/1089/710 523/1090/711 524/1091/712 305/1092/713
f 305/1093/714 524/1094/715 525/1095/716 306/1096/717
s 19
f 306/1097/718 525/1098/719 526/1099/720 307/1100/721
f 307/1100/721 526/1099/720 527/1101/722 308/1102/723
f 308/1102/723 527/1101/722 528/1103/724 309/1104/725
f 309/1104/725 528/1103/724 529/1105/726 310/1106/727
f 310/1106/727 529/1105/726 530/1107/728 311/1108/729
f 311/1108/729 530/1107/728 531/1109/730 312/1110/731
f 312/1110/731 531/1109/730 511/1044/667 313/1043/666
s off
f 314/1111/732 510/1112/733 532/1113/734 315/1114/735
f 315/1115/736 532/1116/737 533/1117/738 316/1118/739
f 316/1119/740 533/1120/741 534/1121/742 317/1122/743
f 317/1123/744 534/1124/745 535/1125/746 318/1126/747
f 318/1127/748 535/1128/749 536/1129/750 319/1130/751
f 319/1131/752 536/1132/753 537/1133/754 320/1134/755
f 320/1135/756 537/1136/757 538/1137/758 321/1138/759
f 321/1139/760 538/1140/761 539/1141/762 322/1142/763
f 322/1143/764 539/1144/765 540/1145/766 323/1146/767
f 323/1147/768 540/1148/769 541/1149/770 324/1150/771
f 324/1151/772 541/1152/773 542/1153/774 325/1154/775
f 325/1155/776 542/1156/777 543/1157/778 326/1158/779
f 326/1159/780 543/1160/781 544/1161/782 327/1162/783
f 327/1163/784 544/1164/785 545/1165/786 328/1166/787
f 328/1167/788 545/1168/789 505/1169/790 329/1170/791
f 337/1171/792 546/1172/793 547/1173/794 338/1174/795
f 338/1175/796 547/1176/797 548/1177/798 339/1178/799
s 18
f 339/1179/800 548/1180/801 549/1181/802 340/1182/803
f 340/1182/803 549/1181/802 550/1183/804 341/1184/805
f 341/1184/805 550/1183/804 551/1185/806 342/1186/807
f 342/1186/807 551/1185/806 552/1187/808 343/1188/809
f 343/1188/809 552/1187/808 499/1007/810 344/1006/811
s off
f 346/1189/812 498/1190/813 553/1191/814 347/1192/815
f 347/1193/816 553/1194/817 554/1195/818 348/1196/819
f 348/1197/820 554/1198/821 555/1199/822 349/1200/823
f 349/1201/824 555/1202/825 556/1203/826 350/1204/827
f 350/1205/828 556/1206/829 557/1207/830 351/1208/831
f 351/1209/832 557/1210/833 558/1211/834 352/1212/835
f 352/1213/836 558/1214/837 559/1215/838 353/1216/839
f 353/1217/840 559/1218/841 560/1219/842 354/1220/843
f 354/1221/844 560/1222/845 487/1223/846 355/1224/847
s 23
f 884/2413/848 887/2414/849 893/2415/850 892/2416/851
s off
usemtl initialShadingGroup
f 904/275/852 920/282/853 928/277/854 927/276/855
usemtl oak_lab:pasted__phong2SG
f 895/2451/856 900/2452/857 901/2453/858 896/2454/859
s 24
f 403/1257/860 586/1258/861 585/1259/862 404/1260/863
f 404/1260/863 585/1259/862 587/1261/864 405/1262/865
f 405/1262/865 587/1263/864 588/1264/866 406/1265/867
f 406/1265/867 588/1264/866 589/1266/868 407/1267/869
f 407/1267/869 589/1268/868 590/1269/870 408/1270/871
f 408/1270/871 590/1269/870 591/1271/872 409/1272/873
f 409/1272/873 591/1273/872 592/1274/874 410/1275/875
f 410/1275/875 592/1276/874 593/1277/876 411/1278/877
f 411/1278/877 593/1277/876 594/1279/878 412/1280/879
f 412/1280/879 594/1281/878 595/1282/880 413/1283/881
f 413/1283/881 595/1284/880 596/1285/882 414/1286/883
f 414/1286/883 596/1285/882 597/1287/884 415/1288/885
f 415/1288/885 597/1289/884 598/1290/886 416/1291/887
f 416/1291/887 598/1290/886 599/1292/888 417/1293/889
f 417/1293/889 599/1294/888 600/1295/890 418/1296/891
f 418/1296/891 600/1295/890 601/1297/892 419/1298/893
f 419/1298/893 601/1299/892 602/1300/894 420/1301/895
f 420/1301/895 602/1302/894 603/1303/896 421/1304/897
f 421/1304/897 603/1303/896 604/1305/898 422/1306/899
f 403/1257/860 422/1306/899 604/1307/898 586/1308/861
s 25
f 423/1315/900 608/1316/901 607/1317/902 424/1318/903
f 424/1318/903 607/1317/902 609/1319/904 425/1320/905
f 425/1320/905 609/1321/904 610/1322/906 426/1323/907
f 426/1323/907 610/1322/906 611/1324/908 427/1325/909
f 427/1325/909 611/1326/908 612/1327/910 428/1328/911
f 428/1328/911 612/1329/910 613/1330/912 429/1331/913
f 429/1331/913 613/1330/912 614/1332/914 430/1333/915
f 430/1333/915 614/1334/914 615/1335/916 431/1336/917
f 431/1336/917 615/1337/916 616/1338/918 432/1339/919
f 432/1339/919 616/1338/918 617/1340/920 433/1341/921
f 433/1341/921 617/1342/920 618/1343/922 434/1344/923
f 434/1344/923 618/1343/922 619/1345/924 435/1346/925
s off
f 440/1251/926 561/1250/927 626/1361/928 441/1362/929
usemtl initialShadingGroup
f 225/771/930 627/770/931 628/773/932 228/772/933
f 229/1363/934 626/1364/935 561/1365/936 394/1366/937
s 26
usemtl oak_lab:pasted__phong2SG
f 442/1373/938 632/1374/939 631/1375/940 443/1376/941
f 443/1376/941 631/1375/940 633/1377/942 444/1378/943
f 444/1378/943 633/1379/942 634/1380/944 445/1381/945
f 445/1381/945 634/1380/944 635/1382/946 446/1383/947
f 446/1383/947 635/1384/946 636/1385/948 447/1386/949
f 447/1386/949 636/1387/948 637/1388/950 448/1389/951
f 448/1389/951 637/1388/950 638/1390/952 449/1391/953
f 449/1391/953 638/1392/952 639/1393/954 450/1394/955
f 450/1394/955 639/1395/954 640/1396/956 451/1397/957
s 27
f 452/1398/958 641/1399/959 642/1400/960 453/1401/961
f 453/1401/961 642/1402/960 643/1403/962 454/1404/963
f 454/1404/963 643/1403/962 644/1405/964 455/1406/965
f 455/1406/965 644/1407/964 645/1408/966 456/1409/967
f 456/1409/967 645/1410/966 646/1411/968 457/1412/969
f 457/1412/969 646/1411/968 647/1413/970 458/1414/971
f 458/1414/971 647/1415/970 648/1416/972 459/1417/973
f 459/1417/973 648/1418/972 649/1419/974 460/1420/975
f 460/1420/975 649/1419/974 650/1421/976 461/1422/977
f 461/1422/977 650/1423/976 651/1424/978 462/1425/979
f 462/1425/979 651/1424/978 652/1426/980 463/1427/981
f 463/1427/981 652/1428/980 653/1429/982 464/1430/983
f 464/1430/983 653/1429/982 654/1431/984 465/1432/985
f 465/1432/985 654/1433/984 655/1434/986 466/1435/987
f 466/1435/987 655/1436/986 656/1437/988 467/1438/989
f 467/1438/989 656/1437/988 657/1439/990 468/1440/991
f 468/1440/991 657/1441/990 658/1442/992 469/1443/993
f 469/1443/993 658/1444/992 659/1445/994 470/1446/995
f 470/1446/995 659/1445/994 660/1447/996 471/1448/997
f 452/1398/958 471/1448/997 660/1449/996 641/1399/959
s 26
f 451/1397/957 640/1396/956 661/1450/998 472/1451/999
f 472/1451/999 661/1452/998 662/1453/1000 473/1454/1001
f 473/1454/1001 662/1453/1000 665/1461/1002 474/1462/1003
s off
f 476/1463/1004 666/1464/1005 667/1465/1006 477/1466/1007
f 478/934/1008 486/1491/1009 485/1492/1010 479/935/1011
usemtl initialShadingGroup
f 362/1507/1012 689/1508/1013 688/1509/1014 480/1510/1015
s 23
usemtl oak_lab:pasted__phong2SG
f 888/2417/1016 889/2418/1017 892/2416/851 893/2415/850
s 28
f 487/1513/1018 693/1514/1019 694/1515/1020 488/1516/1021
f 488/1516/1021 694/1517/1020 695/1518/1022 489/1519/1023
f 489/1519/1023 695/1520/1022 696/1521/1024 490/1522/1025
f 490/1522/1025 696/1521/1024 697/1523/1026 491/1524/1027
f 491/1524/1027 697/1525/1026 698/1526/1028 492/1527/1029
f 492/1527/1029 698/1528/1028 699/1529/1030 493/1530/1031
f 493/1530/1031 699/1529/1030 700/1531/1032 494/1532/1033
f 494/1532/1033 700/1533/1032 701/1534/1034 495/1535/1035
f 495/1535/1035 701/1534/1034 702/1536/1036 496/1537/1037
f 496/1537/1037 702/1538/1036 703/1539/1038 497/1540/1039
f 497/1540/1039 703/1539/1038 704/1541/1040 498/1542/1041
s 29
f 499/1543/1042 705/1544/1043 706/1545/1044 500/1546/1045
f 500/1546/1045 706/1547/1044 707/1548/1046 501/1549/1047
f 501/1549/1047 707/1548/1046 708/1550/1048 502/1551/1049
f 502/1551/1049 708/1552/1048 709/1553/1050 503/1554/1051
f 503/1554/1051 709/1553/1050 710/1555/1052 504/1556/1053
s 30
f 505/1557/1054 711/1558/1055 712/1559/1056 506/1560/1057
f 506/1560/1057 712/1561/1056 713/1562/1058 507/1563/1059
f 507/1563/1059 713/1562/1058 714/1564/1060 508/1565/1061
f 508/1565/1061 714/1566/1060 715/1567/1062 509/1568/1063
f 509/1568/1063 715/1567/1062 716/1569/1064 510/1570/1065
s 31
f 511/1571/1066 717/1572/1067 718/1573/1068 512/1574/1069
f 512/1574/1069 718/1575/1068 719/1576/1070 513/1577/1071
f 513/1577/1071 719/1576/1070 720/1578/1072 514/1579/1073
s off
f 515/1490/1074 518/1489/1075 517/1580/1076 516/1581/1077
s 31
usemtl oak_lab:pasted__phong2SG
f 523/1590/1078 726/1591/1079 725/1592/1080 524/1593/1081
f 524/1593/1081 725/1592/1080 727/1594/1082 525/1595/1083
f 525/1595/1083 727/1596/1082 728/1597/1084 526/1598/1085
f 526/1598/1085 728/1597/1084 729/1599/1086 527/1600/1087
f 527/1600/1087 729/1601/1086 730/1602/1088 528/1603/1089
f 528/1603/1089 730/1604/1088 731/1605/1090 529/1606/1091
f 529/1606/1091 731/1605/1090 732/1607/1092 530/1608/1093
f 530/1608/1093 732/1609/1092 733/1610/1094 531/1611/1095
f 511/1571/1066 531/1611/1095 733/1612/1094 717/1572/1067
s 30
f 510/1570/1065 716/1613/1064 734/1614/1096 532/1615/1097
f 532/1615/1097 734/1616/1096 735/1617/1098 533/1618/1099
f 533/1618/1099 735/1617/1098 736/1619/1100 534/1620/1101
f 534/1620/1101 736/1621/1100 737/1622/1102 535/1623/1103
f 535/1623/1103 737/1624/1102 738/1625/1104 536/1626/1105
f 536/1626/1105 738/1625/1104 739/1627/1106 537/1628/1107
f 537/1628/1107 739/1629/1106 740/1630/1108 538/1631/1109
f 538/1631/1109 740/1630/1108 741/1632/1110 539/1633/1111
f 539/1633/1111 741/1634/1110 742/1635/1112 540/1636/1113
f 540/1636/1113 742/1635/1112 743/1637/1114 541/1638/1115
f 541/1638/1115 743/1639/1114 744/1640/1116 542/1641/1117
f 542/1641/1117 744/1642/1116 745/1643/1118 543/1644/1119
f 543/1644/1119 745/1643/1118 746/1645/1120 544/1646/1121
f 544/1646/1121 746/1647/1120 747/1648/1122 545/1649/1123
f 505/1557/1054 545/1649/1123 747/1650/1122 711/1558/1055
s 29
f 546/1651/1124 749/1652/1125 748/1653/1126 547/1654/1127
f 547/1654/1127 748/1653/1126 750/1655/1128 548/1656/1129
f 548/1656/1129 750/1657/1128 751/1658/1130 549/1659/1131
f 549/1659/1131 751/1658/1130 752/1660/1132 550/1661/1133
f 550/1661/1133 752/1662/1132 753/1663/1134 551/1664/1135
f 551/1664/1135 753/1665/1134 754/1666/1136 552/1667/1137
f 499/1543/1042 552/1667/1137 754/1666/1136 705/1668/1043
s 28
f 498/1542/1041 704/1669/1040 755/1670/1138 553/1671/1139
f 553/1671/1139 755/1672/1138 756/1673/1140 554/1674/1141
f 554/1674/1141 756/1673/1140 757/1675/1142 555/1676/1143
f 555/1676/1143 757/1677/1142 758/1678/1144 556/1679/1145
f 556/1679/1145 758/1680/1144 759/1681/1146 557/1682/1147
f 557/1682/1147 759/1681/1146 760/1683/1148 558/1684/1149
f 558/1684/1149 760/1685/1148 761/1686/1150 559/1687/1151
f 559/1687/1151 761/1686/1150 762/1688/1152 560/1689/1153
f 487/1513/1018 560/1689/1153 762/1690/1152 693/1514/1019
s off
f 562/1691/1154 763/1692/1155 764/1693/1156 563/1694/1157
f 563/1695/1158 764/1696/1159 765/1697/1160 564/1698/1161
f 564/1699/1162 765/1700/1163 766/1701/1164 565/1702/1165
f 565/1703/1166 766/1704/1167 767/1705/1168 566/1706/1169
f 566/1707/1170 767/1708/1171 768/1709/1172 567/1710/1173
f 567/1711/1174 768/1712/1175 769/1713/1176 568/1714/1177
f 568/1715/1178 769/1716/1179 770/1717/1180 569/1718/1181
f 569/1719/1182 770/1720/1183 771/1721/1184 570/1722/1185
f 570/1723/1186 771/1724/1187 772/1725/1188 571/1726/1189
f 571/1727/1190 772/1728/1191 773/1729/1192 572/1730/1193
f 572/1731/1194 773/1732/1195 774/1733/1196 573/1734/1197
f 573/1735/1198 774/1736/1199 775/1737/1200 574/1738/1201
f 574/1739/1202 775/1740/1203 776/1741/1204 575/1742/1205
f 575/1743/1206 776/1744/1207 777/1745/1208 576/1746/1209
f 576/1747/1210 777/1748/1211 778/1749/1212 577/1750/1213
f 577/1751/1214 778/1752/1215 779/1753/1216 578/1754/1217
f 578/1755/1218 779/1756/1219 780/1757/1220 579/1758/1221
f 579/1759/1222 780/1760/1223 781/1761/1224 580/1762/1225
f 580/1763/1226 781/1764/1227 782/1765/1228 581/1766/1229
f 562/1767/1230 581/1768/1231 782/1769/1232 763/1770/1233
f 583/1771/1234 692/1772/1235 691/1773/1236 584/1774/1237
f 476/1775/1238 584/1776/1239 691/1777/1240 666/1778/1241
s 34
f 585/1779/1242 586/1780/1243 716/1781/1244 715/1782/1245
f 585/1779/1242 715/1782/1245 714/1783/1246 587/1784/1247
s 35
f 587/1785/1248 714/1786/1249 713/1787/1250 588/1788/1251
f 588/1788/1251 713/1787/1250 712/1789/1252 589/1790/1253
s 36
f 589/1791/1254 712/1792/1255 711/1793/1256 590/1794/1257
f 590/1794/1257 711/1793/1256 747/1795/1258 591/1796/1259
s off
f 591/1797/1260 747/1798/1261 746/1799/1262 592/1800/1263
s 37
f 592/1801/1264 746/1802/1265 745/1803/1266 593/1804/1267
f 593/1804/1267 745/1803/1266 744/1805/1268 594/1806/1269
s off
f 594/1807/1270 744/1808/1271 743/1809/1272 595/1810/1273
s 38
f 595/1811/1274 743/1812/1275 742/1813/1276 596/1814/1277
f 596/1814/1277 742/1813/1276 741/1815/1278 597/1816/1279
s 39
f 597/1817/1280 741/1818/1281 740/1819/1282 598/1820/1283
f 598/1820/1283 740/1819/1282 739/1821/1284 599/1822/1285
s 40
f 599/1823/1286 739/1824/1287 738/1825/1288 600/1826/1289
f 600/1826/1289 738/1825/1288 737/1827/1290 601/1828/1291
s off
f 601/1829/1292 737/1830/1293 736/1831/1294 602/1832/1295
s 41
f 602/1833/1296 736/1834/1297 735/1835/1298 603/1836/1299
f 603/1836/1299 735/1835/1298 734/1837/1300 604/1838/1301
s off
f 586/1839/1302 604/1840/1303 734/1841/1304 716/1842/1305
s 31
f 514/1579/1073 720/1843/1072 783/1844/1306 605/1845/1307
s 42
f 605/1312/1308 784/1846/1309 785/1847/1310 606/1313/1311
s 25
f 423/1315/900 606/1848/1312 786/1849/1313 608/1850/901
s 43
f 607/1851/1314 608/1852/1315 720/1853/1316 719/1854/1317
f 607/1851/1314 719/1854/1317 718/1855/1318 609/1856/1319
s 44
f 609/1857/1320 718/1858/1321 717/1859/1322 610/1860/1323
f 610/1860/1323 717/1859/1322 733/1861/1324 611/1862/1325
s off
f 611/1863/1326 733/1864/1327 732/1865/1328 612/1866/1329
s 45
f 612/1867/1330 732/1868/1331 731/1869/1332 613/1870/1333
f 613/1870/1333 731/1869/1332 730/1871/1334 614/1872/1335
s off
f 614/1873/1336 730/1874/1337 729/1875/1338 615/1876/1339
s 46
f 615/1877/1340 729/1878/1341 728/1879/1342 616/1880/1343
f 616/1880/1343 728/1879/1342 727/1881/1344 617/1882/1345
s 47
f 617/1883/1346 727/1884/1347 725/1885/1348 618/1886/1349
f 618/1886/1349 725/1885/1348 726/1887/1350 619/1888/1351
s 25
f 435/1346/925 619/1889/924 787/1890/1352 620/1891/1353
s 42
f 620/1349/1354 788/1892/1355 789/1893/1356 621/1350/1357
s 31
f 523/1590/1078 621/1894/1358 790/1895/1359 726/1896/1079
s off
f 622/1897/1360 721/1898/1361 724/1899/1362 623/1900/1363
f 623/1901/1364 724/1902/1365 723/1903/1366 624/1904/1367
usemtl initialShadingGroup
f 624/1905/1368 723/1906/1369 722/1907/1370 625/1908/1371
usemtl oak_lab:pasted__phong2SG
f 622/1909/1372 625/1910/1373 722/1911/1374 721/1912/1375
s 29
f 504/1556/1053 710/1913/1052 791/1914/1376 629/1915/1377
s 49
f 629/1370/1378 792/1916/1379 793/1917/1380 630/1371/1381
s 26
f 442/1373/938 630/1918/1382 794/1919/1383 632/1920/939
s 50
f 631/1921/1384 632/1922/1385 710/1923/1386 709/1924/1387
f 631/1921/1384 709/1924/1387 708/1925/1388 633/1926/1389
s 51
f 633/1927/1390 708/1928/1391 707/1929/1392 634/1930/1393
f 634/1930/1393 707/1929/1392 706/1931/1394 635/1932/1395
s off
f 635/1933/1396 706/1934/1397 705/1935/1398 636/1936/1399
s 52
f 636/1937/1400 705/1938/1401 754/1939/1402 637/1940/1403
f 637/1940/1403 754/1939/1402 753/1941/1404 638/1942/1405
s off
f 638/1943/1406 753/1944/1407 752/1945/1408 639/1946/1409
s 53
f 639/1947/1410 752/1948/1411 751/1949/1412 640/1950/1413
s 54
f 641/1951/1414 761/1952/1415 760/1953/1416 642/1954/1417
s 55
f 642/1955/1418 760/1956/1419 759/1957/1420 643/1958/1421
f 643/1958/1421 759/1957/1420 758/1959/1422 644/1960/1423
s off
f 644/1961/1424 758/1962/1425 757/1963/1426 645/1964/1427
s 56
f 645/1965/1428 757/1966/1429 756/1967/1430 646/1968/1431
f 646/1968/1431 756/1967/1430 755/1969/1432 647/1970/1433
s off
f 647/1971/1434 755/1972/1435 704/1973/1436 648/1974/1437
s 57
f 648/1975/1438 704/1976/1439 703/1977/1440 649/1978/1441
f 649/1978/1441 703/1977/1440 702/1979/1442 650/1980/1443
s 58
f 650/1981/1444 702/1982/1445 701/1983/1446 651/1984/1447
f 651/1984/1447 701/1983/1446 700/1985/1448 652/1986/1449
s 59
f 652/1987/1450 700/1988/1451 699/1989/1452 653/1990/1453
f 653/1990/1453 699/1989/1452 698/1991/1454 654/1992/1455
s off
f 654/1993/1456 698/1994/1457 697/1995/1458 655/1996/1459
s 60
f 655/1997/1460 697/1998/1461 696/1999/1462 656/2000/1463
f 656/2000/1463 696/1999/1462 695/2001/1464 657/2002/1465
s off
f 657/2003/1466 695/2004/1467 694/2005/1468 658/2006/1469
s 61
f 658/2007/1470 694/2008/1471 693/2009/1472 659/2010/1473
f 659/2010/1473 693/2009/1472 762/2011/1474 660/2012/1475
s 54
f 641/1951/1414 660/2013/1476 762/2014/1477 761/1952/1415
s 53
f 640/1950/1413 751/1949/1412 750/2015/1478 661/2016/1479
s 62
f 661/2017/1480 750/2018/1481 748/2019/1482 662/2020/1483
s 26
f 474/1462/1003 665/2021/1002 795/2022/1484 663/2023/1485
s 49
f 663/1457/1486 796/2024/1487 797/2025/1488 664/1458/1489
s 29
f 546/1651/1124 664/2026/1490 798/2027/1491 749/2028/1125
s 62
f 662/2020/1483 748/2019/1482 749/2029/1492 665/2030/1493
s off
usemtl initialShadingGroup
f 477/2031/1494 667/2032/1495 692/2033/1496 583/2034/1497
usemtl oak_lab:pasted__phong2SG
f 668/2035/1498 687/2036/1499 799/2037/1500 800/2038/1501
f 668/2039/1502 800/2040/1503 801/2041/1504 669/2042/1505
f 669/2043/1506 801/2044/1507 802/2045/1508 670/2046/1509
f 670/2047/1510 802/2048/1511 803/2049/1512 671/2050/1513
f 671/2051/1514 803/2052/1515 804/2053/1516 672/2054/1517
f 672/2055/1518 804/2056/1519 805/2057/1520 673/2058/1521
f 673/2059/1522 805/2060/1523 806/2061/1524 674/2062/1525
f 674/2063/1526 806/2064/1527 807/2065/1528 675/2066/1529
f 675/2067/1530 807/2068/1531 808/2069/1532 676/2070/1533
f 676/2071/1534 808/2072/1535 809/2073/1536 677/2074/1537
f 677/2075/1538 809/2076/1539 810/2077/1540 678/2078/1541
f 678/2079/1542 810/2080/1543 811/2081/1544 679/2082/1545
f 679/2083/1546 811/2084/1547 812/2085/1548 680/2086/1549
f 680/2087/1550 812/2088/1551 813/2089/1552 681/2090/1553
f 681/2091/1554 813/2092/1555 814/2093/1556 682/2094/1557
f 682/2095/1558 814/2096/1559 815/2097/1560 683/2098/1561
f 683/2099/1562 815/2100/1563 816/2101/1564 684/2102/1565
f 684/2103/1566 816/2104/1567 817/2105/1568 685/2106/1569
f 685/2107/1570 817/2108/1571 818/2109/1572 686/2110/1573
f 686/2111/1574 818/2112/1575 799/2113/1576 687/2114/1577
s 64
f 763/2127/1578 822/2128/1579 823/2129/1580 764/2130/1581
f 764/2130/1581 823/2131/1580 824/2132/1582 765/2133/1583
f 765/2133/1583 824/2132/1582 825/2134/1584 766/2135/1585
f 766/2135/1585 825/2136/1584 826/2137/1586 767/2138/1587
f 767/2138/1587 826/2139/1586 827/2140/1588 768/2141/1589
f 768/2141/1589 827/2140/1588 828/2142/1590 769/2143/1591
f 769/2143/1591 828/2144/1590 829/2145/1592 770/2146/1593
f 770/2146/1593 829/2147/1592 830/2148/1594 771/2149/1595
f 771/2149/1595 830/2148/1594 831/2150/1596 772/2151/1597
f 772/2151/1597 831/2152/1596 832/2153/1598 773/2154/1599
f 773/2154/1599 832/2153/1598 833/2155/1600 774/2156/1601
f 774/2156/1601 833/2157/1600 834/2158/1602 775/2159/1603
f 775/2159/1603 834/2158/1602 835/2160/1604 776/2161/1605
f 776/2161/1605 835/2162/1604 836/2163/1606 777/2164/1607
f 777/2164/1607 836/2165/1606 837/2166/1608 778/2167/1609
f 778/2167/1609 837/2166/1608 838/2168/1610 779/2169/1611
f 779/2169/1611 838/2170/1610 839/2171/1612 780/2172/1613
f 780/2172/1613 839/2173/1612 840/2174/1614 781/2175/1615
f 781/2175/1615 840/2174/1614 841/2176/1616 782/2177/1617
f 763/2127/1578 782/2177/1617 841/2178/1616 822/2128/1579
s 65
f 608/2179/1618 786/2180/1619 783/2181/1620 720/2182/1621
s 31
f 605/1845/1307 783/1844/1306 842/2183/1622 784/2184/1623
s 42
f 784/1846/1309 843/2185/1624 844/2186/1625 785/1847/1310
s 25
f 606/1848/1312 785/2187/1626 845/2188/1627 786/1849/1313
s 66
f 619/2189/1628 726/2190/1629 790/2191/1630 787/2192/1631
s 25
f 620/1891/1353 787/1890/1352 846/2193/1632 788/2194/1633
s 42
f 788/1892/1355 847/2195/1634 848/2196/1635 789/1893/1356
s 31
f 621/1894/1358 789/2197/1636 849/2198/1637 790/1895/1359
s 67
f 632/2199/1638 794/2200/1639 791/2201/1640 710/2202/1641
s 29
f 629/1915/1377 791/1914/1376 850/2203/1642 792/2204/1643
s 49
f 792/1916/1379 851/2205/1644 852/2206/1645 793/1917/1380
s 26
f 630/1918/1382 793/2207/1646 853/2208/1647 794/1919/1383
s 68
f 665/2209/1648 749/2210/1649 798/2211/1650 795/2212/1651
s 26
f 663/2023/1485 795/2022/1484 854/2213/1652 796/2214/1653
s 49
f 796/2024/1487 855/2215/1654 856/2216/1655 797/2025/1488
s 29
f 664/2026/1490 797/2217/1656 857/2218/1657 798/2027/1491
s 69
f 799/2219/1658 858/2220/1659 859/2221/1660 800/2222/1661
f 800/2222/1661 859/2221/1660 860/2223/1662 801/2224/1663
f 801/2224/1663 860/2225/1662 861/2226/1664 802/2227/1665
f 802/2227/1665 861/2226/1664 862/2228/1666 803/2229/1667
f 803/2229/1667 862/2230/1666 863/2231/1668 804/2232/1669
f 804/2232/1669 863/2233/1668 864/2234/1670 805/2235/1671
f 805/2235/1671 864/2234/1670 865/2236/1672 806/2237/1673
f 806/2237/1673 865/2238/1672 866/2239/1674 807/2240/1675
f 807/2240/1675 866/2241/1674 867/2242/1676 808/2243/1677
f 808/2243/1677 867/2242/1676 868/2244/1678 809/2245/1679
f 809/2245/1679 868/2246/1678 869/2247/1680 810/2248/1681
f 810/2248/1681 869/2247/1680 870/2249/1682 811/2250/1683
f 811/2250/1683 870/2251/1682 871/2252/1684 812/2253/1685
f 812/2253/1685 871/2252/1684 872/2254/1686 813/2255/1687
f 813/2255/1687 872/2256/1686 873/2257/1688 814/2258/1689
f 814/2258/1689 873/2259/1688 874/2260/1690 815/2261/1691
f 815/2261/1691 874/2260/1690 875/2262/1692 816/2263/1693
f 816/2263/1693 875/2264/1692 876/2265/1694 817/2266/1695
f 817/2266/1695 876/2267/1694 877/2268/1696 818/2269/1697
f 799/2219/1658 818/2269/1697 877/2268/1696 858/2270/1659
s 70
f 822/2271/1698 859/2272/1699 858/2273/1700 823/2274/1701
s 71
f 823/2275/1702 858/2276/1703 877/2277/1704 824/2278/1705
f 824/2278/1705 877/2277/1704 876/2279/1706 825/2280/1707
s off
f 825/2281/1708 876/2282/1709 875/2283/1710 826/2284/1711
s 72
f 826/2285/1712 875/2286/1713 874/2287/1714 827/2288/1715
f 827/2288/1715 874/2287/1714 873/2289/1716 828/2290/1717
s off
f 828/2291/1718 873/2292/1719 872/2293/1720 829/2294/1721
s 73
f 829/2295/1722 872/2296/1723 871/2297/1724 830/2298/1725
f 830/2298/1725 871/2297/1724 870/2299/1726 831/2300/1727
s 74
f 831/2301/1728 870/2302/1729 869/2303/1730 832/2304/1731
f 832/2304/1731 869/2303/1730 868/2305/1732 833/2306/1733
s 75
f 833/2307/1734 868/2308/1735 867/2309/1736 834/2310/1737
f 834/2310/1737 867/2309/1736 866/2311/1738 835/2312/1739
s off
f 835/2313/1740 866/2314/1741 865/2315/1742 836/2316/1743
s 76
f 836/2317/1744 865/2318/1745 864/2319/1746 837/2320/1747
f 837/2320/1747 864/2319/1746 863/2321/1748 838/2322/1749
s off
f 838/2323/1750 863/2324/1751 862/2325/1752 839/2326/1753
s 77
f 839/2327/1754 862/2328/1755 861/2329/1756 840/2330/1757
f 840/2330/1757 861/2329/1756 860/2331/1758 841/2332/1759
s 70
f 822/2271/1698 841/2333/1760 860/2334/1761 859/2272/1699
s 65
f 783/2181/1620 786/2180/1619 845/2335/1762 842/2336/1763
s 31
f 784/2184/1623 842/2337/1622 878/2338/1764 843/2339/1765
s 42
f 843/2340/1624 879/2341/1766 880/2342/1767 844/2343/1625
s 25
f 785/2187/1626 844/2344/1768 881/2345/1769 845/2346/1627
s 66
f 787/2192/1631 790/2191/1630 849/2347/1770 846/2348/1771
s 25
f 788/2194/1633 846/2349/1632 882/2350/1772 847/2351/1773
s 42
f 847/2195/1634 880/2342/1767 879/2341/1766 848/2196/1635
s 31
f 789/2197/1636 848/2352/1774 883/2353/1775 849/2354/1637
s 67
f 791/2201/1640 794/2200/1639 853/2355/1776 850/2356/1777
s 29
f 792/2204/1643 850/2357/1642 884/2358/1778 851/2359/1779
s 49
f 851/2360/1644 885/2361/1780 886/2362/1781 852/2363/1645
s 26
f 793/2207/1646 852/2364/1782 887/2365/1783 853/2366/1647
s 68
f 795/2212/1651 798/2211/1650 857/2367/1784 854/2368/1785
s 26
f 796/2214/1653 854/2369/1652 888/2370/1786 855/2371/1787
s 49
f 855/2215/1654 886/2362/1781 885/2361/1780 856/2216/1655
s 29
f 797/2217/1656 856/2372/1788 889/2373/1789 857/2374/1657
s off
f 842/2375/1790 845/2376/1791 881/2377/1792 878/2378/1793
s 31
f 843/2339/1765 878/2379/1764 890/2380/1794 879/2381/1795
s 25
f 844/2344/1768 880/2382/1796 891/2383/1797 881/2384/1769
s off
f 846/2385/1798 849/2386/1799 883/2387/1800 882/2388/1801
s 25
f 847/2351/1773 882/2389/1772 891/2383/1797 880/2382/1796
s 31
f 848/2352/1774 879/2381/1795 890/2380/1794 883/2390/1775
s off
f 850/2391/1802 853/2392/1803 887/2393/1804 884/2394/1805
s 29
f 851/2359/1779 884/2395/1778 892/2396/1806 885/2397/1807
s 26
f 852/2364/1782 886/2398/1808 893/2399/1809 887/2400/1783
s off
f 854/2401/1810 857/2402/1811 889/2403/1812 888/2404/1813
s 26
f 855/2371/1787 888/2405/1786 893/2399/1809 886/2398/1808
s 29
f 856/2372/1788 885/2397/1807 892/2396/1806 889/2406/1789
s 17
f 878/2407/1814 881/2408/1815 891/2409/575 890/2410/574
s off
usemtl initialShadingGroup
f 4/946/1816 482/1502/1817 483/947/1818 3/948/1819
s 3
usemtl oak_lab:pasted__lambert3SG
f 907/1/1820 908/4/1821 909/3/1822 13/17/8 14/18/10 15/19/9 16/20/11 17/21/1823 18/22/1824 12/23/1825
s off
usemtl oak_lab:pasted__lambert5SG
f 84/172/1826 87/181/1827 86/177/1828 85/176/1829 113/222/1830 114/223/1831 115/224/1832 116/225/1833
s 13
usemtl initialShadingGroup
f 121/557/1834 144/556/1835 392/555/1836 393/558/1837 155/373/1838 196/350/1839 910/349/1840 921/327/1841 162/326/1842 128/325/1843
s off
usemtl oak_lab:pasted__phong2SG
f 436/1353/1844 439/1354/1845 438/1355/1846 437/1356/1847 622/1357/1848 623/1358/1849 624/1359/1850 625/1360/1851
f 519/1582/1852 522/1583/1853 521/1584/1854 520/1589/1855 721/1585/1856 722/1586/1857 723/1587/1858 724/1588/1859
f 364/929/1860 365/926/1861 475/1255/1862 402/1256/1863 476/927/1864 477/928/1865 583/1253/1866 584/1254/1867
usemtl oak_lab:pasted__lambert3SG
f 907/42/1868 12/43/1869 27/44/1870 24/45/1871 25/46/1872 26/47/1873
f 22/79/1874 24/80/1875 27/81/1876 44/82/1877 45/83/1878 35/84/1879
f 914/146/1880 47/147/1881 46/148/1882 56/149/1883 77/150/1884 78/151/1885
f 918/159/1886 80/160/1887 77/161/1888 56/162/1889 35/163/1890 53/104/1891
usemtl oak_lab:pasted__phong2SG
f 922/189/1892 925/190/1893 99/191/1894 100/192/1895 101/193/1896 89/194/1897
s 8
f 66/226/200 90/227/1898 118/228/1899 117/229/1900 930/230/202 74/231/201
s 49
f 267/1455/1901 474/1456/1902 663/1457/1486 664/1458/1489 546/1459/1903 337/1460/1904
s off
usemtl initialShadingGroup
f 107/252/1905 111/253/1906 129/254/1907 131/255/1908 132/256/1909 133/257/1910
s 49
usemtl oak_lab:pasted__phong2SG
f 235/1367/1911 381/1368/1912 504/1369/1913 629/1370/1378 630/1371/1381 442/1372/1914
s off
usemtl initialShadingGroup
f 142/434/1915 145/435/1916 277/436/1917 278/437/1918 279/438/1919 280/439/1920
usemtl oak_lab:pasted__phong2SG
f 3/949/1921 483/950/1922 484/951/1923 485/952/1924 486/953/1925 366/954/1926
s 20
usemtl initialShadingGroup
f 291/1067/690 399/1070/693 393/1071/1927 392/1072/1928 290/554/1929 289/1068/691
s 42
usemtl oak_lab:pasted__phong2SG
f 215/1347/1930 435/1348/1931 620/1349/1354 621/1350/1357 523/1351/1932 304/1352/1933
f 203/1309/1934 390/1310/1935 514/1311/1936 605/1312/1308 606/1313/1311 423/1314/1937
s off
usemtl oak_lab:pasted__lambert3SG
f 28/86/1938 39/115/1939 38/87/1940 46/88/1941 47/89/1942 13/85/1943
usemtl initialShadingGroup
f 35/109/1944 56/110/1945 46/113/1946 38/114/1947 37/111/1948 36/112/1949
usemtl oak_lab:pasted__lambert3SG
f 76/145/1950 75/144/1951 52/158/1952 32/156/1953 51/157/1954 88/184/1955
f 909/3/1956 29/48/1957 25/46/1958 24/45/1959 19/49/1960 28/50/1961 13/17/1962
usemtl oak_lab:pasted__lambert2SG
f 73/209/1963 109/210/1964 110/211/1965 111/212/1966 107/213/1967 924/214/1968 926/215/1969
usemtl initialShadingGroup
f 99/200/1970 103/199/1971 105/236/1972 121/237/1973 122/238/1974 123/239/1975 100/240/1976
usemtl oak_lab:oak_lab:lambert4SG
f 129/307/1977 156/308/1978 164/309/1979 165/310/1980 166/311/1981 167/312/1982 131/313/1983
f 127/563/1984 278/564/1985 277/565/1986 394/566/1987 219/567/1988 155/568/1989 160/569/1990
usemtl oak_lab:pasted__phong2SG
f 361/1493/1991 479/1494/1992 485/1495/1993 484/1496/1994 688/1497/1995 689/1498/1996 690/1499/1997
usemtl oak_lab:pasted__lambert2SG
f 396/2120/1998 819/2121/1999 689/2122/2000 362/2123/2001 690/2124/2002 821/2125/2003 820/2126/2004
usemtl oak_lab:oak_lab3:oak_lab2:pasted__phong1SG
f 92/2427/2005 119/2428/2006 140/2429/2007 173/2430/2008 154/2431/2009 153/2432/2010 93/2433/2011
f 96/2434/2012 150/2435/2013 149/2436/2014 174/2437/2015 141/2438/2016 120/2439/2017 97/2440/2018
usemtl oak_lab:pasted__lambert3SG
f 50/94/2019 88/153/2020 51/152/2021 30/95/2022 16/92/2023 48/91/2024 49/93/2025
usemtl oak_lab:pasted__lambert6SG
f 81/219/2026 112/220/2027 171/319/2028 76/258/2029 88/221/2030 50/217/2031 79/218/2032
s 78
usemtl oak_lab:pasted__phong2SG
f 172/322/2033 138/273/2034 139/274/2035 930/271/2036 117/272/2037 126/300/2038 34/301/2039
s off
usemtl initialShadingGroup
f 130/250/2040 163/305/2041 157/584/2042 156/306/2043 129/251/2044 111/212/2045 110/211/2046
f 10/57/2047 24/58/2048 22/59/2049 21/60/2050 20/61/2051
f 689/2115/2052 819/2116/2053 820/2117/2054 821/2118/2055 690/2119/2056
s 18
usemtl oak_lab:pasted__phong2SG
f 344/1006/811 499/1007/810 500/1008/633 377/1009/632 345/1010/2057
s off
usemtl oak_lab:pasted__lambert3SG
f 54/105/2058 76/164/2059 81/165/2060 79/166/2061 55/167/2062
usemtl oak_lab:pasted__lambert5SG
f 58/170/2063 83/171/2064 84/172/2065 85/173/2066 59/174/2067
f 60/179/2068 86/180/2069 87/181/2070 82/182/2071 61/183/2072
usemtl initialShadingGroup
f 127/585/2073 161/586/2074 400/587/2075 401/588/2076 278/589/2077
f 131/314/2078 170/315/2079 168/316/2080 169/317/2081 132/318/2082
f 272/918/2083 276/919/2084 402/920/2085 475/921/2086 273/922/2087
s 9
usemtl oak_lab:lambert9SG
f 124/285/234 919/284/233 916/559/2088 127/560/2089 148/561/2090
s off
usemtl initialShadingGroup
f 102/201/2091 127/245/2092 104/202/2093 69/198/2094 68/197/2095
f 127/247/2096 916/304/2097 128/248/2098 106/249/2099 104/246/2100
usemtl oak_lab:pasted__phong2SG
f 358/955/2101 366/956/2102 486/957/2103 478/1512/2104 356/1511/2105
usemtl oak_lab:pasted__lambert6SG
f 19/65/2106 23/66/2107 33/67/2108 22/68/2109 35/69/2110 36/70/2111 37/71/2112 38/72/2113 39/73/2114 28/74/2115 40/75/2116 41/76/2117 42/77/2118 43/78/2119
usemtl oak_lab:pasted__lambert1SG
f 52/102/2120 75/142/2121 45/143/2122 44/103/2123 65/132/2124 66/133/2125 67/134/2126 68/135/2127 69/136/2128 929/137/2129 71/138/2130 72/139/2131 73/140/2132 926/141/2133
usemtl oak_lab:oak_lab:lambert8SG
f 125/291/2134 397/292/2135 34/293/2136 160/294/2137 155/295/2138 156/296/2139 157/297/2140 158/298/2141 147/299/2142
usemtl initialShadingGroup
f 131/314/2143 398/590/2144 165/591/2145 164/592/2146 395/593/2147 279/594/2148 278/595/2149 401/596/2150 170/315/2151
usemtl oak_lab:pasted__lambert4SG
f 394/1229/2152 561/1250/2153 440/1251/2154 219/1228/2155 562/1230/2156 563/1231/2157 564/1232/2158 565/1233/2159 566/1234/2160 567/1235/2161 568/1236/2162 569/1237/2163 570/1238/2164 571/1239/2165 572/1240/2166 573/1241/2167 574/1242/2168 575/1243/2169 576/1244/2170 577/1245/2171 578/1246/2172 579/1247/2173 580/1248/2174 581/1249/2175
f 287/1468/2176 518/1489/2177 515/1490/2178 280/1467/2179 668/1469/2180 669/1470/2181 670/1471/2182 671/1472/2183 672/1473/2184 673/1474/2185 674/1475/2186 675/1476/2187 676/1477/2188 677/1478/2189 678/1479/2190 679/1480/2191 680/1481/2192 681/1482/2193 682/1483/2194 683/1484/2195 684/1485/2196 685/1486/2197 686/1487/2198 687/1488/2199
usemtl oak_lab:pasted__phong2SG
f 480/939/2200 688/1500/2201 484/1501/2202 483/947/2203 482/1502/2204 481/940/2205 667/1503/2206 666/1504/2207 691/1505/2208 692/1506/2209
usemtl oak_lab:pasted__lambert2SG
f 285/446/2210 286/447/2211 287/448/2212 288/449/2213 289/450/2214 290/451/2215 143/553/2216 142/440/2217 280/441/2218 281/442/2219 282/443/2220 283/444/2221 284/445/2222 292/453/2223 293/454/2224 294/455/2225 295/456/2226 296/457/2227 297/458/2228 298/459/2229 303/464/2230 304/465/2231 305/466/2232 306/467/2233 307/468/2234 308/469/2235 309/470/2236 310/471/2237 311/472/2238 312/473/2239 313/474/2240 388/549/2241 389/550/2242 390/551/2243 391/552/2244 299/460/2245 300/461/2246 301/462/2247 302/463/2248 314/475/2249 315/476/2250 316/477/2251 317/478/2252 318/479/2253 319/480/2254 320/481/2255 321/482/2256 322/483/2257 323/484/2258 324/485/2259 325/486/2260 326/487/2261 327/488/2262 328/489/2263 329/490/2264 384/545/2265 385/546/2266 386/547/2267 387/548/2268 330/491/2269 331/492/2270 332/493/2271 333/494/2272 334/495/2273 335/496/2274 336/497/2275 337/498/2276 338/499/2277 339/500/2278 340/501/2279 341/502/2280 342/503/2281 343/504/2282 344/505/2283 345/506/2284 377/538/2285 378/539/2286 379/540/2287 380/541/2288 381/542/2289 382/543/2290 383/544/2291 346/507/2292 347/508/2293 348/509/2294 349/510/2295 350/511/2296 351/512/2297 352/513/2298 353/514/2299 354/515/2300 355/516/2301 356/517/2302 357/518/2303 358/519/2304 359/520/2305 360/521/2306 361/522/2307 362/523/2308 363/524/2309 4/525/2310 3/526/2311 366/527/2312 358/519/2313 355/516/2314 367/528/2315 368/529/2316 369/530/2317 370/531/2318 371/532/2319 372/533/2320 373/534/2321 374/535/2322 375/536/2323 376/537/2324
usemtl initialShadingGroup
f 288/574/2325 287/575/2326 395/576/2327 164/577/2328 155/583/2329 393/572/2330 399/573/2331 166/581/2332 165/582/2333 156/578/2334 398/571/2335 131/570/2336
s 78
usemtl oak_lab:pasted__phong2SG
f 161/302/2337 127/303/2338 102/235/2339 91/233/2340 98/234/2341 930/271/2036 139/274/2035 138/273/2034 172/322/2033 34/601/2039 582/562/2342 132/323/2343 169/324/2344
s 13
usemtl oak_lab:lambert10SG
f 394/605/2345 277/432/2346 145/433/2347 128/325/1843 162/326/1842 146/327/2348 175/328/2349 910/349/1840 196/350/1839 155/373/1838 219/374/2350 224/379/2351 225/380/424 226/381/427 227/382/426 228/383/425 229/384/2352 176/329/2353 177/330/2354 178/331/2355 179/332/2356 180/333/2357 181/334/2358 182/335/2359 183/336/2360 184/337/2361 185/338/2362 186/339/2363 187/340/2364 188/341/2365 189/342/2366 190/343/2367 191/344/2368 192/345/2369 193/346/2370 194/347/2371 195/348/2372 197/351/2373 198/352/2374 199/353/2375 200/354/2376 201/355/2377 202/356/2378 203/357/2379 204/358/2380 205/359/2381 206/360/2382 207/361/2383 208/362/2384 209/363/2385 210/364/2386 211/365/2387 212/366/2388 213/367/2389 214/368/2390 215/369/2391 216/370/2392 217/371/2393 218/372/2394 220/375/2395 221/376/2396 222/377/2397 223/378/2398 272/427/2399 273/428/2400 365/429/2401 364/430/2402 276/431/2403 239/394/2404 240/395/2405 241/396/2406 242/397/2407 243/398/2408 244/399/2409 265/420/2410 266/421/2411 267/422/2412 268/423/2413 269/424/2414 270/425/2415 271/426/2416 230/385/2417 231/386/2418 232/387/2419 233/388/2420 234/389/2421 235/390/2422 236/391/2423 237/392/2424 238/393/2425 245/400/2426 246/401/2427 247/402/2428 248/403/2429 249/404/2430 250/405/2431 251/406/2432 252/407/2433 253/408/2434 254/409/2435 255/410/2436 256/411/2437 257/412/2438 258/413/2439 259/414/2440 260/415/2441 261/416/2442 262/417/2443 263/418/2444 264/419/2445
s off
usemtl oak_lab:lambert5SG
f 931/2456/2446 936/2457/2447 937/2458/2448 938/2459/2449 939/2460/2450 940/2461/2451 941/2462/2452 942/2463/2453 932/2464/2454 933/2465/2455 934/2466/2456 935/2467/2457
f 943/2468/2458 946/2469/2459 945/2470/2460 944/2471/2461 947/2472/2462 950/2473/2463 949/2474/2464 948/2475/2465 952/2476/2466 953/2477/2467 954/2478/2468 951/2479/2469
f 931/2456/2470 943/2468/2471 944/2471/2472 936/2457/2473
f 936/2457/2474 944/2471/2475 945/2470/2476 937/2458/2477
f 937/2458/2478 945/2470/2479 946/2469/2480 938/2459/2481
f 931/2456/2482 938/2459/2483 946/2469/2484 943/2468/2485
f 939/2480/2486 947/2481/2487 948/2482/2488 940/2483/2489
f 940/2483/2490 948/2482/2491 949/2484/2492 941/2485/2493
f 941/2485/2494 949/2484/2495 950/2486/2496 942/2487/2497
f 939/2480/2498 942/2487/2499 950/2486/2500 947/2481/2501
f 933/2488/2502 954/2489/2503 953/2490/2504 934/2491/2505
f 934/2491/2506 953/2490/2507 952/2492/2508 935/2493/2509
f 932/2494/2510 951/2495/2511 954/2489/2512 933/2488/2513
f 932/2494/2514 935/2493/2515 952/2492/2516 951/2495/2517
usemtl oak_lab:lambert8SG
f 956/2496/2518 965/2497/2519 966/2498/2520 955/2499/2521 957/2500/2522 958/2501/2523 963/2502/2524 964/2503/2525 959/2504/2526 960/2505/2527 961/2506/2528 962/2507/2529
usemtl lambert2SG
f 967/2508/2530 968/2509/2531 970/2510/2532 969/2511/2533 971/2512/2534 972/2513/2535 973/2514/2536 974/2515/2537 975/2516/2538 976/2517/2539 977/2518/2540 978/2519/2541
usemtl initialShadingGroup
f 955/2499/2542 966/2498/2543 968/2520/2544 967/2521/2545
f 955/2522/2546 967/2508/2547 969/2511/2548 956/2523/2549
f 956/2496/2550 969/2524/2551 970/2525/2552 965/2497/2553
f 965/2497/2554 970/2510/2555 968/2509/2556 966/2498/2557
usemtl oak_lab:oak_lab7:oak_lab6:oak_lab4:oak_lab2:pasted__phong1SG
f 958/2526/2558 974/2527/2559 973/2528/2560 963/2529/2561
f 963/2530/2562 973/2531/2563 972/2532/2564 964/2533/2565
f 957/2534/2566 971/2535/2567 974/2536/2568 958/2537/2569
f 957/2538/2570 964/2539/2571 972/2540/2572 971/2541/2573
usemtl oak_lab:oak_lab7:oak_lab6:oak_lab5:oak_lab4:oak_lab2:pasted__phong1SG
f 960/2542/2574 978/2543/2575 977/2544/2576 961/2545/2577
f 961/2546/2578 977/2547/2579 976/2548/2580 962/2549/2581
f 959/2550/2582 975/2551/2583 978/2552/2584 960/2553/2585
f 959/2554/2586 962/2555/2587 976/2556/2588 975/2557/2589
