# This file uses centimeters as units for non-parametric coordinates.

mtllib Poke2.mtl
g default
v 5.028233 0.727879 0.799197
v 5.019574 0.779769 0.799197
v 4.994536 0.826035 0.799197
v 4.955832 0.861665 0.799197
v 4.907656 0.882797 0.799593
v 4.855229 0.887141 0.801576
v 4.804232 0.874226 0.799593
v 4.760191 0.845453 0.799197
v 4.727879 0.803939 0.799197
v 4.710798 0.754183 0.799197
v 4.710798 0.701576 0.799197
v 4.727879 0.651820 0.799197
v 4.760191 0.610305 0.799197
v 4.804232 0.581532 0.799197
v 4.855229 0.568618 0.799197
v 4.907656 0.572962 0.799197
v 4.955832 0.594094 0.799197
v 4.994536 0.629724 0.799197
v 5.019574 0.675990 0.799197
v 5.026494 0.727879 0.829000
v 5.017930 0.779204 0.829000
v 4.993164 0.824967 0.829000
v 4.954881 0.860209 0.829000
v 4.907229 0.881111 0.829000
v 4.855373 0.885408 0.829000
v 4.804930 0.872635 0.829000
v 4.761368 0.844174 0.829000
v 4.729408 0.803112 0.829000
v 4.712513 0.753896 0.829000
v 4.712513 0.701862 0.829000
v 4.729408 0.652647 0.829000
v 4.761368 0.611585 0.829000
v 4.804930 0.583124 0.829000
v 4.855373 0.570350 0.829000
v 4.907229 0.574648 0.829000
v 4.954881 0.595550 0.829000
v 4.993164 0.630792 0.829000
v 5.017930 0.676555 0.829000
v 4.991882 0.727879 0.834081
v 4.985193 0.767966 0.834081
v 4.965850 0.803708 0.834081
v 4.935950 0.831233 0.834081
v 4.898732 0.847558 0.834081
v 4.858231 0.850914 0.834081
v 4.818833 0.840938 0.834081
v 4.784811 0.818709 0.834081
v 4.759848 0.786638 0.834081
v 4.746653 0.748199 0.834081
v 4.746653 0.707559 0.834081
v 4.759848 0.669120 0.834081
v 4.784811 0.637049 0.834081
v 4.818833 0.614821 0.834081
v 4.858231 0.604844 0.834081
v 4.898732 0.608200 0.834081
v 4.935950 0.624526 0.834081
v 4.965851 0.652051 0.834081
v 4.985193 0.687793 0.834081
v 4.987234 0.727879 0.833908
v 4.980797 0.766456 0.833908
v 4.962182 0.800853 0.833908
v 4.933407 0.827342 0.833908
v 4.897591 0.843052 0.833908
v 4.858614 0.846282 0.833908
v 4.820700 0.836681 0.833908
v 4.787959 0.815290 0.833908
v 4.763937 0.784426 0.833908
v 4.751237 0.747435 0.833908
v 4.751237 0.708324 0.833908
v 4.763937 0.671333 0.833908
v 4.787959 0.640469 0.833908
v 4.820701 0.619078 0.833908
v 4.858614 0.609477 0.833908
v 4.897592 0.612706 0.833908
v 4.933408 0.628417 0.833908
v 4.962182 0.654906 0.833908
v 4.980797 0.689302 0.833908
v 4.978581 0.727579 0.837391
v 4.972613 0.763346 0.837391
v 4.955354 0.795238 0.837391
v 4.928675 0.819797 0.837391
v 4.895467 0.834364 0.837391
v 4.859329 0.837358 0.837391
v 4.824177 0.828456 0.837391
v 4.793819 0.808623 0.837391
v 4.771547 0.780007 0.837391
v 4.759772 0.745710 0.837391
v 4.759772 0.709447 0.837391
v 4.771547 0.675151 0.837391
v 4.793819 0.646534 0.837391
v 4.824177 0.626701 0.837391
v 4.859329 0.617799 0.837391
v 4.895467 0.620794 0.837391
v 4.928675 0.635360 0.837391
v 4.955354 0.659920 0.837391
v 4.972613 0.691811 0.837391
v 4.971836 0.725775 0.858304
v 4.966233 0.759352 0.858304
v 4.950031 0.789290 0.858304
v 4.924986 0.812346 0.858304
v 4.893811 0.826020 0.858304
v 4.859886 0.828832 0.858304
v 4.826886 0.820475 0.858304
v 4.798387 0.801856 0.858304
v 4.777479 0.774992 0.858304
v 4.766426 0.742795 0.858304
v 4.766426 0.708754 0.858304
v 4.777479 0.676557 0.858304
v 4.798387 0.649693 0.858304
v 4.826886 0.631074 0.858304
v 4.859886 0.622717 0.858304
v 4.893811 0.625529 0.858304
v 4.924986 0.639203 0.858304
v 4.950031 0.662259 0.858304
v 4.966233 0.692197 0.858304
v 4.937881 0.725502 0.862499
v 4.934118 0.748055 0.862499
v 4.923236 0.768163 0.862499
v 4.906414 0.783648 0.862499
v 4.885476 0.792833 0.862499
v 4.862690 0.794721 0.862499
v 4.840525 0.789108 0.862499
v 4.821385 0.776603 0.862499
v 4.807341 0.758560 0.862499
v 4.799917 0.736934 0.862499
v 4.799917 0.714071 0.862499
v 4.807341 0.692445 0.862499
v 4.821385 0.674403 0.862499
v 4.840525 0.661897 0.862499
v 4.862690 0.656284 0.862499
v 4.885476 0.658172 0.862499
v 4.906414 0.667357 0.862499
v 4.923236 0.682842 0.862499
v 4.934118 0.702951 0.862499
v 4.915740 0.725646 0.871430
v 4.913176 0.741009 0.871430
v 4.905763 0.754707 0.871430
v 4.894304 0.765256 0.871430
v 4.880040 0.771513 0.871430
v 4.864519 0.772799 0.871430
v 4.849420 0.768975 0.871430
v 4.836381 0.760456 0.871430
v 4.826814 0.748165 0.871430
v 4.821757 0.733434 0.871430
v 4.821757 0.717858 0.871430
v 4.826814 0.703127 0.871430
v 4.836381 0.690836 0.871430
v 4.849420 0.682317 0.871430
v 4.864519 0.678494 0.871430
v 4.880040 0.679780 0.871430
v 4.894304 0.686036 0.871430
v 4.905763 0.696585 0.871430
v 4.913176 0.710284 0.871430
v 4.890598 0.725525 0.872234
v 4.889396 0.732724 0.872234
v 4.885923 0.739143 0.872234
v 4.880553 0.744087 0.872234
v 4.873868 0.747019 0.872234
v 4.866595 0.747622 0.872234
v 4.859519 0.745830 0.872234
v 4.853409 0.741838 0.872234
v 4.848926 0.736078 0.872234
v 4.846556 0.729174 0.872234
v 4.846556 0.721876 0.872234
v 4.848926 0.714972 0.872234
v 4.853409 0.709212 0.872234
v 4.859519 0.705220 0.872234
v 4.866595 0.703429 0.872234
v 4.873868 0.704031 0.872234
v 4.880553 0.706963 0.872234
v 4.885923 0.711906 0.872234
v 4.889396 0.718326 0.872234
v 5.012857 0.727879 0.833893
v 5.005031 0.774776 0.833893
v 4.982403 0.816591 0.833893
v 4.947422 0.848793 0.833893
v 4.903882 0.867891 0.833893
v 4.856498 0.871818 0.833893
v 4.810408 0.860146 0.833893
v 4.770605 0.834141 0.833893
v 4.741402 0.796621 0.833893
v 4.725964 0.751652 0.833893
v 4.725964 0.704107 0.833893
v 4.741402 0.659138 0.833893
v 4.770605 0.621618 0.833893
v 4.810408 0.595613 0.833893
v 4.856499 0.583941 0.833893
v 4.903882 0.587867 0.833893
v 4.947422 0.606966 0.833893
v 4.982403 0.639167 0.833893
v 5.005032 0.680983 0.833893
v 5.028233 0.727879 0.739198
v 5.019574 0.779769 0.739198
v 4.994536 0.826035 0.739198
v 4.955832 0.861665 0.739198
v 4.907656 0.882797 0.742371
v 4.855229 0.887141 0.758236
v 4.804232 0.874226 0.742371
v 4.760191 0.845453 0.739198
v 4.727879 0.803939 0.739198
v 4.710798 0.754183 0.739198
v 4.710798 0.701576 0.739198
v 4.727879 0.651820 0.739198
v 4.760191 0.610305 0.739198
v 4.804232 0.581532 0.739198
v 4.855229 0.568618 0.739198
v 4.907656 0.572962 0.739198
v 4.955832 0.594094 0.739198
v 4.994536 0.629724 0.739198
v 5.019574 0.675990 0.739198
v 5.026038 0.754180 0.818019
v 5.008958 0.803932 0.818019
v 4.976650 0.845442 0.818019
v 4.932613 0.874213 0.818019
v 4.881621 0.887126 0.818019
v 4.829199 0.882782 0.818019
v 4.781027 0.861652 0.818019
v 4.742327 0.826026 0.818019
v 4.717291 0.779764 0.818019
v 4.708634 0.727879 0.818019
v 4.717291 0.675995 0.818019
v 4.742327 0.629733 0.818019
v 4.781027 0.594107 0.818019
v 4.829199 0.572977 0.818019
v 4.881621 0.568633 0.818019
v 4.932613 0.581546 0.818019
v 4.976650 0.610317 0.818019
v 5.008959 0.651827 0.818019
v 5.026038 0.701579 0.818019
v 4.999673 0.749781 0.834110
v 4.985451 0.791210 0.834110
v 4.958546 0.825777 0.834110
v 4.921876 0.849734 0.834110
v 4.879414 0.860487 0.834110
v 4.835761 0.856870 0.834110
v 4.795647 0.839275 0.834110
v 4.763421 0.809608 0.834110
v 4.742573 0.771084 0.834110
v 4.735363 0.727879 0.834110
v 4.742573 0.684674 0.834110
v 4.763421 0.646151 0.834110
v 4.795647 0.616484 0.834110
v 4.835761 0.598889 0.834110
v 4.879414 0.595271 0.834110
v 4.921876 0.606024 0.834110
v 4.958546 0.629982 0.834110
v 4.985451 0.664549 0.834110
v 4.999673 0.705978 0.834110
v 4.987025 0.747670 0.833994
v 4.974173 0.785107 0.833994
v 4.949861 0.816342 0.833994
v 4.916725 0.837991 0.833994
v 4.878355 0.847708 0.833994
v 4.838908 0.844439 0.833994
v 4.802661 0.828540 0.833994
v 4.773540 0.801732 0.833994
v 4.754701 0.766921 0.833994
v 4.748186 0.727879 0.833994
v 4.754701 0.688838 0.833994
v 4.773540 0.654027 0.833994
v 4.802661 0.627219 0.833994
v 4.838908 0.611319 0.833994
v 4.878355 0.608051 0.833994
v 4.916725 0.617768 0.833994
v 4.949861 0.639416 0.833994
v 4.974173 0.670652 0.833994
v 4.987025 0.708089 0.833994
v 4.981336 0.746721 0.833880
v 4.969100 0.782362 0.833880
v 4.945955 0.812099 0.833880
v 4.914408 0.832709 0.833880
v 4.877879 0.841960 0.833880
v 4.840325 0.838848 0.833880
v 4.805816 0.823711 0.833880
v 4.778092 0.798189 0.833880
v 4.760156 0.765048 0.833880
v 4.753954 0.727879 0.833880
v 4.760156 0.690711 0.833880
v 4.778092 0.657569 0.833880
v 4.805816 0.632048 0.833880
v 4.840325 0.616911 0.833880
v 4.877879 0.613799 0.833880
v 4.914408 0.623050 0.833880
v 4.945955 0.643660 0.833880
v 4.969100 0.673397 0.833880
v 4.981336 0.709038 0.833880
v 4.975646 0.744569 0.847918
v 4.964027 0.778414 0.847918
v 4.942048 0.806652 0.847918
v 4.912091 0.826224 0.847918
v 4.877402 0.835008 0.847918
v 4.841740 0.832054 0.847918
v 4.808970 0.817679 0.847918
v 4.782643 0.793444 0.847918
v 4.765612 0.761972 0.847918
v 4.759722 0.726676 0.847918
v 4.765612 0.691381 0.847918
v 4.782643 0.659910 0.847918
v 4.808970 0.635674 0.847918
v 4.841740 0.621299 0.847918
v 4.877402 0.618345 0.847918
v 4.912091 0.627129 0.847918
v 4.942048 0.646701 0.847918
v 4.964027 0.674940 0.847918
v 4.975646 0.708785 0.847918
v 4.954725 0.739875 0.861388
v 4.945373 0.767116 0.861388
v 4.927683 0.789844 0.861388
v 4.903571 0.805597 0.861388
v 4.875651 0.812668 0.861388
v 4.846947 0.810289 0.861388
v 4.820572 0.798720 0.861388
v 4.799382 0.779213 0.861388
v 4.785674 0.753883 0.861388
v 4.780933 0.725474 0.861388
v 4.785674 0.697065 0.861388
v 4.799382 0.671735 0.861388
v 4.820572 0.652228 0.861388
v 4.846947 0.640659 0.861388
v 4.875651 0.638280 0.861388
v 4.903571 0.645351 0.861388
v 4.927683 0.661103 0.861388
v 4.945373 0.683832 0.861388
v 4.954725 0.711073 0.861388
v 4.925378 0.735093 0.866964
v 4.919206 0.753070 0.866964
v 4.907531 0.768069 0.866964
v 4.891620 0.778465 0.866964
v 4.873193 0.783131 0.866964
v 4.854251 0.781562 0.866964
v 4.836845 0.773926 0.866964
v 4.822861 0.761053 0.866964
v 4.813815 0.744337 0.866964
v 4.810686 0.725589 0.866964
v 4.813815 0.706841 0.866964
v 4.822861 0.690125 0.866964
v 4.836845 0.677251 0.866964
v 4.854251 0.669616 0.866964
v 4.873194 0.668047 0.866964
v 4.891620 0.672712 0.866964
v 4.907531 0.683108 0.866964
v 4.919206 0.698108 0.866964
v 4.925378 0.716085 0.866964
v 4.901079 0.731038 0.872545
v 4.897540 0.741345 0.872545
v 4.890846 0.749945 0.872545
v 4.881723 0.755905 0.872545
v 4.871159 0.758580 0.872545
v 4.860299 0.757680 0.872545
v 4.850319 0.753303 0.872545
v 4.842302 0.745922 0.872545
v 4.837115 0.736338 0.872545
v 4.835321 0.725589 0.872545
v 4.837115 0.714840 0.872545
v 4.842302 0.705256 0.872545
v 4.850319 0.697875 0.872545
v 4.860299 0.693497 0.872545
v 4.871159 0.692597 0.872545
v 4.881723 0.695273 0.872545
v 4.890846 0.701233 0.872545
v 4.897540 0.709833 0.872545
v 4.901079 0.720140 0.872545
v 4.868426 0.725474 0.871985
v 5.019180 0.753036 0.833241
v 5.002844 0.800623 0.833241
v 4.971940 0.840326 0.833241
v 4.929820 0.867845 0.833241
v 4.881047 0.880196 0.833241
v 4.830906 0.876042 0.833241
v 4.784831 0.855831 0.833241
v 4.747814 0.821755 0.833241
v 4.723868 0.777506 0.833241
v 4.715587 0.727879 0.833241
v 4.723868 0.678253 0.833241
v 4.747814 0.634004 0.833241
v 4.784831 0.599928 0.833241
v 4.830906 0.579717 0.833241
v 4.881047 0.575562 0.833241
v 4.929820 0.587914 0.833241
v 4.971941 0.615432 0.833241
v 5.002844 0.655136 0.833241
v 5.019180 0.702723 0.833241
v 5.026038 0.754180 0.771432
v 5.008958 0.803932 0.771432
v 4.976650 0.845442 0.771432
v 4.932613 0.874213 0.771432
v 4.881621 0.887126 0.777779
v 4.829199 0.882782 0.777779
v 4.781027 0.861652 0.771432
v 4.742327 0.826026 0.771432
v 4.717291 0.779764 0.771432
v 4.708634 0.727879 0.771432
v 4.717291 0.675995 0.771432
v 4.742327 0.629733 0.771432
v 4.781027 0.594107 0.771432
v 4.829199 0.572977 0.771432
v 4.881621 0.568633 0.771432
v 4.932613 0.581546 0.771432
v 4.976650 0.610317 0.771432
v 5.008959 0.651827 0.771432
v 5.026038 0.701579 0.771432
v 5.026038 0.754180 0.799197
v 5.019574 0.779769 0.818019
v 5.024324 0.753894 0.829000
v 5.028233 0.727879 0.818019
v 5.008958 0.803932 0.799197
v 4.994536 0.826035 0.818019
v 5.007430 0.803105 0.829000
v 4.976650 0.845442 0.799197
v 4.955832 0.861665 0.818019
v 4.975473 0.844163 0.829000
v 4.932613 0.874213 0.799197
v 4.907656 0.882797 0.818019
v 4.931915 0.872621 0.829000
v 4.881621 0.887126 0.800783
v 4.855229 0.887141 0.818019
v 4.881478 0.885394 0.829000
v 4.829199 0.882782 0.800783
v 4.804232 0.874226 0.818019
v 4.829626 0.881097 0.829000
v 4.781027 0.861652 0.799197
v 4.760191 0.845453 0.818019
v 4.781978 0.860197 0.829000
v 4.742327 0.826026 0.799197
v 4.727879 0.803939 0.818019
v 4.743699 0.824958 0.829000
v 4.717291 0.779764 0.799197
v 4.710798 0.754183 0.818019
v 4.718936 0.779199 0.829000
v 4.708634 0.727879 0.799197
v 4.710798 0.701576 0.818019
v 4.710372 0.727879 0.829000
v 4.717291 0.675995 0.799197
v 4.727879 0.651820 0.818019
v 4.718936 0.676559 0.829000
v 4.742327 0.629733 0.799197
v 4.760191 0.610305 0.818019
v 4.743699 0.630801 0.829000
v 4.781027 0.594107 0.799197
v 4.804232 0.581532 0.818019
v 4.781978 0.595562 0.829000
v 4.829199 0.572977 0.799197
v 4.855229 0.568618 0.818019
v 4.829626 0.574662 0.829000
v 4.881621 0.568633 0.799197
v 4.907656 0.572962 0.818019
v 4.881478 0.570365 0.829000
v 4.932613 0.581546 0.799197
v 4.955832 0.594094 0.818019
v 4.931915 0.583138 0.829000
v 4.976650 0.610317 0.799197
v 4.994536 0.629724 0.818019
v 4.975473 0.611595 0.829000
v 5.008959 0.651827 0.799197
v 5.019574 0.675990 0.818019
v 5.007430 0.652654 0.829000
v 5.026038 0.701579 0.799197
v 5.024324 0.701864 0.829000
v 5.001501 0.727879 0.834110
v 4.994290 0.771089 0.834110
v 4.973440 0.809616 0.834110
v 4.941211 0.839285 0.834110
v 4.901094 0.856882 0.834110
v 4.857436 0.860500 0.834110
v 4.814970 0.849746 0.834110
v 4.778297 0.825786 0.834110
v 4.751390 0.791216 0.834110
v 4.737166 0.749783 0.834110
v 4.737166 0.705976 0.834110
v 4.751390 0.664543 0.834110
v 4.778297 0.629973 0.834110
v 4.814970 0.606013 0.834110
v 4.857436 0.595259 0.834110
v 4.901094 0.598876 0.834110
v 4.941211 0.616474 0.834110
v 4.973441 0.646143 0.834110
v 4.994290 0.684670 0.834110
v 4.990187 0.748198 0.834081
v 4.976993 0.786633 0.834081
v 4.952033 0.818701 0.834081
v 4.918013 0.840927 0.834081
v 4.878619 0.850903 0.834081
v 4.838121 0.847547 0.834081
v 4.800907 0.831224 0.834081
v 4.771010 0.803701 0.834081
v 4.751669 0.767962 0.834081
v 4.744980 0.727879 0.834081
v 4.751669 0.687797 0.834081
v 4.771010 0.652058 0.834081
v 4.800907 0.624535 0.834081
v 4.838121 0.608211 0.834081
v 4.878620 0.604856 0.834081
v 4.918013 0.614831 0.834081
v 4.952033 0.637058 0.834081
v 4.976993 0.669126 0.834081
v 4.990187 0.707561 0.834081
v 4.988677 0.727879 0.833994
v 4.982161 0.766925 0.833994
v 4.963320 0.801739 0.833994
v 4.934196 0.828549 0.833994
v 4.897945 0.844451 0.833994
v 4.858495 0.847719 0.833994
v 4.820121 0.838002 0.833994
v 4.786982 0.816351 0.833994
v 4.762668 0.785112 0.833994
v 4.749815 0.747672 0.833994
v 4.749815 0.708087 0.833994
v 4.762668 0.670646 0.833994
v 4.786982 0.639408 0.833994
v 4.820121 0.617757 0.833994
v 4.858495 0.608039 0.833994
v 4.897945 0.611308 0.833994
v 4.934196 0.627209 0.833994
v 4.963320 0.654020 0.833994
v 4.982161 0.688834 0.833994
v 4.985603 0.747433 0.833908
v 4.972905 0.784421 0.833908
v 4.948885 0.815281 0.833908
v 4.916146 0.836671 0.833908
v 4.878236 0.846271 0.833908
v 4.839263 0.843041 0.833908
v 4.803449 0.827332 0.833908
v 4.774678 0.800846 0.833908
v 4.756065 0.766453 0.833908
v 4.749628 0.727879 0.833908
v 4.756065 0.689306 0.833908
v 4.774678 0.654912 0.833908
v 4.803449 0.628426 0.833908
v 4.839263 0.612717 0.833908
v 4.878236 0.609488 0.833908
v 4.916146 0.619088 0.833908
v 4.948885 0.640478 0.833908
v 4.972905 0.671338 0.833908
v 4.985603 0.708326 0.833908
v 4.982908 0.727879 0.833880
v 4.976705 0.765052 0.833880
v 4.958768 0.798196 0.833880
v 4.931041 0.823720 0.833880
v 4.896529 0.838858 0.833880
v 4.858972 0.841971 0.833880
v 4.822439 0.832719 0.833880
v 4.790889 0.812106 0.833880
v 4.767741 0.782367 0.833880
v 4.755505 0.746723 0.833880
v 4.755505 0.709036 0.833880
v 4.767741 0.673392 0.833880
v 4.790889 0.643652 0.833880
v 4.822439 0.623040 0.833880
v 4.858972 0.613788 0.833880
v 4.896530 0.616901 0.833880
v 4.931041 0.632039 0.833880
v 4.958768 0.657563 0.833880
v 4.976705 0.690707 0.833880
v 4.977069 0.745708 0.837391
v 4.965295 0.780002 0.837391
v 4.943025 0.808615 0.837391
v 4.912670 0.828447 0.837391
v 4.877521 0.837348 0.837391
v 4.841386 0.834353 0.837391
v 4.808182 0.819788 0.837391
v 4.781505 0.795231 0.837391
v 4.764248 0.763343 0.837391
v 4.758280 0.727579 0.837391
v 4.764248 0.691814 0.837391
v 4.781505 0.659926 0.837391
v 4.808182 0.635369 0.837391
v 4.841387 0.620804 0.837391
v 4.877521 0.617810 0.837391
v 4.912670 0.626710 0.837391
v 4.943025 0.646542 0.837391
v 4.965296 0.675155 0.837391
v 4.977069 0.709449 0.837391
v 4.977139 0.726676 0.847918
v 4.971249 0.761976 0.847918
v 4.954216 0.793450 0.847918
v 4.927886 0.817688 0.847918
v 4.895113 0.832063 0.847918
v 4.859448 0.835019 0.847918
v 4.824756 0.826233 0.847918
v 4.794796 0.806659 0.847918
v 4.772815 0.778418 0.847918
v 4.761195 0.744570 0.847918
v 4.761195 0.708783 0.847918
v 4.772815 0.674935 0.847918
v 4.794796 0.646693 0.847918
v 4.824756 0.627120 0.847918
v 4.859448 0.618334 0.847918
v 4.895113 0.621290 0.847918
v 4.927887 0.635666 0.847918
v 4.954216 0.659904 0.847918
v 4.971249 0.691378 0.847918
v 4.970416 0.742794 0.858304
v 4.959364 0.774988 0.858304
v 4.938457 0.801849 0.858304
v 4.909961 0.820466 0.858304
v 4.876964 0.828822 0.858304
v 4.843042 0.826011 0.858304
v 4.811871 0.812338 0.858304
v 4.786828 0.789285 0.858304
v 4.770627 0.759349 0.858304
v 4.765025 0.725775 0.858304
v 4.770627 0.692200 0.858304
v 4.786828 0.662264 0.858304
v 4.811871 0.639211 0.858304
v 4.843042 0.625538 0.858304
v 4.876964 0.622727 0.858304
v 4.909961 0.631083 0.858304
v 4.938457 0.649700 0.858304
v 4.959364 0.676561 0.858304
v 4.970416 0.708755 0.858304
v 4.955926 0.725474 0.861388
v 4.951185 0.753885 0.861388
v 4.937476 0.779218 0.861388
v 4.916284 0.798726 0.861388
v 4.889906 0.810297 0.861388
v 4.861200 0.812676 0.861388
v 4.833277 0.805605 0.861388
v 4.809163 0.789850 0.861388
v 4.791471 0.767119 0.861388
v 4.782118 0.739876 0.861388
v 4.782118 0.711072 0.861388
v 4.791471 0.683828 0.861388
v 4.809163 0.661098 0.861388
v 4.833277 0.645343 0.861388
v 4.861200 0.638272 0.861388
v 4.889906 0.640651 0.861388
v 4.916284 0.652221 0.861388
v 4.937476 0.671730 0.861388
v 4.951185 0.697062 0.861388
v 4.936927 0.736933 0.862499
v 4.929504 0.758557 0.862499
v 4.915462 0.776598 0.862499
v 4.896323 0.789102 0.862499
v 4.874161 0.794714 0.862499
v 4.851377 0.792827 0.862499
v 4.830440 0.783643 0.862499
v 4.813621 0.768159 0.862499
v 4.802739 0.748053 0.862499
v 4.798977 0.725502 0.862499
v 4.802739 0.702953 0.862499
v 4.813621 0.682846 0.862499
v 4.830440 0.667362 0.862499
v 4.851377 0.658179 0.862499
v 4.874161 0.656291 0.862499
v 4.896323 0.661903 0.862499
v 4.915462 0.674407 0.862499
v 4.929504 0.692448 0.862499
v 4.936927 0.714072 0.862499
v 4.926170 0.725589 0.866964
v 4.923042 0.744339 0.866964
v 4.913995 0.761056 0.866964
v 4.900009 0.773931 0.866964
v 4.882601 0.781567 0.866964
v 4.863657 0.783136 0.866964
v 4.845230 0.778470 0.866964
v 4.829316 0.768073 0.866964
v 4.817640 0.753073 0.866964
v 4.811468 0.735093 0.866964
v 4.811468 0.716084 0.866964
v 4.817640 0.698105 0.866964
v 4.829316 0.683104 0.866964
v 4.845230 0.672708 0.866964
v 4.863657 0.668041 0.866964
v 4.882601 0.669611 0.866964
v 4.900009 0.677247 0.866964
v 4.913995 0.690121 0.866964
v 4.923042 0.706839 0.866964
v 4.915090 0.733433 0.871430
v 4.910033 0.748163 0.871430
v 4.900467 0.760453 0.871430
v 4.887430 0.768971 0.871430
v 4.872333 0.772794 0.871430
v 4.856812 0.771508 0.871430
v 4.842549 0.765252 0.871430
v 4.831092 0.754704 0.871430
v 4.823679 0.741008 0.871430
v 4.821116 0.725646 0.871430
v 4.823679 0.710285 0.871430
v 4.831092 0.696588 0.871430
v 4.842549 0.686040 0.871430
v 4.856812 0.679784 0.871430
v 4.872333 0.678498 0.871430
v 4.887430 0.682321 0.871430
v 4.900467 0.690840 0.871430
v 4.910033 0.703129 0.871430
v 4.915090 0.717859 0.871430
v 4.901533 0.725589 0.872545
v 4.899739 0.736339 0.872545
v 4.894552 0.745924 0.872545
v 4.886534 0.753306 0.872545
v 4.876553 0.757683 0.872545
v 4.865692 0.758583 0.872545
v 4.855126 0.755908 0.872545
v 4.846002 0.749947 0.872545
v 4.839308 0.741346 0.872545
v 4.835769 0.731038 0.872545
v 4.835769 0.720140 0.872545
v 4.839308 0.709831 0.872545
v 4.846002 0.701230 0.872545
v 4.855126 0.695270 0.872545
v 4.865692 0.692594 0.872545
v 4.876553 0.693494 0.872545
v 4.886534 0.697872 0.872545
v 4.894552 0.705254 0.872545
v 4.899739 0.714839 0.872545
v 4.884979 0.728265 0.872125
v 4.883185 0.733490 0.872125
v 4.879792 0.737850 0.872125
v 4.875167 0.740871 0.872125
v 4.869812 0.742227 0.872125
v 4.864306 0.741771 0.872125
v 4.859247 0.739552 0.872125
v 4.855182 0.735810 0.872125
v 4.852553 0.730952 0.872125
v 4.851643 0.725502 0.872125
v 4.852553 0.720053 0.872125
v 4.855182 0.715195 0.872125
v 4.859247 0.711453 0.872125
v 4.864306 0.709234 0.872125
v 4.869812 0.708778 0.872125
v 4.875167 0.710134 0.872125
v 4.879792 0.713156 0.872125
v 4.883185 0.717515 0.872125
v 4.884979 0.722740 0.872125
v 5.021279 0.727879 0.833241
v 5.012997 0.777511 0.833241
v 4.989048 0.821764 0.833241
v 4.952029 0.855843 0.833241
v 4.905949 0.876055 0.833241
v 4.855803 0.880210 0.833241
v 4.807025 0.867858 0.833241
v 4.764901 0.840337 0.833241
v 4.733995 0.800629 0.833241
v 4.717657 0.753038 0.833241
v 4.717657 0.702721 0.833241
v 4.733995 0.655129 0.833241
v 4.764901 0.615422 0.833241
v 4.807025 0.587900 0.833241
v 4.855803 0.575548 0.833241
v 4.905949 0.579703 0.833241
v 4.952029 0.599916 0.833241
v 4.989048 0.633995 0.833241
v 5.012997 0.678248 0.833241
v 5.010874 0.751650 0.833893
v 4.995438 0.796615 0.833893
v 4.966237 0.834131 0.833893
v 4.926438 0.860133 0.833893
v 4.880351 0.871804 0.833893
v 4.832973 0.867878 0.833893
v 4.789436 0.848782 0.833893
v 4.754459 0.816583 0.833893
v 4.731832 0.774772 0.833893
v 4.724007 0.727879 0.833893
v 4.731832 0.680987 0.833893
v 4.754459 0.639176 0.833893
v 4.789436 0.606977 0.833893
v 4.832973 0.587880 0.833893
v 4.880351 0.583954 0.833893
v 4.926438 0.595625 0.833893
v 4.966237 0.621627 0.833893
v 4.995438 0.659144 0.833893
v 5.010874 0.704109 0.833893
v 5.028233 0.727879 0.771432
v 5.019574 0.779769 0.771432
v 4.994536 0.826035 0.771432
v 4.955832 0.861665 0.771432
v 4.907656 0.882797 0.773019
v 4.855229 0.887141 0.780952
v 4.804232 0.874226 0.773019
v 4.760191 0.845453 0.771432
v 4.727879 0.803939 0.771432
v 4.710798 0.754183 0.771432
v 4.710798 0.701576 0.771432
v 4.727879 0.651820 0.771432
v 4.760191 0.610305 0.771432
v 4.804232 0.581532 0.771432
v 4.855229 0.568618 0.771432
v 4.907656 0.572962 0.771432
v 4.955832 0.594094 0.771432
v 4.994536 0.629724 0.771432
v 5.019574 0.675990 0.771432
v 5.026038 0.754180 0.739198
v 5.008958 0.803932 0.739198
v 4.976650 0.845442 0.739198
v 4.932613 0.874213 0.739198
v 4.881621 0.887126 0.751890
v 4.829199 0.882782 0.751890
v 4.781027 0.861652 0.739198
v 4.742327 0.826026 0.739198
v 4.717291 0.779764 0.739198
v 4.708634 0.727879 0.739198
v 4.717291 0.675995 0.739198
v 4.742327 0.629733 0.739198
v 4.781027 0.594107 0.739198
v 4.829199 0.572977 0.739198
v 4.881621 0.568633 0.739198
v 4.932613 0.581546 0.739198
v 4.976650 0.610317 0.739198
v 5.008959 0.651827 0.739198
v 5.026038 0.701579 0.739198
vt 0.750000 0.117858
vt 0.776316 0.117858
vt 0.776316 0.471431
vt 0.750000 0.471431
vt 0.802631 0.117858
vt 0.802632 0.471431
vt 0.802631 0.832147
vt 0.776316 0.832147
vt 0.750000 0.832147
vt 0.828947 0.117858
vt 0.828947 0.471431
vt 0.855263 0.117858
vt 0.855263 0.471431
vt 0.855263 0.832147
vt 0.828947 0.832147
vt 0.881579 0.117858
vt 0.881579 0.471431
vt 0.907895 0.117858
vt 0.907895 0.471431
vt 0.907895 0.832147
vt 0.881579 0.832147
vt 0.934210 0.117858
vt 0.934210 0.471431
vt 0.960526 0.117858
vt 0.960526 0.471431
vt 0.960526 0.832147
vt 0.934210 0.832147
vt 0.986842 0.117858
vt 0.986842 0.471431
vt 1.013158 0.000000
vt 1.013158 0.471431
vt 1.013158 0.942863
vt 0.986842 0.832147
vt 0.013158 0.000000
vt 0.039474 0.117858
vt 0.039474 0.471431
vt 0.013158 0.471431
vt 0.065789 0.117858
vt 0.065789 0.471431
vt 0.065789 0.832147
vt 0.039474 0.832147
vt 0.013158 0.942863
vt 0.092105 0.117858
vt 0.092105 0.471431
vt 0.118421 0.117858
vt 0.118421 0.471431
vt 0.118421 0.832147
vt 0.092105 0.832147
vt 0.144737 0.117858
vt 0.144737 0.471431
vt 0.171053 0.117858
vt 0.171053 0.471431
vt 0.171053 0.832147
vt 0.144737 0.832147
vt 0.197368 0.117858
vt 0.197368 0.471431
vt 0.223684 0.117858
vt 0.223684 0.471431
vt 0.223684 0.832147
vt 0.197368 0.832147
vt 0.250000 0.117858
vt 0.250000 0.471431
vt 0.276316 0.117858
vt 0.276316 0.471431
vt 0.276316 0.832147
vt 0.250000 0.832147
vt 0.302632 0.117858
vt 0.302632 0.471431
vt 0.328947 0.117858
vt 0.328947 0.471431
vt 0.328947 0.832147
vt 0.302632 0.832147
vt 0.355263 0.117858
vt 0.355263 0.471431
vt 0.381579 0.117858
vt 0.381579 0.471431
vt 0.381579 0.832147
vt 0.355263 0.832147
vt 0.407895 0.117858
vt 0.407895 0.471431
vt 0.434211 0.117858
vt 0.434211 0.471431
vt 0.434211 0.832147
vt 0.407895 0.832147
vt 0.460526 0.117858
vt 0.460526 0.471431
vt 0.486842 0.117858
vt 0.486842 0.471431
vt 0.486842 0.832147
vt 0.460526 0.832147
vt 0.513158 0.117858
vt 0.513158 0.471431
vt 0.539474 0.117858
vt 0.539474 0.471431
vt 0.539474 0.832147
vt 0.513158 0.832147
vt 0.565790 0.117858
vt 0.565790 0.471431
vt 0.592105 0.117858
vt 0.592105 0.471431
vt 0.592105 0.832147
vt 0.565790 0.832147
vt 0.618421 0.117858
vt 0.618421 0.471431
vt 0.644737 0.117858
vt 0.644737 0.471431
vt 0.644737 0.832147
vt 0.618421 0.832147
vt 0.671053 0.117858
vt 0.671053 0.471431
vt 0.697369 0.117858
vt 0.697369 0.471431
vt 0.697369 0.832147
vt 0.671053 0.832147
vt 0.723684 0.117858
vt 0.723684 0.471431
vt 0.723684 0.832147
vt 0.750000 0.992858
vt 0.776316 0.992858
vt 0.776316 1.000000
vt 0.750000 1.000000
vt 0.802631 0.992858
vt 0.802632 1.000000
vt 0.802631 1.000000
vt 0.776316 1.000000
vt 0.750000 1.000000
vt 0.828947 0.992858
vt 0.828947 1.000000
vt 0.855263 0.992858
vt 0.855263 1.000000
vt 0.855263 1.000000
vt 0.828947 1.000000
vt 0.881579 0.992858
vt 0.881579 1.000000
vt 0.907895 0.992858
vt 0.907895 1.000000
vt 0.907895 1.000000
vt 0.881579 1.000000
vt 0.934210 0.992858
vt 0.934210 1.000000
vt 0.960526 0.992858
vt 0.960526 1.000000
vt 0.960526 1.000000
vt 0.934210 1.000000
vt 0.986842 0.992858
vt 0.986842 1.000000
vt 1.013158 1.000000
vt 1.013158 1.000000
vt 1.013158 1.000000
vt 0.986842 1.000000
vt 0.013158 1.000000
vt 0.039474 0.992858
vt 0.039474 1.000000
vt 0.013158 1.000000
vt 0.065789 0.992858
vt 0.065789 1.000000
vt 0.065789 1.000000
vt 0.039474 1.000000
vt 0.013158 1.000000
vt 0.092105 0.992858
vt 0.092105 1.000000
vt 0.118421 0.992858
vt 0.118421 1.000000
vt 0.118421 1.000000
vt 0.092105 1.000000
vt 0.144737 0.992858
vt 0.144737 1.000000
vt 0.171053 0.992858
vt 0.171053 1.000000
vt 0.171053 1.000000
vt 0.144737 1.000000
vt 0.197368 0.992858
vt 0.197368 1.000000
vt 0.223684 0.992858
vt 0.223684 1.000000
vt 0.223684 1.000000
vt 0.197368 1.000000
vt 0.250000 0.992858
vt 0.250000 1.000000
vt 0.276316 0.992858
vt 0.276316 1.000000
vt 0.276316 1.000000
vt 0.250000 1.000000
vt 0.302632 0.992858
vt 0.302632 1.000000
vt 0.328947 0.992858
vt 0.328947 1.000000
vt 0.328947 1.000000
vt 0.302632 1.000000
vt 0.355263 0.992858
vt 0.355263 1.000000
vt 0.381579 0.992858
vt 0.381579 1.000000
vt 0.381579 1.000000
vt 0.355263 1.000000
vt 0.407895 0.992858
vt 0.407895 1.000000
vt 0.434211 0.992858
vt 0.434211 1.000000
vt 0.434211 1.000000
vt 0.407895 1.000000
vt 0.460526 0.992858
vt 0.460526 1.000000
vt 0.486842 0.992858
vt 0.486842 1.000000
vt 0.486842 1.000000
vt 0.460526 1.000000
vt 0.513158 0.992858
vt 0.513158 1.000000
vt 0.539474 0.992858
vt 0.539474 1.000000
vt 0.539474 1.000000
vt 0.513158 1.000000
vt 0.565790 0.992858
vt 0.565790 1.000000
vt 0.592105 0.992858
vt 0.592105 1.000000
vt 0.592105 1.000000
vt 0.565790 1.000000
vt 0.618421 0.992858
vt 0.618421 1.000000
vt 0.644737 0.992858
vt 0.644737 1.000000
vt 0.644737 1.000000
vt 0.618421 1.000000
vt 0.671053 0.992858
vt 0.671053 1.000000
vt 0.697369 0.992858
vt 0.697369 1.000000
vt 0.697369 1.000000
vt 0.671053 1.000000
vt 0.723684 0.992858
vt 0.723684 1.000000
vt 0.723684 1.000000
vt 0.776316 1.000000
vt 0.750000 1.000000
vt 0.802632 1.000000
vt 0.802631 1.000000
vt 0.776316 1.000000
vt 0.750000 1.000000
vt 0.828947 1.000000
vt 0.855263 1.000000
vt 0.855263 1.000000
vt 0.828947 1.000000
vt 0.881579 1.000000
vt 0.907895 1.000000
vt 0.907895 1.000000
vt 0.881579 1.000000
vt 0.934210 1.000000
vt 0.960526 1.000000
vt 0.960526 1.000000
vt 0.934210 1.000000
vt 0.986842 1.000000
vt 1.013158 1.000000
vt 1.013158 1.000000
vt 0.986842 1.000000
vt 0.039474 1.000000
vt 0.013158 1.000000
vt 0.065789 1.000000
vt 0.065789 1.000000
vt 0.039474 1.000000
vt 0.013158 1.000000
vt 0.092105 1.000000
vt 0.118421 1.000000
vt 0.118421 1.000000
vt 0.092105 1.000000
vt 0.144737 1.000000
vt 0.171053 1.000000
vt 0.171053 1.000000
vt 0.144737 1.000000
vt 0.197368 1.000000
vt 0.223684 1.000000
vt 0.223684 1.000000
vt 0.197368 1.000000
vt 0.250000 1.000000
vt 0.276316 1.000000
vt 0.276316 1.000000
vt 0.250000 1.000000
vt 0.302632 1.000000
vt 0.328947 1.000000
vt 0.328947 1.000000
vt 0.302632 1.000000
vt 0.355263 1.000000
vt 0.381579 1.000000
vt 0.381579 1.000000
vt 0.355263 1.000000
vt 0.407895 1.000000
vt 0.434211 1.000000
vt 0.434211 1.000000
vt 0.407895 1.000000
vt 0.460526 1.000000
vt 0.486842 1.000000
vt 0.486842 1.000000
vt 0.460526 1.000000
vt 0.513158 1.000000
vt 0.539474 1.000000
vt 0.539474 1.000000
vt 0.513158 1.000000
vt 0.565790 1.000000
vt 0.592105 1.000000
vt 0.592105 1.000000
vt 0.565790 1.000000
vt 0.618421 1.000000
vt 0.644737 1.000000
vt 0.644737 1.000000
vt 0.618421 1.000000
vt 0.671053 1.000000
vt 0.697369 1.000000
vt 0.697369 1.000000
vt 0.671053 1.000000
vt 0.723684 1.000000
vt 0.723684 1.000000
vt 0.776316 1.000000
vt 0.750000 1.000000
vt 0.802632 1.000000
vt 0.802631 1.000000
vt 0.776316 1.000000
vt 0.750000 1.000000
vt 0.828947 1.000000
vt 0.855263 1.000000
vt 0.855263 1.000000
vt 0.828947 1.000000
vt 0.881579 1.000000
vt 0.907895 1.000000
vt 0.907895 1.000000
vt 0.881579 1.000000
vt 0.934210 1.000000
vt 0.960526 1.000000
vt 0.960526 1.000000
vt 0.934210 1.000000
vt 0.986842 1.000000
vt 1.013158 1.000000
vt 1.013158 1.000000
vt 0.986842 1.000000
vt 0.039474 1.000000
vt 0.013158 1.000000
vt 0.065789 1.000000
vt 0.065789 1.000000
vt 0.039474 1.000000
vt 0.013158 1.000000
vt 0.092105 1.000000
vt 0.118421 1.000000
vt 0.118421 1.000000
vt 0.092105 1.000000
vt 0.144737 1.000000
vt 0.171053 1.000000
vt 0.171053 1.000000
vt 0.144737 1.000000
vt 0.197368 1.000000
vt 0.223684 1.000000
vt 0.223684 1.000000
vt 0.197368 1.000000
vt 0.250000 1.000000
vt 0.276316 1.000000
vt 0.276316 1.000000
vt 0.250000 1.000000
vt 0.302632 1.000000
vt 0.328947 1.000000
vt 0.328947 1.000000
vt 0.302632 1.000000
vt 0.355263 1.000000
vt 0.381579 1.000000
vt 0.381579 1.000000
vt 0.355263 1.000000
vt 0.407895 1.000000
vt 0.434211 1.000000
vt 0.434211 1.000000
vt 0.407895 1.000000
vt 0.460526 1.000000
vt 0.486842 1.000000
vt 0.486842 1.000000
vt 0.460526 1.000000
vt 0.513158 1.000000
vt 0.539474 1.000000
vt 0.539474 1.000000
vt 0.513158 1.000000
vt 0.565790 1.000000
vt 0.592105 1.000000
vt 0.592105 1.000000
vt 0.565790 1.000000
vt 0.618421 1.000000
vt 0.644737 1.000000
vt 0.644737 1.000000
vt 0.618421 1.000000
vt 0.671053 1.000000
vt 0.697369 1.000000
vt 0.697369 1.000000
vt 0.671053 1.000000
vt 0.723684 1.000000
vt 0.723684 1.000000
vt 0.776316 1.000000
vt 0.750000 1.000000
vt 0.802632 1.000000
vt 0.802631 1.000000
vt 0.776316 1.000000
vt 0.750000 1.000000
vt 0.828947 1.000000
vt 0.855263 1.000000
vt 0.855263 1.000000
vt 0.828947 1.000000
vt 0.881579 1.000000
vt 0.907895 1.000000
vt 0.907895 1.000000
vt 0.881579 1.000000
vt 0.934210 1.000000
vt 0.960526 1.000000
vt 0.960526 1.000000
vt 0.934210 1.000000
vt 0.986842 1.000000
vt 1.013158 1.000000
vt 1.013158 1.000000
vt 0.986842 1.000000
vt 0.039474 1.000000
vt 0.013158 1.000000
vt 0.065789 1.000000
vt 0.065789 1.000000
vt 0.039474 1.000000
vt 0.013158 1.000000
vt 0.092105 1.000000
vt 0.118421 1.000000
vt 0.118421 1.000000
vt 0.092105 1.000000
vt 0.144737 1.000000
vt 0.171053 1.000000
vt 0.171053 1.000000
vt 0.144737 1.000000
vt 0.197368 1.000000
vt 0.223684 1.000000
vt 0.223684 1.000000
vt 0.197368 1.000000
vt 0.250000 1.000000
vt 0.276316 1.000000
vt 0.276316 1.000000
vt 0.250000 1.000000
vt 0.302632 1.000000
vt 0.328947 1.000000
vt 0.328947 1.000000
vt 0.302632 1.000000
vt 0.355263 1.000000
vt 0.381579 1.000000
vt 0.381579 1.000000
vt 0.355263 1.000000
vt 0.407895 1.000000
vt 0.434211 1.000000
vt 0.434211 1.000000
vt 0.407895 1.000000
vt 0.460526 1.000000
vt 0.486842 1.000000
vt 0.486842 1.000000
vt 0.460526 1.000000
vt 0.513158 1.000000
vt 0.539474 1.000000
vt 0.539474 1.000000
vt 0.513158 1.000000
vt 0.565790 1.000000
vt 0.592105 1.000000
vt 0.592105 1.000000
vt 0.565790 1.000000
vt 0.618421 1.000000
vt 0.644737 1.000000
vt 0.644737 1.000000
vt 0.618421 1.000000
vt 0.671053 1.000000
vt 0.697369 1.000000
vt 0.697369 1.000000
vt 0.671053 1.000000
vt 0.723684 1.000000
vt 0.723684 1.000000
vt 0.776316 1.000000
vt 0.750000 1.000000
vt 0.802632 1.000000
vt 0.802631 1.000000
vt 0.776316 1.000000
vt 0.750000 1.000000
vt 0.828947 1.000000
vt 0.855263 1.000000
vt 0.855263 1.000000
vt 0.828947 1.000000
vt 0.881579 1.000000
vt 0.907895 1.000000
vt 0.907895 1.000000
vt 0.881579 1.000000
vt 0.934210 1.000000
vt 0.960526 1.000000
vt 0.960526 1.000000
vt 0.934210 1.000000
vt 0.986842 1.000000
vt 1.013158 1.000000
vt 1.013158 1.000000
vt 0.986842 1.000000
vt 0.039474 1.000000
vt 0.013158 1.000000
vt 0.065789 1.000000
vt 0.065789 1.000000
vt 0.039474 1.000000
vt 0.013158 1.000000
vt 0.092105 1.000000
vt 0.118421 1.000000
vt 0.118421 1.000000
vt 0.092105 1.000000
vt 0.144737 1.000000
vt 0.171053 1.000000
vt 0.171053 1.000000
vt 0.144737 1.000000
vt 0.197368 1.000000
vt 0.223684 1.000000
vt 0.223684 1.000000
vt 0.197368 1.000000
vt 0.250000 1.000000
vt 0.276316 1.000000
vt 0.276316 1.000000
vt 0.250000 1.000000
vt 0.302632 1.000000
vt 0.328947 1.000000
vt 0.328947 1.000000
vt 0.302632 1.000000
vt 0.355263 1.000000
vt 0.381579 1.000000
vt 0.381579 1.000000
vt 0.355263 1.000000
vt 0.407895 1.000000
vt 0.434211 1.000000
vt 0.434211 1.000000
vt 0.407895 1.000000
vt 0.460526 1.000000
vt 0.486842 1.000000
vt 0.486842 1.000000
vt 0.460526 1.000000
vt 0.513158 1.000000
vt 0.539474 1.000000
vt 0.539474 1.000000
vt 0.513158 1.000000
vt 0.565790 1.000000
vt 0.592105 1.000000
vt 0.592105 1.000000
vt 0.565790 1.000000
vt 0.618421 1.000000
vt 0.644737 1.000000
vt 0.644737 1.000000
vt 0.618421 1.000000
vt 0.671053 1.000000
vt 0.697369 1.000000
vt 0.697369 1.000000
vt 0.671053 1.000000
vt 0.723684 1.000000
vt 0.723684 1.000000
vt 0.776316 1.000000
vt 0.750000 1.000000
vt 0.802632 1.000000
vt 0.802631 1.000000
vt 0.776316 1.000000
vt 0.750000 1.000000
vt 0.828947 1.000000
vt 0.855263 1.000000
vt 0.855263 1.000000
vt 0.828947 1.000000
vt 0.881579 1.000000
vt 0.907895 1.000000
vt 0.907895 1.000000
vt 0.881579 1.000000
vt 0.934210 1.000000
vt 0.960526 1.000000
vt 0.960526 1.000000
vt 0.934210 1.000000
vt 0.986842 1.000000
vt 1.013158 1.000000
vt 1.013158 1.000000
vt 0.986842 1.000000
vt 0.039474 1.000000
vt 0.013158 1.000000
vt 0.065789 1.000000
vt 0.065789 1.000000
vt 0.039474 1.000000
vt 0.013158 1.000000
vt 0.092105 1.000000
vt 0.118421 1.000000
vt 0.118421 1.000000
vt 0.092105 1.000000
vt 0.144737 1.000000
vt 0.171053 1.000000
vt 0.171053 1.000000
vt 0.144737 1.000000
vt 0.197368 1.000000
vt 0.223684 1.000000
vt 0.223684 1.000000
vt 0.197368 1.000000
vt 0.250000 1.000000
vt 0.276316 1.000000
vt 0.276316 1.000000
vt 0.250000 1.000000
vt 0.302632 1.000000
vt 0.328947 1.000000
vt 0.328947 1.000000
vt 0.302632 1.000000
vt 0.355263 1.000000
vt 0.381579 1.000000
vt 0.381579 1.000000
vt 0.355263 1.000000
vt 0.407895 1.000000
vt 0.434211 1.000000
vt 0.434211 1.000000
vt 0.407895 1.000000
vt 0.460526 1.000000
vt 0.486842 1.000000
vt 0.486842 1.000000
vt 0.460526 1.000000
vt 0.513158 1.000000
vt 0.539474 1.000000
vt 0.539474 1.000000
vt 0.513158 1.000000
vt 0.565790 1.000000
vt 0.592105 1.000000
vt 0.592105 1.000000
vt 0.565790 1.000000
vt 0.618421 1.000000
vt 0.644737 1.000000
vt 0.644737 1.000000
vt 0.618421 1.000000
vt 0.671053 1.000000
vt 0.697369 1.000000
vt 0.697369 1.000000
vt 0.671053 1.000000
vt 0.723684 1.000000
vt 0.723684 1.000000
vt 0.776316 1.000000
vt 0.750000 1.000000
vt 0.802632 1.000000
vt 0.773392 1.000000
vt 0.717105 1.000000
vt 0.726608 1.000000
vt 0.828947 1.000000
vt 0.855263 1.000000
vt 0.820175 1.000000
vt 0.756579 1.000000
vt 0.881579 1.000000
vt 0.907895 1.000000
vt 0.866959 1.000000
vt 0.796053 1.000000
vt 0.934210 1.000000
vt 0.960526 1.000000
vt 0.913743 1.000000
vt 0.835526 1.000000
vt 0.986842 1.000000
vt 1.013158 1.000000
vt 1.013158 1.000000
vt 0.875000 1.000000
vt 0.039474 1.000000
vt 0.013158 1.000000
vt 0.065789 1.000000
vt 0.118421 1.000000
vt 0.039474 1.000000
vt 0.013158 1.000000
vt 0.092105 1.000000
vt 0.118421 1.000000
vt 0.165205 1.000000
vt 0.203947 1.000000
vt 0.144737 1.000000
vt 0.171053 1.000000
vt 0.211988 1.000000
vt 0.243421 1.000000
vt 0.197368 1.000000
vt 0.223684 1.000000
vt 0.258772 1.000000
vt 0.282895 1.000000
vt 0.250000 1.000000
vt 0.276316 1.000000
vt 0.305556 1.000000
vt 0.322368 1.000000
vt 0.302632 1.000000
vt 0.328947 1.000000
vt 0.352339 1.000000
vt 0.361842 1.000000
vt 0.355263 1.000000
vt 0.381579 1.000000
vt 0.399123 1.000000
vt 0.401316 1.000000
vt 0.407895 1.000000
vt 0.434211 1.000000
vt 0.445907 1.000000
vt 0.440789 1.000000
vt 0.460526 1.000000
vt 0.486842 1.000000
vt 0.492690 1.000000
vt 0.480263 1.000000
vt 0.513158 1.000000
vt 0.539474 1.000000
vt 0.539474 1.000000
vt 0.519737 1.000000
vt 0.565790 1.000000
vt 0.592105 1.000000
vt 0.586257 1.000000
vt 0.559211 1.000000
vt 0.618421 1.000000
vt 0.644737 1.000000
vt 0.633041 1.000000
vt 0.598684 1.000000
vt 0.671053 1.000000
vt 0.697369 1.000000
vt 0.679825 1.000000
vt 0.638158 1.000000
vt 0.723684 1.000000
vt 0.677632 1.000000
vt 0.539474 1.000000
vt 0.539474 1.000000
vt 0.802632 0.971431
vt 0.776316 0.971431
vt 0.750000 0.971431
vt 0.855263 0.971431
vt 0.828947 0.971431
vt 0.907895 0.971431
vt 0.881579 0.971431
vt 0.960526 0.971431
vt 0.934210 0.971431
vt 1.013158 0.971431
vt 0.986842 0.971431
vt 0.065789 0.971431
vt 0.039474 0.971431
vt 0.013158 0.971431
vt 0.118421 0.971431
vt 0.092105 0.971431
vt 0.171053 0.971431
vt 0.144737 0.971431
vt 0.223684 0.971431
vt 0.197368 0.971431
vt 0.276316 0.971431
vt 0.250000 0.971431
vt 0.328947 0.971431
vt 0.302632 0.971431
vt 0.381579 0.971431
vt 0.355263 0.971431
vt 0.434211 0.971431
vt 0.407895 0.971431
vt 0.486842 0.971431
vt 0.460526 0.971431
vt 0.539474 0.971431
vt 0.513158 0.971431
vt 0.592105 0.971431
vt 0.565790 0.971431
vt 0.644737 0.971431
vt 0.618421 0.971431
vt 0.697369 0.971431
vt 0.671053 0.971431
vt 0.723684 0.971431
vt 0.776316 0.000000
vt 0.802632 0.000000
vt 0.750000 0.000000
vt 0.750000 0.000000
vt 0.776316 0.000000
vt 0.802632 0.000000
vt 0.828947 0.000000
vt 0.855263 0.000000
vt 0.828947 0.000000
vt 0.855263 0.000000
vt 0.881579 0.000000
vt 0.907895 0.000000
vt 0.881579 0.000000
vt 0.907895 0.000000
vt 0.934210 0.000000
vt 0.960526 0.000000
vt 0.934210 0.000000
vt 0.960526 0.000000
vt 0.986842 0.000000
vt 1.013158 0.000000
vt 0.986842 0.000000
vt 1.013158 0.000000
vt 0.039474 0.000000
vt 0.065789 0.000000
vt 0.013158 0.000000
vt 0.013158 0.000000
vt 0.039474 0.000000
vt 0.065789 0.000000
vt 0.092105 0.000000
vt 0.118421 0.000000
vt 0.092105 0.000000
vt 0.118421 0.000000
vt 0.144737 0.000000
vt 0.171053 0.000000
vt 0.144737 0.000000
vt 0.171053 0.000000
vt 0.197368 0.000000
vt 0.223684 0.000000
vt 0.197368 0.000000
vt 0.223684 0.000000
vt 0.250000 0.000000
vt 0.276316 0.000000
vt 0.250000 0.000000
vt 0.276316 0.000000
vt 0.302632 0.000000
vt 0.328947 0.000000
vt 0.302632 0.000000
vt 0.328947 0.000000
vt 0.355263 0.000000
vt 0.381579 0.000000
vt 0.355263 0.000000
vt 0.381579 0.000000
vt 0.407895 0.000000
vt 0.434211 0.000000
vt 0.407895 0.000000
vt 0.434211 0.000000
vt 0.460526 0.000000
vt 0.486842 0.000000
vt 0.460526 0.000000
vt 0.486842 0.000000
vt 0.513158 0.000000
vt 0.539474 0.000000
vt 0.513158 0.000000
vt 0.539474 0.000000
vt 0.565790 0.000000
vt 0.592105 0.000000
vt 0.565790 0.000000
vt 0.592105 0.000000
vt 0.618421 0.000000
vt 0.644737 0.000000
vt 0.618421 0.000000
vt 0.644737 0.000000
vt 0.671053 0.000000
vt 0.697369 0.000000
vt 0.671053 0.000000
vt 0.697369 0.000000
vt 0.723684 0.000000
vt 0.723684 0.000000
vn 0.996537 0.083148 0.000000
vn 0.996537 0.083148 0.000000
vn 0.996537 0.083148 0.000000
vn 0.996537 0.083148 0.000000
vn 0.945817 0.324700 0.000000
vn 0.942872 0.323688 0.078861
vn 0.983290 0.164082 0.078855
vn 0.986361 0.164595 0.000000
vn 0.778935 0.267409 0.567232
vn 0.812338 0.135555 0.567214
vn 0.983290 0.164082 0.078855
vn 0.942872 0.323688 0.078861
vn 0.823558 0.000000 0.567232
vn 0.996886 0.000000 0.078862
vn 0.983290 0.164082 0.078855
vn 0.812338 0.135555 0.567214
vn 0.945817 0.324700 0.000000
vn 0.879474 0.475947 0.000000
vn 0.876735 0.474465 0.078855
vn 0.942872 0.323688 0.078861
vn 0.789141 0.614213 0.000000
vn 0.786683 0.612300 0.078861
vn 0.876735 0.474465 0.078855
vn 0.879474 0.475947 0.000000
vn 0.649903 0.505840 0.567232
vn 0.724309 0.391976 0.567214
vn 0.876735 0.474465 0.078855
vn 0.786683 0.612300 0.078861
vn 0.778935 0.267409 0.567232
vn 0.942872 0.323688 0.078861
vn 0.876735 0.474465 0.078855
vn 0.724309 0.391976 0.567214
vn 0.789141 0.614213 0.000000
vn 0.677282 0.735724 0.000000
vn 0.675173 0.733433 0.078854
vn 0.786683 0.612300 0.078861
vn 0.546948 0.837166 0.000000
vn 0.545245 0.834559 0.078861
vn 0.675173 0.733433 0.078854
vn 0.677282 0.735724 0.000000
vn 0.450444 0.689456 0.567231
vn 0.557789 0.605920 0.567214
vn 0.675173 0.733433 0.078854
vn 0.545245 0.834559 0.078861
vn 0.649903 0.505840 0.567232
vn 0.786683 0.612300 0.078861
vn 0.675173 0.733433 0.078854
vn 0.557789 0.605920 0.567214
vn 0.546948 0.837166 0.000000
vn 0.401695 0.915774 0.000000
vn 0.400445 0.912922 0.078855
vn 0.545245 0.834559 0.078861
vn 0.245485 0.969400 0.000000
vn 0.244721 0.966381 0.078862
vn 0.400445 0.912922 0.078855
vn 0.401695 0.915774 0.000000
vn 0.202172 0.798358 0.567232
vn 0.330825 0.754204 0.567214
vn 0.400445 0.912922 0.078855
vn 0.244721 0.966381 0.078862
vn 0.450444 0.689456 0.567231
vn 0.545245 0.834559 0.078861
vn 0.400445 0.912922 0.078855
vn 0.330825 0.754204 0.567214
vn 0.245485 0.969400 0.000000
vn 0.082579 0.996585 0.000000
vn 0.082322 0.993481 0.078855
vn 0.244721 0.966381 0.078862
vn -0.082579 0.996585 -0.000000
vn -0.082322 0.993481 0.078862
vn 0.082322 0.993481 0.078855
vn 0.082579 0.996585 0.000000
vn -0.068009 0.820745 0.567232
vn 0.068010 0.820757 0.567214
vn 0.082322 0.993481 0.078855
vn -0.082322 0.993481 0.078862
vn 0.202172 0.798358 0.567232
vn 0.244721 0.966381 0.078862
vn 0.082322 0.993481 0.078855
vn 0.068010 0.820757 0.567214
vn -0.082579 0.996585 -0.000000
vn -0.245486 0.969400 -0.000000
vn -0.244721 0.966382 0.078855
vn -0.082322 0.993481 0.078862
vn -0.401696 0.915773 0.000000
vn -0.400444 0.912921 0.078861
vn -0.244721 0.966382 0.078855
vn -0.245486 0.969400 -0.000000
vn -0.330820 0.754193 0.567232
vn -0.202175 0.798369 0.567214
vn -0.244721 0.966382 0.078855
vn -0.400444 0.912921 0.078861
vn -0.068009 0.820745 0.567232
vn -0.082322 0.993481 0.078862
vn -0.244721 0.966382 0.078855
vn -0.202175 0.798369 0.567214
vn -0.401696 0.915773 0.000000
vn -0.546948 0.837167 0.000000
vn -0.545245 0.834560 0.078855
vn -0.400444 0.912921 0.078861
vn -0.677281 0.735724 0.000000
vn -0.675172 0.733433 0.078862
vn -0.545245 0.834560 0.078855
vn -0.546948 0.837167 0.000000
vn -0.557781 0.605911 0.567232
vn -0.450450 0.689466 0.567214
vn -0.545245 0.834560 0.078855
vn -0.675172 0.733433 0.078862
vn -0.330820 0.754193 0.567232
vn -0.400444 0.912921 0.078861
vn -0.545245 0.834560 0.078855
vn -0.450450 0.689466 0.567214
vn -0.677281 0.735724 0.000000
vn -0.789141 0.614213 -0.000000
vn -0.786683 0.612300 0.078855
vn -0.675172 0.733433 0.078862
vn -0.879474 0.475947 -0.000000
vn -0.876735 0.474465 0.078862
vn -0.786683 0.612300 0.078855
vn -0.789141 0.614213 -0.000000
vn -0.724298 0.391970 0.567232
vn -0.649913 0.505847 0.567214
vn -0.786683 0.612300 0.078855
vn -0.876735 0.474465 0.078862
vn -0.557781 0.605911 0.567232
vn -0.675172 0.733433 0.078862
vn -0.786683 0.612300 0.078855
vn -0.649913 0.505847 0.567214
vn -0.879474 0.475947 -0.000000
vn -0.945817 0.324700 -0.000000
vn -0.942872 0.323689 0.078855
vn -0.876735 0.474465 0.078862
vn -0.986361 0.164595 -0.000000
vn -0.983289 0.164082 0.078862
vn -0.942872 0.323689 0.078855
vn -0.945817 0.324700 -0.000000
vn -0.812326 0.135553 0.567232
vn -0.778947 0.267413 0.567214
vn -0.942872 0.323689 0.078855
vn -0.983289 0.164082 0.078862
vn -0.724298 0.391970 0.567232
vn -0.876735 0.474465 0.078862
vn -0.942872 0.323689 0.078855
vn -0.778947 0.267413 0.567214
vn -0.986361 0.164595 -0.000000
vn -1.000000 0.000000 0.000000
vn -0.996886 0.000000 0.078855
vn -0.983289 0.164082 0.078862
vn -0.986361 -0.164595 0.000000
vn -0.983289 -0.164082 0.078862
vn -0.996886 0.000000 0.078855
vn -1.000000 0.000000 0.000000
vn -0.812326 -0.135553 0.567231
vn -0.823571 0.000000 0.567214
vn -0.996886 0.000000 0.078855
vn -0.983289 -0.164082 0.078862
vn -0.812326 0.135553 0.567232
vn -0.983289 0.164082 0.078862
vn -0.996886 0.000000 0.078855
vn -0.823571 0.000000 0.567214
vn -0.986361 -0.164595 0.000000
vn -0.945817 -0.324700 0.000000
vn -0.942872 -0.323689 0.078855
vn -0.983289 -0.164082 0.078862
vn -0.879474 -0.475947 0.000000
vn -0.876735 -0.474465 0.078862
vn -0.942872 -0.323689 0.078855
vn -0.945817 -0.324700 0.000000
vn -0.724298 -0.391971 0.567231
vn -0.778948 -0.267413 0.567213
vn -0.942872 -0.323689 0.078855
vn -0.876735 -0.474465 0.078862
vn -0.812326 -0.135553 0.567231
vn -0.983289 -0.164082 0.078862
vn -0.942872 -0.323689 0.078855
vn -0.778948 -0.267413 0.567213
vn -0.879474 -0.475947 0.000000
vn -0.789141 -0.614213 0.000000
vn -0.786683 -0.612300 0.078855
vn -0.876735 -0.474465 0.078862
vn -0.677282 -0.735724 0.000000
vn -0.675172 -0.733433 0.078862
vn -0.786683 -0.612300 0.078855
vn -0.789141 -0.614213 0.000000
vn -0.557781 -0.605912 0.567231
vn -0.649913 -0.505848 0.567213
vn -0.786683 -0.612300 0.078855
vn -0.675172 -0.733433 0.078862
vn -0.724298 -0.391971 0.567231
vn -0.876735 -0.474465 0.078862
vn -0.786683 -0.612300 0.078855
vn -0.649913 -0.505848 0.567213
vn -0.677282 -0.735724 0.000000
vn -0.546948 -0.837167 0.000000
vn -0.545245 -0.834560 0.078855
vn -0.675172 -0.733433 0.078862
vn -0.401695 -0.915774 0.000000
vn -0.400444 -0.912921 0.078862
vn -0.545245 -0.834560 0.078855
vn -0.546948 -0.837167 0.000000
vn -0.330819 -0.754193 0.567232
vn -0.450450 -0.689466 0.567214
vn -0.545245 -0.834560 0.078855
vn -0.400444 -0.912921 0.078862
vn -0.557781 -0.605912 0.567231
vn -0.675172 -0.733433 0.078862
vn -0.545245 -0.834560 0.078855
vn -0.450450 -0.689466 0.567214
vn -0.401695 -0.915774 0.000000
vn -0.245485 -0.969400 0.000000
vn -0.244721 -0.966382 0.078855
vn -0.400444 -0.912921 0.078862
vn -0.082579 -0.996585 0.000000
vn -0.082322 -0.993481 0.078862
vn -0.244721 -0.966382 0.078855
vn -0.245485 -0.969400 0.000000
vn -0.068009 -0.820746 0.567231
vn -0.202174 -0.798369 0.567214
vn -0.244721 -0.966382 0.078855
vn -0.082322 -0.993481 0.078862
vn -0.330819 -0.754193 0.567232
vn -0.400444 -0.912921 0.078862
vn -0.244721 -0.966382 0.078855
vn -0.202174 -0.798369 0.567214
vn -0.082579 -0.996585 0.000000
vn 0.082580 -0.996584 0.000000
vn 0.082323 -0.993481 0.078855
vn -0.082322 -0.993481 0.078862
vn 0.245486 -0.969400 0.000000
vn 0.244721 -0.966381 0.078862
vn 0.082323 -0.993481 0.078855
vn 0.082580 -0.996584 0.000000
vn 0.202172 -0.798358 0.567231
vn 0.068010 -0.820758 0.567213
vn 0.082323 -0.993481 0.078855
vn 0.244721 -0.966381 0.078862
vn -0.068009 -0.820746 0.567231
vn -0.082322 -0.993481 0.078862
vn 0.082323 -0.993481 0.078855
vn 0.068010 -0.820758 0.567213
vn 0.245486 -0.969400 0.000000
vn 0.401696 -0.915773 0.000000
vn 0.400445 -0.912921 0.078855
vn 0.244721 -0.966381 0.078862
vn 0.546949 -0.837166 0.000000
vn 0.545246 -0.834559 0.078862
vn 0.400445 -0.912921 0.078855
vn 0.401696 -0.915773 0.000000
vn 0.450445 -0.689455 0.567231
vn 0.330825 -0.754204 0.567213
vn 0.400445 -0.912921 0.078855
vn 0.545246 -0.834559 0.078862
vn 0.202172 -0.798358 0.567231
vn 0.244721 -0.966381 0.078862
vn 0.400445 -0.912921 0.078855
vn 0.330825 -0.754204 0.567213
vn 0.546949 -0.837166 0.000000
vn 0.677282 -0.735723 0.000000
vn 0.675173 -0.733432 0.078855
vn 0.545246 -0.834559 0.078862
vn 0.789141 -0.614212 0.000000
vn 0.786683 -0.612299 0.078862
vn 0.675173 -0.733432 0.078855
vn 0.677282 -0.735723 0.000000
vn 0.649904 -0.505840 0.567231
vn 0.557790 -0.605920 0.567213
vn 0.675173 -0.733432 0.078855
vn 0.786683 -0.612299 0.078862
vn 0.450445 -0.689455 0.567231
vn 0.545246 -0.834559 0.078862
vn 0.675173 -0.733432 0.078855
vn 0.557790 -0.605920 0.567213
vn 0.789141 -0.614212 0.000000
vn 0.879474 -0.475947 0.000000
vn 0.876736 -0.474465 0.078855
vn 0.786683 -0.612299 0.078862
vn 0.945817 -0.324699 0.000000
vn 0.942872 -0.323688 0.078862
vn 0.876736 -0.474465 0.078855
vn 0.879474 -0.475947 0.000000
vn 0.778936 -0.267408 0.567231
vn 0.724309 -0.391976 0.567214
vn 0.876736 -0.474465 0.078855
vn 0.942872 -0.323688 0.078862
vn 0.649904 -0.505840 0.567231
vn 0.786683 -0.612299 0.078862
vn 0.876736 -0.474465 0.078855
vn 0.724309 -0.391976 0.567214
vn 0.945817 -0.324699 0.000000
vn 0.986361 -0.164594 0.000000
vn 0.983290 -0.164081 0.078855
vn 0.942872 -0.323688 0.078862
vn 1.000000 0.000000 0.000000
vn 0.996886 0.000000 0.078862
vn 0.983290 -0.164081 0.078855
vn 0.986361 -0.164594 0.000000
vn 0.823558 0.000000 0.567232
vn 0.812338 -0.135555 0.567214
vn 0.983290 -0.164081 0.078855
vn 0.996886 0.000000 0.078862
vn 0.778936 -0.267408 0.567231
vn 0.942872 -0.323688 0.078862
vn 0.983290 -0.164081 0.078855
vn 0.812338 -0.135555 0.567214
vn 0.047409 -0.000000 0.998876
vn 0.046748 0.007801 0.998876
vn 0.008459 0.001412 0.999963
vn 0.008583 -0.000000 0.999963
vn 0.044841 0.015394 0.998875
vn 0.008118 0.002787 0.999963
vn 0.008459 0.001412 0.999963
vn 0.046748 0.007801 0.998876
vn -0.013537 -0.004647 0.999898
vn -0.014127 -0.002357 0.999897
vn 0.008459 0.001412 0.999963
vn 0.008118 0.002787 0.999963
vn -0.014312 0.000000 0.999898
vn 0.008583 -0.000000 0.999963
vn 0.008459 0.001412 0.999963
vn -0.014127 -0.002357 0.999897
vn 0.044841 0.015394 0.998875
vn 0.041682 0.022557 0.998876
vn 0.007542 0.004082 0.999963
vn 0.008118 0.002787 0.999963
vn 0.037413 0.029119 0.998875
vn 0.006773 0.005272 0.999963
vn 0.007542 0.004082 0.999963
vn 0.041682 0.022557 0.998876
vn -0.011294 -0.008791 0.999898
vn -0.012596 -0.006817 0.999897
vn 0.007542 0.004082 0.999963
vn 0.006773 0.005272 0.999963
vn -0.013537 -0.004647 0.999898
vn 0.008118 0.002787 0.999963
vn 0.007542 0.004082 0.999963
vn -0.012596 -0.006817 0.999897
vn 0.037413 0.029119 0.998875
vn 0.032099 0.034869 0.998876
vn 0.005808 0.006309 0.999963
vn 0.006773 0.005272 0.999963
vn 0.025931 0.039690 0.998875
vn 0.004694 0.007185 0.999963
vn 0.005808 0.006309 0.999963
vn 0.032099 0.034869 0.998876
vn -0.007828 -0.011982 0.999898
vn -0.009700 -0.010537 0.999897
vn 0.005808 0.006309 0.999963
vn 0.004694 0.007185 0.999963
vn -0.011294 -0.008791 0.999898
vn 0.006773 0.005272 0.999963
vn 0.005808 0.006309 0.999963
vn -0.009700 -0.010537 0.999897
vn 0.025931 0.039690 0.998875
vn 0.019038 0.043403 0.998876
vn 0.003445 0.007853 0.999963
vn 0.004694 0.007185 0.999963
vn 0.011638 0.045959 0.998875
vn 0.002107 0.008320 0.999963
vn 0.003445 0.007853 0.999963
vn 0.019038 0.043403 0.998876
vn -0.003513 -0.013874 0.999898
vn -0.005753 -0.013116 0.999897
vn 0.003445 0.007853 0.999963
vn 0.002107 0.008320 0.999963
vn -0.007828 -0.011982 0.999898
vn 0.004694 0.007185 0.999963
vn 0.003445 0.007853 0.999963
vn -0.005753 -0.013116 0.999897
vn 0.011638 0.045959 0.998875
vn 0.003914 0.047232 0.998876
vn 0.000708 0.008546 0.999963
vn 0.002107 0.008320 0.999963
vn -0.003915 0.047247 0.998876
vn -0.000709 0.008554 0.999963
vn 0.000708 0.008546 0.999963
vn 0.003914 0.047232 0.998876
vn 0.001182 -0.014263 0.999898
vn -0.001183 -0.014273 0.999897
vn 0.000708 0.008546 0.999963
vn -0.000709 0.008554 0.999963
vn -0.003513 -0.013874 0.999898
vn 0.002107 0.008320 0.999963
vn 0.000708 0.008546 0.999963
vn -0.001183 -0.014273 0.999897
vn -0.003915 0.047247 0.998876
vn -0.011635 0.045944 0.998876
vn -0.002105 0.008313 0.999963
vn -0.000709 0.008554 0.999963
vn -0.019044 0.043416 0.998876
vn -0.003448 0.007860 0.999963
vn -0.002105 0.008313 0.999963
vn -0.011635 0.045944 0.998876
vn 0.005749 -0.013107 0.999898
vn 0.003516 -0.013884 0.999897
vn -0.002105 0.008313 0.999963
vn -0.003448 0.007860 0.999963
vn 0.001182 -0.014263 0.999898
vn -0.000709 0.008554 0.999963
vn -0.002105 0.008313 0.999963
vn 0.003516 -0.013884 0.999897
vn -0.019044 0.043416 0.998876
vn -0.025922 0.039677 0.998876
vn -0.004691 0.007179 0.999963
vn -0.003448 0.007860 0.999963
vn -0.032110 0.034880 0.998875
vn -0.005813 0.006315 0.999963
vn -0.004691 0.007179 0.999963
vn -0.025922 0.039677 0.998876
vn 0.009693 -0.010530 0.999898
vn 0.007833 -0.011990 0.999897
vn -0.004691 0.007179 0.999963
vn -0.005813 0.006315 0.999963
vn 0.005749 -0.013107 0.999898
vn -0.003448 0.007860 0.999963
vn -0.004691 0.007179 0.999963
vn 0.007833 -0.011990 0.999897
vn -0.032110 0.034880 0.998875
vn -0.037401 0.029110 0.998876
vn -0.006767 0.005267 0.999963
vn -0.005813 0.006315 0.999963
vn -0.041695 0.022564 0.998876
vn -0.007548 0.004085 0.999963
vn -0.006767 0.005267 0.999963
vn -0.037401 0.029110 0.998876
vn 0.012587 -0.006812 0.999898
vn 0.011302 -0.008797 0.999897
vn -0.006767 0.005267 0.999963
vn -0.007548 0.004085 0.999963
vn 0.009693 -0.010530 0.999898
vn -0.005813 0.006315 0.999963
vn -0.006767 0.005267 0.999963
vn 0.011302 -0.008797 0.999897
vn -0.041695 0.022564 0.998876
vn -0.044826 0.015389 0.998876
vn -0.008111 0.002785 0.999963
vn -0.007548 0.004085 0.999963
vn -0.046763 0.007803 0.998875
vn -0.008466 0.001413 0.999963
vn -0.008111 0.002785 0.999963
vn -0.044826 0.015389 0.998876
vn 0.014117 -0.002356 0.999898
vn 0.013546 -0.004650 0.999897
vn -0.008111 0.002785 0.999963
vn -0.008466 0.001413 0.999963
vn 0.012587 -0.006812 0.999898
vn -0.007548 0.004085 0.999963
vn -0.008111 0.002785 0.999963
vn 0.013546 -0.004650 0.999897
vn -0.046763 0.007803 0.998875
vn -0.047394 0.000000 0.998876
vn -0.008576 0.000000 0.999963
vn -0.008466 0.001413 0.999963
vn -0.046763 -0.007803 0.998875
vn -0.008466 -0.001413 0.999963
vn -0.008576 0.000000 0.999963
vn -0.047394 0.000000 0.998876
vn 0.014117 0.002356 0.999898
vn 0.014322 -0.000000 0.999897
vn -0.008576 0.000000 0.999963
vn -0.008466 -0.001413 0.999963
vn 0.014117 -0.002356 0.999898
vn -0.008466 0.001413 0.999963
vn -0.008576 0.000000 0.999963
vn 0.014322 -0.000000 0.999897
vn -0.046763 -0.007803 0.998875
vn -0.044826 -0.015389 0.998876
vn -0.008111 -0.002785 0.999963
vn -0.008466 -0.001413 0.999963
vn -0.041695 -0.022564 0.998876
vn -0.007548 -0.004085 0.999963
vn -0.008111 -0.002785 0.999963
vn -0.044826 -0.015389 0.998876
vn 0.012587 0.006812 0.999898
vn 0.013546 0.004650 0.999897
vn -0.008111 -0.002785 0.999963
vn -0.007548 -0.004085 0.999963
vn 0.014117 0.002356 0.999898
vn -0.008466 -0.001413 0.999963
vn -0.008111 -0.002785 0.999963
vn 0.013546 0.004650 0.999897
vn -0.041695 -0.022564 0.998876
vn -0.037401 -0.029110 0.998876
vn -0.006767 -0.005267 0.999963
vn -0.007548 -0.004085 0.999963
vn -0.032110 -0.034880 0.998875
vn -0.005813 -0.006315 0.999963
vn -0.006767 -0.005267 0.999963
vn -0.037401 -0.029110 0.998876
vn 0.009693 0.010530 0.999898
vn 0.011302 0.008797 0.999897
vn -0.006767 -0.005267 0.999963
vn -0.005813 -0.006315 0.999963
vn 0.012587 0.006812 0.999898
vn -0.007548 -0.004085 0.999963
vn -0.006767 -0.005267 0.999963
vn 0.011302 0.008797 0.999897
vn -0.032110 -0.034880 0.998875
vn -0.025922 -0.039677 0.998876
vn -0.004690 -0.007179 0.999963
vn -0.005813 -0.006315 0.999963
vn -0.019044 -0.043416 0.998876
vn -0.003448 -0.007860 0.999963
vn -0.004690 -0.007179 0.999963
vn -0.025922 -0.039677 0.998876
vn 0.005749 0.013107 0.999898
vn 0.007833 0.011990 0.999897
vn -0.004690 -0.007179 0.999963
vn -0.003448 -0.007860 0.999963
vn 0.009693 0.010530 0.999898
vn -0.005813 -0.006315 0.999963
vn -0.004690 -0.007179 0.999963
vn 0.007833 0.011990 0.999897
vn -0.019044 -0.043416 0.998876
vn -0.011635 -0.045944 0.998876
vn -0.002105 -0.008313 0.999963
vn -0.003448 -0.007860 0.999963
vn -0.003915 -0.047248 0.998875
vn -0.000709 -0.008554 0.999963
vn -0.002105 -0.008313 0.999963
vn -0.011635 -0.045944 0.998876
vn 0.001182 0.014263 0.999898
vn 0.003516 0.013884 0.999897
vn -0.002105 -0.008313 0.999963
vn -0.000709 -0.008554 0.999963
vn 0.005749 0.013107 0.999898
vn -0.003448 -0.007860 0.999963
vn -0.002105 -0.008313 0.999963
vn 0.003516 0.013884 0.999897
vn -0.003915 -0.047248 0.998875
vn 0.003914 -0.047233 0.998876
vn 0.000708 -0.008547 0.999963
vn -0.000709 -0.008554 0.999963
vn 0.011638 -0.045959 0.998875
vn 0.002107 -0.008320 0.999963
vn 0.000708 -0.008547 0.999963
vn 0.003914 -0.047233 0.998876
vn -0.003513 0.013874 0.999898
vn -0.001183 0.014273 0.999897
vn 0.000708 -0.008547 0.999963
vn 0.002107 -0.008320 0.999963
vn 0.001182 0.014263 0.999898
vn -0.000709 -0.008554 0.999963
vn 0.000708 -0.008547 0.999963
vn -0.001183 0.014273 0.999897
vn 0.011638 -0.045959 0.998875
vn 0.019038 -0.043403 0.998876
vn 0.003445 -0.007854 0.999963
vn 0.002107 -0.008320 0.999963
vn 0.025931 -0.039690 0.998875
vn 0.004694 -0.007185 0.999963
vn 0.003445 -0.007854 0.999963
vn 0.019038 -0.043403 0.998876
vn -0.007828 0.011982 0.999898
vn -0.005753 0.013116 0.999897
vn 0.003445 -0.007854 0.999963
vn 0.004694 -0.007185 0.999963
vn -0.003513 0.013874 0.999898
vn 0.002107 -0.008320 0.999963
vn 0.003445 -0.007854 0.999963
vn -0.005753 0.013116 0.999897
vn 0.025931 -0.039690 0.998875
vn 0.032099 -0.034869 0.998876
vn 0.005808 -0.006309 0.999963
vn 0.004694 -0.007185 0.999963
vn 0.037413 -0.029119 0.998875
vn 0.006773 -0.005272 0.999963
vn 0.005808 -0.006309 0.999963
vn 0.032099 -0.034869 0.998876
vn -0.011294 0.008791 0.999898
vn -0.009700 0.010537 0.999897
vn 0.005808 -0.006309 0.999963
vn 0.006773 -0.005272 0.999963
vn -0.007828 0.011982 0.999898
vn 0.004694 -0.007185 0.999963
vn 0.005808 -0.006309 0.999963
vn -0.009700 0.010537 0.999897
vn 0.037413 -0.029119 0.998875
vn 0.041682 -0.022557 0.998876
vn 0.007542 -0.004082 0.999963
vn 0.006773 -0.005272 0.999963
vn 0.044841 -0.015394 0.998875
vn 0.008118 -0.002787 0.999963
vn 0.007542 -0.004082 0.999963
vn 0.041682 -0.022557 0.998876
vn -0.013537 0.004647 0.999898
vn -0.012596 0.006817 0.999897
vn 0.007542 -0.004082 0.999963
vn 0.008118 -0.002787 0.999963
vn -0.011294 0.008791 0.999898
vn 0.006773 -0.005272 0.999963
vn 0.007542 -0.004082 0.999963
vn -0.012596 0.006817 0.999897
vn 0.044841 -0.015394 0.998875
vn 0.046748 -0.007801 0.998876
vn 0.008459 -0.001412 0.999963
vn 0.008118 -0.002787 0.999963
vn 0.047409 -0.000000 0.998876
vn 0.008583 -0.000000 0.999963
vn 0.008459 -0.001412 0.999963
vn 0.046748 -0.007801 0.998876
vn -0.014312 0.000000 0.999898
vn -0.014127 0.002357 0.999897
vn 0.008459 -0.001412 0.999963
vn 0.008583 -0.000000 0.999963
vn -0.013537 0.004647 0.999898
vn 0.008118 -0.002787 0.999963
vn 0.008459 -0.001412 0.999963
vn -0.014127 0.002357 0.999897
vn -0.014312 0.000000 0.999898
vn -0.014127 -0.002357 0.999897
vn -0.041501 -0.006925 0.999114
vn -0.042059 0.000000 0.999115
vn -0.013537 -0.004647 0.999898
vn -0.039781 -0.013657 0.999115
vn -0.041501 -0.006925 0.999114
vn -0.014127 -0.002357 0.999897
vn -0.031320 -0.010752 0.999452
vn -0.032648 -0.005448 0.999452
vn -0.041501 -0.006925 0.999114
vn -0.039781 -0.013657 0.999115
vn -0.033115 0.000000 0.999451
vn -0.042059 0.000000 0.999115
vn -0.041501 -0.006925 0.999114
vn -0.032648 -0.005448 0.999452
vn -0.013537 -0.004647 0.999898
vn -0.012596 -0.006817 0.999897
vn -0.037003 -0.020025 0.999114
vn -0.039781 -0.013657 0.999115
vn -0.011294 -0.008791 0.999898
vn -0.033191 -0.025833 0.999115
vn -0.037003 -0.020025 0.999114
vn -0.012596 -0.006817 0.999897
vn -0.026132 -0.020339 0.999452
vn -0.029110 -0.015754 0.999452
vn -0.037003 -0.020025 0.999114
vn -0.033191 -0.025833 0.999115
vn -0.031320 -0.010752 0.999452
vn -0.039781 -0.013657 0.999115
vn -0.037003 -0.020025 0.999114
vn -0.029110 -0.015754 0.999452
vn -0.011294 -0.008791 0.999898
vn -0.009700 -0.010537 0.999897
vn -0.028496 -0.030955 0.999114
vn -0.033191 -0.025833 0.999115
vn -0.007828 -0.011982 0.999898
vn -0.023004 -0.035211 0.999115
vn -0.028496 -0.030955 0.999114
vn -0.009700 -0.010537 0.999897
vn -0.018112 -0.027723 0.999452
vn -0.022418 -0.024352 0.999452
vn -0.028496 -0.030955 0.999114
vn -0.023004 -0.035211 0.999115
vn -0.026132 -0.020339 0.999452
vn -0.033191 -0.025833 0.999115
vn -0.028496 -0.030955 0.999114
vn -0.022418 -0.024352 0.999452
vn -0.007828 -0.011982 0.999898
vn -0.005753 -0.013116 0.999897
vn -0.016901 -0.038531 0.999114
vn -0.023004 -0.035211 0.999115
vn -0.003513 -0.013874 0.999898
vn -0.010325 -0.040772 0.999115
vn -0.016901 -0.038531 0.999114
vn -0.005753 -0.013116 0.999897
vn -0.008129 -0.032101 0.999452
vn -0.013296 -0.030311 0.999452
vn -0.016901 -0.038531 0.999114
vn -0.010325 -0.040772 0.999115
vn -0.018112 -0.027723 0.999452
vn -0.023004 -0.035211 0.999115
vn -0.016901 -0.038531 0.999114
vn -0.013296 -0.030311 0.999452
vn -0.003513 -0.013874 0.999898
vn -0.001183 -0.014273 0.999897
vn -0.003474 -0.041931 0.999114
vn -0.010325 -0.040772 0.999115
vn 0.001182 -0.014263 0.999898
vn 0.003473 -0.041916 0.999115
vn -0.003474 -0.041931 0.999114
vn -0.001183 -0.014273 0.999897
vn 0.002735 -0.033002 0.999452
vn -0.002733 -0.032986 0.999452
vn -0.003474 -0.041931 0.999114
vn 0.003473 -0.041916 0.999115
vn -0.008129 -0.032101 0.999452
vn -0.010325 -0.040772 0.999115
vn -0.003474 -0.041931 0.999114
vn -0.002733 -0.032986 0.999452
vn 0.001182 -0.014263 0.999898
vn 0.003516 -0.013884 0.999897
vn 0.010329 -0.040787 0.999114
vn 0.003473 -0.041916 0.999115
vn 0.005749 -0.013107 0.999898
vn 0.016895 -0.038517 0.999115
vn 0.010329 -0.040787 0.999114
vn 0.003516 -0.013884 0.999897
vn 0.013302 -0.030326 0.999452
vn 0.008125 -0.032086 0.999452
vn 0.010329 -0.040787 0.999114
vn 0.016895 -0.038517 0.999115
vn 0.002735 -0.033002 0.999452
vn 0.003473 -0.041916 0.999115
vn 0.010329 -0.040787 0.999114
vn 0.008125 -0.032086 0.999452
vn 0.005749 -0.013107 0.999898
vn 0.007833 -0.011990 0.999897
vn 0.023013 -0.035223 0.999114
vn 0.016895 -0.038517 0.999115
vn 0.009693 -0.010530 0.999898
vn 0.028486 -0.030944 0.999115
vn 0.023013 -0.035223 0.999114
vn 0.007833 -0.011990 0.999897
vn 0.022428 -0.024363 0.999452
vn 0.018104 -0.027710 0.999452
vn 0.023013 -0.035223 0.999114
vn 0.028486 -0.030944 0.999115
vn 0.013302 -0.030326 0.999452
vn 0.016895 -0.038517 0.999115
vn 0.023013 -0.035223 0.999114
vn 0.018104 -0.027710 0.999452
vn 0.009693 -0.010530 0.999898
vn 0.011302 -0.008797 0.999897
vn 0.033203 -0.025843 0.999114
vn 0.028486 -0.030944 0.999115
vn 0.012587 -0.006812 0.999898
vn 0.036990 -0.020018 0.999115
vn 0.033203 -0.025843 0.999114
vn 0.011302 -0.008797 0.999897
vn 0.029123 -0.015761 0.999452
vn 0.026120 -0.020330 0.999452
vn 0.033203 -0.025843 0.999114
vn 0.036990 -0.020018 0.999115
vn 0.022428 -0.024363 0.999452
vn 0.028486 -0.030944 0.999115
vn 0.033203 -0.025843 0.999114
vn 0.026120 -0.020330 0.999452
vn 0.012587 -0.006812 0.999898
vn 0.013546 -0.004650 0.999897
vn 0.039795 -0.013662 0.999114
vn 0.036990 -0.020018 0.999115
vn 0.014117 -0.002356 0.999898
vn 0.041486 -0.006923 0.999115
vn 0.039795 -0.013662 0.999114
vn 0.013546 -0.004650 0.999897
vn 0.032663 -0.005451 0.999452
vn 0.031306 -0.010747 0.999452
vn 0.039795 -0.013662 0.999114
vn 0.041486 -0.006923 0.999115
vn 0.029123 -0.015761 0.999452
vn 0.036990 -0.020018 0.999115
vn 0.039795 -0.013662 0.999114
vn 0.031306 -0.010747 0.999452
vn 0.014117 -0.002356 0.999898
vn 0.014322 -0.000000 0.999897
vn 0.042074 -0.000000 0.999114
vn 0.041486 -0.006923 0.999115
vn 0.014117 0.002356 0.999898
vn 0.041485 0.006923 0.999115
vn 0.042074 -0.000000 0.999114
vn 0.014322 -0.000000 0.999897
vn 0.032662 0.005450 0.999452
vn 0.033099 -0.000000 0.999452
vn 0.042074 -0.000000 0.999114
vn 0.041485 0.006923 0.999115
vn 0.032663 -0.005451 0.999452
vn 0.041486 -0.006923 0.999115
vn 0.042074 -0.000000 0.999114
vn 0.033099 -0.000000 0.999452
vn 0.014117 0.002356 0.999898
vn 0.013546 0.004650 0.999897
vn 0.039794 0.013661 0.999114
vn 0.041485 0.006923 0.999115
vn 0.012587 0.006812 0.999898
vn 0.036990 0.020018 0.999115
vn 0.039794 0.013661 0.999114
vn 0.013546 0.004650 0.999897
vn 0.029123 0.015761 0.999452
vn 0.031305 0.010747 0.999452
vn 0.039794 0.013661 0.999114
vn 0.036990 0.020018 0.999115
vn 0.032662 0.005450 0.999452
vn 0.041485 0.006923 0.999115
vn 0.039794 0.013661 0.999114
vn 0.031305 0.010747 0.999452
vn 0.012587 0.006812 0.999898
vn 0.011302 0.008797 0.999897
vn 0.033203 0.025842 0.999114
vn 0.036990 0.020018 0.999115
vn 0.009693 0.010530 0.999898
vn 0.028486 0.030944 0.999115
vn 0.033203 0.025842 0.999114
vn 0.011302 0.008797 0.999897
vn 0.022428 0.024363 0.999452
vn 0.026120 0.020330 0.999452
vn 0.033203 0.025842 0.999114
vn 0.028486 0.030944 0.999115
vn 0.029123 0.015761 0.999452
vn 0.036990 0.020018 0.999115
vn 0.033203 0.025842 0.999114
vn 0.026120 0.020330 0.999452
vn 0.009693 0.010530 0.999898
vn 0.007833 0.011990 0.999897
vn 0.023012 0.035223 0.999114
vn 0.028486 0.030944 0.999115
vn 0.005749 0.013107 0.999898
vn 0.016895 0.038517 0.999115
vn 0.023012 0.035223 0.999114
vn 0.007833 0.011990 0.999897
vn 0.013302 0.030325 0.999452
vn 0.018103 0.027709 0.999452
vn 0.023012 0.035223 0.999114
vn 0.016895 0.038517 0.999115
vn 0.022428 0.024363 0.999452
vn 0.028486 0.030944 0.999115
vn 0.023012 0.035223 0.999114
vn 0.018103 0.027709 0.999452
vn 0.005749 0.013107 0.999898
vn 0.003516 0.013884 0.999897
vn 0.010329 0.040787 0.999114
vn 0.016895 0.038517 0.999115
vn 0.001182 0.014263 0.999898
vn 0.003473 0.041915 0.999115
vn 0.010329 0.040787 0.999114
vn 0.003516 0.013884 0.999897
vn 0.002735 0.033001 0.999452
vn 0.008125 0.032086 0.999452
vn 0.010329 0.040787 0.999114
vn 0.003473 0.041915 0.999115
vn 0.013302 0.030325 0.999452
vn 0.016895 0.038517 0.999115
vn 0.010329 0.040787 0.999114
vn 0.008125 0.032086 0.999452
vn 0.001182 0.014263 0.999898
vn -0.001183 0.014273 0.999897
vn -0.003474 0.041930 0.999114
vn 0.003473 0.041915 0.999115
vn -0.003513 0.013874 0.999898
vn -0.010325 0.040772 0.999115
vn -0.003474 0.041930 0.999114
vn -0.001183 0.014273 0.999897
vn -0.008129 0.032101 0.999452
vn -0.002733 0.032986 0.999452
vn -0.003474 0.041930 0.999114
vn -0.010325 0.040772 0.999115
vn 0.002735 0.033001 0.999452
vn 0.003473 0.041915 0.999115
vn -0.003474 0.041930 0.999114
vn -0.002733 0.032986 0.999452
vn -0.003513 0.013874 0.999898
vn -0.005753 0.013116 0.999897
vn -0.016901 0.038530 0.999114
vn -0.010325 0.040772 0.999115
vn -0.007828 0.011982 0.999898
vn -0.023004 0.035211 0.999115
vn -0.016901 0.038530 0.999114
vn -0.005753 0.013116 0.999897
vn -0.018112 0.027722 0.999452
vn -0.013296 0.030311 0.999452
vn -0.016901 0.038530 0.999114
vn -0.023004 0.035211 0.999115
vn -0.008129 0.032101 0.999452
vn -0.010325 0.040772 0.999115
vn -0.016901 0.038530 0.999114
vn -0.013296 0.030311 0.999452
vn -0.007828 0.011982 0.999898
vn -0.009700 0.010537 0.999897
vn -0.028496 0.030955 0.999114
vn -0.023004 0.035211 0.999115
vn -0.011294 0.008791 0.999898
vn -0.033191 0.025833 0.999115
vn -0.028496 0.030955 0.999114
vn -0.009700 0.010537 0.999897
vn -0.026132 0.020339 0.999452
vn -0.022417 0.024352 0.999452
vn -0.028496 0.030955 0.999114
vn -0.033191 0.025833 0.999115
vn -0.018112 0.027722 0.999452
vn -0.023004 0.035211 0.999115
vn -0.028496 0.030955 0.999114
vn -0.022417 0.024352 0.999452
vn -0.011294 0.008791 0.999898
vn -0.012596 0.006817 0.999897
vn -0.037003 0.020025 0.999114
vn -0.033191 0.025833 0.999115
vn -0.013537 0.004647 0.999898
vn -0.039781 0.013657 0.999115
vn -0.037003 0.020025 0.999114
vn -0.012596 0.006817 0.999897
vn -0.031320 0.010752 0.999452
vn -0.029110 0.015753 0.999452
vn -0.037003 0.020025 0.999114
vn -0.039781 0.013657 0.999115
vn -0.026132 0.020339 0.999452
vn -0.033191 0.025833 0.999115
vn -0.037003 0.020025 0.999114
vn -0.029110 0.015753 0.999452
vn -0.013537 0.004647 0.999898
vn -0.014127 0.002357 0.999897
vn -0.041501 0.006925 0.999114
vn -0.039781 0.013657 0.999115
vn -0.014312 0.000000 0.999898
vn -0.042059 0.000000 0.999115
vn -0.041501 0.006925 0.999114
vn -0.014127 0.002357 0.999897
vn -0.033115 0.000000 0.999451
vn -0.032648 0.005448 0.999452
vn -0.041501 0.006925 0.999114
vn -0.042059 0.000000 0.999115
vn -0.031320 0.010752 0.999452
vn -0.039781 0.013657 0.999115
vn -0.041501 0.006925 0.999114
vn -0.032648 0.005448 0.999452
vn -0.033115 0.000000 0.999451
vn -0.032648 -0.005448 0.999452
vn 0.093101 0.015590 0.995535
vn 0.094482 0.000055 0.995527
vn -0.031320 -0.010752 0.999452
vn 0.089042 0.030623 0.995557
vn 0.093101 0.015590 0.995535
vn -0.032648 -0.005448 0.999452
vn 0.770531 0.264524 0.579921
vn 0.808801 0.134966 0.572385
vn 0.093101 0.015590 0.995535
vn 0.089042 0.030623 0.995557
vn 0.825368 0.000001 0.564595
vn 0.094482 0.000055 0.995527
vn 0.093101 0.015590 0.995535
vn 0.808801 0.134966 0.572385
vn -0.031320 -0.010752 0.999452
vn -0.029110 -0.015754 0.999452
vn 0.082727 0.044823 0.995564
vn 0.089042 0.030623 0.995557
vn -0.026132 -0.020339 0.999452
vn 0.074055 0.057693 0.995584
vn 0.082727 0.044823 0.995564
vn -0.029110 -0.015754 0.999452
vn 0.635368 0.494527 0.593086
vn 0.712135 0.385389 0.586804
vn 0.082727 0.044823 0.995564
vn 0.074055 0.057693 0.995584
vn 0.770531 0.264524 0.579921
vn 0.089042 0.030623 0.995557
vn 0.082727 0.044823 0.995564
vn 0.712135 0.385389 0.586804
vn -0.026132 -0.020339 0.999452
vn -0.022418 -0.024352 0.999452
vn 0.063526 0.069061 0.995588
vn 0.074055 0.057693 0.995584
vn -0.018112 -0.027723 0.999452
vn 0.051201 0.078423 0.995604
vn 0.063526 0.069061 0.995588
vn -0.022418 -0.024352 0.999452
vn 0.436360 0.667899 0.602910
vn 0.542625 0.589448 0.598422
vn 0.063526 0.069061 0.995588
vn 0.051201 0.078423 0.995604
vn 0.635368 0.494527 0.593086
vn 0.074055 0.057693 0.995584
vn 0.063526 0.069061 0.995588
vn 0.542625 0.589448 0.598422
vn -0.018112 -0.027723 0.999452
vn -0.013296 -0.030311 0.999452
vn 0.037602 0.085778 0.995605
vn 0.051201 0.078423 0.995604
vn -0.008129 -0.032101 0.999452
vn 0.022947 0.090669 0.995617
vn 0.037602 0.085778 0.995605
vn -0.013296 -0.030311 0.999452
vn 0.194785 0.769189 0.608611
vn 0.319455 0.728284 0.606260
vn 0.037602 0.085778 0.995605
vn 0.022947 0.090669 0.995617
vn 0.436360 0.667899 0.602910
vn 0.051201 0.078423 0.995604
vn 0.037602 0.085778 0.995605
vn 0.319455 0.728284 0.606260
vn -0.008129 -0.032101 0.999452
vn -0.002733 -0.032986 0.999452
vn 0.007723 0.093260 0.995612
vn 0.022947 0.090669 0.995617
vn 0.002735 -0.033002 0.999452
vn -0.007717 0.093182 0.995619
vn 0.007723 0.093260 0.995612
vn -0.002733 -0.032986 0.999452
vn -0.065450 0.789870 0.609772
vn 0.065454 0.789909 0.609721
vn 0.007723 0.093260 0.995612
vn -0.007717 0.093182 0.995619
vn 0.194785 0.769189 0.608611
vn 0.022947 0.090669 0.995617
vn 0.007723 0.093260 0.995612
vn 0.065454 0.789909 0.609721
vn 0.002735 -0.033002 0.999452
vn 0.008125 -0.032086 0.999452
vn -0.022966 0.090744 0.995609
vn -0.007717 0.093182 0.995619
vn 0.013302 -0.030326 0.999452
vn -0.037571 0.085707 0.995612
vn -0.022966 0.090744 0.995609
vn 0.008125 -0.032086 0.999452
vn -0.319439 0.728249 0.606310
vn -0.194794 0.769227 0.608560
vn -0.022966 0.090744 0.995609
vn -0.037571 0.085707 0.995612
vn -0.065450 0.789870 0.609772
vn -0.007717 0.093182 0.995619
vn -0.022966 0.090744 0.995609
vn -0.194794 0.769227 0.608560
vn 0.013302 -0.030326 0.999452
vn 0.018104 -0.027710 0.999452
vn -0.051244 0.078488 0.995597
vn -0.037571 0.085707 0.995612
vn 0.022428 -0.024363 0.999452
vn -0.063473 0.069004 0.995595
vn -0.051244 0.078488 0.995597
vn 0.018104 -0.027710 0.999452
vn -0.542599 0.589420 0.598474
vn -0.436381 0.667931 0.602859
vn -0.051244 0.078488 0.995597
vn -0.063473 0.069004 0.995595
vn -0.319439 0.728249 0.606310
vn -0.037571 0.085707 0.995612
vn -0.051244 0.078488 0.995597
vn -0.436381 0.667931 0.602859
vn 0.022428 -0.024363 0.999452
vn 0.026120 -0.020330 0.999452
vn -0.074117 0.057741 0.995577
vn -0.063473 0.069004 0.995595
vn 0.029123 -0.015761 0.999452
vn -0.082658 0.044787 0.995571
vn -0.074117 0.057741 0.995577
vn 0.026120 -0.020330 0.999452
vn -0.712102 0.385371 0.586856
vn -0.635398 0.494551 0.593033
vn -0.074117 0.057741 0.995577
vn -0.082658 0.044787 0.995571
vn -0.542599 0.589420 0.598474
vn -0.063473 0.069004 0.995595
vn -0.074117 0.057741 0.995577
vn -0.635398 0.494551 0.593033
vn 0.029123 -0.015761 0.999452
vn 0.031306 -0.010747 0.999452
vn -0.089117 0.030648 0.995550
vn -0.082658 0.044787 0.995571
vn 0.032663 -0.005451 0.999452
vn -0.093024 0.015577 0.995542
vn -0.089117 0.030648 0.995550
vn 0.031306 -0.010747 0.999452
vn -0.808764 0.134959 0.572439
vn -0.770568 0.264537 0.579867
vn -0.089117 0.030648 0.995550
vn -0.093024 0.015577 0.995542
vn -0.712102 0.385371 0.586856
vn -0.082658 0.044787 0.995571
vn -0.089117 0.030648 0.995550
vn -0.770568 0.264537 0.579867
vn 0.032663 -0.005451 0.999452
vn 0.033099 -0.000000 0.999452
vn -0.094561 0.000054 0.995519
vn -0.093024 0.015577 0.995542
vn 0.032662 0.005450 0.999452
vn -0.093363 -0.015525 0.995511
vn -0.094561 0.000054 0.995519
vn 0.033099 -0.000000 0.999452
vn -0.819452 -0.136742 0.556596
vn -0.825405 0.000000 0.564541
vn -0.094561 0.000054 0.995519
vn -0.093363 -0.015525 0.995511
vn -0.808764 0.134959 0.572439
vn -0.093024 0.015577 0.995542
vn -0.094561 0.000054 0.995519
vn -0.825405 0.000000 0.564541
vn 0.032662 0.005450 0.999452
vn 0.031305 0.010747 0.999452
vn -0.089759 -0.030760 0.995488
vn -0.093363 -0.015525 0.995511
vn 0.029123 0.015761 0.999452
vn -0.083533 -0.045151 0.995482
vn -0.089759 -0.030760 0.995488
vn 0.031305 0.010747 0.999452
vn -0.739640 -0.400273 0.541030
vn -0.790779 -0.271475 0.548607
vn -0.089759 -0.030760 0.995488
vn -0.083533 -0.045151 0.995482
vn -0.819452 -0.136742 0.556596
vn -0.093363 -0.015525 0.995511
vn -0.089759 -0.030760 0.995488
vn -0.790779 -0.271475 0.548607
vn 0.029123 0.015761 0.999452
vn 0.026120 0.020330 0.999452
vn -0.075130 -0.058422 0.995461
vn -0.083533 -0.045151 0.995482
vn 0.022428 0.024363 0.999452
vn -0.064514 -0.070026 0.995457
vn -0.075130 -0.058422 0.995461
vn 0.026120 0.020330 0.999452
vn -0.575345 -0.624991 0.527602
vn -0.667268 -0.519355 0.533876
vn -0.075130 -0.058422 0.995461
vn -0.064514 -0.070026 0.995457
vn -0.739640 -0.400273 0.541030
vn -0.083533 -0.045151 0.995482
vn -0.075130 -0.058422 0.995461
vn -0.667268 -0.519355 0.533876
vn 0.022428 0.024363 0.999452
vn 0.018103 0.027709 0.999452
vn -0.052201 -0.079845 0.995439
vn -0.064514 -0.070026 0.995457
vn 0.013302 0.030325 0.999452
vn -0.038340 -0.087350 0.995440
vn -0.052201 -0.079845 0.995439
vn 0.018103 0.027709 0.999452
vn -0.343588 -0.783303 0.518057
vn -0.466453 -0.713960 0.522190
vn -0.052201 -0.079845 0.995439
vn -0.038340 -0.087350 0.995440
vn -0.575345 -0.624991 0.527602
vn -0.064514 -0.070026 0.995457
vn -0.052201 -0.079845 0.995439
vn -0.466453 -0.713960 0.522190
vn 0.013302 0.030325 0.999452
vn 0.008125 0.032086 0.999452
vn -0.023463 -0.092601 0.995427
vn -0.038340 -0.087350 0.995440
vn 0.002735 0.033001 0.999452
vn -0.007889 -0.095148 0.995432
vn -0.023463 -0.092601 0.995427
vn 0.008125 0.032086 0.999452
vn -0.070850 -0.855034 0.513709
vn -0.210410 -0.830892 0.515117
vn -0.023463 -0.092601 0.995427
vn -0.007889 -0.095148 0.995432
vn -0.343588 -0.783303 0.518057
vn -0.038340 -0.087350 0.995440
vn -0.023463 -0.092601 0.995427
vn -0.210410 -0.830892 0.515117
vn 0.002735 0.033001 0.999452
vn -0.002733 0.032986 0.999452
vn 0.007895 -0.095228 0.995424
vn -0.007889 -0.095148 0.995432
vn -0.008129 0.032101 0.999452
vn 0.023444 -0.092524 0.995434
vn 0.007895 -0.095228 0.995424
vn -0.002733 0.032986 0.999452
vn 0.210402 -0.830858 0.515176
vn 0.070853 -0.855069 0.513650
vn 0.007895 -0.095228 0.995424
vn 0.023444 -0.092524 0.995434
vn -0.070850 -0.855034 0.513709
vn -0.007889 -0.095148 0.995432
vn 0.007895 -0.095228 0.995424
vn 0.070853 -0.855069 0.513650
vn -0.008129 0.032101 0.999452
vn -0.013296 0.030311 0.999452
vn 0.038371 -0.087423 0.995432
vn 0.023444 -0.092524 0.995434
vn -0.018112 0.027722 0.999452
vn 0.052158 -0.079778 0.995447
vn 0.038371 -0.087423 0.995432
vn -0.013296 0.030311 0.999452
vn 0.466435 -0.713929 0.522248
vn 0.343604 -0.783335 0.517998
vn 0.038371 -0.087423 0.995432
vn 0.052158 -0.079778 0.995447
vn 0.210402 -0.830858 0.515176
vn 0.023444 -0.092524 0.995434
vn 0.038371 -0.087423 0.995432
vn 0.343604 -0.783335 0.517998
vn -0.018112 0.027722 0.999452
vn -0.022417 0.024352 0.999452
vn 0.064568 -0.070084 0.995449
vn 0.052158 -0.079778 0.995447
vn -0.026132 0.020339 0.999452
vn 0.075068 -0.058373 0.995468
vn 0.064568 -0.070084 0.995449
vn -0.022417 0.024352 0.999452
vn 0.667240 -0.519332 0.533934
vn 0.575370 -0.625017 0.527544
vn 0.064568 -0.070084 0.995449
vn 0.075068 -0.058373 0.995468
vn 0.466435 -0.713929 0.522248
vn 0.052158 -0.079778 0.995447
vn 0.064568 -0.070084 0.995449
vn 0.575370 -0.625017 0.527544
vn -0.026132 0.020339 0.999452
vn -0.029110 0.015753 0.999452
vn 0.083602 -0.045189 0.995474
vn 0.075068 -0.058373 0.995468
vn -0.031320 0.010752 0.999452
vn 0.089684 -0.030734 0.995496
vn 0.083602 -0.045189 0.995474
vn -0.029110 0.015753 0.999452
vn 0.790745 -0.271462 0.548663
vn 0.739673 -0.400290 0.540974
vn 0.083602 -0.045189 0.995474
vn 0.089684 -0.030734 0.995496
vn 0.667240 -0.519332 0.533934
vn 0.075068 -0.058373 0.995468
vn 0.083602 -0.045189 0.995474
vn 0.739673 -0.400290 0.540974
vn -0.031320 0.010752 0.999452
vn -0.032648 0.005448 0.999452
vn 0.093441 -0.015538 0.995504
vn 0.089684 -0.030734 0.995496
vn -0.033115 0.000000 0.999451
vn 0.094482 0.000055 0.995527
vn 0.093441 -0.015538 0.995504
vn -0.032648 0.005448 0.999452
vn 0.825368 0.000001 0.564595
vn 0.819490 -0.136748 0.556540
vn 0.093441 -0.015538 0.995504
vn 0.094482 0.000055 0.995527
vn 0.790745 -0.271462 0.548663
vn 0.089684 -0.030734 0.995496
vn 0.093441 -0.015538 0.995504
vn 0.819490 -0.136748 0.556540
vn 0.825368 0.000001 0.564595
vn 0.808801 0.134966 0.572385
vn 0.934600 0.155957 0.319688
vn 0.951524 0.000001 0.307573
vn 0.770531 0.264524 0.579921
vn 0.892382 0.306354 0.331364
vn 0.934600 0.155957 0.319688
vn 0.808801 0.134966 0.572385
vn 0.336015 0.115325 0.934770
vn 0.351975 0.058706 0.934167
vn 0.934600 0.155957 0.319688
vn 0.892382 0.306354 0.331364
vn 0.358543 -0.000029 0.933513
vn 0.951524 0.000001 0.307573
vn 0.934600 0.155957 0.319688
vn 0.351975 0.058706 0.934167
vn 0.770531 0.264524 0.579921
vn 0.712135 0.385389 0.586804
vn 0.826372 0.447210 0.342216
vn 0.892382 0.306354 0.331364
vn 0.635368 0.494527 0.593086
vn 0.738619 0.574889 0.352057
vn 0.826372 0.447210 0.342216
vn 0.712135 0.385389 0.586804
vn 0.278084 0.216412 0.935861
vn 0.311091 0.168325 0.935355
vn 0.826372 0.447210 0.342216
vn 0.738619 0.574889 0.352057
vn 0.336015 0.115325 0.934770
vn 0.892382 0.306354 0.331364
vn 0.826372 0.447210 0.342216
vn 0.311091 0.168325 0.935355
vn 0.635368 0.494527 0.593086
vn 0.542625 0.589448 0.598422
vn 0.631722 0.686232 0.360574
vn 0.738619 0.574889 0.352057
vn 0.436360 0.667899 0.602910
vn 0.508642 0.778534 0.367651
vn 0.631722 0.686232 0.360574
vn 0.542625 0.589448 0.598422
vn 0.191542 0.293148 0.936683
vn 0.237835 0.258329 0.936323
vn 0.631722 0.686232 0.360574
vn 0.508642 0.778534 0.367651
vn 0.278084 0.216412 0.935861
vn 0.738619 0.574889 0.352057
vn 0.631722 0.686232 0.360574
vn 0.237835 0.258329 0.936323
vn 0.436360 0.667899 0.602910
vn 0.319455 0.728284 0.606260
vn 0.372696 0.849662 0.373058
vn 0.508642 0.778534 0.367651
vn 0.194785 0.769189 0.608611
vn 0.227396 0.897968 0.376756
vn 0.372696 0.849662 0.373058
vn 0.319455 0.728284 0.606260
vn 0.085654 0.338211 0.937164
vn 0.140354 0.319946 0.936982
vn 0.372696 0.849662 0.373058
vn 0.227396 0.897968 0.376756
vn 0.191542 0.293148 0.936683
vn 0.508642 0.778534 0.367651
vn 0.372696 0.849662 0.373058
vn 0.140354 0.319946 0.936982
vn 0.194785 0.769189 0.608611
vn 0.065454 0.789909 0.609721
vn 0.076432 0.922401 0.378596
vn 0.227396 0.897968 0.376756
vn -0.065450 0.789870 0.609772
vn -0.076432 0.922393 0.378615
vn 0.076432 0.922401 0.378596
vn 0.065454 0.789909 0.609721
vn -0.028792 0.347434 0.937262
vn 0.028789 0.347401 0.937275
vn 0.076432 0.922401 0.378596
vn -0.076432 0.922393 0.378615
vn 0.085654 0.338211 0.937164
vn 0.227396 0.897968 0.376756
vn 0.076432 0.922401 0.378596
vn 0.028789 0.347401 0.937275
vn -0.065450 0.789870 0.609772
vn -0.194794 0.769227 0.608560
vn -0.227398 0.897975 0.376738
vn -0.076432 0.922393 0.378615
vn -0.319439 0.728249 0.606310
vn -0.372694 0.849654 0.373077
vn -0.227398 0.897975 0.376738
vn -0.194794 0.769227 0.608560
vn -0.140367 0.319976 0.936970
vn -0.085646 0.338179 0.937176
vn -0.227398 0.897975 0.376738
vn -0.372694 0.849654 0.373077
vn -0.028792 0.347434 0.937262
vn -0.076432 0.922393 0.378615
vn -0.227398 0.897975 0.376738
vn -0.085646 0.338179 0.937176
vn -0.319439 0.728249 0.606310
vn -0.436381 0.667931 0.602859
vn -0.508646 0.778541 0.367632
vn -0.372694 0.849654 0.373077
vn -0.542599 0.589420 0.598474
vn -0.631717 0.686226 0.360594
vn -0.508646 0.778541 0.367632
vn -0.436381 0.667931 0.602859
vn -0.237857 0.258352 0.936311
vn -0.191524 0.293121 0.936696
vn -0.508646 0.778541 0.367632
vn -0.631717 0.686226 0.360594
vn -0.140367 0.319976 0.936970
vn -0.372694 0.849654 0.373077
vn -0.508646 0.778541 0.367632
vn -0.191524 0.293121 0.936696
vn -0.542599 0.589420 0.598474
vn -0.635398 0.494551 0.593033
vn -0.738625 0.574894 0.352038
vn -0.631717 0.686226 0.360594
vn -0.712102 0.385371 0.586856
vn -0.826366 0.447206 0.342237
vn -0.738625 0.574894 0.352038
vn -0.635398 0.494551 0.593033
vn -0.311119 0.168341 0.935343
vn -0.278058 0.216393 0.935873
vn -0.738625 0.574894 0.352038
vn -0.826366 0.447206 0.342237
vn -0.237857 0.258352 0.936311
vn -0.631717 0.686226 0.360594
vn -0.738625 0.574894 0.352038
vn -0.278058 0.216393 0.935873
vn -0.712102 0.385371 0.586856
vn -0.770568 0.264537 0.579867
vn -0.892388 0.306357 0.331343
vn -0.826366 0.447206 0.342237
vn -0.808764 0.134959 0.572439
vn -0.934593 0.155956 0.319709
vn -0.892388 0.306357 0.331343
vn -0.770568 0.264537 0.579867
vn -0.352007 0.058711 0.934154
vn -0.335985 0.115315 0.934782
vn -0.892388 0.306357 0.331343
vn -0.934593 0.155956 0.319709
vn -0.311119 0.168341 0.935343
vn -0.826366 0.447206 0.342237
vn -0.892388 0.306357 0.331343
vn -0.335985 0.115315 0.934782
vn -0.808764 0.134959 0.572439
vn -0.825405 0.000000 0.564541
vn -0.951531 0.000000 0.307552
vn -0.934593 0.155956 0.319709
vn -0.819452 -0.136742 0.556596
vn -0.942378 -0.157255 0.295286
vn -0.951531 0.000000 0.307552
vn -0.825405 0.000000 0.564541
vn -0.355313 -0.059320 0.932863
vn -0.358511 -0.000028 0.933526
vn -0.951531 0.000000 0.307552
vn -0.942378 -0.157255 0.295286
vn -0.352007 0.058711 0.934154
vn -0.934593 0.155956 0.319709
vn -0.951531 0.000000 0.307552
vn -0.358511 -0.000028 0.933526
vn -0.819452 -0.136742 0.556596
vn -0.790779 -0.271475 0.548607
vn -0.907105 -0.311409 0.283169
vn -0.942378 -0.157255 0.295286
vn -0.739640 -0.400273 0.541030
vn -0.846405 -0.458051 0.271641
vn -0.907105 -0.311409 0.283169
vn -0.790779 -0.271475 0.548607
vn -0.319644 -0.173011 0.931609
vn -0.342239 -0.117519 0.932235
vn -0.907105 -0.311409 0.283169
vn -0.846405 -0.458051 0.271641
vn -0.355313 -0.059320 0.932863
vn -0.942378 -0.157255 0.295286
vn -0.907105 -0.311409 0.283169
vn -0.342239 -0.117519 0.932235
vn -0.739640 -0.400273 0.541030
vn -0.667268 -0.519355 0.533876
vn -0.761798 -0.592930 0.260954
vn -0.846405 -0.458051 0.271641
vn -0.575345 -0.624991 0.527602
vn -0.655508 -0.712070 0.251527
vn -0.761798 -0.592930 0.260954
vn -0.667268 -0.519355 0.533876
vn -0.248006 -0.269435 0.930536
vn -0.287930 -0.224133 0.931054
vn -0.761798 -0.592930 0.260954
vn -0.655508 -0.712070 0.251527
vn -0.319644 -0.173011 0.931609
vn -0.846405 -0.458051 0.271641
vn -0.761798 -0.592930 0.260954
vn -0.287930 -0.224133 0.931054
vn -0.575345 -0.624991 0.527602
vn -0.466453 -0.713960 0.522190
vn -0.530478 -0.811956 0.243557
vn -0.655508 -0.712070 0.251527
vn -0.343588 -0.783303 0.518057
vn -0.390213 -0.889595 0.237390
vn -0.530478 -0.811956 0.243557
vn -0.466453 -0.713960 0.522190
vn -0.147861 -0.337118 0.929779
vn -0.200852 -0.307456 0.930123
vn -0.530478 -0.811956 0.243557
vn -0.390213 -0.889595 0.237390
vn -0.248006 -0.269435 0.930536
vn -0.655508 -0.712070 0.251527
vn -0.530478 -0.811956 0.243557
vn -0.200852 -0.307456 0.930123
vn -0.343588 -0.783303 0.518057
vn -0.210410 -0.830892 0.515117
vn -0.238721 -0.942690 0.233125
vn -0.390213 -0.889595 0.237390
vn -0.070850 -0.855034 0.513709
vn -0.080346 -0.969632 0.230995
vn -0.238721 -0.942690 0.233125
vn -0.210410 -0.830892 0.515117
vn -0.030468 -0.367726 0.929435
vn -0.090495 -0.357383 0.929563
vn -0.238721 -0.942690 0.233125
vn -0.080346 -0.969632 0.230995
vn -0.147861 -0.337118 0.929779
vn -0.390213 -0.889595 0.237390
vn -0.238721 -0.942690 0.233125
vn -0.090495 -0.357383 0.929563
vn -0.070850 -0.855034 0.513709
vn 0.070853 -0.855069 0.513650
vn 0.080347 -0.969638 0.230970
vn -0.080346 -0.969632 0.230995
vn 0.210402 -0.830858 0.515176
vn 0.238721 -0.942684 0.233149
vn 0.080347 -0.969638 0.230970
vn 0.070853 -0.855069 0.513650
vn 0.090503 -0.357414 0.929551
vn 0.030466 -0.367695 0.929447
vn 0.080347 -0.969638 0.230970
vn 0.238721 -0.942684 0.233149
vn -0.030468 -0.367726 0.929435
vn -0.080346 -0.969632 0.230995
vn 0.080347 -0.969638 0.230970
vn 0.030466 -0.367695 0.929447
vn 0.210402 -0.830858 0.515176
vn 0.343604 -0.783335 0.517998
vn 0.390216 -0.889600 0.237366
vn 0.238721 -0.942684 0.233149
vn 0.466435 -0.713929 0.522248
vn 0.530476 -0.811951 0.243581
vn 0.390216 -0.889600 0.237366
vn 0.343604 -0.783335 0.517998
vn 0.200870 -0.307482 0.930111
vn 0.147849 -0.337089 0.929791
vn 0.390216 -0.889600 0.237366
vn 0.530476 -0.811951 0.243581
vn 0.090503 -0.357414 0.929551
vn 0.238721 -0.942684 0.233149
vn 0.390216 -0.889600 0.237366
vn 0.147849 -0.337089 0.929791
vn 0.466435 -0.713929 0.522248
vn 0.575370 -0.625017 0.527544
vn 0.655513 -0.712074 0.251503
vn 0.530476 -0.811951 0.243581
vn 0.667240 -0.519332 0.533934
vn 0.761794 -0.592926 0.260977
vn 0.655513 -0.712074 0.251503
vn 0.575370 -0.625017 0.527544
vn 0.287955 -0.224153 0.931041
vn 0.247985 -0.269411 0.930549
vn 0.655513 -0.712074 0.251503
vn 0.761794 -0.592926 0.260977
vn 0.200870 -0.307482 0.930111
vn 0.530476 -0.811951 0.243581
vn 0.655513 -0.712074 0.251503
vn 0.247985 -0.269411 0.930549
vn 0.667240 -0.519332 0.533934
vn 0.739673 -0.400290 0.540974
vn 0.846411 -0.458053 0.271618
vn 0.761794 -0.592926 0.260977
vn 0.790745 -0.271462 0.548663
vn 0.907099 -0.311407 0.283191
vn 0.846411 -0.458053 0.271618
vn 0.739673 -0.400290 0.540974
vn 0.342269 -0.117530 0.932222
vn 0.319616 -0.172995 0.931621
vn 0.846411 -0.458053 0.271618
vn 0.907099 -0.311407 0.283191
vn 0.287955 -0.224153 0.931041
vn 0.761794 -0.592926 0.260977
vn 0.846411 -0.458053 0.271618
vn 0.319616 -0.172995 0.931621
vn 0.790745 -0.271462 0.548663
vn 0.819490 -0.136748 0.556540
vn 0.942385 -0.157256 0.295264
vn 0.907099 -0.311407 0.283191
vn 0.825368 0.000001 0.564595
vn 0.951524 0.000001 0.307573
vn 0.942385 -0.157256 0.295264
vn 0.819490 -0.136748 0.556540
vn 0.358543 -0.000029 0.933513
vn 0.355281 -0.059314 0.932876
vn 0.942385 -0.157256 0.295264
vn 0.951524 0.000001 0.307573
vn 0.342269 -0.117530 0.932222
vn 0.907099 -0.311407 0.283191
vn 0.942385 -0.157256 0.295264
vn 0.355281 -0.059314 0.932876
vn 0.358543 -0.000029 0.933513
vn 0.351975 0.058706 0.934167
vn 0.111091 0.018494 0.993638
vn 0.112792 -0.000045 0.993619
vn 0.336015 0.115325 0.934770
vn 0.106415 0.036487 0.993652
vn 0.111091 0.018494 0.993638
vn 0.351975 0.058706 0.934167
vn 0.130788 0.044893 0.990393
vn 0.136393 0.022753 0.990393
vn 0.111091 0.018494 0.993638
vn 0.106415 0.036487 0.993652
vn 0.138154 -0.000007 0.990411
vn 0.112792 -0.000045 0.993619
vn 0.111091 0.018494 0.993638
vn 0.136393 0.022753 0.990393
vn 0.336015 0.115325 0.934770
vn 0.311091 0.168325 0.935355
vn 0.098816 0.053432 0.993670
vn 0.106415 0.036487 0.993652
vn 0.278084 0.216412 0.935861
vn 0.088590 0.068907 0.993682
vn 0.098816 0.053432 0.993670
vn 0.311091 0.168325 0.935355
vn 0.109211 0.084995 0.990378
vn 0.121719 0.065864 0.990377
vn 0.098816 0.053432 0.993670
vn 0.088590 0.068907 0.993682
vn 0.130788 0.044893 0.990393
vn 0.106415 0.036487 0.993652
vn 0.098816 0.053432 0.993670
vn 0.121719 0.065864 0.990377
vn 0.278084 0.216412 0.935861
vn 0.237835 0.258329 0.936323
vn 0.075946 0.082456 0.993697
vn 0.088590 0.068907 0.993682
vn 0.191542 0.293148 0.936683
vn 0.061296 0.093776 0.993705
vn 0.075946 0.082456 0.993697
vn 0.237835 0.258329 0.936323
vn 0.075741 0.115923 0.990366
vn 0.093804 0.101891 0.990363
vn 0.075946 0.082456 0.993697
vn 0.061296 0.093776 0.993705
vn 0.109211 0.084995 0.990378
vn 0.088590 0.068907 0.993682
vn 0.075946 0.082456 0.993697
vn 0.093804 0.101891 0.990363
vn 0.191542 0.293148 0.936683
vn 0.140354 0.319946 0.936982
vn 0.044982 0.102504 0.993715
vn 0.061296 0.093776 0.993705
vn 0.085654 0.338211 0.937164
vn 0.027484 0.108486 0.993718
vn 0.044982 0.102504 0.993715
vn 0.140354 0.319946 0.936982
vn 0.034007 0.134285 0.990359
vn 0.055663 0.126893 0.990353
vn 0.044982 0.102504 0.993715
vn 0.027484 0.108486 0.993718
vn 0.075741 0.115923 0.990366
vn 0.061296 0.093776 0.993705
vn 0.044982 0.102504 0.993715
vn 0.055663 0.126893 0.990353
vn 0.085654 0.338211 0.937164
vn 0.028789 0.347401 0.937275
vn 0.009241 0.111484 0.993723
vn 0.027484 0.108486 0.993718
vn -0.028792 0.347434 0.937262
vn -0.009243 0.111506 0.993721
vn 0.009241 0.111484 0.993723
vn 0.028789 0.347401 0.937275
vn -0.011441 0.138061 0.990358
vn 0.011446 0.138122 0.990349
vn 0.009241 0.111484 0.993723
vn -0.009243 0.111506 0.993721
vn 0.034007 0.134285 0.990359
vn 0.027484 0.108486 0.993718
vn 0.009241 0.111484 0.993723
vn 0.011446 0.138122 0.990349
vn -0.028792 0.347434 0.937262
vn -0.085646 0.338179 0.937176
vn -0.027478 0.108465 0.993720
vn -0.009243 0.111506 0.993721
vn -0.140367 0.319976 0.936970
vn -0.044991 0.102524 0.993712
vn -0.027478 0.108465 0.993720
vn -0.085646 0.338179 0.937176
vn -0.055639 0.126837 0.990362
vn -0.034022 0.134344 0.990350
vn -0.027478 0.108465 0.993720
vn -0.044991 0.102524 0.993712
vn -0.011441 0.138061 0.990358
vn -0.009243 0.111506 0.993721
vn -0.027478 0.108465 0.993720
vn -0.034022 0.134344 0.990350
vn -0.140367 0.319976 0.936970
vn -0.191524 0.293121 0.936696
vn -0.061284 0.093758 0.993707
vn -0.044991 0.102524 0.993712
vn -0.237857 0.258352 0.936311
vn -0.075961 0.082471 0.993694
vn -0.061284 0.093758 0.993707
vn -0.191524 0.293121 0.936696
vn -0.093763 0.101846 0.990372
vn -0.075775 0.115974 0.990358
vn -0.061284 0.093758 0.993707
vn -0.075961 0.082471 0.993694
vn -0.055639 0.126837 0.990362
vn -0.044991 0.102524 0.993712
vn -0.061284 0.093758 0.993707
vn -0.075775 0.115974 0.990358
vn -0.237857 0.258352 0.936311
vn -0.278058 0.216393 0.935873
vn -0.088572 0.068894 0.993684
vn -0.075961 0.082471 0.993694
vn -0.311119 0.168341 0.935343
vn -0.098835 0.053442 0.993668
vn -0.088572 0.068894 0.993684
vn -0.278058 0.216393 0.935873
vn -0.121665 0.065835 0.990385
vn -0.109260 0.085033 0.990369
vn -0.088572 0.068894 0.993684
vn -0.098835 0.053442 0.993668
vn -0.093763 0.101846 0.990372
vn -0.075961 0.082471 0.993694
vn -0.088572 0.068894 0.993684
vn -0.109260 0.085033 0.990369
vn -0.311119 0.168341 0.935343
vn -0.335985 0.115315 0.934782
vn -0.106393 0.036481 0.993655
vn -0.098835 0.053442 0.993668
vn -0.352007 0.058711 0.934154
vn -0.111113 0.018497 0.993636
vn -0.106393 0.036481 0.993655
vn -0.335985 0.115315 0.934782
vn -0.136333 0.022743 0.990402
vn -0.130846 0.044912 0.990385
vn -0.106393 0.036481 0.993655
vn -0.111113 0.018497 0.993636
vn -0.121665 0.065835 0.990385
vn -0.098835 0.053442 0.993668
vn -0.106393 0.036481 0.993655
vn -0.130846 0.044912 0.990385
vn -0.352007 0.058711 0.934154
vn -0.358511 -0.000028 0.933526
vn -0.112770 -0.000044 0.993621
vn -0.111113 0.018497 0.993636
vn -0.355313 -0.059320 0.932863
vn -0.111396 -0.018634 0.993601
vn -0.112770 -0.000044 0.993621
vn -0.358511 -0.000028 0.933526
vn -0.136207 -0.022736 0.990419
vn -0.138215 -0.000007 0.990402
vn -0.112770 -0.000044 0.993621
vn -0.111396 -0.018634 0.993601
vn -0.136333 0.022743 0.990402
vn -0.111113 0.018497 0.993636
vn -0.112770 -0.000044 0.993621
vn -0.138215 -0.000007 0.990402
vn -0.355313 -0.059320 0.932863
vn -0.342239 -0.117519 0.932235
vn -0.106928 -0.036753 0.993587
vn -0.111396 -0.018634 0.993601
vn -0.319644 -0.173011 0.931609
vn -0.099564 -0.053926 0.993569
vn -0.106928 -0.036753 0.993587
vn -0.342239 -0.117519 0.932235
vn -0.121341 -0.065674 0.990436
vn -0.130608 -0.044845 0.990419
vn -0.106928 -0.036753 0.993587
vn -0.099564 -0.053926 0.993569
vn -0.136207 -0.022736 0.990419
vn -0.111396 -0.018634 0.993601
vn -0.106928 -0.036753 0.993587
vn -0.130608 -0.044845 0.990419
vn -0.319644 -0.173011 0.931609
vn -0.287930 -0.224133 0.931054
vn -0.089415 -0.069640 0.993557
vn -0.099564 -0.053926 0.993569
vn -0.248006 -0.269435 0.930536
vn -0.076828 -0.083503 0.993542
vn -0.089415 -0.069640 0.993557
vn -0.287930 -0.224133 0.931054
vn -0.093377 -0.101441 0.990450
vn -0.108884 -0.084755 0.990435
vn -0.089415 -0.069640 0.993557
vn -0.076828 -0.083503 0.993542
vn -0.121341 -0.065674 0.990436
vn -0.099564 -0.053926 0.993569
vn -0.089415 -0.069640 0.993557
vn -0.108884 -0.084755 0.990435
vn -0.248006 -0.269435 0.930536
vn -0.200852 -0.307456 0.930123
vn -0.062081 -0.095066 0.993533
vn -0.076828 -0.083503 0.993542
vn -0.147861 -0.337118 0.929779
vn -0.045631 -0.104073 0.993522
vn -0.062081 -0.095066 0.993533
vn -0.200852 -0.307456 0.930123
vn -0.055354 -0.126201 0.990459
vn -0.075420 -0.115445 0.990446
vn -0.062081 -0.095066 0.993533
vn -0.045631 -0.104073 0.993522
vn -0.093377 -0.101441 0.990450
vn -0.076828 -0.083503 0.993542
vn -0.062081 -0.095066 0.993533
vn -0.075420 -0.115445 0.990446
vn -0.147861 -0.337118 0.929779
vn -0.090495 -0.357383 0.929563
vn -0.027892 -0.110189 0.993519
vn -0.045631 -0.104073 0.993522
vn -0.030468 -0.367726 0.929435
vn -0.009386 -0.113324 0.993514
vn -0.027892 -0.110189 0.993519
vn -0.090495 -0.357383 0.929563
vn -0.011377 -0.137306 0.990463
vn -0.033838 -0.133630 0.990453
vn -0.027892 -0.110189 0.993519
vn -0.009386 -0.113324 0.993514
vn -0.055354 -0.126201 0.990459
vn -0.045631 -0.104073 0.993522
vn -0.027892 -0.110189 0.993519
vn -0.033838 -0.133630 0.990453
vn -0.030468 -0.367726 0.929435
vn 0.030466 -0.367695 0.929447
vn 0.009385 -0.113301 0.993516
vn -0.009386 -0.113324 0.993514
vn 0.090503 -0.357414 0.929551
vn 0.027898 -0.110211 0.993517
vn 0.009385 -0.113301 0.993516
vn 0.030466 -0.367695 0.929447
vn 0.033823 -0.133571 0.990462
vn 0.011382 -0.137366 0.990455
vn 0.009385 -0.113301 0.993516
vn 0.027898 -0.110211 0.993517
vn -0.011377 -0.137306 0.990463
vn -0.009386 -0.113324 0.993514
vn 0.009385 -0.113301 0.993516
vn 0.011382 -0.137366 0.990455
vn 0.090503 -0.357414 0.929551
vn 0.147849 -0.337089 0.929791
vn 0.045622 -0.104052 0.993525
vn 0.027898 -0.110211 0.993517
vn 0.200870 -0.307482 0.930111
vn 0.062093 -0.095086 0.993531
vn 0.045622 -0.104052 0.993525
vn 0.147849 -0.337089 0.929791
vn 0.075386 -0.115394 0.990455
vn 0.055378 -0.126257 0.990451
vn 0.045622 -0.104052 0.993525
vn 0.062093 -0.095086 0.993531
vn 0.033823 -0.133571 0.990462
vn 0.027898 -0.110211 0.993517
vn 0.045622 -0.104052 0.993525
vn 0.055378 -0.126257 0.990451
vn 0.200870 -0.307482 0.930111
vn 0.247985 -0.269411 0.930549
vn 0.076813 -0.083486 0.993544
vn 0.062093 -0.095086 0.993531
vn 0.287955 -0.224153 0.931041
vn 0.089433 -0.069654 0.993554
vn 0.076813 -0.083486 0.993544
vn 0.247985 -0.269411 0.930549
vn 0.108836 -0.084717 0.990443
vn 0.093418 -0.101486 0.990441
vn 0.076813 -0.083486 0.993544
vn 0.089433 -0.069654 0.993554
vn 0.075386 -0.115394 0.990455
vn 0.062093 -0.095086 0.993531
vn 0.076813 -0.083486 0.993544
vn 0.093418 -0.101486 0.990441
vn 0.287955 -0.224153 0.931041
vn 0.319616 -0.172995 0.931621
vn 0.099544 -0.053915 0.993571
vn 0.089433 -0.069654 0.993554
vn 0.342269 -0.117530 0.932222
vn 0.106949 -0.036761 0.993585
vn 0.099544 -0.053915 0.993571
vn 0.319616 -0.172995 0.931621
vn 0.130550 -0.044825 0.990428
vn 0.121395 -0.065703 0.990427
vn 0.099544 -0.053915 0.993571
vn 0.106949 -0.036761 0.993585
vn 0.108836 -0.084717 0.990443
vn 0.089433 -0.069654 0.993554
vn 0.099544 -0.053915 0.993571
vn 0.121395 -0.065703 0.990427
vn 0.342269 -0.117530 0.932222
vn 0.355281 -0.059314 0.932876
vn 0.111374 -0.018629 0.993604
vn 0.106949 -0.036761 0.993585
vn 0.358543 -0.000029 0.933513
vn 0.112792 -0.000045 0.993619
vn 0.111374 -0.018629 0.993604
vn 0.355281 -0.059314 0.932876
vn 0.138154 -0.000007 0.990411
vn 0.136268 -0.022746 0.990411
vn 0.111374 -0.018629 0.993604
vn 0.112792 -0.000045 0.993619
vn 0.130550 -0.044825 0.990428
vn 0.106949 -0.036761 0.993585
vn 0.111374 -0.018629 0.993604
vn 0.136268 -0.022746 0.990411
vn 0.138154 -0.000007 0.990411
vn 0.136393 0.022753 0.990393
vn 0.369147 0.061608 0.927327
vn 0.373874 0.000009 0.927479
vn 0.130788 0.044893 0.990393
vn 0.354257 0.121625 0.927205
vn 0.369147 0.061608 0.927327
vn 0.136393 0.022753 0.990393
vn 0.157348 0.054037 0.986064
vn 0.164065 0.027396 0.986069
vn 0.369147 0.061608 0.927327
vn 0.354257 0.121625 0.927205
vn 0.166383 0.000019 0.986061
vn 0.373874 0.000009 0.927479
vn 0.369147 0.061608 0.927327
vn 0.164065 0.027396 0.986069
vn 0.130788 0.044893 0.990393
vn 0.121719 0.065864 0.990377
vn 0.329716 0.178442 0.927063
vn 0.354257 0.121625 0.927205
vn 0.109211 0.084995 0.990378
vn 0.296052 0.230435 0.926959
vn 0.329716 0.178442 0.927063
vn 0.121719 0.065864 0.990377
vn 0.131269 0.102189 0.986066
vn 0.146269 0.079175 0.986071
vn 0.329716 0.178442 0.927063
vn 0.296052 0.230435 0.926959
vn 0.157348 0.054037 0.986064
vn 0.354257 0.121625 0.927205
vn 0.329716 0.178442 0.927063
vn 0.146269 0.079175 0.986071
vn 0.109211 0.084995 0.990378
vn 0.093804 0.101891 0.990363
vn 0.254283 0.276233 0.926842
vn 0.296052 0.230435 0.926959
vn 0.075741 0.115923 0.990366
vn 0.205447 0.314469 0.926769
vn 0.254283 0.276233 0.926842
vn 0.093804 0.101891 0.990363
vn 0.090974 0.139265 0.986067
vn 0.112630 0.122368 0.986073
vn 0.254283 0.276233 0.926842
vn 0.205447 0.314469 0.926769
vn 0.131269 0.102189 0.986066
vn 0.296052 0.230435 0.926959
vn 0.254283 0.276233 0.926842
vn 0.112630 0.122368 0.986073
vn 0.075741 0.115923 0.990366
vn 0.055663 0.126893 0.990353
vn 0.150967 0.344178 0.926688
vn 0.205447 0.314469 0.926769
vn 0.034007 0.134285 0.990359
vn 0.092278 0.364408 0.926656
vn 0.150967 0.344178 0.926688
vn 0.055663 0.126893 0.990353
vn 0.040830 0.161251 0.986068
vn 0.066797 0.152299 0.986075
vn 0.150967 0.344178 0.926688
vn 0.092278 0.364408 0.926656
vn 0.090974 0.139265 0.986067
vn 0.205447 0.314469 0.926769
vn 0.150967 0.344178 0.926688
vn 0.066797 0.152299 0.986075
vn 0.034007 0.134285 0.990359
vn 0.011446 0.138122 0.990349
vn 0.031049 0.374718 0.926619
vn 0.092278 0.364408 0.926656
vn -0.011441 0.138061 0.990358
vn -0.031046 0.374684 0.926633
vn 0.031049 0.374718 0.926619
vn 0.011446 0.138122 0.990349
vn -0.013735 0.165771 0.986069
vn 0.013731 0.165732 0.986075
vn 0.031049 0.374718 0.926619
vn -0.031046 0.374684 0.926633
vn 0.040830 0.161251 0.986068
vn 0.092278 0.364408 0.926656
vn 0.031049 0.374718 0.926619
vn 0.013731 0.165732 0.986075
vn -0.011441 0.138061 0.990358
vn -0.034022 0.134344 0.990350
vn -0.092287 0.364442 0.926642
vn -0.031046 0.374684 0.926633
vn -0.055639 0.126837 0.990362
vn -0.150953 0.344147 0.926702
vn -0.092287 0.364442 0.926642
vn -0.034022 0.134344 0.990350
vn -0.066812 0.152335 0.986068
vn -0.040820 0.161213 0.986075
vn -0.092287 0.364442 0.926642
vn -0.150953 0.344147 0.926702
vn -0.013735 0.165771 0.986069
vn -0.031046 0.374684 0.926633
vn -0.092287 0.364442 0.926642
vn -0.040820 0.161213 0.986075
vn -0.055639 0.126837 0.990362
vn -0.075775 0.115974 0.990358
vn -0.205466 0.314497 0.926755
vn -0.150953 0.344147 0.926702
vn -0.093763 0.101846 0.990372
vn -0.254259 0.276208 0.926856
vn -0.205466 0.314497 0.926755
vn -0.075775 0.115974 0.990358
vn -0.112657 0.122396 0.986067
vn -0.090953 0.139232 0.986074
vn -0.205466 0.314497 0.926755
vn -0.254259 0.276208 0.926856
vn -0.066812 0.152335 0.986068
vn -0.150953 0.344147 0.926702
vn -0.205466 0.314497 0.926755
vn -0.090953 0.139232 0.986074
vn -0.093763 0.101846 0.990372
vn -0.109260 0.085033 0.990369
vn -0.296079 0.230456 0.926945
vn -0.254259 0.276208 0.926856
vn -0.121665 0.065835 0.990385
vn -0.329686 0.178426 0.927077
vn -0.296079 0.230456 0.926945
vn -0.109260 0.085033 0.990369
vn -0.146303 0.079194 0.986065
vn -0.131239 0.102165 0.986072
vn -0.296079 0.230456 0.926945
vn -0.329686 0.178426 0.927077
vn -0.112657 0.122396 0.986067
vn -0.254259 0.276208 0.926856
vn -0.296079 0.230456 0.926945
vn -0.131239 0.102165 0.986072
vn -0.121665 0.065835 0.990385
vn -0.130846 0.044912 0.990385
vn -0.354290 0.121636 0.927191
vn -0.329686 0.178426 0.927077
vn -0.136333 0.022743 0.990402
vn -0.369113 0.061603 0.927341
vn -0.354290 0.121636 0.927191
vn -0.130846 0.044912 0.990385
vn -0.164103 0.027403 0.986062
vn -0.157312 0.054024 0.986070
vn -0.354290 0.121636 0.927191
vn -0.369113 0.061603 0.927341
vn -0.146303 0.079194 0.986065
vn -0.329686 0.178426 0.927077
vn -0.354290 0.121636 0.927191
vn -0.157312 0.054024 0.986070
vn -0.136333 0.022743 0.990402
vn -0.138215 -0.000007 0.990402
vn -0.373909 0.000008 0.927465
vn -0.369113 0.061603 0.927341
vn -0.136207 -0.022736 0.990419
vn -0.368438 -0.061473 0.927618
vn -0.373909 0.000008 0.927465
vn -0.138215 -0.000007 0.990402
vn -0.164124 -0.027369 0.986060
vn -0.166344 0.000019 0.986068
vn -0.373909 0.000008 0.927465
vn -0.368438 -0.061473 0.927618
vn -0.164103 0.027403 0.986062
vn -0.369113 0.061603 0.927341
vn -0.373909 0.000008 0.927465
vn -0.166344 0.000019 0.986068
vn -0.136207 -0.022736 0.990419
vn -0.130608 -0.044845 0.990419
vn -0.353011 -0.121181 0.927738
vn -0.368438 -0.061473 0.927618
vn -0.121341 -0.065674 0.990436
vn -0.327944 -0.177466 0.927879
vn -0.353011 -0.121181 0.927738
vn -0.130608 -0.044845 0.990419
vn -0.146357 -0.079186 0.986057
vn -0.157351 -0.054000 0.986065
vn -0.353011 -0.121181 0.927738
vn -0.327944 -0.177466 0.927879
vn -0.164124 -0.027369 0.986060
vn -0.368438 -0.061473 0.927618
vn -0.353011 -0.121181 0.927738
vn -0.157351 -0.054000 0.986065
vn -0.121341 -0.065674 0.990436
vn -0.108884 -0.084755 0.990435
vn -0.294061 -0.228868 0.927980
vn -0.327944 -0.177466 0.927879
vn -0.093377 -0.101441 0.990450
vn -0.252185 -0.273938 0.928095
vn -0.294061 -0.228868 0.927980
vn -0.108884 -0.084755 0.990435
vn -0.112720 -0.122428 0.986055
vn -0.131301 -0.102177 0.986063
vn -0.294061 -0.228868 0.927980
vn -0.252185 -0.273938 0.928095
vn -0.146357 -0.079186 0.986057
vn -0.327944 -0.177466 0.927879
vn -0.294061 -0.228868 0.927980
vn -0.131301 -0.102177 0.986063
vn -0.093377 -0.101441 0.990450
vn -0.075420 -0.115445 0.990446
vn -0.203560 -0.311563 0.928166
vn -0.252185 -0.273938 0.928095
vn -0.055354 -0.126201 0.990459
vn -0.149422 -0.340639 0.928245
vn -0.203560 -0.311563 0.928166
vn -0.075420 -0.115445 0.990446
vn -0.066859 -0.152405 0.986054
vn -0.091012 -0.139285 0.986061
vn -0.203560 -0.311563 0.928166
vn -0.149422 -0.340639 0.928245
vn -0.112720 -0.122428 0.986055
vn -0.252185 -0.273938 0.928095
vn -0.203560 -0.311563 0.928166
vn -0.091012 -0.139285 0.986061
vn -0.055354 -0.126201 0.990459
vn -0.033838 -0.133630 0.990453
vn -0.091296 -0.360512 0.928276
vn -0.149422 -0.340639 0.928245
vn -0.011377 -0.137306 0.990463
vn -0.030704 -0.370532 0.928312
vn -0.091296 -0.360512 0.928276
vn -0.033838 -0.133630 0.990453
vn -0.013745 -0.165861 0.986053
vn -0.040851 -0.161297 0.986060
vn -0.091296 -0.360512 0.928276
vn -0.030704 -0.370532 0.928312
vn -0.066859 -0.152405 0.986054
vn -0.149422 -0.340639 0.928245
vn -0.091296 -0.360512 0.928276
vn -0.040851 -0.161297 0.986060
vn -0.011377 -0.137306 0.990463
vn 0.011382 -0.137366 0.990455
vn 0.030707 -0.370566 0.928298
vn -0.030704 -0.370532 0.928312
vn 0.033823 -0.133571 0.990462
vn 0.091288 -0.360479 0.928290
vn 0.030707 -0.370566 0.928298
vn 0.011382 -0.137366 0.990455
vn 0.040860 -0.161334 0.986054
vn 0.013742 -0.165823 0.986060
vn 0.030707 -0.370566 0.928298
vn 0.091288 -0.360479 0.928290
vn -0.013745 -0.165861 0.986053
vn -0.030704 -0.370532 0.928312
vn 0.030707 -0.370566 0.928298
vn 0.013742 -0.165823 0.986060
vn 0.033823 -0.133571 0.990462
vn 0.055378 -0.126257 0.990451
vn 0.149436 -0.340670 0.928231
vn 0.091288 -0.360479 0.928290
vn 0.075386 -0.115394 0.990455
vn 0.203541 -0.311534 0.928180
vn 0.149436 -0.340670 0.928231
vn 0.055378 -0.126257 0.990451
vn 0.091033 -0.139317 0.986055
vn 0.066844 -0.152370 0.986061
vn 0.149436 -0.340670 0.928231
vn 0.203541 -0.311534 0.928180
vn 0.040860 -0.161334 0.986054
vn 0.091288 -0.360479 0.928290
vn 0.149436 -0.340670 0.928231
vn 0.066844 -0.152370 0.986061
vn 0.075386 -0.115394 0.990455
vn 0.093418 -0.101486 0.990441
vn 0.252208 -0.273963 0.928082
vn 0.203541 -0.311534 0.928180
vn 0.108836 -0.084717 0.990443
vn 0.294034 -0.228847 0.927994
vn 0.252208 -0.273963 0.928082
vn 0.093418 -0.101486 0.990441
vn 0.131331 -0.102200 0.986056
vn 0.112694 -0.122400 0.986062
vn 0.252208 -0.273963 0.928082
vn 0.294034 -0.228847 0.927994
vn 0.091033 -0.139317 0.986055
vn 0.203541 -0.311534 0.928180
vn 0.252208 -0.273963 0.928082
vn 0.112694 -0.122400 0.986062
vn 0.108836 -0.084717 0.990443
vn 0.121395 -0.065703 0.990427
vn 0.327974 -0.177482 0.927865
vn 0.294034 -0.228847 0.927994
vn 0.130550 -0.044825 0.990428
vn 0.352979 -0.121169 0.927752
vn 0.327974 -0.177482 0.927865
vn 0.121395 -0.065703 0.990427
vn 0.157388 -0.054013 0.986059
vn 0.146323 -0.079167 0.986064
vn 0.327974 -0.177482 0.927865
vn 0.352979 -0.121169 0.927752
vn 0.131331 -0.102200 0.986056
vn 0.294034 -0.228847 0.927994
vn 0.327974 -0.177482 0.927865
vn 0.146323 -0.079167 0.986064
vn 0.130550 -0.044825 0.990428
vn 0.136268 -0.022746 0.990411
vn 0.368471 -0.061478 0.927604
vn 0.352979 -0.121169 0.927752
vn 0.138154 -0.000007 0.990411
vn 0.373874 0.000009 0.927479
vn 0.368471 -0.061478 0.927604
vn 0.136268 -0.022746 0.990411
vn 0.166383 0.000019 0.986061
vn 0.164086 -0.027363 0.986066
vn 0.368471 -0.061478 0.927604
vn 0.373874 0.000009 0.927479
vn 0.157388 -0.054013 0.986059
vn 0.352979 -0.121169 0.927752
vn 0.368471 -0.061478 0.927604
vn 0.164086 -0.027363 0.986066
vn 0.166383 0.000019 0.986061
vn 0.164065 0.027396 0.986069
vn 0.023993 0.004000 0.999704
vn 0.024703 -0.000016 0.999695
vn 0.157348 0.054037 0.986064
vn 0.023352 0.008001 0.999695
vn 0.023993 0.004000 0.999704
vn 0.164065 0.027396 0.986069
vn -0.022852 -0.007833 0.999708
vn -0.013973 -0.002331 0.999900
vn 0.023993 0.004000 0.999704
vn 0.023352 0.008001 0.999695
vn -0.024196 0.000012 0.999707
vn 0.024703 -0.000016 0.999695
vn 0.023993 0.004000 0.999704
vn -0.013973 -0.002331 0.999900
vn 0.157348 0.054037 0.986064
vn 0.146269 0.079175 0.986071
vn 0.021380 0.011567 0.999704
vn 0.023352 0.008001 0.999695
vn 0.131269 0.102189 0.986066
vn 0.019475 0.015142 0.999696
vn 0.021380 0.011567 0.999704
vn 0.146269 0.079175 0.986071
vn -0.019042 -0.014810 0.999709
vn -0.012443 -0.006733 0.999900
vn 0.021380 0.011567 0.999704
vn 0.019475 0.015142 0.999696
vn -0.022852 -0.007833 0.999708
vn 0.023352 0.008001 0.999695
vn 0.021380 0.011567 0.999704
vn -0.012443 -0.006733 0.999900
vn 0.131269 0.102189 0.986066
vn 0.112630 0.122368 0.986073
vn 0.016456 0.017872 0.999705
vn 0.019475 0.015142 0.999696
vn 0.090974 0.139265 0.986067
vn 0.013493 0.020637 0.999696
vn 0.016456 0.017872 0.999705
vn 0.112630 0.122368 0.986073
vn -0.013185 -0.020170 0.999710
vn -0.009572 -0.010398 0.999900
vn 0.016456 0.017872 0.999705
vn 0.013493 0.020637 0.999696
vn -0.019042 -0.014810 0.999709
vn 0.019475 0.015142 0.999696
vn 0.016456 0.017872 0.999705
vn -0.009572 -0.010398 0.999900
vn 0.090974 0.139265 0.986067
vn 0.066797 0.152299 0.986075
vn 0.009757 0.022239 0.999705
vn 0.013493 0.020637 0.999696
vn 0.040830 0.161251 0.986068
vn 0.006055 0.023894 0.999696
vn 0.009757 0.022239 0.999705
vn 0.066797 0.152299 0.986075
vn -0.005914 -0.023344 0.999710
vn -0.005673 -0.012933 0.999900
vn 0.009757 0.022239 0.999705
vn 0.006055 0.023894 0.999696
vn -0.013185 -0.020170 0.999710
vn 0.013493 0.020637 0.999696
vn 0.009757 0.022239 0.999705
vn -0.005673 -0.012933 0.999900
vn 0.040830 0.161251 0.986068
vn 0.013731 0.165732 0.986075
vn 0.002005 0.024198 0.999705
vn 0.006055 0.023894 0.999696
vn -0.013735 0.165771 0.986069
vn -0.002037 0.024563 0.999696
vn 0.002005 0.024198 0.999705
vn 0.013731 0.165732 0.986075
vn 0.001989 -0.023996 0.999710
vn -0.001166 -0.014069 0.999900
vn 0.002005 0.024198 0.999705
vn -0.002037 0.024563 0.999696
vn -0.005914 -0.023344 0.999710
vn 0.006055 0.023894 0.999696
vn 0.002005 0.024198 0.999705
vn -0.001166 -0.014069 0.999900
vn -0.013735 0.165771 0.986069
vn -0.040820 0.161213 0.986075
vn -0.005962 0.023539 0.999705
vn -0.002037 0.024563 0.999696
vn -0.066812 0.152335 0.986068
vn -0.009908 0.022573 0.999696
vn -0.005962 0.023539 0.999705
vn -0.040820 0.161213 0.986075
vn 0.009680 -0.022057 0.999710
vn 0.003466 -0.013687 0.999900
vn -0.005962 0.023539 0.999705
vn -0.009908 0.022573 0.999696
vn 0.001989 -0.023996 0.999710
vn -0.002037 0.024563 0.999696
vn -0.005962 0.023539 0.999705
vn 0.003466 -0.013687 0.999900
vn -0.066812 0.152335 0.986068
vn -0.090953 0.139232 0.986074
vn -0.013287 0.020333 0.999705
vn -0.009908 0.022573 0.999696
vn -0.112657 0.122396 0.986067
vn -0.016711 0.018137 0.999696
vn -0.013287 0.020333 0.999705
vn -0.090953 0.139232 0.986074
vn 0.016334 -0.017732 0.999709
vn 0.007727 -0.011827 0.999900
vn -0.013287 0.020333 0.999705
vn -0.016711 0.018137 0.999696
vn 0.009680 -0.022057 0.999710
vn -0.009908 0.022573 0.999696
vn -0.013287 0.020333 0.999705
vn 0.007727 -0.011827 0.999900
vn -0.112657 0.122396 0.986067
vn -0.131239 0.102165 0.986072
vn -0.019179 0.014924 0.999705
vn -0.016711 0.018137 0.999696
vn -0.146303 0.079194 0.986065
vn -0.021709 0.011733 0.999695
vn -0.019179 0.014924 0.999705
vn -0.131239 0.102165 0.986072
vn 0.021235 -0.011480 0.999709
vn 0.011158 -0.008685 0.999900
vn -0.019179 0.014924 0.999705
vn -0.021709 0.011733 0.999695
vn 0.016334 -0.017732 0.999709
vn -0.016711 0.018137 0.999696
vn -0.019179 0.014924 0.999705
vn 0.011158 -0.008685 0.999900
vn -0.146303 0.079194 0.986065
vn -0.157312 0.054024 0.986070
vn -0.023000 0.007892 0.999704
vn -0.021709 0.011733 0.999695
vn -0.164103 0.027403 0.986062
vn -0.024359 0.004050 0.999695
vn -0.023000 0.007892 0.999704
vn -0.157312 0.054024 0.986070
vn 0.023848 -0.003968 0.999708
vn 0.013390 -0.004596 0.999900
vn -0.023000 0.007892 0.999704
vn -0.024359 0.004050 0.999695
vn 0.021235 -0.011480 0.999709
vn -0.021709 0.011733 0.999695
vn -0.023000 0.007892 0.999704
vn 0.013390 -0.004596 0.999900
vn -0.164103 0.027403 0.986062
vn -0.166344 0.000019 0.986068
vn -0.024333 -0.000003 0.999704
vn -0.024359 0.004050 0.999695
vn -0.164124 -0.027369 0.986060
vn -0.024372 -0.004083 0.999695
vn -0.024333 -0.000003 0.999704
vn -0.166344 0.000019 0.986068
vn 0.023883 0.003997 0.999707
vn 0.014176 0.000001 0.999899
vn -0.024333 -0.000003 0.999704
vn -0.024372 -0.004083 0.999695
vn 0.023848 -0.003968 0.999708
vn -0.024359 0.004050 0.999695
vn -0.024333 -0.000003 0.999704
vn 0.014176 0.000001 0.999899
vn -0.164124 -0.027369 0.986060
vn -0.157351 -0.054000 0.986065
vn -0.023029 -0.007910 0.999703
vn -0.024372 -0.004083 0.999695
vn -0.146357 -0.079186 0.986057
vn -0.021742 -0.011782 0.999694
vn -0.023029 -0.007910 0.999703
vn -0.157351 -0.054000 0.986065
vn 0.021324 0.011551 0.999706
vn 0.013426 0.004610 0.999899
vn -0.023029 -0.007910 0.999703
vn -0.021742 -0.011782 0.999694
vn 0.023883 0.003997 0.999707
vn -0.024372 -0.004083 0.999695
vn -0.023029 -0.007910 0.999703
vn 0.013426 0.004610 0.999899
vn -0.146357 -0.079186 0.986057
vn -0.131301 -0.102177 0.986063
vn -0.019225 -0.014967 0.999703
vn -0.021742 -0.011782 0.999694
vn -0.112720 -0.122428 0.986055
vn -0.016751 -0.018212 0.999694
vn -0.019225 -0.014967 0.999703
vn -0.131301 -0.102177 0.986063
vn 0.016440 0.017871 0.999705
vn 0.011216 0.008730 0.999899
vn -0.019225 -0.014967 0.999703
vn -0.016751 -0.018212 0.999694
vn 0.021324 0.011551 0.999706
vn -0.021742 -0.011782 0.999694
vn -0.019225 -0.014967 0.999703
vn 0.011216 0.008730 0.999899
vn -0.112720 -0.122428 0.986055
vn -0.091012 -0.139285 0.986061
vn -0.013331 -0.020408 0.999703
vn -0.016751 -0.018212 0.999694
vn -0.066859 -0.152405 0.986054
vn -0.009938 -0.022671 0.999694
vn -0.013331 -0.020408 0.999703
vn -0.091012 -0.139285 0.986061
vn 0.009758 0.022259 0.999705
vn 0.007781 0.011910 0.999899
vn -0.013331 -0.020408 0.999703
vn -0.009938 -0.022671 0.999694
vn 0.016440 0.017871 0.999705
vn -0.016751 -0.018212 0.999694
vn -0.013331 -0.020408 0.999703
vn 0.007781 0.011910 0.999899
vn -0.066859 -0.152405 0.986054
vn -0.040851 -0.161297 0.986060
vn -0.005985 -0.023637 0.999703
vn -0.009938 -0.022671 0.999694
vn -0.013745 -0.165861 0.986053
vn -0.002043 -0.024674 0.999693
vn -0.005985 -0.023637 0.999703
vn -0.040851 -0.161297 0.986060
vn 0.002007 0.024231 0.999704
vn 0.003494 0.013798 0.999899
vn -0.005985 -0.023637 0.999703
vn -0.002043 -0.024674 0.999693
vn 0.009758 0.022259 0.999705
vn -0.009938 -0.022671 0.999694
vn -0.005985 -0.023637 0.999703
vn 0.003494 0.013798 0.999899
vn -0.013745 -0.165861 0.986053
vn 0.013742 -0.165823 0.986060
vn 0.002013 -0.024301 0.999703
vn -0.002043 -0.024674 0.999693
vn 0.040860 -0.161334 0.986054
vn 0.006074 -0.024000 0.999694
vn 0.002013 -0.024301 0.999703
vn 0.013742 -0.165823 0.986060
vn -0.005965 0.023567 0.999704
vn -0.001176 0.014187 0.999899
vn 0.002013 -0.024301 0.999703
vn 0.006074 -0.024000 0.999694
vn 0.002007 0.024231 0.999704
vn -0.002043 -0.024674 0.999693
vn 0.002013 -0.024301 0.999703
vn -0.001176 0.014187 0.999899
vn 0.040860 -0.161334 0.986054
vn 0.066844 -0.152370 0.986061
vn 0.009792 -0.022327 0.999703
vn 0.006074 -0.024000 0.999694
vn 0.091033 -0.139317 0.986055
vn 0.013529 -0.020724 0.999694
vn 0.009792 -0.022327 0.999703
vn 0.066844 -0.152370 0.986061
vn -0.013283 0.020342 0.999705
vn -0.005716 0.013032 0.999899
vn 0.009792 -0.022327 0.999703
vn 0.013529 -0.020724 0.999694
vn -0.005965 0.023567 0.999704
vn 0.006074 -0.024000 0.999694
vn 0.009792 -0.022327 0.999703
vn -0.005716 0.013032 0.999899
vn 0.091033 -0.139317 0.986055
vn 0.112694 -0.122400 0.986062
vn 0.016504 -0.017932 0.999703
vn 0.013529 -0.020724 0.999694
vn 0.131331 -0.102200 0.986056
vn 0.019513 -0.015204 0.999694
vn 0.016504 -0.017932 0.999703
vn 0.112694 -0.122400 0.986062
vn -0.019145 0.014913 0.999706
vn -0.009631 0.010462 0.999899
vn 0.016504 -0.017932 0.999703
vn 0.019513 -0.015204 0.999694
vn -0.013283 0.020342 0.999705
vn 0.013529 -0.020724 0.999694
vn 0.016504 -0.017932 0.999703
vn -0.009631 0.010462 0.999899
vn 0.131331 -0.102200 0.986056
vn 0.146323 -0.079167 0.986064
vn 0.021420 -0.011596 0.999703
vn 0.019513 -0.015204 0.999694
vn 0.157388 -0.054013 0.986059
vn 0.023377 -0.008041 0.999694
vn 0.021420 -0.011596 0.999703
vn 0.146323 -0.079167 0.986064
vn -0.022917 0.007879 0.999706
vn -0.012493 0.006761 0.999899
vn 0.021420 -0.011596 0.999703
vn 0.023377 -0.008041 0.999694
vn -0.019145 0.014913 0.999706
vn 0.019513 -0.015204 0.999694
vn 0.021420 -0.011596 0.999703
vn -0.012493 0.006761 0.999899
vn 0.157388 -0.054013 0.986059
vn 0.164086 -0.027363 0.986066
vn 0.024009 -0.004010 0.999704
vn 0.023377 -0.008041 0.999694
vn 0.166383 0.000019 0.986061
vn 0.024703 -0.000016 0.999695
vn 0.024009 -0.004010 0.999704
vn 0.164086 -0.027363 0.986066
vn -0.024196 0.000012 0.999707
vn -0.013993 0.002335 0.999899
vn 0.024009 -0.004010 0.999704
vn 0.024703 -0.000016 0.999695
vn -0.022917 0.007879 0.999706
vn 0.023377 -0.008041 0.999694
vn 0.024009 -0.004010 0.999704
vn -0.013993 0.002335 0.999899
vn -0.022852 -0.007833 0.999708
vn -0.012443 -0.006733 0.999900
vn 0.000000 0.000023 1.000000
vn -0.013973 -0.002331 0.999900
vn -0.019042 -0.014810 0.999709
vn -0.009572 -0.010398 0.999900
vn 0.000000 0.000023 1.000000
vn -0.012443 -0.006733 0.999900
vn -0.013185 -0.020170 0.999710
vn -0.005673 -0.012933 0.999900
vn 0.000000 0.000023 1.000000
vn -0.009572 -0.010398 0.999900
vn -0.005914 -0.023344 0.999710
vn -0.001166 -0.014069 0.999900
vn 0.000000 0.000023 1.000000
vn -0.005673 -0.012933 0.999900
vn 0.001989 -0.023996 0.999710
vn 0.003466 -0.013687 0.999900
vn 0.000000 0.000023 1.000000
vn -0.001166 -0.014069 0.999900
vn 0.009680 -0.022057 0.999710
vn 0.007727 -0.011827 0.999900
vn 0.000000 0.000023 1.000000
vn 0.003466 -0.013687 0.999900
vn 0.016334 -0.017732 0.999709
vn 0.011158 -0.008685 0.999900
vn 0.000000 0.000023 1.000000
vn 0.007727 -0.011827 0.999900
vn 0.021235 -0.011480 0.999709
vn 0.013390 -0.004596 0.999900
vn 0.000000 0.000023 1.000000
vn 0.011158 -0.008685 0.999900
vn 0.023848 -0.003968 0.999708
vn 0.014176 0.000001 0.999899
vn 0.000000 0.000023 1.000000
vn 0.013390 -0.004596 0.999900
vn 0.023883 0.003997 0.999707
vn 0.013426 0.004610 0.999899
vn 0.000000 0.000023 1.000000
vn 0.014176 0.000001 0.999899
vn 0.021324 0.011551 0.999706
vn 0.011216 0.008730 0.999899
vn 0.000000 0.000023 1.000000
vn 0.013426 0.004610 0.999899
vn 0.016440 0.017871 0.999705
vn 0.007781 0.011910 0.999899
vn 0.000000 0.000023 1.000000
vn 0.011216 0.008730 0.999899
vn 0.009758 0.022259 0.999705
vn 0.003494 0.013798 0.999899
vn 0.000000 0.000023 1.000000
vn 0.007781 0.011910 0.999899
vn 0.002007 0.024231 0.999704
vn -0.001176 0.014187 0.999899
vn 0.000000 0.000023 1.000000
vn 0.003494 0.013798 0.999899
vn -0.005965 0.023567 0.999704
vn -0.005716 0.013032 0.999899
vn 0.000000 0.000023 1.000000
vn -0.001176 0.014187 0.999899
vn -0.013283 0.020342 0.999705
vn -0.009631 0.010462 0.999899
vn 0.000000 0.000023 1.000000
vn -0.005716 0.013032 0.999899
vn -0.019145 0.014913 0.999706
vn -0.012493 0.006761 0.999899
vn 0.000000 0.000023 1.000000
vn -0.009631 0.010462 0.999899
vn -0.022917 0.007879 0.999706
vn -0.013993 0.002335 0.999899
vn 0.000000 0.000023 1.000000
vn -0.012493 0.006761 0.999899
vn -0.024196 0.000012 0.999707
vn -0.013973 -0.002331 0.999900
vn 0.000000 0.000023 1.000000
vn -0.013993 0.002335 0.999899
vn 0.778935 0.267409 0.567232
vn 0.179298 0.061553 0.981867
vn 0.186933 0.031194 0.981877
vn 0.812338 0.135555 0.567214
vn 0.044841 0.015394 0.998875
vn 0.046748 0.007801 0.998876
vn 0.186933 0.031194 0.981877
vn 0.179298 0.061553 0.981867
vn 0.047409 -0.000000 0.998876
vn 0.189570 0.000000 0.981867
vn 0.186933 0.031194 0.981877
vn 0.046748 0.007801 0.998876
vn 0.823558 0.000000 0.567232
vn 0.812338 0.135555 0.567214
vn 0.186933 0.031194 0.981877
vn 0.189570 0.000000 0.981867
vn 0.649903 0.505840 0.567232
vn 0.149597 0.116436 0.981867
vn 0.166676 0.090200 0.981877
vn 0.724309 0.391976 0.567214
vn 0.037413 0.029119 0.998875
vn 0.041682 0.022557 0.998876
vn 0.166676 0.090200 0.981877
vn 0.149597 0.116436 0.981867
vn 0.044841 0.015394 0.998875
vn 0.179298 0.061553 0.981867
vn 0.166676 0.090200 0.981877
vn 0.041682 0.022557 0.998876
vn 0.778935 0.267409 0.567232
vn 0.724309 0.391976 0.567214
vn 0.166676 0.090200 0.981877
vn 0.179298 0.061553 0.981867
vn 0.450444 0.689456 0.567231
vn 0.103685 0.158702 0.981867
vn 0.128357 0.139433 0.981877
vn 0.557789 0.605920 0.567214
vn 0.025931 0.039690 0.998875
vn 0.032099 0.034869 0.998876
vn 0.128357 0.139433 0.981877
vn 0.103685 0.158702 0.981867
vn 0.037413 0.029119 0.998875
vn 0.149597 0.116436 0.981867
vn 0.128357 0.139433 0.981877
vn 0.032099 0.034869 0.998876
vn 0.649903 0.505840 0.567232
vn 0.557789 0.605920 0.567214
vn 0.128357 0.139433 0.981877
vn 0.149597 0.116436 0.981867
vn 0.202172 0.798358 0.567232
vn 0.046537 0.183769 0.981867
vn 0.076128 0.173555 0.981877
vn 0.330825 0.754204 0.567214
vn 0.011638 0.045959 0.998875
vn 0.019038 0.043403 0.998876
vn 0.076128 0.173555 0.981877
vn 0.046537 0.183769 0.981867
vn 0.025931 0.039690 0.998875
vn 0.103685 0.158702 0.981867
vn 0.076128 0.173555 0.981877
vn 0.019038 0.043403 0.998876
vn 0.450444 0.689456 0.567231
vn 0.330825 0.754204 0.567214
vn 0.076128 0.173555 0.981877
vn 0.103685 0.158702 0.981867
vn -0.068009 0.820745 0.567232
vn -0.015655 0.188922 0.981867
vn 0.015650 0.188870 0.981877
vn 0.068010 0.820757 0.567214
vn -0.003915 0.047247 0.998876
vn 0.003914 0.047232 0.998876
vn 0.015650 0.188870 0.981877
vn -0.015655 0.188922 0.981867
vn 0.011638 0.045959 0.998875
vn 0.046537 0.183769 0.981867
vn 0.015650 0.188870 0.981877
vn 0.003914 0.047232 0.998876
vn 0.202172 0.798358 0.567232
vn 0.068010 0.820757 0.567214
vn 0.015650 0.188870 0.981877
vn 0.046537 0.183769 0.981867
vn -0.330820 0.754193 0.567232
vn -0.076149 0.173603 0.981867
vn -0.046524 0.183719 0.981877
vn -0.202175 0.798369 0.567214
vn -0.019044 0.043416 0.998876
vn -0.011635 0.045944 0.998876
vn -0.046524 0.183719 0.981877
vn -0.076149 0.173603 0.981867
vn -0.003915 0.047247 0.998876
vn -0.015655 0.188922 0.981867
vn -0.046524 0.183719 0.981877
vn -0.011635 0.045944 0.998876
vn -0.068009 0.820745 0.567232
vn -0.202175 0.798369 0.567214
vn -0.046524 0.183719 0.981877
vn -0.015655 0.188922 0.981867
vn -0.557781 0.605911 0.567232
vn -0.128392 0.139471 0.981867
vn -0.103657 0.158658 0.981877
vn -0.450450 0.689466 0.567214
vn -0.032110 0.034880 0.998875
vn -0.025922 0.039677 0.998876
vn -0.103657 0.158658 0.981877
vn -0.128392 0.139471 0.981867
vn -0.019044 0.043416 0.998876
vn -0.076149 0.173603 0.981867
vn -0.103657 0.158658 0.981877
vn -0.025922 0.039677 0.998876
vn -0.330820 0.754193 0.567232
vn -0.450450 0.689466 0.567214
vn -0.103657 0.158658 0.981877
vn -0.076149 0.173603 0.981867
vn -0.724298 0.391970 0.567232
vn -0.166722 0.090225 0.981867
vn -0.149556 0.116404 0.981877
vn -0.649913 0.505847 0.567214
vn -0.041695 0.022564 0.998876
vn -0.037401 0.029110 0.998876
vn -0.149556 0.116404 0.981877
vn -0.166722 0.090225 0.981867
vn -0.032110 0.034880 0.998875
vn -0.128392 0.139471 0.981867
vn -0.149556 0.116404 0.981877
vn -0.037401 0.029110 0.998876
vn -0.557781 0.605911 0.567232
vn -0.649913 0.505847 0.567214
vn -0.149556 0.116404 0.981877
vn -0.128392 0.139471 0.981867
vn -0.812326 0.135553 0.567232
vn -0.186984 0.031202 0.981867
vn -0.179249 0.061536 0.981877
vn -0.778947 0.267413 0.567214
vn -0.046763 0.007803 0.998875
vn -0.044826 0.015389 0.998876
vn -0.179249 0.061536 0.981877
vn -0.186984 0.031202 0.981867
vn -0.041695 0.022564 0.998876
vn -0.166722 0.090225 0.981867
vn -0.179249 0.061536 0.981877
vn -0.044826 0.015389 0.998876
vn -0.724298 0.391970 0.567232
vn -0.778947 0.267413 0.567214
vn -0.179249 0.061536 0.981877
vn -0.166722 0.090225 0.981867
vn -0.812326 -0.135553 0.567231
vn -0.186985 -0.031202 0.981867
vn -0.189518 0.000000 0.981877
vn -0.823571 0.000000 0.567214
vn -0.046763 -0.007803 0.998875
vn -0.047394 0.000000 0.998876
vn -0.189518 0.000000 0.981877
vn -0.186985 -0.031202 0.981867
vn -0.046763 0.007803 0.998875
vn -0.186984 0.031202 0.981867
vn -0.189518 0.000000 0.981877
vn -0.047394 0.000000 0.998876
vn -0.812326 0.135553 0.567232
vn -0.823571 0.000000 0.567214
vn -0.189518 0.000000 0.981877
vn -0.186984 0.031202 0.981867
vn -0.724298 -0.391971 0.567231
vn -0.166722 -0.090225 0.981867
vn -0.179249 -0.061536 0.981877
vn -0.778948 -0.267413 0.567213
vn -0.041695 -0.022564 0.998876
vn -0.044826 -0.015389 0.998876
vn -0.179249 -0.061536 0.981877
vn -0.166722 -0.090225 0.981867
vn -0.046763 -0.007803 0.998875
vn -0.186985 -0.031202 0.981867
vn -0.179249 -0.061536 0.981877
vn -0.044826 -0.015389 0.998876
vn -0.812326 -0.135553 0.567231
vn -0.778948 -0.267413 0.567213
vn -0.179249 -0.061536 0.981877
vn -0.186985 -0.031202 0.981867
vn -0.557781 -0.605912 0.567231
vn -0.128392 -0.139471 0.981867
vn -0.149556 -0.116404 0.981877
vn -0.649913 -0.505848 0.567213
vn -0.032110 -0.034880 0.998875
vn -0.037401 -0.029110 0.998876
vn -0.149556 -0.116404 0.981877
vn -0.128392 -0.139471 0.981867
vn -0.041695 -0.022564 0.998876
vn -0.166722 -0.090225 0.981867
vn -0.149556 -0.116404 0.981877
vn -0.037401 -0.029110 0.998876
vn -0.724298 -0.391971 0.567231
vn -0.649913 -0.505848 0.567213
vn -0.149556 -0.116404 0.981877
vn -0.166722 -0.090225 0.981867
vn -0.330819 -0.754193 0.567232
vn -0.076149 -0.173603 0.981867
vn -0.103656 -0.158658 0.981877
vn -0.450450 -0.689466 0.567214
vn -0.019044 -0.043416 0.998876
vn -0.025922 -0.039677 0.998876
vn -0.103656 -0.158658 0.981877
vn -0.076149 -0.173603 0.981867
vn -0.032110 -0.034880 0.998875
vn -0.128392 -0.139471 0.981867
vn -0.103656 -0.158658 0.981877
vn -0.025922 -0.039677 0.998876
vn -0.557781 -0.605912 0.567231
vn -0.450450 -0.689466 0.567214
vn -0.103656 -0.158658 0.981877
vn -0.128392 -0.139471 0.981867
vn -0.068009 -0.820746 0.567231
vn -0.015655 -0.188923 0.981867
vn -0.046524 -0.183719 0.981877
vn -0.202174 -0.798369 0.567214
vn -0.003915 -0.047248 0.998875
vn -0.011635 -0.045944 0.998876
vn -0.046524 -0.183719 0.981877
vn -0.015655 -0.188923 0.981867
vn -0.019044 -0.043416 0.998876
vn -0.076149 -0.173603 0.981867
vn -0.046524 -0.183719 0.981877
vn -0.011635 -0.045944 0.998876
vn -0.330819 -0.754193 0.567232
vn -0.202174 -0.798369 0.567214
vn -0.046524 -0.183719 0.981877
vn -0.076149 -0.173603 0.981867
vn 0.202172 -0.798358 0.567231
vn 0.046537 -0.183769 0.981867
vn 0.015650 -0.188871 0.981877
vn 0.068010 -0.820758 0.567213
vn 0.011638 -0.045959 0.998875
vn 0.003914 -0.047233 0.998876
vn 0.015650 -0.188871 0.981877
vn 0.046537 -0.183769 0.981867
vn -0.003915 -0.047248 0.998875
vn -0.015655 -0.188923 0.981867
vn 0.015650 -0.188871 0.981877
vn 0.003914 -0.047233 0.998876
vn -0.068009 -0.820746 0.567231
vn 0.068010 -0.820758 0.567213
vn 0.015650 -0.188871 0.981877
vn -0.015655 -0.188923 0.981867
vn 0.450445 -0.689455 0.567231
vn 0.103685 -0.158702 0.981867
vn 0.076129 -0.173556 0.981877
vn 0.330825 -0.754204 0.567213
vn 0.025931 -0.039690 0.998875
vn 0.019038 -0.043403 0.998876
vn 0.076129 -0.173556 0.981877
vn 0.103685 -0.158702 0.981867
vn 0.011638 -0.045959 0.998875
vn 0.046537 -0.183769 0.981867
vn 0.076129 -0.173556 0.981877
vn 0.019038 -0.043403 0.998876
vn 0.202172 -0.798358 0.567231
vn 0.330825 -0.754204 0.567213
vn 0.076129 -0.173556 0.981877
vn 0.046537 -0.183769 0.981867
vn 0.649904 -0.505840 0.567231
vn 0.149597 -0.116436 0.981867
vn 0.128357 -0.139433 0.981877
vn 0.557790 -0.605920 0.567213
vn 0.037413 -0.029119 0.998875
vn 0.032099 -0.034869 0.998876
vn 0.128357 -0.139433 0.981877
vn 0.149597 -0.116436 0.981867
vn 0.025931 -0.039690 0.998875
vn 0.103685 -0.158702 0.981867
vn 0.128357 -0.139433 0.981877
vn 0.032099 -0.034869 0.998876
vn 0.450445 -0.689455 0.567231
vn 0.557790 -0.605920 0.567213
vn 0.128357 -0.139433 0.981877
vn 0.103685 -0.158702 0.981867
vn 0.778936 -0.267408 0.567231
vn 0.179299 -0.061553 0.981867
vn 0.166676 -0.090200 0.981877
vn 0.724309 -0.391976 0.567214
vn 0.044841 -0.015394 0.998875
vn 0.041682 -0.022557 0.998876
vn 0.166676 -0.090200 0.981877
vn 0.179299 -0.061553 0.981867
vn 0.037413 -0.029119 0.998875
vn 0.149597 -0.116436 0.981867
vn 0.166676 -0.090200 0.981877
vn 0.041682 -0.022557 0.998876
vn 0.649904 -0.505840 0.567231
vn 0.724309 -0.391976 0.567214
vn 0.166676 -0.090200 0.981877
vn 0.149597 -0.116436 0.981867
vn 0.823558 0.000000 0.567232
vn 0.189570 0.000000 0.981867
vn 0.186933 -0.031194 0.981877
vn 0.812338 -0.135555 0.567214
vn 0.047409 -0.000000 0.998876
vn 0.046748 -0.007801 0.998876
vn 0.186933 -0.031194 0.981877
vn 0.189570 0.000000 0.981867
vn 0.044841 -0.015394 0.998875
vn 0.179299 -0.061553 0.981867
vn 0.186933 -0.031194 0.981877
vn 0.046748 -0.007801 0.998876
vn 0.778936 -0.267408 0.567231
vn 0.812338 -0.135555 0.567214
vn 0.186933 -0.031194 0.981877
vn 0.179299 -0.061553 0.981867
vn 0.945817 0.324700 0.000000
vn 0.986361 0.164595 0.000000
vn 0.986361 0.164595 0.000000
vn 0.945817 0.324700 0.000000
vn 1.000000 0.000000 0.000000
vn 1.000000 0.000001 0.000000
vn 0.986361 0.164595 0.000000
vn 0.986361 0.164595 0.000000
vn 1.000000 0.000001 0.000000
vn 0.986361 0.164595 0.000000
vn 0.986361 0.164595 0.000000
vn 1.000000 0.000001 0.000000
vn 0.945817 0.324700 0.000000
vn 0.945817 0.324700 0.000000
vn 0.986361 0.164595 0.000000
vn 0.986361 0.164595 0.000000
vn 0.789141 0.614213 0.000000
vn 0.879474 0.475947 0.000000
vn 0.879474 0.475947 0.000000
vn 0.789141 0.614213 0.000000
vn 0.945817 0.324700 0.000000
vn 0.945817 0.324700 0.000000
vn 0.879474 0.475947 0.000000
vn 0.879474 0.475947 0.000000
vn 0.945817 0.324700 0.000000
vn 0.879474 0.475947 0.000000
vn 0.879474 0.475947 0.000000
vn 0.945817 0.324700 0.000000
vn 0.789141 0.614213 0.000000
vn 0.789141 0.614213 0.000000
vn 0.879474 0.475947 0.000000
vn 0.879474 0.475947 0.000000
vn 0.546948 0.837166 0.000000
vn 0.677282 0.735724 0.000000
vn 0.677282 0.735724 0.000000
vn 0.546948 0.837166 0.000000
vn 0.789141 0.614213 0.000000
vn 0.789141 0.614213 0.000000
vn 0.677282 0.735724 0.000000
vn 0.677282 0.735724 0.000000
vn 0.789141 0.614213 0.000000
vn 0.677282 0.735724 0.000000
vn 0.677282 0.735724 0.000000
vn 0.789141 0.614213 0.000000
vn 0.546948 0.837166 0.000000
vn 0.546948 0.837166 0.000000
vn 0.677282 0.735724 0.000000
vn 0.677282 0.735724 0.000000
vn 0.245485 0.969400 0.000000
vn 0.401695 0.915774 0.000000
vn 0.401695 0.915774 0.000000
vn 0.245485 0.969400 -0.000001
vn 0.546948 0.837166 0.000000
vn 0.546948 0.837166 0.000000
vn 0.401695 0.915774 0.000000
vn 0.401695 0.915774 0.000000
vn 0.546948 0.837166 0.000000
vn 0.426114 0.904670 0.000000
vn 0.401695 0.915774 0.000000
vn 0.546948 0.837166 0.000000
vn 0.305817 0.952090 -0.000001
vn 0.245485 0.969400 -0.000001
vn 0.401695 0.915774 0.000000
vn 0.426114 0.904670 0.000000
vn -0.082579 0.996585 -0.000000
vn 0.082579 0.996585 0.000000
vn 0.082579 0.996585 0.000000
vn -0.082579 0.996585 -0.000000
vn 0.245485 0.969400 0.000000
vn 0.245485 0.969400 -0.000001
vn 0.082579 0.996585 0.000000
vn 0.082579 0.996585 0.000000
vn 0.305817 0.952090 -0.000001
vn 0.140685 0.990054 -0.000001
vn 0.082579 0.996585 0.000000
vn 0.245485 0.969400 -0.000001
vn -0.082579 0.996585 -0.000000
vn -0.082579 0.996585 -0.000000
vn 0.082579 0.996585 0.000000
vn 0.140685 0.990054 -0.000001
vn -0.401696 0.915773 0.000000
vn -0.245486 0.969400 -0.000000
vn -0.245486 0.969400 -0.000000
vn -0.401696 0.915773 -0.000000
vn -0.082579 0.996585 -0.000000
vn -0.082579 0.996585 -0.000000
vn -0.245486 0.969400 -0.000000
vn -0.245486 0.969400 -0.000000
vn -0.082579 0.996585 -0.000000
vn -0.301724 0.953395 -0.000000
vn -0.245486 0.969400 -0.000000
vn -0.082579 0.996585 -0.000000
vn -0.458355 0.888769 -0.000000
vn -0.401696 0.915773 -0.000000
vn -0.245486 0.969400 -0.000000
vn -0.301724 0.953395 -0.000000
vn -0.677281 0.735724 0.000000
vn -0.546948 0.837167 0.000000
vn -0.546948 0.837167 0.000000
vn -0.677281 0.735724 -0.000000
vn -0.401696 0.915773 0.000000
vn -0.401696 0.915773 -0.000000
vn -0.546948 0.837167 0.000000
vn -0.546948 0.837167 0.000000
vn -0.458355 0.888769 -0.000000
vn -0.569206 0.822195 -0.000000
vn -0.546948 0.837167 0.000000
vn -0.401696 0.915773 -0.000000
vn -0.677282 0.735724 -0.000000
vn -0.677281 0.735724 -0.000000
vn -0.546948 0.837167 0.000000
vn -0.569206 0.822195 -0.000000
vn -0.879474 0.475947 -0.000000
vn -0.789141 0.614213 -0.000000
vn -0.789141 0.614213 -0.000000
vn -0.879474 0.475947 0.000000
vn -0.677281 0.735724 0.000000
vn -0.677281 0.735724 -0.000000
vn -0.789141 0.614213 -0.000000
vn -0.789141 0.614213 -0.000000
vn -0.677282 0.735724 -0.000000
vn -0.789141 0.614213 -0.000000
vn -0.789141 0.614213 -0.000000
vn -0.677281 0.735724 -0.000000
vn -0.879474 0.475947 -0.000000
vn -0.879474 0.475947 0.000000
vn -0.789141 0.614213 -0.000000
vn -0.789141 0.614213 -0.000000
vn -0.986361 0.164595 -0.000000
vn -0.945817 0.324700 -0.000000
vn -0.945817 0.324700 0.000000
vn -0.986361 0.164595 0.000000
vn -0.879474 0.475947 -0.000000
vn -0.879474 0.475947 0.000000
vn -0.945817 0.324700 0.000000
vn -0.945817 0.324700 -0.000000
vn -0.879474 0.475947 -0.000000
vn -0.945817 0.324700 -0.000000
vn -0.945817 0.324700 0.000000
vn -0.879474 0.475947 0.000000
vn -0.986361 0.164595 -0.000000
vn -0.986361 0.164595 0.000000
vn -0.945817 0.324700 0.000000
vn -0.945817 0.324700 -0.000000
vn -0.986361 -0.164595 0.000000
vn -1.000000 0.000000 0.000000
vn -1.000000 0.000000 0.000000
vn -0.986361 -0.164595 0.000000
vn -0.986361 0.164595 -0.000000
vn -0.986361 0.164595 0.000000
vn -1.000000 0.000000 0.000000
vn -1.000000 0.000000 0.000000
vn -0.986361 0.164595 -0.000000
vn -1.000000 0.000000 0.000000
vn -1.000000 0.000000 0.000000
vn -0.986361 0.164595 0.000000
vn -0.986361 -0.164595 0.000000
vn -0.986361 -0.164595 0.000000
vn -1.000000 0.000000 0.000000
vn -1.000000 0.000000 0.000000
vn -0.879474 -0.475947 0.000000
vn -0.945817 -0.324700 0.000000
vn -0.945817 -0.324700 0.000000
vn -0.879474 -0.475947 0.000000
vn -0.986361 -0.164595 0.000000
vn -0.986361 -0.164595 0.000000
vn -0.945817 -0.324700 0.000000
vn -0.945817 -0.324700 0.000000
vn -0.986361 -0.164595 0.000000
vn -0.945817 -0.324700 0.000000
vn -0.945817 -0.324700 0.000000
vn -0.986361 -0.164595 0.000000
vn -0.879474 -0.475947 0.000000
vn -0.879474 -0.475947 0.000000
vn -0.945817 -0.324700 0.000000
vn -0.945817 -0.324700 0.000000
vn -0.677282 -0.735724 0.000000
vn -0.789141 -0.614213 0.000000
vn -0.789141 -0.614213 0.000000
vn -0.677282 -0.735724 0.000000
vn -0.879474 -0.475947 0.000000
vn -0.879474 -0.475947 0.000000
vn -0.789141 -0.614213 0.000000
vn -0.789141 -0.614213 0.000000
vn -0.879474 -0.475947 0.000000
vn -0.789141 -0.614213 0.000000
vn -0.789141 -0.614213 0.000000
vn -0.879474 -0.475947 0.000000
vn -0.677282 -0.735724 0.000000
vn -0.677282 -0.735724 0.000000
vn -0.789141 -0.614213 0.000000
vn -0.789141 -0.614213 0.000000
vn -0.401695 -0.915774 0.000000
vn -0.546948 -0.837167 0.000000
vn -0.546948 -0.837166 0.000000
vn -0.401695 -0.915774 0.000000
vn -0.677282 -0.735724 0.000000
vn -0.677282 -0.735724 0.000000
vn -0.546948 -0.837166 0.000000
vn -0.546948 -0.837167 0.000000
vn -0.677282 -0.735724 0.000000
vn -0.546948 -0.837167 0.000000
vn -0.546948 -0.837166 0.000000
vn -0.677282 -0.735724 0.000000
vn -0.401695 -0.915774 0.000001
vn -0.401695 -0.915774 0.000000
vn -0.546948 -0.837166 0.000000
vn -0.546948 -0.837167 0.000000
vn -0.082579 -0.996585 0.000000
vn -0.245485 -0.969400 0.000000
vn -0.245485 -0.969400 0.000000
vn -0.082579 -0.996585 0.000000
vn -0.401695 -0.915774 0.000000
vn -0.401695 -0.915774 0.000000
vn -0.245485 -0.969400 0.000000
vn -0.245485 -0.969400 0.000000
vn -0.401695 -0.915774 0.000001
vn -0.245485 -0.969400 0.000000
vn -0.245485 -0.969400 0.000000
vn -0.401695 -0.915774 0.000000
vn -0.082579 -0.996585 0.000000
vn -0.082579 -0.996585 0.000000
vn -0.245485 -0.969400 0.000000
vn -0.245485 -0.969400 0.000000
vn 0.245486 -0.969400 0.000000
vn 0.082580 -0.996584 0.000000
vn 0.082580 -0.996584 0.000000
vn 0.245486 -0.969400 0.000000
vn -0.082579 -0.996585 0.000000
vn -0.082579 -0.996585 0.000000
vn 0.082580 -0.996584 0.000000
vn 0.082580 -0.996584 0.000000
vn -0.082579 -0.996585 0.000000
vn 0.082580 -0.996584 0.000000
vn 0.082580 -0.996584 0.000000
vn -0.082579 -0.996585 0.000000
vn 0.245486 -0.969400 0.000000
vn 0.245486 -0.969400 0.000000
vn 0.082580 -0.996584 0.000000
vn 0.082580 -0.996584 0.000000
vn 0.546949 -0.837166 0.000000
vn 0.401696 -0.915773 0.000000
vn 0.401696 -0.915773 0.000000
vn 0.546949 -0.837166 0.000000
vn 0.245486 -0.969400 0.000000
vn 0.245486 -0.969400 0.000000
vn 0.401696 -0.915773 0.000000
vn 0.401696 -0.915773 0.000000
vn 0.245486 -0.969400 0.000000
vn 0.401696 -0.915773 0.000000
vn 0.401696 -0.915773 0.000000
vn 0.245486 -0.969400 0.000000
vn 0.546949 -0.837166 0.000000
vn 0.546949 -0.837166 0.000000
vn 0.401696 -0.915773 0.000000
vn 0.401696 -0.915773 0.000000
vn 0.789141 -0.614212 0.000000
vn 0.677282 -0.735723 0.000000
vn 0.677282 -0.735723 0.000000
vn 0.789141 -0.614212 0.000000
vn 0.546949 -0.837166 0.000000
vn 0.546949 -0.837166 0.000000
vn 0.677282 -0.735723 0.000000
vn 0.677282 -0.735723 0.000000
vn 0.546949 -0.837166 0.000000
vn 0.677282 -0.735723 0.000000
vn 0.677282 -0.735723 0.000000
vn 0.546949 -0.837166 0.000000
vn 0.789141 -0.614212 0.000000
vn 0.789141 -0.614212 0.000000
vn 0.677282 -0.735723 0.000000
vn 0.677282 -0.735723 0.000000
vn 0.945817 -0.324699 0.000000
vn 0.879474 -0.475947 0.000000
vn 0.879474 -0.475947 0.000000
vn 0.945817 -0.324699 0.000000
vn 0.789141 -0.614212 0.000000
vn 0.789141 -0.614212 0.000000
vn 0.879474 -0.475947 0.000000
vn 0.879474 -0.475947 0.000000
vn 0.789141 -0.614212 0.000000
vn 0.879474 -0.475947 0.000000
vn 0.879474 -0.475947 0.000000
vn 0.789141 -0.614212 0.000000
vn 0.945817 -0.324699 0.000000
vn 0.945817 -0.324699 0.000000
vn 0.879474 -0.475947 0.000000
vn 0.879474 -0.475947 0.000000
vn 1.000000 0.000000 0.000000
vn 0.986361 -0.164594 0.000000
vn 0.986361 -0.164594 0.000000
vn 1.000000 0.000001 0.000000
vn 0.945817 -0.324699 0.000000
vn 0.945817 -0.324699 0.000000
vn 0.986361 -0.164594 0.000000
vn 0.986361 -0.164594 0.000000
vn 0.945817 -0.324699 0.000000
vn 0.986361 -0.164594 0.000000
vn 0.986361 -0.164594 0.000000
vn 0.945817 -0.324699 0.000000
vn 1.000000 0.000001 0.000000
vn 1.000000 0.000001 0.000000
vn 0.986361 -0.164594 0.000000
vn 0.986361 -0.164594 0.000000
s off
g Poke:Cylinder001
usemtl Poke:phong2SG
f 1/1/1 401/2/2 210/3/3 404/4/4
f 2/5/5 402/6/6 210/3/7 401/2/8
f 21/7/9 403/8/10 210/3/11 402/6/12
f 20/9/13 404/4/14 210/3/15 403/8/16
f 2/5/17 405/10/18 211/11/19 402/6/20
f 3/12/21 406/13/22 211/11/23 405/10/24
f 22/14/25 407/15/26 211/11/27 406/13/28
f 21/7/29 402/6/30 211/11/31 407/15/32
f 3/12/33 408/16/34 212/17/35 406/13/36
f 4/18/37 409/19/38 212/17/39 408/16/40
f 23/20/41 410/21/42 212/17/43 409/19/44
f 22/14/45 406/13/46 212/17/47 410/21/48
f 4/18/49 411/22/50 213/23/51 409/19/52
f 5/24/53 412/25/54 213/23/55 411/22/56
f 24/26/57 413/27/58 213/23/59 412/25/60
f 23/20/61 409/19/62 213/23/63 413/27/64
f 5/24/65 414/28/66 214/29/67 412/25/68
f 6/30/69 415/31/70 214/29/71 414/28/72
f 25/32/73 416/33/74 214/29/75 415/31/76
f 24/26/77 412/25/78 214/29/79 416/33/80
f 6/34/81 417/35/82 215/36/83 415/37/84
f 7/38/85 418/39/86 215/36/87 417/35/88
f 26/40/89 419/41/90 215/36/91 418/39/92
f 25/42/93 415/37/94 215/36/95 419/41/96
f 7/38/97 420/43/98 216/44/99 418/39/100
f 8/45/101 421/46/102 216/44/103 420/43/104
f 27/47/105 422/48/106 216/44/107 421/46/108
f 26/40/109 418/39/110 216/44/111 422/48/112
f 8/45/113 423/49/114 217/50/115 421/46/116
f 9/51/117 424/52/118 217/50/119 423/49/120
f 28/53/121 425/54/122 217/50/123 424/52/124
f 27/47/125 421/46/126 217/50/127 425/54/128
f 9/51/129 426/55/130 218/56/131 424/52/132
f 10/57/133 427/58/134 218/56/135 426/55/136
f 29/59/137 428/60/138 218/56/139 427/58/140
f 28/53/141 424/52/142 218/56/143 428/60/144
f 10/57/145 429/61/146 219/62/147 427/58/148
f 11/63/149 430/64/150 219/62/151 429/61/152
f 30/65/153 431/66/154 219/62/155 430/64/156
f 29/59/157 427/58/158 219/62/159 431/66/160
f 11/63/161 432/67/162 220/68/163 430/64/164
f 12/69/165 433/70/166 220/68/167 432/67/168
f 31/71/169 434/72/170 220/68/171 433/70/172
f 30/65/173 430/64/174 220/68/175 434/72/176
f 12/69/177 435/73/178 221/74/179 433/70/180
f 13/75/181 436/76/182 221/74/183 435/73/184
f 32/77/185 437/78/186 221/74/187 436/76/188
f 31/71/189 433/70/190 221/74/191 437/78/192
f 13/75/193 438/79/194 222/80/195 436/76/196
f 14/81/197 439/82/198 222/80/199 438/79/200
f 33/83/201 440/84/202 222/80/203 439/82/204
f 32/77/205 436/76/206 222/80/207 440/84/208
f 14/81/209 441/85/210 223/86/211 439/82/212
f 15/87/213 442/88/214 223/86/215 441/85/216
f 34/89/217 443/90/218 223/86/219 442/88/220
f 33/83/221 439/82/222 223/86/223 443/90/224
f 15/87/225 444/91/226 224/92/227 442/88/228
f 16/93/229 445/94/230 224/92/231 444/91/232
f 35/95/233 446/96/234 224/92/235 445/94/236
f 34/89/237 442/88/238 224/92/239 446/96/240
f 16/93/241 447/97/242 225/98/243 445/94/244
f 17/99/245 448/100/246 225/98/247 447/97/248
f 36/101/249 449/102/250 225/98/251 448/100/252
f 35/95/253 445/94/254 225/98/255 449/102/256
f 17/99/257 450/103/258 226/104/259 448/100/260
f 18/105/261 451/106/262 226/104/263 450/103/264
f 37/107/265 452/108/266 226/104/267 451/106/268
f 36/101/269 448/100/270 226/104/271 452/108/272
f 18/105/273 453/109/274 227/110/275 451/106/276
f 19/111/277 454/112/278 227/110/279 453/109/280
f 38/113/281 455/114/282 227/110/283 454/112/284
f 37/107/285 451/106/286 227/110/287 455/114/288
f 19/111/289 456/115/290 228/116/291 454/112/292
f 1/1/293 404/4/294 228/116/295 456/115/296
f 20/9/297 457/117/298 228/116/299 404/4/300
f 38/113/301 454/112/302 228/116/303 457/117/304
f 172/118/305 743/119/306 229/120/307 458/121/308
f 173/122/309 459/123/310 229/120/311 743/119/312
f 40/124/313 477/125/314 229/120/315 459/123/316
f 39/126/317 458/121/318 229/120/319 477/125/320
f 173/122/321 744/127/322 230/128/323 459/123/324
f 174/129/325 460/130/326 230/128/327 744/127/328
f 41/131/329 478/132/330 230/128/331 460/130/332
f 40/124/333 459/123/334 230/128/335 478/132/336
f 174/129/337 745/133/338 231/134/339 460/130/340
f 175/135/341 461/136/342 231/134/343 745/133/344
f 42/137/345 479/138/346 231/134/347 461/136/348
f 41/131/349 460/130/350 231/134/351 479/138/352
f 175/135/353 746/139/354 232/140/355 461/136/356
f 176/141/357 462/142/358 232/140/359 746/139/360
f 43/143/361 480/144/362 232/140/363 462/142/364
f 42/137/365 461/136/366 232/140/367 480/144/368
f 176/141/369 747/145/370 233/146/371 462/142/372
f 177/147/373 463/148/374 233/146/375 747/145/376
f 44/149/377 481/150/378 233/146/379 463/148/380
f 43/143/381 462/142/382 233/146/383 481/150/384
f 177/151/385 748/152/386 234/153/387 463/154/388
f 178/155/389 464/156/390 234/153/391 748/152/392
f 45/157/393 482/158/394 234/153/395 464/156/396
f 44/159/397 463/154/398 234/153/399 482/158/400
f 178/155/401 749/160/402 235/161/403 464/156/404
f 179/162/405 465/163/406 235/161/407 749/160/408
f 46/164/409 483/165/410 235/161/411 465/163/412
f 45/157/413 464/156/414 235/161/415 483/165/416
f 179/162/417 750/166/418 236/167/419 465/163/420
f 180/168/421 466/169/422 236/167/423 750/166/424
f 47/170/425 484/171/426 236/167/427 466/169/428
f 46/164/429 465/163/430 236/167/431 484/171/432
f 180/168/433 751/172/434 237/173/435 466/169/436
f 181/174/437 467/175/438 237/173/439 751/172/440
f 48/176/441 485/177/442 237/173/443 467/175/444
f 47/170/445 466/169/446 237/173/447 485/177/448
f 181/174/449 752/178/450 238/179/451 467/175/452
f 182/180/453 468/181/454 238/179/455 752/178/456
f 49/182/457 486/183/458 238/179/459 468/181/460
f 48/176/461 467/175/462 238/179/463 486/183/464
f 182/180/465 753/184/466 239/185/467 468/181/468
f 183/186/469 469/187/470 239/185/471 753/184/472
f 50/188/473 487/189/474 239/185/475 469/187/476
f 49/182/477 468/181/478 239/185/479 487/189/480
f 183/186/481 754/190/482 240/191/483 469/187/484
f 184/192/485 470/193/486 240/191/487 754/190/488
f 51/194/489 488/195/490 240/191/491 470/193/492
f 50/188/493 469/187/494 240/191/495 488/195/496
f 184/192/497 755/196/498 241/197/499 470/193/500
f 185/198/501 471/199/502 241/197/503 755/196/504
f 52/200/505 489/201/506 241/197/507 471/199/508
f 51/194/509 470/193/510 241/197/511 489/201/512
f 185/198/513 756/202/514 242/203/515 471/199/516
f 186/204/517 472/205/518 242/203/519 756/202/520
f 53/206/521 490/207/522 242/203/523 472/205/524
f 52/200/525 471/199/526 242/203/527 490/207/528
f 186/204/529 757/208/530 243/209/531 472/205/532
f 187/210/533 473/211/534 243/209/535 757/208/536
f 54/212/537 491/213/538 243/209/539 473/211/540
f 53/206/541 472/205/542 243/209/543 491/213/544
f 187/210/545 758/214/546 244/215/547 473/211/548
f 188/216/549 474/217/550 244/215/551 758/214/552
f 55/218/553 492/219/554 244/215/555 474/217/556
f 54/212/557 473/211/558 244/215/559 492/219/560
f 188/216/561 759/220/562 245/221/563 474/217/564
f 189/222/565 475/223/566 245/221/567 759/220/568
f 56/224/569 493/225/570 245/221/571 475/223/572
f 55/218/573 474/217/574 245/221/575 493/225/576
f 189/222/577 760/226/578 246/227/579 475/223/580
f 190/228/581 476/229/582 246/227/583 760/226/584
f 57/230/585 494/231/586 246/227/587 476/229/588
f 56/224/589 475/223/590 246/227/591 494/231/592
f 190/228/593 761/232/594 247/233/595 476/229/596
f 172/118/597 458/121/598 247/233/599 761/232/600
f 39/126/601 495/234/602 247/233/603 458/121/604
f 57/230/605 476/229/606 247/233/607 495/234/608
usemtl Poke:lambert5SG
f 39/126/609 477/125/610 248/235/611 496/236/612
f 40/124/613 497/237/614 248/235/615 477/125/616
f 59/238/617 515/239/618 248/235/619 497/237/620
f 58/240/621 496/236/622 248/235/623 515/239/624
f 40/124/625 478/132/626 249/241/627 497/237/628
f 41/131/629 498/242/630 249/241/631 478/132/632
f 60/243/633 516/244/634 249/241/635 498/242/636
f 59/238/637 497/237/638 249/241/639 516/244/640
f 41/131/641 479/138/642 250/245/643 498/242/644
f 42/137/645 499/246/646 250/245/647 479/138/648
f 61/247/649 517/248/650 250/245/651 499/246/652
f 60/243/653 498/242/654 250/245/655 517/248/656
f 42/137/657 480/144/658 251/249/659 499/246/660
f 43/143/661 500/250/662 251/249/663 480/144/664
f 62/251/665 518/252/666 251/249/667 500/250/668
f 61/247/669 499/246/670 251/249/671 518/252/672
f 43/143/673 481/150/674 252/253/675 500/250/676
f 44/149/677 501/254/678 252/253/679 481/150/680
f 63/255/681 519/256/682 252/253/683 501/254/684
f 62/251/685 500/250/686 252/253/687 519/256/688
f 44/159/689 482/158/690 253/257/691 501/258/692
f 45/157/693 502/259/694 253/257/695 482/158/696
f 64/260/697 520/261/698 253/257/699 502/259/700
f 63/262/701 501/258/702 253/257/703 520/261/704
f 45/157/705 483/165/706 254/263/707 502/259/708
f 46/164/709 503/264/710 254/263/711 483/165/712
f 65/265/713 521/266/714 254/263/715 503/264/716
f 64/260/717 502/259/718 254/263/719 521/266/720
f 46/164/721 484/171/722 255/267/723 503/264/724
f 47/170/725 504/268/726 255/267/727 484/171/728
f 66/269/729 522/270/730 255/267/731 504/268/732
f 65/265/733 503/264/734 255/267/735 522/270/736
f 47/170/737 485/177/738 256/271/739 504/268/740
f 48/176/741 505/272/742 256/271/743 485/177/744
f 67/273/745 523/274/746 256/271/747 505/272/748
f 66/269/749 504/268/750 256/271/751 523/274/752
f 48/176/753 486/183/754 257/275/755 505/272/756
f 49/182/757 506/276/758 257/275/759 486/183/760
f 68/277/761 524/278/762 257/275/763 506/276/764
f 67/273/765 505/272/766 257/275/767 524/278/768
f 49/182/769 487/189/770 258/279/771 506/276/772
f 50/188/773 507/280/774 258/279/775 487/189/776
f 69/281/777 525/282/778 258/279/779 507/280/780
f 68/277/781 506/276/782 258/279/783 525/282/784
f 50/188/785 488/195/786 259/283/787 507/280/788
f 51/194/789 508/284/790 259/283/791 488/195/792
f 70/285/793 526/286/794 259/283/795 508/284/796
f 69/281/797 507/280/798 259/283/799 526/286/800
f 51/194/801 489/201/802 260/287/803 508/284/804
f 52/200/805 509/288/806 260/287/807 489/201/808
f 71/289/809 527/290/810 260/287/811 509/288/812
f 70/285/813 508/284/814 260/287/815 527/290/816
f 52/200/817 490/207/818 261/291/819 509/288/820
f 53/206/821 510/292/822 261/291/823 490/207/824
f 72/293/825 528/294/826 261/291/827 510/292/828
f 71/289/829 509/288/830 261/291/831 528/294/832
f 53/206/833 491/213/834 262/295/835 510/292/836
f 54/212/837 511/296/838 262/295/839 491/213/840
f 73/297/841 529/298/842 262/295/843 511/296/844
f 72/293/845 510/292/846 262/295/847 529/298/848
f 54/212/849 492/219/850 263/299/851 511/296/852
f 55/218/853 512/300/854 263/299/855 492/219/856
f 74/301/857 530/302/858 263/299/859 512/300/860
f 73/297/861 511/296/862 263/299/863 530/302/864
f 55/218/865 493/225/866 264/303/867 512/300/868
f 56/224/869 513/304/870 264/303/871 493/225/872
f 75/305/873 531/306/874 264/303/875 513/304/876
f 74/301/877 512/300/878 264/303/879 531/306/880
f 56/224/881 494/231/882 265/307/883 513/304/884
f 57/230/885 514/308/886 265/307/887 494/231/888
f 76/309/889 532/310/890 265/307/891 514/308/892
f 75/305/893 513/304/894 265/307/895 532/310/896
f 57/230/897 495/234/898 266/311/899 514/308/900
f 39/126/901 496/236/902 266/311/903 495/234/904
f 58/240/905 533/312/906 266/311/907 496/236/908
f 76/309/909 514/308/910 266/311/911 533/312/912
f 58/240/913 515/239/914 267/313/915 534/314/916
f 59/238/917 535/315/918 267/313/919 515/239/920
f 78/316/921 553/317/922 267/313/923 535/315/924
f 77/318/925 534/314/926 267/313/927 553/317/928
f 59/238/929 516/244/930 268/319/931 535/315/932
f 60/243/933 536/320/934 268/319/935 516/244/936
f 79/321/937 554/322/938 268/319/939 536/320/940
f 78/316/941 535/315/942 268/319/943 554/322/944
f 60/243/945 517/248/946 269/323/947 536/320/948
f 61/247/949 537/324/950 269/323/951 517/248/952
f 80/325/953 555/326/954 269/323/955 537/324/956
f 79/321/957 536/320/958 269/323/959 555/326/960
f 61/247/961 518/252/962 270/327/963 537/324/964
f 62/251/965 538/328/966 270/327/967 518/252/968
f 81/329/969 556/330/970 270/327/971 538/328/972
f 80/325/973 537/324/974 270/327/975 556/330/976
f 62/251/977 519/256/978 271/331/979 538/328/980
f 63/255/981 539/332/982 271/331/983 519/256/984
f 82/333/985 557/334/986 271/331/987 539/332/988
f 81/329/989 538/328/990 271/331/991 557/334/992
f 63/262/993 520/261/994 272/335/995 539/336/996
f 64/260/997 540/337/998 272/335/999 520/261/1000
f 83/338/1001 558/339/1002 272/335/1003 540/337/1004
f 82/340/1005 539/336/1006 272/335/1007 558/339/1008
f 64/260/1009 521/266/1010 273/341/1011 540/337/1012
f 65/265/1013 541/342/1014 273/341/1015 521/266/1016
f 84/343/1017 559/344/1018 273/341/1019 541/342/1020
f 83/338/1021 540/337/1022 273/341/1023 559/344/1024
f 65/265/1025 522/270/1026 274/345/1027 541/342/1028
f 66/269/1029 542/346/1030 274/345/1031 522/270/1032
f 85/347/1033 560/348/1034 274/345/1035 542/346/1036
f 84/343/1037 541/342/1038 274/345/1039 560/348/1040
f 66/269/1041 523/274/1042 275/349/1043 542/346/1044
f 67/273/1045 543/350/1046 275/349/1047 523/274/1048
f 86/351/1049 561/352/1050 275/349/1051 543/350/1052
f 85/347/1053 542/346/1054 275/349/1055 561/352/1056
f 67/273/1057 524/278/1058 276/353/1059 543/350/1060
f 68/277/1061 544/354/1062 276/353/1063 524/278/1064
f 87/355/1065 562/356/1066 276/353/1067 544/354/1068
f 86/351/1069 543/350/1070 276/353/1071 562/356/1072
f 68/277/1073 525/282/1074 277/357/1075 544/354/1076
f 69/281/1077 545/358/1078 277/357/1079 525/282/1080
f 88/359/1081 563/360/1082 277/357/1083 545/358/1084
f 87/355/1085 544/354/1086 277/357/1087 563/360/1088
f 69/281/1089 526/286/1090 278/361/1091 545/358/1092
f 70/285/1093 546/362/1094 278/361/1095 526/286/1096
f 89/363/1097 564/364/1098 278/361/1099 546/362/1100
f 88/359/1101 545/358/1102 278/361/1103 564/364/1104
f 70/285/1105 527/290/1106 279/365/1107 546/362/1108
f 71/289/1109 547/366/1110 279/365/1111 527/290/1112
f 90/367/1113 565/368/1114 279/365/1115 547/366/1116
f 89/363/1117 546/362/1118 279/365/1119 565/368/1120
f 71/289/1121 528/294/1122 280/369/1123 547/366/1124
f 72/293/1125 548/370/1126 280/369/1127 528/294/1128
f 91/371/1129 566/372/1130 280/369/1131 548/370/1132
f 90/367/1133 547/366/1134 280/369/1135 566/372/1136
f 72/293/1137 529/298/1138 281/373/1139 548/370/1140
f 73/297/1141 549/374/1142 281/373/1143 529/298/1144
f 92/375/1145 567/376/1146 281/373/1147 549/374/1148
f 91/371/1149 548/370/1150 281/373/1151 567/376/1152
f 73/297/1153 530/302/1154 282/377/1155 549/374/1156
f 74/301/1157 550/378/1158 282/377/1159 530/302/1160
f 93/379/1161 568/380/1162 282/377/1163 550/378/1164
f 92/375/1165 549/374/1166 282/377/1167 568/380/1168
f 74/301/1169 531/306/1170 283/381/1171 550/378/1172
f 75/305/1173 551/382/1174 283/381/1175 531/306/1176
f 94/383/1177 569/384/1178 283/381/1179 551/382/1180
f 93/379/1181 550/378/1182 283/381/1183 569/384/1184
f 75/305/1185 532/310/1186 284/385/1187 551/382/1188
f 76/309/1189 552/386/1190 284/385/1191 532/310/1192
f 95/387/1193 570/388/1194 284/385/1195 552/386/1196
f 94/383/1197 551/382/1198 284/385/1199 570/388/1200
f 76/309/1201 533/312/1202 285/389/1203 552/386/1204
f 58/240/1205 534/314/1206 285/389/1207 533/312/1208
f 77/318/1209 571/390/1210 285/389/1211 534/314/1212
f 95/387/1213 552/386/1214 285/389/1215 571/390/1216
f 77/318/1217 553/317/1218 286/391/1219 572/392/1220
f 78/316/1221 573/393/1222 286/391/1223 553/317/1224
f 97/394/1225 591/395/1226 286/391/1227 573/393/1228
f 96/396/1229 572/392/1230 286/391/1231 591/395/1232
f 78/316/1233 554/322/1234 287/397/1235 573/393/1236
f 79/321/1237 574/398/1238 287/397/1239 554/322/1240
f 98/399/1241 592/400/1242 287/397/1243 574/398/1244
f 97/394/1245 573/393/1246 287/397/1247 592/400/1248
f 79/321/1249 555/326/1250 288/401/1251 574/398/1252
f 80/325/1253 575/402/1254 288/401/1255 555/326/1256
f 99/403/1257 593/404/1258 288/401/1259 575/402/1260
f 98/399/1261 574/398/1262 288/401/1263 593/404/1264
f 80/325/1265 556/330/1266 289/405/1267 575/402/1268
f 81/329/1269 576/406/1270 289/405/1271 556/330/1272
f 100/407/1273 594/408/1274 289/405/1275 576/406/1276
f 99/403/1277 575/402/1278 289/405/1279 594/408/1280
f 81/329/1281 557/334/1282 290/409/1283 576/406/1284
f 82/333/1285 577/410/1286 290/409/1287 557/334/1288
f 101/411/1289 595/412/1290 290/409/1291 577/410/1292
f 100/407/1293 576/406/1294 290/409/1295 595/412/1296
f 82/340/1297 558/339/1298 291/413/1299 577/414/1300
f 83/338/1301 578/415/1302 291/413/1303 558/339/1304
f 102/416/1305 596/417/1306 291/413/1307 578/415/1308
f 101/418/1309 577/414/1310 291/413/1311 596/417/1312
f 83/338/1313 559/344/1314 292/419/1315 578/415/1316
f 84/343/1317 579/420/1318 292/419/1319 559/344/1320
f 103/421/1321 597/422/1322 292/419/1323 579/420/1324
f 102/416/1325 578/415/1326 292/419/1327 597/422/1328
f 84/343/1329 560/348/1330 293/423/1331 579/420/1332
f 85/347/1333 580/424/1334 293/423/1335 560/348/1336
f 104/425/1337 598/426/1338 293/423/1339 580/424/1340
f 103/421/1341 579/420/1342 293/423/1343 598/426/1344
f 85/347/1345 561/352/1346 294/427/1347 580/424/1348
f 86/351/1349 581/428/1350 294/427/1351 561/352/1352
f 105/429/1353 599/430/1354 294/427/1355 581/428/1356
f 104/425/1357 580/424/1358 294/427/1359 599/430/1360
f 86/351/1361 562/356/1362 295/431/1363 581/428/1364
f 87/355/1365 582/432/1366 295/431/1367 562/356/1368
f 106/433/1369 600/434/1370 295/431/1371 582/432/1372
f 105/429/1373 581/428/1374 295/431/1375 600/434/1376
f 87/355/1377 563/360/1378 296/435/1379 582/432/1380
f 88/359/1381 583/436/1382 296/435/1383 563/360/1384
f 107/437/1385 601/438/1386 296/435/1387 583/436/1388
f 106/433/1389 582/432/1390 296/435/1391 601/438/1392
f 88/359/1393 564/364/1394 297/439/1395 583/436/1396
f 89/363/1397 584/440/1398 297/439/1399 564/364/1400
f 108/441/1401 602/442/1402 297/439/1403 584/440/1404
f 107/437/1405 583/436/1406 297/439/1407 602/442/1408
f 89/363/1409 565/368/1410 298/443/1411 584/440/1412
f 90/367/1413 585/444/1414 298/443/1415 565/368/1416
f 109/445/1417 603/446/1418 298/443/1419 585/444/1420
f 108/441/1421 584/440/1422 298/443/1423 603/446/1424
f 90/367/1425 566/372/1426 299/447/1427 585/444/1428
f 91/371/1429 586/448/1430 299/447/1431 566/372/1432
f 110/449/1433 604/450/1434 299/447/1435 586/448/1436
f 109/445/1437 585/444/1438 299/447/1439 604/450/1440
f 91/371/1441 567/376/1442 300/451/1443 586/448/1444
f 92/375/1445 587/452/1446 300/451/1447 567/376/1448
f 111/453/1449 605/454/1450 300/451/1451 587/452/1452
f 110/449/1453 586/448/1454 300/451/1455 605/454/1456
f 92/375/1457 568/380/1458 301/455/1459 587/452/1460
f 93/379/1461 588/456/1462 301/455/1463 568/380/1464
f 112/457/1465 606/458/1466 301/455/1467 588/456/1468
f 111/453/1469 587/452/1470 301/455/1471 606/458/1472
f 93/379/1473 569/384/1474 302/459/1475 588/456/1476
f 94/383/1477 589/460/1478 302/459/1479 569/384/1480
f 113/461/1481 607/462/1482 302/459/1483 589/460/1484
f 112/457/1485 588/456/1486 302/459/1487 607/462/1488
f 94/383/1489 570/388/1490 303/463/1491 589/460/1492
f 95/387/1493 590/464/1494 303/463/1495 570/388/1496
f 114/465/1497 608/466/1498 303/463/1499 590/464/1500
f 113/461/1501 589/460/1502 303/463/1503 608/466/1504
f 95/387/1505 571/390/1506 304/467/1507 590/464/1508
f 77/318/1509 572/392/1510 304/467/1511 571/390/1512
f 96/396/1513 609/468/1514 304/467/1515 572/392/1516
f 114/465/1517 590/464/1518 304/467/1519 609/468/1520
f 96/396/1521 591/395/1522 305/469/1523 610/470/1524
f 97/394/1525 611/471/1526 305/469/1527 591/395/1528
f 116/472/1529 629/473/1530 305/469/1531 611/471/1532
f 115/474/1533 610/470/1534 305/469/1535 629/473/1536
f 97/394/1537 592/400/1538 306/475/1539 611/471/1540
f 98/399/1541 612/476/1542 306/475/1543 592/400/1544
f 117/477/1545 630/478/1546 306/475/1547 612/476/1548
f 116/472/1549 611/471/1550 306/475/1551 630/478/1552
f 98/399/1553 593/404/1554 307/479/1555 612/476/1556
f 99/403/1557 613/480/1558 307/479/1559 593/404/1560
f 118/481/1561 631/482/1562 307/479/1563 613/480/1564
f 117/477/1565 612/476/1566 307/479/1567 631/482/1568
f 99/403/1569 594/408/1570 308/483/1571 613/480/1572
f 100/407/1573 614/484/1574 308/483/1575 594/408/1576
f 119/485/1577 632/486/1578 308/483/1579 614/484/1580
f 118/481/1581 613/480/1582 308/483/1583 632/486/1584
f 100/407/1585 595/412/1586 309/487/1587 614/484/1588
f 101/411/1589 615/488/1590 309/487/1591 595/412/1592
f 120/489/1593 633/490/1594 309/487/1595 615/488/1596
f 119/485/1597 614/484/1598 309/487/1599 633/490/1600
f 101/418/1601 596/417/1602 310/491/1603 615/492/1604
f 102/416/1605 616/493/1606 310/491/1607 596/417/1608
f 121/494/1609 634/495/1610 310/491/1611 616/493/1612
f 120/496/1613 615/492/1614 310/491/1615 634/495/1616
f 102/416/1617 597/422/1618 311/497/1619 616/493/1620
f 103/421/1621 617/498/1622 311/497/1623 597/422/1624
f 122/499/1625 635/500/1626 311/497/1627 617/498/1628
f 121/494/1629 616/493/1630 311/497/1631 635/500/1632
f 103/421/1633 598/426/1634 312/501/1635 617/498/1636
f 104/425/1637 618/502/1638 312/501/1639 598/426/1640
f 123/503/1641 636/504/1642 312/501/1643 618/502/1644
f 122/499/1645 617/498/1646 312/501/1647 636/504/1648
f 104/425/1649 599/430/1650 313/505/1651 618/502/1652
f 105/429/1653 619/506/1654 313/505/1655 599/430/1656
f 124/507/1657 637/508/1658 313/505/1659 619/506/1660
f 123/503/1661 618/502/1662 313/505/1663 637/508/1664
f 105/429/1665 600/434/1666 314/509/1667 619/506/1668
f 106/433/1669 620/510/1670 314/509/1671 600/434/1672
f 125/511/1673 638/512/1674 314/509/1675 620/510/1676
f 124/507/1677 619/506/1678 314/509/1679 638/512/1680
f 106/433/1681 601/438/1682 315/513/1683 620/510/1684
f 107/437/1685 621/514/1686 315/513/1687 601/438/1688
f 126/515/1689 639/516/1690 315/513/1691 621/514/1692
f 125/511/1693 620/510/1694 315/513/1695 639/516/1696
f 107/437/1697 602/442/1698 316/517/1699 621/514/1700
f 108/441/1701 622/518/1702 316/517/1703 602/442/1704
f 127/519/1705 640/520/1706 316/517/1707 622/518/1708
f 126/515/1709 621/514/1710 316/517/1711 640/520/1712
f 108/441/1713 603/446/1714 317/521/1715 622/518/1716
f 109/445/1717 623/522/1718 317/521/1719 603/446/1720
f 128/523/1721 641/524/1722 317/521/1723 623/522/1724
f 127/519/1725 622/518/1726 317/521/1727 641/524/1728
f 109/445/1729 604/450/1730 318/525/1731 623/522/1732
f 110/449/1733 624/526/1734 318/525/1735 604/450/1736
f 129/527/1737 642/528/1738 318/525/1739 624/526/1740
f 128/523/1741 623/522/1742 318/525/1743 642/528/1744
f 110/449/1745 605/454/1746 319/529/1747 624/526/1748
f 111/453/1749 625/530/1750 319/529/1751 605/454/1752
f 130/531/1753 643/532/1754 319/529/1755 625/530/1756
f 129/527/1757 624/526/1758 319/529/1759 643/532/1760
f 111/453/1761 606/458/1762 320/533/1763 625/530/1764
f 112/457/1765 626/534/1766 320/533/1767 606/458/1768
f 131/535/1769 644/536/1770 320/533/1771 626/534/1772
f 130/531/1773 625/530/1774 320/533/1775 644/536/1776
f 112/457/1777 607/462/1778 321/537/1779 626/534/1780
f 113/461/1781 627/538/1782 321/537/1783 607/462/1784
f 132/539/1785 645/540/1786 321/537/1787 627/538/1788
f 131/535/1789 626/534/1790 321/537/1791 645/540/1792
f 113/461/1793 608/466/1794 322/541/1795 627/538/1796
f 114/465/1797 628/542/1798 322/541/1799 608/466/1800
f 133/543/1801 646/544/1802 322/541/1803 628/542/1804
f 132/539/1805 627/538/1806 322/541/1807 646/544/1808
f 114/465/1809 609/468/1810 323/545/1811 628/542/1812
f 96/396/1813 610/470/1814 323/545/1815 609/468/1816
f 115/474/1817 647/546/1818 323/545/1819 610/470/1820
f 133/543/1821 628/542/1822 323/545/1823 647/546/1824
f 115/474/1825 629/473/1826 324/547/1827 648/548/1828
f 116/472/1829 649/549/1830 324/547/1831 629/473/1832
f 135/550/1833 667/551/1834 324/547/1835 649/549/1836
f 134/552/1837 648/548/1838 324/547/1839 667/551/1840
f 116/472/1841 630/478/1842 325/553/1843 649/549/1844
f 117/477/1845 650/554/1846 325/553/1847 630/478/1848
f 136/555/1849 668/556/1850 325/553/1851 650/554/1852
f 135/550/1853 649/549/1854 325/553/1855 668/556/1856
f 117/477/1857 631/482/1858 326/557/1859 650/554/1860
f 118/481/1861 651/558/1862 326/557/1863 631/482/1864
f 137/559/1865 669/560/1866 326/557/1867 651/558/1868
f 136/555/1869 650/554/1870 326/557/1871 669/560/1872
f 118/481/1873 632/486/1874 327/561/1875 651/558/1876
f 119/485/1877 652/562/1878 327/561/1879 632/486/1880
f 138/563/1881 670/564/1882 327/561/1883 652/562/1884
f 137/559/1885 651/558/1886 327/561/1887 670/564/1888
f 119/485/1889 633/490/1890 328/565/1891 652/562/1892
f 120/489/1893 653/566/1894 328/565/1895 633/490/1896
f 139/567/1897 671/568/1898 328/565/1899 653/566/1900
f 138/563/1901 652/562/1902 328/565/1903 671/568/1904
f 120/496/1905 634/495/1906 329/569/1907 653/570/1908
f 121/494/1909 654/571/1910 329/569/1911 634/495/1912
f 140/572/1913 672/573/1914 329/569/1915 654/571/1916
f 139/574/1917 653/570/1918 329/569/1919 672/573/1920
f 121/494/1921 635/500/1922 330/575/1923 654/571/1924
f 122/499/1925 655/576/1926 330/575/1927 635/500/1928
f 141/577/1929 673/578/1930 330/575/1931 655/576/1932
f 140/572/1933 654/571/1934 330/575/1935 673/578/1936
f 122/499/1937 636/504/1938 331/579/1939 655/576/1940
f 123/503/1941 656/580/1942 331/579/1943 636/504/1944
f 142/581/1945 674/582/1946 331/579/1947 656/580/1948
f 141/577/1949 655/576/1950 331/579/1951 674/582/1952
f 123/503/1953 637/508/1954 332/583/1955 656/580/1956
f 124/507/1957 657/584/1958 332/583/1959 637/508/1960
f 143/585/1961 675/586/1962 332/583/1963 657/584/1964
f 142/581/1965 656/580/1966 332/583/1967 675/586/1968
f 124/507/1969 638/512/1970 333/587/1971 657/584/1972
f 125/511/1973 658/588/1974 333/587/1975 638/512/1976
f 144/589/1977 676/590/1978 333/587/1979 658/588/1980
f 143/585/1981 657/584/1982 333/587/1983 676/590/1984
f 125/511/1985 639/516/1986 334/591/1987 658/588/1988
f 126/515/1989 659/592/1990 334/591/1991 639/516/1992
f 145/593/1993 677/594/1994 334/591/1995 659/592/1996
f 144/589/1997 658/588/1998 334/591/1999 677/594/2000
f 126/515/2001 640/520/2002 335/595/2003 659/592/2004
f 127/519/2005 660/596/2006 335/595/2007 640/520/2008
f 146/597/2009 678/598/2010 335/595/2011 660/596/2012
f 145/593/2013 659/592/2014 335/595/2015 678/598/2016
f 127/519/2017 641/524/2018 336/599/2019 660/596/2020
f 128/523/2021 661/600/2022 336/599/2023 641/524/2024
f 147/601/2025 679/602/2026 336/599/2027 661/600/2028
f 146/597/2029 660/596/2030 336/599/2031 679/602/2032
f 128/523/2033 642/528/2034 337/603/2035 661/600/2036
f 129/527/2037 662/604/2038 337/603/2039 642/528/2040
f 148/605/2041 680/606/2042 337/603/2043 662/604/2044
f 147/601/2045 661/600/2046 337/603/2047 680/606/2048
f 129/527/2049 643/532/2050 338/607/2051 662/604/2052
f 130/531/2053 663/608/2054 338/607/2055 643/532/2056
f 149/609/2057 681/610/2058 338/607/2059 663/608/2060
f 148/605/2061 662/604/2062 338/607/2063 681/610/2064
f 130/531/2065 644/536/2066 339/611/2067 663/608/2068
f 131/535/2069 664/612/2070 339/611/2071 644/536/2072
f 150/613/2073 682/614/2074 339/611/2075 664/612/2076
f 149/609/2077 663/608/2078 339/611/2079 682/614/2080
f 131/535/2081 645/540/2082 340/615/2083 664/612/2084
f 132/539/2085 665/616/2086 340/615/2087 645/540/2088
f 151/617/2089 683/618/2090 340/615/2091 665/616/2092
f 150/613/2093 664/612/2094 340/615/2095 683/618/2096
f 132/539/2097 646/544/2098 341/619/2099 665/616/2100
f 133/543/2101 666/620/2102 341/619/2103 646/544/2104
f 152/621/2105 684/622/2106 341/619/2107 666/620/2108
f 151/617/2109 665/616/2110 341/619/2111 684/622/2112
f 133/543/2113 647/546/2114 342/623/2115 666/620/2116
f 115/474/2117 648/548/2118 342/623/2119 647/546/2120
f 134/552/2121 685/624/2122 342/623/2123 648/548/2124
f 152/621/2125 666/620/2126 342/623/2127 685/624/2128
f 134/552/2129 667/551/2130 343/625/2131 686/626/2132
f 135/550/2133 687/627/2134 343/625/2135 667/551/2136
f 154/628/2137 705/629/2138 343/625/2139 687/627/2140
f 153/630/2141 686/626/2142 343/625/2143 705/629/2144
f 135/550/2145 668/556/2146 344/631/2147 687/627/2148
f 136/555/2149 688/632/2150 344/631/2151 668/556/2152
f 155/633/2153 706/634/2154 344/631/2155 688/632/2156
f 154/628/2157 687/627/2158 344/631/2159 706/634/2160
f 136/555/2161 669/560/2162 345/635/2163 688/632/2164
f 137/559/2165 689/636/2166 345/635/2167 669/560/2168
f 156/637/2169 707/638/2170 345/635/2171 689/636/2172
f 155/633/2173 688/632/2174 345/635/2175 707/638/2176
f 137/559/2177 670/564/2178 346/639/2179 689/636/2180
f 138/563/2181 690/640/2182 346/639/2183 670/564/2184
f 157/641/2185 708/642/2186 346/639/2187 690/640/2188
f 156/637/2189 689/636/2190 346/639/2191 708/642/2192
f 138/563/2193 671/568/2194 347/643/2195 690/640/2196
f 139/567/2197 691/644/2198 347/643/2199 671/568/2200
f 158/645/2201 709/646/2202 347/643/2203 691/644/2204
f 157/641/2205 690/640/2206 347/643/2207 709/646/2208
f 139/574/2209 672/573/2210 348/647/2211 691/648/2212
f 140/572/2213 692/649/2214 348/647/2215 672/573/2216
f 159/650/2217 710/651/2218 348/647/2219 692/649/2220
f 158/652/2221 691/648/2222 348/647/2223 710/651/2224
f 140/572/2225 673/578/2226 349/653/2227 692/649/2228
f 141/577/2229 693/654/2230 349/653/2231 673/578/2232
f 160/655/2233 711/656/2234 349/653/2235 693/654/2236
f 159/650/2237 692/649/2238 349/653/2239 711/656/2240
f 141/577/2241 674/582/2242 350/657/2243 693/654/2244
f 142/581/2245 694/658/2246 350/657/2247 674/582/2248
f 161/659/2249 712/660/2250 350/657/2251 694/658/2252
f 160/655/2253 693/654/2254 350/657/2255 712/660/2256
f 142/581/2257 675/586/2258 351/661/2259 694/658/2260
f 143/585/2261 695/662/2262 351/661/2263 675/586/2264
f 162/663/2265 713/664/2266 351/661/2267 695/662/2268
f 161/659/2269 694/658/2270 351/661/2271 713/664/2272
f 143/585/2273 676/590/2274 352/665/2275 695/662/2276
f 144/589/2277 696/666/2278 352/665/2279 676/590/2280
f 163/667/2281 714/668/2282 352/665/2283 696/666/2284
f 162/663/2285 695/662/2286 352/665/2287 714/668/2288
f 144/589/2289 677/594/2290 353/669/2291 696/666/2292
f 145/593/2293 697/670/2294 353/669/2295 677/594/2296
f 164/671/2297 715/672/2298 353/669/2299 697/670/2300
f 163/667/2301 696/666/2302 353/669/2303 715/672/2304
f 145/593/2305 678/598/2306 354/673/2307 697/670/2308
f 146/597/2309 698/674/2310 354/673/2311 678/598/2312
f 165/675/2313 716/676/2314 354/673/2315 698/674/2316
f 164/671/2317 697/670/2318 354/673/2319 716/676/2320
f 146/597/2321 679/602/2322 355/677/2323 698/674/2324
f 147/601/2325 699/678/2326 355/677/2327 679/602/2328
f 166/679/2329 717/680/2330 355/677/2331 699/678/2332
f 165/675/2333 698/674/2334 355/677/2335 717/680/2336
f 147/601/2337 680/606/2338 356/681/2339 699/678/2340
f 148/605/2341 700/682/2342 356/681/2343 680/606/2344
f 167/683/2345 718/684/2346 356/681/2347 700/682/2348
f 166/679/2349 699/678/2350 356/681/2351 718/684/2352
f 148/605/2353 681/610/2354 357/685/2355 700/682/2356
f 149/609/2357 701/686/2358 357/685/2359 681/610/2360
f 168/687/2361 719/688/2362 357/685/2363 701/686/2364
f 167/683/2365 700/682/2366 357/685/2367 719/688/2368
f 149/609/2369 682/614/2370 358/689/2371 701/686/2372
f 150/613/2373 702/690/2374 358/689/2375 682/614/2376
f 169/691/2377 720/692/2378 358/689/2379 702/690/2380
f 168/687/2381 701/686/2382 358/689/2383 720/692/2384
f 150/613/2385 683/618/2386 359/693/2387 702/690/2388
f 151/617/2389 703/694/2390 359/693/2391 683/618/2392
f 170/695/2393 721/696/2394 359/693/2395 703/694/2396
f 169/691/2397 702/690/2398 359/693/2399 721/696/2400
f 151/617/2401 684/622/2402 360/697/2403 703/694/2404
f 152/621/2405 704/698/2406 360/697/2407 684/622/2408
f 171/699/2409 722/700/2410 360/697/2411 704/698/2412
f 170/695/2413 703/694/2414 360/697/2415 722/700/2416
f 152/621/2417 685/624/2418 361/701/2419 704/698/2420
f 134/552/2421 686/626/2422 361/701/2423 685/624/2424
f 153/630/2425 723/702/2426 361/701/2427 686/626/2428
f 171/699/2429 704/698/2430 361/701/2431 723/702/2432
f 154/628/2433 706/634/2434 362/703/2435 705/629/2436
f 155/633/2437 707/638/2438 362/703/2439 706/634/2440
f 156/637/2441 708/642/2442 362/703/2443 707/638/2444
f 157/641/2445 709/646/2446 362/703/2447 708/642/2448
f 158/645/2449 710/704/2450 362/703/2451 709/646/2452
f 159/650/2453 711/656/2454 362/703/2455 710/704/2456
f 160/655/2457 712/660/2458 362/703/2459 711/656/2460
f 161/659/2461 713/664/2462 362/703/2463 712/660/2464
f 162/663/2465 714/668/2466 362/703/2467 713/664/2468
f 163/667/2469 715/672/2470 362/703/2471 714/668/2472
f 164/671/2473 716/676/2474 362/703/2475 715/672/2476
f 165/675/2477 717/680/2478 362/703/2479 716/676/2480
f 166/679/2481 718/684/2482 362/703/2483 717/680/2484
f 167/683/2485 719/688/2486 362/703/2487 718/684/2488
f 168/687/2489 720/692/2490 362/703/2491 719/688/2492
f 169/691/2493 721/696/2494 362/703/2495 720/692/2496
f 170/695/2497 722/700/2498 362/703/2499 721/696/2500
f 171/699/2501 723/702/2502 362/703/2503 722/700/2504
f 153/630/2505 705/629/2506 362/703/2507 723/702/2508
usemtl Poke:phong2SG
f 21/7/2509 725/705/2510 363/706/2511 403/8/2512
f 173/122/2513 743/119/2514 363/706/2515 725/705/2516
f 172/118/2517 724/707/2518 363/706/2519 743/119/2520
f 20/9/2521 403/8/2522 363/706/2523 724/707/2524
f 22/14/2525 726/708/2526 364/709/2527 407/15/2528
f 174/129/2529 744/127/2530 364/709/2531 726/708/2532
f 173/122/2533 725/705/2534 364/709/2535 744/127/2536
f 21/7/2537 407/15/2538 364/709/2539 725/705/2540
f 23/20/2541 727/710/2542 365/711/2543 410/21/2544
f 175/135/2545 745/133/2546 365/711/2547 727/710/2548
f 174/129/2549 726/708/2550 365/711/2551 745/133/2552
f 22/14/2553 410/21/2554 365/711/2555 726/708/2556
f 24/26/2557 728/712/2558 366/713/2559 413/27/2560
f 176/141/2561 746/139/2562 366/713/2563 728/712/2564
f 175/135/2565 727/710/2566 366/713/2567 746/139/2568
f 23/20/2569 413/27/2570 366/713/2571 727/710/2572
f 25/32/2573 729/714/2574 367/715/2575 416/33/2576
f 177/147/2577 747/145/2578 367/715/2579 729/714/2580
f 176/141/2581 728/712/2582 367/715/2583 747/145/2584
f 24/26/2585 416/33/2586 367/715/2587 728/712/2588
f 26/40/2589 730/716/2590 368/717/2591 419/41/2592
f 178/155/2593 748/152/2594 368/717/2595 730/716/2596
f 177/151/2597 729/718/2598 368/717/2599 748/152/2600
f 25/42/2601 419/41/2602 368/717/2603 729/718/2604
f 27/47/2605 731/719/2606 369/720/2607 422/48/2608
f 179/162/2609 749/160/2610 369/720/2611 731/719/2612
f 178/155/2613 730/716/2614 369/720/2615 749/160/2616
f 26/40/2617 422/48/2618 369/720/2619 730/716/2620
f 28/53/2621 732/721/2622 370/722/2623 425/54/2624
f 180/168/2625 750/166/2626 370/722/2627 732/721/2628
f 179/162/2629 731/719/2630 370/722/2631 750/166/2632
f 27/47/2633 425/54/2634 370/722/2635 731/719/2636
f 29/59/2637 733/723/2638 371/724/2639 428/60/2640
f 181/174/2641 751/172/2642 371/724/2643 733/723/2644
f 180/168/2645 732/721/2646 371/724/2647 751/172/2648
f 28/53/2649 428/60/2650 371/724/2651 732/721/2652
f 30/65/2653 734/725/2654 372/726/2655 431/66/2656
f 182/180/2657 752/178/2658 372/726/2659 734/725/2660
f 181/174/2661 733/723/2662 372/726/2663 752/178/2664
f 29/59/2665 431/66/2666 372/726/2667 733/723/2668
f 31/71/2669 735/727/2670 373/728/2671 434/72/2672
f 183/186/2673 753/184/2674 373/728/2675 735/727/2676
f 182/180/2677 734/725/2678 373/728/2679 753/184/2680
f 30/65/2681 434/72/2682 373/728/2683 734/725/2684
f 32/77/2685 736/729/2686 374/730/2687 437/78/2688
f 184/192/2689 754/190/2690 374/730/2691 736/729/2692
f 183/186/2693 735/727/2694 374/730/2695 754/190/2696
f 31/71/2697 437/78/2698 374/730/2699 735/727/2700
f 33/83/2701 737/731/2702 375/732/2703 440/84/2704
f 185/198/2705 755/196/2706 375/732/2707 737/731/2708
f 184/192/2709 736/729/2710 375/732/2711 755/196/2712
f 32/77/2713 440/84/2714 375/732/2715 736/729/2716
f 34/89/2717 738/733/2718 376/734/2719 443/90/2720
f 186/204/2721 756/202/2722 376/734/2723 738/733/2724
f 185/198/2725 737/731/2726 376/734/2727 756/202/2728
f 33/83/2729 443/90/2730 376/734/2731 737/731/2732
f 35/95/2733 739/735/2734 377/736/2735 446/96/2736
f 187/210/2737 757/208/2738 377/736/2739 739/735/2740
f 186/204/2741 738/733/2742 377/736/2743 757/208/2744
f 34/89/2745 446/96/2746 377/736/2747 738/733/2748
f 36/101/2749 740/737/2750 378/738/2751 449/102/2752
f 188/216/2753 758/214/2754 378/738/2755 740/737/2756
f 187/210/2757 739/735/2758 378/738/2759 758/214/2760
f 35/95/2761 449/102/2762 378/738/2763 739/735/2764
f 37/107/2765 741/739/2766 379/740/2767 452/108/2768
f 189/222/2769 759/220/2770 379/740/2771 741/739/2772
f 188/216/2773 740/737/2774 379/740/2775 759/220/2776
f 36/101/2777 452/108/2778 379/740/2779 740/737/2780
f 38/113/2781 742/741/2782 380/742/2783 455/114/2784
f 190/228/2785 760/226/2786 380/742/2787 742/741/2788
f 189/222/2789 741/739/2790 380/742/2791 760/226/2792
f 37/107/2793 455/114/2794 380/742/2795 741/739/2796
f 20/9/2797 724/707/2798 381/743/2799 457/117/2800
f 172/118/2801 761/232/2802 381/743/2803 724/707/2804
f 190/228/2805 742/741/2806 381/743/2807 761/232/2808
f 38/113/2809 457/117/2810 381/743/2811 742/741/2812
f 2/5/2813 401/2/2814 382/744/2815 763/745/2816
f 1/1/2817 762/746/2818 382/744/2819 401/2/2820
f 191/747/2821 781/748/2822 382/744/2823 762/746/2824
f 192/749/2825 763/745/2826 382/744/2827 781/748/2828
f 3/12/2829 405/10/2830 383/750/2831 764/751/2832
f 2/5/2833 763/745/2834 383/750/2835 405/10/2836
f 192/749/2837 782/752/2838 383/750/2839 763/745/2840
f 193/753/2841 764/751/2842 383/750/2843 782/752/2844
f 4/18/2845 408/16/2846 384/754/2847 765/755/2848
f 3/12/2849 764/751/2850 384/754/2851 408/16/2852
f 193/753/2853 783/756/2854 384/754/2855 764/751/2856
f 194/757/2857 765/755/2858 384/754/2859 783/756/2860
f 5/24/2861 411/22/2862 385/758/2863 766/759/2864
f 4/18/2865 765/755/2866 385/758/2867 411/22/2868
f 194/757/2869 784/760/2870 385/758/2871 765/755/2872
f 195/761/2873 766/759/2874 385/758/2875 784/760/2876
f 6/30/2877 414/28/2878 386/762/2879 767/763/2880
f 5/24/2881 766/759/2882 386/762/2883 414/28/2884
f 195/761/2885 785/764/2886 386/762/2887 766/759/2888
f 196/765/2889 767/763/2890 386/762/2891 785/764/2892
f 7/38/2893 417/35/2894 387/766/2895 768/767/2896
f 6/34/2897 767/768/2898 387/766/2899 417/35/2900
f 196/769/2901 786/770/2902 387/766/2903 767/768/2904
f 197/771/2905 768/767/2906 387/766/2907 786/770/2908
f 8/45/2909 420/43/2910 388/772/2911 769/773/2912
f 7/38/2913 768/767/2914 388/772/2915 420/43/2916
f 197/771/2917 787/774/2918 388/772/2919 768/767/2920
f 198/775/2921 769/773/2922 388/772/2923 787/774/2924
f 9/51/2925 423/49/2926 389/776/2927 770/777/2928
f 8/45/2929 769/773/2930 389/776/2931 423/49/2932
f 198/775/2933 788/778/2934 389/776/2935 769/773/2936
f 199/779/2937 770/777/2938 389/776/2939 788/778/2940
f 10/57/2941 426/55/2942 390/780/2943 771/781/2944
f 9/51/2945 770/777/2946 390/780/2947 426/55/2948
f 199/779/2949 789/782/2950 390/780/2951 770/777/2952
f 200/783/2953 771/781/2954 390/780/2955 789/782/2956
f 11/63/2957 429/61/2958 391/784/2959 772/785/2960
f 10/57/2961 771/781/2962 391/784/2963 429/61/2964
f 200/783/2965 790/786/2966 391/784/2967 771/781/2968
f 201/787/2969 772/785/2970 391/784/2971 790/786/2972
f 12/69/2973 432/67/2974 392/788/2975 773/789/2976
f 11/63/2977 772/785/2978 392/788/2979 432/67/2980
f 201/787/2981 791/790/2982 392/788/2983 772/785/2984
f 202/791/2985 773/789/2986 392/788/2987 791/790/2988
f 13/75/2989 435/73/2990 393/792/2991 774/793/2992
f 12/69/2993 773/789/2994 393/792/2995 435/73/2996
f 202/791/2997 792/794/2998 393/792/2999 773/789/3000
f 203/795/3001 774/793/3002 393/792/3003 792/794/3004
f 14/81/3005 438/79/3006 394/796/3007 775/797/3008
f 13/75/3009 774/793/3010 394/796/3011 438/79/3012
f 203/795/3013 793/798/3014 394/796/3015 774/793/3016
f 204/799/3017 775/797/3018 394/796/3019 793/798/3020
f 15/87/3021 441/85/3022 395/800/3023 776/801/3024
f 14/81/3025 775/797/3026 395/800/3027 441/85/3028
f 204/799/3029 794/802/3030 395/800/3031 775/797/3032
f 205/803/3033 776/801/3034 395/800/3035 794/802/3036
f 16/93/3037 444/91/3038 396/804/3039 777/805/3040
f 15/87/3041 776/801/3042 396/804/3043 444/91/3044
f 205/803/3045 795/806/3046 396/804/3047 776/801/3048
f 206/807/3049 777/805/3050 396/804/3051 795/806/3052
f 17/99/3053 447/97/3054 397/808/3055 778/809/3056
f 16/93/3057 777/805/3058 397/808/3059 447/97/3060
f 206/807/3061 796/810/3062 397/808/3063 777/805/3064
f 207/811/3065 778/809/3066 397/808/3067 796/810/3068
f 18/105/3069 450/103/3070 398/812/3071 779/813/3072
f 17/99/3073 778/809/3074 398/812/3075 450/103/3076
f 207/811/3077 797/814/3078 398/812/3079 778/809/3080
f 208/815/3081 779/813/3082 398/812/3083 797/814/3084
f 19/111/3085 453/109/3086 399/816/3087 780/817/3088
f 18/105/3089 779/813/3090 399/816/3091 453/109/3092
f 208/815/3093 798/818/3094 399/816/3095 779/813/3096
f 209/819/3097 780/817/3098 399/816/3099 798/818/3100
f 1/1/3101 456/115/3102 400/820/3103 762/746/3104
f 19/111/3105 780/817/3106 400/820/3107 456/115/3108
f 209/819/3109 799/821/3110 400/820/3111 780/817/3112
f 191/747/3113 762/746/3114 400/820/3115 799/821/3116
g default
v 4.786747 0.889112 -0.620564
v 4.648773 0.889112 -0.606975
v 4.516103 0.889112 -0.566730
v 4.393832 0.889112 -0.501375
v 4.286662 0.889112 -0.413422
v 4.198709 0.889112 -0.306252
v 4.133354 0.889112 -0.183981
v 4.093109 0.889112 -0.051310
v 4.079520 0.889112 0.086663
v 4.093109 0.889112 0.224636
v 4.133354 0.889112 0.357307
v 4.196751 0.889112 0.477191
v 4.295751 0.889112 0.597823
v 4.393833 0.889112 0.674700
v 4.516103 0.889112 0.740055
v 4.648774 0.889137 0.780300
v 4.786747 0.889289 0.793889
v 4.924720 0.889289 0.780300
v 5.057391 0.889137 0.740054
v 5.179661 0.889112 0.674700
v 5.286832 0.889112 0.586747
v 5.374785 0.889112 0.479576
v 5.440139 0.889112 0.357305
v 5.480384 0.889112 0.224635
v 5.493973 0.889112 0.086661
v 5.480384 0.889112 -0.051312
v 5.440138 0.889112 -0.183983
v 5.374783 0.889112 -0.306253
v 5.286830 0.889112 -0.413423
v 5.179660 0.889112 -0.501376
v 5.057389 0.889112 -0.566730
v 4.924718 0.889112 -0.606975
v 4.261451 0.889112 0.561383
v 4.786747 0.687532 -0.620564
v 4.648773 0.687532 -0.606975
v 4.516103 0.687532 -0.566730
v 4.393832 0.687532 -0.501375
v 4.286662 0.687532 -0.413422
v 4.198709 0.687532 -0.306252
v 4.133354 0.687532 -0.183981
v 4.093109 0.687532 -0.051310
v 4.079520 0.687532 0.086663
v 4.093109 0.687532 0.224636
v 4.133354 0.687532 0.357307
v 4.196751 0.687532 0.477191
v 4.295751 0.687532 0.597823
v 4.393833 0.687532 0.674700
v 4.516103 0.687532 0.740055
v 4.648774 0.687557 0.780300
v 4.786747 0.687708 0.793889
v 4.924720 0.687708 0.780300
v 5.057391 0.687557 0.740054
v 5.179661 0.687532 0.674700
v 5.286832 0.687532 0.586747
v 5.374785 0.687532 0.479576
v 5.440139 0.687532 0.357306
v 5.480384 0.687532 0.224635
v 5.493973 0.687532 0.086661
v 5.480384 0.687532 -0.051312
v 5.440138 0.687532 -0.183983
v 5.374783 0.687532 -0.306253
v 5.286830 0.687532 -0.413423
v 5.179660 0.687532 -0.501376
v 5.057389 0.687532 -0.566730
v 4.924718 0.687532 -0.606975
v 4.261451 0.687532 0.561383
v 4.717427 0.788322 -0.617151
v 4.581452 0.788322 -0.590104
v 4.453366 0.788322 -0.537049
v 4.338092 0.788322 -0.460025
v 4.240059 0.788322 -0.361992
v 4.163036 0.788322 -0.246718
v 4.109980 0.788322 -0.118632
v 4.082933 0.788322 0.017343
v 4.082933 0.788322 0.155983
v 4.109980 0.788322 0.291957
v 4.163036 0.788322 0.420043
v 4.276415 0.788322 0.579617
v 4.338092 0.788322 0.633350
v 4.453366 0.788322 0.710374
v 4.581452 0.788322 0.763429
v 4.717428 0.788423 0.790476
v 4.856067 0.788524 0.790476
v 4.992042 0.788423 0.763429
v 5.120128 0.788322 0.710374
v 5.235402 0.788322 0.633349
v 5.333434 0.788322 0.535317
v 5.410458 0.788322 0.420042
v 5.463513 0.788322 0.291956
v 5.490560 0.788322 0.155981
v 5.490560 0.788322 0.017342
v 5.463512 0.788322 -0.118633
v 5.410457 0.788322 -0.246719
v 5.333433 0.788322 -0.361993
v 5.235400 0.788322 -0.460026
v 5.120126 0.788322 -0.537050
v 4.992040 0.788322 -0.590104
v 4.856066 0.788322 -0.617151
v 4.232226 0.788322 0.525773
v 4.786747 0.788322 -0.620564
v 4.648773 0.788322 -0.606975
v 4.516103 0.788322 -0.566730
v 4.393832 0.788322 -0.501375
v 4.286662 0.788322 -0.413422
v 4.198709 0.788322 -0.306252
v 4.133354 0.788322 -0.183981
v 4.093109 0.788322 -0.051310
v 4.079520 0.788322 0.086663
v 4.093109 0.788322 0.224636
v 4.133354 0.788322 0.357307
v 4.196751 0.788322 0.477191
v 4.295751 0.788322 0.597823
v 4.393833 0.788322 0.674700
v 4.516103 0.788322 0.740055
v 4.648774 0.788347 0.780300
v 4.786747 0.788498 0.793889
v 4.924720 0.788498 0.780300
v 5.057391 0.788347 0.740054
v 5.179661 0.788322 0.674700
v 5.286832 0.788322 0.586747
v 5.374785 0.788322 0.479576
v 5.440139 0.788322 0.357306
v 5.480384 0.788322 0.224635
v 5.493973 0.788322 0.086661
v 5.480384 0.788322 -0.051312
v 5.440138 0.788322 -0.183983
v 5.374783 0.788322 -0.306253
v 5.286830 0.788322 -0.413423
v 5.179660 0.788322 -0.501376
v 5.057389 0.788322 -0.566730
v 4.924718 0.788322 -0.606975
v 4.261451 0.788322 0.561383
v 4.717427 0.889112 -0.617151
v 4.581452 0.889112 -0.590104
v 4.453366 0.889112 -0.537049
v 4.338092 0.889112 -0.460025
v 4.240059 0.889112 -0.361992
v 4.163036 0.889112 -0.246718
v 4.109980 0.889112 -0.118632
v 4.082933 0.889112 0.017343
v 4.082933 0.889112 0.155983
v 4.109980 0.889112 0.291957
v 4.163036 0.889112 0.420043
v 4.276415 0.889112 0.579617
v 4.338092 0.889112 0.633350
v 4.453367 0.889112 0.710374
v 4.581452 0.889112 0.763429
v 4.717428 0.889213 0.790476
v 4.856067 0.889314 0.790476
v 4.992042 0.889213 0.763429
v 5.120128 0.889112 0.710374
v 5.235402 0.889112 0.633349
v 5.333434 0.889112 0.535317
v 5.410458 0.889112 0.420042
v 5.463513 0.889112 0.291956
v 5.490560 0.889112 0.155981
v 5.490560 0.889112 0.017342
v 5.463512 0.889112 -0.118633
v 5.410457 0.889112 -0.246719
v 5.333433 0.889112 -0.361994
v 5.235400 0.889112 -0.460026
v 5.120126 0.889112 -0.537050
v 4.992040 0.889112 -0.590104
v 4.856066 0.889112 -0.617151
v 4.232226 0.889112 0.525773
v 4.717427 0.687532 -0.617151
v 4.581452 0.687532 -0.590104
v 4.453366 0.687532 -0.537049
v 4.338092 0.687532 -0.460025
v 4.240059 0.687532 -0.361992
v 4.163036 0.687532 -0.246718
v 4.109980 0.687532 -0.118632
v 4.082933 0.687532 0.017343
v 4.082933 0.687532 0.155983
v 4.109980 0.687532 0.291957
v 4.163036 0.687532 0.420043
v 4.276415 0.687532 0.579617
v 4.338092 0.687532 0.633350
v 4.453366 0.687532 0.710374
v 4.581452 0.687532 0.763429
v 4.717428 0.687633 0.790476
v 4.856067 0.687733 0.790476
v 4.992042 0.687633 0.763429
v 5.120128 0.687532 0.710374
v 5.235402 0.687532 0.633349
v 5.333434 0.687532 0.535317
v 5.410458 0.687532 0.420042
v 5.463513 0.687532 0.291956
v 5.490560 0.687532 0.155981
v 5.490560 0.687532 0.017342
v 5.463512 0.687532 -0.118633
v 5.410457 0.687532 -0.246719
v 5.333433 0.687532 -0.361993
v 5.235400 0.687532 -0.460026
v 5.120126 0.687532 -0.537050
v 4.992040 0.687532 -0.590104
v 4.856066 0.687532 -0.617151
v 4.232226 0.687532 0.525773
vt 0.000000 0.469158
vt 0.015625 0.469158
vt 0.015625 0.469158
vt 0.000000 0.469158
vt 0.031250 0.469158
vt 0.031250 0.469158
vt 0.031250 0.469158
vt 0.015625 0.469158
vt 0.000000 0.469158
vt 0.046875 0.469158
vt 0.046875 0.469158
vt 0.062500 0.469158
vt 0.062500 0.469158
vt 0.062500 0.469158
vt 0.046875 0.469158
vt 0.078125 0.469158
vt 0.078125 0.469158
vt 0.093750 0.469158
vt 0.093750 0.469158
vt 0.093750 0.469158
vt 0.078125 0.469158
vt 0.109375 0.469158
vt 0.109375 0.469158
vt 0.125000 0.469158
vt 0.125000 0.469158
vt 0.125000 0.469158
vt 0.109375 0.469158
vt 0.140625 0.469158
vt 0.140625 0.469158
vt 0.156250 0.469158
vt 0.156250 0.469158
vt 0.156250 0.469158
vt 0.140625 0.469158
vt 0.171875 0.469158
vt 0.171875 0.469158
vt 0.187500 0.469158
vt 0.187500 0.469158
vt 0.187500 0.469158
vt 0.171875 0.469158
vt 0.203125 0.469158
vt 0.203125 0.469158
vt 0.218750 0.469158
vt 0.218750 0.469158
vt 0.218750 0.469158
vt 0.203125 0.469158
vt 0.234375 0.469158
vt 0.234375 0.469158
vt 0.250000 0.469158
vt 0.250000 0.469158
vt 0.250000 0.469158
vt 0.234375 0.469158
vt 0.265625 0.469158
vt 0.265625 0.469158
vt 0.281250 0.469158
vt 0.281250 0.469158
vt 0.281250 0.469158
vt 0.265625 0.469158
vt 0.296875 0.469158
vt 0.296875 0.469158
vt 0.312500 0.469158
vt 0.312500 0.469158
vt 0.312500 0.469158
vt 0.296875 0.469158
vt 0.328125 0.469158
vt 0.328125 0.469158
vt 0.343058 0.469158
vt 0.343058 0.469158
vt 0.343058 0.469158
vt 0.328125 0.469158
vt 0.366939 0.469158
vt 0.372230 0.469158
vt 0.372230 0.469158
vt 0.366939 0.469158
vt 0.378214 0.469158
vt 0.378214 0.469158
vt 0.378214 0.469158
vt 0.372230 0.469158
vt 0.366939 0.469158
vt 0.390625 0.469158
vt 0.390625 0.469158
vt 0.406250 0.469158
vt 0.406250 0.469158
vt 0.406250 0.469158
vt 0.390625 0.469158
vt 0.421875 0.469158
vt 0.421875 0.469158
vt 0.437500 0.469158
vt 0.437500 0.469158
vt 0.437500 0.469158
vt 0.421875 0.469158
vt 0.453125 0.469158
vt 0.453125 0.469158
vt 0.468750 0.469158
vt 0.468750 0.469158
vt 0.468750 0.469158
vt 0.453125 0.469158
vt 0.484375 0.469158
vt 0.484375 0.469158
vt 0.500000 0.469158
vt 0.500000 0.469158
vt 0.500000 0.469158
vt 0.484375 0.469158
vt 0.515625 0.469158
vt 0.515625 0.469158
vt 0.531250 0.469158
vt 0.531250 0.469158
vt 0.531250 0.469158
vt 0.515625 0.469158
vt 0.546875 0.469158
vt 0.546875 0.469158
vt 0.562500 0.469158
vt 0.562500 0.469158
vt 0.562500 0.469158
vt 0.546875 0.469158
vt 0.578125 0.469158
vt 0.578125 0.469158
vt 0.593750 0.469158
vt 0.593750 0.469158
vt 0.593750 0.469158
vt 0.578125 0.469158
vt 0.609375 0.469158
vt 0.609375 0.469158
vt 0.625000 0.469158
vt 0.625000 0.469158
vt 0.625000 0.469158
vt 0.609375 0.469158
vt 0.640625 0.469158
vt 0.640625 0.469158
vt 0.656250 0.469158
vt 0.656250 0.469158
vt 0.656250 0.469158
vt 0.640625 0.469158
vt 0.671875 0.469158
vt 0.671875 0.469158
vt 0.687500 0.469158
vt 0.687500 0.469158
vt 0.687500 0.469158
vt 0.671875 0.469158
vt 0.703125 0.469158
vt 0.703125 0.469158
vt 0.718750 0.469158
vt 0.718750 0.469158
vt 0.718750 0.469158
vt 0.703125 0.469158
vt 0.734375 0.469158
vt 0.734375 0.469158
vt 0.750000 0.469158
vt 0.750000 0.469158
vt 0.750000 0.469158
vt 0.734375 0.469158
vt 0.765625 0.469158
vt 0.765625 0.469158
vt 0.781250 0.469158
vt 0.781250 0.469158
vt 0.781250 0.469158
vt 0.765625 0.469158
vt 0.796875 0.469158
vt 0.796875 0.469158
vt 0.812500 0.469158
vt 0.812500 0.469158
vt 0.812500 0.469158
vt 0.796875 0.469158
vt 0.828125 0.469158
vt 0.828125 0.469158
vt 0.843750 0.469158
vt 0.843750 0.469158
vt 0.843750 0.469158
vt 0.828125 0.469158
vt 0.859375 0.469158
vt 0.859375 0.469158
vt 0.875000 0.469158
vt 0.875000 0.469158
vt 0.875000 0.469158
vt 0.859375 0.469158
vt 0.890625 0.469158
vt 0.890625 0.469158
vt 0.906250 0.469158
vt 0.906250 0.469158
vt 0.906250 0.469158
vt 0.890625 0.469158
vt 0.921875 0.469158
vt 0.921875 0.469158
vt 0.937500 0.469158
vt 0.937500 0.469158
vt 0.937500 0.469158
vt 0.921875 0.469158
vt 0.953125 0.469158
vt 0.953125 0.469158
vt 0.968750 0.469158
vt 0.968750 0.469158
vt 0.968750 0.469158
vt 0.953125 0.469158
vt 0.984375 0.469158
vt 0.984375 0.469158
vt 1.000000 0.469158
vt 1.000000 0.469158
vt 1.000000 0.469158
vt 0.984375 0.469158
vt 0.356605 0.469158
vt 0.356605 0.469158
vt 0.356605 0.469158
vn -0.000001 0.000000 -1.000000
vn -0.098017 0.000000 -0.995185
vn -0.098017 0.000000 -0.995185
vn -0.000001 0.000000 -1.000000
vn -0.195090 0.000000 -0.980785
vn -0.195090 0.000000 -0.980785
vn -0.098017 0.000000 -0.995185
vn -0.098017 0.000000 -0.995185
vn -0.195090 0.000000 -0.980785
vn -0.098017 0.000000 -0.995185
vn -0.098017 0.000000 -0.995185
vn -0.195090 0.000000 -0.980785
vn -0.000001 0.000000 -1.000000
vn -0.000001 0.000000 -1.000000
vn -0.098017 0.000000 -0.995185
vn -0.098017 0.000000 -0.995185
vn -0.195090 0.000000 -0.980785
vn -0.290285 0.000000 -0.956940
vn -0.290284 0.000000 -0.956940
vn -0.195090 0.000000 -0.980785
vn -0.382683 0.000000 -0.923880
vn -0.382683 0.000000 -0.923880
vn -0.290284 0.000000 -0.956940
vn -0.290285 0.000000 -0.956940
vn -0.382683 0.000000 -0.923880
vn -0.290284 0.000000 -0.956940
vn -0.290284 0.000000 -0.956940
vn -0.382683 0.000000 -0.923880
vn -0.195090 0.000000 -0.980785
vn -0.195090 0.000000 -0.980785
vn -0.290284 0.000000 -0.956940
vn -0.290284 0.000000 -0.956940
vn -0.382683 0.000000 -0.923880
vn -0.471397 0.000000 -0.881921
vn -0.471397 0.000000 -0.881921
vn -0.382683 0.000000 -0.923880
vn -0.555570 0.000000 -0.831470
vn -0.555570 0.000000 -0.831470
vn -0.471397 0.000000 -0.881921
vn -0.471397 0.000000 -0.881921
vn -0.555570 0.000000 -0.831470
vn -0.471397 0.000000 -0.881921
vn -0.471397 0.000000 -0.881921
vn -0.555570 0.000000 -0.831470
vn -0.382683 0.000000 -0.923880
vn -0.382683 0.000000 -0.923880
vn -0.471397 0.000000 -0.881921
vn -0.471397 0.000000 -0.881921
vn -0.555570 0.000000 -0.831470
vn -0.634393 0.000000 -0.773010
vn -0.634393 0.000000 -0.773010
vn -0.555570 0.000000 -0.831470
vn -0.707107 0.000000 -0.707107
vn -0.707107 0.000000 -0.707107
vn -0.634393 0.000000 -0.773010
vn -0.634393 0.000000 -0.773010
vn -0.707107 0.000000 -0.707107
vn -0.634393 0.000000 -0.773010
vn -0.634393 0.000000 -0.773010
vn -0.707107 0.000000 -0.707107
vn -0.555570 0.000000 -0.831470
vn -0.555570 0.000000 -0.831470
vn -0.634393 0.000000 -0.773010
vn -0.634393 0.000000 -0.773010
vn -0.707107 0.000000 -0.707107
vn -0.773010 0.000000 -0.634393
vn -0.773010 0.000000 -0.634393
vn -0.707107 0.000000 -0.707107
vn -0.831469 0.000000 -0.555571
vn -0.831469 0.000000 -0.555571
vn -0.773010 0.000000 -0.634393
vn -0.773010 0.000000 -0.634393
vn -0.831469 0.000000 -0.555571
vn -0.773010 0.000000 -0.634393
vn -0.773010 0.000000 -0.634393
vn -0.831469 0.000000 -0.555571
vn -0.707107 0.000000 -0.707107
vn -0.707107 0.000000 -0.707107
vn -0.773010 0.000000 -0.634393
vn -0.773010 0.000000 -0.634393
vn -0.831469 0.000000 -0.555571
vn -0.881921 0.000000 -0.471397
vn -0.881921 0.000000 -0.471397
vn -0.831469 0.000000 -0.555571
vn -0.923880 0.000000 -0.382683
vn -0.923880 0.000000 -0.382683
vn -0.881921 0.000000 -0.471397
vn -0.881921 0.000000 -0.471397
vn -0.923880 0.000000 -0.382683
vn -0.881921 0.000000 -0.471397
vn -0.881921 0.000000 -0.471397
vn -0.923880 0.000000 -0.382683
vn -0.831469 0.000000 -0.555571
vn -0.831469 0.000000 -0.555571
vn -0.881921 0.000000 -0.471397
vn -0.881921 0.000000 -0.471397
vn -0.923880 0.000000 -0.382683
vn -0.956941 0.000000 -0.290284
vn -0.956941 0.000000 -0.290284
vn -0.923880 0.000000 -0.382683
vn -0.980785 0.000000 -0.195090
vn -0.980785 0.000000 -0.195090
vn -0.956941 0.000000 -0.290284
vn -0.956941 0.000000 -0.290284
vn -0.980785 0.000000 -0.195090
vn -0.956941 0.000000 -0.290284
vn -0.956941 0.000000 -0.290284
vn -0.980785 0.000000 -0.195090
vn -0.923880 0.000000 -0.382683
vn -0.923880 0.000000 -0.382683
vn -0.956941 0.000000 -0.290284
vn -0.956941 0.000000 -0.290284
vn -0.980785 0.000000 -0.195090
vn -0.995185 0.000000 -0.098017
vn -0.995185 0.000000 -0.098017
vn -0.980785 0.000000 -0.195090
vn -1.000000 0.000000 0.000000
vn -1.000000 0.000000 0.000000
vn -0.995185 0.000000 -0.098017
vn -0.995185 0.000000 -0.098017
vn -1.000000 0.000000 0.000000
vn -0.995185 0.000000 -0.098017
vn -0.995185 0.000000 -0.098017
vn -1.000000 0.000000 0.000000
vn -0.980785 0.000000 -0.195090
vn -0.980785 0.000000 -0.195090
vn -0.995185 0.000000 -0.098017
vn -0.995185 0.000000 -0.098017
vn -1.000000 0.000000 0.000000
vn -0.995185 0.000000 0.098018
vn -0.995185 0.000000 0.098018
vn -1.000000 0.000000 0.000000
vn -0.980785 0.000000 0.195091
vn -0.980785 0.000000 0.195091
vn -0.995185 0.000000 0.098018
vn -0.995185 0.000000 0.098018
vn -0.980785 0.000000 0.195091
vn -0.995185 0.000000 0.098018
vn -0.995185 0.000000 0.098018
vn -0.980785 0.000000 0.195091
vn -1.000000 0.000000 0.000000
vn -1.000000 0.000000 0.000000
vn -0.995185 0.000000 0.098018
vn -0.995185 0.000000 0.098018
vn -0.980785 0.000000 0.195091
vn -0.956940 0.000000 0.290285
vn -0.956940 0.000000 0.290285
vn -0.980785 0.000000 0.195091
vn -0.923879 0.000000 0.382684
vn -0.923879 0.000000 0.382684
vn -0.956940 0.000000 0.290285
vn -0.956940 0.000000 0.290285
vn -0.923879 0.000000 0.382684
vn -0.956940 0.000000 0.290285
vn -0.956940 0.000000 0.290285
vn -0.923879 0.000000 0.382684
vn -0.980785 0.000000 0.195091
vn -0.980785 0.000000 0.195091
vn -0.956940 0.000000 0.290285
vn -0.956940 0.000000 0.290285
vn -0.923879 0.000000 0.382684
vn -0.883526 0.000000 0.468382
vn -0.883526 0.000000 0.468382
vn -0.923879 0.000000 0.382684
vn -0.835439 0.000000 0.549584
vn -0.835439 0.000000 0.549584
vn -0.883526 0.000000 0.468382
vn -0.883526 0.000000 0.468382
vn -0.835439 0.000000 0.549584
vn -0.883526 0.000000 0.468382
vn -0.883526 0.000000 0.468382
vn -0.835439 0.000000 0.549584
vn -0.923879 0.000000 0.382684
vn -0.923879 0.000000 0.382684
vn -0.883526 0.000000 0.468382
vn -0.883526 0.000000 0.468382
vn -0.773010 0.000000 0.634394
vn -0.730762 0.000000 0.682632
vn -0.730762 0.000000 0.682632
vn -0.773010 0.000000 0.634394
vn -0.664416 0.000000 0.747363
vn -0.664416 0.000000 0.747363
vn -0.730762 0.000000 0.682632
vn -0.730762 0.000000 0.682632
vn -0.664416 0.000000 0.747363
vn -0.730763 0.000000 0.682632
vn -0.730762 0.000000 0.682632
vn -0.664416 0.000000 0.747363
vn -0.773010 0.000000 0.634394
vn -0.773010 0.000000 0.634394
vn -0.730762 0.000000 0.682632
vn -0.730763 0.000000 0.682632
vn -0.664416 0.000000 0.747363
vn -0.619564 0.000000 0.784946
vn -0.619564 0.000000 0.784946
vn -0.664416 0.000000 0.747363
vn -0.555570 0.000000 0.831470
vn -0.555570 0.000000 0.831470
vn -0.619564 0.000000 0.784946
vn -0.619564 0.000000 0.784946
vn -0.555570 0.000000 0.831470
vn -0.619564 0.000000 0.784946
vn -0.619564 0.000000 0.784946
vn -0.555570 0.000000 0.831470
vn -0.664416 0.000000 0.747363
vn -0.664416 0.000000 0.747363
vn -0.619564 0.000000 0.784946
vn -0.619564 0.000000 0.784946
vn -0.555570 0.000000 0.831470
vn -0.471396 0.000000 0.881922
vn -0.471396 0.000000 0.881922
vn -0.555570 0.000000 0.831470
vn -0.382683 0.000000 0.923880
vn -0.382683 0.000000 0.923880
vn -0.471396 0.000000 0.881922
vn -0.471396 0.000000 0.881922
vn -0.382683 0.000000 0.923880
vn -0.471396 0.000000 0.881922
vn -0.471396 0.000000 0.881922
vn -0.382683 0.000000 0.923880
vn -0.555570 0.000000 0.831470
vn -0.555570 0.000000 0.831470
vn -0.471396 0.000000 0.881922
vn -0.471396 0.000000 0.881922
vn -0.382683 0.000000 0.923880
vn -0.290296 0.000000 0.956937
vn -0.290284 0.000000 0.956941
vn -0.382683 0.000000 0.923880
vn -0.195139 0.000000 0.980776
vn -0.195090 0.000000 0.980785
vn -0.290284 0.000000 0.956941
vn -0.290296 0.000000 0.956937
vn -0.195040 0.000000 0.980795
vn -0.290272 0.000000 0.956944
vn -0.290284 0.000000 0.956941
vn -0.195090 0.000000 0.980785
vn -0.382683 0.000000 0.923880
vn -0.382683 0.000000 0.923880
vn -0.290284 0.000000 0.956941
vn -0.290272 0.000000 0.956944
vn -0.195139 0.000000 0.980776
vn -0.098091 0.000000 0.995177
vn -0.098016 0.000000 0.995185
vn -0.195090 0.000000 0.980785
vn -0.000049 0.000000 1.000000
vn 0.000001 -0.000000 1.000000
vn -0.098016 0.000000 0.995185
vn -0.098091 0.000000 0.995177
vn 0.000051 -0.000000 1.000000
vn -0.097942 0.000000 0.995192
vn -0.098016 0.000000 0.995185
vn 0.000001 -0.000000 1.000000
vn -0.195040 0.000000 0.980795
vn -0.195090 0.000000 0.980785
vn -0.098016 0.000000 0.995185
vn -0.097942 0.000000 0.995192
vn -0.000049 0.000000 1.000000
vn 0.098019 -0.000000 0.995185
vn 0.098019 0.000000 0.995185
vn 0.000001 -0.000000 1.000000
vn 0.195141 -0.000000 0.980775
vn 0.195092 -0.000000 0.980785
vn 0.098019 0.000000 0.995185
vn 0.098019 -0.000000 0.995185
vn 0.195042 0.000000 0.980795
vn 0.098019 0.000000 0.995185
vn 0.098019 0.000000 0.995185
vn 0.195092 -0.000000 0.980785
vn 0.000051 -0.000000 1.000000
vn 0.000001 -0.000000 1.000000
vn 0.098019 0.000000 0.995185
vn 0.098019 0.000000 0.995185
vn 0.195141 -0.000000 0.980775
vn 0.290358 -0.000000 0.956918
vn 0.290286 -0.000000 0.956940
vn 0.195092 -0.000000 0.980785
vn 0.382731 -0.000000 0.923860
vn 0.382685 -0.000000 0.923879
vn 0.290286 -0.000000 0.956940
vn 0.290358 -0.000000 0.956918
vn 0.382638 0.000000 0.923898
vn 0.290214 0.000000 0.956962
vn 0.290286 -0.000000 0.956940
vn 0.382685 -0.000000 0.923879
vn 0.195042 0.000000 0.980795
vn 0.195092 -0.000000 0.980785
vn 0.290286 -0.000000 0.956940
vn 0.290214 0.000000 0.956962
vn 0.382731 -0.000000 0.923860
vn 0.471409 -0.000000 0.881915
vn 0.471398 -0.000000 0.881921
vn 0.382685 -0.000000 0.923879
vn 0.555571 -0.000000 0.831469
vn 0.555571 -0.000000 0.831469
vn 0.471398 -0.000000 0.881921
vn 0.471409 -0.000000 0.881915
vn 0.555571 -0.000000 0.831469
vn 0.471387 -0.000000 0.881927
vn 0.471398 -0.000000 0.881921
vn 0.555571 -0.000000 0.831469
vn 0.382638 0.000000 0.923898
vn 0.382685 -0.000000 0.923879
vn 0.471398 -0.000000 0.881921
vn 0.471387 -0.000000 0.881927
vn 0.555571 -0.000000 0.831469
vn 0.634394 -0.000000 0.773010
vn 0.634394 -0.000000 0.773010
vn 0.555571 -0.000000 0.831469
vn 0.707107 -0.000000 0.707106
vn 0.707107 -0.000000 0.707106
vn 0.634394 -0.000000 0.773010
vn 0.634394 -0.000000 0.773010
vn 0.707107 -0.000000 0.707106
vn 0.634394 -0.000000 0.773010
vn 0.634394 -0.000000 0.773010
vn 0.707107 -0.000000 0.707106
vn 0.555571 -0.000000 0.831469
vn 0.555571 -0.000000 0.831469
vn 0.634394 -0.000000 0.773010
vn 0.634394 -0.000000 0.773010
vn 0.707107 -0.000000 0.707106
vn 0.773011 -0.000000 0.634393
vn 0.773011 0.000000 0.634393
vn 0.707107 -0.000000 0.707106
vn 0.831470 0.000000 0.555569
vn 0.831470 0.000000 0.555569
vn 0.773011 0.000000 0.634393
vn 0.773011 -0.000000 0.634393
vn 0.831470 0.000000 0.555569
vn 0.773011 0.000000 0.634393
vn 0.773011 0.000000 0.634393
vn 0.831470 0.000000 0.555569
vn 0.707107 -0.000000 0.707106
vn 0.707107 -0.000000 0.707106
vn 0.773011 0.000000 0.634393
vn 0.773011 0.000000 0.634393
vn 0.831470 0.000000 0.555569
vn 0.881922 0.000000 0.471395
vn 0.881922 0.000000 0.471395
vn 0.831470 0.000000 0.555569
vn 0.923881 0.000000 0.382681
vn 0.923881 0.000000 0.382681
vn 0.881922 0.000000 0.471395
vn 0.881922 0.000000 0.471395
vn 0.923881 0.000000 0.382681
vn 0.881922 0.000000 0.471395
vn 0.881922 0.000000 0.471395
vn 0.923881 0.000000 0.382681
vn 0.831470 0.000000 0.555569
vn 0.831470 0.000000 0.555569
vn 0.881922 0.000000 0.471395
vn 0.881922 0.000000 0.471395
vn 0.923881 0.000000 0.382681
vn 0.956941 0.000000 0.290283
vn 0.956941 0.000000 0.290282
vn 0.923881 0.000000 0.382681
vn 0.980786 0.000001 0.195089
vn 0.980786 0.000000 0.195089
vn 0.956941 0.000000 0.290282
vn 0.956941 0.000000 0.290283
vn 0.980786 0.000000 0.195089
vn 0.956941 0.000000 0.290282
vn 0.956941 0.000000 0.290282
vn 0.980786 0.000000 0.195089
vn 0.923881 0.000000 0.382681
vn 0.923881 0.000000 0.382681
vn 0.956941 0.000000 0.290282
vn 0.956941 0.000000 0.290282
vn 0.980786 0.000001 0.195089
vn 0.995185 0.000001 0.098016
vn 0.995185 0.000001 0.098016
vn 0.980786 0.000000 0.195089
vn 1.000000 0.000001 -0.000001
vn 1.000000 0.000001 -0.000001
vn 0.995185 0.000001 0.098016
vn 0.995185 0.000001 0.098016
vn 1.000000 0.000001 -0.000001
vn 0.995185 0.000001 0.098016
vn 0.995185 0.000001 0.098016
vn 1.000000 0.000001 -0.000001
vn 0.980786 0.000000 0.195089
vn 0.980786 0.000000 0.195089
vn 0.995185 0.000001 0.098016
vn 0.995185 0.000001 0.098016
vn 1.000000 0.000001 -0.000001
vn 0.995185 0.000001 -0.098019
vn 0.995185 0.000001 -0.098019
vn 1.000000 0.000001 -0.000001
vn 0.980785 0.000001 -0.195092
vn 0.980785 0.000001 -0.195092
vn 0.995185 0.000001 -0.098019
vn 0.995185 0.000001 -0.098019
vn 0.980785 0.000001 -0.195092
vn 0.995185 0.000001 -0.098019
vn 0.995185 0.000001 -0.098019
vn 0.980785 0.000001 -0.195092
vn 1.000000 0.000001 -0.000001
vn 1.000000 0.000001 -0.000001
vn 0.995185 0.000001 -0.098019
vn 0.995185 0.000001 -0.098019
vn 0.980785 0.000001 -0.195092
vn 0.956940 0.000000 -0.290287
vn 0.956940 0.000001 -0.290286
vn 0.980785 0.000001 -0.195092
vn 0.923879 0.000000 -0.382685
vn 0.923879 0.000000 -0.382685
vn 0.956940 0.000001 -0.290286
vn 0.956940 0.000000 -0.290287
vn 0.923879 0.000001 -0.382685
vn 0.956940 0.000001 -0.290286
vn 0.956940 0.000001 -0.290286
vn 0.923879 0.000000 -0.382685
vn 0.980785 0.000001 -0.195092
vn 0.980785 0.000001 -0.195092
vn 0.956940 0.000001 -0.290286
vn 0.956940 0.000001 -0.290286
vn 0.923879 0.000000 -0.382685
vn 0.881920 0.000000 -0.471399
vn 0.881920 0.000000 -0.471399
vn 0.923879 0.000000 -0.382685
vn 0.831469 0.000000 -0.555572
vn 0.831468 0.000000 -0.555572
vn 0.881920 0.000000 -0.471399
vn 0.881920 0.000000 -0.471399
vn 0.831469 0.000000 -0.555572
vn 0.881920 0.000000 -0.471399
vn 0.881920 0.000000 -0.471399
vn 0.831468 0.000000 -0.555572
vn 0.923879 0.000001 -0.382685
vn 0.923879 0.000000 -0.382685
vn 0.881920 0.000000 -0.471399
vn 0.881920 0.000000 -0.471399
vn 0.831469 0.000000 -0.555572
vn 0.773009 0.000000 -0.634395
vn 0.773009 0.000000 -0.634395
vn 0.831468 0.000000 -0.555572
vn 0.707106 0.000000 -0.707108
vn 0.707106 0.000000 -0.707108
vn 0.773009 0.000000 -0.634395
vn 0.773009 0.000000 -0.634395
vn 0.707106 0.000000 -0.707108
vn 0.773009 0.000000 -0.634395
vn 0.773009 0.000000 -0.634395
vn 0.707106 0.000000 -0.707108
vn 0.831469 0.000000 -0.555572
vn 0.831468 0.000000 -0.555572
vn 0.773009 0.000000 -0.634395
vn 0.773009 0.000000 -0.634395
vn 0.707106 0.000000 -0.707108
vn 0.634392 0.000000 -0.773012
vn 0.634392 0.000000 -0.773012
vn 0.707106 0.000000 -0.707108
vn 0.555569 0.000000 -0.831471
vn 0.555569 0.000000 -0.831471
vn 0.634392 0.000000 -0.773012
vn 0.634392 0.000000 -0.773012
vn 0.555569 0.000000 -0.831471
vn 0.634392 0.000000 -0.773012
vn 0.634392 0.000000 -0.773012
vn 0.555569 0.000000 -0.831471
vn 0.707106 0.000000 -0.707108
vn 0.707106 0.000000 -0.707108
vn 0.634392 0.000000 -0.773012
vn 0.634392 0.000000 -0.773012
vn 0.555569 0.000000 -0.831471
vn 0.471394 0.000000 -0.881923
vn 0.471394 0.000000 -0.881923
vn 0.555569 0.000000 -0.831471
vn 0.382681 0.000000 -0.923881
vn 0.382681 0.000000 -0.923881
vn 0.471394 0.000000 -0.881923
vn 0.471394 0.000000 -0.881923
vn 0.382681 0.000000 -0.923881
vn 0.471394 0.000000 -0.881923
vn 0.471394 0.000000 -0.881923
vn 0.382681 0.000000 -0.923881
vn 0.555569 0.000000 -0.831471
vn 0.555569 0.000000 -0.831471
vn 0.471394 0.000000 -0.881923
vn 0.471394 0.000000 -0.881923
vn 0.382681 0.000000 -0.923881
vn 0.290283 0.000000 -0.956941
vn 0.290283 0.000000 -0.956941
vn 0.382681 0.000000 -0.923881
vn 0.195089 0.000000 -0.980786
vn 0.195089 0.000001 -0.980786
vn 0.290283 0.000000 -0.956941
vn 0.290283 0.000000 -0.956941
vn 0.195089 0.000001 -0.980786
vn 0.290283 0.000001 -0.956941
vn 0.290283 0.000000 -0.956941
vn 0.195089 0.000001 -0.980786
vn 0.382681 0.000000 -0.923881
vn 0.382681 0.000000 -0.923881
vn 0.290283 0.000000 -0.956941
vn 0.290283 0.000001 -0.956941
vn 0.195089 0.000000 -0.980786
vn 0.098016 0.000000 -0.995185
vn 0.098016 0.000000 -0.995185
vn 0.195089 0.000001 -0.980786
vn -0.000001 0.000000 -1.000000
vn -0.000001 0.000000 -1.000000
vn 0.098016 0.000000 -0.995185
vn 0.098016 0.000000 -0.995185
vn -0.000001 0.000000 -1.000000
vn 0.098016 0.000001 -0.995185
vn 0.098016 0.000000 -0.995185
vn -0.000001 0.000000 -1.000000
vn 0.195089 0.000001 -0.980786
vn 0.195089 0.000001 -0.980786
vn 0.098016 0.000000 -0.995185
vn 0.098016 0.000001 -0.995185
vn -0.835439 0.000000 0.549584
vn -0.790623 0.000000 0.612304
vn -0.790622 0.000000 0.612304
vn -0.835439 0.000000 0.549584
vn -0.773010 0.000000 0.634394
vn -0.773010 0.000000 0.634394
vn -0.790622 0.000000 0.612304
vn -0.790623 0.000000 0.612304
vn -0.773010 0.000000 0.634394
vn -0.790622 0.000000 0.612304
vn -0.790622 0.000000 0.612304
vn -0.773010 0.000000 0.634394
vn -0.835439 0.000000 0.549584
vn -0.835439 0.000000 0.549584
vn -0.790622 0.000000 0.612304
vn -0.790622 0.000000 0.612304
s off
g Poke:Object001
usemtl Poke:phong2SG
f 833/822/3117 965/823/3118 866/824/3119 899/825/3120
f 834/826/3121 900/827/3122 866/824/3123 965/823/3124
f 801/828/3125 932/829/3126 866/824/3127 900/827/3128
f 800/830/3129 899/825/3130 866/824/3131 932/829/3132
f 834/826/3133 966/831/3134 867/832/3135 900/827/3136
f 835/833/3137 901/834/3138 867/832/3139 966/831/3140
f 802/835/3141 933/836/3142 867/832/3143 901/834/3144
f 801/828/3145 900/827/3146 867/832/3147 933/836/3148
f 835/833/3149 967/837/3150 868/838/3151 901/834/3152
f 836/839/3153 902/840/3154 868/838/3155 967/837/3156
f 803/841/3157 934/842/3158 868/838/3159 902/840/3160
f 802/835/3161 901/834/3162 868/838/3163 934/842/3164
f 836/839/3165 968/843/3166 869/844/3167 902/840/3168
f 837/845/3169 903/846/3170 869/844/3171 968/843/3172
f 804/847/3173 935/848/3174 869/844/3175 903/846/3176
f 803/841/3177 902/840/3178 869/844/3179 935/848/3180
f 837/845/3181 969/849/3182 870/850/3183 903/846/3184
f 838/851/3185 904/852/3186 870/850/3187 969/849/3188
f 805/853/3189 936/854/3190 870/850/3191 904/852/3192
f 804/847/3193 903/846/3194 870/850/3195 936/854/3196
f 838/851/3197 970/855/3198 871/856/3199 904/852/3200
f 839/857/3201 905/858/3202 871/856/3203 970/855/3204
f 806/859/3205 937/860/3206 871/856/3207 905/858/3208
f 805/853/3209 904/852/3210 871/856/3211 937/860/3212
f 839/857/3213 971/861/3214 872/862/3215 905/858/3216
f 840/863/3217 906/864/3218 872/862/3219 971/861/3220
f 807/865/3221 938/866/3222 872/862/3223 906/864/3224
f 806/859/3225 905/858/3226 872/862/3227 938/866/3228
f 840/863/3229 972/867/3230 873/868/3231 906/864/3232
f 841/869/3233 907/870/3234 873/868/3235 972/867/3236
f 808/871/3237 939/872/3238 873/868/3239 907/870/3240
f 807/865/3241 906/864/3242 873/868/3243 939/872/3244
f 841/869/3245 973/873/3246 874/874/3247 907/870/3248
f 842/875/3249 908/876/3250 874/874/3251 973/873/3252
f 809/877/3253 940/878/3254 874/874/3255 908/876/3256
f 808/871/3257 907/870/3258 874/874/3259 940/878/3260
f 842/875/3261 974/879/3262 875/880/3263 908/876/3264
f 843/881/3265 909/882/3266 875/880/3267 974/879/3268
f 810/883/3269 941/884/3270 875/880/3271 909/882/3272
f 809/877/3273 908/876/3274 875/880/3275 941/884/3276
f 843/881/3277 975/885/3278 876/886/3279 909/882/3280
f 844/887/3281 910/888/3282 876/886/3283 975/885/3284
f 811/889/3285 942/890/3286 876/886/3287 910/888/3288
f 810/883/3289 909/882/3290 876/886/3291 942/890/3292
f 865/891/3293 976/892/3294 877/893/3295 931/894/3296
f 845/895/3297 911/896/3298 877/893/3299 976/892/3300
f 812/897/3301 943/898/3302 877/893/3303 911/896/3304
f 832/899/3305 931/894/3306 877/893/3307 943/898/3308
f 845/895/3309 977/900/3310 878/901/3311 911/896/3312
f 846/902/3313 912/903/3314 878/901/3315 977/900/3316
f 813/904/3317 944/905/3318 878/901/3319 912/903/3320
f 812/897/3321 911/896/3322 878/901/3323 944/905/3324
f 846/902/3325 978/906/3326 879/907/3327 912/903/3328
f 847/908/3329 913/909/3330 879/907/3331 978/906/3332
f 814/910/3333 945/911/3334 879/907/3335 913/909/3336
f 813/904/3337 912/903/3338 879/907/3339 945/911/3340
f 847/908/3341 979/912/3342 880/913/3343 913/909/3344
f 848/914/3345 914/915/3346 880/913/3347 979/912/3348
f 815/916/3349 946/917/3350 880/913/3351 914/915/3352
f 814/910/3353 913/909/3354 880/913/3355 946/917/3356
f 848/914/3357 980/918/3358 881/919/3359 914/915/3360
f 849/920/3361 915/921/3362 881/919/3363 980/918/3364
f 816/922/3365 947/923/3366 881/919/3367 915/921/3368
f 815/916/3369 914/915/3370 881/919/3371 947/923/3372
f 849/920/3373 981/924/3374 882/925/3375 915/921/3376
f 850/926/3377 916/927/3378 882/925/3379 981/924/3380
f 817/928/3381 948/929/3382 882/925/3383 916/927/3384
f 816/922/3385 915/921/3386 882/925/3387 948/929/3388
f 850/926/3389 982/930/3390 883/931/3391 916/927/3392
f 851/932/3393 917/933/3394 883/931/3395 982/930/3396
f 818/934/3397 949/935/3398 883/931/3399 917/933/3400
f 817/928/3401 916/927/3402 883/931/3403 949/935/3404
f 851/932/3405 983/936/3406 884/937/3407 917/933/3408
f 852/938/3409 918/939/3410 884/937/3411 983/936/3412
f 819/940/3413 950/941/3414 884/937/3415 918/939/3416
f 818/934/3417 917/933/3418 884/937/3419 950/941/3420
f 852/938/3421 984/942/3422 885/943/3423 918/939/3424
f 853/944/3425 919/945/3426 885/943/3427 984/942/3428
f 820/946/3429 951/947/3430 885/943/3431 919/945/3432
f 819/940/3433 918/939/3434 885/943/3435 951/947/3436
f 853/944/3437 985/948/3438 886/949/3439 919/945/3440
f 854/950/3441 920/951/3442 886/949/3443 985/948/3444
f 821/952/3445 952/953/3446 886/949/3447 920/951/3448
f 820/946/3449 919/945/3450 886/949/3451 952/953/3452
f 854/950/3453 986/954/3454 887/955/3455 920/951/3456
f 855/956/3457 921/957/3458 887/955/3459 986/954/3460
f 822/958/3461 953/959/3462 887/955/3463 921/957/3464
f 821/952/3465 920/951/3466 887/955/3467 953/959/3468
f 855/956/3469 987/960/3470 888/961/3471 921/957/3472
f 856/962/3473 922/963/3474 888/961/3475 987/960/3476
f 823/964/3477 954/965/3478 888/961/3479 922/963/3480
f 822/958/3481 921/957/3482 888/961/3483 954/965/3484
f 856/962/3485 988/966/3486 889/967/3487 922/963/3488
f 857/968/3489 923/969/3490 889/967/3491 988/966/3492
f 824/970/3493 955/971/3494 889/967/3495 923/969/3496
f 823/964/3497 922/963/3498 889/967/3499 955/971/3500
f 857/968/3501 989/972/3502 890/973/3503 923/969/3504
f 858/974/3505 924/975/3506 890/973/3507 989/972/3508
f 825/976/3509 956/977/3510 890/973/3511 924/975/3512
f 824/970/3513 923/969/3514 890/973/3515 956/977/3516
f 858/974/3517 990/978/3518 891/979/3519 924/975/3520
f 859/980/3521 925/981/3522 891/979/3523 990/978/3524
f 826/982/3525 957/983/3526 891/979/3527 925/981/3528
f 825/976/3529 924/975/3530 891/979/3531 957/983/3532
f 859/980/3533 991/984/3534 892/985/3535 925/981/3536
f 860/986/3537 926/987/3538 892/985/3539 991/984/3540
f 827/988/3541 958/989/3542 892/985/3543 926/987/3544
f 826/982/3545 925/981/3546 892/985/3547 958/989/3548
f 860/986/3549 992/990/3550 893/991/3551 926/987/3552
f 861/992/3553 927/993/3554 893/991/3555 992/990/3556
f 828/994/3557 959/995/3558 893/991/3559 927/993/3560
f 827/988/3561 926/987/3562 893/991/3563 959/995/3564
f 861/992/3565 993/996/3566 894/997/3567 927/993/3568
f 862/998/3569 928/999/3570 894/997/3571 993/996/3572
f 829/1000/3573 960/1001/3574 894/997/3575 928/999/3576
f 828/994/3577 927/993/3578 894/997/3579 960/1001/3580
f 862/998/3581 994/1002/3582 895/1003/3583 928/999/3584
f 863/1004/3585 929/1005/3586 895/1003/3587 994/1002/3588
f 830/1006/3589 961/1007/3590 895/1003/3591 929/1005/3592
f 829/1000/3593 928/999/3594 895/1003/3595 961/1007/3596
f 863/1004/3597 995/1008/3598 896/1009/3599 929/1005/3600
f 864/1010/3601 930/1011/3602 896/1009/3603 995/1008/3604
f 831/1012/3605 962/1013/3606 896/1009/3607 930/1011/3608
f 830/1006/3609 929/1005/3610 896/1009/3611 962/1013/3612
f 864/1010/3613 996/1014/3614 897/1015/3615 930/1011/3616
f 833/1016/3617 899/1017/3618 897/1015/3619 996/1014/3620
f 800/1018/3621 963/1019/3622 897/1015/3623 899/1017/3624
f 831/1012/3625 930/1011/3626 897/1015/3627 963/1019/3628
f 844/887/3629 997/1020/3630 898/1021/3631 910/888/3632
f 865/891/3633 931/894/3634 898/1021/3635 997/1020/3636
f 832/899/3637 964/1022/3638 898/1021/3639 931/894/3640
f 811/889/3641 910/888/3642 898/1021/3643 964/1022/3644
g default
v 4.790545 1.548318 0.083119
v 4.790544 1.531227 -0.061424
v 4.762345 1.531227 -0.058647
v 4.735230 1.531227 -0.050422
v 4.710240 1.531227 -0.037064
v 4.688336 1.531227 -0.019088
v 4.670360 1.531227 0.002815
v 4.657004 1.531227 0.027805
v 4.648778 1.531227 0.054921
v 4.646001 1.531227 0.083119
v 4.648778 1.531227 0.111318
v 4.657004 1.531227 0.138434
v 4.670360 1.531227 0.163424
v 4.688336 1.531227 0.185327
v 4.710240 1.531227 0.203303
v 4.735230 1.531227 0.216661
v 4.762345 1.531227 0.224886
v 4.790545 1.531227 0.227663
v 4.818744 1.531227 0.224886
v 4.845859 1.531227 0.216661
v 4.870849 1.531227 0.203303
v 4.892752 1.531227 0.185327
v 4.910728 1.531227 0.163423
v 4.924085 1.531227 0.138434
v 4.932311 1.531227 0.111318
v 4.935088 1.531227 0.083119
v 4.932311 1.531227 0.054920
v 4.924085 1.531227 0.027805
v 4.910728 1.531227 0.002815
v 4.892752 1.531227 -0.019089
v 4.870849 1.531227 -0.037065
v 4.845858 1.531227 -0.050422
v 4.818743 1.531227 -0.058647
v 4.790544 1.490019 -0.194627
v 4.736359 1.490019 -0.189290
v 4.684255 1.490019 -0.173485
v 4.636237 1.490019 -0.147818
v 4.594148 1.490019 -0.113277
v 4.559607 1.490019 -0.071189
v 4.533940 1.490019 -0.023170
v 4.518135 1.490019 0.028934
v 4.512798 1.490019 0.083119
v 4.518135 1.490019 0.137305
v 4.533940 1.490019 0.189409
v 4.559607 1.490019 0.237428
v 4.594148 1.490019 0.279516
v 4.636237 1.490019 0.314057
v 4.684256 1.490019 0.339724
v 4.736359 1.490019 0.355529
v 4.790545 1.490019 0.360866
v 4.844731 1.490019 0.355529
v 4.896834 1.490019 0.339724
v 4.944852 1.490019 0.314057
v 4.986941 1.490019 0.279516
v 5.021483 1.490019 0.237427
v 5.047149 1.490019 0.189408
v 5.062954 1.490019 0.137305
v 5.068291 1.490019 0.083119
v 5.062954 1.490019 0.028933
v 5.047149 1.490019 -0.023170
v 5.021482 1.490019 -0.071189
v 4.986940 1.490019 -0.113277
v 4.944852 1.490019 -0.147818
v 4.896833 1.490019 -0.173485
v 4.844730 1.490019 -0.189291
v 4.790544 1.422625 -0.320106
v 4.711879 1.422625 -0.312358
v 4.636237 1.422625 -0.289412
v 4.566524 1.422625 -0.252150
v 4.505421 1.422625 -0.202004
v 4.455275 1.422625 -0.140901
v 4.418012 1.422625 -0.071188
v 4.395067 1.422625 0.004454
v 4.387319 1.422625 0.083119
v 4.395067 1.422625 0.161785
v 4.418013 1.422625 0.237428
v 4.455275 1.422625 0.307140
v 4.505421 1.422625 0.368243
v 4.566524 1.422625 0.418389
v 4.636237 1.422625 0.455651
v 4.711879 1.422625 0.478597
v 4.790545 1.422625 0.486345
v 4.869210 1.422625 0.478597
v 4.944853 1.422625 0.455651
v 5.014565 1.422625 0.418389
v 5.075668 1.422625 0.368242
v 5.125815 1.422625 0.307139
v 5.163076 1.422625 0.237426
v 5.186022 1.422625 0.161784
v 5.193770 1.422625 0.083119
v 5.186022 1.422625 0.004453
v 5.163076 1.422625 -0.071189
v 5.125814 1.422625 -0.140901
v 5.075668 1.422625 -0.202004
v 5.014564 1.422625 -0.252151
v 4.944851 1.422625 -0.289413
v 4.869209 1.422625 -0.312358
v 4.790544 1.331929 -0.430089
v 4.690423 1.331929 -0.420228
v 4.594148 1.331929 -0.391024
v 4.505421 1.331929 -0.343598
v 4.427651 1.331929 -0.279774
v 4.363827 1.331929 -0.202004
v 4.316401 1.331929 -0.113277
v 4.287197 1.331929 -0.017003
v 4.277336 1.331929 0.083119
v 4.287197 1.331929 0.183242
v 4.316402 1.331929 0.279516
v 4.363827 1.331929 0.368243
v 4.427651 1.331929 0.446013
v 4.505421 1.331929 0.509837
v 4.594148 1.331929 0.557263
v 4.690423 1.331929 0.586467
v 4.790545 1.331929 0.596328
v 4.890667 1.331929 0.586467
v 4.986941 1.331929 0.557262
v 5.075669 1.331929 0.509837
v 5.153438 1.331929 0.446012
v 5.217262 1.331929 0.368242
v 5.264688 1.331929 0.279515
v 5.293892 1.331929 0.183241
v 5.303753 1.331929 0.083118
v 5.293892 1.331929 -0.017004
v 5.264687 1.331929 -0.113278
v 5.217261 1.331929 -0.202005
v 5.153437 1.331929 -0.279774
v 5.075667 1.331929 -0.343599
v 4.986940 1.331929 -0.391024
v 4.890666 1.331929 -0.420229
v 4.790544 1.221415 -0.520350
v 4.672813 1.221415 -0.508755
v 4.559607 1.221415 -0.474414
v 4.455275 1.221415 -0.418647
v 4.363827 1.221415 -0.343598
v 4.288778 1.221415 -0.252150
v 4.233011 1.221415 -0.147818
v 4.198670 1.221415 -0.034612
v 4.187075 1.221415 0.083119
v 4.198670 1.221415 0.200851
v 4.233011 1.221415 0.314057
v 4.288778 1.221415 0.418389
v 4.363827 1.221415 0.509837
v 4.455275 1.221415 0.584887
v 4.559607 1.221415 0.640653
v 4.672814 1.221415 0.674994
v 4.790545 1.221415 0.686589
v 4.908276 1.221415 0.674994
v 5.021483 1.221415 0.640653
v 5.125815 1.221415 0.584886
v 5.217262 1.221415 0.509836
v 5.292312 1.221415 0.418388
v 5.348078 1.221415 0.314056
v 5.382419 1.221415 0.200849
v 5.394014 1.221415 0.083118
v 5.382418 1.221415 -0.034613
v 5.348077 1.221415 -0.147820
v 5.292311 1.221415 -0.252151
v 5.217261 1.221415 -0.343599
v 5.125813 1.221415 -0.418648
v 5.021481 1.221415 -0.474414
v 4.908275 1.221415 -0.508755
v 4.790544 1.095330 -0.587420
v 4.659729 1.095330 -0.574536
v 4.533940 1.095330 -0.536379
v 4.418012 1.095330 -0.474414
v 4.316402 1.095330 -0.391024
v 4.233011 1.095330 -0.289412
v 4.171047 1.095330 -0.173485
v 4.132889 1.095330 -0.047696
v 4.120005 1.095330 0.083119
v 4.132889 1.095330 0.213935
v 4.171047 1.095330 0.339724
v 4.233012 1.095330 0.455652
v 4.316402 1.095330 0.557263
v 4.418013 1.095330 0.640653
v 4.533941 1.095330 0.702618
v 4.659729 1.095330 0.740775
v 4.790545 1.095330 0.753659
v 4.921361 1.095330 0.740775
v 5.047149 1.095330 0.702617
v 5.163077 1.095330 0.640652
v 5.264688 1.095330 0.557262
v 5.348078 1.095330 0.455650
v 5.410042 1.095330 0.339723
v 5.448200 1.095330 0.213934
v 5.461084 1.095330 0.083118
v 5.448199 1.095330 -0.047697
v 5.410042 1.095330 -0.173486
v 5.348077 1.095330 -0.289413
v 5.264687 1.095330 -0.391025
v 5.163075 1.095330 -0.474415
v 5.047147 1.095330 -0.536379
v 4.921359 1.095330 -0.574536
v 4.790544 0.958520 -0.628722
v 4.651671 0.958520 -0.615044
v 4.518135 0.958520 -0.574536
v 4.395067 0.958520 -0.508755
v 4.287197 0.958520 -0.420228
v 4.198670 0.958520 -0.312358
v 4.132889 0.958520 -0.189290
v 4.092381 0.958520 -0.055754
v 4.078704 0.958520 0.083119
v 4.092381 0.958520 0.221993
v 4.132890 0.958520 0.355530
v 4.198671 0.958520 0.478597
v 4.287197 0.958520 0.586467
v 4.395067 0.958520 0.674994
v 4.518135 0.958520 0.740775
v 4.651672 0.958520 0.781283
v 4.790545 0.958520 0.794960
v 4.929418 0.958520 0.781282
v 5.062955 0.958520 0.740774
v 5.186023 0.958520 0.674993
v 5.293893 0.958520 0.586467
v 5.382419 0.958520 0.478596
v 5.448200 0.958520 0.355528
v 5.488708 0.958520 0.221992
v 5.502385 0.958520 0.083118
v 5.488708 0.958520 -0.055755
v 5.448199 0.958520 -0.189292
v 5.382418 0.958520 -0.312359
v 5.293891 0.958520 -0.420229
v 5.186021 0.958520 -0.508756
v 5.062953 0.958520 -0.574537
v 4.929416 0.958520 -0.615044
v 4.790544 0.816243 -0.646171
v 4.648267 0.816243 -0.632157
v 4.511457 0.816243 -0.590657
v 4.385373 0.816243 -0.523263
v 4.274859 0.816243 -0.432567
v 4.184162 0.816243 -0.322053
v 4.116768 0.816243 -0.195968
v 4.075267 0.816243 -0.059158
v 4.061254 0.816243 0.083119
v 4.075268 0.816243 0.225397
v 4.116768 0.816243 0.362207
v 4.184162 0.816243 0.488292
v 4.274859 0.816243 0.598806
v 4.385373 0.816243 0.689502
v 4.511458 0.816243 0.756896
v 4.648268 0.816243 0.798396
v 4.790545 0.816243 0.812409
v 4.932823 0.816243 0.798396
v 5.069632 0.816243 0.756895
v 5.195717 0.816243 0.689501
v 5.306231 0.816243 0.598805
v 5.396928 0.816243 0.488291
v 5.464321 0.816243 0.362206
v 5.505822 0.816243 0.225396
v 5.519835 0.816243 0.083118
v 5.505821 0.816243 -0.059159
v 5.464320 0.816243 -0.195969
v 5.396926 0.816243 -0.322054
v 5.306229 0.816243 -0.432568
v 5.195715 0.816243 -0.523264
v 5.069630 0.816243 -0.590657
v 4.932821 0.816243 -0.632158
v 4.790544 0.823746 -0.521885
v 4.672514 0.823746 -0.510260
v 4.559019 0.823746 -0.475832
v 4.454422 0.823746 -0.419923
v 4.362742 0.823746 -0.344683
v 4.287501 0.823746 -0.253003
v 4.231593 0.823746 -0.148406
v 4.197165 0.823746 -0.034911
v 4.185540 0.823746 0.083119
v 4.197165 0.823746 0.201150
v 4.231593 0.823746 0.314645
v 4.287502 0.823746 0.419242
v 4.362742 0.823746 0.510922
v 4.454423 0.823746 0.586162
v 4.559020 0.823746 0.642071
v 4.672514 0.823746 0.676499
v 4.790545 0.823746 0.688124
v 4.908575 0.823746 0.676499
v 5.022070 0.823746 0.642070
v 5.126667 0.823746 0.586162
v 5.218348 0.823746 0.510921
v 5.293587 0.823746 0.419241
v 5.349496 0.823746 0.314644
v 5.383924 0.823746 0.201149
v 5.395549 0.823746 0.083118
v 5.383924 0.823746 -0.034912
v 5.349495 0.823746 -0.148407
v 5.293586 0.823746 -0.253004
v 5.218346 0.823746 -0.344684
v 5.126666 0.823746 -0.419924
v 5.022068 0.823746 -0.475832
v 4.908574 0.823746 -0.510260
v 4.790544 0.876266 -0.504130
v 4.675978 0.876266 -0.492846
v 4.565814 0.876266 -0.459428
v 4.464286 0.876266 -0.405161
v 4.375296 0.876266 -0.332128
v 4.302264 0.876266 -0.243139
v 4.247997 0.876266 -0.141611
v 4.214579 0.876266 -0.031447
v 4.203295 0.876266 0.083119
v 4.214579 0.876266 0.197686
v 4.247997 0.876266 0.307850
v 4.302265 0.876266 0.409378
v 4.375297 0.876266 0.498367
v 4.464287 0.876266 0.571399
v 4.565814 0.876266 0.625667
v 4.675978 0.876266 0.659085
v 4.790545 0.876266 0.670368
v 4.905111 0.876266 0.659085
v 5.015275 0.876266 0.625667
v 5.116803 0.876266 0.571399
v 5.205793 0.876266 0.498367
v 5.278825 0.876266 0.409377
v 5.333093 0.876266 0.307849
v 5.366510 0.876266 0.197685
v 5.377794 0.876266 0.083118
v 5.366509 0.876266 -0.031448
v 5.333092 0.876266 -0.141612
v 5.278824 0.876266 -0.243140
v 5.205791 0.876266 -0.332129
v 5.116801 0.876266 -0.405161
v 5.015274 0.876266 -0.459429
v 4.905110 0.876266 -0.492846
v 4.781248 1.539666 -0.011274
v 4.763011 1.539666 -0.007647
v 4.745832 1.539666 -0.000531
v 4.730372 1.539666 0.009799
v 4.717224 1.539666 0.022947
v 4.706894 1.539666 0.038407
v 4.699778 1.539666 0.055586
v 4.696151 1.539666 0.073822
v 4.696151 1.539666 0.092416
v 4.699778 1.539666 0.110653
v 4.706894 1.539666 0.127832
v 4.717224 1.539666 0.143292
v 4.730372 1.539666 0.156440
v 4.745832 1.539666 0.166770
v 4.763011 1.539666 0.173886
v 4.781248 1.539666 0.177513
v 4.799842 1.539666 0.177513
v 4.818078 1.539666 0.173886
v 4.835257 1.539666 0.166770
v 4.850717 1.539666 0.156440
v 4.863865 1.539666 0.143292
v 4.874195 1.539666 0.127831
v 4.881311 1.539666 0.110653
v 4.884938 1.539666 0.092416
v 4.884938 1.539666 0.073822
v 4.881311 1.539666 0.055586
v 4.874195 1.539666 0.038407
v 4.863865 1.539666 0.022947
v 4.850717 1.539666 0.009799
v 4.835257 1.539666 -0.000531
v 4.818078 1.539666 -0.007647
v 4.799841 1.539666 -0.011274
v 4.769894 1.514122 -0.126546
v 4.729387 1.514122 -0.118489
v 4.691231 1.514122 -0.102684
v 4.656891 1.514122 -0.079738
v 4.627687 1.514122 -0.050535
v 4.604742 1.514122 -0.016194
v 4.588937 1.514122 0.021962
v 4.580879 1.514122 0.062469
v 4.580879 1.514122 0.103770
v 4.588937 1.514122 0.144276
v 4.604742 1.514122 0.182433
v 4.627687 1.514122 0.216774
v 4.656891 1.514122 0.245977
v 4.691231 1.514122 0.268923
v 4.729388 1.514122 0.284728
v 4.769894 1.514122 0.292785
v 4.811195 1.514122 0.292785
v 4.851702 1.514122 0.284728
v 4.889858 1.514122 0.268923
v 4.924199 1.514122 0.245977
v 4.953402 1.514122 0.216773
v 4.976348 1.514122 0.182433
v 4.992153 1.514122 0.144276
v 5.000210 1.514122 0.103769
v 5.000210 1.514122 0.062469
v 4.992152 1.514122 0.021962
v 4.976347 1.514122 -0.016195
v 4.953402 1.514122 -0.050535
v 4.924198 1.514122 -0.079739
v 4.889858 1.514122 -0.102684
v 4.851701 1.514122 -0.118489
v 4.811195 1.514122 -0.126546
v 4.757010 1.459412 -0.257359
v 4.691231 1.459412 -0.244274
v 4.629268 1.459412 -0.218608
v 4.573502 1.459412 -0.181347
v 4.526078 1.459412 -0.133923
v 4.488816 1.459412 -0.078158
v 4.463151 1.459412 -0.016194
v 4.450066 1.459412 0.049585
v 4.450066 1.459412 0.116654
v 4.463151 1.459412 0.182434
v 4.488816 1.459412 0.244397
v 4.526078 1.459412 0.300162
v 4.573503 1.459412 0.347586
v 4.629268 1.459412 0.384847
v 4.691231 1.459412 0.410513
v 4.757011 1.459412 0.423598
v 4.824079 1.459412 0.423598
v 4.889859 1.459412 0.410513
v 4.951822 1.459412 0.384847
v 5.007587 1.459412 0.347586
v 5.055012 1.459412 0.300161
v 5.092272 1.459412 0.244396
v 5.117939 1.459412 0.182433
v 5.131022 1.459412 0.116653
v 5.131022 1.459412 0.049584
v 5.117938 1.459412 -0.016195
v 5.092272 1.459412 -0.078158
v 5.055011 1.459412 -0.133923
v 5.007586 1.459412 -0.181348
v 4.951821 1.459412 -0.218609
v 4.889858 1.459412 -0.244274
v 4.824078 1.459412 -0.257359
v 4.745415 1.379985 -0.375087
v 4.656891 1.379985 -0.357478
v 4.573502 1.379985 -0.322938
v 4.498455 1.379985 -0.272793
v 4.434632 1.379985 -0.208970
v 4.384487 1.379985 -0.133923
v 4.349946 1.379985 -0.050535
v 4.332338 1.379985 0.037990
v 4.332338 1.379985 0.128249
v 4.349946 1.379985 0.216774
v 4.384487 1.379985 0.300162
v 4.434633 1.379985 0.375209
v 4.498455 1.379985 0.439032
v 4.573503 1.379985 0.489177
v 4.656891 1.379985 0.523717
v 4.745415 1.379985 0.541326
v 4.835674 1.379985 0.541326
v 4.924199 1.379985 0.523717
v 5.007587 1.379985 0.489177
v 5.082635 1.379985 0.439031
v 5.146457 1.379985 0.375208
v 5.196602 1.379985 0.300161
v 5.231142 1.379985 0.216773
v 5.248751 1.379985 0.128248
v 5.248751 1.379985 0.037989
v 5.231142 1.379985 -0.050535
v 5.196601 1.379985 -0.133924
v 5.146456 1.379985 -0.208971
v 5.082634 1.379985 -0.272794
v 5.007586 1.379985 -0.322939
v 4.924197 1.379985 -0.357479
v 4.835673 1.379985 -0.375087
v 4.735554 1.278894 -0.475207
v 4.627687 1.278894 -0.453751
v 4.526078 1.278894 -0.411663
v 4.434632 1.278894 -0.350561
v 4.356864 1.278894 -0.272793
v 4.295762 1.278894 -0.181347
v 4.253674 1.278894 -0.079738
v 4.232218 1.278894 0.028129
v 4.232219 1.278894 0.138110
v 4.253674 1.278894 0.245978
v 4.295763 1.278894 0.347586
v 4.356865 1.278894 0.439032
v 4.434633 1.278894 0.516800
v 4.526078 1.278894 0.577902
v 4.627687 1.278894 0.619989
v 4.735555 1.278894 0.641446
v 4.845536 1.278894 0.641446
v 4.953403 1.278894 0.619989
v 5.055012 1.278894 0.577901
v 5.146457 1.278894 0.516799
v 5.224225 1.278894 0.439031
v 5.285327 1.278894 0.347585
v 5.327415 1.278894 0.245977
v 5.348871 1.278894 0.138109
v 5.348870 1.278894 0.028128
v 5.327414 1.278894 -0.079739
v 5.285326 1.278894 -0.181348
v 5.224224 1.278894 -0.272794
v 5.146456 1.278894 -0.350562
v 5.055010 1.278894 -0.411664
v 4.953401 1.278894 -0.453751
v 4.845534 1.278894 -0.475207
v 4.727807 1.160024 -0.553870
v 4.604742 1.160024 -0.529391
v 4.488816 1.160024 -0.481374
v 4.384487 1.160024 -0.411663
v 4.295762 1.160024 -0.322938
v 4.226051 1.160024 -0.218608
v 4.178034 1.160024 -0.102684
v 4.153555 1.160024 0.020381
v 4.153555 1.160024 0.145858
v 4.178034 1.160024 0.268923
v 4.226052 1.160024 0.384848
v 4.295763 1.160024 0.489177
v 4.384488 1.160024 0.577902
v 4.488817 1.160024 0.647613
v 4.604742 1.160024 0.695630
v 4.727807 1.160024 0.720109
v 4.853283 1.160024 0.720109
v 4.976348 1.160024 0.695630
v 5.092273 1.160024 0.647612
v 5.196602 1.160024 0.577901
v 5.285327 1.160024 0.489176
v 5.355038 1.160024 0.384847
v 5.403055 1.160024 0.268922
v 5.427534 1.160024 0.145857
v 5.427534 1.160024 0.020380
v 5.403055 1.160024 -0.102685
v 5.355037 1.160024 -0.218609
v 5.285326 1.160024 -0.322939
v 5.196601 1.160024 -0.411664
v 5.092271 1.160024 -0.481374
v 4.976346 1.160024 -0.529392
v 4.853282 1.160024 -0.553870
v 4.722469 1.027942 -0.608055
v 4.588937 1.027942 -0.581493
v 4.463151 1.027942 -0.529391
v 4.349946 1.027942 -0.453750
v 4.253674 1.027942 -0.357478
v 4.178034 1.027942 -0.244274
v 4.125932 1.027942 -0.118489
v 4.099370 1.027942 0.015045
v 4.099370 1.027942 0.151194
v 4.125932 1.027942 0.284728
v 4.178034 1.027942 0.410513
v 4.253675 1.027942 0.523718
v 4.349947 1.027942 0.619990
v 4.463151 1.027942 0.695630
v 4.588937 1.027942 0.747732
v 4.722471 1.027942 0.774294
v 4.858620 1.027942 0.774293
v 4.992153 1.027942 0.747732
v 5.117939 1.027942 0.695630
v 5.231143 1.027942 0.619989
v 5.327415 1.027942 0.523717
v 5.403055 1.027942 0.410512
v 5.455158 1.027942 0.284727
v 5.481719 1.027942 0.151193
v 5.481719 1.027942 0.015044
v 5.455157 1.027942 -0.118490
v 5.403054 1.027942 -0.244275
v 5.327413 1.027942 -0.357479
v 5.231141 1.027942 -0.453751
v 5.117937 1.027942 -0.529392
v 4.992151 1.027942 -0.581494
v 4.858618 1.027942 -0.608055
v 4.719749 0.887725 -0.635678
v 4.580879 0.887725 -0.608055
v 4.450066 0.887725 -0.553870
v 4.332338 0.887725 -0.475207
v 4.232219 0.887725 -0.375087
v 4.153555 0.887725 -0.257359
v 4.099370 0.887725 -0.126546
v 4.071747 0.887725 0.012324
v 4.071747 0.887725 0.153915
v 4.099370 0.887725 0.292785
v 4.153555 0.887725 0.423598
v 4.232219 0.887725 0.541326
v 4.332339 0.887725 0.641446
v 4.450067 0.887725 0.720109
v 4.580880 0.887725 0.774294
v 4.719750 0.887725 0.801917
v 4.861341 0.887725 0.801916
v 5.000211 0.887725 0.774293
v 5.131023 0.887725 0.720109
v 5.248752 0.887725 0.641445
v 5.348871 0.887725 0.541325
v 5.427535 0.887725 0.423597
v 5.481719 0.887725 0.292784
v 5.509341 0.887725 0.153914
v 5.509341 0.887725 0.012323
v 5.481718 0.887725 -0.126547
v 5.427534 0.887725 -0.257360
v 5.348870 0.887725 -0.375088
v 5.248750 0.887725 -0.475208
v 5.131021 0.887725 -0.553871
v 5.000209 0.887725 -0.608055
v 4.861339 0.887725 -0.635678
v 4.726023 0.816243 -0.571973
v 4.599461 0.816243 -0.546798
v 4.480242 0.816243 -0.497416
v 4.372947 0.816243 -0.425724
v 4.281701 0.816243 -0.334477
v 4.210009 0.816243 -0.227183
v 4.160627 0.816243 -0.107964
v 4.135452 0.816243 0.018599
v 4.135452 0.816243 0.147640
v 4.160627 0.816243 0.274203
v 4.210010 0.816243 0.393422
v 4.281701 0.816243 0.500717
v 4.372948 0.816243 0.591963
v 4.480242 0.816243 0.663655
v 4.599461 0.816243 0.713037
v 4.726024 0.816243 0.738212
v 4.855066 0.816243 0.738212
v 4.981628 0.816243 0.713037
v 5.100848 0.816243 0.663654
v 5.208142 0.816243 0.591962
v 5.299389 0.816243 0.500716
v 5.371080 0.816243 0.393421
v 5.420462 0.816243 0.274202
v 5.445637 0.816243 0.147639
v 5.445637 0.816243 0.018598
v 5.420461 0.816243 -0.107965
v 5.371079 0.816243 -0.227184
v 5.299387 0.816243 -0.334478
v 5.208140 0.816243 -0.425725
v 5.100846 0.816243 -0.497417
v 4.981626 0.816243 -0.546798
v 4.855065 0.816243 -0.571973
v 4.732985 0.846254 -0.501295
v 4.620077 0.846254 -0.478836
v 4.513720 0.846254 -0.434782
v 4.418002 0.846254 -0.370825
v 4.336600 0.846254 -0.289423
v 4.272643 0.846254 -0.193705
v 4.228589 0.846254 -0.087348
v 4.206130 0.846254 0.025560
v 4.206130 0.846254 0.140680
v 4.228589 0.846254 0.253587
v 4.272643 0.846254 0.359944
v 4.336600 0.846254 0.455662
v 4.418002 0.846254 0.537064
v 4.513721 0.846254 0.601021
v 4.620077 0.846254 0.645075
v 4.732985 0.846254 0.667534
v 4.848105 0.846254 0.667534
v 4.961012 0.846254 0.645075
v 5.067369 0.846254 0.601021
v 5.163088 0.846254 0.537063
v 5.244490 0.846254 0.455662
v 5.308446 0.846254 0.359943
v 5.352501 0.846254 0.253586
v 5.374959 0.846254 0.140678
v 5.374959 0.846254 0.025558
v 5.352500 0.846254 -0.087349
v 5.308445 0.846254 -0.193706
v 5.244488 0.846254 -0.289424
v 5.163086 0.846254 -0.370826
v 5.067367 0.846254 -0.434783
v 4.961011 0.846254 -0.478837
v 4.848104 0.846254 -0.501295
v 4.790544 1.540839 0.000181
v 4.776085 1.530933 -0.063691
v 4.774364 1.540839 0.001775
v 4.747721 1.530933 -0.058049
v 4.758805 1.540839 0.006495
v 4.721004 1.530933 -0.046982
v 4.744467 1.540839 0.014159
v 4.696958 1.530933 -0.030916
v 4.731898 1.540839 0.024473
v 4.676510 1.530933 -0.010466
v 4.721584 1.540839 0.037042
v 4.660443 1.530933 0.013579
v 4.713920 1.540839 0.051381
v 4.649376 1.530933 0.040297
v 4.709200 1.540839 0.066939
v 4.643734 1.530933 0.068660
v 4.707606 1.540839 0.083119
v 4.643734 1.530933 0.097579
v 4.709200 1.540839 0.099300
v 4.649376 1.530933 0.125942
v 4.713920 1.540839 0.114858
v 4.660443 1.530933 0.152660
v 4.721584 1.540839 0.129197
v 4.676510 1.530933 0.176705
v 4.731898 1.540839 0.141765
v 4.696958 1.530933 0.197154
v 4.744467 1.540839 0.152080
v 4.721004 1.530933 0.213221
v 4.758805 1.540839 0.159744
v 4.747721 1.530933 0.224288
v 4.774364 1.540839 0.164464
v 4.776085 1.530933 0.229930
v 4.790545 1.540839 0.166057
v 4.805004 1.530933 0.229930
v 4.806725 1.540839 0.164464
v 4.833367 1.530933 0.224288
v 4.822284 1.540839 0.159744
v 4.860085 1.530933 0.213221
v 4.836623 1.540839 0.152080
v 4.884131 1.530933 0.197154
v 4.849190 1.540839 0.141765
v 4.904580 1.530933 0.176705
v 4.859505 1.540839 0.129197
v 4.920646 1.530933 0.152660
v 4.867169 1.540839 0.114858
v 4.931713 1.530933 0.125942
v 4.871889 1.540839 0.099300
v 4.937354 1.530933 0.097579
v 4.873482 1.540839 0.083119
v 4.937354 1.530933 0.068659
v 4.871889 1.540839 0.066939
v 4.931712 1.530933 0.040296
v 4.867169 1.540839 0.051380
v 4.920646 1.530933 0.013579
v 4.859505 1.540839 0.037042
v 4.904579 1.530933 -0.010467
v 4.849190 1.540839 0.024473
v 4.884130 1.530933 -0.030916
v 4.836622 1.540839 0.014159
v 4.860085 1.530933 -0.046982
v 4.822283 1.540839 0.006495
v 4.833367 1.530933 -0.058049
v 4.806724 1.540839 0.001775
v 4.805004 1.530933 -0.063691
v 4.790544 1.514122 -0.127563
v 4.763321 1.490019 -0.193286
v 4.749443 1.514122 -0.123515
v 4.709920 1.490019 -0.182665
v 4.709920 1.514122 -0.111526
v 4.659617 1.490019 -0.161828
v 4.673495 1.514122 -0.092057
v 4.614346 1.490019 -0.131579
v 4.641570 1.514122 -0.065856
v 4.575846 1.490019 -0.093079
v 4.615369 1.514122 -0.033929
v 4.545597 1.490019 -0.047808
v 4.595899 1.514122 0.002495
v 4.524761 1.490019 0.002495
v 4.583910 1.514122 0.042017
v 4.514139 1.490019 0.055896
v 4.579862 1.514122 0.083119
v 4.514139 1.490019 0.110343
v 4.583910 1.514122 0.124222
v 4.524761 1.490019 0.163744
v 4.595899 1.514122 0.163744
v 4.545597 1.490019 0.214047
v 4.615369 1.514122 0.200168
v 4.575846 1.490019 0.259318
v 4.641570 1.514122 0.232095
v 4.614346 1.490019 0.297818
v 4.673496 1.514122 0.258296
v 4.659617 1.490019 0.328067
v 4.709920 1.514122 0.277765
v 4.709920 1.490019 0.348903
v 4.749443 1.514122 0.289754
v 4.763321 1.490019 0.359525
v 4.790545 1.514122 0.293802
v 4.817768 1.490019 0.359525
v 4.831647 1.514122 0.289754
v 4.871169 1.490019 0.348903
v 4.871169 1.514122 0.277764
v 4.921472 1.490019 0.328067
v 4.907593 1.514122 0.258295
v 4.966743 1.490019 0.297818
v 4.939520 1.514122 0.232094
v 5.005243 1.490019 0.259318
v 4.965721 1.514122 0.200168
v 5.035493 1.490019 0.214046
v 4.985189 1.514122 0.163744
v 5.056328 1.490019 0.163744
v 4.997179 1.514122 0.124221
v 5.066951 1.490019 0.110343
v 5.001227 1.514122 0.083119
v 5.066950 1.490019 0.055895
v 4.997178 1.514122 0.042017
v 5.056328 1.490019 0.002494
v 4.985189 1.514122 0.002494
v 5.035492 1.490019 -0.047808
v 4.965720 1.514122 -0.033930
v 5.005243 1.490019 -0.093080
v 4.939519 1.514122 -0.065856
v 4.966742 1.490019 -0.131580
v 4.907593 1.514122 -0.092057
v 4.921471 1.490019 -0.161828
v 4.871169 1.514122 -0.111526
v 4.871168 1.490019 -0.182665
v 4.831646 1.514122 -0.123515
v 4.817768 1.490019 -0.193286
v 4.790544 1.459412 -0.259010
v 4.751022 1.422625 -0.318160
v 4.723798 1.459412 -0.252436
v 4.673495 1.422625 -0.302739
v 4.659617 1.459412 -0.232967
v 4.600468 1.422625 -0.272490
v 4.600468 1.459412 -0.201351
v 4.534744 1.422625 -0.228575
v 4.548622 1.459412 -0.158803
v 4.478851 1.422625 -0.172681
v 4.506074 1.459412 -0.106958
v 4.434935 1.422625 -0.106958
v 4.474458 1.459412 -0.047808
v 4.404686 1.422625 -0.033929
v 4.454989 1.459412 0.016373
v 4.389265 1.422625 0.043597
v 4.448415 1.459412 0.083119
v 4.389265 1.422625 0.122642
v 4.454989 1.459412 0.149866
v 4.404686 1.422625 0.200168
v 4.474458 1.459412 0.214047
v 4.434935 1.422625 0.273197
v 4.506074 1.459412 0.273197
v 4.478851 1.422625 0.338920
v 4.548622 1.459412 0.325042
v 4.534744 1.422625 0.394814
v 4.600468 1.459412 0.367590
v 4.600468 1.422625 0.438729
v 4.659617 1.459412 0.399206
v 4.673496 1.422625 0.468978
v 4.723798 1.459412 0.418675
v 4.751022 1.422625 0.484398
v 4.790545 1.459412 0.425249
v 4.830067 1.422625 0.484398
v 4.857291 1.459412 0.418675
v 4.907593 1.422625 0.468977
v 4.921472 1.459412 0.399206
v 4.980622 1.422625 0.438728
v 4.980622 1.459412 0.367589
v 5.046345 1.422625 0.394813
v 5.032467 1.459412 0.325041
v 5.102239 1.422625 0.338920
v 5.075015 1.459412 0.273196
v 5.146154 1.422625 0.273196
v 5.106631 1.459412 0.214046
v 5.176403 1.422625 0.200168
v 5.126100 1.459412 0.149865
v 5.191824 1.422625 0.122642
v 5.132674 1.459412 0.083119
v 5.191824 1.422625 0.043596
v 5.126100 1.459412 0.016373
v 5.176403 1.422625 -0.033930
v 5.106631 1.459412 -0.047808
v 5.146153 1.422625 -0.106958
v 5.075015 1.459412 -0.106958
v 5.102238 1.422625 -0.172682
v 5.032466 1.459412 -0.158803
v 5.046344 1.422625 -0.228575
v 4.980621 1.459412 -0.201351
v 4.980621 1.422625 -0.272490
v 4.921471 1.459412 -0.232967
v 4.907592 1.422625 -0.302739
v 4.857290 1.459412 -0.252436
v 4.830067 1.422625 -0.318160
v 4.790544 1.379985 -0.377309
v 4.740242 1.331929 -0.427612
v 4.700719 1.379985 -0.368463
v 4.641570 1.331929 -0.407985
v 4.614346 1.379985 -0.342262
v 4.548622 1.331929 -0.369485
v 4.534744 1.379985 -0.299713
v 4.464972 1.331929 -0.313592
v 4.464972 1.379985 -0.242453
v 4.393833 1.331929 -0.242453
v 4.407712 1.379985 -0.172681
v 4.337940 1.331929 -0.158803
v 4.365164 1.379985 -0.093079
v 4.299440 1.331929 -0.065856
v 4.338963 1.379985 -0.006706
v 4.279813 1.331929 0.032817
v 4.330115 1.379985 0.083119
v 4.279813 1.331929 0.133422
v 4.338963 1.379985 0.172945
v 4.299440 1.331929 0.232095
v 4.365164 1.379985 0.259318
v 4.337940 1.331929 0.325042
v 4.407712 1.379985 0.338920
v 4.393833 1.331929 0.408692
v 4.464972 1.379985 0.408692
v 4.464972 1.331929 0.479831
v 4.534744 1.379985 0.465952
v 4.548623 1.331929 0.535724
v 4.614346 1.379985 0.508500
v 4.641570 1.331929 0.574224
v 4.700720 1.379985 0.534702
v 4.740242 1.331929 0.593851
v 4.790545 1.379985 0.543548
v 4.840848 1.331929 0.593851
v 4.880370 1.379985 0.534701
v 4.939520 1.331929 0.574224
v 4.966743 1.379985 0.508500
v 5.032467 1.331929 0.535724
v 5.046345 1.379985 0.465952
v 5.116117 1.331929 0.479830
v 5.116117 1.379985 0.408692
v 5.187256 1.331929 0.408691
v 5.173378 1.379985 0.338919
v 5.243149 1.331929 0.325041
v 5.215926 1.379985 0.259317
v 5.281649 1.331929 0.232093
v 5.242126 1.379985 0.172944
v 5.301276 1.331929 0.133421
v 5.250974 1.379985 0.083118
v 5.301276 1.331929 0.032816
v 5.242126 1.379985 -0.006707
v 5.281649 1.331929 -0.065857
v 5.215925 1.379985 -0.093080
v 5.243148 1.331929 -0.158803
v 5.173376 1.379985 -0.172682
v 5.187255 1.331929 -0.242454
v 5.116116 1.379985 -0.242454
v 5.116116 1.331929 -0.313592
v 5.046344 1.379985 -0.299714
v 5.032465 1.331929 -0.369486
v 4.966742 1.379985 -0.342262
v 4.939518 1.331929 -0.407985
v 4.880369 1.379985 -0.368463
v 4.840847 1.331929 -0.427612
v 4.790544 1.278894 -0.477915
v 4.731395 1.221415 -0.517438
v 4.681092 1.278894 -0.467135
v 4.615369 1.221415 -0.494358
v 4.575846 1.278894 -0.435209
v 4.506074 1.221415 -0.449087
v 4.478851 1.278894 -0.383364
v 4.407712 1.221415 -0.383364
v 4.393833 1.278894 -0.313592
v 4.324062 1.221415 -0.299713
v 4.324062 1.278894 -0.228575
v 4.258338 1.221415 -0.201351
v 4.272216 1.278894 -0.131579
v 4.213067 1.221415 -0.092057
v 4.240290 1.278894 -0.026333
v 4.189988 1.221415 0.023970
v 4.229510 1.278894 0.083119
v 4.189988 1.221415 0.142269
v 4.240290 1.278894 0.192572
v 4.213067 1.221415 0.258296
v 4.272216 1.278894 0.297818
v 4.258338 1.221415 0.367590
v 4.324062 1.278894 0.394814
v 4.324062 1.221415 0.465952
v 4.393833 1.278894 0.479831
v 4.407712 1.221415 0.549603
v 4.478851 1.278894 0.549603
v 4.506075 1.221415 0.615326
v 4.575847 1.278894 0.601448
v 4.615369 1.221415 0.660597
v 4.681093 1.278894 0.633373
v 4.731395 1.221415 0.683676
v 4.790545 1.278894 0.644153
v 4.849695 1.221415 0.683676
v 4.899997 1.278894 0.633373
v 4.965721 1.221415 0.660597
v 5.005243 1.278894 0.601447
v 5.075016 1.221415 0.615326
v 5.102239 1.278894 0.549602
v 5.173378 1.221415 0.549602
v 5.187256 1.278894 0.479830
v 5.257028 1.221415 0.465951
v 5.257028 1.278894 0.394812
v 5.322751 1.221415 0.367589
v 5.308873 1.278894 0.297817
v 5.368022 1.221415 0.258295
v 5.340799 1.278894 0.192571
v 5.391101 1.221415 0.142268
v 5.351579 1.278894 0.083118
v 5.391101 1.221415 0.023969
v 5.340798 1.278894 -0.026334
v 5.368022 1.221415 -0.092058
v 5.308872 1.278894 -0.131580
v 5.322750 1.221415 -0.201352
v 5.257027 1.278894 -0.228576
v 5.257027 1.221415 -0.299714
v 5.187255 1.278894 -0.313592
v 5.173376 1.221415 -0.383364
v 5.102237 1.278894 -0.383364
v 5.075014 1.221415 -0.449088
v 5.005242 1.278894 -0.435209
v 4.965719 1.221415 -0.494359
v 4.899996 1.278894 -0.467135
v 4.849694 1.221415 -0.517438
v 4.790544 1.160024 -0.556960
v 4.724821 1.095330 -0.584183
v 4.665671 1.160024 -0.544661
v 4.595899 1.095330 -0.558539
v 4.545597 1.160024 -0.508237
v 4.474458 1.095330 -0.508237
v 4.434935 1.160024 -0.449087
v 4.365164 1.095330 -0.435209
v 4.337940 1.160024 -0.369485
v 4.272216 1.095330 -0.342262
v 4.258338 1.160024 -0.272490
v 4.199188 1.095330 -0.232967
v 4.199188 1.160024 -0.161828
v 4.148885 1.095330 -0.111525
v 4.162764 1.160024 -0.041754
v 4.123241 1.095330 0.017396
v 4.150465 1.160024 0.083119
v 4.123241 1.095330 0.148843
v 4.162764 1.160024 0.207993
v 4.148885 1.095330 0.277765
v 4.199189 1.160024 0.328067
v 4.199189 1.095330 0.399206
v 4.258338 1.160024 0.438729
v 4.272216 1.095330 0.508500
v 4.337940 1.160024 0.535724
v 4.365164 1.095330 0.601448
v 4.434936 1.160024 0.615326
v 4.474459 1.095330 0.674476
v 4.545597 1.160024 0.674476
v 4.595900 1.095330 0.724778
v 4.665672 1.160024 0.710900
v 4.724822 1.095330 0.750422
v 4.790545 1.160024 0.723199
v 4.856269 1.095330 0.750422
v 4.915418 1.160024 0.710900
v 4.985190 1.095330 0.724778
v 5.035493 1.160024 0.674475
v 5.106631 1.095330 0.674475
v 5.146154 1.160024 0.615326
v 5.215926 1.095330 0.601447
v 5.243149 1.160024 0.535723
v 5.308873 1.095330 0.508499
v 5.322751 1.160024 0.438728
v 5.381901 1.095330 0.399205
v 5.381901 1.160024 0.328066
v 5.432203 1.095330 0.277764
v 5.418325 1.160024 0.207992
v 5.457847 1.095330 0.148842
v 5.430624 1.160024 0.083118
v 5.457847 1.095330 0.017395
v 5.418324 1.160024 -0.041755
v 5.432203 1.095330 -0.111527
v 5.381900 1.160024 -0.161829
v 5.381900 1.095330 -0.232968
v 5.322750 1.160024 -0.272491
v 5.308872 1.095330 -0.342263
v 5.243148 1.160024 -0.369486
v 5.215924 1.095330 -0.435209
v 5.146152 1.160024 -0.449088
v 5.106630 1.095330 -0.508238
v 5.035491 1.160024 -0.508237
v 4.985188 1.095330 -0.558540
v 4.915417 1.160024 -0.544661
v 4.856267 1.095330 -0.584184
v 4.790544 1.027942 -0.611407
v 4.720772 0.958520 -0.625285
v 4.655049 1.027942 -0.598062
v 4.583910 0.958520 -0.598062
v 4.524761 1.027942 -0.558539
v 4.454989 0.958520 -0.544661
v 4.404686 1.027942 -0.494358
v 4.338963 0.958520 -0.467135
v 4.299440 1.027942 -0.407985
v 4.240290 0.958520 -0.368463
v 4.213067 1.027942 -0.302739
v 4.162764 0.958520 -0.252436
v 4.148885 1.027942 -0.182664
v 4.109363 0.958520 -0.123515
v 4.109363 1.027942 -0.052376
v 4.082139 0.958520 0.013348
v 4.096018 1.027942 0.083119
v 4.082139 0.958520 0.152891
v 4.109363 1.027942 0.218615
v 4.109363 0.958520 0.289754
v 4.148885 1.027942 0.348904
v 4.162764 0.958520 0.418675
v 4.213067 1.027942 0.468978
v 4.240291 0.958520 0.534702
v 4.299441 1.027942 0.574224
v 4.338963 0.958520 0.633374
v 4.404687 1.027942 0.660598
v 4.454989 0.958520 0.710900
v 4.524761 1.027942 0.724779
v 4.583911 0.958520 0.764301
v 4.655050 1.027942 0.764301
v 4.720773 0.958520 0.791524
v 4.790545 1.027942 0.777646
v 4.860317 0.958520 0.791524
v 4.926041 1.027942 0.764301
v 4.997179 0.958520 0.764301
v 5.056329 1.027942 0.724778
v 5.126101 0.958520 0.710899
v 5.176404 1.027942 0.660597
v 5.242127 0.958520 0.633373
v 5.281649 1.027942 0.574223
v 5.340799 0.958520 0.534700
v 5.368023 1.027942 0.468977
v 5.418325 0.958520 0.418674
v 5.432204 1.027942 0.348903
v 5.471726 0.958520 0.289753
v 5.471726 1.027942 0.218614
v 5.498950 0.958520 0.152890
v 5.485071 1.027942 0.083118
v 5.498950 0.958520 0.013347
v 5.471725 1.027942 -0.052377
v 5.471725 0.958520 -0.123516
v 5.432203 1.027942 -0.182666
v 5.418324 0.958520 -0.252437
v 5.368021 1.027942 -0.302740
v 5.340798 0.958520 -0.368464
v 5.281648 1.027942 -0.407986
v 5.242125 0.958520 -0.467136
v 5.176402 1.027942 -0.494359
v 5.126099 0.958520 -0.544662
v 5.056327 1.027942 -0.558540
v 4.997177 0.958520 -0.598062
v 4.926039 1.027942 -0.598062
v 4.860315 0.958520 -0.625286
v 4.790544 0.887725 -0.639164
v 4.719062 0.816243 -0.642650
v 4.649634 0.887725 -0.625285
v 4.578845 0.816243 -0.614759
v 4.514139 0.887725 -0.584183
v 4.446764 0.816243 -0.560049
v 4.389265 0.887725 -0.517438
v 4.327893 0.816243 -0.480623
v 4.279813 0.887725 -0.427612
v 4.226802 0.816243 -0.379532
v 4.189988 0.887725 -0.318160
v 4.147375 0.816243 -0.260662
v 4.123241 0.887725 -0.193286
v 4.092665 0.816243 -0.128580
v 4.082139 0.887725 -0.057791
v 4.064775 0.816243 0.011637
v 4.068261 0.887725 0.083119
v 4.064775 0.816243 0.154602
v 4.082139 0.887725 0.224030
v 4.092666 0.816243 0.294819
v 4.123241 0.887725 0.359525
v 4.147376 0.816243 0.426900
v 4.189988 0.887725 0.484399
v 4.226802 0.816243 0.545771
v 4.279813 0.887725 0.593851
v 4.327894 0.816243 0.646862
v 4.389266 0.887725 0.683677
v 4.446764 0.816243 0.726288
v 4.514139 0.887725 0.750423
v 4.578846 0.816243 0.780998
v 4.649635 0.887725 0.791524
v 4.719063 0.816243 0.808889
v 4.790545 0.887725 0.805403
v 4.862027 0.816243 0.808889
v 4.931456 0.887725 0.791524
v 5.002244 0.816243 0.780998
v 5.066951 0.887725 0.750422
v 5.134326 0.816243 0.726288
v 5.191824 0.887725 0.683676
v 5.253196 0.816243 0.646861
v 5.301277 0.887725 0.593850
v 5.354288 0.816243 0.545770
v 5.391102 0.887725 0.484398
v 5.433714 0.816243 0.426899
v 5.457848 0.887725 0.359524
v 5.488424 0.816243 0.294818
v 5.498950 0.887725 0.224029
v 5.516315 0.816243 0.154600
v 5.512828 0.887725 0.083118
v 5.516314 0.816243 0.011636
v 5.498949 0.887725 -0.057792
v 5.488423 0.816243 -0.128581
v 5.457847 0.887725 -0.193288
v 5.433713 0.816243 -0.260663
v 5.391100 0.887725 -0.318161
v 5.354286 0.816243 -0.379533
v 5.301275 0.887725 -0.427613
v 5.253195 0.816243 -0.480624
v 5.191823 0.887725 -0.517438
v 5.134324 0.816243 -0.560050
v 5.066949 0.887725 -0.584184
v 5.002242 0.816243 -0.614760
v 4.931454 0.887725 -0.625286
v 4.862026 0.816243 -0.642650
v 4.790544 0.816243 -0.575150
v 4.662122 0.816243 -0.562502
v 4.538636 0.816243 -0.525043
v 4.424829 0.816243 -0.464212
v 4.325077 0.816243 -0.382348
v 4.243213 0.816243 -0.282596
v 4.182383 0.816243 -0.168789
v 4.144923 0.816243 -0.045303
v 4.132275 0.816243 0.083119
v 4.144924 0.816243 0.211542
v 4.182383 0.816243 0.335029
v 4.243214 0.816243 0.448835
v 4.325078 0.816243 0.548587
v 4.424830 0.816243 0.630451
v 4.538636 0.816243 0.691282
v 4.662123 0.816243 0.728741
v 4.790545 0.816243 0.741389
v 4.918967 0.816243 0.728741
v 5.042454 0.816243 0.691281
v 5.156260 0.816243 0.630450
v 5.256012 0.816243 0.548586
v 5.337876 0.816243 0.448834
v 5.398707 0.816243 0.335027
v 5.436166 0.816243 0.211541
v 5.448814 0.816243 0.083118
v 5.436165 0.816243 -0.045304
v 5.398706 0.816243 -0.168791
v 5.337875 0.816243 -0.282597
v 5.256010 0.816243 -0.382348
v 5.156258 0.816243 -0.464213
v 5.042452 0.816243 -0.525043
v 4.918965 0.816243 -0.562502
v 4.731244 0.823746 -0.518965
v 4.614923 0.823746 -0.495827
v 4.505351 0.823746 -0.450440
v 4.406738 0.823746 -0.384550
v 4.322875 0.823746 -0.300687
v 4.256984 0.823746 -0.202074
v 4.211598 0.823746 -0.092502
v 4.188460 0.823746 0.023819
v 4.188460 0.823746 0.142420
v 4.211598 0.823746 0.258741
v 4.256985 0.823746 0.368313
v 4.322875 0.823746 0.466926
v 4.406739 0.823746 0.550789
v 4.505351 0.823746 0.616679
v 4.614924 0.823746 0.662066
v 4.731245 0.823746 0.685203
v 4.849845 0.823746 0.685203
v 4.966166 0.823746 0.662065
v 5.075739 0.823746 0.616679
v 5.174351 0.823746 0.550788
v 5.258214 0.823746 0.466925
v 5.324105 0.823746 0.368312
v 5.369491 0.823746 0.258740
v 5.392628 0.823746 0.142419
v 5.392628 0.823746 0.023818
v 5.369490 0.823746 -0.092503
v 5.324104 0.823746 -0.202075
v 5.258213 0.823746 -0.300688
v 5.174350 0.823746 -0.384550
v 5.075737 0.823746 -0.450441
v 4.966165 0.823746 -0.495827
v 4.849844 0.823746 -0.518965
v 4.790544 0.846254 -0.504130
v 4.675978 0.846254 -0.492846
v 4.565814 0.846254 -0.459428
v 4.464286 0.846254 -0.405161
v 4.375296 0.846254 -0.332128
v 4.302264 0.846254 -0.243139
v 4.247997 0.846254 -0.141611
v 4.214579 0.846254 -0.031447
v 4.203295 0.846254 0.083119
v 4.214579 0.846254 0.197686
v 4.247997 0.846254 0.307850
v 4.302265 0.846254 0.409378
v 4.375297 0.846254 0.498367
v 4.464287 0.846254 0.571399
v 4.565814 0.846254 0.625667
v 4.675978 0.846254 0.659085
v 4.790545 0.846254 0.670368
v 4.905111 0.846254 0.659085
v 5.015275 0.846254 0.625667
v 5.116803 0.846254 0.571399
v 5.205793 0.846254 0.498367
v 5.278825 0.846254 0.409377
v 5.333093 0.846254 0.307849
v 5.366510 0.846254 0.197685
v 5.377794 0.846254 0.083118
v 5.366509 0.846254 -0.031448
v 5.333092 0.846254 -0.141612
v 5.278824 0.846254 -0.243140
v 5.205791 0.846254 -0.332129
v 5.116801 0.846254 -0.405161
v 5.015274 0.846254 -0.459429
v 4.905110 0.846254 -0.492846
v 4.732985 0.876266 -0.501295
v 4.620077 0.876266 -0.478836
v 4.513720 0.876266 -0.434782
v 4.418002 0.876266 -0.370825
v 4.336600 0.876266 -0.289423
v 4.272643 0.876266 -0.193705
v 4.228589 0.876266 -0.087348
v 4.206130 0.876266 0.025560
v 4.206130 0.876266 0.140680
v 4.228589 0.876266 0.253587
v 4.272643 0.876266 0.359944
v 4.336600 0.876266 0.455662
v 4.418002 0.876266 0.537064
v 4.513721 0.876266 0.601021
v 4.620077 0.876266 0.645075
v 4.732985 0.876266 0.667534
v 4.848105 0.876266 0.667534
v 4.961012 0.876266 0.645075
v 5.067369 0.876266 0.601021
v 5.163088 0.876266 0.537063
v 5.244490 0.876266 0.455662
v 5.308446 0.876266 0.359943
v 5.352501 0.876266 0.253586
v 5.374959 0.876266 0.140678
v 5.374959 0.876266 0.025558
v 5.352500 0.876266 -0.087349
v 5.308445 0.876266 -0.193706
v 5.244488 0.876266 -0.289424
v 5.163086 0.876266 -0.370826
v 5.067367 0.876266 -0.434783
v 4.961011 0.876266 -0.478837
v 4.848104 0.876266 -0.501295
vt 0.000000 1.000000
vt 0.000000 0.968750
vt 0.010417 0.958333
vt 0.015625 0.968750
vt 0.000000 0.937500
vt 0.014323 0.934896
vt 0.028646 0.936198
vt 0.031250 1.000000
vt 0.031250 0.968750
vt 0.041667 0.958333
vt 0.046875 0.968750
vt 0.045573 0.934896
vt 0.059896 0.936198
vt 0.062500 1.000000
vt 0.062500 0.968750
vt 0.072917 0.958333
vt 0.078125 0.968750
vt 0.076823 0.934896
vt 0.091146 0.936198
vt 0.093750 1.000000
vt 0.093750 0.968750
vt 0.104167 0.958333
vt 0.109375 0.968750
vt 0.108073 0.934896
vt 0.122396 0.936198
vt 0.125000 1.000000
vt 0.125000 0.968750
vt 0.135417 0.958333
vt 0.140625 0.968750
vt 0.139323 0.934896
vt 0.153646 0.936198
vt 0.156250 1.000000
vt 0.156250 0.968750
vt 0.166667 0.958333
vt 0.171875 0.968750
vt 0.170573 0.934896
vt 0.184896 0.936198
vt 0.187500 1.000000
vt 0.187500 0.968750
vt 0.197917 0.958333
vt 0.203125 0.968750
vt 0.201823 0.934896
vt 0.216146 0.936198
vt 0.218750 1.000000
vt 0.218750 0.968750
vt 0.229167 0.958333
vt 0.234375 0.968750
vt 0.233073 0.934896
vt 0.247396 0.936198
vt 0.250000 1.000000
vt 0.250000 0.968750
vt 0.260417 0.958333
vt 0.265625 0.968750
vt 0.264323 0.934896
vt 0.278646 0.936198
vt 0.281250 1.000000
vt 0.281250 0.968750
vt 0.291667 0.958333
vt 0.296875 0.968750
vt 0.295573 0.934896
vt 0.309896 0.936198
vt 0.312500 1.000000
vt 0.312500 0.968750
vt 0.322917 0.958333
vt 0.328125 0.968750
vt 0.326823 0.934896
vt 0.341146 0.936198
vt 0.343750 1.000000
vt 0.343750 0.968750
vt 0.354167 0.958333
vt 0.359375 0.968750
vt 0.358073 0.934896
vt 0.372396 0.936198
vt 0.375000 1.000000
vt 0.375000 0.968750
vt 0.385417 0.958333
vt 0.390625 0.968750
vt 0.389323 0.934896
vt 0.403646 0.936198
vt 0.406250 1.000000
vt 0.406250 0.968750
vt 0.416667 0.958333
vt 0.421875 0.968750
vt 0.420573 0.934896
vt 0.434896 0.936198
vt 0.437500 1.000000
vt 0.437500 0.968750
vt 0.447917 0.958333
vt 0.453125 0.968750
vt 0.451823 0.934896
vt 0.466146 0.936198
vt 0.468750 1.000000
vt 0.468750 0.968750
vt 0.479167 0.958333
vt 0.484375 0.968750
vt 0.483073 0.934896
vt 0.497396 0.936198
vt 0.500000 1.000000
vt 0.500000 0.968750
vt 0.510417 0.958333
vt 0.515625 0.968750
vt 0.514323 0.934896
vt 0.528646 0.936198
vt 0.531250 1.000000
vt 0.531250 0.968750
vt 0.541667 0.958333
vt 0.546875 0.968750
vt 0.545573 0.934896
vt 0.559896 0.936198
vt 0.562500 1.000000
vt 0.562500 0.968750
vt 0.572917 0.958333
vt 0.578125 0.968750
vt 0.576823 0.934896
vt 0.591146 0.936198
vt 0.593750 1.000000
vt 0.593750 0.968750
vt 0.604167 0.958333
vt 0.609375 0.968750
vt 0.608073 0.934896
vt 0.622396 0.936198
vt 0.625000 1.000000
vt 0.625000 0.968750
vt 0.635417 0.958333
vt 0.640625 0.968750
vt 0.639323 0.934896
vt 0.653646 0.936198
vt 0.656250 1.000000
vt 0.656250 0.968750
vt 0.666667 0.958333
vt 0.671875 0.968750
vt 0.670573 0.934896
vt 0.684896 0.936198
vt 0.687500 1.000000
vt 0.687500 0.968750
vt 0.697917 0.958333
vt 0.703125 0.968750
vt 0.701823 0.934896
vt 0.716146 0.936198
vt 0.718750 1.000000
vt 0.718750 0.968750
vt 0.729167 0.958333
vt 0.734375 0.968750
vt 0.733073 0.934896
vt 0.747396 0.936198
vt 0.750000 1.000000
vt 0.750000 0.968750
vt 0.760417 0.958333
vt 0.765625 0.968750
vt 0.764323 0.934896
vt 0.778646 0.936198
vt 0.781250 1.000000
vt 0.781250 0.968750
vt 0.791667 0.958333
vt 0.796875 0.968750
vt 0.795573 0.934896
vt 0.809896 0.936198
vt 0.812500 1.000000
vt 0.812500 0.968750
vt 0.822917 0.958333
vt 0.828125 0.968750
vt 0.826823 0.934896
vt 0.841146 0.936198
vt 0.843750 1.000000
vt 0.843750 0.968750
vt 0.854167 0.958333
vt 0.859375 0.968750
vt 0.858073 0.934896
vt 0.872396 0.936198
vt 0.875000 1.000000
vt 0.875000 0.968750
vt 0.885417 0.958333
vt 0.890625 0.968750
vt 0.889323 0.934896
vt 0.903646 0.936198
vt 0.906250 1.000000
vt 0.906250 0.968750
vt 0.916667 0.958333
vt 0.921875 0.968750
vt 0.920573 0.934896
vt 0.934896 0.936198
vt 0.937500 1.000000
vt 0.937500 0.968750
vt 0.947917 0.958333
vt 0.953125 0.968750
vt 0.951823 0.934896
vt 0.966146 0.936198
vt 0.968750 1.000000
vt 0.968750 0.968750
vt 0.979167 0.958333
vt 0.984375 0.968750
vt 0.983073 0.934896
vt 1.000000 0.937500
vt 0.000000 0.906250
vt 0.015625 0.906250
vt 0.000000 0.875000
vt 0.015625 0.875000
vt 0.031250 0.875000
vt 0.031250 0.906250
vt 0.046875 0.906250
vt 0.046875 0.875000
vt 0.062500 0.875000
vt 0.062500 0.906250
vt 0.078125 0.906250
vt 0.078125 0.875000
vt 0.093750 0.875000
vt 0.093750 0.906250
vt 0.109375 0.906250
vt 0.109375 0.875000
vt 0.125000 0.875000
vt 0.125000 0.906250
vt 0.140625 0.906250
vt 0.140625 0.875000
vt 0.156250 0.875000
vt 0.156250 0.906250
vt 0.171875 0.906250
vt 0.171875 0.875000
vt 0.187500 0.875000
vt 0.187500 0.906250
vt 0.203125 0.906250
vt 0.203125 0.875000
vt 0.218750 0.875000
vt 0.218750 0.906250
vt 0.234375 0.906250
vt 0.234375 0.875000
vt 0.250000 0.875000
vt 0.250000 0.906250
vt 0.265625 0.906250
vt 0.265625 0.875000
vt 0.281250 0.875000
vt 0.281250 0.906250
vt 0.296875 0.906250
vt 0.296875 0.875000
vt 0.312500 0.875000
vt 0.312500 0.906250
vt 0.328125 0.906250
vt 0.328125 0.875000
vt 0.343750 0.875000
vt 0.343750 0.906250
vt 0.359375 0.906250
vt 0.359375 0.875000
vt 0.375000 0.875000
vt 0.375000 0.906250
vt 0.390625 0.906250
vt 0.390625 0.875000
vt 0.406250 0.875000
vt 0.406250 0.906250
vt 0.421875 0.906250
vt 0.421875 0.875000
vt 0.437500 0.875000
vt 0.437500 0.906250
vt 0.453125 0.906250
vt 0.453125 0.875000
vt 0.468750 0.875000
vt 0.468750 0.906250
vt 0.484375 0.906250
vt 0.484375 0.875000
vt 0.500000 0.875000
vt 0.500000 0.906250
vt 0.515625 0.906250
vt 0.515625 0.875000
vt 0.531250 0.875000
vt 0.531250 0.906250
vt 0.546875 0.906250
vt 0.546875 0.875000
vt 0.562500 0.875000
vt 0.562500 0.906250
vt 0.578125 0.906250
vt 0.578125 0.875000
vt 0.593750 0.875000
vt 0.593750 0.906250
vt 0.609375 0.906250
vt 0.609375 0.875000
vt 0.625000 0.875000
vt 0.625000 0.906250
vt 0.640625 0.906250
vt 0.640625 0.875000
vt 0.656250 0.875000
vt 0.656250 0.906250
vt 0.671875 0.906250
vt 0.671875 0.875000
vt 0.687500 0.875000
vt 0.687500 0.906250
vt 0.703125 0.906250
vt 0.703125 0.875000
vt 0.718750 0.875000
vt 0.718750 0.906250
vt 0.734375 0.906250
vt 0.734375 0.875000
vt 0.750000 0.875000
vt 0.750000 0.906250
vt 0.765625 0.906250
vt 0.765625 0.875000
vt 0.781250 0.875000
vt 0.781250 0.906250
vt 0.796875 0.906250
vt 0.796875 0.875000
vt 0.812500 0.875000
vt 0.812500 0.906250
vt 0.828125 0.906250
vt 0.828125 0.875000
vt 0.843750 0.875000
vt 0.843750 0.906250
vt 0.859375 0.906250
vt 0.859375 0.875000
vt 0.875000 0.875000
vt 0.875000 0.906250
vt 0.890625 0.906250
vt 0.890625 0.875000
vt 0.906250 0.875000
vt 0.906250 0.906250
vt 0.921875 0.906250
vt 0.921875 0.875000
vt 0.937500 0.875000
vt 0.937500 0.906250
vt 0.953125 0.906250
vt 0.953125 0.875000
vt 0.968750 0.875000
vt 0.968750 0.906250
vt 0.984375 0.906250
vt 0.984375 0.875000
vt 1.000000 0.875000
vt 1.000000 0.906250
vt 0.000000 0.843750
vt 0.015625 0.843750
vt 0.000000 0.812500
vt 0.015625 0.812500
vt 0.031250 0.812500
vt 0.031250 0.843750
vt 0.046875 0.843750
vt 0.046875 0.812500
vt 0.062500 0.812500
vt 0.062500 0.843750
vt 0.078125 0.843750
vt 0.078125 0.812500
vt 0.093750 0.812500
vt 0.093750 0.843750
vt 0.109375 0.843750
vt 0.109375 0.812500
vt 0.125000 0.812500
vt 0.125000 0.843750
vt 0.140625 0.843750
vt 0.140625 0.812500
vt 0.156250 0.812500
vt 0.156250 0.843750
vt 0.171875 0.843750
vt 0.171875 0.812500
vt 0.187500 0.812500
vt 0.187500 0.843750
vt 0.203125 0.843750
vt 0.203125 0.812500
vt 0.218750 0.812500
vt 0.218750 0.843750
vt 0.234375 0.843750
vt 0.234375 0.812500
vt 0.250000 0.812500
vt 0.250000 0.843750
vt 0.265625 0.843750
vt 0.265625 0.812500
vt 0.281250 0.812500
vt 0.281250 0.843750
vt 0.296875 0.843750
vt 0.296875 0.812500
vt 0.312500 0.812500
vt 0.312500 0.843750
vt 0.328125 0.843750
vt 0.328125 0.812500
vt 0.343750 0.812500
vt 0.343750 0.843750
vt 0.359375 0.843750
vt 0.359375 0.812500
vt 0.375000 0.812500
vt 0.375000 0.843750
vt 0.390625 0.843750
vt 0.390625 0.812500
vt 0.406250 0.812500
vt 0.406250 0.843750
vt 0.421875 0.843750
vt 0.421875 0.812500
vt 0.437500 0.812500
vt 0.437500 0.843750
vt 0.453125 0.843750
vt 0.453125 0.812500
vt 0.468750 0.812500
vt 0.468750 0.843750
vt 0.484375 0.843750
vt 0.484375 0.812500
vt 0.500000 0.812500
vt 0.500000 0.843750
vt 0.515625 0.843750
vt 0.515625 0.812500
vt 0.531250 0.812500
vt 0.531250 0.843750
vt 0.546875 0.843750
vt 0.546875 0.812500
vt 0.562500 0.812500
vt 0.562500 0.843750
vt 0.578125 0.843750
vt 0.578125 0.812500
vt 0.593750 0.812500
vt 0.593750 0.843750
vt 0.609375 0.843750
vt 0.609375 0.812500
vt 0.625000 0.812500
vt 0.625000 0.843750
vt 0.640625 0.843750
vt 0.640625 0.812500
vt 0.656250 0.812500
vt 0.656250 0.843750
vt 0.671875 0.843750
vt 0.671875 0.812500
vt 0.687500 0.812500
vt 0.687500 0.843750
vt 0.703125 0.843750
vt 0.703125 0.812500
vt 0.718750 0.812500
vt 0.718750 0.843750
vt 0.734375 0.843750
vt 0.734375 0.812500
vt 0.750000 0.812500
vt 0.750000 0.843750
vt 0.765625 0.843750
vt 0.765625 0.812500
vt 0.781250 0.812500
vt 0.781250 0.843750
vt 0.796875 0.843750
vt 0.796875 0.812500
vt 0.812500 0.812500
vt 0.812500 0.843750
vt 0.828125 0.843750
vt 0.828125 0.812500
vt 0.843750 0.812500
vt 0.843750 0.843750
vt 0.859375 0.843750
vt 0.859375 0.812500
vt 0.875000 0.812500
vt 0.875000 0.843750
vt 0.890625 0.843750
vt 0.890625 0.812500
vt 0.906250 0.812500
vt 0.906250 0.843750
vt 0.921875 0.843750
vt 0.921875 0.812500
vt 0.937500 0.812500
vt 0.937500 0.843750
vt 0.953125 0.843750
vt 0.953125 0.812500
vt 0.968750 0.812500
vt 0.968750 0.843750
vt 0.984375 0.843750
vt 0.984375 0.812500
vt 1.000000 0.812500
vt 1.000000 0.843750
vt 0.000000 0.781250
vt 0.015625 0.781250
vt 0.000000 0.750000
vt 0.015625 0.750000
vt 0.031250 0.750000
vt 0.031250 0.781250
vt 0.046875 0.781250
vt 0.046875 0.750000
vt 0.062500 0.750000
vt 0.062500 0.781250
vt 0.078125 0.781250
vt 0.078125 0.750000
vt 0.093750 0.750000
vt 0.093750 0.781250
vt 0.109375 0.781250
vt 0.109375 0.750000
vt 0.125000 0.750000
vt 0.125000 0.781250
vt 0.140625 0.781250
vt 0.140625 0.750000
vt 0.156250 0.750000
vt 0.156250 0.781250
vt 0.171875 0.781250
vt 0.171875 0.750000
vt 0.187500 0.750000
vt 0.187500 0.781250
vt 0.203125 0.781250
vt 0.203125 0.750000
vt 0.218750 0.750000
vt 0.218750 0.781250
vt 0.234375 0.781250
vt 0.234375 0.750000
vt 0.250000 0.750000
vt 0.250000 0.781250
vt 0.265625 0.781250
vt 0.265625 0.750000
vt 0.281250 0.750000
vt 0.281250 0.781250
vt 0.296875 0.781250
vt 0.296875 0.750000
vt 0.312500 0.750000
vt 0.312500 0.781250
vt 0.328125 0.781250
vt 0.328125 0.750000
vt 0.343750 0.750000
vt 0.343750 0.781250
vt 0.359375 0.781250
vt 0.359375 0.750000
vt 0.375000 0.750000
vt 0.375000 0.781250
vt 0.390625 0.781250
vt 0.390625 0.750000
vt 0.406250 0.750000
vt 0.406250 0.781250
vt 0.421875 0.781250
vt 0.421875 0.750000
vt 0.437500 0.750000
vt 0.437500 0.781250
vt 0.453125 0.781250
vt 0.453125 0.750000
vt 0.468750 0.750000
vt 0.468750 0.781250
vt 0.484375 0.781250
vt 0.484375 0.750000
vt 0.500000 0.750000
vt 0.500000 0.781250
vt 0.515625 0.781250
vt 0.515625 0.750000
vt 0.531250 0.750000
vt 0.531250 0.781250
vt 0.546875 0.781250
vt 0.546875 0.750000
vt 0.562500 0.750000
vt 0.562500 0.781250
vt 0.578125 0.781250
vt 0.578125 0.750000
vt 0.593750 0.750000
vt 0.593750 0.781250
vt 0.609375 0.781250
vt 0.609375 0.750000
vt 0.625000 0.750000
vt 0.625000 0.781250
vt 0.640625 0.781250
vt 0.640625 0.750000
vt 0.656250 0.750000
vt 0.656250 0.781250
vt 0.671875 0.781250
vt 0.671875 0.750000
vt 0.687500 0.750000
vt 0.687500 0.781250
vt 0.703125 0.781250
vt 0.703125 0.750000
vt 0.718750 0.750000
vt 0.718750 0.781250
vt 0.734375 0.781250
vt 0.734375 0.750000
vt 0.750000 0.750000
vt 0.750000 0.781250
vt 0.765625 0.781250
vt 0.765625 0.750000
vt 0.781250 0.750000
vt 0.781250 0.781250
vt 0.796875 0.781250
vt 0.796875 0.750000
vt 0.812500 0.750000
vt 0.812500 0.781250
vt 0.828125 0.781250
vt 0.828125 0.750000
vt 0.843750 0.750000
vt 0.843750 0.781250
vt 0.859375 0.781250
vt 0.859375 0.750000
vt 0.875000 0.750000
vt 0.875000 0.781250
vt 0.890625 0.781250
vt 0.890625 0.750000
vt 0.906250 0.750000
vt 0.906250 0.781250
vt 0.921875 0.781250
vt 0.921875 0.750000
vt 0.937500 0.750000
vt 0.937500 0.781250
vt 0.953125 0.781250
vt 0.953125 0.750000
vt 0.968750 0.750000
vt 0.968750 0.781250
vt 0.984375 0.781250
vt 0.984375 0.750000
vt 1.000000 0.750000
vt 1.000000 0.781250
vt 0.000000 0.718750
vt 0.015625 0.718750
vt 0.000000 0.687500
vt 0.015625 0.687500
vt 0.031250 0.687500
vt 0.031250 0.718750
vt 0.046875 0.718750
vt 0.046875 0.687500
vt 0.062500 0.687500
vt 0.062500 0.718750
vt 0.078125 0.718750
vt 0.078125 0.687500
vt 0.093750 0.687500
vt 0.093750 0.718750
vt 0.109375 0.718750
vt 0.109375 0.687500
vt 0.125000 0.687500
vt 0.125000 0.718750
vt 0.140625 0.718750
vt 0.140625 0.687500
vt 0.156250 0.687500
vt 0.156250 0.718750
vt 0.171875 0.718750
vt 0.171875 0.687500
vt 0.187500 0.687500
vt 0.187500 0.718750
vt 0.203125 0.718750
vt 0.203125 0.687500
vt 0.218750 0.687500
vt 0.218750 0.718750
vt 0.234375 0.718750
vt 0.234375 0.687500
vt 0.250000 0.687500
vt 0.250000 0.718750
vt 0.265625 0.718750
vt 0.265625 0.687500
vt 0.281250 0.687500
vt 0.281250 0.718750
vt 0.296875 0.718750
vt 0.296875 0.687500
vt 0.312500 0.687500
vt 0.312500 0.718750
vt 0.328125 0.718750
vt 0.328125 0.687500
vt 0.343750 0.687500
vt 0.343750 0.718750
vt 0.359375 0.718750
vt 0.359375 0.687500
vt 0.375000 0.687500
vt 0.375000 0.718750
vt 0.390625 0.718750
vt 0.390625 0.687500
vt 0.406250 0.687500
vt 0.406250 0.718750
vt 0.421875 0.718750
vt 0.421875 0.687500
vt 0.437500 0.687500
vt 0.437500 0.718750
vt 0.453125 0.718750
vt 0.453125 0.687500
vt 0.468750 0.687500
vt 0.468750 0.718750
vt 0.484375 0.718750
vt 0.484375 0.687500
vt 0.500000 0.687500
vt 0.500000 0.718750
vt 0.515625 0.718750
vt 0.515625 0.687500
vt 0.531250 0.687500
vt 0.531250 0.718750
vt 0.546875 0.718750
vt 0.546875 0.687500
vt 0.562500 0.687500
vt 0.562500 0.718750
vt 0.578125 0.718750
vt 0.578125 0.687500
vt 0.593750 0.687500
vt 0.593750 0.718750
vt 0.609375 0.718750
vt 0.609375 0.687500
vt 0.625000 0.687500
vt 0.625000 0.718750
vt 0.640625 0.718750
vt 0.640625 0.687500
vt 0.656250 0.687500
vt 0.656250 0.718750
vt 0.671875 0.718750
vt 0.671875 0.687500
vt 0.687500 0.687500
vt 0.687500 0.718750
vt 0.703125 0.718750
vt 0.703125 0.687500
vt 0.718750 0.687500
vt 0.718750 0.718750
vt 0.734375 0.718750
vt 0.734375 0.687500
vt 0.750000 0.687500
vt 0.750000 0.718750
vt 0.765625 0.718750
vt 0.765625 0.687500
vt 0.781250 0.687500
vt 0.781250 0.718750
vt 0.796875 0.718750
vt 0.796875 0.687500
vt 0.812500 0.687500
vt 0.812500 0.718750
vt 0.828125 0.718750
vt 0.828125 0.687500
vt 0.843750 0.687500
vt 0.843750 0.718750
vt 0.859375 0.718750
vt 0.859375 0.687500
vt 0.875000 0.687500
vt 0.875000 0.718750
vt 0.890625 0.718750
vt 0.890625 0.687500
vt 0.906250 0.687500
vt 0.906250 0.718750
vt 0.921875 0.718750
vt 0.921875 0.687500
vt 0.937500 0.687500
vt 0.937500 0.718750
vt 0.953125 0.718750
vt 0.953125 0.687500
vt 0.968750 0.687500
vt 0.968750 0.718750
vt 0.984375 0.718750
vt 0.984375 0.687500
vt 1.000000 0.687500
vt 1.000000 0.718750
vt 0.000000 0.656250
vt 0.015625 0.656250
vt 0.000000 0.625000
vt 0.015625 0.625000
vt 0.031250 0.625000
vt 0.031250 0.656250
vt 0.046875 0.656250
vt 0.046875 0.625000
vt 0.062500 0.625000
vt 0.062500 0.656250
vt 0.078125 0.656250
vt 0.078125 0.625000
vt 0.093750 0.625000
vt 0.093750 0.656250
vt 0.109375 0.656250
vt 0.109375 0.625000
vt 0.125000 0.625000
vt 0.125000 0.656250
vt 0.140625 0.656250
vt 0.140625 0.625000
vt 0.156250 0.625000
vt 0.156250 0.656250
vt 0.171875 0.656250
vt 0.171875 0.625000
vt 0.187500 0.625000
vt 0.187500 0.656250
vt 0.203125 0.656250
vt 0.203125 0.625000
vt 0.218750 0.625000
vt 0.218750 0.656250
vt 0.234375 0.656250
vt 0.234375 0.625000
vt 0.250000 0.625000
vt 0.250000 0.656250
vt 0.265625 0.656250
vt 0.265625 0.625000
vt 0.281250 0.625000
vt 0.281250 0.656250
vt 0.296875 0.656250
vt 0.296875 0.625000
vt 0.312500 0.625000
vt 0.312500 0.656250
vt 0.328125 0.656250
vt 0.328125 0.625000
vt 0.343750 0.625000
vt 0.343750 0.656250
vt 0.359375 0.656250
vt 0.359375 0.625000
vt 0.375000 0.625000
vt 0.375000 0.656250
vt 0.390625 0.656250
vt 0.390625 0.625000
vt 0.406250 0.625000
vt 0.406250 0.656250
vt 0.421875 0.656250
vt 0.421875 0.625000
vt 0.437500 0.625000
vt 0.437500 0.656250
vt 0.453125 0.656250
vt 0.453125 0.625000
vt 0.468750 0.625000
vt 0.468750 0.656250
vt 0.484375 0.656250
vt 0.484375 0.625000
vt 0.500000 0.625000
vt 0.500000 0.656250
vt 0.515625 0.656250
vt 0.515625 0.625000
vt 0.531250 0.625000
vt 0.531250 0.656250
vt 0.546875 0.656250
vt 0.546875 0.625000
vt 0.562500 0.625000
vt 0.562500 0.656250
vt 0.578125 0.656250
vt 0.578125 0.625000
vt 0.593750 0.625000
vt 0.593750 0.656250
vt 0.609375 0.656250
vt 0.609375 0.625000
vt 0.625000 0.625000
vt 0.625000 0.656250
vt 0.640625 0.656250
vt 0.640625 0.625000
vt 0.656250 0.625000
vt 0.656250 0.656250
vt 0.671875 0.656250
vt 0.671875 0.625000
vt 0.687500 0.625000
vt 0.687500 0.656250
vt 0.703125 0.656250
vt 0.703125 0.625000
vt 0.718750 0.625000
vt 0.718750 0.656250
vt 0.734375 0.656250
vt 0.734375 0.625000
vt 0.750000 0.625000
vt 0.750000 0.656250
vt 0.765625 0.656250
vt 0.765625 0.625000
vt 0.781250 0.625000
vt 0.781250 0.656250
vt 0.796875 0.656250
vt 0.796875 0.625000
vt 0.812500 0.625000
vt 0.812500 0.656250
vt 0.828125 0.656250
vt 0.828125 0.625000
vt 0.843750 0.625000
vt 0.843750 0.656250
vt 0.859375 0.656250
vt 0.859375 0.625000
vt 0.875000 0.625000
vt 0.875000 0.656250
vt 0.890625 0.656250
vt 0.890625 0.625000
vt 0.906250 0.625000
vt 0.906250 0.656250
vt 0.921875 0.656250
vt 0.921875 0.625000
vt 0.937500 0.625000
vt 0.937500 0.656250
vt 0.953125 0.656250
vt 0.953125 0.625000
vt 0.968750 0.625000
vt 0.968750 0.656250
vt 0.984375 0.656250
vt 0.984375 0.625000
vt 1.000000 0.625000
vt 1.000000 0.656250
vt 0.000000 0.593750
vt 0.015625 0.593750
vt 0.000000 0.562500
vt 0.015625 0.562500
vt 0.031250 0.562500
vt 0.031250 0.593750
vt 0.046875 0.593750
vt 0.046875 0.562500
vt 0.062500 0.562500
vt 0.062500 0.593750
vt 0.078125 0.593750
vt 0.078125 0.562500
vt 0.093750 0.562500
vt 0.093750 0.593750
vt 0.109375 0.593750
vt 0.109375 0.562500
vt 0.125000 0.562500
vt 0.125000 0.593750
vt 0.140625 0.593750
vt 0.140625 0.562500
vt 0.156250 0.562500
vt 0.156250 0.593750
vt 0.171875 0.593750
vt 0.171875 0.562500
vt 0.187500 0.562500
vt 0.187500 0.593750
vt 0.203125 0.593750
vt 0.203125 0.562500
vt 0.218750 0.562500
vt 0.218750 0.593750
vt 0.234375 0.593750
vt 0.234375 0.562500
vt 0.250000 0.562500
vt 0.250000 0.593750
vt 0.265625 0.593750
vt 0.265625 0.562500
vt 0.281250 0.562500
vt 0.281250 0.593750
vt 0.296875 0.593750
vt 0.296875 0.562500
vt 0.312500 0.562500
vt 0.312500 0.593750
vt 0.328125 0.593750
vt 0.328125 0.562500
vt 0.343750 0.562500
vt 0.343750 0.593750
vt 0.359375 0.593750
vt 0.359375 0.562500
vt 0.375000 0.562500
vt 0.375000 0.593750
vt 0.390625 0.593750
vt 0.390625 0.562500
vt 0.406250 0.562500
vt 0.406250 0.593750
vt 0.421875 0.593750
vt 0.421875 0.562500
vt 0.437500 0.562500
vt 0.437500 0.593750
vt 0.453125 0.593750
vt 0.453125 0.562500
vt 0.468750 0.562500
vt 0.468750 0.593750
vt 0.484375 0.593750
vt 0.484375 0.562500
vt 0.500000 0.562500
vt 0.500000 0.593750
vt 0.515625 0.593750
vt 0.515625 0.562500
vt 0.531250 0.562500
vt 0.531250 0.593750
vt 0.546875 0.593750
vt 0.546875 0.562500
vt 0.562500 0.562500
vt 0.562500 0.593750
vt 0.578125 0.593750
vt 0.578125 0.562500
vt 0.593750 0.562500
vt 0.593750 0.593750
vt 0.609375 0.593750
vt 0.609375 0.562500
vt 0.625000 0.562500
vt 0.625000 0.593750
vt 0.640625 0.593750
vt 0.640625 0.562500
vt 0.656250 0.562500
vt 0.656250 0.593750
vt 0.671875 0.593750
vt 0.671875 0.562500
vt 0.687500 0.562500
vt 0.687500 0.593750
vt 0.703125 0.593750
vt 0.703125 0.562500
vt 0.718750 0.562500
vt 0.718750 0.593750
vt 0.734375 0.593750
vt 0.734375 0.562500
vt 0.750000 0.562500
vt 0.750000 0.593750
vt 0.765625 0.593750
vt 0.765625 0.562500
vt 0.781250 0.562500
vt 0.781250 0.593750
vt 0.796875 0.593750
vt 0.796875 0.562500
vt 0.812500 0.562500
vt 0.812500 0.593750
vt 0.828125 0.593750
vt 0.828125 0.562500
vt 0.843750 0.562500
vt 0.843750 0.593750
vt 0.859375 0.593750
vt 0.859375 0.562500
vt 0.875000 0.562500
vt 0.875000 0.593750
vt 0.890625 0.593750
vt 0.890625 0.562500
vt 0.906250 0.562500
vt 0.906250 0.593750
vt 0.921875 0.593750
vt 0.921875 0.562500
vt 0.937500 0.562500
vt 0.937500 0.593750
vt 0.953125 0.593750
vt 0.953125 0.562500
vt 0.968750 0.562500
vt 0.968750 0.593750
vt 0.984375 0.593750
vt 0.984375 0.562500
vt 1.000000 0.562500
vt 1.000000 0.593750
vt 0.000000 0.531250
vt 0.015625 0.531250
vt 0.000000 0.500000
vt 0.015625 0.500000
vt 0.031250 0.500000
vt 0.031250 0.531250
vt 0.046875 0.531250
vt 0.046875 0.500000
vt 0.062500 0.500000
vt 0.062500 0.531250
vt 0.078125 0.531250
vt 0.078125 0.500000
vt 0.093750 0.500000
vt 0.093750 0.531250
vt 0.109375 0.531250
vt 0.109375 0.500000
vt 0.125000 0.500000
vt 0.125000 0.531250
vt 0.140625 0.531250
vt 0.140625 0.500000
vt 0.156250 0.500000
vt 0.156250 0.531250
vt 0.171875 0.531250
vt 0.171875 0.500000
vt 0.187500 0.500000
vt 0.187500 0.531250
vt 0.203125 0.531250
vt 0.203125 0.500000
vt 0.218750 0.500000
vt 0.218750 0.531250
vt 0.234375 0.531250
vt 0.234375 0.500000
vt 0.250000 0.500000
vt 0.250000 0.531250
vt 0.265625 0.531250
vt 0.265625 0.500000
vt 0.281250 0.500000
vt 0.281250 0.531250
vt 0.296875 0.531250
vt 0.296875 0.500000
vt 0.312500 0.500000
vt 0.312500 0.531250
vt 0.328125 0.531250
vt 0.328125 0.500000
vt 0.343750 0.500000
vt 0.343750 0.531250
vt 0.359375 0.531250
vt 0.359375 0.500000
vt 0.375000 0.500000
vt 0.375000 0.531250
vt 0.390625 0.531250
vt 0.390625 0.500000
vt 0.406250 0.500000
vt 0.406250 0.531250
vt 0.421875 0.531250
vt 0.421875 0.500000
vt 0.437500 0.500000
vt 0.437500 0.531250
vt 0.453125 0.531250
vt 0.453125 0.500000
vt 0.468750 0.500000
vt 0.468750 0.531250
vt 0.484375 0.531250
vt 0.484375 0.500000
vt 0.500000 0.500000
vt 0.500000 0.531250
vt 0.515625 0.531250
vt 0.515625 0.500000
vt 0.531250 0.500000
vt 0.531250 0.531250
vt 0.546875 0.531250
vt 0.546875 0.500000
vt 0.562500 0.500000
vt 0.562500 0.531250
vt 0.578125 0.531250
vt 0.578125 0.500000
vt 0.593750 0.500000
vt 0.593750 0.531250
vt 0.609375 0.531250
vt 0.609375 0.500000
vt 0.625000 0.500000
vt 0.625000 0.531250
vt 0.640625 0.531250
vt 0.640625 0.500000
vt 0.656250 0.500000
vt 0.656250 0.531250
vt 0.671875 0.531250
vt 0.671875 0.500000
vt 0.687500 0.500000
vt 0.687500 0.531250
vt 0.703125 0.531250
vt 0.703125 0.500000
vt 0.718750 0.500000
vt 0.718750 0.531250
vt 0.734375 0.531250
vt 0.734375 0.500000
vt 0.750000 0.500000
vt 0.750000 0.531250
vt 0.765625 0.531250
vt 0.765625 0.500000
vt 0.781250 0.500000
vt 0.781250 0.531250
vt 0.796875 0.531250
vt 0.796875 0.500000
vt 0.812500 0.500000
vt 0.812500 0.531250
vt 0.828125 0.531250
vt 0.828125 0.500000
vt 0.843750 0.500000
vt 0.843750 0.531250
vt 0.859375 0.531250
vt 0.859375 0.500000
vt 0.875000 0.500000
vt 0.875000 0.531250
vt 0.890625 0.531250
vt 0.890625 0.500000
vt 0.906250 0.500000
vt 0.906250 0.531250
vt 0.921875 0.531250
vt 0.921875 0.500000
vt 0.937500 0.500000
vt 0.937500 0.531250
vt 0.953125 0.531250
vt 0.953125 0.500000
vt 0.968750 0.500000
vt 0.968750 0.531250
vt 0.984375 0.531250
vt 0.984375 0.500000
vt 1.000000 0.500000
vt 1.000000 0.531250
vt 0.015625 0.500000
vt 0.031250 0.500000
vt 0.000000 0.500000
vt 0.000000 0.500000
vt 0.015625 0.500000
vt 0.031250 0.500000
vt 0.046875 0.500000
vt 0.062500 0.500000
vt 0.046875 0.500000
vt 0.062500 0.500000
vt 0.078125 0.500000
vt 0.093750 0.500000
vt 0.078125 0.500000
vt 0.093750 0.500000
vt 0.109375 0.500000
vt 0.125000 0.500000
vt 0.109375 0.500000
vt 0.125000 0.500000
vt 0.140625 0.500000
vt 0.156250 0.500000
vt 0.140625 0.500000
vt 0.156250 0.500000
vt 0.171875 0.500000
vt 0.187500 0.500000
vt 0.171875 0.500000
vt 0.187500 0.500000
vt 0.203125 0.500000
vt 0.218750 0.500000
vt 0.203125 0.500000
vt 0.218750 0.500000
vt 0.234375 0.500000
vt 0.250000 0.500000
vt 0.234375 0.500000
vt 0.250000 0.500000
vt 0.265625 0.500000
vt 0.281250 0.500000
vt 0.265625 0.500000
vt 0.281250 0.500000
vt 0.296875 0.500000
vt 0.312500 0.500000
vt 0.296875 0.500000
vt 0.312500 0.500000
vt 0.328125 0.500000
vt 0.343750 0.500000
vt 0.328125 0.500000
vt 0.343750 0.500000
vt 0.359375 0.500000
vt 0.375000 0.500000
vt 0.359375 0.500000
vt 0.375000 0.500000
vt 0.390625 0.500000
vt 0.406250 0.500000
vt 0.390625 0.500000
vt 0.406250 0.500000
vt 0.421875 0.500000
vt 0.437500 0.500000
vt 0.421875 0.500000
vt 0.437500 0.500000
vt 0.453125 0.500000
vt 0.468750 0.500000
vt 0.453125 0.500000
vt 0.468750 0.500000
vt 0.484375 0.500000
vt 0.500000 0.500000
vt 0.484375 0.500000
vt 0.500000 0.500000
vt 0.515625 0.500000
vt 0.531250 0.500000
vt 0.515625 0.500000
vt 0.531250 0.500000
vt 0.546875 0.500000
vt 0.562500 0.500000
vt 0.546875 0.500000
vt 0.562500 0.500000
vt 0.578125 0.500000
vt 0.593750 0.500000
vt 0.578125 0.500000
vt 0.593750 0.500000
vt 0.609375 0.500000
vt 0.625000 0.500000
vt 0.609375 0.500000
vt 0.625000 0.500000
vt 0.640625 0.500000
vt 0.656250 0.500000
vt 0.640625 0.500000
vt 0.656250 0.500000
vt 0.671875 0.500000
vt 0.687500 0.500000
vt 0.671875 0.500000
vt 0.687500 0.500000
vt 0.703125 0.500000
vt 0.718750 0.500000
vt 0.703125 0.500000
vt 0.718750 0.500000
vt 0.734375 0.500000
vt 0.750000 0.500000
vt 0.734375 0.500000
vt 0.750000 0.500000
vt 0.765625 0.500000
vt 0.781250 0.500000
vt 0.765625 0.500000
vt 0.781250 0.500000
vt 0.796875 0.500000
vt 0.812500 0.500000
vt 0.796875 0.500000
vt 0.812500 0.500000
vt 0.828125 0.500000
vt 0.843750 0.500000
vt 0.828125 0.500000
vt 0.843750 0.500000
vt 0.859375 0.500000
vt 0.875000 0.500000
vt 0.859375 0.500000
vt 0.875000 0.500000
vt 0.890625 0.500000
vt 0.906250 0.500000
vt 0.890625 0.500000
vt 0.906250 0.500000
vt 0.921875 0.500000
vt 0.937500 0.500000
vt 0.921875 0.500000
vt 0.937500 0.500000
vt 0.953125 0.500000
vt 0.968750 0.500000
vt 0.953125 0.500000
vt 0.968750 0.500000
vt 0.984375 0.500000
vt 1.000000 0.500000
vt 0.984375 0.500000
vt 1.000000 0.500000
vt 0.015625 0.500000
vt 0.031250 0.500000
vt 0.000000 0.500000
vt 0.000000 0.500000
vt 0.015625 0.500000
vt 0.031250 0.500000
vt 0.046875 0.500000
vt 0.062500 0.500000
vt 0.046875 0.500000
vt 0.062500 0.500000
vt 0.078125 0.500000
vt 0.093750 0.500000
vt 0.078125 0.500000
vt 0.093750 0.500000
vt 0.109375 0.500000
vt 0.125000 0.500000
vt 0.109375 0.500000
vt 0.125000 0.500000
vt 0.140625 0.500000
vt 0.156250 0.500000
vt 0.140625 0.500000
vt 0.156250 0.500000
vt 0.171875 0.500000
vt 0.187500 0.500000
vt 0.171875 0.500000
vt 0.187500 0.500000
vt 0.203125 0.500000
vt 0.218750 0.500000
vt 0.203125 0.500000
vt 0.218750 0.500000
vt 0.234375 0.500000
vt 0.250000 0.500000
vt 0.234375 0.500000
vt 0.250000 0.500000
vt 0.265625 0.500000
vt 0.281250 0.500000
vt 0.265625 0.500000
vt 0.281250 0.500000
vt 0.296875 0.500000
vt 0.312500 0.500000
vt 0.296875 0.500000
vt 0.312500 0.500000
vt 0.328125 0.500000
vt 0.343750 0.500000
vt 0.328125 0.500000
vt 0.343750 0.500000
vt 0.359375 0.500000
vt 0.375000 0.500000
vt 0.359375 0.500000
vt 0.375000 0.500000
vt 0.390625 0.500000
vt 0.406250 0.500000
vt 0.390625 0.500000
vt 0.406250 0.500000
vt 0.421875 0.500000
vt 0.437500 0.500000
vt 0.421875 0.500000
vt 0.437500 0.500000
vt 0.453125 0.500000
vt 0.468750 0.500000
vt 0.453125 0.500000
vt 0.468750 0.500000
vt 0.484375 0.500000
vt 0.500000 0.500000
vt 0.484375 0.500000
vt 0.500000 0.500000
vt 0.515625 0.500000
vt 0.531250 0.500000
vt 0.515625 0.500000
vt 0.531250 0.500000
vt 0.546875 0.500000
vt 0.562500 0.500000
vt 0.546875 0.500000
vt 0.562500 0.500000
vt 0.578125 0.500000
vt 0.593750 0.500000
vt 0.578125 0.500000
vt 0.593750 0.500000
vt 0.609375 0.500000
vt 0.625000 0.500000
vt 0.609375 0.500000
vt 0.625000 0.500000
vt 0.640625 0.500000
vt 0.656250 0.500000
vt 0.640625 0.500000
vt 0.656250 0.500000
vt 0.671875 0.500000
vt 0.687500 0.500000
vt 0.671875 0.500000
vt 0.687500 0.500000
vt 0.703125 0.500000
vt 0.718750 0.500000
vt 0.703125 0.500000
vt 0.718750 0.500000
vt 0.734375 0.500000
vt 0.750000 0.500000
vt 0.734375 0.500000
vt 0.750000 0.500000
vt 0.765625 0.500000
vt 0.781250 0.500000
vt 0.765625 0.500000
vt 0.781250 0.500000
vt 0.796875 0.500000
vt 0.812500 0.500000
vt 0.796875 0.500000
vt 0.812500 0.500000
vt 0.828125 0.500000
vt 0.843750 0.500000
vt 0.828125 0.500000
vt 0.843750 0.500000
vt 0.859375 0.500000
vt 0.875000 0.500000
vt 0.859375 0.500000
vt 0.875000 0.500000
vt 0.890625 0.500000
vt 0.906250 0.500000
vt 0.890625 0.500000
vt 0.906250 0.500000
vt 0.921875 0.500000
vt 0.937500 0.500000
vt 0.921875 0.500000
vt 0.937500 0.500000
vt 0.953125 0.500000
vt 0.968750 0.500000
vt 0.953125 0.500000
vt 0.968750 0.500000
vt 0.984375 0.500000
vt 1.000000 0.500000
vt 0.984375 0.500000
vt 1.000000 0.500000
vn -0.008905 0.995866 -0.090398
vn -0.008905 0.995866 -0.090398
vn -0.008905 0.995866 -0.090398
vn -0.008905 0.995866 -0.090398
vn -0.000000 0.979208 -0.202859
vn -0.020859 0.977094 -0.211784
vn -0.014149 0.989527 -0.143652
vn -0.000000 0.994411 -0.105574
vn -0.039576 0.979208 -0.198961
vn -0.020596 0.994412 -0.103545
vn -0.014149 0.989527 -0.143652
vn -0.020859 0.977094 -0.211784
vn 0.000000 1.000000 0.000000
vn -0.020596 0.994412 -0.103545
vn -0.041902 0.989527 -0.138132
vn -0.040401 0.994411 -0.097538
vn -0.039576 0.979208 -0.198961
vn -0.061775 0.977094 -0.203645
vn -0.041902 0.989527 -0.138132
vn -0.020596 0.994412 -0.103545
vn -0.077631 0.979208 -0.187418
vn -0.040401 0.994411 -0.097538
vn -0.041902 0.989527 -0.138132
vn -0.061775 0.977094 -0.203645
vn 0.000000 1.000000 0.000000
vn -0.040401 0.994411 -0.097538
vn -0.068045 0.989527 -0.127303
vn -0.058654 0.994411 -0.087782
vn -0.077631 0.979208 -0.187418
vn -0.100317 0.977094 -0.187680
vn -0.068045 0.989527 -0.127303
vn -0.040401 0.994411 -0.097538
vn -0.112703 0.979208 -0.168671
vn -0.058654 0.994411 -0.087782
vn -0.068045 0.989527 -0.127303
vn -0.100317 0.977094 -0.187680
vn 0.000000 1.000000 0.000000
vn -0.058654 0.994411 -0.087782
vn -0.091573 0.989527 -0.111582
vn -0.074652 0.994412 -0.074652
vn -0.112703 0.979208 -0.168671
vn -0.135004 0.977094 -0.164503
vn -0.091573 0.989527 -0.111582
vn -0.058654 0.994411 -0.087782
vn -0.143443 0.979208 -0.143443
vn -0.074652 0.994412 -0.074652
vn -0.091573 0.989527 -0.111582
vn -0.135004 0.977094 -0.164503
vn 0.000000 1.000000 0.000000
vn -0.074652 0.994412 -0.074652
vn -0.111582 0.989527 -0.091573
vn -0.087781 0.994412 -0.058654
vn -0.143443 0.979208 -0.143443
vn -0.164503 0.977094 -0.135004
vn -0.111582 0.989527 -0.091573
vn -0.074652 0.994412 -0.074652
vn -0.168671 0.979208 -0.112703
vn -0.087781 0.994412 -0.058654
vn -0.111582 0.989527 -0.091573
vn -0.164503 0.977094 -0.135004
vn 0.000000 1.000000 0.000000
vn -0.087781 0.994412 -0.058654
vn -0.127303 0.989527 -0.068045
vn -0.097538 0.994411 -0.040401
vn -0.168671 0.979208 -0.112703
vn -0.187680 0.977094 -0.100317
vn -0.127303 0.989527 -0.068045
vn -0.087781 0.994412 -0.058654
vn -0.187418 0.979208 -0.077631
vn -0.097538 0.994411 -0.040401
vn -0.127303 0.989527 -0.068045
vn -0.187680 0.977094 -0.100317
vn 0.000000 1.000000 0.000000
vn -0.097538 0.994411 -0.040401
vn -0.138132 0.989527 -0.041902
vn -0.103545 0.994411 -0.020596
vn -0.187418 0.979208 -0.077631
vn -0.203645 0.977094 -0.061775
vn -0.138132 0.989527 -0.041902
vn -0.097538 0.994411 -0.040401
vn -0.198961 0.979208 -0.039576
vn -0.103545 0.994411 -0.020596
vn -0.138132 0.989527 -0.041902
vn -0.203645 0.977094 -0.061775
vn 0.000000 1.000000 0.000000
vn -0.103545 0.994411 -0.020596
vn -0.143652 0.989527 -0.014149
vn -0.105574 0.994411 0.000000
vn -0.198961 0.979208 -0.039576
vn -0.211784 0.977094 -0.020859
vn -0.143652 0.989527 -0.014149
vn -0.103545 0.994411 -0.020596
vn -0.202859 0.979208 0.000000
vn -0.105574 0.994411 0.000000
vn -0.143652 0.989527 -0.014149
vn -0.211784 0.977094 -0.020859
vn 0.000000 1.000000 0.000000
vn -0.105574 0.994411 0.000000
vn -0.143652 0.989527 0.014149
vn -0.103545 0.994411 0.020596
vn -0.202859 0.979208 0.000000
vn -0.211784 0.977094 0.020859
vn -0.143652 0.989527 0.014149
vn -0.105574 0.994411 0.000000
vn -0.198961 0.979208 0.039576
vn -0.103545 0.994411 0.020596
vn -0.143652 0.989527 0.014149
vn -0.211784 0.977094 0.020859
vn 0.000000 1.000000 0.000000
vn -0.103545 0.994411 0.020596
vn -0.138132 0.989527 0.041902
vn -0.097538 0.994411 0.040401
vn -0.198961 0.979208 0.039576
vn -0.203645 0.977094 0.061775
vn -0.138132 0.989527 0.041902
vn -0.103545 0.994411 0.020596
vn -0.187418 0.979208 0.077631
vn -0.097538 0.994411 0.040401
vn -0.138132 0.989527 0.041902
vn -0.203645 0.977094 0.061775
vn 0.000000 1.000000 0.000000
vn -0.097538 0.994411 0.040401
vn -0.127303 0.989527 0.068045
vn -0.087781 0.994412 0.058654
vn -0.187418 0.979208 0.077631
vn -0.187680 0.977094 0.100317
vn -0.127303 0.989527 0.068045
vn -0.097538 0.994411 0.040401
vn -0.168671 0.979208 0.112703
vn -0.087781 0.994412 0.058654
vn -0.127303 0.989527 0.068045
vn -0.187680 0.977094 0.100317
vn 0.000000 1.000000 0.000000
vn -0.087781 0.994412 0.058654
vn -0.111582 0.989527 0.091573
vn -0.074652 0.994412 0.074652
vn -0.168671 0.979208 0.112703
vn -0.164503 0.977094 0.135004
vn -0.111582 0.989527 0.091573
vn -0.087781 0.994412 0.058654
vn -0.143443 0.979208 0.143443
vn -0.074652 0.994412 0.074652
vn -0.111582 0.989527 0.091573
vn -0.164503 0.977094 0.135004
vn 0.000000 1.000000 0.000000
vn -0.074652 0.994412 0.074652
vn -0.091573 0.989527 0.111582
vn -0.058654 0.994411 0.087782
vn -0.143443 0.979208 0.143443
vn -0.135004 0.977094 0.164503
vn -0.091573 0.989527 0.111582
vn -0.074652 0.994412 0.074652
vn -0.112702 0.979208 0.168671
vn -0.058654 0.994411 0.087782
vn -0.091573 0.989527 0.111582
vn -0.135004 0.977094 0.164503
vn 0.000000 1.000000 0.000000
vn -0.058654 0.994411 0.087782
vn -0.068045 0.989527 0.127303
vn -0.040401 0.994411 0.097538
vn -0.112702 0.979208 0.168671
vn -0.100317 0.977094 0.187680
vn -0.068045 0.989527 0.127303
vn -0.058654 0.994411 0.087782
vn -0.077631 0.979208 0.187418
vn -0.040401 0.994411 0.097538
vn -0.068045 0.989527 0.127303
vn -0.100317 0.977094 0.187680
vn 0.000000 1.000000 0.000000
vn -0.040401 0.994411 0.097538
vn -0.041902 0.989527 0.138132
vn -0.020596 0.994412 0.103545
vn -0.077631 0.979208 0.187418
vn -0.061775 0.977094 0.203645
vn -0.041902 0.989527 0.138132
vn -0.040401 0.994411 0.097538
vn -0.039576 0.979208 0.198961
vn -0.020596 0.994412 0.103545
vn -0.041902 0.989527 0.138132
vn -0.061775 0.977094 0.203645
vn 0.000000 1.000000 0.000000
vn -0.020596 0.994412 0.103545
vn -0.014148 0.989527 0.143652
vn 0.000000 0.994411 0.105574
vn -0.039576 0.979208 0.198961
vn -0.020859 0.977094 0.211784
vn -0.014148 0.989527 0.143652
vn -0.020596 0.994412 0.103545
vn 0.000000 0.979208 0.202859
vn 0.000000 0.994411 0.105574
vn -0.014148 0.989527 0.143652
vn -0.020859 0.977094 0.211784
vn 0.000000 1.000000 0.000000
vn 0.000000 0.994411 0.105574
vn 0.014149 0.989527 0.143652
vn 0.020597 0.994412 0.103545
vn 0.000000 0.979208 0.202859
vn 0.020859 0.977094 0.211784
vn 0.014149 0.989527 0.143652
vn 0.000000 0.994411 0.105574
vn 0.039576 0.979208 0.198961
vn 0.020597 0.994412 0.103545
vn 0.014149 0.989527 0.143652
vn 0.020859 0.977094 0.211784
vn 0.000000 1.000000 0.000000
vn 0.020597 0.994412 0.103545
vn 0.041902 0.989527 0.138132
vn 0.040401 0.994411 0.097538
vn 0.039576 0.979208 0.198961
vn 0.061775 0.977094 0.203645
vn 0.041902 0.989527 0.138132
vn 0.020597 0.994412 0.103545
vn 0.077631 0.979208 0.187418
vn 0.040401 0.994411 0.097538
vn 0.041902 0.989527 0.138132
vn 0.061775 0.977094 0.203645
vn 0.000000 1.000000 0.000000
vn 0.040401 0.994411 0.097538
vn 0.068045 0.989527 0.127303
vn 0.058654 0.994412 0.087781
vn 0.077631 0.979208 0.187418
vn 0.100317 0.977094 0.187680
vn 0.068045 0.989527 0.127303
vn 0.040401 0.994411 0.097538
vn 0.112703 0.979208 0.168671
vn 0.058654 0.994412 0.087781
vn 0.068045 0.989527 0.127303
vn 0.100317 0.977094 0.187680
vn 0.000000 1.000000 0.000000
vn 0.058654 0.994412 0.087781
vn 0.091573 0.989527 0.111582
vn 0.074652 0.994412 0.074652
vn 0.112703 0.979208 0.168671
vn 0.135004 0.977094 0.164503
vn 0.091573 0.989527 0.111582
vn 0.058654 0.994412 0.087781
vn 0.143443 0.979208 0.143443
vn 0.074652 0.994412 0.074652
vn 0.091573 0.989527 0.111582
vn 0.135004 0.977094 0.164503
vn 0.000000 1.000000 0.000000
vn 0.074652 0.994412 0.074652
vn 0.111582 0.989527 0.091573
vn 0.087782 0.994411 0.058654
vn 0.143443 0.979208 0.143443
vn 0.164503 0.977094 0.135004
vn 0.111582 0.989527 0.091573
vn 0.074652 0.994412 0.074652
vn 0.168672 0.979208 0.112702
vn 0.087782 0.994411 0.058654
vn 0.111582 0.989527 0.091573
vn 0.164503 0.977094 0.135004
vn 0.000000 1.000000 0.000000
vn 0.087782 0.994411 0.058654
vn 0.127303 0.989527 0.068045
vn 0.097538 0.994411 0.040401
vn 0.168672 0.979208 0.112702
vn 0.187680 0.977094 0.100317
vn 0.127303 0.989527 0.068045
vn 0.087782 0.994411 0.058654
vn 0.187418 0.979208 0.077631
vn 0.097538 0.994411 0.040401
vn 0.127303 0.989527 0.068045
vn 0.187680 0.977094 0.100317
vn 0.000000 1.000000 0.000000
vn 0.097538 0.994411 0.040401
vn 0.138132 0.989527 0.041902
vn 0.103545 0.994411 0.020596
vn 0.187418 0.979208 0.077631
vn 0.203645 0.977094 0.061775
vn 0.138132 0.989527 0.041902
vn 0.097538 0.994411 0.040401
vn 0.198961 0.979208 0.039576
vn 0.103545 0.994411 0.020596
vn 0.138132 0.989527 0.041902
vn 0.203645 0.977094 0.061775
vn 0.000000 1.000000 0.000000
vn 0.103545 0.994411 0.020596
vn 0.143652 0.989527 0.014148
vn 0.105574 0.994411 0.000000
vn 0.198961 0.979208 0.039576
vn 0.211784 0.977094 0.020859
vn 0.143652 0.989527 0.014148
vn 0.103545 0.994411 0.020596
vn 0.202859 0.979208 0.000000
vn 0.105574 0.994411 0.000000
vn 0.143652 0.989527 0.014148
vn 0.211784 0.977094 0.020859
vn 0.000000 1.000000 0.000000
vn 0.105574 0.994411 0.000000
vn 0.143652 0.989527 -0.014149
vn 0.103545 0.994412 -0.020597
vn 0.202859 0.979208 0.000000
vn 0.211784 0.977094 -0.020859
vn 0.143652 0.989527 -0.014149
vn 0.105574 0.994411 0.000000
vn 0.198961 0.979208 -0.039576
vn 0.103545 0.994412 -0.020597
vn 0.143652 0.989527 -0.014149
vn 0.211784 0.977094 -0.020859
vn 0.000000 1.000000 0.000000
vn 0.103545 0.994412 -0.020597
vn 0.138132 0.989527 -0.041902
vn 0.097538 0.994411 -0.040402
vn 0.198961 0.979208 -0.039576
vn 0.203645 0.977094 -0.061775
vn 0.138132 0.989527 -0.041902
vn 0.103545 0.994412 -0.020597
vn 0.187417 0.979208 -0.077631
vn 0.097538 0.994411 -0.040402
vn 0.138132 0.989527 -0.041902
vn 0.203645 0.977094 -0.061775
vn 0.000000 1.000000 0.000000
vn 0.097538 0.994411 -0.040402
vn 0.127303 0.989527 -0.068045
vn 0.087781 0.994412 -0.058654
vn 0.187417 0.979208 -0.077631
vn 0.187680 0.977094 -0.100318
vn 0.127303 0.989527 -0.068045
vn 0.097538 0.994411 -0.040402
vn 0.168671 0.979208 -0.112703
vn 0.087781 0.994412 -0.058654
vn 0.127303 0.989527 -0.068045
vn 0.187680 0.977094 -0.100318
vn 0.000000 1.000000 0.000000
vn 0.087781 0.994412 -0.058654
vn 0.111582 0.989527 -0.091573
vn 0.074652 0.994412 -0.074652
vn 0.168671 0.979208 -0.112703
vn 0.164503 0.977094 -0.135005
vn 0.111582 0.989527 -0.091573
vn 0.087781 0.994412 -0.058654
vn 0.143443 0.979208 -0.143443
vn 0.074652 0.994412 -0.074652
vn 0.111582 0.989527 -0.091573
vn 0.164503 0.977094 -0.135005
vn 0.000000 1.000000 0.000000
vn 0.074652 0.994412 -0.074652
vn 0.091573 0.989527 -0.111582
vn 0.058654 0.994411 -0.087782
vn 0.143443 0.979208 -0.143443
vn 0.135004 0.977094 -0.164503
vn 0.091573 0.989527 -0.111582
vn 0.074652 0.994412 -0.074652
vn 0.112702 0.979208 -0.168672
vn 0.058654 0.994411 -0.087782
vn 0.091573 0.989527 -0.111582
vn 0.135004 0.977094 -0.164503
vn 0.000000 1.000000 0.000000
vn 0.058654 0.994411 -0.087782
vn 0.068045 0.989527 -0.127303
vn 0.040401 0.994411 -0.097538
vn 0.112702 0.979208 -0.168672
vn 0.100317 0.977094 -0.187680
vn 0.068045 0.989527 -0.127303
vn 0.058654 0.994411 -0.087782
vn 0.077631 0.979208 -0.187418
vn 0.040401 0.994411 -0.097538
vn 0.068045 0.989527 -0.127303
vn 0.100317 0.977094 -0.187680
vn 0.000000 1.000000 0.000000
vn 0.040401 0.994411 -0.097538
vn 0.041902 0.989527 -0.138132
vn 0.020596 0.994412 -0.103545
vn 0.077631 0.979208 -0.187418
vn 0.061775 0.977094 -0.203645
vn 0.041902 0.989527 -0.138132
vn 0.040401 0.994411 -0.097538
vn 0.039576 0.979208 -0.198961
vn 0.020596 0.994412 -0.103545
vn 0.041902 0.989527 -0.138132
vn 0.061775 0.977094 -0.203645
vn 0.000000 1.000000 0.000000
vn 0.020596 0.994412 -0.103545
vn 0.014148 0.989527 -0.143653
vn -0.000000 0.994411 -0.105574
vn 0.039576 0.979208 -0.198961
vn 0.020859 0.977094 -0.211784
vn 0.014148 0.989527 -0.143653
vn 0.020596 0.994412 -0.103545
vn -0.000000 0.979208 -0.202859
vn -0.000000 0.994411 -0.105574
vn 0.014148 0.989527 -0.143653
vn 0.020859 0.977094 -0.211784
vn -0.000000 0.979208 -0.202859
vn -0.000000 0.954624 -0.297812
vn -0.029133 0.954808 -0.295792
vn -0.020859 0.977094 -0.211784
vn -0.000001 0.922680 -0.385567
vn -0.037792 0.922681 -0.383707
vn -0.029133 0.954808 -0.295792
vn -0.000000 0.954624 -0.297812
vn -0.075220 0.922680 -0.378158
vn -0.058100 0.954624 -0.292090
vn -0.029133 0.954808 -0.295792
vn -0.037792 0.922681 -0.383707
vn -0.039576 0.979208 -0.198961
vn -0.020859 0.977094 -0.211784
vn -0.029133 0.954808 -0.295792
vn -0.058100 0.954624 -0.292090
vn -0.039576 0.979208 -0.198961
vn -0.058100 0.954624 -0.292090
vn -0.086279 0.954808 -0.284425
vn -0.061775 0.977094 -0.203645
vn -0.075220 0.922680 -0.378158
vn -0.111923 0.922681 -0.368962
vn -0.086279 0.954808 -0.284425
vn -0.058100 0.954624 -0.292090
vn -0.147550 0.922680 -0.356217
vn -0.113968 0.954624 -0.275143
vn -0.086279 0.954808 -0.284425
vn -0.111923 0.922681 -0.368962
vn -0.077631 0.979208 -0.187418
vn -0.061775 0.977094 -0.203645
vn -0.086279 0.954808 -0.284425
vn -0.113968 0.954624 -0.275143
vn -0.077631 0.979208 -0.187418
vn -0.113968 0.954624 -0.275143
vn -0.140110 0.954808 -0.262127
vn -0.100317 0.977094 -0.187680
vn -0.147550 0.922680 -0.356217
vn -0.181754 0.922681 -0.340037
vn -0.140110 0.954808 -0.262127
vn -0.113968 0.954624 -0.275143
vn -0.214209 0.922680 -0.320587
vn -0.165456 0.954624 -0.247622
vn -0.140110 0.954808 -0.262127
vn -0.181754 0.922681 -0.340037
vn -0.112703 0.979208 -0.168671
vn -0.100317 0.977094 -0.187680
vn -0.140110 0.954808 -0.262127
vn -0.165456 0.954624 -0.247622
vn -0.112703 0.979208 -0.168671
vn -0.165456 0.954624 -0.247622
vn -0.188556 0.954808 -0.229756
vn -0.135004 0.977094 -0.164503
vn -0.214209 0.922680 -0.320587
vn -0.244599 0.922681 -0.298045
vn -0.188556 0.954808 -0.229756
vn -0.165456 0.954624 -0.247622
vn -0.272637 0.922680 -0.272637
vn -0.210585 0.954624 -0.210585
vn -0.188556 0.954808 -0.229756
vn -0.244599 0.922681 -0.298045
vn -0.143443 0.979208 -0.143443
vn -0.135004 0.977094 -0.164503
vn -0.188556 0.954808 -0.229756
vn -0.210585 0.954624 -0.210585
vn -0.143443 0.979208 -0.143443
vn -0.210585 0.954624 -0.210585
vn -0.229756 0.954808 -0.188556
vn -0.164503 0.977094 -0.135004
vn -0.272637 0.922680 -0.272637
vn -0.298045 0.922681 -0.244599
vn -0.229756 0.954808 -0.188556
vn -0.210585 0.954624 -0.210585
vn -0.320587 0.922680 -0.214209
vn -0.247622 0.954624 -0.165456
vn -0.229756 0.954808 -0.188556
vn -0.298045 0.922681 -0.244599
vn -0.168671 0.979208 -0.112703
vn -0.164503 0.977094 -0.135004
vn -0.229756 0.954808 -0.188556
vn -0.247622 0.954624 -0.165456
vn -0.168671 0.979208 -0.112703
vn -0.247622 0.954624 -0.165456
vn -0.262127 0.954808 -0.140110
vn -0.187680 0.977094 -0.100317
vn -0.320587 0.922680 -0.214209
vn -0.340037 0.922681 -0.181754
vn -0.262127 0.954808 -0.140110
vn -0.247622 0.954624 -0.165456
vn -0.356217 0.922680 -0.147550
vn -0.275143 0.954624 -0.113968
vn -0.262127 0.954808 -0.140110
vn -0.340037 0.922681 -0.181754
vn -0.187418 0.979208 -0.077631
vn -0.187680 0.977094 -0.100317
vn -0.262127 0.954808 -0.140110
vn -0.275143 0.954624 -0.113968
vn -0.187418 0.979208 -0.077631
vn -0.275143 0.954624 -0.113968
vn -0.284425 0.954808 -0.086279
vn -0.203645 0.977094 -0.061775
vn -0.356217 0.922680 -0.147550
vn -0.368962 0.922681 -0.111923
vn -0.284425 0.954808 -0.086279
vn -0.275143 0.954624 -0.113968
vn -0.378158 0.922680 -0.075220
vn -0.292090 0.954624 -0.058100
vn -0.284425 0.954808 -0.086279
vn -0.368962 0.922681 -0.111923
vn -0.198961 0.979208 -0.039576
vn -0.203645 0.977094 -0.061775
vn -0.284425 0.954808 -0.086279
vn -0.292090 0.954624 -0.058100
vn -0.198961 0.979208 -0.039576
vn -0.292090 0.954624 -0.058100
vn -0.295792 0.954808 -0.029133
vn -0.211784 0.977094 -0.020859
vn -0.378158 0.922680 -0.075220
vn -0.383707 0.922681 -0.037792
vn -0.295792 0.954808 -0.029133
vn -0.292090 0.954624 -0.058100
vn -0.385567 0.922680 0.000000
vn -0.297812 0.954624 0.000000
vn -0.295792 0.954808 -0.029133
vn -0.383707 0.922681 -0.037792
vn -0.202859 0.979208 0.000000
vn -0.211784 0.977094 -0.020859
vn -0.295792 0.954808 -0.029133
vn -0.297812 0.954624 0.000000
vn -0.202859 0.979208 0.000000
vn -0.297812 0.954624 0.000000
vn -0.295792 0.954808 0.029133
vn -0.211784 0.977094 0.020859
vn -0.385567 0.922680 0.000000
vn -0.383707 0.922681 0.037792
vn -0.295792 0.954808 0.029133
vn -0.297812 0.954624 0.000000
vn -0.378158 0.922680 0.075221
vn -0.292090 0.954624 0.058100
vn -0.295792 0.954808 0.029133
vn -0.383707 0.922681 0.037792
vn -0.198961 0.979208 0.039576
vn -0.211784 0.977094 0.020859
vn -0.295792 0.954808 0.029133
vn -0.292090 0.954624 0.058100
vn -0.198961 0.979208 0.039576
vn -0.292090 0.954624 0.058100
vn -0.284424 0.954808 0.086279
vn -0.203645 0.977094 0.061775
vn -0.378158 0.922680 0.075221
vn -0.368962 0.922681 0.111924
vn -0.284424 0.954808 0.086279
vn -0.292090 0.954624 0.058100
vn -0.356217 0.922680 0.147550
vn -0.275143 0.954624 0.113968
vn -0.284424 0.954808 0.086279
vn -0.368962 0.922681 0.111924
vn -0.187418 0.979208 0.077631
vn -0.203645 0.977094 0.061775
vn -0.284424 0.954808 0.086279
vn -0.275143 0.954624 0.113968
vn -0.187418 0.979208 0.077631
vn -0.275143 0.954624 0.113968
vn -0.262127 0.954808 0.140110
vn -0.187680 0.977094 0.100317
vn -0.356217 0.922680 0.147550
vn -0.340037 0.922681 0.181754
vn -0.262127 0.954808 0.140110
vn -0.275143 0.954624 0.113968
vn -0.320587 0.922680 0.214210
vn -0.247622 0.954624 0.165456
vn -0.262127 0.954808 0.140110
vn -0.340037 0.922681 0.181754
vn -0.168671 0.979208 0.112703
vn -0.187680 0.977094 0.100317
vn -0.262127 0.954808 0.140110
vn -0.247622 0.954624 0.165456
vn -0.168671 0.979208 0.112703
vn -0.247622 0.954624 0.165456
vn -0.229756 0.954808 0.188556
vn -0.164503 0.977094 0.135004
vn -0.320587 0.922680 0.214210
vn -0.298045 0.922681 0.244599
vn -0.229756 0.954808 0.188556
vn -0.247622 0.954624 0.165456
vn -0.272637 0.922680 0.272637
vn -0.210585 0.954624 0.210585
vn -0.229756 0.954808 0.188556
vn -0.298045 0.922681 0.244599
vn -0.143443 0.979208 0.143443
vn -0.164503 0.977094 0.135004
vn -0.229756 0.954808 0.188556
vn -0.210585 0.954624 0.210585
vn -0.143443 0.979208 0.143443
vn -0.210585 0.954624 0.210585
vn -0.188556 0.954808 0.229757
vn -0.135004 0.977094 0.164503
vn -0.272637 0.922680 0.272637
vn -0.244599 0.922681 0.298045
vn -0.188556 0.954808 0.229757
vn -0.210585 0.954624 0.210585
vn -0.214209 0.922680 0.320587
vn -0.165456 0.954624 0.247622
vn -0.188556 0.954808 0.229757
vn -0.244599 0.922681 0.298045
vn -0.112702 0.979208 0.168671
vn -0.135004 0.977094 0.164503
vn -0.188556 0.954808 0.229757
vn -0.165456 0.954624 0.247622
vn -0.112702 0.979208 0.168671
vn -0.165456 0.954624 0.247622
vn -0.140110 0.954808 0.262127
vn -0.100317 0.977094 0.187680
vn -0.214209 0.922680 0.320587
vn -0.181753 0.922681 0.340037
vn -0.140110 0.954808 0.262127
vn -0.165456 0.954624 0.247622
vn -0.147550 0.922680 0.356217
vn -0.113968 0.954624 0.275143
vn -0.140110 0.954808 0.262127
vn -0.181753 0.922681 0.340037
vn -0.077631 0.979208 0.187418
vn -0.100317 0.977094 0.187680
vn -0.140110 0.954808 0.262127
vn -0.113968 0.954624 0.275143
vn -0.077631 0.979208 0.187418
vn -0.113968 0.954624 0.275143
vn -0.086279 0.954808 0.284425
vn -0.061775 0.977094 0.203645
vn -0.147550 0.922680 0.356217
vn -0.111923 0.922681 0.368962
vn -0.086279 0.954808 0.284425
vn -0.113968 0.954624 0.275143
vn -0.075220 0.922680 0.378158
vn -0.058100 0.954624 0.292090
vn -0.086279 0.954808 0.284425
vn -0.111923 0.922681 0.368962
vn -0.039576 0.979208 0.198961
vn -0.061775 0.977094 0.203645
vn -0.086279 0.954808 0.284425
vn -0.058100 0.954624 0.292090
vn -0.039576 0.979208 0.198961
vn -0.058100 0.954624 0.292090
vn -0.029133 0.954808 0.295792
vn -0.020859 0.977094 0.211784
vn -0.075220 0.922680 0.378158
vn -0.037792 0.922681 0.383708
vn -0.029133 0.954808 0.295792
vn -0.058100 0.954624 0.292090
vn 0.000000 0.922680 0.385567
vn 0.000000 0.954624 0.297812
vn -0.029133 0.954808 0.295792
vn -0.037792 0.922681 0.383708
vn 0.000000 0.979208 0.202859
vn -0.020859 0.977094 0.211784
vn -0.029133 0.954808 0.295792
vn 0.000000 0.954624 0.297812
vn 0.000000 0.979208 0.202859
vn 0.000000 0.954624 0.297812
vn 0.029133 0.954808 0.295792
vn 0.020859 0.977094 0.211784
vn 0.000000 0.922680 0.385567
vn 0.037792 0.922681 0.383707
vn 0.029133 0.954808 0.295792
vn 0.000000 0.954624 0.297812
vn 0.075221 0.922680 0.378158
vn 0.058101 0.954624 0.292090
vn 0.029133 0.954808 0.295792
vn 0.037792 0.922681 0.383707
vn 0.039576 0.979208 0.198961
vn 0.020859 0.977094 0.211784
vn 0.029133 0.954808 0.295792
vn 0.058101 0.954624 0.292090
vn 0.039576 0.979208 0.198961
vn 0.058101 0.954624 0.292090
vn 0.086280 0.954808 0.284424
vn 0.061775 0.977094 0.203645
vn 0.075221 0.922680 0.378158
vn 0.111924 0.922681 0.368962
vn 0.086280 0.954808 0.284424
vn 0.058101 0.954624 0.292090
vn 0.147550 0.922680 0.356217
vn 0.113968 0.954624 0.275143
vn 0.086280 0.954808 0.284424
vn 0.111924 0.922681 0.368962
vn 0.077631 0.979208 0.187418
vn 0.061775 0.977094 0.203645
vn 0.086280 0.954808 0.284424
vn 0.113968 0.954624 0.275143
vn 0.077631 0.979208 0.187418
vn 0.113968 0.954624 0.275143
vn 0.140110 0.954808 0.262127
vn 0.100317 0.977094 0.187680
vn 0.147550 0.922680 0.356217
vn 0.181754 0.922681 0.340037
vn 0.140110 0.954808 0.262127
vn 0.113968 0.954624 0.275143
vn 0.214210 0.922680 0.320587
vn 0.165456 0.954624 0.247622
vn 0.140110 0.954808 0.262127
vn 0.181754 0.922681 0.340037
vn 0.112703 0.979208 0.168671
vn 0.100317 0.977094 0.187680
vn 0.140110 0.954808 0.262127
vn 0.165456 0.954624 0.247622
vn 0.112703 0.979208 0.168671
vn 0.165456 0.954624 0.247622
vn 0.188556 0.954808 0.229756
vn 0.135004 0.977094 0.164503
vn 0.214210 0.922680 0.320587
vn 0.244600 0.922681 0.298045
vn 0.188556 0.954808 0.229756
vn 0.165456 0.954624 0.247622
vn 0.272637 0.922680 0.272636
vn 0.210585 0.954624 0.210585
vn 0.188556 0.954808 0.229756
vn 0.244600 0.922681 0.298045
vn 0.143443 0.979208 0.143443
vn 0.135004 0.977094 0.164503
vn 0.188556 0.954808 0.229756
vn 0.210585 0.954624 0.210585
vn 0.143443 0.979208 0.143443
vn 0.210585 0.954624 0.210585
vn 0.229757 0.954808 0.188556
vn 0.164503 0.977094 0.135004
vn 0.272637 0.922680 0.272636
vn 0.298045 0.922681 0.244599
vn 0.229757 0.954808 0.188556
vn 0.210585 0.954624 0.210585
vn 0.320587 0.922680 0.214209
vn 0.247622 0.954624 0.165455
vn 0.229757 0.954808 0.188556
vn 0.298045 0.922681 0.244599
vn 0.168672 0.979208 0.112702
vn 0.164503 0.977094 0.135004
vn 0.229757 0.954808 0.188556
vn 0.247622 0.954624 0.165455
vn 0.168672 0.979208 0.112702
vn 0.247622 0.954624 0.165455
vn 0.262127 0.954808 0.140109
vn 0.187680 0.977094 0.100317
vn 0.320587 0.922680 0.214209
vn 0.340037 0.922681 0.181753
vn 0.262127 0.954808 0.140109
vn 0.247622 0.954624 0.165455
vn 0.356217 0.922680 0.147549
vn 0.275143 0.954624 0.113967
vn 0.262127 0.954808 0.140109
vn 0.340037 0.922681 0.181753
vn 0.187418 0.979208 0.077631
vn 0.187680 0.977094 0.100317
vn 0.262127 0.954808 0.140109
vn 0.275143 0.954624 0.113967
vn 0.187418 0.979208 0.077631
vn 0.275143 0.954624 0.113967
vn 0.284425 0.954808 0.086279
vn 0.203645 0.977094 0.061775
vn 0.356217 0.922680 0.147549
vn 0.368962 0.922681 0.111923
vn 0.284425 0.954808 0.086279
vn 0.275143 0.954624 0.113967
vn 0.378158 0.922680 0.075220
vn 0.292090 0.954624 0.058100
vn 0.284425 0.954808 0.086279
vn 0.368962 0.922681 0.111923
vn 0.198961 0.979208 0.039576
vn 0.203645 0.977094 0.061775
vn 0.284425 0.954808 0.086279
vn 0.292090 0.954624 0.058100
vn 0.198961 0.979208 0.039576
vn 0.292090 0.954624 0.058100
vn 0.295792 0.954808 0.029133
vn 0.211784 0.977094 0.020859
vn 0.378158 0.922680 0.075220
vn 0.383708 0.922681 0.037791
vn 0.295792 0.954808 0.029133
vn 0.292090 0.954624 0.058100
vn 0.385567 0.922680 0.000000
vn 0.297812 0.954624 0.000000
vn 0.295792 0.954808 0.029133
vn 0.383708 0.922681 0.037791
vn 0.202859 0.979208 0.000000
vn 0.211784 0.977094 0.020859
vn 0.295792 0.954808 0.029133
vn 0.297812 0.954624 0.000000
vn 0.202859 0.979208 0.000000
vn 0.297812 0.954624 0.000000
vn 0.295792 0.954808 -0.029133
vn 0.211784 0.977094 -0.020859
vn 0.385567 0.922680 0.000000
vn 0.383707 0.922681 -0.037792
vn 0.295792 0.954808 -0.029133
vn 0.297812 0.954624 0.000000
vn 0.378158 0.922680 -0.075221
vn 0.292090 0.954624 -0.058101
vn 0.295792 0.954808 -0.029133
vn 0.383707 0.922681 -0.037792
vn 0.198961 0.979208 -0.039576
vn 0.211784 0.977094 -0.020859
vn 0.295792 0.954808 -0.029133
vn 0.292090 0.954624 -0.058101
vn 0.198961 0.979208 -0.039576
vn 0.292090 0.954624 -0.058101
vn 0.284424 0.954808 -0.086280
vn 0.203645 0.977094 -0.061775
vn 0.378158 0.922680 -0.075221
vn 0.368962 0.922681 -0.111924
vn 0.284424 0.954808 -0.086280
vn 0.292090 0.954624 -0.058101
vn 0.356217 0.922680 -0.147550
vn 0.275143 0.954624 -0.113968
vn 0.284424 0.954808 -0.086280
vn 0.368962 0.922681 -0.111924
vn 0.187417 0.979208 -0.077631
vn 0.203645 0.977094 -0.061775
vn 0.284424 0.954808 -0.086280
vn 0.275143 0.954624 -0.113968
vn 0.187417 0.979208 -0.077631
vn 0.275143 0.954624 -0.113968
vn 0.262127 0.954808 -0.140110
vn 0.187680 0.977094 -0.100318
vn 0.356217 0.922680 -0.147550
vn 0.340037 0.922681 -0.181754
vn 0.262127 0.954808 -0.140110
vn 0.275143 0.954624 -0.113968
vn 0.320586 0.922680 -0.214210
vn 0.247622 0.954624 -0.165456
vn 0.262127 0.954808 -0.140110
vn 0.340037 0.922681 -0.181754
vn 0.168671 0.979208 -0.112703
vn 0.187680 0.977094 -0.100318
vn 0.262127 0.954808 -0.140110
vn 0.247622 0.954624 -0.165456
vn 0.168671 0.979208 -0.112703
vn 0.247622 0.954624 -0.165456
vn 0.229756 0.954808 -0.188557
vn 0.164503 0.977094 -0.135005
vn 0.320586 0.922680 -0.214210
vn 0.298045 0.922681 -0.244600
vn 0.229756 0.954808 -0.188557
vn 0.247622 0.954624 -0.165456
vn 0.272636 0.922680 -0.272637
vn 0.210585 0.954624 -0.210586
vn 0.229756 0.954808 -0.188557
vn 0.298045 0.922681 -0.244600
vn 0.143443 0.979208 -0.143443
vn 0.164503 0.977094 -0.135005
vn 0.229756 0.954808 -0.188557
vn 0.210585 0.954624 -0.210586
vn 0.143443 0.979208 -0.143443
vn 0.210585 0.954624 -0.210586
vn 0.188556 0.954808 -0.229757
vn 0.135004 0.977094 -0.164503
vn 0.272636 0.922680 -0.272637
vn 0.244599 0.922681 -0.298046
vn 0.188556 0.954808 -0.229757
vn 0.210585 0.954624 -0.210586
vn 0.214209 0.922680 -0.320587
vn 0.165455 0.954624 -0.247622
vn 0.188556 0.954808 -0.229757
vn 0.244599 0.922681 -0.298046
vn 0.112702 0.979208 -0.168672
vn 0.135004 0.977094 -0.164503
vn 0.188556 0.954808 -0.229757
vn 0.165455 0.954624 -0.247622
vn 0.112702 0.979208 -0.168672
vn 0.165455 0.954624 -0.247622
vn 0.140109 0.954808 -0.262127
vn 0.100317 0.977094 -0.187680
vn 0.214209 0.922680 -0.320587
vn 0.181753 0.922681 -0.340037
vn 0.140109 0.954808 -0.262127
vn 0.165455 0.954624 -0.247622
vn 0.147549 0.922680 -0.356217
vn 0.113967 0.954624 -0.275143
vn 0.140109 0.954808 -0.262127
vn 0.181753 0.922681 -0.340037
vn 0.077631 0.979208 -0.187418
vn 0.100317 0.977094 -0.187680
vn 0.140109 0.954808 -0.262127
vn 0.113967 0.954624 -0.275143
vn 0.077631 0.979208 -0.187418
vn 0.113967 0.954624 -0.275143
vn 0.086279 0.954808 -0.284425
vn 0.061775 0.977094 -0.203645
vn 0.147549 0.922680 -0.356217
vn 0.111923 0.922681 -0.368962
vn 0.086279 0.954808 -0.284425
vn 0.113967 0.954624 -0.275143
vn 0.075220 0.922680 -0.378158
vn 0.058100 0.954624 -0.292090
vn 0.086279 0.954808 -0.284425
vn 0.111923 0.922681 -0.368962
vn 0.039576 0.979208 -0.198961
vn 0.061775 0.977094 -0.203645
vn 0.086279 0.954808 -0.284425
vn 0.058100 0.954624 -0.292090
vn 0.039576 0.979208 -0.198961
vn 0.058100 0.954624 -0.292090
vn 0.029132 0.954808 -0.295792
vn 0.020859 0.977094 -0.211784
vn 0.075220 0.922680 -0.378158
vn 0.037791 0.922681 -0.383707
vn 0.029132 0.954808 -0.295792
vn 0.058100 0.954624 -0.292090
vn -0.000001 0.922680 -0.385567
vn -0.000000 0.954624 -0.297812
vn 0.029132 0.954808 -0.295792
vn 0.037791 0.922681 -0.383707
vn -0.000000 0.979208 -0.202859
vn 0.020859 0.977094 -0.211784
vn 0.029132 0.954808 -0.295792
vn -0.000000 0.954624 -0.297812
vn -0.000001 0.922680 -0.385567
vn -0.000001 0.880338 -0.474346
vn -0.046494 0.880339 -0.472061
vn -0.037792 0.922681 -0.383707
vn -0.000000 0.829522 -0.558473
vn -0.054740 0.829523 -0.555783
vn -0.046494 0.880339 -0.472061
vn -0.000001 0.880338 -0.474346
vn -0.108953 0.829523 -0.547742
vn -0.092540 0.880338 -0.465232
vn -0.046494 0.880339 -0.472061
vn -0.054740 0.829523 -0.555783
vn -0.075220 0.922680 -0.378158
vn -0.037792 0.922681 -0.383707
vn -0.046494 0.880339 -0.472061
vn -0.092540 0.880338 -0.465232
vn -0.075220 0.922680 -0.378158
vn -0.092540 0.880338 -0.465232
vn -0.137695 0.880339 -0.453920
vn -0.111923 0.922681 -0.368962
vn -0.108953 0.829523 -0.547742
vn -0.162116 0.829523 -0.534425
vn -0.137695 0.880339 -0.453920
vn -0.092540 0.880338 -0.465232
vn -0.213718 0.829522 -0.515962
vn -0.181525 0.880338 -0.438239
vn -0.137695 0.880339 -0.453920
vn -0.162116 0.829523 -0.534425
vn -0.147550 0.922680 -0.356217
vn -0.111923 0.922681 -0.368962
vn -0.137695 0.880339 -0.453920
vn -0.181525 0.880338 -0.438239
vn -0.147550 0.922680 -0.356217
vn -0.181525 0.880338 -0.438239
vn -0.223605 0.880339 -0.418335
vn -0.181754 0.922681 -0.340037
vn -0.213718 0.829522 -0.515962
vn -0.263262 0.829523 -0.492529
vn -0.223605 0.880339 -0.418335
vn -0.181525 0.880338 -0.438239
vn -0.310271 0.829522 -0.464354
vn -0.263533 0.880338 -0.394405
vn -0.223605 0.880339 -0.418335
vn -0.263262 0.829523 -0.492529
vn -0.214209 0.922680 -0.320587
vn -0.181754 0.922681 -0.340037
vn -0.223605 0.880339 -0.418335
vn -0.263533 0.880338 -0.394405
vn -0.214209 0.922680 -0.320587
vn -0.263533 0.880338 -0.394405
vn -0.300921 0.880339 -0.366673
vn -0.244599 0.922681 -0.298045
vn -0.310271 0.829522 -0.464354
vn -0.354291 0.829523 -0.431705
vn -0.300921 0.880339 -0.366673
vn -0.263533 0.880338 -0.394405
vn -0.394900 0.829523 -0.394900
vn -0.335414 0.880338 -0.335414
vn -0.300921 0.880339 -0.366673
vn -0.354291 0.829523 -0.431705
vn -0.272637 0.922680 -0.272637
vn -0.244599 0.922681 -0.298045
vn -0.300921 0.880339 -0.366673
vn -0.335414 0.880338 -0.335414
vn -0.272637 0.922680 -0.272637
vn -0.335414 0.880338 -0.335414
vn -0.366674 0.880339 -0.300921
vn -0.298045 0.922681 -0.244599
vn -0.394900 0.829523 -0.394900
vn -0.431705 0.829523 -0.354291
vn -0.366674 0.880339 -0.300921
vn -0.335414 0.880338 -0.335414
vn -0.464354 0.829522 -0.310271
vn -0.394405 0.880338 -0.263533
vn -0.366674 0.880339 -0.300921
vn -0.431705 0.829523 -0.354291
vn -0.320587 0.922680 -0.214209
vn -0.298045 0.922681 -0.244599
vn -0.366674 0.880339 -0.300921
vn -0.394405 0.880338 -0.263533
vn -0.320587 0.922680 -0.214209
vn -0.394405 0.880338 -0.263533
vn -0.418335 0.880339 -0.223605
vn -0.340037 0.922681 -0.181754
vn -0.464354 0.829522 -0.310271
vn -0.492529 0.829523 -0.263262
vn -0.418335 0.880339 -0.223605
vn -0.394405 0.880338 -0.263533
vn -0.515962 0.829522 -0.213718
vn -0.438239 0.880338 -0.181524
vn -0.418335 0.880339 -0.223605
vn -0.492529 0.829523 -0.263262
vn -0.356217 0.922680 -0.147550
vn -0.340037 0.922681 -0.181754
vn -0.418335 0.880339 -0.223605
vn -0.438239 0.880338 -0.181524
vn -0.356217 0.922680 -0.147550
vn -0.438239 0.880338 -0.181524
vn -0.453920 0.880339 -0.137695
vn -0.368962 0.922681 -0.111923
vn -0.515962 0.829522 -0.213718
vn -0.534425 0.829523 -0.162116
vn -0.453920 0.880339 -0.137695
vn -0.438239 0.880338 -0.181524
vn -0.547742 0.829523 -0.108953
vn -0.465232 0.880338 -0.092540
vn -0.453920 0.880339 -0.137695
vn -0.534425 0.829523 -0.162116
vn -0.378158 0.922680 -0.075220
vn -0.368962 0.922681 -0.111923
vn -0.453920 0.880339 -0.137695
vn -0.465232 0.880338 -0.092540
vn -0.378158 0.922680 -0.075220
vn -0.465232 0.880338 -0.092540
vn -0.472061 0.880339 -0.046494
vn -0.383707 0.922681 -0.037792
vn -0.547742 0.829523 -0.108953
vn -0.555783 0.829523 -0.054740
vn -0.472061 0.880339 -0.046494
vn -0.465232 0.880338 -0.092540
vn -0.558473 0.829522 0.000000
vn -0.474347 0.880338 0.000000
vn -0.472061 0.880339 -0.046494
vn -0.555783 0.829523 -0.054740
vn -0.385567 0.922680 0.000000
vn -0.383707 0.922681 -0.037792
vn -0.472061 0.880339 -0.046494
vn -0.474347 0.880338 0.000000
vn -0.385567 0.922680 0.000000
vn -0.474347 0.880338 0.000000
vn -0.472061 0.880339 0.046494
vn -0.383707 0.922681 0.037792
vn -0.558473 0.829522 0.000000
vn -0.555783 0.829523 0.054740
vn -0.472061 0.880339 0.046494
vn -0.474347 0.880338 0.000000
vn -0.547742 0.829523 0.108953
vn -0.465232 0.880338 0.092541
vn -0.472061 0.880339 0.046494
vn -0.555783 0.829523 0.054740
vn -0.378158 0.922680 0.075221
vn -0.383707 0.922681 0.037792
vn -0.472061 0.880339 0.046494
vn -0.465232 0.880338 0.092541
vn -0.378158 0.922680 0.075221
vn -0.465232 0.880338 0.092541
vn -0.453920 0.880339 0.137695
vn -0.368962 0.922681 0.111924
vn -0.547742 0.829523 0.108953
vn -0.534425 0.829523 0.162116
vn -0.453920 0.880339 0.137695
vn -0.465232 0.880338 0.092541
vn -0.515962 0.829522 0.213719
vn -0.438239 0.880338 0.181525
vn -0.453920 0.880339 0.137695
vn -0.534425 0.829523 0.162116
vn -0.356217 0.922680 0.147550
vn -0.368962 0.922681 0.111924
vn -0.453920 0.880339 0.137695
vn -0.438239 0.880338 0.181525
vn -0.356217 0.922680 0.147550
vn -0.438239 0.880338 0.181525
vn -0.418335 0.880339 0.223605
vn -0.340037 0.922681 0.181754
vn -0.515962 0.829522 0.213719
vn -0.492529 0.829523 0.263262
vn -0.418335 0.880339 0.223605
vn -0.438239 0.880338 0.181525
vn -0.464353 0.829522 0.310272
vn -0.394405 0.880338 0.263533
vn -0.418335 0.880339 0.223605
vn -0.492529 0.829523 0.263262
vn -0.320587 0.922680 0.214210
vn -0.340037 0.922681 0.181754
vn -0.418335 0.880339 0.223605
vn -0.394405 0.880338 0.263533
vn -0.320587 0.922680 0.214210
vn -0.394405 0.880338 0.263533
vn -0.366674 0.880339 0.300922
vn -0.298045 0.922681 0.244599
vn -0.464353 0.829522 0.310272
vn -0.431705 0.829523 0.354291
vn -0.366674 0.880339 0.300922
vn -0.394405 0.880338 0.263533
vn -0.394900 0.829523 0.394900
vn -0.335414 0.880338 0.335414
vn -0.366674 0.880339 0.300922
vn -0.431705 0.829523 0.354291
vn -0.272637 0.922680 0.272637
vn -0.298045 0.922681 0.244599
vn -0.366674 0.880339 0.300922
vn -0.335414 0.880338 0.335414
vn -0.272637 0.922680 0.272637
vn -0.335414 0.880338 0.335414
vn -0.300921 0.880339 0.366674
vn -0.244599 0.922681 0.298045
vn -0.394900 0.829523 0.394900
vn -0.354291 0.829523 0.431705
vn -0.300921 0.880339 0.366674
vn -0.335414 0.880338 0.335414
vn -0.310271 0.829522 0.464354
vn -0.263533 0.880338 0.394405
vn -0.300921 0.880339 0.366674
vn -0.354291 0.829523 0.431705
vn -0.214209 0.922680 0.320587
vn -0.244599 0.922681 0.298045
vn -0.300921 0.880339 0.366674
vn -0.263533 0.880338 0.394405
vn -0.214209 0.922680 0.320587
vn -0.263533 0.880338 0.394405
vn -0.223604 0.880339 0.418335
vn -0.181753 0.922681 0.340037
vn -0.310271 0.829522 0.464354
vn -0.263262 0.829523 0.492529
vn -0.223604 0.880339 0.418335
vn -0.263533 0.880338 0.394405
vn -0.213718 0.829523 0.515962
vn -0.181524 0.880338 0.438239
vn -0.223604 0.880339 0.418335
vn -0.263262 0.829523 0.492529
vn -0.147550 0.922680 0.356217
vn -0.181753 0.922681 0.340037
vn -0.223604 0.880339 0.418335
vn -0.181524 0.880338 0.438239
vn -0.147550 0.922680 0.356217
vn -0.181524 0.880338 0.438239
vn -0.137695 0.880339 0.453920
vn -0.111923 0.922681 0.368962
vn -0.213718 0.829523 0.515962
vn -0.162115 0.829523 0.534425
vn -0.137695 0.880339 0.453920
vn -0.181524 0.880338 0.438239
vn -0.108951 0.829523 0.547742
vn -0.092540 0.880338 0.465232
vn -0.137695 0.880339 0.453920
vn -0.162115 0.829523 0.534425
vn -0.075220 0.922680 0.378158
vn -0.111923 0.922681 0.368962
vn -0.137695 0.880339 0.453920
vn -0.092540 0.880338 0.465232
vn -0.075220 0.922680 0.378158
vn -0.092540 0.880338 0.465232
vn -0.046494 0.880339 0.472061
vn -0.037792 0.922681 0.383708
vn -0.108951 0.829523 0.547742
vn -0.054739 0.829523 0.555783
vn -0.046494 0.880339 0.472061
vn -0.092540 0.880338 0.465232
vn 0.000000 0.829522 0.558473
vn 0.000000 0.880338 0.474347
vn -0.046494 0.880339 0.472061
vn -0.054739 0.829523 0.555783
vn 0.000000 0.922680 0.385567
vn -0.037792 0.922681 0.383708
vn -0.046494 0.880339 0.472061
vn 0.000000 0.880338 0.474347
vn 0.000000 0.922680 0.385567
vn 0.000000 0.880338 0.474347
vn 0.046494 0.880339 0.472061
vn 0.037792 0.922681 0.383707
vn 0.000000 0.829522 0.558473
vn 0.054740 0.829523 0.555783
vn 0.046494 0.880339 0.472061
vn 0.000000 0.880338 0.474347
vn 0.108953 0.829523 0.547742
vn 0.092541 0.880338 0.465232
vn 0.046494 0.880339 0.472061
vn 0.054740 0.829523 0.555783
vn 0.075221 0.922680 0.378158
vn 0.037792 0.922681 0.383707
vn 0.046494 0.880339 0.472061
vn 0.092541 0.880338 0.465232
vn 0.075221 0.922680 0.378158
vn 0.092541 0.880338 0.465232
vn 0.137696 0.880339 0.453920
vn 0.111924 0.922681 0.368962
vn 0.108953 0.829523 0.547742
vn 0.162116 0.829523 0.534425
vn 0.137696 0.880339 0.453920
vn 0.092541 0.880338 0.465232
vn 0.213719 0.829523 0.515962
vn 0.181525 0.880338 0.438239
vn 0.137696 0.880339 0.453920
vn 0.162116 0.829523 0.534425
vn 0.147550 0.922680 0.356217
vn 0.111924 0.922681 0.368962
vn 0.137696 0.880339 0.453920
vn 0.181525 0.880338 0.438239
vn 0.147550 0.922680 0.356217
vn 0.181525 0.880338 0.438239
vn 0.223605 0.880339 0.418335
vn 0.181754 0.922681 0.340037
vn 0.213719 0.829523 0.515962
vn 0.263263 0.829523 0.492528
vn 0.223605 0.880339 0.418335
vn 0.181525 0.880338 0.438239
vn 0.310272 0.829523 0.464353
vn 0.263533 0.880338 0.394404
vn 0.223605 0.880339 0.418335
vn 0.263263 0.829523 0.492528
vn 0.214210 0.922680 0.320587
vn 0.181754 0.922681 0.340037
vn 0.223605 0.880339 0.418335
vn 0.263533 0.880338 0.394404
vn 0.214210 0.922680 0.320587
vn 0.263533 0.880338 0.394404
vn 0.300922 0.880339 0.366673
vn 0.244600 0.922681 0.298045
vn 0.310272 0.829523 0.464353
vn 0.354292 0.829523 0.431705
vn 0.300922 0.880339 0.366673
vn 0.263533 0.880338 0.394404
vn 0.394901 0.829523 0.394899
vn 0.335414 0.880338 0.335413
vn 0.300922 0.880339 0.366673
vn 0.354292 0.829523 0.431705
vn 0.272637 0.922680 0.272636
vn 0.244600 0.922681 0.298045
vn 0.300922 0.880339 0.366673
vn 0.335414 0.880338 0.335413
vn 0.272637 0.922680 0.272636
vn 0.335414 0.880338 0.335413
vn 0.366674 0.880339 0.300921
vn 0.298045 0.922681 0.244599
vn 0.394901 0.829523 0.394899
vn 0.431706 0.829523 0.354291
vn 0.366674 0.880339 0.300921
vn 0.335414 0.880338 0.335413
vn 0.464354 0.829522 0.310271
vn 0.394405 0.880338 0.263532
vn 0.366674 0.880339 0.300921
vn 0.431706 0.829523 0.354291
vn 0.320587 0.922680 0.214209
vn 0.298045 0.922681 0.244599
vn 0.366674 0.880339 0.300921
vn 0.394405 0.880338 0.263532
vn 0.320587 0.922680 0.214209
vn 0.394405 0.880338 0.263532
vn 0.418335 0.880339 0.223604
vn 0.340037 0.922681 0.181753
vn 0.464354 0.829522 0.310271
vn 0.492529 0.829523 0.263261
vn 0.418335 0.880339 0.223604
vn 0.394405 0.880338 0.263532
vn 0.515962 0.829522 0.213718
vn 0.438239 0.880338 0.181524
vn 0.418335 0.880339 0.223604
vn 0.492529 0.829523 0.263261
vn 0.356217 0.922680 0.147549
vn 0.340037 0.922681 0.181753
vn 0.418335 0.880339 0.223604
vn 0.438239 0.880338 0.181524
vn 0.356217 0.922680 0.147549
vn 0.438239 0.880338 0.181524
vn 0.453920 0.880339 0.137694
vn 0.368962 0.922681 0.111923
vn 0.515962 0.829522 0.213718
vn 0.534425 0.829523 0.162115
vn 0.453920 0.880339 0.137694
vn 0.438239 0.880338 0.181524
vn 0.547743 0.829522 0.108952
vn 0.465232 0.880338 0.092540
vn 0.453920 0.880339 0.137694
vn 0.534425 0.829523 0.162115
vn 0.378158 0.922680 0.075220
vn 0.368962 0.922681 0.111923
vn 0.453920 0.880339 0.137694
vn 0.465232 0.880338 0.092540
vn 0.378158 0.922680 0.075220
vn 0.465232 0.880338 0.092540
vn 0.472061 0.880339 0.046493
vn 0.383708 0.922681 0.037791
vn 0.547743 0.829522 0.108952
vn 0.555784 0.829523 0.054739
vn 0.472061 0.880339 0.046493
vn 0.465232 0.880338 0.092540
vn 0.558473 0.829522 -0.000001
vn 0.474347 0.880338 -0.000001
vn 0.472061 0.880339 0.046493
vn 0.555784 0.829523 0.054739
vn 0.385567 0.922680 0.000000
vn 0.383708 0.922681 0.037791
vn 0.472061 0.880339 0.046493
vn 0.474347 0.880338 -0.000001
vn 0.385567 0.922680 0.000000
vn 0.474347 0.880338 -0.000001
vn 0.472061 0.880339 -0.046495
vn 0.383707 0.922681 -0.037792
vn 0.558473 0.829522 -0.000001
vn 0.555783 0.829523 -0.054741
vn 0.472061 0.880339 -0.046495
vn 0.474347 0.880338 -0.000001
vn 0.547742 0.829522 -0.108954
vn 0.465232 0.880338 -0.092541
vn 0.472061 0.880339 -0.046495
vn 0.555783 0.829523 -0.054741
vn 0.378158 0.922680 -0.075221
vn 0.383707 0.922681 -0.037792
vn 0.472061 0.880339 -0.046495
vn 0.465232 0.880338 -0.092541
vn 0.378158 0.922680 -0.075221
vn 0.465232 0.880338 -0.092541
vn 0.453920 0.880339 -0.137696
vn 0.368962 0.922681 -0.111924
vn 0.547742 0.829522 -0.108954
vn 0.534425 0.829523 -0.162117
vn 0.453920 0.880339 -0.137696
vn 0.465232 0.880338 -0.092541
vn 0.515962 0.829522 -0.213719
vn 0.438239 0.880338 -0.181525
vn 0.453920 0.880339 -0.137696
vn 0.534425 0.829523 -0.162117
vn 0.356217 0.922680 -0.147550
vn 0.368962 0.922681 -0.111924
vn 0.453920 0.880339 -0.137696
vn 0.438239 0.880338 -0.181525
vn 0.356217 0.922680 -0.147550
vn 0.438239 0.880338 -0.181525
vn 0.418335 0.880339 -0.223605
vn 0.340037 0.922681 -0.181754
vn 0.515962 0.829522 -0.213719
vn 0.492529 0.829523 -0.263263
vn 0.418335 0.880339 -0.223605
vn 0.438239 0.880338 -0.181525
vn 0.464353 0.829523 -0.310271
vn 0.394404 0.880338 -0.263533
vn 0.418335 0.880339 -0.223605
vn 0.492529 0.829523 -0.263263
vn 0.320586 0.922680 -0.214210
vn 0.340037 0.922681 -0.181754
vn 0.418335 0.880339 -0.223605
vn 0.394404 0.880338 -0.263533
vn 0.320586 0.922680 -0.214210
vn 0.394404 0.880338 -0.263533
vn 0.366673 0.880339 -0.300922
vn 0.298045 0.922681 -0.244600
vn 0.464353 0.829523 -0.310271
vn 0.431704 0.829523 -0.354292
vn 0.366673 0.880339 -0.300922
vn 0.394404 0.880338 -0.263533
vn 0.394899 0.829523 -0.394901
vn 0.335413 0.880338 -0.335414
vn 0.366673 0.880339 -0.300922
vn 0.431704 0.829523 -0.354292
vn 0.272636 0.922680 -0.272637
vn 0.298045 0.922681 -0.244600
vn 0.366673 0.880339 -0.300922
vn 0.335413 0.880338 -0.335414
vn 0.272636 0.922680 -0.272637
vn 0.335413 0.880338 -0.335414
vn 0.300920 0.880339 -0.366674
vn 0.244599 0.922681 -0.298046
vn 0.394899 0.829523 -0.394901
vn 0.354290 0.829523 -0.431705
vn 0.300920 0.880339 -0.366674
vn 0.335413 0.880338 -0.335414
vn 0.310270 0.829523 -0.464354
vn 0.263532 0.880338 -0.394405
vn 0.300920 0.880339 -0.366674
vn 0.354290 0.829523 -0.431705
vn 0.214209 0.922680 -0.320587
vn 0.244599 0.922681 -0.298046
vn 0.300920 0.880339 -0.366674
vn 0.263532 0.880338 -0.394405
vn 0.214209 0.922680 -0.320587
vn 0.263532 0.880338 -0.394405
vn 0.223604 0.880339 -0.418335
vn 0.181753 0.922681 -0.340037
vn 0.310270 0.829523 -0.464354
vn 0.263261 0.829523 -0.492530
vn 0.223604 0.880339 -0.418335
vn 0.263532 0.880338 -0.394405
vn 0.213717 0.829523 -0.515962
vn 0.181524 0.880338 -0.438240
vn 0.223604 0.880339 -0.418335
vn 0.263261 0.829523 -0.492530
vn 0.147549 0.922680 -0.356217
vn 0.181753 0.922681 -0.340037
vn 0.223604 0.880339 -0.418335
vn 0.181524 0.880338 -0.438240
vn 0.147549 0.922680 -0.356217
vn 0.181524 0.880338 -0.438240
vn 0.137694 0.880339 -0.453920
vn 0.111923 0.922681 -0.368962
vn 0.213717 0.829523 -0.515962
vn 0.162115 0.829523 -0.534425
vn 0.137694 0.880339 -0.453920
vn 0.181524 0.880338 -0.438240
vn 0.108952 0.829523 -0.547742
vn 0.092540 0.880338 -0.465232
vn 0.137694 0.880339 -0.453920
vn 0.162115 0.829523 -0.534425
vn 0.075220 0.922680 -0.378158
vn 0.111923 0.922681 -0.368962
vn 0.137694 0.880339 -0.453920
vn 0.092540 0.880338 -0.465232
vn 0.075220 0.922680 -0.378158
vn 0.092540 0.880338 -0.465232
vn 0.046493 0.880339 -0.472061
vn 0.037791 0.922681 -0.383707
vn 0.108952 0.829523 -0.547742
vn 0.054739 0.829523 -0.555784
vn 0.046493 0.880339 -0.472061
vn 0.092540 0.880338 -0.465232
vn -0.000000 0.829522 -0.558473
vn -0.000001 0.880338 -0.474346
vn 0.046493 0.880339 -0.472061
vn 0.054739 0.829523 -0.555784
vn -0.000001 0.922680 -0.385567
vn 0.037791 0.922681 -0.383707
vn 0.046493 0.880339 -0.472061
vn -0.000001 0.880338 -0.474346
vn -0.000000 0.829522 -0.558473
vn -0.000000 0.770764 -0.637120
vn -0.062449 0.770764 -0.634053
vn -0.054740 0.829523 -0.555783
vn -0.000001 0.704641 -0.709564
vn -0.069550 0.704641 -0.706148
vn -0.062449 0.770764 -0.634053
vn -0.000000 0.770764 -0.637120
vn -0.138429 0.704641 -0.695930
vn -0.124296 0.770764 -0.624878
vn -0.062449 0.770764 -0.634053
vn -0.069550 0.704641 -0.706148
vn -0.108953 0.829523 -0.547742
vn -0.054740 0.829523 -0.555783
vn -0.062449 0.770764 -0.634053
vn -0.124296 0.770764 -0.624878
vn -0.108953 0.829523 -0.547742
vn -0.124296 0.770764 -0.624878
vn -0.184946 0.770764 -0.609686
vn -0.162116 0.829523 -0.534425
vn -0.138429 0.704641 -0.695930
vn -0.205976 0.704641 -0.679011
vn -0.184946 0.770764 -0.609686
vn -0.124296 0.770764 -0.624878
vn -0.271538 0.704641 -0.655552
vn -0.243815 0.770764 -0.588623
vn -0.184946 0.770764 -0.609686
vn -0.205976 0.704641 -0.679011
vn -0.213718 0.829522 -0.515962
vn -0.162116 0.829523 -0.534425
vn -0.184946 0.770764 -0.609686
vn -0.243815 0.770764 -0.588623
vn -0.213718 0.829522 -0.515962
vn -0.243815 0.770764 -0.588623
vn -0.300336 0.770764 -0.561890
vn -0.263262 0.829523 -0.492529
vn -0.271538 0.704641 -0.655552
vn -0.334486 0.704641 -0.625780
vn -0.300336 0.770764 -0.561890
vn -0.243815 0.770764 -0.588623
vn -0.394212 0.704641 -0.589981
vn -0.353965 0.770764 -0.529747
vn -0.300336 0.770764 -0.561890
vn -0.334486 0.704641 -0.625780
vn -0.310271 0.829522 -0.464354
vn -0.263262 0.829523 -0.492529
vn -0.300336 0.770764 -0.561890
vn -0.353965 0.770764 -0.529747
vn -0.310271 0.829522 -0.464354
vn -0.353965 0.770764 -0.529747
vn -0.404185 0.770764 -0.492501
vn -0.354291 0.829523 -0.431705
vn -0.394212 0.704641 -0.589981
vn -0.450143 0.704641 -0.548501
vn -0.404185 0.770764 -0.492501
vn -0.353965 0.770764 -0.529747
vn -0.501738 0.704641 -0.501737
vn -0.450512 0.770764 -0.450512
vn -0.404185 0.770764 -0.492501
vn -0.450143 0.704641 -0.548501
vn -0.394900 0.829523 -0.394900
vn -0.354291 0.829523 -0.431705
vn -0.404185 0.770764 -0.492501
vn -0.450512 0.770764 -0.450512
vn -0.394900 0.829523 -0.394900
vn -0.450512 0.770764 -0.450512
vn -0.492501 0.770764 -0.404185
vn -0.431705 0.829523 -0.354291
vn -0.501738 0.704641 -0.501737
vn -0.548501 0.704641 -0.450143
vn -0.492501 0.770764 -0.404185
vn -0.450512 0.770764 -0.450512
vn -0.589981 0.704641 -0.394212
vn -0.529747 0.770764 -0.353965
vn -0.492501 0.770764 -0.404185
vn -0.548501 0.704641 -0.450143
vn -0.464354 0.829522 -0.310271
vn -0.431705 0.829523 -0.354291
vn -0.492501 0.770764 -0.404185
vn -0.529747 0.770764 -0.353965
vn -0.464354 0.829522 -0.310271
vn -0.529747 0.770764 -0.353965
vn -0.561890 0.770764 -0.300336
vn -0.492529 0.829523 -0.263262
vn -0.589981 0.704641 -0.394212
vn -0.625780 0.704641 -0.334486
vn -0.561890 0.770764 -0.300336
vn -0.529747 0.770764 -0.353965
vn -0.655551 0.704641 -0.271538
vn -0.588623 0.770764 -0.243815
vn -0.561890 0.770764 -0.300336
vn -0.625780 0.704641 -0.334486
vn -0.515962 0.829522 -0.213718
vn -0.492529 0.829523 -0.263262
vn -0.561890 0.770764 -0.300336
vn -0.588623 0.770764 -0.243815
vn -0.515962 0.829522 -0.213718
vn -0.588623 0.770764 -0.243815
vn -0.609686 0.770764 -0.184946
vn -0.534425 0.829523 -0.162116
vn -0.655551 0.704641 -0.271538
vn -0.679011 0.704641 -0.205976
vn -0.609686 0.770764 -0.184946
vn -0.588623 0.770764 -0.243815
vn -0.695930 0.704641 -0.138429
vn -0.624878 0.770764 -0.124296
vn -0.609686 0.770764 -0.184946
vn -0.679011 0.704641 -0.205976
vn -0.547742 0.829523 -0.108953
vn -0.534425 0.829523 -0.162116
vn -0.609686 0.770764 -0.184946
vn -0.624878 0.770764 -0.124296
vn -0.547742 0.829523 -0.108953
vn -0.624878 0.770764 -0.124296
vn -0.634052 0.770764 -0.062448
vn -0.555783 0.829523 -0.054740
vn -0.695930 0.704641 -0.138429
vn -0.706147 0.704641 -0.069549
vn -0.634052 0.770764 -0.062448
vn -0.624878 0.770764 -0.124296
vn -0.709564 0.704641 0.000000
vn -0.637120 0.770764 0.000000
vn -0.634052 0.770764 -0.062448
vn -0.706147 0.704641 -0.069549
vn -0.558473 0.829522 0.000000
vn -0.555783 0.829523 -0.054740
vn -0.634052 0.770764 -0.062448
vn -0.637120 0.770764 0.000000
vn -0.558473 0.829522 0.000000
vn -0.637120 0.770764 0.000000
vn -0.634053 0.770764 0.062449
vn -0.555783 0.829523 0.054740
vn -0.709564 0.704641 0.000000
vn -0.706147 0.704641 0.069550
vn -0.634053 0.770764 0.062449
vn -0.637120 0.770764 0.000000
vn -0.695930 0.704641 0.138429
vn -0.624878 0.770764 0.124296
vn -0.634053 0.770764 0.062449
vn -0.706147 0.704641 0.069550
vn -0.547742 0.829523 0.108953
vn -0.555783 0.829523 0.054740
vn -0.634053 0.770764 0.062449
vn -0.624878 0.770764 0.124296
vn -0.547742 0.829523 0.108953
vn -0.624878 0.770764 0.124296
vn -0.609686 0.770764 0.184947
vn -0.534425 0.829523 0.162116
vn -0.695930 0.704641 0.138429
vn -0.679011 0.704641 0.205976
vn -0.609686 0.770764 0.184947
vn -0.624878 0.770764 0.124296
vn -0.655551 0.704641 0.271539
vn -0.588622 0.770764 0.243816
vn -0.609686 0.770764 0.184947
vn -0.679011 0.704641 0.205976
vn -0.515962 0.829522 0.213719
vn -0.534425 0.829523 0.162116
vn -0.609686 0.770764 0.184947
vn -0.588622 0.770764 0.243816
vn -0.515962 0.829522 0.213719
vn -0.588622 0.770764 0.243816
vn -0.561890 0.770764 0.300337
vn -0.492529 0.829523 0.263262
vn -0.655551 0.704641 0.271539
vn -0.625780 0.704641 0.334487
vn -0.561890 0.770764 0.300337
vn -0.588622 0.770764 0.243816
vn -0.589980 0.704641 0.394213
vn -0.529746 0.770764 0.353966
vn -0.561890 0.770764 0.300337
vn -0.625780 0.704641 0.334487
vn -0.464353 0.829522 0.310272
vn -0.492529 0.829523 0.263262
vn -0.561890 0.770764 0.300337
vn -0.529746 0.770764 0.353966
vn -0.464353 0.829522 0.310272
vn -0.529746 0.770764 0.353966
vn -0.492501 0.770764 0.404185
vn -0.431705 0.829523 0.354291
vn -0.589980 0.704641 0.394213
vn -0.548500 0.704641 0.450143
vn -0.492501 0.770764 0.404185
vn -0.529746 0.770764 0.353966
vn -0.501737 0.704641 0.501738
vn -0.450512 0.770764 0.450512
vn -0.492501 0.770764 0.404185
vn -0.548500 0.704641 0.450143
vn -0.394900 0.829523 0.394900
vn -0.431705 0.829523 0.354291
vn -0.492501 0.770764 0.404185
vn -0.450512 0.770764 0.450512
vn -0.394900 0.829523 0.394900
vn -0.450512 0.770764 0.450512
vn -0.404185 0.770764 0.492501
vn -0.354291 0.829523 0.431705
vn -0.501737 0.704641 0.501738
vn -0.450143 0.704641 0.548501
vn -0.404185 0.770764 0.492501
vn -0.450512 0.770764 0.450512
vn -0.394212 0.704641 0.589981
vn -0.353965 0.770764 0.529747
vn -0.404185 0.770764 0.492501
vn -0.450143 0.704641 0.548501
vn -0.310271 0.829522 0.464354
vn -0.354291 0.829523 0.431705
vn -0.404185 0.770764 0.492501
vn -0.353965 0.770764 0.529747
vn -0.310271 0.829522 0.464354
vn -0.353965 0.770764 0.529747
vn -0.300336 0.770764 0.561890
vn -0.263262 0.829523 0.492529
vn -0.394212 0.704641 0.589981
vn -0.334486 0.704641 0.625780
vn -0.300336 0.770764 0.561890
vn -0.353965 0.770764 0.529747
vn -0.271538 0.704641 0.655552
vn -0.243815 0.770764 0.588623
vn -0.300336 0.770764 0.561890
vn -0.334486 0.704641 0.625780
vn -0.213718 0.829523 0.515962
vn -0.263262 0.829523 0.492529
vn -0.300336 0.770764 0.561890
vn -0.243815 0.770764 0.588623
vn -0.213718 0.829523 0.515962
vn -0.243815 0.770764 0.588623
vn -0.184946 0.770764 0.609687
vn -0.162115 0.829523 0.534425
vn -0.271538 0.704641 0.655552
vn -0.205975 0.704641 0.679011
vn -0.184946 0.770764 0.609687
vn -0.243815 0.770764 0.588623
vn -0.138428 0.704641 0.695930
vn -0.124295 0.770764 0.624879
vn -0.184946 0.770764 0.609687
vn -0.205975 0.704641 0.679011
vn -0.108951 0.829523 0.547742
vn -0.162115 0.829523 0.534425
vn -0.184946 0.770764 0.609687
vn -0.124295 0.770764 0.624879
vn -0.108951 0.829523 0.547742
vn -0.124295 0.770764 0.624879
vn -0.062448 0.770764 0.634053
vn -0.054739 0.829523 0.555783
vn -0.138428 0.704641 0.695930
vn -0.069549 0.704641 0.706147
vn -0.062448 0.770764 0.634053
vn -0.124295 0.770764 0.624879
vn 0.000001 0.704641 0.709564
vn 0.000001 0.770764 0.637120
vn -0.062448 0.770764 0.634053
vn -0.069549 0.704641 0.706147
vn 0.000000 0.829522 0.558473
vn -0.054739 0.829523 0.555783
vn -0.062448 0.770764 0.634053
vn 0.000001 0.770764 0.637120
vn 0.000000 0.829522 0.558473
vn 0.000001 0.770764 0.637120
vn 0.062449 0.770764 0.634052
vn 0.054740 0.829523 0.555783
vn 0.000001 0.704641 0.709564
vn 0.069550 0.704641 0.706147
vn 0.062449 0.770764 0.634052
vn 0.000001 0.770764 0.637120
vn 0.138430 0.704641 0.695930
vn 0.124296 0.770764 0.624878
vn 0.062449 0.770764 0.634052
vn 0.069550 0.704641 0.706147
vn 0.108953 0.829523 0.547742
vn 0.054740 0.829523 0.555783
vn 0.062449 0.770764 0.634052
vn 0.124296 0.770764 0.624878
vn 0.108953 0.829523 0.547742
vn 0.124296 0.770764 0.624878
vn 0.184947 0.770764 0.609686
vn 0.162116 0.829523 0.534425
vn 0.138430 0.704641 0.695930
vn 0.205976 0.704641 0.679011
vn 0.184947 0.770764 0.609686
vn 0.124296 0.770764 0.624878
vn 0.271539 0.704641 0.655551
vn 0.243816 0.770764 0.588622
vn 0.184947 0.770764 0.609686
vn 0.205976 0.704641 0.679011
vn 0.213719 0.829523 0.515962
vn 0.162116 0.829523 0.534425
vn 0.184947 0.770764 0.609686
vn 0.243816 0.770764 0.588622
vn 0.213719 0.829523 0.515962
vn 0.243816 0.770764 0.588622
vn 0.300337 0.770764 0.561890
vn 0.263263 0.829523 0.492528
vn 0.271539 0.704641 0.655551
vn 0.334487 0.704641 0.625780
vn 0.300337 0.770764 0.561890
vn 0.243816 0.770764 0.588622
vn 0.394213 0.704641 0.589980
vn 0.353966 0.770764 0.529746
vn 0.300337 0.770764 0.561890
vn 0.334487 0.704641 0.625780
vn 0.310272 0.829523 0.464353
vn 0.263263 0.829523 0.492528
vn 0.300337 0.770764 0.561890
vn 0.353966 0.770764 0.529746
vn 0.310272 0.829523 0.464353
vn 0.353966 0.770764 0.529746
vn 0.404186 0.770764 0.492500
vn 0.354292 0.829523 0.431705
vn 0.394213 0.704641 0.589980
vn 0.450144 0.704641 0.548500
vn 0.404186 0.770764 0.492500
vn 0.353966 0.770764 0.529746
vn 0.501738 0.704641 0.501737
vn 0.450513 0.770764 0.450511
vn 0.404186 0.770764 0.492500
vn 0.450144 0.704641 0.548500
vn 0.394901 0.829523 0.394899
vn 0.354292 0.829523 0.431705
vn 0.404186 0.770764 0.492500
vn 0.450513 0.770764 0.450511
vn 0.394901 0.829523 0.394899
vn 0.450513 0.770764 0.450511
vn 0.492501 0.770764 0.404184
vn 0.431706 0.829523 0.354291
vn 0.501738 0.704641 0.501737
vn 0.548501 0.704641 0.450142
vn 0.492501 0.770764 0.404184
vn 0.450513 0.770764 0.450511
vn 0.589981 0.704641 0.394212
vn 0.529747 0.770764 0.353965
vn 0.492501 0.770764 0.404184
vn 0.548501 0.704641 0.450142
vn 0.464354 0.829522 0.310271
vn 0.431706 0.829523 0.354291
vn 0.492501 0.770764 0.404184
vn 0.529747 0.770764 0.353965
vn 0.464354 0.829522 0.310271
vn 0.529747 0.770764 0.353965
vn 0.561890 0.770764 0.300336
vn 0.492529 0.829523 0.263261
vn 0.589981 0.704641 0.394212
vn 0.625780 0.704641 0.334485
vn 0.561890 0.770764 0.300336
vn 0.529747 0.770764 0.353965
vn 0.655552 0.704641 0.271537
vn 0.588623 0.770764 0.243815
vn 0.561890 0.770764 0.300336
vn 0.625780 0.704641 0.334485
vn 0.515962 0.829522 0.213718
vn 0.492529 0.829523 0.263261
vn 0.561890 0.770764 0.300336
vn 0.588623 0.770764 0.243815
vn 0.515962 0.829522 0.213718
vn 0.588623 0.770764 0.243815
vn 0.609686 0.770764 0.184945
vn 0.534425 0.829523 0.162115
vn 0.655552 0.704641 0.271537
vn 0.679011 0.704641 0.205975
vn 0.609686 0.770764 0.184945
vn 0.588623 0.770764 0.243815
vn 0.695930 0.704641 0.138428
vn 0.624878 0.770764 0.124295
vn 0.609686 0.770764 0.184945
vn 0.679011 0.704641 0.205975
vn 0.547743 0.829522 0.108952
vn 0.534425 0.829523 0.162115
vn 0.609686 0.770764 0.184945
vn 0.624878 0.770764 0.124295
vn 0.547743 0.829522 0.108952
vn 0.624878 0.770764 0.124295
vn 0.634053 0.770764 0.062448
vn 0.555784 0.829523 0.054739
vn 0.695930 0.704641 0.138428
vn 0.706147 0.704641 0.069548
vn 0.634053 0.770764 0.062448
vn 0.624878 0.770764 0.124295
vn 0.709564 0.704641 -0.000001
vn 0.637120 0.770764 -0.000001
vn 0.634053 0.770764 0.062448
vn 0.706147 0.704641 0.069548
vn 0.558473 0.829522 -0.000001
vn 0.555784 0.829523 0.054739
vn 0.634053 0.770764 0.062448
vn 0.637120 0.770764 -0.000001
vn 0.558473 0.829522 -0.000001
vn 0.637120 0.770764 -0.000001
vn 0.634052 0.770764 -0.062450
vn 0.555783 0.829523 -0.054741
vn 0.709564 0.704641 -0.000001
vn 0.706147 0.704641 -0.069551
vn 0.634052 0.770764 -0.062450
vn 0.637120 0.770764 -0.000001
vn 0.695929 0.704641 -0.138430
vn 0.624878 0.770764 -0.124297
vn 0.634052 0.770764 -0.062450
vn 0.706147 0.704641 -0.069551
vn 0.547742 0.829522 -0.108954
vn 0.555783 0.829523 -0.054741
vn 0.634052 0.770764 -0.062450
vn 0.624878 0.770764 -0.124297
vn 0.547742 0.829522 -0.108954
vn 0.624878 0.770764 -0.124297
vn 0.609686 0.770764 -0.184947
vn 0.534425 0.829523 -0.162117
vn 0.695929 0.704641 -0.138430
vn 0.679010 0.704641 -0.205977
vn 0.609686 0.770764 -0.184947
vn 0.624878 0.770764 -0.124297
vn 0.655551 0.704641 -0.271539
vn 0.588622 0.770764 -0.243816
vn 0.609686 0.770764 -0.184947
vn 0.679010 0.704641 -0.205977
vn 0.515962 0.829522 -0.213719
vn 0.534425 0.829523 -0.162117
vn 0.609686 0.770764 -0.184947
vn 0.588622 0.770764 -0.243816
vn 0.515962 0.829522 -0.213719
vn 0.588622 0.770764 -0.243816
vn 0.561890 0.770764 -0.300337
vn 0.492529 0.829523 -0.263263
vn 0.655551 0.704641 -0.271539
vn 0.625779 0.704641 -0.334487
vn 0.561890 0.770764 -0.300337
vn 0.588622 0.770764 -0.243816
vn 0.589980 0.704641 -0.394214
vn 0.529746 0.770764 -0.353966
vn 0.561890 0.770764 -0.300337
vn 0.625779 0.704641 -0.334487
vn 0.464353 0.829523 -0.310271
vn 0.492529 0.829523 -0.263263
vn 0.561890 0.770764 -0.300337
vn 0.529746 0.770764 -0.353966
vn 0.464353 0.829523 -0.310271
vn 0.529746 0.770764 -0.353966
vn 0.492500 0.770764 -0.404186
vn 0.431704 0.829523 -0.354292
vn 0.589980 0.704641 -0.394214
vn 0.548500 0.704641 -0.450144
vn 0.492500 0.770764 -0.404186
vn 0.529746 0.770764 -0.353966
vn 0.501737 0.704641 -0.501738
vn 0.450512 0.770764 -0.450513
vn 0.492500 0.770764 -0.404186
vn 0.548500 0.704641 -0.450144
vn 0.394899 0.829523 -0.394901
vn 0.431704 0.829523 -0.354292
vn 0.492500 0.770764 -0.404186
vn 0.450512 0.770764 -0.450513
vn 0.394899 0.829523 -0.394901
vn 0.450512 0.770764 -0.450513
vn 0.404184 0.770764 -0.492501
vn 0.354290 0.829523 -0.431705
vn 0.501737 0.704641 -0.501738
vn 0.450142 0.704641 -0.548501
vn 0.404184 0.770764 -0.492501
vn 0.450512 0.770764 -0.450513
vn 0.394211 0.704641 -0.589982
vn 0.353964 0.770764 -0.529747
vn 0.404184 0.770764 -0.492501
vn 0.450142 0.704641 -0.548501
vn 0.310270 0.829523 -0.464354
vn 0.354290 0.829523 -0.431705
vn 0.404184 0.770764 -0.492501
vn 0.353964 0.770764 -0.529747
vn 0.310270 0.829523 -0.464354
vn 0.353964 0.770764 -0.529747
vn 0.300335 0.770764 -0.561891
vn 0.263261 0.829523 -0.492530
vn 0.394211 0.704641 -0.589982
vn 0.334485 0.704641 -0.625780
vn 0.300335 0.770764 -0.561891
vn 0.353964 0.770764 -0.529747
vn 0.271537 0.704641 -0.655552
vn 0.243814 0.770764 -0.588623
vn 0.300335 0.770764 -0.561891
vn 0.334485 0.704641 -0.625780
vn 0.213717 0.829523 -0.515962
vn 0.263261 0.829523 -0.492530
vn 0.300335 0.770764 -0.561891
vn 0.243814 0.770764 -0.588623
vn 0.213717 0.829523 -0.515962
vn 0.243814 0.770764 -0.588623
vn 0.184945 0.770764 -0.609686
vn 0.162115 0.829523 -0.534425
vn 0.271537 0.704641 -0.655552
vn 0.205974 0.704641 -0.679011
vn 0.184945 0.770764 -0.609686
vn 0.243814 0.770764 -0.588623
vn 0.138428 0.704641 -0.695930
vn 0.124295 0.770764 -0.624879
vn 0.184945 0.770764 -0.609686
vn 0.205974 0.704641 -0.679011
vn 0.108952 0.829523 -0.547742
vn 0.162115 0.829523 -0.534425
vn 0.184945 0.770764 -0.609686
vn 0.124295 0.770764 -0.624879
vn 0.108952 0.829523 -0.547742
vn 0.124295 0.770764 -0.624879
vn 0.062448 0.770764 -0.634053
vn 0.054739 0.829523 -0.555784
vn 0.138428 0.704641 -0.695930
vn 0.069549 0.704641 -0.706147
vn 0.062448 0.770764 -0.634053
vn 0.124295 0.770764 -0.624879
vn -0.000001 0.704641 -0.709564
vn -0.000000 0.770764 -0.637120
vn 0.062448 0.770764 -0.634053
vn 0.069549 0.704641 -0.706147
vn -0.000000 0.829522 -0.558473
vn 0.054739 0.829523 -0.555784
vn 0.062448 0.770764 -0.634053
vn -0.000000 0.770764 -0.637120
vn -0.000001 0.704641 -0.709564
vn -0.000001 0.631826 -0.775110
vn -0.075974 0.631825 -0.771379
vn -0.069550 0.704641 -0.706148
vn -0.000001 0.553022 -0.833167
vn -0.081665 0.553021 -0.829155
vn -0.075974 0.631825 -0.771379
vn -0.000001 0.631826 -0.775110
vn -0.162543 0.553022 -0.817158
vn -0.151216 0.631826 -0.760217
vn -0.075974 0.631825 -0.771379
vn -0.081665 0.553021 -0.829155
vn -0.138429 0.704641 -0.695930
vn -0.069550 0.704641 -0.706148
vn -0.075974 0.631825 -0.771379
vn -0.151216 0.631826 -0.760217
vn -0.138429 0.704641 -0.695930
vn -0.151216 0.631826 -0.760217
vn -0.225003 0.631825 -0.741735
vn -0.205976 0.704641 -0.679011
vn -0.162543 0.553022 -0.817158
vn -0.241856 0.553021 -0.797291
vn -0.225003 0.631825 -0.741735
vn -0.151216 0.631826 -0.760217
vn -0.318839 0.553022 -0.769746
vn -0.296622 0.631826 -0.716108
vn -0.225003 0.631825 -0.741735
vn -0.241856 0.553021 -0.797291
vn -0.271538 0.704641 -0.655552
vn -0.205976 0.704641 -0.679011
vn -0.225003 0.631825 -0.741735
vn -0.296622 0.631826 -0.716108
vn -0.271538 0.704641 -0.655552
vn -0.296622 0.631826 -0.716108
vn -0.365384 0.631826 -0.683587
vn -0.334486 0.704641 -0.625780
vn -0.318839 0.553022 -0.769746
vn -0.392752 0.553021 -0.734788
vn -0.365384 0.631826 -0.683587
vn -0.296622 0.631826 -0.716108
vn -0.462883 0.553022 -0.692753
vn -0.430628 0.631827 -0.644480
vn -0.365384 0.631826 -0.683587
vn -0.392752 0.553021 -0.734788
vn -0.394212 0.704641 -0.589981
vn -0.334486 0.704641 -0.625780
vn -0.365384 0.631826 -0.683587
vn -0.430628 0.631827 -0.644480
vn -0.394212 0.704641 -0.589981
vn -0.430628 0.631827 -0.644480
vn -0.491725 0.631826 -0.599168
vn -0.450143 0.704641 -0.548501
vn -0.462883 0.553022 -0.692753
vn -0.528556 0.553021 -0.644047
vn -0.491725 0.631826 -0.599168
vn -0.430628 0.631827 -0.644480
vn -0.589138 0.553022 -0.589138
vn -0.548086 0.631826 -0.548085
vn -0.491725 0.631826 -0.599168
vn -0.528556 0.553021 -0.644047
vn -0.501738 0.704641 -0.501737
vn -0.450143 0.704641 -0.548501
vn -0.491725 0.631826 -0.599168
vn -0.548086 0.631826 -0.548085
vn -0.501738 0.704641 -0.501737
vn -0.548086 0.631826 -0.548085
vn -0.599169 0.631826 -0.491725
vn -0.548501 0.704641 -0.450143
vn -0.589138 0.553022 -0.589138
vn -0.644047 0.553021 -0.528556
vn -0.599169 0.631826 -0.491725
vn -0.548086 0.631826 -0.548085
vn -0.692753 0.553022 -0.462883
vn -0.644480 0.631826 -0.430628
vn -0.599169 0.631826 -0.491725
vn -0.644047 0.553021 -0.528556
vn -0.589981 0.704641 -0.394212
vn -0.548501 0.704641 -0.450143
vn -0.599169 0.631826 -0.491725
vn -0.644480 0.631826 -0.430628
vn -0.589981 0.704641 -0.394212
vn -0.644480 0.631826 -0.430628
vn -0.683586 0.631826 -0.365385
vn -0.625780 0.704641 -0.334486
vn -0.692753 0.553022 -0.462883
vn -0.734788 0.553021 -0.392752
vn -0.683586 0.631826 -0.365385
vn -0.644480 0.631826 -0.430628
vn -0.769746 0.553022 -0.318839
vn -0.716108 0.631827 -0.296622
vn -0.683586 0.631826 -0.365385
vn -0.734788 0.553021 -0.392752
vn -0.655551 0.704641 -0.271538
vn -0.625780 0.704641 -0.334486
vn -0.683586 0.631826 -0.365385
vn -0.716108 0.631827 -0.296622
vn -0.655551 0.704641 -0.271538
vn -0.716108 0.631827 -0.296622
vn -0.741735 0.631826 -0.225002
vn -0.679011 0.704641 -0.205976
vn -0.769746 0.553022 -0.318839
vn -0.797291 0.553021 -0.241855
vn -0.741735 0.631826 -0.225002
vn -0.716108 0.631827 -0.296622
vn -0.817158 0.553022 -0.162543
vn -0.760216 0.631826 -0.151216
vn -0.741735 0.631826 -0.225002
vn -0.797291 0.553021 -0.241855
vn -0.695930 0.704641 -0.138429
vn -0.679011 0.704641 -0.205976
vn -0.741735 0.631826 -0.225002
vn -0.760216 0.631826 -0.151216
vn -0.695930 0.704641 -0.138429
vn -0.760216 0.631826 -0.151216
vn -0.771378 0.631826 -0.075974
vn -0.706147 0.704641 -0.069549
vn -0.817158 0.553022 -0.162543
vn -0.829155 0.553021 -0.081665
vn -0.771378 0.631826 -0.075974
vn -0.760216 0.631826 -0.151216
vn -0.833167 0.553022 0.000000
vn -0.775110 0.631826 0.000000
vn -0.771378 0.631826 -0.075974
vn -0.829155 0.553021 -0.081665
vn -0.709564 0.704641 0.000000
vn -0.706147 0.704641 -0.069549
vn -0.771378 0.631826 -0.075974
vn -0.775110 0.631826 0.000000
vn -0.709564 0.704641 0.000000
vn -0.775110 0.631826 0.000000
vn -0.771378 0.631826 0.075974
vn -0.706147 0.704641 0.069550
vn -0.833167 0.553022 0.000000
vn -0.829155 0.553021 0.081665
vn -0.771378 0.631826 0.075974
vn -0.775110 0.631826 0.000000
vn -0.817157 0.553022 0.162543
vn -0.760216 0.631826 0.151217
vn -0.771378 0.631826 0.075974
vn -0.829155 0.553021 0.081665
vn -0.695930 0.704641 0.138429
vn -0.706147 0.704641 0.069550
vn -0.771378 0.631826 0.075974
vn -0.760216 0.631826 0.151217
vn -0.695930 0.704641 0.138429
vn -0.760216 0.631826 0.151217
vn -0.741735 0.631825 0.225003
vn -0.679011 0.704641 0.205976
vn -0.817157 0.553022 0.162543
vn -0.797291 0.553021 0.241856
vn -0.741735 0.631825 0.225003
vn -0.760216 0.631826 0.151217
vn -0.769745 0.553022 0.318839
vn -0.716108 0.631826 0.296622
vn -0.741735 0.631825 0.225003
vn -0.797291 0.553021 0.241856
vn -0.655551 0.704641 0.271539
vn -0.679011 0.704641 0.205976
vn -0.741735 0.631825 0.225003
vn -0.716108 0.631826 0.296622
vn -0.655551 0.704641 0.271539
vn -0.716108 0.631826 0.296622
vn -0.683586 0.631825 0.365385
vn -0.625780 0.704641 0.334487
vn -0.769745 0.553022 0.318839
vn -0.734788 0.553021 0.392753
vn -0.683586 0.631825 0.365385
vn -0.716108 0.631826 0.296622
vn -0.692752 0.553022 0.462883
vn -0.644480 0.631826 0.430628
vn -0.683586 0.631825 0.365385
vn -0.734788 0.553021 0.392753
vn -0.589980 0.704641 0.394213
vn -0.625780 0.704641 0.334487
vn -0.683586 0.631825 0.365385
vn -0.644480 0.631826 0.430628
vn -0.589980 0.704641 0.394213
vn -0.644480 0.631826 0.430628
vn -0.599168 0.631826 0.491725
vn -0.548500 0.704641 0.450143
vn -0.692752 0.553022 0.462883
vn -0.644047 0.553021 0.528556
vn -0.599168 0.631826 0.491725
vn -0.644480 0.631826 0.430628
vn -0.589137 0.553022 0.589138
vn -0.548085 0.631827 0.548086
vn -0.599168 0.631826 0.491725
vn -0.644047 0.553021 0.528556
vn -0.501737 0.704641 0.501738
vn -0.548500 0.704641 0.450143
vn -0.599168 0.631826 0.491725
vn -0.548085 0.631827 0.548086
vn -0.501737 0.704641 0.501738
vn -0.548085 0.631827 0.548086
vn -0.491725 0.631826 0.599169
vn -0.450143 0.704641 0.548501
vn -0.589137 0.553022 0.589138
vn -0.528555 0.553021 0.644047
vn -0.491725 0.631826 0.599169
vn -0.548085 0.631827 0.548086
vn -0.462882 0.553022 0.692753
vn -0.430628 0.631826 0.644481
vn -0.491725 0.631826 0.599169
vn -0.528555 0.553021 0.644047
vn -0.394212 0.704641 0.589981
vn -0.450143 0.704641 0.548501
vn -0.491725 0.631826 0.599169
vn -0.430628 0.631826 0.644481
vn -0.394212 0.704641 0.589981
vn -0.430628 0.631826 0.644481
vn -0.365384 0.631826 0.683587
vn -0.334486 0.704641 0.625780
vn -0.462882 0.553022 0.692753
vn -0.392752 0.553021 0.734788
vn -0.365384 0.631826 0.683587
vn -0.430628 0.631826 0.644481
vn -0.318838 0.553022 0.769746
vn -0.296621 0.631826 0.716109
vn -0.365384 0.631826 0.683587
vn -0.392752 0.553021 0.734788
vn -0.271538 0.704641 0.655552
vn -0.334486 0.704641 0.625780
vn -0.365384 0.631826 0.683587
vn -0.296621 0.631826 0.716109
vn -0.271538 0.704641 0.655552
vn -0.296621 0.631826 0.716109
vn -0.225002 0.631826 0.741735
vn -0.205975 0.704641 0.679011
vn -0.318838 0.553022 0.769746
vn -0.241855 0.553021 0.797291
vn -0.225002 0.631826 0.741735
vn -0.296621 0.631826 0.716109
vn -0.162542 0.553022 0.817158
vn -0.151216 0.631827 0.760216
vn -0.225002 0.631826 0.741735
vn -0.241855 0.553021 0.797291
vn -0.138428 0.704641 0.695930
vn -0.205975 0.704641 0.679011
vn -0.225002 0.631826 0.741735
vn -0.151216 0.631827 0.760216
vn -0.138428 0.704641 0.695930
vn -0.151216 0.631827 0.760216
vn -0.075974 0.631826 0.771378
vn -0.069549 0.704641 0.706147
vn -0.162542 0.553022 0.817158
vn -0.081664 0.553021 0.829155
vn -0.075974 0.631826 0.771378
vn -0.151216 0.631827 0.760216
vn 0.000001 0.553022 0.833167
vn 0.000001 0.631826 0.775110
vn -0.075974 0.631826 0.771378
vn -0.081664 0.553021 0.829155
vn 0.000001 0.704641 0.709564
vn -0.069549 0.704641 0.706147
vn -0.075974 0.631826 0.771378
vn 0.000001 0.631826 0.775110
vn 0.000001 0.704641 0.709564
vn 0.000001 0.631826 0.775110
vn 0.075975 0.631826 0.771378
vn 0.069550 0.704641 0.706147
vn 0.000001 0.553022 0.833167
vn 0.081666 0.553021 0.829155
vn 0.075975 0.631826 0.771378
vn 0.000001 0.631826 0.775110
vn 0.162544 0.553022 0.817157
vn 0.151217 0.631827 0.760216
vn 0.075975 0.631826 0.771378
vn 0.081666 0.553021 0.829155
vn 0.138430 0.704641 0.695930
vn 0.069550 0.704641 0.706147
vn 0.075975 0.631826 0.771378
vn 0.151217 0.631827 0.760216
vn 0.138430 0.704641 0.695930
vn 0.151217 0.631827 0.760216
vn 0.225004 0.631826 0.741734
vn 0.205976 0.704641 0.679011
vn 0.162544 0.553022 0.817157
vn 0.241857 0.553021 0.797291
vn 0.225004 0.631826 0.741734
vn 0.151217 0.631827 0.760216
vn 0.318840 0.553022 0.769745
vn 0.296623 0.631827 0.716108
vn 0.225004 0.631826 0.741734
vn 0.241857 0.553021 0.797291
vn 0.271539 0.704641 0.655551
vn 0.205976 0.704641 0.679011
vn 0.225004 0.631826 0.741734
vn 0.296623 0.631827 0.716108
vn 0.271539 0.704641 0.655551
vn 0.296623 0.631827 0.716108
vn 0.365385 0.631826 0.683586
vn 0.334487 0.704641 0.625780
vn 0.318840 0.553022 0.769745
vn 0.392753 0.553021 0.734787
vn 0.365385 0.631826 0.683586
vn 0.296623 0.631827 0.716108
vn 0.462883 0.553022 0.692752
vn 0.430629 0.631826 0.644480
vn 0.365385 0.631826 0.683586
vn 0.392753 0.553021 0.734787
vn 0.394213 0.704641 0.589980
vn 0.334487 0.704641 0.625780
vn 0.365385 0.631826 0.683586
vn 0.430629 0.631826 0.644480
vn 0.394213 0.704641 0.589980
vn 0.430629 0.631826 0.644480
vn 0.491726 0.631825 0.599168
vn 0.450144 0.704641 0.548500
vn 0.462883 0.553022 0.692752
vn 0.528557 0.553021 0.644046
vn 0.491726 0.631825 0.599168
vn 0.430629 0.631826 0.644480
vn 0.589138 0.553022 0.589137
vn 0.548086 0.631826 0.548085
vn 0.491726 0.631825 0.599168
vn 0.528557 0.553021 0.644046
vn 0.501738 0.704641 0.501737
vn 0.450144 0.704641 0.548500
vn 0.491726 0.631825 0.599168
vn 0.548086 0.631826 0.548085
vn 0.501738 0.704641 0.501737
vn 0.548086 0.631826 0.548085
vn 0.599169 0.631826 0.491724
vn 0.548501 0.704641 0.450142
vn 0.589138 0.553022 0.589137
vn 0.644048 0.553021 0.528555
vn 0.599169 0.631826 0.491724
vn 0.548086 0.631826 0.548085
vn 0.692753 0.553022 0.462882
vn 0.644481 0.631826 0.430627
vn 0.599169 0.631826 0.491724
vn 0.644048 0.553021 0.528555
vn 0.589981 0.704641 0.394212
vn 0.548501 0.704641 0.450142
vn 0.599169 0.631826 0.491724
vn 0.644481 0.631826 0.430627
vn 0.589981 0.704641 0.394212
vn 0.644481 0.631826 0.430627
vn 0.683587 0.631825 0.365384
vn 0.625780 0.704641 0.334485
vn 0.692753 0.553022 0.462882
vn 0.734789 0.553021 0.392751
vn 0.683587 0.631825 0.365384
vn 0.644481 0.631826 0.430627
vn 0.769746 0.553022 0.318838
vn 0.716109 0.631826 0.296621
vn 0.683587 0.631825 0.365384
vn 0.734789 0.553021 0.392751
vn 0.655552 0.704641 0.271537
vn 0.625780 0.704641 0.334485
vn 0.683587 0.631825 0.365384
vn 0.716109 0.631826 0.296621
vn 0.655552 0.704641 0.271537
vn 0.716109 0.631826 0.296621
vn 0.741735 0.631825 0.225002
vn 0.679011 0.704641 0.205975
vn 0.769746 0.553022 0.318838
vn 0.797292 0.553021 0.241854
vn 0.741735 0.631825 0.225002
vn 0.716109 0.631826 0.296621
vn 0.817158 0.553022 0.162541
vn 0.760217 0.631826 0.151215
vn 0.741735 0.631825 0.225002
vn 0.797292 0.553021 0.241854
vn 0.695930 0.704641 0.138428
vn 0.679011 0.704641 0.205975
vn 0.741735 0.631825 0.225002
vn 0.760217 0.631826 0.151215
vn 0.695930 0.704641 0.138428
vn 0.760217 0.631826 0.151215
vn 0.771379 0.631825 0.075973
vn 0.706147 0.704641 0.069548
vn 0.817158 0.553022 0.162541
vn 0.829156 0.553021 0.081664
vn 0.771379 0.631825 0.075973
vn 0.760217 0.631826 0.151215
vn 0.833167 0.553022 -0.000001
vn 0.775110 0.631826 -0.000001
vn 0.771379 0.631825 0.075973
vn 0.829156 0.553021 0.081664
vn 0.709564 0.704641 -0.000001
vn 0.706147 0.704641 0.069548
vn 0.771379 0.631825 0.075973
vn 0.775110 0.631826 -0.000001
vn 0.709564 0.704641 -0.000001
vn 0.775110 0.631826 -0.000001
vn 0.771378 0.631826 -0.075975
vn 0.706147 0.704641 -0.069551
vn 0.833167 0.553022 -0.000001
vn 0.829155 0.553021 -0.081666
vn 0.771378 0.631826 -0.075975
vn 0.775110 0.631826 -0.000001
vn 0.817157 0.553022 -0.162544
vn 0.760216 0.631827 -0.151218
vn 0.771378 0.631826 -0.075975
vn 0.829155 0.553021 -0.081666
vn 0.695929 0.704641 -0.138430
vn 0.706147 0.704641 -0.069551
vn 0.771378 0.631826 -0.075975
vn 0.760216 0.631827 -0.151218
vn 0.695929 0.704641 -0.138430
vn 0.760216 0.631827 -0.151218
vn 0.741734 0.631826 -0.225004
vn 0.679010 0.704641 -0.205977
vn 0.817157 0.553022 -0.162544
vn 0.797291 0.553021 -0.241857
vn 0.741734 0.631826 -0.225004
vn 0.760216 0.631827 -0.151218
vn 0.769745 0.553022 -0.318840
vn 0.716108 0.631826 -0.296623
vn 0.741734 0.631826 -0.225004
vn 0.797291 0.553021 -0.241857
vn 0.655551 0.704641 -0.271539
vn 0.679010 0.704641 -0.205977
vn 0.741734 0.631826 -0.225004
vn 0.716108 0.631826 -0.296623
vn 0.655551 0.704641 -0.271539
vn 0.716108 0.631826 -0.296623
vn 0.683586 0.631826 -0.365386
vn 0.625779 0.704641 -0.334487
vn 0.769745 0.553022 -0.318840
vn 0.734787 0.553021 -0.392754
vn 0.683586 0.631826 -0.365386
vn 0.716108 0.631826 -0.296623
vn 0.692752 0.553022 -0.462884
vn 0.644479 0.631826 -0.430629
vn 0.683586 0.631826 -0.365386
vn 0.734787 0.553021 -0.392754
vn 0.589980 0.704641 -0.394214
vn 0.625779 0.704641 -0.334487
vn 0.683586 0.631826 -0.365386
vn 0.644479 0.631826 -0.430629
vn 0.589980 0.704641 -0.394214
vn 0.644479 0.631826 -0.430629
vn 0.599168 0.631826 -0.491726
vn 0.548500 0.704641 -0.450144
vn 0.692752 0.553022 -0.462884
vn 0.644046 0.553021 -0.528557
vn 0.599168 0.631826 -0.491726
vn 0.644479 0.631826 -0.430629
vn 0.589137 0.553022 -0.589139
vn 0.548085 0.631826 -0.548086
vn 0.599168 0.631826 -0.491726
vn 0.644046 0.553021 -0.528557
vn 0.501737 0.704641 -0.501738
vn 0.548500 0.704641 -0.450144
vn 0.599168 0.631826 -0.491726
vn 0.548085 0.631826 -0.548086
vn 0.501737 0.704641 -0.501738
vn 0.548085 0.631826 -0.548086
vn 0.491724 0.631825 -0.599169
vn 0.450142 0.704641 -0.548501
vn 0.589137 0.553022 -0.589139
vn 0.528555 0.553021 -0.644048
vn 0.491724 0.631825 -0.599169
vn 0.548085 0.631826 -0.548086
vn 0.462881 0.553022 -0.692754
vn 0.430627 0.631827 -0.644481
vn 0.491724 0.631825 -0.599169
vn 0.528555 0.553021 -0.644048
vn 0.394211 0.704641 -0.589982
vn 0.450142 0.704641 -0.548501
vn 0.491724 0.631825 -0.599169
vn 0.430627 0.631827 -0.644481
vn 0.394211 0.704641 -0.589982
vn 0.430627 0.631827 -0.644481
vn 0.365383 0.631826 -0.683587
vn 0.334485 0.704641 -0.625780
vn 0.462881 0.553022 -0.692754
vn 0.392751 0.553021 -0.734789
vn 0.365383 0.631826 -0.683587
vn 0.430627 0.631827 -0.644481
vn 0.318837 0.553022 -0.769746
vn 0.296620 0.631826 -0.716109
vn 0.365383 0.631826 -0.683587
vn 0.392751 0.553021 -0.734789
vn 0.271537 0.704641 -0.655552
vn 0.334485 0.704641 -0.625780
vn 0.365383 0.631826 -0.683587
vn 0.296620 0.631826 -0.716109
vn 0.271537 0.704641 -0.655552
vn 0.296620 0.631826 -0.716109
vn 0.225001 0.631825 -0.741735
vn 0.205974 0.704641 -0.679011
vn 0.318837 0.553022 -0.769746
vn 0.241854 0.553021 -0.797292
vn 0.225001 0.631825 -0.741735
vn 0.296620 0.631826 -0.716109
vn 0.162542 0.553022 -0.817158
vn 0.151215 0.631826 -0.760217
vn 0.225001 0.631825 -0.741735
vn 0.241854 0.553021 -0.797292
vn 0.138428 0.704641 -0.695930
vn 0.205974 0.704641 -0.679011
vn 0.225001 0.631825 -0.741735
vn 0.151215 0.631826 -0.760217
vn 0.138428 0.704641 -0.695930
vn 0.151215 0.631826 -0.760217
vn 0.075973 0.631825 -0.771379
vn 0.069549 0.704641 -0.706147
vn 0.162542 0.553022 -0.817158
vn 0.081664 0.553021 -0.829155
vn 0.075973 0.631825 -0.771379
vn 0.151215 0.631826 -0.760217
vn -0.000001 0.553022 -0.833167
vn -0.000001 0.631826 -0.775110
vn 0.075973 0.631825 -0.771379
vn 0.081664 0.553021 -0.829155
vn -0.000001 0.704641 -0.709564
vn 0.069549 0.704641 -0.706147
vn 0.075973 0.631825 -0.771379
vn -0.000001 0.631826 -0.775110
vn -0.000001 0.553022 -0.833167
vn -0.000001 0.469008 -0.883194
vn -0.086568 0.469007 -0.878942
vn -0.081665 0.553021 -0.829155
vn -0.000001 0.380580 -0.924748
vn -0.090641 0.380579 -0.920296
vn -0.086568 0.469007 -0.878942
vn -0.000001 0.469008 -0.883194
vn -0.180409 0.380580 -0.906979
vn -0.172302 0.469008 -0.866224
vn -0.086568 0.469007 -0.878942
vn -0.090641 0.380579 -0.920296
vn -0.162543 0.553022 -0.817158
vn -0.081665 0.553021 -0.829155
vn -0.086568 0.469007 -0.878942
vn -0.172302 0.469008 -0.866224
vn -0.162543 0.553022 -0.817158
vn -0.172302 0.469008 -0.866224
vn -0.256378 0.469007 -0.845164
vn -0.241856 0.553021 -0.797291
vn -0.180409 0.380580 -0.906979
vn -0.268440 0.380579 -0.884929
vn -0.256378 0.469007 -0.845164
vn -0.172302 0.469008 -0.866224
vn -0.353886 0.380580 -0.854356
vn -0.337983 0.469008 -0.815965
vn -0.256378 0.469007 -0.845164
vn -0.268440 0.380579 -0.884929
vn -0.318839 0.553022 -0.769746
vn -0.241856 0.553021 -0.797291
vn -0.256378 0.469007 -0.845164
vn -0.337983 0.469008 -0.815965
vn -0.318839 0.553022 -0.769746
vn -0.337983 0.469008 -0.815965
vn -0.416335 0.469007 -0.778908
vn -0.392752 0.553021 -0.734788
vn -0.353886 0.380580 -0.854356
vn -0.435923 0.380579 -0.815555
vn -0.416335 0.469007 -0.778908
vn -0.337983 0.469008 -0.815965
vn -0.513763 0.380580 -0.768900
vn -0.490676 0.469008 -0.734349
vn -0.416335 0.469007 -0.778908
vn -0.435923 0.380579 -0.815555
vn -0.462883 0.553022 -0.692753
vn -0.392752 0.553021 -0.734788
vn -0.416335 0.469007 -0.778908
vn -0.490676 0.469008 -0.734349
vn -0.462883 0.553022 -0.692753
vn -0.490676 0.469008 -0.734349
vn -0.560293 0.469007 -0.682719
vn -0.528556 0.553021 -0.644047
vn -0.513763 0.380580 -0.768900
vn -0.586654 0.380579 -0.714840
vn -0.560293 0.469007 -0.682719
vn -0.490676 0.469008 -0.734349
vn -0.653895 0.380580 -0.653895
vn -0.624512 0.469008 -0.624512
vn -0.560293 0.469007 -0.682719
vn -0.586654 0.380579 -0.714840
vn -0.589138 0.553022 -0.589138
vn -0.528556 0.553021 -0.644047
vn -0.560293 0.469007 -0.682719
vn -0.624512 0.469008 -0.624512
vn -0.589138 0.553022 -0.589138
vn -0.624512 0.469008 -0.624512
vn -0.682718 0.469007 -0.560293
vn -0.644047 0.553021 -0.528556
vn -0.653895 0.380580 -0.653895
vn -0.714840 0.380579 -0.586654
vn -0.682718 0.469007 -0.560293
vn -0.624512 0.469008 -0.624512
vn -0.768900 0.380580 -0.513763
vn -0.734349 0.469008 -0.490676
vn -0.682718 0.469007 -0.560293
vn -0.714840 0.380579 -0.586654
vn -0.692753 0.553022 -0.462883
vn -0.644047 0.553021 -0.528556
vn -0.682718 0.469007 -0.560293
vn -0.734349 0.469008 -0.490676
vn -0.692753 0.553022 -0.462883
vn -0.734349 0.469008 -0.490676
vn -0.778908 0.469007 -0.416335
vn -0.734788 0.553021 -0.392752
vn -0.768900 0.380580 -0.513763
vn -0.815555 0.380579 -0.435923
vn -0.778908 0.469007 -0.416335
vn -0.734349 0.469008 -0.490676
vn -0.854356 0.380580 -0.353885
vn -0.815965 0.469008 -0.337983
vn -0.778908 0.469007 -0.416335
vn -0.815555 0.380579 -0.435923
vn -0.769746 0.553022 -0.318839
vn -0.734788 0.553021 -0.392752
vn -0.778908 0.469007 -0.416335
vn -0.815965 0.469008 -0.337983
vn -0.769746 0.553022 -0.318839
vn -0.815965 0.469008 -0.337983
vn -0.845165 0.469007 -0.256377
vn -0.797291 0.553021 -0.241855
vn -0.854356 0.380580 -0.353885
vn -0.884929 0.380579 -0.268440
vn -0.845165 0.469007 -0.256377
vn -0.815965 0.469008 -0.337983
vn -0.906979 0.380580 -0.180409
vn -0.866224 0.469008 -0.172302
vn -0.845165 0.469007 -0.256377
vn -0.884929 0.380579 -0.268440
vn -0.817158 0.553022 -0.162543
vn -0.797291 0.553021 -0.241855
vn -0.845165 0.469007 -0.256377
vn -0.866224 0.469008 -0.172302
vn -0.817158 0.553022 -0.162543
vn -0.866224 0.469008 -0.172302
vn -0.878942 0.469007 -0.086568
vn -0.829155 0.553021 -0.081665
vn -0.906979 0.380580 -0.180409
vn -0.920295 0.380579 -0.090641
vn -0.878942 0.469007 -0.086568
vn -0.866224 0.469008 -0.172302
vn -0.924748 0.380580 0.000000
vn -0.883194 0.469008 0.000000
vn -0.878942 0.469007 -0.086568
vn -0.920295 0.380579 -0.090641
vn -0.833167 0.553022 0.000000
vn -0.829155 0.553021 -0.081665
vn -0.878942 0.469007 -0.086568
vn -0.883194 0.469008 0.000000
vn -0.833167 0.553022 0.000000
vn -0.883194 0.469008 0.000000
vn -0.878942 0.469007 0.086568
vn -0.829155 0.553021 0.081665
vn -0.924748 0.380580 0.000000
vn -0.920296 0.380579 0.090641
vn -0.878942 0.469007 0.086568
vn -0.883194 0.469008 0.000000
vn -0.906979 0.380580 0.180410
vn -0.866223 0.469008 0.172303
vn -0.878942 0.469007 0.086568
vn -0.920296 0.380579 0.090641
vn -0.817157 0.553022 0.162543
vn -0.829155 0.553021 0.081665
vn -0.878942 0.469007 0.086568
vn -0.866223 0.469008 0.172303
vn -0.817157 0.553022 0.162543
vn -0.866223 0.469008 0.172303
vn -0.845164 0.469007 0.256378
vn -0.797291 0.553021 0.241856
vn -0.906979 0.380580 0.180410
vn -0.884929 0.380579 0.268441
vn -0.845164 0.469007 0.256378
vn -0.866223 0.469008 0.172303
vn -0.854356 0.380580 0.353886
vn -0.815965 0.469008 0.337984
vn -0.845164 0.469007 0.256378
vn -0.884929 0.380579 0.268441
vn -0.769745 0.553022 0.318839
vn -0.797291 0.553021 0.241856
vn -0.845164 0.469007 0.256378
vn -0.815965 0.469008 0.337984
vn -0.769745 0.553022 0.318839
vn -0.815965 0.469008 0.337984
vn -0.778908 0.469007 0.416335
vn -0.734788 0.553021 0.392753
vn -0.854356 0.380580 0.353886
vn -0.815555 0.380579 0.435924
vn -0.778908 0.469007 0.416335
vn -0.815965 0.469008 0.337984
vn -0.768899 0.380581 0.513763
vn -0.734349 0.469008 0.490677
vn -0.778908 0.469007 0.416335
vn -0.815555 0.380579 0.435924
vn -0.692752 0.553022 0.462883
vn -0.734788 0.553021 0.392753
vn -0.778908 0.469007 0.416335
vn -0.734349 0.469008 0.490677
vn -0.692752 0.553022 0.462883
vn -0.734349 0.469008 0.490677
vn -0.682718 0.469007 0.560293
vn -0.644047 0.553021 0.528556
vn -0.768899 0.380581 0.513763
vn -0.714840 0.380579 0.586655
vn -0.682718 0.469007 0.560293
vn -0.734349 0.469008 0.490677
vn -0.653895 0.380581 0.653896
vn -0.624512 0.469008 0.624513
vn -0.682718 0.469007 0.560293
vn -0.714840 0.380579 0.586655
vn -0.589137 0.553022 0.589138
vn -0.644047 0.553021 0.528556
vn -0.682718 0.469007 0.560293
vn -0.624512 0.469008 0.624513
vn -0.589137 0.553022 0.589138
vn -0.624512 0.469008 0.624513
vn -0.560292 0.469007 0.682719
vn -0.528555 0.553021 0.644047
vn -0.653895 0.380581 0.653896
vn -0.586654 0.380580 0.714840
vn -0.560292 0.469007 0.682719
vn -0.624512 0.469008 0.624513
vn -0.513762 0.380581 0.768900
vn -0.490676 0.469008 0.734349
vn -0.560292 0.469007 0.682719
vn -0.586654 0.380580 0.714840
vn -0.462882 0.553022 0.692753
vn -0.528555 0.553021 0.644047
vn -0.560292 0.469007 0.682719
vn -0.490676 0.469008 0.734349
vn -0.462882 0.553022 0.692753
vn -0.490676 0.469008 0.734349
vn -0.416334 0.469007 0.778908
vn -0.392752 0.553021 0.734788
vn -0.513762 0.380581 0.768900
vn -0.435923 0.380580 0.815555
vn -0.416334 0.469007 0.778908
vn -0.490676 0.469008 0.734349
vn -0.353885 0.380581 0.854356
vn -0.337983 0.469008 0.815965
vn -0.416334 0.469007 0.778908
vn -0.435923 0.380580 0.815555
vn -0.318838 0.553022 0.769746
vn -0.392752 0.553021 0.734788
vn -0.416334 0.469007 0.778908
vn -0.337983 0.469008 0.815965
vn -0.318838 0.553022 0.769746
vn -0.337983 0.469008 0.815965
vn -0.256377 0.469007 0.845164
vn -0.241855 0.553021 0.797291
vn -0.353885 0.380581 0.854356
vn -0.268440 0.380579 0.884929
vn -0.256377 0.469007 0.845164
vn -0.337983 0.469008 0.815965
vn -0.180409 0.380580 0.906979
vn -0.172302 0.469008 0.866224
vn -0.256377 0.469007 0.845164
vn -0.268440 0.380579 0.884929
vn -0.162542 0.553022 0.817158
vn -0.241855 0.553021 0.797291
vn -0.256377 0.469007 0.845164
vn -0.172302 0.469008 0.866224
vn -0.162542 0.553022 0.817158
vn -0.172302 0.469008 0.866224
vn -0.086567 0.469007 0.878942
vn -0.081664 0.553021 0.829155
vn -0.180409 0.380580 0.906979
vn -0.090640 0.380579 0.920296
vn -0.086567 0.469007 0.878942
vn -0.172302 0.469008 0.866224
vn 0.000001 0.380580 0.924748
vn 0.000001 0.469008 0.883194
vn -0.086567 0.469007 0.878942
vn -0.090640 0.380579 0.920296
vn 0.000001 0.553022 0.833167
vn -0.081664 0.553021 0.829155
vn -0.086567 0.469007 0.878942
vn 0.000001 0.469008 0.883194
vn 0.000001 0.553022 0.833167
vn 0.000001 0.469008 0.883194
vn 0.086569 0.469007 0.878942
vn 0.081666 0.553021 0.829155
vn 0.000001 0.380580 0.924748
vn 0.090642 0.380579 0.920295
vn 0.086569 0.469007 0.878942
vn 0.000001 0.469008 0.883194
vn 0.180411 0.380580 0.906979
vn 0.172304 0.469008 0.866223
vn 0.086569 0.469007 0.878942
vn 0.090642 0.380579 0.920295
vn 0.162544 0.553022 0.817157
vn 0.081666 0.553021 0.829155
vn 0.086569 0.469007 0.878942
vn 0.172304 0.469008 0.866223
vn 0.162544 0.553022 0.817157
vn 0.172304 0.469008 0.866223
vn 0.256379 0.469007 0.845164
vn 0.241857 0.553021 0.797291
vn 0.180411 0.380580 0.906979
vn 0.268441 0.380579 0.884929
vn 0.256379 0.469007 0.845164
vn 0.172304 0.469008 0.866223
vn 0.353886 0.380581 0.854355
vn 0.337985 0.469008 0.815964
vn 0.256379 0.469007 0.845164
vn 0.268441 0.380579 0.884929
vn 0.318840 0.553022 0.769745
vn 0.241857 0.553021 0.797291
vn 0.256379 0.469007 0.845164
vn 0.337985 0.469008 0.815964
vn 0.318840 0.553022 0.769745
vn 0.337985 0.469008 0.815964
vn 0.416336 0.469007 0.778907
vn 0.392753 0.553021 0.734787
vn 0.353886 0.380581 0.854355
vn 0.435924 0.380580 0.815555
vn 0.416336 0.469007 0.778907
vn 0.337985 0.469008 0.815964
vn 0.513763 0.380581 0.768899
vn 0.490677 0.469008 0.734348
vn 0.416336 0.469007 0.778907
vn 0.435924 0.380580 0.815555
vn 0.462883 0.553022 0.692752
vn 0.392753 0.553021 0.734787
vn 0.416336 0.469007 0.778907
vn 0.490677 0.469008 0.734348
vn 0.462883 0.553022 0.692752
vn 0.490677 0.469008 0.734348
vn 0.560293 0.469007 0.682718
vn 0.528557 0.553021 0.644046
vn 0.513763 0.380581 0.768899
vn 0.586655 0.380579 0.714839
vn 0.560293 0.469007 0.682718
vn 0.490677 0.469008 0.734348
vn 0.653896 0.380580 0.653895
vn 0.624513 0.469008 0.624512
vn 0.560293 0.469007 0.682718
vn 0.586655 0.380579 0.714839
vn 0.589138 0.553022 0.589137
vn 0.528557 0.553021 0.644046
vn 0.560293 0.469007 0.682718
vn 0.624513 0.469008 0.624512
vn 0.589138 0.553022 0.589137
vn 0.624513 0.469008 0.624512
vn 0.682719 0.469007 0.560292
vn 0.644048 0.553021 0.528555
vn 0.653896 0.380580 0.653895
vn 0.714841 0.380579 0.586653
vn 0.682719 0.469007 0.560292
vn 0.624513 0.469008 0.624512
vn 0.768901 0.380580 0.513761
vn 0.734349 0.469008 0.490675
vn 0.682719 0.469007 0.560292
vn 0.714841 0.380579 0.586653
vn 0.692753 0.553022 0.462882
vn 0.644048 0.553021 0.528555
vn 0.682719 0.469007 0.560292
vn 0.734349 0.469008 0.490675
vn 0.692753 0.553022 0.462882
vn 0.734349 0.469008 0.490675
vn 0.778909 0.469007 0.416334
vn 0.734789 0.553021 0.392751
vn 0.768901 0.380580 0.513761
vn 0.815556 0.380579 0.435922
vn 0.778909 0.469007 0.416334
vn 0.734349 0.469008 0.490675
vn 0.854356 0.380580 0.353884
vn 0.815965 0.469008 0.337982
vn 0.778909 0.469007 0.416334
vn 0.815556 0.380579 0.435922
vn 0.769746 0.553022 0.318838
vn 0.734789 0.553021 0.392751
vn 0.778909 0.469007 0.416334
vn 0.815965 0.469008 0.337982
vn 0.769746 0.553022 0.318838
vn 0.815965 0.469008 0.337982
vn 0.845165 0.469007 0.256377
vn 0.797292 0.553021 0.241854
vn 0.854356 0.380580 0.353884
vn 0.884929 0.380579 0.268439
vn 0.845165 0.469007 0.256377
vn 0.815965 0.469008 0.337982
vn 0.906979 0.380581 0.180408
vn 0.866224 0.469008 0.172301
vn 0.845165 0.469007 0.256377
vn 0.884929 0.380579 0.268439
vn 0.817158 0.553022 0.162541
vn 0.797292 0.553021 0.241854
vn 0.845165 0.469007 0.256377
vn 0.866224 0.469008 0.172301
vn 0.817158 0.553022 0.162541
vn 0.866224 0.469008 0.172301
vn 0.878942 0.469007 0.086567
vn 0.829156 0.553021 0.081664
vn 0.906979 0.380581 0.180408
vn 0.920296 0.380579 0.090640
vn 0.878942 0.469007 0.086567
vn 0.866224 0.469008 0.172301
vn 0.924748 0.380580 -0.000001
vn 0.883194 0.469008 -0.000001
vn 0.878942 0.469007 0.086567
vn 0.920296 0.380579 0.090640
vn 0.833167 0.553022 -0.000001
vn 0.829156 0.553021 0.081664
vn 0.878942 0.469007 0.086567
vn 0.883194 0.469008 -0.000001
vn 0.833167 0.553022 -0.000001
vn 0.883194 0.469008 -0.000001
vn 0.878942 0.469007 -0.086570
vn 0.829155 0.553021 -0.081666
vn 0.924748 0.380580 -0.000001
vn 0.920295 0.380579 -0.090643
vn 0.878942 0.469007 -0.086570
vn 0.883194 0.469008 -0.000001
vn 0.906979 0.380580 -0.180411
vn 0.866223 0.469008 -0.172304
vn 0.878942 0.469007 -0.086570
vn 0.920295 0.380579 -0.090643
vn 0.817157 0.553022 -0.162544
vn 0.829155 0.553021 -0.081666
vn 0.878942 0.469007 -0.086570
vn 0.866223 0.469008 -0.172304
vn 0.817157 0.553022 -0.162544
vn 0.866223 0.469008 -0.172304
vn 0.845164 0.469007 -0.256379
vn 0.797291 0.553021 -0.241857
vn 0.906979 0.380580 -0.180411
vn 0.884929 0.380579 -0.268442
vn 0.845164 0.469007 -0.256379
vn 0.866223 0.469008 -0.172304
vn 0.854355 0.380580 -0.353887
vn 0.815964 0.469008 -0.337985
vn 0.845164 0.469007 -0.256379
vn 0.884929 0.380579 -0.268442
vn 0.769745 0.553022 -0.318840
vn 0.797291 0.553021 -0.241857
vn 0.845164 0.469007 -0.256379
vn 0.815964 0.469008 -0.337985
vn 0.769745 0.553022 -0.318840
vn 0.815964 0.469008 -0.337985
vn 0.778907 0.469007 -0.416337
vn 0.734787 0.553021 -0.392754
vn 0.854355 0.380580 -0.353887
vn 0.815554 0.380579 -0.435925
vn 0.778907 0.469007 -0.416337
vn 0.815964 0.469008 -0.337985
vn 0.768899 0.380580 -0.513764
vn 0.734348 0.469008 -0.490678
vn 0.778907 0.469007 -0.416337
vn 0.815554 0.380579 -0.435925
vn 0.692752 0.553022 -0.462884
vn 0.734787 0.553021 -0.392754
vn 0.778907 0.469007 -0.416337
vn 0.734348 0.469008 -0.490678
vn 0.692752 0.553022 -0.462884
vn 0.734348 0.469008 -0.490678
vn 0.682717 0.469007 -0.560294
vn 0.644046 0.553021 -0.528557
vn 0.768899 0.380580 -0.513764
vn 0.714839 0.380579 -0.586656
vn 0.682717 0.469007 -0.560294
vn 0.734348 0.469008 -0.490678
vn 0.653894 0.380580 -0.653897
vn 0.624511 0.469008 -0.624513
vn 0.682717 0.469007 -0.560294
vn 0.714839 0.380579 -0.586656
vn 0.589137 0.553022 -0.589139
vn 0.644046 0.553021 -0.528557
vn 0.682717 0.469007 -0.560294
vn 0.624511 0.469008 -0.624513
vn 0.589137 0.553022 -0.589139
vn 0.624511 0.469008 -0.624513
vn 0.560292 0.469007 -0.682720
vn 0.528555 0.553021 -0.644048
vn 0.653894 0.380580 -0.653897
vn 0.586653 0.380579 -0.714841
vn 0.560292 0.469007 -0.682720
vn 0.624511 0.469008 -0.624513
vn 0.513761 0.380580 -0.768901
vn 0.490675 0.469008 -0.734350
vn 0.560292 0.469007 -0.682720
vn 0.586653 0.380579 -0.714841
vn 0.462881 0.553022 -0.692754
vn 0.528555 0.553021 -0.644048
vn 0.560292 0.469007 -0.682720
vn 0.490675 0.469008 -0.734350
vn 0.462881 0.553022 -0.692754
vn 0.490675 0.469008 -0.734350
vn 0.416333 0.469007 -0.778909
vn 0.392751 0.553021 -0.734789
vn 0.513761 0.380580 -0.768901
vn 0.435922 0.380579 -0.815556
vn 0.416333 0.469007 -0.778909
vn 0.490675 0.469008 -0.734350
vn 0.353884 0.380580 -0.854356
vn 0.337982 0.469008 -0.815966
vn 0.416333 0.469007 -0.778909
vn 0.435922 0.380579 -0.815556
vn 0.318837 0.553022 -0.769746
vn 0.392751 0.553021 -0.734789
vn 0.416333 0.469007 -0.778909
vn 0.337982 0.469008 -0.815966
vn 0.318837 0.553022 -0.769746
vn 0.337982 0.469008 -0.815966
vn 0.256376 0.469007 -0.845165
vn 0.241854 0.553021 -0.797292
vn 0.353884 0.380580 -0.854356
vn 0.268438 0.380579 -0.884930
vn 0.256376 0.469007 -0.845165
vn 0.337982 0.469008 -0.815966
vn 0.180408 0.380580 -0.906979
vn 0.172302 0.469008 -0.866224
vn 0.256376 0.469007 -0.845165
vn 0.268438 0.380579 -0.884930
vn 0.162542 0.553022 -0.817158
vn 0.241854 0.553021 -0.797292
vn 0.256376 0.469007 -0.845165
vn 0.172302 0.469008 -0.866224
vn 0.162542 0.553022 -0.817158
vn 0.172302 0.469008 -0.866224
vn 0.086567 0.469007 -0.878942
vn 0.081664 0.553021 -0.829155
vn 0.180408 0.380580 -0.906979
vn 0.090640 0.380579 -0.920296
vn 0.086567 0.469007 -0.878942
vn 0.172302 0.469008 -0.866224
vn -0.000001 0.380580 -0.924748
vn -0.000001 0.469008 -0.883194
vn 0.086567 0.469007 -0.878942
vn 0.090640 0.380579 -0.920296
vn -0.000001 0.553022 -0.833167
vn 0.081664 0.553021 -0.829155
vn 0.086567 0.469007 -0.878942
vn -0.000001 0.469008 -0.883194
vn -0.000001 0.380580 -0.924748
vn -0.000001 0.288592 -0.957452
vn -0.093847 0.288591 -0.952842
vn -0.090641 0.380579 -0.920296
vn -0.000001 0.193902 -0.981021
vn -0.096157 0.193901 -0.976297
vn -0.093847 0.288591 -0.952842
vn -0.000001 0.288592 -0.957452
vn -0.191387 0.193902 -0.962171
vn -0.186789 0.288592 -0.939055
vn -0.093847 0.288591 -0.952842
vn -0.096157 0.193901 -0.976297
vn -0.180409 0.380580 -0.906979
vn -0.090641 0.380579 -0.920296
vn -0.093847 0.288591 -0.952842
vn -0.186789 0.288592 -0.939055
vn -0.180409 0.380580 -0.906979
vn -0.186789 0.288592 -0.939055
vn -0.277933 0.288591 -0.916225
vn -0.268440 0.380579 -0.884929
vn -0.191387 0.193902 -0.962171
vn -0.284775 0.193901 -0.938779
vn -0.277933 0.288591 -0.916225
vn -0.186789 0.288592 -0.939055
vn -0.375421 0.193901 -0.906345
vn -0.366401 0.288592 -0.884571
vn -0.277933 0.288591 -0.916225
vn -0.284775 0.193901 -0.938779
vn -0.353886 0.380580 -0.854356
vn -0.268440 0.380579 -0.884929
vn -0.277933 0.288591 -0.916225
vn -0.366401 0.288592 -0.884571
vn -0.353886 0.380580 -0.854356
vn -0.366401 0.288592 -0.884571
vn -0.451340 0.288591 -0.844398
vn -0.435923 0.380579 -0.815555
vn -0.375421 0.193901 -0.906345
vn -0.462450 0.193901 -0.865184
vn -0.451340 0.288591 -0.844398
vn -0.366401 0.288592 -0.884571
vn -0.545026 0.193902 -0.815689
vn -0.531932 0.288592 -0.796092
vn -0.451340 0.288591 -0.844398
vn -0.462450 0.193901 -0.865184
vn -0.513763 0.380580 -0.768900
vn -0.435923 0.380579 -0.815555
vn -0.451340 0.288591 -0.844398
vn -0.531932 0.288592 -0.796092
vn -0.513763 0.380580 -0.768900
vn -0.531932 0.288592 -0.796092
vn -0.607402 0.288591 -0.740121
vn -0.586654 0.380579 -0.714840
vn -0.545026 0.193902 -0.815689
vn -0.622353 0.193901 -0.758339
vn -0.607402 0.288591 -0.740121
vn -0.531932 0.288592 -0.796092
vn -0.693686 0.193902 -0.693686
vn -0.677021 0.288592 -0.677021
vn -0.607402 0.288591 -0.740121
vn -0.622353 0.193901 -0.758339
vn -0.653895 0.380580 -0.653895
vn -0.586654 0.380579 -0.714840
vn -0.607402 0.288591 -0.740121
vn -0.677021 0.288592 -0.677021
vn -0.653895 0.380580 -0.653895
vn -0.677021 0.288592 -0.677021
vn -0.740121 0.288591 -0.607402
vn -0.714840 0.380579 -0.586654
vn -0.693686 0.193902 -0.693686
vn -0.758339 0.193901 -0.622353
vn -0.740121 0.288591 -0.607402
vn -0.677021 0.288592 -0.677021
vn -0.815689 0.193902 -0.545026
vn -0.796093 0.288591 -0.531932
vn -0.740121 0.288591 -0.607402
vn -0.758339 0.193901 -0.622353
vn -0.768900 0.380580 -0.513763
vn -0.714840 0.380579 -0.586654
vn -0.740121 0.288591 -0.607402
vn -0.796093 0.288591 -0.531932
vn -0.768900 0.380580 -0.513763
vn -0.796093 0.288591 -0.531932
vn -0.844398 0.288590 -0.451340
vn -0.815555 0.380579 -0.435923
vn -0.815689 0.193902 -0.545026
vn -0.865183 0.193901 -0.462450
vn -0.844398 0.288590 -0.451340
vn -0.796093 0.288591 -0.531932
vn -0.906345 0.193902 -0.375420
vn -0.884571 0.288591 -0.366401
vn -0.844398 0.288590 -0.451340
vn -0.865183 0.193901 -0.462450
vn -0.854356 0.380580 -0.353885
vn -0.815555 0.380579 -0.435923
vn -0.844398 0.288590 -0.451340
vn -0.884571 0.288591 -0.366401
vn -0.854356 0.380580 -0.353885
vn -0.884571 0.288591 -0.366401
vn -0.916225 0.288591 -0.277934
vn -0.884929 0.380579 -0.268440
vn -0.906345 0.193902 -0.375420
vn -0.938779 0.193901 -0.284775
vn -0.916225 0.288591 -0.277934
vn -0.884571 0.288591 -0.366401
vn -0.962171 0.193902 -0.191387
vn -0.939055 0.288592 -0.186789
vn -0.916225 0.288591 -0.277934
vn -0.938779 0.193901 -0.284775
vn -0.906979 0.380580 -0.180409
vn -0.884929 0.380579 -0.268440
vn -0.916225 0.288591 -0.277934
vn -0.939055 0.288592 -0.186789
vn -0.906979 0.380580 -0.180409
vn -0.939055 0.288592 -0.186789
vn -0.952842 0.288591 -0.093846
vn -0.920295 0.380579 -0.090641
vn -0.962171 0.193902 -0.191387
vn -0.976297 0.193901 -0.096157
vn -0.952842 0.288591 -0.093846
vn -0.939055 0.288592 -0.186789
vn -0.981021 0.193902 0.000000
vn -0.957452 0.288592 0.000000
vn -0.952842 0.288591 -0.093846
vn -0.976297 0.193901 -0.096157
vn -0.924748 0.380580 0.000000
vn -0.920295 0.380579 -0.090641
vn -0.952842 0.288591 -0.093846
vn -0.957452 0.288592 0.000000
vn -0.924748 0.380580 0.000000
vn -0.957452 0.288592 0.000000
vn -0.952842 0.288591 0.093847
vn -0.920296 0.380579 0.090641
vn -0.981021 0.193902 0.000000
vn -0.976297 0.193901 0.096157
vn -0.952842 0.288591 0.093847
vn -0.957452 0.288592 0.000000
vn -0.962171 0.193902 0.191388
vn -0.939055 0.288592 0.186790
vn -0.952842 0.288591 0.093847
vn -0.976297 0.193901 0.096157
vn -0.906979 0.380580 0.180410
vn -0.920296 0.380579 0.090641
vn -0.952842 0.288591 0.093847
vn -0.939055 0.288592 0.186790
vn -0.906979 0.380580 0.180410
vn -0.939055 0.288592 0.186790
vn -0.916225 0.288591 0.277934
vn -0.884929 0.380579 0.268441
vn -0.962171 0.193902 0.191388
vn -0.938778 0.193901 0.284776
vn -0.916225 0.288591 0.277934
vn -0.939055 0.288592 0.186790
vn -0.906345 0.193902 0.375421
vn -0.884570 0.288592 0.366401
vn -0.916225 0.288591 0.277934
vn -0.938778 0.193901 0.284776
vn -0.854356 0.380580 0.353886
vn -0.884929 0.380579 0.268441
vn -0.916225 0.288591 0.277934
vn -0.884570 0.288592 0.366401
vn -0.854356 0.380580 0.353886
vn -0.884570 0.288592 0.366401
vn -0.844398 0.288591 0.451340
vn -0.815555 0.380579 0.435924
vn -0.906345 0.193902 0.375421
vn -0.865183 0.193901 0.462451
vn -0.844398 0.288591 0.451340
vn -0.884570 0.288592 0.366401
vn -0.815689 0.193902 0.545027
vn -0.796092 0.288592 0.531932
vn -0.844398 0.288591 0.451340
vn -0.865183 0.193901 0.462451
vn -0.768899 0.380581 0.513763
vn -0.815555 0.380579 0.435924
vn -0.844398 0.288591 0.451340
vn -0.796092 0.288592 0.531932
vn -0.768899 0.380581 0.513763
vn -0.796092 0.288592 0.531932
vn -0.740120 0.288591 0.607402
vn -0.714840 0.380579 0.586655
vn -0.815689 0.193902 0.545027
vn -0.758339 0.193901 0.622354
vn -0.740120 0.288591 0.607402
vn -0.796092 0.288592 0.531932
vn -0.693686 0.193902 0.693687
vn -0.677020 0.288592 0.677021
vn -0.740120 0.288591 0.607402
vn -0.758339 0.193901 0.622354
vn -0.653895 0.380581 0.653896
vn -0.714840 0.380579 0.586655
vn -0.740120 0.288591 0.607402
vn -0.677020 0.288592 0.677021
vn -0.653895 0.380581 0.653896
vn -0.677020 0.288592 0.677021
vn -0.607401 0.288591 0.740121
vn -0.586654 0.380580 0.714840
vn -0.693686 0.193902 0.693687
vn -0.622353 0.193901 0.758340
vn -0.607401 0.288591 0.740121
vn -0.677020 0.288592 0.677021
vn -0.545026 0.193901 0.815689
vn -0.531932 0.288592 0.796093
vn -0.607401 0.288591 0.740121
vn -0.622353 0.193901 0.758340
vn -0.513762 0.380581 0.768900
vn -0.586654 0.380580 0.714840
vn -0.607401 0.288591 0.740121
vn -0.531932 0.288592 0.796093
vn -0.513762 0.380581 0.768900
vn -0.531932 0.288592 0.796093
vn -0.451339 0.288591 0.844398
vn -0.435923 0.380580 0.815555
vn -0.545026 0.193901 0.815689
vn -0.462450 0.193901 0.865184
vn -0.451339 0.288591 0.844398
vn -0.531932 0.288592 0.796093
vn -0.375420 0.193902 0.906345
vn -0.366400 0.288592 0.884571
vn -0.451339 0.288591 0.844398
vn -0.462450 0.193901 0.865184
vn -0.353885 0.380581 0.854356
vn -0.435923 0.380580 0.815555
vn -0.451339 0.288591 0.844398
vn -0.366400 0.288592 0.884571
vn -0.353885 0.380581 0.854356
vn -0.366400 0.288592 0.884571
vn -0.277933 0.288591 0.916225
vn -0.268440 0.380579 0.884929
vn -0.375420 0.193902 0.906345
vn -0.284774 0.193901 0.938779
vn -0.277933 0.288591 0.916225
vn -0.366400 0.288592 0.884571
vn -0.191387 0.193902 0.962171
vn -0.186789 0.288592 0.939055
vn -0.277933 0.288591 0.916225
vn -0.284774 0.193901 0.938779
vn -0.180409 0.380580 0.906979
vn -0.268440 0.380579 0.884929
vn -0.277933 0.288591 0.916225
vn -0.186789 0.288592 0.939055
vn -0.180409 0.380580 0.906979
vn -0.186789 0.288592 0.939055
vn -0.093846 0.288591 0.952842
vn -0.090640 0.380579 0.920296
vn -0.191387 0.193902 0.962171
vn -0.096156 0.193901 0.976297
vn -0.093846 0.288591 0.952842
vn -0.186789 0.288592 0.939055
vn 0.000001 0.193902 0.981021
vn 0.000001 0.288592 0.957452
vn -0.093846 0.288591 0.952842
vn -0.096156 0.193901 0.976297
vn 0.000001 0.380580 0.924748
vn -0.090640 0.380579 0.920296
vn -0.093846 0.288591 0.952842
vn 0.000001 0.288592 0.957452
vn 0.000001 0.380580 0.924748
vn 0.000001 0.288592 0.957452
vn 0.093848 0.288591 0.952842
vn 0.090642 0.380579 0.920295
vn 0.000001 0.193902 0.981021
vn 0.096158 0.193901 0.976297
vn 0.093848 0.288591 0.952842
vn 0.000001 0.288592 0.957452
vn 0.191389 0.193902 0.962171
vn 0.186791 0.288592 0.939055
vn 0.093848 0.288591 0.952842
vn 0.096158 0.193901 0.976297
vn 0.180411 0.380580 0.906979
vn 0.090642 0.380579 0.920295
vn 0.093848 0.288591 0.952842
vn 0.186791 0.288592 0.939055
vn 0.180411 0.380580 0.906979
vn 0.186791 0.288592 0.939055
vn 0.277935 0.288591 0.916225
vn 0.268441 0.380579 0.884929
vn 0.191389 0.193902 0.962171
vn 0.284777 0.193901 0.938778
vn 0.277935 0.288591 0.916225
vn 0.186791 0.288592 0.939055
vn 0.375422 0.193902 0.906345
vn 0.366402 0.288592 0.884570
vn 0.277935 0.288591 0.916225
vn 0.284777 0.193901 0.938778
vn 0.353886 0.380581 0.854355
vn 0.268441 0.380579 0.884929
vn 0.277935 0.288591 0.916225
vn 0.366402 0.288592 0.884570
vn 0.353886 0.380581 0.854355
vn 0.366402 0.288592 0.884570
vn 0.451341 0.288591 0.844397
vn 0.435924 0.380580 0.815555
vn 0.375422 0.193902 0.906345
vn 0.462451 0.193901 0.865183
vn 0.451341 0.288591 0.844397
vn 0.366402 0.288592 0.884570
vn 0.545027 0.193902 0.815688
vn 0.531933 0.288592 0.796092
vn 0.451341 0.288591 0.844397
vn 0.462451 0.193901 0.865183
vn 0.513763 0.380581 0.768899
vn 0.435924 0.380580 0.815555
vn 0.451341 0.288591 0.844397
vn 0.531933 0.288592 0.796092
vn 0.513763 0.380581 0.768899
vn 0.531933 0.288592 0.796092
vn 0.607403 0.288591 0.740120
vn 0.586655 0.380579 0.714839
vn 0.545027 0.193902 0.815688
vn 0.622354 0.193901 0.758339
vn 0.607403 0.288591 0.740120
vn 0.531933 0.288592 0.796092
vn 0.693687 0.193902 0.693686
vn 0.677022 0.288592 0.677020
vn 0.607403 0.288591 0.740120
vn 0.622354 0.193901 0.758339
vn 0.653896 0.380580 0.653895
vn 0.586655 0.380579 0.714839
vn 0.607403 0.288591 0.740120
vn 0.677022 0.288592 0.677020
vn 0.653896 0.380580 0.653895
vn 0.677022 0.288592 0.677020
vn 0.740121 0.288591 0.607401
vn 0.714841 0.380579 0.586653
vn 0.693687 0.193902 0.693686
vn 0.758340 0.193901 0.622352
vn 0.740121 0.288591 0.607401
vn 0.677022 0.288592 0.677020
vn 0.815690 0.193902 0.545025
vn 0.796093 0.288592 0.531931
vn 0.740121 0.288591 0.607401
vn 0.758340 0.193901 0.622352
vn 0.768901 0.380580 0.513761
vn 0.714841 0.380579 0.586653
vn 0.740121 0.288591 0.607401
vn 0.796093 0.288592 0.531931
vn 0.768901 0.380580 0.513761
vn 0.796093 0.288592 0.531931
vn 0.844398 0.288591 0.451339
vn 0.815556 0.380579 0.435922
vn 0.815690 0.193902 0.545025
vn 0.865184 0.193901 0.462449
vn 0.844398 0.288591 0.451339
vn 0.796093 0.288592 0.531931
vn 0.906346 0.193902 0.375419
vn 0.884571 0.288592 0.366400
vn 0.844398 0.288591 0.451339
vn 0.865184 0.193901 0.462449
vn 0.854356 0.380580 0.353884
vn 0.815556 0.380579 0.435922
vn 0.844398 0.288591 0.451339
vn 0.884571 0.288592 0.366400
vn 0.854356 0.380580 0.353884
vn 0.884571 0.288592 0.366400
vn 0.916225 0.288591 0.277933
vn 0.884929 0.380579 0.268439
vn 0.906346 0.193902 0.375419
vn 0.938779 0.193901 0.284774
vn 0.916225 0.288591 0.277933
vn 0.884571 0.288592 0.366400
vn 0.962171 0.193902 0.191386
vn 0.939055 0.288592 0.186788
vn 0.916225 0.288591 0.277933
vn 0.938779 0.193901 0.284774
vn 0.906979 0.380581 0.180408
vn 0.884929 0.380579 0.268439
vn 0.916225 0.288591 0.277933
vn 0.939055 0.288592 0.186788
vn 0.906979 0.380581 0.180408
vn 0.939055 0.288592 0.186788
vn 0.952842 0.288591 0.093845
vn 0.920296 0.380579 0.090640
vn 0.962171 0.193902 0.191386
vn 0.976297 0.193901 0.096156
vn 0.952842 0.288591 0.093845
vn 0.939055 0.288592 0.186788
vn 0.981021 0.193902 -0.000002
vn 0.957452 0.288592 -0.000002
vn 0.952842 0.288591 0.093845
vn 0.976297 0.193901 0.096156
vn 0.924748 0.380580 -0.000001
vn 0.920296 0.380579 0.090640
vn 0.952842 0.288591 0.093845
vn 0.957452 0.288592 -0.000002
vn 0.924748 0.380580 -0.000001
vn 0.957452 0.288592 -0.000002
vn 0.952842 0.288591 -0.093849
vn 0.920295 0.380579 -0.090643
vn 0.981021 0.193902 -0.000002
vn 0.976297 0.193901 -0.096159
vn 0.952842 0.288591 -0.093849
vn 0.957452 0.288592 -0.000002
vn 0.962171 0.193902 -0.191389
vn 0.939055 0.288592 -0.186791
vn 0.952842 0.288591 -0.093849
vn 0.976297 0.193901 -0.096159
vn 0.906979 0.380580 -0.180411
vn 0.920295 0.380579 -0.090643
vn 0.952842 0.288591 -0.093849
vn 0.939055 0.288592 -0.186791
vn 0.906979 0.380580 -0.180411
vn 0.939055 0.288592 -0.186791
vn 0.916225 0.288591 -0.277935
vn 0.884929 0.380579 -0.268442
vn 0.962171 0.193902 -0.191389
vn 0.938778 0.193901 -0.284777
vn 0.916225 0.288591 -0.277935
vn 0.939055 0.288592 -0.186791
vn 0.906345 0.193902 -0.375422
vn 0.884570 0.288592 -0.366403
vn 0.916225 0.288591 -0.277935
vn 0.938778 0.193901 -0.284777
vn 0.854355 0.380580 -0.353887
vn 0.884929 0.380579 -0.268442
vn 0.916225 0.288591 -0.277935
vn 0.884570 0.288592 -0.366403
vn 0.854355 0.380580 -0.353887
vn 0.884570 0.288592 -0.366403
vn 0.844397 0.288591 -0.451342
vn 0.815554 0.380579 -0.435925
vn 0.906345 0.193902 -0.375422
vn 0.865183 0.193901 -0.462452
vn 0.844397 0.288591 -0.451342
vn 0.884570 0.288592 -0.366403
vn 0.815688 0.193902 -0.545028
vn 0.796091 0.288592 -0.531934
vn 0.844397 0.288591 -0.451342
vn 0.865183 0.193901 -0.462452
vn 0.768899 0.380580 -0.513764
vn 0.815554 0.380579 -0.435925
vn 0.844397 0.288591 -0.451342
vn 0.796091 0.288592 -0.531934
vn 0.768899 0.380580 -0.513764
vn 0.796091 0.288592 -0.531934
vn 0.740120 0.288591 -0.607403
vn 0.714839 0.380579 -0.586656
vn 0.815688 0.193902 -0.545028
vn 0.758338 0.193901 -0.622355
vn 0.740120 0.288591 -0.607403
vn 0.796091 0.288592 -0.531934
vn 0.693685 0.193902 -0.693688
vn 0.677020 0.288592 -0.677022
vn 0.740120 0.288591 -0.607403
vn 0.758338 0.193901 -0.622355
vn 0.653894 0.380580 -0.653897
vn 0.714839 0.380579 -0.586656
vn 0.740120 0.288591 -0.607403
vn 0.677020 0.288592 -0.677022
vn 0.653894 0.380580 -0.653897
vn 0.677020 0.288592 -0.677022
vn 0.607400 0.288590 -0.740122
vn 0.586653 0.380579 -0.714841
vn 0.693685 0.193902 -0.693688
vn 0.622352 0.193901 -0.758341
vn 0.607400 0.288590 -0.740122
vn 0.677020 0.288592 -0.677022
vn 0.545025 0.193902 -0.815690
vn 0.531931 0.288591 -0.796094
vn 0.607400 0.288590 -0.740122
vn 0.622352 0.193901 -0.758341
vn 0.513761 0.380580 -0.768901
vn 0.586653 0.380579 -0.714841
vn 0.607400 0.288590 -0.740122
vn 0.531931 0.288591 -0.796094
vn 0.513761 0.380580 -0.768901
vn 0.531931 0.288591 -0.796094
vn 0.451339 0.288591 -0.844398
vn 0.435922 0.380579 -0.815556
vn 0.545025 0.193902 -0.815690
vn 0.462449 0.193901 -0.865184
vn 0.451339 0.288591 -0.844398
vn 0.531931 0.288591 -0.796094
vn 0.375419 0.193901 -0.906346
vn 0.366399 0.288592 -0.884571
vn 0.451339 0.288591 -0.844398
vn 0.462449 0.193901 -0.865184
vn 0.353884 0.380580 -0.854356
vn 0.435922 0.380579 -0.815556
vn 0.451339 0.288591 -0.844398
vn 0.366399 0.288592 -0.884571
vn 0.353884 0.380580 -0.854356
vn 0.366399 0.288592 -0.884571
vn 0.277932 0.288591 -0.916225
vn 0.268438 0.380579 -0.884930
vn 0.375419 0.193901 -0.906346
vn 0.284773 0.193901 -0.938779
vn 0.277932 0.288591 -0.916225
vn 0.366399 0.288592 -0.884571
vn 0.191386 0.193902 -0.962171
vn 0.186788 0.288592 -0.939055
vn 0.277932 0.288591 -0.916225
vn 0.284773 0.193901 -0.938779
vn 0.180408 0.380580 -0.906979
vn 0.268438 0.380579 -0.884930
vn 0.277932 0.288591 -0.916225
vn 0.186788 0.288592 -0.939055
vn 0.180408 0.380580 -0.906979
vn 0.186788 0.288592 -0.939055
vn 0.093846 0.288591 -0.952842
vn 0.090640 0.380579 -0.920296
vn 0.191386 0.193902 -0.962171
vn 0.096156 0.193901 -0.976297
vn 0.093846 0.288591 -0.952842
vn 0.186788 0.288592 -0.939055
vn -0.000001 0.193902 -0.981021
vn -0.000001 0.288592 -0.957452
vn 0.093846 0.288591 -0.952842
vn 0.096156 0.193901 -0.976297
vn -0.000001 0.380580 -0.924748
vn 0.090640 0.380579 -0.920296
vn 0.093846 0.288591 -0.952842
vn -0.000001 0.288592 -0.957452
vn -0.000001 0.193902 -0.981021
vn -0.000001 0.121682 -0.992569
vn -0.097289 0.121681 -0.987790
vn -0.096157 0.193901 -0.976297
vn -0.000001 0.097551 -0.995231
vn -0.097550 0.097550 -0.990438
vn -0.097289 0.121681 -0.987790
vn -0.000001 0.121682 -0.992569
vn -0.194160 0.097551 -0.976107
vn -0.193640 0.121682 -0.973497
vn -0.097289 0.121681 -0.987790
vn -0.097550 0.097550 -0.990438
vn -0.191387 0.193902 -0.962171
vn -0.096157 0.193901 -0.976297
vn -0.097289 0.121681 -0.987790
vn -0.193640 0.121682 -0.973497
vn -0.191387 0.193902 -0.962171
vn -0.193640 0.121682 -0.973497
vn -0.288128 0.121681 -0.949829
vn -0.284775 0.193901 -0.938779
vn -0.194160 0.097551 -0.976107
vn -0.288900 0.097550 -0.952376
vn -0.288128 0.121681 -0.949829
vn -0.193640 0.121682 -0.973497
vn -0.380858 0.097551 -0.919473
vn -0.379840 0.121682 -0.917014
vn -0.288128 0.121681 -0.949829
vn -0.288900 0.097550 -0.952376
vn -0.375421 0.193901 -0.906345
vn -0.284775 0.193901 -0.938779
vn -0.288128 0.121681 -0.949829
vn -0.379840 0.121682 -0.917014
vn -0.375421 0.193901 -0.906345
vn -0.379840 0.121682 -0.917014
vn -0.467894 0.121680 -0.875368
vn -0.462450 0.193901 -0.865184
vn -0.380858 0.097551 -0.919473
vn -0.469148 0.097550 -0.877715
vn -0.467894 0.121680 -0.875368
vn -0.379840 0.121682 -0.917014
vn -0.552920 0.097551 -0.827504
vn -0.551442 0.121681 -0.825291
vn -0.467894 0.121680 -0.875368
vn -0.469148 0.097550 -0.877715
vn -0.545026 0.193902 -0.815689
vn -0.462450 0.193901 -0.865184
vn -0.467894 0.121680 -0.875368
vn -0.551442 0.121681 -0.825291
vn -0.545026 0.193902 -0.815689
vn -0.551442 0.121681 -0.825291
vn -0.629679 0.121681 -0.767266
vn -0.622353 0.193901 -0.758339
vn -0.552920 0.097551 -0.827504
vn -0.631368 0.097550 -0.769324
vn -0.629679 0.121681 -0.767266
vn -0.551442 0.121681 -0.825291
vn -0.703734 0.097551 -0.703734
vn -0.701852 0.121682 -0.701852
vn -0.629679 0.121681 -0.767266
vn -0.631368 0.097550 -0.769324
vn -0.693686 0.193902 -0.693686
vn -0.622353 0.193901 -0.758339
vn -0.629679 0.121681 -0.767266
vn -0.701852 0.121682 -0.701852
vn -0.693686 0.193902 -0.693686
vn -0.701852 0.121682 -0.701852
vn -0.767266 0.121681 -0.629680
vn -0.758339 0.193901 -0.622353
vn -0.703734 0.097551 -0.703734
vn -0.769323 0.097550 -0.631368
vn -0.767266 0.121681 -0.629680
vn -0.701852 0.121682 -0.701852
vn -0.827504 0.097551 -0.552921
vn -0.825291 0.121682 -0.551442
vn -0.767266 0.121681 -0.629680
vn -0.769323 0.097550 -0.631368
vn -0.815689 0.193902 -0.545026
vn -0.758339 0.193901 -0.622353
vn -0.767266 0.121681 -0.629680
vn -0.825291 0.121682 -0.551442
vn -0.815689 0.193902 -0.545026
vn -0.825291 0.121682 -0.551442
vn -0.875368 0.121681 -0.467894
vn -0.865183 0.193901 -0.462450
vn -0.827504 0.097551 -0.552921
vn -0.877715 0.097550 -0.469148
vn -0.875368 0.121681 -0.467894
vn -0.825291 0.121682 -0.551442
vn -0.919473 0.097551 -0.380858
vn -0.917014 0.121682 -0.379840
vn -0.875368 0.121681 -0.467894
vn -0.877715 0.097550 -0.469148
vn -0.906345 0.193902 -0.375420
vn -0.865183 0.193901 -0.462450
vn -0.875368 0.121681 -0.467894
vn -0.917014 0.121682 -0.379840
vn -0.906345 0.193902 -0.375420
vn -0.917014 0.121682 -0.379840
vn -0.949830 0.121681 -0.288127
vn -0.938779 0.193901 -0.284775
vn -0.919473 0.097551 -0.380858
vn -0.952376 0.097550 -0.288900
vn -0.949830 0.121681 -0.288127
vn -0.917014 0.121682 -0.379840
vn -0.976107 0.097551 -0.194160
vn -0.973497 0.121682 -0.193640
vn -0.949830 0.121681 -0.288127
vn -0.952376 0.097550 -0.288900
vn -0.962171 0.193902 -0.191387
vn -0.938779 0.193901 -0.284775
vn -0.949830 0.121681 -0.288127
vn -0.973497 0.121682 -0.193640
vn -0.962171 0.193902 -0.191387
vn -0.973497 0.121682 -0.193640
vn -0.987790 0.121681 -0.097288
vn -0.976297 0.193901 -0.096157
vn -0.976107 0.097551 -0.194160
vn -0.990438 0.097549 -0.097549
vn -0.987790 0.121681 -0.097288
vn -0.973497 0.121682 -0.193640
vn -0.995231 0.097550 0.000000
vn -0.992569 0.121681 0.000000
vn -0.987790 0.121681 -0.097288
vn -0.990438 0.097549 -0.097549
vn -0.981021 0.193902 0.000000
vn -0.976297 0.193901 -0.096157
vn -0.987790 0.121681 -0.097288
vn -0.992569 0.121681 0.000000
vn -0.981021 0.193902 0.000000
vn -0.992569 0.121681 0.000000
vn -0.987790 0.121680 0.097289
vn -0.976297 0.193901 0.096157
vn -0.995231 0.097550 0.000000
vn -0.990438 0.097549 0.097550
vn -0.987790 0.121680 0.097289
vn -0.992569 0.121681 0.000000
vn -0.976107 0.097551 0.194160
vn -0.973497 0.121681 0.193641
vn -0.987790 0.121680 0.097289
vn -0.990438 0.097549 0.097550
vn -0.962171 0.193902 0.191388
vn -0.976297 0.193901 0.096157
vn -0.987790 0.121680 0.097289
vn -0.973497 0.121681 0.193641
vn -0.962171 0.193902 0.191388
vn -0.973497 0.121681 0.193641
vn -0.949829 0.121681 0.288128
vn -0.938778 0.193901 0.284776
vn -0.976107 0.097551 0.194160
vn -0.952376 0.097550 0.288900
vn -0.949829 0.121681 0.288128
vn -0.973497 0.121681 0.193641
vn -0.919473 0.097551 0.380858
vn -0.917014 0.121682 0.379840
vn -0.949829 0.121681 0.288128
vn -0.952376 0.097550 0.288900
vn -0.906345 0.193902 0.375421
vn -0.938778 0.193901 0.284776
vn -0.949829 0.121681 0.288128
vn -0.917014 0.121682 0.379840
vn -0.906345 0.193902 0.375421
vn -0.917014 0.121682 0.379840
vn -0.875368 0.121681 0.467894
vn -0.865183 0.193901 0.462451
vn -0.919473 0.097551 0.380858
vn -0.877715 0.097550 0.469149
vn -0.875368 0.121681 0.467894
vn -0.917014 0.121682 0.379840
vn -0.827504 0.097550 0.552921
vn -0.825291 0.121681 0.551442
vn -0.875368 0.121681 0.467894
vn -0.877715 0.097550 0.469149
vn -0.815689 0.193902 0.545027
vn -0.865183 0.193901 0.462451
vn -0.875368 0.121681 0.467894
vn -0.825291 0.121681 0.551442
vn -0.815689 0.193902 0.545027
vn -0.825291 0.121681 0.551442
vn -0.767266 0.121680 0.629680
vn -0.758339 0.193901 0.622354
vn -0.827504 0.097550 0.552921
vn -0.769323 0.097549 0.631368
vn -0.767266 0.121680 0.629680
vn -0.825291 0.121681 0.551442
vn -0.703734 0.097551 0.703735
vn -0.701852 0.121682 0.701853
vn -0.767266 0.121680 0.629680
vn -0.769323 0.097549 0.631368
vn -0.693686 0.193902 0.693687
vn -0.758339 0.193901 0.622354
vn -0.767266 0.121680 0.629680
vn -0.701852 0.121682 0.701853
vn -0.693686 0.193902 0.693687
vn -0.701852 0.121682 0.701853
vn -0.629679 0.121681 0.767267
vn -0.622353 0.193901 0.758340
vn -0.703734 0.097551 0.703735
vn -0.631367 0.097550 0.769324
vn -0.629679 0.121681 0.767267
vn -0.701852 0.121682 0.701853
vn -0.552920 0.097551 0.827504
vn -0.551441 0.121682 0.825291
vn -0.629679 0.121681 0.767267
vn -0.631367 0.097550 0.769324
vn -0.545026 0.193901 0.815689
vn -0.622353 0.193901 0.758340
vn -0.629679 0.121681 0.767267
vn -0.551441 0.121682 0.825291
vn -0.545026 0.193901 0.815689
vn -0.551441 0.121682 0.825291
vn -0.467894 0.121681 0.875368
vn -0.462450 0.193901 0.865184
vn -0.552920 0.097551 0.827504
vn -0.469148 0.097550 0.877715
vn -0.467894 0.121681 0.875368
vn -0.551441 0.121682 0.825291
vn -0.380858 0.097551 0.919473
vn -0.379839 0.121681 0.917015
vn -0.467894 0.121681 0.875368
vn -0.469148 0.097550 0.877715
vn -0.375420 0.193902 0.906345
vn -0.462450 0.193901 0.865184
vn -0.467894 0.121681 0.875368
vn -0.379839 0.121681 0.917015
vn -0.375420 0.193902 0.906345
vn -0.379839 0.121681 0.917015
vn -0.288127 0.121681 0.949830
vn -0.284774 0.193901 0.938779
vn -0.380858 0.097551 0.919473
vn -0.288899 0.097550 0.952377
vn -0.288127 0.121681 0.949830
vn -0.379839 0.121681 0.917015
vn -0.194159 0.097551 0.976108
vn -0.193640 0.121682 0.973497
vn -0.288127 0.121681 0.949830
vn -0.288899 0.097550 0.952377
vn -0.191387 0.193902 0.962171
vn -0.284774 0.193901 0.938779
vn -0.288127 0.121681 0.949830
vn -0.193640 0.121682 0.973497
vn -0.191387 0.193902 0.962171
vn -0.193640 0.121682 0.973497
vn -0.097288 0.121681 0.987790
vn -0.096156 0.193901 0.976297
vn -0.194159 0.097551 0.976108
vn -0.097549 0.097550 0.990438
vn -0.097288 0.121681 0.987790
vn -0.193640 0.121682 0.973497
vn 0.000001 0.097551 0.995231
vn 0.000001 0.121682 0.992569
vn -0.097288 0.121681 0.987790
vn -0.097549 0.097550 0.990438
vn 0.000001 0.193902 0.981021
vn -0.096156 0.193901 0.976297
vn -0.097288 0.121681 0.987790
vn 0.000001 0.121682 0.992569
vn 0.000001 0.193902 0.981021
vn 0.000001 0.121682 0.992569
vn 0.097290 0.121680 0.987790
vn 0.096158 0.193901 0.976297
vn 0.000001 0.097551 0.995231
vn 0.097550 0.097550 0.990438
vn 0.097290 0.121680 0.987790
vn 0.000001 0.121682 0.992569
vn 0.194161 0.097551 0.976107
vn 0.193641 0.121681 0.973497
vn 0.097290 0.121680 0.987790
vn 0.097550 0.097550 0.990438
vn 0.191389 0.193902 0.962171
vn 0.096158 0.193901 0.976297
vn 0.097290 0.121680 0.987790
vn 0.193641 0.121681 0.973497
vn 0.191389 0.193902 0.962171
vn 0.193641 0.121681 0.973497
vn 0.288129 0.121681 0.949829
vn 0.284777 0.193901 0.938778
vn 0.194161 0.097551 0.976107
vn 0.288901 0.097550 0.952376
vn 0.288129 0.121681 0.949829
vn 0.193641 0.121681 0.973497
vn 0.380860 0.097551 0.919473
vn 0.379841 0.121682 0.917014
vn 0.288129 0.121681 0.949829
vn 0.288901 0.097550 0.952376
vn 0.375422 0.193902 0.906345
vn 0.284777 0.193901 0.938778
vn 0.288129 0.121681 0.949829
vn 0.379841 0.121682 0.917014
vn 0.375422 0.193902 0.906345
vn 0.379841 0.121682 0.917014
vn 0.467895 0.121681 0.875367
vn 0.462451 0.193901 0.865183
vn 0.380860 0.097551 0.919473
vn 0.469149 0.097550 0.877715
vn 0.467895 0.121681 0.875367
vn 0.379841 0.121682 0.917014
vn 0.552921 0.097551 0.827503
vn 0.551443 0.121682 0.825290
vn 0.467895 0.121681 0.875367
vn 0.469149 0.097550 0.877715
vn 0.545027 0.193902 0.815688
vn 0.462451 0.193901 0.865183
vn 0.467895 0.121681 0.875367
vn 0.551443 0.121682 0.825290
vn 0.545027 0.193902 0.815688
vn 0.551443 0.121682 0.825290
vn 0.629680 0.121681 0.767266
vn 0.622354 0.193901 0.758339
vn 0.552921 0.097551 0.827503
vn 0.631369 0.097550 0.769323
vn 0.629680 0.121681 0.767266
vn 0.551443 0.121682 0.825290
vn 0.703735 0.097551 0.703733
vn 0.701853 0.121681 0.701851
vn 0.629680 0.121681 0.767266
vn 0.631369 0.097550 0.769323
vn 0.693687 0.193902 0.693686
vn 0.622354 0.193901 0.758339
vn 0.629680 0.121681 0.767266
vn 0.701853 0.121681 0.701851
vn 0.693687 0.193902 0.693686
vn 0.701853 0.121681 0.701851
vn 0.767267 0.121681 0.629678
vn 0.758340 0.193901 0.622352
vn 0.703735 0.097551 0.703733
vn 0.769324 0.097550 0.631367
vn 0.767267 0.121681 0.629678
vn 0.701853 0.121681 0.701851
vn 0.827505 0.097551 0.552919
vn 0.825292 0.121682 0.551441
vn 0.767267 0.121681 0.629678
vn 0.769324 0.097550 0.631367
vn 0.815690 0.193902 0.545025
vn 0.758340 0.193901 0.622352
vn 0.767267 0.121681 0.629678
vn 0.825292 0.121682 0.551441
vn 0.815690 0.193902 0.545025
vn 0.825292 0.121682 0.551441
vn 0.875369 0.121681 0.467893
vn 0.865184 0.193901 0.462449
vn 0.827505 0.097551 0.552919
vn 0.877716 0.097550 0.469147
vn 0.875369 0.121681 0.467893
vn 0.825292 0.121682 0.551441
vn 0.919474 0.097551 0.380857
vn 0.917015 0.121682 0.379838
vn 0.875369 0.121681 0.467893
vn 0.877716 0.097550 0.469147
vn 0.906346 0.193902 0.375419
vn 0.865184 0.193901 0.462449
vn 0.875369 0.121681 0.467893
vn 0.917015 0.121682 0.379838
vn 0.906346 0.193902 0.375419
vn 0.917015 0.121682 0.379838
vn 0.949830 0.121681 0.288126
vn 0.938779 0.193901 0.284774
vn 0.919474 0.097551 0.380857
vn 0.952377 0.097550 0.288898
vn 0.949830 0.121681 0.288126
vn 0.917015 0.121682 0.379838
vn 0.976108 0.097551 0.194158
vn 0.973498 0.121681 0.193639
vn 0.949830 0.121681 0.288126
vn 0.952377 0.097550 0.288898
vn 0.962171 0.193902 0.191386
vn 0.938779 0.193901 0.284774
vn 0.949830 0.121681 0.288126
vn 0.973498 0.121681 0.193639
vn 0.962171 0.193902 0.191386
vn 0.973498 0.121681 0.193639
vn 0.987790 0.121680 0.097287
vn 0.976297 0.193901 0.096156
vn 0.976108 0.097551 0.194158
vn 0.990439 0.097549 0.097548
vn 0.987790 0.121680 0.097287
vn 0.973498 0.121681 0.193639
vn 0.995231 0.097551 -0.000001
vn 0.992569 0.121681 -0.000001
vn 0.987790 0.121680 0.097287
vn 0.990439 0.097549 0.097548
vn 0.981021 0.193902 -0.000002
vn 0.976297 0.193901 0.096156
vn 0.987790 0.121680 0.097287
vn 0.992569 0.121681 -0.000001
vn 0.981021 0.193902 -0.000002
vn 0.992569 0.121681 -0.000001
vn 0.987790 0.121681 -0.097290
vn 0.976297 0.193901 -0.096159
vn 0.995231 0.097551 -0.000001
vn 0.990438 0.097550 -0.097551
vn 0.987790 0.121681 -0.097290
vn 0.992569 0.121681 -0.000001
vn 0.976107 0.097551 -0.194162
vn 0.973497 0.121682 -0.193642
vn 0.987790 0.121681 -0.097290
vn 0.990438 0.097550 -0.097551
vn 0.962171 0.193902 -0.191389
vn 0.976297 0.193901 -0.096159
vn 0.987790 0.121681 -0.097290
vn 0.973497 0.121682 -0.193642
vn 0.962171 0.193902 -0.191389
vn 0.973497 0.121682 -0.193642
vn 0.949829 0.121681 -0.288129
vn 0.938778 0.193901 -0.284777
vn 0.976107 0.097551 -0.194162
vn 0.952376 0.097550 -0.288902
vn 0.949829 0.121681 -0.288129
vn 0.973497 0.121682 -0.193642
vn 0.919472 0.097552 -0.380860
vn 0.917014 0.121682 -0.379841
vn 0.949829 0.121681 -0.288129
vn 0.952376 0.097550 -0.288902
vn 0.906345 0.193902 -0.375422
vn 0.938778 0.193901 -0.284777
vn 0.949829 0.121681 -0.288129
vn 0.917014 0.121682 -0.379841
vn 0.906345 0.193902 -0.375422
vn 0.917014 0.121682 -0.379841
vn 0.875367 0.121681 -0.467896
vn 0.865183 0.193901 -0.462452
vn 0.919472 0.097552 -0.380860
vn 0.877714 0.097550 -0.469150
vn 0.875367 0.121681 -0.467896
vn 0.917014 0.121682 -0.379841
vn 0.827503 0.097551 -0.552922
vn 0.825290 0.121682 -0.551443
vn 0.875367 0.121681 -0.467896
vn 0.877714 0.097550 -0.469150
vn 0.815688 0.193902 -0.545028
vn 0.865183 0.193901 -0.462452
vn 0.875367 0.121681 -0.467896
vn 0.825290 0.121682 -0.551443
vn 0.815688 0.193902 -0.545028
vn 0.825290 0.121682 -0.551443
vn 0.767265 0.121681 -0.629681
vn 0.758338 0.193901 -0.622355
vn 0.827503 0.097551 -0.552922
vn 0.769322 0.097550 -0.631369
vn 0.767265 0.121681 -0.629681
vn 0.825290 0.121682 -0.551443
vn 0.703733 0.097551 -0.703736
vn 0.701851 0.121682 -0.701854
vn 0.767265 0.121681 -0.629681
vn 0.769322 0.097550 -0.631369
vn 0.693685 0.193902 -0.693688
vn 0.758338 0.193901 -0.622355
vn 0.767265 0.121681 -0.629681
vn 0.701851 0.121682 -0.701854
vn 0.693685 0.193902 -0.693688
vn 0.701851 0.121682 -0.701854
vn 0.629678 0.121681 -0.767268
vn 0.622352 0.193901 -0.758341
vn 0.703733 0.097551 -0.703736
vn 0.631366 0.097550 -0.769325
vn 0.629678 0.121681 -0.767268
vn 0.701851 0.121682 -0.701854
vn 0.552919 0.097551 -0.827505
vn 0.551440 0.121682 -0.825292
vn 0.629678 0.121681 -0.767268
vn 0.631366 0.097550 -0.769325
vn 0.545025 0.193902 -0.815690
vn 0.622352 0.193901 -0.758341
vn 0.629678 0.121681 -0.767268
vn 0.551440 0.121682 -0.825292
vn 0.545025 0.193902 -0.815690
vn 0.551440 0.121682 -0.825292
vn 0.467892 0.121680 -0.875369
vn 0.462449 0.193901 -0.865184
vn 0.552919 0.097551 -0.827505
vn 0.469147 0.097550 -0.877716
vn 0.467892 0.121680 -0.875369
vn 0.551440 0.121682 -0.825292
vn 0.380857 0.097551 -0.919474
vn 0.379838 0.121681 -0.917015
vn 0.467892 0.121680 -0.875369
vn 0.469147 0.097550 -0.877716
vn 0.375419 0.193901 -0.906346
vn 0.462449 0.193901 -0.865184
vn 0.467892 0.121680 -0.875369
vn 0.379838 0.121681 -0.917015
vn 0.375419 0.193901 -0.906346
vn 0.379838 0.121681 -0.917015
vn 0.288126 0.121681 -0.949830
vn 0.284773 0.193901 -0.938779
vn 0.380857 0.097551 -0.919474
vn 0.288899 0.097550 -0.952377
vn 0.288126 0.121681 -0.949830
vn 0.379838 0.121681 -0.917015
vn 0.194159 0.097551 -0.976108
vn 0.193639 0.121682 -0.973498
vn 0.288126 0.121681 -0.949830
vn 0.288899 0.097550 -0.952377
vn 0.191386 0.193902 -0.962171
vn 0.284773 0.193901 -0.938779
vn 0.288126 0.121681 -0.949830
vn 0.193639 0.121682 -0.973498
vn 0.191386 0.193902 -0.962171
vn 0.193639 0.121682 -0.973498
vn 0.097287 0.121681 -0.987790
vn 0.096156 0.193901 -0.976297
vn 0.194159 0.097551 -0.976108
vn 0.097548 0.097550 -0.990438
vn 0.097287 0.121681 -0.987790
vn 0.193639 0.121682 -0.973498
vn -0.000001 0.097551 -0.995231
vn -0.000001 0.121682 -0.992569
vn 0.097287 0.121681 -0.987790
vn 0.097548 0.097550 -0.990438
vn -0.000001 0.193902 -0.981021
vn 0.096156 0.193901 -0.976297
vn 0.097287 0.121681 -0.987790
vn -0.000001 0.121682 -0.992569
vn 0.000000 -1.000000 0.000000
vn 0.000000 -1.000000 0.000000
vn 0.006640 -0.997703 0.067417
vn 0.013214 -0.997703 0.066431
vn 0.000000 -1.000000 0.000000
vn 0.000000 -0.997703 0.067732
vn 0.006640 -0.997703 0.067417
vn 0.000000 -1.000000 0.000000
vn 0.000001 -0.872144 0.489250
vn 0.047960 -0.872118 0.486940
vn 0.006640 -0.997703 0.067417
vn 0.000000 -0.997703 0.067732
vn 0.095448 -0.872144 0.479849
vn 0.013214 -0.997703 0.066431
vn 0.006640 -0.997703 0.067417
vn 0.047960 -0.872118 0.486940
vn 0.000000 -1.000000 0.000000
vn 0.000000 -1.000000 0.000000
vn 0.019665 -0.997703 0.064826
vn 0.025920 -0.997703 0.062576
vn 0.000000 -1.000000 0.000000
vn 0.013214 -0.997703 0.066431
vn 0.019665 -0.997703 0.064826
vn 0.000000 -1.000000 0.000000
vn 0.095448 -0.872144 0.479849
vn 0.142035 -0.872118 0.468227
vn 0.019665 -0.997703 0.064826
vn 0.013214 -0.997703 0.066431
vn 0.187228 -0.872144 0.452007
vn 0.025920 -0.997703 0.062576
vn 0.019665 -0.997703 0.064826
vn 0.142035 -0.872118 0.468227
vn 0.000000 -1.000000 0.000000
vn 0.000000 -1.000000 0.000000
vn 0.031934 -0.997703 0.059744
vn 0.037630 -0.997703 0.056317
vn 0.000000 -1.000000 0.000000
vn 0.025920 -0.997703 0.062576
vn 0.031934 -0.997703 0.059744
vn 0.000000 -1.000000 0.000000
vn 0.187228 -0.872144 0.452007
vn 0.230653 -0.872118 0.431520
vn 0.031934 -0.997703 0.059744
vn 0.025920 -0.997703 0.062576
vn 0.271812 -0.872144 0.406796
vn 0.037630 -0.997703 0.056317
vn 0.031934 -0.997703 0.059744
vn 0.230653 -0.872118 0.431520
vn 0.000000 -1.000000 0.000000
vn 0.000000 -1.000000 0.000000
vn 0.042976 -0.997703 0.052366
vn 0.047894 -0.997703 0.047894
vn 0.000000 -1.000000 0.000000
vn 0.037630 -0.997703 0.056317
vn 0.042976 -0.997703 0.052366
vn 0.000000 -1.000000 0.000000
vn 0.271812 -0.872144 0.406796
vn 0.310406 -0.872118 0.378231
vn 0.042976 -0.997703 0.052366
vn 0.037630 -0.997703 0.056317
vn 0.345952 -0.872144 0.345952
vn 0.047894 -0.997703 0.047894
vn 0.042976 -0.997703 0.052366
vn 0.310406 -0.872118 0.378231
vn 0.000000 -1.000000 0.000000
vn 0.000000 -1.000000 0.000000
vn 0.052366 -0.997703 0.042976
vn 0.056317 -0.997703 0.037630
vn 0.000000 -1.000000 0.000000
vn 0.047894 -0.997703 0.047894
vn 0.052366 -0.997703 0.042976
vn 0.000000 -1.000000 0.000000
vn 0.345952 -0.872144 0.345952
vn 0.378231 -0.872118 0.310406
vn 0.052366 -0.997703 0.042976
vn 0.047894 -0.997703 0.047894
vn 0.406796 -0.872144 0.271812
vn 0.056317 -0.997703 0.037630
vn 0.052366 -0.997703 0.042976
vn 0.378231 -0.872118 0.310406
vn 0.000000 -1.000000 0.000000
vn 0.000000 -1.000000 0.000000
vn 0.059744 -0.997703 0.031934
vn 0.062576 -0.997703 0.025920
vn 0.000000 -1.000000 0.000000
vn 0.056317 -0.997703 0.037630
vn 0.059744 -0.997703 0.031934
vn 0.000000 -1.000000 0.000000
vn 0.406796 -0.872144 0.271812
vn 0.431521 -0.872118 0.230652
vn 0.059744 -0.997703 0.031934
vn 0.056317 -0.997703 0.037630
vn 0.452008 -0.872144 0.187227
vn 0.062576 -0.997703 0.025920
vn 0.059744 -0.997703 0.031934
vn 0.431521 -0.872118 0.230652
vn 0.000000 -1.000000 0.000000
vn 0.000000 -1.000000 0.000000
vn 0.064826 -0.997703 0.019665
vn 0.066431 -0.997703 0.013214
vn 0.000000 -1.000000 0.000000
vn 0.062576 -0.997703 0.025920
vn 0.064826 -0.997703 0.019665
vn 0.000000 -1.000000 0.000000
vn 0.452008 -0.872144 0.187227
vn 0.468227 -0.872118 0.142035
vn 0.064826 -0.997703 0.019665
vn 0.062576 -0.997703 0.025920
vn 0.479848 -0.872144 0.095448
vn 0.066431 -0.997703 0.013214
vn 0.064826 -0.997703 0.019665
vn 0.468227 -0.872118 0.142035
vn 0.000000 -1.000000 0.000000
vn 0.000000 -1.000000 0.000000
vn 0.067417 -0.997703 0.006640
vn 0.067732 -0.997703 0.000000
vn 0.000000 -1.000000 0.000000
vn 0.066431 -0.997703 0.013214
vn 0.067417 -0.997703 0.006640
vn 0.000000 -1.000000 0.000000
vn 0.479848 -0.872144 0.095448
vn 0.486940 -0.872118 0.047959
vn 0.067417 -0.997703 0.006640
vn 0.066431 -0.997703 0.013214
vn 0.489249 -0.872144 0.000000
vn 0.067732 -0.997703 0.000000
vn 0.067417 -0.997703 0.006640
vn 0.486940 -0.872118 0.047959
vn 0.000000 -1.000000 0.000000
vn 0.000000 -1.000000 0.000000
vn 0.067417 -0.997703 -0.006640
vn 0.066431 -0.997703 -0.013214
vn 0.000000 -1.000000 0.000000
vn 0.067732 -0.997703 0.000000
vn 0.067417 -0.997703 -0.006640
vn 0.000000 -1.000000 0.000000
vn 0.489249 -0.872144 0.000000
vn 0.486940 -0.872118 -0.047960
vn 0.067417 -0.997703 -0.006640
vn 0.067732 -0.997703 0.000000
vn 0.479849 -0.872144 -0.095448
vn 0.066431 -0.997703 -0.013214
vn 0.067417 -0.997703 -0.006640
vn 0.486940 -0.872118 -0.047960
vn 0.000000 -1.000000 0.000000
vn 0.000000 -1.000000 0.000000
vn 0.064826 -0.997703 -0.019665
vn 0.062576 -0.997703 -0.025920
vn 0.000000 -1.000000 0.000000
vn 0.066431 -0.997703 -0.013214
vn 0.064826 -0.997703 -0.019665
vn 0.000000 -1.000000 0.000000
vn 0.479849 -0.872144 -0.095448
vn 0.468227 -0.872118 -0.142035
vn 0.064826 -0.997703 -0.019665
vn 0.066431 -0.997703 -0.013214
vn 0.452007 -0.872144 -0.187228
vn 0.062576 -0.997703 -0.025920
vn 0.064826 -0.997703 -0.019665
vn 0.468227 -0.872118 -0.142035
vn 0.000000 -1.000000 0.000000
vn 0.000000 -1.000000 0.000000
vn 0.059744 -0.997703 -0.031934
vn 0.056317 -0.997703 -0.037630
vn 0.000000 -1.000000 0.000000
vn 0.062576 -0.997703 -0.025920
vn 0.059744 -0.997703 -0.031934
vn 0.000000 -1.000000 0.000000
vn 0.452007 -0.872144 -0.187228
vn 0.431520 -0.872118 -0.230653
vn 0.059744 -0.997703 -0.031934
vn 0.062576 -0.997703 -0.025920
vn 0.406795 -0.872144 -0.271812
vn 0.056317 -0.997703 -0.037630
vn 0.059744 -0.997703 -0.031934
vn 0.431520 -0.872118 -0.230653
vn 0.000000 -1.000000 0.000000
vn 0.000000 -1.000000 0.000000
vn 0.052366 -0.997703 -0.042976
vn 0.047894 -0.997703 -0.047894
vn 0.000000 -1.000000 0.000000
vn 0.056317 -0.997703 -0.037630
vn 0.052366 -0.997703 -0.042976
vn 0.000000 -1.000000 0.000000
vn 0.406795 -0.872144 -0.271812
vn 0.378230 -0.872118 -0.310406
vn 0.052366 -0.997703 -0.042976
vn 0.056317 -0.997703 -0.037630
vn 0.345951 -0.872144 -0.345952
vn 0.047894 -0.997703 -0.047894
vn 0.052366 -0.997703 -0.042976
vn 0.378230 -0.872118 -0.310406
vn 0.000000 -1.000000 0.000000
vn 0.000000 -1.000000 0.000000
vn 0.042976 -0.997703 -0.052366
vn 0.037630 -0.997703 -0.056317
vn 0.000000 -1.000000 0.000000
vn 0.047894 -0.997703 -0.047894
vn 0.042976 -0.997703 -0.052366
vn 0.000000 -1.000000 0.000000
vn 0.345951 -0.872144 -0.345952
vn 0.310406 -0.872118 -0.378231
vn 0.042976 -0.997703 -0.052366
vn 0.047894 -0.997703 -0.047894
vn 0.271812 -0.872144 -0.406796
vn 0.037630 -0.997703 -0.056317
vn 0.042976 -0.997703 -0.052366
vn 0.310406 -0.872118 -0.378231
vn 0.000000 -1.000000 0.000000
vn 0.000000 -1.000000 0.000000
vn 0.031934 -0.997703 -0.059744
vn 0.025920 -0.997703 -0.062576
vn 0.000000 -1.000000 0.000000
vn 0.037630 -0.997703 -0.056317
vn 0.031934 -0.997703 -0.059744
vn 0.000000 -1.000000 0.000000
vn 0.271812 -0.872144 -0.406796
vn 0.230652 -0.872118 -0.431520
vn 0.031934 -0.997703 -0.059744
vn 0.037630 -0.997703 -0.056317
vn 0.187227 -0.872144 -0.452007
vn 0.025920 -0.997703 -0.062576
vn 0.031934 -0.997703 -0.059744
vn 0.230652 -0.872118 -0.431520
vn 0.000000 -1.000000 0.000000
vn 0.000000 -1.000000 0.000000
vn 0.019665 -0.997703 -0.064826
vn 0.013214 -0.997703 -0.066431
vn 0.000000 -1.000000 0.000000
vn 0.025920 -0.997703 -0.062576
vn 0.019665 -0.997703 -0.064826
vn 0.000000 -1.000000 0.000000
vn 0.187227 -0.872144 -0.452007
vn 0.142035 -0.872118 -0.468227
vn 0.019665 -0.997703 -0.064826
vn 0.025920 -0.997703 -0.062576
vn 0.095447 -0.872144 -0.479848
vn 0.013214 -0.997703 -0.066431
vn 0.019665 -0.997703 -0.064826
vn 0.142035 -0.872118 -0.468227
vn 0.000000 -1.000000 0.000000
vn 0.000000 -1.000000 0.000000
vn 0.006640 -0.997703 -0.067417
vn 0.000000 -0.997703 -0.067732
vn 0.000000 -1.000000 0.000000
vn 0.013214 -0.997703 -0.066431
vn 0.006640 -0.997703 -0.067417
vn 0.000000 -1.000000 0.000000
vn 0.095447 -0.872144 -0.479848
vn 0.047959 -0.872118 -0.486940
vn 0.006640 -0.997703 -0.067417
vn 0.013214 -0.997703 -0.066431
vn 0.000000 -0.872144 -0.489249
vn 0.000000 -0.997703 -0.067732
vn 0.006640 -0.997703 -0.067417
vn 0.047959 -0.872118 -0.486940
vn 0.000000 -1.000000 0.000000
vn 0.000000 -1.000000 0.000000
vn -0.006640 -0.997703 -0.067417
vn -0.013214 -0.997703 -0.066431
vn 0.000000 -1.000000 0.000000
vn 0.000000 -0.997703 -0.067732
vn -0.006640 -0.997703 -0.067417
vn 0.000000 -1.000000 0.000000
vn 0.000000 -0.872144 -0.489249
vn -0.047960 -0.872118 -0.486939
vn -0.006640 -0.997703 -0.067417
vn 0.000000 -0.997703 -0.067732
vn -0.095448 -0.872144 -0.479848
vn -0.013214 -0.997703 -0.066431
vn -0.006640 -0.997703 -0.067417
vn -0.047960 -0.872118 -0.486939
vn 0.000000 -1.000000 0.000000
vn 0.000000 -1.000000 0.000000
vn -0.019665 -0.997703 -0.064826
vn -0.025920 -0.997703 -0.062576
vn 0.000000 -1.000000 0.000000
vn -0.013214 -0.997703 -0.066431
vn -0.019665 -0.997703 -0.064826
vn 0.000000 -1.000000 0.000000
vn -0.095448 -0.872144 -0.479848
vn -0.142035 -0.872118 -0.468226
vn -0.019665 -0.997703 -0.064826
vn -0.013214 -0.997703 -0.066431
vn -0.187228 -0.872144 -0.452007
vn -0.025920 -0.997703 -0.062576
vn -0.019665 -0.997703 -0.064826
vn -0.142035 -0.872118 -0.468226
vn 0.000000 -1.000000 0.000000
vn 0.000000 -1.000000 0.000000
vn -0.031934 -0.997703 -0.059744
vn -0.037630 -0.997703 -0.056317
vn 0.000000 -1.000000 0.000000
vn -0.025920 -0.997703 -0.062576
vn -0.031934 -0.997703 -0.059744
vn 0.000000 -1.000000 0.000000
vn -0.187228 -0.872144 -0.452007
vn -0.230653 -0.872118 -0.431520
vn -0.031934 -0.997703 -0.059744
vn -0.025920 -0.997703 -0.062576
vn -0.271813 -0.872144 -0.406795
vn -0.037630 -0.997703 -0.056317
vn -0.031934 -0.997703 -0.059744
vn -0.230653 -0.872118 -0.431520
vn 0.000000 -1.000000 0.000000
vn 0.000000 -1.000000 0.000000
vn -0.042976 -0.997703 -0.052366
vn -0.047894 -0.997703 -0.047894
vn 0.000000 -1.000000 0.000000
vn -0.037630 -0.997703 -0.056317
vn -0.042976 -0.997703 -0.052366
vn 0.000000 -1.000000 0.000000
vn -0.271813 -0.872144 -0.406795
vn -0.310406 -0.872118 -0.378230
vn -0.042976 -0.997703 -0.052366
vn -0.037630 -0.997703 -0.056317
vn -0.345952 -0.872144 -0.345951
vn -0.047894 -0.997703 -0.047894
vn -0.042976 -0.997703 -0.052366
vn -0.310406 -0.872118 -0.378230
vn 0.000000 -1.000000 0.000000
vn 0.000000 -1.000000 0.000000
vn -0.052366 -0.997703 -0.042976
vn -0.056317 -0.997703 -0.037630
vn 0.000000 -1.000000 0.000000
vn -0.047894 -0.997703 -0.047894
vn -0.052366 -0.997703 -0.042976
vn 0.000000 -1.000000 0.000000
vn -0.345952 -0.872144 -0.345951
vn -0.378231 -0.872118 -0.310406
vn -0.052366 -0.997703 -0.042976
vn -0.047894 -0.997703 -0.047894
vn -0.406796 -0.872144 -0.271812
vn -0.056317 -0.997703 -0.037630
vn -0.052366 -0.997703 -0.042976
vn -0.378231 -0.872118 -0.310406
vn 0.000000 -1.000000 0.000000
vn 0.000000 -1.000000 0.000000
vn -0.059744 -0.997703 -0.031934
vn -0.062576 -0.997703 -0.025920
vn 0.000000 -1.000000 0.000000
vn -0.056317 -0.997703 -0.037630
vn -0.059744 -0.997703 -0.031934
vn 0.000000 -1.000000 0.000000
vn -0.406796 -0.872144 -0.271812
vn -0.431520 -0.872118 -0.230652
vn -0.059744 -0.997703 -0.031934
vn -0.056317 -0.997703 -0.037630
vn -0.452007 -0.872144 -0.187227
vn -0.062576 -0.997703 -0.025920
vn -0.059744 -0.997703 -0.031934
vn -0.431520 -0.872118 -0.230652
vn 0.000000 -1.000000 0.000000
vn 0.000000 -1.000000 0.000000
vn -0.064826 -0.997703 -0.019665
vn -0.066431 -0.997703 -0.013214
vn 0.000000 -1.000000 0.000000
vn -0.062576 -0.997703 -0.025920
vn -0.064826 -0.997703 -0.019665
vn 0.000000 -1.000000 0.000000
vn -0.452007 -0.872144 -0.187227
vn -0.468227 -0.872118 -0.142034
vn -0.064826 -0.997703 -0.019665
vn -0.062576 -0.997703 -0.025920
vn -0.479849 -0.872144 -0.095447
vn -0.066431 -0.997703 -0.013214
vn -0.064826 -0.997703 -0.019665
vn -0.468227 -0.872118 -0.142034
vn 0.000000 -1.000000 0.000000
vn 0.000000 -1.000000 0.000000
vn -0.067417 -0.997703 -0.006640
vn -0.067732 -0.997703 0.000000
vn 0.000000 -1.000000 0.000000
vn -0.066431 -0.997703 -0.013214
vn -0.067417 -0.997703 -0.006640
vn 0.000000 -1.000000 0.000000
vn -0.479849 -0.872144 -0.095447
vn -0.486940 -0.872118 -0.047959
vn -0.067417 -0.997703 -0.006640
vn -0.066431 -0.997703 -0.013214
vn -0.489250 -0.872144 0.000001
vn -0.067732 -0.997703 0.000000
vn -0.067417 -0.997703 -0.006640
vn -0.486940 -0.872118 -0.047959
vn 0.000000 -1.000000 0.000000
vn 0.000000 -1.000000 0.000000
vn -0.067417 -0.997703 0.006640
vn -0.066431 -0.997703 0.013214
vn 0.000000 -1.000000 0.000000
vn -0.067732 -0.997703 0.000000
vn -0.067417 -0.997703 0.006640
vn 0.000000 -1.000000 0.000000
vn -0.489250 -0.872144 0.000001
vn -0.486940 -0.872118 0.047960
vn -0.067417 -0.997703 0.006640
vn -0.067732 -0.997703 0.000000
vn -0.479848 -0.872144 0.095449
vn -0.066431 -0.997703 0.013214
vn -0.067417 -0.997703 0.006640
vn -0.486940 -0.872118 0.047960
vn 0.000000 -1.000000 0.000000
vn 0.000000 -1.000000 0.000000
vn -0.064826 -0.997703 0.019665
vn -0.062576 -0.997703 0.025920
vn 0.000000 -1.000000 0.000000
vn -0.066431 -0.997703 0.013214
vn -0.064826 -0.997703 0.019665
vn 0.000000 -1.000000 0.000000
vn -0.479848 -0.872144 0.095449
vn -0.468226 -0.872118 0.142036
vn -0.064826 -0.997703 0.019665
vn -0.066431 -0.997703 0.013214
vn -0.452007 -0.872144 0.187228
vn -0.062576 -0.997703 0.025920
vn -0.064826 -0.997703 0.019665
vn -0.468226 -0.872118 0.142036
vn 0.000000 -1.000000 0.000000
vn 0.000000 -1.000000 0.000000
vn -0.059744 -0.997703 0.031934
vn -0.056317 -0.997703 0.037630
vn 0.000000 -1.000000 0.000000
vn -0.062576 -0.997703 0.025920
vn -0.059744 -0.997703 0.031934
vn 0.000000 -1.000000 0.000000
vn -0.452007 -0.872144 0.187228
vn -0.431520 -0.872118 0.230653
vn -0.059744 -0.997703 0.031934
vn -0.062576 -0.997703 0.025920
vn -0.406796 -0.872144 0.271813
vn -0.056317 -0.997703 0.037630
vn -0.059744 -0.997703 0.031934
vn -0.431520 -0.872118 0.230653
vn 0.000000 -1.000000 0.000000
vn 0.000000 -1.000000 0.000000
vn -0.052366 -0.997703 0.042976
vn -0.047894 -0.997703 0.047894
vn 0.000000 -1.000000 0.000000
vn -0.056317 -0.997703 0.037630
vn -0.052366 -0.997703 0.042976
vn 0.000000 -1.000000 0.000000
vn -0.406796 -0.872144 0.271813
vn -0.378230 -0.872118 0.310407
vn -0.052366 -0.997703 0.042976
vn -0.056317 -0.997703 0.037630
vn -0.345951 -0.872144 0.345952
vn -0.047894 -0.997703 0.047894
vn -0.052366 -0.997703 0.042976
vn -0.378230 -0.872118 0.310407
vn 0.000000 -1.000000 0.000000
vn 0.000000 -1.000000 0.000000
vn -0.042976 -0.997703 0.052367
vn -0.037630 -0.997703 0.056317
vn 0.000000 -1.000000 0.000000
vn -0.047894 -0.997703 0.047894
vn -0.042976 -0.997703 0.052367
vn 0.000000 -1.000000 0.000000
vn -0.345951 -0.872144 0.345952
vn -0.310405 -0.872118 0.378231
vn -0.042976 -0.997703 0.052367
vn -0.047894 -0.997703 0.047894
vn -0.271812 -0.872144 0.406796
vn -0.037630 -0.997703 0.056317
vn -0.042976 -0.997703 0.052367
vn -0.310405 -0.872118 0.378231
vn 0.000000 -1.000000 0.000000
vn 0.000000 -1.000000 0.000000
vn -0.031934 -0.997703 0.059744
vn -0.025920 -0.997703 0.062576
vn 0.000000 -1.000000 0.000000
vn -0.037630 -0.997703 0.056317
vn -0.031934 -0.997703 0.059744
vn 0.000000 -1.000000 0.000000
vn -0.271812 -0.872144 0.406796
vn -0.230652 -0.872118 0.431521
vn -0.031934 -0.997703 0.059744
vn -0.037630 -0.997703 0.056317
vn -0.187227 -0.872144 0.452008
vn -0.025920 -0.997703 0.062576
vn -0.031934 -0.997703 0.059744
vn -0.230652 -0.872118 0.431521
vn 0.000000 -1.000000 0.000000
vn 0.000000 -1.000000 0.000000
vn -0.019665 -0.997703 0.064826
vn -0.013214 -0.997703 0.066431
vn 0.000000 -1.000000 0.000000
vn -0.025920 -0.997703 0.062576
vn -0.019665 -0.997703 0.064826
vn 0.000000 -1.000000 0.000000
vn -0.187227 -0.872144 0.452008
vn -0.142034 -0.872118 0.468227
vn -0.019665 -0.997703 0.064826
vn -0.025920 -0.997703 0.062576
vn -0.095447 -0.872144 0.479849
vn -0.013214 -0.997703 0.066431
vn -0.019665 -0.997703 0.064826
vn -0.142034 -0.872118 0.468227
vn 0.000000 -1.000000 0.000000
vn 0.000000 -1.000000 0.000000
vn -0.006640 -0.997703 0.067417
vn 0.000000 -0.997703 0.067732
vn 0.000000 -1.000000 0.000000
vn -0.013214 -0.997703 0.066431
vn -0.006640 -0.997703 0.067417
vn 0.000000 -1.000000 0.000000
vn -0.095447 -0.872144 0.479849
vn -0.047959 -0.872118 0.486940
vn -0.006640 -0.997703 0.067417
vn -0.013214 -0.997703 0.066431
vn 0.000001 -0.872144 0.489250
vn 0.000000 -0.997703 0.067732
vn -0.006640 -0.997703 0.067417
vn -0.047959 -0.872118 0.486940
vn 0.095448 -0.872144 0.479849
vn 0.047960 -0.872118 0.486940
vn 0.092493 -0.330972 0.939097
vn 0.184094 -0.330990 0.925503
vn 0.000001 -0.872144 0.489250
vn 0.000001 -0.330990 0.943634
vn 0.092493 -0.330972 0.939097
vn 0.047960 -0.872118 0.486940
vn 0.000001 -0.000000 1.000000
vn 0.098018 -0.000000 0.995185
vn 0.092493 -0.330972 0.939097
vn 0.000001 -0.330990 0.943634
vn 0.195090 -0.000000 0.980785
vn 0.184094 -0.330990 0.925503
vn 0.092493 -0.330972 0.939097
vn 0.098018 -0.000000 0.995185
vn 0.187228 -0.872144 0.452007
vn 0.142035 -0.872118 0.468227
vn 0.273924 -0.330972 0.903008
vn 0.361113 -0.330991 0.871804
vn 0.095448 -0.872144 0.479849
vn 0.184094 -0.330990 0.925503
vn 0.273924 -0.330972 0.903008
vn 0.142035 -0.872118 0.468227
vn 0.195090 -0.000000 0.980785
vn 0.290285 -0.000000 0.956940
vn 0.273924 -0.330972 0.903008
vn 0.184094 -0.330990 0.925503
vn 0.382684 -0.000001 0.923879
vn 0.361113 -0.330991 0.871804
vn 0.273924 -0.330972 0.903008
vn 0.290285 -0.000000 0.956940
vn 0.271812 -0.872144 0.406796
vn 0.230653 -0.872118 0.431520
vn 0.444829 -0.330972 0.832217
vn 0.524255 -0.330991 0.784603
vn 0.187228 -0.872144 0.452007
vn 0.361113 -0.330991 0.871804
vn 0.444829 -0.330972 0.832217
vn 0.230653 -0.872118 0.431520
vn 0.382684 -0.000001 0.923879
vn 0.471397 -0.000000 0.881921
vn 0.444829 -0.330972 0.832217
vn 0.361113 -0.330991 0.871804
vn 0.555570 -0.000000 0.831470
vn 0.524255 -0.330991 0.784603
vn 0.444829 -0.330972 0.832217
vn 0.471397 -0.000000 0.881921
vn 0.345952 -0.872144 0.345952
vn 0.310406 -0.872118 0.378231
vn 0.598639 -0.330972 0.729444
vn 0.667250 -0.330990 0.667250
vn 0.271812 -0.872144 0.406796
vn 0.524255 -0.330991 0.784603
vn 0.598639 -0.330972 0.729444
vn 0.310406 -0.872118 0.378231
vn 0.555570 -0.000000 0.831470
vn 0.634393 -0.000000 0.773010
vn 0.598639 -0.330972 0.729444
vn 0.524255 -0.330991 0.784603
vn 0.707107 -0.000000 0.707107
vn 0.667250 -0.330990 0.667250
vn 0.598639 -0.330972 0.729444
vn 0.634393 -0.000000 0.773010
vn 0.406796 -0.872144 0.271812
vn 0.378231 -0.872118 0.310406
vn 0.729444 -0.330972 0.598640
vn 0.784603 -0.330990 0.524255
vn 0.345952 -0.872144 0.345952
vn 0.667250 -0.330990 0.667250
vn 0.729444 -0.330972 0.598640
vn 0.378231 -0.872118 0.310406
vn 0.707107 -0.000000 0.707107
vn 0.773010 0.000000 0.634394
vn 0.729444 -0.330972 0.598640
vn 0.667250 -0.330990 0.667250
vn 0.831470 0.000000 0.555570
vn 0.784603 -0.330990 0.524255
vn 0.729444 -0.330972 0.598640
vn 0.773010 0.000000 0.634394
vn 0.452008 -0.872144 0.187227
vn 0.431521 -0.872118 0.230652
vn 0.832217 -0.330972 0.444829
vn 0.871804 -0.330990 0.361113
vn 0.406796 -0.872144 0.271812
vn 0.784603 -0.330990 0.524255
vn 0.832217 -0.330972 0.444829
vn 0.431521 -0.872118 0.230652
vn 0.831470 0.000000 0.555570
vn 0.881921 0.000001 0.471397
vn 0.832217 -0.330972 0.444829
vn 0.784603 -0.330990 0.524255
vn 0.923880 0.000001 0.382683
vn 0.871804 -0.330990 0.361113
vn 0.832217 -0.330972 0.444829
vn 0.881921 0.000001 0.471397
vn 0.479848 -0.872144 0.095448
vn 0.468227 -0.872118 0.142035
vn 0.903008 -0.330972 0.273924
vn 0.925502 -0.330991 0.184094
vn 0.452008 -0.872144 0.187227
vn 0.871804 -0.330990 0.361113
vn 0.903008 -0.330972 0.273924
vn 0.468227 -0.872118 0.142035
vn 0.923880 0.000001 0.382683
vn 0.956941 0.000000 0.290284
vn 0.903008 -0.330972 0.273924
vn 0.871804 -0.330990 0.361113
vn 0.980785 0.000000 0.195090
vn 0.925502 -0.330991 0.184094
vn 0.903008 -0.330972 0.273924
vn 0.956941 0.000000 0.290284
vn 0.489249 -0.872144 0.000000
vn 0.486940 -0.872118 0.047959
vn 0.939097 -0.330972 0.092493
vn 0.943634 -0.330991 -0.000001
vn 0.479848 -0.872144 0.095448
vn 0.925502 -0.330991 0.184094
vn 0.939097 -0.330972 0.092493
vn 0.486940 -0.872118 0.047959
vn 0.980785 0.000000 0.195090
vn 0.995185 0.000000 0.098017
vn 0.939097 -0.330972 0.092493
vn 0.925502 -0.330991 0.184094
vn 1.000000 0.000000 -0.000001
vn 0.943634 -0.330991 -0.000001
vn 0.939097 -0.330972 0.092493
vn 0.995185 0.000000 0.098017
vn 0.479849 -0.872144 -0.095448
vn 0.486940 -0.872118 -0.047960
vn 0.939097 -0.330972 -0.092493
vn 0.925502 -0.330991 -0.184094
vn 0.489249 -0.872144 0.000000
vn 0.943634 -0.330991 -0.000001
vn 0.939097 -0.330972 -0.092493
vn 0.486940 -0.872118 -0.047960
vn 1.000000 0.000000 -0.000001
vn 0.995185 0.000000 -0.098018
vn 0.939097 -0.330972 -0.092493
vn 0.943634 -0.330991 -0.000001
vn 0.980785 -0.000001 -0.195091
vn 0.925502 -0.330991 -0.184094
vn 0.939097 -0.330972 -0.092493
vn 0.995185 0.000000 -0.098018
vn 0.452007 -0.872144 -0.187228
vn 0.468227 -0.872118 -0.142035
vn 0.903008 -0.330972 -0.273925
vn 0.871804 -0.330991 -0.361114
vn 0.479849 -0.872144 -0.095448
vn 0.925502 -0.330991 -0.184094
vn 0.903008 -0.330972 -0.273925
vn 0.468227 -0.872118 -0.142035
vn 0.980785 -0.000001 -0.195091
vn 0.956940 0.000000 -0.290285
vn 0.903008 -0.330972 -0.273925
vn 0.925502 -0.330991 -0.184094
vn 0.923879 0.000000 -0.382684
vn 0.871804 -0.330991 -0.361114
vn 0.903008 -0.330972 -0.273925
vn 0.956940 0.000000 -0.290285
vn 0.406795 -0.872144 -0.271812
vn 0.431520 -0.872118 -0.230653
vn 0.832216 -0.330972 -0.444830
vn 0.784603 -0.330991 -0.524255
vn 0.452007 -0.872144 -0.187228
vn 0.871804 -0.330991 -0.361114
vn 0.832216 -0.330972 -0.444830
vn 0.431520 -0.872118 -0.230653
vn 0.923879 0.000000 -0.382684
vn 0.881921 0.000001 -0.471397
vn 0.832216 -0.330972 -0.444830
vn 0.871804 -0.330991 -0.361114
vn 0.831469 0.000000 -0.555571
vn 0.784603 -0.330991 -0.524255
vn 0.832216 -0.330972 -0.444830
vn 0.881921 0.000001 -0.471397
vn 0.345951 -0.872144 -0.345952
vn 0.378230 -0.872118 -0.310406
vn 0.729443 -0.330973 -0.598640
vn 0.667250 -0.330991 -0.667250
vn 0.406795 -0.872144 -0.271812
vn 0.784603 -0.330991 -0.524255
vn 0.729443 -0.330973 -0.598640
vn 0.378230 -0.872118 -0.310406
vn 0.831469 0.000000 -0.555571
vn 0.773010 0.000000 -0.634394
vn 0.729443 -0.330973 -0.598640
vn 0.784603 -0.330991 -0.524255
vn 0.707106 0.000000 -0.707107
vn 0.667250 -0.330991 -0.667250
vn 0.729443 -0.330973 -0.598640
vn 0.773010 0.000000 -0.634394
vn 0.271812 -0.872144 -0.406796
vn 0.310406 -0.872118 -0.378231
vn 0.598639 -0.330973 -0.729444
vn 0.524254 -0.330991 -0.784603
vn 0.345951 -0.872144 -0.345952
vn 0.667250 -0.330991 -0.667250
vn 0.598639 -0.330973 -0.729444
vn 0.310406 -0.872118 -0.378231
vn 0.707106 0.000000 -0.707107
vn 0.634393 0.000000 -0.773011
vn 0.598639 -0.330973 -0.729444
vn 0.667250 -0.330991 -0.667250
vn 0.555570 0.000000 -0.831470
vn 0.524254 -0.330991 -0.784603
vn 0.598639 -0.330973 -0.729444
vn 0.634393 0.000000 -0.773011
vn 0.187227 -0.872144 -0.452007
vn 0.230652 -0.872118 -0.431520
vn 0.444828 -0.330972 -0.832217
vn 0.361112 -0.330991 -0.871805
vn 0.271812 -0.872144 -0.406796
vn 0.524254 -0.330991 -0.784603
vn 0.444828 -0.330972 -0.832217
vn 0.230652 -0.872118 -0.431520
vn 0.555570 0.000000 -0.831470
vn 0.471396 0.000000 -0.881922
vn 0.444828 -0.330972 -0.832217
vn 0.524254 -0.330991 -0.784603
vn 0.382683 0.000001 -0.923880
vn 0.361112 -0.330991 -0.871805
vn 0.444828 -0.330972 -0.832217
vn 0.471396 0.000000 -0.881922
vn 0.095447 -0.872144 -0.479848
vn 0.142035 -0.872118 -0.468227
vn 0.273924 -0.330972 -0.903008
vn 0.184093 -0.330991 -0.925502
vn 0.187227 -0.872144 -0.452007
vn 0.361112 -0.330991 -0.871805
vn 0.273924 -0.330972 -0.903008
vn 0.142035 -0.872118 -0.468227
vn 0.382683 0.000001 -0.923880
vn 0.290284 0.000001 -0.956941
vn 0.273924 -0.330972 -0.903008
vn 0.361112 -0.330991 -0.871805
vn 0.195089 0.000000 -0.980786
vn 0.184093 -0.330991 -0.925502
vn 0.273924 -0.330972 -0.903008
vn 0.290284 0.000001 -0.956941
vn 0.000000 -0.872144 -0.489249
vn 0.047959 -0.872118 -0.486940
vn 0.092492 -0.330972 -0.939097
vn -0.000001 -0.330991 -0.943634
vn 0.095447 -0.872144 -0.479848
vn 0.184093 -0.330991 -0.925502
vn 0.092492 -0.330972 -0.939097
vn 0.047959 -0.872118 -0.486940
vn 0.195089 0.000000 -0.980786
vn 0.098016 0.000000 -0.995185
vn 0.092492 -0.330972 -0.939097
vn 0.184093 -0.330991 -0.925502
vn -0.000001 0.000000 -1.000000
vn -0.000001 -0.330991 -0.943634
vn 0.092492 -0.330972 -0.939097
vn 0.098016 0.000000 -0.995185
vn -0.095448 -0.872144 -0.479848
vn -0.047960 -0.872118 -0.486939
vn -0.092494 -0.330972 -0.939097
vn -0.184095 -0.330991 -0.925502
vn 0.000000 -0.872144 -0.489249
vn -0.000001 -0.330991 -0.943634
vn -0.092494 -0.330972 -0.939097
vn -0.047960 -0.872118 -0.486939
vn -0.000001 0.000000 -1.000000
vn -0.098018 0.000000 -0.995185
vn -0.092494 -0.330972 -0.939097
vn -0.000001 -0.330991 -0.943634
vn -0.195091 0.000000 -0.980785
vn -0.184095 -0.330991 -0.925502
vn -0.092494 -0.330972 -0.939097
vn -0.098018 0.000000 -0.995185
vn -0.187228 -0.872144 -0.452007
vn -0.142035 -0.872118 -0.468226
vn -0.273925 -0.330973 -0.903007
vn -0.361114 -0.330991 -0.871804
vn -0.095448 -0.872144 -0.479848
vn -0.184095 -0.330991 -0.925502
vn -0.273925 -0.330973 -0.903007
vn -0.142035 -0.872118 -0.468226
vn -0.195091 0.000000 -0.980785
vn -0.290286 0.000000 -0.956940
vn -0.273925 -0.330973 -0.903007
vn -0.184095 -0.330991 -0.925502
vn -0.382685 0.000000 -0.923879
vn -0.361114 -0.330991 -0.871804
vn -0.273925 -0.330973 -0.903007
vn -0.290286 0.000000 -0.956940
vn -0.271813 -0.872144 -0.406795
vn -0.230653 -0.872118 -0.431520
vn -0.444830 -0.330972 -0.832216
vn -0.524256 -0.330991 -0.784602
vn -0.187228 -0.872144 -0.452007
vn -0.361114 -0.330991 -0.871804
vn -0.444830 -0.330972 -0.832216
vn -0.230653 -0.872118 -0.431520
vn -0.382685 0.000000 -0.923879
vn -0.471398 0.000000 -0.881921
vn -0.444830 -0.330972 -0.832216
vn -0.361114 -0.330991 -0.871804
vn -0.555571 0.000001 -0.831469
vn -0.524256 -0.330991 -0.784602
vn -0.444830 -0.330972 -0.832216
vn -0.471398 0.000000 -0.881921
vn -0.345952 -0.872144 -0.345951
vn -0.310406 -0.872118 -0.378230
vn -0.598640 -0.330972 -0.729443
vn -0.667251 -0.330991 -0.667249
vn -0.271813 -0.872144 -0.406795
vn -0.524256 -0.330991 -0.784602
vn -0.598640 -0.330972 -0.729443
vn -0.310406 -0.872118 -0.378230
vn -0.555571 0.000001 -0.831469
vn -0.634394 0.000001 -0.773010
vn -0.598640 -0.330972 -0.729443
vn -0.524256 -0.330991 -0.784602
vn -0.707108 0.000001 -0.707106
vn -0.667251 -0.330991 -0.667249
vn -0.598640 -0.330972 -0.729443
vn -0.634394 0.000001 -0.773010
vn -0.406796 -0.872144 -0.271812
vn -0.378231 -0.872118 -0.310406
vn -0.729445 -0.330972 -0.598638
vn -0.784604 -0.330991 -0.524254
vn -0.345952 -0.872144 -0.345951
vn -0.667251 -0.330991 -0.667249
vn -0.729445 -0.330972 -0.598638
vn -0.378231 -0.872118 -0.310406
vn -0.707108 0.000001 -0.707106
vn -0.773011 0.000000 -0.634392
vn -0.729445 -0.330972 -0.598638
vn -0.667251 -0.330991 -0.667249
vn -0.831470 0.000000 -0.555569
vn -0.784604 -0.330991 -0.524254
vn -0.729445 -0.330972 -0.598638
vn -0.773011 0.000000 -0.634392
vn -0.452007 -0.872144 -0.187227
vn -0.431520 -0.872118 -0.230652
vn -0.832217 -0.330972 -0.444828
vn -0.871805 -0.330991 -0.361112
vn -0.406796 -0.872144 -0.271812
vn -0.784604 -0.330991 -0.524254
vn -0.832217 -0.330972 -0.444828
vn -0.431520 -0.872118 -0.230652
vn -0.831470 0.000000 -0.555569
vn -0.881922 0.000000 -0.471396
vn -0.832217 -0.330972 -0.444828
vn -0.784604 -0.330991 -0.524254
vn -0.923880 0.000000 -0.382682
vn -0.871805 -0.330991 -0.361112
vn -0.832217 -0.330972 -0.444828
vn -0.881922 0.000000 -0.471396
vn -0.479849 -0.872144 -0.095447
vn -0.468227 -0.872118 -0.142034
vn -0.903008 -0.330973 -0.273923
vn -0.925503 -0.330991 -0.184092
vn -0.452007 -0.872144 -0.187227
vn -0.871805 -0.330991 -0.361112
vn -0.903008 -0.330973 -0.273923
vn -0.468227 -0.872118 -0.142034
vn -0.923880 0.000000 -0.382682
vn -0.956941 0.000000 -0.290283
vn -0.903008 -0.330973 -0.273923
vn -0.871805 -0.330991 -0.361112
vn -0.980786 0.000000 -0.195089
vn -0.925503 -0.330991 -0.184092
vn -0.903008 -0.330973 -0.273923
vn -0.956941 0.000000 -0.290283
vn -0.489250 -0.872144 0.000001
vn -0.486940 -0.872118 -0.047959
vn -0.939097 -0.330972 -0.092491
vn -0.943634 -0.330991 0.000002
vn -0.479849 -0.872144 -0.095447
vn -0.925503 -0.330991 -0.184092
vn -0.939097 -0.330972 -0.092491
vn -0.486940 -0.872118 -0.047959
vn -0.980786 0.000000 -0.195089
vn -0.995185 0.000000 -0.098016
vn -0.939097 -0.330972 -0.092491
vn -0.925503 -0.330991 -0.184092
vn -1.000000 0.000000 0.000002
vn -0.943634 -0.330991 0.000002
vn -0.939097 -0.330972 -0.092491
vn -0.995185 0.000000 -0.098016
vn -0.479848 -0.872144 0.095449
vn -0.486940 -0.872118 0.047960
vn -0.939097 -0.330972 0.092494
vn -0.925502 -0.330991 0.184095
vn -0.489250 -0.872144 0.000001
vn -0.943634 -0.330991 0.000002
vn -0.939097 -0.330972 0.092494
vn -0.486940 -0.872118 0.047960
vn -1.000000 0.000000 0.000002
vn -0.995185 0.000000 0.098019
vn -0.939097 -0.330972 0.092494
vn -0.943634 -0.330991 0.000002
vn -0.980785 0.000001 0.195092
vn -0.925502 -0.330991 0.184095
vn -0.939097 -0.330972 0.092494
vn -0.995185 0.000000 0.098019
vn -0.452007 -0.872144 0.187228
vn -0.468226 -0.872118 0.142036
vn -0.903007 -0.330972 0.273926
vn -0.871804 -0.330991 0.361114
vn -0.479848 -0.872144 0.095449
vn -0.925502 -0.330991 0.184095
vn -0.903007 -0.330972 0.273926
vn -0.468226 -0.872118 0.142036
vn -0.980785 0.000001 0.195092
vn -0.956940 0.000001 0.290286
vn -0.903007 -0.330972 0.273926
vn -0.925502 -0.330991 0.184095
vn -0.923879 0.000000 0.382685
vn -0.871804 -0.330991 0.361114
vn -0.903007 -0.330972 0.273926
vn -0.956940 0.000001 0.290286
vn -0.406796 -0.872144 0.271813
vn -0.431520 -0.872118 0.230653
vn -0.832216 -0.330972 0.444831
vn -0.784602 -0.330990 0.524257
vn -0.452007 -0.872144 0.187228
vn -0.871804 -0.330991 0.361114
vn -0.832216 -0.330972 0.444831
vn -0.431520 -0.872118 0.230653
vn -0.923879 0.000000 0.382685
vn -0.881921 0.000000 0.471398
vn -0.832216 -0.330972 0.444831
vn -0.871804 -0.330991 0.361114
vn -0.831468 0.000000 0.555572
vn -0.784602 -0.330990 0.524257
vn -0.832216 -0.330972 0.444831
vn -0.881921 0.000000 0.471398
vn -0.345951 -0.872144 0.345952
vn -0.378230 -0.872118 0.310407
vn -0.729443 -0.330972 0.598641
vn -0.667249 -0.330991 0.667251
vn -0.406796 -0.872144 0.271813
vn -0.784602 -0.330990 0.524257
vn -0.729443 -0.330972 0.598641
vn -0.378230 -0.872118 0.310407
vn -0.831468 0.000000 0.555572
vn -0.773009 0.000000 0.634395
vn -0.729443 -0.330972 0.598641
vn -0.784602 -0.330990 0.524257
vn -0.707106 0.000000 0.707108
vn -0.667249 -0.330991 0.667251
vn -0.729443 -0.330972 0.598641
vn -0.773009 0.000000 0.634395
vn -0.271812 -0.872144 0.406796
vn -0.310405 -0.872118 0.378231
vn -0.598638 -0.330972 0.729445
vn -0.524253 -0.330991 0.784604
vn -0.345951 -0.872144 0.345952
vn -0.667249 -0.330991 0.667251
vn -0.598638 -0.330972 0.729445
vn -0.310405 -0.872118 0.378231
vn -0.707106 0.000000 0.707108
vn -0.634392 0.000000 0.773012
vn -0.598638 -0.330972 0.729445
vn -0.667249 -0.330991 0.667251
vn -0.555569 0.000000 0.831471
vn -0.524253 -0.330991 0.784604
vn -0.598638 -0.330972 0.729445
vn -0.634392 0.000000 0.773012
vn -0.187227 -0.872144 0.452008
vn -0.230652 -0.872118 0.431521
vn -0.444827 -0.330972 0.832218
vn -0.361112 -0.330991 0.871805
vn -0.271812 -0.872144 0.406796
vn -0.524253 -0.330991 0.784604
vn -0.444827 -0.330972 0.832218
vn -0.230652 -0.872118 0.431521
vn -0.555569 0.000000 0.831471
vn -0.471395 0.000000 0.881922
vn -0.444827 -0.330972 0.832218
vn -0.524253 -0.330991 0.784604
vn -0.382682 0.000000 0.923880
vn -0.361112 -0.330991 0.871805
vn -0.444827 -0.330972 0.832218
vn -0.471395 0.000000 0.881922
vn -0.095447 -0.872144 0.479849
vn -0.142034 -0.872118 0.468227
vn -0.273923 -0.330972 0.903008
vn -0.184093 -0.330991 0.925502
vn -0.187227 -0.872144 0.452008
vn -0.361112 -0.330991 0.871805
vn -0.273923 -0.330972 0.903008
vn -0.142034 -0.872118 0.468227
vn -0.382682 0.000000 0.923880
vn -0.290283 0.000000 0.956941
vn -0.273923 -0.330972 0.903008
vn -0.361112 -0.330991 0.871805
vn -0.195089 -0.000001 0.980786
vn -0.184093 -0.330991 0.925502
vn -0.273923 -0.330972 0.903008
vn -0.290283 0.000000 0.956941
vn 0.000001 -0.872144 0.489250
vn -0.047959 -0.872118 0.486940
vn -0.092492 -0.330972 0.939097
vn 0.000001 -0.330990 0.943634
vn -0.095447 -0.872144 0.479849
vn -0.184093 -0.330991 0.925502
vn -0.092492 -0.330972 0.939097
vn -0.047959 -0.872118 0.486940
vn -0.195089 -0.000001 0.980786
vn -0.098016 0.000000 0.995185
vn -0.092492 -0.330972 0.939097
vn -0.184093 -0.330991 0.925502
vn 0.000001 -0.000000 1.000000
vn 0.000001 -0.330990 0.943634
vn -0.092492 -0.330972 0.939097
vn -0.098016 0.000000 0.995185
s off
g Poke:polySurface1Sphere001
usemtl Poke:phong3SG
f 998/1023/3645 1639/1024/3646 1319/1025/3647 1641/1026/3648
f 999/1027/3649 1640/1028/3650 1319/1025/3651 1639/1024/3652
f 1000/1029/3653 1641/1026/3654 1319/1025/3655 1640/1028/3656
f 998/1030/3657 1641/1031/3658 1320/1032/3659 1643/1033/3660
f 1000/1029/3661 1642/1034/3662 1320/1032/3663 1641/1031/3664
f 1001/1035/3665 1643/1033/3666 1320/1032/3667 1642/1034/3668
f 998/1036/3669 1643/1037/3670 1321/1038/3671 1645/1039/3672
f 1001/1035/3673 1644/1040/3674 1321/1038/3675 1643/1037/3676
f 1002/1041/3677 1645/1039/3678 1321/1038/3679 1644/1040/3680
f 998/1042/3681 1645/1043/3682 1322/1044/3683 1647/1045/3684
f 1002/1041/3685 1646/1046/3686 1322/1044/3687 1645/1043/3688
f 1003/1047/3689 1647/1045/3690 1322/1044/3691 1646/1046/3692
f 998/1048/3693 1647/1049/3694 1323/1050/3695 1649/1051/3696
f 1003/1047/3697 1648/1052/3698 1323/1050/3699 1647/1049/3700
f 1004/1053/3701 1649/1051/3702 1323/1050/3703 1648/1052/3704
f 998/1054/3705 1649/1055/3706 1324/1056/3707 1651/1057/3708
f 1004/1053/3709 1650/1058/3710 1324/1056/3711 1649/1055/3712
f 1005/1059/3713 1651/1057/3714 1324/1056/3715 1650/1058/3716
f 998/1060/3717 1651/1061/3718 1325/1062/3719 1653/1063/3720
f 1005/1059/3721 1652/1064/3722 1325/1062/3723 1651/1061/3724
f 1006/1065/3725 1653/1063/3726 1325/1062/3727 1652/1064/3728
f 998/1066/3729 1653/1067/3730 1326/1068/3731 1655/1069/3732
f 1006/1065/3733 1654/1070/3734 1326/1068/3735 1653/1067/3736
f 1007/1071/3737 1655/1069/3738 1326/1068/3739 1654/1070/3740
f 998/1072/3741 1655/1073/3742 1327/1074/3743 1657/1075/3744
f 1007/1071/3745 1656/1076/3746 1327/1074/3747 1655/1073/3748
f 1008/1077/3749 1657/1075/3750 1327/1074/3751 1656/1076/3752
f 998/1078/3753 1657/1079/3754 1328/1080/3755 1659/1081/3756
f 1008/1077/3757 1658/1082/3758 1328/1080/3759 1657/1079/3760
f 1009/1083/3761 1659/1081/3762 1328/1080/3763 1658/1082/3764
f 998/1084/3765 1659/1085/3766 1329/1086/3767 1661/1087/3768
f 1009/1083/3769 1660/1088/3770 1329/1086/3771 1659/1085/3772
f 1010/1089/3773 1661/1087/3774 1329/1086/3775 1660/1088/3776
f 998/1090/3777 1661/1091/3778 1330/1092/3779 1663/1093/3780
f 1010/1089/3781 1662/1094/3782 1330/1092/3783 1661/1091/3784
f 1011/1095/3785 1663/1093/3786 1330/1092/3787 1662/1094/3788
f 998/1096/3789 1663/1097/3790 1331/1098/3791 1665/1099/3792
f 1011/1095/3793 1664/1100/3794 1331/1098/3795 1663/1097/3796
f 1012/1101/3797 1665/1099/3798 1331/1098/3799 1664/1100/3800
f 998/1102/3801 1665/1103/3802 1332/1104/3803 1667/1105/3804
f 1012/1101/3805 1666/1106/3806 1332/1104/3807 1665/1103/3808
f 1013/1107/3809 1667/1105/3810 1332/1104/3811 1666/1106/3812
f 998/1108/3813 1667/1109/3814 1333/1110/3815 1669/1111/3816
f 1013/1107/3817 1668/1112/3818 1333/1110/3819 1667/1109/3820
f 1014/1113/3821 1669/1111/3822 1333/1110/3823 1668/1112/3824
f 998/1114/3825 1669/1115/3826 1334/1116/3827 1671/1117/3828
f 1014/1113/3829 1670/1118/3830 1334/1116/3831 1669/1115/3832
f 1015/1119/3833 1671/1117/3834 1334/1116/3835 1670/1118/3836
f 998/1120/3837 1671/1121/3838 1335/1122/3839 1673/1123/3840
f 1015/1119/3841 1672/1124/3842 1335/1122/3843 1671/1121/3844
f 1016/1125/3845 1673/1123/3846 1335/1122/3847 1672/1124/3848
f 998/1126/3849 1673/1127/3850 1336/1128/3851 1675/1129/3852
f 1016/1125/3853 1674/1130/3854 1336/1128/3855 1673/1127/3856
f 1017/1131/3857 1675/1129/3858 1336/1128/3859 1674/1130/3860
f 998/1132/3861 1675/1133/3862 1337/1134/3863 1677/1135/3864
f 1017/1131/3865 1676/1136/3866 1337/1134/3867 1675/1133/3868
f 1018/1137/3869 1677/1135/3870 1337/1134/3871 1676/1136/3872
f 998/1138/3873 1677/1139/3874 1338/1140/3875 1679/1141/3876
f 1018/1137/3877 1678/1142/3878 1338/1140/3879 1677/1139/3880
f 1019/1143/3881 1679/1141/3882 1338/1140/3883 1678/1142/3884
f 998/1144/3885 1679/1145/3886 1339/1146/3887 1681/1147/3888
f 1019/1143/3889 1680/1148/3890 1339/1146/3891 1679/1145/3892
f 1020/1149/3893 1681/1147/3894 1339/1146/3895 1680/1148/3896
f 998/1150/3897 1681/1151/3898 1340/1152/3899 1683/1153/3900
f 1020/1149/3901 1682/1154/3902 1340/1152/3903 1681/1151/3904
f 1021/1155/3905 1683/1153/3906 1340/1152/3907 1682/1154/3908
f 998/1156/3909 1683/1157/3910 1341/1158/3911 1685/1159/3912
f 1021/1155/3913 1684/1160/3914 1341/1158/3915 1683/1157/3916
f 1022/1161/3917 1685/1159/3918 1341/1158/3919 1684/1160/3920
f 998/1162/3921 1685/1163/3922 1342/1164/3923 1687/1165/3924
f 1022/1161/3925 1686/1166/3926 1342/1164/3927 1685/1163/3928
f 1023/1167/3929 1687/1165/3930 1342/1164/3931 1686/1166/3932
f 998/1168/3933 1687/1169/3934 1343/1170/3935 1689/1171/3936
f 1023/1167/3937 1688/1172/3938 1343/1170/3939 1687/1169/3940
f 1024/1173/3941 1689/1171/3942 1343/1170/3943 1688/1172/3944
f 998/1174/3945 1689/1175/3946 1344/1176/3947 1691/1177/3948
f 1024/1173/3949 1690/1178/3950 1344/1176/3951 1689/1175/3952
f 1025/1179/3953 1691/1177/3954 1344/1176/3955 1690/1178/3956
f 998/1180/3957 1691/1181/3958 1345/1182/3959 1693/1183/3960
f 1025/1179/3961 1692/1184/3962 1345/1182/3963 1691/1181/3964
f 1026/1185/3965 1693/1183/3966 1345/1182/3967 1692/1184/3968
f 998/1186/3969 1693/1187/3970 1346/1188/3971 1695/1189/3972
f 1026/1185/3973 1694/1190/3974 1346/1188/3975 1693/1187/3976
f 1027/1191/3977 1695/1189/3978 1346/1188/3979 1694/1190/3980
f 998/1192/3981 1695/1193/3982 1347/1194/3983 1697/1195/3984
f 1027/1191/3985 1696/1196/3986 1347/1194/3987 1695/1193/3988
f 1028/1197/3989 1697/1195/3990 1347/1194/3991 1696/1196/3992
f 998/1198/3993 1697/1199/3994 1348/1200/3995 1699/1201/3996
f 1028/1197/3997 1698/1202/3998 1348/1200/3999 1697/1199/4000
f 1029/1203/4001 1699/1201/4002 1348/1200/4003 1698/1202/4004
f 998/1204/4005 1699/1205/4006 1349/1206/4007 1701/1207/4008
f 1029/1203/4009 1700/1208/4010 1349/1206/4011 1699/1205/4012
f 1030/1209/4013 1701/1207/4014 1349/1206/4015 1700/1208/4016
f 998/1210/4017 1701/1211/4018 1350/1212/4019 1639/1213/4020
f 1030/1209/4021 1702/1214/4022 1350/1212/4023 1701/1211/4024
f 999/1215/4025 1639/1213/4026 1350/1212/4027 1702/1214/4028
f 999/1027/4029 1703/1216/4030 1351/1217/4031 1640/1028/4032
f 1031/1218/4033 1704/1219/4034 1351/1217/4035 1703/1216/4036
f 1032/1220/4037 1705/1221/4038 1351/1217/4039 1704/1219/4040
f 1000/1029/4041 1640/1028/4042 1351/1217/4043 1705/1221/4044
f 1000/1029/4045 1705/1221/4046 1352/1222/4047 1642/1034/4048
f 1032/1220/4049 1706/1223/4050 1352/1222/4051 1705/1221/4052
f 1033/1224/4053 1707/1225/4054 1352/1222/4055 1706/1223/4056
f 1001/1035/4057 1642/1034/4058 1352/1222/4059 1707/1225/4060
f 1001/1035/4061 1707/1225/4062 1353/1226/4063 1644/1040/4064
f 1033/1224/4065 1708/1227/4066 1353/1226/4067 1707/1225/4068
f 1034/1228/4069 1709/1229/4070 1353/1226/4071 1708/1227/4072
f 1002/1041/4073 1644/1040/4074 1353/1226/4075 1709/1229/4076
f 1002/1041/4077 1709/1229/4078 1354/1230/4079 1646/1046/4080
f 1034/1228/4081 1710/1231/4082 1354/1230/4083 1709/1229/4084
f 1035/1232/4085 1711/1233/4086 1354/1230/4087 1710/1231/4088
f 1003/1047/4089 1646/1046/4090 1354/1230/4091 1711/1233/4092
f 1003/1047/4093 1711/1233/4094 1355/1234/4095 1648/1052/4096
f 1035/1232/4097 1712/1235/4098 1355/1234/4099 1711/1233/4100
f 1036/1236/4101 1713/1237/4102 1355/1234/4103 1712/1235/4104
f 1004/1053/4105 1648/1052/4106 1355/1234/4107 1713/1237/4108
f 1004/1053/4109 1713/1237/4110 1356/1238/4111 1650/1058/4112
f 1036/1236/4113 1714/1239/4114 1356/1238/4115 1713/1237/4116
f 1037/1240/4117 1715/1241/4118 1356/1238/4119 1714/1239/4120
f 1005/1059/4121 1650/1058/4122 1356/1238/4123 1715/1241/4124
f 1005/1059/4125 1715/1241/4126 1357/1242/4127 1652/1064/4128
f 1037/1240/4129 1716/1243/4130 1357/1242/4131 1715/1241/4132
f 1038/1244/4133 1717/1245/4134 1357/1242/4135 1716/1243/4136
f 1006/1065/4137 1652/1064/4138 1357/1242/4139 1717/1245/4140
f 1006/1065/4141 1717/1245/4142 1358/1246/4143 1654/1070/4144
f 1038/1244/4145 1718/1247/4146 1358/1246/4147 1717/1245/4148
f 1039/1248/4149 1719/1249/4150 1358/1246/4151 1718/1247/4152
f 1007/1071/4153 1654/1070/4154 1358/1246/4155 1719/1249/4156
f 1007/1071/4157 1719/1249/4158 1359/1250/4159 1656/1076/4160
f 1039/1248/4161 1720/1251/4162 1359/1250/4163 1719/1249/4164
f 1040/1252/4165 1721/1253/4166 1359/1250/4167 1720/1251/4168
f 1008/1077/4169 1656/1076/4170 1359/1250/4171 1721/1253/4172
f 1008/1077/4173 1721/1253/4174 1360/1254/4175 1658/1082/4176
f 1040/1252/4177 1722/1255/4178 1360/1254/4179 1721/1253/4180
f 1041/1256/4181 1723/1257/4182 1360/1254/4183 1722/1255/4184
f 1009/1083/4185 1658/1082/4186 1360/1254/4187 1723/1257/4188
f 1009/1083/4189 1723/1257/4190 1361/1258/4191 1660/1088/4192
f 1041/1256/4193 1724/1259/4194 1361/1258/4195 1723/1257/4196
f 1042/1260/4197 1725/1261/4198 1361/1258/4199 1724/1259/4200
f 1010/1089/4201 1660/1088/4202 1361/1258/4203 1725/1261/4204
f 1010/1089/4205 1725/1261/4206 1362/1262/4207 1662/1094/4208
f 1042/1260/4209 1726/1263/4210 1362/1262/4211 1725/1261/4212
f 1043/1264/4213 1727/1265/4214 1362/1262/4215 1726/1263/4216
f 1011/1095/4217 1662/1094/4218 1362/1262/4219 1727/1265/4220
f 1011/1095/4221 1727/1265/4222 1363/1266/4223 1664/1100/4224
f 1043/1264/4225 1728/1267/4226 1363/1266/4227 1727/1265/4228
f 1044/1268/4229 1729/1269/4230 1363/1266/4231 1728/1267/4232
f 1012/1101/4233 1664/1100/4234 1363/1266/4235 1729/1269/4236
f 1012/1101/4237 1729/1269/4238 1364/1270/4239 1666/1106/4240
f 1044/1268/4241 1730/1271/4242 1364/1270/4243 1729/1269/4244
f 1045/1272/4245 1731/1273/4246 1364/1270/4247 1730/1271/4248
f 1013/1107/4249 1666/1106/4250 1364/1270/4251 1731/1273/4252
f 1013/1107/4253 1731/1273/4254 1365/1274/4255 1668/1112/4256
f 1045/1272/4257 1732/1275/4258 1365/1274/4259 1731/1273/4260
f 1046/1276/4261 1733/1277/4262 1365/1274/4263 1732/1275/4264
f 1014/1113/4265 1668/1112/4266 1365/1274/4267 1733/1277/4268
f 1014/1113/4269 1733/1277/4270 1366/1278/4271 1670/1118/4272
f 1046/1276/4273 1734/1279/4274 1366/1278/4275 1733/1277/4276
f 1047/1280/4277 1735/1281/4278 1366/1278/4279 1734/1279/4280
f 1015/1119/4281 1670/1118/4282 1366/1278/4283 1735/1281/4284
f 1015/1119/4285 1735/1281/4286 1367/1282/4287 1672/1124/4288
f 1047/1280/4289 1736/1283/4290 1367/1282/4291 1735/1281/4292
f 1048/1284/4293 1737/1285/4294 1367/1282/4295 1736/1283/4296
f 1016/1125/4297 1672/1124/4298 1367/1282/4299 1737/1285/4300
f 1016/1125/4301 1737/1285/4302 1368/1286/4303 1674/1130/4304
f 1048/1284/4305 1738/1287/4306 1368/1286/4307 1737/1285/4308
f 1049/1288/4309 1739/1289/4310 1368/1286/4311 1738/1287/4312
f 1017/1131/4313 1674/1130/4314 1368/1286/4315 1739/1289/4316
f 1017/1131/4317 1739/1289/4318 1369/1290/4319 1676/1136/4320
f 1049/1288/4321 1740/1291/4322 1369/1290/4323 1739/1289/4324
f 1050/1292/4325 1741/1293/4326 1369/1290/4327 1740/1291/4328
f 1018/1137/4329 1676/1136/4330 1369/1290/4331 1741/1293/4332
f 1018/1137/4333 1741/1293/4334 1370/1294/4335 1678/1142/4336
f 1050/1292/4337 1742/1295/4338 1370/1294/4339 1741/1293/4340
f 1051/1296/4341 1743/1297/4342 1370/1294/4343 1742/1295/4344
f 1019/1143/4345 1678/1142/4346 1370/1294/4347 1743/1297/4348
f 1019/1143/4349 1743/1297/4350 1371/1298/4351 1680/1148/4352
f 1051/1296/4353 1744/1299/4354 1371/1298/4355 1743/1297/4356
f 1052/1300/4357 1745/1301/4358 1371/1298/4359 1744/1299/4360
f 1020/1149/4361 1680/1148/4362 1371/1298/4363 1745/1301/4364
f 1020/1149/4365 1745/1301/4366 1372/1302/4367 1682/1154/4368
f 1052/1300/4369 1746/1303/4370 1372/1302/4371 1745/1301/4372
f 1053/1304/4373 1747/1305/4374 1372/1302/4375 1746/1303/4376
f 1021/1155/4377 1682/1154/4378 1372/1302/4379 1747/1305/4380
f 1021/1155/4381 1747/1305/4382 1373/1306/4383 1684/1160/4384
f 1053/1304/4385 1748/1307/4386 1373/1306/4387 1747/1305/4388
f 1054/1308/4389 1749/1309/4390 1373/1306/4391 1748/1307/4392
f 1022/1161/4393 1684/1160/4394 1373/1306/4395 1749/1309/4396
f 1022/1161/4397 1749/1309/4398 1374/1310/4399 1686/1166/4400
f 1054/1308/4401 1750/1311/4402 1374/1310/4403 1749/1309/4404
f 1055/1312/4405 1751/1313/4406 1374/1310/4407 1750/1311/4408
f 1023/1167/4409 1686/1166/4410 1374/1310/4411 1751/1313/4412
f 1023/1167/4413 1751/1313/4414 1375/1314/4415 1688/1172/4416
f 1055/1312/4417 1752/1315/4418 1375/1314/4419 1751/1313/4420
f 1056/1316/4421 1753/1317/4422 1375/1314/4423 1752/1315/4424
f 1024/1173/4425 1688/1172/4426 1375/1314/4427 1753/1317/4428
f 1024/1173/4429 1753/1317/4430 1376/1318/4431 1690/1178/4432
f 1056/1316/4433 1754/1319/4434 1376/1318/4435 1753/1317/4436
f 1057/1320/4437 1755/1321/4438 1376/1318/4439 1754/1319/4440
f 1025/1179/4441 1690/1178/4442 1376/1318/4443 1755/1321/4444
f 1025/1179/4445 1755/1321/4446 1377/1322/4447 1692/1184/4448
f 1057/1320/4449 1756/1323/4450 1377/1322/4451 1755/1321/4452
f 1058/1324/4453 1757/1325/4454 1377/1322/4455 1756/1323/4456
f 1026/1185/4457 1692/1184/4458 1377/1322/4459 1757/1325/4460
f 1026/1185/4461 1757/1325/4462 1378/1326/4463 1694/1190/4464
f 1058/1324/4465 1758/1327/4466 1378/1326/4467 1757/1325/4468
f 1059/1328/4469 1759/1329/4470 1378/1326/4471 1758/1327/4472
f 1027/1191/4473 1694/1190/4474 1378/1326/4475 1759/1329/4476
f 1027/1191/4477 1759/1329/4478 1379/1330/4479 1696/1196/4480
f 1059/1328/4481 1760/1331/4482 1379/1330/4483 1759/1329/4484
f 1060/1332/4485 1761/1333/4486 1379/1330/4487 1760/1331/4488
f 1028/1197/4489 1696/1196/4490 1379/1330/4491 1761/1333/4492
f 1028/1197/4493 1761/1333/4494 1380/1334/4495 1698/1202/4496
f 1060/1332/4497 1762/1335/4498 1380/1334/4499 1761/1333/4500
f 1061/1336/4501 1763/1337/4502 1380/1334/4503 1762/1335/4504
f 1029/1203/4505 1698/1202/4506 1380/1334/4507 1763/1337/4508
f 1029/1203/4509 1763/1337/4510 1381/1338/4511 1700/1208/4512
f 1061/1336/4513 1764/1339/4514 1381/1338/4515 1763/1337/4516
f 1062/1340/4517 1765/1341/4518 1381/1338/4519 1764/1339/4520
f 1030/1209/4521 1700/1208/4522 1381/1338/4523 1765/1341/4524
f 1030/1209/4525 1765/1341/4526 1382/1342/4527 1702/1214/4528
f 1062/1340/4529 1766/1343/4530 1382/1342/4531 1765/1341/4532
f 1031/1344/4533 1703/1345/4534 1382/1342/4535 1766/1343/4536
f 999/1215/4537 1702/1214/4538 1382/1342/4539 1703/1345/4540
f 1031/1218/4541 1767/1346/4542 1383/1347/4543 1704/1219/4544
f 1063/1348/4545 1768/1349/4546 1383/1347/4547 1767/1346/4548
f 1064/1350/4549 1769/1351/4550 1383/1347/4551 1768/1349/4552
f 1032/1220/4553 1704/1219/4554 1383/1347/4555 1769/1351/4556
f 1032/1220/4557 1769/1351/4558 1384/1352/4559 1706/1223/4560
f 1064/1350/4561 1770/1353/4562 1384/1352/4563 1769/1351/4564
f 1065/1354/4565 1771/1355/4566 1384/1352/4567 1770/1353/4568
f 1033/1224/4569 1706/1223/4570 1384/1352/4571 1771/1355/4572
f 1033/1224/4573 1771/1355/4574 1385/1356/4575 1708/1227/4576
f 1065/1354/4577 1772/1357/4578 1385/1356/4579 1771/1355/4580
f 1066/1358/4581 1773/1359/4582 1385/1356/4583 1772/1357/4584
f 1034/1228/4585 1708/1227/4586 1385/1356/4587 1773/1359/4588
f 1034/1228/4589 1773/1359/4590 1386/1360/4591 1710/1231/4592
f 1066/1358/4593 1774/1361/4594 1386/1360/4595 1773/1359/4596
f 1067/1362/4597 1775/1363/4598 1386/1360/4599 1774/1361/4600
f 1035/1232/4601 1710/1231/4602 1386/1360/4603 1775/1363/4604
f 1035/1232/4605 1775/1363/4606 1387/1364/4607 1712/1235/4608
f 1067/1362/4609 1776/1365/4610 1387/1364/4611 1775/1363/4612
f 1068/1366/4613 1777/1367/4614 1387/1364/4615 1776/1365/4616
f 1036/1236/4617 1712/1235/4618 1387/1364/4619 1777/1367/4620
f 1036/1236/4621 1777/1367/4622 1388/1368/4623 1714/1239/4624
f 1068/1366/4625 1778/1369/4626 1388/1368/4627 1777/1367/4628
f 1069/1370/4629 1779/1371/4630 1388/1368/4631 1778/1369/4632
f 1037/1240/4633 1714/1239/4634 1388/1368/4635 1779/1371/4636
f 1037/1240/4637 1779/1371/4638 1389/1372/4639 1716/1243/4640
f 1069/1370/4641 1780/1373/4642 1389/1372/4643 1779/1371/4644
f 1070/1374/4645 1781/1375/4646 1389/1372/4647 1780/1373/4648
f 1038/1244/4649 1716/1243/4650 1389/1372/4651 1781/1375/4652
f 1038/1244/4653 1781/1375/4654 1390/1376/4655 1718/1247/4656
f 1070/1374/4657 1782/1377/4658 1390/1376/4659 1781/1375/4660
f 1071/1378/4661 1783/1379/4662 1390/1376/4663 1782/1377/4664
f 1039/1248/4665 1718/1247/4666 1390/1376/4667 1783/1379/4668
f 1039/1248/4669 1783/1379/4670 1391/1380/4671 1720/1251/4672
f 1071/1378/4673 1784/1381/4674 1391/1380/4675 1783/1379/4676
f 1072/1382/4677 1785/1383/4678 1391/1380/4679 1784/1381/4680
f 1040/1252/4681 1720/1251/4682 1391/1380/4683 1785/1383/4684
f 1040/1252/4685 1785/1383/4686 1392/1384/4687 1722/1255/4688
f 1072/1382/4689 1786/1385/4690 1392/1384/4691 1785/1383/4692
f 1073/1386/4693 1787/1387/4694 1392/1384/4695 1786/1385/4696
f 1041/1256/4697 1722/1255/4698 1392/1384/4699 1787/1387/4700
f 1041/1256/4701 1787/1387/4702 1393/1388/4703 1724/1259/4704
f 1073/1386/4705 1788/1389/4706 1393/1388/4707 1787/1387/4708
f 1074/1390/4709 1789/1391/4710 1393/1388/4711 1788/1389/4712
f 1042/1260/4713 1724/1259/4714 1393/1388/4715 1789/1391/4716
f 1042/1260/4717 1789/1391/4718 1394/1392/4719 1726/1263/4720
f 1074/1390/4721 1790/1393/4722 1394/1392/4723 1789/1391/4724
f 1075/1394/4725 1791/1395/4726 1394/1392/4727 1790/1393/4728
f 1043/1264/4729 1726/1263/4730 1394/1392/4731 1791/1395/4732
f 1043/1264/4733 1791/1395/4734 1395/1396/4735 1728/1267/4736
f 1075/1394/4737 1792/1397/4738 1395/1396/4739 1791/1395/4740
f 1076/1398/4741 1793/1399/4742 1395/1396/4743 1792/1397/4744
f 1044/1268/4745 1728/1267/4746 1395/1396/4747 1793/1399/4748
f 1044/1268/4749 1793/1399/4750 1396/1400/4751 1730/1271/4752
f 1076/1398/4753 1794/1401/4754 1396/1400/4755 1793/1399/4756
f 1077/1402/4757 1795/1403/4758 1396/1400/4759 1794/1401/4760
f 1045/1272/4761 1730/1271/4762 1396/1400/4763 1795/1403/4764
f 1045/1272/4765 1795/1403/4766 1397/1404/4767 1732/1275/4768
f 1077/1402/4769 1796/1405/4770 1397/1404/4771 1795/1403/4772
f 1078/1406/4773 1797/1407/4774 1397/1404/4775 1796/1405/4776
f 1046/1276/4777 1732/1275/4778 1397/1404/4779 1797/1407/4780
f 1046/1276/4781 1797/1407/4782 1398/1408/4783 1734/1279/4784
f 1078/1406/4785 1798/1409/4786 1398/1408/4787 1797/1407/4788
f 1079/1410/4789 1799/1411/4790 1398/1408/4791 1798/1409/4792
f 1047/1280/4793 1734/1279/4794 1398/1408/4795 1799/1411/4796
f 1047/1280/4797 1799/1411/4798 1399/1412/4799 1736/1283/4800
f 1079/1410/4801 1800/1413/4802 1399/1412/4803 1799/1411/4804
f 1080/1414/4805 1801/1415/4806 1399/1412/4807 1800/1413/4808
f 1048/1284/4809 1736/1283/4810 1399/1412/4811 1801/1415/4812
f 1048/1284/4813 1801/1415/4814 1400/1416/4815 1738/1287/4816
f 1080/1414/4817 1802/1417/4818 1400/1416/4819 1801/1415/4820
f 1081/1418/4821 1803/1419/4822 1400/1416/4823 1802/1417/4824
f 1049/1288/4825 1738/1287/4826 1400/1416/4827 1803/1419/4828
f 1049/1288/4829 1803/1419/4830 1401/1420/4831 1740/1291/4832
f 1081/1418/4833 1804/1421/4834 1401/1420/4835 1803/1419/4836
f 1082/1422/4837 1805/1423/4838 1401/1420/4839 1804/1421/4840
f 1050/1292/4841 1740/1291/4842 1401/1420/4843 1805/1423/4844
f 1050/1292/4845 1805/1423/4846 1402/1424/4847 1742/1295/4848
f 1082/1422/4849 1806/1425/4850 1402/1424/4851 1805/1423/4852
f 1083/1426/4853 1807/1427/4854 1402/1424/4855 1806/1425/4856
f 1051/1296/4857 1742/1295/4858 1402/1424/4859 1807/1427/4860
f 1051/1296/4861 1807/1427/4862 1403/1428/4863 1744/1299/4864
f 1083/1426/4865 1808/1429/4866 1403/1428/4867 1807/1427/4868
f 1084/1430/4869 1809/1431/4870 1403/1428/4871 1808/1429/4872
f 1052/1300/4873 1744/1299/4874 1403/1428/4875 1809/1431/4876
f 1052/1300/4877 1809/1431/4878 1404/1432/4879 1746/1303/4880
f 1084/1430/4881 1810/1433/4882 1404/1432/4883 1809/1431/4884
f 1085/1434/4885 1811/1435/4886 1404/1432/4887 1810/1433/4888
f 1053/1304/4889 1746/1303/4890 1404/1432/4891 1811/1435/4892
f 1053/1304/4893 1811/1435/4894 1405/1436/4895 1748/1307/4896
f 1085/1434/4897 1812/1437/4898 1405/1436/4899 1811/1435/4900
f 1086/1438/4901 1813/1439/4902 1405/1436/4903 1812/1437/4904
f 1054/1308/4905 1748/1307/4906 1405/1436/4907 1813/1439/4908
f 1054/1308/4909 1813/1439/4910 1406/1440/4911 1750/1311/4912
f 1086/1438/4913 1814/1441/4914 1406/1440/4915 1813/1439/4916
f 1087/1442/4917 1815/1443/4918 1406/1440/4919 1814/1441/4920
f 1055/1312/4921 1750/1311/4922 1406/1440/4923 1815/1443/4924
f 1055/1312/4925 1815/1443/4926 1407/1444/4927 1752/1315/4928
f 1087/1442/4929 1816/1445/4930 1407/1444/4931 1815/1443/4932
f 1088/1446/4933 1817/1447/4934 1407/1444/4935 1816/1445/4936
f 1056/1316/4937 1752/1315/4938 1407/1444/4939 1817/1447/4940
f 1056/1316/4941 1817/1447/4942 1408/1448/4943 1754/1319/4944
f 1088/1446/4945 1818/1449/4946 1408/1448/4947 1817/1447/4948
f 1089/1450/4949 1819/1451/4950 1408/1448/4951 1818/1449/4952
f 1057/1320/4953 1754/1319/4954 1408/1448/4955 1819/1451/4956
f 1057/1320/4957 1819/1451/4958 1409/1452/4959 1756/1323/4960
f 1089/1450/4961 1820/1453/4962 1409/1452/4963 1819/1451/4964
f 1090/1454/4965 1821/1455/4966 1409/1452/4967 1820/1453/4968
f 1058/1324/4969 1756/1323/4970 1409/1452/4971 1821/1455/4972
f 1058/1324/4973 1821/1455/4974 1410/1456/4975 1758/1327/4976
f 1090/1454/4977 1822/1457/4978 1410/1456/4979 1821/1455/4980
f 1091/1458/4981 1823/1459/4982 1410/1456/4983 1822/1457/4984
f 1059/1328/4985 1758/1327/4986 1410/1456/4987 1823/1459/4988
f 1059/1328/4989 1823/1459/4990 1411/1460/4991 1760/1331/4992
f 1091/1458/4993 1824/1461/4994 1411/1460/4995 1823/1459/4996
f 1092/1462/4997 1825/1463/4998 1411/1460/4999 1824/1461/5000
f 1060/1332/5001 1760/1331/5002 1411/1460/5003 1825/1463/5004
f 1060/1332/5005 1825/1463/5006 1412/1464/5007 1762/1335/5008
f 1092/1462/5009 1826/1465/5010 1412/1464/5011 1825/1463/5012
f 1093/1466/5013 1827/1467/5014 1412/1464/5015 1826/1465/5016
f 1061/1336/5017 1762/1335/5018 1412/1464/5019 1827/1467/5020
f 1061/1336/5021 1827/1467/5022 1413/1468/5023 1764/1339/5024
f 1093/1466/5025 1828/1469/5026 1413/1468/5027 1827/1467/5028
f 1094/1470/5029 1829/1471/5030 1413/1468/5031 1828/1469/5032
f 1062/1340/5033 1764/1339/5034 1413/1468/5035 1829/1471/5036
f 1062/1340/5037 1829/1471/5038 1414/1472/5039 1766/1343/5040
f 1094/1470/5041 1830/1473/5042 1414/1472/5043 1829/1471/5044
f 1063/1474/5045 1767/1475/5046 1414/1472/5047 1830/1473/5048
f 1031/1344/5049 1766/1343/5050 1414/1472/5051 1767/1475/5052
f 1063/1348/5053 1831/1476/5054 1415/1477/5055 1768/1349/5056
f 1095/1478/5057 1832/1479/5058 1415/1477/5059 1831/1476/5060
f 1096/1480/5061 1833/1481/5062 1415/1477/5063 1832/1479/5064
f 1064/1350/5065 1768/1349/5066 1415/1477/5067 1833/1481/5068
f 1064/1350/5069 1833/1481/5070 1416/1482/5071 1770/1353/5072
f 1096/1480/5073 1834/1483/5074 1416/1482/5075 1833/1481/5076
f 1097/1484/5077 1835/1485/5078 1416/1482/5079 1834/1483/5080
f 1065/1354/5081 1770/1353/5082 1416/1482/5083 1835/1485/5084
f 1065/1354/5085 1835/1485/5086 1417/1486/5087 1772/1357/5088
f 1097/1484/5089 1836/1487/5090 1417/1486/5091 1835/1485/5092
f 1098/1488/5093 1837/1489/5094 1417/1486/5095 1836/1487/5096
f 1066/1358/5097 1772/1357/5098 1417/1486/5099 1837/1489/5100
f 1066/1358/5101 1837/1489/5102 1418/1490/5103 1774/1361/5104
f 1098/1488/5105 1838/1491/5106 1418/1490/5107 1837/1489/5108
f 1099/1492/5109 1839/1493/5110 1418/1490/5111 1838/1491/5112
f 1067/1362/5113 1774/1361/5114 1418/1490/5115 1839/1493/5116
f 1067/1362/5117 1839/1493/5118 1419/1494/5119 1776/1365/5120
f 1099/1492/5121 1840/1495/5122 1419/1494/5123 1839/1493/5124
f 1100/1496/5125 1841/1497/5126 1419/1494/5127 1840/1495/5128
f 1068/1366/5129 1776/1365/5130 1419/1494/5131 1841/1497/5132
f 1068/1366/5133 1841/1497/5134 1420/1498/5135 1778/1369/5136
f 1100/1496/5137 1842/1499/5138 1420/1498/5139 1841/1497/5140
f 1101/1500/5141 1843/1501/5142 1420/1498/5143 1842/1499/5144
f 1069/1370/5145 1778/1369/5146 1420/1498/5147 1843/1501/5148
f 1069/1370/5149 1843/1501/5150 1421/1502/5151 1780/1373/5152
f 1101/1500/5153 1844/1503/5154 1421/1502/5155 1843/1501/5156
f 1102/1504/5157 1845/1505/5158 1421/1502/5159 1844/1503/5160
f 1070/1374/5161 1780/1373/5162 1421/1502/5163 1845/1505/5164
f 1070/1374/5165 1845/1505/5166 1422/1506/5167 1782/1377/5168
f 1102/1504/5169 1846/1507/5170 1422/1506/5171 1845/1505/5172
f 1103/1508/5173 1847/1509/5174 1422/1506/5175 1846/1507/5176
f 1071/1378/5177 1782/1377/5178 1422/1506/5179 1847/1509/5180
f 1071/1378/5181 1847/1509/5182 1423/1510/5183 1784/1381/5184
f 1103/1508/5185 1848/1511/5186 1423/1510/5187 1847/1509/5188
f 1104/1512/5189 1849/1513/5190 1423/1510/5191 1848/1511/5192
f 1072/1382/5193 1784/1381/5194 1423/1510/5195 1849/1513/5196
f 1072/1382/5197 1849/1513/5198 1424/1514/5199 1786/1385/5200
f 1104/1512/5201 1850/1515/5202 1424/1514/5203 1849/1513/5204
f 1105/1516/5205 1851/1517/5206 1424/1514/5207 1850/1515/5208
f 1073/1386/5209 1786/1385/5210 1424/1514/5211 1851/1517/5212
f 1073/1386/5213 1851/1517/5214 1425/1518/5215 1788/1389/5216
f 1105/1516/5217 1852/1519/5218 1425/1518/5219 1851/1517/5220
f 1106/1520/5221 1853/1521/5222 1425/1518/5223 1852/1519/5224
f 1074/1390/5225 1788/1389/5226 1425/1518/5227 1853/1521/5228
f 1074/1390/5229 1853/1521/5230 1426/1522/5231 1790/1393/5232
f 1106/1520/5233 1854/1523/5234 1426/1522/5235 1853/1521/5236
f 1107/1524/5237 1855/1525/5238 1426/1522/5239 1854/1523/5240
f 1075/1394/5241 1790/1393/5242 1426/1522/5243 1855/1525/5244
f 1075/1394/5245 1855/1525/5246 1427/1526/5247 1792/1397/5248
f 1107/1524/5249 1856/1527/5250 1427/1526/5251 1855/1525/5252
f 1108/1528/5253 1857/1529/5254 1427/1526/5255 1856/1527/5256
f 1076/1398/5257 1792/1397/5258 1427/1526/5259 1857/1529/5260
f 1076/1398/5261 1857/1529/5262 1428/1530/5263 1794/1401/5264
f 1108/1528/5265 1858/1531/5266 1428/1530/5267 1857/1529/5268
f 1109/1532/5269 1859/1533/5270 1428/1530/5271 1858/1531/5272
f 1077/1402/5273 1794/1401/5274 1428/1530/5275 1859/1533/5276
f 1077/1402/5277 1859/1533/5278 1429/1534/5279 1796/1405/5280
f 1109/1532/5281 1860/1535/5282 1429/1534/5283 1859/1533/5284
f 1110/1536/5285 1861/1537/5286 1429/1534/5287 1860/1535/5288
f 1078/1406/5289 1796/1405/5290 1429/1534/5291 1861/1537/5292
f 1078/1406/5293 1861/1537/5294 1430/1538/5295 1798/1409/5296
f 1110/1536/5297 1862/1539/5298 1430/1538/5299 1861/1537/5300
f 1111/1540/5301 1863/1541/5302 1430/1538/5303 1862/1539/5304
f 1079/1410/5305 1798/1409/5306 1430/1538/5307 1863/1541/5308
f 1079/1410/5309 1863/1541/5310 1431/1542/5311 1800/1413/5312
f 1111/1540/5313 1864/1543/5314 1431/1542/5315 1863/1541/5316
f 1112/1544/5317 1865/1545/5318 1431/1542/5319 1864/1543/5320
f 1080/1414/5321 1800/1413/5322 1431/1542/5323 1865/1545/5324
f 1080/1414/5325 1865/1545/5326 1432/1546/5327 1802/1417/5328
f 1112/1544/5329 1866/1547/5330 1432/1546/5331 1865/1545/5332
f 1113/1548/5333 1867/1549/5334 1432/1546/5335 1866/1547/5336
f 1081/1418/5337 1802/1417/5338 1432/1546/5339 1867/1549/5340
f 1081/1418/5341 1867/1549/5342 1433/1550/5343 1804/1421/5344
f 1113/1548/5345 1868/1551/5346 1433/1550/5347 1867/1549/5348
f 1114/1552/5349 1869/1553/5350 1433/1550/5351 1868/1551/5352
f 1082/1422/5353 1804/1421/5354 1433/1550/5355 1869/1553/5356
f 1082/1422/5357 1869/1553/5358 1434/1554/5359 1806/1425/5360
f 1114/1552/5361 1870/1555/5362 1434/1554/5363 1869/1553/5364
f 1115/1556/5365 1871/1557/5366 1434/1554/5367 1870/1555/5368
f 1083/1426/5369 1806/1425/5370 1434/1554/5371 1871/1557/5372
f 1083/1426/5373 1871/1557/5374 1435/1558/5375 1808/1429/5376
f 1115/1556/5377 1872/1559/5378 1435/1558/5379 1871/1557/5380
f 1116/1560/5381 1873/1561/5382 1435/1558/5383 1872/1559/5384
f 1084/1430/5385 1808/1429/5386 1435/1558/5387 1873/1561/5388
f 1084/1430/5389 1873/1561/5390 1436/1562/5391 1810/1433/5392
f 1116/1560/5393 1874/1563/5394 1436/1562/5395 1873/1561/5396
f 1117/1564/5397 1875/1565/5398 1436/1562/5399 1874/1563/5400
f 1085/1434/5401 1810/1433/5402 1436/1562/5403 1875/1565/5404
f 1085/1434/5405 1875/1565/5406 1437/1566/5407 1812/1437/5408
f 1117/1564/5409 1876/1567/5410 1437/1566/5411 1875/1565/5412
f 1118/1568/5413 1877/1569/5414 1437/1566/5415 1876/1567/5416
f 1086/1438/5417 1812/1437/5418 1437/1566/5419 1877/1569/5420
f 1086/1438/5421 1877/1569/5422 1438/1570/5423 1814/1441/5424
f 1118/1568/5425 1878/1571/5426 1438/1570/5427 1877/1569/5428
f 1119/1572/5429 1879/1573/5430 1438/1570/5431 1878/1571/5432
f 1087/1442/5433 1814/1441/5434 1438/1570/5435 1879/1573/5436
f 1087/1442/5437 1879/1573/5438 1439/1574/5439 1816/1445/5440
f 1119/1572/5441 1880/1575/5442 1439/1574/5443 1879/1573/5444
f 1120/1576/5445 1881/1577/5446 1439/1574/5447 1880/1575/5448
f 1088/1446/5449 1816/1445/5450 1439/1574/5451 1881/1577/5452
f 1088/1446/5453 1881/1577/5454 1440/1578/5455 1818/1449/5456
f 1120/1576/5457 1882/1579/5458 1440/1578/5459 1881/1577/5460
f 1121/1580/5461 1883/1581/5462 1440/1578/5463 1882/1579/5464
f 1089/1450/5465 1818/1449/5466 1440/1578/5467 1883/1581/5468
f 1089/1450/5469 1883/1581/5470 1441/1582/5471 1820/1453/5472
f 1121/1580/5473 1884/1583/5474 1441/1582/5475 1883/1581/5476
f 1122/1584/5477 1885/1585/5478 1441/1582/5479 1884/1583/5480
f 1090/1454/5481 1820/1453/5482 1441/1582/5483 1885/1585/5484
f 1090/1454/5485 1885/1585/5486 1442/1586/5487 1822/1457/5488
f 1122/1584/5489 1886/1587/5490 1442/1586/5491 1885/1585/5492
f 1123/1588/5493 1887/1589/5494 1442/1586/5495 1886/1587/5496
f 1091/1458/5497 1822/1457/5498 1442/1586/5499 1887/1589/5500
f 1091/1458/5501 1887/1589/5502 1443/1590/5503 1824/1461/5504
f 1123/1588/5505 1888/1591/5506 1443/1590/5507 1887/1589/5508
f 1124/1592/5509 1889/1593/5510 1443/1590/5511 1888/1591/5512
f 1092/1462/5513 1824/1461/5514 1443/1590/5515 1889/1593/5516
f 1092/1462/5517 1889/1593/5518 1444/1594/5519 1826/1465/5520
f 1124/1592/5521 1890/1595/5522 1444/1594/5523 1889/1593/5524
f 1125/1596/5525 1891/1597/5526 1444/1594/5527 1890/1595/5528
f 1093/1466/5529 1826/1465/5530 1444/1594/5531 1891/1597/5532
f 1093/1466/5533 1891/1597/5534 1445/1598/5535 1828/1469/5536
f 1125/1596/5537 1892/1599/5538 1445/1598/5539 1891/1597/5540
f 1126/1600/5541 1893/1601/5542 1445/1598/5543 1892/1599/5544
f 1094/1470/5545 1828/1469/5546 1445/1598/5547 1893/1601/5548
f 1094/1470/5549 1893/1601/5550 1446/1602/5551 1830/1473/5552
f 1126/1600/5553 1894/1603/5554 1446/1602/5555 1893/1601/5556
f 1095/1604/5557 1831/1605/5558 1446/1602/5559 1894/1603/5560
f 1063/1474/5561 1830/1473/5562 1446/1602/5563 1831/1605/5564
f 1095/1478/5565 1895/1606/5566 1447/1607/5567 1832/1479/5568
f 1127/1608/5569 1896/1609/5570 1447/1607/5571 1895/1606/5572
f 1128/1610/5573 1897/1611/5574 1447/1607/5575 1896/1609/5576
f 1096/1480/5577 1832/1479/5578 1447/1607/5579 1897/1611/5580
f 1096/1480/5581 1897/1611/5582 1448/1612/5583 1834/1483/5584
f 1128/1610/5585 1898/1613/5586 1448/1612/5587 1897/1611/5588
f 1129/1614/5589 1899/1615/5590 1448/1612/5591 1898/1613/5592
f 1097/1484/5593 1834/1483/5594 1448/1612/5595 1899/1615/5596
f 1097/1484/5597 1899/1615/5598 1449/1616/5599 1836/1487/5600
f 1129/1614/5601 1900/1617/5602 1449/1616/5603 1899/1615/5604
f 1130/1618/5605 1901/1619/5606 1449/1616/5607 1900/1617/5608
f 1098/1488/5609 1836/1487/5610 1449/1616/5611 1901/1619/5612
f 1098/1488/5613 1901/1619/5614 1450/1620/5615 1838/1491/5616
f 1130/1618/5617 1902/1621/5618 1450/1620/5619 1901/1619/5620
f 1131/1622/5621 1903/1623/5622 1450/1620/5623 1902/1621/5624
f 1099/1492/5625 1838/1491/5626 1450/1620/5627 1903/1623/5628
f 1099/1492/5629 1903/1623/5630 1451/1624/5631 1840/1495/5632
f 1131/1622/5633 1904/1625/5634 1451/1624/5635 1903/1623/5636
f 1132/1626/5637 1905/1627/5638 1451/1624/5639 1904/1625/5640
f 1100/1496/5641 1840/1495/5642 1451/1624/5643 1905/1627/5644
f 1100/1496/5645 1905/1627/5646 1452/1628/5647 1842/1499/5648
f 1132/1626/5649 1906/1629/5650 1452/1628/5651 1905/1627/5652
f 1133/1630/5653 1907/1631/5654 1452/1628/5655 1906/1629/5656
f 1101/1500/5657 1842/1499/5658 1452/1628/5659 1907/1631/5660
f 1101/1500/5661 1907/1631/5662 1453/1632/5663 1844/1503/5664
f 1133/1630/5665 1908/1633/5666 1453/1632/5667 1907/1631/5668
f 1134/1634/5669 1909/1635/5670 1453/1632/5671 1908/1633/5672
f 1102/1504/5673 1844/1503/5674 1453/1632/5675 1909/1635/5676
f 1102/1504/5677 1909/1635/5678 1454/1636/5679 1846/1507/5680
f 1134/1634/5681 1910/1637/5682 1454/1636/5683 1909/1635/5684
f 1135/1638/5685 1911/1639/5686 1454/1636/5687 1910/1637/5688
f 1103/1508/5689 1846/1507/5690 1454/1636/5691 1911/1639/5692
f 1103/1508/5693 1911/1639/5694 1455/1640/5695 1848/1511/5696
f 1135/1638/5697 1912/1641/5698 1455/1640/5699 1911/1639/5700
f 1136/1642/5701 1913/1643/5702 1455/1640/5703 1912/1641/5704
f 1104/1512/5705 1848/1511/5706 1455/1640/5707 1913/1643/5708
f 1104/1512/5709 1913/1643/5710 1456/1644/5711 1850/1515/5712
f 1136/1642/5713 1914/1645/5714 1456/1644/5715 1913/1643/5716
f 1137/1646/5717 1915/1647/5718 1456/1644/5719 1914/1645/5720
f 1105/1516/5721 1850/1515/5722 1456/1644/5723 1915/1647/5724
f 1105/1516/5725 1915/1647/5726 1457/1648/5727 1852/1519/5728
f 1137/1646/5729 1916/1649/5730 1457/1648/5731 1915/1647/5732
f 1138/1650/5733 1917/1651/5734 1457/1648/5735 1916/1649/5736
f 1106/1520/5737 1852/1519/5738 1457/1648/5739 1917/1651/5740
f 1106/1520/5741 1917/1651/5742 1458/1652/5743 1854/1523/5744
f 1138/1650/5745 1918/1653/5746 1458/1652/5747 1917/1651/5748
f 1139/1654/5749 1919/1655/5750 1458/1652/5751 1918/1653/5752
f 1107/1524/5753 1854/1523/5754 1458/1652/5755 1919/1655/5756
f 1107/1524/5757 1919/1655/5758 1459/1656/5759 1856/1527/5760
f 1139/1654/5761 1920/1657/5762 1459/1656/5763 1919/1655/5764
f 1140/1658/5765 1921/1659/5766 1459/1656/5767 1920/1657/5768
f 1108/1528/5769 1856/1527/5770 1459/1656/5771 1921/1659/5772
f 1108/1528/5773 1921/1659/5774 1460/1660/5775 1858/1531/5776
f 1140/1658/5777 1922/1661/5778 1460/1660/5779 1921/1659/5780
f 1141/1662/5781 1923/1663/5782 1460/1660/5783 1922/1661/5784
f 1109/1532/5785 1858/1531/5786 1460/1660/5787 1923/1663/5788
f 1109/1532/5789 1923/1663/5790 1461/1664/5791 1860/1535/5792
f 1141/1662/5793 1924/1665/5794 1461/1664/5795 1923/1663/5796
f 1142/1666/5797 1925/1667/5798 1461/1664/5799 1924/1665/5800
f 1110/1536/5801 1860/1535/5802 1461/1664/5803 1925/1667/5804
f 1110/1536/5805 1925/1667/5806 1462/1668/5807 1862/1539/5808
f 1142/1666/5809 1926/1669/5810 1462/1668/5811 1925/1667/5812
f 1143/1670/5813 1927/1671/5814 1462/1668/5815 1926/1669/5816
f 1111/1540/5817 1862/1539/5818 1462/1668/5819 1927/1671/5820
f 1111/1540/5821 1927/1671/5822 1463/1672/5823 1864/1543/5824
f 1143/1670/5825 1928/1673/5826 1463/1672/5827 1927/1671/5828
f 1144/1674/5829 1929/1675/5830 1463/1672/5831 1928/1673/5832
f 1112/1544/5833 1864/1543/5834 1463/1672/5835 1929/1675/5836
f 1112/1544/5837 1929/1675/5838 1464/1676/5839 1866/1547/5840
f 1144/1674/5841 1930/1677/5842 1464/1676/5843 1929/1675/5844
f 1145/1678/5845 1931/1679/5846 1464/1676/5847 1930/1677/5848
f 1113/1548/5849 1866/1547/5850 1464/1676/5851 1931/1679/5852
f 1113/1548/5853 1931/1679/5854 1465/1680/5855 1868/1551/5856
f 1145/1678/5857 1932/1681/5858 1465/1680/5859 1931/1679/5860
f 1146/1682/5861 1933/1683/5862 1465/1680/5863 1932/1681/5864
f 1114/1552/5865 1868/1551/5866 1465/1680/5867 1933/1683/5868
f 1114/1552/5869 1933/1683/5870 1466/1684/5871 1870/1555/5872
f 1146/1682/5873 1934/1685/5874 1466/1684/5875 1933/1683/5876
f 1147/1686/5877 1935/1687/5878 1466/1684/5879 1934/1685/5880
f 1115/1556/5881 1870/1555/5882 1466/1684/5883 1935/1687/5884
f 1115/1556/5885 1935/1687/5886 1467/1688/5887 1872/1559/5888
f 1147/1686/5889 1936/1689/5890 1467/1688/5891 1935/1687/5892
f 1148/1690/5893 1937/1691/5894 1467/1688/5895 1936/1689/5896
f 1116/1560/5897 1872/1559/5898 1467/1688/5899 1937/1691/5900
f 1116/1560/5901 1937/1691/5902 1468/1692/5903 1874/1563/5904
f 1148/1690/5905 1938/1693/5906 1468/1692/5907 1937/1691/5908
f 1149/1694/5909 1939/1695/5910 1468/1692/5911 1938/1693/5912
f 1117/1564/5913 1874/1563/5914 1468/1692/5915 1939/1695/5916
f 1117/1564/5917 1939/1695/5918 1469/1696/5919 1876/1567/5920
f 1149/1694/5921 1940/1697/5922 1469/1696/5923 1939/1695/5924
f 1150/1698/5925 1941/1699/5926 1469/1696/5927 1940/1697/5928
f 1118/1568/5929 1876/1567/5930 1469/1696/5931 1941/1699/5932
f 1118/1568/5933 1941/1699/5934 1470/1700/5935 1878/1571/5936
f 1150/1698/5937 1942/1701/5938 1470/1700/5939 1941/1699/5940
f 1151/1702/5941 1943/1703/5942 1470/1700/5943 1942/1701/5944
f 1119/1572/5945 1878/1571/5946 1470/1700/5947 1943/1703/5948
f 1119/1572/5949 1943/1703/5950 1471/1704/5951 1880/1575/5952
f 1151/1702/5953 1944/1705/5954 1471/1704/5955 1943/1703/5956
f 1152/1706/5957 1945/1707/5958 1471/1704/5959 1944/1705/5960
f 1120/1576/5961 1880/1575/5962 1471/1704/5963 1945/1707/5964
f 1120/1576/5965 1945/1707/5966 1472/1708/5967 1882/1579/5968
f 1152/1706/5969 1946/1709/5970 1472/1708/5971 1945/1707/5972
f 1153/1710/5973 1947/1711/5974 1472/1708/5975 1946/1709/5976
f 1121/1580/5977 1882/1579/5978 1472/1708/5979 1947/1711/5980
f 1121/1580/5981 1947/1711/5982 1473/1712/5983 1884/1583/5984
f 1153/1710/5985 1948/1713/5986 1473/1712/5987 1947/1711/5988
f 1154/1714/5989 1949/1715/5990 1473/1712/5991 1948/1713/5992
f 1122/1584/5993 1884/1583/5994 1473/1712/5995 1949/1715/5996
f 1122/1584/5997 1949/1715/5998 1474/1716/5999 1886/1587/6000
f 1154/1714/6001 1950/1717/6002 1474/1716/6003 1949/1715/6004
f 1155/1718/6005 1951/1719/6006 1474/1716/6007 1950/1717/6008
f 1123/1588/6009 1886/1587/6010 1474/1716/6011 1951/1719/6012
f 1123/1588/6013 1951/1719/6014 1475/1720/6015 1888/1591/6016
f 1155/1718/6017 1952/1721/6018 1475/1720/6019 1951/1719/6020
f 1156/1722/6021 1953/1723/6022 1475/1720/6023 1952/1721/6024
f 1124/1592/6025 1888/1591/6026 1475/1720/6027 1953/1723/6028
f 1124/1592/6029 1953/1723/6030 1476/1724/6031 1890/1595/6032
f 1156/1722/6033 1954/1725/6034 1476/1724/6035 1953/1723/6036
f 1157/1726/6037 1955/1727/6038 1476/1724/6039 1954/1725/6040
f 1125/1596/6041 1890/1595/6042 1476/1724/6043 1955/1727/6044
f 1125/1596/6045 1955/1727/6046 1477/1728/6047 1892/1599/6048
f 1157/1726/6049 1956/1729/6050 1477/1728/6051 1955/1727/6052
f 1158/1730/6053 1957/1731/6054 1477/1728/6055 1956/1729/6056
f 1126/1600/6057 1892/1599/6058 1477/1728/6059 1957/1731/6060
f 1126/1600/6061 1957/1731/6062 1478/1732/6063 1894/1603/6064
f 1158/1730/6065 1958/1733/6066 1478/1732/6067 1957/1731/6068
f 1127/1734/6069 1895/1735/6070 1478/1732/6071 1958/1733/6072
f 1095/1604/6073 1894/1603/6074 1478/1732/6075 1895/1735/6076
f 1127/1608/6077 1959/1736/6078 1479/1737/6079 1896/1609/6080
f 1159/1738/6081 1960/1739/6082 1479/1737/6083 1959/1736/6084
f 1160/1740/6085 1961/1741/6086 1479/1737/6087 1960/1739/6088
f 1128/1610/6089 1896/1609/6090 1479/1737/6091 1961/1741/6092
f 1128/1610/6093 1961/1741/6094 1480/1742/6095 1898/1613/6096
f 1160/1740/6097 1962/1743/6098 1480/1742/6099 1961/1741/6100
f 1161/1744/6101 1963/1745/6102 1480/1742/6103 1962/1743/6104
f 1129/1614/6105 1898/1613/6106 1480/1742/6107 1963/1745/6108
f 1129/1614/6109 1963/1745/6110 1481/1746/6111 1900/1617/6112
f 1161/1744/6113 1964/1747/6114 1481/1746/6115 1963/1745/6116
f 1162/1748/6117 1965/1749/6118 1481/1746/6119 1964/1747/6120
f 1130/1618/6121 1900/1617/6122 1481/1746/6123 1965/1749/6124
f 1130/1618/6125 1965/1749/6126 1482/1750/6127 1902/1621/6128
f 1162/1748/6129 1966/1751/6130 1482/1750/6131 1965/1749/6132
f 1163/1752/6133 1967/1753/6134 1482/1750/6135 1966/1751/6136
f 1131/1622/6137 1902/1621/6138 1482/1750/6139 1967/1753/6140
f 1131/1622/6141 1967/1753/6142 1483/1754/6143 1904/1625/6144
f 1163/1752/6145 1968/1755/6146 1483/1754/6147 1967/1753/6148
f 1164/1756/6149 1969/1757/6150 1483/1754/6151 1968/1755/6152
f 1132/1626/6153 1904/1625/6154 1483/1754/6155 1969/1757/6156
f 1132/1626/6157 1969/1757/6158 1484/1758/6159 1906/1629/6160
f 1164/1756/6161 1970/1759/6162 1484/1758/6163 1969/1757/6164
f 1165/1760/6165 1971/1761/6166 1484/1758/6167 1970/1759/6168
f 1133/1630/6169 1906/1629/6170 1484/1758/6171 1971/1761/6172
f 1133/1630/6173 1971/1761/6174 1485/1762/6175 1908/1633/6176
f 1165/1760/6177 1972/1763/6178 1485/1762/6179 1971/1761/6180
f 1166/1764/6181 1973/1765/6182 1485/1762/6183 1972/1763/6184
f 1134/1634/6185 1908/1633/6186 1485/1762/6187 1973/1765/6188
f 1134/1634/6189 1973/1765/6190 1486/1766/6191 1910/1637/6192
f 1166/1764/6193 1974/1767/6194 1486/1766/6195 1973/1765/6196
f 1167/1768/6197 1975/1769/6198 1486/1766/6199 1974/1767/6200
f 1135/1638/6201 1910/1637/6202 1486/1766/6203 1975/1769/6204
f 1135/1638/6205 1975/1769/6206 1487/1770/6207 1912/1641/6208
f 1167/1768/6209 1976/1771/6210 1487/1770/6211 1975/1769/6212
f 1168/1772/6213 1977/1773/6214 1487/1770/6215 1976/1771/6216
f 1136/1642/6217 1912/1641/6218 1487/1770/6219 1977/1773/6220
f 1136/1642/6221 1977/1773/6222 1488/1774/6223 1914/1645/6224
f 1168/1772/6225 1978/1775/6226 1488/1774/6227 1977/1773/6228
f 1169/1776/6229 1979/1777/6230 1488/1774/6231 1978/1775/6232
f 1137/1646/6233 1914/1645/6234 1488/1774/6235 1979/1777/6236
f 1137/1646/6237 1979/1777/6238 1489/1778/6239 1916/1649/6240
f 1169/1776/6241 1980/1779/6242 1489/1778/6243 1979/1777/6244
f 1170/1780/6245 1981/1781/6246 1489/1778/6247 1980/1779/6248
f 1138/1650/6249 1916/1649/6250 1489/1778/6251 1981/1781/6252
f 1138/1650/6253 1981/1781/6254 1490/1782/6255 1918/1653/6256
f 1170/1780/6257 1982/1783/6258 1490/1782/6259 1981/1781/6260
f 1171/1784/6261 1983/1785/6262 1490/1782/6263 1982/1783/6264
f 1139/1654/6265 1918/1653/6266 1490/1782/6267 1983/1785/6268
f 1139/1654/6269 1983/1785/6270 1491/1786/6271 1920/1657/6272
f 1171/1784/6273 1984/1787/6274 1491/1786/6275 1983/1785/6276
f 1172/1788/6277 1985/1789/6278 1491/1786/6279 1984/1787/6280
f 1140/1658/6281 1920/1657/6282 1491/1786/6283 1985/1789/6284
f 1140/1658/6285 1985/1789/6286 1492/1790/6287 1922/1661/6288
f 1172/1788/6289 1986/1791/6290 1492/1790/6291 1985/1789/6292
f 1173/1792/6293 1987/1793/6294 1492/1790/6295 1986/1791/6296
f 1141/1662/6297 1922/1661/6298 1492/1790/6299 1987/1793/6300
f 1141/1662/6301 1987/1793/6302 1493/1794/6303 1924/1665/6304
f 1173/1792/6305 1988/1795/6306 1493/1794/6307 1987/1793/6308
f 1174/1796/6309 1989/1797/6310 1493/1794/6311 1988/1795/6312
f 1142/1666/6313 1924/1665/6314 1493/1794/6315 1989/1797/6316
f 1142/1666/6317 1989/1797/6318 1494/1798/6319 1926/1669/6320
f 1174/1796/6321 1990/1799/6322 1494/1798/6323 1989/1797/6324
f 1175/1800/6325 1991/1801/6326 1494/1798/6327 1990/1799/6328
f 1143/1670/6329 1926/1669/6330 1494/1798/6331 1991/1801/6332
f 1143/1670/6333 1991/1801/6334 1495/1802/6335 1928/1673/6336
f 1175/1800/6337 1992/1803/6338 1495/1802/6339 1991/1801/6340
f 1176/1804/6341 1993/1805/6342 1495/1802/6343 1992/1803/6344
f 1144/1674/6345 1928/1673/6346 1495/1802/6347 1993/1805/6348
f 1144/1674/6349 1993/1805/6350 1496/1806/6351 1930/1677/6352
f 1176/1804/6353 1994/1807/6354 1496/1806/6355 1993/1805/6356
f 1177/1808/6357 1995/1809/6358 1496/1806/6359 1994/1807/6360
f 1145/1678/6361 1930/1677/6362 1496/1806/6363 1995/1809/6364
f 1145/1678/6365 1995/1809/6366 1497/1810/6367 1932/1681/6368
f 1177/1808/6369 1996/1811/6370 1497/1810/6371 1995/1809/6372
f 1178/1812/6373 1997/1813/6374 1497/1810/6375 1996/1811/6376
f 1146/1682/6377 1932/1681/6378 1497/1810/6379 1997/1813/6380
f 1146/1682/6381 1997/1813/6382 1498/1814/6383 1934/1685/6384
f 1178/1812/6385 1998/1815/6386 1498/1814/6387 1997/1813/6388
f 1179/1816/6389 1999/1817/6390 1498/1814/6391 1998/1815/6392
f 1147/1686/6393 1934/1685/6394 1498/1814/6395 1999/1817/6396
f 1147/1686/6397 1999/1817/6398 1499/1818/6399 1936/1689/6400
f 1179/1816/6401 2000/1819/6402 1499/1818/6403 1999/1817/6404
f 1180/1820/6405 2001/1821/6406 1499/1818/6407 2000/1819/6408
f 1148/1690/6409 1936/1689/6410 1499/1818/6411 2001/1821/6412
f 1148/1690/6413 2001/1821/6414 1500/1822/6415 1938/1693/6416
f 1180/1820/6417 2002/1823/6418 1500/1822/6419 2001/1821/6420
f 1181/1824/6421 2003/1825/6422 1500/1822/6423 2002/1823/6424
f 1149/1694/6425 1938/1693/6426 1500/1822/6427 2003/1825/6428
f 1149/1694/6429 2003/1825/6430 1501/1826/6431 1940/1697/6432
f 1181/1824/6433 2004/1827/6434 1501/1826/6435 2003/1825/6436
f 1182/1828/6437 2005/1829/6438 1501/1826/6439 2004/1827/6440
f 1150/1698/6441 1940/1697/6442 1501/1826/6443 2005/1829/6444
f 1150/1698/6445 2005/1829/6446 1502/1830/6447 1942/1701/6448
f 1182/1828/6449 2006/1831/6450 1502/1830/6451 2005/1829/6452
f 1183/1832/6453 2007/1833/6454 1502/1830/6455 2006/1831/6456
f 1151/1702/6457 1942/1701/6458 1502/1830/6459 2007/1833/6460
f 1151/1702/6461 2007/1833/6462 1503/1834/6463 1944/1705/6464
f 1183/1832/6465 2008/1835/6466 1503/1834/6467 2007/1833/6468
f 1184/1836/6469 2009/1837/6470 1503/1834/6471 2008/1835/6472
f 1152/1706/6473 1944/1705/6474 1503/1834/6475 2009/1837/6476
f 1152/1706/6477 2009/1837/6478 1504/1838/6479 1946/1709/6480
f 1184/1836/6481 2010/1839/6482 1504/1838/6483 2009/1837/6484
f 1185/1840/6485 2011/1841/6486 1504/1838/6487 2010/1839/6488
f 1153/1710/6489 1946/1709/6490 1504/1838/6491 2011/1841/6492
f 1153/1710/6493 2011/1841/6494 1505/1842/6495 1948/1713/6496
f 1185/1840/6497 2012/1843/6498 1505/1842/6499 2011/1841/6500
f 1186/1844/6501 2013/1845/6502 1505/1842/6503 2012/1843/6504
f 1154/1714/6505 1948/1713/6506 1505/1842/6507 2013/1845/6508
f 1154/1714/6509 2013/1845/6510 1506/1846/6511 1950/1717/6512
f 1186/1844/6513 2014/1847/6514 1506/1846/6515 2013/1845/6516
f 1187/1848/6517 2015/1849/6518 1506/1846/6519 2014/1847/6520
f 1155/1718/6521 1950/1717/6522 1506/1846/6523 2015/1849/6524
f 1155/1718/6525 2015/1849/6526 1507/1850/6527 1952/1721/6528
f 1187/1848/6529 2016/1851/6530 1507/1850/6531 2015/1849/6532
f 1188/1852/6533 2017/1853/6534 1507/1850/6535 2016/1851/6536
f 1156/1722/6537 1952/1721/6538 1507/1850/6539 2017/1853/6540
f 1156/1722/6541 2017/1853/6542 1508/1854/6543 1954/1725/6544
f 1188/1852/6545 2018/1855/6546 1508/1854/6547 2017/1853/6548
f 1189/1856/6549 2019/1857/6550 1508/1854/6551 2018/1855/6552
f 1157/1726/6553 1954/1725/6554 1508/1854/6555 2019/1857/6556
f 1157/1726/6557 2019/1857/6558 1509/1858/6559 1956/1729/6560
f 1189/1856/6561 2020/1859/6562 1509/1858/6563 2019/1857/6564
f 1190/1860/6565 2021/1861/6566 1509/1858/6567 2020/1859/6568
f 1158/1730/6569 1956/1729/6570 1509/1858/6571 2021/1861/6572
f 1158/1730/6573 2021/1861/6574 1510/1862/6575 1958/1733/6576
f 1190/1860/6577 2022/1863/6578 1510/1862/6579 2021/1861/6580
f 1159/1864/6581 1959/1865/6582 1510/1862/6583 2022/1863/6584
f 1127/1734/6585 1958/1733/6586 1510/1862/6587 1959/1865/6588
f 1159/1738/6589 2023/1866/6590 1511/1867/6591 1960/1739/6592
f 1191/1868/6593 2024/1869/6594 1511/1867/6595 2023/1866/6596
f 1192/1870/6597 2025/1871/6598 1511/1867/6599 2024/1869/6600
f 1160/1740/6601 1960/1739/6602 1511/1867/6603 2025/1871/6604
f 1160/1740/6605 2025/1871/6606 1512/1872/6607 1962/1743/6608
f 1192/1870/6609 2026/1873/6610 1512/1872/6611 2025/1871/6612
f 1193/1874/6613 2027/1875/6614 1512/1872/6615 2026/1873/6616
f 1161/1744/6617 1962/1743/6618 1512/1872/6619 2027/1875/6620
f 1161/1744/6621 2027/1875/6622 1513/1876/6623 1964/1747/6624
f 1193/1874/6625 2028/1877/6626 1513/1876/6627 2027/1875/6628
f 1194/1878/6629 2029/1879/6630 1513/1876/6631 2028/1877/6632
f 1162/1748/6633 1964/1747/6634 1513/1876/6635 2029/1879/6636
f 1162/1748/6637 2029/1879/6638 1514/1880/6639 1966/1751/6640
f 1194/1878/6641 2030/1881/6642 1514/1880/6643 2029/1879/6644
f 1195/1882/6645 2031/1883/6646 1514/1880/6647 2030/1881/6648
f 1163/1752/6649 1966/1751/6650 1514/1880/6651 2031/1883/6652
f 1163/1752/6653 2031/1883/6654 1515/1884/6655 1968/1755/6656
f 1195/1882/6657 2032/1885/6658 1515/1884/6659 2031/1883/6660
f 1196/1886/6661 2033/1887/6662 1515/1884/6663 2032/1885/6664
f 1164/1756/6665 1968/1755/6666 1515/1884/6667 2033/1887/6668
f 1164/1756/6669 2033/1887/6670 1516/1888/6671 1970/1759/6672
f 1196/1886/6673 2034/1889/6674 1516/1888/6675 2033/1887/6676
f 1197/1890/6677 2035/1891/6678 1516/1888/6679 2034/1889/6680
f 1165/1760/6681 1970/1759/6682 1516/1888/6683 2035/1891/6684
f 1165/1760/6685 2035/1891/6686 1517/1892/6687 1972/1763/6688
f 1197/1890/6689 2036/1893/6690 1517/1892/6691 2035/1891/6692
f 1198/1894/6693 2037/1895/6694 1517/1892/6695 2036/1893/6696
f 1166/1764/6697 1972/1763/6698 1517/1892/6699 2037/1895/6700
f 1166/1764/6701 2037/1895/6702 1518/1896/6703 1974/1767/6704
f 1198/1894/6705 2038/1897/6706 1518/1896/6707 2037/1895/6708
f 1199/1898/6709 2039/1899/6710 1518/1896/6711 2038/1897/6712
f 1167/1768/6713 1974/1767/6714 1518/1896/6715 2039/1899/6716
f 1167/1768/6717 2039/1899/6718 1519/1900/6719 1976/1771/6720
f 1199/1898/6721 2040/1901/6722 1519/1900/6723 2039/1899/6724
f 1200/1902/6725 2041/1903/6726 1519/1900/6727 2040/1901/6728
f 1168/1772/6729 1976/1771/6730 1519/1900/6731 2041/1903/6732
f 1168/1772/6733 2041/1903/6734 1520/1904/6735 1978/1775/6736
f 1200/1902/6737 2042/1905/6738 1520/1904/6739 2041/1903/6740
f 1201/1906/6741 2043/1907/6742 1520/1904/6743 2042/1905/6744
f 1169/1776/6745 1978/1775/6746 1520/1904/6747 2043/1907/6748
f 1169/1776/6749 2043/1907/6750 1521/1908/6751 1980/1779/6752
f 1201/1906/6753 2044/1909/6754 1521/1908/6755 2043/1907/6756
f 1202/1910/6757 2045/1911/6758 1521/1908/6759 2044/1909/6760
f 1170/1780/6761 1980/1779/6762 1521/1908/6763 2045/1911/6764
f 1170/1780/6765 2045/1911/6766 1522/1912/6767 1982/1783/6768
f 1202/1910/6769 2046/1913/6770 1522/1912/6771 2045/1911/6772
f 1203/1914/6773 2047/1915/6774 1522/1912/6775 2046/1913/6776
f 1171/1784/6777 1982/1783/6778 1522/1912/6779 2047/1915/6780
f 1171/1784/6781 2047/1915/6782 1523/1916/6783 1984/1787/6784
f 1203/1914/6785 2048/1917/6786 1523/1916/6787 2047/1915/6788
f 1204/1918/6789 2049/1919/6790 1523/1916/6791 2048/1917/6792
f 1172/1788/6793 1984/1787/6794 1523/1916/6795 2049/1919/6796
f 1172/1788/6797 2049/1919/6798 1524/1920/6799 1986/1791/6800
f 1204/1918/6801 2050/1921/6802 1524/1920/6803 2049/1919/6804
f 1205/1922/6805 2051/1923/6806 1524/1920/6807 2050/1921/6808
f 1173/1792/6809 1986/1791/6810 1524/1920/6811 2051/1923/6812
f 1173/1792/6813 2051/1923/6814 1525/1924/6815 1988/1795/6816
f 1205/1922/6817 2052/1925/6818 1525/1924/6819 2051/1923/6820
f 1206/1926/6821 2053/1927/6822 1525/1924/6823 2052/1925/6824
f 1174/1796/6825 1988/1795/6826 1525/1924/6827 2053/1927/6828
f 1174/1796/6829 2053/1927/6830 1526/1928/6831 1990/1799/6832
f 1206/1926/6833 2054/1929/6834 1526/1928/6835 2053/1927/6836
f 1207/1930/6837 2055/1931/6838 1526/1928/6839 2054/1929/6840
f 1175/1800/6841 1990/1799/6842 1526/1928/6843 2055/1931/6844
f 1175/1800/6845 2055/1931/6846 1527/1932/6847 1992/1803/6848
f 1207/1930/6849 2056/1933/6850 1527/1932/6851 2055/1931/6852
f 1208/1934/6853 2057/1935/6854 1527/1932/6855 2056/1933/6856
f 1176/1804/6857 1992/1803/6858 1527/1932/6859 2057/1935/6860
f 1176/1804/6861 2057/1935/6862 1528/1936/6863 1994/1807/6864
f 1208/1934/6865 2058/1937/6866 1528/1936/6867 2057/1935/6868
f 1209/1938/6869 2059/1939/6870 1528/1936/6871 2058/1937/6872
f 1177/1808/6873 1994/1807/6874 1528/1936/6875 2059/1939/6876
f 1177/1808/6877 2059/1939/6878 1529/1940/6879 1996/1811/6880
f 1209/1938/6881 2060/1941/6882 1529/1940/6883 2059/1939/6884
f 1210/1942/6885 2061/1943/6886 1529/1940/6887 2060/1941/6888
f 1178/1812/6889 1996/1811/6890 1529/1940/6891 2061/1943/6892
f 1178/1812/6893 2061/1943/6894 1530/1944/6895 1998/1815/6896
f 1210/1942/6897 2062/1945/6898 1530/1944/6899 2061/1943/6900
f 1211/1946/6901 2063/1947/6902 1530/1944/6903 2062/1945/6904
f 1179/1816/6905 1998/1815/6906 1530/1944/6907 2063/1947/6908
f 1179/1816/6909 2063/1947/6910 1531/1948/6911 2000/1819/6912
f 1211/1946/6913 2064/1949/6914 1531/1948/6915 2063/1947/6916
f 1212/1950/6917 2065/1951/6918 1531/1948/6919 2064/1949/6920
f 1180/1820/6921 2000/1819/6922 1531/1948/6923 2065/1951/6924
f 1180/1820/6925 2065/1951/6926 1532/1952/6927 2002/1823/6928
f 1212/1950/6929 2066/1953/6930 1532/1952/6931 2065/1951/6932
f 1213/1954/6933 2067/1955/6934 1532/1952/6935 2066/1953/6936
f 1181/1824/6937 2002/1823/6938 1532/1952/6939 2067/1955/6940
f 1181/1824/6941 2067/1955/6942 1533/1956/6943 2004/1827/6944
f 1213/1954/6945 2068/1957/6946 1533/1956/6947 2067/1955/6948
f 1214/1958/6949 2069/1959/6950 1533/1956/6951 2068/1957/6952
f 1182/1828/6953 2004/1827/6954 1533/1956/6955 2069/1959/6956
f 1182/1828/6957 2069/1959/6958 1534/1960/6959 2006/1831/6960
f 1214/1958/6961 2070/1961/6962 1534/1960/6963 2069/1959/6964
f 1215/1962/6965 2071/1963/6966 1534/1960/6967 2070/1961/6968
f 1183/1832/6969 2006/1831/6970 1534/1960/6971 2071/1963/6972
f 1183/1832/6973 2071/1963/6974 1535/1964/6975 2008/1835/6976
f 1215/1962/6977 2072/1965/6978 1535/1964/6979 2071/1963/6980
f 1216/1966/6981 2073/1967/6982 1535/1964/6983 2072/1965/6984
f 1184/1836/6985 2008/1835/6986 1535/1964/6987 2073/1967/6988
f 1184/1836/6989 2073/1967/6990 1536/1968/6991 2010/1839/6992
f 1216/1966/6993 2074/1969/6994 1536/1968/6995 2073/1967/6996
f 1217/1970/6997 2075/1971/6998 1536/1968/6999 2074/1969/7000
f 1185/1840/7001 2010/1839/7002 1536/1968/7003 2075/1971/7004
f 1185/1840/7005 2075/1971/7006 1537/1972/7007 2012/1843/7008
f 1217/1970/7009 2076/1973/7010 1537/1972/7011 2075/1971/7012
f 1218/1974/7013 2077/1975/7014 1537/1972/7015 2076/1973/7016
f 1186/1844/7017 2012/1843/7018 1537/1972/7019 2077/1975/7020
f 1186/1844/7021 2077/1975/7022 1538/1976/7023 2014/1847/7024
f 1218/1974/7025 2078/1977/7026 1538/1976/7027 2077/1975/7028
f 1219/1978/7029 2079/1979/7030 1538/1976/7031 2078/1977/7032
f 1187/1848/7033 2014/1847/7034 1538/1976/7035 2079/1979/7036
f 1187/1848/7037 2079/1979/7038 1539/1980/7039 2016/1851/7040
f 1219/1978/7041 2080/1981/7042 1539/1980/7043 2079/1979/7044
f 1220/1982/7045 2081/1983/7046 1539/1980/7047 2080/1981/7048
f 1188/1852/7049 2016/1851/7050 1539/1980/7051 2081/1983/7052
f 1188/1852/7053 2081/1983/7054 1540/1984/7055 2018/1855/7056
f 1220/1982/7057 2082/1985/7058 1540/1984/7059 2081/1983/7060
f 1221/1986/7061 2083/1987/7062 1540/1984/7063 2082/1985/7064
f 1189/1856/7065 2018/1855/7066 1540/1984/7067 2083/1987/7068
f 1189/1856/7069 2083/1987/7070 1541/1988/7071 2020/1859/7072
f 1221/1986/7073 2084/1989/7074 1541/1988/7075 2083/1987/7076
f 1222/1990/7077 2085/1991/7078 1541/1988/7079 2084/1989/7080
f 1190/1860/7081 2020/1859/7082 1541/1988/7083 2085/1991/7084
f 1190/1860/7085 2085/1991/7086 1542/1992/7087 2022/1863/7088
f 1222/1990/7089 2086/1993/7090 1542/1992/7091 2085/1991/7092
f 1191/1994/7093 2023/1995/7094 1542/1992/7095 2086/1993/7096
f 1159/1864/7097 2022/1863/7098 1542/1992/7099 2023/1995/7100
f 1191/1868/7101 2087/1996/7102 1543/1997/7103 2024/1869/7104
f 1223/1998/7105 2088/1999/7106 1543/1997/7107 2087/1996/7108
f 1224/2000/7109 2089/2001/7110 1543/1997/7111 2088/1999/7112
f 1192/1870/7113 2024/1869/7114 1543/1997/7115 2089/2001/7116
f 1192/1870/7117 2089/2001/7118 1544/2002/7119 2026/1873/7120
f 1224/2000/7121 2090/2003/7122 1544/2002/7123 2089/2001/7124
f 1225/2004/7125 2091/2005/7126 1544/2002/7127 2090/2003/7128
f 1193/1874/7129 2026/1873/7130 1544/2002/7131 2091/2005/7132
f 1193/1874/7133 2091/2005/7134 1545/2006/7135 2028/1877/7136
f 1225/2004/7137 2092/2007/7138 1545/2006/7139 2091/2005/7140
f 1226/2008/7141 2093/2009/7142 1545/2006/7143 2092/2007/7144
f 1194/1878/7145 2028/1877/7146 1545/2006/7147 2093/2009/7148
f 1194/1878/7149 2093/2009/7150 1546/2010/7151 2030/1881/7152
f 1226/2008/7153 2094/2011/7154 1546/2010/7155 2093/2009/7156
f 1227/2012/7157 2095/2013/7158 1546/2010/7159 2094/2011/7160
f 1195/1882/7161 2030/1881/7162 1546/2010/7163 2095/2013/7164
f 1195/1882/7165 2095/2013/7166 1547/2014/7167 2032/1885/7168
f 1227/2012/7169 2096/2015/7170 1547/2014/7171 2095/2013/7172
f 1228/2016/7173 2097/2017/7174 1547/2014/7175 2096/2015/7176
f 1196/1886/7177 2032/1885/7178 1547/2014/7179 2097/2017/7180
f 1196/1886/7181 2097/2017/7182 1548/2018/7183 2034/1889/7184
f 1228/2016/7185 2098/2019/7186 1548/2018/7187 2097/2017/7188
f 1229/2020/7189 2099/2021/7190 1548/2018/7191 2098/2019/7192
f 1197/1890/7193 2034/1889/7194 1548/2018/7195 2099/2021/7196
f 1197/1890/7197 2099/2021/7198 1549/2022/7199 2036/1893/7200
f 1229/2020/7201 2100/2023/7202 1549/2022/7203 2099/2021/7204
f 1230/2024/7205 2101/2025/7206 1549/2022/7207 2100/2023/7208
f 1198/1894/7209 2036/1893/7210 1549/2022/7211 2101/2025/7212
f 1198/1894/7213 2101/2025/7214 1550/2026/7215 2038/1897/7216
f 1230/2024/7217 2102/2027/7218 1550/2026/7219 2101/2025/7220
f 1231/2028/7221 2103/2029/7222 1550/2026/7223 2102/2027/7224
f 1199/1898/7225 2038/1897/7226 1550/2026/7227 2103/2029/7228
f 1199/1898/7229 2103/2029/7230 1551/2030/7231 2040/1901/7232
f 1231/2028/7233 2104/2031/7234 1551/2030/7235 2103/2029/7236
f 1232/2032/7237 2105/2033/7238 1551/2030/7239 2104/2031/7240
f 1200/1902/7241 2040/1901/7242 1551/2030/7243 2105/2033/7244
f 1200/1902/7245 2105/2033/7246 1552/2034/7247 2042/1905/7248
f 1232/2032/7249 2106/2035/7250 1552/2034/7251 2105/2033/7252
f 1233/2036/7253 2107/2037/7254 1552/2034/7255 2106/2035/7256
f 1201/1906/7257 2042/1905/7258 1552/2034/7259 2107/2037/7260
f 1201/1906/7261 2107/2037/7262 1553/2038/7263 2044/1909/7264
f 1233/2036/7265 2108/2039/7266 1553/2038/7267 2107/2037/7268
f 1234/2040/7269 2109/2041/7270 1553/2038/7271 2108/2039/7272
f 1202/1910/7273 2044/1909/7274 1553/2038/7275 2109/2041/7276
f 1202/1910/7277 2109/2041/7278 1554/2042/7279 2046/1913/7280
f 1234/2040/7281 2110/2043/7282 1554/2042/7283 2109/2041/7284
f 1235/2044/7285 2111/2045/7286 1554/2042/7287 2110/2043/7288
f 1203/1914/7289 2046/1913/7290 1554/2042/7291 2111/2045/7292
f 1203/1914/7293 2111/2045/7294 1555/2046/7295 2048/1917/7296
f 1235/2044/7297 2112/2047/7298 1555/2046/7299 2111/2045/7300
f 1236/2048/7301 2113/2049/7302 1555/2046/7303 2112/2047/7304
f 1204/1918/7305 2048/1917/7306 1555/2046/7307 2113/2049/7308
f 1204/1918/7309 2113/2049/7310 1556/2050/7311 2050/1921/7312
f 1236/2048/7313 2114/2051/7314 1556/2050/7315 2113/2049/7316
f 1237/2052/7317 2115/2053/7318 1556/2050/7319 2114/2051/7320
f 1205/1922/7321 2050/1921/7322 1556/2050/7323 2115/2053/7324
f 1205/1922/7325 2115/2053/7326 1557/2054/7327 2052/1925/7328
f 1237/2052/7329 2116/2055/7330 1557/2054/7331 2115/2053/7332
f 1238/2056/7333 2117/2057/7334 1557/2054/7335 2116/2055/7336
f 1206/1926/7337 2052/1925/7338 1557/2054/7339 2117/2057/7340
f 1206/1926/7341 2117/2057/7342 1558/2058/7343 2054/1929/7344
f 1238/2056/7345 2118/2059/7346 1558/2058/7347 2117/2057/7348
f 1239/2060/7349 2119/2061/7350 1558/2058/7351 2118/2059/7352
f 1207/1930/7353 2054/1929/7354 1558/2058/7355 2119/2061/7356
f 1207/1930/7357 2119/2061/7358 1559/2062/7359 2056/1933/7360
f 1239/2060/7361 2120/2063/7362 1559/2062/7363 2119/2061/7364
f 1240/2064/7365 2121/2065/7366 1559/2062/7367 2120/2063/7368
f 1208/1934/7369 2056/1933/7370 1559/2062/7371 2121/2065/7372
f 1208/1934/7373 2121/2065/7374 1560/2066/7375 2058/1937/7376
f 1240/2064/7377 2122/2067/7378 1560/2066/7379 2121/2065/7380
f 1241/2068/7381 2123/2069/7382 1560/2066/7383 2122/2067/7384
f 1209/1938/7385 2058/1937/7386 1560/2066/7387 2123/2069/7388
f 1209/1938/7389 2123/2069/7390 1561/2070/7391 2060/1941/7392
f 1241/2068/7393 2124/2071/7394 1561/2070/7395 2123/2069/7396
f 1242/2072/7397 2125/2073/7398 1561/2070/7399 2124/2071/7400
f 1210/1942/7401 2060/1941/7402 1561/2070/7403 2125/2073/7404
f 1210/1942/7405 2125/2073/7406 1562/2074/7407 2062/1945/7408
f 1242/2072/7409 2126/2075/7410 1562/2074/7411 2125/2073/7412
f 1243/2076/7413 2127/2077/7414 1562/2074/7415 2126/2075/7416
f 1211/1946/7417 2062/1945/7418 1562/2074/7419 2127/2077/7420
f 1211/1946/7421 2127/2077/7422 1563/2078/7423 2064/1949/7424
f 1243/2076/7425 2128/2079/7426 1563/2078/7427 2127/2077/7428
f 1244/2080/7429 2129/2081/7430 1563/2078/7431 2128/2079/7432
f 1212/1950/7433 2064/1949/7434 1563/2078/7435 2129/2081/7436
f 1212/1950/7437 2129/2081/7438 1564/2082/7439 2066/1953/7440
f 1244/2080/7441 2130/2083/7442 1564/2082/7443 2129/2081/7444
f 1245/2084/7445 2131/2085/7446 1564/2082/7447 2130/2083/7448
f 1213/1954/7449 2066/1953/7450 1564/2082/7451 2131/2085/7452
f 1213/1954/7453 2131/2085/7454 1565/2086/7455 2068/1957/7456
f 1245/2084/7457 2132/2087/7458 1565/2086/7459 2131/2085/7460
f 1246/2088/7461 2133/2089/7462 1565/2086/7463 2132/2087/7464
f 1214/1958/7465 2068/1957/7466 1565/2086/7467 2133/2089/7468
f 1214/1958/7469 2133/2089/7470 1566/2090/7471 2070/1961/7472
f 1246/2088/7473 2134/2091/7474 1566/2090/7475 2133/2089/7476
f 1247/2092/7477 2135/2093/7478 1566/2090/7479 2134/2091/7480
f 1215/1962/7481 2070/1961/7482 1566/2090/7483 2135/2093/7484
f 1215/1962/7485 2135/2093/7486 1567/2094/7487 2072/1965/7488
f 1247/2092/7489 2136/2095/7490 1567/2094/7491 2135/2093/7492
f 1248/2096/7493 2137/2097/7494 1567/2094/7495 2136/2095/7496
f 1216/1966/7497 2072/1965/7498 1567/2094/7499 2137/2097/7500
f 1216/1966/7501 2137/2097/7502 1568/2098/7503 2074/1969/7504
f 1248/2096/7505 2138/2099/7506 1568/2098/7507 2137/2097/7508
f 1249/2100/7509 2139/2101/7510 1568/2098/7511 2138/2099/7512
f 1217/1970/7513 2074/1969/7514 1568/2098/7515 2139/2101/7516
f 1217/1970/7517 2139/2101/7518 1569/2102/7519 2076/1973/7520
f 1249/2100/7521 2140/2103/7522 1569/2102/7523 2139/2101/7524
f 1250/2104/7525 2141/2105/7526 1569/2102/7527 2140/2103/7528
f 1218/1974/7529 2076/1973/7530 1569/2102/7531 2141/2105/7532
f 1218/1974/7533 2141/2105/7534 1570/2106/7535 2078/1977/7536
f 1250/2104/7537 2142/2107/7538 1570/2106/7539 2141/2105/7540
f 1251/2108/7541 2143/2109/7542 1570/2106/7543 2142/2107/7544
f 1219/1978/7545 2078/1977/7546 1570/2106/7547 2143/2109/7548
f 1219/1978/7549 2143/2109/7550 1571/2110/7551 2080/1981/7552
f 1251/2108/7553 2144/2111/7554 1571/2110/7555 2143/2109/7556
f 1252/2112/7557 2145/2113/7558 1571/2110/7559 2144/2111/7560
f 1220/1982/7561 2080/1981/7562 1571/2110/7563 2145/2113/7564
f 1220/1982/7565 2145/2113/7566 1572/2114/7567 2082/1985/7568
f 1252/2112/7569 2146/2115/7570 1572/2114/7571 2145/2113/7572
f 1253/2116/7573 2147/2117/7574 1572/2114/7575 2146/2115/7576
f 1221/1986/7577 2082/1985/7578 1572/2114/7579 2147/2117/7580
f 1221/1986/7581 2147/2117/7582 1573/2118/7583 2084/1989/7584
f 1253/2116/7585 2148/2119/7586 1573/2118/7587 2147/2117/7588
f 1254/2120/7589 2149/2121/7590 1573/2118/7591 2148/2119/7592
f 1222/1990/7593 2084/1989/7594 1573/2118/7595 2149/2121/7596
f 1222/1990/7597 2149/2121/7598 1574/2122/7599 2086/1993/7600
f 1254/2120/7601 2150/2123/7602 1574/2122/7603 2149/2121/7604
f 1223/2124/7605 2087/2125/7606 1574/2122/7607 2150/2123/7608
f 1191/1994/7609 2086/1993/7610 1574/2122/7611 2087/2125/7612
f 1224/2000/7613 2088/1999/7614 1575/2126/7615 2152/2127/7616
f 1223/1998/7617 2151/2128/7618 1575/2126/7619 2088/1999/7620
f 1255/2129/7621 2183/2130/7622 1575/2126/7623 2151/2128/7624
f 1256/2131/7625 2152/2127/7626 1575/2126/7627 2183/2130/7628
f 1225/2004/7629 2090/2003/7630 1576/2132/7631 2153/2133/7632
f 1224/2000/7633 2152/2127/7634 1576/2132/7635 2090/2003/7636
f 1256/2131/7637 2184/2134/7638 1576/2132/7639 2152/2127/7640
f 1257/2135/7641 2153/2133/7642 1576/2132/7643 2184/2134/7644
f 1226/2008/7645 2092/2007/7646 1577/2136/7647 2154/2137/7648
f 1225/2004/7649 2153/2133/7650 1577/2136/7651 2092/2007/7652
f 1257/2135/7653 2185/2138/7654 1577/2136/7655 2153/2133/7656
f 1258/2139/7657 2154/2137/7658 1577/2136/7659 2185/2138/7660
f 1227/2012/7661 2094/2011/7662 1578/2140/7663 2155/2141/7664
f 1226/2008/7665 2154/2137/7666 1578/2140/7667 2094/2011/7668
f 1258/2139/7669 2186/2142/7670 1578/2140/7671 2154/2137/7672
f 1259/2143/7673 2155/2141/7674 1578/2140/7675 2186/2142/7676
f 1228/2016/7677 2096/2015/7678 1579/2144/7679 2156/2145/7680
f 1227/2012/7681 2155/2141/7682 1579/2144/7683 2096/2015/7684
f 1259/2143/7685 2187/2146/7686 1579/2144/7687 2155/2141/7688
f 1260/2147/7689 2156/2145/7690 1579/2144/7691 2187/2146/7692
f 1229/2020/7693 2098/2019/7694 1580/2148/7695 2157/2149/7696
f 1228/2016/7697 2156/2145/7698 1580/2148/7699 2098/2019/7700
f 1260/2147/7701 2188/2150/7702 1580/2148/7703 2156/2145/7704
f 1261/2151/7705 2157/2149/7706 1580/2148/7707 2188/2150/7708
f 1230/2024/7709 2100/2023/7710 1581/2152/7711 2158/2153/7712
f 1229/2020/7713 2157/2149/7714 1581/2152/7715 2100/2023/7716
f 1261/2151/7717 2189/2154/7718 1581/2152/7719 2157/2149/7720
f 1262/2155/7721 2158/2153/7722 1581/2152/7723 2189/2154/7724
f 1231/2028/7725 2102/2027/7726 1582/2156/7727 2159/2157/7728
f 1230/2024/7729 2158/2153/7730 1582/2156/7731 2102/2027/7732
f 1262/2155/7733 2190/2158/7734 1582/2156/7735 2158/2153/7736
f 1263/2159/7737 2159/2157/7738 1582/2156/7739 2190/2158/7740
f 1232/2032/7741 2104/2031/7742 1583/2160/7743 2160/2161/7744
f 1231/2028/7745 2159/2157/7746 1583/2160/7747 2104/2031/7748
f 1263/2159/7749 2191/2162/7750 1583/2160/7751 2159/2157/7752
f 1264/2163/7753 2160/2161/7754 1583/2160/7755 2191/2162/7756
f 1233/2036/7757 2106/2035/7758 1584/2164/7759 2161/2165/7760
f 1232/2032/7761 2160/2161/7762 1584/2164/7763 2106/2035/7764
f 1264/2163/7765 2192/2166/7766 1584/2164/7767 2160/2161/7768
f 1265/2167/7769 2161/2165/7770 1584/2164/7771 2192/2166/7772
f 1234/2040/7773 2108/2039/7774 1585/2168/7775 2162/2169/7776
f 1233/2036/7777 2161/2165/7778 1585/2168/7779 2108/2039/7780
f 1265/2167/7781 2193/2170/7782 1585/2168/7783 2161/2165/7784
f 1266/2171/7785 2162/2169/7786 1585/2168/7787 2193/2170/7788
f 1235/2044/7789 2110/2043/7790 1586/2172/7791 2163/2173/7792
f 1234/2040/7793 2162/2169/7794 1586/2172/7795 2110/2043/7796
f 1266/2171/7797 2194/2174/7798 1586/2172/7799 2162/2169/7800
f 1267/2175/7801 2163/2173/7802 1586/2172/7803 2194/2174/7804
f 1236/2048/7805 2112/2047/7806 1587/2176/7807 2164/2177/7808
f 1235/2044/7809 2163/2173/7810 1587/2176/7811 2112/2047/7812
f 1267/2175/7813 2195/2178/7814 1587/2176/7815 2163/2173/7816
f 1268/2179/7817 2164/2177/7818 1587/2176/7819 2195/2178/7820
f 1237/2052/7821 2114/2051/7822 1588/2180/7823 2165/2181/7824
f 1236/2048/7825 2164/2177/7826 1588/2180/7827 2114/2051/7828
f 1268/2179/7829 2196/2182/7830 1588/2180/7831 2164/2177/7832
f 1269/2183/7833 2165/2181/7834 1588/2180/7835 2196/2182/7836
f 1238/2056/7837 2116/2055/7838 1589/2184/7839 2166/2185/7840
f 1237/2052/7841 2165/2181/7842 1589/2184/7843 2116/2055/7844
f 1269/2183/7845 2197/2186/7846 1589/2184/7847 2165/2181/7848
f 1270/2187/7849 2166/2185/7850 1589/2184/7851 2197/2186/7852
f 1239/2060/7853 2118/2059/7854 1590/2188/7855 2167/2189/7856
f 1238/2056/7857 2166/2185/7858 1590/2188/7859 2118/2059/7860
f 1270/2187/7861 2198/2190/7862 1590/2188/7863 2166/2185/7864
f 1271/2191/7865 2167/2189/7866 1590/2188/7867 2198/2190/7868
f 1240/2064/7869 2120/2063/7870 1591/2192/7871 2168/2193/7872
f 1239/2060/7873 2167/2189/7874 1591/2192/7875 2120/2063/7876
f 1271/2191/7877 2199/2194/7878 1591/2192/7879 2167/2189/7880
f 1272/2195/7881 2168/2193/7882 1591/2192/7883 2199/2194/7884
f 1241/2068/7885 2122/2067/7886 1592/2196/7887 2169/2197/7888
f 1240/2064/7889 2168/2193/7890 1592/2196/7891 2122/2067/7892
f 1272/2195/7893 2200/2198/7894 1592/2196/7895 2168/2193/7896
f 1273/2199/7897 2169/2197/7898 1592/2196/7899 2200/2198/7900
f 1242/2072/7901 2124/2071/7902 1593/2200/7903 2170/2201/7904
f 1241/2068/7905 2169/2197/7906 1593/2200/7907 2124/2071/7908
f 1273/2199/7909 2201/2202/7910 1593/2200/7911 2169/2197/7912
f 1274/2203/7913 2170/2201/7914 1593/2200/7915 2201/2202/7916
f 1243/2076/7917 2126/2075/7918 1594/2204/7919 2171/2205/7920
f 1242/2072/7921 2170/2201/7922 1594/2204/7923 2126/2075/7924
f 1274/2203/7925 2202/2206/7926 1594/2204/7927 2170/2201/7928
f 1275/2207/7929 2171/2205/7930 1594/2204/7931 2202/2206/7932
f 1244/2080/7933 2128/2079/7934 1595/2208/7935 2172/2209/7936
f 1243/2076/7937 2171/2205/7938 1595/2208/7939 2128/2079/7940
f 1275/2207/7941 2203/2210/7942 1595/2208/7943 2171/2205/7944
f 1276/2211/7945 2172/2209/7946 1595/2208/7947 2203/2210/7948
f 1245/2084/7949 2130/2083/7950 1596/2212/7951 2173/2213/7952
f 1244/2080/7953 2172/2209/7954 1596/2212/7955 2130/2083/7956
f 1276/2211/7957 2204/2214/7958 1596/2212/7959 2172/2209/7960
f 1277/2215/7961 2173/2213/7962 1596/2212/7963 2204/2214/7964
f 1246/2088/7965 2132/2087/7966 1597/2216/7967 2174/2217/7968
f 1245/2084/7969 2173/2213/7970 1597/2216/7971 2132/2087/7972
f 1277/2215/7973 2205/2218/7974 1597/2216/7975 2173/2213/7976
f 1278/2219/7977 2174/2217/7978 1597/2216/7979 2205/2218/7980
f 1247/2092/7981 2134/2091/7982 1598/2220/7983 2175/2221/7984
f 1246/2088/7985 2174/2217/7986 1598/2220/7987 2134/2091/7988
f 1278/2219/7989 2206/2222/7990 1598/2220/7991 2174/2217/7992
f 1279/2223/7993 2175/2221/7994 1598/2220/7995 2206/2222/7996
f 1248/2096/7997 2136/2095/7998 1599/2224/7999 2176/2225/8000
f 1247/2092/8001 2175/2221/8002 1599/2224/8003 2136/2095/8004
f 1279/2223/8005 2207/2226/8006 1599/2224/8007 2175/2221/8008
f 1280/2227/8009 2176/2225/8010 1599/2224/8011 2207/2226/8012
f 1249/2100/8013 2138/2099/8014 1600/2228/8015 2177/2229/8016
f 1248/2096/8017 2176/2225/8018 1600/2228/8019 2138/2099/8020
f 1280/2227/8021 2208/2230/8022 1600/2228/8023 2176/2225/8024
f 1281/2231/8025 2177/2229/8026 1600/2228/8027 2208/2230/8028
f 1250/2104/8029 2140/2103/8030 1601/2232/8031 2178/2233/8032
f 1249/2100/8033 2177/2229/8034 1601/2232/8035 2140/2103/8036
f 1281/2231/8037 2209/2234/8038 1601/2232/8039 2177/2229/8040
f 1282/2235/8041 2178/2233/8042 1601/2232/8043 2209/2234/8044
f 1251/2108/8045 2142/2107/8046 1602/2236/8047 2179/2237/8048
f 1250/2104/8049 2178/2233/8050 1602/2236/8051 2142/2107/8052
f 1282/2235/8053 2210/2238/8054 1602/2236/8055 2178/2233/8056
f 1283/2239/8057 2179/2237/8058 1602/2236/8059 2210/2238/8060
f 1252/2112/8061 2144/2111/8062 1603/2240/8063 2180/2241/8064
f 1251/2108/8065 2179/2237/8066 1603/2240/8067 2144/2111/8068
f 1283/2239/8069 2211/2242/8070 1603/2240/8071 2179/2237/8072
f 1284/2243/8073 2180/2241/8074 1603/2240/8075 2211/2242/8076
f 1253/2116/8077 2146/2115/8078 1604/2244/8079 2181/2245/8080
f 1252/2112/8081 2180/2241/8082 1604/2244/8083 2146/2115/8084
f 1284/2243/8085 2212/2246/8086 1604/2244/8087 2180/2241/8088
f 1285/2247/8089 2181/2245/8090 1604/2244/8091 2212/2246/8092
f 1254/2120/8093 2148/2119/8094 1605/2248/8095 2182/2249/8096
f 1253/2116/8097 2181/2245/8098 1605/2248/8099 2148/2119/8100
f 1285/2247/8101 2213/2250/8102 1605/2248/8103 2181/2245/8104
f 1286/2251/8105 2182/2249/8106 1605/2248/8107 2213/2250/8108
f 1223/2124/8109 2150/2123/8110 1606/2252/8111 2151/2253/8112
f 1254/2120/8113 2182/2249/8114 1606/2252/8115 2150/2123/8116
f 1286/2251/8117 2214/2254/8118 1606/2252/8119 2182/2249/8120
f 1255/2255/8121 2151/2253/8122 1606/2252/8123 2214/2254/8124
f 1256/2131/8125 2183/2130/8126 1607/2256/8127 2216/2257/8128
f 1255/2129/8129 2215/2258/8130 1607/2256/8131 2183/2130/8132
f 1287/2259/8133 2247/2260/8134 1607/2256/8135 2215/2258/8136
f 1288/2261/8137 2216/2257/8138 1607/2256/8139 2247/2260/8140
f 1257/2135/8141 2184/2134/8142 1608/2262/8143 2217/2263/8144
f 1256/2131/8145 2216/2257/8146 1608/2262/8147 2184/2134/8148
f 1288/2261/8149 2248/2264/8150 1608/2262/8151 2216/2257/8152
f 1289/2265/8153 2217/2263/8154 1608/2262/8155 2248/2264/8156
f 1258/2139/8157 2185/2138/8158 1609/2266/8159 2218/2267/8160
f 1257/2135/8161 2217/2263/8162 1609/2266/8163 2185/2138/8164
f 1289/2265/8165 2249/2268/8166 1609/2266/8167 2217/2263/8168
f 1290/2269/8169 2218/2267/8170 1609/2266/8171 2249/2268/8172
f 1259/2143/8173 2186/2142/8174 1610/2270/8175 2219/2271/8176
f 1258/2139/8177 2218/2267/8178 1610/2270/8179 2186/2142/8180
f 1290/2269/8181 2250/2272/8182 1610/2270/8183 2218/2267/8184
f 1291/2273/8185 2219/2271/8186 1610/2270/8187 2250/2272/8188
f 1260/2147/8189 2187/2146/8190 1611/2274/8191 2220/2275/8192
f 1259/2143/8193 2219/2271/8194 1611/2274/8195 2187/2146/8196
f 1291/2273/8197 2251/2276/8198 1611/2274/8199 2219/2271/8200
f 1292/2277/8201 2220/2275/8202 1611/2274/8203 2251/2276/8204
f 1261/2151/8205 2188/2150/8206 1612/2278/8207 2221/2279/8208
f 1260/2147/8209 2220/2275/8210 1612/2278/8211 2188/2150/8212
f 1292/2277/8213 2252/2280/8214 1612/2278/8215 2220/2275/8216
f 1293/2281/8217 2221/2279/8218 1612/2278/8219 2252/2280/8220
f 1262/2155/8221 2189/2154/8222 1613/2282/8223 2222/2283/8224
f 1261/2151/8225 2221/2279/8226 1613/2282/8227 2189/2154/8228
f 1293/2281/8229 2253/2284/8230 1613/2282/8231 2221/2279/8232
f 1294/2285/8233 2222/2283/8234 1613/2282/8235 2253/2284/8236
f 1263/2159/8237 2190/2158/8238 1614/2286/8239 2223/2287/8240
f 1262/2155/8241 2222/2283/8242 1614/2286/8243 2190/2158/8244
f 1294/2285/8245 2254/2288/8246 1614/2286/8247 2222/2283/8248
f 1295/2289/8249 2223/2287/8250 1614/2286/8251 2254/2288/8252
f 1264/2163/8253 2191/2162/8254 1615/2290/8255 2224/2291/8256
f 1263/2159/8257 2223/2287/8258 1615/2290/8259 2191/2162/8260
f 1295/2289/8261 2255/2292/8262 1615/2290/8263 2223/2287/8264
f 1296/2293/8265 2224/2291/8266 1615/2290/8267 2255/2292/8268
f 1265/2167/8269 2192/2166/8270 1616/2294/8271 2225/2295/8272
f 1264/2163/8273 2224/2291/8274 1616/2294/8275 2192/2166/8276
f 1296/2293/8277 2256/2296/8278 1616/2294/8279 2224/2291/8280
f 1297/2297/8281 2225/2295/8282 1616/2294/8283 2256/2296/8284
f 1266/2171/8285 2193/2170/8286 1617/2298/8287 2226/2299/8288
f 1265/2167/8289 2225/2295/8290 1617/2298/8291 2193/2170/8292
f 1297/2297/8293 2257/2300/8294 1617/2298/8295 2225/2295/8296
f 1298/2301/8297 2226/2299/8298 1617/2298/8299 2257/2300/8300
f 1267/2175/8301 2194/2174/8302 1618/2302/8303 2227/2303/8304
f 1266/2171/8305 2226/2299/8306 1618/2302/8307 2194/2174/8308
f 1298/2301/8309 2258/2304/8310 1618/2302/8311 2226/2299/8312
f 1299/2305/8313 2227/2303/8314 1618/2302/8315 2258/2304/8316
f 1268/2179/8317 2195/2178/8318 1619/2306/8319 2228/2307/8320
f 1267/2175/8321 2227/2303/8322 1619/2306/8323 2195/2178/8324
f 1299/2305/8325 2259/2308/8326 1619/2306/8327 2227/2303/8328
f 1300/2309/8329 2228/2307/8330 1619/2306/8331 2259/2308/8332
f 1269/2183/8333 2196/2182/8334 1620/2310/8335 2229/2311/8336
f 1268/2179/8337 2228/2307/8338 1620/2310/8339 2196/2182/8340
f 1300/2309/8341 2260/2312/8342 1620/2310/8343 2228/2307/8344
f 1301/2313/8345 2229/2311/8346 1620/2310/8347 2260/2312/8348
f 1270/2187/8349 2197/2186/8350 1621/2314/8351 2230/2315/8352
f 1269/2183/8353 2229/2311/8354 1621/2314/8355 2197/2186/8356
f 1301/2313/8357 2261/2316/8358 1621/2314/8359 2229/2311/8360
f 1302/2317/8361 2230/2315/8362 1621/2314/8363 2261/2316/8364
f 1271/2191/8365 2198/2190/8366 1622/2318/8367 2231/2319/8368
f 1270/2187/8369 2230/2315/8370 1622/2318/8371 2198/2190/8372
f 1302/2317/8373 2262/2320/8374 1622/2318/8375 2230/2315/8376
f 1303/2321/8377 2231/2319/8378 1622/2318/8379 2262/2320/8380
f 1272/2195/8381 2199/2194/8382 1623/2322/8383 2232/2323/8384
f 1271/2191/8385 2231/2319/8386 1623/2322/8387 2199/2194/8388
f 1303/2321/8389 2263/2324/8390 1623/2322/8391 2231/2319/8392
f 1304/2325/8393 2232/2323/8394 1623/2322/8395 2263/2324/8396
f 1273/2199/8397 2200/2198/8398 1624/2326/8399 2233/2327/8400
f 1272/2195/8401 2232/2323/8402 1624/2326/8403 2200/2198/8404
f 1304/2325/8405 2264/2328/8406 1624/2326/8407 2232/2323/8408
f 1305/2329/8409 2233/2327/8410 1624/2326/8411 2264/2328/8412
f 1274/2203/8413 2201/2202/8414 1625/2330/8415 2234/2331/8416
f 1273/2199/8417 2233/2327/8418 1625/2330/8419 2201/2202/8420
f 1305/2329/8421 2265/2332/8422 1625/2330/8423 2233/2327/8424
f 1306/2333/8425 2234/2331/8426 1625/2330/8427 2265/2332/8428
f 1275/2207/8429 2202/2206/8430 1626/2334/8431 2235/2335/8432
f 1274/2203/8433 2234/2331/8434 1626/2334/8435 2202/2206/8436
f 1306/2333/8437 2266/2336/8438 1626/2334/8439 2234/2331/8440
f 1307/2337/8441 2235/2335/8442 1626/2334/8443 2266/2336/8444
f 1276/2211/8445 2203/2210/8446 1627/2338/8447 2236/2339/8448
f 1275/2207/8449 2235/2335/8450 1627/2338/8451 2203/2210/8452
f 1307/2337/8453 2267/2340/8454 1627/2338/8455 2235/2335/8456
f 1308/2341/8457 2236/2339/8458 1627/2338/8459 2267/2340/8460
f 1277/2215/8461 2204/2214/8462 1628/2342/8463 2237/2343/8464
f 1276/2211/8465 2236/2339/8466 1628/2342/8467 2204/2214/8468
f 1308/2341/8469 2268/2344/8470 1628/2342/8471 2236/2339/8472
f 1309/2345/8473 2237/2343/8474 1628/2342/8475 2268/2344/8476
f 1278/2219/8477 2205/2218/8478 1629/2346/8479 2238/2347/8480
f 1277/2215/8481 2237/2343/8482 1629/2346/8483 2205/2218/8484
f 1309/2345/8485 2269/2348/8486 1629/2346/8487 2237/2343/8488
f 1310/2349/8489 2238/2347/8490 1629/2346/8491 2269/2348/8492
f 1279/2223/8493 2206/2222/8494 1630/2350/8495 2239/2351/8496
f 1278/2219/8497 2238/2347/8498 1630/2350/8499 2206/2222/8500
f 1310/2349/8501 2270/2352/8502 1630/2350/8503 2238/2347/8504
f 1311/2353/8505 2239/2351/8506 1630/2350/8507 2270/2352/8508
f 1280/2227/8509 2207/2226/8510 1631/2354/8511 2240/2355/8512
f 1279/2223/8513 2239/2351/8514 1631/2354/8515 2207/2226/8516
f 1311/2353/8517 2271/2356/8518 1631/2354/8519 2239/2351/8520
f 1312/2357/8521 2240/2355/8522 1631/2354/8523 2271/2356/8524
f 1281/2231/8525 2208/2230/8526 1632/2358/8527 2241/2359/8528
f 1280/2227/8529 2240/2355/8530 1632/2358/8531 2208/2230/8532
f 1312/2357/8533 2272/2360/8534 1632/2358/8535 2240/2355/8536
f 1313/2361/8537 2241/2359/8538 1632/2358/8539 2272/2360/8540
f 1282/2235/8541 2209/2234/8542 1633/2362/8543 2242/2363/8544
f 1281/2231/8545 2241/2359/8546 1633/2362/8547 2209/2234/8548
f 1313/2361/8549 2273/2364/8550 1633/2362/8551 2241/2359/8552
f 1314/2365/8553 2242/2363/8554 1633/2362/8555 2273/2364/8556
f 1283/2239/8557 2210/2238/8558 1634/2366/8559 2243/2367/8560
f 1282/2235/8561 2242/2363/8562 1634/2366/8563 2210/2238/8564
f 1314/2365/8565 2274/2368/8566 1634/2366/8567 2242/2363/8568
f 1315/2369/8569 2243/2367/8570 1634/2366/8571 2274/2368/8572
f 1284/2243/8573 2211/2242/8574 1635/2370/8575 2244/2371/8576
f 1283/2239/8577 2243/2367/8578 1635/2370/8579 2211/2242/8580
f 1315/2369/8581 2275/2372/8582 1635/2370/8583 2243/2367/8584
f 1316/2373/8585 2244/2371/8586 1635/2370/8587 2275/2372/8588
f 1285/2247/8589 2212/2246/8590 1636/2374/8591 2245/2375/8592
f 1284/2243/8593 2244/2371/8594 1636/2374/8595 2212/2246/8596
f 1316/2373/8597 2276/2376/8598 1636/2374/8599 2244/2371/8600
f 1317/2377/8601 2245/2375/8602 1636/2374/8603 2276/2376/8604
f 1286/2251/8605 2213/2250/8606 1637/2378/8607 2246/2379/8608
f 1285/2247/8609 2245/2375/8610 1637/2378/8611 2213/2250/8612
f 1317/2377/8613 2277/2380/8614 1637/2378/8615 2245/2375/8616
f 1318/2381/8617 2246/2379/8618 1637/2378/8619 2277/2380/8620
f 1255/2255/8621 2214/2254/8622 1638/2382/8623 2215/2383/8624
f 1286/2251/8625 2246/2379/8626 1638/2382/8627 2214/2254/8628
f 1318/2381/8629 2278/2384/8630 1638/2382/8631 2246/2379/8632
f 1287/2385/8633 2215/2383/8634 1638/2382/8635 2278/2384/8636
g default
v 4.790544 0.618044 -0.627857
v 4.651840 0.618044 -0.614196
v 4.518466 0.618044 -0.573737
v 4.395547 0.618044 -0.508036
v 4.287808 0.618044 -0.419617
v 4.199389 0.618044 -0.311878
v 4.133688 0.618044 -0.188960
v 4.093229 0.618044 -0.055585
v 4.079568 0.618044 0.083119
v 4.093229 0.618044 0.221824
v 4.133688 0.618044 0.355199
v 4.199719 0.618497 0.478589
v 4.288139 0.618497 0.586328
v 4.395547 0.618044 0.674275
v 4.518466 0.618044 0.739976
v 4.651840 0.618051 0.780435
v 4.790545 0.618094 0.794096
v 4.929250 0.618094 0.780435
v 5.062624 0.618051 0.739976
v 5.185543 0.618044 0.674274
v 5.293281 0.618044 0.585855
v 5.381701 0.618044 0.478116
v 5.447402 0.618044 0.355198
v 5.487860 0.618044 0.221823
v 5.501521 0.618044 0.083118
v 5.487860 0.618044 -0.055586
v 5.447401 0.618044 -0.188961
v 5.381699 0.618044 -0.311879
v 5.293280 0.618044 -0.419618
v 5.185540 0.618044 -0.508037
v 5.062622 0.618044 -0.573738
v 4.929248 0.618044 -0.614196
v 4.790544 0.490053 -0.587420
v 4.659729 0.490053 -0.574536
v 4.533940 0.490053 -0.536379
v 4.418012 0.490053 -0.474414
v 4.316401 0.490053 -0.391024
v 4.233011 0.490053 -0.289412
v 4.171047 0.490053 -0.173485
v 4.132889 0.490053 -0.047696
v 4.120005 0.490053 0.083119
v 4.132889 0.490053 0.213935
v 4.171047 0.490053 0.339724
v 4.233012 0.490053 0.455652
v 4.316402 0.490053 0.557263
v 4.418013 0.490053 0.640653
v 4.533941 0.490053 0.702618
v 4.659729 0.490053 0.740775
v 4.790545 0.490053 0.753659
v 4.921361 0.490053 0.740775
v 5.047149 0.490053 0.702617
v 5.163077 0.490053 0.640652
v 5.264688 0.490053 0.557262
v 5.348078 0.490053 0.455650
v 5.410043 0.490053 0.339723
v 5.448200 0.490053 0.213934
v 5.461084 0.490053 0.083118
v 5.448199 0.490053 -0.047697
v 5.410042 0.490053 -0.173486
v 5.348077 0.490053 -0.289413
v 5.264687 0.490053 -0.391025
v 5.163075 0.490053 -0.474415
v 5.047147 0.490053 -0.536379
v 4.921359 0.490053 -0.574536
v 4.790544 0.363968 -0.520350
v 4.672813 0.363968 -0.508755
v 4.559607 0.363968 -0.474414
v 4.455275 0.363968 -0.418647
v 4.363827 0.363968 -0.343598
v 4.288778 0.363968 -0.252150
v 4.233011 0.363968 -0.147818
v 4.198670 0.363968 -0.034612
v 4.187074 0.363968 0.083119
v 4.198670 0.363968 0.200851
v 4.233011 0.363968 0.314057
v 4.288778 0.363968 0.418389
v 4.363827 0.363968 0.509837
v 4.455275 0.363968 0.584887
v 4.559607 0.363968 0.640653
v 4.672814 0.363968 0.674994
v 4.790545 0.363968 0.686589
v 4.908276 0.363968 0.674994
v 5.021483 0.363968 0.640653
v 5.125815 0.363968 0.584886
v 5.217262 0.363968 0.509836
v 5.292312 0.363968 0.418388
v 5.348078 0.363968 0.314056
v 5.382419 0.363968 0.200849
v 5.394014 0.363968 0.083118
v 5.382418 0.363968 -0.034613
v 5.348077 0.363968 -0.147820
v 5.292311 0.363968 -0.252151
v 5.217261 0.363968 -0.343599
v 5.125813 0.363968 -0.418648
v 5.021481 0.363968 -0.474414
v 4.908275 0.363968 -0.508755
v 4.790544 0.253454 -0.430089
v 4.690423 0.253454 -0.420228
v 4.594148 0.253454 -0.391024
v 4.505421 0.253454 -0.343598
v 4.427651 0.253454 -0.279774
v 4.363827 0.253454 -0.202004
v 4.316401 0.253454 -0.113277
v 4.287197 0.253454 -0.017003
v 4.277335 0.253454 0.083119
v 4.287197 0.253454 0.183242
v 4.316402 0.253454 0.279516
v 4.363827 0.253454 0.368243
v 4.427651 0.253454 0.446013
v 4.505421 0.253454 0.509837
v 4.594148 0.253454 0.557263
v 4.690423 0.253454 0.586467
v 4.790545 0.253454 0.596328
v 4.890667 0.253454 0.586467
v 4.986941 0.253454 0.557262
v 5.075669 0.253454 0.509837
v 5.153438 0.253454 0.446012
v 5.217262 0.253454 0.368242
v 5.264688 0.253454 0.279515
v 5.293892 0.253454 0.183241
v 5.303753 0.253454 0.083118
v 5.293892 0.253454 -0.017004
v 5.264687 0.253454 -0.113278
v 5.217261 0.253454 -0.202005
v 5.153437 0.253454 -0.279774
v 5.075667 0.253454 -0.343599
v 4.986940 0.253454 -0.391024
v 4.890666 0.253454 -0.420229
v 4.790544 0.162758 -0.320106
v 4.711879 0.162758 -0.312358
v 4.636237 0.162758 -0.289412
v 4.566524 0.162758 -0.252150
v 4.505421 0.162758 -0.202004
v 4.455275 0.162758 -0.140901
v 4.418012 0.162758 -0.071188
v 4.395067 0.162758 0.004454
v 4.387319 0.162758 0.083119
v 4.395067 0.162758 0.161785
v 4.418013 0.162758 0.237428
v 4.455275 0.162758 0.307140
v 4.505421 0.162758 0.368243
v 4.566524 0.162758 0.418389
v 4.636237 0.162758 0.455651
v 4.711879 0.162758 0.478597
v 4.790545 0.162758 0.486345
v 4.869210 0.162758 0.478597
v 4.944853 0.162758 0.455651
v 5.014565 0.162758 0.418389
v 5.075668 0.162758 0.368242
v 5.125815 0.162758 0.307139
v 5.163076 0.162758 0.237426
v 5.186022 0.162758 0.161784
v 5.193770 0.162758 0.083119
v 5.186022 0.162758 0.004453
v 5.163076 0.162758 -0.071189
v 5.125814 0.162758 -0.140901
v 5.075668 0.162758 -0.202004
v 5.014564 0.162758 -0.252151
v 4.944851 0.162758 -0.289413
v 4.869209 0.162758 -0.312358
v 4.790544 0.095364 -0.194627
v 4.736359 0.095364 -0.189290
v 4.684255 0.095364 -0.173485
v 4.636237 0.095364 -0.147818
v 4.594148 0.095364 -0.113277
v 4.559607 0.095364 -0.071188
v 4.533940 0.095364 -0.023169
v 4.518135 0.095364 0.028934
v 4.512798 0.095364 0.083119
v 4.518135 0.095364 0.137305
v 4.533940 0.095364 0.189408
v 4.559607 0.095364 0.237427
v 4.594148 0.095364 0.279516
v 4.636237 0.095364 0.314057
v 4.684256 0.095364 0.339724
v 4.736359 0.095364 0.355529
v 4.790545 0.095364 0.360866
v 4.844730 0.095364 0.355529
v 4.896833 0.095364 0.339724
v 4.944852 0.095364 0.314057
v 4.986941 0.095364 0.279516
v 5.021482 0.095364 0.237426
v 5.047149 0.095364 0.189408
v 5.062954 0.095364 0.137304
v 5.068291 0.095364 0.083119
v 5.062954 0.095364 0.028934
v 5.047148 0.095364 -0.023170
v 5.021482 0.095364 -0.071189
v 4.986940 0.095364 -0.113277
v 4.944852 0.095364 -0.147818
v 4.896833 0.095364 -0.173485
v 4.844730 0.095364 -0.189290
v 4.790544 0.054156 -0.061424
v 4.762345 0.054156 -0.058647
v 4.735230 0.054156 -0.050422
v 4.710240 0.054156 -0.037064
v 4.688337 0.054156 -0.019088
v 4.670361 0.054156 0.002815
v 4.657004 0.054156 0.027805
v 4.648778 0.054156 0.054921
v 4.646001 0.054156 0.083119
v 4.648778 0.054156 0.111318
v 4.657004 0.054156 0.138434
v 4.670361 0.054156 0.163424
v 4.688337 0.054156 0.185327
v 4.710240 0.054156 0.203303
v 4.735230 0.054156 0.216660
v 4.762346 0.054156 0.224886
v 4.790545 0.054156 0.227663
v 4.818744 0.054156 0.224886
v 4.845859 0.054156 0.216660
v 4.870849 0.054156 0.203303
v 4.892752 0.054156 0.185327
v 4.910728 0.054156 0.163423
v 4.924085 0.054156 0.138434
v 4.932311 0.054156 0.111318
v 4.935088 0.054156 0.083119
v 4.932310 0.054156 0.054920
v 4.924085 0.054156 0.027805
v 4.910728 0.054156 0.002815
v 4.892752 0.054156 -0.019089
v 4.870849 0.054156 -0.037064
v 4.845858 0.054156 -0.050422
v 4.818743 0.054156 -0.058647
v 4.790545 0.037063 0.083119
v 4.790544 0.698590 -0.639256
v 4.649616 0.698590 -0.625375
v 4.514104 0.698590 -0.584268
v 4.389214 0.698590 -0.517514
v 4.279748 0.698590 -0.427677
v 4.189912 0.698590 -0.318210
v 4.123157 0.698590 -0.193321
v 4.082050 0.698590 -0.057809
v 4.068169 0.698590 0.083119
v 4.082050 0.698590 0.224048
v 4.123157 0.698590 0.359561
v 4.187912 0.698590 0.482012
v 4.289032 0.698590 0.605228
v 4.389215 0.698590 0.683753
v 4.514104 0.698590 0.750507
v 4.649617 0.698647 0.791614
v 4.790545 0.698987 0.805494
v 4.931474 0.698987 0.791614
v 5.066986 0.698647 0.750506
v 5.191875 0.698590 0.683751
v 5.301341 0.698590 0.593915
v 5.391178 0.698590 0.484449
v 5.457932 0.698590 0.359559
v 5.499039 0.698590 0.224046
v 5.512919 0.698590 0.083118
v 5.499039 0.698590 -0.057810
v 5.457931 0.698590 -0.193323
v 5.391177 0.698590 -0.318212
v 5.301340 0.698590 -0.427678
v 5.191873 0.698590 -0.517514
v 5.066984 0.698590 -0.584269
v 4.931472 0.698590 -0.625376
v 4.253998 0.698590 0.568008
v 4.787421 0.698596 -0.495648
v 4.673940 0.698596 -0.484470
v 4.564821 0.698596 -0.451370
v 4.464256 0.698596 -0.397616
v 4.376110 0.698596 -0.325277
v 4.303771 0.698596 -0.237131
v 4.250018 0.698596 -0.136566
v 4.216917 0.698596 -0.027446
v 4.205740 0.698596 0.086034
v 4.216917 0.698596 0.199514
v 4.250018 0.698596 0.308634
v 4.302160 0.698596 0.407236
v 4.383586 0.698596 0.506453
v 4.464257 0.698596 0.569684
v 4.564822 0.698596 0.623437
v 4.673941 0.698641 0.656538
v 4.787421 0.698915 0.667714
v 4.900902 0.698915 0.656538
v 5.010021 0.698641 0.623436
v 5.110586 0.698596 0.569683
v 5.198732 0.698596 0.497344
v 5.271071 0.698596 0.409198
v 5.324824 0.698596 0.308633
v 5.357925 0.698596 0.199513
v 5.369102 0.698596 0.086033
v 5.357925 0.698596 -0.027448
v 5.324823 0.698596 -0.136567
v 5.271070 0.698596 -0.237132
v 5.198731 0.698596 -0.325278
v 5.110585 0.698596 -0.397617
v 5.010019 0.698596 -0.451370
v 4.900900 0.698596 -0.484471
v 4.355375 0.698596 0.476482
v 4.720088 0.662383 -0.632237
v 4.581883 0.662383 -0.604746
v 4.451696 0.662383 -0.550821
v 4.334532 0.662383 -0.472534
v 4.234891 0.662383 -0.372894
v 4.156604 0.662383 -0.255729
v 4.102679 0.662383 -0.125542
v 4.075188 0.662383 0.012663
v 4.075188 0.662383 0.153576
v 4.102679 0.662383 0.291781
v 4.156604 0.662383 0.421968
v 4.240169 0.669625 0.546683
v 4.334532 0.662383 0.638773
v 4.451697 0.662383 0.717060
v 4.581883 0.662383 0.770985
v 4.720089 0.662496 0.798476
v 4.861002 0.662610 0.798475
v 4.999207 0.662496 0.770985
v 5.129394 0.662383 0.717060
v 5.246558 0.662383 0.638772
v 5.346198 0.662383 0.539132
v 5.424485 0.662383 0.421967
v 5.478410 0.662383 0.291780
v 5.505901 0.662383 0.153575
v 5.505901 0.662383 0.012662
v 5.478410 0.662383 -0.125543
v 5.424484 0.662383 -0.255730
v 5.346197 0.662383 -0.372895
v 5.246556 0.662383 -0.472535
v 5.129392 0.662383 -0.550822
v 4.999204 0.662383 -0.604746
v 4.861000 0.662383 -0.632237
v 4.722469 0.557441 -0.608055
v 4.588937 0.557441 -0.581493
v 4.463151 0.557441 -0.529391
v 4.349946 0.557441 -0.453750
v 4.253674 0.557441 -0.357478
v 4.178034 0.557441 -0.244274
v 4.125932 0.557441 -0.118489
v 4.099370 0.557441 0.015045
v 4.099370 0.557441 0.151194
v 4.125932 0.557441 0.284728
v 4.178034 0.557441 0.410513
v 4.253675 0.557441 0.523718
v 4.349947 0.557441 0.619990
v 4.463151 0.557441 0.695630
v 4.588937 0.557441 0.747732
v 4.722471 0.557441 0.774294
v 4.858620 0.557441 0.774293
v 4.992153 0.557441 0.747732
v 5.117939 0.557441 0.695630
v 5.231143 0.557441 0.619989
v 5.327415 0.557441 0.523717
v 5.403055 0.557441 0.410512
v 5.455158 0.557441 0.284727
v 5.481719 0.557441 0.151193
v 5.481719 0.557441 0.015044
v 5.455157 0.557441 -0.118490
v 5.403054 0.557441 -0.244275
v 5.327413 0.557441 -0.357479
v 5.231141 0.557441 -0.453751
v 5.117937 0.557441 -0.529392
v 4.992151 0.557441 -0.581494
v 4.858618 0.557441 -0.608055
v 4.727807 0.425359 -0.553870
v 4.604742 0.425359 -0.529391
v 4.488816 0.425359 -0.481374
v 4.384487 0.425359 -0.411663
v 4.295762 0.425359 -0.322938
v 4.226051 0.425359 -0.218608
v 4.178034 0.425359 -0.102684
v 4.153555 0.425359 0.020381
v 4.153555 0.425359 0.145858
v 4.178034 0.425359 0.268923
v 4.226052 0.425359 0.384848
v 4.295763 0.425359 0.489177
v 4.384488 0.425359 0.577902
v 4.488817 0.425359 0.647613
v 4.604742 0.425359 0.695630
v 4.727807 0.425359 0.720109
v 4.853283 0.425359 0.720109
v 4.976348 0.425359 0.695630
v 5.092273 0.425359 0.647612
v 5.196602 0.425359 0.577901
v 5.285327 0.425359 0.489176
v 5.355038 0.425359 0.384847
v 5.403055 0.425359 0.268922
v 5.427534 0.425359 0.145857
v 5.427534 0.425359 0.020380
v 5.403055 0.425359 -0.102685
v 5.355037 0.425359 -0.218609
v 5.285326 0.425359 -0.322939
v 5.196601 0.425359 -0.411664
v 5.092271 0.425359 -0.481374
v 4.976346 0.425359 -0.529392
v 4.853282 0.425359 -0.553870
v 4.735554 0.306488 -0.475207
v 4.627687 0.306488 -0.453750
v 4.526078 0.306488 -0.411663
v 4.434632 0.306488 -0.350561
v 4.356864 0.306488 -0.272793
v 4.295762 0.306488 -0.181347
v 4.253674 0.306488 -0.079738
v 4.232219 0.306488 0.028129
v 4.232219 0.306488 0.138110
v 4.253674 0.306488 0.245978
v 4.295763 0.306488 0.347586
v 4.356865 0.306488 0.439032
v 4.434633 0.306488 0.516800
v 4.526078 0.306488 0.577902
v 4.627687 0.306488 0.619990
v 4.735555 0.306488 0.641446
v 4.845536 0.306488 0.641446
v 4.953403 0.306488 0.619989
v 5.055012 0.306488 0.577901
v 5.146457 0.306488 0.516799
v 5.224225 0.306488 0.439031
v 5.285327 0.306488 0.347585
v 5.327415 0.306488 0.245977
v 5.348871 0.306488 0.138109
v 5.348870 0.306488 0.028128
v 5.327414 0.306488 -0.079739
v 5.285326 0.306488 -0.181348
v 5.224224 0.306488 -0.272794
v 5.146456 0.306488 -0.350562
v 5.055010 0.306488 -0.411663
v 4.953401 0.306488 -0.453751
v 4.845534 0.306488 -0.475207
v 4.745415 0.205398 -0.375087
v 4.656891 0.205398 -0.357478
v 4.573502 0.205398 -0.322938
v 4.498455 0.205398 -0.272793
v 4.434632 0.205398 -0.208970
v 4.384487 0.205398 -0.133923
v 4.349946 0.205398 -0.050535
v 4.332338 0.205398 0.037990
v 4.332338 0.205398 0.128249
v 4.349947 0.205398 0.216774
v 4.384487 0.205398 0.300162
v 4.434633 0.205398 0.375209
v 4.498455 0.205398 0.439032
v 4.573503 0.205398 0.489177
v 4.656891 0.205398 0.523717
v 4.745415 0.205398 0.541326
v 4.835674 0.205398 0.541326
v 4.924199 0.205398 0.523717
v 5.007587 0.205398 0.489177
v 5.082635 0.205398 0.439031
v 5.146457 0.205398 0.375208
v 5.196602 0.205398 0.300161
v 5.231142 0.205398 0.216773
v 5.248751 0.205398 0.128248
v 5.248751 0.205398 0.037989
v 5.231142 0.205398 -0.050535
v 5.196601 0.205398 -0.133924
v 5.146456 0.205398 -0.208971
v 5.082634 0.205398 -0.272793
v 5.007586 0.205398 -0.322938
v 4.924197 0.205398 -0.357479
v 4.835673 0.205398 -0.375087
v 4.757010 0.125971 -0.257359
v 4.691231 0.125971 -0.244274
v 4.629268 0.125971 -0.218608
v 4.573502 0.125971 -0.181347
v 4.526078 0.125971 -0.133923
v 4.488816 0.125971 -0.078158
v 4.463151 0.125971 -0.016194
v 4.450066 0.125971 0.049585
v 4.450066 0.125971 0.116654
v 4.463151 0.125971 0.182433
v 4.488817 0.125971 0.244397
v 4.526078 0.125971 0.300162
v 4.573503 0.125971 0.347586
v 4.629268 0.125971 0.384847
v 4.691231 0.125971 0.410513
v 4.757011 0.125971 0.423598
v 4.824079 0.125971 0.423597
v 4.889859 0.125971 0.410513
v 4.951822 0.125971 0.384847
v 5.007587 0.125971 0.347586
v 5.055011 0.125971 0.300161
v 5.092272 0.125971 0.244396
v 5.117938 0.125971 0.182433
v 5.131022 0.125971 0.116653
v 5.131022 0.125971 0.049584
v 5.117938 0.125971 -0.016195
v 5.092272 0.125971 -0.078158
v 5.055011 0.125971 -0.133923
v 5.007586 0.125971 -0.181347
v 4.951821 0.125971 -0.218609
v 4.889858 0.125971 -0.244274
v 4.824078 0.125971 -0.257359
v 4.769894 0.071261 -0.126546
v 4.729387 0.071261 -0.118489
v 4.691231 0.071261 -0.102684
v 4.656891 0.071261 -0.079738
v 4.627687 0.071261 -0.050535
v 4.604742 0.071261 -0.016194
v 4.588937 0.071261 0.021962
v 4.580879 0.071261 0.062469
v 4.580879 0.071261 0.103770
v 4.588937 0.071261 0.144276
v 4.604742 0.071261 0.182433
v 4.627687 0.071261 0.216774
v 4.656891 0.071261 0.245977
v 4.691231 0.071261 0.268923
v 4.729388 0.071261 0.284728
v 4.769894 0.071261 0.292785
v 4.811195 0.071261 0.292784
v 4.851702 0.071261 0.284727
v 4.889858 0.071261 0.268922
v 4.924198 0.071261 0.245977
v 4.953402 0.071261 0.216773
v 4.976347 0.071261 0.182433
v 4.992152 0.071261 0.144276
v 5.000210 0.071261 0.103769
v 5.000210 0.071261 0.062469
v 4.992152 0.071261 0.021962
v 4.976347 0.071261 -0.016195
v 4.953402 0.071261 -0.050535
v 4.924198 0.071261 -0.079739
v 4.889858 0.071261 -0.102684
v 4.851701 0.071261 -0.118489
v 4.811195 0.071261 -0.126546
v 4.781248 0.045717 -0.011274
v 4.763011 0.045717 -0.007647
v 4.745832 0.045717 -0.000531
v 4.730372 0.045717 0.009799
v 4.717224 0.045717 0.022947
v 4.706894 0.045717 0.038407
v 4.699778 0.045717 0.055586
v 4.696151 0.045717 0.073822
v 4.696151 0.045717 0.092416
v 4.699778 0.045717 0.110653
v 4.706894 0.045717 0.127832
v 4.717224 0.045717 0.143292
v 4.730372 0.045717 0.156440
v 4.745832 0.045717 0.166770
v 4.763011 0.045717 0.173886
v 4.781248 0.045717 0.177513
v 4.799842 0.045717 0.177513
v 4.818078 0.045717 0.173886
v 4.835257 0.045717 0.166770
v 4.850717 0.045717 0.156440
v 4.863865 0.045717 0.143292
v 4.874195 0.045717 0.127831
v 4.881311 0.045717 0.110653
v 4.884938 0.045717 0.092416
v 4.884938 0.045717 0.073822
v 4.881311 0.045717 0.055586
v 4.874195 0.045717 0.038407
v 4.863865 0.045717 0.022947
v 4.850717 0.045717 0.009799
v 4.835257 0.045717 -0.000531
v 4.818078 0.045717 -0.007647
v 4.799841 0.045717 -0.011274
v 4.725074 0.698593 -0.564304
v 4.599711 0.698593 -0.539368
v 4.481622 0.698593 -0.490454
v 4.375345 0.698593 -0.419442
v 4.284964 0.698593 -0.329061
v 4.213952 0.698593 -0.222784
v 4.165038 0.698593 -0.104695
v 4.140102 0.698593 0.020667
v 4.140102 0.698593 0.148486
v 4.165038 0.698593 0.273848
v 4.213952 0.698593 0.391937
v 4.318482 0.698593 0.539056
v 4.375346 0.698593 0.588595
v 4.481623 0.698593 0.659607
v 4.599711 0.698593 0.708521
v 4.725074 0.698798 0.733457
v 4.852893 0.699003 0.733457
v 4.978255 0.698798 0.708521
v 5.096344 0.698593 0.659607
v 5.202621 0.698593 0.588594
v 5.293002 0.698593 0.498213
v 5.364014 0.698593 0.391936
v 5.412927 0.698593 0.273847
v 5.437863 0.698593 0.148485
v 5.437863 0.698593 0.020666
v 5.412927 0.698593 -0.104696
v 5.364013 0.698593 -0.222785
v 5.293000 0.698593 -0.329062
v 5.202619 0.698593 -0.419443
v 5.096342 0.698593 -0.490455
v 4.978253 0.698593 -0.539368
v 4.852891 0.698593 -0.564304
v 4.277742 0.698593 0.489414
v 4.790544 0.662383 -0.635707
v 4.720857 0.618044 -0.624426
v 4.650309 0.662383 -0.621894
v 4.584161 0.618044 -0.597235
v 4.515462 0.662383 -0.580989
v 4.455396 0.618044 -0.543899
v 4.391186 0.662383 -0.514562
v 4.339511 0.618044 -0.466467
v 4.282258 0.662383 -0.425167
v 4.240959 0.618044 -0.367914
v 4.192862 0.662383 -0.316239
v 4.163526 0.618044 -0.252029
v 4.126436 0.662383 -0.191963
v 4.110190 0.618044 -0.123264
v 4.085530 0.662383 -0.057117
v 4.083000 0.618044 0.013432
v 4.071719 0.662383 0.083119
v 4.083000 0.618044 0.152807
v 4.085531 0.662383 0.223356
v 4.110190 0.618044 0.289503
v 4.126436 0.662383 0.358203
v 4.163527 0.618044 0.418268
v 4.194182 0.664193 0.484366
v 4.242278 0.619854 0.536041
v 4.283578 0.664193 0.593294
v 4.339511 0.618044 0.632706
v 4.391187 0.662383 0.680801
v 4.455397 0.618044 0.710138
v 4.515462 0.662383 0.747228
v 4.584162 0.618044 0.763474
v 4.650309 0.662411 0.788133
v 4.720858 0.618072 0.790664
v 4.790545 0.662582 0.801945
v 4.860232 0.618100 0.790664
v 4.930781 0.662582 0.788133
v 4.996928 0.618072 0.763473
v 5.065628 0.662411 0.747228
v 5.125693 0.618044 0.710137
v 5.189903 0.662383 0.680801
v 5.241579 0.618044 0.632705
v 5.298832 0.662383 0.591405
v 5.340131 0.618044 0.534152
v 5.388227 0.662383 0.482477
v 5.417563 0.618044 0.418267
v 5.454654 0.662383 0.358201
v 5.470899 0.618044 0.289502
v 5.495558 0.662383 0.223354
v 5.498089 0.618044 0.152806
v 5.509370 0.662383 0.083118
v 5.498089 0.618044 0.013431
v 5.495558 0.662383 -0.057118
v 5.470898 0.618044 -0.123265
v 5.454652 0.662383 -0.191965
v 5.417562 0.618044 -0.252030
v 5.388226 0.662383 -0.316240
v 5.340129 0.618044 -0.367915
v 5.298830 0.662383 -0.425168
v 5.241577 0.618044 -0.466467
v 5.189902 0.662383 -0.514563
v 5.125691 0.618044 -0.543899
v 5.065626 0.662383 -0.580990
v 4.996926 0.618044 -0.597235
v 4.930779 0.662383 -0.621895
v 4.860231 0.618044 -0.624426
v 4.790544 0.557441 -0.611407
v 4.724821 0.490053 -0.584183
v 4.655049 0.557441 -0.598062
v 4.595899 0.490053 -0.558539
v 4.524761 0.557441 -0.558539
v 4.474458 0.490053 -0.508237
v 4.404686 0.557441 -0.494358
v 4.365164 0.490053 -0.435209
v 4.299440 0.557441 -0.407985
v 4.272216 0.490053 -0.342262
v 4.213067 0.557441 -0.302739
v 4.199188 0.490053 -0.232967
v 4.148885 0.557441 -0.182664
v 4.148885 0.490053 -0.111525
v 4.109363 0.557441 -0.052376
v 4.123241 0.490053 0.017396
v 4.096018 0.557441 0.083119
v 4.123241 0.490053 0.148843
v 4.109363 0.557441 0.218615
v 4.148885 0.490053 0.277765
v 4.148885 0.557441 0.348904
v 4.199189 0.490053 0.399206
v 4.213067 0.557441 0.468978
v 4.272216 0.490053 0.508500
v 4.299441 0.557441 0.574224
v 4.365164 0.490053 0.601448
v 4.404687 0.557441 0.660598
v 4.474459 0.490053 0.674476
v 4.524761 0.557441 0.724779
v 4.595900 0.490053 0.724779
v 4.655050 0.557441 0.764301
v 4.724822 0.490053 0.750422
v 4.790545 0.557441 0.777646
v 4.856269 0.490053 0.750422
v 4.926041 0.557441 0.764301
v 4.985190 0.490053 0.724778
v 5.056329 0.557441 0.724778
v 5.106632 0.490053 0.674475
v 5.176404 0.557441 0.660597
v 5.215926 0.490053 0.601447
v 5.281649 0.557441 0.574223
v 5.308873 0.490053 0.508499
v 5.368023 0.557441 0.468977
v 5.381901 0.490053 0.399205
v 5.432204 0.557441 0.348903
v 5.432203 0.490053 0.277764
v 5.471726 0.557441 0.218614
v 5.457847 0.490053 0.148842
v 5.485071 0.557441 0.083118
v 5.457847 0.490053 0.017395
v 5.471725 0.557441 -0.052377
v 5.432203 0.490053 -0.111527
v 5.432203 0.557441 -0.182666
v 5.381900 0.490053 -0.232968
v 5.368021 0.557441 -0.302740
v 5.308872 0.490053 -0.342263
v 5.281648 0.557441 -0.407986
v 5.215924 0.490053 -0.435209
v 5.176402 0.557441 -0.494359
v 5.106630 0.490053 -0.508238
v 5.056327 0.557441 -0.558540
v 4.985188 0.490053 -0.558540
v 4.926039 0.557441 -0.598062
v 4.856267 0.490053 -0.584184
v 4.790544 0.425359 -0.556960
v 4.731395 0.363968 -0.517438
v 4.665671 0.425359 -0.544661
v 4.615369 0.363968 -0.494358
v 4.545597 0.425359 -0.508237
v 4.506074 0.363968 -0.449087
v 4.434935 0.425359 -0.449087
v 4.407712 0.363968 -0.383364
v 4.337940 0.425359 -0.369485
v 4.324062 0.363968 -0.299713
v 4.258338 0.425359 -0.272490
v 4.258338 0.363968 -0.201351
v 4.199188 0.425359 -0.161828
v 4.213067 0.363968 -0.092057
v 4.162764 0.425359 -0.041754
v 4.189988 0.363968 0.023970
v 4.150465 0.425359 0.083119
v 4.189988 0.363968 0.142269
v 4.162764 0.425359 0.207993
v 4.213067 0.363968 0.258296
v 4.199189 0.425359 0.328067
v 4.258338 0.363968 0.367590
v 4.258338 0.425359 0.438729
v 4.324062 0.363968 0.465952
v 4.337940 0.425359 0.535724
v 4.407712 0.363968 0.549603
v 4.434936 0.425359 0.615326
v 4.506075 0.363968 0.615326
v 4.545597 0.425359 0.674476
v 4.615369 0.363968 0.660597
v 4.665672 0.425359 0.710900
v 4.731395 0.363968 0.683676
v 4.790545 0.425359 0.723199
v 4.849695 0.363968 0.683676
v 4.915418 0.425359 0.710900
v 4.965721 0.363968 0.660597
v 5.035493 0.425359 0.674476
v 5.075016 0.363968 0.615326
v 5.146154 0.425359 0.615326
v 5.173378 0.363968 0.549602
v 5.243149 0.425359 0.535723
v 5.257028 0.363968 0.465951
v 5.322751 0.425359 0.438728
v 5.322751 0.363968 0.367589
v 5.381901 0.425359 0.328066
v 5.368022 0.363968 0.258295
v 5.418325 0.425359 0.207992
v 5.391101 0.363968 0.142268
v 5.430624 0.425359 0.083118
v 5.391101 0.363968 0.023969
v 5.418325 0.425359 -0.041755
v 5.368022 0.363968 -0.092058
v 5.381900 0.425359 -0.161829
v 5.322750 0.363968 -0.201352
v 5.322750 0.425359 -0.272491
v 5.257027 0.363968 -0.299714
v 5.243148 0.425359 -0.369486
v 5.173376 0.363968 -0.383364
v 5.146152 0.425359 -0.449088
v 5.075014 0.363968 -0.449088
v 5.035491 0.425359 -0.508237
v 4.965719 0.363968 -0.494359
v 4.915417 0.425359 -0.544661
v 4.849694 0.363968 -0.517438
v 4.790544 0.306488 -0.477915
v 4.740242 0.253454 -0.427612
v 4.681092 0.306488 -0.467135
v 4.641570 0.253454 -0.407985
v 4.575846 0.306488 -0.435209
v 4.548622 0.253454 -0.369485
v 4.478851 0.306488 -0.383364
v 4.464972 0.253454 -0.313592
v 4.393833 0.306488 -0.313592
v 4.393833 0.253454 -0.242453
v 4.324062 0.306488 -0.228575
v 4.337940 0.253454 -0.158803
v 4.272216 0.306488 -0.131579
v 4.299440 0.253454 -0.065856
v 4.240290 0.306488 -0.026333
v 4.279813 0.253454 0.032817
v 4.229510 0.306488 0.083119
v 4.279813 0.253454 0.133422
v 4.240290 0.306488 0.192572
v 4.299440 0.253454 0.232095
v 4.272216 0.306488 0.297818
v 4.337940 0.253454 0.325042
v 4.324062 0.306488 0.394814
v 4.393833 0.253454 0.408692
v 4.393833 0.306488 0.479831
v 4.464972 0.253454 0.479831
v 4.478851 0.306488 0.549603
v 4.548623 0.253454 0.535724
v 4.575847 0.306488 0.601448
v 4.641570 0.253454 0.574224
v 4.681093 0.306488 0.633373
v 4.740242 0.253454 0.593851
v 4.790545 0.306488 0.644153
v 4.840848 0.253454 0.593851
v 4.899997 0.306488 0.633373
v 4.939520 0.253454 0.574224
v 5.005243 0.306488 0.601447
v 5.032467 0.253454 0.535724
v 5.102239 0.306488 0.549602
v 5.116117 0.253454 0.479830
v 5.187256 0.306488 0.479830
v 5.187256 0.253454 0.408692
v 5.257028 0.306488 0.394812
v 5.243149 0.253454 0.325041
v 5.308873 0.306488 0.297817
v 5.281649 0.253454 0.232093
v 5.340799 0.306488 0.192571
v 5.301276 0.253454 0.133421
v 5.351579 0.306488 0.083118
v 5.301276 0.253454 0.032816
v 5.340798 0.306488 -0.026334
v 5.281649 0.253454 -0.065857
v 5.308872 0.306488 -0.131580
v 5.243148 0.253454 -0.158803
v 5.257027 0.306488 -0.228576
v 5.187255 0.253454 -0.242454
v 5.187255 0.306488 -0.313592
v 5.116116 0.253454 -0.313592
v 5.102237 0.306488 -0.383364
v 5.032465 0.253454 -0.369486
v 5.005242 0.306488 -0.435209
v 4.939518 0.253454 -0.407985
v 4.899996 0.306488 -0.467135
v 4.840847 0.253454 -0.427612
v 4.790544 0.205398 -0.377309
v 4.751022 0.162758 -0.318160
v 4.700719 0.205398 -0.368463
v 4.673495 0.162758 -0.302739
v 4.614346 0.205398 -0.342262
v 4.600468 0.162758 -0.272490
v 4.534744 0.205398 -0.299713
v 4.534744 0.162758 -0.228575
v 4.464972 0.205398 -0.242453
v 4.478851 0.162758 -0.172681
v 4.407712 0.205398 -0.172681
v 4.434935 0.162758 -0.106958
v 4.365164 0.205398 -0.093079
v 4.404686 0.162758 -0.033929
v 4.338963 0.205398 -0.006706
v 4.389265 0.162758 0.043597
v 4.330115 0.205398 0.083119
v 4.389265 0.162758 0.122642
v 4.338963 0.205398 0.172945
v 4.404686 0.162758 0.200168
v 4.365164 0.205398 0.259318
v 4.434935 0.162758 0.273197
v 4.407712 0.205398 0.338920
v 4.478851 0.162758 0.338920
v 4.464972 0.205398 0.408692
v 4.534744 0.162758 0.394814
v 4.534744 0.205398 0.465952
v 4.600468 0.162758 0.438729
v 4.614346 0.205398 0.508500
v 4.673496 0.162758 0.468978
v 4.700720 0.205398 0.534702
v 4.751022 0.162758 0.484398
v 4.790545 0.205398 0.543548
v 4.830067 0.162758 0.484398
v 4.880370 0.205398 0.534701
v 4.907593 0.162758 0.468977
v 4.966743 0.205398 0.508500
v 4.980622 0.162758 0.438728
v 5.046345 0.205398 0.465952
v 5.046345 0.162758 0.394813
v 5.116117 0.205398 0.408692
v 5.102239 0.162758 0.338920
v 5.173378 0.205398 0.338919
v 5.146154 0.162758 0.273196
v 5.215926 0.205398 0.259317
v 5.176403 0.162758 0.200168
v 5.242126 0.205398 0.172944
v 5.191824 0.162758 0.122642
v 5.250974 0.205398 0.083118
v 5.191824 0.162758 0.043596
v 5.242126 0.205398 -0.006707
v 5.176403 0.162758 -0.033930
v 5.215925 0.205398 -0.093080
v 5.146153 0.162758 -0.106958
v 5.173376 0.205398 -0.172682
v 5.102238 0.162758 -0.172682
v 5.116116 0.205398 -0.242454
v 5.046344 0.162758 -0.228575
v 5.046344 0.205398 -0.299714
v 4.980621 0.162758 -0.272490
v 4.966742 0.205398 -0.342262
v 4.907592 0.162758 -0.302739
v 4.880369 0.205398 -0.368463
v 4.830067 0.162758 -0.318160
v 4.790544 0.125971 -0.259010
v 4.763321 0.095364 -0.193286
v 4.723798 0.125971 -0.252436
v 4.709920 0.095364 -0.182664
v 4.659617 0.125971 -0.232967
v 4.659617 0.095364 -0.161828
v 4.600468 0.125971 -0.201351
v 4.614346 0.095364 -0.131579
v 4.548622 0.125971 -0.158803
v 4.575846 0.095364 -0.093079
v 4.506074 0.125971 -0.106958
v 4.545597 0.095364 -0.047808
v 4.474458 0.125971 -0.047808
v 4.524761 0.095364 0.002495
v 4.454989 0.125971 0.016373
v 4.514139 0.095364 0.055896
v 4.448415 0.125971 0.083119
v 4.514139 0.095364 0.110343
v 4.454989 0.125971 0.149866
v 4.524761 0.095364 0.163744
v 4.474458 0.125971 0.214047
v 4.545597 0.095364 0.214047
v 4.506074 0.125971 0.273197
v 4.575846 0.095364 0.259318
v 4.548622 0.125971 0.325042
v 4.614346 0.095364 0.297818
v 4.600468 0.125971 0.367590
v 4.659617 0.095364 0.328067
v 4.659617 0.125971 0.399206
v 4.709920 0.095364 0.348903
v 4.723798 0.125971 0.418675
v 4.763321 0.095364 0.359525
v 4.790545 0.125971 0.425249
v 4.817768 0.095364 0.359525
v 4.857291 0.125971 0.418675
v 4.871169 0.095364 0.348903
v 4.921472 0.125971 0.399206
v 4.921472 0.095364 0.328067
v 4.980622 0.125971 0.367589
v 4.966743 0.095364 0.297818
v 5.032467 0.125971 0.325041
v 5.005243 0.095364 0.259318
v 5.075015 0.125971 0.273196
v 5.035492 0.095364 0.214046
v 5.106631 0.125971 0.214046
v 5.056328 0.095364 0.163744
v 5.126100 0.125971 0.149865
v 5.066950 0.095364 0.110343
v 5.132674 0.125971 0.083119
v 5.066950 0.095364 0.055895
v 5.126100 0.125971 0.016373
v 5.056328 0.095364 0.002494
v 5.106631 0.125971 -0.047808
v 5.035492 0.095364 -0.047808
v 5.075014 0.125971 -0.106958
v 5.005242 0.095364 -0.093080
v 5.032466 0.125971 -0.158803
v 4.966742 0.095364 -0.131579
v 4.980621 0.125971 -0.201351
v 4.921471 0.095364 -0.161828
v 4.921471 0.125971 -0.232967
v 4.871168 0.095364 -0.182665
v 4.857290 0.125971 -0.252436
v 4.817768 0.095364 -0.193286
v 4.790544 0.071261 -0.127563
v 4.776085 0.054450 -0.063691
v 4.749443 0.071261 -0.123515
v 4.747721 0.054450 -0.058049
v 4.709920 0.071261 -0.111525
v 4.721004 0.054450 -0.046982
v 4.673496 0.071261 -0.092057
v 4.696958 0.054450 -0.030916
v 4.641570 0.071261 -0.065856
v 4.676510 0.054450 -0.010466
v 4.615369 0.071261 -0.033929
v 4.660443 0.054450 0.013579
v 4.595899 0.071261 0.002495
v 4.649376 0.054450 0.040297
v 4.583910 0.071261 0.042017
v 4.643734 0.054450 0.068660
v 4.579862 0.071261 0.083119
v 4.643734 0.054450 0.097579
v 4.583910 0.071261 0.124222
v 4.649376 0.054450 0.125942
v 4.595899 0.071261 0.163744
v 4.660443 0.054450 0.152660
v 4.615369 0.071261 0.200168
v 4.676510 0.054450 0.176705
v 4.641570 0.071261 0.232095
v 4.696959 0.054450 0.197154
v 4.673496 0.071261 0.258296
v 4.721004 0.054450 0.213221
v 4.709920 0.071261 0.277764
v 4.747722 0.054450 0.224288
v 4.749443 0.071261 0.289754
v 4.776085 0.054450 0.229929
v 4.790545 0.071261 0.293802
v 4.805004 0.054450 0.229929
v 4.831647 0.071261 0.289753
v 4.833367 0.054450 0.224288
v 4.871169 0.071261 0.277764
v 4.860085 0.054450 0.213221
v 4.907593 0.071261 0.258295
v 4.884131 0.054450 0.197154
v 4.939519 0.071261 0.232094
v 4.904579 0.054450 0.176705
v 4.965720 0.071261 0.200168
v 4.920646 0.054450 0.152660
v 4.985189 0.071261 0.163744
v 4.931712 0.054450 0.125942
v 4.997178 0.071261 0.124221
v 4.937354 0.054450 0.097579
v 5.001227 0.071261 0.083119
v 4.937354 0.054450 0.068659
v 4.997178 0.071261 0.042017
v 4.931712 0.054450 0.040296
v 4.985189 0.071261 0.002494
v 4.920645 0.054450 0.013579
v 4.965720 0.071261 -0.033930
v 4.904579 0.054450 -0.010467
v 4.939519 0.071261 -0.065856
v 4.884130 0.054450 -0.030916
v 4.907593 0.071261 -0.092057
v 4.860085 0.054450 -0.046982
v 4.871169 0.071261 -0.111526
v 4.833367 0.054450 -0.058049
v 4.831646 0.071261 -0.123515
v 4.805004 0.054450 -0.063691
v 4.774364 0.044543 0.001775
v 4.790544 0.044543 0.000182
v 4.758805 0.044543 0.006495
v 4.744467 0.044543 0.014159
v 4.731898 0.044543 0.024474
v 4.721584 0.044543 0.037042
v 4.713920 0.044543 0.051381
v 4.709200 0.044543 0.066939
v 4.707606 0.044543 0.083119
v 4.709200 0.044543 0.099300
v 4.713920 0.044543 0.114858
v 4.721584 0.044543 0.129197
v 4.731898 0.044543 0.141765
v 4.744467 0.044543 0.152080
v 4.758806 0.044543 0.159744
v 4.774364 0.044543 0.164464
v 4.790545 0.044543 0.166057
v 4.806725 0.044543 0.164464
v 4.822284 0.044543 0.159744
v 4.836623 0.044543 0.152080
v 4.849190 0.044543 0.141765
v 4.859505 0.044543 0.129197
v 4.867169 0.044543 0.114858
v 4.871889 0.044543 0.099300
v 4.873482 0.044543 0.083119
v 4.871889 0.044543 0.066939
v 4.867169 0.044543 0.051381
v 4.859505 0.044543 0.037042
v 4.849190 0.044543 0.024473
v 4.836622 0.044543 0.014159
v 4.822283 0.044543 0.006495
v 4.806724 0.044543 0.001775
v 4.719740 0.698590 -0.635769
v 4.580853 0.698590 -0.608142
v 4.450023 0.698590 -0.553951
v 4.332280 0.698590 -0.475278
v 4.232148 0.698590 -0.375145
v 4.153474 0.698590 -0.257402
v 4.099283 0.698590 -0.126573
v 4.071657 0.698590 0.012315
v 4.071657 0.698590 0.153924
v 4.099283 0.698590 0.292812
v 4.153474 0.698590 0.423641
v 4.269282 0.698590 0.586632
v 4.332281 0.698590 0.641516
v 4.450024 0.698590 0.720190
v 4.580853 0.698590 0.774381
v 4.719741 0.698817 0.802008
v 4.861349 0.699044 0.802008
v 5.000237 0.698817 0.774381
v 5.131067 0.698590 0.720189
v 5.248809 0.698590 0.641515
v 5.348942 0.698590 0.541383
v 5.427615 0.698590 0.423640
v 5.481806 0.698590 0.292810
v 5.509433 0.698590 0.153923
v 5.509432 0.698590 0.012314
v 5.481806 0.698590 -0.126574
v 5.427614 0.698590 -0.257403
v 5.348941 0.698590 -0.375146
v 5.248808 0.698590 -0.475279
v 5.131064 0.698590 -0.553952
v 5.000235 0.698590 -0.608143
v 4.861348 0.698590 -0.635769
v 4.224147 0.698590 0.531635
v 4.788983 0.698593 -0.567452
v 4.661778 0.698593 -0.554923
v 4.539462 0.698593 -0.517818
v 4.426735 0.698593 -0.457565
v 4.327929 0.698593 -0.376477
v 4.246841 0.698593 -0.277671
v 4.186587 0.698593 -0.164944
v 4.149483 0.698593 -0.042628
v 4.136955 0.698593 0.084577
v 4.149483 0.698593 0.211781
v 4.186587 0.698593 0.334097
v 4.245036 0.698593 0.444624
v 4.336309 0.698593 0.555841
v 4.426735 0.698593 0.626718
v 4.539463 0.698593 0.686972
v 4.661779 0.698644 0.724076
v 4.788983 0.698951 0.736604
v 4.916188 0.698951 0.724076
v 5.038504 0.698644 0.686971
v 5.151230 0.698593 0.626718
v 5.250037 0.698593 0.545629
v 5.331124 0.698593 0.446823
v 5.391378 0.698593 0.334096
v 5.428482 0.698593 0.211780
v 5.441011 0.698593 0.084575
v 5.428482 0.698593 -0.042629
v 5.391377 0.698593 -0.164945
v 5.331123 0.698593 -0.277672
v 5.250035 0.698593 -0.376478
v 5.151229 0.698593 -0.457565
v 5.038502 0.698593 -0.517819
v 4.916186 0.698593 -0.554923
v 4.304686 0.698593 0.522245
v 4.730407 0.698596 -0.492840
v 4.618570 0.698596 -0.470594
v 4.513221 0.698596 -0.426957
v 4.418411 0.698596 -0.363606
v 4.337780 0.698596 -0.282977
v 4.274430 0.698596 -0.188165
v 4.230794 0.698596 -0.082818
v 4.208548 0.698596 0.029020
v 4.208548 0.698596 0.143048
v 4.230794 0.698596 0.254885
v 4.274430 0.698596 0.360233
v 4.367683 0.698596 0.491479
v 4.418411 0.698596 0.535674
v 4.513222 0.698596 0.599024
v 4.618570 0.698596 0.642661
v 4.730407 0.698778 0.664907
v 4.844435 0.698961 0.664907
v 4.956272 0.698778 0.642661
v 5.061621 0.698596 0.599024
v 5.156431 0.698596 0.535673
v 5.237061 0.698596 0.455043
v 5.300412 0.698596 0.360232
v 5.344049 0.698596 0.254884
v 5.366294 0.698596 0.143047
v 5.366294 0.698596 0.029019
v 5.344048 0.698596 -0.082819
v 5.300411 0.698596 -0.188166
v 5.237060 0.698596 -0.282978
v 5.156430 0.698596 -0.363607
v 5.061619 0.698596 -0.426958
v 4.956271 0.698596 -0.470594
v 4.844434 0.698596 -0.492840
v 4.331338 0.698596 0.447194
vt 0.000000 0.469158
vt 0.000000 0.453329
vt 0.015625 0.453329
vt 0.015625 0.469158
vt 0.000000 0.437500
vt 0.015625 0.433645
vt 0.031250 0.433645
vt 0.031250 0.453329
vt 0.031250 0.469158
vt 0.046875 0.453329
vt 0.046875 0.469158
vt 0.046875 0.433645
vt 0.062500 0.433645
vt 0.062500 0.453329
vt 0.062500 0.469158
vt 0.078125 0.453329
vt 0.078125 0.469158
vt 0.078125 0.433645
vt 0.093750 0.433645
vt 0.093750 0.453329
vt 0.093750 0.469158
vt 0.109375 0.453329
vt 0.109375 0.469158
vt 0.109375 0.433645
vt 0.125000 0.433645
vt 0.125000 0.453329
vt 0.125000 0.469158
vt 0.140625 0.453329
vt 0.140625 0.469158
vt 0.140625 0.433645
vt 0.156250 0.433645
vt 0.156250 0.453329
vt 0.156250 0.469158
vt 0.171875 0.453329
vt 0.171875 0.469158
vt 0.171875 0.433645
vt 0.187500 0.433645
vt 0.187500 0.453329
vt 0.187500 0.469158
vt 0.203125 0.453329
vt 0.203125 0.469158
vt 0.203125 0.433645
vt 0.218750 0.433645
vt 0.218750 0.453329
vt 0.218750 0.469158
vt 0.234375 0.453329
vt 0.234375 0.469158
vt 0.234375 0.433645
vt 0.250000 0.433645
vt 0.250000 0.453329
vt 0.250000 0.469158
vt 0.265625 0.453329
vt 0.265625 0.469158
vt 0.265625 0.433645
vt 0.281250 0.433645
vt 0.281250 0.453329
vt 0.281250 0.469158
vt 0.296875 0.453329
vt 0.296875 0.469158
vt 0.296875 0.433645
vt 0.312500 0.433645
vt 0.312500 0.453329
vt 0.312500 0.469158
vt 0.328125 0.453329
vt 0.328125 0.469158
vt 0.328125 0.433645
vt 0.343876 0.433843
vt 0.344254 0.454120
vt 0.343058 0.469158
vt 0.361392 0.456495
vt 0.356605 0.469158
vt 0.359879 0.434436
vt 0.375126 0.433843
vt 0.375504 0.454120
vt 0.378214 0.469158
vt 0.372230 0.469158
vt 0.366939 0.469158
vt 0.390625 0.453329
vt 0.390625 0.469158
vt 0.390625 0.433645
vt 0.406250 0.433645
vt 0.406250 0.453329
vt 0.406250 0.469158
vt 0.421875 0.453329
vt 0.421875 0.469158
vt 0.421875 0.433645
vt 0.437500 0.433645
vt 0.437500 0.453329
vt 0.437500 0.469158
vt 0.453125 0.453329
vt 0.453125 0.469158
vt 0.453125 0.433645
vt 0.468750 0.433645
vt 0.468750 0.453329
vt 0.468750 0.469158
vt 0.484375 0.453329
vt 0.484375 0.469158
vt 0.484375 0.433645
vt 0.500000 0.433645
vt 0.500000 0.453329
vt 0.500000 0.469158
vt 0.515625 0.453329
vt 0.515625 0.469158
vt 0.515625 0.433645
vt 0.531250 0.433645
vt 0.531250 0.453329
vt 0.531250 0.469158
vt 0.546875 0.453329
vt 0.546875 0.469158
vt 0.546875 0.433645
vt 0.562500 0.433645
vt 0.562500 0.453329
vt 0.562500 0.469158
vt 0.578125 0.453329
vt 0.578125 0.469158
vt 0.578125 0.433645
vt 0.593750 0.433645
vt 0.593750 0.453329
vt 0.593750 0.469158
vt 0.609375 0.453329
vt 0.609375 0.469158
vt 0.609375 0.433645
vt 0.625000 0.433645
vt 0.625000 0.453329
vt 0.625000 0.469158
vt 0.640625 0.453329
vt 0.640625 0.469158
vt 0.640625 0.433645
vt 0.656250 0.433645
vt 0.656250 0.453329
vt 0.656250 0.469158
vt 0.671875 0.453329
vt 0.671875 0.469158
vt 0.671875 0.433645
vt 0.687500 0.433645
vt 0.687500 0.453329
vt 0.687500 0.469158
vt 0.703125 0.453329
vt 0.703125 0.469158
vt 0.703125 0.433645
vt 0.718750 0.433645
vt 0.718750 0.453329
vt 0.718750 0.469158
vt 0.734375 0.453329
vt 0.734375 0.469158
vt 0.734375 0.433645
vt 0.750000 0.433645
vt 0.750000 0.453329
vt 0.750000 0.469158
vt 0.765625 0.453329
vt 0.765625 0.469158
vt 0.765625 0.433645
vt 0.781250 0.433645
vt 0.781250 0.453329
vt 0.781250 0.469158
vt 0.796875 0.453329
vt 0.796875 0.469158
vt 0.796875 0.433645
vt 0.812500 0.433645
vt 0.812500 0.453329
vt 0.812500 0.469158
vt 0.828125 0.453329
vt 0.828125 0.469158
vt 0.828125 0.433645
vt 0.843750 0.433645
vt 0.843750 0.453329
vt 0.843750 0.469158
vt 0.859375 0.453329
vt 0.859375 0.469158
vt 0.859375 0.433645
vt 0.875000 0.433645
vt 0.875000 0.453329
vt 0.875000 0.469158
vt 0.890625 0.453329
vt 0.890625 0.469158
vt 0.890625 0.433645
vt 0.906250 0.433645
vt 0.906250 0.453329
vt 0.906250 0.469158
vt 0.921875 0.453329
vt 0.921875 0.469158
vt 0.921875 0.433645
vt 0.937500 0.433645
vt 0.937500 0.453329
vt 0.937500 0.469158
vt 0.953125 0.453329
vt 0.953125 0.469158
vt 0.953125 0.433645
vt 0.968750 0.433645
vt 0.968750 0.453329
vt 0.968750 0.469158
vt 0.984375 0.453329
vt 0.984375 0.469158
vt 0.984375 0.433645
vt 1.000000 0.437500
vt 1.000000 0.453329
vt 1.000000 0.469158
vt 0.000000 0.406250
vt 0.015625 0.406250
vt 0.000000 0.375000
vt 0.015625 0.375000
vt 0.031250 0.375000
vt 0.031250 0.406250
vt 0.046875 0.406250
vt 0.046875 0.375000
vt 0.062500 0.375000
vt 0.062500 0.406250
vt 0.078125 0.406250
vt 0.078125 0.375000
vt 0.093750 0.375000
vt 0.093750 0.406250
vt 0.109375 0.406250
vt 0.109375 0.375000
vt 0.125000 0.375000
vt 0.125000 0.406250
vt 0.140625 0.406250
vt 0.140625 0.375000
vt 0.156250 0.375000
vt 0.156250 0.406250
vt 0.171875 0.406250
vt 0.171875 0.375000
vt 0.187500 0.375000
vt 0.187500 0.406250
vt 0.203125 0.406250
vt 0.203125 0.375000
vt 0.218750 0.375000
vt 0.218750 0.406250
vt 0.234375 0.406250
vt 0.234375 0.375000
vt 0.250000 0.375000
vt 0.250000 0.406250
vt 0.265625 0.406250
vt 0.265625 0.375000
vt 0.281250 0.375000
vt 0.281250 0.406250
vt 0.296875 0.406250
vt 0.296875 0.375000
vt 0.312500 0.375000
vt 0.312500 0.406250
vt 0.328125 0.406250
vt 0.328125 0.375000
vt 0.343750 0.375000
vt 0.343750 0.406250
vt 0.359375 0.406250
vt 0.359375 0.375000
vt 0.375000 0.375000
vt 0.375000 0.406250
vt 0.390625 0.406250
vt 0.390625 0.375000
vt 0.406250 0.375000
vt 0.406250 0.406250
vt 0.421875 0.406250
vt 0.421875 0.375000
vt 0.437500 0.375000
vt 0.437500 0.406250
vt 0.453125 0.406250
vt 0.453125 0.375000
vt 0.468750 0.375000
vt 0.468750 0.406250
vt 0.484375 0.406250
vt 0.484375 0.375000
vt 0.500000 0.375000
vt 0.500000 0.406250
vt 0.515625 0.406250
vt 0.515625 0.375000
vt 0.531250 0.375000
vt 0.531250 0.406250
vt 0.546875 0.406250
vt 0.546875 0.375000
vt 0.562500 0.375000
vt 0.562500 0.406250
vt 0.578125 0.406250
vt 0.578125 0.375000
vt 0.593750 0.375000
vt 0.593750 0.406250
vt 0.609375 0.406250
vt 0.609375 0.375000
vt 0.625000 0.375000
vt 0.625000 0.406250
vt 0.640625 0.406250
vt 0.640625 0.375000
vt 0.656250 0.375000
vt 0.656250 0.406250
vt 0.671875 0.406250
vt 0.671875 0.375000
vt 0.687500 0.375000
vt 0.687500 0.406250
vt 0.703125 0.406250
vt 0.703125 0.375000
vt 0.718750 0.375000
vt 0.718750 0.406250
vt 0.734375 0.406250
vt 0.734375 0.375000
vt 0.750000 0.375000
vt 0.750000 0.406250
vt 0.765625 0.406250
vt 0.765625 0.375000
vt 0.781250 0.375000
vt 0.781250 0.406250
vt 0.796875 0.406250
vt 0.796875 0.375000
vt 0.812500 0.375000
vt 0.812500 0.406250
vt 0.828125 0.406250
vt 0.828125 0.375000
vt 0.843750 0.375000
vt 0.843750 0.406250
vt 0.859375 0.406250
vt 0.859375 0.375000
vt 0.875000 0.375000
vt 0.875000 0.406250
vt 0.890625 0.406250
vt 0.890625 0.375000
vt 0.906250 0.375000
vt 0.906250 0.406250
vt 0.921875 0.406250
vt 0.921875 0.375000
vt 0.937500 0.375000
vt 0.937500 0.406250
vt 0.953125 0.406250
vt 0.953125 0.375000
vt 0.968750 0.375000
vt 0.968750 0.406250
vt 0.984375 0.406250
vt 0.984375 0.375000
vt 1.000000 0.375000
vt 1.000000 0.406250
vt 0.000000 0.343750
vt 0.015625 0.343750
vt 0.000000 0.312500
vt 0.015625 0.312500
vt 0.031250 0.312500
vt 0.031250 0.343750
vt 0.046875 0.343750
vt 0.046875 0.312500
vt 0.062500 0.312500
vt 0.062500 0.343750
vt 0.078125 0.343750
vt 0.078125 0.312500
vt 0.093750 0.312500
vt 0.093750 0.343750
vt 0.109375 0.343750
vt 0.109375 0.312500
vt 0.125000 0.312500
vt 0.125000 0.343750
vt 0.140625 0.343750
vt 0.140625 0.312500
vt 0.156250 0.312500
vt 0.156250 0.343750
vt 0.171875 0.343750
vt 0.171875 0.312500
vt 0.187500 0.312500
vt 0.187500 0.343750
vt 0.203125 0.343750
vt 0.203125 0.312500
vt 0.218750 0.312500
vt 0.218750 0.343750
vt 0.234375 0.343750
vt 0.234375 0.312500
vt 0.250000 0.312500
vt 0.250000 0.343750
vt 0.265625 0.343750
vt 0.265625 0.312500
vt 0.281250 0.312500
vt 0.281250 0.343750
vt 0.296875 0.343750
vt 0.296875 0.312500
vt 0.312500 0.312500
vt 0.312500 0.343750
vt 0.328125 0.343750
vt 0.328125 0.312500
vt 0.343750 0.312500
vt 0.343750 0.343750
vt 0.359375 0.343750
vt 0.359375 0.312500
vt 0.375000 0.312500
vt 0.375000 0.343750
vt 0.390625 0.343750
vt 0.390625 0.312500
vt 0.406250 0.312500
vt 0.406250 0.343750
vt 0.421875 0.343750
vt 0.421875 0.312500
vt 0.437500 0.312500
vt 0.437500 0.343750
vt 0.453125 0.343750
vt 0.453125 0.312500
vt 0.468750 0.312500
vt 0.468750 0.343750
vt 0.484375 0.343750
vt 0.484375 0.312500
vt 0.500000 0.312500
vt 0.500000 0.343750
vt 0.515625 0.343750
vt 0.515625 0.312500
vt 0.531250 0.312500
vt 0.531250 0.343750
vt 0.546875 0.343750
vt 0.546875 0.312500
vt 0.562500 0.312500
vt 0.562500 0.343750
vt 0.578125 0.343750
vt 0.578125 0.312500
vt 0.593750 0.312500
vt 0.593750 0.343750
vt 0.609375 0.343750
vt 0.609375 0.312500
vt 0.625000 0.312500
vt 0.625000 0.343750
vt 0.640625 0.343750
vt 0.640625 0.312500
vt 0.656250 0.312500
vt 0.656250 0.343750
vt 0.671875 0.343750
vt 0.671875 0.312500
vt 0.687500 0.312500
vt 0.687500 0.343750
vt 0.703125 0.343750
vt 0.703125 0.312500
vt 0.718750 0.312500
vt 0.718750 0.343750
vt 0.734375 0.343750
vt 0.734375 0.312500
vt 0.750000 0.312500
vt 0.750000 0.343750
vt 0.765625 0.343750
vt 0.765625 0.312500
vt 0.781250 0.312500
vt 0.781250 0.343750
vt 0.796875 0.343750
vt 0.796875 0.312500
vt 0.812500 0.312500
vt 0.812500 0.343750
vt 0.828125 0.343750
vt 0.828125 0.312500
vt 0.843750 0.312500
vt 0.843750 0.343750
vt 0.859375 0.343750
vt 0.859375 0.312500
vt 0.875000 0.312500
vt 0.875000 0.343750
vt 0.890625 0.343750
vt 0.890625 0.312500
vt 0.906250 0.312500
vt 0.906250 0.343750
vt 0.921875 0.343750
vt 0.921875 0.312500
vt 0.937500 0.312500
vt 0.937500 0.343750
vt 0.953125 0.343750
vt 0.953125 0.312500
vt 0.968750 0.312500
vt 0.968750 0.343750
vt 0.984375 0.343750
vt 0.984375 0.312500
vt 1.000000 0.312500
vt 1.000000 0.343750
vt 0.000000 0.281250
vt 0.015625 0.281250
vt 0.000000 0.250000
vt 0.015625 0.250000
vt 0.031250 0.250000
vt 0.031250 0.281250
vt 0.046875 0.281250
vt 0.046875 0.250000
vt 0.062500 0.250000
vt 0.062500 0.281250
vt 0.078125 0.281250
vt 0.078125 0.250000
vt 0.093750 0.250000
vt 0.093750 0.281250
vt 0.109375 0.281250
vt 0.109375 0.250000
vt 0.125000 0.250000
vt 0.125000 0.281250
vt 0.140625 0.281250
vt 0.140625 0.250000
vt 0.156250 0.250000
vt 0.156250 0.281250
vt 0.171875 0.281250
vt 0.171875 0.250000
vt 0.187500 0.250000
vt 0.187500 0.281250
vt 0.203125 0.281250
vt 0.203125 0.250000
vt 0.218750 0.250000
vt 0.218750 0.281250
vt 0.234375 0.281250
vt 0.234375 0.250000
vt 0.250000 0.250000
vt 0.250000 0.281250
vt 0.265625 0.281250
vt 0.265625 0.250000
vt 0.281250 0.250000
vt 0.281250 0.281250
vt 0.296875 0.281250
vt 0.296875 0.250000
vt 0.312500 0.250000
vt 0.312500 0.281250
vt 0.328125 0.281250
vt 0.328125 0.250000
vt 0.343750 0.250000
vt 0.343750 0.281250
vt 0.359375 0.281250
vt 0.359375 0.250000
vt 0.375000 0.250000
vt 0.375000 0.281250
vt 0.390625 0.281250
vt 0.390625 0.250000
vt 0.406250 0.250000
vt 0.406250 0.281250
vt 0.421875 0.281250
vt 0.421875 0.250000
vt 0.437500 0.250000
vt 0.437500 0.281250
vt 0.453125 0.281250
vt 0.453125 0.250000
vt 0.468750 0.250000
vt 0.468750 0.281250
vt 0.484375 0.281250
vt 0.484375 0.250000
vt 0.500000 0.250000
vt 0.500000 0.281250
vt 0.515625 0.281250
vt 0.515625 0.250000
vt 0.531250 0.250000
vt 0.531250 0.281250
vt 0.546875 0.281250
vt 0.546875 0.250000
vt 0.562500 0.250000
vt 0.562500 0.281250
vt 0.578125 0.281250
vt 0.578125 0.250000
vt 0.593750 0.250000
vt 0.593750 0.281250
vt 0.609375 0.281250
vt 0.609375 0.250000
vt 0.625000 0.250000
vt 0.625000 0.281250
vt 0.640625 0.281250
vt 0.640625 0.250000
vt 0.656250 0.250000
vt 0.656250 0.281250
vt 0.671875 0.281250
vt 0.671875 0.250000
vt 0.687500 0.250000
vt 0.687500 0.281250
vt 0.703125 0.281250
vt 0.703125 0.250000
vt 0.718750 0.250000
vt 0.718750 0.281250
vt 0.734375 0.281250
vt 0.734375 0.250000
vt 0.750000 0.250000
vt 0.750000 0.281250
vt 0.765625 0.281250
vt 0.765625 0.250000
vt 0.781250 0.250000
vt 0.781250 0.281250
vt 0.796875 0.281250
vt 0.796875 0.250000
vt 0.812500 0.250000
vt 0.812500 0.281250
vt 0.828125 0.281250
vt 0.828125 0.250000
vt 0.843750 0.250000
vt 0.843750 0.281250
vt 0.859375 0.281250
vt 0.859375 0.250000
vt 0.875000 0.250000
vt 0.875000 0.281250
vt 0.890625 0.281250
vt 0.890625 0.250000
vt 0.906250 0.250000
vt 0.906250 0.281250
vt 0.921875 0.281250
vt 0.921875 0.250000
vt 0.937500 0.250000
vt 0.937500 0.281250
vt 0.953125 0.281250
vt 0.953125 0.250000
vt 0.968750 0.250000
vt 0.968750 0.281250
vt 0.984375 0.281250
vt 0.984375 0.250000
vt 1.000000 0.250000
vt 1.000000 0.281250
vt 0.000000 0.218750
vt 0.015625 0.218750
vt 0.000000 0.187500
vt 0.015625 0.187500
vt 0.031250 0.187500
vt 0.031250 0.218750
vt 0.046875 0.218750
vt 0.046875 0.187500
vt 0.062500 0.187500
vt 0.062500 0.218750
vt 0.078125 0.218750
vt 0.078125 0.187500
vt 0.093750 0.187500
vt 0.093750 0.218750
vt 0.109375 0.218750
vt 0.109375 0.187500
vt 0.125000 0.187500
vt 0.125000 0.218750
vt 0.140625 0.218750
vt 0.140625 0.187500
vt 0.156250 0.187500
vt 0.156250 0.218750
vt 0.171875 0.218750
vt 0.171875 0.187500
vt 0.187500 0.187500
vt 0.187500 0.218750
vt 0.203125 0.218750
vt 0.203125 0.187500
vt 0.218750 0.187500
vt 0.218750 0.218750
vt 0.234375 0.218750
vt 0.234375 0.187500
vt 0.250000 0.187500
vt 0.250000 0.218750
vt 0.265625 0.218750
vt 0.265625 0.187500
vt 0.281250 0.187500
vt 0.281250 0.218750
vt 0.296875 0.218750
vt 0.296875 0.187500
vt 0.312500 0.187500
vt 0.312500 0.218750
vt 0.328125 0.218750
vt 0.328125 0.187500
vt 0.343750 0.187500
vt 0.343750 0.218750
vt 0.359375 0.218750
vt 0.359375 0.187500
vt 0.375000 0.187500
vt 0.375000 0.218750
vt 0.390625 0.218750
vt 0.390625 0.187500
vt 0.406250 0.187500
vt 0.406250 0.218750
vt 0.421875 0.218750
vt 0.421875 0.187500
vt 0.437500 0.187500
vt 0.437500 0.218750
vt 0.453125 0.218750
vt 0.453125 0.187500
vt 0.468750 0.187500
vt 0.468750 0.218750
vt 0.484375 0.218750
vt 0.484375 0.187500
vt 0.500000 0.187500
vt 0.500000 0.218750
vt 0.515625 0.218750
vt 0.515625 0.187500
vt 0.531250 0.187500
vt 0.531250 0.218750
vt 0.546875 0.218750
vt 0.546875 0.187500
vt 0.562500 0.187500
vt 0.562500 0.218750
vt 0.578125 0.218750
vt 0.578125 0.187500
vt 0.593750 0.187500
vt 0.593750 0.218750
vt 0.609375 0.218750
vt 0.609375 0.187500
vt 0.625000 0.187500
vt 0.625000 0.218750
vt 0.640625 0.218750
vt 0.640625 0.187500
vt 0.656250 0.187500
vt 0.656250 0.218750
vt 0.671875 0.218750
vt 0.671875 0.187500
vt 0.687500 0.187500
vt 0.687500 0.218750
vt 0.703125 0.218750
vt 0.703125 0.187500
vt 0.718750 0.187500
vt 0.718750 0.218750
vt 0.734375 0.218750
vt 0.734375 0.187500
vt 0.750000 0.187500
vt 0.750000 0.218750
vt 0.765625 0.218750
vt 0.765625 0.187500
vt 0.781250 0.187500
vt 0.781250 0.218750
vt 0.796875 0.218750
vt 0.796875 0.187500
vt 0.812500 0.187500
vt 0.812500 0.218750
vt 0.828125 0.218750
vt 0.828125 0.187500
vt 0.843750 0.187500
vt 0.843750 0.218750
vt 0.859375 0.218750
vt 0.859375 0.187500
vt 0.875000 0.187500
vt 0.875000 0.218750
vt 0.890625 0.218750
vt 0.890625 0.187500
vt 0.906250 0.187500
vt 0.906250 0.218750
vt 0.921875 0.218750
vt 0.921875 0.187500
vt 0.937500 0.187500
vt 0.937500 0.218750
vt 0.953125 0.218750
vt 0.953125 0.187500
vt 0.968750 0.187500
vt 0.968750 0.218750
vt 0.984375 0.218750
vt 0.984375 0.187500
vt 1.000000 0.187500
vt 1.000000 0.218750
vt 0.000000 0.156250
vt 0.015625 0.156250
vt 0.000000 0.125000
vt 0.015625 0.125000
vt 0.031250 0.125000
vt 0.031250 0.156250
vt 0.046875 0.156250
vt 0.046875 0.125000
vt 0.062500 0.125000
vt 0.062500 0.156250
vt 0.078125 0.156250
vt 0.078125 0.125000
vt 0.093750 0.125000
vt 0.093750 0.156250
vt 0.109375 0.156250
vt 0.109375 0.125000
vt 0.125000 0.125000
vt 0.125000 0.156250
vt 0.140625 0.156250
vt 0.140625 0.125000
vt 0.156250 0.125000
vt 0.156250 0.156250
vt 0.171875 0.156250
vt 0.171875 0.125000
vt 0.187500 0.125000
vt 0.187500 0.156250
vt 0.203125 0.156250
vt 0.203125 0.125000
vt 0.218750 0.125000
vt 0.218750 0.156250
vt 0.234375 0.156250
vt 0.234375 0.125000
vt 0.250000 0.125000
vt 0.250000 0.156250
vt 0.265625 0.156250
vt 0.265625 0.125000
vt 0.281250 0.125000
vt 0.281250 0.156250
vt 0.296875 0.156250
vt 0.296875 0.125000
vt 0.312500 0.125000
vt 0.312500 0.156250
vt 0.328125 0.156250
vt 0.328125 0.125000
vt 0.343750 0.125000
vt 0.343750 0.156250
vt 0.359375 0.156250
vt 0.359375 0.125000
vt 0.375000 0.125000
vt 0.375000 0.156250
vt 0.390625 0.156250
vt 0.390625 0.125000
vt 0.406250 0.125000
vt 0.406250 0.156250
vt 0.421875 0.156250
vt 0.421875 0.125000
vt 0.437500 0.125000
vt 0.437500 0.156250
vt 0.453125 0.156250
vt 0.453125 0.125000
vt 0.468750 0.125000
vt 0.468750 0.156250
vt 0.484375 0.156250
vt 0.484375 0.125000
vt 0.500000 0.125000
vt 0.500000 0.156250
vt 0.515625 0.156250
vt 0.515625 0.125000
vt 0.531250 0.125000
vt 0.531250 0.156250
vt 0.546875 0.156250
vt 0.546875 0.125000
vt 0.562500 0.125000
vt 0.562500 0.156250
vt 0.578125 0.156250
vt 0.578125 0.125000
vt 0.593750 0.125000
vt 0.593750 0.156250
vt 0.609375 0.156250
vt 0.609375 0.125000
vt 0.625000 0.125000
vt 0.625000 0.156250
vt 0.640625 0.156250
vt 0.640625 0.125000
vt 0.656250 0.125000
vt 0.656250 0.156250
vt 0.671875 0.156250
vt 0.671875 0.125000
vt 0.687500 0.125000
vt 0.687500 0.156250
vt 0.703125 0.156250
vt 0.703125 0.125000
vt 0.718750 0.125000
vt 0.718750 0.156250
vt 0.734375 0.156250
vt 0.734375 0.125000
vt 0.750000 0.125000
vt 0.750000 0.156250
vt 0.765625 0.156250
vt 0.765625 0.125000
vt 0.781250 0.125000
vt 0.781250 0.156250
vt 0.796875 0.156250
vt 0.796875 0.125000
vt 0.812500 0.125000
vt 0.812500 0.156250
vt 0.828125 0.156250
vt 0.828125 0.125000
vt 0.843750 0.125000
vt 0.843750 0.156250
vt 0.859375 0.156250
vt 0.859375 0.125000
vt 0.875000 0.125000
vt 0.875000 0.156250
vt 0.890625 0.156250
vt 0.890625 0.125000
vt 0.906250 0.125000
vt 0.906250 0.156250
vt 0.921875 0.156250
vt 0.921875 0.125000
vt 0.937500 0.125000
vt 0.937500 0.156250
vt 0.953125 0.156250
vt 0.953125 0.125000
vt 0.968750 0.125000
vt 0.968750 0.156250
vt 0.984375 0.156250
vt 0.984375 0.125000
vt 1.000000 0.125000
vt 1.000000 0.156250
vt 0.000000 0.093750
vt 0.015625 0.093750
vt 0.000000 0.062500
vt 0.014323 0.065104
vt 0.028646 0.063802
vt 0.031250 0.093750
vt 0.046875 0.093750
vt 0.045573 0.065104
vt 0.059896 0.063802
vt 0.062500 0.093750
vt 0.078125 0.093750
vt 0.076823 0.065104
vt 0.091146 0.063802
vt 0.093750 0.093750
vt 0.109375 0.093750
vt 0.108073 0.065104
vt 0.122396 0.063802
vt 0.125000 0.093750
vt 0.140625 0.093750
vt 0.139323 0.065104
vt 0.153646 0.063802
vt 0.156250 0.093750
vt 0.171875 0.093750
vt 0.170573 0.065104
vt 0.184896 0.063802
vt 0.187500 0.093750
vt 0.203125 0.093750
vt 0.201823 0.065104
vt 0.216146 0.063802
vt 0.218750 0.093750
vt 0.234375 0.093750
vt 0.233073 0.065104
vt 0.247396 0.063802
vt 0.250000 0.093750
vt 0.265625 0.093750
vt 0.264323 0.065104
vt 0.278646 0.063802
vt 0.281250 0.093750
vt 0.296875 0.093750
vt 0.295573 0.065104
vt 0.309896 0.063802
vt 0.312500 0.093750
vt 0.328125 0.093750
vt 0.326823 0.065104
vt 0.341146 0.063802
vt 0.343750 0.093750
vt 0.359375 0.093750
vt 0.358073 0.065104
vt 0.372396 0.063802
vt 0.375000 0.093750
vt 0.390625 0.093750
vt 0.389323 0.065104
vt 0.403646 0.063802
vt 0.406250 0.093750
vt 0.421875 0.093750
vt 0.420573 0.065104
vt 0.434896 0.063802
vt 0.437500 0.093750
vt 0.453125 0.093750
vt 0.451823 0.065104
vt 0.466146 0.063802
vt 0.468750 0.093750
vt 0.484375 0.093750
vt 0.483073 0.065104
vt 0.497396 0.063802
vt 0.500000 0.093750
vt 0.515625 0.093750
vt 0.514323 0.065104
vt 0.528646 0.063802
vt 0.531250 0.093750
vt 0.546875 0.093750
vt 0.545573 0.065104
vt 0.559896 0.063802
vt 0.562500 0.093750
vt 0.578125 0.093750
vt 0.576823 0.065104
vt 0.591146 0.063802
vt 0.593750 0.093750
vt 0.609375 0.093750
vt 0.608073 0.065104
vt 0.622396 0.063802
vt 0.625000 0.093750
vt 0.640625 0.093750
vt 0.639323 0.065104
vt 0.653646 0.063802
vt 0.656250 0.093750
vt 0.671875 0.093750
vt 0.670573 0.065104
vt 0.684896 0.063802
vt 0.687500 0.093750
vt 0.703125 0.093750
vt 0.701823 0.065104
vt 0.716146 0.063802
vt 0.718750 0.093750
vt 0.734375 0.093750
vt 0.733073 0.065104
vt 0.747396 0.063802
vt 0.750000 0.093750
vt 0.765625 0.093750
vt 0.764323 0.065104
vt 0.778646 0.063802
vt 0.781250 0.093750
vt 0.796875 0.093750
vt 0.795573 0.065104
vt 0.809896 0.063802
vt 0.812500 0.093750
vt 0.828125 0.093750
vt 0.826823 0.065104
vt 0.841146 0.063802
vt 0.843750 0.093750
vt 0.859375 0.093750
vt 0.858073 0.065104
vt 0.872396 0.063802
vt 0.875000 0.093750
vt 0.890625 0.093750
vt 0.889323 0.065104
vt 0.903646 0.063802
vt 0.906250 0.093750
vt 0.921875 0.093750
vt 0.920573 0.065104
vt 0.934896 0.063802
vt 0.937500 0.093750
vt 0.953125 0.093750
vt 0.951823 0.065104
vt 0.966146 0.063802
vt 0.968750 0.093750
vt 0.984375 0.093750
vt 0.983073 0.065104
vt 1.000000 0.062500
vt 1.000000 0.093750
vt 0.000000 -0.000000
vt 0.015625 0.031250
vt 0.010417 0.041667
vt 0.000000 0.031250
vt 0.031250 -0.000000
vt 0.046875 0.031250
vt 0.041667 0.041667
vt 0.031250 0.031250
vt 0.062500 -0.000000
vt 0.078125 0.031250
vt 0.072917 0.041667
vt 0.062500 0.031250
vt 0.093750 -0.000000
vt 0.109375 0.031250
vt 0.104167 0.041667
vt 0.093750 0.031250
vt 0.125000 -0.000000
vt 0.140625 0.031250
vt 0.135417 0.041667
vt 0.125000 0.031250
vt 0.156250 -0.000000
vt 0.171875 0.031250
vt 0.166667 0.041667
vt 0.156250 0.031250
vt 0.187500 -0.000000
vt 0.203125 0.031250
vt 0.197917 0.041667
vt 0.187500 0.031250
vt 0.218750 -0.000000
vt 0.234375 0.031250
vt 0.229167 0.041667
vt 0.218750 0.031250
vt 0.250000 -0.000000
vt 0.265625 0.031250
vt 0.260417 0.041667
vt 0.250000 0.031250
vt 0.281250 -0.000000
vt 0.296875 0.031250
vt 0.291667 0.041667
vt 0.281250 0.031250
vt 0.312500 -0.000000
vt 0.328125 0.031250
vt 0.322917 0.041667
vt 0.312500 0.031250
vt 0.343750 -0.000000
vt 0.359375 0.031250
vt 0.354167 0.041667
vt 0.343750 0.031250
vt 0.375000 -0.000000
vt 0.390625 0.031250
vt 0.385417 0.041667
vt 0.375000 0.031250
vt 0.406250 -0.000000
vt 0.421875 0.031250
vt 0.416667 0.041667
vt 0.406250 0.031250
vt 0.437500 -0.000000
vt 0.453125 0.031250
vt 0.447917 0.041667
vt 0.437500 0.031250
vt 0.468750 -0.000000
vt 0.484375 0.031250
vt 0.479167 0.041667
vt 0.468750 0.031250
vt 0.500000 -0.000000
vt 0.515625 0.031250
vt 0.510417 0.041667
vt 0.500000 0.031250
vt 0.531250 -0.000000
vt 0.546875 0.031250
vt 0.541667 0.041667
vt 0.531250 0.031250
vt 0.562500 -0.000000
vt 0.578125 0.031250
vt 0.572917 0.041667
vt 0.562500 0.031250
vt 0.593750 -0.000000
vt 0.609375 0.031250
vt 0.604167 0.041667
vt 0.593750 0.031250
vt 0.625000 -0.000000
vt 0.640625 0.031250
vt 0.635417 0.041667
vt 0.625000 0.031250
vt 0.656250 -0.000000
vt 0.671875 0.031250
vt 0.666667 0.041667
vt 0.656250 0.031250
vt 0.687500 -0.000000
vt 0.703125 0.031250
vt 0.697917 0.041667
vt 0.687500 0.031250
vt 0.718750 -0.000000
vt 0.734375 0.031250
vt 0.729167 0.041667
vt 0.718750 0.031250
vt 0.750000 -0.000000
vt 0.765625 0.031250
vt 0.760417 0.041667
vt 0.750000 0.031250
vt 0.781250 -0.000000
vt 0.796875 0.031250
vt 0.791667 0.041667
vt 0.781250 0.031250
vt 0.812500 -0.000000
vt 0.828125 0.031250
vt 0.822917 0.041667
vt 0.812500 0.031250
vt 0.843750 -0.000000
vt 0.859375 0.031250
vt 0.854167 0.041667
vt 0.843750 0.031250
vt 0.875000 -0.000000
vt 0.890625 0.031250
vt 0.885417 0.041667
vt 0.875000 0.031250
vt 0.906250 -0.000000
vt 0.921875 0.031250
vt 0.916667 0.041667
vt 0.906250 0.031250
vt 0.937500 -0.000000
vt 0.953125 0.031250
vt 0.947917 0.041667
vt 0.937500 0.031250
vt 0.968750 -0.000000
vt 0.984375 0.031250
vt 0.979167 0.041667
vt 0.968750 0.031250
vt 0.015625 0.469158
vt 0.000000 0.469158
vt 0.031250 0.469158
vt 0.031250 0.469158
vt 0.015625 0.469158
vt 0.000000 0.469158
vt 0.046875 0.469158
vt 0.062500 0.469158
vt 0.062500 0.469158
vt 0.046875 0.469158
vt 0.078125 0.469158
vt 0.093750 0.469158
vt 0.093750 0.469158
vt 0.078125 0.469158
vt 0.109375 0.469158
vt 0.125000 0.469158
vt 0.125000 0.469158
vt 0.109375 0.469158
vt 0.140625 0.469158
vt 0.156250 0.469158
vt 0.156250 0.469158
vt 0.140625 0.469158
vt 0.171875 0.469158
vt 0.187500 0.469158
vt 0.187500 0.469158
vt 0.171875 0.469158
vt 0.203125 0.469158
vt 0.218750 0.469158
vt 0.218750 0.469158
vt 0.203125 0.469158
vt 0.234375 0.469158
vt 0.250000 0.469158
vt 0.250000 0.469158
vt 0.234375 0.469158
vt 0.265625 0.469158
vt 0.281250 0.469158
vt 0.281250 0.469158
vt 0.265625 0.469158
vt 0.296875 0.469158
vt 0.312500 0.469158
vt 0.312500 0.469158
vt 0.296875 0.469158
vt 0.328125 0.469158
vt 0.343058 0.469158
vt 0.343058 0.469158
vt 0.328125 0.469158
vt 0.372230 0.469158
vt 0.366939 0.469158
vt 0.378214 0.469158
vt 0.378214 0.469158
vt 0.372230 0.469158
vt 0.366939 0.469158
vt 0.390625 0.469158
vt 0.406250 0.469158
vt 0.406250 0.469158
vt 0.390625 0.469158
vt 0.421875 0.469158
vt 0.437500 0.469158
vt 0.437500 0.469158
vt 0.421875 0.469158
vt 0.453125 0.469158
vt 0.468750 0.469158
vt 0.468750 0.469158
vt 0.453125 0.469158
vt 0.484375 0.469158
vt 0.500000 0.469158
vt 0.500000 0.469158
vt 0.484375 0.469158
vt 0.515625 0.469158
vt 0.531250 0.469158
vt 0.531250 0.469158
vt 0.515625 0.469158
vt 0.546875 0.469158
vt 0.562500 0.469158
vt 0.562500 0.469158
vt 0.546875 0.469158
vt 0.578125 0.469158
vt 0.593750 0.469158
vt 0.593750 0.469158
vt 0.578125 0.469158
vt 0.609375 0.469158
vt 0.625000 0.469158
vt 0.625000 0.469158
vt 0.609375 0.469158
vt 0.640625 0.469158
vt 0.656250 0.469158
vt 0.656250 0.469158
vt 0.640625 0.469158
vt 0.671875 0.469158
vt 0.687500 0.469158
vt 0.687500 0.469158
vt 0.671875 0.469158
vt 0.703125 0.469158
vt 0.718750 0.469158
vt 0.718750 0.469158
vt 0.703125 0.469158
vt 0.734375 0.469158
vt 0.750000 0.469158
vt 0.750000 0.469158
vt 0.734375 0.469158
vt 0.765625 0.469158
vt 0.781250 0.469158
vt 0.781250 0.469158
vt 0.765625 0.469158
vt 0.796875 0.469158
vt 0.812500 0.469158
vt 0.812500 0.469158
vt 0.796875 0.469158
vt 0.828125 0.469158
vt 0.843750 0.469158
vt 0.843750 0.469158
vt 0.828125 0.469158
vt 0.859375 0.469158
vt 0.875000 0.469158
vt 0.875000 0.469158
vt 0.859375 0.469158
vt 0.890625 0.469158
vt 0.906250 0.469158
vt 0.906250 0.469158
vt 0.890625 0.469158
vt 0.921875 0.469158
vt 0.937500 0.469158
vt 0.937500 0.469158
vt 0.921875 0.469158
vt 0.953125 0.469158
vt 0.968750 0.469158
vt 0.968750 0.469158
vt 0.953125 0.469158
vt 0.984375 0.469158
vt 1.000000 0.469158
vt 1.000000 0.469158
vt 0.984375 0.469158
vt 0.356605 0.469158
vt 0.356605 0.469158
vn -0.048955 -0.097435 -0.994037
vn -0.048955 -0.097435 -0.994037
vn -0.048955 -0.097435 -0.994037
vn -0.048955 -0.097435 -0.994037
vn -0.000001 -0.218061 -0.975935
vn -0.095659 -0.218060 -0.971236
vn -0.097109 -0.135874 -0.985955
vn -0.000001 -0.135875 -0.990726
vn -0.190395 -0.218060 -0.957183
vn -0.193281 -0.135874 -0.971690
vn -0.097109 -0.135874 -0.985955
vn -0.095659 -0.218060 -0.971236
vn -0.194160 -0.097552 -0.976107
vn -0.097550 -0.097551 -0.990438
vn -0.097109 -0.135874 -0.985955
vn -0.193281 -0.135874 -0.971690
vn -0.194160 -0.097552 -0.976107
vn -0.193281 -0.135874 -0.971690
vn -0.287593 -0.135873 -0.948066
vn -0.288900 -0.097550 -0.952376
vn -0.190395 -0.218060 -0.957183
vn -0.283299 -0.218059 -0.933912
vn -0.287593 -0.135873 -0.948066
vn -0.193281 -0.135874 -0.971690
vn -0.373474 -0.218060 -0.901647
vn -0.379135 -0.135874 -0.915311
vn -0.287593 -0.135873 -0.948066
vn -0.283299 -0.218059 -0.933912
vn -0.380858 -0.097552 -0.919473
vn -0.288900 -0.097550 -0.952376
vn -0.287593 -0.135873 -0.948066
vn -0.379135 -0.135874 -0.915311
vn -0.380858 -0.097552 -0.919473
vn -0.379135 -0.135874 -0.915311
vn -0.467025 -0.135873 -0.873743
vn -0.469148 -0.097550 -0.877715
vn -0.373474 -0.218060 -0.901647
vn -0.460053 -0.218059 -0.860698
vn -0.467025 -0.135873 -0.873743
vn -0.379135 -0.135874 -0.915311
vn -0.542201 -0.218061 -0.811460
vn -0.550418 -0.135874 -0.823759
vn -0.467025 -0.135873 -0.873743
vn -0.460053 -0.218059 -0.860698
vn -0.552920 -0.097551 -0.827504
vn -0.469148 -0.097550 -0.877715
vn -0.467025 -0.135873 -0.873743
vn -0.550418 -0.135874 -0.823759
vn -0.552920 -0.097551 -0.827504
vn -0.550418 -0.135874 -0.823759
vn -0.628510 -0.135873 -0.765842
vn -0.631368 -0.097550 -0.769324
vn -0.542201 -0.218061 -0.811460
vn -0.619127 -0.218060 -0.754408
vn -0.628510 -0.135873 -0.765842
vn -0.550418 -0.135874 -0.823759
vn -0.690091 -0.218061 -0.690090
vn -0.700549 -0.135874 -0.700549
vn -0.628510 -0.135873 -0.765842
vn -0.619127 -0.218060 -0.754408
vn -0.703734 -0.097551 -0.703734
vn -0.631368 -0.097550 -0.769324
vn -0.628510 -0.135873 -0.765842
vn -0.700549 -0.135874 -0.700549
vn -0.703734 -0.097551 -0.703734
vn -0.700549 -0.135874 -0.700549
vn -0.765842 -0.135873 -0.628510
vn -0.769324 -0.097550 -0.631368
vn -0.690091 -0.218061 -0.690090
vn -0.754408 -0.218060 -0.619127
vn -0.765842 -0.135873 -0.628510
vn -0.700549 -0.135874 -0.700549
vn -0.811460 -0.218061 -0.542201
vn -0.823759 -0.135874 -0.550418
vn -0.765842 -0.135873 -0.628510
vn -0.754408 -0.218060 -0.619127
vn -0.827504 -0.097551 -0.552921
vn -0.769324 -0.097550 -0.631368
vn -0.765842 -0.135873 -0.628510
vn -0.823759 -0.135874 -0.550418
vn -0.827504 -0.097551 -0.552921
vn -0.823759 -0.135874 -0.550418
vn -0.873743 -0.135873 -0.467025
vn -0.877715 -0.097549 -0.469149
vn -0.811460 -0.218061 -0.542201
vn -0.860698 -0.218060 -0.460053
vn -0.873743 -0.135873 -0.467025
vn -0.823759 -0.135874 -0.550418
vn -0.901647 -0.218061 -0.373474
vn -0.915312 -0.135874 -0.379134
vn -0.873743 -0.135873 -0.467025
vn -0.860698 -0.218060 -0.460053
vn -0.919473 -0.097550 -0.380858
vn -0.877715 -0.097549 -0.469149
vn -0.873743 -0.135873 -0.467025
vn -0.915312 -0.135874 -0.379134
vn -0.919473 -0.097550 -0.380858
vn -0.915312 -0.135874 -0.379134
vn -0.948066 -0.135873 -0.287592
vn -0.952376 -0.097549 -0.288900
vn -0.901647 -0.218061 -0.373474
vn -0.933912 -0.218060 -0.283299
vn -0.948066 -0.135873 -0.287592
vn -0.915312 -0.135874 -0.379134
vn -0.957183 -0.218061 -0.190396
vn -0.971690 -0.135874 -0.193281
vn -0.948066 -0.135873 -0.287592
vn -0.933912 -0.218060 -0.283299
vn -0.976107 -0.097550 -0.194160
vn -0.952376 -0.097549 -0.288900
vn -0.948066 -0.135873 -0.287592
vn -0.971690 -0.135874 -0.193281
vn -0.976107 -0.097550 -0.194160
vn -0.971690 -0.135874 -0.193281
vn -0.985956 -0.135873 -0.097108
vn -0.990438 -0.097550 -0.097550
vn -0.957183 -0.218061 -0.190396
vn -0.971236 -0.218059 -0.095658
vn -0.985956 -0.135873 -0.097108
vn -0.971690 -0.135874 -0.193281
vn -0.975935 -0.218060 0.000000
vn -0.990726 -0.135874 0.000000
vn -0.985956 -0.135873 -0.097108
vn -0.971236 -0.218059 -0.095658
vn -0.995230 -0.097552 0.000000
vn -0.990438 -0.097550 -0.097550
vn -0.985956 -0.135873 -0.097108
vn -0.990726 -0.135874 0.000000
vn -0.995230 -0.097552 0.000000
vn -0.990726 -0.135874 0.000000
vn -0.985955 -0.135873 0.097109
vn -0.990438 -0.097550 0.097550
vn -0.975935 -0.218060 0.000000
vn -0.971236 -0.218059 0.095659
vn -0.985955 -0.135873 0.097109
vn -0.990726 -0.135874 0.000000
vn -0.957183 -0.218060 0.190396
vn -0.971689 -0.135874 0.193282
vn -0.985955 -0.135873 0.097109
vn -0.971236 -0.218059 0.095659
vn -0.976107 -0.097551 0.194160
vn -0.990438 -0.097550 0.097550
vn -0.985955 -0.135873 0.097109
vn -0.971689 -0.135874 0.193282
vn -0.976107 -0.097551 0.194160
vn -0.971689 -0.135874 0.193282
vn -0.948066 -0.135873 0.287593
vn -0.952376 -0.097550 0.288901
vn -0.957183 -0.218060 0.190396
vn -0.933912 -0.218059 0.283299
vn -0.948066 -0.135873 0.287593
vn -0.971689 -0.135874 0.193282
vn -0.901646 -0.218060 0.373475
vn -0.915312 -0.135874 0.379135
vn -0.948066 -0.135873 0.287593
vn -0.933912 -0.218059 0.283299
vn -0.919473 -0.097551 0.380859
vn -0.952376 -0.097550 0.288901
vn -0.948066 -0.135873 0.287593
vn -0.915312 -0.135874 0.379135
vn -0.919473 -0.097551 0.380859
vn -0.915312 -0.135874 0.379135
vn -0.873088 -0.137987 0.467629
vn -0.877396 -0.103173 0.468543
vn -0.901646 -0.218060 0.373475
vn -0.860300 -0.216920 0.461334
vn -0.873088 -0.137987 0.467629
vn -0.915312 -0.135874 0.379135
vn -0.810629 -0.213815 0.545128
vn -0.820162 -0.141140 0.554449
vn -0.873088 -0.137987 0.467629
vn -0.860300 -0.216920 0.461334
vn -0.829073 -0.113076 0.547587
vn -0.877396 -0.103173 0.468543
vn -0.873088 -0.137987 0.467629
vn -0.820162 -0.141140 0.554449
vn -0.829073 -0.113076 0.547587
vn -0.820162 -0.141140 0.554449
vn -0.763727 -0.141777 0.629778
vn -0.789432 -0.112084 0.603518
vn -0.810629 -0.213815 0.545128
vn -0.755133 -0.213328 0.619892
vn -0.763727 -0.141777 0.629778
vn -0.820162 -0.141140 0.554449
vn -0.690454 -0.217874 0.689786
vn -0.693375 -0.162270 0.702068
vn -0.763727 -0.141777 0.629778
vn -0.755133 -0.213328 0.619892
vn -0.677551 -0.141797 0.721677
vn -0.724984 -0.154200 0.671283
vn -0.763727 -0.141777 0.629778
vn -0.693375 -0.162270 0.702068
vn -0.769323 -0.097549 0.631368
vn -0.789432 -0.112084 0.603518
vn -0.763727 -0.141777 0.629778
vn -0.724984 -0.154200 0.671283
vn -0.677551 -0.141797 0.721677
vn -0.693375 -0.162270 0.702068
vn -0.623753 -0.143588 0.768319
vn -0.622885 -0.111794 0.774285
vn -0.690454 -0.217874 0.689786
vn -0.618717 -0.218548 0.754603
vn -0.623753 -0.143588 0.768319
vn -0.693375 -0.162270 0.702068
vn -0.542200 -0.218060 0.811461
vn -0.550417 -0.135874 0.823759
vn -0.623753 -0.143588 0.768319
vn -0.618717 -0.218548 0.754603
vn -0.552920 -0.097551 0.827504
vn -0.622885 -0.111794 0.774285
vn -0.623753 -0.143588 0.768319
vn -0.550417 -0.135874 0.823759
vn -0.552920 -0.097551 0.827504
vn -0.550417 -0.135874 0.823759
vn -0.467024 -0.135873 0.873743
vn -0.469148 -0.097550 0.877715
vn -0.542200 -0.218060 0.811461
vn -0.460052 -0.218059 0.860699
vn -0.467024 -0.135873 0.873743
vn -0.550417 -0.135874 0.823759
vn -0.373473 -0.218060 0.901647
vn -0.379134 -0.135874 0.915312
vn -0.467024 -0.135873 0.873743
vn -0.460052 -0.218059 0.860699
vn -0.380857 -0.097550 0.919474
vn -0.469148 -0.097550 0.877715
vn -0.467024 -0.135873 0.873743
vn -0.379134 -0.135874 0.915312
vn -0.380857 -0.097550 0.919474
vn -0.379134 -0.135874 0.915312
vn -0.287568 -0.135858 0.948076
vn -0.288860 -0.097530 0.952391
vn -0.373473 -0.218060 0.901647
vn -0.283285 -0.218047 0.933919
vn -0.287568 -0.135858 0.948076
vn -0.379134 -0.135874 0.915312
vn -0.190341 -0.217982 0.957212
vn -0.193182 -0.135766 0.971724
vn -0.287568 -0.135858 0.948076
vn -0.283285 -0.218047 0.933919
vn -0.193997 -0.097436 0.976151
vn -0.288860 -0.097530 0.952391
vn -0.287568 -0.135858 0.948076
vn -0.193182 -0.135766 0.971724
vn -0.193997 -0.097436 0.976151
vn -0.193182 -0.135766 0.971724
vn -0.096958 -0.135560 0.986013
vn -0.097302 -0.097247 0.990492
vn -0.190341 -0.217982 0.957212
vn -0.095575 -0.217842 0.971293
vn -0.096958 -0.135560 0.986013
vn -0.193182 -0.135766 0.971724
vn 0.000059 -0.217703 0.976015
vn 0.000103 -0.135356 0.990797
vn -0.096958 -0.135560 0.986013
vn -0.095575 -0.217842 0.971293
vn 0.000168 -0.097061 0.995278
vn -0.097302 -0.097247 0.990492
vn -0.096958 -0.135560 0.986013
vn 0.000103 -0.135356 0.990797
vn 0.000168 -0.097061 0.995278
vn 0.000103 -0.135356 0.990797
vn 0.097117 -0.135278 0.986037
vn 0.097556 -0.096984 0.990493
vn 0.000059 -0.217703 0.976015
vn 0.095668 -0.217648 0.971327
vn 0.097117 -0.135278 0.986037
vn 0.000103 -0.135356 0.990797
vn 0.190355 -0.217703 0.957272
vn 0.193195 -0.135356 0.971779
vn 0.097117 -0.135278 0.986037
vn 0.095668 -0.217648 0.971327
vn 0.194007 -0.097060 0.976187
vn 0.097556 -0.096984 0.990493
vn 0.097117 -0.135278 0.986037
vn 0.193195 -0.135356 0.971779
vn 0.194007 -0.097060 0.976187
vn 0.193195 -0.135356 0.971779
vn 0.287459 -0.135560 0.948151
vn 0.288671 -0.097247 0.952477
vn 0.190355 -0.217703 0.957272
vn 0.283231 -0.217841 0.933984
vn 0.287459 -0.135560 0.948151
vn 0.193195 -0.135356 0.971779
vn 0.373429 -0.217981 0.901685
vn 0.379046 -0.135766 0.915364
vn 0.287459 -0.135560 0.948151
vn 0.283231 -0.217841 0.933984
vn 0.380709 -0.097437 0.919547
vn 0.288671 -0.097247 0.952477
vn 0.287459 -0.135560 0.948151
vn 0.379046 -0.135766 0.915364
vn 0.380709 -0.097437 0.919547
vn 0.379046 -0.135766 0.915364
vn 0.467004 -0.135858 0.873756
vn 0.469113 -0.097531 0.877736
vn 0.373429 -0.217981 0.901685
vn 0.460042 -0.218047 0.860707
vn 0.467004 -0.135858 0.873756
vn 0.379046 -0.135766 0.915364
vn 0.542202 -0.218060 0.811460
vn 0.550419 -0.135874 0.823758
vn 0.467004 -0.135858 0.873756
vn 0.460042 -0.218047 0.860707
vn 0.552921 -0.097551 0.827503
vn 0.469113 -0.097531 0.877736
vn 0.467004 -0.135858 0.873756
vn 0.550419 -0.135874 0.823758
vn 0.552921 -0.097551 0.827503
vn 0.550419 -0.135874 0.823758
vn 0.628511 -0.135873 0.765841
vn 0.631368 -0.097550 0.769323
vn 0.542202 -0.218060 0.811460
vn 0.619128 -0.218060 0.754408
vn 0.628511 -0.135873 0.765841
vn 0.550419 -0.135874 0.823758
vn 0.690091 -0.218060 0.690090
vn 0.700550 -0.135874 0.700548
vn 0.628511 -0.135873 0.765841
vn 0.619128 -0.218060 0.754408
vn 0.703735 -0.097551 0.703733
vn 0.631368 -0.097550 0.769323
vn 0.628511 -0.135873 0.765841
vn 0.700550 -0.135874 0.700548
vn 0.703735 -0.097551 0.703733
vn 0.700550 -0.135874 0.700548
vn 0.765843 -0.135873 0.628509
vn 0.769324 -0.097551 0.631367
vn 0.690091 -0.218060 0.690090
vn 0.754409 -0.218059 0.619126
vn 0.765843 -0.135873 0.628509
vn 0.700550 -0.135874 0.700548
vn 0.811462 -0.218060 0.542199
vn 0.823759 -0.135874 0.550417
vn 0.765843 -0.135873 0.628509
vn 0.754409 -0.218059 0.619126
vn 0.827505 -0.097552 0.552919
vn 0.769324 -0.097551 0.631367
vn 0.765843 -0.135873 0.628509
vn 0.823759 -0.135874 0.550417
vn 0.827505 -0.097552 0.552919
vn 0.823759 -0.135874 0.550417
vn 0.873743 -0.135873 0.467024
vn 0.877716 -0.097551 0.469147
vn 0.811462 -0.218060 0.542199
vn 0.860699 -0.218059 0.460052
vn 0.873743 -0.135873 0.467024
vn 0.823759 -0.135874 0.550417
vn 0.901647 -0.218060 0.373473
vn 0.915312 -0.135874 0.379133
vn 0.873743 -0.135873 0.467024
vn 0.860699 -0.218059 0.460052
vn 0.919474 -0.097552 0.380857
vn 0.877716 -0.097551 0.469147
vn 0.873743 -0.135873 0.467024
vn 0.915312 -0.135874 0.379133
vn 0.919474 -0.097552 0.380857
vn 0.915312 -0.135874 0.379133
vn 0.948066 -0.135873 0.287591
vn 0.952377 -0.097550 0.288898
vn 0.901647 -0.218060 0.373473
vn 0.933913 -0.218059 0.283298
vn 0.948066 -0.135873 0.287591
vn 0.915312 -0.135874 0.379133
vn 0.957183 -0.218060 0.190394
vn 0.971690 -0.135874 0.193280
vn 0.948066 -0.135873 0.287591
vn 0.933913 -0.218059 0.283298
vn 0.976108 -0.097551 0.194158
vn 0.952377 -0.097550 0.288898
vn 0.948066 -0.135873 0.287591
vn 0.971690 -0.135874 0.193280
vn 0.976108 -0.097551 0.194158
vn 0.971690 -0.135874 0.193280
vn 0.985956 -0.135873 0.097107
vn 0.990438 -0.097550 0.097548
vn 0.957183 -0.218060 0.190394
vn 0.971236 -0.218059 0.095657
vn 0.985956 -0.135873 0.097107
vn 0.971690 -0.135874 0.193280
vn 0.975935 -0.218060 -0.000002
vn 0.990726 -0.135874 -0.000001
vn 0.985956 -0.135873 0.097107
vn 0.971236 -0.218059 0.095657
vn 0.995230 -0.097552 -0.000001
vn 0.990438 -0.097550 0.097548
vn 0.985956 -0.135873 0.097107
vn 0.990726 -0.135874 -0.000001
vn 0.995230 -0.097552 -0.000001
vn 0.990726 -0.135874 -0.000001
vn 0.985955 -0.135873 -0.097110
vn 0.990438 -0.097550 -0.097551
vn 0.975935 -0.218060 -0.000002
vn 0.971236 -0.218059 -0.095660
vn 0.985955 -0.135873 -0.097110
vn 0.990726 -0.135874 -0.000001
vn 0.957183 -0.218060 -0.190397
vn 0.971689 -0.135874 -0.193283
vn 0.985955 -0.135873 -0.097110
vn 0.971236 -0.218059 -0.095660
vn 0.976107 -0.097551 -0.194162
vn 0.990438 -0.097550 -0.097551
vn 0.985955 -0.135873 -0.097110
vn 0.971689 -0.135874 -0.193283
vn 0.976107 -0.097551 -0.194162
vn 0.971689 -0.135874 -0.193283
vn 0.948066 -0.135873 -0.287594
vn 0.952376 -0.097549 -0.288902
vn 0.957183 -0.218060 -0.190397
vn 0.933911 -0.218060 -0.283301
vn 0.948066 -0.135873 -0.287594
vn 0.971689 -0.135874 -0.193283
vn 0.901646 -0.218061 -0.373476
vn 0.915311 -0.135874 -0.379136
vn 0.948066 -0.135873 -0.287594
vn 0.933911 -0.218060 -0.283301
vn 0.919473 -0.097550 -0.380860
vn 0.952376 -0.097549 -0.288902
vn 0.948066 -0.135873 -0.287594
vn 0.915311 -0.135874 -0.379136
vn 0.919473 -0.097550 -0.380860
vn 0.915311 -0.135874 -0.379136
vn 0.873742 -0.135873 -0.467027
vn 0.877714 -0.097550 -0.469150
vn 0.901646 -0.218061 -0.373476
vn 0.860697 -0.218060 -0.460054
vn 0.873742 -0.135873 -0.467027
vn 0.915311 -0.135874 -0.379136
vn 0.811460 -0.218060 -0.542202
vn 0.823758 -0.135874 -0.550420
vn 0.873742 -0.135873 -0.467027
vn 0.860697 -0.218060 -0.460054
vn 0.827503 -0.097552 -0.552922
vn 0.877714 -0.097550 -0.469150
vn 0.873742 -0.135873 -0.467027
vn 0.823758 -0.135874 -0.550420
vn 0.827503 -0.097552 -0.552922
vn 0.823758 -0.135874 -0.550420
vn 0.765840 -0.135873 -0.628512
vn 0.769322 -0.097551 -0.631369
vn 0.811460 -0.218060 -0.542202
vn 0.754407 -0.218059 -0.619129
vn 0.765840 -0.135873 -0.628512
vn 0.823758 -0.135874 -0.550420
vn 0.690089 -0.218060 -0.690092
vn 0.700548 -0.135874 -0.700550
vn 0.765840 -0.135873 -0.628512
vn 0.754407 -0.218059 -0.619129
vn 0.703733 -0.097551 -0.703736
vn 0.769322 -0.097551 -0.631369
vn 0.765840 -0.135873 -0.628512
vn 0.700548 -0.135874 -0.700550
vn 0.703733 -0.097551 -0.703736
vn 0.700548 -0.135874 -0.700550
vn 0.628509 -0.135873 -0.765843
vn 0.631366 -0.097550 -0.769325
vn 0.690089 -0.218060 -0.690092
vn 0.619126 -0.218059 -0.754409
vn 0.628509 -0.135873 -0.765843
vn 0.700548 -0.135874 -0.700550
vn 0.542199 -0.218060 -0.811462
vn 0.550416 -0.135874 -0.823760
vn 0.628509 -0.135873 -0.765843
vn 0.619126 -0.218059 -0.754409
vn 0.552919 -0.097551 -0.827505
vn 0.631366 -0.097550 -0.769325
vn 0.628509 -0.135873 -0.765843
vn 0.550416 -0.135874 -0.823760
vn 0.552919 -0.097551 -0.827505
vn 0.550416 -0.135874 -0.823760
vn 0.467023 -0.135873 -0.873744
vn 0.469147 -0.097550 -0.877716
vn 0.542199 -0.218060 -0.811462
vn 0.460051 -0.218059 -0.860699
vn 0.467023 -0.135873 -0.873744
vn 0.550416 -0.135874 -0.823760
vn 0.373472 -0.218060 -0.901648
vn 0.379132 -0.135873 -0.915313
vn 0.467023 -0.135873 -0.873744
vn 0.460051 -0.218059 -0.860699
vn 0.380856 -0.097552 -0.919474
vn 0.469147 -0.097550 -0.877716
vn 0.467023 -0.135873 -0.873744
vn 0.379132 -0.135873 -0.915313
vn 0.380856 -0.097552 -0.919474
vn 0.379132 -0.135873 -0.915313
vn 0.287591 -0.135873 -0.948066
vn 0.288899 -0.097550 -0.952377
vn 0.373472 -0.218060 -0.901648
vn 0.283297 -0.218059 -0.933913
vn 0.287591 -0.135873 -0.948066
vn 0.379132 -0.135873 -0.915313
vn 0.190395 -0.218060 -0.957183
vn 0.193280 -0.135874 -0.971690
vn 0.287591 -0.135873 -0.948066
vn 0.283297 -0.218059 -0.933913
vn 0.194159 -0.097551 -0.976108
vn 0.288899 -0.097550 -0.952377
vn 0.287591 -0.135873 -0.948066
vn 0.193280 -0.135874 -0.971690
vn 0.194159 -0.097551 -0.976108
vn 0.193280 -0.135874 -0.971690
vn 0.097107 -0.135873 -0.985956
vn 0.097549 -0.097550 -0.990438
vn 0.190395 -0.218060 -0.957183
vn 0.095657 -0.218060 -0.971236
vn 0.097107 -0.135873 -0.985956
vn 0.193280 -0.135874 -0.971690
vn -0.000001 -0.218061 -0.975935
vn -0.000001 -0.135875 -0.990726
vn 0.097107 -0.135873 -0.985956
vn 0.095657 -0.218060 -0.971236
vn -0.000001 -0.097552 -0.995230
vn 0.097549 -0.097550 -0.990438
vn 0.097107 -0.135873 -0.985956
vn -0.000001 -0.135875 -0.990726
vn -0.000001 -0.218061 -0.975935
vn -0.000001 -0.298530 -0.954400
vn -0.093548 -0.298528 -0.949805
vn -0.095659 -0.218060 -0.971236
vn -0.000001 -0.380580 -0.924748
vn -0.090641 -0.380579 -0.920296
vn -0.093548 -0.298528 -0.949805
vn -0.000001 -0.298530 -0.954400
vn -0.180409 -0.380580 -0.906979
vn -0.186194 -0.298529 -0.936062
vn -0.093548 -0.298528 -0.949805
vn -0.090641 -0.380579 -0.920296
vn -0.190395 -0.218060 -0.957183
vn -0.095659 -0.218060 -0.971236
vn -0.093548 -0.298528 -0.949805
vn -0.186194 -0.298529 -0.936062
vn -0.190395 -0.218060 -0.957183
vn -0.186194 -0.298529 -0.936062
vn -0.277048 -0.298528 -0.913305
vn -0.283299 -0.218059 -0.933912
vn -0.180409 -0.380580 -0.906979
vn -0.268440 -0.380579 -0.884929
vn -0.277048 -0.298528 -0.913305
vn -0.186194 -0.298529 -0.936062
vn -0.353886 -0.380580 -0.854356
vn -0.365233 -0.298529 -0.881751
vn -0.277048 -0.298528 -0.913305
vn -0.268440 -0.380579 -0.884929
vn -0.373474 -0.218060 -0.901647
vn -0.283299 -0.218059 -0.933912
vn -0.277048 -0.298528 -0.913305
vn -0.365233 -0.298529 -0.881751
vn -0.373474 -0.218060 -0.901647
vn -0.365233 -0.298529 -0.881751
vn -0.449902 -0.298528 -0.841706
vn -0.460053 -0.218059 -0.860698
vn -0.353886 -0.380580 -0.854356
vn -0.435924 -0.380579 -0.815555
vn -0.449902 -0.298528 -0.841706
vn -0.365233 -0.298529 -0.881751
vn -0.513762 -0.380580 -0.768900
vn -0.530237 -0.298529 -0.793555
vn -0.449902 -0.298528 -0.841706
vn -0.435924 -0.380579 -0.815555
vn -0.542201 -0.218061 -0.811460
vn -0.460053 -0.218059 -0.860698
vn -0.449902 -0.298528 -0.841706
vn -0.530237 -0.298529 -0.793555
vn -0.542201 -0.218061 -0.811460
vn -0.530237 -0.298529 -0.793555
vn -0.605466 -0.298528 -0.737762
vn -0.619127 -0.218060 -0.754408
vn -0.513762 -0.380580 -0.768900
vn -0.586654 -0.380579 -0.714840
vn -0.605466 -0.298528 -0.737762
vn -0.530237 -0.298529 -0.793555
vn -0.653896 -0.380580 -0.653896
vn -0.674863 -0.298529 -0.674863
vn -0.605466 -0.298528 -0.737762
vn -0.586654 -0.380579 -0.714840
vn -0.690091 -0.218061 -0.690090
vn -0.619127 -0.218060 -0.754408
vn -0.605466 -0.298528 -0.737762
vn -0.674863 -0.298529 -0.674863
vn -0.690091 -0.218061 -0.690090
vn -0.674863 -0.298529 -0.674863
vn -0.737762 -0.298528 -0.605466
vn -0.754408 -0.218060 -0.619127
vn -0.653896 -0.380580 -0.653896
vn -0.714840 -0.380579 -0.586654
vn -0.737762 -0.298528 -0.605466
vn -0.674863 -0.298529 -0.674863
vn -0.768900 -0.380580 -0.513762
vn -0.793555 -0.298529 -0.530236
vn -0.737762 -0.298528 -0.605466
vn -0.714840 -0.380579 -0.586654
vn -0.811460 -0.218061 -0.542201
vn -0.754408 -0.218060 -0.619127
vn -0.737762 -0.298528 -0.605466
vn -0.793555 -0.298529 -0.530236
vn -0.811460 -0.218061 -0.542201
vn -0.793555 -0.298529 -0.530236
vn -0.841707 -0.298528 -0.449901
vn -0.860698 -0.218060 -0.460053
vn -0.768900 -0.380580 -0.513762
vn -0.815555 -0.380579 -0.435923
vn -0.841707 -0.298528 -0.449901
vn -0.793555 -0.298529 -0.530236
vn -0.854356 -0.380580 -0.353885
vn -0.881751 -0.298529 -0.365233
vn -0.841707 -0.298528 -0.449901
vn -0.815555 -0.380579 -0.435923
vn -0.901647 -0.218061 -0.373474
vn -0.860698 -0.218060 -0.460053
vn -0.841707 -0.298528 -0.449901
vn -0.881751 -0.298529 -0.365233
vn -0.901647 -0.218061 -0.373474
vn -0.881751 -0.298529 -0.365233
vn -0.913305 -0.298528 -0.277048
vn -0.933912 -0.218060 -0.283299
vn -0.854356 -0.380580 -0.353885
vn -0.884929 -0.380579 -0.268440
vn -0.913305 -0.298528 -0.277048
vn -0.881751 -0.298529 -0.365233
vn -0.906979 -0.380580 -0.180410
vn -0.936062 -0.298529 -0.186194
vn -0.913305 -0.298528 -0.277048
vn -0.884929 -0.380579 -0.268440
vn -0.957183 -0.218061 -0.190396
vn -0.933912 -0.218060 -0.283299
vn -0.913305 -0.298528 -0.277048
vn -0.936062 -0.298529 -0.186194
vn -0.957183 -0.218061 -0.190396
vn -0.936062 -0.298529 -0.186194
vn -0.949805 -0.298528 -0.093547
vn -0.971236 -0.218059 -0.095658
vn -0.906979 -0.380580 -0.180410
vn -0.920295 -0.380579 -0.090641
vn -0.949805 -0.298528 -0.093547
vn -0.936062 -0.298529 -0.186194
vn -0.924748 -0.380580 0.000000
vn -0.954400 -0.298529 0.000000
vn -0.949805 -0.298528 -0.093547
vn -0.920295 -0.380579 -0.090641
vn -0.975935 -0.218060 0.000000
vn -0.971236 -0.218059 -0.095658
vn -0.949805 -0.298528 -0.093547
vn -0.954400 -0.298529 0.000000
vn -0.975935 -0.218060 0.000000
vn -0.954400 -0.298529 0.000000
vn -0.949805 -0.298528 0.093548
vn -0.971236 -0.218059 0.095659
vn -0.924748 -0.380580 0.000000
vn -0.920295 -0.380579 0.090641
vn -0.949805 -0.298528 0.093548
vn -0.954400 -0.298529 0.000000
vn -0.906979 -0.380580 0.180410
vn -0.936062 -0.298529 0.186195
vn -0.949805 -0.298528 0.093548
vn -0.920295 -0.380579 0.090641
vn -0.957183 -0.218060 0.190396
vn -0.971236 -0.218059 0.095659
vn -0.949805 -0.298528 0.093548
vn -0.936062 -0.298529 0.186195
vn -0.957183 -0.218060 0.190396
vn -0.936062 -0.298529 0.186195
vn -0.913305 -0.298527 0.277048
vn -0.933912 -0.218059 0.283299
vn -0.906979 -0.380580 0.180410
vn -0.884929 -0.380579 0.268441
vn -0.913305 -0.298527 0.277048
vn -0.936062 -0.298529 0.186195
vn -0.854355 -0.380581 0.353886
vn -0.881751 -0.298529 0.365233
vn -0.913305 -0.298527 0.277048
vn -0.884929 -0.380579 0.268441
vn -0.901646 -0.218060 0.373475
vn -0.933912 -0.218059 0.283299
vn -0.913305 -0.298527 0.277048
vn -0.881751 -0.298529 0.365233
vn -0.901646 -0.218060 0.373475
vn -0.881751 -0.298529 0.365233
vn -0.841651 -0.298232 0.450201
vn -0.860300 -0.216920 0.461334
vn -0.854355 -0.380581 0.353886
vn -0.815555 -0.380579 0.435924
vn -0.841651 -0.298232 0.450201
vn -0.881751 -0.298529 0.365233
vn -0.768899 -0.380580 0.513763
vn -0.793488 -0.297280 0.531038
vn -0.841651 -0.298232 0.450201
vn -0.815555 -0.380579 0.435924
vn -0.810629 -0.213815 0.545128
vn -0.860300 -0.216920 0.461334
vn -0.841651 -0.298232 0.450201
vn -0.793488 -0.297280 0.531038
vn -0.810629 -0.213815 0.545128
vn -0.793488 -0.297280 0.531038
vn -0.738262 -0.297087 0.605565
vn -0.755133 -0.213328 0.619892
vn -0.768899 -0.380580 0.513763
vn -0.714840 -0.380579 0.586655
vn -0.738262 -0.297087 0.605565
vn -0.793488 -0.297280 0.531038
vn -0.653895 -0.380580 0.653896
vn -0.675245 -0.298078 0.674681
vn -0.738262 -0.297087 0.605565
vn -0.714840 -0.380579 0.586655
vn -0.690454 -0.217874 0.689786
vn -0.755133 -0.213328 0.619892
vn -0.738262 -0.297087 0.605565
vn -0.675245 -0.298078 0.674681
vn -0.690454 -0.217874 0.689786
vn -0.675245 -0.298078 0.674681
vn -0.605455 -0.298538 0.737766
vn -0.618717 -0.218548 0.754603
vn -0.653895 -0.380580 0.653896
vn -0.586654 -0.380579 0.714841
vn -0.605455 -0.298538 0.737766
vn -0.675245 -0.298078 0.674681
vn -0.513762 -0.380580 0.768900
vn -0.530236 -0.298529 0.793555
vn -0.605455 -0.298538 0.737766
vn -0.586654 -0.380579 0.714841
vn -0.542200 -0.218060 0.811461
vn -0.618717 -0.218548 0.754603
vn -0.605455 -0.298538 0.737766
vn -0.530236 -0.298529 0.793555
vn -0.542200 -0.218060 0.811461
vn -0.530236 -0.298529 0.793555
vn -0.449901 -0.298528 0.841707
vn -0.460052 -0.218059 0.860699
vn -0.513762 -0.380580 0.768900
vn -0.435923 -0.380579 0.815555
vn -0.449901 -0.298528 0.841707
vn -0.530236 -0.298529 0.793555
vn -0.353885 -0.380581 0.854356
vn -0.365232 -0.298529 0.881752
vn -0.449901 -0.298528 0.841707
vn -0.435923 -0.380579 0.815555
vn -0.373473 -0.218060 0.901647
vn -0.460052 -0.218059 0.860699
vn -0.449901 -0.298528 0.841707
vn -0.365232 -0.298529 0.881752
vn -0.373473 -0.218060 0.901647
vn -0.365232 -0.298529 0.881752
vn -0.277044 -0.298524 0.913307
vn -0.283285 -0.218047 0.933919
vn -0.353885 -0.380581 0.854356
vn -0.268439 -0.380579 0.884929
vn -0.277044 -0.298524 0.913307
vn -0.365232 -0.298529 0.881752
vn -0.180408 -0.380580 0.906979
vn -0.186181 -0.298508 0.936071
vn -0.277044 -0.298524 0.913307
vn -0.268439 -0.380579 0.884929
vn -0.190341 -0.217982 0.957212
vn -0.283285 -0.218047 0.933919
vn -0.277044 -0.298524 0.913307
vn -0.186181 -0.298508 0.936071
vn -0.190341 -0.217982 0.957212
vn -0.186181 -0.298508 0.936071
vn -0.093528 -0.298471 0.949825
vn -0.095575 -0.217842 0.971293
vn -0.180408 -0.380580 0.906979
vn -0.090640 -0.380579 0.920296
vn -0.093528 -0.298471 0.949825
vn -0.186181 -0.298508 0.936071
vn 0.000000 -0.380580 0.924748
vn 0.000014 -0.298437 0.954429
vn -0.093528 -0.298471 0.949825
vn -0.090640 -0.380579 0.920296
vn 0.000059 -0.217703 0.976015
vn -0.095575 -0.217842 0.971293
vn -0.093528 -0.298471 0.949825
vn 0.000014 -0.298437 0.954429
vn 0.000059 -0.217703 0.976015
vn 0.000014 -0.298437 0.954429
vn 0.093551 -0.298421 0.949838
vn 0.095668 -0.217648 0.971327
vn 0.000000 -0.380580 0.924748
vn 0.090642 -0.380579 0.920295
vn 0.093551 -0.298421 0.949838
vn 0.000014 -0.298437 0.954429
vn 0.180411 -0.380580 0.906979
vn 0.186187 -0.298437 0.936093
vn 0.093551 -0.298421 0.949838
vn 0.090642 -0.380579 0.920295
vn 0.190355 -0.217703 0.957272
vn 0.095668 -0.217648 0.971327
vn 0.093551 -0.298421 0.949838
vn 0.186187 -0.298437 0.936093
vn 0.190355 -0.217703 0.957272
vn 0.186187 -0.298437 0.936093
vn 0.277035 -0.298471 0.913327
vn 0.283231 -0.217841 0.933984
vn 0.180411 -0.380580 0.906979
vn 0.268442 -0.380579 0.884928
vn 0.277035 -0.298471 0.913327
vn 0.186187 -0.298437 0.936093
vn 0.353887 -0.380580 0.854355
vn 0.365224 -0.298508 0.881762
vn 0.277035 -0.298471 0.913327
vn 0.268442 -0.380579 0.884928
vn 0.373429 -0.217981 0.901685
vn 0.283231 -0.217841 0.933984
vn 0.277035 -0.298471 0.913327
vn 0.365224 -0.298508 0.881762
vn 0.373429 -0.217981 0.901685
vn 0.365224 -0.298508 0.881762
vn 0.449900 -0.298525 0.841708
vn 0.460042 -0.218047 0.860707
vn 0.353887 -0.380580 0.854355
vn 0.435924 -0.380579 0.815555
vn 0.449900 -0.298525 0.841708
vn 0.365224 -0.298508 0.881762
vn 0.513763 -0.380580 0.768899
vn 0.530237 -0.298529 0.793554
vn 0.449900 -0.298525 0.841708
vn 0.435924 -0.380579 0.815555
vn 0.542202 -0.218060 0.811460
vn 0.460042 -0.218047 0.860707
vn 0.449900 -0.298525 0.841708
vn 0.530237 -0.298529 0.793554
vn 0.542202 -0.218060 0.811460
vn 0.530237 -0.298529 0.793554
vn 0.605466 -0.298528 0.737761
vn 0.619128 -0.218060 0.754408
vn 0.513763 -0.380580 0.768899
vn 0.586655 -0.380579 0.714839
vn 0.605466 -0.298528 0.737761
vn 0.530237 -0.298529 0.793554
vn 0.653896 -0.380581 0.653895
vn 0.674864 -0.298529 0.674862
vn 0.605466 -0.298528 0.737761
vn 0.586655 -0.380579 0.714839
vn 0.690091 -0.218060 0.690090
vn 0.619128 -0.218060 0.754408
vn 0.605466 -0.298528 0.737761
vn 0.674864 -0.298529 0.674862
vn 0.690091 -0.218060 0.690090
vn 0.674864 -0.298529 0.674862
vn 0.737763 -0.298528 0.605464
vn 0.754409 -0.218059 0.619126
vn 0.653896 -0.380581 0.653895
vn 0.714841 -0.380579 0.586653
vn 0.737763 -0.298528 0.605464
vn 0.674864 -0.298529 0.674862
vn 0.768900 -0.380581 0.513761
vn 0.793556 -0.298529 0.530235
vn 0.737763 -0.298528 0.605464
vn 0.714841 -0.380579 0.586653
vn 0.811462 -0.218060 0.542199
vn 0.754409 -0.218059 0.619126
vn 0.737763 -0.298528 0.605464
vn 0.793556 -0.298529 0.530235
vn 0.811462 -0.218060 0.542199
vn 0.793556 -0.298529 0.530235
vn 0.841707 -0.298528 0.449900
vn 0.860699 -0.218059 0.460052
vn 0.768900 -0.380581 0.513761
vn 0.815556 -0.380579 0.435922
vn 0.841707 -0.298528 0.449900
vn 0.793556 -0.298529 0.530235
vn 0.854356 -0.380580 0.353884
vn 0.881752 -0.298529 0.365232
vn 0.841707 -0.298528 0.449900
vn 0.815556 -0.380579 0.435922
vn 0.901647 -0.218060 0.373473
vn 0.860699 -0.218059 0.460052
vn 0.841707 -0.298528 0.449900
vn 0.881752 -0.298529 0.365232
vn 0.901647 -0.218060 0.373473
vn 0.881752 -0.298529 0.365232
vn 0.913305 -0.298528 0.277047
vn 0.933913 -0.218059 0.283298
vn 0.854356 -0.380580 0.353884
vn 0.884929 -0.380579 0.268439
vn 0.913305 -0.298528 0.277047
vn 0.881752 -0.298529 0.365232
vn 0.906979 -0.380580 0.180408
vn 0.936062 -0.298529 0.186193
vn 0.913305 -0.298528 0.277047
vn 0.884929 -0.380579 0.268439
vn 0.957183 -0.218060 0.190394
vn 0.933913 -0.218059 0.283298
vn 0.913305 -0.298528 0.277047
vn 0.936062 -0.298529 0.186193
vn 0.957183 -0.218060 0.190394
vn 0.936062 -0.298529 0.186193
vn 0.949805 -0.298528 0.093546
vn 0.971236 -0.218059 0.095657
vn 0.906979 -0.380580 0.180408
vn 0.920296 -0.380579 0.090639
vn 0.949805 -0.298528 0.093546
vn 0.936062 -0.298529 0.186193
vn 0.924748 -0.380580 -0.000002
vn 0.954400 -0.298529 -0.000002
vn 0.949805 -0.298528 0.093546
vn 0.920296 -0.380579 0.090639
vn 0.975935 -0.218060 -0.000002
vn 0.971236 -0.218059 0.095657
vn 0.949805 -0.298528 0.093546
vn 0.954400 -0.298529 -0.000002
vn 0.975935 -0.218060 -0.000002
vn 0.954400 -0.298529 -0.000002
vn 0.949805 -0.298528 -0.093549
vn 0.971236 -0.218059 -0.095660
vn 0.924748 -0.380580 -0.000002
vn 0.920295 -0.380579 -0.090642
vn 0.949805 -0.298528 -0.093549
vn 0.954400 -0.298529 -0.000002
vn 0.906979 -0.380580 -0.180411
vn 0.936062 -0.298529 -0.186196
vn 0.949805 -0.298528 -0.093549
vn 0.920295 -0.380579 -0.090642
vn 0.957183 -0.218060 -0.190397
vn 0.971236 -0.218059 -0.095660
vn 0.949805 -0.298528 -0.093549
vn 0.936062 -0.298529 -0.186196
vn 0.957183 -0.218060 -0.190397
vn 0.936062 -0.298529 -0.186196
vn 0.913304 -0.298528 -0.277050
vn 0.933911 -0.218060 -0.283301
vn 0.906979 -0.380580 -0.180411
vn 0.884929 -0.380579 -0.268442
vn 0.913304 -0.298528 -0.277050
vn 0.936062 -0.298529 -0.186196
vn 0.854355 -0.380580 -0.353887
vn 0.881751 -0.298529 -0.365235
vn 0.913304 -0.298528 -0.277050
vn 0.884929 -0.380579 -0.268442
vn 0.901646 -0.218061 -0.373476
vn 0.933911 -0.218060 -0.283301
vn 0.913304 -0.298528 -0.277050
vn 0.881751 -0.298529 -0.365235
vn 0.901646 -0.218061 -0.373476
vn 0.881751 -0.298529 -0.365235
vn 0.841706 -0.298528 -0.449903
vn 0.860697 -0.218060 -0.460054
vn 0.854355 -0.380580 -0.353887
vn 0.815554 -0.380579 -0.435925
vn 0.841706 -0.298528 -0.449903
vn 0.881751 -0.298529 -0.365235
vn 0.768899 -0.380580 -0.513764
vn 0.793554 -0.298529 -0.530238
vn 0.841706 -0.298528 -0.449903
vn 0.815554 -0.380579 -0.435925
vn 0.811460 -0.218060 -0.542202
vn 0.860697 -0.218060 -0.460054
vn 0.841706 -0.298528 -0.449903
vn 0.793554 -0.298529 -0.530238
vn 0.811460 -0.218060 -0.542202
vn 0.793554 -0.298529 -0.530238
vn 0.737761 -0.298528 -0.605467
vn 0.754407 -0.218059 -0.619129
vn 0.768899 -0.380580 -0.513764
vn 0.714839 -0.380579 -0.586656
vn 0.737761 -0.298528 -0.605467
vn 0.793554 -0.298529 -0.530238
vn 0.653894 -0.380580 -0.653897
vn 0.674862 -0.298529 -0.674864
vn 0.737761 -0.298528 -0.605467
vn 0.714839 -0.380579 -0.586656
vn 0.690089 -0.218060 -0.690092
vn 0.754407 -0.218059 -0.619129
vn 0.737761 -0.298528 -0.605467
vn 0.674862 -0.298529 -0.674864
vn 0.690089 -0.218060 -0.690092
vn 0.674862 -0.298529 -0.674864
vn 0.605464 -0.298528 -0.737763
vn 0.619126 -0.218059 -0.754409
vn 0.653894 -0.380580 -0.653897
vn 0.586653 -0.380579 -0.714841
vn 0.605464 -0.298528 -0.737763
vn 0.674862 -0.298529 -0.674864
vn 0.513761 -0.380580 -0.768901
vn 0.530235 -0.298529 -0.793556
vn 0.605464 -0.298528 -0.737763
vn 0.586653 -0.380579 -0.714841
vn 0.542199 -0.218060 -0.811462
vn 0.619126 -0.218059 -0.754409
vn 0.605464 -0.298528 -0.737763
vn 0.530235 -0.298529 -0.793556
vn 0.542199 -0.218060 -0.811462
vn 0.530235 -0.298529 -0.793556
vn 0.449900 -0.298528 -0.841707
vn 0.460051 -0.218059 -0.860699
vn 0.513761 -0.380580 -0.768901
vn 0.435922 -0.380579 -0.815556
vn 0.449900 -0.298528 -0.841707
vn 0.530235 -0.298529 -0.793556
vn 0.353884 -0.380580 -0.854356
vn 0.365231 -0.298530 -0.881752
vn 0.449900 -0.298528 -0.841707
vn 0.435922 -0.380579 -0.815556
vn 0.373472 -0.218060 -0.901648
vn 0.460051 -0.218059 -0.860699
vn 0.449900 -0.298528 -0.841707
vn 0.365231 -0.298530 -0.881752
vn 0.373472 -0.218060 -0.901648
vn 0.365231 -0.298530 -0.881752
vn 0.277046 -0.298528 -0.913305
vn 0.283297 -0.218059 -0.933913
vn 0.353884 -0.380580 -0.854356
vn 0.268439 -0.380579 -0.884930
vn 0.277046 -0.298528 -0.913305
vn 0.365231 -0.298530 -0.881752
vn 0.180408 -0.380581 -0.906979
vn 0.186193 -0.298529 -0.936062
vn 0.277046 -0.298528 -0.913305
vn 0.268439 -0.380579 -0.884930
vn 0.190395 -0.218060 -0.957183
vn 0.283297 -0.218059 -0.933913
vn 0.277046 -0.298528 -0.913305
vn 0.186193 -0.298529 -0.936062
vn 0.190395 -0.218060 -0.957183
vn 0.186193 -0.298529 -0.936062
vn 0.093546 -0.298528 -0.949805
vn 0.095657 -0.218060 -0.971236
vn 0.180408 -0.380581 -0.906979
vn 0.090640 -0.380579 -0.920296
vn 0.093546 -0.298528 -0.949805
vn 0.186193 -0.298529 -0.936062
vn -0.000001 -0.380580 -0.924748
vn -0.000001 -0.298530 -0.954400
vn 0.093546 -0.298528 -0.949805
vn 0.090640 -0.380579 -0.920296
vn -0.000001 -0.218061 -0.975935
vn 0.095657 -0.218060 -0.971236
vn 0.093546 -0.298528 -0.949805
vn -0.000001 -0.298530 -0.954400
vn -0.000001 -0.380580 -0.924748
vn -0.000001 -0.469008 -0.883194
vn -0.086568 -0.469007 -0.878942
vn -0.090641 -0.380579 -0.920296
vn -0.000001 -0.553022 -0.833167
vn -0.081665 -0.553021 -0.829155
vn -0.086568 -0.469007 -0.878942
vn -0.000001 -0.469008 -0.883194
vn -0.162543 -0.553022 -0.817158
vn -0.172302 -0.469008 -0.866224
vn -0.086568 -0.469007 -0.878942
vn -0.081665 -0.553021 -0.829155
vn -0.180409 -0.380580 -0.906979
vn -0.090641 -0.380579 -0.920296
vn -0.086568 -0.469007 -0.878942
vn -0.172302 -0.469008 -0.866224
vn -0.180409 -0.380580 -0.906979
vn -0.172302 -0.469008 -0.866224
vn -0.256378 -0.469007 -0.845164
vn -0.268440 -0.380579 -0.884929
vn -0.162543 -0.553022 -0.817158
vn -0.241856 -0.553021 -0.797292
vn -0.256378 -0.469007 -0.845164
vn -0.172302 -0.469008 -0.866224
vn -0.318839 -0.553022 -0.769746
vn -0.337983 -0.469008 -0.815965
vn -0.256378 -0.469007 -0.845164
vn -0.241856 -0.553021 -0.797292
vn -0.353886 -0.380580 -0.854356
vn -0.268440 -0.380579 -0.884929
vn -0.256378 -0.469007 -0.845164
vn -0.337983 -0.469008 -0.815965
vn -0.353886 -0.380580 -0.854356
vn -0.337983 -0.469008 -0.815965
vn -0.416335 -0.469007 -0.778908
vn -0.435924 -0.380579 -0.815555
vn -0.318839 -0.553022 -0.769746
vn -0.392752 -0.553021 -0.734788
vn -0.416335 -0.469007 -0.778908
vn -0.337983 -0.469008 -0.815965
vn -0.462883 -0.553022 -0.692753
vn -0.490676 -0.469008 -0.734349
vn -0.416335 -0.469007 -0.778908
vn -0.392752 -0.553021 -0.734788
vn -0.513762 -0.380580 -0.768900
vn -0.435924 -0.380579 -0.815555
vn -0.416335 -0.469007 -0.778908
vn -0.490676 -0.469008 -0.734349
vn -0.513762 -0.380580 -0.768900
vn -0.490676 -0.469008 -0.734349
vn -0.560293 -0.469007 -0.682719
vn -0.586654 -0.380579 -0.714840
vn -0.462883 -0.553022 -0.692753
vn -0.528556 -0.553021 -0.644047
vn -0.560293 -0.469007 -0.682719
vn -0.490676 -0.469008 -0.734349
vn -0.589138 -0.553022 -0.589138
vn -0.624512 -0.469008 -0.624512
vn -0.560293 -0.469007 -0.682719
vn -0.528556 -0.553021 -0.644047
vn -0.653896 -0.380580 -0.653896
vn -0.586654 -0.380579 -0.714840
vn -0.560293 -0.469007 -0.682719
vn -0.624512 -0.469008 -0.624512
vn -0.653896 -0.380580 -0.653896
vn -0.624512 -0.469008 -0.624512
vn -0.682719 -0.469007 -0.560293
vn -0.714840 -0.380579 -0.586654
vn -0.589138 -0.553022 -0.589138
vn -0.644047 -0.553021 -0.528556
vn -0.682719 -0.469007 -0.560293
vn -0.624512 -0.469008 -0.624512
vn -0.692753 -0.553022 -0.462882
vn -0.734349 -0.469008 -0.490676
vn -0.682719 -0.469007 -0.560293
vn -0.644047 -0.553021 -0.528556
vn -0.768900 -0.380580 -0.513762
vn -0.714840 -0.380579 -0.586654
vn -0.682719 -0.469007 -0.560293
vn -0.734349 -0.469008 -0.490676
vn -0.768900 -0.380580 -0.513762
vn -0.734349 -0.469008 -0.490676
vn -0.778908 -0.469007 -0.416335
vn -0.815555 -0.380579 -0.435923
vn -0.692753 -0.553022 -0.462882
vn -0.734788 -0.553021 -0.392752
vn -0.778908 -0.469007 -0.416335
vn -0.734349 -0.469008 -0.490676
vn -0.769746 -0.553022 -0.318839
vn -0.815965 -0.469008 -0.337983
vn -0.778908 -0.469007 -0.416335
vn -0.734788 -0.553021 -0.392752
vn -0.854356 -0.380580 -0.353885
vn -0.815555 -0.380579 -0.435923
vn -0.778908 -0.469007 -0.416335
vn -0.815965 -0.469008 -0.337983
vn -0.854356 -0.380580 -0.353885
vn -0.815965 -0.469008 -0.337983
vn -0.845164 -0.469007 -0.256378
vn -0.884929 -0.380579 -0.268440
vn -0.769746 -0.553022 -0.318839
vn -0.797291 -0.553021 -0.241856
vn -0.845164 -0.469007 -0.256378
vn -0.815965 -0.469008 -0.337983
vn -0.817157 -0.553022 -0.162543
vn -0.866224 -0.469008 -0.172303
vn -0.845164 -0.469007 -0.256378
vn -0.797291 -0.553021 -0.241856
vn -0.906979 -0.380580 -0.180410
vn -0.884929 -0.380579 -0.268440
vn -0.845164 -0.469007 -0.256378
vn -0.866224 -0.469008 -0.172303
vn -0.906979 -0.380580 -0.180410
vn -0.866224 -0.469008 -0.172303
vn -0.878942 -0.469007 -0.086568
vn -0.920295 -0.380579 -0.090641
vn -0.817157 -0.553022 -0.162543
vn -0.829155 -0.553021 -0.081665
vn -0.878942 -0.469007 -0.086568
vn -0.866224 -0.469008 -0.172303
vn -0.833167 -0.553022 0.000000
vn -0.883194 -0.469008 0.000000
vn -0.878942 -0.469007 -0.086568
vn -0.829155 -0.553021 -0.081665
vn -0.924748 -0.380580 0.000000
vn -0.920295 -0.380579 -0.090641
vn -0.878942 -0.469007 -0.086568
vn -0.883194 -0.469008 0.000000
vn -0.924748 -0.380580 0.000000
vn -0.883194 -0.469008 0.000000
vn -0.878942 -0.469007 0.086568
vn -0.920295 -0.380579 0.090641
vn -0.833167 -0.553022 0.000000
vn -0.829155 -0.553021 0.081665
vn -0.878942 -0.469007 0.086568
vn -0.883194 -0.469008 0.000000
vn -0.817157 -0.553022 0.162543
vn -0.866223 -0.469008 0.172303
vn -0.878942 -0.469007 0.086568
vn -0.829155 -0.553021 0.081665
vn -0.906979 -0.380580 0.180410
vn -0.920295 -0.380579 0.090641
vn -0.878942 -0.469007 0.086568
vn -0.866223 -0.469008 0.172303
vn -0.906979 -0.380580 0.180410
vn -0.866223 -0.469008 0.172303
vn -0.845164 -0.469007 0.256378
vn -0.884929 -0.380579 0.268441
vn -0.817157 -0.553022 0.162543
vn -0.797291 -0.553021 0.241856
vn -0.845164 -0.469007 0.256378
vn -0.866223 -0.469008 0.172303
vn -0.769745 -0.553022 0.318840
vn -0.815964 -0.469008 0.337984
vn -0.845164 -0.469007 0.256378
vn -0.797291 -0.553021 0.241856
vn -0.854355 -0.380581 0.353886
vn -0.884929 -0.380579 0.268441
vn -0.845164 -0.469007 0.256378
vn -0.815964 -0.469008 0.337984
vn -0.854355 -0.380581 0.353886
vn -0.815964 -0.469008 0.337984
vn -0.778908 -0.469007 0.416335
vn -0.815555 -0.380579 0.435924
vn -0.769745 -0.553022 0.318840
vn -0.734788 -0.553021 0.392753
vn -0.778908 -0.469007 0.416335
vn -0.815964 -0.469008 0.337984
vn -0.692752 -0.553022 0.462883
vn -0.734349 -0.469008 0.490677
vn -0.778908 -0.469007 0.416335
vn -0.734788 -0.553021 0.392753
vn -0.768899 -0.380580 0.513763
vn -0.815555 -0.380579 0.435924
vn -0.778908 -0.469007 0.416335
vn -0.734349 -0.469008 0.490677
vn -0.768899 -0.380580 0.513763
vn -0.734349 -0.469008 0.490677
vn -0.682718 -0.469007 0.560293
vn -0.714840 -0.380579 0.586655
vn -0.692752 -0.553022 0.462883
vn -0.644047 -0.553021 0.528556
vn -0.682718 -0.469007 0.560293
vn -0.734349 -0.469008 0.490677
vn -0.589137 -0.553022 0.589138
vn -0.624512 -0.469008 0.624513
vn -0.682718 -0.469007 0.560293
vn -0.644047 -0.553021 0.528556
vn -0.653895 -0.380580 0.653896
vn -0.714840 -0.380579 0.586655
vn -0.682718 -0.469007 0.560293
vn -0.624512 -0.469008 0.624513
vn -0.653895 -0.380580 0.653896
vn -0.624512 -0.469008 0.624513
vn -0.560292 -0.469007 0.682719
vn -0.586654 -0.380579 0.714841
vn -0.589137 -0.553022 0.589138
vn -0.528555 -0.553021 0.644047
vn -0.560292 -0.469007 0.682719
vn -0.624512 -0.469008 0.624513
vn -0.462882 -0.553022 0.692753
vn -0.490676 -0.469008 0.734349
vn -0.560292 -0.469007 0.682719
vn -0.528555 -0.553021 0.644047
vn -0.513762 -0.380580 0.768900
vn -0.586654 -0.380579 0.714841
vn -0.560292 -0.469007 0.682719
vn -0.490676 -0.469008 0.734349
vn -0.513762 -0.380580 0.768900
vn -0.490676 -0.469008 0.734349
vn -0.416334 -0.469007 0.778908
vn -0.435923 -0.380579 0.815555
vn -0.462882 -0.553022 0.692753
vn -0.392752 -0.553021 0.734788
vn -0.416334 -0.469007 0.778908
vn -0.490676 -0.469008 0.734349
vn -0.318838 -0.553022 0.769746
vn -0.337983 -0.469008 0.815965
vn -0.416334 -0.469007 0.778908
vn -0.392752 -0.553021 0.734788
vn -0.353885 -0.380581 0.854356
vn -0.435923 -0.380579 0.815555
vn -0.416334 -0.469007 0.778908
vn -0.337983 -0.469008 0.815965
vn -0.353885 -0.380581 0.854356
vn -0.337983 -0.469008 0.815965
vn -0.256377 -0.469007 0.845165
vn -0.268439 -0.380579 0.884929
vn -0.318838 -0.553022 0.769746
vn -0.241855 -0.553021 0.797292
vn -0.256377 -0.469007 0.845165
vn -0.337983 -0.469008 0.815965
vn -0.162542 -0.553022 0.817158
vn -0.172302 -0.469008 0.866224
vn -0.256377 -0.469007 0.845165
vn -0.241855 -0.553021 0.797292
vn -0.180408 -0.380580 0.906979
vn -0.268439 -0.380579 0.884929
vn -0.256377 -0.469007 0.845165
vn -0.172302 -0.469008 0.866224
vn -0.180408 -0.380580 0.906979
vn -0.172302 -0.469008 0.866224
vn -0.086567 -0.469007 0.878942
vn -0.090640 -0.380579 0.920296
vn -0.162542 -0.553022 0.817158
vn -0.081664 -0.553021 0.829156
vn -0.086567 -0.469007 0.878942
vn -0.172302 -0.469008 0.866224
vn 0.000001 -0.553022 0.833167
vn 0.000001 -0.469008 0.883194
vn -0.086567 -0.469007 0.878942
vn -0.081664 -0.553021 0.829156
vn 0.000000 -0.380580 0.924748
vn -0.090640 -0.380579 0.920296
vn -0.086567 -0.469007 0.878942
vn 0.000001 -0.469008 0.883194
vn 0.000000 -0.380580 0.924748
vn 0.000001 -0.469008 0.883194
vn 0.086569 -0.469007 0.878942
vn 0.090642 -0.380579 0.920295
vn 0.000001 -0.553022 0.833167
vn 0.081665 -0.553021 0.829155
vn 0.086569 -0.469007 0.878942
vn 0.000001 -0.469008 0.883194
vn 0.162543 -0.553022 0.817157
vn 0.172304 -0.469008 0.866223
vn 0.086569 -0.469007 0.878942
vn 0.081665 -0.553021 0.829155
vn 0.180411 -0.380580 0.906979
vn 0.090642 -0.380579 0.920295
vn 0.086569 -0.469007 0.878942
vn 0.172304 -0.469008 0.866223
vn 0.180411 -0.380580 0.906979
vn 0.172304 -0.469008 0.866223
vn 0.256379 -0.469007 0.845164
vn 0.268442 -0.380579 0.884928
vn 0.162543 -0.553022 0.817157
vn 0.241857 -0.553021 0.797291
vn 0.256379 -0.469007 0.845164
vn 0.172304 -0.469008 0.866223
vn 0.318840 -0.553022 0.769745
vn 0.337985 -0.469008 0.815964
vn 0.256379 -0.469007 0.845164
vn 0.241857 -0.553021 0.797291
vn 0.353887 -0.380580 0.854355
vn 0.268442 -0.380579 0.884928
vn 0.256379 -0.469007 0.845164
vn 0.337985 -0.469008 0.815964
vn 0.353887 -0.380580 0.854355
vn 0.337985 -0.469008 0.815964
vn 0.416336 -0.469007 0.778908
vn 0.435924 -0.380579 0.815555
vn 0.318840 -0.553022 0.769745
vn 0.392753 -0.553021 0.734788
vn 0.416336 -0.469007 0.778908
vn 0.337985 -0.469008 0.815964
vn 0.462883 -0.553022 0.692752
vn 0.490677 -0.469008 0.734348
vn 0.416336 -0.469007 0.778908
vn 0.392753 -0.553021 0.734788
vn 0.513763 -0.380580 0.768899
vn 0.435924 -0.380579 0.815555
vn 0.416336 -0.469007 0.778908
vn 0.490677 -0.469008 0.734348
vn 0.513763 -0.380580 0.768899
vn 0.490677 -0.469008 0.734348
vn 0.560293 -0.469007 0.682718
vn 0.586655 -0.380579 0.714839
vn 0.462883 -0.553022 0.692752
vn 0.528557 -0.553021 0.644046
vn 0.560293 -0.469007 0.682718
vn 0.490677 -0.469008 0.734348
vn 0.589139 -0.553022 0.589137
vn 0.624513 -0.469008 0.624512
vn 0.560293 -0.469007 0.682718
vn 0.528557 -0.553021 0.644046
vn 0.653896 -0.380581 0.653895
vn 0.586655 -0.380579 0.714839
vn 0.560293 -0.469007 0.682718
vn 0.624513 -0.469008 0.624512
vn 0.653896 -0.380581 0.653895
vn 0.624513 -0.469008 0.624512
vn 0.682719 -0.469007 0.560292
vn 0.714841 -0.380579 0.586653
vn 0.589139 -0.553022 0.589137
vn 0.644048 -0.553021 0.528555
vn 0.682719 -0.469007 0.560292
vn 0.624513 -0.469008 0.624512
vn 0.692753 -0.553022 0.462882
vn 0.734350 -0.469008 0.490675
vn 0.682719 -0.469007 0.560292
vn 0.644048 -0.553021 0.528555
vn 0.768900 -0.380581 0.513761
vn 0.714841 -0.380579 0.586653
vn 0.682719 -0.469007 0.560292
vn 0.734350 -0.469008 0.490675
vn 0.768900 -0.380581 0.513761
vn 0.734350 -0.469008 0.490675
vn 0.778909 -0.469007 0.416334
vn 0.815556 -0.380579 0.435922
vn 0.692753 -0.553022 0.462882
vn 0.734788 -0.553021 0.392752
vn 0.778909 -0.469007 0.416334
vn 0.734350 -0.469008 0.490675
vn 0.769746 -0.553022 0.318838
vn 0.815965 -0.469008 0.337983
vn 0.778909 -0.469007 0.416334
vn 0.734788 -0.553021 0.392752
vn 0.854356 -0.380580 0.353884
vn 0.815556 -0.380579 0.435922
vn 0.778909 -0.469007 0.416334
vn 0.815965 -0.469008 0.337983
vn 0.854356 -0.380580 0.353884
vn 0.815965 -0.469008 0.337983
vn 0.845165 -0.469007 0.256377
vn 0.884929 -0.380579 0.268439
vn 0.769746 -0.553022 0.318838
vn 0.797292 -0.553021 0.241854
vn 0.845165 -0.469007 0.256377
vn 0.815965 -0.469008 0.337983
vn 0.817158 -0.553022 0.162541
vn 0.866224 -0.469008 0.172301
vn 0.845165 -0.469007 0.256377
vn 0.797292 -0.553021 0.241854
vn 0.906979 -0.380580 0.180408
vn 0.884929 -0.380579 0.268439
vn 0.845165 -0.469007 0.256377
vn 0.866224 -0.469008 0.172301
vn 0.906979 -0.380580 0.180408
vn 0.866224 -0.469008 0.172301
vn 0.878942 -0.469007 0.086567
vn 0.920296 -0.380579 0.090639
vn 0.817158 -0.553022 0.162541
vn 0.829155 -0.553021 0.081663
vn 0.878942 -0.469007 0.086567
vn 0.866224 -0.469008 0.172301
vn 0.833167 -0.553022 -0.000001
vn 0.883194 -0.469008 -0.000001
vn 0.878942 -0.469007 0.086567
vn 0.829155 -0.553021 0.081663
vn 0.924748 -0.380580 -0.000002
vn 0.920296 -0.380579 0.090639
vn 0.878942 -0.469007 0.086567
vn 0.883194 -0.469008 -0.000001
vn 0.924748 -0.380580 -0.000002
vn 0.883194 -0.469008 -0.000001
vn 0.878942 -0.469007 -0.086569
vn 0.920295 -0.380579 -0.090642
vn 0.833167 -0.553022 -0.000001
vn 0.829155 -0.553021 -0.081666
vn 0.878942 -0.469007 -0.086569
vn 0.883194 -0.469008 -0.000001
vn 0.817157 -0.553022 -0.162544
vn 0.866223 -0.469008 -0.172304
vn 0.878942 -0.469007 -0.086569
vn 0.829155 -0.553021 -0.081666
vn 0.906979 -0.380580 -0.180411
vn 0.920295 -0.380579 -0.090642
vn 0.878942 -0.469007 -0.086569
vn 0.866223 -0.469008 -0.172304
vn 0.906979 -0.380580 -0.180411
vn 0.866223 -0.469008 -0.172304
vn 0.845164 -0.469007 -0.256379
vn 0.884929 -0.380579 -0.268442
vn 0.817157 -0.553022 -0.162544
vn 0.797291 -0.553021 -0.241857
vn 0.845164 -0.469007 -0.256379
vn 0.866223 -0.469008 -0.172304
vn 0.769745 -0.553022 -0.318841
vn 0.815964 -0.469008 -0.337985
vn 0.845164 -0.469007 -0.256379
vn 0.797291 -0.553021 -0.241857
vn 0.854355 -0.380580 -0.353887
vn 0.884929 -0.380579 -0.268442
vn 0.845164 -0.469007 -0.256379
vn 0.815964 -0.469008 -0.337985
vn 0.854355 -0.380580 -0.353887
vn 0.815964 -0.469008 -0.337985
vn 0.778907 -0.469007 -0.416336
vn 0.815554 -0.380579 -0.435925
vn 0.769745 -0.553022 -0.318841
vn 0.734787 -0.553021 -0.392754
vn 0.778907 -0.469007 -0.416336
vn 0.815964 -0.469008 -0.337985
vn 0.692752 -0.553022 -0.462884
vn 0.734348 -0.469008 -0.490678
vn 0.778907 -0.469007 -0.416336
vn 0.734787 -0.553021 -0.392754
vn 0.768899 -0.380580 -0.513764
vn 0.815554 -0.380579 -0.435925
vn 0.778907 -0.469007 -0.416336
vn 0.734348 -0.469008 -0.490678
vn 0.768899 -0.380580 -0.513764
vn 0.734348 -0.469008 -0.490678
vn 0.682718 -0.469007 -0.560294
vn 0.714839 -0.380579 -0.586656
vn 0.692752 -0.553022 -0.462884
vn 0.644046 -0.553021 -0.528557
vn 0.682718 -0.469007 -0.560294
vn 0.734348 -0.469008 -0.490678
vn 0.589137 -0.553022 -0.589139
vn 0.624511 -0.469008 -0.624514
vn 0.682718 -0.469007 -0.560294
vn 0.644046 -0.553021 -0.528557
vn 0.653894 -0.380580 -0.653897
vn 0.714839 -0.380579 -0.586656
vn 0.682718 -0.469007 -0.560294
vn 0.624511 -0.469008 -0.624514
vn 0.653894 -0.380580 -0.653897
vn 0.624511 -0.469008 -0.624514
vn 0.560291 -0.469007 -0.682720
vn 0.586653 -0.380579 -0.714841
vn 0.589137 -0.553022 -0.589139
vn 0.528555 -0.553021 -0.644048
vn 0.560291 -0.469007 -0.682720
vn 0.624511 -0.469008 -0.624514
vn 0.462881 -0.553022 -0.692754
vn 0.490675 -0.469008 -0.734350
vn 0.560291 -0.469007 -0.682720
vn 0.528555 -0.553021 -0.644048
vn 0.513761 -0.380580 -0.768901
vn 0.586653 -0.380579 -0.714841
vn 0.560291 -0.469007 -0.682720
vn 0.490675 -0.469008 -0.734350
vn 0.513761 -0.380580 -0.768901
vn 0.490675 -0.469008 -0.734350
vn 0.416334 -0.469007 -0.778909
vn 0.435922 -0.380579 -0.815556
vn 0.462881 -0.553022 -0.692754
vn 0.392751 -0.553021 -0.734789
vn 0.416334 -0.469007 -0.778909
vn 0.490675 -0.469008 -0.734350
vn 0.318838 -0.553022 -0.769746
vn 0.337982 -0.469008 -0.815966
vn 0.416334 -0.469007 -0.778909
vn 0.392751 -0.553021 -0.734789
vn 0.353884 -0.380580 -0.854356
vn 0.435922 -0.380579 -0.815556
vn 0.416334 -0.469007 -0.778909
vn 0.337982 -0.469008 -0.815966
vn 0.353884 -0.380580 -0.854356
vn 0.337982 -0.469008 -0.815966
vn 0.256376 -0.469007 -0.845165
vn 0.268439 -0.380579 -0.884930
vn 0.318838 -0.553022 -0.769746
vn 0.241854 -0.553021 -0.797292
vn 0.256376 -0.469007 -0.845165
vn 0.337982 -0.469008 -0.815966
vn 0.162541 -0.553022 -0.817158
vn 0.172301 -0.469008 -0.866224
vn 0.256376 -0.469007 -0.845165
vn 0.241854 -0.553021 -0.797292
vn 0.180408 -0.380581 -0.906979
vn 0.268439 -0.380579 -0.884930
vn 0.256376 -0.469007 -0.845165
vn 0.172301 -0.469008 -0.866224
vn 0.180408 -0.380581 -0.906979
vn 0.172301 -0.469008 -0.866224
vn 0.086567 -0.469007 -0.878942
vn 0.090640 -0.380579 -0.920296
vn 0.162541 -0.553022 -0.817158
vn 0.081664 -0.553021 -0.829156
vn 0.086567 -0.469007 -0.878942
vn 0.172301 -0.469008 -0.866224
vn -0.000001 -0.553022 -0.833167
vn -0.000001 -0.469008 -0.883194
vn 0.086567 -0.469007 -0.878942
vn 0.081664 -0.553021 -0.829156
vn -0.000001 -0.380580 -0.924748
vn 0.090640 -0.380579 -0.920296
vn 0.086567 -0.469007 -0.878942
vn -0.000001 -0.469008 -0.883194
vn -0.000001 -0.553022 -0.833167
vn -0.000001 -0.631826 -0.775110
vn -0.075975 -0.631826 -0.771378
vn -0.081665 -0.553021 -0.829155
vn -0.000001 -0.704641 -0.709564
vn -0.069550 -0.704641 -0.706147
vn -0.075975 -0.631826 -0.771378
vn -0.000001 -0.631826 -0.775110
vn -0.138429 -0.704641 -0.695930
vn -0.151216 -0.631826 -0.760217
vn -0.075975 -0.631826 -0.771378
vn -0.069550 -0.704641 -0.706147
vn -0.162543 -0.553022 -0.817158
vn -0.081665 -0.553021 -0.829155
vn -0.075975 -0.631826 -0.771378
vn -0.151216 -0.631826 -0.760217
vn -0.162543 -0.553022 -0.817158
vn -0.151216 -0.631826 -0.760217
vn -0.225003 -0.631825 -0.741735
vn -0.241856 -0.553021 -0.797292
vn -0.138429 -0.704641 -0.695930
vn -0.205976 -0.704641 -0.679011
vn -0.225003 -0.631825 -0.741735
vn -0.151216 -0.631826 -0.760217
vn -0.271538 -0.704641 -0.655551
vn -0.296622 -0.631826 -0.716108
vn -0.225003 -0.631825 -0.741735
vn -0.205976 -0.704641 -0.679011
vn -0.318839 -0.553022 -0.769746
vn -0.241856 -0.553021 -0.797292
vn -0.225003 -0.631825 -0.741735
vn -0.296622 -0.631826 -0.716108
vn -0.318839 -0.553022 -0.769746
vn -0.296622 -0.631826 -0.716108
vn -0.365385 -0.631826 -0.683586
vn -0.392752 -0.553021 -0.734788
vn -0.271538 -0.704641 -0.655551
vn -0.334486 -0.704641 -0.625780
vn -0.365385 -0.631826 -0.683586
vn -0.296622 -0.631826 -0.716108
vn -0.394213 -0.704641 -0.589981
vn -0.430628 -0.631826 -0.644480
vn -0.365385 -0.631826 -0.683586
vn -0.334486 -0.704641 -0.625780
vn -0.462883 -0.553022 -0.692753
vn -0.392752 -0.553021 -0.734788
vn -0.365385 -0.631826 -0.683586
vn -0.430628 -0.631826 -0.644480
vn -0.462883 -0.553022 -0.692753
vn -0.430628 -0.631826 -0.644480
vn -0.491725 -0.631826 -0.599169
vn -0.528556 -0.553021 -0.644047
vn -0.394213 -0.704641 -0.589981
vn -0.450143 -0.704641 -0.548501
vn -0.491725 -0.631826 -0.599169
vn -0.430628 -0.631826 -0.644480
vn -0.501737 -0.704641 -0.501737
vn -0.548085 -0.631827 -0.548085
vn -0.491725 -0.631826 -0.599169
vn -0.450143 -0.704641 -0.548501
vn -0.589138 -0.553022 -0.589138
vn -0.528556 -0.553021 -0.644047
vn -0.491725 -0.631826 -0.599169
vn -0.548085 -0.631827 -0.548085
vn -0.589138 -0.553022 -0.589138
vn -0.548085 -0.631827 -0.548085
vn -0.599169 -0.631826 -0.491725
vn -0.644047 -0.553021 -0.528556
vn -0.501737 -0.704641 -0.501737
vn -0.548501 -0.704641 -0.450143
vn -0.599169 -0.631826 -0.491725
vn -0.548085 -0.631827 -0.548085
vn -0.589981 -0.704641 -0.394213
vn -0.644480 -0.631826 -0.430628
vn -0.599169 -0.631826 -0.491725
vn -0.548501 -0.704641 -0.450143
vn -0.692753 -0.553022 -0.462882
vn -0.644047 -0.553021 -0.528556
vn -0.599169 -0.631826 -0.491725
vn -0.644480 -0.631826 -0.430628
vn -0.692753 -0.553022 -0.462882
vn -0.644480 -0.631826 -0.430628
vn -0.683587 -0.631825 -0.365385
vn -0.734788 -0.553021 -0.392752
vn -0.589981 -0.704641 -0.394213
vn -0.625780 -0.704641 -0.334486
vn -0.683587 -0.631825 -0.365385
vn -0.644480 -0.631826 -0.430628
vn -0.655552 -0.704641 -0.271538
vn -0.716108 -0.631826 -0.296622
vn -0.683587 -0.631825 -0.365385
vn -0.625780 -0.704641 -0.334486
vn -0.769746 -0.553022 -0.318839
vn -0.734788 -0.553021 -0.392752
vn -0.683587 -0.631825 -0.365385
vn -0.716108 -0.631826 -0.296622
vn -0.769746 -0.553022 -0.318839
vn -0.716108 -0.631826 -0.296622
vn -0.741735 -0.631826 -0.225003
vn -0.797291 -0.553021 -0.241856
vn -0.655552 -0.704641 -0.271538
vn -0.679011 -0.704641 -0.205975
vn -0.741735 -0.631826 -0.225003
vn -0.716108 -0.631826 -0.296622
vn -0.695930 -0.704641 -0.138429
vn -0.760216 -0.631827 -0.151216
vn -0.741735 -0.631826 -0.225003
vn -0.679011 -0.704641 -0.205975
vn -0.817157 -0.553022 -0.162543
vn -0.797291 -0.553021 -0.241856
vn -0.741735 -0.631826 -0.225003
vn -0.760216 -0.631827 -0.151216
vn -0.817157 -0.553022 -0.162543
vn -0.760216 -0.631827 -0.151216
vn -0.771378 -0.631826 -0.075974
vn -0.829155 -0.553021 -0.081665
vn -0.695930 -0.704641 -0.138429
vn -0.706148 -0.704641 -0.069549
vn -0.771378 -0.631826 -0.075974
vn -0.760216 -0.631827 -0.151216
vn -0.709564 -0.704641 0.000000
vn -0.775110 -0.631827 0.000000
vn -0.771378 -0.631826 -0.075974
vn -0.706148 -0.704641 -0.069549
vn -0.833167 -0.553022 0.000000
vn -0.829155 -0.553021 -0.081665
vn -0.771378 -0.631826 -0.075974
vn -0.775110 -0.631827 0.000000
vn -0.833167 -0.553022 0.000000
vn -0.775110 -0.631827 0.000000
vn -0.771378 -0.631826 0.075975
vn -0.829155 -0.553021 0.081665
vn -0.709564 -0.704641 0.000000
vn -0.706148 -0.704641 0.069550
vn -0.771378 -0.631826 0.075975
vn -0.775110 -0.631827 0.000000
vn -0.695930 -0.704641 0.138429
vn -0.760216 -0.631826 0.151217
vn -0.771378 -0.631826 0.075975
vn -0.706148 -0.704641 0.069550
vn -0.817157 -0.553022 0.162543
vn -0.829155 -0.553021 0.081665
vn -0.771378 -0.631826 0.075975
vn -0.760216 -0.631826 0.151217
vn -0.817157 -0.553022 0.162543
vn -0.760216 -0.631826 0.151217
vn -0.741734 -0.631826 0.225003
vn -0.797291 -0.553021 0.241856
vn -0.695930 -0.704641 0.138429
vn -0.679011 -0.704641 0.205976
vn -0.741734 -0.631826 0.225003
vn -0.760216 -0.631826 0.151217
vn -0.655551 -0.704641 0.271539
vn -0.716108 -0.631826 0.296622
vn -0.741734 -0.631826 0.225003
vn -0.679011 -0.704641 0.205976
vn -0.769745 -0.553022 0.318840
vn -0.797291 -0.553021 0.241856
vn -0.741734 -0.631826 0.225003
vn -0.716108 -0.631826 0.296622
vn -0.769745 -0.553022 0.318840
vn -0.716108 -0.631826 0.296622
vn -0.683586 -0.631826 0.365385
vn -0.734788 -0.553021 0.392753
vn -0.655551 -0.704641 0.271539
vn -0.625780 -0.704641 0.334487
vn -0.683586 -0.631826 0.365385
vn -0.716108 -0.631826 0.296622
vn -0.589980 -0.704641 0.394213
vn -0.644480 -0.631826 0.430628
vn -0.683586 -0.631826 0.365385
vn -0.625780 -0.704641 0.334487
vn -0.692752 -0.553022 0.462883
vn -0.734788 -0.553021 0.392753
vn -0.683586 -0.631826 0.365385
vn -0.644480 -0.631826 0.430628
vn -0.692752 -0.553022 0.462883
vn -0.644480 -0.631826 0.430628
vn -0.599168 -0.631826 0.491725
vn -0.644047 -0.553021 0.528556
vn -0.589980 -0.704641 0.394213
vn -0.548500 -0.704641 0.450143
vn -0.599168 -0.631826 0.491725
vn -0.644480 -0.631826 0.430628
vn -0.501737 -0.704641 0.501738
vn -0.548085 -0.631826 0.548086
vn -0.599168 -0.631826 0.491725
vn -0.548500 -0.704641 0.450143
vn -0.589137 -0.553022 0.589138
vn -0.644047 -0.553021 0.528556
vn -0.599168 -0.631826 0.491725
vn -0.548085 -0.631826 0.548086
vn -0.589137 -0.553022 0.589138
vn -0.548085 -0.631826 0.548086
vn -0.491725 -0.631826 0.599169
vn -0.528555 -0.553021 0.644047
vn -0.501737 -0.704641 0.501738
vn -0.450143 -0.704641 0.548501
vn -0.491725 -0.631826 0.599169
vn -0.548085 -0.631826 0.548086
vn -0.394212 -0.704641 0.589981
vn -0.430627 -0.631826 0.644481
vn -0.491725 -0.631826 0.599169
vn -0.450143 -0.704641 0.548501
vn -0.462882 -0.553022 0.692753
vn -0.528555 -0.553021 0.644047
vn -0.491725 -0.631826 0.599169
vn -0.430627 -0.631826 0.644481
vn -0.462882 -0.553022 0.692753
vn -0.430627 -0.631826 0.644481
vn -0.365384 -0.631826 0.683587
vn -0.392752 -0.553021 0.734788
vn -0.394212 -0.704641 0.589981
vn -0.334486 -0.704641 0.625780
vn -0.365384 -0.631826 0.683587
vn -0.430627 -0.631826 0.644481
vn -0.271538 -0.704641 0.655552
vn -0.296621 -0.631826 0.716109
vn -0.365384 -0.631826 0.683587
vn -0.334486 -0.704641 0.625780
vn -0.318838 -0.553022 0.769746
vn -0.392752 -0.553021 0.734788
vn -0.365384 -0.631826 0.683587
vn -0.296621 -0.631826 0.716109
vn -0.318838 -0.553022 0.769746
vn -0.296621 -0.631826 0.716109
vn -0.225002 -0.631826 0.741735
vn -0.241855 -0.553021 0.797292
vn -0.271538 -0.704641 0.655552
vn -0.205975 -0.704641 0.679011
vn -0.225002 -0.631826 0.741735
vn -0.296621 -0.631826 0.716109
vn -0.138428 -0.704641 0.695930
vn -0.151216 -0.631826 0.760217
vn -0.225002 -0.631826 0.741735
vn -0.205975 -0.704641 0.679011
vn -0.162542 -0.553022 0.817158
vn -0.241855 -0.553021 0.797292
vn -0.225002 -0.631826 0.741735
vn -0.151216 -0.631826 0.760217
vn -0.162542 -0.553022 0.817158
vn -0.151216 -0.631826 0.760217
vn -0.075974 -0.631826 0.771378
vn -0.081664 -0.553021 0.829156
vn -0.138428 -0.704641 0.695930
vn -0.069549 -0.704641 0.706148
vn -0.075974 -0.631826 0.771378
vn -0.151216 -0.631826 0.760217
vn 0.000001 -0.704641 0.709564
vn 0.000001 -0.631826 0.775110
vn -0.075974 -0.631826 0.771378
vn -0.069549 -0.704641 0.706148
vn 0.000001 -0.553022 0.833167
vn -0.081664 -0.553021 0.829156
vn -0.075974 -0.631826 0.771378
vn 0.000001 -0.631826 0.775110
vn 0.000001 -0.553022 0.833167
vn 0.000001 -0.631826 0.775110
vn 0.075975 -0.631825 0.771378
vn 0.081665 -0.553021 0.829155
vn 0.000001 -0.704641 0.709564
vn 0.069550 -0.704641 0.706147
vn 0.075975 -0.631825 0.771378
vn 0.000001 -0.631826 0.775110
vn 0.138430 -0.704641 0.695930
vn 0.151217 -0.631826 0.760216
vn 0.075975 -0.631825 0.771378
vn 0.069550 -0.704641 0.706147
vn 0.162543 -0.553022 0.817157
vn 0.081665 -0.553021 0.829155
vn 0.075975 -0.631825 0.771378
vn 0.151217 -0.631826 0.760216
vn 0.162543 -0.553022 0.817157
vn 0.151217 -0.631826 0.760216
vn 0.225004 -0.631826 0.741734
vn 0.241857 -0.553021 0.797291
vn 0.138430 -0.704641 0.695930
vn 0.205977 -0.704641 0.679010
vn 0.225004 -0.631826 0.741734
vn 0.151217 -0.631826 0.760216
vn 0.271539 -0.704641 0.655551
vn 0.296623 -0.631826 0.716108
vn 0.225004 -0.631826 0.741734
vn 0.205977 -0.704641 0.679010
vn 0.318840 -0.553022 0.769745
vn 0.241857 -0.553021 0.797291
vn 0.225004 -0.631826 0.741734
vn 0.296623 -0.631826 0.716108
vn 0.318840 -0.553022 0.769745
vn 0.296623 -0.631826 0.716108
vn 0.365385 -0.631826 0.683586
vn 0.392753 -0.553021 0.734788
vn 0.271539 -0.704641 0.655551
vn 0.334487 -0.704641 0.625780
vn 0.365385 -0.631826 0.683586
vn 0.296623 -0.631826 0.716108
vn 0.394213 -0.704641 0.589980
vn 0.430629 -0.631826 0.644480
vn 0.365385 -0.631826 0.683586
vn 0.334487 -0.704641 0.625780
vn 0.462883 -0.553022 0.692752
vn 0.392753 -0.553021 0.734788
vn 0.365385 -0.631826 0.683586
vn 0.430629 -0.631826 0.644480
vn 0.462883 -0.553022 0.692752
vn 0.430629 -0.631826 0.644480
vn 0.491726 -0.631825 0.599168
vn 0.528557 -0.553021 0.644046
vn 0.394213 -0.704641 0.589980
vn 0.450144 -0.704641 0.548500
vn 0.491726 -0.631825 0.599168
vn 0.430629 -0.631826 0.644480
vn 0.501738 -0.704641 0.501737
vn 0.548086 -0.631826 0.548085
vn 0.491726 -0.631825 0.599168
vn 0.450144 -0.704641 0.548500
vn 0.589139 -0.553022 0.589137
vn 0.528557 -0.553021 0.644046
vn 0.491726 -0.631825 0.599168
vn 0.548086 -0.631826 0.548085
vn 0.589139 -0.553022 0.589137
vn 0.548086 -0.631826 0.548085
vn 0.599169 -0.631825 0.491724
vn 0.644048 -0.553021 0.528555
vn 0.501738 -0.704641 0.501737
vn 0.548501 -0.704641 0.450142
vn 0.599169 -0.631825 0.491724
vn 0.548086 -0.631826 0.548085
vn 0.589981 -0.704641 0.394212
vn 0.644481 -0.631826 0.430627
vn 0.599169 -0.631825 0.491724
vn 0.548501 -0.704641 0.450142
vn 0.692753 -0.553022 0.462882
vn 0.644048 -0.553021 0.528555
vn 0.599169 -0.631825 0.491724
vn 0.644481 -0.631826 0.430627
vn 0.692753 -0.553022 0.462882
vn 0.644481 -0.631826 0.430627
vn 0.683587 -0.631825 0.365384
vn 0.734788 -0.553021 0.392752
vn 0.589981 -0.704641 0.394212
vn 0.625780 -0.704641 0.334485
vn 0.683587 -0.631825 0.365384
vn 0.644481 -0.631826 0.430627
vn 0.655552 -0.704641 0.271537
vn 0.716109 -0.631826 0.296621
vn 0.683587 -0.631825 0.365384
vn 0.625780 -0.704641 0.334485
vn 0.769746 -0.553022 0.318838
vn 0.734788 -0.553021 0.392752
vn 0.683587 -0.631825 0.365384
vn 0.716109 -0.631826 0.296621
vn 0.769746 -0.553022 0.318838
vn 0.716109 -0.631826 0.296621
vn 0.741735 -0.631826 0.225001
vn 0.797292 -0.553021 0.241854
vn 0.655552 -0.704641 0.271537
vn 0.679011 -0.704641 0.205974
vn 0.741735 -0.631826 0.225001
vn 0.716109 -0.631826 0.296621
vn 0.695930 -0.704641 0.138428
vn 0.760216 -0.631827 0.151215
vn 0.741735 -0.631826 0.225001
vn 0.679011 -0.704641 0.205974
vn 0.817158 -0.553022 0.162541
vn 0.797292 -0.553021 0.241854
vn 0.741735 -0.631826 0.225001
vn 0.760216 -0.631827 0.151215
vn 0.817158 -0.553022 0.162541
vn 0.760216 -0.631827 0.151215
vn 0.771378 -0.631826 0.075973
vn 0.829155 -0.553021 0.081663
vn 0.695930 -0.704641 0.138428
vn 0.706148 -0.704641 0.069549
vn 0.771378 -0.631826 0.075973
vn 0.760216 -0.631827 0.151215
vn 0.709564 -0.704641 -0.000001
vn 0.775110 -0.631826 -0.000001
vn 0.771378 -0.631826 0.075973
vn 0.706148 -0.704641 0.069549
vn 0.833167 -0.553022 -0.000001
vn 0.829155 -0.553021 0.081663
vn 0.771378 -0.631826 0.075973
vn 0.775110 -0.631826 -0.000001
vn 0.833167 -0.553022 -0.000001
vn 0.775110 -0.631826 -0.000001
vn 0.771378 -0.631826 -0.075975
vn 0.829155 -0.553021 -0.081666
vn 0.709564 -0.704641 -0.000001
vn 0.706147 -0.704641 -0.069551
vn 0.771378 -0.631826 -0.075975
vn 0.775110 -0.631826 -0.000001
vn 0.695930 -0.704641 -0.138430
vn 0.760216 -0.631826 -0.151218
vn 0.771378 -0.631826 -0.075975
vn 0.706147 -0.704641 -0.069551
vn 0.817157 -0.553022 -0.162544
vn 0.829155 -0.553021 -0.081666
vn 0.771378 -0.631826 -0.075975
vn 0.760216 -0.631826 -0.151218
vn 0.817157 -0.553022 -0.162544
vn 0.760216 -0.631826 -0.151218
vn 0.741734 -0.631826 -0.225004
vn 0.797291 -0.553021 -0.241857
vn 0.695930 -0.704641 -0.138430
vn 0.679010 -0.704641 -0.205977
vn 0.741734 -0.631826 -0.225004
vn 0.760216 -0.631826 -0.151218
vn 0.655551 -0.704641 -0.271540
vn 0.716108 -0.631826 -0.296623
vn 0.741734 -0.631826 -0.225004
vn 0.679010 -0.704641 -0.205977
vn 0.769745 -0.553022 -0.318841
vn 0.797291 -0.553021 -0.241857
vn 0.741734 -0.631826 -0.225004
vn 0.716108 -0.631826 -0.296623
vn 0.769745 -0.553022 -0.318841
vn 0.716108 -0.631826 -0.296623
vn 0.683586 -0.631826 -0.365386
vn 0.734787 -0.553021 -0.392754
vn 0.655551 -0.704641 -0.271540
vn 0.625779 -0.704641 -0.334487
vn 0.683586 -0.631826 -0.365386
vn 0.716108 -0.631826 -0.296623
vn 0.589980 -0.704641 -0.394214
vn 0.644480 -0.631826 -0.430629
vn 0.683586 -0.631826 -0.365386
vn 0.625779 -0.704641 -0.334487
vn 0.692752 -0.553022 -0.462884
vn 0.734787 -0.553021 -0.392754
vn 0.683586 -0.631826 -0.365386
vn 0.644480 -0.631826 -0.430629
vn 0.692752 -0.553022 -0.462884
vn 0.644480 -0.631826 -0.430629
vn 0.599168 -0.631826 -0.491726
vn 0.644046 -0.553021 -0.528557
vn 0.589980 -0.704641 -0.394214
vn 0.548500 -0.704641 -0.450144
vn 0.599168 -0.631826 -0.491726
vn 0.644480 -0.631826 -0.430629
vn 0.501736 -0.704641 -0.501738
vn 0.548084 -0.631826 -0.548086
vn 0.599168 -0.631826 -0.491726
vn 0.548500 -0.704641 -0.450144
vn 0.589137 -0.553022 -0.589139
vn 0.644046 -0.553021 -0.528557
vn 0.599168 -0.631826 -0.491726
vn 0.548084 -0.631826 -0.548086
vn 0.589137 -0.553022 -0.589139
vn 0.548084 -0.631826 -0.548086
vn 0.491724 -0.631826 -0.599169
vn 0.528555 -0.553021 -0.644048
vn 0.501736 -0.704641 -0.501738
vn 0.450142 -0.704641 -0.548501
vn 0.491724 -0.631826 -0.599169
vn 0.548084 -0.631826 -0.548086
vn 0.394211 -0.704641 -0.589981
vn 0.430627 -0.631826 -0.644481
vn 0.491724 -0.631826 -0.599169
vn 0.450142 -0.704641 -0.548501
vn 0.462881 -0.553022 -0.692754
vn 0.528555 -0.553021 -0.644048
vn 0.491724 -0.631826 -0.599169
vn 0.430627 -0.631826 -0.644481
vn 0.462881 -0.553022 -0.692754
vn 0.430627 -0.631826 -0.644481
vn 0.365383 -0.631826 -0.683587
vn 0.392751 -0.553021 -0.734789
vn 0.394211 -0.704641 -0.589981
vn 0.334485 -0.704641 -0.625781
vn 0.365383 -0.631826 -0.683587
vn 0.430627 -0.631826 -0.644481
vn 0.271537 -0.704641 -0.655552
vn 0.296620 -0.631827 -0.716109
vn 0.365383 -0.631826 -0.683587
vn 0.334485 -0.704641 -0.625781
vn 0.318838 -0.553022 -0.769746
vn 0.392751 -0.553021 -0.734789
vn 0.365383 -0.631826 -0.683587
vn 0.296620 -0.631827 -0.716109
vn 0.318838 -0.553022 -0.769746
vn 0.296620 -0.631827 -0.716109
vn 0.225001 -0.631826 -0.741735
vn 0.241854 -0.553021 -0.797292
vn 0.271537 -0.704641 -0.655552
vn 0.205974 -0.704641 -0.679011
vn 0.225001 -0.631826 -0.741735
vn 0.296620 -0.631827 -0.716109
vn 0.138428 -0.704641 -0.695930
vn 0.151215 -0.631826 -0.760217
vn 0.225001 -0.631826 -0.741735
vn 0.205974 -0.704641 -0.679011
vn 0.162541 -0.553022 -0.817158
vn 0.241854 -0.553021 -0.797292
vn 0.225001 -0.631826 -0.741735
vn 0.151215 -0.631826 -0.760217
vn 0.162541 -0.553022 -0.817158
vn 0.151215 -0.631826 -0.760217
vn 0.075973 -0.631826 -0.771378
vn 0.081664 -0.553021 -0.829156
vn 0.138428 -0.704641 -0.695930
vn 0.069549 -0.704641 -0.706148
vn 0.075973 -0.631826 -0.771378
vn 0.151215 -0.631826 -0.760217
vn -0.000001 -0.704641 -0.709564
vn -0.000001 -0.631826 -0.775110
vn 0.075973 -0.631826 -0.771378
vn 0.069549 -0.704641 -0.706148
vn -0.000001 -0.553022 -0.833167
vn 0.081664 -0.553021 -0.829156
vn 0.075973 -0.631826 -0.771378
vn -0.000001 -0.631826 -0.775110
vn -0.000001 -0.704641 -0.709564
vn -0.000001 -0.770764 -0.637120
vn -0.062449 -0.770764 -0.634053
vn -0.069550 -0.704641 -0.706147
vn 0.000000 -0.829523 -0.558473
vn -0.054740 -0.829523 -0.555783
vn -0.062449 -0.770764 -0.634053
vn -0.000001 -0.770764 -0.637120
vn -0.108953 -0.829523 -0.547742
vn -0.124296 -0.770764 -0.624878
vn -0.062449 -0.770764 -0.634053
vn -0.054740 -0.829523 -0.555783
vn -0.138429 -0.704641 -0.695930
vn -0.069550 -0.704641 -0.706147
vn -0.062449 -0.770764 -0.634053
vn -0.124296 -0.770764 -0.624878
vn -0.138429 -0.704641 -0.695930
vn -0.124296 -0.770764 -0.624878
vn -0.184946 -0.770764 -0.609686
vn -0.205976 -0.704641 -0.679011
vn -0.108953 -0.829523 -0.547742
vn -0.162116 -0.829523 -0.534425
vn -0.184946 -0.770764 -0.609686
vn -0.124296 -0.770764 -0.624878
vn -0.213718 -0.829522 -0.515962
vn -0.243815 -0.770764 -0.588623
vn -0.184946 -0.770764 -0.609686
vn -0.162116 -0.829523 -0.534425
vn -0.271538 -0.704641 -0.655551
vn -0.205976 -0.704641 -0.679011
vn -0.184946 -0.770764 -0.609686
vn -0.243815 -0.770764 -0.588623
vn -0.271538 -0.704641 -0.655551
vn -0.243815 -0.770764 -0.588623
vn -0.300336 -0.770764 -0.561890
vn -0.334486 -0.704641 -0.625780
vn -0.213718 -0.829522 -0.515962
vn -0.263262 -0.829523 -0.492529
vn -0.300336 -0.770764 -0.561890
vn -0.243815 -0.770764 -0.588623
vn -0.310271 -0.829522 -0.464354
vn -0.353965 -0.770764 -0.529746
vn -0.300336 -0.770764 -0.561890
vn -0.263262 -0.829523 -0.492529
vn -0.394213 -0.704641 -0.589981
vn -0.334486 -0.704641 -0.625780
vn -0.300336 -0.770764 -0.561890
vn -0.353965 -0.770764 -0.529746
vn -0.394213 -0.704641 -0.589981
vn -0.353965 -0.770764 -0.529746
vn -0.404185 -0.770764 -0.492501
vn -0.450143 -0.704641 -0.548501
vn -0.310271 -0.829522 -0.464354
vn -0.354291 -0.829523 -0.431705
vn -0.404185 -0.770764 -0.492501
vn -0.353965 -0.770764 -0.529746
vn -0.394900 -0.829523 -0.394900
vn -0.450512 -0.770764 -0.450512
vn -0.404185 -0.770764 -0.492501
vn -0.354291 -0.829523 -0.431705
vn -0.501737 -0.704641 -0.501737
vn -0.450143 -0.704641 -0.548501
vn -0.404185 -0.770764 -0.492501
vn -0.450512 -0.770764 -0.450512
vn -0.501737 -0.704641 -0.501737
vn -0.450512 -0.770764 -0.450512
vn -0.492501 -0.770764 -0.404185
vn -0.548501 -0.704641 -0.450143
vn -0.394900 -0.829523 -0.394900
vn -0.431705 -0.829523 -0.354291
vn -0.492501 -0.770764 -0.404185
vn -0.450512 -0.770764 -0.450512
vn -0.464353 -0.829523 -0.310271
vn -0.529746 -0.770764 -0.353965
vn -0.492501 -0.770764 -0.404185
vn -0.431705 -0.829523 -0.354291
vn -0.589981 -0.704641 -0.394213
vn -0.548501 -0.704641 -0.450143
vn -0.492501 -0.770764 -0.404185
vn -0.529746 -0.770764 -0.353965
vn -0.589981 -0.704641 -0.394213
vn -0.529746 -0.770764 -0.353965
vn -0.561890 -0.770764 -0.300337
vn -0.625780 -0.704641 -0.334486
vn -0.464353 -0.829523 -0.310271
vn -0.492529 -0.829523 -0.263262
vn -0.561890 -0.770764 -0.300337
vn -0.529746 -0.770764 -0.353965
vn -0.515962 -0.829522 -0.213718
vn -0.588623 -0.770764 -0.243815
vn -0.561890 -0.770764 -0.300337
vn -0.492529 -0.829523 -0.263262
vn -0.655552 -0.704641 -0.271538
vn -0.625780 -0.704641 -0.334486
vn -0.561890 -0.770764 -0.300337
vn -0.588623 -0.770764 -0.243815
vn -0.655552 -0.704641 -0.271538
vn -0.588623 -0.770764 -0.243815
vn -0.609686 -0.770764 -0.184946
vn -0.679011 -0.704641 -0.205975
vn -0.515962 -0.829522 -0.213718
vn -0.534425 -0.829523 -0.162116
vn -0.609686 -0.770764 -0.184946
vn -0.588623 -0.770764 -0.243815
vn -0.547742 -0.829523 -0.108953
vn -0.624878 -0.770764 -0.124296
vn -0.609686 -0.770764 -0.184946
vn -0.534425 -0.829523 -0.162116
vn -0.695930 -0.704641 -0.138429
vn -0.679011 -0.704641 -0.205975
vn -0.609686 -0.770764 -0.184946
vn -0.624878 -0.770764 -0.124296
vn -0.695930 -0.704641 -0.138429
vn -0.624878 -0.770764 -0.124296
vn -0.634053 -0.770764 -0.062449
vn -0.706148 -0.704641 -0.069549
vn -0.547742 -0.829523 -0.108953
vn -0.555783 -0.829523 -0.054740
vn -0.634053 -0.770764 -0.062449
vn -0.624878 -0.770764 -0.124296
vn -0.558473 -0.829523 0.000000
vn -0.637120 -0.770764 0.000000
vn -0.634053 -0.770764 -0.062449
vn -0.555783 -0.829523 -0.054740
vn -0.709564 -0.704641 0.000000
vn -0.706148 -0.704641 -0.069549
vn -0.634053 -0.770764 -0.062449
vn -0.637120 -0.770764 0.000000
vn -0.709564 -0.704641 0.000000
vn -0.637120 -0.770764 0.000000
vn -0.634053 -0.770764 0.062449
vn -0.706148 -0.704641 0.069550
vn -0.558473 -0.829523 0.000000
vn -0.555783 -0.829523 0.054740
vn -0.634053 -0.770764 0.062449
vn -0.637120 -0.770764 0.000000
vn -0.547742 -0.829523 0.108953
vn -0.624878 -0.770764 0.124296
vn -0.634053 -0.770764 0.062449
vn -0.555783 -0.829523 0.054740
vn -0.695930 -0.704641 0.138429
vn -0.706148 -0.704641 0.069550
vn -0.634053 -0.770764 0.062449
vn -0.624878 -0.770764 0.124296
vn -0.695930 -0.704641 0.138429
vn -0.624878 -0.770764 0.124296
vn -0.609686 -0.770764 0.184947
vn -0.679011 -0.704641 0.205976
vn -0.547742 -0.829523 0.108953
vn -0.534425 -0.829523 0.162116
vn -0.609686 -0.770764 0.184947
vn -0.624878 -0.770764 0.124296
vn -0.515962 -0.829523 0.213719
vn -0.588623 -0.770764 0.243816
vn -0.609686 -0.770764 0.184947
vn -0.534425 -0.829523 0.162116
vn -0.655551 -0.704641 0.271539
vn -0.679011 -0.704641 0.205976
vn -0.609686 -0.770764 0.184947
vn -0.588623 -0.770764 0.243816
vn -0.655551 -0.704641 0.271539
vn -0.588623 -0.770764 0.243816
vn -0.561890 -0.770764 0.300337
vn -0.625780 -0.704641 0.334487
vn -0.515962 -0.829523 0.213719
vn -0.492529 -0.829523 0.263263
vn -0.561890 -0.770764 0.300337
vn -0.588623 -0.770764 0.243816
vn -0.464353 -0.829523 0.310271
vn -0.529746 -0.770764 0.353965
vn -0.561890 -0.770764 0.300337
vn -0.492529 -0.829523 0.263263
vn -0.589980 -0.704641 0.394213
vn -0.625780 -0.704641 0.334487
vn -0.561890 -0.770764 0.300337
vn -0.529746 -0.770764 0.353965
vn -0.589980 -0.704641 0.394213
vn -0.529746 -0.770764 0.353965
vn -0.492501 -0.770764 0.404185
vn -0.548500 -0.704641 0.450143
vn -0.464353 -0.829523 0.310271
vn -0.431705 -0.829523 0.354291
vn -0.492501 -0.770764 0.404185
vn -0.529746 -0.770764 0.353965
vn -0.394900 -0.829523 0.394900
vn -0.450512 -0.770764 0.450512
vn -0.492501 -0.770764 0.404185
vn -0.431705 -0.829523 0.354291
vn -0.501737 -0.704641 0.501738
vn -0.548500 -0.704641 0.450143
vn -0.492501 -0.770764 0.404185
vn -0.450512 -0.770764 0.450512
vn -0.501737 -0.704641 0.501738
vn -0.450512 -0.770764 0.450512
vn -0.404185 -0.770764 0.492501
vn -0.450143 -0.704641 0.548501
vn -0.394900 -0.829523 0.394900
vn -0.354291 -0.829523 0.431705
vn -0.404185 -0.770764 0.492501
vn -0.450512 -0.770764 0.450512
vn -0.310271 -0.829522 0.464354
vn -0.353965 -0.770764 0.529747
vn -0.404185 -0.770764 0.492501
vn -0.354291 -0.829523 0.431705
vn -0.394212 -0.704641 0.589981
vn -0.450143 -0.704641 0.548501
vn -0.404185 -0.770764 0.492501
vn -0.353965 -0.770764 0.529747
vn -0.394212 -0.704641 0.589981
vn -0.353965 -0.770764 0.529747
vn -0.300336 -0.770764 0.561890
vn -0.334486 -0.704641 0.625780
vn -0.310271 -0.829522 0.464354
vn -0.263262 -0.829523 0.492529
vn -0.300336 -0.770764 0.561890
vn -0.353965 -0.770764 0.529747
vn -0.213718 -0.829523 0.515962
vn -0.243815 -0.770764 0.588623
vn -0.300336 -0.770764 0.561890
vn -0.263262 -0.829523 0.492529
vn -0.271538 -0.704641 0.655552
vn -0.334486 -0.704641 0.625780
vn -0.300336 -0.770764 0.561890
vn -0.243815 -0.770764 0.588623
vn -0.271538 -0.704641 0.655552
vn -0.243815 -0.770764 0.588623
vn -0.184946 -0.770764 0.609686
vn -0.205975 -0.704641 0.679011
vn -0.213718 -0.829523 0.515962
vn -0.162116 -0.829523 0.534425
vn -0.184946 -0.770764 0.609686
vn -0.243815 -0.770764 0.588623
vn -0.108952 -0.829523 0.547742
vn -0.124295 -0.770764 0.624878
vn -0.184946 -0.770764 0.609686
vn -0.162116 -0.829523 0.534425
vn -0.138428 -0.704641 0.695930
vn -0.205975 -0.704641 0.679011
vn -0.184946 -0.770764 0.609686
vn -0.124295 -0.770764 0.624878
vn -0.138428 -0.704641 0.695930
vn -0.124295 -0.770764 0.624878
vn -0.062448 -0.770764 0.634053
vn -0.069549 -0.704641 0.706148
vn -0.108952 -0.829523 0.547742
vn -0.054739 -0.829523 0.555783
vn -0.062448 -0.770764 0.634053
vn -0.124295 -0.770764 0.624878
vn 0.000001 -0.829523 0.558473
vn 0.000000 -0.770764 0.637120
vn -0.062448 -0.770764 0.634053
vn -0.054739 -0.829523 0.555783
vn 0.000001 -0.704641 0.709564
vn -0.069549 -0.704641 0.706148
vn -0.062448 -0.770764 0.634053
vn 0.000000 -0.770764 0.637120
vn 0.000001 -0.704641 0.709564
vn 0.000000 -0.770764 0.637120
vn 0.062449 -0.770764 0.634052
vn 0.069550 -0.704641 0.706147
vn 0.000001 -0.829523 0.558473
vn 0.054740 -0.829523 0.555783
vn 0.062449 -0.770764 0.634052
vn 0.000000 -0.770764 0.637120
vn 0.108953 -0.829523 0.547742
vn 0.124297 -0.770764 0.624878
vn 0.062449 -0.770764 0.634052
vn 0.054740 -0.829523 0.555783
vn 0.138430 -0.704641 0.695930
vn 0.069550 -0.704641 0.706147
vn 0.062449 -0.770764 0.634052
vn 0.124297 -0.770764 0.624878
vn 0.138430 -0.704641 0.695930
vn 0.124297 -0.770764 0.624878
vn 0.184947 -0.770764 0.609686
vn 0.205977 -0.704641 0.679010
vn 0.108953 -0.829523 0.547742
vn 0.162117 -0.829523 0.534425
vn 0.184947 -0.770764 0.609686
vn 0.124297 -0.770764 0.624878
vn 0.213719 -0.829523 0.515962
vn 0.243816 -0.770764 0.588622
vn 0.184947 -0.770764 0.609686
vn 0.162117 -0.829523 0.534425
vn 0.271539 -0.704641 0.655551
vn 0.205977 -0.704641 0.679010
vn 0.184947 -0.770764 0.609686
vn 0.243816 -0.770764 0.588622
vn 0.271539 -0.704641 0.655551
vn 0.243816 -0.770764 0.588622
vn 0.300337 -0.770764 0.561890
vn 0.334487 -0.704641 0.625780
vn 0.213719 -0.829523 0.515962
vn 0.263263 -0.829523 0.492529
vn 0.300337 -0.770764 0.561890
vn 0.243816 -0.770764 0.588622
vn 0.310272 -0.829523 0.464353
vn 0.353966 -0.770764 0.529746
vn 0.300337 -0.770764 0.561890
vn 0.263263 -0.829523 0.492529
vn 0.394213 -0.704641 0.589980
vn 0.334487 -0.704641 0.625780
vn 0.300337 -0.770764 0.561890
vn 0.353966 -0.770764 0.529746
vn 0.394213 -0.704641 0.589980
vn 0.353966 -0.770764 0.529746
vn 0.404186 -0.770764 0.492500
vn 0.450144 -0.704641 0.548500
vn 0.310272 -0.829523 0.464353
vn 0.354292 -0.829523 0.431705
vn 0.404186 -0.770764 0.492500
vn 0.353966 -0.770764 0.529746
vn 0.394901 -0.829522 0.394900
vn 0.450513 -0.770764 0.450512
vn 0.404186 -0.770764 0.492500
vn 0.354292 -0.829523 0.431705
vn 0.501738 -0.704641 0.501737
vn 0.450144 -0.704641 0.548500
vn 0.404186 -0.770764 0.492500
vn 0.450513 -0.770764 0.450512
vn 0.501738 -0.704641 0.501737
vn 0.450513 -0.770764 0.450512
vn 0.492501 -0.770764 0.404184
vn 0.548501 -0.704641 0.450142
vn 0.394901 -0.829522 0.394900
vn 0.431706 -0.829523 0.354291
vn 0.492501 -0.770764 0.404184
vn 0.450513 -0.770764 0.450512
vn 0.464354 -0.829523 0.310270
vn 0.529747 -0.770764 0.353964
vn 0.492501 -0.770764 0.404184
vn 0.431706 -0.829523 0.354291
vn 0.589981 -0.704641 0.394212
vn 0.548501 -0.704641 0.450142
vn 0.492501 -0.770764 0.404184
vn 0.529747 -0.770764 0.353964
vn 0.589981 -0.704641 0.394212
vn 0.529747 -0.770764 0.353964
vn 0.561891 -0.770764 0.300336
vn 0.625780 -0.704641 0.334485
vn 0.464354 -0.829523 0.310270
vn 0.492529 -0.829523 0.263261
vn 0.561891 -0.770764 0.300336
vn 0.529747 -0.770764 0.353964
vn 0.515962 -0.829523 0.213717
vn 0.588623 -0.770764 0.243814
vn 0.561891 -0.770764 0.300336
vn 0.492529 -0.829523 0.263261
vn 0.655552 -0.704641 0.271537
vn 0.625780 -0.704641 0.334485
vn 0.561891 -0.770764 0.300336
vn 0.588623 -0.770764 0.243814
vn 0.655552 -0.704641 0.271537
vn 0.588623 -0.770764 0.243814
vn 0.609687 -0.770764 0.184945
vn 0.679011 -0.704641 0.205974
vn 0.515962 -0.829523 0.213717
vn 0.534425 -0.829523 0.162115
vn 0.609687 -0.770764 0.184945
vn 0.588623 -0.770764 0.243814
vn 0.547742 -0.829523 0.108952
vn 0.624879 -0.770764 0.124295
vn 0.609687 -0.770764 0.184945
vn 0.534425 -0.829523 0.162115
vn 0.695930 -0.704641 0.138428
vn 0.679011 -0.704641 0.205974
vn 0.609687 -0.770764 0.184945
vn 0.624879 -0.770764 0.124295
vn 0.695930 -0.704641 0.138428
vn 0.624879 -0.770764 0.124295
vn 0.634053 -0.770764 0.062448
vn 0.706148 -0.704641 0.069549
vn 0.547742 -0.829523 0.108952
vn 0.555783 -0.829523 0.054739
vn 0.634053 -0.770764 0.062448
vn 0.624879 -0.770764 0.124295
vn 0.558473 -0.829523 -0.000001
vn 0.637120 -0.770764 -0.000001
vn 0.634053 -0.770764 0.062448
vn 0.555783 -0.829523 0.054739
vn 0.709564 -0.704641 -0.000001
vn 0.706148 -0.704641 0.069549
vn 0.634053 -0.770764 0.062448
vn 0.637120 -0.770764 -0.000001
vn 0.709564 -0.704641 -0.000001
vn 0.637120 -0.770764 -0.000001
vn 0.634052 -0.770764 -0.062450
vn 0.706147 -0.704641 -0.069551
vn 0.558473 -0.829523 -0.000001
vn 0.555783 -0.829523 -0.054741
vn 0.634052 -0.770764 -0.062450
vn 0.637120 -0.770764 -0.000001
vn 0.547742 -0.829523 -0.108954
vn 0.624878 -0.770764 -0.124297
vn 0.634052 -0.770764 -0.062450
vn 0.555783 -0.829523 -0.054741
vn 0.695930 -0.704641 -0.138430
vn 0.706147 -0.704641 -0.069551
vn 0.634052 -0.770764 -0.062450
vn 0.624878 -0.770764 -0.124297
vn 0.695930 -0.704641 -0.138430
vn 0.624878 -0.770764 -0.124297
vn 0.609686 -0.770764 -0.184947
vn 0.679010 -0.704641 -0.205977
vn 0.547742 -0.829523 -0.108954
vn 0.534425 -0.829523 -0.162117
vn 0.609686 -0.770764 -0.184947
vn 0.624878 -0.770764 -0.124297
vn 0.515962 -0.829523 -0.213719
vn 0.588622 -0.770764 -0.243816
vn 0.609686 -0.770764 -0.184947
vn 0.534425 -0.829523 -0.162117
vn 0.655551 -0.704641 -0.271540
vn 0.679010 -0.704641 -0.205977
vn 0.609686 -0.770764 -0.184947
vn 0.588622 -0.770764 -0.243816
vn 0.655551 -0.704641 -0.271540
vn 0.588622 -0.770764 -0.243816
vn 0.561890 -0.770764 -0.300337
vn 0.625779 -0.704641 -0.334487
vn 0.515962 -0.829523 -0.213719
vn 0.492528 -0.829523 -0.263263
vn 0.561890 -0.770764 -0.300337
vn 0.588622 -0.770764 -0.243816
vn 0.464353 -0.829523 -0.310272
vn 0.529746 -0.770764 -0.353966
vn 0.561890 -0.770764 -0.300337
vn 0.492528 -0.829523 -0.263263
vn 0.589980 -0.704641 -0.394214
vn 0.625779 -0.704641 -0.334487
vn 0.561890 -0.770764 -0.300337
vn 0.529746 -0.770764 -0.353966
vn 0.589980 -0.704641 -0.394214
vn 0.529746 -0.770764 -0.353966
vn 0.492500 -0.770764 -0.404186
vn 0.548500 -0.704641 -0.450144
vn 0.464353 -0.829523 -0.310272
vn 0.431704 -0.829523 -0.354292
vn 0.492500 -0.770764 -0.404186
vn 0.529746 -0.770764 -0.353966
vn 0.394899 -0.829523 -0.394901
vn 0.450511 -0.770764 -0.450513
vn 0.492500 -0.770764 -0.404186
vn 0.431704 -0.829523 -0.354292
vn 0.501736 -0.704641 -0.501738
vn 0.548500 -0.704641 -0.450144
vn 0.492500 -0.770764 -0.404186
vn 0.450511 -0.770764 -0.450513
vn 0.501736 -0.704641 -0.501738
vn 0.450511 -0.770764 -0.450513
vn 0.404184 -0.770764 -0.492502
vn 0.450142 -0.704641 -0.548501
vn 0.394899 -0.829523 -0.394901
vn 0.354290 -0.829523 -0.431706
vn 0.404184 -0.770764 -0.492502
vn 0.450511 -0.770764 -0.450513
vn 0.310270 -0.829522 -0.464354
vn 0.353964 -0.770764 -0.529747
vn 0.404184 -0.770764 -0.492502
vn 0.354290 -0.829523 -0.431706
vn 0.394211 -0.704641 -0.589981
vn 0.450142 -0.704641 -0.548501
vn 0.404184 -0.770764 -0.492502
vn 0.353964 -0.770764 -0.529747
vn 0.394211 -0.704641 -0.589981
vn 0.353964 -0.770764 -0.529747
vn 0.300335 -0.770764 -0.561891
vn 0.334485 -0.704641 -0.625781
vn 0.310270 -0.829522 -0.464354
vn 0.263261 -0.829523 -0.492529
vn 0.300335 -0.770764 -0.561891
vn 0.353964 -0.770764 -0.529747
vn 0.213717 -0.829523 -0.515962
vn 0.243814 -0.770764 -0.588623
vn 0.300335 -0.770764 -0.561891
vn 0.263261 -0.829523 -0.492529
vn 0.271537 -0.704641 -0.655552
vn 0.334485 -0.704641 -0.625781
vn 0.300335 -0.770764 -0.561891
vn 0.243814 -0.770764 -0.588623
vn 0.271537 -0.704641 -0.655552
vn 0.243814 -0.770764 -0.588623
vn 0.184945 -0.770764 -0.609687
vn 0.205974 -0.704641 -0.679011
vn 0.213717 -0.829523 -0.515962
vn 0.162115 -0.829523 -0.534425
vn 0.184945 -0.770764 -0.609687
vn 0.243814 -0.770764 -0.588623
vn 0.108952 -0.829523 -0.547742
vn 0.124295 -0.770764 -0.624879
vn 0.184945 -0.770764 -0.609687
vn 0.162115 -0.829523 -0.534425
vn 0.138428 -0.704641 -0.695930
vn 0.205974 -0.704641 -0.679011
vn 0.184945 -0.770764 -0.609687
vn 0.124295 -0.770764 -0.624879
vn 0.138428 -0.704641 -0.695930
vn 0.124295 -0.770764 -0.624879
vn 0.062448 -0.770764 -0.634053
vn 0.069549 -0.704641 -0.706148
vn 0.108952 -0.829523 -0.547742
vn 0.054739 -0.829523 -0.555783
vn 0.062448 -0.770764 -0.634053
vn 0.124295 -0.770764 -0.624879
vn 0.000000 -0.829523 -0.558473
vn -0.000001 -0.770764 -0.637120
vn 0.062448 -0.770764 -0.634053
vn 0.054739 -0.829523 -0.555783
vn -0.000001 -0.704641 -0.709564
vn 0.069549 -0.704641 -0.706148
vn 0.062448 -0.770764 -0.634053
vn -0.000001 -0.770764 -0.637120
vn 0.000000 -0.829523 -0.558473
vn 0.000000 -0.880338 -0.474347
vn -0.046494 -0.880339 -0.472061
vn -0.054740 -0.829523 -0.555783
vn 0.000000 -0.922680 -0.385567
vn -0.037792 -0.922681 -0.383708
vn -0.046494 -0.880339 -0.472061
vn 0.000000 -0.880338 -0.474347
vn -0.075220 -0.922680 -0.378158
vn -0.092540 -0.880338 -0.465232
vn -0.046494 -0.880339 -0.472061
vn -0.037792 -0.922681 -0.383708
vn -0.108953 -0.829523 -0.547742
vn -0.054740 -0.829523 -0.555783
vn -0.046494 -0.880339 -0.472061
vn -0.092540 -0.880338 -0.465232
vn -0.108953 -0.829523 -0.547742
vn -0.092540 -0.880338 -0.465232
vn -0.137695 -0.880339 -0.453920
vn -0.162116 -0.829523 -0.534425
vn -0.075220 -0.922680 -0.378158
vn -0.111923 -0.922681 -0.368962
vn -0.137695 -0.880339 -0.453920
vn -0.092540 -0.880338 -0.465232
vn -0.147550 -0.922680 -0.356217
vn -0.181525 -0.880338 -0.438239
vn -0.137695 -0.880339 -0.453920
vn -0.111923 -0.922681 -0.368962
vn -0.213718 -0.829522 -0.515962
vn -0.162116 -0.829523 -0.534425
vn -0.137695 -0.880339 -0.453920
vn -0.181525 -0.880338 -0.438239
vn -0.213718 -0.829522 -0.515962
vn -0.181525 -0.880338 -0.438239
vn -0.223605 -0.880339 -0.418335
vn -0.263262 -0.829523 -0.492529
vn -0.147550 -0.922680 -0.356217
vn -0.181754 -0.922681 -0.340037
vn -0.223605 -0.880339 -0.418335
vn -0.181525 -0.880338 -0.438239
vn -0.214209 -0.922680 -0.320587
vn -0.263533 -0.880338 -0.394405
vn -0.223605 -0.880339 -0.418335
vn -0.181754 -0.922681 -0.340037
vn -0.310271 -0.829522 -0.464354
vn -0.263262 -0.829523 -0.492529
vn -0.223605 -0.880339 -0.418335
vn -0.263533 -0.880338 -0.394405
vn -0.310271 -0.829522 -0.464354
vn -0.263533 -0.880338 -0.394405
vn -0.300922 -0.880339 -0.366674
vn -0.354291 -0.829523 -0.431705
vn -0.214209 -0.922680 -0.320587
vn -0.244599 -0.922681 -0.298045
vn -0.300922 -0.880339 -0.366674
vn -0.263533 -0.880338 -0.394405
vn -0.272637 -0.922680 -0.272637
vn -0.335414 -0.880338 -0.335414
vn -0.300922 -0.880339 -0.366674
vn -0.244599 -0.922681 -0.298045
vn -0.394900 -0.829523 -0.394900
vn -0.354291 -0.829523 -0.431705
vn -0.300922 -0.880339 -0.366674
vn -0.335414 -0.880338 -0.335414
vn -0.394900 -0.829523 -0.394900
vn -0.335414 -0.880338 -0.335414
vn -0.366674 -0.880339 -0.300922
vn -0.431705 -0.829523 -0.354291
vn -0.272637 -0.922680 -0.272637
vn -0.298045 -0.922681 -0.244599
vn -0.366674 -0.880339 -0.300922
vn -0.335414 -0.880338 -0.335414
vn -0.320587 -0.922680 -0.214210
vn -0.394405 -0.880338 -0.263533
vn -0.366674 -0.880339 -0.300922
vn -0.298045 -0.922681 -0.244599
vn -0.464353 -0.829523 -0.310271
vn -0.431705 -0.829523 -0.354291
vn -0.366674 -0.880339 -0.300922
vn -0.394405 -0.880338 -0.263533
vn -0.464353 -0.829523 -0.310271
vn -0.394405 -0.880338 -0.263533
vn -0.418335 -0.880339 -0.223605
vn -0.492529 -0.829523 -0.263262
vn -0.320587 -0.922680 -0.214210
vn -0.340037 -0.922681 -0.181754
vn -0.418335 -0.880339 -0.223605
vn -0.394405 -0.880338 -0.263533
vn -0.356217 -0.922680 -0.147550
vn -0.438239 -0.880338 -0.181525
vn -0.418335 -0.880339 -0.223605
vn -0.340037 -0.922681 -0.181754
vn -0.515962 -0.829522 -0.213718
vn -0.492529 -0.829523 -0.263262
vn -0.418335 -0.880339 -0.223605
vn -0.438239 -0.880338 -0.181525
vn -0.515962 -0.829522 -0.213718
vn -0.438239 -0.880338 -0.181525
vn -0.453920 -0.880339 -0.137695
vn -0.534425 -0.829523 -0.162116
vn -0.356217 -0.922680 -0.147550
vn -0.368962 -0.922681 -0.111923
vn -0.453920 -0.880339 -0.137695
vn -0.438239 -0.880338 -0.181525
vn -0.378158 -0.922680 -0.075220
vn -0.465232 -0.880338 -0.092540
vn -0.453920 -0.880339 -0.137695
vn -0.368962 -0.922681 -0.111923
vn -0.547742 -0.829523 -0.108953
vn -0.534425 -0.829523 -0.162116
vn -0.453920 -0.880339 -0.137695
vn -0.465232 -0.880338 -0.092540
vn -0.547742 -0.829523 -0.108953
vn -0.465232 -0.880338 -0.092540
vn -0.472061 -0.880339 -0.046494
vn -0.555783 -0.829523 -0.054740
vn -0.378158 -0.922680 -0.075220
vn -0.383708 -0.922681 -0.037792
vn -0.472061 -0.880339 -0.046494
vn -0.465232 -0.880338 -0.092540
vn -0.385567 -0.922680 0.000000
vn -0.474347 -0.880338 0.000000
vn -0.472061 -0.880339 -0.046494
vn -0.383708 -0.922681 -0.037792
vn -0.558473 -0.829523 0.000000
vn -0.555783 -0.829523 -0.054740
vn -0.472061 -0.880339 -0.046494
vn -0.474347 -0.880338 0.000000
vn -0.558473 -0.829523 0.000000
vn -0.474347 -0.880338 0.000000
vn -0.472061 -0.880339 0.046494
vn -0.555783 -0.829523 0.054740
vn -0.385567 -0.922680 0.000000
vn -0.383708 -0.922681 0.037792
vn -0.472061 -0.880339 0.046494
vn -0.474347 -0.880338 0.000000
vn -0.378158 -0.922680 0.075221
vn -0.465232 -0.880338 0.092541
vn -0.472061 -0.880339 0.046494
vn -0.383708 -0.922681 0.037792
vn -0.547742 -0.829523 0.108953
vn -0.555783 -0.829523 0.054740
vn -0.472061 -0.880339 0.046494
vn -0.465232 -0.880338 0.092541
vn -0.547742 -0.829523 0.108953
vn -0.465232 -0.880338 0.092541
vn -0.453920 -0.880339 0.137695
vn -0.534425 -0.829523 0.162116
vn -0.378158 -0.922680 0.075221
vn -0.368962 -0.922681 0.111924
vn -0.453920 -0.880339 0.137695
vn -0.465232 -0.880338 0.092541
vn -0.356217 -0.922680 0.147550
vn -0.438239 -0.880338 0.181525
vn -0.453920 -0.880339 0.137695
vn -0.368962 -0.922681 0.111924
vn -0.515962 -0.829523 0.213719
vn -0.534425 -0.829523 0.162116
vn -0.453920 -0.880339 0.137695
vn -0.438239 -0.880338 0.181525
vn -0.515962 -0.829523 0.213719
vn -0.438239 -0.880338 0.181525
vn -0.418335 -0.880339 0.223605
vn -0.492529 -0.829523 0.263263
vn -0.356217 -0.922680 0.147550
vn -0.340037 -0.922681 0.181754
vn -0.418335 -0.880339 0.223605
vn -0.438239 -0.880338 0.181525
vn -0.320587 -0.922680 0.214210
vn -0.394405 -0.880338 0.263533
vn -0.418335 -0.880339 0.223605
vn -0.340037 -0.922681 0.181754
vn -0.464353 -0.829523 0.310271
vn -0.492529 -0.829523 0.263263
vn -0.418335 -0.880339 0.223605
vn -0.394405 -0.880338 0.263533
vn -0.464353 -0.829523 0.310271
vn -0.394405 -0.880338 0.263533
vn -0.366674 -0.880339 0.300922
vn -0.431705 -0.829523 0.354291
vn -0.320587 -0.922680 0.214210
vn -0.298045 -0.922681 0.244600
vn -0.366674 -0.880339 0.300922
vn -0.394405 -0.880338 0.263533
vn -0.272637 -0.922680 0.272637
vn -0.335414 -0.880338 0.335414
vn -0.366674 -0.880339 0.300922
vn -0.298045 -0.922681 0.244600
vn -0.394900 -0.829523 0.394900
vn -0.431705 -0.829523 0.354291
vn -0.366674 -0.880339 0.300922
vn -0.335414 -0.880338 0.335414
vn -0.394900 -0.829523 0.394900
vn -0.335414 -0.880338 0.335414
vn -0.300921 -0.880339 0.366674
vn -0.354291 -0.829523 0.431705
vn -0.272637 -0.922680 0.272637
vn -0.244599 -0.922681 0.298045
vn -0.300921 -0.880339 0.366674
vn -0.335414 -0.880338 0.335414
vn -0.214209 -0.922680 0.320587
vn -0.263533 -0.880338 0.394405
vn -0.300921 -0.880339 0.366674
vn -0.244599 -0.922681 0.298045
vn -0.310271 -0.829522 0.464354
vn -0.354291 -0.829523 0.431705
vn -0.300921 -0.880339 0.366674
vn -0.263533 -0.880338 0.394405
vn -0.310271 -0.829522 0.464354
vn -0.263533 -0.880338 0.394405
vn -0.223605 -0.880339 0.418335
vn -0.263262 -0.829523 0.492529
vn -0.214209 -0.922680 0.320587
vn -0.181753 -0.922681 0.340037
vn -0.223605 -0.880339 0.418335
vn -0.263533 -0.880338 0.394405
vn -0.147550 -0.922680 0.356217
vn -0.181524 -0.880338 0.438239
vn -0.223605 -0.880339 0.418335
vn -0.181753 -0.922681 0.340037
vn -0.213718 -0.829523 0.515962
vn -0.263262 -0.829523 0.492529
vn -0.223605 -0.880339 0.418335
vn -0.181524 -0.880338 0.438239
vn -0.213718 -0.829523 0.515962
vn -0.181524 -0.880338 0.438239
vn -0.137695 -0.880339 0.453920
vn -0.162116 -0.829523 0.534425
vn -0.147550 -0.922680 0.356217
vn -0.111923 -0.922681 0.368962
vn -0.137695 -0.880339 0.453920
vn -0.181524 -0.880338 0.438239
vn -0.075220 -0.922680 0.378158
vn -0.092540 -0.880338 0.465232
vn -0.137695 -0.880339 0.453920
vn -0.111923 -0.922681 0.368962
vn -0.108952 -0.829523 0.547742
vn -0.162116 -0.829523 0.534425
vn -0.137695 -0.880339 0.453920
vn -0.092540 -0.880338 0.465232
vn -0.108952 -0.829523 0.547742
vn -0.092540 -0.880338 0.465232
vn -0.046494 -0.880339 0.472061
vn -0.054739 -0.829523 0.555783
vn -0.075220 -0.922680 0.378158
vn -0.037792 -0.922681 0.383708
vn -0.046494 -0.880339 0.472061
vn -0.092540 -0.880338 0.465232
vn 0.000000 -0.922680 0.385567
vn 0.000001 -0.880338 0.474347
vn -0.046494 -0.880339 0.472061
vn -0.037792 -0.922681 0.383708
vn 0.000001 -0.829523 0.558473
vn -0.054739 -0.829523 0.555783
vn -0.046494 -0.880339 0.472061
vn 0.000001 -0.880338 0.474347
vn 0.000001 -0.829523 0.558473
vn 0.000001 -0.880338 0.474347
vn 0.046494 -0.880339 0.472061
vn 0.054740 -0.829523 0.555783
vn 0.000000 -0.922680 0.385567
vn 0.037792 -0.922681 0.383708
vn 0.046494 -0.880339 0.472061
vn 0.000001 -0.880338 0.474347
vn 0.075221 -0.922680 0.378158
vn 0.092541 -0.880338 0.465232
vn 0.046494 -0.880339 0.472061
vn 0.037792 -0.922681 0.383708
vn 0.108953 -0.829523 0.547742
vn 0.054740 -0.829523 0.555783
vn 0.046494 -0.880339 0.472061
vn 0.092541 -0.880338 0.465232
vn 0.108953 -0.829523 0.547742
vn 0.092541 -0.880338 0.465232
vn 0.137696 -0.880339 0.453920
vn 0.162117 -0.829523 0.534425
vn 0.075221 -0.922680 0.378158
vn 0.111924 -0.922681 0.368962
vn 0.137696 -0.880339 0.453920
vn 0.092541 -0.880338 0.465232
vn 0.147550 -0.922680 0.356217
vn 0.181525 -0.880338 0.438239
vn 0.137696 -0.880339 0.453920
vn 0.111924 -0.922681 0.368962
vn 0.213719 -0.829523 0.515962
vn 0.162117 -0.829523 0.534425
vn 0.137696 -0.880339 0.453920
vn 0.181525 -0.880338 0.438239
vn 0.213719 -0.829523 0.515962
vn 0.181525 -0.880338 0.438239
vn 0.223605 -0.880339 0.418335
vn 0.263263 -0.829523 0.492529
vn 0.147550 -0.922680 0.356217
vn 0.181754 -0.922681 0.340037
vn 0.223605 -0.880339 0.418335
vn 0.181525 -0.880338 0.438239
vn 0.214210 -0.922680 0.320587
vn 0.263533 -0.880338 0.394405
vn 0.223605 -0.880339 0.418335
vn 0.181754 -0.922681 0.340037
vn 0.310272 -0.829523 0.464353
vn 0.263263 -0.829523 0.492529
vn 0.223605 -0.880339 0.418335
vn 0.263533 -0.880338 0.394405
vn 0.310272 -0.829523 0.464353
vn 0.263533 -0.880338 0.394405
vn 0.300922 -0.880339 0.366674
vn 0.354292 -0.829523 0.431705
vn 0.214210 -0.922680 0.320587
vn 0.244600 -0.922681 0.298045
vn 0.300922 -0.880339 0.366674
vn 0.263533 -0.880338 0.394405
vn 0.272637 -0.922680 0.272637
vn 0.335414 -0.880338 0.335413
vn 0.300922 -0.880339 0.366674
vn 0.244600 -0.922681 0.298045
vn 0.394901 -0.829522 0.394900
vn 0.354292 -0.829523 0.431705
vn 0.300922 -0.880339 0.366674
vn 0.335414 -0.880338 0.335413
vn 0.394901 -0.829522 0.394900
vn 0.335414 -0.880338 0.335413
vn 0.366674 -0.880339 0.300921
vn 0.431706 -0.829523 0.354291
vn 0.272637 -0.922680 0.272637
vn 0.298046 -0.922681 0.244599
vn 0.366674 -0.880339 0.300921
vn 0.335414 -0.880338 0.335413
vn 0.320587 -0.922680 0.214209
vn 0.394405 -0.880338 0.263532
vn 0.366674 -0.880339 0.300921
vn 0.298046 -0.922681 0.244599
vn 0.464354 -0.829523 0.310270
vn 0.431706 -0.829523 0.354291
vn 0.366674 -0.880339 0.300921
vn 0.394405 -0.880338 0.263532
vn 0.464354 -0.829523 0.310270
vn 0.394405 -0.880338 0.263532
vn 0.418335 -0.880339 0.223604
vn 0.492529 -0.829523 0.263261
vn 0.320587 -0.922680 0.214209
vn 0.340038 -0.922681 0.181753
vn 0.418335 -0.880339 0.223604
vn 0.394405 -0.880338 0.263532
vn 0.356218 -0.922680 0.147549
vn 0.438240 -0.880338 0.181524
vn 0.418335 -0.880339 0.223604
vn 0.340038 -0.922681 0.181753
vn 0.515962 -0.829523 0.213717
vn 0.492529 -0.829523 0.263261
vn 0.418335 -0.880339 0.223604
vn 0.438240 -0.880338 0.181524
vn 0.515962 -0.829523 0.213717
vn 0.438240 -0.880338 0.181524
vn 0.453920 -0.880339 0.137694
vn 0.534425 -0.829523 0.162115
vn 0.356218 -0.922680 0.147549
vn 0.368962 -0.922681 0.111923
vn 0.453920 -0.880339 0.137694
vn 0.438240 -0.880338 0.181524
vn 0.378158 -0.922680 0.075220
vn 0.465233 -0.880338 0.092540
vn 0.453920 -0.880339 0.137694
vn 0.368962 -0.922681 0.111923
vn 0.547742 -0.829523 0.108952
vn 0.534425 -0.829523 0.162115
vn 0.453920 -0.880339 0.137694
vn 0.465233 -0.880338 0.092540
vn 0.547742 -0.829523 0.108952
vn 0.465233 -0.880338 0.092540
vn 0.472061 -0.880339 0.046493
vn 0.555783 -0.829523 0.054739
vn 0.378158 -0.922680 0.075220
vn 0.383708 -0.922681 0.037791
vn 0.472061 -0.880339 0.046493
vn 0.465233 -0.880338 0.092540
vn 0.385567 -0.922680 -0.000001
vn 0.474347 -0.880338 -0.000001
vn 0.472061 -0.880339 0.046493
vn 0.383708 -0.922681 0.037791
vn 0.558473 -0.829523 -0.000001
vn 0.555783 -0.829523 0.054739
vn 0.472061 -0.880339 0.046493
vn 0.474347 -0.880338 -0.000001
vn 0.558473 -0.829523 -0.000001
vn 0.474347 -0.880338 -0.000001
vn 0.472061 -0.880339 -0.046495
vn 0.555783 -0.829523 -0.054741
vn 0.385567 -0.922680 -0.000001
vn 0.383708 -0.922681 -0.037793
vn 0.472061 -0.880339 -0.046495
vn 0.474347 -0.880338 -0.000001
vn 0.378158 -0.922680 -0.075221
vn 0.465232 -0.880338 -0.092541
vn 0.472061 -0.880339 -0.046495
vn 0.383708 -0.922681 -0.037793
vn 0.547742 -0.829523 -0.108954
vn 0.555783 -0.829523 -0.054741
vn 0.472061 -0.880339 -0.046495
vn 0.465232 -0.880338 -0.092541
vn 0.547742 -0.829523 -0.108954
vn 0.465232 -0.880338 -0.092541
vn 0.453920 -0.880339 -0.137696
vn 0.534425 -0.829523 -0.162117
vn 0.378158 -0.922680 -0.075221
vn 0.368962 -0.922681 -0.111924
vn 0.453920 -0.880339 -0.137696
vn 0.465232 -0.880338 -0.092541
vn 0.356217 -0.922680 -0.147551
vn 0.438239 -0.880338 -0.181525
vn 0.453920 -0.880339 -0.137696
vn 0.368962 -0.922681 -0.111924
vn 0.515962 -0.829523 -0.213719
vn 0.534425 -0.829523 -0.162117
vn 0.453920 -0.880339 -0.137696
vn 0.438239 -0.880338 -0.181525
vn 0.515962 -0.829523 -0.213719
vn 0.438239 -0.880338 -0.181525
vn 0.418335 -0.880339 -0.223606
vn 0.492528 -0.829523 -0.263263
vn 0.356217 -0.922680 -0.147551
vn 0.340037 -0.922681 -0.181754
vn 0.418335 -0.880339 -0.223606
vn 0.438239 -0.880338 -0.181525
vn 0.320587 -0.922680 -0.214210
vn 0.394404 -0.880338 -0.263534
vn 0.418335 -0.880339 -0.223606
vn 0.340037 -0.922681 -0.181754
vn 0.464353 -0.829523 -0.310272
vn 0.492528 -0.829523 -0.263263
vn 0.418335 -0.880339 -0.223606
vn 0.394404 -0.880338 -0.263534
vn 0.464353 -0.829523 -0.310272
vn 0.394404 -0.880338 -0.263534
vn 0.366673 -0.880339 -0.300922
vn 0.431704 -0.829523 -0.354292
vn 0.320587 -0.922680 -0.214210
vn 0.298045 -0.922681 -0.244600
vn 0.366673 -0.880339 -0.300922
vn 0.394404 -0.880338 -0.263534
vn 0.272636 -0.922680 -0.272637
vn 0.335413 -0.880338 -0.335414
vn 0.366673 -0.880339 -0.300922
vn 0.298045 -0.922681 -0.244600
vn 0.394899 -0.829523 -0.394901
vn 0.431704 -0.829523 -0.354292
vn 0.366673 -0.880339 -0.300922
vn 0.335413 -0.880338 -0.335414
vn 0.394899 -0.829523 -0.394901
vn 0.335413 -0.880338 -0.335414
vn 0.300921 -0.880339 -0.366674
vn 0.354290 -0.829523 -0.431706
vn 0.272636 -0.922680 -0.272637
vn 0.244599 -0.922681 -0.298046
vn 0.300921 -0.880339 -0.366674
vn 0.335413 -0.880338 -0.335414
vn 0.214209 -0.922680 -0.320588
vn 0.263532 -0.880338 -0.394405
vn 0.300921 -0.880339 -0.366674
vn 0.244599 -0.922681 -0.298046
vn 0.310270 -0.829522 -0.464354
vn 0.354290 -0.829523 -0.431706
vn 0.300921 -0.880339 -0.366674
vn 0.263532 -0.880338 -0.394405
vn 0.310270 -0.829522 -0.464354
vn 0.263532 -0.880338 -0.394405
vn 0.223604 -0.880339 -0.418336
vn 0.263261 -0.829523 -0.492529
vn 0.214209 -0.922680 -0.320588
vn 0.181753 -0.922681 -0.340038
vn 0.223604 -0.880339 -0.418336
vn 0.263532 -0.880338 -0.394405
vn 0.147549 -0.922680 -0.356218
vn 0.181524 -0.880338 -0.438240
vn 0.223604 -0.880339 -0.418336
vn 0.181753 -0.922681 -0.340038
vn 0.213717 -0.829523 -0.515962
vn 0.263261 -0.829523 -0.492529
vn 0.223604 -0.880339 -0.418336
vn 0.181524 -0.880338 -0.438240
vn 0.213717 -0.829523 -0.515962
vn 0.181524 -0.880338 -0.438240
vn 0.137694 -0.880339 -0.453920
vn 0.162115 -0.829523 -0.534425
vn 0.147549 -0.922680 -0.356218
vn 0.111923 -0.922681 -0.368962
vn 0.137694 -0.880339 -0.453920
vn 0.181524 -0.880338 -0.438240
vn 0.075220 -0.922680 -0.378158
vn 0.092540 -0.880338 -0.465232
vn 0.137694 -0.880339 -0.453920
vn 0.111923 -0.922681 -0.368962
vn 0.108952 -0.829523 -0.547742
vn 0.162115 -0.829523 -0.534425
vn 0.137694 -0.880339 -0.453920
vn 0.092540 -0.880338 -0.465232
vn 0.108952 -0.829523 -0.547742
vn 0.092540 -0.880338 -0.465232
vn 0.046493 -0.880339 -0.472061
vn 0.054739 -0.829523 -0.555783
vn 0.075220 -0.922680 -0.378158
vn 0.037791 -0.922681 -0.383708
vn 0.046493 -0.880339 -0.472061
vn 0.092540 -0.880338 -0.465232
vn 0.000000 -0.922680 -0.385567
vn 0.000000 -0.880338 -0.474347
vn 0.046493 -0.880339 -0.472061
vn 0.037791 -0.922681 -0.383708
vn 0.000000 -0.829523 -0.558473
vn 0.054739 -0.829523 -0.555783
vn 0.046493 -0.880339 -0.472061
vn 0.000000 -0.880338 -0.474347
vn 0.000000 -0.922680 -0.385567
vn 0.000000 -0.954625 -0.297811
vn -0.029133 -0.954809 -0.295790
vn -0.037792 -0.922681 -0.383708
vn 0.000000 -0.979208 -0.202859
vn -0.020859 -0.977094 -0.211782
vn -0.029133 -0.954809 -0.295790
vn 0.000000 -0.954625 -0.297811
vn -0.039576 -0.979208 -0.198961
vn -0.058100 -0.954625 -0.292089
vn -0.029133 -0.954809 -0.295790
vn -0.020859 -0.977094 -0.211782
vn -0.075220 -0.922680 -0.378158
vn -0.037792 -0.922681 -0.383708
vn -0.029133 -0.954809 -0.295790
vn -0.058100 -0.954625 -0.292089
vn -0.075220 -0.922680 -0.378158
vn -0.058100 -0.954625 -0.292089
vn -0.086279 -0.954809 -0.284423
vn -0.111923 -0.922681 -0.368962
vn -0.039576 -0.979208 -0.198961
vn -0.061775 -0.977094 -0.203644
vn -0.086279 -0.954809 -0.284423
vn -0.058100 -0.954625 -0.292089
vn -0.077631 -0.979208 -0.187417
vn -0.113967 -0.954625 -0.275142
vn -0.086279 -0.954809 -0.284423
vn -0.061775 -0.977094 -0.203644
vn -0.147550 -0.922680 -0.356217
vn -0.111923 -0.922681 -0.368962
vn -0.086279 -0.954809 -0.284423
vn -0.113967 -0.954625 -0.275142
vn -0.147550 -0.922680 -0.356217
vn -0.113967 -0.954625 -0.275142
vn -0.140109 -0.954809 -0.262126
vn -0.181754 -0.922681 -0.340037
vn -0.077631 -0.979208 -0.187417
vn -0.100317 -0.977094 -0.187679
vn -0.140109 -0.954809 -0.262126
vn -0.113967 -0.954625 -0.275142
vn -0.112702 -0.979208 -0.168671
vn -0.165455 -0.954625 -0.247621
vn -0.140109 -0.954809 -0.262126
vn -0.100317 -0.977094 -0.187679
vn -0.214209 -0.922680 -0.320587
vn -0.181754 -0.922681 -0.340037
vn -0.140109 -0.954809 -0.262126
vn -0.165455 -0.954625 -0.247621
vn -0.214209 -0.922680 -0.320587
vn -0.165455 -0.954625 -0.247621
vn -0.188555 -0.954809 -0.229755
vn -0.244599 -0.922681 -0.298045
vn -0.112702 -0.979208 -0.168671
vn -0.135003 -0.977094 -0.164502
vn -0.188555 -0.954809 -0.229755
vn -0.165455 -0.954625 -0.247621
vn -0.143443 -0.979208 -0.143443
vn -0.210584 -0.954625 -0.210584
vn -0.188555 -0.954809 -0.229755
vn -0.135003 -0.977094 -0.164502
vn -0.272637 -0.922680 -0.272637
vn -0.244599 -0.922681 -0.298045
vn -0.188555 -0.954809 -0.229755
vn -0.210584 -0.954625 -0.210584
vn -0.272637 -0.922680 -0.272637
vn -0.210584 -0.954625 -0.210584
vn -0.229755 -0.954809 -0.188555
vn -0.298045 -0.922681 -0.244599
vn -0.143443 -0.979208 -0.143443
vn -0.164502 -0.977094 -0.135003
vn -0.229755 -0.954809 -0.188555
vn -0.210584 -0.954625 -0.210584
vn -0.168671 -0.979208 -0.112702
vn -0.247621 -0.954625 -0.165455
vn -0.229755 -0.954809 -0.188555
vn -0.164502 -0.977094 -0.135003
vn -0.320587 -0.922680 -0.214210
vn -0.298045 -0.922681 -0.244599
vn -0.229755 -0.954809 -0.188555
vn -0.247621 -0.954625 -0.165455
vn -0.320587 -0.922680 -0.214210
vn -0.247621 -0.954625 -0.165455
vn -0.262126 -0.954809 -0.140109
vn -0.340037 -0.922681 -0.181754
vn -0.168671 -0.979208 -0.112702
vn -0.187679 -0.977094 -0.100316
vn -0.262126 -0.954809 -0.140109
vn -0.247621 -0.954625 -0.165455
vn -0.187417 -0.979208 -0.077631
vn -0.275142 -0.954625 -0.113967
vn -0.262126 -0.954809 -0.140109
vn -0.187679 -0.977094 -0.100316
vn -0.356217 -0.922680 -0.147550
vn -0.340037 -0.922681 -0.181754
vn -0.262126 -0.954809 -0.140109
vn -0.275142 -0.954625 -0.113967
vn -0.356217 -0.922680 -0.147550
vn -0.275142 -0.954625 -0.113967
vn -0.284423 -0.954809 -0.086279
vn -0.368962 -0.922681 -0.111923
vn -0.187417 -0.979208 -0.077631
vn -0.203644 -0.977094 -0.061775
vn -0.284423 -0.954809 -0.086279
vn -0.275142 -0.954625 -0.113967
vn -0.198961 -0.979208 -0.039576
vn -0.292089 -0.954625 -0.058100
vn -0.284423 -0.954809 -0.086279
vn -0.203644 -0.977094 -0.061775
vn -0.378158 -0.922680 -0.075220
vn -0.368962 -0.922681 -0.111923
vn -0.284423 -0.954809 -0.086279
vn -0.292089 -0.954625 -0.058100
vn -0.378158 -0.922680 -0.075220
vn -0.292089 -0.954625 -0.058100
vn -0.295790 -0.954809 -0.029133
vn -0.383708 -0.922681 -0.037792
vn -0.198961 -0.979208 -0.039576
vn -0.211782 -0.977094 -0.020859
vn -0.295790 -0.954809 -0.029133
vn -0.292089 -0.954625 -0.058100
vn -0.202859 -0.979208 0.000000
vn -0.297811 -0.954625 0.000000
vn -0.295790 -0.954809 -0.029133
vn -0.211782 -0.977094 -0.020859
vn -0.385567 -0.922680 0.000000
vn -0.383708 -0.922681 -0.037792
vn -0.295790 -0.954809 -0.029133
vn -0.297811 -0.954625 0.000000
vn -0.385567 -0.922680 0.000000
vn -0.297811 -0.954625 0.000000
vn -0.295790 -0.954809 0.029133
vn -0.383708 -0.922681 0.037792
vn -0.202859 -0.979208 0.000000
vn -0.211782 -0.977094 0.020859
vn -0.295790 -0.954809 0.029133
vn -0.297811 -0.954625 0.000000
vn -0.198961 -0.979208 0.039576
vn -0.292089 -0.954625 0.058100
vn -0.295790 -0.954809 0.029133
vn -0.211782 -0.977094 0.020859
vn -0.378158 -0.922680 0.075221
vn -0.383708 -0.922681 0.037792
vn -0.295790 -0.954809 0.029133
vn -0.292089 -0.954625 0.058100
vn -0.378158 -0.922680 0.075221
vn -0.292089 -0.954625 0.058100
vn -0.284423 -0.954809 0.086279
vn -0.368962 -0.922681 0.111924
vn -0.198961 -0.979208 0.039576
vn -0.203643 -0.977094 0.061775
vn -0.284423 -0.954809 0.086279
vn -0.292089 -0.954625 0.058100
vn -0.187417 -0.979208 0.077631
vn -0.275142 -0.954625 0.113968
vn -0.284423 -0.954809 0.086279
vn -0.203643 -0.977094 0.061775
vn -0.356217 -0.922680 0.147550
vn -0.368962 -0.922681 0.111924
vn -0.284423 -0.954809 0.086279
vn -0.275142 -0.954625 0.113968
vn -0.356217 -0.922680 0.147550
vn -0.275142 -0.954625 0.113968
vn -0.262126 -0.954809 0.140109
vn -0.340037 -0.922681 0.181754
vn -0.187417 -0.979208 0.077631
vn -0.187679 -0.977094 0.100317
vn -0.262126 -0.954809 0.140109
vn -0.275142 -0.954625 0.113968
vn -0.168671 -0.979208 0.112703
vn -0.247621 -0.954625 0.165455
vn -0.262126 -0.954809 0.140109
vn -0.187679 -0.977094 0.100317
vn -0.320587 -0.922680 0.214210
vn -0.340037 -0.922681 0.181754
vn -0.262126 -0.954809 0.140109
vn -0.247621 -0.954625 0.165455
vn -0.320587 -0.922680 0.214210
vn -0.247621 -0.954625 0.165455
vn -0.229755 -0.954809 0.188555
vn -0.298045 -0.922681 0.244600
vn -0.168671 -0.979208 0.112703
vn -0.164502 -0.977094 0.135003
vn -0.229755 -0.954809 0.188555
vn -0.247621 -0.954625 0.165455
vn -0.143443 -0.979208 0.143443
vn -0.210584 -0.954625 0.210584
vn -0.229755 -0.954809 0.188555
vn -0.164502 -0.977094 0.135003
vn -0.272637 -0.922680 0.272637
vn -0.298045 -0.922681 0.244600
vn -0.229755 -0.954809 0.188555
vn -0.210584 -0.954625 0.210584
vn -0.272637 -0.922680 0.272637
vn -0.210584 -0.954625 0.210584
vn -0.188555 -0.954809 0.229755
vn -0.244599 -0.922681 0.298045
vn -0.143443 -0.979208 0.143443
vn -0.135003 -0.977094 0.164502
vn -0.188555 -0.954809 0.229755
vn -0.210584 -0.954625 0.210584
vn -0.112702 -0.979208 0.168671
vn -0.165455 -0.954625 0.247621
vn -0.188555 -0.954809 0.229755
vn -0.135003 -0.977094 0.164502
vn -0.214209 -0.922680 0.320587
vn -0.244599 -0.922681 0.298045
vn -0.188555 -0.954809 0.229755
vn -0.165455 -0.954625 0.247621
vn -0.214209 -0.922680 0.320587
vn -0.165455 -0.954625 0.247621
vn -0.140109 -0.954809 0.262126
vn -0.181753 -0.922681 0.340037
vn -0.112702 -0.979208 0.168671
vn -0.100316 -0.977094 0.187679
vn -0.140109 -0.954809 0.262126
vn -0.165455 -0.954625 0.247621
vn -0.077631 -0.979208 0.187417
vn -0.113967 -0.954625 0.275142
vn -0.140109 -0.954809 0.262126
vn -0.100316 -0.977094 0.187679
vn -0.147550 -0.922680 0.356217
vn -0.181753 -0.922681 0.340037
vn -0.140109 -0.954809 0.262126
vn -0.113967 -0.954625 0.275142
vn -0.147550 -0.922680 0.356217
vn -0.113967 -0.954625 0.275142
vn -0.086279 -0.954809 0.284423
vn -0.111923 -0.922681 0.368962
vn -0.077631 -0.979208 0.187417
vn -0.061774 -0.977094 0.203644
vn -0.086279 -0.954809 0.284423
vn -0.113967 -0.954625 0.275142
vn -0.039576 -0.979208 0.198961
vn -0.058100 -0.954625 0.292089
vn -0.086279 -0.954809 0.284423
vn -0.061774 -0.977094 0.203644
vn -0.075220 -0.922680 0.378158
vn -0.111923 -0.922681 0.368962
vn -0.086279 -0.954809 0.284423
vn -0.058100 -0.954625 0.292089
vn -0.075220 -0.922680 0.378158
vn -0.058100 -0.954625 0.292089
vn -0.029133 -0.954809 0.295790
vn -0.037792 -0.922681 0.383708
vn -0.039576 -0.979208 0.198961
vn -0.020859 -0.977094 0.211782
vn -0.029133 -0.954809 0.295790
vn -0.058100 -0.954625 0.292089
vn 0.000000 -0.979208 0.202859
vn 0.000000 -0.954625 0.297811
vn -0.029133 -0.954809 0.295790
vn -0.020859 -0.977094 0.211782
vn 0.000000 -0.922680 0.385567
vn -0.037792 -0.922681 0.383708
vn -0.029133 -0.954809 0.295790
vn 0.000000 -0.954625 0.297811
vn 0.000000 -0.922680 0.385567
vn 0.000000 -0.954625 0.297811
vn 0.029133 -0.954809 0.295790
vn 0.037792 -0.922681 0.383708
vn 0.000000 -0.979208 0.202859
vn 0.020859 -0.977094 0.211782
vn 0.029133 -0.954809 0.295790
vn 0.000000 -0.954625 0.297811
vn 0.039576 -0.979208 0.198961
vn 0.058100 -0.954625 0.292089
vn 0.029133 -0.954809 0.295790
vn 0.020859 -0.977094 0.211782
vn 0.075221 -0.922680 0.378158
vn 0.037792 -0.922681 0.383708
vn 0.029133 -0.954809 0.295790
vn 0.058100 -0.954625 0.292089
vn 0.075221 -0.922680 0.378158
vn 0.058100 -0.954625 0.292089
vn 0.086279 -0.954809 0.284423
vn 0.111924 -0.922681 0.368962
vn 0.039576 -0.979208 0.198961
vn 0.061775 -0.977094 0.203643
vn 0.086279 -0.954809 0.284423
vn 0.058100 -0.954625 0.292089
vn 0.077631 -0.979208 0.187417
vn 0.113968 -0.954625 0.275142
vn 0.086279 -0.954809 0.284423
vn 0.061775 -0.977094 0.203643
vn 0.147550 -0.922680 0.356217
vn 0.111924 -0.922681 0.368962
vn 0.086279 -0.954809 0.284423
vn 0.113968 -0.954625 0.275142
vn 0.147550 -0.922680 0.356217
vn 0.113968 -0.954625 0.275142
vn 0.140110 -0.954808 0.262126
vn 0.181754 -0.922681 0.340037
vn 0.077631 -0.979208 0.187417
vn 0.100317 -0.977094 0.187679
vn 0.140110 -0.954808 0.262126
vn 0.113968 -0.954625 0.275142
vn 0.112703 -0.979208 0.168671
vn 0.165455 -0.954625 0.247621
vn 0.140110 -0.954808 0.262126
vn 0.100317 -0.977094 0.187679
vn 0.214210 -0.922680 0.320587
vn 0.181754 -0.922681 0.340037
vn 0.140110 -0.954808 0.262126
vn 0.165455 -0.954625 0.247621
vn 0.214210 -0.922680 0.320587
vn 0.165455 -0.954625 0.247621
vn 0.188556 -0.954809 0.229755
vn 0.244600 -0.922681 0.298045
vn 0.112703 -0.979208 0.168671
vn 0.135003 -0.977094 0.164502
vn 0.188556 -0.954809 0.229755
vn 0.165455 -0.954625 0.247621
vn 0.143443 -0.979208 0.143443
vn 0.210585 -0.954625 0.210584
vn 0.188556 -0.954809 0.229755
vn 0.135003 -0.977094 0.164502
vn 0.272637 -0.922680 0.272637
vn 0.244600 -0.922681 0.298045
vn 0.188556 -0.954809 0.229755
vn 0.210585 -0.954625 0.210584
vn 0.272637 -0.922680 0.272637
vn 0.210585 -0.954625 0.210584
vn 0.229756 -0.954808 0.188555
vn 0.298046 -0.922681 0.244599
vn 0.143443 -0.979208 0.143443
vn 0.164502 -0.977094 0.135003
vn 0.229756 -0.954808 0.188555
vn 0.210585 -0.954625 0.210584
vn 0.168671 -0.979208 0.112702
vn 0.247621 -0.954625 0.165455
vn 0.229756 -0.954808 0.188555
vn 0.164502 -0.977094 0.135003
vn 0.320587 -0.922680 0.214209
vn 0.298046 -0.922681 0.244599
vn 0.229756 -0.954808 0.188555
vn 0.247621 -0.954625 0.165455
vn 0.320587 -0.922680 0.214209
vn 0.247621 -0.954625 0.165455
vn 0.262126 -0.954809 0.140109
vn 0.340038 -0.922681 0.181753
vn 0.168671 -0.979208 0.112702
vn 0.187679 -0.977094 0.100316
vn 0.262126 -0.954809 0.140109
vn 0.247621 -0.954625 0.165455
vn 0.187417 -0.979208 0.077630
vn 0.275142 -0.954625 0.113967
vn 0.262126 -0.954809 0.140109
vn 0.187679 -0.977094 0.100316
vn 0.356218 -0.922680 0.147549
vn 0.340038 -0.922681 0.181753
vn 0.262126 -0.954809 0.140109
vn 0.275142 -0.954625 0.113967
vn 0.356218 -0.922680 0.147549
vn 0.275142 -0.954625 0.113967
vn 0.284423 -0.954809 0.086278
vn 0.368962 -0.922681 0.111923
vn 0.187417 -0.979208 0.077630
vn 0.203644 -0.977094 0.061774
vn 0.284423 -0.954809 0.086278
vn 0.275142 -0.954625 0.113967
vn 0.198961 -0.979208 0.039576
vn 0.292089 -0.954625 0.058100
vn 0.284423 -0.954809 0.086278
vn 0.203644 -0.977094 0.061774
vn 0.378158 -0.922680 0.075220
vn 0.368962 -0.922681 0.111923
vn 0.284423 -0.954809 0.086278
vn 0.292089 -0.954625 0.058100
vn 0.378158 -0.922680 0.075220
vn 0.292089 -0.954625 0.058100
vn 0.295790 -0.954809 0.029132
vn 0.383708 -0.922681 0.037791
vn 0.198961 -0.979208 0.039576
vn 0.211782 -0.977094 0.020858
vn 0.295790 -0.954809 0.029132
vn 0.292089 -0.954625 0.058100
vn 0.202859 -0.979208 0.000000
vn 0.297811 -0.954625 0.000000
vn 0.295790 -0.954809 0.029132
vn 0.211782 -0.977094 0.020858
vn 0.385567 -0.922680 -0.000001
vn 0.383708 -0.922681 0.037791
vn 0.295790 -0.954809 0.029132
vn 0.297811 -0.954625 0.000000
vn 0.385567 -0.922680 -0.000001
vn 0.297811 -0.954625 0.000000
vn 0.295790 -0.954809 -0.029133
vn 0.383708 -0.922681 -0.037793
vn 0.202859 -0.979208 0.000000
vn 0.211782 -0.977094 -0.020859
vn 0.295790 -0.954809 -0.029133
vn 0.297811 -0.954625 0.000000
vn 0.198961 -0.979208 -0.039576
vn 0.292089 -0.954625 -0.058101
vn 0.295790 -0.954809 -0.029133
vn 0.211782 -0.977094 -0.020859
vn 0.378158 -0.922680 -0.075221
vn 0.383708 -0.922681 -0.037793
vn 0.295790 -0.954809 -0.029133
vn 0.292089 -0.954625 -0.058101
vn 0.378158 -0.922680 -0.075221
vn 0.292089 -0.954625 -0.058101
vn 0.284423 -0.954809 -0.086279
vn 0.368962 -0.922681 -0.111924
vn 0.198961 -0.979208 -0.039576
vn 0.203643 -0.977094 -0.061775
vn 0.284423 -0.954809 -0.086279
vn 0.292089 -0.954625 -0.058101
vn 0.187417 -0.979208 -0.077631
vn 0.275142 -0.954625 -0.113968
vn 0.284423 -0.954809 -0.086279
vn 0.203643 -0.977094 -0.061775
vn 0.356217 -0.922680 -0.147551
vn 0.368962 -0.922681 -0.111924
vn 0.284423 -0.954809 -0.086279
vn 0.275142 -0.954625 -0.113968
vn 0.356217 -0.922680 -0.147551
vn 0.275142 -0.954625 -0.113968
vn 0.262126 -0.954808 -0.140110
vn 0.340037 -0.922681 -0.181754
vn 0.187417 -0.979208 -0.077631
vn 0.187679 -0.977094 -0.100317
vn 0.262126 -0.954808 -0.140110
vn 0.275142 -0.954625 -0.113968
vn 0.168671 -0.979208 -0.112703
vn 0.247621 -0.954625 -0.165455
vn 0.262126 -0.954808 -0.140110
vn 0.187679 -0.977094 -0.100317
vn 0.320587 -0.922680 -0.214210
vn 0.340037 -0.922681 -0.181754
vn 0.262126 -0.954808 -0.140110
vn 0.247621 -0.954625 -0.165455
vn 0.320587 -0.922680 -0.214210
vn 0.247621 -0.954625 -0.165455
vn 0.229755 -0.954809 -0.188556
vn 0.298045 -0.922681 -0.244600
vn 0.168671 -0.979208 -0.112703
vn 0.164502 -0.977094 -0.135004
vn 0.229755 -0.954809 -0.188556
vn 0.247621 -0.954625 -0.165455
vn 0.143443 -0.979208 -0.143443
vn 0.210584 -0.954625 -0.210585
vn 0.229755 -0.954809 -0.188556
vn 0.164502 -0.977094 -0.135004
vn 0.272636 -0.922680 -0.272637
vn 0.298045 -0.922681 -0.244600
vn 0.229755 -0.954809 -0.188556
vn 0.210584 -0.954625 -0.210585
vn 0.272636 -0.922680 -0.272637
vn 0.210584 -0.954625 -0.210585
vn 0.188555 -0.954808 -0.229756
vn 0.244599 -0.922681 -0.298046
vn 0.143443 -0.979208 -0.143443
vn 0.135003 -0.977094 -0.164502
vn 0.188555 -0.954808 -0.229756
vn 0.210584 -0.954625 -0.210585
vn 0.112702 -0.979208 -0.168671
vn 0.165455 -0.954625 -0.247621
vn 0.188555 -0.954808 -0.229756
vn 0.135003 -0.977094 -0.164502
vn 0.214209 -0.922680 -0.320588
vn 0.244599 -0.922681 -0.298046
vn 0.188555 -0.954808 -0.229756
vn 0.165455 -0.954625 -0.247621
vn 0.214209 -0.922680 -0.320588
vn 0.165455 -0.954625 -0.247621
vn 0.140109 -0.954809 -0.262126
vn 0.181753 -0.922681 -0.340038
vn 0.112702 -0.979208 -0.168671
vn 0.100316 -0.977094 -0.187679
vn 0.140109 -0.954809 -0.262126
vn 0.165455 -0.954625 -0.247621
vn 0.077630 -0.979208 -0.187417
vn 0.113967 -0.954625 -0.275142
vn 0.140109 -0.954809 -0.262126
vn 0.100316 -0.977094 -0.187679
vn 0.147549 -0.922680 -0.356218
vn 0.181753 -0.922681 -0.340038
vn 0.140109 -0.954809 -0.262126
vn 0.113967 -0.954625 -0.275142
vn 0.147549 -0.922680 -0.356218
vn 0.113967 -0.954625 -0.275142
vn 0.086278 -0.954809 -0.284423
vn 0.111923 -0.922681 -0.368962
vn 0.077630 -0.979208 -0.187417
vn 0.061774 -0.977094 -0.203644
vn 0.086278 -0.954809 -0.284423
vn 0.113967 -0.954625 -0.275142
vn 0.039576 -0.979208 -0.198961
vn 0.058100 -0.954625 -0.292089
vn 0.086278 -0.954809 -0.284423
vn 0.061774 -0.977094 -0.203644
vn 0.075220 -0.922680 -0.378158
vn 0.111923 -0.922681 -0.368962
vn 0.086278 -0.954809 -0.284423
vn 0.058100 -0.954625 -0.292089
vn 0.075220 -0.922680 -0.378158
vn 0.058100 -0.954625 -0.292089
vn 0.029132 -0.954809 -0.295790
vn 0.037791 -0.922681 -0.383708
vn 0.039576 -0.979208 -0.198961
vn 0.020858 -0.977094 -0.211782
vn 0.029132 -0.954809 -0.295790
vn 0.058100 -0.954625 -0.292089
vn 0.000000 -0.979208 -0.202859
vn 0.000000 -0.954625 -0.297811
vn 0.029132 -0.954809 -0.295790
vn 0.020858 -0.977094 -0.211782
vn 0.000000 -0.922680 -0.385567
vn 0.037791 -0.922681 -0.383708
vn 0.029132 -0.954809 -0.295790
vn 0.000000 -0.954625 -0.297811
vn 0.000000 -1.000000 0.000000
vn -0.020599 -0.994410 -0.103559
vn -0.014149 -0.989527 -0.143656
vn 0.000000 -0.994410 -0.105588
vn -0.039576 -0.979208 -0.198961
vn -0.020859 -0.977094 -0.211782
vn -0.014149 -0.989527 -0.143656
vn -0.020599 -0.994410 -0.103559
vn 0.000000 -0.979208 -0.202859
vn 0.000000 -0.994410 -0.105588
vn -0.014149 -0.989527 -0.143656
vn -0.020859 -0.977094 -0.211782
vn 0.000000 -1.000000 0.000000
vn -0.040407 -0.994410 -0.097550
vn -0.041903 -0.989527 -0.138135
vn -0.020599 -0.994410 -0.103559
vn -0.077631 -0.979208 -0.187417
vn -0.061775 -0.977094 -0.203644
vn -0.041903 -0.989527 -0.138135
vn -0.040407 -0.994410 -0.097550
vn -0.039576 -0.979208 -0.198961
vn -0.020599 -0.994410 -0.103559
vn -0.041903 -0.989527 -0.138135
vn -0.061775 -0.977094 -0.203644
vn 0.000000 -1.000000 0.000000
vn -0.058661 -0.994410 -0.087793
vn -0.068047 -0.989527 -0.127306
vn -0.040407 -0.994410 -0.097550
vn -0.112702 -0.979208 -0.168671
vn -0.100317 -0.977094 -0.187679
vn -0.068047 -0.989527 -0.127306
vn -0.058661 -0.994410 -0.087793
vn -0.077631 -0.979208 -0.187417
vn -0.040407 -0.994410 -0.097550
vn -0.068047 -0.989527 -0.127306
vn -0.100317 -0.977094 -0.187679
vn 0.000000 -1.000000 0.000000
vn -0.074662 -0.994410 -0.074662
vn -0.091575 -0.989527 -0.111585
vn -0.058661 -0.994410 -0.087793
vn -0.143443 -0.979208 -0.143443
vn -0.135003 -0.977094 -0.164502
vn -0.091575 -0.989527 -0.111585
vn -0.074662 -0.994410 -0.074662
vn -0.112702 -0.979208 -0.168671
vn -0.058661 -0.994410 -0.087793
vn -0.091575 -0.989527 -0.111585
vn -0.135003 -0.977094 -0.164502
vn 0.000000 -1.000000 0.000000
vn -0.087793 -0.994410 -0.058661
vn -0.111585 -0.989527 -0.091575
vn -0.074662 -0.994410 -0.074662
vn -0.168671 -0.979208 -0.112702
vn -0.164502 -0.977094 -0.135003
vn -0.111585 -0.989527 -0.091575
vn -0.087793 -0.994410 -0.058661
vn -0.143443 -0.979208 -0.143443
vn -0.074662 -0.994410 -0.074662
vn -0.111585 -0.989527 -0.091575
vn -0.164502 -0.977094 -0.135003
vn 0.000000 -1.000000 0.000000
vn -0.097550 -0.994410 -0.040407
vn -0.127306 -0.989527 -0.068047
vn -0.087793 -0.994410 -0.058661
vn -0.187417 -0.979208 -0.077631
vn -0.187679 -0.977094 -0.100316
vn -0.127306 -0.989527 -0.068047
vn -0.097550 -0.994410 -0.040407
vn -0.168671 -0.979208 -0.112702
vn -0.087793 -0.994410 -0.058661
vn -0.127306 -0.989527 -0.068047
vn -0.187679 -0.977094 -0.100316
vn 0.000000 -1.000000 0.000000
vn -0.103559 -0.994410 -0.020599
vn -0.138135 -0.989527 -0.041903
vn -0.097550 -0.994410 -0.040407
vn -0.198961 -0.979208 -0.039576
vn -0.203644 -0.977094 -0.061775
vn -0.138135 -0.989527 -0.041903
vn -0.103559 -0.994410 -0.020599
vn -0.187417 -0.979208 -0.077631
vn -0.097550 -0.994410 -0.040407
vn -0.138135 -0.989527 -0.041903
vn -0.203644 -0.977094 -0.061775
vn 0.000000 -1.000000 0.000000
vn -0.105588 -0.994410 0.000000
vn -0.143656 -0.989527 -0.014149
vn -0.103559 -0.994410 -0.020599
vn -0.202859 -0.979208 0.000000
vn -0.211782 -0.977094 -0.020859
vn -0.143656 -0.989527 -0.014149
vn -0.105588 -0.994410 0.000000
vn -0.198961 -0.979208 -0.039576
vn -0.103559 -0.994410 -0.020599
vn -0.143656 -0.989527 -0.014149
vn -0.211782 -0.977094 -0.020859
vn 0.000000 -1.000000 0.000000
vn -0.103559 -0.994410 0.020599
vn -0.143656 -0.989527 0.014149
vn -0.105588 -0.994410 0.000000
vn -0.198961 -0.979208 0.039576
vn -0.211782 -0.977094 0.020859
vn -0.143656 -0.989527 0.014149
vn -0.103559 -0.994410 0.020599
vn -0.202859 -0.979208 0.000000
vn -0.105588 -0.994410 0.000000
vn -0.143656 -0.989527 0.014149
vn -0.211782 -0.977094 0.020859
vn 0.000000 -1.000000 0.000000
vn -0.097550 -0.994410 0.040407
vn -0.138135 -0.989527 0.041903
vn -0.103559 -0.994410 0.020599
vn -0.187417 -0.979208 0.077631
vn -0.203643 -0.977094 0.061775
vn -0.138135 -0.989527 0.041903
vn -0.097550 -0.994410 0.040407
vn -0.198961 -0.979208 0.039576
vn -0.103559 -0.994410 0.020599
vn -0.138135 -0.989527 0.041903
vn -0.203643 -0.977094 0.061775
vn 0.000000 -1.000000 0.000000
vn -0.087793 -0.994410 0.058662
vn -0.127306 -0.989527 0.068047
vn -0.097550 -0.994410 0.040407
vn -0.168671 -0.979208 0.112703
vn -0.187679 -0.977094 0.100317
vn -0.127306 -0.989527 0.068047
vn -0.087793 -0.994410 0.058662
vn -0.187417 -0.979208 0.077631
vn -0.097550 -0.994410 0.040407
vn -0.127306 -0.989527 0.068047
vn -0.187679 -0.977094 0.100317
vn 0.000000 -1.000000 0.000000
vn -0.074662 -0.994410 0.074662
vn -0.111585 -0.989527 0.091575
vn -0.087793 -0.994410 0.058662
vn -0.143443 -0.979208 0.143443
vn -0.164502 -0.977094 0.135003
vn -0.111585 -0.989527 0.091575
vn -0.074662 -0.994410 0.074662
vn -0.168671 -0.979208 0.112703
vn -0.087793 -0.994410 0.058662
vn -0.111585 -0.989527 0.091575
vn -0.164502 -0.977094 0.135003
vn 0.000000 -1.000000 0.000000
vn -0.058661 -0.994410 0.087793
vn -0.091575 -0.989527 0.111585
vn -0.074662 -0.994410 0.074662
vn -0.112702 -0.979208 0.168671
vn -0.135003 -0.977094 0.164502
vn -0.091575 -0.989527 0.111585
vn -0.058661 -0.994410 0.087793
vn -0.143443 -0.979208 0.143443
vn -0.074662 -0.994410 0.074662
vn -0.091575 -0.989527 0.111585
vn -0.135003 -0.977094 0.164502
vn 0.000000 -1.000000 0.000000
vn -0.040407 -0.994410 0.097550
vn -0.068046 -0.989527 0.127306
vn -0.058661 -0.994410 0.087793
vn -0.077631 -0.979208 0.187417
vn -0.100316 -0.977094 0.187679
vn -0.068046 -0.989527 0.127306
vn -0.040407 -0.994410 0.097550
vn -0.112702 -0.979208 0.168671
vn -0.058661 -0.994410 0.087793
vn -0.068046 -0.989527 0.127306
vn -0.100316 -0.977094 0.187679
vn 0.000000 -1.000000 0.000000
vn -0.020599 -0.994410 0.103559
vn -0.041903 -0.989527 0.138135
vn -0.040407 -0.994410 0.097550
vn -0.039576 -0.979208 0.198961
vn -0.061774 -0.977094 0.203644
vn -0.041903 -0.989527 0.138135
vn -0.020599 -0.994410 0.103559
vn -0.077631 -0.979208 0.187417
vn -0.040407 -0.994410 0.097550
vn -0.041903 -0.989527 0.138135
vn -0.061774 -0.977094 0.203644
vn 0.000000 -1.000000 0.000000
vn 0.000000 -0.994410 0.105588
vn -0.014149 -0.989527 0.143656
vn -0.020599 -0.994410 0.103559
vn 0.000000 -0.979208 0.202859
vn -0.020859 -0.977094 0.211782
vn -0.014149 -0.989527 0.143656
vn 0.000000 -0.994410 0.105588
vn -0.039576 -0.979208 0.198961
vn -0.020599 -0.994410 0.103559
vn -0.014149 -0.989527 0.143656
vn -0.020859 -0.977094 0.211782
vn 0.000000 -1.000000 0.000000
vn 0.020599 -0.994410 0.103559
vn 0.014149 -0.989527 0.143656
vn 0.000000 -0.994410 0.105588
vn 0.039576 -0.979208 0.198961
vn 0.020859 -0.977094 0.211782
vn 0.014149 -0.989527 0.143656
vn 0.020599 -0.994410 0.103559
vn 0.000000 -0.979208 0.202859
vn 0.000000 -0.994410 0.105588
vn 0.014149 -0.989527 0.143656
vn 0.020859 -0.977094 0.211782
vn 0.000000 -1.000000 0.000000
vn 0.040407 -0.994410 0.097550
vn 0.041903 -0.989527 0.138135
vn 0.020599 -0.994410 0.103559
vn 0.077631 -0.979208 0.187417
vn 0.061775 -0.977094 0.203643
vn 0.041903 -0.989527 0.138135
vn 0.040407 -0.994410 0.097550
vn 0.039576 -0.979208 0.198961
vn 0.020599 -0.994410 0.103559
vn 0.041903 -0.989527 0.138135
vn 0.061775 -0.977094 0.203643
vn 0.000000 -1.000000 0.000000
vn 0.058662 -0.994410 0.087793
vn 0.068047 -0.989527 0.127306
vn 0.040407 -0.994410 0.097550
vn 0.112703 -0.979208 0.168671
vn 0.100317 -0.977094 0.187679
vn 0.068047 -0.989527 0.127306
vn 0.058662 -0.994410 0.087793
vn 0.077631 -0.979208 0.187417
vn 0.040407 -0.994410 0.097550
vn 0.068047 -0.989527 0.127306
vn 0.100317 -0.977094 0.187679
vn 0.000000 -1.000000 0.000000
vn 0.074662 -0.994410 0.074662
vn 0.091575 -0.989527 0.111585
vn 0.058662 -0.994410 0.087793
vn 0.143443 -0.979208 0.143443
vn 0.135003 -0.977094 0.164502
vn 0.091575 -0.989527 0.111585
vn 0.074662 -0.994410 0.074662
vn 0.112703 -0.979208 0.168671
vn 0.058662 -0.994410 0.087793
vn 0.091575 -0.989527 0.111585
vn 0.135003 -0.977094 0.164502
vn 0.000000 -1.000000 0.000000
vn 0.087793 -0.994410 0.058661
vn 0.111585 -0.989527 0.091575
vn 0.074662 -0.994410 0.074662
vn 0.168671 -0.979208 0.112702
vn 0.164502 -0.977094 0.135003
vn 0.111585 -0.989527 0.091575
vn 0.087793 -0.994410 0.058661
vn 0.143443 -0.979208 0.143443
vn 0.074662 -0.994410 0.074662
vn 0.111585 -0.989527 0.091575
vn 0.164502 -0.977094 0.135003
vn 0.000000 -1.000000 0.000000
vn 0.097551 -0.994410 0.040407
vn 0.127306 -0.989527 0.068046
vn 0.087793 -0.994410 0.058661
vn 0.187417 -0.979208 0.077630
vn 0.187679 -0.977094 0.100316
vn 0.127306 -0.989527 0.068046
vn 0.097551 -0.994410 0.040407
vn 0.168671 -0.979208 0.112702
vn 0.087793 -0.994410 0.058661
vn 0.127306 -0.989527 0.068046
vn 0.187679 -0.977094 0.100316
vn 0.000000 -1.000000 0.000000
vn 0.103559 -0.994410 0.020599
vn 0.138135 -0.989527 0.041903
vn 0.097551 -0.994410 0.040407
vn 0.198961 -0.979208 0.039576
vn 0.203644 -0.977094 0.061774
vn 0.138135 -0.989527 0.041903
vn 0.103559 -0.994410 0.020599
vn 0.187417 -0.979208 0.077630
vn 0.097551 -0.994410 0.040407
vn 0.138135 -0.989527 0.041903
vn 0.203644 -0.977094 0.061774
vn 0.000000 -1.000000 0.000000
vn 0.105588 -0.994410 0.000000
vn 0.143656 -0.989527 0.014149
vn 0.103559 -0.994410 0.020599
vn 0.202859 -0.979208 0.000000
vn 0.211782 -0.977094 0.020858
vn 0.143656 -0.989527 0.014149
vn 0.105588 -0.994410 0.000000
vn 0.198961 -0.979208 0.039576
vn 0.103559 -0.994410 0.020599
vn 0.143656 -0.989527 0.014149
vn 0.211782 -0.977094 0.020858
vn 0.000000 -1.000000 0.000000
vn 0.103559 -0.994410 -0.020599
vn 0.143656 -0.989527 -0.014149
vn 0.105588 -0.994410 0.000000
vn 0.198961 -0.979208 -0.039576
vn 0.211782 -0.977094 -0.020859
vn 0.143656 -0.989527 -0.014149
vn 0.103559 -0.994410 -0.020599
vn 0.202859 -0.979208 0.000000
vn 0.105588 -0.994410 0.000000
vn 0.143656 -0.989527 -0.014149
vn 0.211782 -0.977094 -0.020859
vn 0.000000 -1.000000 0.000000
vn 0.097550 -0.994410 -0.040407
vn 0.138135 -0.989527 -0.041903
vn 0.103559 -0.994410 -0.020599
vn 0.187417 -0.979208 -0.077631
vn 0.203643 -0.977094 -0.061775
vn 0.138135 -0.989527 -0.041903
vn 0.097550 -0.994410 -0.040407
vn 0.198961 -0.979208 -0.039576
vn 0.103559 -0.994410 -0.020599
vn 0.138135 -0.989527 -0.041903
vn 0.203643 -0.977094 -0.061775
vn 0.000000 -1.000000 0.000000
vn 0.087793 -0.994410 -0.058662
vn 0.127306 -0.989527 -0.068047
vn 0.097550 -0.994410 -0.040407
vn 0.168671 -0.979208 -0.112703
vn 0.187679 -0.977094 -0.100317
vn 0.127306 -0.989527 -0.068047
vn 0.087793 -0.994410 -0.058662
vn 0.187417 -0.979208 -0.077631
vn 0.097550 -0.994410 -0.040407
vn 0.127306 -0.989527 -0.068047
vn 0.187679 -0.977094 -0.100317
vn 0.000000 -1.000000 0.000000
vn 0.074662 -0.994410 -0.074662
vn 0.111585 -0.989527 -0.091575
vn 0.087793 -0.994410 -0.058662
vn 0.143443 -0.979208 -0.143443
vn 0.164502 -0.977094 -0.135004
vn 0.111585 -0.989527 -0.091575
vn 0.074662 -0.994410 -0.074662
vn 0.168671 -0.979208 -0.112703
vn 0.087793 -0.994410 -0.058662
vn 0.111585 -0.989527 -0.091575
vn 0.164502 -0.977094 -0.135004
vn 0.000000 -1.000000 0.000000
vn 0.058661 -0.994410 -0.087793
vn 0.091575 -0.989527 -0.111585
vn 0.074662 -0.994410 -0.074662
vn 0.112702 -0.979208 -0.168671
vn 0.135003 -0.977094 -0.164502
vn 0.091575 -0.989527 -0.111585
vn 0.058661 -0.994410 -0.087793
vn 0.143443 -0.979208 -0.143443
vn 0.074662 -0.994410 -0.074662
vn 0.091575 -0.989527 -0.111585
vn 0.135003 -0.977094 -0.164502
vn 0.000000 -1.000000 0.000000
vn 0.040407 -0.994410 -0.097551
vn 0.068046 -0.989527 -0.127306
vn 0.058661 -0.994410 -0.087793
vn 0.077630 -0.979208 -0.187417
vn 0.100316 -0.977094 -0.187679
vn 0.068046 -0.989527 -0.127306
vn 0.040407 -0.994410 -0.097551
vn 0.112702 -0.979208 -0.168671
vn 0.058661 -0.994410 -0.087793
vn 0.068046 -0.989527 -0.127306
vn 0.100316 -0.977094 -0.187679
vn 0.000000 -1.000000 0.000000
vn 0.020599 -0.994410 -0.103559
vn 0.041903 -0.989527 -0.138135
vn 0.040407 -0.994410 -0.097551
vn 0.039576 -0.979208 -0.198961
vn 0.061774 -0.977094 -0.203644
vn 0.041903 -0.989527 -0.138135
vn 0.020599 -0.994410 -0.103559
vn 0.077630 -0.979208 -0.187417
vn 0.040407 -0.994410 -0.097551
vn 0.041903 -0.989527 -0.138135
vn 0.061774 -0.977094 -0.203644
vn 0.000000 -1.000000 0.000000
vn 0.000000 -0.994410 -0.105588
vn 0.014149 -0.989527 -0.143656
vn 0.020599 -0.994410 -0.103559
vn 0.000000 -0.979208 -0.202859
vn 0.020858 -0.977094 -0.211782
vn 0.014149 -0.989527 -0.143656
vn 0.000000 -0.994410 -0.105588
vn 0.039576 -0.979208 -0.198961
vn 0.020599 -0.994410 -0.103559
vn 0.014149 -0.989527 -0.143656
vn 0.020858 -0.977094 -0.211782
vn 0.000000 1.000000 -0.000037
vn -0.000004 1.000000 -0.000037
vn -0.000004 1.000000 -0.000037
vn -0.000000 1.000000 -0.000037
vn -0.000007 1.000000 -0.000037
vn -0.000007 1.000000 -0.000037
vn -0.000004 1.000000 -0.000037
vn -0.000004 1.000000 -0.000037
vn -0.000007 1.000000 -0.000037
vn -0.000004 1.000000 -0.000037
vn -0.000004 1.000000 -0.000037
vn -0.000007 1.000000 -0.000037
vn -0.000000 1.000000 -0.000037
vn -0.000000 1.000000 -0.000037
vn -0.000004 1.000000 -0.000037
vn -0.000004 1.000000 -0.000037
vn -0.000007 1.000000 -0.000037
vn -0.000011 1.000000 -0.000036
vn -0.000011 1.000000 -0.000036
vn -0.000007 1.000000 -0.000037
vn -0.000014 1.000000 -0.000035
vn -0.000014 1.000000 -0.000035
vn -0.000011 1.000000 -0.000036
vn -0.000011 1.000000 -0.000036
vn -0.000014 1.000000 -0.000035
vn -0.000011 1.000000 -0.000036
vn -0.000011 1.000000 -0.000036
vn -0.000014 1.000000 -0.000035
vn -0.000007 1.000000 -0.000037
vn -0.000007 1.000000 -0.000037
vn -0.000011 1.000000 -0.000036
vn -0.000011 1.000000 -0.000036
vn -0.000014 1.000000 -0.000035
vn -0.000018 1.000000 -0.000033
vn -0.000018 1.000000 -0.000033
vn -0.000014 1.000000 -0.000035
vn -0.000021 1.000000 -0.000032
vn -0.000021 1.000000 -0.000031
vn -0.000018 1.000000 -0.000033
vn -0.000018 1.000000 -0.000033
vn -0.000021 1.000000 -0.000031
vn -0.000018 1.000000 -0.000033
vn -0.000018 1.000000 -0.000033
vn -0.000021 1.000000 -0.000031
vn -0.000014 1.000000 -0.000035
vn -0.000014 1.000000 -0.000035
vn -0.000018 1.000000 -0.000033
vn -0.000018 1.000000 -0.000033
vn -0.000021 1.000000 -0.000032
vn -0.000024 1.000000 -0.000029
vn -0.000024 1.000000 -0.000029
vn -0.000021 1.000000 -0.000031
vn -0.000027 1.000000 -0.000027
vn -0.000027 1.000000 -0.000027
vn -0.000024 1.000000 -0.000029
vn -0.000024 1.000000 -0.000029
vn -0.000027 1.000000 -0.000027
vn -0.000024 1.000000 -0.000029
vn -0.000024 1.000000 -0.000029
vn -0.000027 1.000000 -0.000027
vn -0.000021 1.000000 -0.000031
vn -0.000021 1.000000 -0.000031
vn -0.000024 1.000000 -0.000029
vn -0.000024 1.000000 -0.000029
vn -0.000027 1.000000 -0.000027
vn -0.000030 1.000000 -0.000024
vn -0.000030 1.000000 -0.000024
vn -0.000027 1.000000 -0.000027
vn -0.000032 1.000000 -0.000021
vn -0.000032 1.000000 -0.000021
vn -0.000030 1.000000 -0.000024
vn -0.000030 1.000000 -0.000024
vn -0.000032 1.000000 -0.000021
vn -0.000030 1.000000 -0.000024
vn -0.000030 1.000000 -0.000024
vn -0.000032 1.000000 -0.000021
vn -0.000027 1.000000 -0.000027
vn -0.000027 1.000000 -0.000027
vn -0.000030 1.000000 -0.000024
vn -0.000030 1.000000 -0.000024
vn -0.000032 1.000000 -0.000021
vn -0.000034 1.000000 -0.000018
vn -0.000034 1.000000 -0.000018
vn -0.000032 1.000000 -0.000021
vn -0.000036 1.000000 -0.000015
vn -0.000036 1.000000 -0.000015
vn -0.000034 1.000000 -0.000018
vn -0.000034 1.000000 -0.000018
vn -0.000036 1.000000 -0.000015
vn -0.000034 1.000000 -0.000018
vn -0.000034 1.000000 -0.000018
vn -0.000036 1.000000 -0.000015
vn -0.000032 1.000000 -0.000021
vn -0.000032 1.000000 -0.000021
vn -0.000034 1.000000 -0.000018
vn -0.000034 1.000000 -0.000018
vn -0.000036 1.000000 -0.000015
vn -0.000037 1.000000 -0.000011
vn -0.000037 1.000000 -0.000011
vn -0.000036 1.000000 -0.000015
vn -0.000038 1.000000 -0.000008
vn -0.000038 1.000000 -0.000008
vn -0.000037 1.000000 -0.000011
vn -0.000037 1.000000 -0.000011
vn -0.000038 1.000000 -0.000008
vn -0.000037 1.000000 -0.000011
vn -0.000037 1.000000 -0.000011
vn -0.000038 1.000000 -0.000008
vn -0.000036 1.000000 -0.000015
vn -0.000036 1.000000 -0.000015
vn -0.000037 1.000000 -0.000011
vn -0.000037 1.000000 -0.000011
vn -0.000038 1.000000 -0.000008
vn -0.000039 1.000000 -0.000004
vn -0.000039 1.000000 -0.000004
vn -0.000038 1.000000 -0.000008
vn -0.000039 1.000000 -0.000000
vn -0.000039 1.000000 -0.000000
vn -0.000039 1.000000 -0.000004
vn -0.000039 1.000000 -0.000004
vn -0.000039 1.000000 -0.000000
vn -0.000039 1.000000 -0.000004
vn -0.000039 1.000000 -0.000004
vn -0.000039 1.000000 -0.000000
vn -0.000038 1.000000 -0.000008
vn -0.000038 1.000000 -0.000008
vn -0.000039 1.000000 -0.000004
vn -0.000039 1.000000 -0.000004
vn -0.000039 1.000000 -0.000000
vn -0.000039 1.000000 0.000004
vn -0.000039 1.000000 0.000004
vn -0.000039 1.000000 -0.000000
vn -0.000038 1.000000 0.000008
vn -0.000038 1.000000 0.000008
vn -0.000039 1.000000 0.000004
vn -0.000039 1.000000 0.000004
vn -0.000038 1.000000 0.000008
vn -0.000039 1.000000 0.000004
vn -0.000039 1.000000 0.000004
vn -0.000038 1.000000 0.000008
vn -0.000039 1.000000 -0.000000
vn -0.000039 1.000000 -0.000000
vn -0.000039 1.000000 0.000004
vn -0.000039 1.000000 0.000004
vn -0.000038 1.000000 0.000008
vn -0.000037 1.000000 0.000011
vn -0.000037 1.000000 0.000011
vn -0.000038 1.000000 0.000008
vn -0.000036 1.000000 0.000015
vn -0.000036 1.000000 0.000015
vn -0.000037 1.000000 0.000011
vn -0.000037 1.000000 0.000011
vn -0.000036 1.000000 0.000015
vn -0.000037 1.000000 0.000011
vn -0.000037 1.000000 0.000011
vn -0.000036 1.000000 0.000015
vn -0.000038 1.000000 0.000008
vn -0.000038 1.000000 0.000008
vn -0.000037 1.000000 0.000011
vn -0.000037 1.000000 0.000011
vn -0.000036 1.000000 0.000015
vn -0.000035 1.000000 0.000018
vn -0.000035 1.000000 0.000018
vn -0.000036 1.000000 0.000015
vn -0.000033 1.000000 0.000022
vn -0.000033 1.000000 0.000022
vn -0.000035 1.000000 0.000018
vn -0.000035 1.000000 0.000018
vn -0.000033 1.000000 0.000022
vn -0.000035 1.000000 0.000018
vn -0.000035 1.000000 0.000018
vn -0.000033 1.000000 0.000022
vn -0.000036 1.000000 0.000015
vn -0.000036 1.000000 0.000015
vn -0.000035 1.000000 0.000018
vn -0.000035 1.000000 0.000018
vn -0.000030 1.000000 0.000025
vn -0.000029 1.000000 0.000027
vn -0.000029 1.000000 0.000027
vn -0.000030 1.000000 0.000025
vn -0.000026 1.000000 0.000029
vn -0.000026 1.000000 0.000029
vn -0.000029 1.000000 0.000027
vn -0.000029 1.000000 0.000027
vn -0.000026 1.000000 0.000029
vn -0.000029 1.000000 0.000027
vn -0.000029 1.000000 0.000027
vn -0.000026 1.000000 0.000029
vn -0.000030 1.000000 0.000025
vn -0.000030 1.000000 0.000025
vn -0.000029 1.000000 0.000027
vn -0.000029 1.000000 0.000027
vn -0.000026 1.000000 0.000029
vn -0.000024 1.000000 0.000031
vn -0.000024 1.000000 0.000031
vn -0.000026 1.000000 0.000029
vn -0.000022 1.000000 0.000033
vn -0.000022 1.000000 0.000033
vn -0.000024 1.000000 0.000031
vn -0.000024 1.000000 0.000031
vn -0.000022 1.000000 0.000033
vn -0.000024 1.000000 0.000031
vn -0.000024 1.000000 0.000031
vn -0.000022 1.000000 0.000033
vn -0.000026 1.000000 0.000029
vn -0.000026 1.000000 0.000029
vn -0.000024 1.000000 0.000031
vn -0.000024 1.000000 0.000031
vn -0.000022 1.000000 0.000033
vn -0.000018 1.000000 0.000035
vn -0.000018 1.000000 0.000035
vn -0.000022 1.000000 0.000033
vn -0.000015 1.000000 0.000036
vn -0.000015 1.000000 0.000036
vn -0.000018 1.000000 0.000035
vn -0.000018 1.000000 0.000035
vn -0.000015 1.000000 0.000036
vn -0.000018 1.000000 0.000035
vn -0.000018 1.000000 0.000035
vn -0.000015 1.000000 0.000036
vn -0.000022 1.000000 0.000033
vn -0.000022 1.000000 0.000033
vn -0.000018 1.000000 0.000035
vn -0.000018 1.000000 0.000035
vn -0.000015 1.000000 0.000036
vn -0.000400 1.000000 -0.000074
vn -0.000396 1.000000 -0.000073
vn -0.000015 1.000000 0.000036
vn -0.001576 0.999999 -0.000326
vn -0.001567 0.999999 -0.000324
vn -0.000396 1.000000 -0.000073
vn -0.000400 1.000000 -0.000074
vn -0.001558 0.999999 -0.000323
vn -0.000392 1.000000 -0.000072
vn -0.000396 1.000000 -0.000073
vn -0.001567 0.999999 -0.000324
vn -0.000015 1.000000 0.000036
vn -0.000015 1.000000 0.000036
vn -0.000396 1.000000 -0.000073
vn -0.000392 1.000000 -0.000072
vn -0.001576 0.999999 -0.000326
vn -0.002367 0.999997 -0.000467
vn -0.002367 0.999997 -0.000467
vn -0.001567 0.999999 -0.000324
vn -0.001590 0.999999 -0.000486
vn -0.001602 0.999999 -0.000486
vn -0.002367 0.999997 -0.000467
vn -0.002367 0.999997 -0.000467
vn -0.001613 0.999999 -0.000485
vn -0.002367 0.999997 -0.000467
vn -0.002367 0.999997 -0.000467
vn -0.001602 0.999999 -0.000486
vn -0.001558 0.999999 -0.000323
vn -0.001567 0.999999 -0.000324
vn -0.002367 0.999997 -0.000467
vn -0.002367 0.999997 -0.000467
vn -0.001590 0.999999 -0.000486
vn -0.000047 1.000000 -0.000599
vn -0.000060 1.000000 -0.000598
vn -0.001602 0.999999 -0.000486
vn 0.001473 0.999999 -0.000866
vn 0.001460 0.999999 -0.000863
vn -0.000060 1.000000 -0.000598
vn -0.000047 1.000000 -0.000599
vn 0.001447 0.999999 -0.000860
vn -0.000071 1.000000 -0.000596
vn -0.000060 1.000000 -0.000598
vn 0.001460 0.999999 -0.000863
vn -0.001613 0.999999 -0.000485
vn -0.001602 0.999999 -0.000486
vn -0.000060 1.000000 -0.000598
vn -0.000071 1.000000 -0.000596
vn 0.001473 0.999999 -0.000866
vn 0.002197 0.999997 -0.001028
vn 0.002197 0.999997 -0.001028
vn 0.001460 0.999999 -0.000863
vn 0.001433 0.999999 -0.000687
vn 0.001447 0.999999 -0.000693
vn 0.002197 0.999997 -0.001028
vn 0.002197 0.999997 -0.001028
vn 0.001460 0.999999 -0.000699
vn 0.002198 0.999997 -0.001028
vn 0.002197 0.999997 -0.001028
vn 0.001447 0.999999 -0.000693
vn 0.001447 0.999999 -0.000860
vn 0.001460 0.999999 -0.000863
vn 0.002197 0.999997 -0.001028
vn 0.002198 0.999997 -0.001028
vn 0.001433 0.999999 -0.000687
vn 0.000359 1.000000 -0.000162
vn 0.000366 1.000000 -0.000166
vn 0.001447 0.999999 -0.000693
vn 0.000021 1.000000 0.000032
vn 0.000021 1.000000 0.000032
vn 0.000366 1.000000 -0.000166
vn 0.000359 1.000000 -0.000162
vn 0.000021 1.000000 0.000032
vn 0.000372 1.000000 -0.000169
vn 0.000366 1.000000 -0.000166
vn 0.000021 1.000000 0.000032
vn 0.001460 0.999999 -0.000699
vn 0.001447 0.999999 -0.000693
vn 0.000366 1.000000 -0.000166
vn 0.000372 1.000000 -0.000169
vn 0.000021 1.000000 0.000032
vn 0.000024 1.000000 0.000029
vn 0.000024 1.000000 0.000029
vn 0.000021 1.000000 0.000032
vn 0.000027 1.000000 0.000027
vn 0.000027 1.000000 0.000027
vn 0.000024 1.000000 0.000029
vn 0.000024 1.000000 0.000029
vn 0.000027 1.000000 0.000027
vn 0.000024 1.000000 0.000029
vn 0.000024 1.000000 0.000029
vn 0.000027 1.000000 0.000027
vn 0.000021 1.000000 0.000032
vn 0.000021 1.000000 0.000032
vn 0.000024 1.000000 0.000029
vn 0.000024 1.000000 0.000029
vn 0.000027 1.000000 0.000027
vn 0.000029 1.000000 0.000024
vn 0.000029 1.000000 0.000024
vn 0.000027 1.000000 0.000027
vn 0.000031 1.000000 0.000021
vn 0.000031 1.000000 0.000021
vn 0.000029 1.000000 0.000024
vn 0.000029 1.000000 0.000024
vn 0.000031 1.000000 0.000021
vn 0.000029 1.000000 0.000024
vn 0.000029 1.000000 0.000024
vn 0.000031 1.000000 0.000021
vn 0.000027 1.000000 0.000027
vn 0.000027 1.000000 0.000027
vn 0.000029 1.000000 0.000024
vn 0.000029 1.000000 0.000024
vn 0.000031 1.000000 0.000021
vn 0.000033 1.000000 0.000018
vn 0.000033 1.000000 0.000018
vn 0.000031 1.000000 0.000021
vn 0.000035 1.000000 0.000014
vn 0.000035 1.000000 0.000014
vn 0.000033 1.000000 0.000018
vn 0.000033 1.000000 0.000018
vn 0.000035 1.000000 0.000014
vn 0.000033 1.000000 0.000018
vn 0.000033 1.000000 0.000018
vn 0.000035 1.000000 0.000014
vn 0.000031 1.000000 0.000021
vn 0.000031 1.000000 0.000021
vn 0.000033 1.000000 0.000018
vn 0.000033 1.000000 0.000018
vn 0.000035 1.000000 0.000014
vn 0.000036 1.000000 0.000011
vn 0.000036 1.000000 0.000011
vn 0.000035 1.000000 0.000014
vn 0.000037 1.000000 0.000007
vn 0.000037 1.000000 0.000007
vn 0.000036 1.000000 0.000011
vn 0.000036 1.000000 0.000011
vn 0.000037 1.000000 0.000007
vn 0.000036 1.000000 0.000011
vn 0.000036 1.000000 0.000011
vn 0.000037 1.000000 0.000007
vn 0.000035 1.000000 0.000014
vn 0.000035 1.000000 0.000014
vn 0.000036 1.000000 0.000011
vn 0.000036 1.000000 0.000011
vn 0.000037 1.000000 0.000007
vn 0.000037 1.000000 0.000004
vn 0.000037 1.000000 0.000004
vn 0.000037 1.000000 0.000007
vn 0.000037 1.000000 0.000000
vn 0.000037 1.000000 0.000000
vn 0.000037 1.000000 0.000004
vn 0.000037 1.000000 0.000004
vn 0.000037 1.000000 0.000000
vn 0.000037 1.000000 0.000004
vn 0.000037 1.000000 0.000004
vn 0.000037 1.000000 0.000000
vn 0.000037 1.000000 0.000007
vn 0.000037 1.000000 0.000007
vn 0.000037 1.000000 0.000004
vn 0.000037 1.000000 0.000004
vn 0.000037 1.000000 0.000000
vn 0.000037 1.000000 -0.000004
vn 0.000037 1.000000 -0.000004
vn 0.000037 1.000000 0.000000
vn 0.000036 1.000000 -0.000007
vn 0.000036 1.000000 -0.000007
vn 0.000037 1.000000 -0.000004
vn 0.000037 1.000000 -0.000004
vn 0.000036 1.000000 -0.000007
vn 0.000037 1.000000 -0.000004
vn 0.000037 1.000000 -0.000004
vn 0.000036 1.000000 -0.000007
vn 0.000037 1.000000 0.000000
vn 0.000037 1.000000 0.000000
vn 0.000037 1.000000 -0.000004
vn 0.000037 1.000000 -0.000004
vn 0.000036 1.000000 -0.000007
vn 0.000035 1.000000 -0.000011
vn 0.000035 1.000000 -0.000011
vn 0.000036 1.000000 -0.000007
vn 0.000034 1.000000 -0.000014
vn 0.000034 1.000000 -0.000014
vn 0.000035 1.000000 -0.000011
vn 0.000035 1.000000 -0.000011
vn 0.000034 1.000000 -0.000014
vn 0.000035 1.000000 -0.000011
vn 0.000035 1.000000 -0.000011
vn 0.000034 1.000000 -0.000014
vn 0.000036 1.000000 -0.000007
vn 0.000036 1.000000 -0.000007
vn 0.000035 1.000000 -0.000011
vn 0.000035 1.000000 -0.000011
vn 0.000034 1.000000 -0.000014
vn 0.000033 1.000000 -0.000017
vn 0.000033 1.000000 -0.000017
vn 0.000034 1.000000 -0.000014
vn 0.000031 1.000000 -0.000021
vn 0.000031 1.000000 -0.000021
vn 0.000033 1.000000 -0.000017
vn 0.000033 1.000000 -0.000017
vn 0.000031 1.000000 -0.000020
vn 0.000033 1.000000 -0.000017
vn 0.000033 1.000000 -0.000017
vn 0.000031 1.000000 -0.000021
vn 0.000034 1.000000 -0.000014
vn 0.000034 1.000000 -0.000014
vn 0.000033 1.000000 -0.000017
vn 0.000033 1.000000 -0.000017
vn 0.000031 1.000000 -0.000021
vn 0.000029 1.000000 -0.000023
vn 0.000029 1.000000 -0.000023
vn 0.000031 1.000000 -0.000021
vn 0.000026 1.000000 -0.000026
vn 0.000026 1.000000 -0.000026
vn 0.000029 1.000000 -0.000023
vn 0.000029 1.000000 -0.000023
vn 0.000026 1.000000 -0.000026
vn 0.000028 1.000000 -0.000023
vn 0.000029 1.000000 -0.000023
vn 0.000026 1.000000 -0.000026
vn 0.000031 1.000000 -0.000020
vn 0.000031 1.000000 -0.000021
vn 0.000029 1.000000 -0.000023
vn 0.000028 1.000000 -0.000023
vn 0.000026 1.000000 -0.000026
vn 0.000023 1.000000 -0.000029
vn 0.000023 1.000000 -0.000029
vn 0.000026 1.000000 -0.000026
vn 0.000021 1.000000 -0.000031
vn 0.000021 1.000000 -0.000031
vn 0.000023 1.000000 -0.000029
vn 0.000023 1.000000 -0.000029
vn 0.000021 1.000000 -0.000031
vn 0.000023 1.000000 -0.000029
vn 0.000023 1.000000 -0.000029
vn 0.000021 1.000000 -0.000031
vn 0.000026 1.000000 -0.000026
vn 0.000026 1.000000 -0.000026
vn 0.000023 1.000000 -0.000029
vn 0.000023 1.000000 -0.000029
vn 0.000021 1.000000 -0.000031
vn 0.000017 1.000000 -0.000033
vn 0.000017 1.000000 -0.000033
vn 0.000021 1.000000 -0.000031
vn 0.000014 1.000000 -0.000034
vn 0.000014 1.000000 -0.000034
vn 0.000017 1.000000 -0.000033
vn 0.000017 1.000000 -0.000033
vn 0.000014 1.000000 -0.000034
vn 0.000017 1.000000 -0.000033
vn 0.000017 1.000000 -0.000033
vn 0.000014 1.000000 -0.000034
vn 0.000021 1.000000 -0.000031
vn 0.000021 1.000000 -0.000031
vn 0.000017 1.000000 -0.000033
vn 0.000017 1.000000 -0.000033
vn 0.000014 1.000000 -0.000034
vn 0.000011 1.000000 -0.000035
vn 0.000011 1.000000 -0.000035
vn 0.000014 1.000000 -0.000034
vn 0.000007 1.000000 -0.000036
vn 0.000007 1.000000 -0.000036
vn 0.000011 1.000000 -0.000035
vn 0.000011 1.000000 -0.000035
vn 0.000007 1.000000 -0.000036
vn 0.000011 1.000000 -0.000035
vn 0.000011 1.000000 -0.000035
vn 0.000007 1.000000 -0.000036
vn 0.000014 1.000000 -0.000034
vn 0.000014 1.000000 -0.000034
vn 0.000011 1.000000 -0.000035
vn 0.000011 1.000000 -0.000035
vn 0.000007 1.000000 -0.000036
vn 0.000004 1.000000 -0.000037
vn 0.000004 1.000000 -0.000037
vn 0.000007 1.000000 -0.000036
vn 0.000000 1.000000 -0.000037
vn -0.000000 1.000000 -0.000037
vn 0.000004 1.000000 -0.000037
vn 0.000004 1.000000 -0.000037
vn -0.000000 1.000000 -0.000037
vn 0.000004 1.000000 -0.000037
vn 0.000004 1.000000 -0.000037
vn -0.000000 1.000000 -0.000037
vn 0.000007 1.000000 -0.000036
vn 0.000007 1.000000 -0.000036
vn 0.000004 1.000000 -0.000037
vn 0.000004 1.000000 -0.000037
vn -0.000033 1.000000 0.000022
vn -0.000031 1.000000 0.000024
vn -0.000031 1.000000 0.000024
vn -0.000033 1.000000 0.000022
vn -0.000030 1.000000 0.000025
vn -0.000030 1.000000 0.000025
vn -0.000031 1.000000 0.000024
vn -0.000031 1.000000 0.000024
vn -0.000030 1.000000 0.000025
vn -0.000031 1.000000 0.000024
vn -0.000031 1.000000 0.000024
vn -0.000030 1.000000 0.000025
vn -0.000033 1.000000 0.000022
vn -0.000033 1.000000 0.000022
vn -0.000031 1.000000 0.000024
vn -0.000031 1.000000 0.000024
s off
g Poke:polySurface2Sphere001
usemtl Poke:phong1SG
f 2504/2386/8637 2859/2387/8638 2570/2388/8639 3339/2389/8640
f 2279/2390/8641 2860/2391/8642 2570/2388/8643 2859/2387/8644
f 2280/2392/8645 2861/2393/8646 2570/2388/8647 2860/2391/8648
f 2505/2394/8649 3339/2389/8650 2570/2388/8651 2861/2393/8652
f 2505/2394/8653 2861/2393/8654 2571/2395/8655 3340/2396/8656
f 2280/2392/8657 2862/2397/8658 2571/2395/8659 2861/2393/8660
f 2281/2398/8661 2863/2399/8662 2571/2395/8663 2862/2397/8664
f 2506/2400/8665 3340/2396/8666 2571/2395/8667 2863/2399/8668
f 2506/2400/8669 2863/2399/8670 2572/2401/8671 3341/2402/8672
f 2281/2398/8673 2864/2403/8674 2572/2401/8675 2863/2399/8676
f 2282/2404/8677 2865/2405/8678 2572/2401/8679 2864/2403/8680
f 2507/2406/8681 3341/2402/8682 2572/2401/8683 2865/2405/8684
f 2507/2406/8685 2865/2405/8686 2573/2407/8687 3342/2408/8688
f 2282/2404/8689 2866/2409/8690 2573/2407/8691 2865/2405/8692
f 2283/2410/8693 2867/2411/8694 2573/2407/8695 2866/2409/8696
f 2508/2412/8697 3342/2408/8698 2573/2407/8699 2867/2411/8700
f 2508/2412/8701 2867/2411/8702 2574/2413/8703 3343/2414/8704
f 2283/2410/8705 2868/2415/8706 2574/2413/8707 2867/2411/8708
f 2284/2416/8709 2869/2417/8710 2574/2413/8711 2868/2415/8712
f 2509/2418/8713 3343/2414/8714 2574/2413/8715 2869/2417/8716
f 2509/2418/8717 2869/2417/8718 2575/2419/8719 3344/2420/8720
f 2284/2416/8721 2870/2421/8722 2575/2419/8723 2869/2417/8724
f 2285/2422/8725 2871/2423/8726 2575/2419/8727 2870/2421/8728
f 2510/2424/8729 3344/2420/8730 2575/2419/8731 2871/2423/8732
f 2510/2424/8733 2871/2423/8734 2576/2425/8735 3345/2426/8736
f 2285/2422/8737 2872/2427/8738 2576/2425/8739 2871/2423/8740
f 2286/2428/8741 2873/2429/8742 2576/2425/8743 2872/2427/8744
f 2511/2430/8745 3345/2426/8746 2576/2425/8747 2873/2429/8748
f 2511/2430/8749 2873/2429/8750 2577/2431/8751 3346/2432/8752
f 2286/2428/8753 2874/2433/8754 2577/2431/8755 2873/2429/8756
f 2287/2434/8757 2875/2435/8758 2577/2431/8759 2874/2433/8760
f 2512/2436/8761 3346/2432/8762 2577/2431/8763 2875/2435/8764
f 2512/2436/8765 2875/2435/8766 2578/2437/8767 3347/2438/8768
f 2287/2434/8769 2876/2439/8770 2578/2437/8771 2875/2435/8772
f 2288/2440/8773 2877/2441/8774 2578/2437/8775 2876/2439/8776
f 2513/2442/8777 3347/2438/8778 2578/2437/8779 2877/2441/8780
f 2513/2442/8781 2877/2441/8782 2579/2443/8783 3348/2444/8784
f 2288/2440/8785 2878/2445/8786 2579/2443/8787 2877/2441/8788
f 2289/2446/8789 2879/2447/8790 2579/2443/8791 2878/2445/8792
f 2514/2448/8793 3348/2444/8794 2579/2443/8795 2879/2447/8796
f 2514/2448/8797 2879/2447/8798 2580/2449/8799 3349/2450/8800
f 2289/2446/8801 2880/2451/8802 2580/2449/8803 2879/2447/8804
f 2290/2452/8805 2881/2453/8806 2580/2449/8807 2880/2451/8808
f 2515/2454/8809 3349/2450/8810 2580/2449/8811 2881/2453/8812
f 2515/2454/8813 2881/2453/8814 2581/2455/8815 3371/2456/8816
f 2290/2452/8817 2882/2457/8818 2581/2455/8819 2881/2453/8820
f 2291/2458/8821 2883/2459/8822 2581/2455/8823 2882/2457/8824
f 2516/2460/8825 3350/2461/8826 2581/2455/8827 2883/2459/8828
f 2536/2462/8829 3371/2456/8830 2581/2455/8831 3350/2461/8832
f 2516/2460/8833 2883/2459/8834 2582/2463/8835 3351/2464/8836
f 2291/2458/8837 2884/2465/8838 2582/2463/8839 2883/2459/8840
f 2292/2466/8841 2885/2467/8842 2582/2463/8843 2884/2465/8844
f 2517/2468/8845 3351/2464/8846 2582/2463/8847 2885/2467/8848
f 2517/2468/8849 2885/2467/8850 2583/2469/8851 3352/2470/8852
f 2292/2466/8853 2886/2471/8854 2583/2469/8855 2885/2467/8856
f 2293/2472/8857 2887/2473/8858 2583/2469/8859 2886/2471/8860
f 2518/2474/8861 3352/2470/8862 2583/2469/8863 2887/2473/8864
f 2518/2474/8865 2887/2473/8866 2584/2475/8867 3353/2476/8868
f 2293/2472/8869 2888/2477/8870 2584/2475/8871 2887/2473/8872
f 2294/2478/8873 2889/2479/8874 2584/2475/8875 2888/2477/8876
f 2519/2480/8877 3353/2476/8878 2584/2475/8879 2889/2479/8880
f 2519/2480/8881 2889/2479/8882 2585/2481/8883 3354/2482/8884
f 2294/2478/8885 2890/2483/8886 2585/2481/8887 2889/2479/8888
f 2295/2484/8889 2891/2485/8890 2585/2481/8891 2890/2483/8892
f 2520/2486/8893 3354/2482/8894 2585/2481/8895 2891/2485/8896
f 2520/2486/8897 2891/2485/8898 2586/2487/8899 3355/2488/8900
f 2295/2484/8901 2892/2489/8902 2586/2487/8903 2891/2485/8904
f 2296/2490/8905 2893/2491/8906 2586/2487/8907 2892/2489/8908
f 2521/2492/8909 3355/2488/8910 2586/2487/8911 2893/2491/8912
f 2521/2492/8913 2893/2491/8914 2587/2493/8915 3356/2494/8916
f 2296/2490/8917 2894/2495/8918 2587/2493/8919 2893/2491/8920
f 2297/2496/8921 2895/2497/8922 2587/2493/8923 2894/2495/8924
f 2522/2498/8925 3356/2494/8926 2587/2493/8927 2895/2497/8928
f 2522/2498/8929 2895/2497/8930 2588/2499/8931 3357/2500/8932
f 2297/2496/8933 2896/2501/8934 2588/2499/8935 2895/2497/8936
f 2298/2502/8937 2897/2503/8938 2588/2499/8939 2896/2501/8940
f 2523/2504/8941 3357/2500/8942 2588/2499/8943 2897/2503/8944
f 2523/2504/8945 2897/2503/8946 2589/2505/8947 3358/2506/8948
f 2298/2502/8949 2898/2507/8950 2589/2505/8951 2897/2503/8952
f 2299/2508/8953 2899/2509/8954 2589/2505/8955 2898/2507/8956
f 2524/2510/8957 3358/2506/8958 2589/2505/8959 2899/2509/8960
f 2524/2510/8961 2899/2509/8962 2590/2511/8963 3359/2512/8964
f 2299/2508/8965 2900/2513/8966 2590/2511/8967 2899/2509/8968
f 2300/2514/8969 2901/2515/8970 2590/2511/8971 2900/2513/8972
f 2525/2516/8973 3359/2512/8974 2590/2511/8975 2901/2515/8976
f 2525/2516/8977 2901/2515/8978 2591/2517/8979 3360/2518/8980
f 2300/2514/8981 2902/2519/8982 2591/2517/8983 2901/2515/8984
f 2301/2520/8985 2903/2521/8986 2591/2517/8987 2902/2519/8988
f 2526/2522/8989 3360/2518/8990 2591/2517/8991 2903/2521/8992
f 2526/2522/8993 2903/2521/8994 2592/2523/8995 3361/2524/8996
f 2301/2520/8997 2904/2525/8998 2592/2523/8999 2903/2521/9000
f 2302/2526/9001 2905/2527/9002 2592/2523/9003 2904/2525/9004
f 2527/2528/9005 3361/2524/9006 2592/2523/9007 2905/2527/9008
f 2527/2528/9009 2905/2527/9010 2593/2529/9011 3362/2530/9012
f 2302/2526/9013 2906/2531/9014 2593/2529/9015 2905/2527/9016
f 2303/2532/9017 2907/2533/9018 2593/2529/9019 2906/2531/9020
f 2528/2534/9021 3362/2530/9022 2593/2529/9023 2907/2533/9024
f 2528/2534/9025 2907/2533/9026 2594/2535/9027 3363/2536/9028
f 2303/2532/9029 2908/2537/9030 2594/2535/9031 2907/2533/9032
f 2304/2538/9033 2909/2539/9034 2594/2535/9035 2908/2537/9036
f 2529/2540/9037 3363/2536/9038 2594/2535/9039 2909/2539/9040
f 2529/2540/9041 2909/2539/9042 2595/2541/9043 3364/2542/9044
f 2304/2538/9045 2910/2543/9046 2595/2541/9047 2909/2539/9048
f 2305/2544/9049 2911/2545/9050 2595/2541/9051 2910/2543/9052
f 2530/2546/9053 3364/2542/9054 2595/2541/9055 2911/2545/9056
f 2530/2546/9057 2911/2545/9058 2596/2547/9059 3365/2548/9060
f 2305/2544/9061 2912/2549/9062 2596/2547/9063 2911/2545/9064
f 2306/2550/9065 2913/2551/9066 2596/2547/9067 2912/2549/9068
f 2531/2552/9069 3365/2548/9070 2596/2547/9071 2913/2551/9072
f 2531/2552/9073 2913/2551/9074 2597/2553/9075 3366/2554/9076
f 2306/2550/9077 2914/2555/9078 2597/2553/9079 2913/2551/9080
f 2307/2556/9081 2915/2557/9082 2597/2553/9083 2914/2555/9084
f 2532/2558/9085 3366/2554/9086 2597/2553/9087 2915/2557/9088
f 2532/2558/9089 2915/2557/9090 2598/2559/9091 3367/2560/9092
f 2307/2556/9093 2916/2561/9094 2598/2559/9095 2915/2557/9096
f 2308/2562/9097 2917/2563/9098 2598/2559/9099 2916/2561/9100
f 2533/2564/9101 3367/2560/9102 2598/2559/9103 2917/2563/9104
f 2533/2564/9105 2917/2563/9106 2599/2565/9107 3368/2566/9108
f 2308/2562/9109 2918/2567/9110 2599/2565/9111 2917/2563/9112
f 2309/2568/9113 2919/2569/9114 2599/2565/9115 2918/2567/9116
f 2534/2570/9117 3368/2566/9118 2599/2565/9119 2919/2569/9120
f 2534/2570/9121 2919/2569/9122 2600/2571/9123 3369/2572/9124
f 2309/2568/9125 2920/2573/9126 2600/2571/9127 2919/2569/9128
f 2310/2574/9129 2921/2575/9130 2600/2571/9131 2920/2573/9132
f 2535/2576/9133 3369/2572/9134 2600/2571/9135 2921/2575/9136
f 2535/2576/9137 2921/2575/9138 2601/2577/9139 3370/2578/9140
f 2310/2574/9141 2922/2579/9142 2601/2577/9143 2921/2575/9144
f 2279/2580/9145 2859/2581/9146 2601/2577/9147 2922/2579/9148
f 2504/2582/9149 3370/2578/9150 2601/2577/9151 2859/2581/9152
f 2279/2390/9153 2923/2583/9154 2602/2584/9155 2860/2391/9156
f 2311/2585/9157 2924/2586/9158 2602/2584/9159 2923/2583/9160
f 2312/2587/9161 2925/2588/9162 2602/2584/9163 2924/2586/9164
f 2280/2392/9165 2860/2391/9166 2602/2584/9167 2925/2588/9168
f 2280/2392/9169 2925/2588/9170 2603/2589/9171 2862/2397/9172
f 2312/2587/9173 2926/2590/9174 2603/2589/9175 2925/2588/9176
f 2313/2591/9177 2927/2592/9178 2603/2589/9179 2926/2590/9180
f 2281/2398/9181 2862/2397/9182 2603/2589/9183 2927/2592/9184
f 2281/2398/9185 2927/2592/9186 2604/2593/9187 2864/2403/9188
f 2313/2591/9189 2928/2594/9190 2604/2593/9191 2927/2592/9192
f 2314/2595/9193 2929/2596/9194 2604/2593/9195 2928/2594/9196
f 2282/2404/9197 2864/2403/9198 2604/2593/9199 2929/2596/9200
f 2282/2404/9201 2929/2596/9202 2605/2597/9203 2866/2409/9204
f 2314/2595/9205 2930/2598/9206 2605/2597/9207 2929/2596/9208
f 2315/2599/9209 2931/2600/9210 2605/2597/9211 2930/2598/9212
f 2283/2410/9213 2866/2409/9214 2605/2597/9215 2931/2600/9216
f 2283/2410/9217 2931/2600/9218 2606/2601/9219 2868/2415/9220
f 2315/2599/9221 2932/2602/9222 2606/2601/9223 2931/2600/9224
f 2316/2603/9225 2933/2604/9226 2606/2601/9227 2932/2602/9228
f 2284/2416/9229 2868/2415/9230 2606/2601/9231 2933/2604/9232
f 2284/2416/9233 2933/2604/9234 2607/2605/9235 2870/2421/9236
f 2316/2603/9237 2934/2606/9238 2607/2605/9239 2933/2604/9240
f 2317/2607/9241 2935/2608/9242 2607/2605/9243 2934/2606/9244
f 2285/2422/9245 2870/2421/9246 2607/2605/9247 2935/2608/9248
f 2285/2422/9249 2935/2608/9250 2608/2609/9251 2872/2427/9252
f 2317/2607/9253 2936/2610/9254 2608/2609/9255 2935/2608/9256
f 2318/2611/9257 2937/2612/9258 2608/2609/9259 2936/2610/9260
f 2286/2428/9261 2872/2427/9262 2608/2609/9263 2937/2612/9264
f 2286/2428/9265 2937/2612/9266 2609/2613/9267 2874/2433/9268
f 2318/2611/9269 2938/2614/9270 2609/2613/9271 2937/2612/9272
f 2319/2615/9273 2939/2616/9274 2609/2613/9275 2938/2614/9276
f 2287/2434/9277 2874/2433/9278 2609/2613/9279 2939/2616/9280
f 2287/2434/9281 2939/2616/9282 2610/2617/9283 2876/2439/9284
f 2319/2615/9285 2940/2618/9286 2610/2617/9287 2939/2616/9288
f 2320/2619/9289 2941/2620/9290 2610/2617/9291 2940/2618/9292
f 2288/2440/9293 2876/2439/9294 2610/2617/9295 2941/2620/9296
f 2288/2440/9297 2941/2620/9298 2611/2621/9299 2878/2445/9300
f 2320/2619/9301 2942/2622/9302 2611/2621/9303 2941/2620/9304
f 2321/2623/9305 2943/2624/9306 2611/2621/9307 2942/2622/9308
f 2289/2446/9309 2878/2445/9310 2611/2621/9311 2943/2624/9312
f 2289/2446/9313 2943/2624/9314 2612/2625/9315 2880/2451/9316
f 2321/2623/9317 2944/2626/9318 2612/2625/9319 2943/2624/9320
f 2322/2627/9321 2945/2628/9322 2612/2625/9323 2944/2626/9324
f 2290/2452/9325 2880/2451/9326 2612/2625/9327 2945/2628/9328
f 2290/2452/9329 2945/2628/9330 2613/2629/9331 2882/2457/9332
f 2322/2627/9333 2946/2630/9334 2613/2629/9335 2945/2628/9336
f 2323/2631/9337 2947/2632/9338 2613/2629/9339 2946/2630/9340
f 2291/2458/9341 2882/2457/9342 2613/2629/9343 2947/2632/9344
f 2291/2458/9345 2947/2632/9346 2614/2633/9347 2884/2465/9348
f 2323/2631/9349 2948/2634/9350 2614/2633/9351 2947/2632/9352
f 2324/2635/9353 2949/2636/9354 2614/2633/9355 2948/2634/9356
f 2292/2466/9357 2884/2465/9358 2614/2633/9359 2949/2636/9360
f 2292/2466/9361 2949/2636/9362 2615/2637/9363 2886/2471/9364
f 2324/2635/9365 2950/2638/9366 2615/2637/9367 2949/2636/9368
f 2325/2639/9369 2951/2640/9370 2615/2637/9371 2950/2638/9372
f 2293/2472/9373 2886/2471/9374 2615/2637/9375 2951/2640/9376
f 2293/2472/9377 2951/2640/9378 2616/2641/9379 2888/2477/9380
f 2325/2639/9381 2952/2642/9382 2616/2641/9383 2951/2640/9384
f 2326/2643/9385 2953/2644/9386 2616/2641/9387 2952/2642/9388
f 2294/2478/9389 2888/2477/9390 2616/2641/9391 2953/2644/9392
f 2294/2478/9393 2953/2644/9394 2617/2645/9395 2890/2483/9396
f 2326/2643/9397 2954/2646/9398 2617/2645/9399 2953/2644/9400
f 2327/2647/9401 2955/2648/9402 2617/2645/9403 2954/2646/9404
f 2295/2484/9405 2890/2483/9406 2617/2645/9407 2955/2648/9408
f 2295/2484/9409 2955/2648/9410 2618/2649/9411 2892/2489/9412
f 2327/2647/9413 2956/2650/9414 2618/2649/9415 2955/2648/9416
f 2328/2651/9417 2957/2652/9418 2618/2649/9419 2956/2650/9420
f 2296/2490/9421 2892/2489/9422 2618/2649/9423 2957/2652/9424
f 2296/2490/9425 2957/2652/9426 2619/2653/9427 2894/2495/9428
f 2328/2651/9429 2958/2654/9430 2619/2653/9431 2957/2652/9432
f 2329/2655/9433 2959/2656/9434 2619/2653/9435 2958/2654/9436
f 2297/2496/9437 2894/2495/9438 2619/2653/9439 2959/2656/9440
f 2297/2496/9441 2959/2656/9442 2620/2657/9443 2896/2501/9444
f 2329/2655/9445 2960/2658/9446 2620/2657/9447 2959/2656/9448
f 2330/2659/9449 2961/2660/9450 2620/2657/9451 2960/2658/9452
f 2298/2502/9453 2896/2501/9454 2620/2657/9455 2961/2660/9456
f 2298/2502/9457 2961/2660/9458 2621/2661/9459 2898/2507/9460
f 2330/2659/9461 2962/2662/9462 2621/2661/9463 2961/2660/9464
f 2331/2663/9465 2963/2664/9466 2621/2661/9467 2962/2662/9468
f 2299/2508/9469 2898/2507/9470 2621/2661/9471 2963/2664/9472
f 2299/2508/9473 2963/2664/9474 2622/2665/9475 2900/2513/9476
f 2331/2663/9477 2964/2666/9478 2622/2665/9479 2963/2664/9480
f 2332/2667/9481 2965/2668/9482 2622/2665/9483 2964/2666/9484
f 2300/2514/9485 2900/2513/9486 2622/2665/9487 2965/2668/9488
f 2300/2514/9489 2965/2668/9490 2623/2669/9491 2902/2519/9492
f 2332/2667/9493 2966/2670/9494 2623/2669/9495 2965/2668/9496
f 2333/2671/9497 2967/2672/9498 2623/2669/9499 2966/2670/9500
f 2301/2520/9501 2902/2519/9502 2623/2669/9503 2967/2672/9504
f 2301/2520/9505 2967/2672/9506 2624/2673/9507 2904/2525/9508
f 2333/2671/9509 2968/2674/9510 2624/2673/9511 2967/2672/9512
f 2334/2675/9513 2969/2676/9514 2624/2673/9515 2968/2674/9516
f 2302/2526/9517 2904/2525/9518 2624/2673/9519 2969/2676/9520
f 2302/2526/9521 2969/2676/9522 2625/2677/9523 2906/2531/9524
f 2334/2675/9525 2970/2678/9526 2625/2677/9527 2969/2676/9528
f 2335/2679/9529 2971/2680/9530 2625/2677/9531 2970/2678/9532
f 2303/2532/9533 2906/2531/9534 2625/2677/9535 2971/2680/9536
f 2303/2532/9537 2971/2680/9538 2626/2681/9539 2908/2537/9540
f 2335/2679/9541 2972/2682/9542 2626/2681/9543 2971/2680/9544
f 2336/2683/9545 2973/2684/9546 2626/2681/9547 2972/2682/9548
f 2304/2538/9549 2908/2537/9550 2626/2681/9551 2973/2684/9552
f 2304/2538/9553 2973/2684/9554 2627/2685/9555 2910/2543/9556
f 2336/2683/9557 2974/2686/9558 2627/2685/9559 2973/2684/9560
f 2337/2687/9561 2975/2688/9562 2627/2685/9563 2974/2686/9564
f 2305/2544/9565 2910/2543/9566 2627/2685/9567 2975/2688/9568
f 2305/2544/9569 2975/2688/9570 2628/2689/9571 2912/2549/9572
f 2337/2687/9573 2976/2690/9574 2628/2689/9575 2975/2688/9576
f 2338/2691/9577 2977/2692/9578 2628/2689/9579 2976/2690/9580
f 2306/2550/9581 2912/2549/9582 2628/2689/9583 2977/2692/9584
f 2306/2550/9585 2977/2692/9586 2629/2693/9587 2914/2555/9588
f 2338/2691/9589 2978/2694/9590 2629/2693/9591 2977/2692/9592
f 2339/2695/9593 2979/2696/9594 2629/2693/9595 2978/2694/9596
f 2307/2556/9597 2914/2555/9598 2629/2693/9599 2979/2696/9600
f 2307/2556/9601 2979/2696/9602 2630/2697/9603 2916/2561/9604
f 2339/2695/9605 2980/2698/9606 2630/2697/9607 2979/2696/9608
f 2340/2699/9609 2981/2700/9610 2630/2697/9611 2980/2698/9612
f 2308/2562/9613 2916/2561/9614 2630/2697/9615 2981/2700/9616
f 2308/2562/9617 2981/2700/9618 2631/2701/9619 2918/2567/9620
f 2340/2699/9621 2982/2702/9622 2631/2701/9623 2981/2700/9624
f 2341/2703/9625 2983/2704/9626 2631/2701/9627 2982/2702/9628
f 2309/2568/9629 2918/2567/9630 2631/2701/9631 2983/2704/9632
f 2309/2568/9633 2983/2704/9634 2632/2705/9635 2920/2573/9636
f 2341/2703/9637 2984/2706/9638 2632/2705/9639 2983/2704/9640
f 2342/2707/9641 2985/2708/9642 2632/2705/9643 2984/2706/9644
f 2310/2574/9645 2920/2573/9646 2632/2705/9647 2985/2708/9648
f 2310/2574/9649 2985/2708/9650 2633/2709/9651 2922/2579/9652
f 2342/2707/9653 2986/2710/9654 2633/2709/9655 2985/2708/9656
f 2311/2711/9657 2923/2712/9658 2633/2709/9659 2986/2710/9660
f 2279/2580/9661 2922/2579/9662 2633/2709/9663 2923/2712/9664
f 2311/2585/9665 2987/2713/9666 2634/2714/9667 2924/2586/9668
f 2343/2715/9669 2988/2716/9670 2634/2714/9671 2987/2713/9672
f 2344/2717/9673 2989/2718/9674 2634/2714/9675 2988/2716/9676
f 2312/2587/9677 2924/2586/9678 2634/2714/9679 2989/2718/9680
f 2312/2587/9681 2989/2718/9682 2635/2719/9683 2926/2590/9684
f 2344/2717/9685 2990/2720/9686 2635/2719/9687 2989/2718/9688
f 2345/2721/9689 2991/2722/9690 2635/2719/9691 2990/2720/9692
f 2313/2591/9693 2926/2590/9694 2635/2719/9695 2991/2722/9696
f 2313/2591/9697 2991/2722/9698 2636/2723/9699 2928/2594/9700
f 2345/2721/9701 2992/2724/9702 2636/2723/9703 2991/2722/9704
f 2346/2725/9705 2993/2726/9706 2636/2723/9707 2992/2724/9708
f 2314/2595/9709 2928/2594/9710 2636/2723/9711 2993/2726/9712
f 2314/2595/9713 2993/2726/9714 2637/2727/9715 2930/2598/9716
f 2346/2725/9717 2994/2728/9718 2637/2727/9719 2993/2726/9720
f 2347/2729/9721 2995/2730/9722 2637/2727/9723 2994/2728/9724
f 2315/2599/9725 2930/2598/9726 2637/2727/9727 2995/2730/9728
f 2315/2599/9729 2995/2730/9730 2638/2731/9731 2932/2602/9732
f 2347/2729/9733 2996/2732/9734 2638/2731/9735 2995/2730/9736
f 2348/2733/9737 2997/2734/9738 2638/2731/9739 2996/2732/9740
f 2316/2603/9741 2932/2602/9742 2638/2731/9743 2997/2734/9744
f 2316/2603/9745 2997/2734/9746 2639/2735/9747 2934/2606/9748
f 2348/2733/9749 2998/2736/9750 2639/2735/9751 2997/2734/9752
f 2349/2737/9753 2999/2738/9754 2639/2735/9755 2998/2736/9756
f 2317/2607/9757 2934/2606/9758 2639/2735/9759 2999/2738/9760
f 2317/2607/9761 2999/2738/9762 2640/2739/9763 2936/2610/9764
f 2349/2737/9765 3000/2740/9766 2640/2739/9767 2999/2738/9768
f 2350/2741/9769 3001/2742/9770 2640/2739/9771 3000/2740/9772
f 2318/2611/9773 2936/2610/9774 2640/2739/9775 3001/2742/9776
f 2318/2611/9777 3001/2742/9778 2641/2743/9779 2938/2614/9780
f 2350/2741/9781 3002/2744/9782 2641/2743/9783 3001/2742/9784
f 2351/2745/9785 3003/2746/9786 2641/2743/9787 3002/2744/9788
f 2319/2615/9789 2938/2614/9790 2641/2743/9791 3003/2746/9792
f 2319/2615/9793 3003/2746/9794 2642/2747/9795 2940/2618/9796
f 2351/2745/9797 3004/2748/9798 2642/2747/9799 3003/2746/9800
f 2352/2749/9801 3005/2750/9802 2642/2747/9803 3004/2748/9804
f 2320/2619/9805 2940/2618/9806 2642/2747/9807 3005/2750/9808
f 2320/2619/9809 3005/2750/9810 2643/2751/9811 2942/2622/9812
f 2352/2749/9813 3006/2752/9814 2643/2751/9815 3005/2750/9816
f 2353/2753/9817 3007/2754/9818 2643/2751/9819 3006/2752/9820
f 2321/2623/9821 2942/2622/9822 2643/2751/9823 3007/2754/9824
f 2321/2623/9825 3007/2754/9826 2644/2755/9827 2944/2626/9828
f 2353/2753/9829 3008/2756/9830 2644/2755/9831 3007/2754/9832
f 2354/2757/9833 3009/2758/9834 2644/2755/9835 3008/2756/9836
f 2322/2627/9837 2944/2626/9838 2644/2755/9839 3009/2758/9840
f 2322/2627/9841 3009/2758/9842 2645/2759/9843 2946/2630/9844
f 2354/2757/9845 3010/2760/9846 2645/2759/9847 3009/2758/9848
f 2355/2761/9849 3011/2762/9850 2645/2759/9851 3010/2760/9852
f 2323/2631/9853 2946/2630/9854 2645/2759/9855 3011/2762/9856
f 2323/2631/9857 3011/2762/9858 2646/2763/9859 2948/2634/9860
f 2355/2761/9861 3012/2764/9862 2646/2763/9863 3011/2762/9864
f 2356/2765/9865 3013/2766/9866 2646/2763/9867 3012/2764/9868
f 2324/2635/9869 2948/2634/9870 2646/2763/9871 3013/2766/9872
f 2324/2635/9873 3013/2766/9874 2647/2767/9875 2950/2638/9876
f 2356/2765/9877 3014/2768/9878 2647/2767/9879 3013/2766/9880
f 2357/2769/9881 3015/2770/9882 2647/2767/9883 3014/2768/9884
f 2325/2639/9885 2950/2638/9886 2647/2767/9887 3015/2770/9888
f 2325/2639/9889 3015/2770/9890 2648/2771/9891 2952/2642/9892
f 2357/2769/9893 3016/2772/9894 2648/2771/9895 3015/2770/9896
f 2358/2773/9897 3017/2774/9898 2648/2771/9899 3016/2772/9900
f 2326/2643/9901 2952/2642/9902 2648/2771/9903 3017/2774/9904
f 2326/2643/9905 3017/2774/9906 2649/2775/9907 2954/2646/9908
f 2358/2773/9909 3018/2776/9910 2649/2775/9911 3017/2774/9912
f 2359/2777/9913 3019/2778/9914 2649/2775/9915 3018/2776/9916
f 2327/2647/9917 2954/2646/9918 2649/2775/9919 3019/2778/9920
f 2327/2647/9921 3019/2778/9922 2650/2779/9923 2956/2650/9924
f 2359/2777/9925 3020/2780/9926 2650/2779/9927 3019/2778/9928
f 2360/2781/9929 3021/2782/9930 2650/2779/9931 3020/2780/9932
f 2328/2651/9933 2956/2650/9934 2650/2779/9935 3021/2782/9936
f 2328/2651/9937 3021/2782/9938 2651/2783/9939 2958/2654/9940
f 2360/2781/9941 3022/2784/9942 2651/2783/9943 3021/2782/9944
f 2361/2785/9945 3023/2786/9946 2651/2783/9947 3022/2784/9948
f 2329/2655/9949 2958/2654/9950 2651/2783/9951 3023/2786/9952
f 2329/2655/9953 3023/2786/9954 2652/2787/9955 2960/2658/9956
f 2361/2785/9957 3024/2788/9958 2652/2787/9959 3023/2786/9960
f 2362/2789/9961 3025/2790/9962 2652/2787/9963 3024/2788/9964
f 2330/2659/9965 2960/2658/9966 2652/2787/9967 3025/2790/9968
f 2330/2659/9969 3025/2790/9970 2653/2791/9971 2962/2662/9972
f 2362/2789/9973 3026/2792/9974 2653/2791/9975 3025/2790/9976
f 2363/2793/9977 3027/2794/9978 2653/2791/9979 3026/2792/9980
f 2331/2663/9981 2962/2662/9982 2653/2791/9983 3027/2794/9984
f 2331/2663/9985 3027/2794/9986 2654/2795/9987 2964/2666/9988
f 2363/2793/9989 3028/2796/9990 2654/2795/9991 3027/2794/9992
f 2364/2797/9993 3029/2798/9994 2654/2795/9995 3028/2796/9996
f 2332/2667/9997 2964/2666/9998 2654/2795/9999 3029/2798/10000
f 2332/2667/10001 3029/2798/10002 2655/2799/10003 2966/2670/10004
f 2364/2797/10005 3030/2800/10006 2655/2799/10007 3029/2798/10008
f 2365/2801/10009 3031/2802/10010 2655/2799/10011 3030/2800/10012
f 2333/2671/10013 2966/2670/10014 2655/2799/10015 3031/2802/10016
f 2333/2671/10017 3031/2802/10018 2656/2803/10019 2968/2674/10020
f 2365/2801/10021 3032/2804/10022 2656/2803/10023 3031/2802/10024
f 2366/2805/10025 3033/2806/10026 2656/2803/10027 3032/2804/10028
f 2334/2675/10029 2968/2674/10030 2656/2803/10031 3033/2806/10032
f 2334/2675/10033 3033/2806/10034 2657/2807/10035 2970/2678/10036
f 2366/2805/10037 3034/2808/10038 2657/2807/10039 3033/2806/10040
f 2367/2809/10041 3035/2810/10042 2657/2807/10043 3034/2808/10044
f 2335/2679/10045 2970/2678/10046 2657/2807/10047 3035/2810/10048
f 2335/2679/10049 3035/2810/10050 2658/2811/10051 2972/2682/10052
f 2367/2809/10053 3036/2812/10054 2658/2811/10055 3035/2810/10056
f 2368/2813/10057 3037/2814/10058 2658/2811/10059 3036/2812/10060
f 2336/2683/10061 2972/2682/10062 2658/2811/10063 3037/2814/10064
f 2336/2683/10065 3037/2814/10066 2659/2815/10067 2974/2686/10068
f 2368/2813/10069 3038/2816/10070 2659/2815/10071 3037/2814/10072
f 2369/2817/10073 3039/2818/10074 2659/2815/10075 3038/2816/10076
f 2337/2687/10077 2974/2686/10078 2659/2815/10079 3039/2818/10080
f 2337/2687/10081 3039/2818/10082 2660/2819/10083 2976/2690/10084
f 2369/2817/10085 3040/2820/10086 2660/2819/10087 3039/2818/10088
f 2370/2821/10089 3041/2822/10090 2660/2819/10091 3040/2820/10092
f 2338/2691/10093 2976/2690/10094 2660/2819/10095 3041/2822/10096
f 2338/2691/10097 3041/2822/10098 2661/2823/10099 2978/2694/10100
f 2370/2821/10101 3042/2824/10102 2661/2823/10103 3041/2822/10104
f 2371/2825/10105 3043/2826/10106 2661/2823/10107 3042/2824/10108
f 2339/2695/10109 2978/2694/10110 2661/2823/10111 3043/2826/10112
f 2339/2695/10113 3043/2826/10114 2662/2827/10115 2980/2698/10116
f 2371/2825/10117 3044/2828/10118 2662/2827/10119 3043/2826/10120
f 2372/2829/10121 3045/2830/10122 2662/2827/10123 3044/2828/10124
f 2340/2699/10125 2980/2698/10126 2662/2827/10127 3045/2830/10128
f 2340/2699/10129 3045/2830/10130 2663/2831/10131 2982/2702/10132
f 2372/2829/10133 3046/2832/10134 2663/2831/10135 3045/2830/10136
f 2373/2833/10137 3047/2834/10138 2663/2831/10139 3046/2832/10140
f 2341/2703/10141 2982/2702/10142 2663/2831/10143 3047/2834/10144
f 2341/2703/10145 3047/2834/10146 2664/2835/10147 2984/2706/10148
f 2373/2833/10149 3048/2836/10150 2664/2835/10151 3047/2834/10152
f 2374/2837/10153 3049/2838/10154 2664/2835/10155 3048/2836/10156
f 2342/2707/10157 2984/2706/10158 2664/2835/10159 3049/2838/10160
f 2342/2707/10161 3049/2838/10162 2665/2839/10163 2986/2710/10164
f 2374/2837/10165 3050/2840/10166 2665/2839/10167 3049/2838/10168
f 2343/2841/10169 2987/2842/10170 2665/2839/10171 3050/2840/10172
f 2311/2711/10173 2986/2710/10174 2665/2839/10175 2987/2842/10176
f 2343/2715/10177 3051/2843/10178 2666/2844/10179 2988/2716/10180
f 2375/2845/10181 3052/2846/10182 2666/2844/10183 3051/2843/10184
f 2376/2847/10185 3053/2848/10186 2666/2844/10187 3052/2846/10188
f 2344/2717/10189 2988/2716/10190 2666/2844/10191 3053/2848/10192
f 2344/2717/10193 3053/2848/10194 2667/2849/10195 2990/2720/10196
f 2376/2847/10197 3054/2850/10198 2667/2849/10199 3053/2848/10200
f 2377/2851/10201 3055/2852/10202 2667/2849/10203 3054/2850/10204
f 2345/2721/10205 2990/2720/10206 2667/2849/10207 3055/2852/10208
f 2345/2721/10209 3055/2852/10210 2668/2853/10211 2992/2724/10212
f 2377/2851/10213 3056/2854/10214 2668/2853/10215 3055/2852/10216
f 2378/2855/10217 3057/2856/10218 2668/2853/10219 3056/2854/10220
f 2346/2725/10221 2992/2724/10222 2668/2853/10223 3057/2856/10224
f 2346/2725/10225 3057/2856/10226 2669/2857/10227 2994/2728/10228
f 2378/2855/10229 3058/2858/10230 2669/2857/10231 3057/2856/10232
f 2379/2859/10233 3059/2860/10234 2669/2857/10235 3058/2858/10236
f 2347/2729/10237 2994/2728/10238 2669/2857/10239 3059/2860/10240
f 2347/2729/10241 3059/2860/10242 2670/2861/10243 2996/2732/10244
f 2379/2859/10245 3060/2862/10246 2670/2861/10247 3059/2860/10248
f 2380/2863/10249 3061/2864/10250 2670/2861/10251 3060/2862/10252
f 2348/2733/10253 2996/2732/10254 2670/2861/10255 3061/2864/10256
f 2348/2733/10257 3061/2864/10258 2671/2865/10259 2998/2736/10260
f 2380/2863/10261 3062/2866/10262 2671/2865/10263 3061/2864/10264
f 2381/2867/10265 3063/2868/10266 2671/2865/10267 3062/2866/10268
f 2349/2737/10269 2998/2736/10270 2671/2865/10271 3063/2868/10272
f 2349/2737/10273 3063/2868/10274 2672/2869/10275 3000/2740/10276
f 2381/2867/10277 3064/2870/10278 2672/2869/10279 3063/2868/10280
f 2382/2871/10281 3065/2872/10282 2672/2869/10283 3064/2870/10284
f 2350/2741/10285 3000/2740/10286 2672/2869/10287 3065/2872/10288
f 2350/2741/10289 3065/2872/10290 2673/2873/10291 3002/2744/10292
f 2382/2871/10293 3066/2874/10294 2673/2873/10295 3065/2872/10296
f 2383/2875/10297 3067/2876/10298 2673/2873/10299 3066/2874/10300
f 2351/2745/10301 3002/2744/10302 2673/2873/10303 3067/2876/10304
f 2351/2745/10305 3067/2876/10306 2674/2877/10307 3004/2748/10308
f 2383/2875/10309 3068/2878/10310 2674/2877/10311 3067/2876/10312
f 2384/2879/10313 3069/2880/10314 2674/2877/10315 3068/2878/10316
f 2352/2749/10317 3004/2748/10318 2674/2877/10319 3069/2880/10320
f 2352/2749/10321 3069/2880/10322 2675/2881/10323 3006/2752/10324
f 2384/2879/10325 3070/2882/10326 2675/2881/10327 3069/2880/10328
f 2385/2883/10329 3071/2884/10330 2675/2881/10331 3070/2882/10332
f 2353/2753/10333 3006/2752/10334 2675/2881/10335 3071/2884/10336
f 2353/2753/10337 3071/2884/10338 2676/2885/10339 3008/2756/10340
f 2385/2883/10341 3072/2886/10342 2676/2885/10343 3071/2884/10344
f 2386/2887/10345 3073/2888/10346 2676/2885/10347 3072/2886/10348
f 2354/2757/10349 3008/2756/10350 2676/2885/10351 3073/2888/10352
f 2354/2757/10353 3073/2888/10354 2677/2889/10355 3010/2760/10356
f 2386/2887/10357 3074/2890/10358 2677/2889/10359 3073/2888/10360
f 2387/2891/10361 3075/2892/10362 2677/2889/10363 3074/2890/10364
f 2355/2761/10365 3010/2760/10366 2677/2889/10367 3075/2892/10368
f 2355/2761/10369 3075/2892/10370 2678/2893/10371 3012/2764/10372
f 2387/2891/10373 3076/2894/10374 2678/2893/10375 3075/2892/10376
f 2388/2895/10377 3077/2896/10378 2678/2893/10379 3076/2894/10380
f 2356/2765/10381 3012/2764/10382 2678/2893/10383 3077/2896/10384
f 2356/2765/10385 3077/2896/10386 2679/2897/10387 3014/2768/10388
f 2388/2895/10389 3078/2898/10390 2679/2897/10391 3077/2896/10392
f 2389/2899/10393 3079/2900/10394 2679/2897/10395 3078/2898/10396
f 2357/2769/10397 3014/2768/10398 2679/2897/10399 3079/2900/10400
f 2357/2769/10401 3079/2900/10402 2680/2901/10403 3016/2772/10404
f 2389/2899/10405 3080/2902/10406 2680/2901/10407 3079/2900/10408
f 2390/2903/10409 3081/2904/10410 2680/2901/10411 3080/2902/10412
f 2358/2773/10413 3016/2772/10414 2680/2901/10415 3081/2904/10416
f 2358/2773/10417 3081/2904/10418 2681/2905/10419 3018/2776/10420
f 2390/2903/10421 3082/2906/10422 2681/2905/10423 3081/2904/10424
f 2391/2907/10425 3083/2908/10426 2681/2905/10427 3082/2906/10428
f 2359/2777/10429 3018/2776/10430 2681/2905/10431 3083/2908/10432
f 2359/2777/10433 3083/2908/10434 2682/2909/10435 3020/2780/10436
f 2391/2907/10437 3084/2910/10438 2682/2909/10439 3083/2908/10440
f 2392/2911/10441 3085/2912/10442 2682/2909/10443 3084/2910/10444
f 2360/2781/10445 3020/2780/10446 2682/2909/10447 3085/2912/10448
f 2360/2781/10449 3085/2912/10450 2683/2913/10451 3022/2784/10452
f 2392/2911/10453 3086/2914/10454 2683/2913/10455 3085/2912/10456
f 2393/2915/10457 3087/2916/10458 2683/2913/10459 3086/2914/10460
f 2361/2785/10461 3022/2784/10462 2683/2913/10463 3087/2916/10464
f 2361/2785/10465 3087/2916/10466 2684/2917/10467 3024/2788/10468
f 2393/2915/10469 3088/2918/10470 2684/2917/10471 3087/2916/10472
f 2394/2919/10473 3089/2920/10474 2684/2917/10475 3088/2918/10476
f 2362/2789/10477 3024/2788/10478 2684/2917/10479 3089/2920/10480
f 2362/2789/10481 3089/2920/10482 2685/2921/10483 3026/2792/10484
f 2394/2919/10485 3090/2922/10486 2685/2921/10487 3089/2920/10488
f 2395/2923/10489 3091/2924/10490 2685/2921/10491 3090/2922/10492
f 2363/2793/10493 3026/2792/10494 2685/2921/10495 3091/2924/10496
f 2363/2793/10497 3091/2924/10498 2686/2925/10499 3028/2796/10500
f 2395/2923/10501 3092/2926/10502 2686/2925/10503 3091/2924/10504
f 2396/2927/10505 3093/2928/10506 2686/2925/10507 3092/2926/10508
f 2364/2797/10509 3028/2796/10510 2686/2925/10511 3093/2928/10512
f 2364/2797/10513 3093/2928/10514 2687/2929/10515 3030/2800/10516
f 2396/2927/10517 3094/2930/10518 2687/2929/10519 3093/2928/10520
f 2397/2931/10521 3095/2932/10522 2687/2929/10523 3094/2930/10524
f 2365/2801/10525 3030/2800/10526 2687/2929/10527 3095/2932/10528
f 2365/2801/10529 3095/2932/10530 2688/2933/10531 3032/2804/10532
f 2397/2931/10533 3096/2934/10534 2688/2933/10535 3095/2932/10536
f 2398/2935/10537 3097/2936/10538 2688/2933/10539 3096/2934/10540
f 2366/2805/10541 3032/2804/10542 2688/2933/10543 3097/2936/10544
f 2366/2805/10545 3097/2936/10546 2689/2937/10547 3034/2808/10548
f 2398/2935/10549 3098/2938/10550 2689/2937/10551 3097/2936/10552
f 2399/2939/10553 3099/2940/10554 2689/2937/10555 3098/2938/10556
f 2367/2809/10557 3034/2808/10558 2689/2937/10559 3099/2940/10560
f 2367/2809/10561 3099/2940/10562 2690/2941/10563 3036/2812/10564
f 2399/2939/10565 3100/2942/10566 2690/2941/10567 3099/2940/10568
f 2400/2943/10569 3101/2944/10570 2690/2941/10571 3100/2942/10572
f 2368/2813/10573 3036/2812/10574 2690/2941/10575 3101/2944/10576
f 2368/2813/10577 3101/2944/10578 2691/2945/10579 3038/2816/10580
f 2400/2943/10581 3102/2946/10582 2691/2945/10583 3101/2944/10584
f 2401/2947/10585 3103/2948/10586 2691/2945/10587 3102/2946/10588
f 2369/2817/10589 3038/2816/10590 2691/2945/10591 3103/2948/10592
f 2369/2817/10593 3103/2948/10594 2692/2949/10595 3040/2820/10596
f 2401/2947/10597 3104/2950/10598 2692/2949/10599 3103/2948/10600
f 2402/2951/10601 3105/2952/10602 2692/2949/10603 3104/2950/10604
f 2370/2821/10605 3040/2820/10606 2692/2949/10607 3105/2952/10608
f 2370/2821/10609 3105/2952/10610 2693/2953/10611 3042/2824/10612
f 2402/2951/10613 3106/2954/10614 2693/2953/10615 3105/2952/10616
f 2403/2955/10617 3107/2956/10618 2693/2953/10619 3106/2954/10620
f 2371/2825/10621 3042/2824/10622 2693/2953/10623 3107/2956/10624
f 2371/2825/10625 3107/2956/10626 2694/2957/10627 3044/2828/10628
f 2403/2955/10629 3108/2958/10630 2694/2957/10631 3107/2956/10632
f 2404/2959/10633 3109/2960/10634 2694/2957/10635 3108/2958/10636
f 2372/2829/10637 3044/2828/10638 2694/2957/10639 3109/2960/10640
f 2372/2829/10641 3109/2960/10642 2695/2961/10643 3046/2832/10644
f 2404/2959/10645 3110/2962/10646 2695/2961/10647 3109/2960/10648
f 2405/2963/10649 3111/2964/10650 2695/2961/10651 3110/2962/10652
f 2373/2833/10653 3046/2832/10654 2695/2961/10655 3111/2964/10656
f 2373/2833/10657 3111/2964/10658 2696/2965/10659 3048/2836/10660
f 2405/2963/10661 3112/2966/10662 2696/2965/10663 3111/2964/10664
f 2406/2967/10665 3113/2968/10666 2696/2965/10667 3112/2966/10668
f 2374/2837/10669 3048/2836/10670 2696/2965/10671 3113/2968/10672
f 2374/2837/10673 3113/2968/10674 2697/2969/10675 3050/2840/10676
f 2406/2967/10677 3114/2970/10678 2697/2969/10679 3113/2968/10680
f 2375/2971/10681 3051/2972/10682 2697/2969/10683 3114/2970/10684
f 2343/2841/10685 3050/2840/10686 2697/2969/10687 3051/2972/10688
f 2375/2845/10689 3115/2973/10690 2698/2974/10691 3052/2846/10692
f 2407/2975/10693 3116/2976/10694 2698/2974/10695 3115/2973/10696
f 2408/2977/10697 3117/2978/10698 2698/2974/10699 3116/2976/10700
f 2376/2847/10701 3052/2846/10702 2698/2974/10703 3117/2978/10704
f 2376/2847/10705 3117/2978/10706 2699/2979/10707 3054/2850/10708
f 2408/2977/10709 3118/2980/10710 2699/2979/10711 3117/2978/10712
f 2409/2981/10713 3119/2982/10714 2699/2979/10715 3118/2980/10716
f 2377/2851/10717 3054/2850/10718 2699/2979/10719 3119/2982/10720
f 2377/2851/10721 3119/2982/10722 2700/2983/10723 3056/2854/10724
f 2409/2981/10725 3120/2984/10726 2700/2983/10727 3119/2982/10728
f 2410/2985/10729 3121/2986/10730 2700/2983/10731 3120/2984/10732
f 2378/2855/10733 3056/2854/10734 2700/2983/10735 3121/2986/10736
f 2378/2855/10737 3121/2986/10738 2701/2987/10739 3058/2858/10740
f 2410/2985/10741 3122/2988/10742 2701/2987/10743 3121/2986/10744
f 2411/2989/10745 3123/2990/10746 2701/2987/10747 3122/2988/10748
f 2379/2859/10749 3058/2858/10750 2701/2987/10751 3123/2990/10752
f 2379/2859/10753 3123/2990/10754 2702/2991/10755 3060/2862/10756
f 2411/2989/10757 3124/2992/10758 2702/2991/10759 3123/2990/10760
f 2412/2993/10761 3125/2994/10762 2702/2991/10763 3124/2992/10764
f 2380/2863/10765 3060/2862/10766 2702/2991/10767 3125/2994/10768
f 2380/2863/10769 3125/2994/10770 2703/2995/10771 3062/2866/10772
f 2412/2993/10773 3126/2996/10774 2703/2995/10775 3125/2994/10776
f 2413/2997/10777 3127/2998/10778 2703/2995/10779 3126/2996/10780
f 2381/2867/10781 3062/2866/10782 2703/2995/10783 3127/2998/10784
f 2381/2867/10785 3127/2998/10786 2704/2999/10787 3064/2870/10788
f 2413/2997/10789 3128/3000/10790 2704/2999/10791 3127/2998/10792
f 2414/3001/10793 3129/3002/10794 2704/2999/10795 3128/3000/10796
f 2382/2871/10797 3064/2870/10798 2704/2999/10799 3129/3002/10800
f 2382/2871/10801 3129/3002/10802 2705/3003/10803 3066/2874/10804
f 2414/3001/10805 3130/3004/10806 2705/3003/10807 3129/3002/10808
f 2415/3005/10809 3131/3006/10810 2705/3003/10811 3130/3004/10812
f 2383/2875/10813 3066/2874/10814 2705/3003/10815 3131/3006/10816
f 2383/2875/10817 3131/3006/10818 2706/3007/10819 3068/2878/10820
f 2415/3005/10821 3132/3008/10822 2706/3007/10823 3131/3006/10824
f 2416/3009/10825 3133/3010/10826 2706/3007/10827 3132/3008/10828
f 2384/2879/10829 3068/2878/10830 2706/3007/10831 3133/3010/10832
f 2384/2879/10833 3133/3010/10834 2707/3011/10835 3070/2882/10836
f 2416/3009/10837 3134/3012/10838 2707/3011/10839 3133/3010/10840
f 2417/3013/10841 3135/3014/10842 2707/3011/10843 3134/3012/10844
f 2385/2883/10845 3070/2882/10846 2707/3011/10847 3135/3014/10848
f 2385/2883/10849 3135/3014/10850 2708/3015/10851 3072/2886/10852
f 2417/3013/10853 3136/3016/10854 2708/3015/10855 3135/3014/10856
f 2418/3017/10857 3137/3018/10858 2708/3015/10859 3136/3016/10860
f 2386/2887/10861 3072/2886/10862 2708/3015/10863 3137/3018/10864
f 2386/2887/10865 3137/3018/10866 2709/3019/10867 3074/2890/10868
f 2418/3017/10869 3138/3020/10870 2709/3019/10871 3137/3018/10872
f 2419/3021/10873 3139/3022/10874 2709/3019/10875 3138/3020/10876
f 2387/2891/10877 3074/2890/10878 2709/3019/10879 3139/3022/10880
f 2387/2891/10881 3139/3022/10882 2710/3023/10883 3076/2894/10884
f 2419/3021/10885 3140/3024/10886 2710/3023/10887 3139/3022/10888
f 2420/3025/10889 3141/3026/10890 2710/3023/10891 3140/3024/10892
f 2388/2895/10893 3076/2894/10894 2710/3023/10895 3141/3026/10896
f 2388/2895/10897 3141/3026/10898 2711/3027/10899 3078/2898/10900
f 2420/3025/10901 3142/3028/10902 2711/3027/10903 3141/3026/10904
f 2421/3029/10905 3143/3030/10906 2711/3027/10907 3142/3028/10908
f 2389/2899/10909 3078/2898/10910 2711/3027/10911 3143/3030/10912
f 2389/2899/10913 3143/3030/10914 2712/3031/10915 3080/2902/10916
f 2421/3029/10917 3144/3032/10918 2712/3031/10919 3143/3030/10920
f 2422/3033/10921 3145/3034/10922 2712/3031/10923 3144/3032/10924
f 2390/2903/10925 3080/2902/10926 2712/3031/10927 3145/3034/10928
f 2390/2903/10929 3145/3034/10930 2713/3035/10931 3082/2906/10932
f 2422/3033/10933 3146/3036/10934 2713/3035/10935 3145/3034/10936
f 2423/3037/10937 3147/3038/10938 2713/3035/10939 3146/3036/10940
f 2391/2907/10941 3082/2906/10942 2713/3035/10943 3147/3038/10944
f 2391/2907/10945 3147/3038/10946 2714/3039/10947 3084/2910/10948
f 2423/3037/10949 3148/3040/10950 2714/3039/10951 3147/3038/10952
f 2424/3041/10953 3149/3042/10954 2714/3039/10955 3148/3040/10956
f 2392/2911/10957 3084/2910/10958 2714/3039/10959 3149/3042/10960
f 2392/2911/10961 3149/3042/10962 2715/3043/10963 3086/2914/10964
f 2424/3041/10965 3150/3044/10966 2715/3043/10967 3149/3042/10968
f 2425/3045/10969 3151/3046/10970 2715/3043/10971 3150/3044/10972
f 2393/2915/10973 3086/2914/10974 2715/3043/10975 3151/3046/10976
f 2393/2915/10977 3151/3046/10978 2716/3047/10979 3088/2918/10980
f 2425/3045/10981 3152/3048/10982 2716/3047/10983 3151/3046/10984
f 2426/3049/10985 3153/3050/10986 2716/3047/10987 3152/3048/10988
f 2394/2919/10989 3088/2918/10990 2716/3047/10991 3153/3050/10992
f 2394/2919/10993 3153/3050/10994 2717/3051/10995 3090/2922/10996
f 2426/3049/10997 3154/3052/10998 2717/3051/10999 3153/3050/11000
f 2427/3053/11001 3155/3054/11002 2717/3051/11003 3154/3052/11004
f 2395/2923/11005 3090/2922/11006 2717/3051/11007 3155/3054/11008
f 2395/2923/11009 3155/3054/11010 2718/3055/11011 3092/2926/11012
f 2427/3053/11013 3156/3056/11014 2718/3055/11015 3155/3054/11016
f 2428/3057/11017 3157/3058/11018 2718/3055/11019 3156/3056/11020
f 2396/2927/11021 3092/2926/11022 2718/3055/11023 3157/3058/11024
f 2396/2927/11025 3157/3058/11026 2719/3059/11027 3094/2930/11028
f 2428/3057/11029 3158/3060/11030 2719/3059/11031 3157/3058/11032
f 2429/3061/11033 3159/3062/11034 2719/3059/11035 3158/3060/11036
f 2397/2931/11037 3094/2930/11038 2719/3059/11039 3159/3062/11040
f 2397/2931/11041 3159/3062/11042 2720/3063/11043 3096/2934/11044
f 2429/3061/11045 3160/3064/11046 2720/3063/11047 3159/3062/11048
f 2430/3065/11049 3161/3066/11050 2720/3063/11051 3160/3064/11052
f 2398/2935/11053 3096/2934/11054 2720/3063/11055 3161/3066/11056
f 2398/2935/11057 3161/3066/11058 2721/3067/11059 3098/2938/11060
f 2430/3065/11061 3162/3068/11062 2721/3067/11063 3161/3066/11064
f 2431/3069/11065 3163/3070/11066 2721/3067/11067 3162/3068/11068
f 2399/2939/11069 3098/2938/11070 2721/3067/11071 3163/3070/11072
f 2399/2939/11073 3163/3070/11074 2722/3071/11075 3100/2942/11076
f 2431/3069/11077 3164/3072/11078 2722/3071/11079 3163/3070/11080
f 2432/3073/11081 3165/3074/11082 2722/3071/11083 3164/3072/11084
f 2400/2943/11085 3100/2942/11086 2722/3071/11087 3165/3074/11088
f 2400/2943/11089 3165/3074/11090 2723/3075/11091 3102/2946/11092
f 2432/3073/11093 3166/3076/11094 2723/3075/11095 3165/3074/11096
f 2433/3077/11097 3167/3078/11098 2723/3075/11099 3166/3076/11100
f 2401/2947/11101 3102/2946/11102 2723/3075/11103 3167/3078/11104
f 2401/2947/11105 3167/3078/11106 2724/3079/11107 3104/2950/11108
f 2433/3077/11109 3168/3080/11110 2724/3079/11111 3167/3078/11112
f 2434/3081/11113 3169/3082/11114 2724/3079/11115 3168/3080/11116
f 2402/2951/11117 3104/2950/11118 2724/3079/11119 3169/3082/11120
f 2402/2951/11121 3169/3082/11122 2725/3083/11123 3106/2954/11124
f 2434/3081/11125 3170/3084/11126 2725/3083/11127 3169/3082/11128
f 2435/3085/11129 3171/3086/11130 2725/3083/11131 3170/3084/11132
f 2403/2955/11133 3106/2954/11134 2725/3083/11135 3171/3086/11136
f 2403/2955/11137 3171/3086/11138 2726/3087/11139 3108/2958/11140
f 2435/3085/11141 3172/3088/11142 2726/3087/11143 3171/3086/11144
f 2436/3089/11145 3173/3090/11146 2726/3087/11147 3172/3088/11148
f 2404/2959/11149 3108/2958/11150 2726/3087/11151 3173/3090/11152
f 2404/2959/11153 3173/3090/11154 2727/3091/11155 3110/2962/11156
f 2436/3089/11157 3174/3092/11158 2727/3091/11159 3173/3090/11160
f 2437/3093/11161 3175/3094/11162 2727/3091/11163 3174/3092/11164
f 2405/2963/11165 3110/2962/11166 2727/3091/11167 3175/3094/11168
f 2405/2963/11169 3175/3094/11170 2728/3095/11171 3112/2966/11172
f 2437/3093/11173 3176/3096/11174 2728/3095/11175 3175/3094/11176
f 2438/3097/11177 3177/3098/11178 2728/3095/11179 3176/3096/11180
f 2406/2967/11181 3112/2966/11182 2728/3095/11183 3177/3098/11184
f 2406/2967/11185 3177/3098/11186 2729/3099/11187 3114/2970/11188
f 2438/3097/11189 3178/3100/11190 2729/3099/11191 3177/3098/11192
f 2407/3101/11193 3115/3102/11194 2729/3099/11195 3178/3100/11196
f 2375/2971/11197 3114/2970/11198 2729/3099/11199 3115/3102/11200
f 2407/2975/11201 3179/3103/11202 2730/3104/11203 3116/2976/11204
f 2439/3105/11205 3180/3106/11206 2730/3104/11207 3179/3103/11208
f 2440/3107/11209 3181/3108/11210 2730/3104/11211 3180/3106/11212
f 2408/2977/11213 3116/2976/11214 2730/3104/11215 3181/3108/11216
f 2408/2977/11217 3181/3108/11218 2731/3109/11219 3118/2980/11220
f 2440/3107/11221 3182/3110/11222 2731/3109/11223 3181/3108/11224
f 2441/3111/11225 3183/3112/11226 2731/3109/11227 3182/3110/11228
f 2409/2981/11229 3118/2980/11230 2731/3109/11231 3183/3112/11232
f 2409/2981/11233 3183/3112/11234 2732/3113/11235 3120/2984/11236
f 2441/3111/11237 3184/3114/11238 2732/3113/11239 3183/3112/11240
f 2442/3115/11241 3185/3116/11242 2732/3113/11243 3184/3114/11244
f 2410/2985/11245 3120/2984/11246 2732/3113/11247 3185/3116/11248
f 2410/2985/11249 3185/3116/11250 2733/3117/11251 3122/2988/11252
f 2442/3115/11253 3186/3118/11254 2733/3117/11255 3185/3116/11256
f 2443/3119/11257 3187/3120/11258 2733/3117/11259 3186/3118/11260
f 2411/2989/11261 3122/2988/11262 2733/3117/11263 3187/3120/11264
f 2411/2989/11265 3187/3120/11266 2734/3121/11267 3124/2992/11268
f 2443/3119/11269 3188/3122/11270 2734/3121/11271 3187/3120/11272
f 2444/3123/11273 3189/3124/11274 2734/3121/11275 3188/3122/11276
f 2412/2993/11277 3124/2992/11278 2734/3121/11279 3189/3124/11280
f 2412/2993/11281 3189/3124/11282 2735/3125/11283 3126/2996/11284
f 2444/3123/11285 3190/3126/11286 2735/3125/11287 3189/3124/11288
f 2445/3127/11289 3191/3128/11290 2735/3125/11291 3190/3126/11292
f 2413/2997/11293 3126/2996/11294 2735/3125/11295 3191/3128/11296
f 2413/2997/11297 3191/3128/11298 2736/3129/11299 3128/3000/11300
f 2445/3127/11301 3192/3130/11302 2736/3129/11303 3191/3128/11304
f 2446/3131/11305 3193/3132/11306 2736/3129/11307 3192/3130/11308
f 2414/3001/11309 3128/3000/11310 2736/3129/11311 3193/3132/11312
f 2414/3001/11313 3193/3132/11314 2737/3133/11315 3130/3004/11316
f 2446/3131/11317 3194/3134/11318 2737/3133/11319 3193/3132/11320
f 2447/3135/11321 3195/3136/11322 2737/3133/11323 3194/3134/11324
f 2415/3005/11325 3130/3004/11326 2737/3133/11327 3195/3136/11328
f 2415/3005/11329 3195/3136/11330 2738/3137/11331 3132/3008/11332
f 2447/3135/11333 3196/3138/11334 2738/3137/11335 3195/3136/11336
f 2448/3139/11337 3197/3140/11338 2738/3137/11339 3196/3138/11340
f 2416/3009/11341 3132/3008/11342 2738/3137/11343 3197/3140/11344
f 2416/3009/11345 3197/3140/11346 2739/3141/11347 3134/3012/11348
f 2448/3139/11349 3198/3142/11350 2739/3141/11351 3197/3140/11352
f 2449/3143/11353 3199/3144/11354 2739/3141/11355 3198/3142/11356
f 2417/3013/11357 3134/3012/11358 2739/3141/11359 3199/3144/11360
f 2417/3013/11361 3199/3144/11362 2740/3145/11363 3136/3016/11364
f 2449/3143/11365 3200/3146/11366 2740/3145/11367 3199/3144/11368
f 2450/3147/11369 3201/3148/11370 2740/3145/11371 3200/3146/11372
f 2418/3017/11373 3136/3016/11374 2740/3145/11375 3201/3148/11376
f 2418/3017/11377 3201/3148/11378 2741/3149/11379 3138/3020/11380
f 2450/3147/11381 3202/3150/11382 2741/3149/11383 3201/3148/11384
f 2451/3151/11385 3203/3152/11386 2741/3149/11387 3202/3150/11388
f 2419/3021/11389 3138/3020/11390 2741/3149/11391 3203/3152/11392
f 2419/3021/11393 3203/3152/11394 2742/3153/11395 3140/3024/11396
f 2451/3151/11397 3204/3154/11398 2742/3153/11399 3203/3152/11400
f 2452/3155/11401 3205/3156/11402 2742/3153/11403 3204/3154/11404
f 2420/3025/11405 3140/3024/11406 2742/3153/11407 3205/3156/11408
f 2420/3025/11409 3205/3156/11410 2743/3157/11411 3142/3028/11412
f 2452/3155/11413 3206/3158/11414 2743/3157/11415 3205/3156/11416
f 2453/3159/11417 3207/3160/11418 2743/3157/11419 3206/3158/11420
f 2421/3029/11421 3142/3028/11422 2743/3157/11423 3207/3160/11424
f 2421/3029/11425 3207/3160/11426 2744/3161/11427 3144/3032/11428
f 2453/3159/11429 3208/3162/11430 2744/3161/11431 3207/3160/11432
f 2454/3163/11433 3209/3164/11434 2744/3161/11435 3208/3162/11436
f 2422/3033/11437 3144/3032/11438 2744/3161/11439 3209/3164/11440
f 2422/3033/11441 3209/3164/11442 2745/3165/11443 3146/3036/11444
f 2454/3163/11445 3210/3166/11446 2745/3165/11447 3209/3164/11448
f 2455/3167/11449 3211/3168/11450 2745/3165/11451 3210/3166/11452
f 2423/3037/11453 3146/3036/11454 2745/3165/11455 3211/3168/11456
f 2423/3037/11457 3211/3168/11458 2746/3169/11459 3148/3040/11460
f 2455/3167/11461 3212/3170/11462 2746/3169/11463 3211/3168/11464
f 2456/3171/11465 3213/3172/11466 2746/3169/11467 3212/3170/11468
f 2424/3041/11469 3148/3040/11470 2746/3169/11471 3213/3172/11472
f 2424/3041/11473 3213/3172/11474 2747/3173/11475 3150/3044/11476
f 2456/3171/11477 3214/3174/11478 2747/3173/11479 3213/3172/11480
f 2457/3175/11481 3215/3176/11482 2747/3173/11483 3214/3174/11484
f 2425/3045/11485 3150/3044/11486 2747/3173/11487 3215/3176/11488
f 2425/3045/11489 3215/3176/11490 2748/3177/11491 3152/3048/11492
f 2457/3175/11493 3216/3178/11494 2748/3177/11495 3215/3176/11496
f 2458/3179/11497 3217/3180/11498 2748/3177/11499 3216/3178/11500
f 2426/3049/11501 3152/3048/11502 2748/3177/11503 3217/3180/11504
f 2426/3049/11505 3217/3180/11506 2749/3181/11507 3154/3052/11508
f 2458/3179/11509 3218/3182/11510 2749/3181/11511 3217/3180/11512
f 2459/3183/11513 3219/3184/11514 2749/3181/11515 3218/3182/11516
f 2427/3053/11517 3154/3052/11518 2749/3181/11519 3219/3184/11520
f 2427/3053/11521 3219/3184/11522 2750/3185/11523 3156/3056/11524
f 2459/3183/11525 3220/3186/11526 2750/3185/11527 3219/3184/11528
f 2460/3187/11529 3221/3188/11530 2750/3185/11531 3220/3186/11532
f 2428/3057/11533 3156/3056/11534 2750/3185/11535 3221/3188/11536
f 2428/3057/11537 3221/3188/11538 2751/3189/11539 3158/3060/11540
f 2460/3187/11541 3222/3190/11542 2751/3189/11543 3221/3188/11544
f 2461/3191/11545 3223/3192/11546 2751/3189/11547 3222/3190/11548
f 2429/3061/11549 3158/3060/11550 2751/3189/11551 3223/3192/11552
f 2429/3061/11553 3223/3192/11554 2752/3193/11555 3160/3064/11556
f 2461/3191/11557 3224/3194/11558 2752/3193/11559 3223/3192/11560
f 2462/3195/11561 3225/3196/11562 2752/3193/11563 3224/3194/11564
f 2430/3065/11565 3160/3064/11566 2752/3193/11567 3225/3196/11568
f 2430/3065/11569 3225/3196/11570 2753/3197/11571 3162/3068/11572
f 2462/3195/11573 3226/3198/11574 2753/3197/11575 3225/3196/11576
f 2463/3199/11577 3227/3200/11578 2753/3197/11579 3226/3198/11580
f 2431/3069/11581 3162/3068/11582 2753/3197/11583 3227/3200/11584
f 2431/3069/11585 3227/3200/11586 2754/3201/11587 3164/3072/11588
f 2463/3199/11589 3228/3202/11590 2754/3201/11591 3227/3200/11592
f 2464/3203/11593 3229/3204/11594 2754/3201/11595 3228/3202/11596
f 2432/3073/11597 3164/3072/11598 2754/3201/11599 3229/3204/11600
f 2432/3073/11601 3229/3204/11602 2755/3205/11603 3166/3076/11604
f 2464/3203/11605 3230/3206/11606 2755/3205/11607 3229/3204/11608
f 2465/3207/11609 3231/3208/11610 2755/3205/11611 3230/3206/11612
f 2433/3077/11613 3166/3076/11614 2755/3205/11615 3231/3208/11616
f 2433/3077/11617 3231/3208/11618 2756/3209/11619 3168/3080/11620
f 2465/3207/11621 3232/3210/11622 2756/3209/11623 3231/3208/11624
f 2466/3211/11625 3233/3212/11626 2756/3209/11627 3232/3210/11628
f 2434/3081/11629 3168/3080/11630 2756/3209/11631 3233/3212/11632
f 2434/3081/11633 3233/3212/11634 2757/3213/11635 3170/3084/11636
f 2466/3211/11637 3234/3214/11638 2757/3213/11639 3233/3212/11640
f 2467/3215/11641 3235/3216/11642 2757/3213/11643 3234/3214/11644
f 2435/3085/11645 3170/3084/11646 2757/3213/11647 3235/3216/11648
f 2435/3085/11649 3235/3216/11650 2758/3217/11651 3172/3088/11652
f 2467/3215/11653 3236/3218/11654 2758/3217/11655 3235/3216/11656
f 2468/3219/11657 3237/3220/11658 2758/3217/11659 3236/3218/11660
f 2436/3089/11661 3172/3088/11662 2758/3217/11663 3237/3220/11664
f 2436/3089/11665 3237/3220/11666 2759/3221/11667 3174/3092/11668
f 2468/3219/11669 3238/3222/11670 2759/3221/11671 3237/3220/11672
f 2469/3223/11673 3239/3224/11674 2759/3221/11675 3238/3222/11676
f 2437/3093/11677 3174/3092/11678 2759/3221/11679 3239/3224/11680
f 2437/3093/11681 3239/3224/11682 2760/3225/11683 3176/3096/11684
f 2469/3223/11685 3240/3226/11686 2760/3225/11687 3239/3224/11688
f 2470/3227/11689 3241/3228/11690 2760/3225/11691 3240/3226/11692
f 2438/3097/11693 3176/3096/11694 2760/3225/11695 3241/3228/11696
f 2438/3097/11697 3241/3228/11698 2761/3229/11699 3178/3100/11700
f 2470/3227/11701 3242/3230/11702 2761/3229/11703 3241/3228/11704
f 2439/3231/11705 3179/3232/11706 2761/3229/11707 3242/3230/11708
f 2407/3101/11709 3178/3100/11710 2761/3229/11711 3179/3232/11712
f 2439/3105/11713 3243/3233/11714 2762/3234/11715 3180/3106/11716
f 2471/3235/11717 3244/3236/11718 2762/3234/11719 3243/3233/11720
f 2472/3237/11721 3245/3238/11722 2762/3234/11723 3244/3236/11724
f 2440/3107/11725 3180/3106/11726 2762/3234/11727 3245/3238/11728
f 2440/3107/11729 3245/3238/11730 2763/3239/11731 3182/3110/11732
f 2472/3237/11733 3246/3240/11734 2763/3239/11735 3245/3238/11736
f 2473/3241/11737 3247/3242/11738 2763/3239/11739 3246/3240/11740
f 2441/3111/11741 3182/3110/11742 2763/3239/11743 3247/3242/11744
f 2441/3111/11745 3247/3242/11746 2764/3243/11747 3184/3114/11748
f 2473/3241/11749 3248/3244/11750 2764/3243/11751 3247/3242/11752
f 2474/3245/11753 3249/3246/11754 2764/3243/11755 3248/3244/11756
f 2442/3115/11757 3184/3114/11758 2764/3243/11759 3249/3246/11760
f 2442/3115/11761 3249/3246/11762 2765/3247/11763 3186/3118/11764
f 2474/3245/11765 3250/3248/11766 2765/3247/11767 3249/3246/11768
f 2475/3249/11769 3251/3250/11770 2765/3247/11771 3250/3248/11772
f 2443/3119/11773 3186/3118/11774 2765/3247/11775 3251/3250/11776
f 2443/3119/11777 3251/3250/11778 2766/3251/11779 3188/3122/11780
f 2475/3249/11781 3252/3252/11782 2766/3251/11783 3251/3250/11784
f 2476/3253/11785 3253/3254/11786 2766/3251/11787 3252/3252/11788
f 2444/3123/11789 3188/3122/11790 2766/3251/11791 3253/3254/11792
f 2444/3123/11793 3253/3254/11794 2767/3255/11795 3190/3126/11796
f 2476/3253/11797 3254/3256/11798 2767/3255/11799 3253/3254/11800
f 2477/3257/11801 3255/3258/11802 2767/3255/11803 3254/3256/11804
f 2445/3127/11805 3190/3126/11806 2767/3255/11807 3255/3258/11808
f 2445/3127/11809 3255/3258/11810 2768/3259/11811 3192/3130/11812
f 2477/3257/11813 3256/3260/11814 2768/3259/11815 3255/3258/11816
f 2478/3261/11817 3257/3262/11818 2768/3259/11819 3256/3260/11820
f 2446/3131/11821 3192/3130/11822 2768/3259/11823 3257/3262/11824
f 2446/3131/11825 3257/3262/11826 2769/3263/11827 3194/3134/11828
f 2478/3261/11829 3258/3264/11830 2769/3263/11831 3257/3262/11832
f 2479/3265/11833 3259/3266/11834 2769/3263/11835 3258/3264/11836
f 2447/3135/11837 3194/3134/11838 2769/3263/11839 3259/3266/11840
f 2447/3135/11841 3259/3266/11842 2770/3267/11843 3196/3138/11844
f 2479/3265/11845 3260/3268/11846 2770/3267/11847 3259/3266/11848
f 2480/3269/11849 3261/3270/11850 2770/3267/11851 3260/3268/11852
f 2448/3139/11853 3196/3138/11854 2770/3267/11855 3261/3270/11856
f 2448/3139/11857 3261/3270/11858 2771/3271/11859 3198/3142/11860
f 2480/3269/11861 3262/3272/11862 2771/3271/11863 3261/3270/11864
f 2481/3273/11865 3263/3274/11866 2771/3271/11867 3262/3272/11868
f 2449/3143/11869 3198/3142/11870 2771/3271/11871 3263/3274/11872
f 2449/3143/11873 3263/3274/11874 2772/3275/11875 3200/3146/11876
f 2481/3273/11877 3264/3276/11878 2772/3275/11879 3263/3274/11880
f 2482/3277/11881 3265/3278/11882 2772/3275/11883 3264/3276/11884
f 2450/3147/11885 3200/3146/11886 2772/3275/11887 3265/3278/11888
f 2450/3147/11889 3265/3278/11890 2773/3279/11891 3202/3150/11892
f 2482/3277/11893 3266/3280/11894 2773/3279/11895 3265/3278/11896
f 2483/3281/11897 3267/3282/11898 2773/3279/11899 3266/3280/11900
f 2451/3151/11901 3202/3150/11902 2773/3279/11903 3267/3282/11904
f 2451/3151/11905 3267/3282/11906 2774/3283/11907 3204/3154/11908
f 2483/3281/11909 3268/3284/11910 2774/3283/11911 3267/3282/11912
f 2484/3285/11913 3269/3286/11914 2774/3283/11915 3268/3284/11916
f 2452/3155/11917 3204/3154/11918 2774/3283/11919 3269/3286/11920
f 2452/3155/11921 3269/3286/11922 2775/3287/11923 3206/3158/11924
f 2484/3285/11925 3270/3288/11926 2775/3287/11927 3269/3286/11928
f 2485/3289/11929 3271/3290/11930 2775/3287/11931 3270/3288/11932
f 2453/3159/11933 3206/3158/11934 2775/3287/11935 3271/3290/11936
f 2453/3159/11937 3271/3290/11938 2776/3291/11939 3208/3162/11940
f 2485/3289/11941 3272/3292/11942 2776/3291/11943 3271/3290/11944
f 2486/3293/11945 3273/3294/11946 2776/3291/11947 3272/3292/11948
f 2454/3163/11949 3208/3162/11950 2776/3291/11951 3273/3294/11952
f 2454/3163/11953 3273/3294/11954 2777/3295/11955 3210/3166/11956
f 2486/3293/11957 3274/3296/11958 2777/3295/11959 3273/3294/11960
f 2487/3297/11961 3275/3298/11962 2777/3295/11963 3274/3296/11964
f 2455/3167/11965 3210/3166/11966 2777/3295/11967 3275/3298/11968
f 2455/3167/11969 3275/3298/11970 2778/3299/11971 3212/3170/11972
f 2487/3297/11973 3276/3300/11974 2778/3299/11975 3275/3298/11976
f 2488/3301/11977 3277/3302/11978 2778/3299/11979 3276/3300/11980
f 2456/3171/11981 3212/3170/11982 2778/3299/11983 3277/3302/11984
f 2456/3171/11985 3277/3302/11986 2779/3303/11987 3214/3174/11988
f 2488/3301/11989 3278/3304/11990 2779/3303/11991 3277/3302/11992
f 2489/3305/11993 3279/3306/11994 2779/3303/11995 3278/3304/11996
f 2457/3175/11997 3214/3174/11998 2779/3303/11999 3279/3306/12000
f 2457/3175/12001 3279/3306/12002 2780/3307/12003 3216/3178/12004
f 2489/3305/12005 3280/3308/12006 2780/3307/12007 3279/3306/12008
f 2490/3309/12009 3281/3310/12010 2780/3307/12011 3280/3308/12012
f 2458/3179/12013 3216/3178/12014 2780/3307/12015 3281/3310/12016
f 2458/3179/12017 3281/3310/12018 2781/3311/12019 3218/3182/12020
f 2490/3309/12021 3282/3312/12022 2781/3311/12023 3281/3310/12024
f 2491/3313/12025 3283/3314/12026 2781/3311/12027 3282/3312/12028
f 2459/3183/12029 3218/3182/12030 2781/3311/12031 3283/3314/12032
f 2459/3183/12033 3283/3314/12034 2782/3315/12035 3220/3186/12036
f 2491/3313/12037 3284/3316/12038 2782/3315/12039 3283/3314/12040
f 2492/3317/12041 3285/3318/12042 2782/3315/12043 3284/3316/12044
f 2460/3187/12045 3220/3186/12046 2782/3315/12047 3285/3318/12048
f 2460/3187/12049 3285/3318/12050 2783/3319/12051 3222/3190/12052
f 2492/3317/12053 3286/3320/12054 2783/3319/12055 3285/3318/12056
f 2493/3321/12057 3287/3322/12058 2783/3319/12059 3286/3320/12060
f 2461/3191/12061 3222/3190/12062 2783/3319/12063 3287/3322/12064
f 2461/3191/12065 3287/3322/12066 2784/3323/12067 3224/3194/12068
f 2493/3321/12069 3288/3324/12070 2784/3323/12071 3287/3322/12072
f 2494/3325/12073 3289/3326/12074 2784/3323/12075 3288/3324/12076
f 2462/3195/12077 3224/3194/12078 2784/3323/12079 3289/3326/12080
f 2462/3195/12081 3289/3326/12082 2785/3327/12083 3226/3198/12084
f 2494/3325/12085 3290/3328/12086 2785/3327/12087 3289/3326/12088
f 2495/3329/12089 3291/3330/12090 2785/3327/12091 3290/3328/12092
f 2463/3199/12093 3226/3198/12094 2785/3327/12095 3291/3330/12096
f 2463/3199/12097 3291/3330/12098 2786/3331/12099 3228/3202/12100
f 2495/3329/12101 3292/3332/12102 2786/3331/12103 3291/3330/12104
f 2496/3333/12105 3293/3334/12106 2786/3331/12107 3292/3332/12108
f 2464/3203/12109 3228/3202/12110 2786/3331/12111 3293/3334/12112
f 2464/3203/12113 3293/3334/12114 2787/3335/12115 3230/3206/12116
f 2496/3333/12117 3294/3336/12118 2787/3335/12119 3293/3334/12120
f 2497/3337/12121 3295/3338/12122 2787/3335/12123 3294/3336/12124
f 2465/3207/12125 3230/3206/12126 2787/3335/12127 3295/3338/12128
f 2465/3207/12129 3295/3338/12130 2788/3339/12131 3232/3210/12132
f 2497/3337/12133 3296/3340/12134 2788/3339/12135 3295/3338/12136
f 2498/3341/12137 3297/3342/12138 2788/3339/12139 3296/3340/12140
f 2466/3211/12141 3232/3210/12142 2788/3339/12143 3297/3342/12144
f 2466/3211/12145 3297/3342/12146 2789/3343/12147 3234/3214/12148
f 2498/3341/12149 3298/3344/12150 2789/3343/12151 3297/3342/12152
f 2499/3345/12153 3299/3346/12154 2789/3343/12155 3298/3344/12156
f 2467/3215/12157 3234/3214/12158 2789/3343/12159 3299/3346/12160
f 2467/3215/12161 3299/3346/12162 2790/3347/12163 3236/3218/12164
f 2499/3345/12165 3300/3348/12166 2790/3347/12167 3299/3346/12168
f 2500/3349/12169 3301/3350/12170 2790/3347/12171 3300/3348/12172
f 2468/3219/12173 3236/3218/12174 2790/3347/12175 3301/3350/12176
f 2468/3219/12177 3301/3350/12178 2791/3351/12179 3238/3222/12180
f 2500/3349/12181 3302/3352/12182 2791/3351/12183 3301/3350/12184
f 2501/3353/12185 3303/3354/12186 2791/3351/12187 3302/3352/12188
f 2469/3223/12189 3238/3222/12190 2791/3351/12191 3303/3354/12192
f 2469/3223/12193 3303/3354/12194 2792/3355/12195 3240/3226/12196
f 2501/3353/12197 3304/3356/12198 2792/3355/12199 3303/3354/12200
f 2502/3357/12201 3305/3358/12202 2792/3355/12203 3304/3356/12204
f 2470/3227/12205 3240/3226/12206 2792/3355/12207 3305/3358/12208
f 2470/3227/12209 3305/3358/12210 2793/3359/12211 3242/3230/12212
f 2502/3357/12213 3306/3360/12214 2793/3359/12215 3305/3358/12216
f 2471/3361/12217 3243/3362/12218 2793/3359/12219 3306/3360/12220
f 2439/3231/12221 3242/3230/12222 2793/3359/12223 3243/3362/12224
f 2503/3363/12225 3307/3364/12226 2794/3365/12227 3308/3366/12228
f 2472/3237/12229 3244/3236/12230 2794/3365/12231 3307/3364/12232
f 2471/3235/12233 3308/3366/12234 2794/3365/12235 3244/3236/12236
f 2503/3367/12237 3309/3368/12238 2795/3369/12239 3307/3370/12240
f 2473/3241/12241 3246/3240/12242 2795/3369/12243 3309/3368/12244
f 2472/3237/12245 3307/3370/12246 2795/3369/12247 3246/3240/12248
f 2503/3371/12249 3310/3372/12250 2796/3373/12251 3309/3374/12252
f 2474/3245/12253 3248/3244/12254 2796/3373/12255 3310/3372/12256
f 2473/3241/12257 3309/3374/12258 2796/3373/12259 3248/3244/12260
f 2503/3375/12261 3311/3376/12262 2797/3377/12263 3310/3378/12264
f 2475/3249/12265 3250/3248/12266 2797/3377/12267 3311/3376/12268
f 2474/3245/12269 3310/3378/12270 2797/3377/12271 3250/3248/12272
f 2503/3379/12273 3312/3380/12274 2798/3381/12275 3311/3382/12276
f 2476/3253/12277 3252/3252/12278 2798/3381/12279 3312/3380/12280
f 2475/3249/12281 3311/3382/12282 2798/3381/12283 3252/3252/12284
f 2503/3383/12285 3313/3384/12286 2799/3385/12287 3312/3386/12288
f 2477/3257/12289 3254/3256/12290 2799/3385/12291 3313/3384/12292
f 2476/3253/12293 3312/3386/12294 2799/3385/12295 3254/3256/12296
f 2503/3387/12297 3314/3388/12298 2800/3389/12299 3313/3390/12300
f 2478/3261/12301 3256/3260/12302 2800/3389/12303 3314/3388/12304
f 2477/3257/12305 3313/3390/12306 2800/3389/12307 3256/3260/12308
f 2503/3391/12309 3315/3392/12310 2801/3393/12311 3314/3394/12312
f 2479/3265/12313 3258/3264/12314 2801/3393/12315 3315/3392/12316
f 2478/3261/12317 3314/3394/12318 2801/3393/12319 3258/3264/12320
f 2503/3395/12321 3316/3396/12322 2802/3397/12323 3315/3398/12324
f 2480/3269/12325 3260/3268/12326 2802/3397/12327 3316/3396/12328
f 2479/3265/12329 3315/3398/12330 2802/3397/12331 3260/3268/12332
f 2503/3399/12333 3317/3400/12334 2803/3401/12335 3316/3402/12336
f 2481/3273/12337 3262/3272/12338 2803/3401/12339 3317/3400/12340
f 2480/3269/12341 3316/3402/12342 2803/3401/12343 3262/3272/12344
f 2503/3403/12345 3318/3404/12346 2804/3405/12347 3317/3406/12348
f 2482/3277/12349 3264/3276/12350 2804/3405/12351 3318/3404/12352
f 2481/3273/12353 3317/3406/12354 2804/3405/12355 3264/3276/12356
f 2503/3407/12357 3319/3408/12358 2805/3409/12359 3318/3410/12360
f 2483/3281/12361 3266/3280/12362 2805/3409/12363 3319/3408/12364
f 2482/3277/12365 3318/3410/12366 2805/3409/12367 3266/3280/12368
f 2503/3411/12369 3320/3412/12370 2806/3413/12371 3319/3414/12372
f 2484/3285/12373 3268/3284/12374 2806/3413/12375 3320/3412/12376
f 2483/3281/12377 3319/3414/12378 2806/3413/12379 3268/3284/12380
f 2503/3415/12381 3321/3416/12382 2807/3417/12383 3320/3418/12384
f 2485/3289/12385 3270/3288/12386 2807/3417/12387 3321/3416/12388
f 2484/3285/12389 3320/3418/12390 2807/3417/12391 3270/3288/12392
f 2503/3419/12393 3322/3420/12394 2808/3421/12395 3321/3422/12396
f 2486/3293/12397 3272/3292/12398 2808/3421/12399 3322/3420/12400
f 2485/3289/12401 3321/3422/12402 2808/3421/12403 3272/3292/12404
f 2503/3423/12405 3323/3424/12406 2809/3425/12407 3322/3426/12408
f 2487/3297/12409 3274/3296/12410 2809/3425/12411 3323/3424/12412
f 2486/3293/12413 3322/3426/12414 2809/3425/12415 3274/3296/12416
f 2503/3427/12417 3324/3428/12418 2810/3429/12419 3323/3430/12420
f 2488/3301/12421 3276/3300/12422 2810/3429/12423 3324/3428/12424
f 2487/3297/12425 3323/3430/12426 2810/3429/12427 3276/3300/12428
f 2503/3431/12429 3325/3432/12430 2811/3433/12431 3324/3434/12432
f 2489/3305/12433 3278/3304/12434 2811/3433/12435 3325/3432/12436
f 2488/3301/12437 3324/3434/12438 2811/3433/12439 3278/3304/12440
f 2503/3435/12441 3326/3436/12442 2812/3437/12443 3325/3438/12444
f 2490/3309/12445 3280/3308/12446 2812/3437/12447 3326/3436/12448
f 2489/3305/12449 3325/3438/12450 2812/3437/12451 3280/3308/12452
f 2503/3439/12453 3327/3440/12454 2813/3441/12455 3326/3442/12456
f 2491/3313/12457 3282/3312/12458 2813/3441/12459 3327/3440/12460
f 2490/3309/12461 3326/3442/12462 2813/3441/12463 3282/3312/12464
f 2503/3443/12465 3328/3444/12466 2814/3445/12467 3327/3446/12468
f 2492/3317/12469 3284/3316/12470 2814/3445/12471 3328/3444/12472
f 2491/3313/12473 3327/3446/12474 2814/3445/12475 3284/3316/12476
f 2503/3447/12477 3329/3448/12478 2815/3449/12479 3328/3450/12480
f 2493/3321/12481 3286/3320/12482 2815/3449/12483 3329/3448/12484
f 2492/3317/12485 3328/3450/12486 2815/3449/12487 3286/3320/12488
f 2503/3451/12489 3330/3452/12490 2816/3453/12491 3329/3454/12492
f 2494/3325/12493 3288/3324/12494 2816/3453/12495 3330/3452/12496
f 2493/3321/12497 3329/3454/12498 2816/3453/12499 3288/3324/12500
f 2503/3455/12501 3331/3456/12502 2817/3457/12503 3330/3458/12504
f 2495/3329/12505 3290/3328/12506 2817/3457/12507 3331/3456/12508
f 2494/3325/12509 3330/3458/12510 2817/3457/12511 3290/3328/12512
f 2503/3459/12513 3332/3460/12514 2818/3461/12515 3331/3462/12516
f 2496/3333/12517 3292/3332/12518 2818/3461/12519 3332/3460/12520
f 2495/3329/12521 3331/3462/12522 2818/3461/12523 3292/3332/12524
f 2503/3463/12525 3333/3464/12526 2819/3465/12527 3332/3466/12528
f 2497/3337/12529 3294/3336/12530 2819/3465/12531 3333/3464/12532
f 2496/3333/12533 3332/3466/12534 2819/3465/12535 3294/3336/12536
f 2503/3467/12537 3334/3468/12538 2820/3469/12539 3333/3470/12540
f 2498/3341/12541 3296/3340/12542 2820/3469/12543 3334/3468/12544
f 2497/3337/12545 3333/3470/12546 2820/3469/12547 3296/3340/12548
f 2503/3471/12549 3335/3472/12550 2821/3473/12551 3334/3474/12552
f 2499/3345/12553 3298/3344/12554 2821/3473/12555 3335/3472/12556
f 2498/3341/12557 3334/3474/12558 2821/3473/12559 3298/3344/12560
f 2503/3475/12561 3336/3476/12562 2822/3477/12563 3335/3478/12564
f 2500/3349/12565 3300/3348/12566 2822/3477/12567 3336/3476/12568
f 2499/3345/12569 3335/3478/12570 2822/3477/12571 3300/3348/12572
f 2503/3479/12573 3337/3480/12574 2823/3481/12575 3336/3482/12576
f 2501/3353/12577 3302/3352/12578 2823/3481/12579 3337/3480/12580
f 2500/3349/12581 3336/3482/12582 2823/3481/12583 3302/3352/12584
f 2503/3483/12585 3338/3484/12586 2824/3485/12587 3337/3486/12588
f 2502/3357/12589 3304/3356/12590 2824/3485/12591 3338/3484/12592
f 2501/3353/12593 3337/3486/12594 2824/3485/12595 3304/3356/12596
f 2503/3487/12597 3308/3488/12598 2825/3489/12599 3338/3490/12600
f 2471/3361/12601 3306/3360/12602 2825/3489/12603 3308/3488/12604
f 2502/3357/12605 3338/3490/12606 2825/3489/12607 3306/3360/12608
f 2504/2386/12609 3339/2389/12610 2826/3491/12611 3372/3492/12612
f 2505/2394/12613 3373/3493/12614 2826/3491/12615 3339/2389/12616
f 2538/3494/12617 3405/3495/12618 2826/3491/12619 3373/3493/12620
f 2537/3496/12621 3372/3492/12622 2826/3491/12623 3405/3495/12624
f 2505/2394/12625 3340/2396/12626 2827/3497/12627 3373/3493/12628
f 2506/2400/12629 3374/3498/12630 2827/3497/12631 3340/2396/12632
f 2539/3499/12633 3406/3500/12634 2827/3497/12635 3374/3498/12636
f 2538/3494/12637 3373/3493/12638 2827/3497/12639 3406/3500/12640
f 2506/2400/12641 3341/2402/12642 2828/3501/12643 3374/3498/12644
f 2507/2406/12645 3375/3502/12646 2828/3501/12647 3341/2402/12648
f 2540/3503/12649 3407/3504/12650 2828/3501/12651 3375/3502/12652
f 2539/3499/12653 3374/3498/12654 2828/3501/12655 3407/3504/12656
f 2507/2406/12657 3342/2408/12658 2829/3505/12659 3375/3502/12660
f 2508/2412/12661 3376/3506/12662 2829/3505/12663 3342/2408/12664
f 2541/3507/12665 3408/3508/12666 2829/3505/12667 3376/3506/12668
f 2540/3503/12669 3375/3502/12670 2829/3505/12671 3408/3508/12672
f 2508/2412/12673 3343/2414/12674 2830/3509/12675 3376/3506/12676
f 2509/2418/12677 3377/3510/12678 2830/3509/12679 3343/2414/12680
f 2542/3511/12681 3409/3512/12682 2830/3509/12683 3377/3510/12684
f 2541/3507/12685 3376/3506/12686 2830/3509/12687 3409/3512/12688
f 2509/2418/12689 3344/2420/12690 2831/3513/12691 3377/3510/12692
f 2510/2424/12693 3378/3514/12694 2831/3513/12695 3344/2420/12696
f 2543/3515/12697 3410/3516/12698 2831/3513/12699 3378/3514/12700
f 2542/3511/12701 3377/3510/12702 2831/3513/12703 3410/3516/12704
f 2510/2424/12705 3345/2426/12706 2832/3517/12707 3378/3514/12708
f 2511/2430/12709 3379/3518/12710 2832/3517/12711 3345/2426/12712
f 2544/3519/12713 3411/3520/12714 2832/3517/12715 3379/3518/12716
f 2543/3515/12717 3378/3514/12718 2832/3517/12719 3411/3520/12720
f 2511/2430/12721 3346/2432/12722 2833/3521/12723 3379/3518/12724
f 2512/2436/12725 3380/3522/12726 2833/3521/12727 3346/2432/12728
f 2545/3523/12729 3412/3524/12730 2833/3521/12731 3380/3522/12732
f 2544/3519/12733 3379/3518/12734 2833/3521/12735 3412/3524/12736
f 2512/2436/12737 3347/2438/12738 2834/3525/12739 3380/3522/12740
f 2513/2442/12741 3381/3526/12742 2834/3525/12743 3347/2438/12744
f 2546/3527/12745 3413/3528/12746 2834/3525/12747 3381/3526/12748
f 2545/3523/12749 3380/3522/12750 2834/3525/12751 3413/3528/12752
f 2513/2442/12753 3348/2444/12754 2835/3529/12755 3381/3526/12756
f 2514/2448/12757 3382/3530/12758 2835/3529/12759 3348/2444/12760
f 2547/3531/12761 3414/3532/12762 2835/3529/12763 3382/3530/12764
f 2546/3527/12765 3381/3526/12766 2835/3529/12767 3414/3532/12768
f 2514/2448/12769 3349/2450/12770 2836/3533/12771 3382/3530/12772
f 2515/2454/12773 3383/3534/12774 2836/3533/12775 3349/2450/12776
f 2548/3535/12777 3415/3536/12778 2836/3533/12779 3383/3534/12780
f 2547/3531/12781 3382/3530/12782 2836/3533/12783 3415/3536/12784
f 2536/2462/12785 3350/2461/12786 2837/3537/12787 3404/3538/12788
f 2516/2460/12789 3384/3539/12790 2837/3537/12791 3350/2461/12792
f 2549/3540/12793 3416/3541/12794 2837/3537/12795 3384/3539/12796
f 2569/3542/12797 3404/3538/12798 2837/3537/12799 3416/3541/12800
f 2516/2460/12801 3351/2464/12802 2838/3543/12803 3384/3539/12804
f 2517/2468/12805 3385/3544/12806 2838/3543/12807 3351/2464/12808
f 2550/3545/12809 3417/3546/12810 2838/3543/12811 3385/3544/12812
f 2549/3540/12813 3384/3539/12814 2838/3543/12815 3417/3546/12816
f 2517/2468/12817 3352/2470/12818 2839/3547/12819 3385/3544/12820
f 2518/2474/12821 3386/3548/12822 2839/3547/12823 3352/2470/12824
f 2551/3549/12825 3418/3550/12826 2839/3547/12827 3386/3548/12828
f 2550/3545/12829 3385/3544/12830 2839/3547/12831 3418/3550/12832
f 2518/2474/12833 3353/2476/12834 2840/3551/12835 3386/3548/12836
f 2519/2480/12837 3387/3552/12838 2840/3551/12839 3353/2476/12840
f 2552/3553/12841 3419/3554/12842 2840/3551/12843 3387/3552/12844
f 2551/3549/12845 3386/3548/12846 2840/3551/12847 3419/3554/12848
f 2519/2480/12849 3354/2482/12850 2841/3555/12851 3387/3552/12852
f 2520/2486/12853 3388/3556/12854 2841/3555/12855 3354/2482/12856
f 2553/3557/12857 3420/3558/12858 2841/3555/12859 3388/3556/12860
f 2552/3553/12861 3387/3552/12862 2841/3555/12863 3420/3558/12864
f 2520/2486/12865 3355/2488/12866 2842/3559/12867 3388/3556/12868
f 2521/2492/12869 3389/3560/12870 2842/3559/12871 3355/2488/12872
f 2554/3561/12873 3421/3562/12874 2842/3559/12875 3389/3560/12876
f 2553/3557/12877 3388/3556/12878 2842/3559/12879 3421/3562/12880
f 2521/2492/12881 3356/2494/12882 2843/3563/12883 3389/3560/12884
f 2522/2498/12885 3390/3564/12886 2843/3563/12887 3356/2494/12888
f 2555/3565/12889 3422/3566/12890 2843/3563/12891 3390/3564/12892
f 2554/3561/12893 3389/3560/12894 2843/3563/12895 3422/3566/12896
f 2522/2498/12897 3357/2500/12898 2844/3567/12899 3390/3564/12900
f 2523/2504/12901 3391/3568/12902 2844/3567/12903 3357/2500/12904
f 2556/3569/12905 3423/3570/12906 2844/3567/12907 3391/3568/12908
f 2555/3565/12909 3390/3564/12910 2844/3567/12911 3423/3570/12912
f 2523/2504/12913 3358/2506/12914 2845/3571/12915 3391/3568/12916
f 2524/2510/12917 3392/3572/12918 2845/3571/12919 3358/2506/12920
f 2557/3573/12921 3424/3574/12922 2845/3571/12923 3392/3572/12924
f 2556/3569/12925 3391/3568/12926 2845/3571/12927 3424/3574/12928
f 2524/2510/12929 3359/2512/12930 2846/3575/12931 3392/3572/12932
f 2525/2516/12933 3393/3576/12934 2846/3575/12935 3359/2512/12936
f 2558/3577/12937 3425/3578/12938 2846/3575/12939 3393/3576/12940
f 2557/3573/12941 3392/3572/12942 2846/3575/12943 3425/3578/12944
f 2525/2516/12945 3360/2518/12946 2847/3579/12947 3393/3576/12948
f 2526/2522/12949 3394/3580/12950 2847/3579/12951 3360/2518/12952
f 2559/3581/12953 3426/3582/12954 2847/3579/12955 3394/3580/12956
f 2558/3577/12957 3393/3576/12958 2847/3579/12959 3426/3582/12960
f 2526/2522/12961 3361/2524/12962 2848/3583/12963 3394/3580/12964
f 2527/2528/12965 3395/3584/12966 2848/3583/12967 3361/2524/12968
f 2560/3585/12969 3427/3586/12970 2848/3583/12971 3395/3584/12972
f 2559/3581/12973 3394/3580/12974 2848/3583/12975 3427/3586/12976
f 2527/2528/12977 3362/2530/12978 2849/3587/12979 3395/3584/12980
f 2528/2534/12981 3396/3588/12982 2849/3587/12983 3362/2530/12984
f 2561/3589/12985 3428/3590/12986 2849/3587/12987 3396/3588/12988
f 2560/3585/12989 3395/3584/12990 2849/3587/12991 3428/3590/12992
f 2528/2534/12993 3363/2536/12994 2850/3591/12995 3396/3588/12996
f 2529/2540/12997 3397/3592/12998 2850/3591/12999 3363/2536/13000
f 2562/3593/13001 3429/3594/13002 2850/3591/13003 3397/3592/13004
f 2561/3589/13005 3396/3588/13006 2850/3591/13007 3429/3594/13008
f 2529/2540/13009 3364/2542/13010 2851/3595/13011 3397/3592/13012
f 2530/2546/13013 3398/3596/13014 2851/3595/13015 3364/2542/13016
f 2563/3597/13017 3430/3598/13018 2851/3595/13019 3398/3596/13020
f 2562/3593/13021 3397/3592/13022 2851/3595/13023 3430/3598/13024
f 2530/2546/13025 3365/2548/13026 2852/3599/13027 3398/3596/13028
f 2531/2552/13029 3399/3600/13030 2852/3599/13031 3365/2548/13032
f 2564/3601/13033 3431/3602/13034 2852/3599/13035 3399/3600/13036
f 2563/3597/13037 3398/3596/13038 2852/3599/13039 3431/3602/13040
f 2531/2552/13041 3366/2554/13042 2853/3603/13043 3399/3600/13044
f 2532/2558/13045 3400/3604/13046 2853/3603/13047 3366/2554/13048
f 2565/3605/13049 3432/3606/13050 2853/3603/13051 3400/3604/13052
f 2564/3601/13053 3399/3600/13054 2853/3603/13055 3432/3606/13056
f 2532/2558/13057 3367/2560/13058 2854/3607/13059 3400/3604/13060
f 2533/2564/13061 3401/3608/13062 2854/3607/13063 3367/2560/13064
f 2566/3609/13065 3433/3610/13066 2854/3607/13067 3401/3608/13068
f 2565/3605/13069 3400/3604/13070 2854/3607/13071 3433/3610/13072
f 2533/2564/13073 3368/2566/13074 2855/3611/13075 3401/3608/13076
f 2534/2570/13077 3402/3612/13078 2855/3611/13079 3368/2566/13080
f 2567/3613/13081 3434/3614/13082 2855/3611/13083 3402/3612/13084
f 2566/3609/13085 3401/3608/13086 2855/3611/13087 3434/3614/13088
f 2534/2570/13089 3369/2572/13090 2856/3615/13091 3402/3612/13092
f 2535/2576/13093 3403/3616/13094 2856/3615/13095 3369/2572/13096
f 2568/3617/13097 3435/3618/13098 2856/3615/13099 3403/3616/13100
f 2567/3613/13101 3402/3612/13102 2856/3615/13103 3435/3618/13104
f 2535/2576/13105 3370/2578/13106 2857/3619/13107 3403/3616/13108
f 2504/2582/13109 3372/3620/13110 2857/3619/13111 3370/2578/13112
f 2537/3621/13113 3436/3622/13114 2857/3619/13115 3372/3620/13116
f 2568/3617/13117 3403/3616/13118 2857/3619/13119 3436/3622/13120
f 2515/2454/13121 3371/2456/13122 2858/3623/13123 3383/3534/13124
f 2536/2462/13125 3404/3538/13126 2858/3623/13127 3371/2456/13128
f 2569/3542/13129 3437/3624/13130 2858/3623/13131 3404/3538/13132
f 2548/3535/13133 3383/3534/13134 2858/3623/13135 3437/3624/13136
