# This file uses centimeters as units for non-parametric coordinates.

mtllib CentroPokemonFinalT2.mtl
g default
v -3.807619 2.854231 3.753680
v -1.979915 2.854231 4.069185
v -3.807619 10.447300 3.753680
v -1.979915 10.447300 4.069185
v -3.765030 2.904231 3.810126
v -2.036361 2.904231 4.111775
v -2.036361 10.397300 4.111775
v -3.765030 10.397300 3.810126
vt 0.537500 0.312500
vt 0.550000 0.312500
vt 0.550000 0.687500
vt 0.537500 0.687500
vt 0.537500 0.312500
vt 0.550000 0.312500
vt 0.550000 0.687500
vt 0.537500 0.687500
vt 0.537500 0.312500
vt 0.550000 0.312500
vt 0.550000 0.687500
vt 0.537500 0.687500
vn -0.171900 0.000000 0.985114
vn -0.171900 0.000000 0.985114
vn -0.171900 0.000000 0.985114
vn -0.171900 0.000000 0.985114
vn 0.170108 0.000000 -0.985425
vn 0.170108 0.000000 -0.985425
vn 0.170108 0.000000 -0.985425
vn 0.170108 0.000000 -0.985425
vn -0.120933 -0.706918 0.696880
vn -0.120933 -0.706918 0.696880
vn -0.120933 -0.706918 0.696880
vn -0.120933 -0.706918 0.696880
vn 0.602303 0.000000 0.798268
vn 0.602303 0.000000 0.798268
vn 0.602303 0.000000 0.798268
vn 0.602303 0.000000 0.798268
vn -0.120933 0.706912 0.696887
vn -0.120933 0.706912 0.696887
vn -0.120933 0.706912 0.696887
vn -0.120933 0.706912 0.696887
vn -0.798265 0.000000 0.602306
vn -0.798265 0.000000 0.602306
vn -0.798265 0.000000 0.602306
vn -0.798265 0.000000 0.602306
s off
g polySurface46 polySurface43 polySurface38 polySurface36 pasted__pasted__pasted__pasted__pasted__pasted__pasted__pCube17
usemtl lambert3SG
f 5/9/1 6/10/2 7/11/3 8/12/4
usemtl lambert10SG
f 1/5/5 3/8/6 4/7/7 2/6/8
usemtl lambert3SG
f 1/1/9 2/2/10 6/10/11 5/9/12
f 2/2/13 4/3/14 7/11/15 6/10/16
f 4/3/17 3/4/18 8/12/19 7/11/20
f 3/4/21 1/1/22 5/9/23 8/12/24
g default
v -5.974741 6.737278 -10.858359
v -5.113537 6.737278 -10.858359
v -5.974741 10.535550 -10.858359
v -5.113537 10.535550 -10.858359
v -5.974741 10.535550 -10.928614
v -5.113537 10.535550 -10.928614
v -5.974741 6.737278 -10.928614
v -5.113537 6.737278 -10.928614
v -21.306770 13.397179 -11.604486
v -4.623021 13.397179 -11.604486
v -21.306770 14.736488 -11.604486
v -4.623021 14.736488 -11.604486
v -21.306770 14.736488 -11.704904
v -4.623021 14.736488 -11.704904
v -21.306770 13.397179 -11.704904
v -4.623021 13.397179 -11.704904
v -5.959686 6.744840 -11.043247
v -5.959686 6.744840 -10.856764
v -21.523874 6.744840 -11.043247
v -21.523874 6.744840 -10.856764
v -21.523874 7.489328 -11.043247
v -21.523874 7.489328 -10.856764
v -5.959686 7.489328 -11.043247
v -5.959686 7.489328 -10.856764
v -3.933023 8.882640 9.107355
v -2.388908 8.882640 9.107355
v -2.388908 10.460279 9.107355
v -3.933023 10.460279 9.107355
v -3.933023 8.882640 4.363998
v -3.933023 9.142371 4.816745
v -3.933023 10.288226 4.816745
v -3.933023 10.288226 8.670885
v -3.933023 9.142371 8.670885
v -3.933023 10.460279 4.363998
v -2.388908 8.882640 4.363998
v -2.388908 9.142371 4.816745
v -2.388908 9.142371 8.670885
v -2.388908 10.288226 8.670885
v -2.388908 10.288226 4.816745
v -2.388908 10.460279 4.363998
v -5.974741 6.737277 10.720907
v -5.113537 6.737277 10.720907
v -5.974741 10.535550 10.720907
v -5.113537 10.535550 10.720907
v -5.974741 10.535550 10.650657
v -5.113537 10.535550 10.650657
v -5.974741 6.737277 10.650657
v -5.113537 6.737277 10.650657
v -5.007828 10.519257 -11.149740
v -5.007828 10.519257 -10.874376
v -22.475725 10.519257 -11.149740
v -22.475725 10.519257 -10.874376
v -22.475725 10.854454 -11.149740
v -22.475725 10.854454 -10.874376
v -5.007828 10.854454 -11.149740
v -5.007828 10.854454 -10.874376
v -2.825556 18.244452 -0.631089
v -2.825556 18.414276 -0.256585
v -2.633832 18.414276 -0.256585
v -2.633832 18.244452 -0.631089
v -2.825556 18.472792 0.158555
v -2.633832 18.472792 0.158555
v -2.633832 17.620657 -0.121843
v -2.633832 17.680962 0.011141
v -2.825556 17.979948 -0.928296
v -2.633832 17.979948 -0.928296
v -2.825556 17.620657 -0.121843
v -2.825556 17.680962 0.011141
v -2.825556 18.414276 0.573694
v -2.633832 18.414276 0.573694
v -2.633832 17.701740 0.158554
v -2.825556 17.701740 0.158554
v -2.633832 17.526733 -0.227379
v -2.825556 17.646652 -1.119114
v -2.633832 17.646652 -1.119114
v -2.825556 17.526733 -0.227379
v -2.825556 18.244452 0.948197
v -2.633832 18.244452 0.948197
v -2.633832 17.680962 0.305968
v -2.825556 17.680962 0.305968
v -2.633832 17.408384 -0.295137
v -2.825556 17.277191 -1.184866
v -2.633832 17.277191 -1.184866
v -2.825556 17.408384 -0.295137
v -2.825556 17.979948 1.245405
v -2.633832 17.979948 1.245405
v -2.633832 17.620657 0.438951
v -2.825556 17.620657 0.438951
v -2.633832 17.408382 -0.295139
v -2.633832 17.277191 -0.318486
v -2.825556 17.277191 -0.318486
v -2.825556 17.408382 -0.295139
v -2.825556 17.646652 1.436224
v -2.633832 17.646652 1.436224
v -2.633832 17.526733 0.544488
v -2.825556 17.526733 0.544488
v -2.825556 17.277191 1.501975
v -2.633832 17.277191 1.501975
v -2.633832 17.408384 0.612246
v -2.825556 17.408384 0.612246
v -2.633832 17.277189 0.635595
v -2.633832 17.408382 0.612247
v -2.825556 17.277191 0.635595
v -2.825556 17.408382 0.612247
v -24.602659 2.722155 9.433332
v -24.892599 2.722155 9.844355
v -22.722698 2.823699 10.644798
v -22.012531 13.188559 12.033266
v -20.897305 13.459903 12.033266
v -20.897305 14.723887 12.033266
v -5.111333 14.723887 12.033266
v -5.111333 13.459903 12.033266
v -4.133407 13.188559 12.033266
v -22.012531 14.872827 12.033266
v -22.125267 13.188559 10.690216
v -22.125267 14.872827 10.690216
v -4.133407 13.188559 10.690216
v -20.897305 13.459903 10.690216
v -5.111333 13.459903 10.690216
v -5.111333 14.723887 10.690216
v -20.897305 14.723887 10.690216
v -4.133407 14.872827 10.690216
v -4.133407 14.872827 12.033266
v -2.145621 2.720867 -10.693371
v -2.277202 2.720867 -11.147754
v -2.597162 2.720867 -11.578112
v -3.074180 2.720867 -11.942305
v -3.661561 2.720867 -12.204695
v -4.301810 2.720867 -12.339597
v -4.932254 2.720867 -12.333800
v -5.491179 2.720867 -12.187870
v -5.923876 2.817134 -11.916105
v -6.187990 2.817134 -11.545090
v -6.257667 2.817134 -11.111153
v -3.471034 2.817134 -9.470725
v -2.912108 2.720867 -9.616654
v -2.479411 2.720867 -9.888420
v -2.215297 2.720867 -10.259434
v -2.145621 3.414162 -10.693371
v -2.277202 3.414162 -11.147754
v -2.597162 3.414162 -11.578112
v -3.074180 3.414162 -11.942305
v -3.661561 3.414162 -12.204695
v -4.301810 3.414162 -12.339597
v -4.932254 3.414162 -12.333800
v -5.491179 3.414162 -12.187870
v -5.923876 3.414162 -11.916105
v -6.187990 3.414162 -11.545090
v -6.257667 3.414162 -11.111153
v -3.471034 3.414162 -9.470725
v -2.912108 3.414162 -9.616654
v -2.479411 3.414162 -9.888420
v -2.215297 3.414162 -10.259434
v -4.201644 2.817134 -10.902265
v -4.201644 3.398792 -10.902265
v 2.404872 2.806674 -1.262384
v 1.750008 2.806674 -2.397795
v -4.689862 2.816506 -3.298861
v -5.709837 2.816506 -2.397794
v -6.364701 2.816506 -1.262383
v -6.590352 2.816506 -0.003771
v -6.364701 2.816506 1.254842
v -5.709837 2.816506 2.390253
v -4.689862 2.816506 3.291320
v -3.404619 2.854231 3.869840
v -1.979915 10.447300 -4.076726
v -3.404619 10.447300 -3.877383
v -3.404619 10.447300 3.869840
v -1.979915 2.687051 -0.003771
v -1.979915 10.447300 -0.003771
v -24.504135 13.172726 -9.873158
v -23.944345 13.172726 -9.873158
v -24.504135 13.427759 -9.873158
v -23.944345 13.427759 -9.873158
v -24.504135 13.427759 -9.962351
v -23.944345 13.427759 -9.962351
v -24.504135 13.172726 -9.962351
v -23.944345 13.172726 -9.962351
v -22.034399 13.172726 -11.728921
v -22.034399 13.172726 -11.935128
v -22.034399 13.427759 -11.728921
v -22.034399 13.427759 -11.935128
v -22.135376 13.427759 -11.728921
v -22.135376 13.427759 -11.935128
v -22.135376 13.172726 -11.728921
v -22.135376 13.172726 -11.935128
v -23.961201 13.427759 -10.243322
v -24.493715 13.427759 -10.249605
v -24.493715 13.172726 -10.249605
v -23.961201 13.172726 -10.243322
v -23.959986 13.427759 -10.501055
v -24.463524 13.427759 -10.537050
v -24.463524 13.172726 -10.537050
v -23.959986 13.172726 -10.501055
v -23.930677 13.427759 -10.732892
v -24.398733 13.427759 -10.816930
v -24.398733 13.172726 -10.816930
v -23.930677 13.172726 -10.732892
v -23.854797 13.427759 -10.939198
v -24.289935 13.427759 -11.080046
v -24.289935 13.172726 -11.080046
v -23.869154 13.172726 -10.939198
v -23.759708 13.427759 -11.120791
v -24.133078 13.427759 -11.317335
v -24.133078 13.172726 -11.317335
v -23.774073 13.172726 -11.120791
v -23.605932 13.427759 -11.279122
v -23.929236 13.427759 -11.520649
v -23.929236 13.172726 -11.520649
v -23.644207 13.172726 -11.279122
v -23.379505 13.427759 -11.414891
v -23.683855 13.427759 -11.683946
v -23.683855 13.172726 -11.683946
v -23.477556 13.172726 -11.414891
v -23.212891 13.427759 -11.526890
v -23.405165 13.427759 -11.804471
v -23.405165 13.172726 -11.804471
v -23.272674 13.172726 -11.526890
v -23.030760 13.427759 -11.612945
v -23.102465 13.427759 -11.883239
v -23.102465 13.172726 -11.883239
v -23.030760 13.172726 -11.612945
v -22.756164 13.427759 -11.672289
v -22.784786 13.427759 -11.924996
v -22.784786 13.172726 -11.924996
v -22.756164 13.172726 -11.672289
v -22.455044 13.427759 -11.708048
v -22.460347 13.427759 -11.938171
v -22.460347 13.172726 -11.938171
v -22.455044 13.172726 -11.708048
v -24.202534 3.467196 -8.973771
v -24.703529 3.467196 -9.282882
v -25.010012 3.467196 -9.717348
v -25.091976 3.467196 -10.234629
v -24.941385 3.467196 -10.784099
v -24.573011 3.467196 -11.311970
v -24.022884 3.467196 -11.766568
v -23.344879 3.467196 -12.103392
v -22.605341 3.467196 -12.289476
v -21.876661 3.467196 -12.306609
v -21.230186 3.467196 -12.153098
v -24.202534 2.720617 -8.973771
v -24.703529 2.720617 -9.282882
v -25.010012 2.720617 -9.717348
v -25.091976 2.720617 -10.234629
v -24.941385 2.720617 -10.784099
v -24.573011 2.720617 -11.311970
v -24.022884 2.720617 -11.766568
v -23.344879 2.720617 -12.103392
v -22.605341 2.720617 -12.289476
v -21.876661 2.720617 -12.306609
v -21.230186 2.823272 -12.153098
v -20.729191 2.823272 -11.843985
v -22.716364 3.453415 -10.563434
v -22.716364 2.823272 -10.563434
v -24.501156 13.178151 9.936826
v -23.941357 13.178151 9.936826
v -24.501156 13.433185 9.936826
v -23.941357 13.433185 9.936826
v -24.501156 13.433185 10.026019
v -23.941357 13.433185 10.026019
v -24.501156 13.178151 10.026019
v -23.941357 13.178151 10.026019
v -21.909082 13.178151 11.766525
v -21.909082 13.178151 12.062050
v -21.909082 13.433185 11.766525
v -21.909082 13.433185 12.062050
v -22.010045 13.433185 11.766525
v -22.010045 13.433185 12.067499
v -22.010045 13.178151 11.766525
v -22.010045 13.178151 12.067499
v -23.952143 13.178151 10.315586
v -24.492306 13.178151 10.323969
v -24.492306 13.433185 10.323969
v -23.952143 13.433185 10.315586
v -23.943676 13.178151 10.576711
v -24.461721 13.178151 10.620074
v -24.461721 13.433185 10.620074
v -23.943676 13.433185 10.576711
v -23.906190 13.178151 10.804768
v -24.393178 13.178151 10.905507
v -24.393178 13.433185 10.905507
v -23.906190 13.433185 10.804768
v -23.836775 13.178151 11.000924
v -24.276424 13.178151 11.170792
v -24.276424 13.433185 11.170792
v -23.836775 13.433185 11.000924
v -23.734522 13.178151 11.169479
v -24.107534 13.178151 11.407082
v -24.107534 13.433185 11.407082
v -23.734522 13.433185 11.169479
v -23.596612 13.178151 11.315956
v -23.888904 13.178151 11.607051
v -23.888904 13.433185 11.607051
v -23.596612 13.433185 11.315956
v -23.418886 13.178151 11.443113
v -23.627790 13.178151 11.766613
v -23.627790 13.433185 11.766613
v -23.418886 13.433185 11.443113
v -23.199793 13.178151 11.549829
v -23.333683 13.178151 11.885570
v -23.333683 13.433185 11.885570
v -23.199793 13.433185 11.549829
v -22.942541 13.178151 11.633859
v -23.016298 13.178151 11.967050
v -23.016298 13.433185 11.967050
v -22.942541 13.433185 11.633859
v -22.653662 13.178151 11.695005
v -22.684816 13.178151 12.016764
v -22.684816 13.433185 12.016764
v -22.653662 13.433185 11.695005
v -22.340294 13.178151 11.736669
v -22.347402 13.178151 12.042809
v -22.347402 13.433185 12.042809
v -22.340294 13.433185 11.736669
v -2.088450 2.707523 10.744863
v -2.223785 2.707523 11.212212
v -2.552870 2.707523 11.654841
v -3.043493 2.707523 12.029426
v -3.647628 2.707523 12.299296
v -4.306138 2.707523 12.438046
v -4.954562 2.707523 12.432082
v -5.529430 2.707523 12.281994
v -5.974469 2.795473 12.002472
v -6.246115 2.795473 11.620876
v -6.317778 2.795473 11.174562
v -6.182443 2.795473 10.909659
v -3.451667 2.795473 9.487349
v -2.876799 2.707523 9.637437
v -2.431760 2.707523 9.916960
v -2.160114 2.707523 10.298554
v -2.088450 3.336725 10.744863
v -2.223785 3.336725 11.212212
v -2.552870 3.336725 11.654841
v -3.043493 3.336725 12.029426
v -3.647628 3.336725 12.299296
v -4.306138 3.336725 12.438046
v -4.954562 3.336725 12.432082
v -5.529430 3.336725 12.281994
v -5.974469 3.325385 12.002472
v -6.246115 3.325385 11.620876
v -6.317778 3.325385 11.174562
v -6.182443 3.325385 10.909659
v -3.451667 3.325385 9.487349
v -2.876799 3.336725 9.637437
v -2.431760 3.336725 9.916960
v -2.160114 3.336725 10.298554
v -4.203114 2.795473 10.959712
v -4.203114 3.325385 10.959712
v -2.700187 14.608572 -9.587217
v -2.302346 14.608572 -9.587217
v -2.700187 14.871124 -9.587217
v -2.302346 14.871124 -9.587217
v -2.700187 14.871124 -9.960729
v -2.302346 14.871124 -9.960729
v -2.700187 14.608572 -9.960729
v -2.302346 14.608572 -9.960729
v -4.551588 14.608572 -11.915238
v -4.551588 14.608572 -11.563776
v -4.551588 14.871124 -11.915238
v -4.551588 14.871124 -11.563776
v -4.128786 14.871124 -11.915238
v -4.128786 14.871124 -11.563776
v -4.128786 14.608572 -11.915238
v -4.128786 14.608572 -11.563776
v -2.702154 14.608572 -10.209292
v -2.304358 14.608572 -10.212918
v -2.304358 14.871124 -10.212918
v -2.702154 14.871124 -10.209292
v -2.714798 14.608572 -10.447500
v -2.317790 14.608572 -10.468113
v -2.317790 14.871124 -10.468113
v -2.714798 14.871124 -10.447500
v -2.745598 14.608572 -10.672015
v -2.352344 14.608572 -10.722866
v -2.352344 14.871124 -10.722866
v -2.745598 14.871124 -10.672015
v -2.798800 14.608572 -10.878285
v -2.415838 14.608572 -10.970908
v -2.415838 14.871124 -10.970908
v -2.798800 14.871124 -10.878285
v -2.875496 14.608572 -11.060182
v -2.514262 14.608572 -11.204637
v -2.514262 14.871124 -11.204637
v -2.875496 14.871124 -11.060182
v -2.974074 14.608572 -11.212602
v -2.651708 14.608572 -11.415680
v -2.651708 14.871124 -11.415680
v -2.974074 14.871124 -11.212602
v -3.092569 14.608572 -11.334211
v -2.829673 14.608572 -11.595326
v -2.829673 14.871124 -11.595326
v -3.092569 14.871124 -11.334211
v -3.232906 14.608572 -11.427780
v -3.045725 14.608572 -11.735845
v -3.045725 14.871124 -11.735845
v -3.232906 14.871124 -11.427780
v -3.402310 14.608572 -11.496364
v -3.293117 14.608572 -11.833100
v -3.293117 14.871124 -11.833100
v -3.402310 14.871124 -11.496364
v -3.608107 14.608572 -11.540306
v -3.562596 14.608572 -11.888976
v -3.562596 14.871124 -11.888976
v -3.608107 14.871124 -11.540306
v -3.852414 14.608572 -11.560388
v -3.844268 14.608572 -11.911693
v -3.844268 14.871124 -11.911693
v -3.852414 14.871124 -11.560388
v -22.734973 13.399337 11.901940
v -23.175722 13.399337 11.800528
v -23.559577 13.399337 11.583597
v -23.848980 13.399337 11.272369
v -24.015594 13.399337 10.897314
v -24.043110 13.399337 10.495144
v -23.928839 13.399337 10.105228
v -23.683962 13.399337 9.765728
v -23.332451 13.399337 9.509889
v -21.856766 13.399337 11.730747
v -22.280499 13.399337 11.877891
v -22.734973 14.617852 11.901940
v -23.175722 14.617852 11.800528
v -23.559577 14.617852 11.583597
v -23.848980 14.617852 11.272369
v -24.015594 14.617852 10.897314
v -24.043110 14.617852 10.495144
v -23.928839 14.617852 10.105228
v -23.683962 14.617852 9.765728
v -23.332451 14.617852 9.509889
v -21.856766 14.617852 11.730747
v -22.280499 14.617852 11.877891
v -22.594608 13.399337 10.620316
v -22.594608 14.617852 10.620316
v -24.504135 14.619742 -9.873158
v -23.944345 14.619742 -9.873158
v -24.504135 14.874776 -9.873158
v -23.944345 14.874776 -9.873158
v -24.504135 14.874776 -9.962351
v -23.944345 14.874776 -9.962351
v -24.504135 14.619742 -9.962351
v -23.944345 14.619742 -9.962351
v -22.034399 14.619742 -11.728921
v -22.034399 14.619742 -11.935128
v -22.034399 14.874776 -11.728921
v -22.034399 14.874776 -11.935128
v -22.135376 14.874776 -11.728921
v -22.135376 14.874776 -11.935128
v -22.135376 14.619742 -11.728921
v -22.135376 14.619742 -11.935128
v -23.961201 14.874776 -10.243322
v -24.493715 14.874776 -10.249605
v -24.493715 14.619742 -10.249605
v -23.961201 14.619742 -10.243322
v -23.959986 14.874776 -10.501055
v -24.463524 14.874776 -10.537050
v -24.463524 14.619742 -10.537050
v -23.959986 14.619742 -10.501055
v -23.930677 14.874776 -10.732892
v -24.398733 14.874776 -10.816930
v -24.398733 14.619742 -10.816930
v -23.930677 14.619742 -10.732892
v -23.854797 14.874776 -10.939198
v -24.289935 14.874776 -11.080046
v -24.289935 14.619742 -11.080046
v -23.869154 14.619742 -10.939198
v -23.759708 14.874776 -11.120791
v -24.133078 14.874776 -11.317335
v -24.133078 14.619742 -11.317335
v -23.774073 14.619742 -11.120791
v -23.605932 14.874776 -11.279122
v -23.929236 14.874776 -11.520649
v -23.929236 14.619742 -11.520649
v -23.644207 14.619742 -11.279122
v -23.379505 14.874776 -11.414891
v -23.683855 14.874776 -11.683946
v -23.683855 14.619742 -11.683946
v -23.477556 14.619742 -11.414891
v -23.212891 14.874776 -11.526890
v -23.405165 14.874776 -11.804471
v -23.405165 14.619742 -11.804471
v -23.272674 14.619742 -11.526890
v -23.030760 14.874776 -11.612945
v -23.102465 14.874776 -11.883239
v -23.102465 14.619742 -11.883239
v -23.030760 14.619742 -11.612945
v -22.756164 14.874776 -11.672289
v -22.784786 14.874776 -11.924996
v -22.784786 14.619742 -11.924996
v -22.756164 14.619742 -11.672289
v -22.455044 14.874776 -11.708048
v -22.460347 14.874776 -11.938171
v -22.460347 14.619742 -11.938171
v -22.455044 14.619742 -11.708048
v -22.734973 13.399337 -11.840942
v -23.175722 13.399337 -11.739529
v -23.559577 13.399337 -11.522598
v -23.848980 13.399337 -11.211370
v -24.015594 13.399337 -10.836310
v -24.043110 13.399337 -10.434145
v -23.928839 13.399337 -10.044229
v -23.683962 13.399337 -9.704729
v -21.856766 13.399337 -11.669748
v -22.280499 13.399337 -11.816892
v -22.734973 14.617852 -11.840942
v -23.175722 14.617852 -11.739529
v -23.559577 14.617852 -11.522598
v -23.848980 14.617852 -11.211370
v -24.015594 14.617852 -10.836310
v -24.043110 14.617852 -10.434145
v -23.928839 14.617852 -10.044229
v -23.683962 14.617852 -9.704729
v -21.856766 14.617852 -11.669748
v -22.280499 14.617852 -11.816892
v -22.594608 13.399337 -10.559317
v -22.594608 14.617852 -10.559317
v -2.825966 17.148720 -1.184866
v -2.634242 17.148720 -1.184866
v -2.634242 17.148720 -0.318486
v -2.825966 16.779259 -1.119114
v -2.634242 16.779259 -1.119114
v -2.825966 17.148720 -0.318486
v -2.634242 17.017525 -0.295139
v -2.825966 16.445965 -0.928296
v -2.634242 16.445965 -0.928296
v -2.825966 17.017525 -0.295139
v -2.825966 17.148720 1.501975
v -2.634242 17.148720 1.501975
v -2.634242 16.899174 -0.227380
v -2.825966 16.181459 -0.631088
v -2.634242 16.181459 -0.631088
v -2.825966 16.899174 -0.227380
v -2.825966 16.779259 1.436224
v -2.634242 16.779259 1.436224
v -2.634242 17.148718 0.635595
v -2.825966 17.148720 0.635595
v -2.634242 16.805250 -0.121844
v -2.825966 16.011637 -0.256585
v -2.634242 16.011637 -0.256585
v -2.825966 16.805250 -0.121844
v -2.825966 16.445965 1.245405
v -2.634242 16.445965 1.245405
v -2.634242 17.017525 0.612248
v -2.825966 17.017525 0.612248
v -2.634242 16.744946 0.011140
v -2.825966 15.953122 0.158555
v -2.634242 15.953122 0.158555
v -2.825966 16.744946 0.011140
v -2.825966 16.181459 0.948197
v -2.634242 16.181459 0.948197
v -2.634242 16.899174 0.544489
v -2.825966 16.899174 0.544489
v -2.634242 16.724167 0.158554
v -2.634242 16.011637 0.573694
v -2.825966 16.011637 0.573694
v -2.825966 16.724167 0.158554
v -2.634242 16.805250 0.438953
v -2.825966 16.805250 0.438953
v -2.634242 16.744946 0.305969
v -2.825966 16.744946 0.305969
v -24.234688 3.475614 9.069530
v -24.753590 3.472694 9.393241
v -22.685699 3.379350 10.709318
v -2.381166 2.694209 -10.732530
v -2.497286 2.694209 -11.133523
v -2.779646 2.694209 -11.513308
v -3.200610 2.694209 -11.834703
v -3.718967 2.694209 -12.066263
v -4.283979 2.694209 -12.185305
v -4.840338 2.694209 -12.180191
v -5.333584 2.694209 -12.051415
v -5.715434 3.793215 -11.811578
v -5.948512 3.793215 -11.484161
v -6.009999 3.793215 -11.101220
v -3.550829 3.793215 -9.653564
v -3.057583 2.694209 -9.782343
v -2.675733 2.694209 -10.022178
v -2.442656 2.694209 -10.349590
v -2.381166 10.609055 -10.732530
v -2.497286 10.609055 -11.133523
v -2.779646 10.609055 -11.513308
v -3.200610 10.609055 -11.834703
v -3.718967 10.609055 -12.066263
v -4.283979 10.609055 -12.185305
v -4.840338 10.609055 -12.180191
v -5.333584 10.609055 -12.051415
v -5.715434 10.609055 -11.811578
v -5.948512 10.609055 -11.484161
v -6.009999 10.609055 -11.101220
v -3.550829 10.609055 -9.653564
v -3.057583 10.609055 -9.782343
v -2.675733 10.609055 -10.022178
v -2.442656 10.609055 -10.349590
v -4.195583 3.793215 -10.916879
v -4.195583 10.433582 -10.916879
v -2.651025 17.517292 0.046338
v -2.651025 17.471388 -0.054894
v -2.651025 17.399891 -0.135232
v -2.651025 17.309797 -0.186812
v -2.651025 17.209929 -0.204585
v -2.651025 17.110060 -0.186812
v -2.651025 17.019966 -0.135231
v -2.651025 16.948469 -0.054893
v -2.651025 16.902565 0.046338
v -2.651025 16.886747 0.158554
v -2.651025 16.902565 0.270771
v -2.651025 16.948469 0.372002
v -2.651025 17.019966 0.452340
v -2.651025 17.110060 0.503920
v -2.651025 17.209929 0.521693
v -2.651025 17.309797 0.503920
v -2.651025 17.399891 0.452340
v -2.651025 17.471388 0.372002
v -2.651025 17.517292 0.270771
v -2.651025 17.533110 0.158554
v -2.806421 17.517292 0.046338
v -2.806421 17.471388 -0.054894
v -2.806421 17.399891 -0.135232
v -2.806421 17.309797 -0.186812
v -2.806421 17.209929 -0.204585
v -2.806421 17.110060 -0.186812
v -2.806421 17.019966 -0.135231
v -2.806421 16.948469 -0.054893
v -2.806421 16.902565 0.046338
v -2.806421 16.886747 0.158554
v -2.806421 16.902565 0.270771
v -2.806421 16.948469 0.372002
v -2.806421 17.019966 0.452340
v -2.806421 17.110060 0.503920
v -2.806421 17.209929 0.521693
v -2.806421 17.309797 0.503920
v -2.806421 17.399891 0.452340
v -2.806421 17.471388 0.372002
v -2.806421 17.517292 0.270771
v -2.806421 17.533110 0.158554
v -2.651025 17.209929 0.158554
v -2.806421 17.209929 0.158554
v -24.017901 2.725761 9.570337
v -24.228992 2.725761 9.570337
v -24.017901 2.725761 -9.531057
v -24.228992 2.725761 -9.531057
v -24.017901 3.470249 -9.531057
v -24.228992 3.470249 -9.531057
v -24.017901 3.470249 9.570337
v -24.228992 3.470249 9.570337
v -2.744402 13.399337 10.925452
v -2.951463 13.399337 11.283819
v -3.273969 13.399337 11.568220
v -3.680350 13.399337 11.750814
v -4.130827 13.399337 11.813735
v -4.581304 13.399337 11.750814
v -4.987685 13.399337 11.568220
v -2.744403 13.399337 10.130952
v -2.673055 13.399337 10.528201
v -2.744402 14.617852 10.925452
v -2.951463 14.617852 11.283819
v -3.273969 14.617852 11.568220
v -3.680350 14.617852 11.750814
v -4.130827 14.617852 11.813735
v -4.581304 14.617852 11.750814
v -4.987685 14.617852 11.568220
v -2.744403 14.617852 10.130952
v -2.673055 14.617852 10.528201
v -4.130827 13.399337 10.528201
v -4.130827 14.617852 10.528201
v -6.053950 2.725761 12.093720
v -6.053950 2.725761 12.280201
v -21.540924 2.725761 12.093720
v -21.540924 2.725761 12.280201
v -21.540924 3.470249 12.093720
v -21.540924 3.470249 12.280201
v -6.053950 3.470249 12.093720
v -6.053950 3.470249 12.280201
v -6.053950 2.699185 -12.289042
v -6.053950 2.699185 -12.102560
v -21.540924 2.699185 -12.289042
v -21.540924 2.699185 -12.102560
v -21.540924 3.443673 -12.289042
v -21.540924 3.443673 -12.102560
v -6.053950 3.443673 -12.289042
v -6.053950 3.443673 -12.102560
v -2.381166 2.691108 10.793537
v -2.497286 2.691108 11.194522
v -2.779646 2.691108 11.574307
v -3.200609 2.691108 11.895702
v -3.718967 2.691108 12.127261
v -4.283978 2.691108 12.246312
v -4.840338 2.691108 12.241191
v -5.333585 2.691108 12.112415
v -5.715434 3.793215 11.872578
v -5.948510 3.793215 11.545168
v -6.009999 3.793215 11.162219
v -5.893880 3.793215 10.761235
v -3.550829 3.793215 9.714564
v -3.057583 2.691108 9.843342
v -2.675732 2.691108 10.083180
v -2.442656 2.691108 10.410589
v -2.381166 10.575686 10.793537
v -2.497286 10.575686 11.194522
v -2.779646 10.575686 11.574307
v -3.200609 10.575686 11.895702
v -3.718967 10.575686 12.127261
v -4.283978 10.575686 12.246312
v -4.840338 10.575686 12.241191
v -5.333585 10.575686 12.112415
v -5.715434 10.433582 11.872578
v -5.948510 10.433582 11.545168
v -6.009999 10.433582 11.162219
v -5.893880 10.433582 10.761235
v -3.550829 10.433582 9.714564
v -3.057583 10.575686 9.843342
v -2.675732 10.575686 10.083180
v -2.442656 10.575686 10.410589
v -4.195583 3.793215 10.977879
v -4.195583 10.433582 10.977879
v -24.751462 3.458701 9.395699
v -25.019643 3.473412 9.806990
v -22.749277 3.391296 10.682432
v -23.390987 13.378979 9.858727
v -24.087193 13.378979 9.858727
v -23.390987 14.759531 9.858727
v -24.087193 14.759531 9.858727
v -23.390987 14.759531 3.530050
v -24.087193 14.759531 3.530050
v -23.390987 13.378979 3.530050
v -24.087193 13.378979 3.530050
v -24.128682 2.722155 9.140896
v -24.602659 2.722155 9.433332
v -22.722698 2.823699 10.644798
v -23.231760 13.180242 3.022092
v -24.503672 13.180242 3.022092
v -24.503672 14.874435 3.022092
v -23.231760 14.874435 3.022092
v -23.231760 13.180242 10.027363
v -23.231760 13.392546 9.860139
v -23.231760 14.735497 9.860139
v -23.231760 14.735497 3.531463
v -23.231760 13.392546 3.531463
v -23.231760 14.874435 10.027363
v -24.503672 13.180242 10.027363
v -24.503672 13.392546 9.860139
v -24.503672 13.392546 3.531463
v -24.503672 14.735497 3.531463
v -24.503672 14.735497 9.860139
v -24.503672 14.874435 10.027363
v -5.898380 6.744840 12.093720
v -5.898380 6.744840 12.280201
v -21.557894 6.744840 12.093720
v -21.557894 6.744840 12.280201
v -21.557894 7.489328 12.093720
v -21.557894 7.489328 12.280201
v -5.898380 7.489328 12.093720
v -5.898380 7.489328 12.280201
v -24.501156 14.620580 9.936826
v -23.941357 14.620580 9.936826
v -24.501156 14.875613 9.936826
v -23.941357 14.875613 9.936826
v -24.501156 14.875613 10.026019
v -23.941357 14.875613 10.026019
v -24.501156 14.620580 10.026019
v -23.941357 14.620580 10.026019
v -21.909082 14.620580 11.766525
v -21.909082 14.620580 12.062050
v -21.909082 14.875613 11.766525
v -21.909082 14.875613 12.062050
v -22.010045 14.875613 11.766525
v -22.010045 14.875613 12.067499
v -22.010045 14.620580 11.766525
v -22.010045 14.620580 12.067499
v -23.952143 14.620580 10.315586
v -24.492306 14.620580 10.323969
v -24.492306 14.875613 10.323969
v -23.952143 14.875613 10.315586
v -23.943676 14.620580 10.576711
v -24.461721 14.620580 10.620074
v -24.461721 14.875613 10.620074
v -23.943676 14.875613 10.576711
v -23.906204 14.620580 10.804768
v -24.393178 14.620580 10.905505
v -24.393178 14.875613 10.905505
v -23.906204 14.875613 10.804768
v -23.836775 14.620580 11.000924
v -24.276424 14.620580 11.170792
v -24.276424 14.875613 11.170792
v -23.836775 14.875613 11.000924
v -23.734522 14.620580 11.169480
v -24.107534 14.620580 11.407081
v -24.107534 14.875613 11.407081
v -23.734522 14.875613 11.169480
v -23.596612 14.620580 11.315957
v -23.888914 14.620580 11.607051
v -23.888914 14.875613 11.607051
v -23.596612 14.875613 11.315957
v -23.418886 14.620580 11.443113
v -23.627790 14.620580 11.766613
v -23.627790 14.875613 11.766613
v -23.418886 14.875613 11.443113
v -23.199793 14.620580 11.549829
v -23.333683 14.620580 11.885570
v -23.333683 14.875613 11.885570
v -23.199793 14.875613 11.549829
v -22.942541 14.620580 11.633859
v -23.016298 14.620580 11.967050
v -23.016298 14.875613 11.967050
v -22.942541 14.875613 11.633859
v -22.653662 14.620580 11.695006
v -22.684816 14.620580 12.016764
v -22.684816 14.875613 12.016764
v -22.653662 14.875613 11.695006
v -22.340294 14.620580 11.736669
v -22.347402 14.620580 12.042809
v -22.347402 14.875613 12.042809
v -22.340294 14.875613 11.736669
v -24.208815 3.470883 9.055189
v -24.709800 3.470883 9.364291
v -25.016266 3.470883 9.798738
v -25.098230 3.470883 10.316003
v -24.947656 3.470883 10.865454
v -24.579280 3.470883 11.393303
v -24.029182 3.470883 11.847885
v -23.351196 3.470883 12.184698
v -22.611685 3.470883 12.370779
v -21.883039 3.470883 12.387907
v -21.236591 3.470883 12.234405
v -20.347178 2.827641 10.973594
v -25.098230 2.726835 10.316003
v -24.947656 2.726835 10.865454
v -24.579280 2.726835 11.393303
v -24.029182 2.726835 11.847885
v -23.351196 2.726835 12.184698
v -22.611685 2.726835 12.370779
v -21.883039 2.726835 12.387907
v -21.236591 2.827641 12.234405
v -20.735605 2.827641 11.925300
v -20.429133 2.827641 11.490858
v -22.722698 3.457982 11.005307
v -24.208815 2.726835 9.055189
v -24.709800 2.726835 9.364291
v -25.016266 2.726835 9.798738
v -22.722698 2.827641 10.644798
v -2.700187 13.162327 -9.587217
v -2.302346 13.162327 -9.587217
v -2.700187 13.424879 -9.587217
v -2.302346 13.424879 -9.587217
v -2.700187 13.424879 -9.960729
v -2.302346 13.424879 -9.960729
v -2.700187 13.162327 -9.960729
v -2.302346 13.162327 -9.960729
v -4.551588 13.162327 -11.915238
v -4.551588 13.162327 -11.563776
v -4.551588 13.424879 -11.915238
v -4.551588 13.424879 -11.563776
v -4.128786 13.424879 -11.915238
v -4.128786 13.424879 -11.563776
v -4.128786 13.162327 -11.915238
v -4.128786 13.162327 -11.563776
v -2.702154 13.162327 -10.209292
v -2.304358 13.162327 -10.212918
v -2.304358 13.424879 -10.212918
v -2.702154 13.424879 -10.209292
v -2.714798 13.162327 -10.447500
v -2.317790 13.162327 -10.468113
v -2.317790 13.424879 -10.468113
v -2.714798 13.424879 -10.447500
v -2.745598 13.162327 -10.672015
v -2.352344 13.162327 -10.722866
v -2.352344 13.424879 -10.722866
v -2.745598 13.424879 -10.672015
v -2.798800 13.162327 -10.878285
v -2.415838 13.162327 -10.970908
v -2.415838 13.424879 -10.970908
v -2.798800 13.424879 -10.878285
v -2.875496 13.162327 -11.060182
v -2.514262 13.162327 -11.204637
v -2.514262 13.424879 -11.204637
v -2.875496 13.424879 -11.060182
v -2.974074 13.162327 -11.212602
v -2.651708 13.162327 -11.415680
v -2.651708 13.424879 -11.415680
v -2.974074 13.424879 -11.212602
v -3.092569 13.162327 -11.334211
v -2.829673 13.162327 -11.595326
v -2.829673 13.424879 -11.595326
v -3.092569 13.424879 -11.334211
v -3.232906 13.162327 -11.427780
v -3.045725 13.162327 -11.735845
v -3.045725 13.424879 -11.735845
v -3.232906 13.424879 -11.427780
v -3.402310 13.162327 -11.496364
v -3.293117 13.162327 -11.833100
v -3.293117 13.424879 -11.833100
v -3.402310 13.424879 -11.496364
v -3.608107 13.162327 -11.540306
v -3.562596 13.162327 -11.888976
v -3.562596 13.424879 -11.888976
v -3.608107 13.424879 -11.540306
v -3.852414 13.162327 -11.560388
v -3.844268 13.162327 -11.911693
v -3.844268 13.424879 -11.911693
v -3.852414 13.424879 -11.560388
v -1.563148 14.290477 -1.140346
v -1.563148 14.002456 -2.165666
v -1.563148 13.553851 -2.979364
v -1.563148 12.988578 -3.501791
v -1.563148 12.361967 -3.681807
v -1.563148 12.361967 3.674264
v -1.563148 12.988577 3.494249
v -1.563148 13.553851 2.971822
v -1.563148 14.002454 2.158124
v -1.563148 14.290476 1.132805
v -1.563148 14.389721 -0.003771
v -1.975080 14.290477 -1.140346
v -1.975080 14.002456 -2.165666
v -1.975080 13.553851 -2.979364
v -1.975080 12.988578 -3.501791
v -1.975080 12.361967 -3.681807
v -1.975080 12.361967 3.674264
v -1.975080 12.988577 3.494249
v -1.975080 13.553851 2.971822
v -1.975080 14.002454 2.158124
v -1.975080 14.290476 1.132805
v -1.975080 14.389721 -0.003771
v -1.563148 12.361967 -0.003771
v -1.975080 12.361967 -0.003771
v -1.617310 12.682012 3.719132
v -1.563148 12.972385 3.403860
v -1.563148 13.306029 3.235972
v -1.563148 13.522708 2.894073
v -1.563148 13.845510 2.511711
v -1.563148 13.962976 2.106098
v -1.563148 14.203512 1.577630
v -1.563148 14.245157 1.106096
v -1.563148 14.381808 0.521943
v -1.563148 14.340448 -0.003771
v -1.563148 14.374540 -0.612719
v -1.563148 14.244611 -1.113315
v -1.563148 14.181648 -1.663011
v -1.563148 13.961870 -2.112181
v -1.563148 13.806417 -2.590162
v -1.563148 13.524059 -2.904987
v -1.563148 13.282185 -3.265552
v -1.563148 12.972849 -3.413984
v -1.563148 12.655382 -3.703232
v -1.975080 12.677481 3.594538
v -1.754586 12.988577 3.494249
v -1.975080 13.288390 3.252274
v -1.769612 13.553851 2.971822
v -1.975080 13.843871 2.514682
v -1.789691 14.002454 2.158124
v -1.975080 14.185409 1.642078
v -1.715502 14.290476 1.132805
v -1.975080 14.379995 0.542698
v -1.751169 14.389721 -0.003771
v -1.975080 14.375297 -0.604062
v -1.842585 14.290477 -1.140346
v -1.975080 14.161378 -1.735171
v -1.880839 14.002456 -2.165666
v -1.975080 13.812211 -2.579653
v -1.875741 13.553851 -2.979365
v -1.975080 13.295277 -3.253452
v -1.874666 12.988578 -3.501791
v -1.975080 12.745705 -3.677284
v -2.700187 14.608572 9.719659
v -2.302346 14.608572 9.719659
v -2.700187 14.871124 9.719659
v -2.302346 14.871124 9.719659
v -2.700187 14.871124 10.093171
v -2.302346 14.871124 10.093171
v -2.700187 14.608572 10.093171
v -2.302346 14.608572 10.093171
v -4.551588 14.608572 12.047680
v -4.551588 14.608572 11.696219
v -4.551588 14.871124 12.047680
v -4.551588 14.871124 11.696219
v -4.128786 14.871124 12.047680
v -4.128786 14.871124 11.696219
v -4.128786 14.608572 12.047680
v -4.128786 14.608572 11.696219
v -2.702154 14.608572 10.341734
v -2.304358 14.608572 10.345360
v -2.304358 14.871124 10.345360
v -2.702154 14.871124 10.341734
v -2.714797 14.608572 10.579943
v -2.317790 14.608572 10.600561
v -2.317790 14.871124 10.600561
v -2.714797 14.871124 10.579943
v -2.745597 14.608572 10.804458
v -2.352344 14.608572 10.855314
v -2.352344 14.871124 10.855314
v -2.745597 14.871124 10.804458
v -2.798800 14.608572 11.010727
v -2.415839 14.608572 11.103351
v -2.415839 14.871124 11.103351
v -2.798800 14.871124 11.010727
v -2.875496 14.608572 11.192624
v -2.514262 14.608572 11.337079
v -2.514262 14.871124 11.337079
v -2.875496 14.871124 11.192624
v -2.974074 14.608572 11.345044
v -2.651709 14.608572 11.548124
v -2.651709 14.871124 11.548124
v -2.974074 14.871124 11.345044
v -3.092569 14.608572 11.466653
v -2.829675 14.608572 11.727774
v -2.829675 14.871124 11.727774
v -3.092569 14.871124 11.466653
v -3.232906 14.608572 11.560223
v -3.045726 14.608572 11.868287
v -3.045726 14.871124 11.868287
v -3.232906 14.871124 11.560223
v -3.402310 14.608572 11.628804
v -3.293117 14.608572 11.965541
v -3.293117 14.871124 11.965541
v -3.402310 14.871124 11.628804
v -3.608108 14.608572 11.672749
v -3.562597 14.608572 12.021419
v -3.562597 14.871124 12.021419
v -3.608108 14.871124 11.672749
v -3.852414 14.608572 11.692830
v -3.844269 14.608572 12.044135
v -3.844269 14.871124 12.044135
v -3.852414 14.871124 11.692830
v -2.710049 13.399337 -10.754509
v -2.880401 13.399337 -11.127655
v -3.173154 13.399337 -11.436153
v -3.559649 13.399337 -11.649805
v -4.002056 13.399337 -11.747692
v -4.457068 13.399337 -11.720236
v -4.880145 13.399337 -11.570121
v -2.789635 13.399337 -9.963123
v -2.678774 13.399337 -10.353238
v -2.710049 14.617852 -10.754509
v -2.880401 14.617852 -11.127655
v -3.173154 14.617852 -11.436153
v -3.559649 14.617852 -11.649805
v -4.002056 14.617852 -11.747692
v -4.457068 14.617852 -11.720236
v -4.880145 14.617852 -11.570121
v -2.789635 14.617852 -9.963123
v -2.678774 14.617852 -10.353238
v -4.130827 13.399337 -10.467202
v -4.130827 14.617852 -10.467202
v -2.700187 13.186950 9.719659
v -2.302346 13.186950 9.719659
v -2.700187 13.449502 9.719659
v -2.302346 13.449502 9.719659
v -2.700187 13.449502 10.093171
v -2.302346 13.449502 10.093171
v -2.700187 13.186950 10.093171
v -2.302346 13.186950 10.093171
v -4.551588 13.186950 12.047680
v -4.551588 13.186950 11.696219
v -4.551588 13.449502 12.047680
v -4.551588 13.449502 11.696219
v -4.128786 13.449502 12.047680
v -4.128786 13.449502 11.696219
v -4.128786 13.186950 12.047680
v -4.128786 13.186950 11.696219
v -2.702154 13.186950 10.341734
v -2.304358 13.186950 10.345360
v -2.304358 13.449502 10.345360
v -2.702154 13.449502 10.341734
v -2.714797 13.186950 10.579943
v -2.317790 13.186950 10.600561
v -2.317790 13.449502 10.600561
v -2.714797 13.449502 10.579943
v -2.745597 13.186950 10.804458
v -2.352344 13.186950 10.855314
v -2.352344 13.449502 10.855314
v -2.745597 13.449502 10.804458
v -2.798800 13.186950 11.010727
v -2.415839 13.186950 11.103351
v -2.415839 13.449502 11.103351
v -2.798800 13.449502 11.010727
v -2.875496 13.186950 11.192624
v -2.514262 13.186950 11.337079
v -2.514262 13.449502 11.337079
v -2.875496 13.449502 11.192624
v -2.974074 13.186950 11.345044
v -2.651709 13.186950 11.548124
v -2.651709 13.449502 11.548124
v -2.974074 13.449502 11.345044
v -3.092569 13.186950 11.466653
v -2.829675 13.186950 11.727774
v -2.829675 13.449502 11.727774
v -3.092569 13.449502 11.466653
v -3.232906 13.186950 11.560223
v -3.045726 13.186950 11.868287
v -3.045726 13.449502 11.868287
v -3.232906 13.449502 11.560223
v -3.402310 13.186950 11.628804
v -3.293117 13.186950 11.965541
v -3.293117 13.449502 11.965541
v -3.402310 13.449502 11.628804
v -3.608108 13.186950 11.672749
v -3.562597 13.186950 12.021419
v -3.562597 13.449502 12.021419
v -3.608108 13.449502 11.672749
v -3.852414 13.186950 11.692830
v -3.844269 13.186950 12.044135
v -3.844269 13.449502 12.044135
v -3.852414 13.449502 11.692830
v -2.791767 18.945227 -1.249813
v -2.791767 18.469793 -2.498148
v -2.791767 17.729284 -3.488835
v -2.791767 16.796194 -4.124894
v -2.791767 15.761850 -4.344064
v -2.791767 14.727509 -4.124892
v -2.791767 14.832607 -3.488834
v -2.791767 14.826281 -2.498148
v -2.791767 14.905637 -1.249812
v -2.791767 14.931168 0.133979
v -2.791767 14.914112 1.517770
v -2.791767 14.785113 2.766107
v -2.791767 14.747685 3.756793
v -2.791767 14.727509 4.392851
v -2.791767 15.761850 4.612021
v -2.791767 16.796194 4.392851
v -2.791767 17.729284 3.756793
v -2.791767 18.469788 2.766106
v -2.791767 18.945219 1.517770
v -2.791767 19.109049 0.133979
v -23.805807 18.945227 -1.249813
v -23.805807 18.469793 -2.498148
v -23.805807 17.729284 -3.488835
v -23.805807 16.796194 -4.124894
v -23.805807 15.761850 -4.344064
v -23.805807 14.727509 -4.124892
v -23.805807 14.911407 -3.488834
v -23.805807 14.862755 -2.498148
v -23.805807 14.943475 -1.249812
v -23.805807 15.119145 0.133979
v -23.805807 15.102571 1.517770
v -23.805807 14.941392 2.766107
v -23.805807 14.938366 3.756793
v -23.805807 15.351731 4.392851
v -23.805807 15.761850 4.612021
v -23.805807 16.796194 4.392851
v -23.805807 17.729284 3.756793
v -23.805807 18.469788 2.766106
v -23.805807 18.945219 1.517770
v -23.805807 19.109049 0.133979
v -2.791767 15.761850 0.133979
v -23.805807 16.511063 0.133979
v -2.791767 19.032032 -0.516580
v -23.805807 19.032032 -0.516580
v -2.791767 18.687601 -1.926250
v -23.805807 18.687601 -1.926250
v -2.791767 18.094402 -3.000361
v -23.805807 18.094402 -3.000361
v -2.791767 19.028942 0.810629
v -23.805807 19.028942 0.810629
v -2.791767 18.714836 2.122684
v -23.805807 18.714836 2.122684
v -2.791767 18.092953 3.270261
v -23.805807 18.092953 3.270261
v -2.791767 17.246683 4.085768
v -23.805807 17.246683 4.085768
v -2.791767 16.261852 4.506074
v -23.805807 16.261852 4.506074
v -2.791767 17.225872 -3.831993
v -23.805807 17.225872 -3.831993
v -2.791767 16.170732 -4.257425
v -23.805807 16.170732 -4.257425
v -2.791767 19.069775 -0.197757
v -23.805807 19.069775 -0.197757
v -23.805807 17.385136 -0.571652
v -23.805807 18.580856 -2.206523
v -2.791767 18.580856 -2.206523
v -2.791767 17.385136 -0.571652
v -2.791767 18.986124 -0.904355
v -23.805807 18.986124 -0.904355
v -23.805807 18.178841 -0.395494
v -23.805807 17.338856 0.133979
v -23.805807 18.984667 1.184606
v -2.791767 18.984667 1.184606
v -2.791767 17.338856 0.133979
v -2.791767 18.178841 -0.395494
v -2.791767 18.802258 -1.625202
v -23.805807 18.802258 -1.625202
v -23.805807 18.048698 -1.478926
v -23.805807 17.264627 -1.326724
v -23.805807 17.931908 -3.217757
v -2.791767 17.931908 -3.217757
v -2.791767 17.264627 -1.326724
v -2.791767 18.048698 -1.478926
v -2.791767 18.280783 -2.751015
v -23.805807 18.280783 -2.751015
v -23.805807 17.600601 -2.278867
v -23.805807 16.752464 -1.690123
v -23.805807 17.012535 -3.977416
v -2.791767 17.012535 -3.977416
v -2.791767 16.752464 -1.690123
v -2.791767 17.600601 -2.278867
v -2.791767 17.362583 -3.738803
v -23.805807 17.362583 -3.738803
v -23.805807 16.941906 -3.356254
v -23.805807 16.515295 -2.968308
v -23.805807 16.059694 -4.280952
v -2.791767 16.059694 -4.280952
v -2.791767 16.515295 -2.968308
v -2.791767 16.941906 -3.356254
v -2.791767 15.761850 -2.264057
v -2.791767 16.271317 -3.671242
v -2.791767 16.461252 -4.195865
v -23.805807 16.461252 -4.195865
v -23.805807 16.271317 -3.671242
v -23.805807 15.761850 -2.264057
v -2.791767 19.064894 0.506932
v -23.805807 19.064894 0.506932
v -23.805807 18.245987 0.713060
v -23.805807 17.516453 0.896692
v -23.805807 18.604855 2.411467
v -2.791767 18.604855 2.411467
v -2.791767 17.516453 0.896692
v -2.791767 18.245987 0.713060
v -2.791767 18.838493 1.798010
v -23.805807 18.838493 1.798010
v -23.805807 18.020679 1.598446
v -23.805807 17.016367 1.353372
v -23.805807 17.897758 3.531395
v -2.791767 17.897758 3.531395
v -2.791767 17.016367 1.353372
v -2.791767 18.020679 1.598446
v -2.791767 18.287777 3.009614
v -23.805807 18.287777 3.009614
v -23.805807 17.442081 2.405364
v -23.805807 16.712130 1.883809
v -23.805807 17.013779 4.244528
v -2.791767 17.013779 4.244528
v -2.791767 16.712130 1.883809
v -2.791767 17.442081 2.405364
v -2.791767 17.481455 3.925730
v -23.805807 17.481455 3.925730
v -23.805807 16.867033 3.096099
v -23.805807 16.293011 2.321019
v -23.805807 16.018618 4.557615
v -2.791767 16.018618 4.557615
v -2.791767 16.293011 2.321019
v -2.791767 16.867033 3.096099
v -2.791767 15.761850 2.980584
v -2.791767 16.118586 3.742779
v -2.791767 16.456526 4.464826
v -23.805807 16.456526 4.464826
v -23.805807 16.118586 3.742779
v -23.805807 15.761850 2.980584
v -2.791767 17.502590 -3.643366
v -23.805807 17.502590 -3.643366
v -23.805807 16.869581 -2.720137
v -23.805807 16.227633 -1.783877
v -23.805807 16.076807 -3.133988
v -23.805807 15.945979 -4.305047
v -2.791767 15.945979 -4.305047
v -2.791767 16.076807 -3.133988
v -2.791767 16.227633 -1.783877
v -2.791767 16.869581 -2.720137
v -3.818593 10.362726 4.061760
v -2.546677 10.362726 4.061760
v -3.818593 13.153988 4.061760
v -2.546677 13.153988 4.061760
v -3.818593 13.153988 -4.315261
v -2.546677 13.153988 -4.315261
v -3.818593 10.362726 -4.315261
v -2.546677 10.362726 -4.315261
v -3.818593 13.433793 2.044255
v -3.818593 13.643834 1.437163
v -3.818593 13.852734 0.724220
v -3.818593 13.907459 0.061866
v -3.818593 13.882349 -0.534109
v -3.818593 13.777802 -1.116982
v -3.818593 13.340741 -2.239142
v -2.546677 13.153988 2.268027
v -2.546677 13.153988 1.686340
v -2.546677 13.852735 0.682133
v -2.546677 13.907459 0.152942
v -2.546677 13.153988 -0.661112
v -2.546677 13.153988 -1.199201
v -3.818593 13.154934 2.881150
v -3.818593 13.166195 -2.617923
v -2.686582 7.313186 -4.602491
v -2.207477 7.313186 -4.602491
v -2.207477 8.294791 -4.602491
v -2.686582 8.294791 -4.602491
v -2.686582 6.697653 -8.173253
v -2.686582 6.697653 -5.401497
v -2.686582 8.709846 -5.304039
v -2.686582 8.709846 -8.142636
v -2.686582 8.294791 -8.944958
v -2.686582 7.313186 -8.944958
v -2.207477 6.697653 -5.280898
v -2.207477 7.051401 -5.290683
v -2.207477 7.373184 -4.936033
v -2.207477 8.203997 -4.936033
v -2.207477 8.257411 -5.054512
v -2.207477 8.383430 -5.328801
v -2.207477 8.709846 -5.336567
v -2.207477 8.294791 -8.944958
v -2.207477 7.313186 -8.944958
v -2.207477 6.697653 -8.185833
v -2.532070 6.852208 -5.612294
v -2.532070 8.463495 -7.967173
v -2.532070 8.524566 -7.796917
v -2.207477 7.024065 -8.180855
v -2.207477 6.956162 -8.097113
v -2.207477 6.852208 -7.966781
v -2.207477 6.852208 -5.530589
v -2.207477 6.956162 -5.395650
v -2.207477 8.485294 -5.551849
v -2.207477 8.485294 -6.064168
v -2.207477 8.485196 -6.199670
v -2.207477 8.485196 -8.076328
v -2.207477 8.441622 -8.159243
v -2.207477 8.709846 -8.155156
v -2.207477 8.203997 -8.611416
v -2.207477 7.373184 -8.611416
v -2.532070 8.462594 -8.083973
v -2.532070 7.373184 -4.936033
v -2.532070 8.203997 -4.936033
v -2.532070 8.485294 -5.529809
v -2.532070 6.852208 -7.958258
v -2.532070 7.373184 -8.611416
v -2.532070 8.203997 -8.611416
v -16.913937 7.468650 -10.901877
v -16.343375 7.468650 -10.901877
v -16.913937 10.521584 -10.901877
v -16.343375 10.521584 -10.901877
v -16.913937 10.521584 -12.189040
v -16.343375 10.521584 -12.189040
v -16.913937 7.468650 -12.189040
v -16.343375 7.468650 -12.189040
v -22.959368 12.538040 13.480000
v -22.959368 12.822102 13.219389
v -22.959368 13.047534 12.813482
v -22.959368 13.192271 12.302008
v -22.959368 13.242144 11.735037
v -22.959368 12.223155 13.569793
v -4.401494 12.538040 13.480000
v -4.401494 12.822102 13.219389
v -4.401494 13.047534 12.813482
v -4.401494 13.192271 12.302008
v -4.401494 13.242144 11.735037
v -4.401494 12.223155 13.569793
v -25.775556 12.538040 11.602189
v -25.480566 12.822102 11.602189
v -25.021084 13.047534 11.602189
v -24.442119 13.192271 11.602189
v -23.800329 13.242144 11.602189
v -25.877203 12.223155 11.602189
v -25.775556 12.538040 -11.532159
v -25.480566 12.822102 -11.532159
v -25.021084 13.047534 -11.532159
v -24.442119 13.192271 -11.532159
v -23.800329 13.242144 -11.532159
v -25.877203 12.223155 -11.532159
v -22.959368 12.538040 -13.418995
v -22.959368 12.822102 -13.158390
v -22.959368 13.047534 -12.752483
v -22.959368 13.192271 -12.241009
v -22.959368 13.242144 -11.674038
v -22.959368 12.223155 -13.508793
v -4.401494 12.538040 -13.418995
v -4.401494 12.822102 -13.158390
v -4.401494 13.047534 -12.752483
v -4.401494 13.192271 -12.241009
v -4.401494 13.242144 -11.674038
v -4.401494 12.223155 -13.508793
v -23.206083 13.242144 11.734407
v -23.208982 13.192271 12.301366
v -23.211588 13.047534 12.812823
v -23.213657 12.822102 13.218722
v -23.214987 12.538040 13.479326
v -23.215450 12.223155 13.569124
v -23.433384 13.242144 11.730004
v -23.451649 13.192271 12.296684
v -23.468143 13.047534 12.807891
v -23.481222 12.822102 13.213591
v -23.489618 12.538040 13.474064
v -23.492517 12.223155 13.563813
v -23.632279 13.242144 11.718935
v -23.682446 13.192271 12.283945
v -23.727719 13.047534 12.793651
v -23.763646 12.822102 13.198155
v -23.786714 12.538040 13.457865
v -23.794664 12.223155 13.547353
v -23.791782 13.242144 11.700865
v -23.893259 13.192271 12.260120
v -23.984806 13.047534 12.764633
v -24.057474 12.822102 13.165019
v -24.104116 12.538040 13.422078
v -24.120179 12.223155 13.510657
v -23.895908 13.242144 11.680833
v -24.072239 13.192271 12.224679
v -24.231316 13.047534 12.715291
v -24.357559 12.822102 13.104636
v -24.438604 12.538040 13.354614
v -24.466530 12.223155 13.440749
v -23.929152 13.242144 11.673352
v -24.207104 13.192271 12.181717
v -24.457866 13.047534 12.640321
v -24.656868 12.822102 13.004270
v -24.784620 12.538040 13.237937
v -24.828642 12.223155 13.318455
v -23.892902 13.242144 11.701775
v -24.293411 13.192271 12.139930
v -24.654718 13.047534 12.535196
v -24.941456 12.822102 12.848878
v -25.125540 12.538040 13.050275
v -25.188974 12.223155 13.119673
v -23.825659 13.242144 11.776621
v -24.344435 13.192271 12.103034
v -24.812432 13.047534 12.397494
v -25.183843 12.822102 12.631177
v -25.422306 12.538040 12.781214
v -25.504467 12.223155 12.832914
v -23.784056 13.242144 11.860114
v -24.383459 13.192271 12.053964
v -24.924192 13.047534 12.228832
v -25.353323 12.822102 12.367609
v -25.628838 12.538040 12.456717
v -25.723783 12.223155 12.487416
v -23.783949 13.242144 11.881998
v -24.417838 13.192271 11.962291
v -24.989696 13.047534 12.034723
v -25.443514 12.822102 12.092202
v -25.734882 12.538040 12.129113
v -25.835279 12.223155 12.141831
v -23.796850 13.242144 11.795717
v -24.438221 13.192271 11.809932
v -25.016795 13.047534 11.822759
v -25.475971 12.822102 11.832935
v -25.770775 12.538040 11.839469
v -25.872358 12.223155 11.841723
v -23.796850 13.242144 -11.726389
v -24.438231 13.192271 -11.740517
v -25.016819 13.047534 -11.753266
v -25.475988 12.822102 -11.763389
v -25.770792 12.538040 -11.769880
v -25.872365 12.223155 -11.772118
v -23.783845 13.242144 -11.814126
v -24.417862 13.192271 -11.893907
v -24.989789 13.047534 -11.965871
v -25.443686 12.822102 -12.022988
v -25.735106 12.538040 -12.059657
v -25.835529 12.223155 -12.072294
v -23.783236 13.242144 -11.794547
v -24.383246 13.192271 -11.987095
v -24.924505 13.047534 -12.160786
v -25.354063 12.822102 -12.298637
v -25.629854 12.538040 -12.387145
v -25.724875 12.223155 -12.417636
v -23.823109 13.242144 -11.713361
v -24.343578 13.192271 -12.037773
v -24.813080 13.047534 -12.330436
v -25.185682 12.822102 -12.562698
v -25.424911 12.538040 -12.711815
v -25.507349 12.223155 -12.763194
v -23.888574 13.242144 -11.639683
v -24.291895 13.192271 -12.075839
v -24.655737 13.047534 -12.469301
v -24.944498 12.822102 -12.781552
v -25.129870 12.538040 -12.982031
v -25.193766 12.223155 -13.051109
v -23.924280 13.242144 -11.611403
v -24.205498 13.192271 -12.118351
v -24.459206 13.047534 -12.575672
v -24.660553 12.822102 -12.938600
v -24.789812 12.538040 -13.171616
v -24.834358 12.223155 -13.251909
v -23.891769 13.242144 -11.618847
v -24.071089 13.192271 -12.161912
v -24.232842 13.047534 -12.651822
v -24.361218 12.822102 -13.040612
v -24.443631 12.538040 -13.290234
v -24.472044 12.223155 -13.376247
v -23.789017 13.242144 -11.639051
v -23.892776 13.192271 -12.197968
v -23.986376 13.047534 -12.702171
v -24.060659 12.822102 -13.102313
v -24.108354 12.538040 -13.359216
v -24.124788 12.223155 -13.447742
v -23.630922 13.242144 -11.657442
v -23.682552 13.192271 -12.222340
v -23.729134 13.047534 -12.731950
v -23.766096 12.822102 -13.136367
v -23.789820 12.538040 -13.396025
v -23.798000 12.223155 -13.485496
v -23.433187 13.242144 -11.668804
v -23.452120 13.192271 -12.235462
v -23.469213 13.047534 -12.746658
v -23.482775 12.822102 -13.152334
v -23.491474 12.538040 -13.412797
v -23.494480 12.223155 -13.502546
v -23.206413 13.242144 -11.673373
v -23.209429 13.192271 -12.240333
v -23.212168 13.047534 -12.751788
v -23.214327 12.822102 -13.157688
v -23.215727 12.538040 -13.418291
v -23.216200 12.223155 -13.508084
v -1.429786 12.538040 -10.575811
v -1.724785 12.822102 -10.575811
v -2.184257 13.047534 -10.575811
v -2.763226 13.192271 -10.575811
v -3.405018 13.242144 -10.575811
v -1.328137 12.223155 -10.575811
v -1.429786 12.538040 10.670048
v -1.724785 12.822102 10.670048
v -2.184257 13.047534 10.670048
v -2.763226 13.192271 10.670048
v -3.405018 13.242144 10.670048
v -1.328137 12.223155 10.670048
v -4.086139 13.242144 -11.670668
v -4.074421 13.192271 -12.237446
v -4.063847 13.047534 -12.748737
v -4.055457 12.822102 -13.154507
v -4.050070 12.538040 -13.415024
v -4.048214 12.223155 -13.504790
v -3.856592 13.242144 -11.653196
v -3.791245 13.192271 -12.216611
v -3.732294 13.047534 -12.724869
v -3.685512 12.822102 -13.128237
v -3.655474 12.538040 -13.387211
v -3.645125 12.223155 -13.476441
v -3.714198 13.242144 -11.623848
v -3.557419 13.192271 -12.172114
v -3.415989 13.047534 -12.666703
v -3.303748 12.822102 -13.059213
v -3.231686 12.538040 -13.311226
v -3.206854 12.223155 -13.398062
v -3.640016 13.242144 -11.593627
v -3.368805 13.192271 -12.104822
v -3.124142 13.047534 -12.565974
v -2.929976 12.822102 -12.931953
v -2.805314 12.538040 -13.166920
v -2.762359 12.223155 -13.247887
v -3.604885 13.242144 -11.568942
v -3.216008 13.192271 -12.016296
v -2.865198 13.047534 -12.419864
v -2.586794 12.822102 -12.740132
v -2.408046 12.538040 -12.945759
v -2.346455 12.223155 -13.016613
v -3.578078 13.242144 -11.542066
v -3.088089 13.192271 -11.903900
v -2.646064 13.047534 -12.230315
v -2.295271 12.822102 -12.489366
v -2.070047 12.538040 -12.655680
v -1.992441 12.223155 -12.712986
v -3.542395 13.242144 -11.494630
v -2.979171 13.192271 -11.761854
v -2.471078 13.047534 -12.002914
v -2.067854 12.822102 -12.194224
v -1.808966 12.538040 -12.317054
v -1.719762 12.223155 -12.359376
v -3.498227 13.242144 -11.409554
v -2.890061 13.192271 -11.586086
v -2.341426 13.047534 -11.745336
v -1.906028 12.822102 -11.871720
v -1.626483 12.538040 -11.952862
v -1.530161 12.223155 -11.980822
v -3.455333 13.242144 -11.277726
v -2.824308 13.192271 -11.376747
v -2.255051 13.047534 -11.466072
v -1.803286 12.822102 -11.536968
v -1.513234 12.538040 -11.582481
v -1.413291 12.223155 -11.598159
v -3.423545 13.242144 -11.095925
v -2.783762 13.192271 -11.136695
v -2.206604 13.047534 -11.173478
v -1.748569 12.822102 -11.202669
v -1.454493 12.538040 -11.221407
v -1.353163 12.223155 -11.227864
v -3.407780 13.242144 -10.861158
v -2.766099 13.192271 -10.868422
v -2.187229 13.047534 -10.874974
v -1.727836 12.822102 -10.880174
v -1.432887 12.538040 -10.883511
v -1.331256 12.223155 -10.884664
v -4.051357 12.223155 13.565910
v -4.053174 12.538040 13.476143
v -4.058449 12.822102 13.215619
v -4.066663 13.047534 12.809849
v -4.077017 13.192271 12.298541
v -4.088492 13.242144 11.731763
v -3.652101 12.223155 13.538418
v -3.662233 12.538040 13.449155
v -3.691640 12.822102 13.190111
v -3.737441 13.047534 12.786648
v -3.795157 13.192271 12.278251
v -3.859132 13.242144 11.714686
v -3.217873 12.223155 13.462425
v -3.242188 12.538040 13.375467
v -3.312755 12.822102 13.123098
v -3.422666 13.047534 12.730032
v -3.561163 13.192271 12.234733
v -3.714686 13.242144 11.685688
v -2.776545 12.223155 13.316693
v -2.818678 12.538040 13.235379
v -2.940958 12.822102 12.999392
v -3.131413 13.047534 12.631836
v -3.371401 13.192271 12.168689
v -3.637429 13.242144 11.655284
v -2.361489 12.223155 13.091376
v -2.422118 12.538040 13.019872
v -2.598075 12.822102 12.812346
v -2.872135 13.047534 12.489114
v -3.217471 13.192271 12.081820
v -3.600278 13.242144 11.630331
v -2.005420 12.223155 12.793633
v -2.082177 12.538040 12.735442
v -2.304942 12.822102 12.566564
v -2.651908 13.047534 12.303534
v -3.089109 13.192271 11.972100
v -3.573750 13.242144 11.604701
v -1.728847 12.223155 12.444374
v -1.817483 12.538040 12.401151
v -2.074725 12.822102 12.275710
v -2.475389 13.047534 12.080321
v -2.980254 13.192271 11.834122
v -3.539901 13.242144 11.561202
v -1.535274 12.223155 12.068438
v -1.631311 12.538040 12.039757
v -1.910029 12.822102 11.956510
v -2.344142 13.047534 11.826856
v -2.891156 13.192271 11.663474
v -3.497525 13.242144 11.482373
v -1.415508 12.223155 11.687301
v -1.515352 12.538040 11.671162
v -1.805113 12.822102 11.624334
v -2.256426 13.047534 11.551399
v -2.825113 13.192271 11.459491
v -3.455507 13.242144 11.357610
v -1.353809 12.223155 11.318233
v -1.455120 12.538040 11.311571
v -1.749138 12.822102 11.292261
v -2.207085 13.047534 11.262176
v -2.784130 13.192271 11.224266
v -3.423790 13.242144 11.182241
v -1.331336 12.223155 10.976593
v -1.432966 12.538040 10.975400
v -1.727911 12.822102 10.971958
v -2.187300 13.047534 10.966592
v -2.766162 13.192271 10.959825
v -3.407837 13.242144 10.952328
v -24.385002 10.342562 9.587922
v -23.900988 10.342562 9.587922
v -24.385002 10.569933 9.587922
v -23.900988 10.569933 9.587922
v -24.385002 10.569933 -9.554693
v -23.900988 10.569933 -9.554693
v -24.385002 10.342562 -9.554693
v -23.900988 10.342562 -9.554693
v -23.291660 2.659612 9.561061
v -23.620733 2.993088 9.851775
v -23.291660 15.221541 9.561061
v -23.620733 14.888065 9.851775
v -21.984436 15.221541 10.715896
v -22.313509 14.888065 11.006610
v -21.984436 2.659612 10.715896
v -22.313509 2.993088 11.006610
v -22.675110 10.840139 -10.902535
v -4.673641 10.840139 -10.902535
v -22.675110 13.198715 -10.902535
v -4.673641 13.198715 -10.902535
v -22.675110 12.995850 -12.509386
v -4.673641 12.995850 -12.509386
v -22.675110 10.840139 -12.509386
v -4.673641 10.840139 -12.509386
v -3.853863 9.139795 -4.739688
v -2.486426 9.139795 -4.739688
v -3.853863 10.349184 -4.739688
v -2.486426 10.349184 -4.739688
v -3.853863 10.349184 -8.593830
v -2.486426 10.349184 -8.593830
v -3.853863 9.139795 -8.593830
v -2.486426 9.139795 -8.593830
v -2.298275 13.164941 -9.963070
v -3.902665 13.164941 -9.963070
v -2.298275 13.164941 -2.957802
v -2.298275 13.378943 -3.125025
v -2.298275 14.732636 -3.125025
v -2.298275 14.732636 -9.453703
v -2.298275 13.378943 -9.453703
v -2.298275 14.872684 -2.957802
v -3.902665 13.164941 -2.957802
v -3.902665 13.378943 -3.125025
v -3.902665 13.378943 -9.453703
v -3.902665 14.732636 -9.453703
v -3.902665 14.732636 -3.125025
v -3.902665 14.872684 -2.957802
v -3.902665 14.872684 -9.963070
v -2.298275 14.872684 -9.963070
v -25.970426 11.911299 10.541538
v -24.379757 10.335869 10.541538
v -24.816925 10.443375 10.541538
v -25.231759 10.683130 10.541538
v -25.583675 11.031666 10.541538
v -25.838191 11.454865 10.541538
v -24.379757 10.335869 -10.528955
v -24.816925 10.443375 -10.528955
v -25.231759 10.683130 -10.528955
v -25.583675 11.031666 -10.528955
v -25.838191 11.454865 -10.528955
v -25.970426 11.911299 -10.528955
v -1.302906 11.956055 -10.554203
v -2.893573 10.380624 -10.554203
v -2.456405 10.488130 -10.554203
v -2.041565 10.727885 -10.554203
v -1.689659 11.076421 -10.554203
v -1.435135 11.499619 -10.554203
v -22.924118 11.910153 -13.592699
v -22.924118 10.521039 -12.083518
v -22.924118 10.499445 -12.476288
v -22.924118 10.719145 -12.858316
v -22.924118 11.050406 -13.192191
v -22.924118 11.460798 -13.445238
v -4.428534 11.910153 -13.592699
v -4.428534 10.521039 -12.083518
v -4.428534 10.499445 -12.476288
v -4.428534 10.719145 -12.858316
v -4.428534 11.050406 -13.192191
v -4.428534 11.460798 -13.445238
v -2.900624 10.383724 -10.873154
v -2.462975 10.489677 -10.878259
v -2.046898 10.727944 -10.883182
v -1.693118 11.075199 -10.887437
v -1.436268 11.497451 -10.890618
v -1.301488 11.953365 -10.892403
v -2.923312 10.386600 -11.151481
v -2.486463 10.490984 -11.180064
v -2.070385 10.727744 -11.207592
v -1.715805 11.073702 -11.231375
v -1.457433 11.494997 -11.249082
v -1.320558 11.950384 -11.258979
v -2.967964 10.389215 -11.385511
v -2.536803 10.491968 -11.454857
v -2.125442 10.727161 -11.521663
v -1.774146 11.071774 -11.579377
v -1.517306 11.492071 -11.622358
v -1.380059 11.946910 -11.646392
v -3.033316 10.391649 -11.575460
v -2.617833 10.492665 -11.698906
v -2.220829 10.726192 -11.817870
v -1.881163 11.069369 -11.920706
v -1.632087 11.488606 -11.997350
v -1.497980 11.942860 -12.040302
v -3.113269 10.394027 -11.721718
v -2.728936 10.493181 -11.908130
v -2.361222 10.724920 -12.087869
v -2.046116 11.066559 -12.243349
v -1.814470 11.484655 -12.359349
v -1.688952 11.938279 -12.424509
v -3.201118 10.396453 -11.829294
v -2.867438 10.493639 -12.080917
v -2.547843 10.723486 -12.323685
v -2.273615 11.063496 -12.533845
v -2.071601 11.480386 -12.690824
v -1.961572 11.933343 -12.779247
v -3.296740 10.398954 -11.909233
v -3.032510 10.494137 -12.219332
v -2.779212 10.722057 -12.518756
v -2.561633 11.060407 -12.778197
v -2.401080 11.476066 -12.972255
v -2.313261 11.928343 -13.081937
v -3.412313 10.401500 -11.973542
v -3.228328 10.494741 -12.327073
v -3.051821 10.720796 -12.668766
v -2.900063 11.057537 -12.965190
v -2.787917 11.472004 -13.187304
v -2.726352 11.923618 -13.313384
v -3.568824 10.404083 -12.026941
v -3.462524 10.495520 -12.405770
v -3.360477 10.719838 -12.772382
v -3.272665 11.055084 -13.090890
v -3.207693 11.468439 -13.330112
v -3.171912 11.919438 -13.466638
v -3.785266 10.406780 -12.065309
v -3.740950 10.496550 -12.454740
v -3.698390 10.719266 -12.832194
v -3.661749 11.053129 -13.160721
v -3.634617 11.465457 -13.408159
v -3.619647 11.915887 -13.550291
v -4.073046 10.409690 -12.083128
v -4.065104 10.497880 -12.475282
v -4.057485 10.719076 -12.856029
v -4.050935 11.051628 -13.188101
v -4.046096 11.462980 -13.438979
v -4.043441 11.912868 -13.584113
v -22.924118 11.910153 13.653698
v -22.924118 10.515790 12.144518
v -22.924118 10.499445 12.537292
v -22.924118 10.719145 12.919314
v -22.924118 11.050406 13.253191
v -22.924118 11.460798 13.506237
v -4.428534 11.910153 13.653698
v -4.428534 10.515790 12.144518
v -4.428534 10.499445 12.537292
v -4.428534 10.719145 12.919314
v -4.428534 11.050406 13.253191
v -4.428534 11.460798 13.506237
v -1.291298 11.956055 10.623590
v -2.881964 10.380624 10.623590
v -2.444796 10.488130 10.623590
v -2.029956 10.727885 10.623590
v -1.678050 11.076421 10.623590
v -1.423526 11.499619 10.623590
v -1.291298 11.956055 2.861032
v -2.881964 10.380624 4.658630
v -2.444796 10.488130 4.658630
v -2.029956 10.727885 4.658630
v -1.678050 11.076421 4.658630
v -1.423526 11.499619 2.861032
v -4.072721 10.409689 12.144162
v -4.064871 10.497880 12.536324
v -4.057338 10.719076 12.917079
v -4.050864 11.051628 13.249144
v -4.046081 11.462980 13.500022
v -4.043458 11.912868 13.645162
v -3.783672 10.406778 12.126507
v -3.739863 10.496550 12.515997
v -3.697790 10.719265 12.893503
v -3.661573 11.053129 13.222067
v -3.634756 11.465456 13.469540
v -3.619964 11.915887 13.611690
v -3.564982 10.404084 12.088268
v -3.459884 10.495521 12.467377
v -3.358989 10.719837 12.834265
v -3.272180 11.055083 13.153006
v -3.207952 11.468434 13.392403
v -3.172592 11.919436 13.529022
v -3.405773 10.401507 12.034731
v -3.223701 10.494745 12.389069
v -3.049030 10.720795 12.731541
v -2.898864 11.057534 13.028617
v -2.787903 11.471994 13.251224
v -2.727003 11.923612 13.377573
v -3.287949 10.398970 11.970185
v -3.025963 10.494144 12.281788
v -2.774819 10.722056 12.582658
v -2.559108 11.060402 12.843340
v -2.399941 11.476053 13.038315
v -2.312900 11.928329 13.148501
v -3.191109 10.396471 11.890493
v -2.859411 10.493649 12.144151
v -2.541721 10.723486 12.388876
v -2.269143 11.063490 12.600712
v -2.068355 11.480371 12.758930
v -1.959013 11.933329 12.848035
v -3.102851 10.394042 11.784121
v -2.719848 10.493190 11.972622
v -2.353412 10.724920 12.154369
v -2.039415 11.066554 12.311568
v -1.808591 11.484644 12.428834
v -1.683534 11.938268 12.494694
v -3.022703 10.391657 11.639857
v -2.607890 10.492670 11.764981
v -2.211527 10.726192 11.885553
v -1.872420 11.069366 11.989766
v -1.623757 11.488600 12.067433
v -1.489882 11.942853 12.110940
v -2.957038 10.389219 11.452066
v -2.526113 10.491969 11.522460
v -2.114976 10.727161 11.590271
v -1.763878 11.071773 11.648844
v -1.507183 11.492068 11.692464
v -1.370018 11.946908 11.716846
v -2.912008 10.386601 11.219768
v -2.475206 10.490984 11.248810
v -2.059171 10.727743 11.276773
v -1.704629 11.073704 11.300936
v -1.446286 11.494996 11.318918
v -1.309428 11.950384 11.328964
v -2.889066 10.383725 10.942396
v -2.451421 10.489678 10.947585
v -2.035345 10.727945 10.952588
v -1.681568 11.075200 10.956912
v -1.424719 11.497452 10.960145
v -1.289941 11.953366 10.961964
v -24.371147 10.340899 10.863888
v -24.809065 10.446037 10.868222
v -25.225803 10.683509 10.872252
v -25.580582 11.030066 10.875597
v -25.838678 11.451786 10.877919
v -25.974798 11.907386 10.878993
v -24.348306 10.346700 11.154116
v -24.786001 10.449523 11.178601
v -25.203749 10.684759 11.201438
v -25.560626 11.029378 11.220399
v -25.821725 11.449648 11.233620
v -25.961477 11.904428 11.239808
v -24.304180 10.353447 11.406910
v -24.737855 10.454131 11.467052
v -25.153002 10.687297 11.523440
v -25.508940 11.030121 11.570545
v -25.770867 11.449041 11.603773
v -25.913127 11.903052 11.619851
v -24.238543 10.360882 11.618362
v -24.660029 10.459742 11.727248
v -25.064749 10.691137 11.829917
v -25.413099 11.032419 11.916304
v -25.670958 11.450181 11.977962
v -25.813082 11.903524 12.008851
v -24.157211 10.368532 11.783506
v -24.552786 10.465971 11.951761
v -24.933845 10.695987 12.111288
v -25.263105 11.036068 12.246469
v -25.508322 11.452923 12.344070
v -25.645494 11.905743 12.394537
v -24.069723 10.375931 11.902003
v -24.419931 10.472341 12.135574
v -24.758398 10.701364 12.358171
v -25.052001 11.040581 12.548016
v -25.271994 11.456790 12.686533
v -25.396852 11.909244 12.760143
v -23.981647 10.382877 11.983055
v -24.264746 10.478462 12.279264
v -24.539234 10.706697 12.562870
v -24.778250 11.045241 12.806112
v -24.958416 11.460957 12.985177
v -25.062069 11.913145 13.082552
v -23.883783 10.389522 12.042722
v -24.084070 10.484133 12.388315
v -24.278887 10.711448 12.720515
v -24.449160 11.049211 13.006793
v -24.578229 11.464365 13.219129
v -24.653469 11.916265 13.336743
v -23.750599 10.396041 12.091899
v -23.867245 10.489222 12.467438
v -23.981058 10.715178 12.829636
v -24.080875 11.051788 13.143023
v -24.156930 11.466106 13.376931
v -24.201789 11.917572 13.508473
v -23.554516 10.402282 12.128638
v -23.603222 10.493524 12.517031
v -23.650871 10.717630 12.892725
v -23.692768 11.052664 13.218956
v -23.724842 11.465830 13.463776
v -23.743935 11.916681 13.603231
v -23.278099 10.407886 12.145687
v -23.286825 10.496871 12.537528
v -23.295355 10.718820 12.917617
v -23.302866 11.052006 13.248736
v -23.308603 11.463814 13.498479
v -23.312014 11.913936 13.642397
v -25.974701 11.907373 -10.862823
v -25.838571 11.451777 -10.861686
v -25.580475 11.030060 -10.859241
v -25.225697 10.683509 -10.855731
v -24.808958 10.446044 -10.851494
v -24.371040 10.340914 -10.846960
v -25.960667 11.904407 -11.220696
v -25.820915 11.449633 -11.214161
v -25.559855 11.029369 -11.200286
v -25.203035 10.684759 -11.180438
v -24.785377 10.449535 -11.156552
v -24.347763 10.346724 -11.130966
v -25.910395 11.903040 -11.597925
v -25.768259 11.449034 -11.581066
v -25.506585 11.030115 -11.546373
v -25.151008 10.687298 -11.497239
v -24.736326 10.454138 -11.438476
v -24.303144 10.353459 -11.375839
v -25.806961 11.903543 -11.983699
v -25.665230 11.450198 -11.951535
v -25.408165 11.032431 -11.887512
v -25.060955 10.691137 -11.797876
v -24.657554 10.459729 -11.691408
v -24.237480 10.360856 -11.578528
v -25.634735 11.905811 -12.365072
v -25.498421 11.452980 -12.312981
v -25.254888 11.036101 -12.212364
v -24.927948 10.695987 -12.073074
v -24.549610 10.465929 -11.908737
v -24.156908 10.368447 -11.735447
v -25.381331 11.909354 -12.724678
v -25.257887 11.456881 -12.649412
v -25.040523 11.040632 -12.507861
v -24.750523 10.701361 -12.313875
v -24.416283 10.472273 -12.086449
v -24.070509 10.375797 -11.847850
v -25.043665 11.913261 -13.039496
v -24.941689 11.461050 -12.940862
v -24.764652 11.045295 -12.759461
v -24.529884 10.706694 -12.513062
v -24.260374 10.478392 -12.225773
v -23.982477 10.382737 -11.925725
v -24.635536 11.916351 -13.286022
v -24.561806 11.464433 -13.167725
v -24.435467 11.049252 -12.954124
v -24.268921 10.711444 -12.666140
v -24.078449 10.484080 -12.331945
v -23.882704 10.389418 -11.984263
v -24.187366 11.917621 -13.451945
v -24.143454 11.466145 -13.320181
v -24.069126 11.051811 -13.085845
v -23.971655 10.715175 -12.771862
v -23.860581 10.489191 -12.408969
v -23.746790 10.395981 -12.032694
v -23.734415 11.916706 -13.543522
v -23.715706 11.465848 -13.404042
v -23.684355 11.052675 -13.159154
v -23.643431 10.717628 -12.832835
v -23.596929 10.493507 -12.457011
v -23.549412 10.402250 -12.068481
v -23.307497 11.913947 -13.581545
v -23.304152 11.463823 -13.437637
v -23.298533 11.052011 -13.187893
v -23.291206 10.718819 -12.856776
v -23.282873 10.496864 -12.476694
v -23.274353 10.407872 -12.084845
v -2.207266 2.736886 -0.003771
v -2.207266 10.451953 -0.003771
v -3.324008 2.736886 -0.278541
v -3.272715 10.451953 -0.309598
v -2.969652 10.451953 -0.493102
v -2.729361 10.451953 -0.638597
v -2.493320 10.451953 -0.781519
v -2.207266 10.451953 -0.954723
v -1.757302 10.451953 -1.227174
v -0.649424 10.451953 -1.897990
v -3.272715 2.736886 -0.309598
v -7.385973 2.736886 -0.003771
v -7.132509 2.736886 -1.417516
v -3.369704 2.736886 -0.337438
v 0.393172 2.736886 -3.425963
v 0.393172 10.451953 -3.425963
v -4.007090 2.736886 -1.158975
v -7.132509 2.736886 1.409975
v -6.396928 2.736886 -2.692875
v -5.251235 2.736886 -3.705006
v -3.477256 2.736886 -1.547982
v -2.903089 2.736886 -1.895637
v -2.207266 2.736886 -2.316955
v -1.112731 2.736886 -2.979691
v 0.405621 2.736886 -3.899047
v 0.405621 10.451953 -3.899047
v -1.112731 10.451953 -2.979691
v -2.207266 10.451953 -2.316955
v -2.903089 10.451953 -1.895637
v -3.477256 10.451953 -1.547982
v -0.940493 2.736886 1.536530
v -6.396928 2.736886 2.685334
v -3.807576 2.736886 -4.354833
v -2.207266 2.736886 -4.578748
v -0.606957 2.736886 -4.354836
v -0.606957 10.451953 -4.354836
v -2.207266 10.451953 -4.578748
v -3.807576 10.451953 -4.354833
v -0.940493 10.451953 1.536530
v -0.606959 2.736886 4.347291
v -5.251235 2.736886 3.697464
v -0.606959 10.451953 4.347291
v -2.207266 2.736886 4.571207
v -3.807575 2.736886 4.347292
v -3.807575 10.451953 4.347292
v -2.207266 10.451953 4.571207
v -21.531574 7.488444 -11.297210
v -5.982391 7.488444 -11.297210
v -21.531574 10.516225 -11.297210
v -5.982391 10.516225 -11.297210
v -21.531574 10.516225 -11.808223
v -5.982391 10.516225 -11.808223
v -21.531574 7.488444 -11.808223
v -5.982391 7.488444 -11.808223
v -22.012531 13.188559 -10.576201
v -20.897305 13.459903 -10.576201
v -20.897305 14.723887 -10.576201
v -5.111333 14.723887 -10.576201
v -5.111333 13.459903 -10.576201
v -4.133407 13.188559 -10.576201
v -22.012531 14.872827 -10.576201
v -22.125267 13.188559 -11.919249
v -22.125267 14.872827 -11.919249
v -4.133407 13.188559 -11.919249
v -20.897305 13.459903 -11.919249
v -5.111333 13.459903 -11.919249
v -5.111333 14.723887 -11.919249
v -20.897305 14.723887 -11.919249
v -4.133407 14.872827 -11.919249
v -4.133407 14.872827 -10.576201
v -10.559897 7.468650 -10.901877
v -9.989332 7.468650 -10.901877
v -10.559897 10.521584 -10.901877
v -9.989332 10.521584 -10.901877
v -10.559897 10.521584 -12.189040
v -9.989332 10.521584 -12.189040
v -10.559897 7.468650 -12.189040
v -9.989332 7.468650 -12.189040
v 6.253504 2.538635 -2.367098
v 5.023850 2.538635 -4.499087
v 3.108618 2.538635 -6.191042
v 0.695285 2.538635 -7.277343
v -1.979915 2.538635 -7.651657
v -4.655115 2.538635 -7.277342
v -7.068446 2.538635 -6.191042
v -8.983677 2.538635 -4.499084
v -10.213331 2.538635 -2.367096
v -10.637041 2.538635 -0.003770
v -10.213331 2.538635 2.359557
v -8.983677 2.538635 4.491542
v -7.068445 2.538635 6.183500
v -4.655114 2.538635 7.269801
v -1.979915 2.538635 7.644116
v 0.695283 2.538635 7.269801
v 3.108614 2.602916 6.183497
v 5.023845 2.602916 4.491542
v 6.253499 2.602916 2.359556
v 6.677209 2.538635 -0.003770
v 6.253504 2.690045 -2.367098
v 5.023850 2.690045 -4.499087
v 3.108618 2.690045 -6.191042
v 0.695285 2.690045 -7.277343
v -1.979915 2.690045 -7.651657
v -4.655115 2.690045 -7.277342
v -7.068446 2.625764 -6.191042
v -8.983677 2.625764 -4.499084
v -10.213331 2.625764 -2.367096
v -10.637041 2.625764 -0.003770
v -10.213331 2.625764 2.359557
v -8.983677 2.625764 4.491542
v -7.068445 2.625764 6.183500
v -4.655114 2.690045 7.269801
v -1.979915 2.690045 7.644116
v 0.695283 2.690045 7.269801
v 3.108614 2.690045 6.183497
v 5.023845 2.690045 4.491542
v 6.253499 2.690045 2.359556
v 6.677209 2.690045 -0.003770
v -1.979915 2.538635 -0.003770
v -1.979915 2.690045 -0.003770
v -22.675110 10.872674 12.294728
v -4.673641 10.872674 12.294728
v -22.675110 13.205750 12.294728
v -4.673641 13.205750 12.294728
v -22.675110 13.205750 10.687876
v -4.673641 13.205750 10.687876
v -22.675110 10.872674 10.687876
v -4.673641 10.872674 10.687876
v -2.327446 13.234072 3.173954
v -3.943727 13.165507 3.173954
v -3.943727 14.871271 3.173954
v -2.327446 14.871271 3.173954
v -2.327446 13.234072 -3.023674
v -2.327446 13.345264 -2.602751
v -2.327446 14.760079 -2.602751
v -2.327446 14.760079 2.753031
v -2.327446 13.345264 2.753031
v -2.327446 14.871271 -3.023674
v -3.943727 13.165507 -3.023674
v -3.943727 13.276699 -2.602751
v -3.943727 13.276699 2.753031
v -3.943727 14.760079 2.753031
v -3.943727 14.760079 -2.602751
v -3.943727 14.871271 -3.023674
v -3.943727 13.510038 2.052050
v -3.943727 13.806695 1.255999
v -3.943727 13.975107 0.614049
v -3.943727 14.014739 -0.017521
v -3.943727 13.984450 -0.549511
v -3.943727 13.882524 -1.124743
v -3.943727 13.465951 -2.177314
v -2.327446 13.534513 -2.286089
v -2.327446 13.951085 -1.205208
v -2.327446 14.053015 -0.572750
v -2.327451 14.083303 0.020698
v -2.327446 14.043673 0.759384
v -2.327446 13.875258 1.375497
v -2.327446 13.578603 2.193861
v -2.327446 13.467410 2.190899
v -2.327446 13.764065 1.370605
v -2.327446 13.932479 0.765072
v -2.327446 13.972111 0.014905
v -2.327446 13.941819 -0.585875
v -2.327446 13.839891 -1.227769
v -2.327446 13.423320 -2.313737
v -2.327446 13.234072 -2.633682
v -3.943727 13.354755 -2.181262
v -3.943722 13.771328 -1.103897
v -3.943727 13.873258 -0.541438
v -3.943727 13.903546 -0.024692
v -3.943727 13.863914 0.624907
v -3.943727 13.695501 1.257455
v -3.943727 13.398846 2.094185
v -3.943727 13.165507 2.757561
v -3.943727 13.165507 -2.610953
v -22.496717 2.698116 -12.285497
v -22.496717 2.698116 -12.099015
v -22.496717 10.548191 -12.285497
v -22.496717 10.548191 -12.099015
v -21.549784 10.548191 -12.285497
v -21.549784 10.548191 -12.099015
v -21.549784 2.698116 -12.285497
v -21.549784 2.698116 -12.099015
v -3.368304 2.691863 -4.176908
v -2.902915 2.691863 -4.176908
v -2.902915 10.408401 -4.176908
v -3.368304 10.408401 -4.176908
v -3.368304 2.691863 -10.098345
v -3.368304 10.408401 -10.098345
v -3.368304 9.051201 -8.603706
v -3.368304 10.377192 -8.603706
v -3.368304 10.377192 -4.749568
v -3.368304 9.051201 -4.749568
v -2.902915 2.691863 -10.098345
v -2.902915 10.408401 -10.098345
v -2.902915 9.163962 -8.603706
v -2.902915 9.163962 -4.749568
v -2.902915 10.377192 -4.749568
v -2.902915 10.377192 -8.603706
v -3.434708 2.698116 -9.072062
v -2.707556 2.698116 -9.072062
v -3.434708 10.548191 -9.072062
v -2.707556 10.548191 -9.072062
v -3.434708 10.548191 -9.866335
v -2.707556 10.548191 -9.866335
v -3.434708 2.698116 -9.866335
v -2.707556 2.698116 -9.866335
v -16.913937 7.468650 12.244484
v -16.343375 7.468650 12.244484
v -16.913937 10.521583 12.244484
v -16.343375 10.521583 12.244484
v -16.913937 10.521583 10.957321
v -16.343375 10.521583 10.957321
v -16.913937 7.468650 10.957321
v -16.343375 7.468650 10.957321
v -24.017360 2.730049 11.146099
v -3.232502 2.730049 11.146099
v -24.017360 2.957421 11.146099
v -3.232502 2.957421 11.146099
v -24.017360 2.957421 -11.112870
v -3.232502 2.957421 -11.112870
v -24.017360 2.730049 -11.112870
v -3.232502 2.730049 -11.112870
v -2.714309 15.028017 10.033777
v -2.642465 14.695587 10.033777
v -2.714309 15.130994 -9.953631
v -2.642465 14.871752 -9.953631
v -2.714309 15.224085 10.033777
v -2.714309 15.224085 -9.953631
v -2.922803 15.541929 10.033777
v -2.922803 15.541929 -9.953631
v -3.247541 15.794172 10.033777
v -3.247541 15.794172 -9.953631
v -3.656735 15.956121 10.033777
v -3.656735 15.956121 -9.953631
v -4.110331 16.011925 10.033777
v -4.110331 16.011925 -9.953631
v -4.563928 15.956121 10.033777
v -4.563928 15.956121 -9.953631
v -4.697598 15.956121 -10.029928
v -4.697598 14.519419 -11.663917
v -4.697598 14.871752 -11.727386
v -4.697598 15.224085 -11.663917
v -4.697598 15.541929 -11.479732
v -4.697598 15.794172 -11.192849
v -4.697598 15.956121 -10.831360
v -4.697598 16.011925 -10.430644
v -22.135376 15.956121 -10.029928
v -22.135376 14.851852 -11.663917
v -22.135376 14.871752 -11.727386
v -22.135376 15.224085 -11.663917
v -22.135376 15.541929 -11.479732
v -22.135376 15.794172 -11.192849
v -22.135376 15.956121 -10.831360
v -22.135376 16.011925 -10.430644
v -22.246622 15.956121 -9.953631
v -24.057188 14.697822 -9.953631
v -24.127510 14.871752 -9.953631
v -24.057188 15.224085 -9.953631
v -23.853092 15.541929 -9.953631
v -23.535203 15.794172 -9.953631
v -23.134655 15.956121 -9.953631
v -22.690634 16.011925 -9.953631
v -22.246622 15.956121 10.033777
v -24.057188 14.646091 10.033777
v -24.127510 14.871752 10.033777
v -24.057188 15.224085 10.033777
v -23.853092 15.541929 10.033777
v -23.535203 15.794172 10.033777
v -23.134655 15.956121 10.033777
v -22.690634 16.011925 10.033777
v -4.697598 15.956121 10.086740
v -4.697598 14.519419 11.720730
v -4.697598 14.871752 11.784199
v -4.697598 15.224085 11.720730
v -4.697598 15.541929 11.536543
v -4.697598 15.794172 11.249663
v -4.697598 15.956121 10.888171
v -4.697598 16.011925 10.487455
v -22.135376 15.956121 10.086740
v -22.135376 14.646091 11.720730
v -22.135376 14.871752 11.784199
v -22.135376 15.224085 11.720730
v -22.135376 15.541929 11.536543
v -22.135376 15.794172 11.249663
v -22.135376 15.956121 10.888171
v -22.135376 16.011925 10.487455
v -24.055065 14.865427 10.193807
v -24.125361 14.871752 10.194872
v -24.055065 15.224085 10.193807
v -23.851032 15.541929 10.190720
v -23.533240 15.794172 10.185908
v -23.132816 15.956121 10.179844
v -22.688921 16.011925 10.173124
v -22.245033 15.956121 10.166401
v -24.039148 14.738754 10.392631
v -24.109104 14.871752 10.398567
v -24.039148 15.224085 10.392631
v -23.836132 15.541929 10.375409
v -23.519929 15.794172 10.348585
v -23.121504 15.956121 10.314781
v -22.679821 16.011925 10.277306
v -22.238155 15.956121 10.239836
v -23.992363 14.646091 10.622853
v -24.060740 14.871752 10.637113
v -23.992363 15.224085 10.622853
v -23.793958 15.541929 10.581477
v -23.484934 15.794172 10.517030
v -23.095524 15.956121 10.435819
v -22.663877 16.011925 10.345801
v -22.232221 15.956121 10.255777
v -23.898327 14.646091 10.867666
v -23.962768 14.871752 10.892498
v -23.898327 15.224085 10.867666
v -23.711334 15.541929 10.795598
v -23.420089 15.794172 10.683349
v -23.053091 15.956121 10.541905
v -22.646275 16.011925 10.385107
v -22.239458 15.956121 10.228317
v -23.747333 14.646091 11.106612
v -23.804754 14.871752 11.142727
v -23.747333 15.224085 11.106612
v -23.580692 15.541929 11.001817
v -23.321124 15.794172 10.838595
v -22.994074 15.956121 10.632918
v -22.631527 16.011925 10.404921
v -22.268980 15.956121 10.176931
v -23.541811 14.646091 11.317787
v -23.589329 14.871752 11.364152
v -23.541811 15.224085 11.317787
v -23.403918 15.541929 11.183237
v -23.189157 15.794172 10.973681
v -22.918524 15.956121 10.709618
v -22.618536 16.011925 10.416899
v -22.318541 15.956121 10.124184
v -23.296595 14.646091 11.484678
v -23.332460 14.871752 11.538959
v -23.296595 15.224085 11.484678
v -23.192495 15.541929 11.327154
v -23.030359 15.794172 11.081805
v -22.826067 15.956121 10.772640
v -22.599613 16.011925 10.429934
v -22.373142 15.956121 10.087227
v -23.032625 14.646091 11.601400
v -23.056713 14.871752 11.660822
v -23.032625 15.224085 11.601400
v -22.962696 15.541929 11.428942
v -22.853769 15.794172 11.160338
v -22.716534 15.956121 10.821870
v -22.564407 16.011925 10.446678
v -22.412273 15.956121 10.071488
v -22.769896 14.646091 11.672116
v -22.783564 14.871752 11.734267
v -22.769896 15.224085 11.672116
v -22.730265 15.541929 11.491753
v -22.668526 15.794172 11.210825
v -22.590736 15.956121 10.856834
v -22.504507 16.011925 10.464436
v -22.418278 15.956121 10.072033
v -22.524723 14.646091 11.707104
v -22.530380 14.871752 11.770323
v -22.524723 15.224085 11.707104
v -22.508299 15.541929 11.523630
v -22.482729 15.794172 11.237875
v -22.450522 15.956121 10.877798
v -22.414806 16.011925 10.478648
v -22.379083 15.956121 10.079496
v -22.311117 14.646091 11.719115
v -22.312126 14.871752 11.782569
v -22.311117 15.224085 11.719115
v -22.308182 15.541929 11.534967
v -22.303596 15.794172 11.248145
v -22.297842 15.956121 10.886735
v -22.291454 16.011925 10.486105
v -22.285057 15.956121 10.085476
v -22.313383 14.851852 -11.662209
v -22.314436 14.871752 -11.725662
v -22.313383 15.224085 -11.662209
v -22.310324 15.541929 -11.478067
v -22.305559 15.794172 -11.191255
v -22.299555 15.956121 -10.829844
v -22.292893 16.011925 -10.429223
v -22.286243 15.956121 -10.028603
v -22.530514 14.851852 -11.649510
v -22.536402 14.871752 -11.712704
v -22.530514 15.224085 -11.649510
v -22.513420 15.541929 -11.466098
v -22.486814 15.794172 -11.180436
v -22.453287 15.956121 -10.820475
v -22.416119 16.011925 -10.421456
v -22.378950 15.956121 -10.022432
v -22.779932 14.851852 -11.612496
v -22.794109 14.871752 -11.674543
v -22.779932 15.224085 -11.612496
v -22.738748 15.541929 -11.432435
v -22.674610 15.794172 -11.151983
v -22.593779 15.956121 -10.798598
v -22.504194 16.011925 -10.406862
v -22.414602 15.956121 -10.015125
v -23.046453 14.851852 -11.537888
v -23.071393 14.871752 -11.597015
v -23.046453 15.224085 -11.537888
v -22.974052 15.541929 -11.366304
v -22.861290 15.794172 -11.099045
v -22.719195 15.956121 -10.762284
v -22.561705 16.011925 -10.388974
v -22.404190 15.956121 -10.015671
v -23.312279 14.851852 -11.415690
v -23.349180 14.871752 -11.469391
v -23.312279 15.224085 -11.415690
v -23.205164 15.541929 -11.259862
v -23.038317 15.794172 -11.017141
v -22.828093 15.956121 -10.711304
v -22.595055 16.011925 -10.372272
v -22.362007 15.956121 -10.033247
v -23.556229 14.851852 -11.243180
v -23.604727 14.871752 -11.288706
v -23.556229 15.224085 -11.243180
v -23.415468 15.541929 -11.111075
v -23.196241 15.794172 -10.905318
v -22.919987 15.956121 -10.646049
v -22.613764 16.011925 -10.358638
v -22.307531 15.956121 -10.071236
v -23.757772 14.851852 -11.028157
v -23.815906 14.871752 -11.063345
v -23.757772 15.224085 -11.028157
v -23.589069 15.541929 -10.926031
v -23.326296 15.794172 -10.766964
v -22.995207 15.956121 -10.566536
v -22.628181 16.011925 -10.344355
v -22.261146 15.956121 -10.122173
v -23.904098 14.851852 -10.787930
v -23.968906 14.871752 -10.811990
v -23.904098 15.224085 -10.787930
v -23.716019 15.541929 -10.718090
v -23.423088 15.794172 -10.609310
v -23.053984 15.956121 -10.472246
v -22.644812 16.011925 -10.320303
v -22.235642 15.956121 -10.168368
v -23.994682 14.851852 -10.543542
v -24.063175 14.871752 -10.557323
v -23.994682 15.224085 -10.543542
v -23.795877 15.541929 -10.503561
v -23.486263 15.794172 -10.441288
v -23.096104 15.956121 -10.362825
v -22.663628 16.011925 -10.275841
v -22.231142 15.956121 -10.188857
v -24.039738 14.730844 -10.313977
v -24.109711 14.871752 -10.319705
v -24.039738 15.224085 -10.313977
v -23.836641 15.541929 -10.297345
v -23.520326 15.794172 -10.271453
v -23.121739 15.956121 -10.238815
v -22.679918 16.011925 -10.202638
v -22.238092 15.956121 -10.166462
v -24.055119 14.909248 -10.114994
v -24.125431 14.871752 -10.116020
v -24.055119 15.224085 -10.114994
v -23.851086 15.541929 -10.112006
v -23.533291 15.794172 -10.107369
v -23.132852 15.956121 -10.101517
v -22.688950 16.011925 -10.095027
v -22.245060 15.956121 -10.088543
v -2.716489 14.798560 -10.116565
v -2.644666 14.871752 -10.117621
v -2.716489 15.224085 -10.116565
v -2.924923 15.541929 -10.113506
v -3.249568 15.794172 -10.108739
v -3.658643 15.956121 -10.102732
v -4.112110 16.011925 -10.096076
v -4.565576 15.956121 -10.089420
v -2.502863 14.648600 -10.460009
v -2.661342 14.871752 -10.323797
v -2.732813 15.224085 -10.317920
v -2.940226 15.541929 -10.300861
v -3.263280 15.794172 -10.274289
v -3.670351 15.956121 -10.240800
v -4.121596 16.011925 -10.203687
v -4.572840 15.956121 -10.166566
v -2.550671 14.648600 -10.692418
v -2.710741 14.871752 -10.564456
v -2.780621 15.224085 -10.550330
v -2.983419 15.541929 -10.509334
v -3.299286 15.794172 -10.445489
v -3.697299 15.956121 -10.365032
v -4.138504 16.011925 -10.275841
v -4.579709 15.956121 -10.186656
v -2.646645 14.648600 -10.939309
v -2.810665 14.871752 -10.821844
v -2.876595 15.224085 -10.797220
v -3.067929 15.541929 -10.725769
v -3.365940 15.794172 -10.614466
v -3.741454 15.956121 -10.474223
v -4.157718 16.011925 -10.318768
v -4.573981 15.956121 -10.163306
v -2.800868 14.648600 -11.180585
v -2.971956 14.871752 -11.074353
v -3.030818 15.224085 -11.038496
v -3.201641 15.541929 -10.934430
v -3.467704 15.794172 -10.772346
v -3.802963 15.956121 -10.568105
v -4.174603 16.011925 -10.341703
v -4.546242 15.956121 -10.115299
v -3.011388 14.648600 -11.394508
v -3.192521 14.871752 -11.298554
v -3.241337 15.224085 -11.252419
v -3.383012 15.541929 -11.118537
v -3.603676 15.794172 -10.910015
v -3.881726 15.956121 -10.647261
v -4.189950 16.011925 -10.355986
v -4.498173 15.956121 -10.064719
v -3.263597 14.648600 -11.564313
v -3.456612 14.871752 -11.476342
v -3.493546 15.224085 -11.422225
v -3.600735 15.541929 -11.265159
v -3.767687 15.794172 -11.020520
v -3.978054 15.956121 -10.712265
v -4.211252 16.011925 -10.370555
v -4.444449 15.956121 -10.028845
v -3.536131 14.648600 -11.683557
v -3.741227 14.871752 -11.600812
v -3.766081 15.224085 -11.541474
v -3.838211 15.541929 -11.369251
v -3.950554 15.794172 -11.101011
v -4.092114 15.956121 -10.763003
v -4.249036 16.011925 -10.388323
v -4.405957 15.956121 -10.013643
v -3.808161 14.648600 -11.756040
v -4.024010 14.871752 -11.676075
v -4.038111 15.224085 -11.613951
v -4.079035 15.541929 -11.433666
v -4.142775 15.794172 -11.152868
v -4.223094 15.956121 -10.799041
v -4.312127 16.011925 -10.406825
v -4.401159 15.956121 -10.014603
v -4.062562 14.648600 -11.791973
v -4.286669 14.871752 -11.713103
v -4.292512 15.224085 -11.649884
v -4.309470 15.541929 -11.466436
v -4.335883 15.794172 -11.180699
v -4.369165 15.956121 -10.820657
v -4.406059 16.011925 -10.421544
v -4.442951 15.956121 -10.022430
v -4.514552 14.519419 -11.662253
v -4.513507 14.871752 -11.725704
v -4.514552 15.224085 -11.662253
v -4.517587 15.541929 -11.478102
v -4.522314 15.794172 -11.191288
v -4.528271 15.956121 -10.829877
v -4.534873 16.011925 -10.429249
v -4.541475 15.956121 -10.028620
v -4.565598 15.956121 10.167294
v -4.112142 16.011925 10.174184
v -3.658686 15.956121 10.181074
v -3.249618 15.794172 10.187289
v -2.924980 15.541929 10.192221
v -2.716550 15.224085 10.195392
v -2.644729 14.695587 10.196483
v -2.716550 14.695583 10.195392
v -4.572757 15.956121 10.239976
v -4.121679 16.011925 10.278388
v -3.670604 15.956121 10.316793
v -3.263682 15.794172 10.351445
v -2.940747 15.541929 10.378941
v -2.733412 15.224085 10.396597
v -2.661967 14.871752 10.402676
v -2.605752 14.688851 10.669389
v -4.578548 15.956121 10.253610
v -4.138213 16.011925 10.345837
v -3.697881 15.956121 10.438062
v -3.300649 15.794172 10.521257
v -2.985405 15.541929 10.587277
v -2.783008 15.224085 10.629673
v -2.713264 14.871752 10.644279
v -2.655347 14.688851 10.902466
v -4.569930 15.956121 10.223301
v -4.156129 16.011925 10.383608
v -3.742331 15.956121 10.543921
v -3.369035 15.794172 10.688535
v -3.072787 15.541929 10.803304
v -2.882585 15.224085 10.876991
v -2.817044 14.871752 10.902379
v -2.754924 14.688851 11.149782
v -4.538000 15.956121 10.170179
v -4.171032 16.011925 10.402356
v -3.804067 15.956121 10.634530
v -3.473022 15.794172 10.843980
v -3.210303 15.541929 11.010198
v -3.041628 15.224085 11.116923
v -2.983505 14.871752 11.153692
v -2.913968 14.688851 11.389715
v -4.486717 15.956121 10.117892
v -4.184939 16.011925 10.414392
v -3.883162 15.956121 10.710886
v -3.610923 15.794172 10.978356
v -3.394875 15.541929 11.190622
v -3.256164 15.224085 11.326910
v -3.208365 14.871752 11.373871
v -3.128504 14.688851 11.599702
v -4.432974 15.956121 10.083063
v -4.206522 16.011925 10.428362
v -3.980071 15.956121 10.773655
v -3.775785 15.794172 11.085152
v -3.613664 15.541929 11.332356
v -3.509577 15.224085 11.491074
v -3.473708 14.871752 11.545763
v -3.381916 14.688851 11.763866
v -4.397680 15.956121 10.069607
v -4.246241 16.011925 10.446116
v -4.094804 15.956121 10.822625
v -3.958189 15.794172 11.162280
v -3.849772 15.541929 11.431835
v -3.780164 15.224085 11.604893
v -3.756176 14.871752 11.664531
v -3.652504 14.688851 11.877692
v -4.397370 15.956121 10.071565
v -4.311767 16.011925 10.464429
v -4.226164 15.956121 10.857292
v -4.148939 15.794172 11.211701
v -4.087654 15.541929 11.492965
v -4.048307 15.224085 11.673544
v -4.034747 14.871752 11.735767
v -3.920646 14.688851 11.946335
v -4.442777 15.956121 10.079504
v -4.407372 16.011925 10.478747
v -4.371966 15.956121 10.877982
v -4.340026 15.794172 11.238144
v -4.314678 15.541929 11.523968
v -4.298405 15.224085 11.707478
v -4.292796 14.871752 11.770713
v -4.170744 14.688851 11.980274
v -4.542662 15.956121 10.085493
v -4.536334 16.011925 10.486132
v -4.530005 15.956121 10.886761
v -4.524296 15.794172 11.248181
v -4.519765 15.541929 11.535002
v -4.516856 15.224085 11.719153
v -4.515855 14.871752 11.782611
v -4.516856 14.519419 11.719153
v -17.236422 7.468650 -10.901877
v -16.665857 7.468650 -10.901877
v -17.236422 10.521584 -10.901877
v -16.665857 10.521584 -10.901877
v -17.236422 10.521584 -12.189040
v -16.665857 10.521584 -12.189040
v -17.236422 7.468650 -12.189040
v -16.665857 7.468650 -12.189040
v 1.817818 12.234828 -1.251312
v 1.283334 12.234828 -2.376736
v 0.450854 12.234828 -3.269877
v -0.598131 12.234828 -3.843309
v -1.760940 12.234828 -4.040901
v -2.923749 12.234828 -3.843309
v -2.923749 12.234828 3.835767
v -1.760940 12.234828 4.033359
v -0.598132 12.234828 3.835767
v 0.450853 12.234828 3.262335
v 1.283332 12.234828 2.369194
v 1.817816 12.234828 1.243771
v 2.001987 12.234828 -0.003771
v 1.488505 12.751097 -1.136515
v 1.003203 12.751097 -2.158378
v 0.247327 12.751097 -2.969333
v -0.705131 12.751097 -3.489999
v -1.760940 12.751097 -3.669407
v -2.816748 12.751097 -3.489998
v -2.816748 12.751097 3.482456
v -1.760940 12.751097 3.661866
v -0.705132 12.751097 3.482456
v 0.247326 12.751097 2.961791
v 1.003201 12.751097 2.150836
v 1.488502 12.751097 1.128973
v 1.655726 12.751097 -0.003771
v 1.079179 13.211519 -0.993826
v 0.655009 13.211519 -1.886967
v -0.005650 13.211519 -2.595767
v -0.838130 13.211519 -3.050846
v -1.760940 13.211519 -3.207655
v -2.683750 13.211519 -3.050845
v -3.381470 13.211519 -2.595767
v -3.313269 13.211519 2.588225
v -2.683750 13.211519 3.043304
v -1.760940 13.211519 3.200113
v -0.838130 13.211519 3.043304
v -0.005651 13.211519 2.588225
v 0.655008 13.211519 1.879425
v 1.079177 13.211519 0.986283
v 1.225336 13.211519 -0.003771
v 0.599920 13.604757 -0.826758
v 0.247327 13.604757 -1.569185
v -0.301848 13.604757 -2.158378
v -0.993850 13.604757 -2.536664
v -1.760940 13.604757 -2.667012
v -2.528030 13.604757 -2.536664
v -3.220031 13.604757 -2.158377
v -3.305948 13.754404 -1.569184
v -3.341453 13.708794 1.588601
v -3.220030 13.604757 2.150836
v -2.528029 13.604757 2.529122
v -1.760940 13.604757 2.659470
v -0.993851 13.604757 2.529122
v -0.301849 13.604757 2.150836
v 0.247326 13.604757 1.561643
v 0.599918 13.604757 0.819216
v 0.721413 13.604757 -0.003771
v 0.062529 13.921127 -0.639425
v -0.209805 13.921127 -1.212857
v -0.633974 13.921127 -1.667935
v -1.168459 13.921127 -1.960113
v -1.760940 13.921127 -2.060791
v -2.353420 13.921127 -1.960113
v -2.887905 13.921127 -1.667935
v -3.312074 13.921127 -1.212857
v -3.310243 14.001716 -0.639425
v -3.363220 14.022114 -0.003771
v -3.252549 14.021948 0.631883
v -3.312074 13.921127 1.205315
v -2.887905 13.921127 1.660394
v -2.353420 13.921127 1.952572
v -1.760940 13.921127 2.053249
v -1.168459 13.921127 1.952572
v -0.633975 13.921127 1.660393
v -0.209806 13.921127 1.205315
v 0.062528 13.921127 0.631883
v 0.156367 13.921127 -0.003771
v -0.519763 14.152841 -0.436441
v -0.705131 14.152841 -0.826758
v -0.993850 14.152841 -1.136515
v -1.357657 14.152841 -1.335391
v -1.760940 14.152841 -1.403919
v -2.164223 14.152841 -1.335391
v -2.712951 14.152841 -1.136515
v -2.816748 14.152841 -0.826757
v -3.002117 14.152841 -0.436441
v -3.065991 14.152841 -0.003771
v -3.002117 14.152841 0.428899
v -2.816748 14.152841 0.819216
v -2.528029 14.152841 1.128973
v -2.164223 14.152841 1.327850
v -1.760940 14.152841 1.396378
v -1.357657 14.152841 1.327850
v -0.993851 14.152841 1.128973
v -0.705132 14.152841 0.819216
v -0.519763 14.152841 0.428899
v -0.455890 14.152841 -0.003771
v -1.132615 14.294190 -0.222802
v -1.226455 14.294190 -0.420394
v -1.372614 14.294190 -0.577203
v -1.556785 14.294190 -0.677881
v -1.760940 14.294190 -0.712572
v -1.965095 14.294190 -0.677880
v -2.149266 14.294190 -0.577203
v -2.295424 14.294190 -0.420394
v -2.389264 14.294190 -0.222802
v -2.421599 14.294190 -0.003771
v -2.389264 14.294190 0.215261
v -2.295424 14.294190 0.412852
v -2.149266 14.294190 0.569661
v -1.965095 14.294190 0.670339
v -1.760940 14.294190 0.705030
v -1.556785 14.294190 0.670339
v -1.372614 14.294190 0.569661
v -1.226456 14.294190 0.412852
v -1.132616 14.294190 0.215261
v -1.100281 14.294190 -0.003771
v -1.760940 14.341697 -0.003771
v -3.002117 11.675423 -4.102078
v -1.760940 11.675423 -4.312985
v -0.519763 11.675423 -4.102078
v 0.599920 11.675423 -3.489999
v 1.488505 11.675423 -2.536664
v 2.059011 11.675423 -1.335391
v 2.255592 11.675423 -0.003771
v 2.059009 11.675423 1.327850
v 1.488502 11.675423 2.529122
v 0.599918 11.675423 3.482456
v -0.519763 11.675423 4.094535
v -1.760940 11.675423 4.305443
v -3.002117 11.675423 4.094535
v 2.688815 11.675423 -1.379048
v 2.118309 11.675423 -2.619704
v 1.229724 11.675423 -3.604294
v 0.110041 11.675423 -4.236440
v -1.131136 11.675423 -4.599345
v -2.372313 11.675423 -4.839125
v -2.372313 11.675423 4.440731
v -1.131136 11.675423 4.730028
v 0.110041 11.675423 4.423624
v 1.229722 11.675423 3.596752
v 2.118307 11.675423 2.612162
v 2.688812 11.675423 1.371506
v 2.885396 11.675423 -0.003771
v -2.687215 11.675423 4.267633
v -1.446038 11.675423 4.579361
v -0.204861 11.675423 4.259080
v 0.914820 11.675423 3.539605
v 1.803404 11.675423 2.570642
v 2.373911 11.675423 1.349678
v 2.570494 11.675423 -0.003771
v 2.373913 11.675423 -1.357220
v 1.803407 11.675423 -2.578184
v 0.914822 11.675423 -3.547147
v -0.204861 11.675423 -4.169259
v -1.446038 11.675423 -4.456165
v -2.687215 11.675423 -4.470600
v -3.817120 9.188656 8.391065
v -3.817120 10.334513 8.391065
v -3.351731 10.334513 8.672277
v -3.351731 9.188656 8.672277
v -3.817120 9.188656 4.536925
v -3.351731 9.188656 4.818137
v -3.351731 10.334513 4.818137
v -3.817120 10.334513 4.536925
v -3.817120 2.441122 9.660189
v -3.351731 2.441122 9.941403
v -3.351731 13.166653 9.941403
v -3.817120 13.166653 9.660189
v -3.817120 2.441122 3.738756
v -3.817120 9.139795 4.574024
v -3.817120 9.139795 4.536925
v -3.817120 10.349184 4.536925
v -3.817120 10.349184 8.391065
v -3.817120 9.139795 8.391065
v -3.817120 13.166653 3.738756
v -3.351731 2.441122 4.019968
v -3.351731 13.166653 4.019968
v -3.351731 9.139795 4.855236
v -3.351731 9.139795 8.672277
v -3.351731 10.349184 8.672277
v -3.351731 10.349184 4.818137
v -3.351731 9.139795 4.818137
v -1.302906 11.956055 -3.446669
v -2.893573 10.380624 -4.781610
v -2.456405 10.488130 -4.781610
v -2.041565 10.727885 -4.781610
v -1.689659 11.076421 -4.781610
v -1.435135 11.499619 -3.446669
v -2.893573 10.380624 -10.554203
v -2.456405 10.488130 -10.554203
v -2.041565 10.727885 -10.554203
v -1.689659 11.076421 -10.554203
v -1.435135 11.499619 -10.554203
v -1.302906 11.956055 -10.554203
v -6.031249 2.698116 12.082305
v -6.031249 2.698116 12.268787
v -6.031249 10.548191 12.082305
v -6.031249 10.548191 12.268787
v -5.084324 10.548191 12.082305
v -5.084324 10.548191 12.268787
v -5.084324 2.698116 12.082305
v -5.084324 2.698116 12.268787
v -24.071935 10.547449 -9.144842
v -24.524930 10.547449 -9.424345
v -24.802054 10.547449 -9.817185
v -24.876175 10.547449 -10.284923
v -24.740019 10.547449 -10.781759
v -24.406923 10.547449 -11.259057
v -23.909496 10.547449 -11.670114
v -23.296434 10.547449 -11.974676
v -22.627735 10.547448 -12.142931
v -21.968868 10.547448 -12.158420
v -21.384319 10.547449 -12.019623
v -24.071935 2.687489 -9.144842
v -24.524930 2.687489 -9.424345
v -24.802054 2.687489 -9.817185
v -24.876175 2.687489 -10.284923
v -24.740019 2.687489 -10.781759
v -24.406923 2.687489 -11.259057
v -23.909496 2.687489 -11.670114
v -23.296434 2.687489 -11.974676
v -22.627735 2.687489 -12.142931
v -21.968868 2.687489 -12.158420
v -21.384319 3.768235 -12.019623
v -20.931305 3.768235 -11.740118
v -22.728122 10.402369 -10.582233
v -22.728122 3.768235 -10.582233
v -2.891454 13.359072 -3.011948
v -3.645164 13.359072 -3.011948
v -2.891454 14.742118 -3.011948
v -3.645164 14.742118 -3.011948
v -2.891454 14.742118 -9.548251
v -3.645164 14.742118 -9.548251
v -2.891454 13.359072 -9.548251
v -3.645164 13.359072 -9.548251
v -5.959686 6.744840 -12.304192
v -5.959686 6.744840 -12.117710
v -21.523874 6.744840 -12.304192
v -21.523874 6.744840 -12.117710
v -21.523874 7.489328 -12.304192
v -21.523874 7.489328 -12.117710
v -5.959686 7.489328 -12.304192
v -5.959686 7.489328 -12.117710
v -24.047098 13.259432 2.708535
v -23.405735 13.259432 2.708535
v -24.047098 14.769339 2.708535
v -23.405735 14.769339 2.708535
v -24.047098 14.769339 -2.647248
v -23.405735 14.769339 -2.647248
v -24.047098 13.259432 -2.647248
v -23.405735 13.259432 -2.647248
v -22.496717 2.698116 12.082305
v -22.496717 2.698116 12.268787
v -22.496717 10.548191 12.082305
v -22.496717 10.548191 12.268787
v -21.549784 10.548191 12.082305
v -21.549784 10.548191 12.268787
v -21.549784 2.698116 12.082305
v -21.549784 2.698116 12.268787
v -3.787272 2.993088 -9.761255
v -3.458193 2.993088 -10.051969
v -3.787272 14.888065 -9.761255
v -3.458193 14.888065 -10.051969
v -5.094502 14.888065 -10.916090
v -4.765422 14.888065 -11.206804
v -5.094502 2.993088 -10.916090
v -4.765422 2.993088 -11.206804
v -23.261017 14.852829 11.807861
v -3.771557 14.852829 11.807861
v -23.261017 14.865107 11.807861
v -3.771557 14.865107 11.807861
v -23.261017 14.865107 -11.815400
v -3.771557 14.865107 -11.815400
v -23.261017 14.852829 -11.815400
v -3.771557 14.852829 -11.815400
v -24.071935 10.538144 9.220687
v -24.524930 10.538144 9.500191
v -24.802054 10.538144 9.893036
v -24.876175 10.538144 10.360768
v -24.740019 10.538144 10.857604
v -24.406923 10.538144 11.334904
v -23.909496 10.538144 11.745960
v -23.296434 10.538144 12.050522
v -22.627735 10.538144 12.218778
v -21.968868 10.538144 12.234266
v -21.384319 10.538144 12.095469
v -20.580070 3.768235 10.955387
v -24.071935 2.707277 9.220687
v -24.524930 2.707277 9.500191
v -24.802054 2.707277 9.893036
v -24.876175 2.707277 10.360768
v -24.740019 2.707277 10.857604
v -24.406923 2.707277 11.334904
v -23.909496 2.707277 11.745960
v -23.296434 2.707277 12.050522
v -22.627735 2.707277 12.218778
v -21.968868 2.707277 12.234266
v -21.384319 3.768235 12.095469
v -20.931305 3.768235 11.815964
v -20.654184 3.768235 11.423118
v -22.728122 10.402369 10.984066
v -22.728122 3.768235 10.658078
v -24.507767 13.158078 3.129458
v -23.228895 13.158078 3.129458
v -23.228895 14.881597 3.129458
v -24.507767 14.881597 3.129458
v -24.507767 13.158078 -3.068171
v -24.507767 13.275133 -2.647248
v -24.507767 14.764541 -2.647248
v -24.507767 14.764541 2.708535
v -24.507767 13.275133 2.708535
v -24.507767 14.881597 -3.068171
v -23.228895 13.158078 -3.068171
v -23.228895 13.275133 -2.647248
v -23.228895 13.275133 2.708535
v -23.228895 14.764541 2.708535
v -23.228895 14.764541 -2.647248
v -23.228895 14.881597 -3.068171
v -2.705845 7.373184 -4.936033
v -2.300339 7.373184 -4.936033
v -2.705845 8.203997 -4.936033
v -2.300339 8.203997 -4.936033
v -2.705845 8.203997 -8.611416
v -2.300339 8.203997 -8.611416
v -2.705845 7.373184 -8.611416
v -2.300339 7.373184 -8.611416
v -2.300339 8.555292 -5.557340
v -2.300339 8.555292 -5.598475
v -2.300339 8.555292 -7.942941
v -2.300339 6.852208 -7.968906
v -2.300339 6.852208 -5.510222
v -2.705845 8.555292 -5.529809
v -2.705845 8.555292 -7.932344
v -2.705845 6.852208 -7.958258
v -2.705845 6.852208 -5.612294
v -2.306050 13.164941 10.138785
v -3.910441 13.164941 10.138785
v -2.306050 13.164941 3.133513
v -2.306050 13.378943 3.300736
v -2.306050 14.732636 3.300736
v -2.306050 14.732636 9.629412
v -2.306050 13.378943 9.629412
v -2.306050 14.872684 3.133513
v -3.910441 13.164941 3.133513
v -3.910441 13.378943 3.300736
v -3.910441 13.378943 9.629412
v -3.910441 14.732636 9.629412
v -3.910441 14.732636 3.300736
v -3.910441 14.872684 3.133513
v -3.910441 14.872684 10.138785
v -2.306050 14.872684 10.138785
v -23.485657 2.909773 11.841585
v -23.227811 2.909773 11.841585
v -23.485657 13.214775 11.841585
v -23.227811 13.214775 11.841585
v -23.485657 13.214775 -11.808355
v -23.227811 13.214775 -11.808355
v -23.485657 2.909773 -11.808355
v -23.227811 2.909773 -11.808355
v 3.812675 2.683880 -1.666480
v 2.947556 2.683880 -3.166432
v 1.600102 2.683880 -4.356801
v -0.097789 2.683880 -5.121067
v -1.979915 2.683880 -5.384414
v -3.862041 2.683880 -5.121063
v -5.559932 2.683880 -4.356801
v -6.907385 2.683880 -3.166431
v -7.772503 2.683880 -1.666479
v -8.070603 2.683880 -0.003771
v -7.772503 2.683880 1.658939
v -6.907385 2.683880 3.158891
v -5.559932 2.683880 4.349259
v -3.862041 2.683880 5.113523
v -1.979916 2.683880 5.376869
v -0.097790 2.683880 5.113523
v 1.600100 2.683880 4.349259
v 2.947553 2.748161 3.158891
v 3.812671 2.748161 1.658939
v 4.110770 2.748161 -0.003771
v 3.812675 2.809460 -1.666480
v 2.947556 2.809460 -3.166432
v 1.600102 2.809460 -4.356801
v -0.097789 2.809460 -5.121067
v -1.979915 2.809460 -5.384414
v -3.862041 2.809460 -5.121063
v -5.559932 2.745180 -4.356801
v -6.907385 2.745180 -3.166431
v -7.772503 2.745180 -1.666479
v -8.070603 2.745180 -0.003771
v -7.772503 2.745180 1.658939
v -6.907385 2.745180 3.158891
v -5.559932 2.745180 4.349259
v -3.862041 2.809460 5.113523
v -1.979916 2.809460 5.376869
v -0.097790 2.809460 5.113523
v 1.600100 2.809460 4.349259
v 2.947553 2.809460 3.158891
v 3.812671 2.809460 1.658939
v 4.110770 2.809460 -0.003771
v -1.979915 2.683880 -0.003771
v -1.979915 2.809460 -0.003771
v -23.231760 13.180242 -2.957802
v -24.503672 13.180242 -2.957802
v -24.503672 14.874435 -2.957802
v -23.231760 14.874435 -2.957802
v -23.231760 13.180242 -9.963070
v -23.231760 13.392546 -9.795853
v -23.231760 14.735497 -9.795853
v -23.231760 14.735497 -3.467173
v -23.231760 13.392546 -3.467173
v -23.231760 14.874435 -9.963070
v -24.503672 13.180242 -9.963070
v -24.503672 13.392546 -9.795853
v -24.503672 13.392546 -3.467173
v -24.503672 14.735497 -3.467173
v -24.503672 14.735497 -9.795853
v -24.503672 14.874435 -9.963070
v -6.053950 6.744840 12.048711
v -6.053950 6.744840 12.235192
v -21.540924 6.744840 12.048711
v -21.540924 6.744840 12.235192
v -21.540924 7.489328 12.048711
v -21.540924 7.489328 12.235192
v -6.053950 7.489328 12.048711
v -6.053950 7.489328 12.235192
v -3.434708 2.698116 9.943757
v -2.707556 2.698116 9.943757
v -3.434708 10.548191 9.943757
v -2.707556 10.548191 9.943757
v -3.434708 10.548191 9.107223
v -2.707556 10.548191 9.107223
v -3.434708 2.698116 9.107223
v -2.707556 2.698116 9.107223
v -5.114847 2.861257 10.691194
v -4.785766 2.993088 10.981909
v -5.114847 15.019897 10.691194
v -4.785766 14.888065 10.981909
v -3.807618 15.019893 9.670277
v -3.478537 14.888065 9.827074
v -3.807618 2.861260 9.670277
v -3.478537 2.993088 9.827074
v 0.969933 10.483029 -1.449823
v 0.370067 10.483029 -2.754326
v -0.564247 10.483029 -3.789585
v -1.741550 10.483029 -4.454263
v -3.046601 10.483029 -4.828378
v -3.046601 10.483029 4.875688
v -1.741551 10.483029 4.533317
v -0.564248 10.483029 3.782042
v 0.370065 10.483029 2.746784
v 0.969930 10.483029 1.442281
v 1.176630 10.483029 -0.003771
v 0.920483 11.086657 -1.432020
v 0.328002 11.086657 -2.720462
v -0.594810 11.086657 -3.742976
v -1.757617 11.086657 -4.399469
v -3.046601 11.086657 -4.770767
v -3.046601 11.086657 4.950953
v -1.757618 11.086657 4.586654
v -0.594810 11.086657 3.735432
v 0.328000 11.086657 2.712920
v 0.920480 11.086657 1.424478
v 1.124635 11.086657 -0.003771
v 0.773350 11.675423 -1.379048
v 0.202843 11.675423 -2.619704
v -0.685742 11.675423 -3.604294
v -1.805424 11.675423 -4.236440
v -3.046601 11.675423 -4.599345
v 0.969930 11.675423 -0.003771
v 0.773347 11.675423 1.371506
v 0.202841 11.675423 2.612162
v -0.685743 11.675423 3.596752
v -1.805425 11.675423 4.423624
v -3.046601 11.675423 4.730028
v 0.669997 10.483029 2.094532
v 0.624240 11.086657 2.068699
v 0.488094 11.675423 1.991834
v 2.885398 10.483029 -1.449823
v 2.285532 10.483029 -2.754326
v 1.351219 10.483029 -3.789585
v 0.173915 10.483029 -4.454263
v -1.131136 10.483029 -4.828378
v -2.436186 10.483029 -5.056948
v -2.436186 10.483029 4.628226
v -1.131136 10.483029 4.875688
v 0.173914 10.483029 4.533317
v 1.351217 10.483029 3.782042
v 2.285530 10.483029 2.746784
v 2.885396 10.483029 1.442281
v 3.092095 10.483029 -0.003771
v 2.835948 11.086657 -1.432020
v 2.243468 11.086657 -2.720462
v 1.320656 11.086657 -3.742976
v 0.157849 11.086657 -4.399469
v -1.131136 11.086657 -4.770767
v -2.420119 11.086657 -5.002154
v -2.420119 11.086657 4.608968
v -1.131136 11.086657 4.950953
v 0.157847 11.086657 4.586654
v 1.320655 11.086657 3.735432
v 2.243465 11.086657 2.712920
v 2.835946 11.086657 1.424478
v 3.040100 11.086657 -0.003771
v 2.688815 11.675423 -1.379048
v 2.118309 11.675423 -2.619704
v 1.229724 11.675423 -3.604294
v 0.110041 11.675423 -4.236440
v -1.131136 11.675423 -4.599345
v -2.372313 11.675423 -4.839125
v 2.885396 11.675423 -0.003771
v 2.688812 11.675423 1.371506
v 2.118307 11.675423 2.612162
v 1.229722 11.675423 3.596752
v 0.110041 11.675423 4.423624
v -1.131136 11.675423 4.730028
v -2.372313 11.675423 4.440731
v 2.585463 10.483029 2.094532
v 2.539705 11.086657 2.068699
v 2.403560 11.675423 1.991834
v -2.432986 10.445063 -4.828378
v -3.738036 10.445063 -5.056948
v -2.432986 10.565222 -4.770767
v -3.721969 10.565222 -5.002154
v -3.393919 10.483029 -0.214361
v -2.088868 10.483029 0.023654
v -0.783818 10.483029 0.039526
v 0.393485 10.483029 -0.003772
v 1.327798 10.483029 -0.003772
v 1.777698 10.483029 0.322354
v 2.031013 10.483029 0.719255
v 2.031013 10.483029 0.719255
v 1.777698 10.483029 0.322354
v 1.327798 10.483029 -0.003772
v 0.393485 10.483029 -0.003772
v -0.783818 10.483029 0.039526
v -2.088868 10.483029 0.023654
v -3.393919 10.483029 -0.214361
v -22.487933 2.721630 12.244501
v -5.097109 2.721630 12.244501
v -5.097109 10.884941 12.244501
v -22.487933 10.884941 12.244501
v -21.531574 7.488444 12.244501
v -21.531574 10.516225 12.244501
v -5.982391 10.516225 12.244501
v -5.982391 7.488444 12.244501
v -22.487933 2.721630 10.686158
v -22.487933 10.851830 10.686158
v -5.097109 2.721630 10.686158
v -5.097109 10.851830 10.686158
v -21.531574 7.488444 10.686158
v -5.982391 7.488444 10.686158
v -5.982391 10.510531 10.686158
v -21.531574 10.510531 10.686158
v -3.345221 13.268537 2.763426
v -2.955392 13.308430 2.708535
v -2.703864 13.398650 2.763426
v -2.703864 14.769767 2.763426
v -3.345221 14.769767 2.763426
v -2.703864 13.604757 2.394421
v -2.703864 13.921127 1.722421
v -2.703864 13.994185 1.492840
v -2.703864 14.152841 0.864608
v -2.703864 14.164312 0.786236
v -2.703864 14.205353 0.349531
v -2.703864 14.216794 -0.003771
v -2.703864 14.205353 -0.357073
v -2.703864 14.164312 -0.793778
v -2.703864 14.152841 -0.872150
v -2.703864 13.994185 -1.500381
v -2.703864 13.921127 -1.729962
v -2.703864 13.604757 -2.401962
v -2.703864 13.443812 -2.647248
v -2.703864 14.769767 -2.647248
v -3.345221 14.769767 -2.647248
v -3.345221 13.308430 -2.647248
v -3.345221 13.281218 -2.502975
v -3.345221 13.474807 -2.197903
v -3.345221 13.885236 -1.144082
v -3.345221 13.988224 -0.580648
v -3.345221 14.020454 -0.003771
v -3.345221 13.988224 0.573106
v -3.345221 13.845343 1.136541
v -3.345221 13.474807 2.190362
v -3.345221 13.268537 2.495433
v -3.081302 13.308430 -2.647248
v -2.703864 13.308430 -2.647248
v -3.149457 13.604757 -2.158377
v -2.817331 13.921127 -1.667935
v -3.241500 13.921127 -1.212857
v -2.746174 14.152841 -0.826757
v -2.931542 14.152841 -0.436441
v -2.995416 14.152841 -0.003771
v -2.931542 14.152841 0.428899
v -2.746173 14.152841 0.819216
v -3.241499 13.921127 1.205315
v -2.817331 13.921127 1.660394
v -3.149456 13.604757 2.150836
v -2.955392 13.308430 2.708535
v -3.345221 13.266068 2.495433
v -2.703864 13.994185 -1.500381
v -2.703864 13.358757 2.708535
v -2.703864 13.604757 2.394421
v -2.703864 13.921127 1.722421
v -3.081302 13.308430 -2.647248
v -2.703864 13.994185 1.492840
v -3.345221 13.281489 -2.502975
v -2.703864 14.152841 0.864608
v -3.081302 13.308430 -2.647248
v -2.703864 14.164312 0.786236
v -2.703864 14.205353 0.349531
v -2.703864 14.216794 -0.003771
v -2.703864 13.443812 -2.647248
v -2.703864 14.205353 -0.357073
v -2.703864 13.443812 -2.647248
v -2.703864 14.164312 -0.793778
v -2.703864 13.921127 -1.729962
v -2.703864 14.152841 -0.872150
v -2.703864 13.604757 -2.401962
v -3.345221 13.475920 -2.197094
v -3.345221 13.888989 -1.144446
v -3.345221 13.986724 -0.579176
v -3.345221 14.020109 0.002412
v -3.345221 13.982776 0.574920
v -3.345221 13.844634 1.144474
v -3.345222 13.472577 2.199717
v -3.368304 2.691863 9.973853
v -2.902915 2.691863 9.973853
v -2.902915 10.408401 9.973853
v -3.368304 10.408401 9.973853
v -3.368304 2.691863 4.052421
v -3.368304 10.408401 4.052421
v -3.368304 9.139795 4.818137
v -3.368304 10.349184 4.818137
v -3.368304 10.349184 8.672277
v -3.368304 9.139795 8.672277
v -2.902915 2.691863 4.052421
v -2.902915 10.408401 4.052421
v -2.902915 9.139795 4.818137
v -2.902915 9.139795 8.672277
v -2.902915 10.349184 8.672277
v -2.902915 10.349184 4.818137
v -3.655744 13.347073 3.250842
v -2.902033 13.347073 3.250842
v -3.655744 14.759520 3.250842
v -2.902033 14.759520 3.250842
v -3.655744 14.759520 9.931643
v -2.902033 14.759520 9.931643
v -3.655744 13.347073 9.931643
v -2.902033 13.347073 9.931643
v -13.808729 13.460354 -10.636689
v -13.238167 13.460354 -10.636689
v -13.808729 14.728020 -10.636689
v -13.238167 14.728020 -10.636689
v -13.808729 14.728020 -11.923852
v -13.238167 14.728020 -11.923852
v -13.808729 13.460354 -11.923852
v -13.238167 13.460354 -11.923852
v -24.102690 2.693648 9.775201
v -23.778551 2.693648 9.775201
v -24.102690 10.856960 9.775201
v -23.778551 10.856960 9.775201
v -24.102690 10.856960 -9.741971
v -23.778551 10.856960 -9.741971
v -24.102690 2.693648 -9.741971
v -23.778551 2.693648 -9.741971
v -24.058937 14.843289 10.033777
v -24.130778 14.871751 10.033777
v -24.058937 14.843289 -9.953631
v -24.130778 14.871751 -9.953631
v -24.058937 15.224084 10.033777
v -24.058937 15.224084 -9.953631
v -23.850452 15.541928 10.033777
v -23.850452 15.541928 -9.953631
v -23.525707 15.794171 10.033777
v -23.525707 15.794171 -9.953631
v -23.116516 15.956121 10.033777
v -23.116516 15.956121 -9.953631
v -22.662914 16.011925 10.033777
v -22.662914 16.011925 -9.953631
v -22.209320 15.956121 10.033777
v -22.209320 15.956121 -9.953631
v -22.965256 15.397049 10.750842
v -3.810417 15.397049 10.750842
v -22.965256 15.397049 -10.688015
v -3.810417 15.397049 -10.688015
v -22.965256 15.712690 10.750842
v -22.957369 15.774253 10.743898
v -22.933994 15.833453 10.723332
v -22.896035 15.888011 10.689938
v -22.844973 15.935834 10.644991
v -22.782734 15.975078 10.590224
v -22.711742 16.004240 10.527743
v -22.634703 16.022200 10.459939
v -22.554584 16.028261 10.389440
v -4.221090 16.028261 10.389440
v -4.140970 16.022200 10.459939
v -4.063931 16.004240 10.527743
v -3.992932 15.975078 10.590224
v -3.930699 15.935834 10.644991
v -3.879628 15.888011 10.689938
v -3.841675 15.833453 10.723332
v -3.818307 15.774253 10.743898
v -3.810417 15.712690 10.750842
v -22.554584 16.028261 -10.326613
v -22.634703 16.022200 -10.397120
v -22.711742 16.004240 -10.464915
v -22.782734 15.975078 -10.527395
v -22.844973 15.935834 -10.582163
v -22.896035 15.888011 -10.627111
v -22.933994 15.833453 -10.660506
v -22.957369 15.774253 -10.681072
v -22.965256 15.712690 -10.688015
v -4.221090 16.028261 -10.326613
v -4.140970 16.022200 -10.397120
v -4.063931 16.004240 -10.464915
v -3.992932 15.975078 -10.527395
v -3.930699 15.935834 -10.582163
v -3.879628 15.888011 -10.627111
v -3.841675 15.833453 -10.660506
v -3.818307 15.774253 -10.681072
v -3.810417 15.712690 -10.688015
v -21.531574 7.488444 11.760963
v -5.982391 7.488444 11.760963
v -21.531574 10.516225 11.760963
v -5.982391 10.516225 11.760963
v -21.531574 10.516225 11.249956
v -5.982391 10.516225 11.249956
v -21.531574 7.488444 11.249956
v -5.982391 7.488444 11.249956
v -20.897305 13.458111 11.939237
v -5.111333 13.458111 11.939237
v -20.897305 14.735865 11.939237
v -5.111333 14.735865 11.939237
v -20.897305 14.735865 11.749712
v -5.111333 14.735865 11.749712
v -20.897305 13.458111 11.749712
v -5.111333 13.458111 11.749712
v -1.769567 11.930947 3.938657
v -1.769567 11.930947 10.618842
v -1.769567 12.251651 3.938657
v -1.769567 12.251651 10.618842
v -1.172675 12.251651 3.938657
v -1.172675 12.251651 10.618842
v -1.172675 11.930947 3.938657
v -1.172675 11.930947 10.618842
v -22.957985 11.910554 -13.156544
v -4.445933 11.910554 -13.156544
v -22.957985 12.231257 -13.156544
v -4.445933 12.231257 -13.156544
v -22.957985 12.231257 -13.683852
v -4.445933 12.231257 -13.683852
v -22.957985 11.910554 -13.683852
v -4.445933 11.910554 -13.683852
v -25.556866 11.910554 10.441505
v -25.556866 11.910554 -10.455199
v -25.556866 12.231257 10.441505
v -25.556866 12.231257 -10.455199
v -26.153770 12.231257 10.441505
v -26.153770 12.231257 -10.455199
v -26.153770 11.910554 10.441505
v -26.153770 11.910554 -10.455199
v -22.957985 11.910554 13.217543
v -4.445933 11.910554 13.217543
v -22.957985 12.231257 13.217543
v -4.445933 12.231257 13.217543
v -22.957985 12.231257 13.744851
v -4.445933 12.231257 13.744851
v -22.957985 11.910554 13.744851
v -4.445933 11.910554 13.744851
v -25.553144 11.910554 10.870343
v -26.149952 11.910554 10.876314
v -26.149952 12.231257 10.876314
v -25.553144 12.231257 10.870343
v -25.529323 11.910554 11.281020
v -26.124739 11.910554 11.314744
v -26.124739 12.231257 11.314744
v -25.529323 12.231257 11.281020
v -25.471706 11.910554 11.667548
v -26.060540 11.910554 11.750119
v -26.060540 12.231257 11.750119
v -25.471706 12.231257 11.667548
v -25.372699 11.910554 12.022458
v -25.943920 11.910554 12.171429
v -25.943920 12.231257 12.171429
v -25.372699 12.231257 12.022458
v -25.230211 11.910554 12.336313
v -25.765297 11.910554 12.565740
v -25.765297 12.231257 12.565740
v -25.230211 12.231257 12.336313
v -25.046224 11.910554 12.601518
v -25.519117 11.910554 12.919072
v -25.519117 12.231257 12.919072
v -25.046224 12.231257 12.601518
v -24.823055 11.910554 12.815787
v -25.204632 11.910554 13.217500
v -25.204632 12.231257 13.217500
v -24.823055 12.231257 12.815787
v -24.557863 11.910554 12.981789
v -24.827344 11.910554 13.449458
v -24.827344 12.231257 13.449458
v -24.557863 12.231257 12.981789
v -24.242165 11.910554 13.102382
v -24.398823 11.910554 13.609540
v -24.398823 12.231257 13.609540
v -24.242165 12.231257 13.102382
v -23.868652 11.910554 13.178056
v -23.933960 11.910554 13.701533
v -23.933960 12.231257 13.701533
v -23.868652 12.231257 13.178056
v -23.436943 11.910554 13.211910
v -23.448648 11.910554 13.739009
v -23.448648 12.231257 13.739009
v -23.436943 12.231257 13.211910
v -23.430761 11.910554 -13.151143
v -23.442127 11.910554 -13.678246
v -23.442127 12.231257 -13.678246
v -23.430761 12.231257 -13.151143
v -23.858473 11.910554 -13.118582
v -23.921888 11.910554 -13.642285
v -23.921888 12.231257 -13.642285
v -23.858473 12.231257 -13.118582
v -24.230792 11.910554 -13.045527
v -24.382896 11.910554 -13.553871
v -24.382896 12.231257 -13.553871
v -24.230792 12.231257 -13.045527
v -24.547478 11.910554 -12.928711
v -24.809708 11.910554 -13.399726
v -24.809708 12.231257 -13.399726
v -24.547478 12.231257 -12.928711
v -24.814365 11.910554 -12.767848
v -25.187635 11.910554 -13.175707
v -25.187635 12.231257 -13.175707
v -24.814365 12.231257 -12.767848
v -25.039034 11.910554 -12.560748
v -25.504806 11.910554 -12.886363
v -25.504806 12.231257 -12.886363
v -25.039034 12.231257 -12.560748
v -25.224367 11.910554 -12.304885
v -25.754834 11.910554 -12.542374
v -25.754834 12.231257 -12.542374
v -25.224367 12.231257 -12.304885
v -25.368466 11.910554 -12.001685
v -25.937401 11.910554 -12.157059
v -25.937401 12.231257 -12.157059
v -25.368466 12.231257 -12.001685
v -25.469244 11.910554 -11.657433
v -26.057299 11.910554 -11.744009
v -26.057299 12.231257 -11.744009
v -25.469244 12.231257 -11.657433
v -25.528360 11.910554 -11.280484
v -26.123608 11.910554 -11.315982
v -26.123608 12.231257 -11.315982
v -25.528360 12.231257 -11.280484
v -25.552984 11.910554 -10.877721
v -26.149787 11.910554 -10.884023
v -26.149787 12.231257 -10.884023
v -25.552984 12.231257 -10.877721
v -1.774082 12.251255 11.037211
v -1.177306 12.251642 11.044328
v -1.176967 11.930940 11.044206
v -1.773742 11.930553 11.037089
v -1.801450 12.250374 11.431967
v -1.206625 12.251109 11.471827
v -1.205921 11.930408 11.471195
v -1.800745 11.929673 11.431333
v -1.865820 12.248820 11.796548
v -1.279937 12.249775 11.893082
v -1.278797 11.929076 11.891755
v -1.864679 11.928123 11.795215
v -1.973676 12.246654 12.125233
v -1.410880 12.247602 12.296513
v -1.409228 11.926908 12.294563
v -1.972022 11.925961 12.123284
v -2.125872 12.244065 12.412054
v -1.607656 12.244743 12.669408
v -1.605491 11.924054 12.667094
v -2.123705 11.923377 12.409741
v -2.320403 12.241301 12.653590
v -1.873041 12.241494 12.998716
v -1.870518 11.920807 12.996392
v -2.317879 11.920614 12.651267
v -2.556305 12.238584 12.850048
v -2.204074 12.238230 13.272475
v -2.201520 11.917542 13.270456
v -2.553749 11.917895 12.848028
v -2.836356 12.236100 13.003310
v -2.592161 12.235342 13.482142
v -2.589980 11.914649 13.480606
v -2.834174 11.915408 13.001775
v -3.165388 12.234026 13.114136
v -3.024626 12.233145 13.625237
v -3.023138 11.912447 13.624196
v -3.163899 11.913329 13.113096
v -3.545780 12.232519 13.182631
v -3.487133 12.231798 13.706855
v -3.486428 11.911098 13.706222
v -3.545074 11.911819 13.181999
v -3.975691 12.231649 13.212715
v -3.965171 12.231263 13.739850
v -3.965038 11.910561 13.739547
v -3.975557 11.910948 13.212412
v -1.769567 11.930947 -10.551784
v -1.769567 11.930947 -3.871595
v -1.769567 12.251651 -10.551784
v -1.769567 12.251651 -3.871595
v -1.172675 12.251651 -10.551784
v -1.172675 12.251651 -3.871595
v -1.172675 11.930947 -10.551784
v -1.172675 11.930947 -3.871595
v -22.957985 11.910554 -13.156544
v -22.957985 12.231257 -13.156544
v -4.445933 12.231257 -13.156544
v -22.957985 12.231257 -13.683852
v -4.445933 12.231257 -13.683852
v -22.957985 11.910554 -13.683852
v -4.445933 11.910554 -13.683852
v -3.975207 12.231649 -13.151699
v -3.964657 12.231263 -13.678833
v -3.964524 11.910561 -13.678531
v -3.975073 11.910947 -13.151396
v -3.544991 12.232519 -13.121503
v -3.486178 12.231798 -13.645708
v -3.485474 11.911098 -13.645084
v -3.544286 11.911819 -13.120871
v -3.164515 12.234025 -13.052790
v -3.023362 12.233144 -13.563804
v -3.021875 11.912447 -13.562763
v -3.163028 11.913328 -13.051749
v -2.835575 12.236098 -12.941651
v -2.590758 12.235342 -13.420215
v -2.588579 11.914649 -13.418681
v -2.833396 11.915406 -12.940117
v -2.555679 12.238580 -12.787956
v -2.202714 12.238230 -13.209898
v -2.200162 11.917542 -13.207879
v -2.553127 11.917892 -12.785939
v -2.319905 12.241297 -12.590927
v -1.871889 12.241493 -12.935394
v -1.869370 11.920807 -12.933070
v -2.317384 11.920610 -12.588604
v -2.125469 12.244062 -12.348638
v -1.606810 12.244743 -12.605314
v -1.604649 11.924054 -12.603001
v -2.123305 11.923374 -12.346332
v -1.973374 12.246653 -12.060957
v -1.410356 12.247601 -12.231683
v -1.408706 11.926908 -12.229741
v -1.971722 11.925961 -12.059008
v -1.865637 12.248821 -11.731399
v -1.279676 12.249773 -11.827586
v -1.278537 11.929077 -11.826261
v -1.864498 11.928124 -11.730073
v -1.801375 12.250374 -11.366036
v -1.206535 12.251107 -11.405749
v -1.205831 11.930408 -11.405116
v -1.800672 11.929673 -11.365403
v -1.774070 12.251256 -10.970650
v -1.177293 12.251642 -10.977732
v -1.176953 11.930940 -10.977616
v -1.773730 11.930553 -10.970527
v -10.559894 7.468650 12.244484
v -9.989332 7.468650 12.244484
v -10.559894 10.521583 12.244484
v -9.989332 10.521583 12.244484
v -10.559894 10.521583 10.957321
v -9.989332 10.521583 10.957321
v -10.559894 7.468650 10.957321
v -9.989332 7.468650 10.957321
v -13.808729 13.460354 12.001395
v -13.238167 13.460354 12.001395
v -13.808729 14.728020 12.001395
v -13.238167 14.728020 12.001395
v -13.808729 14.728020 10.714232
v -13.238167 14.728020 10.714232
v -13.808729 13.460354 10.714232
v -13.238167 13.460354 10.714232
v -5.991949 2.698116 -12.285497
v -5.991949 2.698116 -12.099015
v -5.991949 10.548191 -12.285497
v -5.991949 10.548191 -12.099015
v -5.045023 10.548191 -12.285497
v -5.045023 10.548191 -12.099015
v -5.045023 2.698116 -12.285497
v -5.045023 2.698116 -12.099015
v 2.425703 2.775107 -1.194341
v 1.858929 2.775107 -2.268369
v 0.976156 2.775107 -3.120723
v -0.136202 2.775107 -3.667968
v -1.369261 2.775107 -3.856535
v -2.602321 2.775107 -3.667967
v -5.364240 2.766431 -4.118853
v -6.638038 2.766431 -2.993553
v -7.455867 2.766431 -1.575592
v -7.737671 2.766431 -0.003771
v -7.455867 2.766431 1.568051
v -6.638037 2.766431 2.986012
v -5.364240 2.766431 4.111312
v -2.602320 2.775107 3.660425
v -1.369262 2.775107 3.848991
v -0.136203 2.775107 3.660425
v 0.976155 2.775107 3.113180
v 1.858926 2.775107 2.260827
v 2.425701 2.775107 1.186799
v 2.620999 2.775107 -0.003771
v 2.425702 2.853428 -1.194341
v 1.858929 2.815704 -2.268369
v 0.976156 2.853428 -3.120723
v -0.136202 2.853428 -3.667968
v -1.369261 2.853428 -4.008906
v -2.602321 2.964815 -4.013989
v -5.364240 2.935766 -4.118853
v -6.638038 2.824380 -2.993553
v -7.455867 2.824380 -1.575592
v -7.737671 2.824380 -0.003771
v -7.455867 2.824380 1.568051
v -6.638037 2.824380 2.986012
v -5.364240 2.824380 4.111312
v -2.602320 2.973832 4.067314
v -1.369262 2.853428 4.036538
v -0.136203 2.853428 3.660425
v 0.976155 2.853428 3.113180
v 1.858926 2.815704 2.260827
v 2.425701 2.853428 1.186799
v 2.620999 2.853428 -0.003771
v -1.979915 2.766431 -0.003771
v -4.276355 2.951073 -0.003771
v -21.984436 2.760038 -10.935141
v -22.313509 2.993088 -11.225861
v -21.984436 15.059932 -10.935141
v -22.313509 14.888065 -11.225861
v -23.291660 15.059932 -9.838419
v -23.620733 14.888065 -10.071026
v -23.291660 2.760038 -9.838419
v -23.620733 2.993088 -10.071026
v -22.487933 2.688337 -10.895010
v -5.097109 2.688337 -10.895010
v -5.097109 10.851648 -10.895010
v -22.487933 10.851648 -10.895010
v -21.531574 7.488444 -10.895010
v -21.531574 10.516225 -10.895010
v -5.982391 10.516225 -10.895010
v -5.982391 7.488444 -10.895010
v -22.487933 2.688337 -12.181691
v -22.487933 10.851648 -12.181691
v -5.097109 2.688337 -12.181691
v -5.097109 10.851648 -12.181691
v -21.531574 7.488444 -12.181691
v -5.982390 7.488444 -12.181691
v -5.982390 10.516225 -12.181691
v -21.531574 10.516225 -12.181691
v -23.390987 13.378979 -3.467173
v -24.087193 13.378979 -3.467173
v -23.390987 14.759531 -3.467173
v -24.087193 14.759531 -3.467173
v -23.390987 14.759531 -9.795853
v -24.087193 14.759531 -9.795853
v -23.390987 13.378979 -9.795853
v -24.087193 13.378979 -9.795853
v -3.933023 8.925320 -4.314486
v -2.388908 8.925320 -4.314486
v -2.388908 10.502958 -4.314486
v -3.933023 10.502958 -4.314486
v -3.933023 8.925320 -9.057847
v -3.933023 9.185051 -8.605098
v -3.933023 10.330906 -8.605098
v -3.933023 10.330906 -4.750959
v -3.933023 9.185051 -4.750959
v -3.933023 10.502958 -9.057847
v -2.388908 8.925320 -9.057847
v -2.388908 9.185051 -8.605098
v -2.388908 9.185051 -4.750959
v -2.388908 10.330906 -4.750959
v -2.388908 10.330906 -8.605098
v -2.388908 10.502958 -9.057847
v -22.008606 6.725752 -10.862978
v -21.529032 6.725752 -10.862978
v -22.008606 10.562619 -10.862978
v -21.529032 10.562619 -10.862978
v -22.008606 10.562619 -10.933234
v -21.529032 10.562619 -10.933234
v -22.008606 6.725752 -10.933234
v -21.529032 6.725752 -10.933234
v -3.817120 2.441122 -4.171569
v -3.351731 2.441122 -4.171569
v -3.351731 13.166653 -4.171569
v -3.817120 13.166653 -4.171569
v -3.817120 2.441122 -10.092999
v -3.817120 13.166653 -10.092999
v -3.817120 9.178802 -8.603706
v -3.817120 10.377192 -8.603706
v -3.817120 10.377192 -4.749568
v -3.817120 9.178802 -4.749568
v -3.351731 2.441122 -10.092999
v -3.351731 13.166653 -10.092999
v -3.351731 9.157176 -8.603706
v -3.351731 9.157176 -4.749568
v -3.351731 10.377192 -4.749568
v -3.351731 10.377192 -8.603706
v 5.789995 2.692112 -2.234051
v 4.629566 2.692112 -4.246017
v 2.822153 2.692112 -5.842723
v 0.544682 2.692112 -6.867869
v -1.979915 2.692112 -7.221110
v -4.504511 2.692112 -6.867868
v -6.781982 2.627831 -5.842722
v -8.589394 2.627831 -4.246017
v -9.749821 2.627831 -2.234050
v -10.149677 2.627831 -0.003771
v -9.749821 2.627831 2.226510
v -8.589394 2.627831 4.238476
v -6.781981 2.627831 5.835181
v -4.504511 2.692112 6.860326
v -1.979915 2.692112 7.213568
v 0.544680 2.692112 6.860326
v 2.822150 2.692112 5.835178
v 4.629561 2.692112 4.238475
v 5.789990 2.692112 2.226510
v 6.189846 2.692112 -0.003771
v 4.737889 2.774336 -1.759757
v 3.824238 2.774336 -3.343855
v 2.401193 2.774336 -4.601003
v 0.608052 2.774336 -5.408140
v -1.379660 2.774336 -5.924646
v -3.367372 2.774336 -5.646527
v -6.781982 2.710055 -5.842722
v -8.589394 2.710055 -4.246017
v -9.749821 2.710055 -2.234050
v -10.149677 2.710055 -0.003771
v -9.749821 2.710055 2.226510
v -8.589394 2.710055 4.238476
v -6.781981 2.710055 5.835181
v -3.367372 2.774336 5.660461
v -1.379660 2.774336 5.938583
v 0.608050 2.774336 5.400598
v 2.401191 2.774336 4.593458
v 3.824234 2.774336 3.336312
v 4.737885 2.774336 1.752216
v 5.052708 2.774336 -0.003771
v -1.979915 2.627831 -0.003771
v -1.379660 2.774336 -0.003771
v -3.853863 9.139795 8.672277
v -2.486426 9.139795 8.672277
v -3.853863 10.349184 8.672277
v -2.486426 10.349184 8.672277
v -3.853863 10.349184 4.818137
v -2.486426 10.349184 4.818137
v -3.853863 9.139795 4.818137
v -2.486426 9.139795 4.818137
v -5.898380 6.744840 10.655505
v -5.898380 6.744840 10.841987
v -21.557894 6.744840 10.655505
v -21.557894 6.744840 10.841987
v -21.557894 7.489328 10.655505
v -21.557894 7.489328 10.841987
v -5.898380 7.489328 10.655505
v -5.898380 7.489328 10.841987
v -5.007828 10.513563 10.637460
v -5.007828 10.519257 10.912831
v -22.475725 10.513563 10.637460
v -22.475725 10.519257 10.912831
v -22.475725 10.854454 10.637460
v -22.475725 10.854454 10.912831
v -5.007828 10.854454 10.637460
v -5.007828 10.854454 10.912831
v -22.008606 6.735015 10.720907
v -21.529032 6.735015 10.720907
v -22.008606 10.492297 10.720907
v -21.529032 10.492297 10.720907
v -22.008606 10.520481 10.650657
v -21.529032 10.520481 10.650657
v -22.008606 6.735015 10.650657
v -21.529032 6.735015 10.650657
v 0.195759 10.362726 -3.369169
v 0.567420 10.362726 -3.267751
v 1.737239 10.362726 -2.364738
v 2.359062 10.362726 -1.265496
v 2.589991 10.192420 0.007050
v 2.401670 10.362726 1.250594
v 1.731492 10.362726 2.337405
v 0.675030 10.362726 3.235695
v -0.182797 10.362726 3.650189
v 0.730032 2.854231 -3.298863
v -0.555212 2.816506 -3.877384
v -1.979915 2.854231 -4.076726
v -3.404619 2.854231 -3.877383
v -1.979915 2.854231 4.069185
v -1.979915 10.447300 4.069185
v -0.555213 2.816506 3.869840
v 0.730031 2.772332 3.291320
v 1.750005 2.772332 2.390253
v 2.404870 2.854231 1.254842
v 2.630520 2.816506 -0.003771
v -0.555213 10.447300 3.869840
v 0.209554 2.736886 3.979759
v 0.209554 10.451953 3.979759
v 0.082619 10.451953 3.552368
v 0.082619 2.736886 3.552368
vt 0.375000 0.000000
vt 0.625000 0.000000
vt 0.375000 0.250000
vt 0.625000 0.250000
vt 0.375000 0.500000
vt 0.625000 0.500000
vt 0.375000 0.750000
vt 0.625000 0.750000
vt 0.375000 1.000000
vt 0.625000 1.000000
vt 0.875000 0.000000
vt 0.875000 0.250000
vt 0.125000 0.000000
vt 0.125000 0.250000
vt 0.001193 0.002791
vt 0.001193 0.002791
vt 0.001193 0.922759
vt 0.001193 0.922759
vt 0.375000 0.000000
vt 0.625000 0.000000
vt 0.625000 0.250000
vt 0.375000 0.250000
vt 0.625000 0.500000
vt 0.375000 0.500000
vt 0.625000 0.750000
vt 0.375000 0.750000
vt 0.625000 1.000000
vt 0.375000 1.000000
vt 0.875000 0.000000
vt 0.875000 0.250000
vt 0.125000 0.000000
vt 0.125000 0.250000
vt 0.375000 0.000000
vt 0.625000 0.000000
vt 0.625000 0.250000
vt 0.375000 0.250000
vt 0.625000 0.500000
vt 0.375000 0.500000
vt 0.625000 0.750000
vt 0.375000 0.750000
vt 0.625000 1.000000
vt 0.375000 1.000000
vt -0.000001 0.004623
vt -0.000001 0.184943
vt 0.000000 0.184943
vt 0.000000 0.004623
vt 0.125000 0.000000
vt 0.125000 0.250000
vt 0.375000 0.000000
vt 0.625000 0.000000
vt 0.625000 0.250000
vt 0.375000 0.250000
vt 0.375000 1.000000
vt 0.375000 0.750000
vt 0.625000 0.750000
vt 0.625000 1.000000
vt 0.625000 0.500000
vt 0.375000 0.500000
vt 0.414003 0.250000
vt 0.511960 0.250000
vt 0.511960 0.000000
vt 0.414003 0.000000
vt 0.414003 0.750000
vt 0.414003 1.000000
vt 0.511960 1.000000
vt 0.511960 0.750000
vt 0.414003 0.500000
vt 0.511960 0.500000
vt 0.125000 0.250000
vt 0.125000 0.000000
vt 0.148862 0.041158
vt 0.148862 0.222736
vt 0.351996 0.222736
vt 0.351996 0.041158
vt 0.875000 0.000000
vt 0.875000 0.250000
vt 0.851138 0.041158
vt 0.648004 0.041158
vt 0.648004 0.222736
vt 0.851138 0.222736
vt 0.375000 0.000000
vt 0.625000 0.000000
vt 0.625000 0.250000
vt 0.375000 0.250000
vt 0.625000 0.500000
vt 0.375000 0.500000
vt 0.625000 0.750000
vt 0.375000 0.750000
vt 0.625000 1.000000
vt 0.375000 1.000000
vt 0.875000 0.000000
vt 0.875000 0.250000
vt 0.125000 0.000000
vt 0.125000 0.250000
vt 0.375000 0.000000
vt 0.625000 0.000000
vt 0.625000 0.250000
vt 0.375000 0.250000
vt 0.625000 0.500000
vt 0.375000 0.500000
vt 0.625000 0.750000
vt 0.375000 0.750000
vt 0.625000 1.000000
vt 0.375000 1.000000
vt 0.013216 0.918813
vt 0.013216 1.000000
vt 0.013217 1.000000
vt 0.013217 0.918813
vt 0.125000 0.000000
vt 0.125000 0.250000
vt 0.387500 0.687500
vt 0.375000 0.687500
vt 0.375000 0.312500
vt 0.387500 0.312500
vt 0.625000 0.687500
vt 0.612500 0.687500
vt 0.612500 0.312500
vt 0.625000 0.312500
vt 0.648603 0.107966
vt 0.552768 0.139105
vt 0.544887 0.123638
vt 0.626409 0.064408
vt 0.400000 0.312500
vt 0.400000 0.687500
vt 0.626409 0.935591
vt 0.544887 0.876362
vt 0.552768 0.860895
vt 0.648603 0.892034
vt 0.600000 0.687500
vt 0.600000 0.312500
vt 0.656250 0.156250
vt 0.555483 0.156250
vt 0.552768 0.139105
vt 0.552768 0.860895
vt 0.555483 0.843750
vt 0.656250 0.843750
vt 0.544887 0.123638
vt 0.532612 0.111363
vt 0.591842 0.029841
vt 0.412500 0.312500
vt 0.412500 0.687500
vt 0.591841 0.970159
vt 0.532612 0.888637
vt 0.544887 0.876362
vt 0.587500 0.687500
vt 0.587500 0.312500
vt 0.648603 0.204534
vt 0.552768 0.173395
vt 0.555483 0.156250
vt 0.555483 0.843750
vt 0.552768 0.826605
vt 0.648603 0.795466
vt 0.532612 0.111363
vt 0.517145 0.103482
vt 0.548284 0.007647
vt 0.425000 0.312500
vt 0.425000 0.687500
vt 0.548284 0.992353
vt 0.517145 0.896518
vt 0.532612 0.888637
vt 0.575000 0.687500
vt 0.575000 0.312500
vt 0.626409 0.248091
vt 0.544887 0.188862
vt 0.552768 0.173395
vt 0.552768 0.826605
vt 0.544887 0.811138
vt 0.626409 0.751908
vt 0.562500 0.687500
vt 0.562500 0.312500
vt 0.591841 0.282659
vt 0.532612 0.201137
vt 0.544887 0.188862
vt 0.544887 0.811138
vt 0.532612 0.798863
vt 0.591842 0.717341
vt 0.550000 0.687500
vt 0.550000 0.312500
vt 0.548284 0.304853
vt 0.517145 0.209018
vt 0.532612 0.201137
vt 0.532612 0.798863
vt 0.517145 0.790982
vt 0.548284 0.695147
vt 0.387500 0.473201
vt 0.375000 0.473201
vt 0.375000 0.505525
vt 0.387500 0.505525
vt 0.387500 0.473201
vt 0.387500 0.505525
vt 0.400000 0.505525
vt 0.400000 0.473201
vt 0.625000 0.473201
vt 0.612500 0.473201
vt 0.612500 0.505525
vt 0.625000 0.505525
vt 0.612500 0.473201
vt 0.600000 0.473201
vt 0.600000 0.505525
vt 0.612500 0.505525
vt 0.412500 0.473201
vt 0.412500 0.505525
vt 0.425000 0.505525
vt 0.425000 0.473201
vt 0.600000 0.473201
vt 0.587500 0.473201
vt 0.587500 0.505525
vt 0.600000 0.505525
vt 0.587500 0.473201
vt 0.575000 0.473201
vt 0.575000 0.505525
vt 0.587500 0.505525
vt 0.550000 0.473201
vt 0.550000 0.505525
vt 0.562500 0.505525
vt 0.562500 0.473201
vt 0.517145 0.103482
vt 0.500000 0.100767
vt 0.500000 -0.000000
vt 0.500000 1.000000
vt 0.500000 0.899233
vt 0.517145 0.896518
vt 0.500000 0.312500
vt 0.500000 0.211733
vt 0.517145 0.209018
vt 0.517145 0.790982
vt 0.500000 0.788267
vt 0.500000 0.687500
vt 0.400000 0.473201
vt 0.400000 0.505525
vt 0.412500 0.505525
vt 0.412500 0.473201
vt 0.575000 0.473201
vt 0.562500 0.473201
vt 0.562500 0.505525
vt 0.575000 0.505525
vt 0.351397 0.892034
vt 0.343750 0.843750
vt 0.500000 0.843750
vt 0.375000 0.000000
vt 0.625000 0.000000
vt 0.625000 0.250000
vt 0.375000 0.250000
vt 0.388780 0.040276
vt 0.388780 0.227893
vt 0.611220 0.227893
vt 0.611220 0.040276
vt 0.375000 0.750000
vt 0.375000 0.500000
vt 0.625000 0.500000
vt 0.625000 0.750000
vt 0.388780 0.709724
vt 0.611220 0.709724
vt 0.611220 0.522107
vt 0.388780 0.522107
vt 0.125000 0.250000
vt 0.125000 0.000000
vt 0.375000 1.000000
vt 0.625000 1.000000
vt 0.375000 0.271853
vt 0.375000 0.421000
vt 0.625000 0.421000
vt 0.625000 0.271853
vt 0.646853 0.250000
vt 0.796000 0.250000
vt 0.796000 0.000000
vt 0.646853 0.000000
vt 0.353147 0.000000
vt 0.204000 0.000000
vt 0.204000 0.250000
vt 0.353147 0.250000
vt 0.375000 0.978147
vt 0.625000 0.978147
vt 0.625000 0.829000
vt 0.375000 0.829000
vt 0.375000 0.312500
vt 0.387500 0.312500
vt 0.387500 0.687500
vt 0.375000 0.687500
vt 0.400000 0.312500
vt 0.400000 0.687500
vt 0.412500 0.312500
vt 0.412500 0.687500
vt 0.425000 0.312500
vt 0.425000 0.687500
vt 0.437500 0.312500
vt 0.437500 0.687500
vt 0.450000 0.312500
vt 0.450000 0.687500
vt 0.462500 0.312500
vt 0.462500 0.687500
vt 0.475000 0.312500
vt 0.475000 0.687500
vt 0.487500 0.312500
vt 0.487500 0.687500
vt 0.575000 0.312500
vt 0.587500 0.312500
vt 0.587500 0.687500
vt 0.575000 0.687500
vt 0.600000 0.312500
vt 0.600000 0.687500
vt 0.612500 0.312500
vt 0.612500 0.687500
vt 0.625000 0.312500
vt 0.625000 0.687500
vt 0.626409 0.064408
vt 0.648603 0.107966
vt 0.500000 0.156250
vt 0.591842 0.029841
vt 0.548284 0.007647
vt 0.500000 -0.000000
vt 0.451716 0.007647
vt 0.408159 0.029841
vt 0.373591 0.064409
vt 0.351397 0.107966
vt 0.343750 0.156250
vt 0.351397 0.204534
vt 0.648603 0.204534
vt 0.626409 0.248091
vt 0.656250 0.156250
vt 0.648603 0.892034
vt 0.626409 0.935591
vt 0.500000 0.843750
vt 0.591841 0.970159
vt 0.548284 0.992353
vt 0.500000 1.000000
vt 0.451716 0.992353
vt 0.408159 0.970159
vt 0.373591 0.935591
vt 0.351397 0.892034
vt 0.343750 0.843750
vt 0.351397 0.795466
vt 0.591842 0.717341
vt 0.626409 0.751908
vt 0.648603 0.795466
vt 0.656250 0.843750
vt 0.626409 0.064408
vt 0.648603 0.107966
vt 0.492458 0.112518
vt 0.591842 0.029841
vt 0.537467 -0.037109
vt 0.489027 -0.043694
vt 0.440923 -0.034988
vt 0.408159 0.029841
vt 0.373591 0.064409
vt 0.351397 0.107966
vt 0.343750 0.156250
vt 0.351397 0.204534
vt 0.373591 0.248091
vt 0.408159 0.282659
vt 0.447450 0.262146
vt 0.495890 0.268731
vt 0.543994 0.260025
vt 0.591841 0.282659
vt 0.626409 0.248091
vt 0.648603 0.204534
vt 0.656250 0.156250
vt 0.500000 0.843750
vt 0.500000 1.000000
vt 0.451716 0.992353
vt 0.451716 0.695147
vt 0.500000 0.687500
vt 0.548284 0.695147
vt 0.375000 0.000000
vt 0.625000 0.000000
vt 0.625000 0.250000
vt 0.375000 0.250000
vt 0.625000 0.500000
vt 0.375000 0.500000
vt 0.375000 0.750000
vt 0.625000 0.750000
vt 0.625000 1.000000
vt 0.375000 1.000000
vt 0.125000 0.000000
vt 0.125000 0.250000
vt 0.375000 0.000000
vt 0.625000 0.000000
vt 0.625000 0.250000
vt 0.375000 0.250000
vt 0.625000 0.500000
vt 0.375000 0.500000
vt 0.375000 0.750000
vt 0.625000 0.750000
vt 0.625000 1.000000
vt 0.375000 1.000000
vt 0.875000 0.000000
vt 0.875000 0.250000
vt 0.395833 0.750000
vt 0.604167 0.750000
vt 0.187500 0.250000
vt 0.187500 0.000000
vt 0.604167 0.500000
vt 0.395833 0.500000
vt 0.583333 0.500000
vt 0.416667 0.500000
vt 0.250000 0.250000
vt 0.250000 0.000000
vt 0.416667 0.750000
vt 0.583333 0.750000
vt 0.562500 0.500000
vt 0.437500 0.500000
vt 0.312500 0.250000
vt 0.312500 0.000000
vt 0.437500 0.750000
vt 0.562500 0.750000
vt 0.541667 0.500000
vt 0.458333 0.500000
vt 0.375000 0.250000
vt 0.375000 0.000000
vt 0.458333 0.750000
vt 0.541667 0.750000
vt 0.520833 0.500000
vt 0.479167 0.500000
vt 0.437500 0.250000
vt 0.437500 0.000000
vt 0.479167 0.750000
vt 0.520833 0.750000
vt 0.500000 0.500000
vt 0.500000 0.500000
vt 0.500000 0.250000
vt 0.500000 0.000000
vt 0.500000 0.750000
vt 0.500000 0.750000
vt 0.479167 0.500000
vt 0.520833 0.500000
vt 0.562500 0.250000
vt 0.562500 0.000000
vt 0.520833 0.750000
vt 0.479167 0.750000
vt 0.458333 0.500000
vt 0.541667 0.500000
vt 0.625000 0.250000
vt 0.625000 0.000000
vt 0.541667 0.750000
vt 0.458333 0.750000
vt 0.437500 0.500000
vt 0.562500 0.500000
vt 0.687500 0.250000
vt 0.687500 0.000000
vt 0.562500 0.750000
vt 0.437500 0.750000
vt 0.416667 0.500000
vt 0.583333 0.500000
vt 0.750000 0.250000
vt 0.750000 0.000000
vt 0.583333 0.750000
vt 0.416667 0.750000
vt 0.395833 0.500000
vt 0.604167 0.500000
vt 0.812500 0.250000
vt 0.812500 0.000000
vt 0.604167 0.750000
vt 0.395833 0.750000
vt 0.462500 0.312500
vt 0.475000 0.312500
vt 0.475000 0.687500
vt 0.462500 0.687500
vt 0.487500 0.312500
vt 0.487500 0.687500
vt 0.500000 0.312500
vt 0.500000 0.687500
vt 0.512500 0.312500
vt 0.512500 0.687500
vt 0.525000 0.312500
vt 0.525000 0.687500
vt 0.537500 0.312500
vt 0.537500 0.687500
vt 0.550000 0.312500
vt 0.550000 0.687500
vt 0.562500 0.312500
vt 0.562500 0.687500
vt 0.575000 0.312500
vt 0.575000 0.687500
vt 0.351397 0.107966
vt 0.373591 0.064409
vt 0.500000 0.156250
vt 0.343750 0.156250
vt 0.351397 0.204534
vt 0.373591 0.248091
vt 0.408159 0.282659
vt 0.451716 0.304853
vt 0.500000 0.312500
vt 0.548284 0.304853
vt 0.591841 0.282659
vt 0.626409 0.248091
vt 0.373591 0.935591
vt 0.351397 0.892034
vt 0.500000 0.843750
vt 0.343750 0.843750
vt 0.351397 0.795466
vt 0.373591 0.751909
vt 0.408159 0.717341
vt 0.451716 0.695147
vt 0.500000 0.687500
vt 0.548284 0.695147
vt 0.591842 0.717341
vt 0.626409 0.751908
vt 0.648603 0.795466
vt 0.375000 0.000000
vt 0.375000 0.250000
vt 0.625000 0.250000
vt 0.625000 0.000000
vt 0.375000 0.500000
vt 0.625000 0.500000
vt 0.375000 0.750000
vt 0.375000 1.000000
vt 0.625000 1.000000
vt 0.625000 0.750000
vt 0.125000 0.000000
vt 0.125000 0.250000
vt 0.375000 0.000000
vt 0.375000 0.250000
vt 0.625000 0.250000
vt 0.625000 0.000000
vt 0.375000 0.500000
vt 0.625000 0.500000
vt 0.375000 0.750000
vt 0.375000 1.000000
vt 0.625000 1.000000
vt 0.625000 0.750000
vt 0.875000 0.250000
vt 0.875000 0.000000
vt 0.395833 0.500000
vt 0.604167 0.500000
vt 0.187500 0.000000
vt 0.187500 0.250000
vt 0.604167 0.750000
vt 0.395833 0.750000
vt 0.583333 0.750000
vt 0.416667 0.750000
vt 0.250000 0.000000
vt 0.250000 0.250000
vt 0.416667 0.500000
vt 0.583333 0.500000
vt 0.562500 0.750000
vt 0.437500 0.750000
vt 0.312500 0.000000
vt 0.312500 0.250000
vt 0.437500 0.500000
vt 0.562500 0.500000
vt 0.541667 0.750000
vt 0.458333 0.750000
vt 0.375000 0.000000
vt 0.375000 0.250000
vt 0.458333 0.500000
vt 0.541667 0.500000
vt 0.520833 0.750000
vt 0.479167 0.750000
vt 0.437500 0.000000
vt 0.437500 0.250000
vt 0.479167 0.500000
vt 0.520833 0.500000
vt 0.500000 0.750000
vt 0.500000 0.750000
vt 0.500000 0.000000
vt 0.500000 0.250000
vt 0.500000 0.500000
vt 0.500000 0.500000
vt 0.479167 0.750000
vt 0.520833 0.750000
vt 0.562500 0.000000
vt 0.562500 0.250000
vt 0.520833 0.500000
vt 0.479167 0.500000
vt 0.458333 0.750000
vt 0.541667 0.750000
vt 0.625000 0.000000
vt 0.625000 0.250000
vt 0.541667 0.500000
vt 0.458333 0.500000
vt 0.437500 0.750000
vt 0.562500 0.750000
vt 0.687500 0.000000
vt 0.687500 0.250000
vt 0.562500 0.500000
vt 0.437500 0.500000
vt 0.416667 0.750000
vt 0.583333 0.750000
vt 0.750000 0.000000
vt 0.750000 0.250000
vt 0.583333 0.500000
vt 0.416667 0.500000
vt 0.395833 0.750000
vt 0.604167 0.750000
vt 0.812500 0.000000
vt 0.812500 0.250000
vt 0.604167 0.500000
vt 0.395833 0.500000
vt 0.375000 0.312500
vt 0.387500 0.312500
vt 0.387500 0.687500
vt 0.375000 0.687500
vt 0.400000 0.312500
vt 0.400000 0.687500
vt 0.412500 0.312500
vt 0.412500 0.687500
vt 0.425000 0.312500
vt 0.425000 0.687500
vt 0.437500 0.312500
vt 0.437500 0.687500
vt 0.450000 0.312500
vt 0.450000 0.687500
vt 0.462500 0.312500
vt 0.462500 0.687500
vt 0.475000 0.312500
vt 0.475000 0.687500
vt 0.487500 0.312500
vt 0.487500 0.687500
vt 0.500000 0.312500
vt 0.500000 0.687500
vt 0.512500 0.312500
vt 0.512500 0.687500
vt 0.575000 0.312500
vt 0.587500 0.312500
vt 0.587500 0.687500
vt 0.575000 0.687500
vt 0.600000 0.312500
vt 0.600000 0.687500
vt 0.612500 0.312500
vt 0.612500 0.687500
vt 0.625000 0.312500
vt 0.625000 0.687500
vt 0.626409 0.064408
vt 0.648603 0.107966
vt 0.500000 0.156250
vt 0.591842 0.029841
vt 0.548284 0.007647
vt 0.500000 -0.000000
vt 0.451716 0.007647
vt 0.408159 0.029841
vt 0.373591 0.064409
vt 0.351397 0.107966
vt 0.343750 0.156250
vt 0.351397 0.204534
vt 0.373591 0.248091
vt 0.626409 0.248091
vt 0.591841 0.282659
vt 0.648603 0.204534
vt 0.656250 0.156250
vt 0.648603 0.892034
vt 0.626409 0.935591
vt 0.500000 0.843750
vt 0.591841 0.970159
vt 0.548284 0.992353
vt 0.500000 1.000000
vt 0.451716 0.992353
vt 0.408159 0.970159
vt 0.373591 0.935591
vt 0.351397 0.892034
vt 0.343750 0.843750
vt 0.351397 0.795466
vt 0.373591 0.751909
vt 0.591842 0.717341
vt 0.626409 0.751908
vt 0.648603 0.795466
vt 0.656250 0.843750
vt 0.375000 0.000000
vt 0.625000 0.000000
vt 0.625000 0.250000
vt 0.375000 0.250000
vt 0.625000 0.500000
vt 0.375000 0.500000
vt 0.375000 0.750000
vt 0.625000 0.750000
vt 0.625000 1.000000
vt 0.375000 1.000000
vt 0.875000 0.000000
vt 0.875000 0.250000
vt 0.125000 0.000000
vt 0.125000 0.250000
vt 0.375000 0.000000
vt 0.625000 0.000000
vt 0.625000 0.250000
vt 0.375000 0.250000
vt 0.625000 0.500000
vt 0.375000 0.500000
vt 0.375000 0.750000
vt 0.625000 0.750000
vt 0.625000 1.000000
vt 0.375000 1.000000
vt 0.875000 0.000000
vt 0.875000 0.250000
vt 0.125000 0.000000
vt 0.125000 0.250000
vt 0.604167 0.500000
vt 0.395833 0.500000
vt 0.812500 0.000000
vt 0.812500 0.250000
vt 0.395833 0.750000
vt 0.604167 0.750000
vt 0.416667 0.750000
vt 0.583333 0.750000
vt 0.750000 0.000000
vt 0.750000 0.250000
vt 0.583333 0.500000
vt 0.416667 0.500000
vt 0.437500 0.750000
vt 0.562500 0.750000
vt 0.687500 0.000000
vt 0.687500 0.250000
vt 0.562500 0.500000
vt 0.437500 0.500000
vt 0.458333 0.750000
vt 0.541667 0.750000
vt 0.625000 0.000000
vt 0.625000 0.250000
vt 0.541667 0.500000
vt 0.458333 0.500000
vt 0.479167 0.750000
vt 0.520833 0.750000
vt 0.562500 0.000000
vt 0.562500 0.250000
vt 0.520833 0.500000
vt 0.479167 0.500000
vt 0.500000 0.750000
vt 0.500000 0.750000
vt 0.500000 0.000000
vt 0.500000 0.250000
vt 0.500000 0.500000
vt 0.500000 0.500000
vt 0.520833 0.750000
vt 0.479167 0.750000
vt 0.437500 0.000000
vt 0.437500 0.250000
vt 0.479167 0.500000
vt 0.520833 0.500000
vt 0.541667 0.750000
vt 0.458333 0.750000
vt 0.375000 0.000000
vt 0.375000 0.250000
vt 0.458333 0.500000
vt 0.541667 0.500000
vt 0.562500 0.750000
vt 0.437500 0.750000
vt 0.312500 0.000000
vt 0.312500 0.250000
vt 0.437500 0.500000
vt 0.562500 0.500000
vt 0.583333 0.750000
vt 0.416667 0.750000
vt 0.250000 0.000000
vt 0.250000 0.250000
vt 0.416667 0.500000
vt 0.583333 0.500000
vt 0.604167 0.750000
vt 0.395833 0.750000
vt 0.187500 0.000000
vt 0.187500 0.250000
vt 0.395833 0.500000
vt 0.604167 0.500000
vt 0.375000 0.312500
vt 0.387500 0.312500
vt 0.387500 0.687500
vt 0.375000 0.687500
vt 0.400000 0.312500
vt 0.400000 0.687500
vt 0.412500 0.312500
vt 0.412500 0.687500
vt 0.425000 0.312500
vt 0.425000 0.687500
vt 0.437500 0.312500
vt 0.437500 0.687500
vt 0.450000 0.312500
vt 0.450000 0.687500
vt 0.462500 0.312500
vt 0.462500 0.687500
vt 0.475000 0.312500
vt 0.475000 0.687500
vt 0.600000 0.312500
vt 0.612500 0.312500
vt 0.612500 0.687500
vt 0.600000 0.687500
vt 0.625000 0.312500
vt 0.625000 0.687500
vt 0.626409 0.064408
vt 0.648603 0.107966
vt 0.500000 0.156250
vt 0.591842 0.029841
vt 0.548284 0.007647
vt 0.500000 -0.000000
vt 0.451716 0.007647
vt 0.408159 0.029841
vt 0.656250 0.156250
vt 0.648603 0.204534
vt 0.648603 0.892034
vt 0.626409 0.935591
vt 0.500000 0.843750
vt 0.591841 0.970159
vt 0.548284 0.992353
vt 0.500000 1.000000
vt 0.451716 0.992353
vt 0.408159 0.970159
vt 0.648603 0.795466
vt 0.656250 0.843750
vt 0.375000 0.000000
vt 0.625000 0.000000
vt 0.625000 0.250000
vt 0.375000 0.250000
vt 0.625000 0.500000
vt 0.375000 0.500000
vt 0.375000 0.750000
vt 0.625000 0.750000
vt 0.625000 1.000000
vt 0.375000 1.000000
vt 0.125000 0.000000
vt 0.125000 0.250000
vt 0.375000 0.000000
vt 0.625000 0.000000
vt 0.625000 0.250000
vt 0.375000 0.250000
vt 0.625000 0.500000
vt 0.375000 0.500000
vt 0.375000 0.750000
vt 0.625000 0.750000
vt 0.625000 1.000000
vt 0.375000 1.000000
vt 0.875000 0.000000
vt 0.875000 0.250000
vt 0.395833 0.750000
vt 0.604167 0.750000
vt 0.187500 0.250000
vt 0.187500 0.000000
vt 0.604167 0.500000
vt 0.395833 0.500000
vt 0.583333 0.500000
vt 0.416667 0.500000
vt 0.250000 0.250000
vt 0.250000 0.000000
vt 0.416667 0.750000
vt 0.583333 0.750000
vt 0.562500 0.500000
vt 0.437500 0.500000
vt 0.312500 0.250000
vt 0.312500 0.000000
vt 0.437500 0.750000
vt 0.562500 0.750000
vt 0.541667 0.500000
vt 0.458333 0.500000
vt 0.375000 0.250000
vt 0.375000 0.000000
vt 0.458333 0.750000
vt 0.541667 0.750000
vt 0.520833 0.500000
vt 0.479167 0.500000
vt 0.437500 0.250000
vt 0.437500 0.000000
vt 0.479167 0.750000
vt 0.520833 0.750000
vt 0.500000 0.500000
vt 0.500000 0.500000
vt 0.500000 0.250000
vt 0.500000 0.000000
vt 0.500000 0.750000
vt 0.500000 0.750000
vt 0.479167 0.500000
vt 0.520833 0.500000
vt 0.562500 0.250000
vt 0.562500 0.000000
vt 0.520833 0.750000
vt 0.479167 0.750000
vt 0.458333 0.500000
vt 0.541667 0.500000
vt 0.625000 0.250000
vt 0.625000 0.000000
vt 0.541667 0.750000
vt 0.458333 0.750000
vt 0.437500 0.500000
vt 0.562500 0.500000
vt 0.687500 0.250000
vt 0.687500 0.000000
vt 0.562500 0.750000
vt 0.437500 0.750000
vt 0.416667 0.500000
vt 0.583333 0.500000
vt 0.750000 0.250000
vt 0.750000 0.000000
vt 0.583333 0.750000
vt 0.416667 0.750000
vt 0.395833 0.500000
vt 0.604167 0.500000
vt 0.812500 0.250000
vt 0.812500 0.000000
vt 0.604167 0.750000
vt 0.395833 0.750000
vt 0.375000 0.312500
vt 0.387500 0.312500
vt 0.387500 0.687500
vt 0.375000 0.687500
vt 0.400000 0.312500
vt 0.400000 0.687500
vt 0.412500 0.312500
vt 0.412500 0.687500
vt 0.425000 0.312500
vt 0.425000 0.687500
vt 0.437500 0.312500
vt 0.437500 0.687500
vt 0.450000 0.312500
vt 0.450000 0.687500
vt 0.462500 0.312500
vt 0.462500 0.687500
vt 0.600000 0.312500
vt 0.612500 0.312500
vt 0.612500 0.687500
vt 0.600000 0.687500
vt 0.625000 0.312500
vt 0.625000 0.687500
vt 0.626409 0.064408
vt 0.648603 0.107966
vt 0.500000 0.156250
vt 0.591842 0.029841
vt 0.548284 0.007647
vt 0.500000 -0.000000
vt 0.451716 0.007647
vt 0.408159 0.029841
vt 0.656250 0.156250
vt 0.648603 0.204534
vt 0.648603 0.892034
vt 0.626409 0.935591
vt 0.500000 0.843750
vt 0.591841 0.970159
vt 0.548284 0.992353
vt 0.500000 1.000000
vt 0.451716 0.992353
vt 0.408159 0.970159
vt 0.648603 0.795466
vt 0.656250 0.843750
vt 0.425000 0.687500
vt 0.425000 0.312500
vt 0.437500 0.312500
vt 0.437500 0.687500
vt 0.500000 -0.000000
vt 0.500000 0.100767
vt 0.482855 0.103482
vt 0.451716 0.007647
vt 0.450000 0.312500
vt 0.450000 0.687500
vt 0.500000 1.000000
vt 0.451716 0.992353
vt 0.482855 0.896518
vt 0.500000 0.899233
vt 0.482855 0.103482
vt 0.467387 0.111363
vt 0.408159 0.029841
vt 0.462500 0.312500
vt 0.462500 0.687500
vt 0.408159 0.970159
vt 0.467387 0.888637
vt 0.482855 0.896518
vt 0.550000 0.687500
vt 0.537500 0.687500
vt 0.537500 0.312500
vt 0.550000 0.312500
vt 0.467387 0.111363
vt 0.455113 0.123638
vt 0.373591 0.064409
vt 0.475000 0.312500
vt 0.475000 0.687500
vt 0.373591 0.935591
vt 0.455113 0.876362
vt 0.467387 0.888637
vt 0.525000 0.687500
vt 0.525000 0.312500
vt 0.500000 0.312500
vt 0.451716 0.304853
vt 0.482855 0.209018
vt 0.500000 0.211733
vt 0.500000 0.687500
vt 0.500000 0.788267
vt 0.482855 0.790982
vt 0.451716 0.695147
vt 0.455113 0.123638
vt 0.447232 0.139105
vt 0.351397 0.107966
vt 0.487500 0.312500
vt 0.487500 0.687500
vt 0.351397 0.892034
vt 0.447232 0.860895
vt 0.455113 0.876362
vt 0.512500 0.687500
vt 0.512500 0.312500
vt 0.408159 0.282659
vt 0.467387 0.201137
vt 0.482855 0.209018
vt 0.482855 0.790982
vt 0.467387 0.798863
vt 0.408159 0.717341
vt 0.447232 0.139105
vt 0.444516 0.156250
vt 0.343750 0.156250
vt 0.500000 0.312500
vt 0.500000 0.687500
vt 0.343750 0.843750
vt 0.444516 0.843750
vt 0.447232 0.860895
vt 0.373591 0.248091
vt 0.455113 0.188862
vt 0.467387 0.201137
vt 0.467387 0.798863
vt 0.455113 0.811138
vt 0.373591 0.751909
vt 0.444516 0.156250
vt 0.447232 0.173395
vt 0.351397 0.204534
vt 0.351397 0.795466
vt 0.447232 0.826605
vt 0.444516 0.843750
vt 0.447232 0.173395
vt 0.455113 0.188862
vt 0.455113 0.811138
vt 0.447232 0.826605
vt 0.425000 0.473201
vt 0.425000 0.505525
vt 0.437500 0.505525
vt 0.437500 0.473201
vt 0.437500 0.473201
vt 0.437500 0.505525
vt 0.450000 0.505525
vt 0.450000 0.473201
vt 0.450000 0.473201
vt 0.450000 0.505525
vt 0.462500 0.505525
vt 0.462500 0.473201
vt 0.462500 0.473201
vt 0.462500 0.505525
vt 0.475000 0.505525
vt 0.475000 0.473201
vt 0.550000 0.473201
vt 0.537500 0.473201
vt 0.537500 0.505525
vt 0.550000 0.505525
vt 0.475000 0.473201
vt 0.475000 0.505525
vt 0.487500 0.505525
vt 0.487500 0.473201
vt 0.537500 0.473201
vt 0.525000 0.473201
vt 0.525000 0.505525
vt 0.537500 0.505525
vt 0.487500 0.473201
vt 0.487500 0.505525
vt 0.500000 0.505525
vt 0.500000 0.473201
vt 0.525000 0.473201
vt 0.512500 0.473201
vt 0.512500 0.505525
vt 0.525000 0.505525
vt 0.512500 0.473201
vt 0.500000 0.473201
vt 0.500000 0.505525
vt 0.512500 0.505525
vt 0.373591 0.935591
vt 0.351397 0.892034
vt 0.500000 0.843750
vt 0.375000 0.312500
vt 0.387500 0.312500
vt 0.387500 0.687500
vt 0.375000 0.687500
vt 0.400000 0.312500
vt 0.400000 0.687500
vt 0.412500 0.312500
vt 0.412500 0.687500
vt 0.425000 0.312500
vt 0.425000 0.687500
vt 0.437500 0.312500
vt 0.437500 0.687500
vt 0.450000 0.312500
vt 0.450000 0.687500
vt 0.462500 0.312500
vt 0.462500 0.687500
vt 0.475000 0.312500
vt 0.475000 0.687500
vt 0.487500 0.312500
vt 0.487500 0.687500
vt 0.575000 0.312500
vt 0.587500 0.312500
vt 0.587500 0.687500
vt 0.575000 0.687500
vt 0.600000 0.312500
vt 0.600000 0.687500
vt 0.612500 0.312500
vt 0.612500 0.687500
vt 0.625000 0.312500
vt 0.625000 0.687500
vt 0.626409 0.064408
vt 0.648603 0.107966
vt 0.500000 0.156250
vt 0.591842 0.029841
vt 0.548284 0.007647
vt 0.500000 -0.000000
vt 0.451716 0.007647
vt 0.408159 0.029841
vt 0.373591 0.064409
vt 0.351397 0.107966
vt 0.343750 0.156250
vt 0.351397 0.204534
vt 0.648603 0.204534
vt 0.626409 0.248091
vt 0.656250 0.156250
vt 0.648603 0.892034
vt 0.626409 0.935591
vt 0.500000 0.843750
vt 0.591841 0.970159
vt 0.548284 0.992353
vt 0.500000 1.000000
vt 0.451716 0.992353
vt 0.408159 0.970159
vt 0.373591 0.935591
vt 0.351397 0.892034
vt 0.343750 0.843750
vt 0.351397 0.795466
vt 0.591842 0.717341
vt 0.626409 0.751908
vt 0.648603 0.795466
vt 0.656250 0.843750
vt 0.375000 0.312500
vt 0.387500 0.312500
vt 0.387500 0.687500
vt 0.375000 0.687500
vt 0.400000 0.312500
vt 0.400000 0.687500
vt 0.412500 0.312500
vt 0.412500 0.687500
vt 0.425000 0.312500
vt 0.425000 0.687500
vt 0.437500 0.312500
vt 0.437500 0.687500
vt 0.450000 0.312500
vt 0.450000 0.687500
vt 0.462500 0.312500
vt 0.462500 0.687500
vt 0.475000 0.312500
vt 0.475000 0.687500
vt 0.487500 0.312500
vt 0.487500 0.687500
vt 0.500000 0.312500
vt 0.500000 0.687500
vt 0.512500 0.312500
vt 0.512500 0.687500
vt 0.525000 0.312500
vt 0.525000 0.687500
vt 0.537500 0.312500
vt 0.537500 0.687500
vt 0.550000 0.312500
vt 0.550000 0.687500
vt 0.562500 0.312500
vt 0.562500 0.687500
vt 0.575000 0.312500
vt 0.575000 0.687500
vt 0.587500 0.312500
vt 0.587500 0.687500
vt 0.600000 0.312500
vt 0.600000 0.687500
vt 0.612500 0.312500
vt 0.612500 0.687500
vt 0.625000 0.312500
vt 0.625000 0.687500
vt 0.626409 0.064408
vt 0.648603 0.107966
vt 0.500000 0.156250
vt 0.591842 0.029841
vt 0.548284 0.007647
vt 0.500000 -0.000000
vt 0.451716 0.007647
vt 0.408159 0.029841
vt 0.373591 0.064409
vt 0.351397 0.107966
vt 0.343750 0.156250
vt 0.351397 0.204534
vt 0.373591 0.248091
vt 0.408159 0.282659
vt 0.451716 0.304853
vt 0.500000 0.312500
vt 0.548284 0.304853
vt 0.591841 0.282659
vt 0.626409 0.248091
vt 0.648603 0.204534
vt 0.656250 0.156250
vt 0.648603 0.892034
vt 0.626409 0.935591
vt 0.500000 0.843750
vt 0.591841 0.970159
vt 0.548284 0.992353
vt 0.500000 1.000000
vt 0.451716 0.992353
vt 0.408159 0.970159
vt 0.373591 0.935591
vt 0.351397 0.892034
vt 0.343750 0.843750
vt 0.351397 0.795466
vt 0.373591 0.751909
vt 0.408159 0.717341
vt 0.451716 0.695147
vt 0.500000 0.687500
vt 0.548284 0.695147
vt 0.591842 0.717341
vt 0.626409 0.751908
vt 0.648603 0.795466
vt 0.656250 0.843750
vt 0.375000 0.000000
vt 0.625000 0.000000
vt 0.625000 0.250000
vt 0.375000 0.250000
vt 0.625000 0.500000
vt 0.375000 0.500000
vt 0.625000 0.750000
vt 0.375000 0.750000
vt 0.625000 1.000000
vt 0.375000 1.000000
vt 0.875000 0.000000
vt 0.875000 0.250000
vt 0.125000 0.000000
vt 0.125000 0.250000
vt 0.375000 0.312500
vt 0.387500 0.312500
vt 0.387500 0.687500
vt 0.375000 0.687500
vt 0.400000 0.312500
vt 0.400000 0.687500
vt 0.412500 0.312500
vt 0.412500 0.687500
vt 0.425000 0.312500
vt 0.425000 0.687500
vt 0.437500 0.312500
vt 0.437500 0.687500
vt 0.600000 0.312500
vt 0.612500 0.312500
vt 0.612500 0.687500
vt 0.600000 0.687500
vt 0.625000 0.312500
vt 0.625000 0.687500
vt 0.626409 0.064408
vt 0.648603 0.107966
vt 0.500000 0.156250
vt 0.591842 0.029841
vt 0.548284 0.007647
vt 0.500000 -0.000000
vt 0.451716 0.007647
vt 0.408159 0.029841
vt 0.656250 0.156250
vt 0.648603 0.204534
vt 0.648603 0.892034
vt 0.626409 0.935591
vt 0.500000 0.843750
vt 0.591841 0.970159
vt 0.548284 0.992353
vt 0.500000 1.000000
vt 0.451716 0.992353
vt 0.408159 0.970159
vt 0.648603 0.795466
vt 0.656250 0.843750
vt 0.375000 0.000000
vt 0.625000 0.000000
vt 0.625000 0.250000
vt 0.375000 0.250000
vt 0.625000 0.500000
vt 0.375000 0.500000
vt 0.625000 0.750000
vt 0.375000 0.750000
vt 0.625000 1.000000
vt 0.375000 1.000000
vt 0.875000 0.000000
vt 0.875000 0.250000
vt 0.125000 0.000000
vt 0.125000 0.250000
vt 0.375000 0.000000
vt 0.625000 0.000000
vt 0.625000 0.250000
vt 0.375000 0.250000
vt 0.625000 0.500000
vt 0.375000 0.500000
vt 0.625000 0.750000
vt 0.375000 0.750000
vt 0.625000 1.000000
vt 0.375000 1.000000
vt 0.875000 0.000000
vt 0.875000 0.250000
vt 0.125000 0.000000
vt 0.125000 0.250000
vt 0.912092 0.000000
vt 0.622233 0.000000
vt 0.622233 1.000000
vt 0.912092 1.000000
vt 0.480474 0.000000
vt 0.480474 1.000000
vt 0.400000 0.312500
vt 0.412500 0.312500
vt 0.412500 0.687500
vt 0.400000 0.687500
vt 0.425000 0.312500
vt 0.425000 0.687500
vt 1.023244 0.000000
vt 0.903544 0.000000
vt 0.903544 1.000000
vt 1.023244 1.000000
vt 0.069828 0.000000
vt 0.069828 1.000000
vt -0.029761 0.000000
vt -0.029761 1.000000
vt 0.462500 0.312500
vt 0.475000 0.312500
vt 0.475000 0.687500
vt 0.462500 0.687500
vt 0.487500 0.312500
vt 0.487500 0.687500
vt 0.575000 0.312500
vt 0.587500 0.312500
vt 0.587500 0.687500
vt 0.575000 0.687500
vt 1.605841 0.000000
vt 1.480441 0.000000
vt 1.480441 1.000000
vt 1.605841 1.000000
vt 1.281469 0.000000
vt 1.281469 1.000000
vt 0.626409 0.064408
vt 0.648603 0.107966
vt 0.500000 0.156250
vt 0.591842 0.029841
vt 0.548284 0.007647
vt 0.500000 -0.000000
vt 0.451716 0.007647
vt 0.408159 0.029841
vt 0.373591 0.064409
vt 0.351397 0.107966
vt 0.343750 0.156250
vt 0.351397 0.204534
vt 0.373591 0.248091
vt 0.626409 0.248091
vt 0.591841 0.282659
vt 0.648603 0.204534
vt 0.656250 0.156250
vt 0.648603 0.892034
vt 0.626409 0.935591
vt 0.500000 0.843750
vt 0.591841 0.970159
vt 0.548284 0.992353
vt 0.500000 1.000000
vt 0.451716 0.992353
vt 0.408159 0.970159
vt 0.373591 0.935591
vt 0.351397 0.892034
vt 0.343750 0.843750
vt 0.351397 0.795466
vt 0.373591 0.751909
vt 0.591842 0.717341
vt 0.626409 0.751908
vt 0.648603 0.795466
vt 0.656250 0.843750
vt 0.351397 0.892034
vt 0.343750 0.843750
vt 0.500000 0.843750
vt 0.375000 0.000000
vt 0.625000 0.000000
vt 0.625000 0.250000
vt 0.375000 0.250000
vt 0.625000 0.500000
vt 0.375000 0.500000
vt 0.625000 0.750000
vt 0.375000 0.750000
vt 0.625000 1.000000
vt 0.375000 1.000000
vt 0.875000 0.000000
vt 0.875000 0.250000
vt 0.125000 0.000000
vt 0.125000 0.250000
vt 0.373591 0.935591
vt 0.351397 0.892034
vt 0.500000 0.843750
vt 0.375000 0.000000
vt 0.625000 0.000000
vt 0.625000 0.250000
vt 0.375000 0.250000
vt 0.375000 1.000000
vt 0.375000 0.750000
vt 0.625000 0.750000
vt 0.625000 1.000000
vt 0.625000 0.500000
vt 0.375000 0.500000
vt 0.411551 0.250000
vt 0.572276 0.250000
vt 0.572276 0.000000
vt 0.411551 0.000000
vt 0.411551 0.750000
vt 0.411551 1.000000
vt 0.572276 1.000000
vt 0.572276 0.750000
vt 0.411551 0.500000
vt 0.572276 0.500000
vt 0.125000 0.250000
vt 0.125000 0.000000
vt 0.130968 0.031328
vt 0.130968 0.229498
vt 0.356822 0.229498
vt 0.356822 0.031328
vt 0.875000 0.000000
vt 0.875000 0.250000
vt 0.869032 0.031328
vt 0.643178 0.031328
vt 0.643178 0.229498
vt 0.869032 0.229498
vt 0.375000 0.000000
vt 0.625000 0.000000
vt 0.625000 0.250000
vt 0.375000 0.250000
vt 0.625000 0.500000
vt 0.375000 0.500000
vt 0.625000 0.750000
vt 0.375000 0.750000
vt 0.625000 1.000000
vt 0.375000 1.000000
vt 0.875000 0.000000
vt 0.875000 0.250000
vt 0.125000 0.000000
vt 0.125000 0.250000
vt 0.375000 0.000000
vt 0.375000 0.250000
vt 0.625000 0.250000
vt 0.625000 0.000000
vt 0.375000 0.500000
vt 0.625000 0.500000
vt 0.375000 0.750000
vt 0.375000 1.000000
vt 0.625000 1.000000
vt 0.625000 0.750000
vt 0.125000 0.000000
vt 0.125000 0.250000
vt 0.375000 0.000000
vt 0.375000 0.250000
vt 0.625000 0.250000
vt 0.625000 0.000000
vt 0.375000 0.500000
vt 0.625000 0.500000
vt 0.375000 0.750000
vt 0.375000 1.000000
vt 0.625000 1.000000
vt 0.625000 0.750000
vt 0.875000 0.250000
vt 0.875000 0.000000
vt 0.395833 0.500000
vt 0.604167 0.500000
vt 0.187500 0.000000
vt 0.187500 0.250000
vt 0.604167 0.750000
vt 0.395833 0.750000
vt 0.583333 0.750000
vt 0.416667 0.750000
vt 0.250000 0.000000
vt 0.250000 0.250000
vt 0.416667 0.500000
vt 0.583333 0.500000
vt 0.562500 0.750000
vt 0.437500 0.750000
vt 0.312500 0.000000
vt 0.312500 0.250000
vt 0.437500 0.500000
vt 0.562500 0.500000
vt 0.541667 0.750000
vt 0.458333 0.750000
vt 0.375000 0.000000
vt 0.375000 0.250000
vt 0.458333 0.500000
vt 0.541667 0.500000
vt 0.520833 0.750000
vt 0.479167 0.750000
vt 0.437500 0.000000
vt 0.437500 0.250000
vt 0.479167 0.500000
vt 0.520833 0.500000
vt 0.500000 0.750000
vt 0.500000 0.750000
vt 0.500000 0.000000
vt 0.500000 0.250000
vt 0.500000 0.500000
vt 0.500000 0.500000
vt 0.479167 0.750000
vt 0.520833 0.750000
vt 0.562500 0.000000
vt 0.562500 0.250000
vt 0.520833 0.500000
vt 0.479167 0.500000
vt 0.458333 0.750000
vt 0.541667 0.750000
vt 0.625000 0.000000
vt 0.625000 0.250000
vt 0.541667 0.500000
vt 0.458333 0.500000
vt 0.437500 0.750000
vt 0.562500 0.750000
vt 0.687500 0.000000
vt 0.687500 0.250000
vt 0.562500 0.500000
vt 0.437500 0.500000
vt 0.416667 0.750000
vt 0.583333 0.750000
vt 0.750000 0.000000
vt 0.750000 0.250000
vt 0.583333 0.500000
vt 0.416667 0.500000
vt 0.395833 0.750000
vt 0.604167 0.750000
vt 0.812500 0.000000
vt 0.812500 0.250000
vt 0.604167 0.500000
vt 0.395833 0.500000
vt 0.462500 0.312500
vt 0.475000 0.312500
vt 0.475000 0.687500
vt 0.462500 0.687500
vt 0.487500 0.312500
vt 0.487500 0.687500
vt 0.500000 0.312500
vt 0.500000 0.687500
vt 0.512500 0.312500
vt 0.512500 0.687500
vt 0.525000 0.312500
vt 0.525000 0.687500
vt 0.537500 0.312500
vt 0.537500 0.687500
vt 0.550000 0.312500
vt 0.550000 0.687500
vt 0.562500 0.312500
vt 0.562500 0.687500
vt 0.575000 0.312500
vt 0.575000 0.687500
vt 0.351397 0.204534
vt 0.343750 0.156250
vt 0.500000 0.156250
vt 0.373591 0.248091
vt 0.408159 0.282659
vt 0.451716 0.304853
vt 0.500000 0.312500
vt 0.548284 0.304853
vt 0.591841 0.282659
vt 0.626409 0.248091
vt 0.343750 0.843750
vt 0.351397 0.795466
vt 0.500000 0.843750
vt 0.373591 0.751909
vt 0.408159 0.717341
vt 0.451716 0.695147
vt 0.500000 0.687500
vt 0.548284 0.695147
vt 0.591842 0.717341
vt 0.626409 0.751908
vt 0.648603 0.795466
vt 0.656250 0.843750
vt 0.648603 0.892034
vt 0.375000 0.000000
vt 0.625000 0.000000
vt 0.625000 0.250000
vt 0.375000 0.250000
vt 0.625000 0.500000
vt 0.375000 0.500000
vt 0.375000 0.750000
vt 0.625000 0.750000
vt 0.625000 1.000000
vt 0.375000 1.000000
vt 0.875000 0.000000
vt 0.875000 0.250000
vt 0.125000 0.000000
vt 0.125000 0.250000
vt 0.375000 0.000000
vt 0.625000 0.000000
vt 0.625000 0.250000
vt 0.375000 0.250000
vt 0.625000 0.500000
vt 0.375000 0.500000
vt 0.375000 0.750000
vt 0.625000 0.750000
vt 0.625000 1.000000
vt 0.375000 1.000000
vt 0.875000 0.000000
vt 0.875000 0.250000
vt 0.125000 0.000000
vt 0.125000 0.250000
vt 0.604167 0.500000
vt 0.395833 0.500000
vt 0.812500 0.000000
vt 0.812500 0.250000
vt 0.395833 0.750000
vt 0.604167 0.750000
vt 0.416667 0.750000
vt 0.583333 0.750000
vt 0.750000 0.000000
vt 0.750000 0.250000
vt 0.583333 0.500000
vt 0.416667 0.500000
vt 0.437500 0.750000
vt 0.562500 0.750000
vt 0.687500 0.000000
vt 0.687500 0.250000
vt 0.562500 0.500000
vt 0.437500 0.500000
vt 0.458333 0.750000
vt 0.541667 0.750000
vt 0.625000 0.000000
vt 0.625000 0.250000
vt 0.541667 0.500000
vt 0.458333 0.500000
vt 0.479167 0.750000
vt 0.520833 0.750000
vt 0.562500 0.000000
vt 0.562500 0.250000
vt 0.520833 0.500000
vt 0.479167 0.500000
vt 0.500000 0.750000
vt 0.500000 0.750000
vt 0.500000 0.000000
vt 0.500000 0.250000
vt 0.500000 0.500000
vt 0.500000 0.500000
vt 0.520833 0.750000
vt 0.479167 0.750000
vt 0.437500 0.000000
vt 0.437500 0.250000
vt 0.479167 0.500000
vt 0.520833 0.500000
vt 0.541667 0.750000
vt 0.458333 0.750000
vt 0.375000 0.000000
vt 0.375000 0.250000
vt 0.458333 0.500000
vt 0.541667 0.500000
vt 0.562500 0.750000
vt 0.437500 0.750000
vt 0.312500 0.000000
vt 0.312500 0.250000
vt 0.437500 0.500000
vt 0.562500 0.500000
vt 0.583333 0.750000
vt 0.416667 0.750000
vt 0.250000 0.000000
vt 0.250000 0.250000
vt 0.416667 0.500000
vt 0.583333 0.500000
vt 0.604167 0.750000
vt 0.395833 0.750000
vt 0.187500 0.000000
vt 0.187500 0.250000
vt 0.395833 0.500000
vt 0.604167 0.500000
vt 0.375000 0.566884
vt 0.382252 0.687500
vt 0.375000 0.687500
vt 0.387500 0.601708
vt 0.393860 0.687500
vt 0.387500 0.687500
vt 0.400000 0.597068
vt 0.406558 0.687500
vt 0.400000 0.687500
vt 0.412500 0.596089
vt 0.418103 0.687500
vt 0.412500 0.687500
vt 0.555536 0.687500
vt 0.562500 0.486775
vt 0.562500 0.687500
vt 0.568290 0.687500
vt 0.575000 0.500454
vt 0.582022 0.687500
vt 0.575000 0.687500
vt 0.587500 0.518733
vt 0.593791 0.687500
vt 0.587500 0.687500
vt 0.600000 0.451195
vt 0.606490 0.687500
vt 0.600000 0.687500
vt 0.612500 0.483664
vt 0.619102 0.687500
vt 0.612500 0.687500
vt 0.645068 0.109114
vt 0.637289 0.085762
vt 0.648603 0.107966
vt 0.623282 0.066681
vt 0.608376 0.046375
vt 0.626409 0.064408
vt 0.589546 0.033001
vt 0.567980 0.017683
vt 0.591842 0.029841
vt 0.547072 0.011378
vt 0.519682 0.003117
vt 0.548284 0.007647
vt 0.548284 0.304853
vt 0.520935 0.309184
vt 0.547036 0.301013
vt 0.569818 0.293881
vt 0.589442 0.279356
vt 0.611388 0.263113
vt 0.591841 0.282659
vt 0.623367 0.245881
vt 0.638974 0.223431
vt 0.626409 0.248091
vt 0.645111 0.203399
vt 0.652713 0.178583
vt 0.648603 0.204534
vt 0.652453 0.156250
vt 0.652153 0.130381
vt 0.656250 0.156250
vt 0.648603 0.892034
vt 0.635727 0.917303
vt 0.626409 0.935591
vt 0.500000 0.843750
vt 0.608822 0.953178
vt 0.591841 0.970159
vt 0.568989 0.981803
vt 0.548284 0.992353
vt 0.526642 0.995780
vt 0.500000 1.000000
vt 0.500000 0.687500
vt 0.521385 0.690887
vt 0.548284 0.695147
vt 0.568459 0.705427
vt 0.591842 0.717341
vt 0.611262 0.736761
vt 0.626409 0.751908
vt 0.637579 0.773831
vt 0.648603 0.795466
vt 0.652573 0.820535
vt 0.656250 0.843750
vt 0.652211 0.869252
vt 0.500000 0.312500
vt 0.500000 0.156250
vt 0.500000 -0.000000
vt 0.550000 0.312500
vt 0.555420 0.312500
vt 0.562500 0.312500
vt 0.550000 0.687500
vt 0.568680 0.312500
vt 0.575000 0.312500
vt 0.582068 0.312500
vt 0.587500 0.312500
vt 0.594577 0.312500
vt 0.600000 0.312500
vt 0.606718 0.312500
vt 0.612500 0.312500
vt 0.625000 0.566884
vt 0.625000 0.687500
vt 0.619197 0.312500
vt 0.625000 0.312500
vt 0.375000 0.312500
vt 0.381372 0.312500
vt 0.387500 0.312500
vt 0.394021 0.312500
vt 0.400000 0.312500
vt 0.406848 0.312500
vt 0.412500 0.312500
vt 0.419905 0.312500
vt 0.425000 0.312500
vt 0.425000 0.687500
vt 0.375000 0.000000
vt 0.625000 0.000000
vt 0.625000 0.250000
vt 0.375000 0.250000
vt 0.625000 0.500000
vt 0.375000 0.500000
vt 0.375000 0.750000
vt 0.625000 0.750000
vt 0.625000 1.000000
vt 0.375000 1.000000
vt 0.875000 0.000000
vt 0.875000 0.250000
vt 0.125000 0.000000
vt 0.125000 0.250000
vt 0.375000 0.000000
vt 0.625000 0.000000
vt 0.625000 0.250000
vt 0.375000 0.250000
vt 0.625000 0.500000
vt 0.375000 0.500000
vt 0.375000 0.750000
vt 0.625000 0.750000
vt 0.625000 1.000000
vt 0.375000 1.000000
vt 0.875000 0.000000
vt 0.875000 0.250000
vt 0.125000 0.000000
vt 0.125000 0.250000
vt 0.604167 0.500000
vt 0.395833 0.500000
vt 0.812500 0.000000
vt 0.812500 0.250000
vt 0.395833 0.750000
vt 0.604167 0.750000
vt 0.416667 0.750000
vt 0.583333 0.750000
vt 0.750000 0.000000
vt 0.750000 0.250000
vt 0.583333 0.500000
vt 0.416667 0.500000
vt 0.437500 0.750000
vt 0.562500 0.750000
vt 0.687500 0.000000
vt 0.687500 0.250000
vt 0.562500 0.500000
vt 0.437500 0.500000
vt 0.458333 0.750000
vt 0.541667 0.750000
vt 0.625000 0.000000
vt 0.625000 0.250000
vt 0.541667 0.500000
vt 0.458333 0.500000
vt 0.479167 0.750000
vt 0.520833 0.750000
vt 0.562500 0.000000
vt 0.562500 0.250000
vt 0.520833 0.500000
vt 0.479167 0.500000
vt 0.500000 0.750000
vt 0.500000 0.750000
vt 0.500000 0.000000
vt 0.500000 0.250000
vt 0.500000 0.500000
vt 0.500000 0.500000
vt 0.520833 0.750000
vt 0.479167 0.750000
vt 0.437500 0.000000
vt 0.437500 0.250000
vt 0.479167 0.500000
vt 0.520833 0.500000
vt 0.541667 0.750000
vt 0.458333 0.750000
vt 0.375000 0.000000
vt 0.375000 0.250000
vt 0.458333 0.500000
vt 0.541667 0.500000
vt 0.562500 0.750000
vt 0.437500 0.750000
vt 0.312500 0.000000
vt 0.312500 0.250000
vt 0.437500 0.500000
vt 0.562500 0.500000
vt 0.583333 0.750000
vt 0.416667 0.750000
vt 0.250000 0.000000
vt 0.250000 0.250000
vt 0.416667 0.500000
vt 0.583333 0.500000
vt 0.604167 0.750000
vt 0.395833 0.750000
vt 0.187500 0.000000
vt 0.187500 0.250000
vt 0.395833 0.500000
vt 0.604167 0.500000
vt 0.375000 0.312500
vt 0.387500 0.312500
vt 0.387500 0.687500
vt 0.375000 0.687500
vt 0.400000 0.312500
vt 0.400000 0.687500
vt 0.412500 0.312500
vt 0.412500 0.687500
vt 0.425000 0.312500
vt 0.425000 0.687500
vt 0.437500 0.312500
vt 0.437500 0.687500
vt 0.450000 0.312500
vt 0.450000 0.687500
vt 0.600000 0.312500
vt 0.612500 0.312500
vt 0.612500 0.687500
vt 0.600000 0.687500
vt 0.625000 0.312500
vt 0.625000 0.687500
vt 0.626409 0.064408
vt 0.648603 0.107966
vt 0.500000 0.156250
vt 0.591842 0.029841
vt 0.548284 0.007647
vt 0.500000 -0.000000
vt 0.451716 0.007647
vt 0.408159 0.029841
vt 0.656250 0.156250
vt 0.648603 0.204534
vt 0.648603 0.892034
vt 0.626409 0.935591
vt 0.500000 0.843750
vt 0.591841 0.970159
vt 0.548284 0.992353
vt 0.500000 1.000000
vt 0.451716 0.992353
vt 0.408159 0.970159
vt 0.648603 0.795466
vt 0.656250 0.843750
vt 0.375000 0.000000
vt 0.625000 0.000000
vt 0.625000 0.250000
vt 0.375000 0.250000
vt 0.625000 0.500000
vt 0.375000 0.500000
vt 0.375000 0.750000
vt 0.625000 0.750000
vt 0.625000 1.000000
vt 0.375000 1.000000
vt 0.875000 0.000000
vt 0.875000 0.250000
vt 0.125000 0.000000
vt 0.125000 0.250000
vt 0.375000 0.000000
vt 0.625000 0.000000
vt 0.625000 0.250000
vt 0.375000 0.250000
vt 0.625000 0.500000
vt 0.375000 0.500000
vt 0.375000 0.750000
vt 0.625000 0.750000
vt 0.625000 1.000000
vt 0.375000 1.000000
vt 0.875000 0.000000
vt 0.875000 0.250000
vt 0.125000 0.000000
vt 0.125000 0.250000
vt 0.604167 0.500000
vt 0.395833 0.500000
vt 0.812500 0.000000
vt 0.812500 0.250000
vt 0.395833 0.750000
vt 0.604167 0.750000
vt 0.416667 0.750000
vt 0.583333 0.750000
vt 0.750000 0.000000
vt 0.750000 0.250000
vt 0.583333 0.500000
vt 0.416667 0.500000
vt 0.437500 0.750000
vt 0.562500 0.750000
vt 0.687500 0.000000
vt 0.687500 0.250000
vt 0.562500 0.500000
vt 0.437500 0.500000
vt 0.458333 0.750000
vt 0.541667 0.750000
vt 0.625000 0.000000
vt 0.625000 0.250000
vt 0.541667 0.500000
vt 0.458333 0.500000
vt 0.479167 0.750000
vt 0.520833 0.750000
vt 0.562500 0.000000
vt 0.562500 0.250000
vt 0.520833 0.500000
vt 0.479167 0.500000
vt 0.500000 0.750000
vt 0.500000 0.750000
vt 0.500000 0.000000
vt 0.500000 0.250000
vt 0.500000 0.500000
vt 0.500000 0.500000
vt 0.520833 0.750000
vt 0.479167 0.750000
vt 0.437500 0.000000
vt 0.437500 0.250000
vt 0.479167 0.500000
vt 0.520833 0.500000
vt 0.541667 0.750000
vt 0.458333 0.750000
vt 0.375000 0.000000
vt 0.375000 0.250000
vt 0.458333 0.500000
vt 0.541667 0.500000
vt 0.562500 0.750000
vt 0.437500 0.750000
vt 0.312500 0.000000
vt 0.312500 0.250000
vt 0.437500 0.500000
vt 0.562500 0.500000
vt 0.583333 0.750000
vt 0.416667 0.750000
vt 0.250000 0.000000
vt 0.250000 0.250000
vt 0.416667 0.500000
vt 0.583333 0.500000
vt 0.604167 0.750000
vt 0.395833 0.750000
vt 0.187500 0.000000
vt 0.187500 0.250000
vt 0.395833 0.500000
vt 0.604167 0.500000
vt 0.973553 0.653570
vt 0.973553 0.693767
vt 0.014916 0.693767
vt 0.014916 0.653570
vt 0.973553 0.787243
vt 0.973553 0.814320
vt 0.014916 0.814320
vt 0.014916 0.787243
vt 0.014916 0.909874
vt 0.014916 0.893326
vt 0.973553 0.893326
vt 0.973553 0.909874
vt 0.973553 0.920093
vt 0.014916 0.920093
vt 0.973553 0.961436
vt 0.973553 0.969036
vt 0.014916 0.969036
vt 0.014916 0.961436
vt 0.973553 0.031706
vt 0.973553 0.037225
vt 0.014916 0.037225
vt 0.014916 0.031706
vt 0.973553 0.065232
vt 0.973553 0.082232
vt 0.014916 0.082232
vt 0.014916 0.065232
vt 0.973553 0.141595
vt 0.973553 0.169557
vt 0.014916 0.169557
vt 0.014916 0.141595
vt 0.973553 0.261517
vt 0.973553 0.292440
vt 0.297402 0.609254
vt 0.150477 0.599614
vt 0.308653 0.522713
vt 0.629809 0.500000
vt 0.373260 0.666121
vt 0.195897 0.702033
vt 0.307536 0.774741
vt 0.463104 0.693949
vt 0.360150 0.813727
vt 0.266947 0.841823
vt 0.525587 0.762021
vt 0.431417 0.846522
vt 0.373260 0.898708
vt 0.629809 1.000000
vt 0.435187 0.989293
vt 0.600711 0.023986
vt 0.619228 -0.000000
vt 0.482140 0.236068
vt 0.682834 0.818945
vt 0.638645 0.926980
vt 0.722888 0.679887
vt 0.778460 0.527832
vt 0.841653 0.377203
vt 0.918992 0.245126
vt 0.968746 0.138133
vt 1.000000 0.069310
vt 0.824430 0.010708
vt 0.753526 0.188966
vt 0.693720 0.003516
vt 0.730350 0.005532
vt 0.776117 0.008049
vt 0.722814 0.093733
vt 0.560773 0.139316
vt 0.486879 0.028081
vt 0.535846 0.018460
vt 0.584425 0.008916
vt 0.427847 0.195522
vt 0.302771 0.101165
vt 0.348963 0.079213
vt 0.395242 0.057220
vt 0.289237 0.264305
vt 0.151562 0.215099
vt 0.187802 0.183767
vt 0.220034 0.155898
vt 0.210439 0.353497
vt 0.054936 0.348583
vt 0.074569 0.316604
vt 0.098745 0.277225
vt 0.174275 0.476873
vt 0.023436 0.425417
vt 0.030825 0.387854
vt 0.347603 0.447163
vt -0.024120 0.678571
vt -0.054732 0.802295
vt -0.049652 0.656102
vt 0.000032 0.375905
vt -0.080920 0.718746
vt -0.061735 0.560608
vt -0.064824 0.462752
vt -0.094923 0.582444
vt -0.114452 0.595930
vt -0.102639 0.516387
vt -0.107722 0.434629
vt -0.080444 0.375905
vt -0.123808 0.470896
vt -0.143048 0.375905
vt -0.136895 0.183049
vt -0.118416 0.009071
vt -0.087922 0.000000
vt -0.047075 0.015051
vt 0.000032 0.047805
vt 0.047139 0.044714
vt 0.087986 0.014662
vt 0.118480 0.082671
vt 0.136959 0.183049
vt 0.143112 0.375905
vt 0.094751 0.375905
vt 0.141595 0.423780
vt 0.140151 0.469132
vt 0.138992 0.505429
vt 0.118063 0.442419
vt 0.132732 0.609331
vt 0.128151 0.652756
vt 0.123476 0.696530
vt 0.098359 0.581969
vt 0.111718 0.774152
vt 0.103750 0.810546
vt 0.095661 0.846871
vt 0.076423 0.689189
vt 0.076620 0.905992
vt 0.067214 0.926498
vt 0.056496 0.949554
vt 0.049842 0.797070
vt 0.035908 0.976809
vt 0.023195 0.985064
vt 0.012815 0.991767
vt 0.019864 0.839080
vt 0.000032 1.000000
vt -0.011339 0.992677
vt -0.018106 0.826560
vt 0.000032 0.669942
vt 0.014916 0.292440
vt 0.014916 0.261517
vt 0.973553 0.392891
vt 0.973553 0.432936
vt 0.014916 0.432936
vt 0.014916 0.392891
vt 0.973553 0.505393
vt 0.973553 0.540915
vt 0.014916 0.540915
vt 0.014916 0.505393
vt 0.973553 0.575055
vt 0.973553 0.616578
vt 0.014916 0.616578
vt 0.014916 0.575055
vt 0.973553 0.756015
vt 0.014916 0.756015
vt 0.973553 0.864299
vt 0.014916 0.864299
vt 0.973553 0.465456
vt 0.014916 0.465456
vt -0.022241 0.985640
vt -0.035428 0.977080
vt -0.047075 0.969455
vt -0.059588 0.942798
vt 0.973553 0.327207
vt 0.009270 0.590350
vt 0.000000 0.544543
vt 0.007696 0.505426
vt 0.016334 0.461518
vt 0.047139 0.969454
vt 0.026129 0.703056
vt 0.014916 0.327207
vt 0.973553 0.197467
vt 0.120284 0.242143
vt 0.348970 0.357875
vt -0.069492 0.921420
vt -0.078592 0.901517
vt -0.087922 0.880809
vt -0.095890 0.845567
vt 0.014916 0.197467
vt 0.053659 0.730833
vt 0.030825 0.696871
vt 0.023625 0.661286
vt 0.016704 0.627085
vt -0.103627 0.810816
vt -0.110271 0.780519
vt -0.118416 0.742739
vt -0.122989 0.700471
vt -0.125787 0.674367
vt 0.973553 0.099369
vt 0.154134 0.854409
vt 0.120283 0.829929
vt 0.175041 0.869527
vt 0.095805 0.793520
vt 0.076175 0.764323
vt -0.128499 0.648876
vt -0.132692 0.609099
vt -0.136895 0.568761
vt -0.138900 0.506310
vt 0.014916 0.099369
vt 0.316470 0.949667
vt 0.259616 0.930690
vt 0.227311 0.907328
vt 0.195455 0.884290
vt 0.403933 0.978861
vt 0.384631 0.972418
vt 0.365783 0.966127
vt -0.140629 0.452142
vt -0.141288 0.431439
vt -0.141961 0.410236
vt 0.973553 0.041642
vt 0.014916 0.041642
vt 0.087986 0.880808
vt 0.041610 0.609813
vt 0.973553 0.945644
vt 0.014916 0.945644
vt 0.259617 0.121673
vt 0.458308 0.324731
vt 0.118480 0.742739
vt 0.059342 0.553087
vt 0.973553 0.980727
vt 0.973553 0.984905
vt 0.435187 0.038236
vt 0.535805 0.276967
vt 0.136959 0.568761
vt 0.073688 0.474942
vt 0.014916 0.984905
vt 0.014916 0.980727
vt 0.629808 0.000000
vt 0.629809 0.243237
vt 0.184735 1.026804
vt 0.007032 0.809476
vt 1.760420 0.533789
vt 0.625000 0.000000
vt 0.625000 0.250000
vt 1.760420 0.783789
vt 0.625000 0.303531
vt 0.625000 0.320891
vt 0.625000 0.350860
vt 0.625000 0.366653
vt 0.625000 0.390947
vt 0.625000 0.407006
vt 0.625000 0.500000
vt 0.375000 0.500000
vt 0.375000 0.449345
vt 0.375000 0.438041
vt 0.375000 0.404552
vt 0.375000 0.387157
vt 0.375000 0.369371
vt 0.375000 0.349604
vt 0.375000 0.328327
vt 0.375000 0.310210
vt 0.375000 0.285234
vt 0.625000 0.750000
vt 0.375000 0.750000
vt 0.625000 1.000000
vt 0.375000 1.000000
vt 0.875000 0.000000
vt 0.875000 0.250000
vt 0.782006 0.250000
vt 0.765947 0.250000
vt 0.741653 0.250000
vt 0.725860 0.250000
vt 0.695891 0.250000
vt 0.678531 0.250000
vt -0.882319 0.533789
vt 1.387968 0.783789
vt 1.123948 0.783789
vt 0.932426 0.783789
vt 0.707510 0.783789
vt 0.498554 0.783789
vt 0.310539 0.783789
vt 0.126657 0.783789
vt -0.227356 0.783789
vt -0.346851 0.783789
vt -0.882319 0.783789
vt 0.375000 0.000000
vt 0.625000 0.000000
vt 0.625000 0.250000
vt 0.375000 0.250000
vt 0.375000 0.500000
vt 0.625000 0.500000
vt 0.625000 0.750000
vt 0.375000 0.750000
vt 0.575116 0.000000
vt 0.375000 0.000000
vt 0.375000 0.250000
vt 0.575116 0.250000
vt 0.575116 0.500000
vt 0.375000 0.500000
vt 0.375000 0.750000
vt 0.575116 0.750000
vt 0.625000 0.292262
vt 0.375000 0.290389
vt 0.334611 0.250000
vt 0.150256 0.250000
vt 0.125000 0.250000
vt 0.125000 0.000000
vt 0.171459 0.000000
vt 0.329001 0.000000
vt 0.664057 0.000000
vt 0.853106 0.000000
vt 0.852678 0.040554
vt 0.847250 0.032118
vt 0.838802 0.019202
vt 0.680265 0.019202
vt 0.671464 0.032118
vt 0.664620 0.043950
vt 0.875000 0.250000
vt 0.850465 0.250000
vt 0.850817 0.216675
vt 0.864794 0.206026
vt 0.865164 0.051013
vt 0.875000 0.000000
vt 0.625000 0.771894
vt 0.625000 0.960944
vt 0.625000 1.000000
vt 0.375000 1.000000
vt 0.375000 0.954000
vt 0.375000 0.796459
vt 0.666814 0.215129
vt 0.681108 0.230798
vt 0.714370 0.230798
vt 0.723224 0.222089
vt 0.845406 0.222089
vt 0.667261 0.250000
vt 0.644202 0.053982
vt 0.644202 0.204663
vt 0.651023 0.208567
vt 0.375000 0.290389
vt 0.575116 0.291888
vt 0.575116 0.276716
vt 0.575116 0.258059
vt 0.179433 0.250000
vt 0.334611 0.250000
vt 0.329001 0.000000
vt 0.171459 0.000000
vt 0.125000 0.000000
vt 0.125000 0.250000
vt 0.141151 0.250000
vt 0.163593 0.232721
vt 0.575116 0.975877
vt 0.575116 0.968737
vt 0.575116 0.959558
vt 0.575116 0.776795
vt 0.575116 0.767525
vt 0.575116 0.764671
vt 0.375000 0.796459
vt 0.375000 0.954000
vt 0.375000 1.000000
vt 0.575116 1.000000
vt 0.575116 0.483404
vt 0.575116 0.480360
vt 0.575116 0.335953
vt 0.575116 0.330913
vt 0.375000 0.445567
vt 0.375000 0.483849
vt 0.375000 0.474744
vt 0.625000 0.475464
vt 0.455626 0.458670
vt 0.455626 0.426200
vt 0.455626 0.433906
vt 0.033861 0.179935
vt 0.033861 0.179935
vt 0.033861 0.919376
vt 0.033861 0.919376
vt 0.375000 0.250000
vt 0.625000 0.250000
vt 0.625000 0.500000
vt 0.375000 0.500000
vt 1.000000 0.919376
vt 1.000000 0.919376
vt 1.000000 0.179935
vt 1.000000 0.179935
vt 0.375000 0.750000
vt 0.625000 0.750000
vt 0.625000 1.000000
vt 0.375000 1.000000
vt 0.625000 0.000000
vt 0.875000 0.000000
vt 0.875000 0.250000
vt 0.125000 0.000000
vt 0.375000 0.000000
vt 0.125000 0.250000
vt 0.375000 0.312500
vt 0.375000 0.687500
vt 0.387500 0.687500
vt 0.387500 0.312500
vt 0.400000 0.687500
vt 0.400000 0.312500
vt 0.412500 0.687500
vt 0.412500 0.312500
vt 0.425000 0.687500
vt 0.425000 0.312500
vt 0.612500 0.312500
vt 0.612500 0.687500
vt 0.625000 0.687500
vt 0.625000 0.312500
vt 0.375000 0.312500
vt 0.387500 0.312500
vt 0.387500 0.687500
vt 0.375000 0.687500
vt 0.400000 0.312500
vt 0.400000 0.687500
vt 0.412500 0.312500
vt 0.412500 0.687500
vt 0.425000 0.312500
vt 0.425000 0.687500
vt 0.612500 0.312500
vt 0.625000 0.312500
vt 0.625000 0.687500
vt 0.612500 0.687500
vt 0.375000 0.312500
vt 0.387500 0.312500
vt 0.387500 0.687500
vt 0.375000 0.687500
vt 0.400000 0.312500
vt 0.400000 0.687500
vt 0.412500 0.312500
vt 0.412500 0.687500
vt 0.425000 0.312500
vt 0.425000 0.687500
vt 0.612500 0.312500
vt 0.625000 0.312500
vt 0.625000 0.687500
vt 0.612500 0.687500
vt 0.625000 0.312500
vt 0.612500 0.312500
vt 0.387500 0.312500
vt 0.375000 0.312500
vt 0.400000 0.312500
vt 0.412500 0.312500
vt 0.425000 0.312500
vt 0.425000 0.312500
vt 0.412500 0.312500
vt 0.400000 0.312500
vt 0.387500 0.312500
vt 0.375000 0.312500
vt 0.625000 0.312500
vt 0.612500 0.312500
vt 0.425000 0.312500
vt 0.412500 0.312500
vt 0.400000 0.312500
vt 0.387500 0.312500
vt 0.375000 0.312500
vt 0.625000 0.312500
vt 0.612500 0.312500
vt 0.425000 0.312500
vt 0.412500 0.312500
vt 0.400000 0.312500
vt 0.387500 0.312500
vt 0.375000 0.312500
vt 0.625000 0.312500
vt 0.612500 0.312500
vt 0.425000 0.312500
vt 0.412500 0.312500
vt 0.400000 0.312500
vt 0.387500 0.312500
vt 0.375000 0.312500
vt 0.625000 0.312500
vt 0.612500 0.312500
vt 0.425000 0.312500
vt 0.412500 0.312500
vt 0.400000 0.312500
vt 0.387500 0.312500
vt 0.375000 0.312500
vt 0.625000 0.312500
vt 0.612500 0.312500
vt 0.425000 0.312500
vt 0.412500 0.312500
vt 0.400000 0.312500
vt 0.387500 0.312500
vt 0.375000 0.312500
vt 0.625000 0.312500
vt 0.612500 0.312500
vt 0.425000 0.312500
vt 0.412500 0.312500
vt 0.400000 0.312500
vt 0.387500 0.312500
vt 0.375000 0.312500
vt 0.625000 0.312500
vt 0.612500 0.312500
vt 0.425000 0.312500
vt 0.412500 0.312500
vt 0.400000 0.312500
vt 0.387500 0.312500
vt 0.375000 0.312500
vt 0.625000 0.312500
vt 0.612500 0.312500
vt 0.425000 0.312500
vt 0.412500 0.312500
vt 0.400000 0.312500
vt 0.387500 0.312500
vt 0.375000 0.312500
vt 0.625000 0.312500
vt 0.612500 0.312500
vt 0.425000 0.312500
vt 0.412500 0.312500
vt 0.400000 0.312500
vt 0.387500 0.312500
vt 0.375000 0.312500
vt 0.625000 0.312500
vt 0.612500 0.312500
vt 0.625000 0.656250
vt 0.612500 0.656250
vt 0.387500 0.656250
vt 0.375000 0.656250
vt 0.400000 0.656250
vt 0.412500 0.656250
vt 0.425000 0.656250
vt 0.425000 0.625000
vt 0.412500 0.625000
vt 0.400000 0.625000
vt 0.387500 0.625000
vt 0.375000 0.625000
vt 0.625000 0.625000
vt 0.612500 0.625000
vt 0.425000 0.593750
vt 0.412500 0.593750
vt 0.400000 0.593750
vt 0.387500 0.593750
vt 0.375000 0.593750
vt 0.625000 0.593750
vt 0.612500 0.593750
vt 0.425000 0.562500
vt 0.412500 0.562500
vt 0.400000 0.562500
vt 0.387500 0.562500
vt 0.375000 0.562500
vt 0.625000 0.562500
vt 0.612500 0.562500
vt 0.425000 0.531250
vt 0.412500 0.531250
vt 0.400000 0.531250
vt 0.387500 0.531250
vt 0.375000 0.531250
vt 0.625000 0.531250
vt 0.612500 0.531250
vt 0.425000 0.500000
vt 0.412500 0.500000
vt 0.400000 0.500000
vt 0.387500 0.500000
vt 0.375000 0.500000
vt 0.625000 0.500000
vt 0.612500 0.500000
vt 0.425000 0.468750
vt 0.412500 0.468750
vt 0.400000 0.468750
vt 0.387500 0.468750
vt 0.375000 0.468750
vt 0.625000 0.468750
vt 0.612500 0.468750
vt 0.425000 0.437500
vt 0.412500 0.437500
vt 0.400000 0.437500
vt 0.387500 0.437500
vt 0.375000 0.437500
vt 0.625000 0.437500
vt 0.612500 0.437500
vt 0.425000 0.406250
vt 0.412500 0.406250
vt 0.400000 0.406250
vt 0.387500 0.406250
vt 0.375000 0.406250
vt 0.625000 0.406250
vt 0.612500 0.406250
vt 0.425000 0.375000
vt 0.412500 0.375000
vt 0.400000 0.375000
vt 0.387500 0.375000
vt 0.375000 0.375000
vt 0.625000 0.375000
vt 0.612500 0.375000
vt 0.425000 0.343750
vt 0.412500 0.343750
vt 0.400000 0.343750
vt 0.387500 0.343750
vt 0.375000 0.343750
vt 0.625000 0.343750
vt 0.612500 0.343750
vt 0.375000 0.312500
vt 0.387500 0.312500
vt 0.387500 0.687500
vt 0.375000 0.687500
vt 0.400000 0.312500
vt 0.400000 0.687500
vt 0.412500 0.312500
vt 0.412500 0.687500
vt 0.425000 0.312500
vt 0.425000 0.687500
vt 0.612500 0.312500
vt 0.625000 0.312500
vt 0.625000 0.687500
vt 0.612500 0.687500
vt 0.625000 0.656250
vt 0.612500 0.656250
vt 0.387500 0.656250
vt 0.375000 0.656250
vt 0.400000 0.656250
vt 0.412500 0.656250
vt 0.425000 0.656250
vt 0.425000 0.625000
vt 0.412500 0.625000
vt 0.400000 0.625000
vt 0.387500 0.625000
vt 0.375000 0.625000
vt 0.625000 0.625000
vt 0.612500 0.625000
vt 0.425000 0.593750
vt 0.412500 0.593750
vt 0.400000 0.593750
vt 0.387500 0.593750
vt 0.375000 0.593750
vt 0.625000 0.593750
vt 0.612500 0.593750
vt 0.425000 0.562500
vt 0.412500 0.562500
vt 0.400000 0.562500
vt 0.387500 0.562500
vt 0.375000 0.562500
vt 0.625000 0.562500
vt 0.612500 0.562500
vt 0.425000 0.531250
vt 0.412500 0.531250
vt 0.400000 0.531250
vt 0.387500 0.531250
vt 0.375000 0.531250
vt 0.625000 0.531250
vt 0.612500 0.531250
vt 0.425000 0.500000
vt 0.412500 0.500000
vt 0.400000 0.500000
vt 0.387500 0.500000
vt 0.375000 0.500000
vt 0.625000 0.500000
vt 0.612500 0.500000
vt 0.425000 0.468750
vt 0.412500 0.468750
vt 0.400000 0.468750
vt 0.387500 0.468750
vt 0.375000 0.468750
vt 0.625000 0.468750
vt 0.612500 0.468750
vt 0.425000 0.437500
vt 0.412500 0.437500
vt 0.400000 0.437500
vt 0.387500 0.437500
vt 0.375000 0.437500
vt 0.625000 0.437500
vt 0.612500 0.437500
vt 0.425000 0.406250
vt 0.412500 0.406250
vt 0.400000 0.406250
vt 0.387500 0.406250
vt 0.375000 0.406250
vt 0.625000 0.406250
vt 0.612500 0.406250
vt 0.425000 0.375000
vt 0.412500 0.375000
vt 0.400000 0.375000
vt 0.387500 0.375000
vt 0.375000 0.375000
vt 0.625000 0.375000
vt 0.612500 0.375000
vt 0.425000 0.343750
vt 0.412500 0.343750
vt 0.400000 0.343750
vt 0.387500 0.343750
vt 0.375000 0.343750
vt 0.625000 0.343750
vt 0.612500 0.343750
vt 0.412500 0.687500
vt 0.425000 0.687500
vt 0.400000 0.687500
vt 0.387500 0.687500
vt 0.375000 0.687500
vt 0.612500 0.687500
vt 0.625000 0.687500
vt 0.612500 0.687500
vt 0.625000 0.687500
vt 0.375000 0.687500
vt 0.387500 0.687500
vt 0.400000 0.687500
vt 0.412500 0.687500
vt 0.425000 0.687500
vt 0.612500 0.687500
vt 0.625000 0.687500
vt 0.375000 0.687500
vt 0.387500 0.687500
vt 0.400000 0.687500
vt 0.412500 0.687500
vt 0.425000 0.687500
vt 0.612500 0.687500
vt 0.625000 0.687500
vt 0.375000 0.687500
vt 0.387500 0.687500
vt 0.400000 0.687500
vt 0.412500 0.687500
vt 0.425000 0.687500
vt 0.612500 0.687500
vt 0.625000 0.687500
vt 0.375000 0.687500
vt 0.387500 0.687500
vt 0.400000 0.687500
vt 0.412500 0.687500
vt 0.425000 0.687500
vt 0.612500 0.687500
vt 0.625000 0.687500
vt 0.375000 0.687500
vt 0.387500 0.687500
vt 0.400000 0.687500
vt 0.412500 0.687500
vt 0.425000 0.687500
vt 0.612500 0.687500
vt 0.625000 0.687500
vt 0.375000 0.687500
vt 0.387500 0.687500
vt 0.400000 0.687500
vt 0.412500 0.687500
vt 0.425000 0.687500
vt 0.612500 0.687500
vt 0.625000 0.687500
vt 0.375000 0.687500
vt 0.387500 0.687500
vt 0.400000 0.687500
vt 0.412500 0.687500
vt 0.425000 0.687500
vt 0.612500 0.687500
vt 0.625000 0.687500
vt 0.375000 0.687500
vt 0.387500 0.687500
vt 0.400000 0.687500
vt 0.412500 0.687500
vt 0.425000 0.687500
vt 0.612500 0.687500
vt 0.625000 0.687500
vt 0.375000 0.687500
vt 0.387500 0.687500
vt 0.400000 0.687500
vt 0.412500 0.687500
vt 0.425000 0.687500
vt 0.612500 0.687500
vt 0.625000 0.687500
vt 0.375000 0.687500
vt 0.387500 0.687500
vt 0.400000 0.687500
vt 0.412500 0.687500
vt 0.425000 0.687500
vt 0.375000 0.000000
vt 0.625000 0.000000
vt 0.625000 0.250000
vt 0.375000 0.250000
vt 0.625000 0.500000
vt 0.375000 0.500000
vt 0.625000 0.750000
vt 0.375000 0.750000
vt 0.625000 1.000000
vt 0.375000 1.000000
vt 0.875000 0.000000
vt 0.875000 0.250000
vt 0.125000 0.000000
vt 0.125000 0.250000
vt 0.375000 0.085220
vt 0.625000 0.000000
vt 0.625000 0.250000
vt 0.375000 0.932579
vt 0.625000 0.500000
vt 0.375000 0.500000
vt 0.625000 0.750000
vt 0.375000 0.750000
vt 0.625000 1.000000
vt 0.375000 1.000000
vt 0.875000 0.000000
vt 0.875000 0.250000
vt 0.125000 0.085220
vt 0.125000 0.932579
vt -3.426678 0.566917
vt 4.385998 0.566917
vt 4.385998 0.920534
vt -3.426678 0.920534
vt 0.625000 0.500000
vt 0.375000 0.500000
vt 0.625000 0.750000
vt 0.375000 0.750000
vt 0.625000 1.000000
vt 0.375000 1.000000
vt 0.875000 0.000000
vt 0.875000 0.250000
vt 0.125000 0.000000
vt 0.125000 0.250000
vt 0.375000 0.000000
vt 0.625000 0.000000
vt 0.625000 0.250000
vt 0.375000 0.250000
vt 0.625000 0.500000
vt 0.375000 0.500000
vt 0.625000 0.750000
vt 0.375000 0.750000
vt 0.625000 1.000000
vt 0.375000 1.000000
vt 0.875000 0.000000
vt 0.875000 0.250000
vt 0.125000 0.000000
vt 0.125000 0.250000
vt 0.375000 1.000000
vt 0.375000 0.750000
vt 0.625000 0.750000
vt 0.625000 1.000000
vt 0.000000 -0.000000
vt 0.000000 1.000000
vt 1.000000 1.000000
vt 1.000000 -0.000000
vt 0.375000 0.500000
vt 0.625000 0.500000
vt 0.411551 0.250000
vt 0.572276 0.250000
vt 0.572276 0.000000
vt 0.411551 0.000000
vt 1.000000 0.000000
vt 1.000000 1.000000
vt 0.000000 1.000000
vt 0.000000 0.000000
vt 0.411551 0.500000
vt 0.572276 0.500000
vt 0.411551 0.750000
vt 0.572276 0.750000
vt 0.000000 -0.000000
vt 1.000000 -0.000000
vt 1.000000 1.000000
vt 0.000000 1.000000
vt 0.125313 0.976129
vt 0.917993 0.976129
vt 0.917993 0.072713
vt 0.125313 0.072713
vt 0.875000 0.000000
vt 0.875000 0.250000
vt 0.625000 0.250000
vt 0.625000 0.000000
vt 0.869032 0.031328
vt 0.643178 0.031328
vt 0.643178 0.229498
vt 0.869032 0.229498
vt 0.625000 0.250000
vt 0.375000 0.250000
vt 0.562500 0.312500
vt 0.562500 0.687500
vt 0.575000 0.687500
vt 0.575000 0.312500
vt 0.587500 0.687500
vt 0.587500 0.312500
vt 0.600000 0.687500
vt 0.600000 0.312500
vt 0.612500 0.687500
vt 0.612500 0.312500
vt 0.625000 0.687500
vt 0.625000 0.312500
vt 0.562500 0.312500
vt 0.575000 0.312500
vt 0.575000 0.687500
vt 0.562500 0.687500
vt 0.587500 0.312500
vt 0.587500 0.687500
vt 0.600000 0.312500
vt 0.600000 0.687500
vt 0.612500 0.312500
vt 0.612500 0.687500
vt 0.625000 0.312500
vt 0.625000 0.687500
vt 0.625000 0.312500
vt 0.612500 0.312500
vt 0.612500 0.343750
vt 0.625000 0.343750
vt 0.600000 0.312500
vt 0.600000 0.343750
vt 0.587500 0.312500
vt 0.587500 0.343750
vt 0.575000 0.312500
vt 0.575000 0.343750
vt 0.562500 0.312500
vt 0.562500 0.343750
vt 0.562500 0.375000
vt 0.575000 0.375000
vt 0.587500 0.375000
vt 0.600000 0.375000
vt 0.612500 0.375000
vt 0.625000 0.375000
vt 0.562500 0.406250
vt 0.575000 0.406250
vt 0.587500 0.406250
vt 0.600000 0.406250
vt 0.612500 0.406250
vt 0.625000 0.406250
vt 0.562500 0.437500
vt 0.575000 0.437500
vt 0.587500 0.437500
vt 0.600000 0.437500
vt 0.612500 0.437500
vt 0.625000 0.437500
vt 0.562500 0.468750
vt 0.575000 0.468750
vt 0.587500 0.468750
vt 0.600000 0.468750
vt 0.612500 0.468750
vt 0.625000 0.468750
vt 0.562500 0.500000
vt 0.575000 0.500000
vt 0.587500 0.500000
vt 0.600000 0.500000
vt 0.612500 0.500000
vt 0.625000 0.500000
vt 0.562500 0.531250
vt 0.575000 0.531250
vt 0.587500 0.531250
vt 0.600000 0.531250
vt 0.612500 0.531250
vt 0.625000 0.531250
vt 0.562500 0.562500
vt 0.575000 0.562500
vt 0.587500 0.562500
vt 0.600000 0.562500
vt 0.612500 0.562500
vt 0.625000 0.562500
vt 0.562500 0.593750
vt 0.575000 0.593750
vt 0.587500 0.593750
vt 0.600000 0.593750
vt 0.612500 0.593750
vt 0.625000 0.593750
vt 0.562500 0.625000
vt 0.575000 0.625000
vt 0.587500 0.625000
vt 0.600000 0.625000
vt 0.612500 0.625000
vt 0.625000 0.625000
vt 0.562500 0.656250
vt 0.575000 0.656250
vt 0.587500 0.656250
vt 0.600000 0.656250
vt 0.612500 0.656250
vt 0.625000 0.656250
vt 0.562500 0.312500
vt 0.562500 0.687500
vt 0.575000 0.687500
vt 0.575000 0.312500
vt 0.587500 0.687500
vt 0.587500 0.312500
vt 0.600000 0.687500
vt 0.600000 0.312500
vt 0.612500 0.687500
vt 0.612500 0.312500
vt 0.625000 0.687500
vt 0.625000 0.312500
vt 0.562500 0.312500
vt 0.562500 0.687500
vt 0.575000 0.687500
vt 0.575000 0.312500
vt 0.587500 0.687500
vt 0.587500 0.312500
vt 0.600000 0.687500
vt 0.600000 0.312500
vt 0.612500 0.687500
vt 0.612500 0.312500
vt 0.625000 0.687500
vt 0.625000 0.312500
vt 0.612500 0.656250
vt 0.625000 0.656250
vt 0.600000 0.656250
vt 0.587500 0.656250
vt 0.575000 0.656250
vt 0.562500 0.656250
vt 0.562500 0.625000
vt 0.575000 0.625000
vt 0.587500 0.625000
vt 0.600000 0.625000
vt 0.612500 0.625000
vt 0.625000 0.625000
vt 0.562500 0.593750
vt 0.575000 0.593750
vt 0.587500 0.593750
vt 0.600000 0.593750
vt 0.612500 0.593750
vt 0.625000 0.593750
vt 0.562500 0.562500
vt 0.575000 0.562500
vt 0.587500 0.562500
vt 0.600000 0.562500
vt 0.612500 0.562500
vt 0.625000 0.562500
vt 0.562500 0.531250
vt 0.575000 0.531250
vt 0.587500 0.531250
vt 0.600000 0.531250
vt 0.612500 0.531250
vt 0.625000 0.531250
vt 0.562500 0.500000
vt 0.575000 0.500000
vt 0.587500 0.500000
vt 0.600000 0.500000
vt 0.612500 0.500000
vt 0.625000 0.500000
vt 0.562500 0.468750
vt 0.575000 0.468750
vt 0.587500 0.468750
vt 0.600000 0.468750
vt 0.612500 0.468750
vt 0.625000 0.468750
vt 0.562500 0.437500
vt 0.575000 0.437500
vt 0.587500 0.437500
vt 0.600000 0.437500
vt 0.612500 0.437500
vt 0.625000 0.437500
vt 0.562500 0.406250
vt 0.575000 0.406250
vt 0.587500 0.406250
vt 0.600000 0.406250
vt 0.612500 0.406250
vt 0.625000 0.406250
vt 0.562500 0.375000
vt 0.575000 0.375000
vt 0.587500 0.375000
vt 0.600000 0.375000
vt 0.612500 0.375000
vt 0.625000 0.375000
vt 0.562500 0.343750
vt 0.575000 0.343750
vt 0.587500 0.343750
vt 0.600000 0.343750
vt 0.612500 0.343750
vt 0.625000 0.343750
vt 0.612500 0.656250
vt 0.625000 0.656250
vt 0.600000 0.656250
vt 0.587500 0.656250
vt 0.575000 0.656250
vt 0.562500 0.656250
vt 0.562500 0.625000
vt 0.575000 0.625000
vt 0.587500 0.625000
vt 0.600000 0.625000
vt 0.612500 0.625000
vt 0.625000 0.625000
vt 0.562500 0.593750
vt 0.575000 0.593750
vt 0.587500 0.593750
vt 0.600000 0.593750
vt 0.612500 0.593750
vt 0.625000 0.593750
vt 0.562500 0.562500
vt 0.575000 0.562500
vt 0.587500 0.562500
vt 0.600000 0.562500
vt 0.612500 0.562500
vt 0.625000 0.562500
vt 0.562500 0.531250
vt 0.575000 0.531250
vt 0.587500 0.531250
vt 0.600000 0.531250
vt 0.612500 0.531250
vt 0.625000 0.531250
vt 0.562500 0.500000
vt 0.575000 0.500000
vt 0.587500 0.500000
vt 0.600000 0.500000
vt 0.612500 0.500000
vt 0.625000 0.500000
vt 0.562500 0.468750
vt 0.575000 0.468750
vt 0.587500 0.468750
vt 0.600000 0.468750
vt 0.612500 0.468750
vt 0.625000 0.468750
vt 0.562500 0.437500
vt 0.575000 0.437500
vt 0.587500 0.437500
vt 0.600000 0.437500
vt 0.612500 0.437500
vt 0.625000 0.437500
vt 0.562500 0.406250
vt 0.575000 0.406250
vt 0.587500 0.406250
vt 0.600000 0.406250
vt 0.612500 0.406250
vt 0.625000 0.406250
vt 0.562500 0.375000
vt 0.575000 0.375000
vt 0.587500 0.375000
vt 0.600000 0.375000
vt 0.612500 0.375000
vt 0.625000 0.375000
vt 0.562500 0.343750
vt 0.575000 0.343750
vt 0.587500 0.343750
vt 0.600000 0.343750
vt 0.612500 0.343750
vt 0.625000 0.343750
vt 0.575000 0.312500
vt 0.562500 0.312500
vt 0.587500 0.312500
vt 0.600000 0.312500
vt 0.612500 0.312500
vt 0.625000 0.312500
vt 0.625000 0.312500
vt 0.612500 0.312500
vt 0.600000 0.312500
vt 0.587500 0.312500
vt 0.575000 0.312500
vt 0.562500 0.312500
vt 0.625000 0.312500
vt 0.612500 0.312500
vt 0.600000 0.312500
vt 0.587500 0.312500
vt 0.575000 0.312500
vt 0.562500 0.312500
vt 0.625000 0.312500
vt 0.612500 0.312500
vt 0.600000 0.312500
vt 0.587500 0.312500
vt 0.575000 0.312500
vt 0.562500 0.312500
vt 0.625000 0.312500
vt 0.612500 0.312500
vt 0.600000 0.312500
vt 0.587500 0.312500
vt 0.575000 0.312500
vt 0.562500 0.312500
vt 0.625000 0.312500
vt 0.612500 0.312500
vt 0.600000 0.312500
vt 0.587500 0.312500
vt 0.575000 0.312500
vt 0.562500 0.312500
vt 0.625000 0.312500
vt 0.612500 0.312500
vt 0.600000 0.312500
vt 0.587500 0.312500
vt 0.575000 0.312500
vt 0.562500 0.312500
vt 0.625000 0.312500
vt 0.612500 0.312500
vt 0.600000 0.312500
vt 0.587500 0.312500
vt 0.575000 0.312500
vt 0.562500 0.312500
vt 0.625000 0.312500
vt 0.612500 0.312500
vt 0.600000 0.312500
vt 0.587500 0.312500
vt 0.575000 0.312500
vt 0.562500 0.312500
vt 0.625000 0.312500
vt 0.612500 0.312500
vt 0.600000 0.312500
vt 0.587500 0.312500
vt 0.575000 0.312500
vt 0.562500 0.312500
vt 0.625000 0.312500
vt 0.612500 0.312500
vt 0.600000 0.312500
vt 0.587500 0.312500
vt 0.575000 0.312500
vt 0.562500 0.312500
vt 0.351397 0.107966
vt 0.373591 0.064409
vt 0.445696 0.116796
vt 0.464927 0.144854
vt 0.408159 0.029841
vt 0.451716 0.007647
vt 0.479006 0.091637
vt 0.461682 0.103510
vt 0.500000 -0.000000
vt 0.500000 0.077247
vt 0.548284 0.007647
vt 0.533024 0.054613
vt 0.403733 0.312500
vt 0.412500 0.312500
vt 0.412500 0.687500
vt 0.403733 0.687500
vt 0.533024 0.945387
vt 0.548284 0.992353
vt 0.500000 1.000000
vt 0.500000 0.922752
vt 0.437500 0.312500
vt 0.437500 0.687500
vt 0.425000 0.687500
vt 0.425000 0.312500
vt 0.569570 0.312500
vt 0.569570 0.687500
vt 0.562500 0.687500
vt 0.562500 0.312500
vt 0.550000 0.687500
vt 0.550000 0.312500
vt 0.537500 0.687500
vt 0.537500 0.312500
vt 0.500000 0.843750
vt 0.476998 0.860462
vt 0.467854 0.854195
vt 0.484248 0.865431
vt 0.491369 0.870313
vt 0.500000 0.876228
vt 0.513576 0.885533
vt 0.547003 0.908444
vt 0.500000 0.156250
vt 0.351397 0.204534
vt 0.343750 0.156250
vt 0.373591 0.248091
vt 0.578835 0.023214
vt 0.578835 0.976786
vt 0.408159 0.282659
vt 0.548284 0.304853
vt 0.500000 0.312500
vt 0.451716 0.304853
vt 0.500000 0.687500
vt 0.548284 0.695147
vt 0.451716 0.695147
vt 0.466306 0.146866
vt 0.467854 0.145805
vt 0.444610 0.115211
vt 0.538221 0.208856
vt 0.522916 0.219346
vt 0.572919 0.292300
vt 0.572919 0.707700
vt 0.522916 0.780654
vt 0.538221 0.791144
vt 0.375000 0.725991
vt 0.399968 0.725991
vt 0.425304 0.725991
vt 0.456008 0.725991
vt 0.504306 0.725991
vt 0.571306 0.725991
vt 0.571306 0.519886
vt 0.504307 0.519886
vt 0.456008 0.519886
vt 0.425304 0.519886
vt 0.399968 0.519886
vt 0.375000 0.519886
vt 0.375000 0.000000
vt 0.625000 0.000000
vt 0.625000 0.250000
vt 0.375000 0.250000
vt 0.625000 0.500000
vt 0.375000 0.500000
vt 0.625000 0.750000
vt 0.375000 0.750000
vt 0.625000 1.000000
vt 0.375000 1.000000
vt 0.875000 0.000000
vt 0.875000 0.250000
vt 0.125000 0.000000
vt 0.125000 0.250000
vt 0.375000 0.000000
vt 0.625000 0.000000
vt 0.625000 0.250000
vt 0.375000 0.250000
vt 0.388780 0.040276
vt 0.388780 0.227893
vt 0.611220 0.227893
vt 0.611220 0.040276
vt 0.000000 0.000000
vt 1.000001 0.000000
vt 1.000000 1.000000
vt 0.000000 1.000000
vt 0.161106 0.068251
vt 0.161105 0.945646
vt 0.911571 0.945646
vt 0.911572 0.068251
vt 0.125000 0.250000
vt 0.125000 0.000000
vt 0.375000 1.000000
vt 0.375000 0.750000
vt 0.625000 0.750000
vt 0.625000 1.000000
vt 0.625000 0.500000
vt 0.375000 0.500000
vt 0.375000 0.271853
vt 0.375000 0.421000
vt 0.625000 0.421000
vt 0.625000 0.271853
vt 0.646853 0.250000
vt 0.796000 0.250000
vt 0.796000 0.000000
vt 0.646853 0.000000
vt 0.353147 0.000000
vt 0.204000 0.000000
vt 0.204000 0.250000
vt 0.353147 0.250000
vt 0.375000 0.978147
vt 0.625000 0.978147
vt 0.625000 0.829000
vt 0.375000 0.829000
vt 0.033860 0.179935
vt 0.033860 0.179935
vt 0.033860 0.919376
vt 0.033860 0.919376
vt 0.375000 0.250000
vt 0.625000 0.250000
vt 0.625000 0.500000
vt 0.375000 0.500000
vt 0.999999 0.919376
vt 0.999999 0.919376
vt 0.999999 0.179935
vt 0.999999 0.179935
vt 0.375000 0.750000
vt 0.625000 0.750000
vt 0.625000 1.000000
vt 0.375000 1.000000
vt 0.625000 0.000000
vt 0.875000 0.000000
vt 0.875000 0.250000
vt 0.125000 0.000000
vt 0.375000 0.000000
vt 0.125000 0.250000
vt 0.375000 0.312500
vt 0.387500 0.312500
vt 0.387500 0.687500
vt 0.375000 0.687500
vt 0.400000 0.312500
vt 0.400000 0.687500
vt 0.412500 0.312500
vt 0.412500 0.687500
vt 0.425000 0.312500
vt 0.425000 0.687500
vt 0.437500 0.312500
vt 0.437500 0.687500
vt 0.450000 0.312500
vt 0.450000 0.687500
vt 0.462500 0.312500
vt 0.462500 0.687500
vt 0.475000 0.312500
vt 0.475000 0.687500
vt 0.487500 0.312500
vt 0.487500 0.687500
vt 0.500000 0.312500
vt 0.500000 0.687500
vt 0.512500 0.312500
vt 0.512500 0.687500
vt 0.525000 0.312500
vt 0.525000 0.687500
vt 0.537500 0.312500
vt 0.537500 0.687500
vt 0.550000 0.312500
vt 0.550000 0.687500
vt 0.562500 0.312500
vt 0.562500 0.687500
vt 0.575000 0.312500
vt 0.575000 0.687500
vt 0.587500 0.312500
vt 0.587500 0.687500
vt 0.600000 0.312500
vt 0.600000 0.687500
vt 0.612500 0.312500
vt 0.612500 0.687500
vt 0.625000 0.312500
vt 0.625000 0.687500
vt 0.626409 0.064408
vt 0.648603 0.107966
vt 0.500000 0.156250
vt 0.591842 0.029841
vt 0.548284 0.007647
vt 0.500000 -0.000000
vt 0.451716 0.007647
vt 0.408159 0.029841
vt 0.373591 0.064409
vt 0.351397 0.107966
vt 0.343750 0.156250
vt 0.351397 0.204534
vt 0.373591 0.248091
vt 0.408159 0.282659
vt 0.451716 0.304853
vt 0.500000 0.312500
vt 0.548284 0.304853
vt 0.591841 0.282659
vt 0.626409 0.248091
vt 0.648603 0.204534
vt 0.656250 0.156250
vt 0.648603 0.892034
vt 0.626409 0.935591
vt 0.500000 0.843750
vt 0.591841 0.970159
vt 0.548284 0.992353
vt 0.500000 1.000000
vt 0.451716 0.992353
vt 0.408159 0.970159
vt 0.373591 0.935591
vt 0.351397 0.892034
vt 0.343750 0.843750
vt 0.351397 0.795466
vt 0.373591 0.751909
vt 0.408159 0.717341
vt 0.451716 0.695147
vt 0.500000 0.687500
vt 0.548284 0.695147
vt 0.591842 0.717341
vt 0.626409 0.751908
vt 0.648603 0.795466
vt 0.656250 0.843750
vt 0.375000 0.000000
vt 0.625000 0.000000
vt 0.625000 0.250000
vt 0.375000 0.250000
vt 4.575642 0.463696
vt -3.575642 0.463696
vt 4.575642 0.786304
vt -3.575642 0.786304
vt 0.625000 1.000000
vt 0.375000 1.000000
vt 0.875000 0.000000
vt 0.875000 0.250000
vt 0.125000 0.000000
vt 0.125000 0.250000
vt 0.375000 0.000000
vt 0.625000 0.000000
vt 0.625000 0.250000
vt 0.375000 0.250000
vt 0.375000 1.000000
vt 0.375000 0.960346
vt 0.375000 0.927256
vt 0.375000 0.902830
vt 0.375000 0.872570
vt 0.375000 0.848336
vt 0.375000 0.822443
vt 0.375000 0.778638
vt 0.375000 0.765732
vt 0.625000 0.783981
vt 0.625000 0.827440
vt 0.625000 0.850129
vt 0.625000 0.870973
vt 0.625000 0.897177
vt 0.625000 0.922692
vt 0.625000 0.956444
vt 0.625000 0.983204
vt 0.625000 1.000000
vt 0.625000 0.500000
vt 0.375000 0.500000
vt 0.375000 0.750000
vt 0.625000 0.750000
vt 0.435836 0.250000
vt 0.544496 0.250000
vt 0.544496 0.000000
vt 0.435836 0.000000
vt 0.544496 0.769859
vt 0.435836 0.764781
vt 0.544496 0.818991
vt 0.435836 0.500000
vt 0.544496 0.500000
vt 0.435836 0.750000
vt 0.544496 0.750000
vt -0.000001 1.000000
vt 0.999999 1.000000
vt 0.999999 0.000000
vt -0.000001 0.000000
vt -0.000001 0.062926
vt 0.115592 0.114550
vt 0.370033 0.289773
vt 0.432291 0.393344
vt 0.450793 0.490281
vt 0.426585 0.611322
vt 0.323719 0.709026
vt 0.142523 0.841382
vt 0.067916 0.067917
vt 0.932083 0.067917
vt 0.932083 0.932083
vt 0.067916 0.932083
vt 0.210439 0.841860
vt 0.391636 0.709815
vt 0.494502 0.610404
vt 0.518709 0.491216
vt 0.500209 0.395462
vt 0.437951 0.293413
vt 0.183509 0.119011
vt 0.875000 0.000000
vt 0.875000 0.250000
vt 0.640656 0.001141
vt 0.665598 0.002958
vt 0.697057 0.005250
vt 0.720840 0.006983
vt 0.745264 0.008763
vt 0.764693 0.010179
vt 0.785840 0.011720
vt 0.826347 0.014671
vt 0.842503 0.015848
vt 0.858021 0.016979
vt 0.840859 0.016979
vt 0.798401 0.016979
vt 0.775197 0.016979
vt 0.753738 0.016979
vt 0.728261 0.016979
vt 0.702366 0.016979
vt 0.670255 0.016979
vt 0.641979 0.016979
vt 0.641979 0.233021
vt 0.858021 0.233021
vt 0.435836 0.815235
vt 0.435836 0.844757
vt 0.544496 0.845842
vt 0.435836 0.872459
vt 0.544496 0.870675
vt 0.435836 0.906940
vt 0.544496 0.900155
vt 0.435836 0.935699
vt 0.544496 0.930121
vt 0.435836 0.973899
vt 0.544496 0.967279
vt 0.435836 1.000000
vt 0.544496 1.000000
vt 0.625000 0.766648
vt 0.375000 0.000000
vt 0.625000 0.000000
vt 0.625000 0.250000
vt 0.375000 0.250000
vt 0.625000 0.500000
vt 0.375000 0.500000
vt 0.625000 0.750000
vt 0.375000 0.750000
vt 0.625000 1.000000
vt 0.375000 1.000000
vt 0.875000 0.000000
vt 0.875000 0.250000
vt 0.125000 0.000000
vt 0.125000 0.250000
vt 0.375000 0.000000
vt 0.625000 0.000000
vt 0.625000 0.250000
vt 0.375000 0.250000
vt 0.375000 1.000000
vt 0.375000 0.750000
vt 0.625000 0.750000
vt 0.625000 1.000000
vt 0.625000 0.500000
vt 0.375000 0.500000
vt 0.477468 0.250000
vt 0.529729 0.250000
vt 0.529729 0.000000
vt 0.477468 0.000000
vt 0.477468 0.750000
vt 0.477468 1.000000
vt 0.529729 1.000000
vt 0.529729 0.750000
vt 0.477468 0.500000
vt 0.529729 0.500000
vt 0.125000 0.250000
vt 0.125000 0.000000
vt 0.188103 0.211866
vt 0.188103 0.248989
vt 0.350823 0.248989
vt 0.350823 0.211866
vt 0.000000 0.000000
vt 1.000000 0.000000
vt 1.000000 1.000000
vt 0.000000 1.000000
vt 0.747589 0.838731
vt 0.096710 0.838731
vt 0.096710 0.995956
vt 0.747589 0.995956
vt 0.375000 0.000000
vt 0.625000 0.000000
vt 0.625000 0.250000
vt 0.375000 0.250000
vt 0.625000 0.500000
vt 0.375000 0.500000
vt 0.625000 0.750000
vt 0.375000 0.750000
vt 0.625000 1.000000
vt 0.375000 1.000000
vt 0.875000 0.000000
vt 0.875000 0.250000
vt 0.125000 0.000000
vt 0.125000 0.250000
vt 0.375000 0.000000
vt 0.625000 0.000000
vt 0.625000 0.250000
vt 0.375000 0.250000
vt 0.625000 0.500000
vt 0.375000 0.500000
vt 0.625000 0.750000
vt 0.375000 0.750000
vt 0.625000 1.000000
vt 0.375000 1.000000
vt 0.875000 0.000000
vt 0.875000 0.250000
vt 0.125000 0.000000
vt 0.125000 0.250000
vt 0.375000 0.000000
vt 0.625000 0.000000
vt 0.007312 0.040157
vt 0.025939 1.006906
vt 0.974061 0.021529
vt 0.992688 0.988278
vt 0.625000 0.750000
vt 0.375000 0.750000
vt 0.625000 1.000000
vt 0.375000 1.000000
vt 0.875000 0.000000
vt 0.875000 0.250000
vt 0.125000 0.000000
vt 0.125000 0.250000
vt 1.259137 0.411729
vt 1.258071 0.447214
vt 0.741622 0.361805
vt 0.740556 0.361803
vt 1.538619 0.227072
vt 1.491425 0.490548
vt 0.545029 0.313672
vt 0.620768 -0.080615
vt 1.452818 0.728975
vt 0.494917 0.549948
vt 1.426589 0.919016
vt 0.450738 0.736634
vt 1.415303 1.042067
vt 2.382779 1.222882
vt 2.416697 1.104061
vt -0.550656 0.674640
vt -0.545925 0.718651
vt 0.396512 0.894787
vt 0.416819 0.855456
vt 1.281255 1.000000
vt 1.289042 0.972945
vt 0.710661 0.972945
vt 0.718444 1.000000
vt 1.315932 0.447214
vt 1.685186 0.447214
vt 1.685978 0.618035
vt 1.315142 0.618035
vt 1.688311 0.772134
vt 1.312816 0.772134
vt 1.692047 0.894428
vt 1.309089 0.894428
vt 1.696945 0.972945
vt 1.304204 0.972945
vt 1.702632 1.000000
vt 1.298530 1.000000
vt 1.708609 0.972945
vt 1.292565 0.972945
vt 0.684132 0.447214
vt 0.684922 0.618035
vt 0.314085 0.618035
vt 0.314877 0.447214
vt 0.687247 0.772134
vt 0.311753 0.772134
vt 0.690974 0.894428
vt 0.308016 0.894428
vt 0.695859 0.972945
vt 0.303119 0.972945
vt 0.701534 1.000000
vt 0.297431 1.000000
vt 0.707499 0.972945
vt 0.291455 0.972945
vt 0.288694 0.972945
vt 0.281099 1.000000
vt 0.283284 1.000000
vt 0.290752 0.972945
vt 0.273791 0.972945
vt 0.276099 0.972945
vt 0.267437 0.894428
vt 0.269853 0.894428
vt 0.262551 0.772134
vt 0.265050 0.772134
vt 0.259485 0.618035
vt 0.262037 0.618035
vt 0.258442 0.447214
vt 0.261011 0.447214
vt 0.259485 0.276394
vt 0.262037 0.382734
vt 0.265345 0.382734
vt 0.264398 0.447214
vt 0.265345 0.618035
vt 0.268127 0.772134
vt 0.272566 0.894428
vt 0.278352 0.972945
vt 0.285025 1.000000
vt 0.291982 0.972945
vt 0.269517 0.276394
vt 0.268714 0.447214
vt 0.269517 0.618035
vt 0.271879 0.772134
vt 0.275658 0.894428
vt 0.280600 0.972945
vt 0.286326 1.000000
vt 0.292325 0.972945
vt 0.274521 0.276394
vt 0.273920 0.447214
vt 0.274521 0.618035
vt 0.276293 0.772134
vt 0.279135 0.894428
vt 0.282866 0.972945
vt 0.287209 1.000000
vt 0.291786 0.972945
vt 0.280209 0.276394
vt 0.279854 0.447214
vt 0.280209 0.618035
vt 0.281257 0.772134
vt 0.282941 0.894428
vt 0.285159 0.972945
vt 0.287751 1.000000
vt 0.290496 0.972945
vt 0.286268 0.276394
vt 0.286180 0.447214
vt 0.286268 0.618035
vt 0.286528 0.772134
vt 0.286947 0.894428
vt 0.287500 0.972945
vt 0.288147 1.000000
vt 0.288834 0.972945
vt 0.292304 0.276394
vt 0.292475 0.447214
vt 0.292304 0.618035
vt 0.291799 0.772134
vt 0.290986 0.894428
vt 0.289914 0.972945
vt 0.288658 1.000000
vt 0.287325 0.972945
vt 0.297978 0.276394
vt 0.298377 0.447214
vt 0.297978 0.618035
vt 0.296800 0.772134
vt 0.294907 0.894428
vt 0.292413 0.972945
vt 0.289497 1.000000
vt 0.286410 0.972945
vt 0.303073 0.276394
vt 0.303655 0.447214
vt 0.303073 0.618035
vt 0.301359 0.772134
vt 0.298606 0.894428
vt 0.294988 0.972945
vt 0.290769 1.000000
vt 0.286315 0.972945
vt 0.307484 0.276394
vt 0.308195 0.447214
vt 0.307484 0.618035
vt 0.305389 0.772134
vt 0.302030 0.894428
vt 0.297623 0.972945
vt 0.292498 1.000000
vt 0.287104 0.972945
vt 0.311142 0.276394
vt 0.311923 0.447214
vt 0.311142 0.618035
vt 0.308841 0.772134
vt 0.305155 0.894428
vt 0.300324 0.972945
vt 0.294715 1.000000
vt 0.288821 0.972945
vt 0.314085 0.276394
vt -0.291391 0.972945
vt -0.297368 1.000000
vt -0.294625 1.000000
vt -0.288736 0.972945
vt -0.303055 0.972945
vt -0.300231 0.972945
vt -0.307953 0.894428
vt -0.305057 0.894428
vt -0.311689 0.772134
vt -0.308740 0.772134
vt -0.314022 0.618035
vt -0.311040 0.618035
vt -0.314814 0.447214
vt -0.311820 0.447214
vt -0.314022 0.276394
vt -0.311040 0.276394
vt -0.307316 0.276394
vt -0.308024 0.447214
vt -0.307316 0.618035
vt -0.305232 0.772134
vt -0.301890 0.894428
vt -0.297506 0.972945
vt -0.292406 1.000000
vt -0.287039 0.972945
vt -0.302813 0.276394
vt -0.303385 0.447214
vt -0.302813 0.618035
vt -0.301125 0.772134
vt -0.298416 0.894428
vt -0.294853 0.972945
vt -0.290699 1.000000
vt -0.286313 0.972945
vt -0.297608 0.276394
vt -0.297991 0.447214
vt -0.297608 0.618035
vt -0.296478 0.772134
vt -0.294660 0.894428
vt -0.292266 0.972945
vt -0.289466 1.000000
vt -0.286500 0.972945
vt -0.291834 0.276394
vt -0.291983 0.447214
vt -0.291834 0.618035
vt -0.291394 0.772134
vt -0.290686 0.894428
vt -0.289752 0.972945
vt -0.288658 1.000000
vt -0.287497 0.972945
vt -0.285739 0.276394
vt -0.285627 0.447214
vt -0.285739 0.618035
vt -0.286072 0.772134
vt -0.286608 0.894428
vt -0.287314 0.972945
vt -0.288142 1.000000
vt -0.289020 0.972945
vt -0.279682 0.276394
vt -0.279305 0.447214
vt -0.279682 0.618035
vt -0.280795 0.772134
vt -0.282583 0.894428
vt -0.284937 0.972945
vt -0.287688 1.000000
vt -0.290600 0.972945
vt -0.274038 0.276394
vt -0.273421 0.447214
vt -0.274038 0.618035
vt -0.275856 0.772134
vt -0.278771 0.894428
vt -0.282597 0.972945
vt -0.287050 1.000000
vt -0.291741 0.972945
vt -0.269083 0.276394
vt -0.268271 0.447214
vt -0.269083 0.618035
vt -0.271470 0.772134
vt -0.275290 0.894428
vt -0.280284 0.972945
vt -0.286068 1.000000
vt -0.292128 0.972945
vt -0.264938 0.378899
vt -0.263988 0.447214
vt -0.264938 0.618035
vt -0.267730 0.772134
vt -0.272186 0.894428
vt -0.277993 0.972945
vt -0.284689 1.000000
vt -0.291670 0.972945
vt -0.261628 0.465394
vt -0.260602 0.447214
vt -0.261628 0.618035
vt -0.264644 0.772134
vt -0.269450 0.894428
vt -0.275702 0.972945
vt -0.282893 1.000000
vt -0.290368 0.972945
vt -0.259051 0.362888
vt -0.258007 0.447214
vt -0.259051 0.618035
vt -0.262117 0.772134
vt -0.267004 0.894428
vt -0.273360 0.972945
vt -0.280671 1.000000
vt -0.288269 0.972945
vt 1.283494 1.000000
vt 1.291153 0.972945
vt 1.273770 0.972945
vt 1.276131 0.972945
vt 1.267267 0.894428
vt 1.269736 0.894428
vt 1.262270 0.772134
vt 1.264822 0.772134
vt 1.259137 0.618035
vt 1.261741 0.618035
vt 1.260692 0.447214
vt 1.261741 0.411729
vt 1.265100 0.276394
vt 1.264131 0.447214
vt 1.265100 0.618035
vt 1.267952 0.772134
vt 1.272505 0.894428
vt 1.278443 0.972945
vt 1.285297 1.000000
vt 1.292447 0.972945
vt 1.269327 0.276394
vt 1.268500 0.447214
vt 1.269327 0.618035
vt 1.271762 0.772134
vt 1.275659 0.894428
vt 1.280759 0.972945
vt 1.286670 1.000000
vt 1.292869 0.972945
vt 1.274397 0.276394
vt 1.273771 0.447214
vt 1.274397 0.618035
vt 1.276244 0.772134
vt 1.279208 0.894428
vt 1.283101 0.972945
vt 1.287636 1.000000
vt 1.292418 0.972945
vt 1.280173 0.276394
vt 1.279792 0.447214
vt 1.280173 0.618035
vt 1.281296 0.772134
vt 1.283101 0.894428
vt 1.285480 0.972945
vt 1.288262 1.000000
vt 1.291209 0.972945
vt 1.286351 0.276394
vt 1.286240 0.447214
vt 1.286351 0.618035
vt 1.286681 0.772134
vt 1.287212 0.894428
vt 1.287912 0.972945
vt 1.288732 1.000000
vt 1.289604 0.972945
vt 1.292541 0.276394
vt 1.292693 0.447214
vt 1.292541 0.618035
vt 1.292094 0.772134
vt 1.291373 0.894428
vt 1.290421 0.972945
vt 1.289307 1.000000
vt 1.288123 0.972945
vt 1.298390 0.276394
vt 1.298775 0.447214
vt 1.298390 0.618035
vt 1.297254 0.772134
vt 1.295428 0.894428
vt 1.293021 0.972945
vt 1.290207 1.000000
vt 1.287224 0.972945
vt 1.303666 0.276394
vt 1.304239 0.447214
vt 1.303666 0.618035
vt 1.301978 0.772134
vt 1.299268 0.894428
vt 1.295703 0.972945
vt 1.291546 1.000000
vt 1.287156 0.972945
vt 1.308250 0.276394
vt 1.308956 0.447214
vt 1.308250 0.618035
vt 1.306169 0.772134
vt 1.302832 0.894428
vt 1.298454 0.972945
vt 1.293361 1.000000
vt 1.287998 0.972945
vt 1.312064 0.276394
vt 1.312843 0.447214
vt 1.312064 0.618035
vt 1.309770 0.772134
vt 1.306095 0.894428
vt 1.301279 0.972945
vt 1.295684 1.000000
vt 1.289804 0.972945
vt 1.315142 0.276394
vt 0.739026 0.361805
vt 0.737978 0.361803
vt 0.740556 0.618035
vt 0.737978 0.618035
vt 0.737423 0.772134
vt 0.734899 0.772134
vt 0.732427 0.894428
vt 0.729988 0.894428
vt 0.725926 0.972945
vt 0.723598 0.972945
vt 0.716242 1.000000
vt 0.708590 0.972945
vt 0.707368 0.972945
vt 0.714494 1.000000
vt 0.721324 0.972945
vt 0.727241 0.894428
vt 0.731779 0.772134
vt 0.734620 0.618035
vt 0.735586 0.447214
vt 0.734620 0.276394
vt 0.707062 0.972945
vt 0.713200 1.000000
vt 0.719052 0.972945
vt 0.724099 0.894428
vt 0.727956 0.772134
vt 0.730365 0.618035
vt 0.731183 0.447214
vt 0.730365 0.276394
vt 0.707668 0.972945
vt 0.712334 1.000000
vt 0.716758 0.972945
vt 0.720554 0.894428
vt 0.723443 0.772134
vt 0.725243 0.618035
vt 0.725854 0.447214
vt 0.725243 0.276394
vt 0.709027 0.972945
vt 0.711805 1.000000
vt 0.714425 0.972945
vt 0.716666 0.894428
vt 0.718366 0.772134
vt 0.719423 0.618035
vt 0.719781 0.447214
vt 0.719423 0.276394
vt 0.710714 0.972945
vt 0.711392 1.000000
vt 0.712030 0.972945
vt 0.712574 0.894428
vt 0.712987 0.772134
vt 0.713243 0.618035
vt 0.713330 0.447214
vt 0.713243 0.276394
vt 0.712179 0.972945
vt 0.710822 1.000000
vt 0.709544 0.972945
vt 0.708453 0.894428
vt 0.707626 0.772134
vt 0.707112 0.618035
vt 0.706938 0.447214
vt 0.707112 0.276394
vt 0.712995 0.972945
vt 0.709890 1.000000
vt 0.706958 0.972945
vt 0.704451 0.894428
vt 0.702548 0.772134
vt 0.701365 0.618035
vt 0.700964 0.447214
vt 0.701365 0.276394
vt 0.712970 0.972945
vt 0.708512 1.000000
vt 0.704289 0.972945
vt 0.700668 0.894428
vt 0.697913 0.772134
vt 0.696198 0.618035
vt 0.695616 0.447214
vt 0.696198 0.276394
vt 0.712064 0.972945
vt 0.706675 1.000000
vt 0.701555 0.972945
vt 0.697154 0.894428
vt 0.693799 0.772134
vt 0.691707 0.618035
vt 0.690997 0.447214
vt 0.691707 0.276394
vt 0.710238 0.972945
vt 0.704353 1.000000
vt 0.698754 0.972945
vt 0.693934 0.894428
vt 0.690256 0.772134
vt 0.687960 0.618035
vt 0.687181 0.447214
vt 0.687960 0.276394
vt 0.684922 0.276394
vt 0.033861 0.179935
vt 0.033861 0.179935
vt 0.033861 0.919376
vt 0.033861 0.919376
vt 0.375000 0.250000
vt 0.625000 0.250000
vt 0.625000 0.500000
vt 0.375000 0.500000
vt 1.000000 0.919376
vt 1.000000 0.919376
vt 1.000000 0.179935
vt 1.000000 0.179935
vt 0.375000 0.750000
vt 0.625000 0.750000
vt 0.625000 1.000000
vt 0.375000 1.000000
vt 0.625000 0.000000
vt 0.875000 0.000000
vt 0.875000 0.250000
vt 0.125000 0.000000
vt 0.375000 0.000000
vt 0.125000 0.250000
vt 0.000000 0.600000
vt 0.050000 0.600000
vt 0.050000 0.650000
vt 0.000000 0.650000
vt 0.100000 0.600000
vt 0.100000 0.650000
vt 0.150000 0.600000
vt 0.150000 0.650000
vt 0.200000 0.600000
vt 0.200000 0.650000
vt 0.250000 0.600000
vt 0.250000 0.650000
vt 0.650000 0.600000
vt 0.700000 0.600000
vt 0.700000 0.650000
vt 0.650000 0.650000
vt 0.750000 0.600000
vt 0.750000 0.650000
vt 0.800000 0.600000
vt 0.800000 0.650000
vt 0.850000 0.600000
vt 0.850000 0.650000
vt 0.900000 0.600000
vt 0.900000 0.650000
vt 0.950000 0.600000
vt 0.950000 0.650000
vt 1.000000 0.600000
vt 1.000000 0.650000
vt 0.050000 0.700000
vt 0.000000 0.700000
vt 0.100000 0.700000
vt 0.150000 0.700000
vt 0.200000 0.700000
vt 0.250000 0.700000
vt 0.700000 0.700000
vt 0.650000 0.700000
vt 0.750000 0.700000
vt 0.800000 0.700000
vt 0.850000 0.700000
vt 0.900000 0.700000
vt 0.950000 0.700000
vt 1.000000 0.700000
vt 0.050000 0.750000
vt 0.000000 0.750000
vt 0.100000 0.750000
vt 0.150000 0.750000
vt 0.200000 0.750000
vt 0.250000 0.750000
vt 0.700000 0.750000
vt 0.650000 0.750000
vt 0.750000 0.750000
vt 0.800000 0.750000
vt 0.850000 0.750000
vt 0.900000 0.750000
vt 0.950000 0.750000
vt 1.000000 0.750000
vt 0.050000 0.800000
vt 0.000000 0.800000
vt 0.100000 0.800000
vt 0.150000 0.800000
vt 0.200000 0.800000
vt 0.250000 0.800000
vt 0.300000 0.750000
vt 0.300000 0.800000
vt 0.600000 0.750000
vt 0.650000 0.800000
vt 0.600000 0.800000
vt 0.700000 0.800000
vt 0.750000 0.800000
vt 0.800000 0.800000
vt 0.850000 0.800000
vt 0.900000 0.800000
vt 0.950000 0.800000
vt 1.000000 0.800000
vt 0.050000 0.850000
vt 0.000000 0.850000
vt 0.100000 0.850000
vt 0.150000 0.850000
vt 0.200000 0.850000
vt 0.250000 0.850000
vt 0.300000 0.850000
vt 0.350000 0.800000
vt 0.350000 0.850000
vt 0.550000 0.800000
vt 0.600000 0.850000
vt 0.550000 0.850000
vt 0.650000 0.850000
vt 0.700000 0.850000
vt 0.750000 0.850000
vt 0.800000 0.850000
vt 0.850000 0.850000
vt 0.900000 0.850000
vt 0.950000 0.850000
vt 1.000000 0.850000
vt 0.050000 0.900000
vt 0.000000 0.900000
vt 0.100000 0.900000
vt 0.150000 0.900000
vt 0.200000 0.900000
vt 0.250000 0.900000
vt 0.300000 0.900000
vt 0.350000 0.900000
vt 0.400000 0.850000
vt 0.400000 0.900000
vt 0.450000 0.850000
vt 0.450000 0.900000
vt 0.500000 0.850000
vt 0.500000 0.900000
vt 0.550000 0.900000
vt 0.600000 0.900000
vt 0.650000 0.900000
vt 0.700000 0.900000
vt 0.750000 0.900000
vt 0.800000 0.900000
vt 0.850000 0.900000
vt 0.900000 0.900000
vt 0.950000 0.900000
vt 1.000000 0.900000
vt 0.050000 0.950000
vt 0.000000 0.950000
vt 0.100000 0.950000
vt 0.150000 0.950000
vt 0.200000 0.950000
vt 0.250000 0.950000
vt 0.300000 0.950000
vt 0.350000 0.950000
vt 0.400000 0.950000
vt 0.450000 0.950000
vt 0.500000 0.950000
vt 0.550000 0.950000
vt 0.600000 0.950000
vt 0.650000 0.950000
vt 0.700000 0.950000
vt 0.750000 0.950000
vt 0.800000 0.950000
vt 0.850000 0.950000
vt 0.900000 0.950000
vt 0.950000 0.950000
vt 1.000000 0.950000
vt 0.025000 1.000000
vt 0.075000 1.000000
vt 0.125000 1.000000
vt 0.175000 1.000000
vt 0.225000 1.000000
vt 0.275000 1.000000
vt 0.325000 1.000000
vt 0.375000 1.000000
vt 0.425000 1.000000
vt 0.475000 1.000000
vt 0.525000 1.000000
vt 0.575000 1.000000
vt 0.625000 1.000000
vt 0.675000 1.000000
vt 0.725000 1.000000
vt 0.775000 1.000000
vt 0.825000 1.000000
vt 0.875000 1.000000
vt 0.925000 1.000000
vt 0.975000 1.000000
vt 0.200000 0.600000
vt 0.250000 0.600000
vt 0.150000 0.600000
vt 0.100000 0.600000
vt 0.050000 0.600000
vt 0.000000 0.600000
vt 0.950000 0.600000
vt 1.000000 0.600000
vt 0.900000 0.600000
vt 0.850000 0.600000
vt 0.800000 0.600000
vt 0.750000 0.600000
vt 0.700000 0.600000
vt 0.650000 0.600000
vt 0.650000 0.600000
vt 0.700000 0.600000
vt 0.750000 0.600000
vt 0.800000 0.600000
vt 0.850000 0.600000
vt 0.900000 0.600000
vt 0.950000 0.600000
vt 1.000000 0.600000
vt 0.000000 0.600000
vt 0.050000 0.600000
vt 0.100000 0.600000
vt 0.150000 0.600000
vt 0.200000 0.600000
vt 0.250000 0.600000
vt 0.443474 0.000000
vt 0.443474 0.250000
vt 0.528558 0.250000
vt 0.528558 0.000000
vt 0.443474 0.750000
vt 0.528558 0.750000
vt 0.528558 0.500000
vt 0.443474 0.500000
vt 1.139767 -0.016558
vt 0.625000 0.000000
vt 0.625000 0.250000
vt 1.139767 0.981898
vt 0.375000 1.000000
vt 0.375000 0.750000
vt 0.625000 0.750000
vt 0.625000 1.000000
vt 0.625000 0.500000
vt 0.375000 0.500000
vt 0.443474 0.010100
vt 0.528558 0.010100
vt 0.528558 0.000000
vt 0.443474 0.000000
vt 0.443474 0.739900
vt 0.443474 0.750000
vt 0.528558 0.750000
vt 0.528558 0.739900
vt 0.443474 0.246967
vt 0.443474 0.250000
vt 0.528558 0.250000
vt 0.528558 0.246967
vt 0.443474 0.500000
vt 0.528558 0.500000
vt 0.528558 0.503033
vt 0.443474 0.503033
vt -1.188384 0.981898
vt -1.188384 -0.016558
vt -0.859979 0.607031
vt -0.874565 0.607031
vt -0.874565 0.611580
vt -0.874565 0.718249
vt -0.874565 0.719615
vt 0.640781 0.719615
vt 0.640781 0.718249
vt 0.640781 0.611580
vt 0.640781 0.607031
vt 0.875000 0.000000
vt 0.875000 0.250000
vt 0.839735 0.156139
vt 0.678582 0.156139
vt 0.678582 0.157277
vt 0.678582 0.183986
vt 0.678582 0.184328
vt 0.841302 0.184328
vt 0.841302 0.183986
vt 0.841302 0.157277
vt 0.841302 0.156138
vt 0.443474 0.752406
vt 0.443474 1.000000
vt 0.528558 1.000000
vt 0.528558 0.752406
vt 0.562500 0.312500
vt 0.575000 0.312500
vt 0.575000 0.687500
vt 0.562500 0.687500
vt 0.587500 0.312500
vt 0.587500 0.687500
vt 0.600000 0.312500
vt 0.600000 0.687500
vt 0.612500 0.312500
vt 0.612500 0.687500
vt 0.625000 0.312500
vt 0.625000 0.687500
vt 0.375000 0.000000
vt 0.625000 0.000000
vt 0.625000 0.250000
vt 0.375000 0.250000
vt 0.625000 0.500000
vt 0.375000 0.500000
vt 0.625000 0.750000
vt 0.375000 0.750000
vt 0.625000 1.000000
vt 0.375000 1.000000
vt 0.875000 0.000000
vt 0.875000 0.250000
vt 0.125000 0.000000
vt 0.125000 0.250000
vt 0.462500 0.312500
vt 0.475000 0.312500
vt 0.475000 0.687500
vt 0.462500 0.687500
vt 0.487500 0.312500
vt 0.487500 0.687500
vt 0.500000 0.312500
vt 0.500000 0.687500
vt 0.512500 0.312500
vt 0.512500 0.687500
vt 0.525000 0.312500
vt 0.525000 0.687500
vt 0.537500 0.312500
vt 0.537500 0.687500
vt 0.550000 0.312500
vt 0.550000 0.687500
vt 0.562500 0.312500
vt 0.562500 0.687500
vt 0.575000 0.312500
vt 0.575000 0.687500
vt 0.351397 0.107966
vt 0.373591 0.064409
vt 0.500000 0.156250
vt 0.343750 0.156250
vt 0.351397 0.204534
vt 0.373591 0.248091
vt 0.408159 0.282659
vt 0.451716 0.304853
vt 0.500000 0.312500
vt 0.548284 0.304853
vt 0.591841 0.282659
vt 0.626409 0.248091
vt 0.373591 0.935591
vt 0.351397 0.892034
vt 0.500000 0.843750
vt 0.343750 0.843750
vt 0.351397 0.795466
vt 0.373591 0.751909
vt 0.408159 0.717341
vt 0.451716 0.695147
vt 0.500000 0.687500
vt 0.548284 0.695147
vt 0.591842 0.717341
vt 0.626409 0.751908
vt 0.648603 0.795466
vt 0.375000 0.000000
vt 0.625000 0.000000
vt 0.625000 0.250000
vt 0.375000 0.250000
vt 0.625000 0.500000
vt 0.375000 0.500000
vt 0.625000 0.750000
vt 0.375000 0.750000
vt 0.625000 1.000000
vt 0.375000 1.000000
vt 0.875000 0.000000
vt 0.875000 0.250000
vt 1.000000 0.000000
vt 0.000000 0.000000
vt 0.000000 1.000000
vt 1.000000 1.000000
vt 0.375000 0.000000
vt 0.625000 0.000000
vt 0.625000 0.250000
vt 0.375000 0.250000
vt 0.625000 0.500000
vt 0.375000 0.500000
vt 0.625000 0.750000
vt 0.375000 0.750000
vt 0.625000 1.000000
vt 0.375000 1.000000
vt 0.875000 0.000000
vt 0.875000 0.250000
vt 0.125000 0.000000
vt 0.125000 0.250000
vt 0.375000 0.000000
vt 0.625000 0.000000
vt 0.625000 0.250000
vt 0.375000 0.250000
vt 0.625000 0.500000
vt 0.375000 0.500000
vt 0.625000 0.750000
vt 0.375000 0.750000
vt 0.625000 1.000000
vt 0.375000 1.000000
vt 0.875000 0.000000
vt 0.875000 0.250000
vt 0.125000 0.000000
vt 0.125000 0.250000
vt 0.375000 0.000000
vt 0.625000 0.000000
vt 0.625000 0.250000
vt 0.375000 0.250000
vt 0.625000 0.500000
vt 0.375000 0.500000
vt 0.625000 0.750000
vt 0.375000 0.750000
vt 0.625000 1.000000
vt 0.375000 1.000000
vt 0.875000 0.000000
vt 0.875000 0.250000
vt 0.125000 0.000000
vt 0.125000 0.250000
vt 0.375000 0.081034
vt 0.625000 0.000000
vt 0.625000 0.250000
vt 0.375000 0.985807
vt 0.625000 0.500000
vt 0.375000 0.500000
vt 0.625000 0.750000
vt 0.375000 0.750000
vt 0.625000 1.000000
vt 0.375000 1.000000
vt 0.875000 0.000000
vt 0.875000 0.250000
vt 0.125000 0.081034
vt 0.125000 0.985807
vt 0.375000 0.000000
vt 0.625000 0.000000
vt 0.625000 0.250000
vt 0.375000 0.250000
vt 0.625000 0.500000
vt 0.375000 0.500000
vt 0.625000 0.750000
vt 0.375000 0.750000
vt 0.625000 1.000000
vt 0.375000 1.000000
vt 0.875000 0.000000
vt 0.875000 0.250000
vt 0.125000 0.000000
vt 0.125000 0.250000
vt 0.462500 0.312500
vt 0.475000 0.312500
vt 0.475000 0.687500
vt 0.462500 0.687500
vt 0.487500 0.312500
vt 0.487500 0.687500
vt 0.500000 0.312500
vt 0.500000 0.687500
vt 0.512500 0.312500
vt 0.512500 0.687500
vt 0.525000 0.312500
vt 0.525000 0.687500
vt 0.537500 0.312500
vt 0.537500 0.687500
vt 0.550000 0.312500
vt 0.550000 0.687500
vt 0.562500 0.312500
vt 0.562500 0.687500
vt 0.575000 0.312500
vt 0.575000 0.687500
vt 0.351397 0.204534
vt 0.343750 0.156250
vt 0.500000 0.156250
vt 0.373591 0.248091
vt 0.408159 0.282659
vt 0.451716 0.304853
vt 0.500000 0.312500
vt 0.548284 0.304853
vt 0.591841 0.282659
vt 0.626409 0.248091
vt 0.373591 0.935591
vt 0.351397 0.892034
vt 0.500000 0.843750
vt 0.343750 0.843750
vt 0.351397 0.795466
vt 0.373591 0.751909
vt 0.408159 0.717341
vt 0.451716 0.695147
vt 0.500000 0.687500
vt 0.548284 0.695147
vt 0.591842 0.717341
vt 0.626409 0.751908
vt 0.648603 0.795466
vt 0.656250 0.843750
vt 0.648603 0.892034
vt 0.375000 0.000000
vt 0.625000 0.000000
vt 0.625000 0.250000
vt 0.375000 0.250000
vt 0.375000 1.000000
vt 0.375000 0.750000
vt 0.625000 0.750000
vt 0.625000 1.000000
vt 0.625000 0.500000
vt 0.375000 0.500000
vt 0.435836 0.250000
vt 0.544496 0.250000
vt 0.544496 0.000000
vt 0.435836 0.000000
vt 0.435836 0.750000
vt 0.435836 1.000000
vt 0.544496 1.000000
vt 0.544496 0.750000
vt 0.435836 0.500000
vt 0.544496 0.500000
vt 0.125000 0.250000
vt 0.125000 0.000000
vt 0.141979 0.016979
vt 0.141979 0.233021
vt 0.358021 0.233021
vt 0.358021 0.016979
vt 0.875000 0.000000
vt 0.875000 0.250000
vt 0.858021 0.016979
vt 0.641979 0.016979
vt 0.641979 0.233021
vt 0.858021 0.233021
vt 0.375000 0.000000
vt 0.000331 0.000000
vt 0.000331 0.250000
vt 0.375000 0.250000
vt 0.625000 0.292262
vt 0.375000 0.290389
vt 0.375000 0.500000
vt 0.625000 0.500000
vt 0.625000 0.750000
vt 0.375000 0.750000
vt 0.625000 0.771894
vt 0.625000 0.960944
vt 0.625000 1.000000
vt 0.375000 1.000000
vt 0.375000 0.954000
vt 0.375000 0.796459
vt 0.813647 1.026804
vt 0.820612 -0.026804
vt 0.992968 0.295496
vt 0.992968 0.809476
vt 0.125000 0.000000
vt 0.171459 0.000000
vt 0.329001 0.000000
vt 0.334611 0.250000
vt 0.150256 0.250000
vt 0.125000 0.250000
vt 0.007032 0.295496
vt 0.161061 -0.026804
vt 0.173701 1.026804
vt 0.625000 0.295060
vt 0.625000 0.475464
vt 0.375000 0.474744
vt 0.375000 1.000000
vt 0.375000 0.750000
vt 0.625000 0.750000
vt 0.625000 1.000000
vt 0.625000 0.250000
vt 0.625000 0.500000
vt 0.375000 0.500000
vt 0.375000 0.250000
vt 0.411551 0.250000
vt 0.572276 0.250000
vt 0.572276 0.000000
vt 0.411551 0.000000
vt 1.000000 0.000000
vt 1.000000 1.000000
vt 0.000000 1.000000
vt 0.000000 0.000000
vt 0.411551 0.500000
vt 0.572276 0.500000
vt 0.411551 0.750000
vt 0.572276 0.750000
vt 1.000000 -0.000000
vt 0.000000 -0.000000
vt 0.000000 1.000000
vt 1.000000 1.000000
vt 0.874687 0.976129
vt 0.082007 0.976129
vt 0.082007 0.072712
vt 0.874687 0.072712
vt 0.875000 0.000000
vt 0.875000 0.250000
vt 0.625000 0.250000
vt 0.625000 0.000000
vt 0.869032 0.031328
vt 0.643178 0.031328
vt 0.643178 0.229498
vt 0.869032 0.229498
vt 0.375000 0.250000
vt 0.375000 0.000000
vt -4.220778 0.006609
vt -4.220778 0.995829
vt 0.375000 0.250000
vt 0.625000 0.500000
vt 0.375000 0.500000
vt 0.625000 0.750000
vt 0.375000 0.750000
vt 0.625000 1.000000
vt 0.375000 1.000000
vt 6.043016 0.006609
vt 6.043016 0.995829
vt 0.125000 0.000000
vt 0.125000 0.250000
vt 0.375000 0.312500
vt 0.387500 0.312500
vt 0.387500 0.687500
vt 0.375000 0.687500
vt 0.400000 0.312500
vt 0.400000 0.687500
vt 0.412500 0.312500
vt 0.412500 0.687500
vt 0.425000 0.312500
vt 0.425000 0.687500
vt 0.437500 0.312500
vt 0.437500 0.687500
vt 0.450000 0.312500
vt 0.450000 0.687500
vt 0.462500 0.312500
vt 0.462500 0.687500
vt 0.475000 0.312500
vt 0.475000 0.687500
vt 0.487500 0.312500
vt 0.487500 0.687500
vt 0.500000 0.312500
vt 0.500000 0.687500
vt 0.512500 0.312500
vt 0.512500 0.687500
vt 0.525000 0.312500
vt 0.525000 0.687500
vt 0.537500 0.312500
vt 0.537500 0.687500
vt 0.550000 0.312500
vt 0.550000 0.687500
vt 0.562500 0.312500
vt 0.562500 0.687500
vt 0.575000 0.312500
vt 0.575000 0.687500
vt 0.587500 0.312500
vt 0.587500 0.687500
vt 0.600000 0.312500
vt 0.600000 0.687500
vt 0.612500 0.312500
vt 0.612500 0.687500
vt 0.625000 0.312500
vt 0.625000 0.687500
vt 0.626409 0.064408
vt 0.648603 0.107966
vt 0.500000 0.156250
vt 0.591842 0.029841
vt 0.548284 0.007647
vt 0.500000 -0.000000
vt 0.451716 0.007647
vt 0.408159 0.029841
vt 0.373591 0.064409
vt 0.351397 0.107966
vt 0.343750 0.156250
vt 0.351397 0.204534
vt 0.373591 0.248091
vt 0.408159 0.282659
vt 0.451716 0.304853
vt 0.500000 0.312500
vt 0.548284 0.304853
vt 0.591841 0.282659
vt 0.626409 0.248091
vt 0.648603 0.204534
vt 0.656250 0.156250
vt 0.648603 0.892034
vt 0.626409 0.935591
vt 0.500000 0.843750
vt 0.591841 0.970159
vt 0.548284 0.992353
vt 0.500000 1.000000
vt 0.451716 0.992353
vt 0.408159 0.970159
vt 0.373591 0.935591
vt 0.351397 0.892034
vt 0.343750 0.843750
vt 0.351397 0.795466
vt 0.373591 0.751909
vt 0.408159 0.717341
vt 0.451716 0.695147
vt 0.500000 0.687500
vt 0.548284 0.695147
vt 0.591842 0.717341
vt 0.626409 0.751908
vt 0.648603 0.795466
vt 0.656250 0.843750
vt 0.375000 0.000000
vt 0.625000 0.000000
vt 0.625000 0.250000
vt 0.375000 0.250000
vt 0.375000 1.000000
vt 0.375000 0.750000
vt 0.625000 0.750000
vt 0.625000 1.000000
vt 0.625000 0.500000
vt 0.375000 0.500000
vt 0.411551 0.250000
vt 0.572276 0.250000
vt 0.572276 0.000000
vt 0.411551 0.000000
vt 0.411551 0.750000
vt 0.411551 1.000000
vt 0.572276 1.000000
vt 0.572276 0.750000
vt 0.411551 0.500000
vt 0.572276 0.500000
vt 0.125000 0.250000
vt 0.125000 0.000000
vt 0.130968 0.031328
vt 0.130968 0.229498
vt 0.356822 0.229498
vt 0.356822 0.031328
vt 0.875000 0.000000
vt 0.875000 0.250000
vt 0.869032 0.031328
vt 0.643178 0.031328
vt 0.643178 0.229498
vt 0.869032 0.229498
vt 0.375000 0.000000
vt 0.625000 0.000000
vt 0.625000 0.250000
vt 0.375000 0.250000
vt 0.625000 0.500000
vt 0.375000 0.500000
vt 0.625000 0.750000
vt 0.375000 0.750000
vt 0.625000 1.000000
vt 0.375000 1.000000
vt 0.875000 0.000000
vt 0.875000 0.250000
vt 0.125000 0.000000
vt 0.125000 0.250000
vt 0.375000 0.000000
vt 0.625000 0.000000
vt 0.625000 0.250000
vt 0.375000 0.250000
vt 0.625000 0.500000
vt 0.375000 0.500000
vt 0.625000 0.750000
vt 0.375000 0.750000
vt 0.625000 1.000000
vt 0.375000 1.000000
vt 0.875000 0.000000
vt 0.875000 0.250000
vt 0.125000 0.000000
vt 0.125000 0.250000
vt 0.375000 0.092725
vt 0.625000 0.000000
vt 0.625000 0.250000
vt 0.375000 0.949949
vt 0.625000 0.500000
vt 0.375000 0.500000
vt 0.625000 0.750000
vt 0.375000 0.750000
vt 0.625000 1.000000
vt 0.375000 1.000000
vt 0.875000 0.000000
vt 0.875000 0.250000
vt 0.125000 0.092725
vt 0.125000 0.949949
vt 0.000000 0.500000
vt 0.050000 0.500000
vt 0.050000 0.550000
vt 0.000000 0.550000
vt 0.100000 0.500000
vt 0.100000 0.550000
vt 0.150000 0.500000
vt 0.150000 0.550000
vt 0.200000 0.500000
vt 0.200000 0.550000
vt 0.700000 0.500000
vt 0.750000 0.500000
vt 0.750000 0.550000
vt 0.700000 0.550000
vt 0.800000 0.500000
vt 0.800000 0.550000
vt 0.850000 0.500000
vt 0.850000 0.550000
vt 0.875000 0.500000
vt 0.875000 0.550000
vt 0.900000 0.500000
vt 0.950000 0.500000
vt 0.950000 0.550000
vt 0.900000 0.550000
vt 1.000000 0.500000
vt 1.000000 0.550000
vt 0.050000 0.600000
vt 0.000000 0.600000
vt 0.100000 0.600000
vt 0.150000 0.600000
vt 0.200000 0.600000
vt 0.750000 0.600000
vt 0.700000 0.600000
vt 0.800000 0.600000
vt 0.850000 0.600000
vt 0.875000 0.600000
vt 0.950000 0.600000
vt 0.900000 0.600000
vt 1.000000 0.600000
vt 0.000000 0.500000
vt 0.050000 0.500000
vt 0.050000 0.550000
vt 0.000000 0.550000
vt 0.100000 0.500000
vt 0.100000 0.550000
vt 0.150000 0.500000
vt 0.150000 0.550000
vt 0.200000 0.500000
vt 0.200000 0.550000
vt 0.250000 0.500000
vt 0.250000 0.550000
vt 0.650000 0.500000
vt 0.700000 0.500000
vt 0.700000 0.550000
vt 0.650000 0.550000
vt 0.750000 0.500000
vt 0.750000 0.550000
vt 0.800000 0.500000
vt 0.800000 0.550000
vt 0.850000 0.500000
vt 0.850000 0.550000
vt 0.875000 0.500000
vt 0.875000 0.550000
vt 0.900000 0.500000
vt 0.950000 0.500000
vt 0.950000 0.550000
vt 0.900000 0.550000
vt 1.000000 0.500000
vt 1.000000 0.550000
vt 0.050000 0.600000
vt 0.000000 0.600000
vt 0.100000 0.600000
vt 0.150000 0.600000
vt 0.200000 0.600000
vt 0.250000 0.600000
vt 0.700000 0.600000
vt 0.650000 0.600000
vt 0.750000 0.600000
vt 0.800000 0.600000
vt 0.850000 0.600000
vt 0.875000 0.600000
vt 0.950000 0.600000
vt 0.900000 0.600000
vt 1.000000 0.600000
vt 0.200000 0.500000
vt 0.250000 0.500000
vt 0.250000 0.550000
vt 0.200000 0.550000
vt 0.450000 0.500000
vt 0.450000 0.500000
vt 0.450000 0.500000
vt 0.450000 0.500000
vt 0.437500 0.500000
vt 0.925000 0.500000
vt 0.937500 0.500000
vt 0.925000 0.500000
vt 0.937500 0.500000
vt 0.450000 0.500000
vt 0.437500 0.500000
vt 0.450000 0.500000
vt 0.450000 0.500000
vt 0.450000 0.500000
vt 0.450000 0.500000
vt 0.450000 0.500000
vt 0.625000 -0.000000
vt 0.500000 -0.000000
vt 0.500000 1.000000
vt 0.625000 1.000000
vt 0.625000 0.583931
vt 0.625000 0.954832
vt 0.500000 0.954832
vt 0.500000 0.583931
vt -3.406094 0.615061
vt 4.406094 0.615061
vt 4.406094 1.293497
vt -3.406094 1.293497
vt -2.976482 0.897337
vt 4.008415 0.897337
vt 4.008415 0.645704
vt -2.976482 0.645704
vt 0.375000 0.000000
vt 0.375000 0.250000
vt 0.125000 0.250000
vt 0.125000 0.000000
vt 0.375000 1.000000
vt 0.625000 1.000000
vt 0.625000 0.000000
vt 0.875000 0.000000
vt 0.875000 0.250000
vt 0.625000 0.250000
vt 0.375000 0.298823
vt 0.375000 0.427727
vt 0.625000 0.427727
vt 0.625000 0.298823
vt 0.673823 0.250000
vt 0.802727 0.250000
vt 0.802727 0.000000
vt 0.673823 0.000000
vt 0.326177 0.000000
vt 0.197273 0.000000
vt 0.197273 0.250000
vt 0.326177 0.250000
vt 0.375000 0.951177
vt 0.625000 0.951177
vt 0.625000 0.822273
vt 0.375000 0.822273
vt 0.625000 0.000000
vt 0.473045 0.000000
vt 0.375000 0.016769
vt 0.375000 0.250000
vt 0.625000 0.250000
vt 0.375000 0.724837
vt 0.522125 0.750000
vt 0.625000 0.750000
vt 0.625000 0.500000
vt 0.375000 0.500000
vt 0.317824 0.800000
vt 0.300000 0.800000
vt 0.300000 0.850000
vt 0.350000 0.850000
vt 0.350000 0.838655
vt 0.342673 0.900000
vt 0.350000 0.900000
vt 0.300000 0.865765
vt 0.369043 0.850000
vt 0.400000 0.900000
vt 0.400000 0.864478
vt 0.500000 0.864478
vt 0.500000 0.900000
vt 0.550000 0.900000
vt 0.550000 0.850000
vt 0.530957 0.850000
vt 0.600000 0.865765
vt 0.600000 0.850000
vt 0.557327 0.900000
vt 0.550000 0.838655
vt 0.600000 0.800000
vt 0.582177 0.800000
vt 0.360338 0.055076
vt 0.328970 0.113878
vt 0.318253 0.127456
vt 0.288928 0.156945
vt 0.285270 0.159077
vt 0.264885 0.166705
vt 0.248394 0.168831
vt 0.231902 0.166705
vt 0.211517 0.159077
vt 0.207859 0.156945
vt 0.178534 0.127456
vt 0.167818 0.113878
vt 0.136450 0.055076
vt 0.125000 0.025163
vt 0.125000 0.250000
vt 0.289385 0.850000
vt 0.267804 0.800000
vt 0.450000 0.900000
vt 0.450000 0.871433
vt 0.400000 0.918575
vt 0.350000 0.904058
vt 0.450000 0.922622
vt 0.500000 0.918575
vt 0.550000 0.904058
vt 0.632196 0.800000
vt 0.610615 0.850000
vt 0.875000 0.250000
vt 0.875000 0.000000
vt 0.868266 0.000000
vt 0.853988 0.000000
vt 0.803236 0.000000
vt 0.774851 0.000000
vt 0.743109 0.000000
vt 0.717096 0.000000
vt 0.690334 0.000000
vt 0.648751 0.000000
vt 0.634947 0.000000
vt 0.300000 0.766954
vt 0.298222 0.762322
vt 0.281603 0.762322
vt 0.261980 0.779536
vt 0.626259 0.762322
vt 0.601778 0.762322
vt 0.600000 0.766954
vt 0.639383 0.773794
vt 0.375000 0.724837
vt 0.375000 0.750000
vt 0.522125 0.750000
vt 0.375000 0.000000
vt 0.625000 0.000000
vt 0.625000 0.250000
vt 0.375000 0.250000
vt 0.375000 1.000000
vt 0.375000 0.750000
vt 0.625000 0.750000
vt 0.625000 1.000000
vt 0.625000 0.500000
vt 0.375000 0.500000
vt 0.490967 0.250000
vt 0.576051 0.250000
vt 0.576051 0.000000
vt 0.490967 0.000000
vt 0.490967 0.750000
vt 0.490967 1.000000
vt 0.576051 1.000000
vt 0.576051 0.750000
vt 0.490967 0.500000
vt 0.576051 0.500000
vt 0.125000 0.250000
vt 0.125000 0.000000
vt 0.157328 0.208900
vt 0.157328 0.248082
vt 0.320048 0.248082
vt 0.320048 0.208900
vt 0.000000 0.000000
vt 1.000000 0.000000
vt 1.000000 1.000000
vt 0.000000 1.000000
vt 0.870688 0.835599
vt 0.219808 0.835599
vt 0.219808 0.992326
vt 0.870688 0.992326
vt 0.375000 0.000000
vt 0.625000 0.000000
vt 0.625000 0.250000
vt 0.375000 0.250000
vt 0.625000 0.500000
vt 0.375000 0.500000
vt 0.625000 0.750000
vt 0.375000 0.750000
vt 0.625000 1.000000
vt 0.375000 1.000000
vt 0.875000 0.000000
vt 0.875000 0.250000
vt 0.125000 0.000000
vt 0.125000 0.250000
vt 0.375000 0.000000
vt 0.625000 0.000000
vt 0.625000 0.250000
vt 0.375000 0.250000
vt 0.625000 0.500000
vt 0.375000 0.500000
vt 0.625000 0.750000
vt 0.375000 0.750000
vt 0.625000 1.000000
vt 0.375000 1.000000
vt 0.875000 0.000000
vt 0.875000 0.250000
vt 0.125000 0.000000
vt 0.125000 0.250000
vt 0.375000 0.000000
vt 0.625000 0.000000
vt 0.625000 0.250000
vt 0.375000 0.250000
vt 0.625000 0.500000
vt 0.375000 0.500000
vt 0.625000 0.750000
vt 0.375000 0.750000
vt 0.625000 1.000000
vt 0.375000 1.000000
vt 0.875000 0.000000
vt 0.875000 0.250000
vt 0.125000 0.000000
vt 0.125000 0.250000
vt -0.475008 0.000000
vt 0.475072 0.000000
vt 0.473064 0.024355
vt -0.473000 0.024355
vt 0.475072 0.325846
vt -0.475008 0.325846
vt 0.480910 0.597825
vt -0.480846 0.597825
vt 0.490028 0.813669
vt -0.489964 0.813669
vt 1.510036 0.813669
vt 2.490028 0.813669
vt 2.501538 0.952250
vt 1.498525 0.952250
vt 0.501538 0.952250
vt 0.514292 1.000000
vt 1.485772 1.000000
vt 0.527000 0.952250
vt 1.473064 0.952250
vt 0.375000 0.750000
vt 0.625000 0.750000
vt 0.625000 1.000000
vt 0.375000 1.000000
vt 0.380360 0.254214
vt 0.379769 0.253798
vt 0.620231 0.253798
vt 0.619640 0.254214
vt 0.378948 0.253228
vt 0.621052 0.253228
vt 0.377533 0.252140
vt 0.622467 0.252140
vt 0.375000 0.250000
vt 0.625000 0.250000
vt 0.374968 0.223066
vt 0.625032 0.223066
vt 0.374957 0.192475
vt 0.625043 0.192475
vt 0.374968 0.159380
vt 0.625032 0.159380
vt 0.375000 0.125013
vt 0.625000 0.125013
vt 0.375000 0.000000
vt 0.625000 0.000000
vt 0.017311 1.019803
vt 0.982689 1.019803
vt 0.982689 -0.019803
vt 0.017311 -0.019803
vt 0.375000 0.624987
vt 0.625000 0.624987
vt 0.875000 0.000000
vt 0.875000 0.125013
vt 0.125000 0.000000
vt 0.125000 0.125013
vt 0.875000 0.159485
vt 0.875000 0.192636
vt 0.875000 0.223197
vt 0.875000 0.250000
vt 0.625000 0.500000
vt 0.622467 0.497860
vt 0.621051 0.496772
vt 0.620231 0.496202
vt 0.619640 0.495786
vt 0.125000 0.159485
vt 0.125000 0.192636
vt 0.125000 0.223197
vt 0.125000 0.250000
vt 0.377533 0.497860
vt 0.375000 0.500000
vt 0.378948 0.496772
vt 0.379769 0.496202
vt 0.380360 0.495786
vt 0.375000 0.590515
vt 0.625000 0.590515
vt 0.375000 0.557364
vt 0.625000 0.557364
vt 0.375000 0.526803
vt 0.625000 0.526803
vt 0.375000 0.000000
vt 0.625000 0.000000
vt 0.625000 0.250000
vt 0.375000 0.250000
vt 0.625000 0.500000
vt 0.375000 0.500000
vt 0.625000 0.750000
vt 0.375000 0.750000
vt 0.625000 1.000000
vt 0.375000 1.000000
vt 0.875000 0.000000
vt 0.875000 0.250000
vt 0.125000 0.000000
vt 0.125000 0.250000
vt 0.375000 0.000000
vt 0.625000 0.000000
vt 0.625000 0.250000
vt 0.375000 0.250000
vt 0.625000 0.500000
vt 0.375000 0.500000
vt 0.625000 0.750000
vt 0.375000 0.750000
vt 0.625000 1.000000
vt 0.375000 1.000000
vt 0.875000 0.000000
vt 0.875000 0.250000
vt 0.125000 0.000000
vt 0.125000 0.250000
vt 0.375000 0.250000
vt 0.625000 0.250000
vt 0.625000 0.500000
vt 0.375000 0.500000
vt 0.625000 0.750000
vt 0.375000 0.750000
vt 0.625000 1.000000
vt 0.375000 1.000000
vt 0.125000 0.000000
vt 0.375000 0.000000
vt 0.125000 0.250000
vt 0.375000 0.250000
vt 0.625000 0.250000
vt 0.625000 0.500000
vt 0.375000 0.500000
vt 0.625000 0.750000
vt 0.375000 0.750000
vt 0.625000 1.000000
vt 0.375000 1.000000
vt 0.375000 0.250000
vt 0.625000 0.250000
vt 0.625000 0.500000
vt 0.375000 0.500000
vt 0.625000 0.750000
vt 0.375000 0.750000
vt 0.625000 1.000000
vt 0.375000 1.000000
vt 0.375000 0.250000
vt 0.375000 0.500000
vt 0.625000 0.500000
vt 0.625000 0.250000
vt 0.375000 0.750000
vt 0.625000 0.750000
vt 0.375000 1.000000
vt 0.625000 1.000000
vt 0.375000 0.500000
vt 0.375000 0.250000
vt 0.375000 0.750000
vt 0.375000 1.000000
vt 0.375000 1.000000
vt 0.375000 0.750000
vt 0.375000 0.500000
vt 0.375000 0.250000
vt 0.375000 1.000000
vt 0.375000 0.750000
vt 0.375000 0.500000
vt 0.375000 0.250000
vt 0.375000 1.000000
vt 0.375000 0.750000
vt 0.375000 0.500000
vt 0.375000 0.250000
vt 0.375000 1.000000
vt 0.375000 0.750000
vt 0.375000 0.500000
vt 0.375000 0.250000
vt 0.375000 1.000000
vt 0.375000 0.750000
vt 0.375000 0.500000
vt 0.375000 0.250000
vt 0.375000 1.000000
vt 0.375000 0.750000
vt 0.375000 0.500000
vt 0.375000 0.250000
vt 0.375000 1.000000
vt 0.375000 0.750000
vt 0.375000 0.500000
vt 0.375000 0.250000
vt 0.375000 1.000000
vt 0.375000 0.750000
vt 0.375000 0.500000
vt 0.375000 0.250000
vt 0.375000 1.000000
vt 0.375000 0.750000
vt 0.375000 0.500000
vt 0.375000 0.250000
vt 0.375000 1.000000
vt 0.375000 0.750000
vt 0.375000 0.500000
vt 0.375000 0.250000
vt 0.395833 0.500000
vt 0.395833 0.250000
vt 0.395833 0.750000
vt 0.395833 1.000000
vt 0.416667 1.000000
vt 0.416667 0.750000
vt 0.416667 0.500000
vt 0.416667 0.250000
vt 0.437500 1.000000
vt 0.437500 0.750000
vt 0.437500 0.500000
vt 0.437500 0.250000
vt 0.458333 1.000000
vt 0.458333 0.750000
vt 0.458333 0.500000
vt 0.458333 0.250000
vt 0.479167 1.000000
vt 0.479167 0.750000
vt 0.479167 0.500000
vt 0.479167 0.250000
vt 0.500000 1.000000
vt 0.500000 0.750000
vt 0.500000 0.500000
vt 0.500000 0.250000
vt 0.520833 1.000000
vt 0.520833 0.750000
vt 0.520833 0.500000
vt 0.520833 0.250000
vt 0.541667 1.000000
vt 0.541667 0.750000
vt 0.541667 0.500000
vt 0.541667 0.250000
vt 0.562500 1.000000
vt 0.562500 0.750000
vt 0.562500 0.500000
vt 0.562500 0.250000
vt 0.583333 1.000000
vt 0.583333 0.750000
vt 0.583333 0.500000
vt 0.583333 0.250000
vt 0.604167 1.000000
vt 0.604167 0.750000
vt 0.604167 0.500000
vt 0.604167 0.250000
vt 0.625000 0.750000
vt 0.625000 1.000000
vt 0.625000 0.500000
vt 0.625000 0.250000
vt 0.625000 0.250000
vt 0.625000 0.500000
vt 0.625000 0.750000
vt 0.625000 1.000000
vt 0.625000 0.250000
vt 0.625000 0.500000
vt 0.625000 0.750000
vt 0.625000 1.000000
vt 0.625000 0.250000
vt 0.625000 0.500000
vt 0.625000 0.750000
vt 0.625000 1.000000
vt 0.625000 0.250000
vt 0.625000 0.500000
vt 0.625000 0.750000
vt 0.625000 1.000000
vt 0.625000 0.250000
vt 0.625000 0.500000
vt 0.625000 0.750000
vt 0.625000 1.000000
vt 0.625000 0.250000
vt 0.625000 0.500000
vt 0.625000 0.750000
vt 0.625000 1.000000
vt 0.625000 0.250000
vt 0.625000 0.500000
vt 0.625000 0.750000
vt 0.625000 1.000000
vt 0.625000 0.250000
vt 0.625000 0.500000
vt 0.625000 0.750000
vt 0.625000 1.000000
vt 0.625000 0.250000
vt 0.625000 0.500000
vt 0.625000 0.750000
vt 0.625000 1.000000
vt 0.625000 0.250000
vt 0.625000 0.500000
vt 0.625000 0.750000
vt 0.625000 1.000000
vt 0.375000 0.250000
vt 0.625000 0.250000
vt 0.625000 0.500000
vt 0.375000 0.500000
vt 0.625000 0.750000
vt 0.375000 0.750000
vt 0.625000 1.000000
vt 0.375000 1.000000
vt 0.625000 0.000000
vt 0.875000 0.000000
vt 0.875000 0.250000
vt 0.375000 0.250000
vt 0.625000 0.250000
vt 0.625000 0.500000
vt 0.375000 0.500000
vt 0.625000 0.750000
vt 0.375000 0.750000
vt 0.125000 0.000000
vt 0.375000 0.000000
vt 0.125000 0.250000
vt 0.604167 0.750000
vt 0.604167 1.000000
vt 0.604167 0.500000
vt 0.604167 0.250000
vt 0.583333 0.250000
vt 0.583333 0.500000
vt 0.583333 0.750000
vt 0.583333 1.000000
vt 0.562500 0.250000
vt 0.562500 0.500000
vt 0.562500 0.750000
vt 0.562500 1.000000
vt 0.541667 0.250000
vt 0.541667 0.500000
vt 0.541667 0.750000
vt 0.541667 1.000000
vt 0.520833 0.250000
vt 0.520833 0.500000
vt 0.520833 0.750000
vt 0.520833 1.000000
vt 0.500000 0.250000
vt 0.500000 0.500000
vt 0.500000 0.750000
vt 0.500000 1.000000
vt 0.479167 0.250000
vt 0.479167 0.500000
vt 0.479167 0.750000
vt 0.479167 1.000000
vt 0.458333 0.250000
vt 0.458333 0.500000
vt 0.458333 0.750000
vt 0.458333 1.000000
vt 0.437500 0.250000
vt 0.437500 0.500000
vt 0.437500 0.750000
vt 0.437500 1.000000
vt 0.416667 0.250000
vt 0.416667 0.500000
vt 0.416667 0.750000
vt 0.416667 1.000000
vt 0.395833 0.250000
vt 0.395833 0.500000
vt 0.395833 0.750000
vt 0.395833 1.000000
vt 0.375000 0.000000
vt 0.625000 0.000000
vt 0.625000 0.250000
vt 0.375000 0.250000
vt 0.625000 0.500000
vt 0.375000 0.500000
vt 0.625000 0.750000
vt 0.375000 0.750000
vt 0.625000 1.000000
vt 0.375000 1.000000
vt 0.875000 0.000000
vt 0.875000 0.250000
vt 0.125000 0.000000
vt 0.125000 0.250000
vt 0.375000 0.000000
vt 0.625000 0.000000
vt 0.625000 0.250000
vt 0.375000 0.250000
vt 0.625000 0.500000
vt 0.375000 0.500000
vt 0.625000 0.750000
vt 0.375000 0.750000
vt 0.625000 1.000000
vt 0.375000 1.000000
vt 0.875000 0.000000
vt 0.875000 0.250000
vt 0.125000 0.000000
vt 0.125000 0.250000
vt 0.375000 0.000000
vt 0.625000 0.000000
vt 0.625000 0.250000
vt 0.375000 0.250000
vt 0.625000 0.500000
vt 0.375000 0.500000
vt 0.625000 0.750000
vt 0.375000 0.750000
vt 0.625000 1.000000
vt 0.375000 1.000000
vt 0.875000 0.000000
vt 0.875000 0.250000
vt 0.125000 0.000000
vt 0.125000 0.250000
vt 0.375000 0.312500
vt 0.387500 0.312500
vt 0.387500 0.687500
vt 0.375000 0.687500
vt 0.400000 0.312500
vt 0.400000 0.687500
vt 0.412500 0.312500
vt 0.412500 0.687500
vt 0.425000 0.312500
vt 0.425000 0.687500
vt 0.437500 0.312500
vt 0.437500 0.687500
vt 0.450000 0.312500
vt 0.450000 0.687500
vt 0.462500 0.312500
vt 0.462500 0.687500
vt 0.475000 0.312500
vt 0.475000 0.687500
vt 0.487500 0.312500
vt 0.487500 0.687500
vt 0.500000 0.312500
vt 0.500000 0.687500
vt 0.512500 0.312500
vt 0.512500 0.687500
vt 0.525000 0.312500
vt 0.525000 0.687500
vt 0.537500 0.312500
vt 0.537500 0.687500
vt 0.550000 0.312500
vt 0.550000 0.687500
vt 0.562500 0.312500
vt 0.562500 0.687500
vt 0.575000 0.312500
vt 0.575000 0.687500
vt 0.587500 0.312500
vt 0.587500 0.687500
vt 0.600000 0.312500
vt 0.600000 0.687500
vt 0.612500 0.312500
vt 0.612500 0.687500
vt 0.625000 0.312500
vt 0.625000 0.687500
vt 0.626409 0.064408
vt 0.648603 0.107966
vt 0.500000 0.156250
vt 0.591842 0.029841
vt 0.548284 0.007647
vt 0.500000 -0.000000
vt 0.451716 0.007647
vt 0.408159 0.029841
vt 0.373591 0.064409
vt 0.351397 0.107966
vt 0.343750 0.156250
vt 0.351397 0.204534
vt 0.373591 0.248091
vt 0.408159 0.282659
vt 0.451716 0.304853
vt 0.500000 0.312500
vt 0.548284 0.304853
vt 0.591841 0.282659
vt 0.626409 0.248091
vt 0.648603 0.204534
vt 0.656250 0.156250
vt 0.798233 0.663489
vt 0.737311 0.789842
vt 0.368891 0.534340
vt 0.640324 0.891185
vt 0.516769 0.957597
vt 0.378737 0.982578
vt 0.239742 0.963683
vt 0.113389 0.902760
vt 0.373591 0.935591
vt 0.351397 0.892034
vt 0.343750 0.843750
vt 0.351397 0.795466
vt 0.373591 0.751909
vt 0.097457 0.177495
vt 0.221013 0.111083
vt 0.359044 0.086102
vt 0.498039 0.104997
vt 0.624393 0.165920
vt 0.725736 0.262906
vt 0.792148 0.386462
vt 0.817129 0.524494
vt 0.814639 0.060424
vt 0.625000 0.000000
vt 0.625000 0.250000
vt 0.814639 1.002995
vt 0.625000 0.500000
vt 0.375000 0.500000
vt 0.625000 0.750000
vt 0.375000 0.750000
vt 0.625000 1.000000
vt 0.375000 1.000000
vt 0.875000 0.000000
vt 0.875000 0.250000
vt 0.077850 0.060424
vt 0.077850 1.002995
vt -3.396114 0.175837
vt 4.369939 0.175837
vt 4.369939 0.527862
vt -3.396114 0.527862
vt -2.969039 0.382831
vt -2.969039 0.513397
vt 3.974606 0.513397
vt 3.974610 0.382831
vt 0.375000 0.500000
vt 0.625000 0.500000
vt 0.625000 0.750000
vt 0.375000 0.750000
vt 0.388748 0.602998
vt 0.612274 0.602998
vt 0.612274 0.510272
vt 0.388748 0.510272
vt 0.125000 0.250000
vt 0.125000 0.000000
vt 0.375000 1.000000
vt 0.625000 1.000000
vt 0.875000 0.000000
vt 0.875000 0.250000
vt 0.375000 0.369728
vt 0.375000 0.476161
vt 0.625000 0.476161
vt 0.625000 0.369728
vt 0.744728 0.250000
vt 0.851161 0.250000
vt 0.851161 0.000000
vt 0.744728 0.000000
vt 0.255272 0.000000
vt 0.148839 0.000000
vt 0.148839 0.250000
vt 0.255272 0.250000
vt 0.375000 0.880272
vt 0.625000 0.880272
vt 0.625000 0.773839
vt 0.375000 0.773839
vt 0.375000 0.000000
vt 0.625000 0.000000
vt 0.625000 0.250000
vt 0.375000 0.250000
vt 0.625000 0.500000
vt 0.375000 0.500000
vt 0.625000 0.750000
vt 0.375000 0.750000
vt 0.625000 1.000000
vt 0.375000 1.000000
vt 0.875000 0.000000
vt 0.875000 0.250000
vt 0.125000 0.000000
vt 0.125000 0.250000
vt 0.375000 0.000000
vt 0.625000 0.000000
vt 0.625000 0.250000
vt 0.375000 0.250000
vt 0.375000 1.000000
vt 0.375000 0.750000
vt 0.625000 0.750000
vt 0.625000 1.000000
vt 0.625000 0.500000
vt 0.375000 0.500000
vt 0.414003 0.250000
vt 0.511960 0.250000
vt 0.511960 0.000000
vt 0.414003 0.000000
vt 0.414003 0.750000
vt 0.414003 1.000000
vt 0.511960 1.000000
vt 0.511960 0.750000
vt 0.414003 0.500000
vt 0.511960 0.500000
vt 0.125000 0.250000
vt 0.125000 0.000000
vt 0.148862 0.041158
vt 0.148862 0.222736
vt 0.351996 0.222736
vt 0.351996 0.041158
vt 0.875000 0.000000
vt 0.875000 0.250000
vt 0.851138 0.041158
vt 0.648004 0.041158
vt 0.648004 0.222736
vt 0.851138 0.222736
vt 0.004664 -0.000000
vt 0.004664 -0.000000
vt 0.004664 0.929316
vt 0.004664 0.929316
vt 0.375000 0.250000
vt 0.625000 0.250000
vt 0.625000 0.500000
vt 0.375000 0.500000
vt 0.625000 0.750000
vt 0.375000 0.750000
vt 0.625000 1.000000
vt 0.375000 1.000000
vt 0.625000 0.000000
vt 0.875000 0.000000
vt 0.875000 0.250000
vt 0.125000 0.000000
vt 0.375000 0.000000
vt 0.125000 0.250000
vt 2.141295 0.005235
vt 0.625000 0.000000
vt 0.625000 0.250000
vt 2.141295 0.912001
vt 0.375000 1.000000
vt 0.375000 0.750000
vt 0.625000 0.750000
vt 0.625000 1.000000
vt 0.625000 0.500000
vt 0.375000 0.500000
vt 0.440535 0.250000
vt 0.492796 0.250000
vt 0.492796 0.000000
vt 0.440535 0.000000
vt 0.440535 0.750000
vt 0.440535 1.000000
vt 0.492796 1.000000
vt 0.492796 0.750000
vt 0.440535 0.500000
vt 0.492796 0.500000
vt -0.366131 0.912001
vt -0.366131 0.005235
vt 0.264509 0.579299
vt 0.264509 0.676172
vt 1.896541 0.676172
vt 1.896541 0.579299
vt 0.875000 0.000000
vt 0.875000 0.250000
vt 0.812123 0.158272
vt 0.649403 0.158272
vt 0.649403 0.184981
vt 0.812123 0.184981
vt 0.375000 0.312500
vt 0.387500 0.312500
vt 0.387500 0.687500
vt 0.375000 0.687500
vt 0.400000 0.312500
vt 0.400000 0.687500
vt 0.412500 0.312500
vt 0.412500 0.687500
vt 0.425000 0.312500
vt 0.425000 0.687500
vt 0.437500 0.312500
vt 0.437500 0.687500
vt 0.450000 0.312500
vt 0.450000 0.687500
vt 0.462500 0.312500
vt 0.462500 0.687500
vt 0.475000 0.312500
vt 0.475000 0.687500
vt 0.487500 0.312500
vt 0.487500 0.687500
vt 0.500000 0.312500
vt 0.500000 0.687500
vt 0.512500 0.312500
vt 0.512500 0.687500
vt 0.525000 0.312500
vt 0.525000 0.687500
vt 0.537500 0.312500
vt 0.537500 0.687500
vt 0.550000 0.312500
vt 0.550000 0.687500
vt 0.562500 0.312500
vt 0.562500 0.687500
vt 0.575000 0.312500
vt 0.575000 0.687500
vt 0.587500 0.312500
vt 0.587500 0.687500
vt 0.600000 0.312500
vt 0.600000 0.687500
vt 0.612500 0.312500
vt 0.612500 0.687500
vt 0.625000 0.312500
vt 0.625000 0.687500
vt 0.626409 0.064408
vt 0.648603 0.107966
vt 0.500000 0.156250
vt 0.591842 0.029841
vt 0.548284 0.007647
vt 0.500000 -0.000000
vt 0.451716 0.007647
vt 0.408159 0.029841
vt 0.373591 0.064409
vt 0.351397 0.107966
vt 0.343750 0.156250
vt 0.351397 0.204534
vt 0.373591 0.248091
vt 0.408159 0.282659
vt 0.451716 0.304853
vt 0.500000 0.312500
vt 0.548284 0.304853
vt 0.591841 0.282659
vt 0.626409 0.248091
vt 0.648603 0.204534
vt 0.656250 0.156250
vt 0.648603 0.892034
vt 0.626409 0.935591
vt 0.500000 0.843750
vt 0.591841 0.970159
vt 0.548284 0.992353
vt 0.500000 1.000000
vt 0.451716 0.992353
vt 0.408159 0.970159
vt 0.373591 0.935591
vt 0.351397 0.892034
vt 0.343750 0.843750
vt 0.351397 0.795466
vt 0.373591 0.751909
vt 0.408159 0.717341
vt 0.451716 0.695147
vt 0.500000 0.687500
vt 0.548284 0.695147
vt 0.591842 0.717341
vt 0.626409 0.751908
vt 0.648603 0.795466
vt 0.656250 0.843750
vt 0.375000 0.000000
vt 0.625000 0.000000
vt 0.625000 0.250000
vt 0.375000 0.250000
vt 0.625000 0.500000
vt 0.375000 0.500000
vt 0.625000 0.750000
vt 0.375000 0.750000
vt 0.625000 1.000000
vt 0.375000 1.000000
vt 0.875000 0.000000
vt 0.875000 0.250000
vt 0.125000 0.000000
vt 0.125000 0.250000
vt 0.375000 0.000000
vt 0.625000 0.000000
vt 0.625000 0.250000
vt 0.375000 0.250000
vt 0.625000 0.500000
vt 0.375000 0.500000
vt 0.625000 0.750000
vt 0.375000 0.750000
vt 0.625000 1.000000
vt 0.375000 1.000000
vt 0.875000 0.000000
vt 0.875000 0.250000
vt 0.125000 0.000000
vt 0.125000 0.250000
vt 0.375000 0.000000
vt 0.625000 0.000000
vt 0.625000 0.250000
vt 0.375000 0.250000
vt 0.625000 0.500000
vt 0.375000 0.500000
vt 0.625000 0.750000
vt 0.375000 0.750000
vt 0.625000 1.000000
vt 0.375000 1.000000
vt 0.875000 0.000000
vt 0.875000 0.250000
vt 0.125000 0.000000
vt 0.125000 0.250000
vt 0.375000 0.000000
vt 0.625000 0.000000
vt 0.625000 0.250000
vt 0.375000 0.250000
vt 0.625000 0.500000
vt 0.375000 0.500000
vt 0.625000 0.750000
vt 0.375000 0.750000
vt 0.625000 1.000000
vt 0.375000 1.000000
vt 0.875000 0.000000
vt 0.875000 0.250000
vt 0.125000 0.000000
vt 0.125000 0.250000
vt 0.014916 0.978147
vt 0.973553 0.978147
vt 0.973553 0.726003
vt 0.014916 0.726003
vt 0.973553 0.357215
vt 0.014916 0.357215
vt 0.973553 0.841020
vt 0.014916 0.841020
vt 0.973553 0.930072
vt 0.014916 0.930072
vt 0.973553 0.975628
vt 0.014916 0.975628
vt 0.973553 0.223542
vt 0.014916 0.223542
vt 0.973553 0.117459
vt 0.014916 0.117459
vt 0.973553 0.049349
vt 0.014916 0.049349
vt 0.973553 0.025880
vt 0.014916 0.025880
vt 0.625000 0.778235
vt 0.846765 0.000000
vt 0.625000 0.790114
vt 0.834886 0.000000
vt 0.625000 0.812687
vt 0.812313 0.000000
vt 0.625000 0.835899
vt 0.789101 0.000000
vt 0.625000 0.864691
vt 0.760309 0.000000
vt 0.625000 0.892527
vt 0.732473 0.000000
vt 0.625000 0.913692
vt 0.711308 0.000000
vt 0.625000 0.944952
vt 0.680048 0.000000
vt 0.625000 0.970837
vt 0.654163 0.000000
vn 0.000000 0.000000 1.000000
vn 0.000000 0.000000 1.000000
vn 0.000000 0.000000 1.000000
vn 0.000000 0.000000 1.000000
vn 0.000000 1.000000 0.000000
vn 0.000000 1.000000 0.000000
vn 0.000000 1.000000 0.000000
vn 0.000000 1.000000 0.000000
vn 0.000000 0.000000 -1.000000
vn 0.000000 0.000000 -1.000000
vn 0.000000 0.000000 -1.000000
vn 0.000000 0.000000 -1.000000
vn 0.000000 -1.000000 0.000000
vn 0.000000 -1.000000 0.000000
vn 0.000000 -1.000000 0.000000
vn 0.000000 -1.000000 0.000000
vn 1.000000 0.000000 0.000000
vn 1.000000 0.000000 0.000000
vn 1.000000 0.000000 0.000000
vn 1.000000 0.000000 0.000000
vn -1.000000 0.000000 0.000000
vn -1.000000 0.000000 0.000000
vn -1.000000 0.000000 0.000000
vn -1.000000 0.000000 0.000000
vn 0.000000 0.000000 1.000000
vn 0.000000 0.000000 1.000000
vn 0.000000 0.000000 1.000000
vn 0.000000 0.000000 1.000000
vn 0.000000 1.000000 0.000000
vn 0.000000 1.000000 0.000000
vn 0.000000 1.000000 0.000000
vn 0.000000 1.000000 0.000000
vn 0.000000 0.000000 -1.000000
vn 0.000000 0.000000 -1.000000
vn 0.000000 0.000000 -1.000000
vn 0.000000 0.000000 -1.000000
vn 0.000000 -1.000000 0.000000
vn 0.000000 -1.000000 0.000000
vn 0.000000 -1.000000 0.000000
vn 0.000000 -1.000000 0.000000
vn 1.000000 0.000000 0.000000
vn 1.000000 0.000000 0.000000
vn 1.000000 0.000000 0.000000
vn 1.000000 0.000000 0.000000
vn -1.000000 0.000000 0.000000
vn -1.000000 0.000000 0.000000
vn -1.000000 0.000000 0.000000
vn -1.000000 0.000000 0.000000
vn 0.000000 -1.000000 0.000000
vn 0.000000 -1.000000 0.000000
vn 0.000000 -1.000000 0.000000
vn 0.000000 -1.000000 0.000000
vn -1.000000 0.000000 0.000000
vn -1.000000 0.000000 0.000000
vn -1.000000 0.000000 0.000000
vn -1.000000 0.000000 0.000000
vn 0.000000 1.000000 0.000000
vn 0.000000 1.000000 0.000000
vn 0.000000 1.000000 0.000000
vn 0.000000 1.000000 0.000000
vn 1.000000 0.000000 0.000000
vn 1.000000 0.000000 0.000000
vn 1.000000 0.000000 0.000000
vn 1.000000 0.000000 0.000000
vn 0.000000 0.000000 1.000000
vn 0.000000 0.000000 1.000000
vn 0.000000 0.000000 1.000000
vn 0.000000 0.000000 1.000000
vn 0.000000 0.000000 -1.000000
vn 0.000000 0.000000 -1.000000
vn 0.000000 0.000000 -1.000000
vn 0.000000 0.000000 -1.000000
vn 0.000000 0.000000 1.000000
vn 0.000000 0.000000 1.000000
vn 0.000000 0.000000 1.000000
vn 0.000000 0.000000 1.000000
vn 0.000000 -1.000000 0.000000
vn 0.000000 -1.000000 0.000000
vn 0.000000 -1.000000 0.000000
vn 0.000000 -1.000000 0.000000
vn 0.000000 1.000000 0.000000
vn 0.000000 1.000000 0.000000
vn 0.000000 1.000000 0.000000
vn 0.000000 1.000000 0.000000
vn 0.000000 0.000000 -1.000000
vn 0.000000 0.000000 -1.000000
vn 0.000000 0.000000 -1.000000
vn 0.000000 0.000000 -1.000000
vn -0.000000 0.000000 -1.000000
vn -0.000000 0.000000 -1.000000
vn -0.000000 0.000000 -1.000000
vn -0.000000 0.000000 -1.000000
vn 0.000000 1.000000 0.000000
vn 0.000000 1.000000 0.000000
vn 0.000000 1.000000 0.000000
vn 0.000000 1.000000 0.000000
vn 0.000000 -1.000000 0.000000
vn 0.000000 -1.000000 0.000000
vn 0.000000 -1.000000 0.000000
vn 0.000000 -1.000000 0.000000
vn 0.000000 0.000000 1.000000
vn 0.000000 0.000000 1.000000
vn 0.000000 0.000000 1.000000
vn 0.000000 0.000000 1.000000
vn -1.000000 0.000000 0.000000
vn -1.000000 0.000000 0.000000
vn -1.000000 0.000000 0.000000
vn -1.000000 0.000000 0.000000
vn -1.000000 0.000000 0.000000
vn -1.000000 0.000000 0.000000
vn -1.000000 0.000000 0.000000
vn -1.000000 0.000000 0.000000
vn 1.000000 0.000000 0.000000
vn 1.000000 0.000000 0.000000
vn 1.000000 0.000000 0.000000
vn 1.000000 0.000000 0.000000
vn 1.000000 0.000000 0.000000
vn 1.000000 0.000000 0.000000
vn 1.000000 0.000000 0.000000
vn 1.000000 0.000000 0.000000
vn 0.000000 0.000000 1.000000
vn 0.000000 0.000000 1.000000
vn 0.000000 0.000000 1.000000
vn 0.000000 0.000000 1.000000
vn 0.000000 1.000000 0.000000
vn 0.000000 1.000000 0.000000
vn 0.000000 1.000000 0.000000
vn 0.000000 1.000000 0.000000
vn 0.000000 0.000000 -1.000000
vn 0.000000 0.000000 -1.000000
vn 0.000000 0.000000 -1.000000
vn 0.000000 0.000000 -1.000000
vn 0.000000 -1.000000 0.000000
vn 0.000000 -1.000000 0.000000
vn 0.000000 -1.000000 0.000000
vn 0.000000 -1.000000 0.000000
vn 1.000000 0.000000 0.000000
vn 1.000000 0.000000 0.000000
vn 1.000000 0.000000 0.000000
vn 1.000000 0.000000 0.000000
vn -1.000000 0.000000 0.000000
vn -1.000000 0.000000 0.000000
vn -1.000000 0.000000 0.000000
vn -1.000000 0.000000 0.000000
vn 0.000000 -1.000000 0.000000
vn 0.000000 -1.000000 0.000000
vn 0.000000 -1.000000 0.000000
vn 0.000000 -1.000000 0.000000
vn -1.000000 0.000000 0.000000
vn -1.000000 0.000000 0.000000
vn -1.000000 0.000000 0.000000
vn -1.000000 0.000000 0.000000
vn 0.000000 1.000000 0.000000
vn 0.000000 1.000000 0.000000
vn 0.000000 1.000000 0.000000
vn 0.000000 1.000000 0.000000
vn 1.000000 0.000000 0.000000
vn 1.000000 0.000000 0.000000
vn 1.000000 0.000000 0.000000
vn 1.000000 0.000000 0.000000
vn 0.000000 0.000000 1.000000
vn 0.000000 0.000000 1.000000
vn 0.000000 0.000000 1.000000
vn 0.000000 0.000000 1.000000
vn 0.000000 0.000000 -1.000000
vn 0.000000 0.000000 -1.000000
vn 0.000000 0.000000 -1.000000
vn 0.000000 0.000000 -1.000000
vn 0.000000 0.839746 -0.542980
vn 0.000000 0.960642 -0.277788
vn 0.000000 0.960642 -0.277788
vn 0.000000 0.839746 -0.542980
vn 0.000000 1.000000 0.000000
vn 0.000000 1.000000 0.000000
vn 1.000000 0.000000 0.000000
vn 1.000000 0.000000 0.000000
vn 1.000000 0.000000 0.000000
vn 1.000000 0.000000 0.000000
vn 0.000000 0.632397 -0.774645
vn 0.000000 0.632397 -0.774645
vn -1.000000 0.000000 0.000000
vn -1.000000 0.000000 0.000000
vn -1.000000 0.000000 0.000000
vn -1.000000 0.000000 0.000000
vn 0.000000 0.960642 0.277788
vn 0.000000 0.960642 0.277788
vn 1.000000 -0.000000 0.000000
vn 1.000000 0.000000 0.000000
vn -1.000000 0.000000 0.000000
vn -1.000000 0.000000 0.000000
vn 1.000000 0.000000 0.000000
vn 1.000000 0.000000 0.000000
vn 0.000000 0.342949 -0.939354
vn 0.000000 0.342949 -0.939354
vn -1.000000 0.000000 0.000000
vn -1.000000 0.000000 0.000000
vn 0.000000 0.839746 0.542979
vn 0.000000 0.839746 0.542979
vn 1.000000 -0.000000 0.000000
vn 1.000000 0.000000 0.000000
vn -1.000000 0.000000 0.000000
vn -1.000000 0.000000 0.000000
vn 1.000000 0.000000 0.000000
vn 1.000000 -0.000000 0.000000
vn 0.000000 0.175213 -0.984531
vn 0.000000 0.175213 -0.984531
vn -1.000000 0.000001 0.000000
vn -1.000000 0.000000 0.000000
vn 0.000000 0.632398 0.774644
vn 0.000000 0.632398 0.774644
vn 1.000000 0.000000 0.000000
vn 1.000000 0.000000 0.000000
vn -1.000000 0.000000 0.000000
vn -1.000000 -0.000000 0.000000
vn 0.000000 0.342950 0.939354
vn 0.000000 0.342950 0.939354
vn 1.000000 0.000000 0.000000
vn 1.000000 0.000000 0.000000
vn -1.000000 0.000000 0.000000
vn -1.000000 -0.000000 0.000000
vn 0.000000 0.175213 0.984530
vn 0.000000 0.175213 0.984530
vn 1.000000 0.000000 0.000000
vn 1.000000 0.000000 0.000000
vn -1.000000 0.000000 0.000000
vn -1.000000 0.000000 0.000000
vn 0.000000 -0.839747 0.542978
vn 0.000000 -0.960642 0.277788
vn 0.000000 -0.960642 0.277788
vn 0.000000 -0.839747 0.542978
vn 0.000000 -0.839747 0.542978
vn 0.000000 -0.839747 0.542978
vn 0.000000 -0.632398 0.774643
vn 0.000000 -0.632398 0.774643
vn 0.000000 -0.960642 0.277789
vn -0.000000 -1.000000 -0.000000
vn -0.000000 -1.000000 -0.000000
vn 0.000000 -0.960642 0.277789
vn -0.000000 -1.000000 -0.000000
vn -0.000000 -0.960642 -0.277789
vn -0.000000 -0.960642 -0.277789
vn -0.000000 -1.000000 -0.000000
vn 0.000000 -0.342950 0.939354
vn 0.000000 -0.342950 0.939354
vn 0.000000 -0.000006 1.000000
vn 0.000000 -0.000006 1.000000
vn -0.000000 -0.960642 -0.277789
vn -0.000000 -0.839746 -0.542979
vn -0.000000 -0.839746 -0.542979
vn -0.000000 -0.960642 -0.277789
vn -0.000000 -0.839747 -0.542979
vn -0.000000 -0.632398 -0.774644
vn -0.000000 -0.632398 -0.774644
vn -0.000000 -0.839747 -0.542979
vn -0.000000 -0.000000 -1.000000
vn -0.000000 -0.000006 -1.000000
vn -0.000000 -0.342950 -0.939354
vn -0.000000 -0.342950 -0.939354
vn 1.000000 0.000000 0.000000
vn 1.000000 0.000000 0.000000
vn 1.000000 0.000000 0.000000
vn -1.000000 0.000002 0.000000
vn -1.000000 0.000000 0.000000
vn -1.000000 0.000000 0.000000
vn 1.000000 0.000000 0.000000
vn 1.000000 0.000000 0.000000
vn 1.000000 0.000000 0.000000
vn -1.000000 0.000000 0.000000
vn -1.000000 0.000000 0.000000
vn -1.000000 0.000001 0.000000
vn 0.000000 -0.632399 0.774643
vn 0.000000 -0.632399 0.774643
vn 0.000000 -0.342957 0.939351
vn 0.000000 -0.342957 0.939351
vn -0.000000 -0.632398 -0.774644
vn -0.000000 -0.342956 -0.939351
vn -0.000000 -0.342956 -0.939351
vn -0.000000 -0.632398 -0.774644
vn 0.037096 -0.998969 0.026168
vn 0.037096 -0.998969 0.026168
vn 0.037096 -0.998969 0.026168
vn 0.000000 0.000000 1.000000
vn 0.000000 0.000000 1.000000
vn 0.000000 0.000000 1.000000
vn 0.000000 0.000000 1.000000
vn 0.000000 0.000000 1.000000
vn 0.000000 0.000000 1.000000
vn 0.000000 0.000000 1.000000
vn 0.000000 0.000000 1.000000
vn 0.000000 0.000000 -1.000000
vn 0.000000 0.000000 -1.000000
vn 0.000000 0.000000 -1.000000
vn 0.000000 0.000000 -1.000000
vn 0.000000 0.000000 -1.000000
vn 0.000000 0.000000 -1.000000
vn 0.000000 0.000000 -1.000000
vn 0.000000 0.000000 -1.000000
vn -0.996496 0.000000 0.083646
vn -0.996496 0.000000 0.083646
vn -0.996496 0.000000 0.083646
vn -0.996496 0.000000 0.083646
vn 0.000000 -1.000000 0.000000
vn 0.000000 -1.000000 0.000000
vn 0.000000 -1.000000 0.000000
vn 0.000000 -1.000000 0.000000
vn 0.000000 1.000000 0.000000
vn 0.000000 1.000000 0.000000
vn 0.000000 1.000000 0.000000
vn 0.000000 1.000000 0.000000
vn 0.000000 -1.000000 0.000000
vn 0.000000 -1.000000 0.000000
vn 0.000000 -1.000000 0.000000
vn 0.000000 -1.000000 0.000000
vn -1.000000 0.000000 0.000000
vn -1.000000 0.000000 0.000000
vn -1.000000 0.000000 0.000000
vn -1.000000 0.000000 0.000000
vn 1.000000 0.000000 0.000000
vn 1.000000 0.000000 0.000000
vn 1.000000 0.000000 0.000000
vn 1.000000 0.000000 0.000000
vn 0.000000 1.000000 0.000000
vn 0.000000 1.000000 0.000000
vn 0.000000 1.000000 0.000000
vn 0.000000 1.000000 0.000000
vn 1.000000 0.000000 0.000000
vn 1.000000 0.000000 0.000000
vn 1.000000 0.000000 0.000000
vn 1.000000 0.000000 0.000000
vn 0.997581 0.000000 -0.069519
vn 0.890703 0.000000 -0.454585
vn 0.890703 0.000000 -0.454585
vn 0.997581 0.000000 -0.069519
vn 0.706028 0.000000 -0.708184
vn 0.706028 0.000000 -0.708184
vn 0.507301 0.000000 -0.861769
vn 0.507301 0.000000 -0.861769
vn 0.307903 0.000000 -0.951418
vn 0.307903 0.000000 -0.951418
vn 0.101082 0.000000 -0.994878
vn 0.101082 0.000000 -0.994878
vn -0.126544 0.000000 -0.991961
vn -0.126544 0.000000 -0.991961
vn -0.372226 0.000000 -0.928142
vn -0.383116 0.000000 -0.923700
vn -0.662632 0.000000 -0.748945
vn -0.672403 0.000000 -0.740186
vn -0.814664 0.000000 -0.579934
vn -0.814664 0.000000 -0.579934
vn 0.252620 0.000000 0.967566
vn 0.403251 0.000000 0.915089
vn 0.393278 0.000000 0.919420
vn 0.252620 0.000000 0.967566
vn 0.678035 0.000000 0.735030
vn 0.678035 0.000000 0.735030
vn 0.923730 0.000000 0.383045
vn 0.923730 0.000000 0.383045
vn -0.047148 -0.998646 0.022006
vn -0.046970 -0.998894 0.001972
vn -0.028052 -0.998796 0.040249
vn -0.042775 -0.998258 0.040641
vn -0.033834 -0.997875 0.055685
vn -0.021041 -0.997662 0.065015
vn -0.005949 -0.997719 0.067238
vn 0.009458 -0.998013 0.062286
vn -0.057081 -0.989689 0.131364
vn -0.047202 -0.995662 0.080183
vn 0.000000 -1.000000 0.000000
vn 0.000000 -1.000000 0.000000
vn -0.034725 -0.998754 -0.035846
vn -0.028811 -0.998532 -0.045871
vn -0.042684 -0.998932 -0.017700
vn -0.007508 0.999972 0.000314
vn -0.007538 0.999965 0.003517
vn -0.002196 0.999989 0.004215
vn -0.006842 0.999956 0.006499
vn -0.005414 0.999946 0.008909
vn -0.003367 0.999940 0.010404
vn -0.000952 0.999942 0.010759
vn 0.001514 0.999949 0.009964
vn 0.003747 0.999959 0.008197
vn 0.005551 0.999968 0.005730
vn 0.006822 0.999973 0.002829
vn 0.007356 0.999972 0.001181
vn -0.002474 0.999952 -0.009474
vn -0.003747 0.999959 -0.008197
vn -0.005551 0.999968 -0.005730
vn -0.006822 0.999973 -0.002829
vn 0.011167 -0.999408 -0.032539
vn 0.025734 -0.999654 -0.005358
vn -0.000953 -0.999998 -0.001766
vn 0.018510 -0.999199 -0.035473
vn 0.008673 -0.999506 -0.030214
vn -0.013223 -0.999071 -0.041008
vn 0.001381 -0.999047 -0.043626
vn -0.005783 -0.999388 -0.034507
vn -0.022706 -0.999568 -0.018674
vn -0.026694 -0.999595 -0.009818
vn -0.028068 -0.999606 0.000000
vn -0.026694 -0.999595 0.009818
vn -0.022706 -0.999568 0.018674
vn -0.005783 -0.999388 0.034507
vn 0.001381 -0.999047 0.043626
vn -0.013223 -0.999071 0.041008
vn -0.018642 -0.999016 0.040243
vn -0.001674 -0.999627 0.027249
vn 0.031854 -0.999394 -0.014027
vn 0.039241 -0.999222 -0.003982
vn 0.028063 -0.999428 0.018891
vn 0.000000 1.000000 0.000000
vn 0.000000 1.000000 0.000000
vn 0.000000 1.000000 0.000000
vn 0.000000 1.000000 0.000000
vn 0.000000 1.000000 0.000000
vn 0.000000 1.000000 0.000000
vn 0.000000 1.000000 0.000000
vn 0.000000 0.000000 1.000000
vn 0.000000 0.000000 1.000000
vn 0.000000 0.000000 1.000000
vn 0.000000 0.000000 1.000000
vn 0.000000 1.000000 0.000000
vn 0.000000 1.000000 0.000000
vn 0.000000 1.000000 0.000000
vn 0.000000 1.000000 0.000000
vn 0.000000 -1.000000 0.000000
vn 0.000000 -1.000000 0.000000
vn 0.000000 -1.000000 0.000000
vn 0.000000 -1.000000 0.000000
vn -1.000000 0.000000 0.000000
vn -1.000000 0.000000 0.000000
vn -1.000000 0.000000 0.000000
vn -1.000000 0.000000 0.000000
vn 1.000000 0.000000 0.000000
vn 1.000000 0.000000 0.000000
vn 1.000000 0.000000 0.000000
vn 1.000000 0.000000 0.000000
vn 0.000000 1.000000 0.000000
vn 0.000000 1.000000 0.000000
vn 0.000000 1.000000 0.000000
vn 0.000000 1.000000 0.000000
vn 0.000000 -1.000000 0.000000
vn 0.000000 -1.000000 0.000000
vn 0.000000 -1.000000 0.000000
vn 0.000000 -1.000000 0.000000
vn 0.000000 0.000000 -1.000000
vn 0.000000 0.000000 -1.000000
vn 0.000000 0.000000 -1.000000
vn 0.000000 0.000000 -1.000000
vn 0.000000 -1.000000 0.000002
vn 0.000000 -1.000000 0.000002
vn 0.000000 -1.000000 0.000002
vn 0.000000 -1.000000 0.000002
vn -0.999343 0.000000 -0.036249
vn -0.999343 0.000000 -0.036249
vn -0.997513 0.000000 -0.070489
vn -0.997513 0.000000 -0.070489
vn 0.000000 1.000000 -0.000004
vn 0.000000 1.000000 -0.000004
vn 0.000000 1.000000 -0.000001
vn 0.000000 1.000000 -0.000001
vn 0.000000 1.000000 0.000001
vn 0.000000 1.000000 0.000001
vn -0.986273 0.000000 -0.165123
vn -0.986273 0.000000 -0.165123
vn 0.000000 -1.000000 -0.000000
vn 0.000000 -1.000000 -0.000000
vn 0.000000 1.000000 -0.000002
vn 0.000000 1.000000 -0.000002
vn -0.952511 0.000000 -0.304505
vn -0.952511 0.000000 -0.304505
vn 0.000000 -1.000000 0.000000
vn 0.000000 -1.000000 0.000000
vn 0.000000 1.000000 -0.000001
vn 0.000000 1.000000 -0.000001
vn -0.883251 0.000000 -0.468900
vn -0.883251 0.000000 -0.468900
vn 0.000000 -1.000000 -0.000001
vn 0.000000 -1.000000 -0.000001
vn 0.000000 1.000000 -0.000001
vn 0.000000 1.000000 -0.000001
vn -0.773781 0.000000 -0.633453
vn -0.773781 0.000000 -0.633453
vn 0.000000 -1.000000 -0.000001
vn 0.000000 -1.000000 -0.000001
vn 0.000000 1.000000 0.000000
vn 0.000000 1.000000 -0.000000
vn -0.632272 0.000000 -0.774746
vn -0.632272 0.000000 -0.774746
vn 0.000000 -1.000000 0.000000
vn 0.000000 -1.000000 0.000000
vn 0.000000 1.000000 0.000001
vn 0.000000 1.000000 0.000002
vn -0.476218 0.000000 -0.879327
vn -0.476218 0.000000 -0.879327
vn 0.000000 -1.000000 -0.000001
vn 0.000000 -1.000000 -0.000001
vn 0.000000 1.000000 0.000000
vn 0.000000 1.000000 0.000000
vn -0.324264 0.000000 -0.945967
vn -0.324264 0.000000 -0.945967
vn 0.000000 -1.000000 0.000002
vn 0.000000 -1.000000 0.000002
vn 0.000000 1.000000 0.000002
vn 0.000000 1.000000 0.000002
vn -0.190710 0.000000 -0.981646
vn -0.190710 0.000000 -0.981646
vn 0.000000 -1.000000 0.000000
vn 0.000000 -1.000000 0.000000
vn 0.000000 1.000000 0.000002
vn 0.000000 1.000000 0.000002
vn -0.085236 0.000000 -0.996361
vn -0.085236 0.000000 -0.996361
vn 0.000000 -1.000000 -0.000004
vn 0.000000 -1.000000 -0.000004
vn 0.000000 1.000000 -0.000002
vn 0.000000 1.000000 -0.000002
vn -0.015601 0.000000 -0.999878
vn -0.015601 0.000000 -0.999878
vn 0.000000 -1.000000 -0.000000
vn 0.000000 -1.000000 -0.000000
vn 0.000000 1.000000 -0.000004
vn 0.000000 1.000000 -0.000004
vn 0.009361 0.000000 -0.999956
vn 0.009361 0.000000 -0.999956
vn 0.000000 -1.000000 0.000004
vn 0.000000 -1.000000 0.000004
vn -0.525090 0.000000 0.851047
vn -0.677401 0.000000 0.735614
vn -0.677401 0.000000 0.735614
vn -0.525090 0.000000 0.851047
vn -0.925855 0.000000 0.377879
vn -0.925855 0.000000 0.377879
vn -0.997937 0.000000 -0.064199
vn -0.997937 0.000000 -0.064199
vn -0.900922 0.000000 -0.433982
vn -0.900922 0.000000 -0.433982
vn -0.730488 0.000000 -0.682926
vn -0.730488 0.000000 -0.682926
vn -0.541681 0.000000 -0.840584
vn -0.541681 0.000000 -0.840584
vn -0.346087 0.000000 -0.938203
vn -0.346087 0.000000 -0.938203
vn -0.137104 0.000000 -0.990557
vn -0.137104 0.000000 -0.990557
vn -0.023507 0.000000 -0.999724
vn -0.023507 0.000000 -0.999724
vn 0.004145 0.999982 -0.004330
vn 0.003392 0.999979 -0.005498
vn 0.003377 0.999986 0.004078
vn 0.005206 0.999984 -0.002174
vn 0.005827 0.999983 0.000188
vn 0.005935 0.999979 0.002608
vn 0.005462 0.999973 0.004861
vn 0.004401 0.999968 0.006674
vn 0.002841 0.999966 0.007789
vn 0.000981 0.999967 0.008047
vn -0.000935 0.999972 0.007455
vn -0.001684 0.999973 0.007094
vn 0.025239 -0.998844 -0.040906
vn 0.030843 -0.999005 -0.032223
vn 0.035541 -0.998787 0.034081
vn 0.038748 -0.999118 -0.016181
vn 0.043365 -0.999058 0.001399
vn 0.044158 -0.998836 0.019409
vn 0.040630 -0.998520 0.036160
vn 0.032727 -0.998231 0.049632
vn 0.021126 -0.998098 0.057912
vn 0.007297 -0.998182 0.059835
vn 0.077602 -0.992369 0.095822
vn 0.053240 -0.997341 0.049774
vn 0.000000 -1.000000 -0.000000
vn 0.000000 0.000000 -1.000000
vn 0.000000 0.000000 -1.000000
vn 0.000000 0.000000 -1.000000
vn 0.000000 0.000000 -1.000000
vn 0.000000 1.000000 0.000000
vn 0.000000 1.000000 0.000000
vn 0.000000 1.000000 0.000000
vn 0.000000 1.000000 0.000000
vn 0.000000 -1.000000 0.000000
vn 0.000000 -1.000000 0.000000
vn 0.000000 -1.000000 0.000000
vn 0.000000 -1.000000 0.000000
vn -1.000000 0.000000 0.000000
vn -1.000000 0.000000 0.000000
vn -1.000000 0.000000 0.000000
vn -1.000000 0.000000 0.000000
vn 1.000000 0.000000 0.000000
vn 1.000000 0.000000 0.000000
vn 1.000000 0.000000 0.000000
vn 1.000000 0.000000 0.000000
vn 0.000000 1.000000 0.000000
vn 0.000000 1.000000 0.000000
vn 0.000000 1.000000 0.000000
vn 0.000000 1.000000 0.000000
vn 0.000000 -1.000000 0.000000
vn 0.000000 -1.000000 0.000000
vn 0.000000 -1.000000 0.000000
vn 0.000000 -1.000000 0.000000
vn 0.053899 0.000000 0.998546
vn 0.053899 0.000000 0.998546
vn 0.053899 0.000000 0.998546
vn 0.053899 0.000000 0.998546
vn 0.000000 1.000000 0.000001
vn 0.000000 1.000000 0.000001
vn 0.000000 1.000000 -0.000001
vn 0.000000 1.000000 -0.000001
vn -0.999559 0.000000 0.029690
vn -0.999559 0.000000 0.029690
vn -0.997804 0.000000 0.066236
vn -0.997804 0.000000 0.066236
vn 0.000000 -1.000000 -0.000002
vn 0.000000 -1.000000 -0.000002
vn 0.000000 -1.000000 0.000001
vn 0.000000 -1.000000 0.000001
vn 0.000000 -1.000000 0.000001
vn 0.000000 -1.000000 0.000002
vn -0.985781 0.000000 0.168035
vn -0.985781 0.000000 0.168035
vn 0.000000 1.000000 -0.000001
vn 0.000000 1.000000 -0.000001
vn 0.000000 -1.000000 -0.000001
vn 0.000000 -1.000000 -0.000001
vn -0.947789 0.000000 0.318897
vn -0.947789 0.000000 0.318897
vn 0.000000 1.000000 -0.000002
vn 0.000000 1.000000 -0.000002
vn 0.000000 -1.000000 -0.000002
vn 0.000000 -1.000000 -0.000002
vn -0.868967 0.000000 0.494870
vn -0.868967 0.000000 0.494870
vn 0.000000 1.000000 -0.000001
vn 0.000000 1.000000 -0.000001
vn 0.000000 -1.000000 -0.000003
vn 0.000000 -1.000000 -0.000003
vn -0.747635 0.000000 0.664110
vn -0.747635 0.000000 0.664110
vn 0.000000 1.000000 0.000001
vn 0.000000 1.000000 0.000001
vn 0.000000 -1.000000 -0.000002
vn 0.000000 -1.000000 -0.000001
vn -0.599705 0.000000 0.800221
vn -0.599705 0.000000 0.800221
vn 0.000000 1.000000 -0.000001
vn 0.000000 1.000000 -0.000001
vn 0.000000 -1.000000 0.000001
vn 0.000000 -1.000000 0.000001
vn -0.448384 0.000000 0.893841
vn -0.448384 0.000000 0.893841
vn 0.000000 1.000000 0.000002
vn 0.000000 1.000000 0.000002
vn 0.000000 -1.000000 0.000003
vn 0.000000 -1.000000 0.000003
vn -0.311477 0.000000 0.950254
vn -0.311477 0.000000 0.950254
vn 0.000000 1.000000 -0.000000
vn 0.000000 1.000000 0.000000
vn 0.000000 -1.000000 0.000002
vn 0.000000 -1.000000 0.000001
vn -0.198179 0.000000 0.980166
vn -0.198179 0.000000 0.980166
vn 0.000000 1.000000 -0.000001
vn 0.000000 1.000000 -0.000002
vn 0.000000 -1.000000 0.000000
vn 0.000000 -1.000000 0.000000
vn -0.112541 0.000000 0.993647
vn -0.112541 0.000000 0.993647
vn 0.000000 1.000000 0.000000
vn 0.000000 1.000000 0.000000
vn 0.000000 -1.000000 0.000000
vn 0.000000 -1.000000 0.000000
vn -0.074977 0.000000 0.997185
vn -0.074977 0.000000 0.997185
vn 0.000000 1.000000 0.000000
vn 0.000000 1.000000 0.000000
vn 0.000000 -1.000000 0.000000
vn 0.000000 -1.000000 0.000000
vn -0.072993 0.000000 0.997332
vn -0.072993 0.000000 0.997332
vn 0.000000 1.000000 0.000000
vn 0.000000 1.000000 0.000000
vn 0.997581 0.000000 0.069519
vn 0.997581 0.000000 0.069519
vn 0.890704 0.000000 0.454584
vn 0.890704 0.000000 0.454584
vn 0.706028 0.000000 0.708184
vn 0.706028 0.000000 0.708184
vn 0.507300 0.000000 0.861769
vn 0.507300 0.000000 0.861769
vn 0.307900 0.000000 0.951419
vn 0.307900 0.000000 0.951419
vn 0.101081 0.000000 0.994878
vn 0.101081 0.000000 0.994878
vn -0.126542 0.000000 0.991961
vn -0.126542 0.000000 0.991961
vn -0.381204 0.000000 0.924491
vn -0.372773 0.000000 0.927922
vn -0.670322 0.000000 0.742070
vn -0.662763 0.000000 0.748829
vn -0.923731 0.000000 0.383043
vn -0.923731 0.000000 0.383043
vn -0.996016 0.000000 -0.089170
vn -0.996016 0.000000 -0.089170
vn -0.890516 0.000000 -0.454951
vn -0.890516 0.000000 -0.454951
vn 0.252614 0.000000 -0.967567
vn 0.252614 0.000000 -0.967567
vn 0.395094 0.000000 -0.918641
vn 0.402817 0.000000 -0.915280
vn 0.678037 0.000000 -0.735027
vn 0.678037 0.000000 -0.735027
vn 0.923729 0.000000 -0.383047
vn 0.923729 0.000000 -0.383047
vn -0.041893 -0.998931 -0.019552
vn -0.032338 -0.998776 -0.037421
vn -0.041732 -0.999127 -0.001751
vn -0.038010 -0.998625 -0.036113
vn -0.030068 -0.998322 -0.049486
vn -0.018699 -0.998154 -0.057780
vn -0.005286 -0.998199 -0.059754
vn 0.008406 -0.998432 -0.055350
vn -0.050873 -0.991828 -0.116999
vn -0.041928 -0.996579 -0.071224
vn 0.000000 -1.000000 0.000000
vn 0.000000 -1.000000 0.000000
vn 0.000000 -1.000000 -0.000001
vn -0.069490 -0.997577 -0.003349
vn -0.133479 -0.988708 -0.068123
vn -0.030854 -0.999016 0.031849
vn -0.037924 -0.999157 0.015726
vn -0.005385 0.999985 -0.000226
vn -0.004147 0.999980 -0.004804
vn -0.005407 0.999982 -0.002523
vn -0.004908 0.999977 -0.004662
vn -0.003883 0.999972 -0.006391
vn -0.002415 0.999969 -0.007464
vn -0.000683 0.999970 -0.007718
vn 0.001086 0.999974 -0.007148
vn -0.006642 0.999862 -0.015237
vn -0.005405 0.999943 -0.009182
vn 0.000000 1.000000 -0.000000
vn 0.000000 1.000000 0.000000
vn 0.000000 1.000000 0.000000
vn -0.017404 0.999809 -0.008882
vn -0.008989 0.999960 -0.000440
vn -0.003982 0.999984 0.004111
vn -0.004894 0.999986 0.002030
vn 0.000000 0.000000 1.000000
vn 0.000000 0.000000 1.000000
vn 0.000000 0.000000 1.000000
vn 0.000000 0.000000 1.000000
vn 0.000000 1.000000 0.000000
vn 0.000000 1.000000 0.000000
vn 0.000000 1.000000 0.000000
vn 0.000000 1.000000 0.000000
vn 0.000000 -1.000000 0.000000
vn 0.000000 -1.000000 0.000000
vn 0.000000 -1.000000 0.000000
vn 0.000000 -1.000000 0.000000
vn 1.000000 0.000000 0.000000
vn 1.000000 0.000000 0.000000
vn 1.000000 0.000000 0.000000
vn 1.000000 0.000000 0.000000
vn -1.000000 0.000000 0.000000
vn -1.000000 0.000000 0.000000
vn -1.000000 0.000000 0.000000
vn -1.000000 0.000000 0.000000
vn -1.000000 0.000000 0.000000
vn -1.000000 0.000000 0.000000
vn -1.000000 0.000000 0.000000
vn -1.000000 0.000000 0.000000
vn 0.000000 1.000000 0.000000
vn 0.000000 1.000000 0.000000
vn 0.000000 1.000000 0.000000
vn 0.000000 1.000000 0.000000
vn 0.000000 -1.000000 0.000000
vn 0.000000 -1.000000 0.000000
vn 0.000000 -1.000000 0.000000
vn 0.000000 -1.000000 0.000000
vn 0.000000 0.000000 1.000000
vn 0.000000 0.000000 1.000000
vn 0.000000 0.000000 1.000000
vn 0.000000 0.000000 1.000000
vn 0.000000 0.000000 -1.000000
vn 0.000000 0.000000 -1.000000
vn 0.000000 0.000000 -1.000000
vn 0.000000 0.000000 -1.000000
vn 0.000000 1.000000 0.000000
vn 0.000000 1.000000 0.000000
vn 0.000000 1.000000 -0.000001
vn 0.000000 1.000000 -0.000001
vn 0.999968 0.000000 -0.007976
vn 0.999968 0.000000 -0.007976
vn 0.999537 0.000000 -0.030424
vn 0.999537 0.000000 -0.030424
vn 0.000000 -1.000000 -0.000002
vn 0.000000 -1.000000 -0.000002
vn 0.000000 -1.000000 0.000001
vn 0.000000 -1.000000 0.000001
vn 0.000000 -1.000000 -0.000001
vn 0.000000 -1.000000 -0.000000
vn 0.995602 0.000000 -0.093687
vn 0.995602 0.000000 -0.093687
vn 0.000000 1.000000 -0.000002
vn 0.000000 1.000000 -0.000002
vn 0.000000 -1.000000 -0.000003
vn 0.000000 -1.000000 -0.000003
vn 0.981512 0.000000 -0.191401
vn 0.981512 0.000000 -0.191401
vn 0.000000 1.000000 -0.000003
vn 0.000000 1.000000 -0.000003
vn 0.000000 -1.000000 0.000003
vn 0.000000 -1.000000 0.000003
vn 0.947897 0.000000 -0.318576
vn 0.947897 0.000000 -0.318576
vn 0.000000 1.000000 -0.000000
vn 0.000000 1.000000 -0.000000
vn 0.000000 -1.000000 0.000002
vn 0.000000 -1.000000 0.000002
vn 0.883458 0.000000 -0.468510
vn 0.883458 0.000000 -0.468510
vn 0.000000 1.000000 0.000001
vn 0.000000 1.000000 0.000001
vn 0.000000 -1.000000 -0.000004
vn 0.000000 -1.000000 -0.000004
vn 0.778083 0.000000 -0.628161
vn 0.778083 0.000000 -0.628161
vn 0.000000 1.000000 0.000001
vn 0.000000 1.000000 0.000001
vn 0.000000 -1.000000 -0.000000
vn 0.000000 -1.000000 0.000000
vn 0.630623 0.000000 -0.776090
vn 0.630623 0.000000 -0.776090
vn 0.000000 1.000000 -0.000001
vn 0.000000 1.000000 -0.000001
vn 0.000000 -1.000000 0.000004
vn 0.000000 -1.000000 0.000004
vn 0.456484 0.000000 -0.889732
vn 0.456484 0.000000 -0.889732
vn 0.000000 1.000000 -0.000001
vn 0.000000 1.000000 -0.000001
vn 0.000000 -1.000000 0.000002
vn 0.000000 -1.000000 0.000002
vn 0.284062 0.000000 -0.958806
vn 0.284062 0.000000 -0.958806
vn 0.000000 1.000000 0.000001
vn 0.000000 1.000000 0.000001
vn 0.000000 -1.000000 0.000000
vn 0.000000 -1.000000 0.000000
vn 0.141169 0.000000 -0.989985
vn 0.141169 0.000000 -0.989985
vn 0.000000 1.000000 0.000000
vn 0.000000 1.000000 0.000000
vn 0.000000 -1.000000 -0.000002
vn 0.000000 -1.000000 -0.000002
vn 0.046332 0.000000 -0.998926
vn 0.046332 0.000000 -0.998926
vn 0.000000 1.000000 0.000002
vn 0.000000 1.000000 0.000002
vn 0.000000 -1.000000 -0.000003
vn 0.000000 -1.000000 -0.000003
vn 0.012458 0.000000 -0.999922
vn 0.012458 0.000000 -0.999922
vn 0.000000 1.000000 0.000003
vn 0.000000 1.000000 0.000003
vn -0.086097 0.000000 0.996287
vn -0.086097 0.000000 0.996287
vn -0.360150 0.000000 0.932895
vn -0.360150 0.000000 0.932895
vn -0.617222 0.000000 0.786789
vn -0.617222 0.000000 0.786789
vn -0.832892 0.000000 0.553436
vn -0.832892 0.000000 0.553436
vn -0.970194 0.000000 0.242329
vn -0.970194 0.000000 0.242329
vn -0.994055 0.000000 -0.108877
vn -0.994055 0.000000 -0.108877
vn -0.897146 0.000000 -0.441735
vn -0.897146 0.000000 -0.441735
vn -0.706484 0.000000 -0.707729
vn -0.706484 0.000000 -0.707729
vn -0.588465 0.000000 -0.808523
vn -0.588465 0.000000 -0.808523
vn 0.328039 0.000000 0.944664
vn 0.328039 0.000000 0.944664
vn 0.191333 0.000000 0.981525
vn 0.191333 0.000000 0.981525
vn 0.000000 -1.000000 0.000000
vn 0.000000 -1.000000 0.000000
vn 0.000000 -1.000000 0.000001
vn 0.000000 -1.000000 0.000001
vn 0.000000 -1.000000 0.000001
vn 0.000000 -1.000000 -0.000001
vn 0.000000 -1.000000 -0.000001
vn 0.000000 -1.000000 0.000001
vn 0.000000 -1.000000 -0.000000
vn 0.000000 -1.000000 -0.000002
vn 0.000000 1.000000 0.000000
vn 0.000000 1.000000 -0.000000
vn 0.000000 1.000000 -0.000001
vn 0.000000 1.000000 -0.000001
vn 0.000000 1.000000 0.000002
vn 0.000000 1.000000 -0.000001
vn 0.000000 1.000000 -0.000002
vn 0.000000 1.000000 0.000002
vn 0.000000 1.000000 0.000000
vn 0.000000 1.000000 0.000000
vn 0.000000 0.000000 1.000000
vn 0.000000 0.000000 1.000000
vn 0.000000 0.000000 1.000000
vn 0.000000 0.000000 1.000000
vn 0.000000 1.000000 0.000000
vn 0.000000 1.000000 0.000000
vn 0.000000 1.000000 0.000000
vn 0.000000 1.000000 0.000000
vn 0.000000 -1.000000 0.000000
vn 0.000000 -1.000000 0.000000
vn 0.000000 -1.000000 0.000000
vn 0.000000 -1.000000 0.000000
vn -1.000000 0.000000 0.000000
vn -1.000000 0.000000 0.000000
vn -1.000000 0.000000 0.000000
vn -1.000000 0.000000 0.000000
vn 1.000000 0.000000 0.000000
vn 1.000000 0.000000 0.000000
vn 1.000000 0.000000 0.000000
vn 1.000000 0.000000 0.000000
vn 0.000000 1.000000 0.000000
vn 0.000000 1.000000 0.000000
vn 0.000000 1.000000 0.000000
vn 0.000000 1.000000 0.000000
vn 0.000000 -1.000000 0.000000
vn 0.000000 -1.000000 0.000000
vn 0.000000 -1.000000 0.000000
vn 0.000000 -1.000000 0.000000
vn 0.000000 0.000000 -1.000000
vn 0.000000 0.000000 -1.000000
vn 0.000000 0.000000 -1.000000
vn 0.000000 0.000000 -1.000000
vn 0.000000 -1.000000 0.000000
vn 0.000000 -1.000000 0.000000
vn 0.000000 -1.000000 0.000000
vn 0.000000 -1.000000 0.000000
vn -0.999343 0.000000 -0.036249
vn -0.999343 0.000000 -0.036249
vn -0.997513 0.000000 -0.070489
vn -0.997513 0.000000 -0.070489
vn 0.000000 1.000000 -0.000001
vn 0.000000 1.000000 -0.000001
vn 0.000000 1.000000 -0.000000
vn 0.000000 1.000000 -0.000000
vn 0.000000 1.000000 -0.000000
vn 0.000000 1.000000 -0.000000
vn -0.986273 0.000000 -0.165123
vn -0.986273 0.000000 -0.165123
vn 0.000000 -1.000000 -0.000001
vn 0.000000 -1.000000 -0.000001
vn 0.000000 1.000000 -0.000001
vn 0.000000 1.000000 -0.000001
vn -0.952510 0.000000 -0.304506
vn -0.952510 0.000000 -0.304506
vn 0.000000 -1.000000 0.000000
vn 0.000000 -1.000000 0.000000
vn 0.000000 1.000000 -0.000001
vn 0.000000 1.000000 -0.000001
vn -0.883251 0.000000 -0.468901
vn -0.883251 0.000000 -0.468901
vn 0.000000 -1.000000 0.000002
vn 0.000000 -1.000000 0.000002
vn 0.000000 1.000000 -0.000003
vn 0.000000 1.000000 -0.000003
vn -0.773781 0.000000 -0.633453
vn -0.773781 0.000000 -0.633453
vn 0.000000 -1.000000 0.000000
vn 0.000000 -1.000000 0.000000
vn 0.000000 1.000000 0.000000
vn 0.000000 1.000000 -0.000000
vn -0.632272 0.000000 -0.774746
vn -0.632272 0.000000 -0.774746
vn 0.000000 -1.000000 -0.000002
vn 0.000000 -1.000000 -0.000002
vn 0.000000 1.000000 -0.000000
vn 0.000000 1.000000 0.000000
vn -0.476218 0.000000 -0.879327
vn -0.476218 0.000000 -0.879327
vn 0.000000 -1.000000 -0.000001
vn 0.000000 -1.000000 -0.000001
vn 0.000000 1.000000 -0.000002
vn 0.000000 1.000000 -0.000002
vn -0.324265 0.000000 -0.945966
vn -0.324265 0.000000 -0.945966
vn 0.000000 -1.000000 0.000000
vn 0.000000 -1.000000 0.000000
vn 0.000000 1.000000 0.000000
vn 0.000000 1.000000 0.000000
vn -0.190711 0.000000 -0.981646
vn -0.190711 0.000000 -0.981646
vn 0.000000 -1.000000 0.000000
vn 0.000000 -1.000000 0.000000
vn 0.000000 1.000000 0.000000
vn 0.000000 1.000000 0.000000
vn -0.085236 0.000000 -0.996361
vn -0.085236 0.000000 -0.996361
vn 0.000000 -1.000000 0.000000
vn 0.000000 -1.000000 0.000000
vn 0.000000 1.000000 0.000000
vn 0.000000 1.000000 0.000000
vn -0.015601 0.000000 -0.999878
vn -0.015601 0.000000 -0.999878
vn 0.000000 -1.000000 0.000000
vn 0.000000 -1.000000 0.000000
vn 0.000000 1.000000 0.000000
vn 0.000000 1.000000 0.000000
vn 0.009361 0.000000 -0.999956
vn 0.009361 0.000000 -0.999956
vn 0.000000 -1.000000 0.000000
vn 0.000000 -1.000000 0.000000
vn -0.086096 0.000000 -0.996287
vn -0.360150 0.000000 -0.932895
vn -0.360150 0.000000 -0.932895
vn -0.086096 0.000000 -0.996287
vn -0.617222 0.000000 -0.786789
vn -0.617222 0.000000 -0.786789
vn -0.832894 0.000000 -0.553432
vn -0.832894 0.000000 -0.553432
vn -0.970194 0.000000 -0.242329
vn -0.970194 0.000000 -0.242329
vn -0.994055 0.000000 0.108878
vn -0.994055 0.000000 0.108878
vn -0.897146 0.000000 0.441735
vn -0.897146 0.000000 0.441735
vn -0.811039 0.000000 0.584993
vn -0.811039 0.000000 0.584993
vn 0.328039 0.000000 -0.944664
vn 0.191334 0.000000 -0.981525
vn 0.191334 0.000000 -0.981525
vn 0.328039 0.000000 -0.944664
vn 0.000000 -1.000000 0.000000
vn 0.000000 -1.000000 -0.000001
vn 0.000000 -1.000000 0.000000
vn 0.000000 -1.000000 0.000000
vn 0.000000 -1.000000 0.000000
vn 0.000000 -1.000000 0.000000
vn 0.000000 -1.000000 0.000000
vn 0.000000 -1.000000 0.000000
vn 0.000000 -1.000000 -0.000000
vn 0.000000 -1.000000 0.000001
vn 0.000000 1.000000 0.000001
vn 0.000000 1.000000 0.000001
vn 0.000000 1.000000 0.000001
vn 0.000000 1.000000 0.000001
vn 0.000000 1.000000 -0.000002
vn 0.000000 1.000000 0.000002
vn 0.000000 1.000000 0.000004
vn 0.000000 1.000000 0.000000
vn 0.000000 1.000000 0.000000
vn 0.000000 1.000000 0.000001
vn 0.000000 -0.175213 -0.984531
vn 0.000000 -0.175213 -0.984531
vn 0.000000 -0.342951 -0.939353
vn 0.000000 -0.342951 -0.939353
vn 1.000000 0.000001 0.000000
vn 1.000000 0.000000 0.000000
vn 1.000000 0.000000 0.000000
vn 1.000000 -0.000000 0.000000
vn 0.000000 -0.632398 -0.774644
vn 0.000000 -0.632398 -0.774644
vn -1.000000 0.000000 0.000000
vn -1.000000 -0.000001 0.000000
vn -1.000000 0.000000 0.000000
vn -1.000000 0.000000 0.000000
vn 1.000000 0.000000 0.000000
vn 1.000000 -0.000000 0.000000
vn 0.000000 -0.839746 -0.542979
vn 0.000000 -0.839746 -0.542979
vn -1.000000 -0.000001 0.000000
vn -1.000000 0.000000 0.000000
vn 0.000000 -0.175213 0.984530
vn 0.000000 -0.342951 0.939353
vn 0.000000 -0.342951 0.939353
vn 0.000000 -0.175213 0.984530
vn 1.000000 0.000000 0.000000
vn 1.000000 0.000001 0.000000
vn 0.000000 -0.960644 -0.277784
vn 0.000000 -0.960644 -0.277784
vn -1.000000 0.000000 0.000000
vn -1.000000 0.000000 0.000000
vn 0.000000 -0.632398 0.774644
vn 0.000000 -0.632398 0.774644
vn 1.000000 0.000000 0.000000
vn 1.000000 0.000001 0.000000
vn 1.000000 0.000000 0.000000
vn 1.000000 0.000000 0.000000
vn -1.000000 0.000001 0.000000
vn -1.000000 0.000000 0.000000
vn -1.000000 0.000000 0.000000
vn -1.000000 0.000000 0.000000
vn 1.000000 0.000000 0.000000
vn 1.000000 0.000000 0.000000
vn 0.000000 -1.000000 0.000000
vn 0.000000 -1.000000 0.000000
vn -1.000000 0.000000 0.000000
vn -1.000000 0.000000 0.000000
vn 0.000000 -0.839746 0.542979
vn 0.000000 -0.839746 0.542979
vn 1.000000 0.000001 0.000000
vn 1.000000 0.000000 0.000000
vn -1.000000 0.000000 0.000000
vn -1.000000 -0.000000 0.000000
vn 1.000000 0.000000 0.000000
vn 1.000000 0.000000 0.000000
vn 0.000000 -0.960644 0.277784
vn 0.000000 -0.960644 0.277784
vn -1.000000 -0.000000 0.000000
vn -1.000000 0.000000 0.000000
vn 1.000000 0.000000 0.000000
vn 1.000000 0.000000 0.000000
vn -1.000000 0.000000 0.000000
vn -1.000000 -0.000000 0.000000
vn 1.000000 0.000000 0.000000
vn 1.000000 0.000000 0.000000
vn -1.000000 -0.000001 0.000000
vn -1.000000 0.000000 0.000000
vn 0.000000 -0.000006 1.000000
vn 0.000000 -0.000006 1.000000
vn 0.000000 0.342948 0.939354
vn 0.000000 0.342948 0.939354
vn 0.000000 0.342948 0.939354
vn 0.000000 0.342948 0.939354
vn 0.000000 0.632396 0.774646
vn 0.000000 0.632396 0.774646
vn 0.000000 0.632396 0.774646
vn 0.000000 0.632396 0.774646
vn 0.000000 0.839745 0.542981
vn 0.000000 0.839745 0.542981
vn 0.000000 0.839745 0.542981
vn 0.000000 0.839745 0.542981
vn 0.000000 0.960642 0.277790
vn 0.000000 0.960642 0.277790
vn -0.000000 -0.000000 -1.000000
vn -0.000000 0.342948 -0.939355
vn -0.000000 0.342948 -0.939355
vn -0.000000 -0.000006 -1.000000
vn 0.000000 0.960642 0.277790
vn 0.000000 0.960642 0.277790
vn -0.000000 1.000000 -0.000000
vn -0.000000 1.000000 -0.000000
vn -0.000000 0.342948 -0.939355
vn -0.000000 0.632395 -0.774646
vn -0.000000 0.632395 -0.774646
vn -0.000000 0.342948 -0.939355
vn -0.000000 1.000000 -0.000000
vn -0.000000 1.000000 -0.000000
vn -0.000000 0.960642 -0.277790
vn -0.000000 0.960642 -0.277790
vn -0.000000 0.632395 -0.774646
vn -0.000000 0.839745 -0.542981
vn -0.000000 0.839745 -0.542981
vn -0.000000 0.632395 -0.774646
vn -0.000000 0.839745 -0.542981
vn -0.000000 0.960642 -0.277790
vn -0.000000 0.960642 -0.277790
vn -0.000000 0.839745 -0.542981
vn 0.019483 0.999000 0.040243
vn 0.019483 0.999000 0.040243
vn 0.019483 0.999000 0.040243
vn 0.997581 0.000000 -0.069519
vn 0.890705 0.000000 -0.454582
vn 0.890705 0.000000 -0.454582
vn 0.997581 0.000000 -0.069519
vn 0.706026 0.000000 -0.708185
vn 0.706026 0.000000 -0.708185
vn 0.507301 0.000000 -0.861769
vn 0.507301 0.000000 -0.861769
vn 0.307900 0.000000 -0.951419
vn 0.307900 0.000000 -0.951419
vn 0.101077 0.000000 -0.994879
vn 0.101077 0.000000 -0.994879
vn -0.126537 0.000000 -0.991962
vn -0.126537 0.000000 -0.991962
vn -0.294778 0.000000 -0.955566
vn -0.383117 0.000000 -0.923700
vn -0.631321 0.000000 -0.775521
vn -0.672407 0.000000 -0.740182
vn -0.814664 0.000000 -0.579934
vn -0.814664 0.000000 -0.579934
vn 0.252617 0.000000 0.967566
vn 0.481989 0.000000 0.876178
vn 0.393279 0.000000 0.919419
vn 0.252617 0.000000 0.967566
vn 0.678035 0.000000 0.735029
vn 0.678035 0.000000 0.735029
vn 0.923728 0.000000 0.383049
vn 0.923728 0.000000 0.383049
vn -0.505330 -0.828474 0.241398
vn -0.519787 -0.853924 0.025204
vn -0.372525 -0.738013 0.562639
vn -0.437961 -0.793537 0.422479
vn -0.332988 -0.763539 0.553287
vn -0.204196 -0.748451 0.630972
vn -0.060643 -0.752289 0.656036
vn 0.090915 -0.773853 0.626806
vn -0.269329 -0.542529 0.795691
vn -0.405749 -0.600242 0.689258
vn 0.000000 -1.000000 0.000000
vn 0.000000 -1.000000 0.000000
vn -0.375906 -0.839412 -0.392534
vn -0.305531 -0.818547 -0.486449
vn -0.474331 -0.858092 -0.196694
vn -0.096670 0.995308 0.004077
vn -0.096952 0.994258 0.045284
vn -0.028326 0.998122 0.054316
vn -0.087841 0.992629 0.083499
vn -0.069392 0.991027 0.114242
vn -0.043131 0.990140 0.133276
vn -0.012215 0.990377 0.137858
vn 0.019384 0.991606 0.127839
vn 0.048120 0.993270 0.105355
vn 0.071426 0.994715 0.073753
vn 0.087858 0.995466 0.036432
vn 0.094719 0.995388 0.015211
vn -0.031746 0.992072 -0.121594
vn -0.048120 0.993270 -0.105356
vn -0.071426 0.994715 -0.073755
vn -0.087858 0.995466 -0.036433
vn 0.000000 0.960642 -0.277788
vn 0.000000 0.839749 -0.542975
vn 0.000000 0.839749 -0.542975
vn 0.000000 0.960642 -0.277788
vn 0.000000 0.632398 -0.774643
vn 0.000000 0.632398 -0.774643
vn 0.000000 0.342948 -0.939354
vn 0.000000 0.342948 -0.939354
vn 0.000000 0.000000 -1.000000
vn 0.000000 0.000000 -1.000000
vn 0.000000 -0.342948 -0.939354
vn 0.000000 -0.342948 -0.939354
vn 0.000000 -0.632398 -0.774643
vn 0.000000 -0.632398 -0.774643
vn 0.000000 -0.839753 -0.542969
vn 0.000000 -0.839753 -0.542969
vn 0.000000 -0.960642 -0.277789
vn 0.000000 -0.960642 -0.277789
vn 0.000000 -1.000000 0.000000
vn 0.000000 -1.000000 0.000000
vn 0.000000 -0.960642 0.277788
vn 0.000000 -0.960642 0.277788
vn 0.000000 -0.839753 0.542968
vn 0.000000 -0.839753 0.542968
vn 0.000000 -0.632398 0.774643
vn 0.000000 -0.632398 0.774643
vn 0.000000 -0.342949 0.939354
vn 0.000000 -0.342949 0.939354
vn 0.000000 0.000000 1.000000
vn 0.000000 0.000000 1.000000
vn 0.000000 0.342949 0.939354
vn 0.000000 0.342949 0.939354
vn 0.000000 0.632398 0.774643
vn 0.000000 0.632398 0.774643
vn 0.000000 0.839749 0.542975
vn 0.000000 0.839749 0.542975
vn 0.000000 0.960642 0.277789
vn 0.000000 0.960642 0.277789
vn 0.000000 1.000000 0.000000
vn 0.000000 1.000000 0.000000
vn 1.000000 0.000000 0.000000
vn 1.000000 0.000000 0.000000
vn 1.000000 -0.000000 0.000000
vn 1.000000 0.000000 0.000000
vn 1.000000 0.000000 0.000000
vn 1.000000 0.000000 0.000000
vn 1.000000 -0.000005 0.000000
vn 1.000000 -0.000005 0.000000
vn 1.000000 0.000001 0.000000
vn 1.000000 0.000001 0.000000
vn 1.000000 0.000000 0.000000
vn 1.000000 0.000000 0.000000
vn 1.000000 0.000000 0.000000
vn 1.000000 0.000000 0.000000
vn 1.000000 0.000000 0.000000
vn 1.000000 0.000000 0.000000
vn 1.000000 0.000000 0.000000
vn 1.000000 -0.000002 0.000000
vn 1.000000 -0.000001 0.000000
vn 1.000000 0.000001 0.000000
vn 1.000000 0.000000 0.000000
vn -1.000000 0.000001 0.000000
vn -1.000000 0.000001 0.000000
vn -1.000000 -0.000000 0.000000
vn -1.000000 -0.000005 0.000000
vn -1.000000 -0.000005 0.000000
vn -1.000000 0.000000 0.000000
vn -1.000000 0.000005 0.000000
vn -1.000000 -0.000000 0.000000
vn -1.000000 -0.000007 0.000000
vn -1.000000 -0.000002 0.000000
vn -1.000000 0.000000 0.000000
vn -1.000000 0.000001 0.000000
vn -1.000000 0.000004 0.000000
vn -1.000000 0.000002 0.000000
vn -1.000000 -0.000005 0.000000
vn -1.000000 0.000000 0.000000
vn -1.000000 0.000005 0.000000
vn -1.000000 0.000000 0.000000
vn -1.000000 0.000000 0.000000
vn -1.000000 0.000000 0.000000
vn -1.000000 0.000000 0.000000
vn 0.000000 -1.000000 0.000000
vn 0.000000 -1.000000 0.000000
vn 0.000000 -1.000000 0.000000
vn 0.000000 -1.000000 0.000000
vn 0.000000 0.000000 -1.000000
vn 0.000000 0.000000 -1.000000
vn 0.000000 0.000000 -1.000000
vn 0.000000 0.000000 -1.000000
vn 0.000000 1.000000 0.000000
vn 0.000000 1.000000 0.000000
vn 0.000000 1.000000 0.000000
vn 0.000000 1.000000 0.000000
vn 0.000000 0.000000 1.000000
vn 0.000000 0.000000 1.000000
vn 0.000000 0.000000 1.000000
vn 0.000000 0.000000 1.000000
vn -1.000000 0.000000 0.000000
vn -1.000000 0.000000 0.000000
vn -1.000000 0.000000 0.000000
vn -1.000000 0.000000 0.000000
vn 1.000000 0.000000 0.000000
vn 1.000000 0.000000 0.000000
vn 1.000000 0.000000 0.000000
vn 1.000000 0.000000 0.000000
vn 0.938334 0.000000 0.345731
vn 0.938334 0.000000 0.345731
vn 0.771796 0.000000 0.635871
vn 0.771796 0.000000 0.635871
vn 0.539469 0.000000 0.842005
vn 0.539469 0.000000 0.842005
vn 0.275446 0.000000 0.961317
vn 0.275446 0.000000 0.961317
vn 0.000000 0.000000 1.000000
vn 0.000000 0.000000 1.000000
vn -0.138335 0.000000 0.990386
vn -0.138335 0.000000 0.990386
vn 0.984251 0.000000 -0.176777
vn 0.984251 0.000000 -0.176777
vn 1.000000 0.000000 -0.000001
vn 1.000000 0.000000 -0.000001
vn 0.000000 -1.000000 0.000001
vn 0.000000 -1.000000 -0.000000
vn 0.000000 -1.000000 -0.000001
vn 0.000000 -1.000000 0.000000
vn 0.000000 -1.000000 0.000000
vn 0.000000 -1.000000 0.000000
vn 0.000000 -1.000000 0.000000
vn 0.000000 -1.000000 0.000000
vn 0.000000 -1.000000 -0.000001
vn 0.000000 -1.000000 0.000000
vn 0.000000 1.000000 -0.000002
vn 0.000000 1.000000 0.000000
vn 0.000000 1.000000 0.000000
vn 0.000000 1.000000 0.000000
vn 0.000000 1.000000 0.000000
vn 0.000000 1.000000 0.000000
vn 0.000000 1.000000 0.000000
vn 0.000000 1.000000 0.000000
vn 0.000000 1.000000 0.000004
vn 0.000000 1.000000 0.000001
vn 0.000000 -1.000000 0.000000
vn 0.000000 -1.000000 0.000000
vn 0.000000 -1.000000 0.000000
vn 0.000000 -1.000000 0.000000
vn -1.000000 0.000000 0.000000
vn -1.000000 0.000000 0.000000
vn -1.000000 0.000000 0.000000
vn -1.000000 0.000000 0.000000
vn 0.000000 1.000000 0.000000
vn 0.000000 1.000000 0.000000
vn 0.000000 1.000000 0.000000
vn 0.000000 1.000000 0.000000
vn 1.000000 0.000000 0.000000
vn 1.000000 0.000000 0.000000
vn 1.000000 0.000000 0.000000
vn 1.000000 0.000000 0.000000
vn 0.000000 0.000000 1.000000
vn 0.000000 0.000000 1.000000
vn 0.000000 0.000000 1.000000
vn 0.000000 0.000000 1.000000
vn 0.000000 0.000000 -1.000000
vn 0.000000 0.000000 -1.000000
vn 0.000000 0.000000 -1.000000
vn 0.000000 0.000000 -1.000000
vn 0.000000 -1.000000 0.000000
vn 0.000000 -1.000000 0.000000
vn 0.000000 -1.000000 0.000000
vn 0.000000 -1.000000 0.000000
vn -1.000000 0.000000 0.000000
vn -1.000000 0.000000 0.000000
vn -1.000000 0.000000 0.000000
vn -1.000000 0.000000 0.000000
vn 0.000000 1.000000 0.000000
vn 0.000000 1.000000 0.000000
vn 0.000000 1.000000 0.000000
vn 0.000000 1.000000 0.000000
vn 1.000000 0.000000 0.000000
vn 1.000000 0.000000 0.000000
vn 1.000000 0.000000 0.000000
vn 1.000000 0.000000 0.000000
vn 0.000000 0.000000 1.000000
vn 0.000000 0.000000 1.000000
vn 0.000000 0.000000 1.000000
vn 0.000000 0.000000 1.000000
vn 0.000000 0.000000 -1.000000
vn 0.000000 0.000000 -1.000000
vn 0.000000 0.000000 -1.000000
vn 0.000000 0.000000 -1.000000
vn 0.997581 0.000000 0.069519
vn 0.997581 0.000000 0.069519
vn 0.890702 0.000000 0.454587
vn 0.890702 0.000000 0.454587
vn 0.706027 0.000000 0.708185
vn 0.706027 0.000000 0.708185
vn 0.507302 0.000000 0.861768
vn 0.507302 0.000000 0.861768
vn 0.307907 0.000000 0.951417
vn 0.307907 0.000000 0.951417
vn 0.101078 0.000000 0.994879
vn 0.101078 0.000000 0.994879
vn -0.126544 0.000000 0.991961
vn -0.126544 0.000000 0.991961
vn -0.363900 0.000000 0.931438
vn -0.294316 0.000000 0.955708
vn -0.656324 0.000000 0.754479
vn -0.630509 0.000000 0.776182
vn -0.814661 0.000000 0.579938
vn -0.814661 0.000000 0.579938
vn 0.252615 0.000000 -0.967567
vn 0.252615 0.000000 -0.967567
vn 0.411021 0.000000 -0.911626
vn 0.482521 0.000000 -0.875884
vn 0.678035 0.000000 -0.735029
vn 0.678035 0.000000 -0.735029
vn 0.923729 0.000000 -0.383047
vn 0.923729 0.000000 -0.383047
vn -0.506302 -0.827737 -0.241887
vn -0.494522 -0.691642 -0.526384
vn -0.520857 -0.853270 -0.025270
vn -0.438730 -0.792706 -0.423242
vn -0.333528 -0.762640 -0.554202
vn -0.204522 -0.747522 -0.631966
vn -0.060746 -0.751370 -0.657079
vn 0.091057 -0.772975 -0.627868
vn -0.269258 -0.541690 -0.796286
vn -0.406177 -0.599118 -0.689984
vn 0.000000 -1.000000 0.000000
vn 0.000000 -1.000000 0.000000
vn 0.000000 -1.000000 -0.000000
vn -0.663119 -0.746132 0.059662
vn -0.811720 -0.411689 -0.414274
vn -0.376643 -0.838711 0.393324
vn -0.475314 -0.857454 0.197101
vn -0.078412 0.996916 -0.003299
vn -0.059255 0.995899 -0.068363
vn -0.078672 0.996223 -0.036734
vn -0.071322 0.995148 -0.067782
vn -0.056374 0.994088 -0.092797
vn -0.035048 0.993501 -0.108297
vn -0.009918 0.993658 -0.112011
vn 0.015753 0.994471 -0.103824
vn -0.092886 0.972200 -0.214939
vn -0.078898 0.987832 -0.134025
vn 0.000000 1.000000 -0.000001
vn 0.000000 1.000000 0.000000
vn 0.000000 1.000000 0.000001
vn -0.244461 0.961599 -0.124766
vn -0.129778 0.991525 -0.005982
vn -0.057951 0.996525 0.059832
vn -0.071261 0.997020 0.029549
vn 0.039889 0.999157 -0.009727
vn 0.039889 0.999157 -0.009727
vn 0.039889 0.999157 -0.009727
vn 0.000000 0.000000 1.000000
vn 0.000000 0.000000 1.000000
vn 0.000000 0.000000 1.000000
vn 0.000000 0.000000 1.000000
vn 0.000000 1.000000 0.000000
vn 0.000000 1.000000 0.000000
vn 0.000000 1.000000 0.000000
vn 0.000000 1.000000 0.000000
vn 0.000000 0.000000 -1.000000
vn 0.000000 0.000000 -1.000000
vn 0.000000 0.000000 -1.000000
vn 0.000000 0.000000 -1.000000
vn 0.000000 -1.000000 0.000000
vn 0.000000 -1.000000 0.000000
vn 0.000000 -1.000000 0.000000
vn 0.000000 -1.000000 0.000000
vn -1.000000 0.000000 0.000000
vn -1.000000 0.000000 0.000000
vn -1.000000 0.000000 0.000000
vn -1.000000 0.000000 0.000000
vn 1.000000 0.000000 0.000000
vn 1.000000 0.000000 0.000000
vn 1.000000 0.000000 0.000000
vn 1.000000 0.000000 0.000000
vn 0.026386 -0.998737 0.042766
vn 0.026386 -0.998737 0.042766
vn 0.026386 -0.998737 0.042766
vn 0.000000 0.000000 -1.000000
vn 0.000000 0.000000 -1.000000
vn 0.000000 0.000000 -1.000000
vn 0.000000 0.000000 -1.000000
vn 0.000000 -1.000000 0.000000
vn 0.000000 -1.000000 0.000000
vn 0.000000 -1.000000 0.000000
vn 0.000000 -1.000000 0.000000
vn 0.000000 1.000000 0.000000
vn 0.000000 1.000000 0.000000
vn 0.000000 1.000000 0.000000
vn 0.000000 1.000000 0.000000
vn 0.000000 0.000000 1.000000
vn 0.000000 0.000000 1.000000
vn 0.000000 0.000000 1.000000
vn 0.000000 0.000000 1.000000
vn 0.000000 0.000000 1.000000
vn 0.000000 0.000000 1.000000
vn 0.000000 0.000000 1.000000
vn 0.000000 0.000000 1.000000
vn 0.000000 1.000000 0.000000
vn 0.000000 1.000000 0.000000
vn 0.000000 1.000000 0.000000
vn 0.000000 1.000000 0.000000
vn 0.000000 -1.000000 0.000000
vn 0.000000 -1.000000 0.000000
vn 0.000000 -1.000000 0.000000
vn 0.000000 -1.000000 0.000000
vn -0.000000 0.000000 -1.000000
vn -0.000000 0.000000 -1.000000
vn -0.000000 0.000000 -1.000000
vn -0.000000 0.000000 -1.000000
vn 1.000000 0.000000 0.000000
vn 1.000000 0.000000 0.000000
vn 1.000000 0.000000 0.000000
vn 1.000000 0.000000 0.000000
vn 1.000000 0.000000 0.000000
vn 1.000000 0.000000 0.000000
vn 1.000000 0.000000 0.000000
vn 1.000000 0.000000 0.000000
vn -1.000000 0.000000 0.000000
vn -1.000000 0.000000 0.000000
vn -1.000000 0.000000 0.000000
vn -1.000000 0.000000 0.000000
vn -1.000000 0.000000 0.000000
vn -1.000000 0.000000 0.000000
vn -1.000000 0.000000 0.000000
vn -1.000000 0.000000 0.000000
vn 0.000000 -1.000000 0.000000
vn 0.000000 -1.000000 0.000000
vn 0.000000 -1.000000 0.000000
vn 0.000000 -1.000000 0.000000
vn -1.000000 0.000000 0.000000
vn -1.000000 0.000000 0.000000
vn -1.000000 0.000000 0.000000
vn -1.000000 0.000000 0.000000
vn 0.000000 1.000000 0.000000
vn 0.000000 1.000000 0.000000
vn 0.000000 1.000000 0.000000
vn 0.000000 1.000000 0.000000
vn 1.000000 0.000000 0.000000
vn 1.000000 0.000000 0.000000
vn 1.000000 0.000000 0.000000
vn 1.000000 0.000000 0.000000
vn 0.000000 0.000000 1.000000
vn 0.000000 0.000000 1.000000
vn 0.000000 0.000000 1.000000
vn 0.000000 0.000000 1.000000
vn 0.000000 0.000000 -1.000000
vn 0.000000 0.000000 -1.000000
vn 0.000000 0.000000 -1.000000
vn 0.000000 0.000000 -1.000000
vn 0.000000 0.000000 -1.000000
vn 0.000000 0.000000 -1.000000
vn 0.000000 0.000000 -1.000000
vn 0.000000 0.000000 -1.000000
vn 0.000000 1.000000 0.000000
vn 0.000000 1.000000 0.000000
vn 0.000000 1.000000 0.000000
vn 0.000000 1.000000 0.000000
vn 0.000000 -1.000000 0.000000
vn 0.000000 -1.000000 0.000000
vn 0.000000 -1.000000 0.000000
vn 0.000000 -1.000000 0.000000
vn -1.000000 0.000000 0.000000
vn -1.000000 0.000000 0.000000
vn -1.000000 0.000000 0.000000
vn -1.000000 0.000000 0.000000
vn 1.000000 0.000000 0.000000
vn 1.000000 0.000000 0.000000
vn 1.000000 0.000000 0.000000
vn 1.000000 0.000000 0.000000
vn 0.000000 1.000000 0.000000
vn 0.000000 1.000000 0.000000
vn 0.000000 1.000000 0.000000
vn 0.000000 1.000000 0.000000
vn 0.000000 -1.000000 0.000000
vn 0.000000 -1.000000 0.000000
vn 0.000000 -1.000000 0.000000
vn 0.000000 -1.000000 0.000000
vn 0.053899 0.000000 0.998546
vn 0.053899 0.000000 0.998546
vn 0.053899 0.000000 0.998546
vn 0.053899 0.000000 0.998546
vn 0.000000 1.000000 -0.000003
vn 0.000000 1.000000 -0.000003
vn 0.000000 1.000000 -0.000001
vn 0.000000 1.000000 -0.000001
vn -0.999559 0.000000 0.029690
vn -0.999559 0.000000 0.029690
vn -0.997804 0.000000 0.066236
vn -0.997804 0.000000 0.066236
vn 0.000000 -1.000000 -0.000002
vn 0.000000 -1.000000 -0.000002
vn 0.000000 -1.000000 -0.000002
vn 0.000000 -1.000000 -0.000002
vn 0.000000 -1.000000 0.000000
vn 0.000000 -1.000000 0.000000
vn -0.985781 0.000000 0.168035
vn -0.985781 0.000000 0.168035
vn 0.000000 1.000000 0.000003
vn 0.000000 1.000000 0.000003
vn 0.000000 -1.000000 0.000001
vn 0.000000 -1.000000 0.000001
vn -0.947790 0.000000 0.318897
vn -0.947790 0.000000 0.318897
vn 0.000000 1.000000 0.000002
vn 0.000000 1.000000 0.000002
vn 0.000000 -1.000000 0.000001
vn 0.000000 -1.000000 0.000001
vn -0.868967 0.000000 0.494870
vn -0.868967 0.000000 0.494870
vn 0.000000 1.000000 -0.000001
vn 0.000000 1.000000 -0.000001
vn 0.000000 -1.000000 0.000001
vn 0.000000 -1.000000 0.000001
vn -0.747643 0.000000 0.664101
vn -0.747643 0.000000 0.664101
vn 0.000000 1.000000 0.000001
vn 0.000000 1.000000 0.000001
vn 0.000000 -1.000000 0.000000
vn 0.000000 -1.000000 0.000000
vn -0.599706 0.000000 0.800220
vn -0.599706 0.000000 0.800220
vn 0.000000 1.000000 0.000001
vn 0.000000 1.000000 0.000002
vn 0.000000 -1.000000 -0.000001
vn 0.000000 -1.000000 -0.000001
vn -0.448378 0.000000 0.893844
vn -0.448378 0.000000 0.893844
vn 0.000000 1.000000 0.000000
vn 0.000000 1.000000 0.000000
vn 0.000000 -1.000000 -0.000000
vn 0.000000 -1.000000 0.000000
vn -0.311477 0.000000 0.950254
vn -0.311477 0.000000 0.950254
vn 0.000000 1.000000 0.000000
vn 0.000000 1.000000 0.000000
vn 0.000000 -1.000000 0.000002
vn 0.000000 -1.000000 0.000001
vn -0.198179 0.000000 0.980166
vn -0.198179 0.000000 0.980166
vn 0.000000 1.000000 0.000000
vn 0.000000 1.000000 0.000000
vn 0.000000 -1.000000 0.000000
vn 0.000000 -1.000000 0.000000
vn -0.112541 0.000000 0.993647
vn -0.112541 0.000000 0.993647
vn 0.000000 1.000000 0.000002
vn 0.000000 1.000000 0.000001
vn 0.000000 -1.000000 0.000001
vn 0.000000 -1.000000 0.000002
vn -0.074977 0.000000 0.997185
vn -0.074977 0.000000 0.997185
vn 0.000000 1.000000 0.000001
vn 0.000000 1.000000 0.000002
vn 0.000000 -1.000000 0.000003
vn 0.000000 -1.000000 0.000003
vn -0.072993 0.000000 0.997332
vn -0.072993 0.000000 0.997332
vn 0.000000 1.000000 0.000000
vn 0.000000 1.000000 0.000000
vn -0.525088 0.000000 -0.851048
vn -0.525088 0.000000 -0.851048
vn -0.677399 0.000000 -0.735616
vn -0.677399 0.000000 -0.735616
vn -0.925856 0.000000 -0.377877
vn -0.925856 0.000000 -0.377877
vn -0.997938 0.000000 0.064186
vn -0.997938 0.000000 0.064186
vn -0.900920 0.000000 0.433985
vn -0.900920 0.000000 0.433985
vn -0.730485 0.000000 0.682929
vn -0.730485 0.000000 0.682929
vn -0.541683 0.000000 0.840583
vn -0.541683 0.000000 0.840583
vn -0.346088 0.000000 0.938202
vn -0.346088 0.000000 0.938202
vn -0.137104 0.000000 0.990557
vn -0.137104 0.000000 0.990557
vn -0.023501 0.000000 0.999724
vn -0.023501 0.000000 0.999724
vn 0.005441 0.999985 -0.000035
vn 0.003372 0.999973 -0.006588
vn 0.005192 0.999986 0.000823
vn 0.005952 0.999979 -0.002454
vn 0.005894 0.999970 -0.005048
vn 0.005067 0.999959 -0.007453
vn 0.003401 0.999953 -0.009126
vn 0.001152 0.999954 -0.009541
vn -0.001155 0.999962 -0.008629
vn -0.001936 0.999965 -0.008154
vn 0.041488 -0.999117 0.006574
vn 0.030750 -0.998796 -0.038226
vn 0.042587 -0.999092 -0.001374
vn 0.043366 -0.998877 -0.019061
vn 0.039902 -0.998572 -0.035512
vn 0.032141 -0.998294 -0.048743
vn 0.020748 -0.998166 -0.056875
vn 0.007167 -0.998246 -0.058764
vn 0.076239 -0.992636 -0.094130
vn 0.052281 -0.997436 -0.048876
vn 0.000000 -1.000000 -0.000000
vn 0.000000 -1.000000 -0.000000
vn 0.000000 -1.000000 0.000000
vn 0.000000 0.000000 1.000000
vn 0.000000 0.000000 1.000000
vn 0.000000 0.000000 1.000000
vn 0.000000 0.000000 1.000000
vn 0.000000 1.000000 0.000000
vn 0.000000 1.000000 0.000000
vn 0.000000 1.000000 0.000000
vn 0.000000 1.000000 0.000000
vn 0.000000 -1.000000 0.000000
vn 0.000000 -1.000000 0.000000
vn 0.000000 -1.000000 0.000000
vn 0.000000 -1.000000 0.000000
vn 1.000000 0.000000 0.000000
vn 1.000000 0.000000 0.000000
vn 1.000000 0.000000 0.000000
vn 1.000000 0.000000 0.000000
vn -1.000000 0.000000 0.000000
vn -1.000000 0.000000 0.000000
vn -1.000000 0.000000 0.000000
vn -1.000000 0.000000 0.000000
vn -1.000000 0.000000 0.000000
vn -1.000000 0.000000 0.000000
vn -1.000000 0.000000 0.000000
vn -1.000000 0.000000 0.000000
vn 0.000000 1.000000 0.000000
vn 0.000000 1.000000 0.000000
vn 0.000000 1.000000 0.000000
vn 0.000000 1.000000 0.000000
vn 0.000000 -1.000000 0.000000
vn 0.000000 -1.000000 0.000000
vn 0.000000 -1.000000 0.000000
vn 0.000000 -1.000000 0.000000
vn 0.000000 0.000000 1.000000
vn 0.000000 0.000000 1.000000
vn 0.000000 0.000000 1.000000
vn 0.000000 0.000000 1.000000
vn 0.000000 0.000000 -1.000000
vn 0.000000 0.000000 -1.000000
vn 0.000000 0.000000 -1.000000
vn 0.000000 0.000000 -1.000000
vn 0.000000 1.000000 -0.000002
vn 0.000000 1.000000 -0.000002
vn 0.000000 1.000000 -0.000002
vn 0.000000 1.000000 -0.000002
vn 0.999968 0.000000 -0.007976
vn 0.999968 0.000000 -0.007976
vn 0.999537 0.000000 -0.030424
vn 0.999537 0.000000 -0.030424
vn 0.000000 -1.000000 0.000007
vn 0.000000 -1.000000 0.000007
vn 0.000000 -1.000000 0.000002
vn 0.000000 -1.000000 0.000002
vn 0.000000 -1.000000 -0.000003
vn 0.000000 -1.000000 -0.000003
vn 0.995602 0.000000 -0.093687
vn 0.995602 0.000000 -0.093687
vn 0.000000 1.000000 -0.000000
vn 0.000000 1.000000 -0.000000
vn 0.000000 -1.000000 -0.000003
vn 0.000000 -1.000000 -0.000003
vn 0.981512 0.000000 -0.191401
vn 0.981512 0.000000 -0.191401
vn 0.000000 1.000000 0.000003
vn 0.000000 1.000000 0.000003
vn 0.000000 -1.000000 0.000001
vn 0.000000 -1.000000 0.000001
vn 0.947897 0.000000 -0.318576
vn 0.947897 0.000000 -0.318576
vn 0.000000 1.000000 0.000001
vn 0.000000 1.000000 0.000001
vn 0.000000 -1.000000 0.000003
vn 0.000000 -1.000000 0.000003
vn 0.883458 0.000000 -0.468510
vn 0.883458 0.000000 -0.468510
vn 0.000000 1.000000 -0.000002
vn 0.000000 1.000000 -0.000002
vn 0.000000 -1.000000 0.000001
vn 0.000000 -1.000000 0.000001
vn 0.778083 0.000000 -0.628161
vn 0.778083 0.000000 -0.628161
vn 0.000000 1.000000 -0.000001
vn 0.000000 1.000000 -0.000001
vn 0.000000 -1.000000 0.000003
vn 0.000000 -1.000000 0.000003
vn 0.630623 0.000000 -0.776090
vn 0.630623 0.000000 -0.776090
vn 0.000000 1.000000 0.000000
vn 0.000000 1.000000 0.000000
vn 0.000000 -1.000000 0.000004
vn 0.000000 -1.000000 0.000004
vn 0.456485 0.000000 -0.889731
vn 0.456485 0.000000 -0.889731
vn 0.000000 1.000000 0.000000
vn 0.000000 1.000000 0.000000
vn 0.000000 -1.000000 0.000002
vn 0.000000 -1.000000 0.000002
vn 0.284062 0.000000 -0.958806
vn 0.284062 0.000000 -0.958806
vn 0.000000 1.000000 0.000000
vn 0.000000 1.000000 0.000000
vn 0.000000 -1.000000 0.000002
vn 0.000000 -1.000000 0.000002
vn 0.141169 0.000000 -0.989985
vn 0.141169 0.000000 -0.989985
vn 0.000000 1.000000 0.000000
vn 0.000000 1.000000 0.000000
vn 0.000000 -1.000000 0.000002
vn 0.000000 -1.000000 0.000002
vn 0.046332 0.000000 -0.998926
vn 0.046332 0.000000 -0.998926
vn 0.000000 1.000000 0.000000
vn 0.000000 1.000000 0.000000
vn 0.000000 -1.000000 0.000000
vn 0.000000 -1.000000 0.000000
vn 0.012458 0.000000 -0.999922
vn 0.012458 0.000000 -0.999922
vn 0.000000 1.000000 0.000000
vn 0.000000 1.000000 0.000000
vn 0.000000 0.983010 -0.183551
vn 0.000000 0.962278 -0.272067
vn 0.000000 0.982582 -0.185828
vn -0.000000 0.927253 -0.374435
vn -0.000000 0.875843 -0.482597
vn 0.000000 0.924123 -0.382095
vn -0.000000 0.795721 -0.605664
vn -0.000000 0.678771 -0.734350
vn -0.000002 0.793404 -0.608695
vn 0.000000 0.494231 -0.869331
vn 0.000000 0.258939 -0.965894
vn 0.000000 0.610696 -0.791866
vn -0.175255 0.267818 0.947396
vn -0.083079 0.493456 0.865794
vn 0.000000 0.488771 0.872412
vn 0.000000 0.679109 0.734037
vn 0.000000 0.796401 0.604769
vn 0.000000 0.876346 0.481681
vn 0.000000 0.798809 0.601584
vn 0.000000 0.926201 0.377030
vn 0.000000 0.961974 0.273141
vn 0.000000 0.931213 0.364477
vn -0.000000 0.983778 0.179388
vn -0.000001 0.996342 0.085459
vn 0.000000 0.984695 0.174288
vn -0.000000 0.999976 -0.006885
vn 0.000001 0.995877 -0.090714
vn 0.000000 0.999992 -0.004096
vn 1.000000 0.000000 0.000000
vn 1.000000 0.000001 0.000000
vn 1.000000 -0.000006 0.000000
vn 1.000000 0.000000 0.000000
vn 1.000000 0.000000 0.000000
vn 1.000000 0.000000 0.000000
vn 1.000000 0.000000 0.000000
vn 1.000000 0.000000 0.000000
vn 1.000000 0.000002 0.000000
vn 1.000000 0.000000 0.000000
vn 1.000000 0.000000 0.000000
vn 1.000000 0.000003 0.000000
vn 0.995211 -0.096216 0.017236
vn 0.999883 0.006024 0.014029
vn 0.999957 0.003223 0.008739
vn 1.000000 0.000000 0.000000
vn 1.000000 0.000000 0.000000
vn 1.000000 0.000000 0.000000
vn 1.000000 -0.000001 0.000000
vn 1.000000 0.000000 0.000000
vn 1.000000 0.000001 0.000000
vn 1.000000 0.000001 0.000000
vn 1.000000 0.000000 0.000000
vn 1.000000 0.000000 0.000000
vn 1.000000 0.000000 0.000000
vn 1.000000 0.000000 0.000000
vn 1.000000 -0.000000 0.000000
vn 1.000000 0.000000 0.000000
vn -1.000000 -0.000000 0.000000
vn -1.000000 -0.000000 0.000000
vn -1.000000 0.000000 0.000000
vn -1.000000 0.000000 0.000000
vn -1.000000 0.000001 0.000000
vn -1.000000 0.000000 0.000000
vn -1.000000 0.000000 0.000000
vn -1.000000 0.000000 0.000000
vn -1.000000 0.000000 0.000000
vn -1.000000 0.000000 0.000000
vn -1.000000 0.000000 0.000000
vn -1.000000 0.000000 0.000000
vn -1.000000 0.000000 0.000000
vn -1.000000 0.000000 0.000000
vn -1.000000 0.000000 0.000000
vn -1.000000 0.000000 0.000000
vn -1.000000 0.000000 0.000000
vn -1.000000 0.000000 0.000000
vn -1.000000 0.000000 0.000000
vn -1.000000 0.000000 0.000000
vn -1.000000 0.000000 0.000000
vn -1.000000 0.000000 0.000000
vn 0.999882 0.006208 0.014013
vn 1.000000 0.000404 0.000912
vn 1.000000 0.000000 0.000000
vn -0.180536 0.266486 0.946780
vn -0.180536 0.266486 0.946780
vn -0.086218 0.504166 0.859292
vn -0.180536 0.266487 0.946780
vn 0.000000 0.679330 0.733833
vn 0.000000 0.798462 0.602045
vn 0.000000 0.876283 0.481797
vn 0.000000 0.926818 0.375510
vn 0.000000 0.961584 0.274512
vn -0.000000 0.983851 0.178989
vn -0.000001 0.996385 0.084959
vn -0.000000 0.999969 -0.007866
vn 0.000001 0.995788 -0.091683
vn 0.000000 0.982939 -0.183934
vn 0.000000 0.962233 -0.272227
vn -0.000000 0.927404 -0.374063
vn -0.000000 0.875850 -0.482583
vn -0.000000 0.796915 -0.604092
vn 0.000000 0.678761 -0.734359
vn 0.000000 0.491782 -0.870718
vn 0.000000 0.256792 -0.966467
vn 0.000000 0.256792 -0.966467
vn 0.000000 0.256792 -0.966467
vn 0.000000 0.000000 -1.000000
vn 0.000000 0.000000 -1.000000
vn 0.000000 0.000000 -1.000000
vn 0.000000 0.000000 -1.000000
vn 0.000000 1.000000 0.000000
vn 0.000000 1.000000 0.000000
vn 0.000000 1.000000 0.000000
vn 0.000000 1.000000 0.000000
vn 0.000000 -1.000000 0.000000
vn 0.000000 -1.000000 0.000000
vn 0.000000 -1.000000 0.000000
vn 0.000000 -1.000000 0.000000
vn 1.000000 0.000000 0.000000
vn 1.000000 0.000000 0.000000
vn 1.000000 0.000000 0.000000
vn 1.000000 0.000000 0.000000
vn -1.000000 0.000000 0.000000
vn -1.000000 0.000000 0.000000
vn -1.000000 0.000000 0.000000
vn -1.000000 0.000000 0.000000
vn -1.000000 0.000000 0.000000
vn -1.000000 0.000000 0.000000
vn -1.000000 0.000000 0.000000
vn -1.000000 0.000000 0.000000
vn 0.000000 1.000000 0.000000
vn 0.000000 1.000000 0.000000
vn 0.000000 1.000000 0.000000
vn 0.000000 1.000000 0.000000
vn 0.000000 -1.000000 0.000000
vn 0.000000 -1.000000 0.000000
vn 0.000000 -1.000000 0.000000
vn 0.000000 -1.000000 0.000000
vn 0.000000 0.000000 -1.000000
vn 0.000000 0.000000 -1.000000
vn 0.000000 0.000000 -1.000000
vn 0.000000 0.000000 -1.000000
vn 0.000000 0.000000 1.000000
vn 0.000000 0.000000 1.000000
vn 0.000000 0.000000 1.000000
vn 0.000000 0.000000 1.000000
vn 0.000000 1.000000 0.000000
vn 0.000000 1.000000 0.000000
vn 0.000000 1.000000 0.000000
vn 0.000000 1.000000 0.000000
vn 0.999968 0.000000 0.007976
vn 0.999537 0.000000 0.030424
vn 0.999537 0.000000 0.030424
vn 0.999968 0.000000 0.007976
vn 0.000000 -1.000000 0.000000
vn 0.000000 -1.000000 0.000000
vn 0.000000 -1.000000 0.000000
vn 0.000000 -1.000000 0.000000
vn 0.000000 -1.000000 0.000000
vn 0.000000 -1.000000 0.000000
vn 0.995602 0.000000 0.093686
vn 0.995602 0.000000 0.093686
vn 0.000000 1.000000 0.000000
vn 0.000000 1.000000 0.000000
vn 0.000000 -1.000000 0.000000
vn 0.000000 -1.000000 0.000000
vn 0.981511 0.000000 0.191404
vn 0.981511 0.000000 0.191404
vn 0.000000 1.000000 0.000000
vn 0.000000 1.000000 0.000000
vn 0.000000 -1.000000 0.000000
vn 0.000000 -1.000000 0.000000
vn 0.947896 0.000000 0.318581
vn 0.947896 0.000000 0.318581
vn 0.000000 1.000000 0.000000
vn 0.000000 1.000000 0.000000
vn 0.000000 -1.000000 0.000000
vn 0.000000 -1.000000 0.000000
vn 0.883457 0.000000 0.468512
vn 0.883457 0.000000 0.468512
vn 0.000000 1.000000 0.000000
vn 0.000000 1.000000 0.000000
vn 0.000000 -1.000000 0.000000
vn 0.000000 -1.000000 0.000000
vn 0.778085 0.000000 0.628159
vn 0.778085 0.000000 0.628159
vn 0.000000 1.000000 0.000000
vn 0.000000 1.000000 0.000000
vn 0.000000 -1.000000 -0.000002
vn 0.000000 -1.000000 -0.000002
vn 0.630621 0.000000 0.776091
vn 0.630621 0.000000 0.776091
vn 0.000000 1.000000 0.000000
vn 0.000000 1.000000 0.000000
vn 0.000000 -1.000000 -0.000002
vn 0.000000 -1.000000 -0.000002
vn 0.456476 0.000000 0.889736
vn 0.456476 0.000000 0.889736
vn 0.000000 1.000000 0.000000
vn 0.000000 1.000000 0.000000
vn 0.000000 -1.000000 0.000001
vn 0.000000 -1.000000 0.000001
vn 0.284062 0.000000 0.958806
vn 0.284062 0.000000 0.958806
vn 0.000000 1.000000 -0.000001
vn 0.000000 1.000000 -0.000001
vn 0.000000 -1.000000 -0.000000
vn 0.000000 -1.000000 0.000000
vn 0.141171 0.000000 0.989985
vn 0.141171 0.000000 0.989985
vn 0.000000 1.000000 -0.000002
vn 0.000000 1.000000 -0.000002
vn 0.000000 -1.000000 0.000001
vn 0.000000 -1.000000 0.000001
vn 0.046332 0.000000 0.998926
vn 0.046332 0.000000 0.998926
vn 0.000000 1.000000 -0.000002
vn 0.000000 1.000000 -0.000002
vn 0.000000 -1.000000 0.000003
vn 0.000000 -1.000000 0.000003
vn 0.012458 0.000000 0.999922
vn 0.012458 0.000000 0.999922
vn 0.000000 1.000000 -0.000001
vn 0.000000 1.000000 -0.000001
vn 0.967738 0.000000 -0.251960
vn 0.827160 0.000000 -0.561967
vn 0.827160 0.000000 -0.561967
vn 0.967738 0.000000 -0.251960
vn 0.609455 0.000000 -0.792821
vn 0.609455 0.000000 -0.792821
vn 0.351817 0.000000 -0.936069
vn 0.351817 0.000000 -0.936069
vn 0.078242 0.000000 -0.996934
vn 0.078242 0.000000 -0.996934
vn -0.198212 0.000000 -0.980159
vn -0.198212 0.000000 -0.980159
vn -0.334393 0.000000 -0.942434
vn -0.334393 0.000000 -0.942434
vn 0.961914 0.000000 0.273351
vn 0.994981 0.000000 0.100060
vn 0.994981 0.000000 0.100060
vn 0.961914 0.000000 0.273351
vn 0.000000 -1.000000 0.000002
vn 0.000000 -1.000000 0.000000
vn 0.000000 -1.000000 0.000000
vn 0.000000 -1.000000 0.000001
vn 0.000000 -1.000000 -0.000001
vn 0.000000 -1.000000 0.000000
vn 0.000000 -1.000000 0.000001
vn 0.000000 -1.000000 0.000000
vn 0.000000 -1.000000 0.000000
vn 0.000000 -1.000000 0.000000
vn 0.000000 1.000000 0.000000
vn 0.000000 1.000000 0.000000
vn 0.000000 1.000000 0.000000
vn 0.000000 1.000000 0.000000
vn 0.000000 1.000000 0.000000
vn 0.000000 1.000000 -0.000001
vn 0.000000 1.000000 -0.000002
vn 0.000000 1.000000 -0.000002
vn 0.000000 1.000000 0.000004
vn 0.000000 1.000000 0.000002
vn 0.000000 0.000000 -1.000000
vn 0.000000 0.000000 -1.000000
vn 0.000000 0.000000 -1.000000
vn 0.000000 0.000000 -1.000000
vn 0.000000 1.000000 0.000000
vn 0.000000 1.000000 0.000000
vn 0.000000 1.000000 0.000000
vn 0.000000 1.000000 0.000000
vn 0.000000 -1.000000 0.000000
vn 0.000000 -1.000000 0.000000
vn 0.000000 -1.000000 0.000000
vn 0.000000 -1.000000 0.000000
vn 1.000000 0.000000 0.000000
vn 1.000000 0.000000 0.000000
vn 1.000000 0.000000 0.000000
vn 1.000000 0.000000 0.000000
vn -1.000000 0.000000 0.000000
vn -1.000000 0.000000 0.000000
vn -1.000000 0.000000 0.000000
vn -1.000000 0.000000 0.000000
vn -1.000000 0.000000 0.000000
vn -1.000000 0.000000 0.000000
vn -1.000000 0.000000 0.000000
vn -1.000000 0.000000 0.000000
vn 0.000000 1.000000 0.000000
vn 0.000000 1.000000 0.000000
vn 0.000000 1.000000 0.000000
vn 0.000000 1.000000 0.000000
vn 0.000000 -1.000000 0.000000
vn 0.000000 -1.000000 0.000000
vn 0.000000 -1.000000 0.000000
vn 0.000000 -1.000000 0.000000
vn 0.000000 0.000000 -1.000000
vn 0.000000 0.000000 -1.000000
vn 0.000000 0.000000 -1.000000
vn 0.000000 0.000000 -1.000000
vn 0.000000 0.000000 1.000000
vn 0.000000 0.000000 1.000000
vn 0.000000 0.000000 1.000000
vn 0.000000 0.000000 1.000000
vn 0.000000 1.000000 0.000006
vn 0.000000 1.000000 -0.000000
vn 0.000000 1.000000 0.000000
vn 0.000000 1.000000 0.000006
vn 0.999968 0.000000 0.007976
vn 0.999537 0.000000 0.030424
vn 0.999537 0.000000 0.030424
vn 0.999968 0.000000 0.007976
vn 0.000000 -1.000000 0.000006
vn 0.000000 -1.000000 0.000006
vn 0.000000 -1.000000 0.000006
vn 0.000000 -1.000000 0.000006
vn 0.000000 -1.000000 0.000000
vn 0.000000 -1.000000 -0.000000
vn 0.995602 0.000000 0.093687
vn 0.995602 0.000000 0.093687
vn 0.000000 1.000000 -0.000003
vn 0.000000 1.000000 -0.000003
vn 0.000000 -1.000000 -0.000003
vn 0.000000 -1.000000 -0.000003
vn 0.981511 0.000000 0.191404
vn 0.981511 0.000000 0.191404
vn 0.000000 1.000000 0.000003
vn 0.000000 1.000000 0.000003
vn 0.000000 -1.000000 0.000000
vn 0.000000 -1.000000 0.000000
vn 0.947896 0.000000 0.318581
vn 0.947896 0.000000 0.318581
vn 0.000000 1.000000 0.000003
vn 0.000000 1.000000 0.000003
vn 0.000000 -1.000000 0.000002
vn 0.000000 -1.000000 0.000002
vn 0.883457 0.000000 0.468512
vn 0.883457 0.000000 0.468512
vn 0.000000 1.000000 -0.000002
vn 0.000000 1.000000 -0.000002
vn 0.000000 -1.000000 0.000004
vn 0.000000 -1.000000 0.000004
vn 0.778085 0.000000 0.628159
vn 0.778085 0.000000 0.628159
vn 0.000000 1.000000 -0.000000
vn 0.000000 1.000000 -0.000000
vn 0.000000 -1.000000 0.000004
vn 0.000000 -1.000000 0.000004
vn 0.630621 0.000000 0.776091
vn 0.630621 0.000000 0.776091
vn 0.000000 1.000000 0.000002
vn 0.000000 1.000000 0.000002
vn 0.000000 -1.000000 0.000001
vn 0.000000 -1.000000 0.000001
vn 0.456476 0.000000 0.889736
vn 0.456476 0.000000 0.889736
vn 0.000000 1.000000 -0.000002
vn 0.000000 1.000000 -0.000002
vn 0.000000 -1.000000 -0.000002
vn 0.000000 -1.000000 -0.000002
vn 0.284062 0.000000 0.958806
vn 0.284062 0.000000 0.958806
vn 0.000000 1.000000 -0.000000
vn 0.000000 1.000000 0.000000
vn 0.000000 -1.000000 -0.000001
vn 0.000000 -1.000000 -0.000001
vn 0.141171 0.000000 0.989985
vn 0.141171 0.000000 0.989985
vn 0.000000 1.000000 0.000001
vn 0.000000 1.000000 0.000000
vn 0.000000 -1.000000 -0.000001
vn 0.000000 -1.000000 -0.000001
vn 0.046332 0.000000 0.998926
vn 0.046332 0.000000 0.998926
vn 0.000000 1.000000 -0.000000
vn 0.000000 1.000000 -0.000000
vn 0.000000 -1.000000 -0.000000
vn 0.000000 -1.000000 -0.000000
vn 0.012458 0.000000 0.999922
vn 0.012458 0.000000 0.999922
vn 0.000000 1.000000 0.000002
vn 0.000000 1.000000 0.000002
vn 0.000000 0.968976 -0.247156
vn 0.000000 0.934517 -0.355917
vn 0.000000 0.934517 -0.355917
vn 0.000000 0.968976 -0.247156
vn 0.000000 0.875805 -0.482665
vn 0.000000 0.800970 -0.598705
vn 0.000000 0.800970 -0.598705
vn 0.000000 0.875805 -0.482665
vn 0.000000 0.563251 -0.826286
vn 0.000000 0.675137 -0.737693
vn 0.000000 0.675137 -0.737693
vn 0.000000 0.563251 -0.826286
vn 0.000000 0.563250 -0.826286
vn 0.000000 0.563250 -0.826286
vn 0.000000 0.368387 -0.929672
vn 0.000000 0.207291 -0.978279
vn 0.000000 0.207291 -0.978279
vn 0.000000 0.368387 -0.929672
vn 0.000000 0.207291 0.978279
vn 0.000000 0.207290 0.978279
vn 0.000000 0.207290 0.978279
vn 0.000000 0.207291 0.978279
vn 0.000000 0.563251 0.826286
vn 0.000000 0.563249 0.826287
vn 0.000000 0.563249 0.826287
vn 0.000000 0.563251 0.826286
vn 0.000000 0.800971 0.598702
vn 0.000000 0.800969 0.598706
vn 0.000000 0.800969 0.598706
vn 0.000000 0.800971 0.598702
vn 0.000000 0.934519 0.355913
vn 0.000000 0.934518 0.355917
vn 0.000000 0.934518 0.355917
vn 0.000000 0.934519 0.355913
vn 0.000000 0.993064 0.117576
vn 0.000000 0.993065 0.117564
vn 0.000000 0.993065 0.117564
vn 0.000000 0.993064 0.117576
vn 0.000000 0.999976 0.006928
vn 0.000000 0.993065 -0.117564
vn 0.000000 0.993065 -0.117564
vn 0.000000 0.999976 0.006928
vn 1.000000 -0.000000 0.000000
vn 1.000000 -0.000001 0.000000
vn 1.000000 -0.000000 0.000000
vn 1.000000 0.000000 0.000000
vn 1.000000 0.000000 0.000000
vn 1.000000 0.000000 0.000000
vn 1.000000 -0.000000 0.000000
vn 1.000000 0.000000 0.000000
vn 1.000000 0.000000 0.000000
vn 1.000000 0.000000 0.000000
vn 1.000000 0.000000 0.000000
vn 1.000000 0.000000 0.000000
vn 1.000000 0.000000 0.000000
vn 1.000000 0.000000 0.000000
vn 1.000000 0.000000 0.000000
vn 1.000000 0.000000 0.000000
vn 1.000000 0.000000 0.000000
vn 1.000000 0.000001 0.000000
vn 1.000000 0.000000 0.000000
vn 1.000000 0.000000 0.000000
vn 1.000000 0.000000 0.000000
vn 1.000000 0.000008 0.000000
vn 1.000000 -0.000000 0.000000
vn 1.000000 -0.000000 0.000000
vn 1.000000 -0.000000 0.000000
vn 1.000000 0.000000 0.000000
vn 1.000000 0.000000 0.000000
vn 1.000000 0.000000 0.000000
vn 1.000000 0.000000 0.000000
vn 1.000000 0.000000 0.000000
vn 1.000000 -0.000001 0.000000
vn 1.000000 -0.000002 0.000000
vn 1.000000 -0.000000 0.000000
vn 1.000000 0.000000 0.000000
vn 1.000000 0.000001 0.000000
vn 1.000000 0.000000 0.000000
vn 1.000000 -0.000000 0.000000
vn 1.000000 -0.000000 0.000000
vn 1.000000 0.000000 0.000000
vn 1.000000 0.000000 0.000000
vn 1.000000 -0.000000 0.000000
vn 1.000000 -0.000000 0.000000
vn 1.000000 -0.000000 0.000000
vn 1.000000 0.000000 0.000000
vn 1.000000 -0.000000 0.000000
vn 1.000000 0.000000 0.000000
vn 1.000000 0.000000 0.000000
vn 1.000000 -0.000000 0.000000
vn 1.000000 -0.000000 0.000000
vn -1.000000 0.000002 0.000000
vn -1.000000 -0.000000 0.000000
vn -1.000000 0.000003 0.000000
vn -1.000000 0.000001 0.000000
vn -1.000000 -0.000003 0.000000
vn -1.000000 0.000001 0.000000
vn -1.000000 0.000003 0.000000
vn -1.000000 -0.000001 0.000000
vn -1.000000 0.000001 0.000000
vn -1.000000 0.000003 0.000000
vn -1.000000 0.000003 0.000000
vn -1.000000 0.000004 0.000000
vn -1.000000 -0.000001 0.000000
vn -1.000000 0.000002 0.000000
vn -1.000000 0.000003 0.000000
vn -1.000000 0.000000 0.000000
vn -1.000000 0.000000 0.000000
vn -1.000000 0.000000 0.000000
vn -1.000000 0.000000 0.000000
vn -1.000000 0.000000 0.000000
vn -1.000000 0.000000 0.000000
vn -1.000000 0.000000 0.000000
vn -1.000000 0.000000 0.000000
vn -1.000000 0.000000 0.000000
vn -1.000000 0.000000 0.000000
vn -1.000000 -0.000002 0.000000
vn -1.000000 -0.000008 0.000000
vn -1.000000 -0.000001 0.000000
vn -1.000000 -0.000000 0.000000
vn -1.000000 -0.000008 0.000000
vn -1.000000 0.000000 0.000000
vn -1.000000 0.000000 0.000000
vn -1.000000 -0.000003 0.000000
vn -1.000000 -0.000002 0.000000
vn -1.000000 -0.000008 0.000000
vn -1.000000 -0.000003 0.000000
vn -1.000000 -0.000000 0.000000
vn -1.000000 0.000000 0.000000
vn -1.000000 0.000000 0.000000
vn -1.000000 -0.000002 0.000000
vn -1.000000 -0.000001 0.000000
vn -1.000000 0.000001 0.000000
vn -1.000000 -0.000005 0.000000
vn -1.000000 -0.000003 0.000000
vn -1.000000 0.000000 0.000000
vn -1.000000 -0.000001 0.000000
vn -1.000000 0.000000 0.000000
vn -1.000000 0.000000 0.000000
vn -1.000000 0.000001 0.000000
vn 0.000000 0.993065 -0.117565
vn 0.000000 0.993065 -0.117567
vn 0.000000 0.993065 -0.117567
vn 0.000000 0.993065 -0.117565
vn 0.000000 0.934520 -0.355911
vn 0.000000 0.934520 -0.355911
vn 0.000000 0.800973 -0.598701
vn 0.000000 0.800973 -0.598701
vn 0.000000 0.993065 0.117566
vn 0.000000 0.993065 0.117566
vn 0.000000 0.934519 0.355913
vn 0.000000 0.934519 0.355913
vn 0.000000 0.800975 0.598698
vn 0.000000 0.800975 0.598698
vn 0.000000 0.563253 0.826284
vn 0.000000 0.563253 0.826284
vn 0.000000 0.207290 0.978280
vn 0.000000 0.207290 0.978280
vn 0.000000 0.563256 -0.826283
vn 0.000000 0.563256 -0.826283
vn 0.000000 0.207293 -0.978279
vn 0.000000 0.207293 -0.978279
vn 0.000000 0.207293 -0.978279
vn 0.000000 0.207293 -0.978279
vn 0.000000 0.207290 -0.978280
vn 0.000000 0.207290 -0.978280
vn -1.000000 0.000000 0.000000
vn -1.000000 0.000000 0.000000
vn -1.000000 -0.000001 0.000000
vn -1.000000 -0.000000 0.000000
vn 0.000000 0.934517 -0.355919
vn 0.000000 0.934517 -0.355919
vn 1.000000 0.000000 0.000000
vn 1.000000 0.000000 0.000000
vn 1.000000 0.000000 0.000000
vn 1.000000 0.000000 0.000000
vn -1.000000 -0.000000 0.000000
vn -1.000000 0.000001 0.000000
vn 0.000000 0.972762 0.231807
vn 0.000000 0.972762 0.231807
vn 1.000000 -0.000000 0.000000
vn 1.000000 -0.000000 0.000000
vn -1.000000 0.000006 0.000000
vn -1.000000 0.000001 0.000000
vn -1.000000 0.000000 0.000000
vn -1.000000 0.000000 0.000000
vn 0.000000 0.800972 -0.598701
vn 0.000000 0.800972 -0.598701
vn 1.000000 -0.000000 0.000000
vn 1.000000 -0.000001 0.000000
vn 1.000000 -0.000001 0.000000
vn 1.000000 0.000000 0.000000
vn -1.000000 0.000000 0.000000
vn -1.000000 -0.000007 0.000000
vn -1.000000 -0.000005 0.000000
vn -1.000000 -0.000002 0.000000
vn -1.000000 -0.000003 0.000000
vn 0.000000 0.563248 -0.826288
vn 0.000000 0.563248 -0.826288
vn 1.000000 0.000000 0.000000
vn 1.000000 0.000000 0.000000
vn 1.000000 0.000000 0.000000
vn 1.000000 -0.000000 0.000000
vn 1.000000 -0.000001 0.000000
vn -1.000000 -0.000012 0.000000
vn -1.000000 0.000006 0.000000
vn -1.000000 -0.000001 0.000000
vn -1.000000 -0.000006 0.000000
vn 0.000000 0.207290 -0.978279
vn 0.000000 0.207290 -0.978279
vn 1.000000 -0.000000 0.000000
vn 1.000000 0.000000 0.000000
vn 1.000000 0.000000 0.000000
vn 1.000000 0.000000 0.000000
vn 1.000000 0.000000 0.000000
vn 1.000000 -0.000000 0.000000
vn 1.000000 -0.000002 0.000000
vn -1.000000 0.000000 0.000000
vn -1.000000 -0.000002 0.000000
vn -1.000000 -0.000002 0.000000
vn -1.000000 0.000000 0.000000
vn -1.000000 0.000000 0.000000
vn 0.000000 0.883536 0.468362
vn 0.000000 0.883536 0.468362
vn 1.000000 0.000000 0.000000
vn 1.000000 0.000000 0.000000
vn -1.000000 0.000000 0.000000
vn -1.000000 0.000004 0.000000
vn 0.000000 0.687693 0.726002
vn 0.000000 0.687693 0.726002
vn 1.000000 -0.000000 0.000000
vn 1.000000 0.000000 0.000000
vn -1.000000 -0.000004 0.000000
vn -1.000000 0.000002 0.000000
vn 0.000000 0.367642 0.929967
vn 0.000000 0.367642 0.929967
vn 1.000000 0.000000 0.000000
vn 1.000000 0.000000 0.000000
vn 0.000000 0.207284 0.978281
vn 0.000000 0.207284 0.978281
vn 0.000000 0.000000 1.000000
vn 0.000000 0.000000 1.000000
vn 0.000000 0.000000 1.000000
vn 0.000000 0.000000 1.000000
vn 0.144231 0.989544 0.000000
vn 0.144231 0.989544 0.000000
vn 0.144231 0.989544 0.000000
vn 0.144231 0.989544 0.000000
vn 0.144231 0.989544 0.000000
vn 0.144231 0.989544 0.000000
vn 0.144231 0.989544 0.000000
vn 0.144231 0.989544 0.000000
vn 0.144231 0.989544 0.000000
vn 0.144231 0.989544 0.000000
vn 0.144231 0.989544 0.000000
vn 0.144231 0.989544 0.000000
vn 0.144231 0.989544 0.000000
vn 0.144231 0.989544 0.000000
vn 0.144231 0.989544 0.000000
vn 0.144231 0.989544 0.000000
vn 0.144231 0.989544 0.000000
vn 0.144231 0.989544 0.000000
vn 0.144231 0.989544 0.000000
vn 0.000000 0.000000 -1.000000
vn 0.000000 0.000000 -1.000000
vn 0.000000 0.000000 -1.000000
vn 0.000000 0.000000 -1.000000
vn -0.004945 -0.999988 0.000084
vn -0.004945 -0.999988 0.000084
vn -0.004945 -0.999988 0.000084
vn -0.004945 -0.999988 0.000084
vn -0.004945 -0.999988 0.000084
vn -0.004945 -0.999988 0.000084
vn -0.004945 -0.999988 0.000084
vn -0.004945 -0.999988 0.000084
vn -0.004945 -0.999988 0.000084
vn -0.004945 -0.999988 0.000084
vn -0.004945 -0.999988 0.000084
vn -0.004945 -0.999988 0.000084
vn -0.004945 -0.999988 0.000084
vn 0.602102 0.798419 -0.000089
vn 0.602102 0.798419 -0.000089
vn 0.602102 0.798419 -0.000089
vn 0.602102 0.798419 -0.000089
vn 0.602102 0.798419 -0.000089
vn 0.602102 0.798419 -0.000089
vn 0.602102 0.798419 -0.000089
vn 0.602102 0.798419 -0.000089
vn 0.602102 0.798419 -0.000089
vn 0.602102 0.798419 -0.000089
vn 0.602102 0.798419 -0.000089
vn 0.602102 0.798419 -0.000089
vn 0.602102 0.798419 -0.000089
vn 0.602102 0.798419 -0.000089
vn 0.602102 0.798419 -0.000089
vn 0.602102 0.798419 -0.000089
vn 0.602102 0.798419 -0.000089
vn 0.602102 0.798419 -0.000089
vn 0.602102 0.798419 -0.000089
vn -1.000000 -0.000000 0.000000
vn -1.000000 -0.000000 0.000000
vn -1.000000 -0.000000 0.000000
vn -1.000000 -0.000000 0.000000
vn -1.000000 -0.000000 0.000000
vn -1.000000 -0.000000 0.000000
vn -1.000000 -0.000000 0.000000
vn -1.000000 -0.000000 0.000000
vn -1.000000 -0.000000 0.000000
vn -1.000000 -0.000000 0.000000
vn -1.000000 -0.000000 0.000000
vn -1.000000 -0.000000 0.000000
vn -1.000000 -0.000000 0.000000
vn 0.000000 0.000000 1.000000
vn 0.000000 0.000000 1.000000
vn 0.000000 0.000000 1.000000
vn 0.000000 0.000000 1.000000
vn 0.000000 0.000000 -1.000000
vn 0.000000 0.000000 -1.000000
vn 0.000000 0.000000 -1.000000
vn 0.000000 0.000000 -1.000000
vn -0.000000 0.000000 -1.000000
vn 0.000000 0.000000 -1.000000
vn 0.000000 0.000000 -1.000000
vn -0.000000 0.000000 -1.000000
vn 0.000000 0.000000 1.000000
vn 0.000000 0.000000 1.000000
vn 0.000000 0.000000 1.000000
vn 0.000000 0.000000 1.000000
vn 0.002153 0.999984 0.005150
vn 0.002727 0.999709 0.023984
vn 0.016990 0.865573 0.500494
vn 0.016990 0.865573 0.500494
vn -1.000000 0.000000 0.000000
vn -1.000000 0.000000 0.000000
vn -1.000000 0.000000 0.000000
vn -1.000000 0.000000 0.000000
vn -1.000000 0.000000 0.000000
vn -1.000000 0.000000 0.000000
vn -1.000000 0.000000 0.000000
vn -1.000000 0.000000 0.000000
vn 1.000000 0.000001 0.000000
vn 1.000000 0.000001 0.000000
vn 1.000000 0.000000 0.000000
vn 1.000000 0.000000 0.000000
vn 1.000000 0.000000 0.000000
vn 1.000000 0.000000 0.000000
vn 1.000000 0.000000 0.000000
vn 1.000000 0.000000 0.000000
vn 1.000000 0.000000 0.000000
vn 1.000000 0.000000 0.000000
vn 1.000000 0.000000 0.000000
vn 1.000000 0.000000 0.000000
vn 1.000000 0.000000 0.000000
vn 1.000000 0.000000 0.000000
vn -0.019697 -0.999806 0.000000
vn -0.019697 -0.999806 0.000000
vn -0.019697 -0.999806 0.000000
vn -0.019697 -0.999806 0.000000
vn -0.019697 -0.999806 0.000000
vn -0.019697 -0.999806 0.000000
vn -0.019697 -0.999806 0.000000
vn -0.019697 -0.999806 0.000000
vn 1.000000 0.000000 0.000000
vn 1.000000 0.000000 0.000000
vn 1.000000 0.000000 0.000000
vn 1.000000 0.000000 0.000000
vn 1.000000 0.000000 0.000000
vn 1.000000 0.000000 0.000000
vn 1.000000 0.000000 0.000000
vn 1.000000 0.000000 0.000000
vn 1.000000 0.000000 0.000000
vn 1.000000 0.000000 0.000000
vn 1.000000 0.000000 0.000000
vn -0.014931 -0.906622 -0.421680
vn 0.025003 -0.999661 -0.007279
vn -0.015896 -0.963151 -0.268493
vn -0.015891 -0.932943 -0.359673
vn -0.015676 -0.882818 -0.469452
vn -0.013385 -0.864557 -0.502356
vn 1.000000 0.000000 0.000000
vn 1.000000 -0.000000 0.000000
vn 1.000000 -0.000000 0.000000
vn 1.000000 -0.000000 0.000000
vn 1.000000 -0.000000 0.000000
vn 1.000000 -0.000000 0.000000
vn 1.000000 -0.000000 0.000000
vn 1.000000 -0.000000 0.000000
vn 1.000000 0.000000 0.000000
vn 1.000000 0.000000 0.000000
vn 0.048350 0.848692 -0.526672
vn 0.057659 0.873594 -0.483228
vn 0.058036 0.907162 -0.416759
vn 0.006230 0.911519 0.411211
vn 0.006179 0.881118 0.472855
vn 0.005462 0.866497 0.499153
vn 0.001635 0.777247 0.629194
vn 0.023626 0.999721 0.000000
vn 0.023626 0.999721 0.000000
vn 0.023626 0.999721 0.000000
vn 0.023626 0.999721 0.000000
vn 0.015285 0.745854 -0.665935
vn 0.033810 -0.995261 0.091176
vn -0.018193 -0.900241 0.435012
vn 0.215743 -0.927293 0.305912
vn 0.258013 -0.924929 0.279169
vn -0.088535 -0.989319 0.115799
vn -0.170221 -0.982724 0.072652
vn -0.443000 -0.896340 0.018065
vn -0.364461 -0.914339 0.176503
vn -0.001486 0.993507 -0.113765
vn -0.001486 0.993507 -0.113765
vn -0.001486 0.993507 -0.113765
vn -0.001486 0.993507 -0.113765
vn 0.032300 0.964499 -0.262104
vn 0.218110 0.961072 -0.169612
vn 0.089824 0.968524 -0.232150
vn 0.000000 0.000000 1.000000
vn 0.000000 0.000000 1.000000
vn 0.000000 0.000000 1.000000
vn 0.000000 0.000000 1.000000
vn 0.000000 1.000000 0.000000
vn 0.000000 1.000000 0.000000
vn 0.000000 1.000000 0.000000
vn 0.000000 1.000000 0.000000
vn 0.000000 0.000000 -1.000000
vn 0.000000 0.000000 -1.000000
vn 0.000000 0.000000 -1.000000
vn 0.000000 0.000000 -1.000000
vn 0.000000 -1.000000 0.000000
vn 0.000000 -1.000000 0.000000
vn 0.000000 -1.000000 0.000000
vn 0.000000 -1.000000 0.000000
vn 1.000000 0.000000 0.000000
vn 1.000000 0.000000 0.000000
vn 1.000000 0.000000 0.000000
vn 1.000000 0.000000 0.000000
vn -1.000000 0.000000 0.000000
vn -1.000000 0.000000 0.000000
vn -1.000000 0.000000 0.000000
vn -1.000000 0.000000 0.000000
vn 0.000000 0.504965 0.863140
vn 0.000000 0.504965 0.863140
vn 0.000000 0.794471 0.607302
vn 0.000000 0.794471 0.607302
vn 0.000000 0.927351 0.374192
vn 0.000000 0.927351 0.374192
vn 0.000000 0.984105 0.177587
vn 0.000000 0.984105 0.177587
vn 0.000000 0.996153 0.087626
vn 0.000000 0.996153 0.087626
vn 0.000000 0.274230 0.961664
vn 0.000000 0.274230 0.961664
vn -0.833756 0.552133 0.000000
vn -0.559642 0.828734 0.000000
vn -0.559642 0.828734 0.000000
vn -0.833756 0.552133 0.000000
vn -0.335770 0.941944 0.000000
vn -0.335770 0.941944 0.000000
vn -0.157430 0.987530 0.000000
vn -0.157430 0.987530 0.000000
vn -0.077475 0.996994 0.000000
vn -0.077475 0.996994 0.000000
vn -0.951647 0.307193 0.000000
vn -0.951647 0.307193 0.000000
vn 0.000000 0.504964 -0.863140
vn 0.000000 0.794469 -0.607305
vn 0.000000 0.794469 -0.607305
vn 0.000000 0.504964 -0.863140
vn 0.000000 0.927351 -0.374192
vn 0.000000 0.927351 -0.374192
vn 0.000000 0.984105 -0.177587
vn 0.000000 0.984105 -0.177587
vn 0.000000 0.996153 -0.087626
vn 0.000000 0.996153 -0.087626
vn 0.000000 0.274242 -0.961661
vn 0.000000 0.274242 -0.961661
vn -0.002526 0.274238 0.961659
vn -0.002526 0.274238 0.961659
vn -0.010785 0.274237 0.961602
vn -0.010766 0.274237 0.961602
vn -0.001941 0.676034 0.736868
vn -0.001941 0.676034 0.736868
vn -0.008239 0.676027 0.736831
vn -0.008201 0.676027 0.736831
vn -0.001271 0.874222 0.485525
vn -0.001271 0.874222 0.485525
vn -0.005382 0.874219 0.485501
vn -0.005348 0.874219 0.485502
vn -0.000706 0.962215 0.272290
vn -0.000706 0.962215 0.272290
vn -0.002979 0.962214 0.272278
vn -0.002957 0.962214 0.272278
vn -0.000225 0.996154 0.087625
vn -0.000225 0.996154 0.087625
vn -0.000943 0.996154 0.087619
vn -0.000936 0.996154 0.087619
vn -0.003215 0.996154 0.087561
vn -0.003188 0.996154 0.087562
vn -0.010101 0.962217 0.272098
vn -0.010022 0.962217 0.272101
vn -0.018146 0.874227 0.485178
vn -0.018022 0.874227 0.485182
vn -0.027658 0.676039 0.736346
vn -0.027520 0.676039 0.736351
vn -0.036131 0.274247 0.960980
vn -0.036061 0.274247 0.960983
vn -0.007195 0.996157 0.087292
vn -0.007143 0.996157 0.087297
vn -0.022671 0.962246 0.271236
vn -0.022516 0.962246 0.271250
vn -0.040759 0.874313 0.483648
vn -0.040515 0.874312 0.483670
vn -0.062129 0.676197 0.734097
vn -0.061856 0.676196 0.734121
vn -0.081177 0.274355 0.958196
vn -0.081039 0.274355 0.958208
vn -0.012918 0.996167 0.086518
vn -0.012859 0.996166 0.086528
vn -0.041482 0.962353 0.268618
vn -0.041270 0.962352 0.268655
vn -0.075177 0.874641 0.478906
vn -0.074818 0.874638 0.478969
vn -0.115057 0.676796 0.727124
vn -0.114636 0.676792 0.727194
vn -0.150657 0.274777 0.949631
vn -0.150439 0.274776 0.949666
vn -0.019837 0.996182 0.085023
vn -0.019940 0.996182 0.084995
vn -0.067602 0.962627 0.262260
vn -0.067450 0.962625 0.262305
vn -0.124288 0.875538 0.466889
vn -0.123883 0.875531 0.467011
vn -0.191391 0.678471 0.709258
vn -0.190855 0.678460 0.709412
vn -0.251506 0.275963 0.927679
vn -0.251218 0.275960 0.927758
vn -0.024817 0.996125 0.084371
vn -0.024730 0.996107 0.084617
vn -0.101826 0.963215 0.248695
vn -0.102111 0.963220 0.248556
vn -0.190387 0.877611 0.439945
vn -0.190191 0.877605 0.440043
vn -0.294995 0.682394 0.668817
vn -0.294541 0.682377 0.669034
vn -0.389663 0.278759 0.877756
vn -0.389387 0.278753 0.877880
vn 0.105020 0.972265 0.208977
vn 0.532028 0.617064 0.579808
vn -0.143553 0.964374 0.222207
vn -0.144920 0.964420 0.221117
vn -0.269936 0.881595 0.387201
vn -0.270453 0.881623 0.386776
vn -0.419921 0.689887 0.589680
vn -0.420105 0.689899 0.589535
vn -0.558844 0.284156 0.779069
vn -0.558870 0.284157 0.779050
vn 0.082399 -0.996353 -0.022162
vn 0.082835 -0.996359 -0.020197
vn -0.188014 0.966321 0.175710
vn -0.190064 0.966430 0.172883
vn -0.347953 0.887297 0.302709
vn -0.349289 0.887413 0.300825
vn -0.542716 0.700491 0.463434
vn -0.543899 0.700612 0.461862
vn -0.729575 0.291954 0.618452
vn -0.730152 0.291985 0.617756
vn -0.058683 0.996062 0.066456
vn -0.065370 0.996517 0.051774
vn -0.222213 0.968422 0.113048
vn -0.223439 0.968514 0.109801
vn -0.404599 0.892810 0.197963
vn -0.405777 0.892964 0.194831
vn -0.633341 0.710757 0.306112
vn -0.634601 0.710951 0.303035
vn -0.860057 0.299721 0.412879
vn -0.860755 0.299777 0.411381
vn -0.076054 0.996958 0.017019
vn -0.076200 0.996961 0.016212
vn -0.238112 0.969673 0.055104
vn -0.238425 0.969709 0.053083
vn -0.432102 0.896240 0.100209
vn -0.432514 0.896327 0.097622
vn -0.678818 0.717255 0.157326
vn -0.679320 0.717377 0.154579
vn -0.928033 0.304749 0.214200
vn -0.928342 0.304786 0.212806
vn -0.077367 0.996990 0.005048
vn -0.077375 0.996991 0.004798
vn -0.242172 0.970078 0.017341
vn -0.242193 0.970085 0.016680
vn -0.439725 0.897522 0.033111
vn -0.439761 0.897540 0.032120
vn -0.692127 0.719794 0.053449
vn -0.692183 0.719822 0.052339
vn -0.948923 0.306760 0.073776
vn -0.948965 0.306769 0.073198
vn -0.077483 0.996993 0.001428
vn -0.077483 0.996993 0.001428
vn -0.242557 0.970126 0.004641
vn -0.242557 0.970126 0.004641
vn -0.440489 0.897716 0.008669
vn -0.440489 0.897716 0.008669
vn -0.693607 0.720220 0.013894
vn -0.693607 0.720220 0.013894
vn -0.951477 0.307120 0.019209
vn -0.951477 0.307120 0.019209
vn -0.951483 0.307107 -0.019126
vn -0.951483 0.307107 -0.019126
vn -0.948961 0.306762 -0.073281
vn -0.949002 0.306770 -0.072710
vn -0.693604 0.720224 -0.013817
vn -0.693604 0.720224 -0.013817
vn -0.692148 0.719800 -0.053102
vn -0.692203 0.719827 -0.052005
vn -0.440495 0.897714 -0.008608
vn -0.440495 0.897714 -0.008608
vn -0.439735 0.897524 -0.032906
vn -0.439771 0.897542 -0.031927
vn -0.242554 0.970127 -0.004609
vn -0.242554 0.970127 -0.004609
vn -0.242176 0.970079 -0.017241
vn -0.242197 0.970085 -0.016588
vn -0.077483 0.996993 -0.001419
vn -0.077483 0.996993 -0.001419
vn -0.077367 0.996990 -0.005028
vn -0.077375 0.996991 -0.004781
vn -0.076056 0.996958 -0.017027
vn -0.076211 0.996961 -0.016151
vn -0.238178 0.969678 -0.054742
vn -0.238482 0.969713 -0.052756
vn -0.432209 0.896263 -0.099538
vn -0.432612 0.896348 -0.096989
vn -0.679018 0.717300 -0.156257
vn -0.679510 0.717418 -0.153547
vn -0.928353 0.304784 -0.212759
vn -0.928656 0.304820 -0.211383
vn -0.061050 0.996282 -0.060779
vn -0.066443 0.996588 -0.048974
vn -0.222536 0.968447 -0.112199
vn -0.223722 0.968535 -0.109030
vn -0.405096 0.892880 -0.196629
vn -0.406249 0.893031 -0.193538
vn -0.634155 0.710884 -0.304125
vn -0.635392 0.711075 -0.301080
vn -0.861275 0.299805 -0.410271
vn -0.861960 0.299860 -0.408791
vn 0.084414 -0.996255 0.018728
vn 0.084888 -0.996253 0.016571
vn -0.188869 0.966375 -0.174494
vn -0.190847 0.966480 -0.171736
vn -0.349163 0.887419 -0.300954
vn -0.350480 0.887533 -0.299079
vn -0.544592 0.700703 -0.460907
vn -0.545767 0.700823 -0.459332
vn -0.732227 0.292117 -0.615233
vn -0.732804 0.292148 -0.614531
vn 0.071460 0.981051 -0.180090
vn 0.255424 0.900633 -0.351595
vn -0.144816 0.964429 -0.221145
vn -0.146145 0.964474 -0.220070
vn -0.271849 0.881730 -0.385552
vn -0.272368 0.881758 -0.385121
vn -0.422816 0.690126 -0.587327
vn -0.423011 0.690139 -0.587171
vn -0.562770 0.284345 -0.776169
vn -0.562808 0.284346 -0.776141
vn -0.025334 0.996130 -0.084156
vn -0.025283 0.996113 -0.084383
vn -0.103135 0.963250 -0.248019
vn -0.103414 0.963255 -0.247880
vn -0.192593 0.877712 -0.438781
vn -0.192401 0.877706 -0.438878
vn -0.298329 0.682578 -0.667148
vn -0.297881 0.682562 -0.667365
vn -0.394085 0.278899 -0.875736
vn -0.393814 0.278893 -0.875859
vn -0.020208 0.996184 -0.084912
vn -0.020312 0.996184 -0.084883
vn -0.068761 0.962644 -0.261894
vn -0.068605 0.962642 -0.261942
vn -0.126325 0.875594 -0.466237
vn -0.125915 0.875586 -0.466362
vn -0.194474 0.678576 -0.708318
vn -0.193934 0.678565 -0.708477
vn -0.255551 0.276045 -0.926549
vn -0.255263 0.276042 -0.926629
vn -0.013212 0.996167 -0.086462
vn -0.013151 0.996167 -0.086473
vn -0.042393 0.962361 -0.268447
vn -0.042175 0.962360 -0.268486
vn -0.076790 0.874665 -0.478607
vn -0.076421 0.874661 -0.478673
vn -0.117484 0.676838 -0.726696
vn -0.117055 0.676834 -0.726770
vn -0.153818 0.274815 -0.949114
vn -0.153597 0.274813 -0.949150
vn -0.007396 0.996157 -0.087272
vn -0.007341 0.996157 -0.087277
vn -0.023290 0.962250 -0.271171
vn -0.023129 0.962249 -0.271186
vn -0.041858 0.874318 -0.483545
vn -0.041606 0.874317 -0.483569
vn -0.063784 0.676207 -0.733946
vn -0.063501 0.676206 -0.733971
vn -0.083327 0.274368 -0.958008
vn -0.083185 0.274367 -0.958020
vn -0.003324 0.996154 -0.087559
vn -0.003295 0.996154 -0.087560
vn -0.010438 0.962218 -0.272078
vn -0.010354 0.962219 -0.272081
vn -0.018750 0.874225 -0.485158
vn -0.018619 0.874225 -0.485163
vn -0.028579 0.676041 -0.736310
vn -0.028433 0.676041 -0.736315
vn -0.037326 0.274247 -0.960935
vn -0.037253 0.274247 -0.960938
vn -0.000981 0.996153 -0.087622
vn -0.000973 0.996153 -0.087622
vn -0.003100 0.962214 -0.272276
vn -0.003077 0.962214 -0.272276
vn -0.005601 0.874218 -0.485501
vn -0.005564 0.874218 -0.485501
vn -0.008576 0.676025 -0.736828
vn -0.008535 0.676026 -0.736829
vn -0.011222 0.274234 -0.961597
vn -0.011201 0.274234 -0.961598
vn -0.000237 0.996153 -0.087627
vn -0.000237 0.996153 -0.087627
vn -0.000743 0.962214 -0.272293
vn -0.000743 0.962214 -0.272293
vn -0.001334 0.874222 -0.485525
vn -0.001334 0.874222 -0.485525
vn -0.002028 0.676030 -0.736871
vn -0.002028 0.676030 -0.736871
vn -0.002646 0.274238 -0.961658
vn -0.002646 0.274238 -0.961658
vn 0.833749 0.552144 0.000000
vn 0.559643 0.828734 0.000000
vn 0.559643 0.828734 0.000000
vn 0.833749 0.552144 0.000000
vn 0.335771 0.941944 0.000000
vn 0.335771 0.941944 0.000000
vn 0.157429 0.987530 0.000000
vn 0.157429 0.987530 0.000000
vn 0.077474 0.996994 0.000000
vn 0.077474 0.996994 0.000000
vn 0.951644 0.307202 0.000000
vn 0.951644 0.307202 0.000000
vn 0.010878 0.274211 -0.961608
vn 0.010878 0.274211 -0.961608
vn 0.041139 0.274198 -0.960793
vn 0.040892 0.274199 -0.960803
vn 0.008300 0.675985 -0.736869
vn 0.008300 0.675985 -0.736869
vn 0.031436 0.675978 -0.736251
vn 0.030943 0.675982 -0.736268
vn 0.005416 0.874198 -0.485540
vn 0.005416 0.874198 -0.485540
vn 0.020454 0.874199 -0.485137
vn 0.020005 0.874202 -0.485150
vn 0.002994 0.962206 -0.272304
vn 0.002994 0.962206 -0.272304
vn 0.011207 0.962209 -0.272080
vn 0.010912 0.962211 -0.272088
vn 0.000946 0.996153 -0.087629
vn 0.000946 0.996153 -0.087629
vn 0.003482 0.996153 -0.087557
vn 0.003377 0.996154 -0.087560
vn 0.011128 0.996162 -0.086821
vn 0.010805 0.996161 -0.086866
vn 0.034548 0.962278 -0.269865
vn 0.033757 0.962276 -0.269971
vn 0.061556 0.874386 -0.481310
vn 0.060423 0.874384 -0.481458
vn 0.093262 0.676303 -0.730695
vn 0.092051 0.676301 -0.730851
vn 0.121304 0.274417 -0.953929
vn 0.120705 0.274417 -0.954005
vn 0.022885 0.996201 -0.084017
vn 0.022338 0.996199 -0.084198
vn 0.069373 0.962635 -0.261766
vn 0.068281 0.962621 -0.262106
vn 0.122586 0.875405 -0.467588
vn 0.121108 0.875377 -0.468027
vn 0.185334 0.678115 -0.711204
vn 0.183785 0.678081 -0.711638
vn 0.241401 0.275674 -0.930446
vn 0.240638 0.275666 -0.930646
vn 0.036879 0.996301 -0.077620
vn 0.036215 0.996294 -0.078016
vn 0.110656 0.963516 -0.243706
vn 0.109679 0.963490 -0.244250
vn 0.195821 0.877932 -0.436910
vn 0.194579 0.877880 -0.437567
vn 0.297380 0.682637 -0.667512
vn 0.296100 0.682576 -0.668142
vn 0.389673 0.278835 -0.877728
vn 0.389041 0.278819 -0.878013
vn 0.050315 0.996455 -0.067421
vn 0.049836 0.996448 -0.067876
vn 0.151919 0.964916 -0.214144
vn 0.151408 0.964895 -0.214599
vn 0.270408 0.882003 -0.385941
vn 0.269825 0.881965 -0.386435
vn 0.413847 0.690061 -0.593756
vn 0.413274 0.690018 -0.594206
vn 0.547338 0.284129 -0.787205
vn 0.547056 0.284118 -0.787405
vn 0.060843 0.996624 -0.055132
vn 0.060717 0.996621 -0.055310
vn 0.186978 0.966537 -0.175626
vn 0.186941 0.966536 -0.175676
vn 0.335317 0.886820 -0.317983
vn 0.335352 0.886823 -0.317938
vn 0.517906 0.699068 -0.493029
vn 0.517993 0.699077 -0.492924
vn 0.692541 0.290744 -0.660193
vn 0.692599 0.290747 -0.660131
vn 0.068304 0.996771 -0.042223
vn 0.068364 0.996772 -0.042095
vn 0.212602 0.967995 -0.133367
vn 0.212793 0.968007 -0.132974
vn 0.383691 0.891230 -0.241849
vn 0.384004 0.891263 -0.241230
vn 0.597533 0.707524 -0.377313
vn 0.597916 0.707571 -0.376616
vn 0.807306 0.297152 -0.509860
vn 0.807524 0.297166 -0.509507
vn 0.073189 0.996880 -0.029565
vn 0.073268 0.996882 -0.029309
vn 0.228869 0.969059 -0.092436
vn 0.229064 0.969073 -0.091799
vn 0.414604 0.894474 -0.167393
vn 0.414902 0.894510 -0.166456
vn 0.649429 0.713854 -0.262019
vn 0.649789 0.713906 -0.260984
vn 0.884204 0.302071 -0.356282
vn 0.884411 0.302086 -0.355755
vn 0.075934 0.996948 -0.018148
vn 0.075978 0.996949 -0.017899
vn 0.237672 0.969704 -0.056453
vn 0.237782 0.969713 -0.055817
vn 0.431271 0.896430 -0.102068
vn 0.431441 0.896455 -0.101130
vn 0.677731 0.717699 -0.159966
vn 0.677938 0.717734 -0.158925
vn 0.926981 0.305102 -0.218217
vn 0.927104 0.305113 -0.217678
vn 0.077125 0.996982 -0.008904
vn 0.077138 0.996982 -0.008740
vn 0.241417 0.970020 -0.027900
vn 0.241451 0.970025 -0.027455
vn 0.438339 0.897381 -0.050664
vn 0.438393 0.897392 -0.049992
vn 0.689840 0.719567 -0.079652
vn 0.689910 0.719583 -0.078895
vn 0.945593 0.306583 -0.108908
vn 0.945637 0.306588 -0.108512
vn 0.077445 0.996993 -0.002825
vn 0.077446 0.996993 -0.002768
vn 0.242431 0.970126 -0.009056
vn 0.242434 0.970127 -0.008890
vn 0.440278 0.897706 -0.016716
vn 0.440283 0.897708 -0.016455
vn 0.693245 0.720212 -0.026569
vn 0.693253 0.720215 -0.026269
vn 0.950976 0.307101 -0.036526
vn 0.950982 0.307102 -0.036368
vn 0.077477 0.996994 -0.000751
vn 0.077477 0.996994 -0.000751
vn 0.242534 0.970140 -0.002396
vn 0.242534 0.970140 -0.002396
vn 0.440479 0.897752 -0.004394
vn 0.440479 0.897752 -0.004394
vn 0.693621 0.720307 -0.006973
vn 0.693620 0.720307 -0.006973
vn 0.951603 0.307180 -0.009602
vn 0.951603 0.307179 -0.009602
vn 0.000927 0.996153 0.087630
vn 0.000927 0.996153 0.087630
vn 0.003312 0.996153 0.087563
vn 0.003413 0.996153 0.087560
vn 0.002932 0.962207 0.272302
vn 0.002932 0.962207 0.272302
vn 0.010693 0.962211 0.272094
vn 0.010976 0.962210 0.272086
vn 0.005303 0.874199 0.485539
vn 0.005303 0.874199 0.485539
vn 0.019597 0.874201 0.485169
vn 0.020028 0.874198 0.485156
vn 0.008130 0.675993 0.736863
vn 0.008130 0.675993 0.736863
vn 0.030311 0.675988 0.736289
vn 0.030784 0.675984 0.736273
vn 0.010659 0.274205 0.961612
vn 0.010659 0.274205 0.961612
vn 0.040041 0.274205 0.960837
vn 0.040277 0.274204 0.960828
vn 0.118186 0.274421 0.954319
vn 0.118761 0.274421 0.954248
vn 0.090140 0.676293 0.731097
vn 0.091301 0.676295 0.730951
vn 0.059174 0.874373 0.481632
vn 0.060260 0.874376 0.481493
vn 0.033063 0.962275 0.270064
vn 0.033820 0.962276 0.269964
vn 0.010586 0.996161 0.086898
vn 0.010893 0.996161 0.086855
vn 0.235691 0.275606 0.931929
vn 0.236425 0.275614 0.931740
vn 0.180019 0.677998 0.712679
vn 0.181510 0.678030 0.712271
vn 0.118626 0.875326 0.468756
vn 0.120046 0.875353 0.468344
vn 0.066863 0.962603 0.262534
vn 0.067908 0.962617 0.262216
vn 0.021853 0.996197 0.084347
vn 0.022366 0.996199 0.084181
vn 0.381628 0.278631 0.881320
vn 0.382247 0.278646 0.881047
vn 0.290507 0.682324 0.670850
vn 0.291758 0.682382 0.670248
vn 0.190897 0.877736 0.439475
vn 0.192106 0.877785 0.438850
vn 0.107546 0.963439 0.245398
vn 0.108489 0.963463 0.244886
vn 0.035424 0.996288 0.078454
vn 0.036040 0.996294 0.078097
vn 0.538261 0.283781 0.793564
vn 0.538548 0.283792 0.793365
vn 0.406780 0.689561 0.599196
vn 0.407362 0.689604 0.598751
vn 0.265612 0.881711 0.389918
vn 0.266196 0.881748 0.389436
vn 0.148973 0.964805 0.216699
vn 0.149473 0.964825 0.216265
vn 0.048914 0.996437 0.068707
vn 0.049362 0.996443 0.068295
vn 0.684321 0.290331 0.668889
vn 0.684271 0.290329 0.668941
vn 0.512078 0.698516 0.499851
vn 0.512002 0.698509 0.499939
vn 0.331614 0.886521 0.322665
vn 0.331583 0.886518 0.322704
vn 0.184824 0.966430 0.178476
vn 0.184857 0.966432 0.178432
vn 0.059962 0.996609 0.056350
vn 0.060078 0.996611 0.056191
vn 0.801437 0.296794 0.519241
vn 0.801216 0.296780 0.519591
vn 0.593723 0.707085 0.384089
vn 0.593329 0.707037 0.384784
vn 0.381431 0.891008 0.246201
vn 0.381107 0.890975 0.246825
vn 0.211373 0.967919 0.135845
vn 0.211171 0.967906 0.136250
vn 0.067885 0.996762 0.043096
vn 0.067815 0.996760 0.043239
vn 0.881002 0.301846 0.364314
vn 0.880783 0.301829 0.364855
vn 0.647519 0.713599 0.267387
vn 0.647138 0.713545 0.268451
vn 0.413546 0.894352 0.170629
vn 0.413228 0.894313 0.171599
vn 0.228328 0.969020 0.094167
vn 0.228118 0.969004 0.094833
vn 0.073025 0.996876 0.030111
vn 0.072938 0.996874 0.030387
vn 0.925717 0.305004 0.223654
vn 0.925585 0.304992 0.224215
vn 0.677044 0.717591 0.163324
vn 0.676821 0.717553 0.164412
vn 0.430918 0.896383 0.103957
vn 0.430735 0.896356 0.104941
vn 0.237502 0.969690 0.057402
vn 0.237382 0.969679 0.058073
vn 0.075887 0.996946 0.018423
vn 0.075839 0.996945 0.018690
vn 0.945272 0.306557 0.111731
vn 0.945225 0.306551 0.112147
vn 0.689687 0.719536 0.081234
vn 0.689611 0.719519 0.082034
vn 0.438266 0.897371 0.051473
vn 0.438206 0.897358 0.052185
vn 0.241385 0.970018 0.028269
vn 0.241348 0.970013 0.028742
vn 0.077117 0.996982 0.008999
vn 0.077103 0.996981 0.009175
vn 0.950938 0.307098 0.037524
vn 0.950932 0.307097 0.037692
vn 0.693230 0.720207 0.027097
vn 0.693221 0.720203 0.027415
vn 0.440270 0.897705 0.016967
vn 0.440265 0.897702 0.017244
vn 0.242428 0.970126 0.009159
vn 0.242425 0.970125 0.009335
vn 0.077444 0.996993 0.002849
vn 0.077443 0.996993 0.002911
vn 0.951599 0.307181 0.009921
vn 0.951599 0.307181 0.009921
vn 0.693620 0.720305 0.007205
vn 0.693620 0.720305 0.007205
vn 0.440480 0.897751 0.004543
vn 0.440480 0.897751 0.004543
vn 0.242534 0.970140 0.002474
vn 0.242534 0.970140 0.002474
vn 0.077477 0.996994 0.000778
vn 0.077477 0.996994 0.000778
vn 0.000000 0.000000 1.000000
vn 0.000000 0.000000 1.000000
vn 0.000000 0.000000 1.000000
vn 0.000000 0.000000 1.000000
vn 0.000000 1.000000 0.000000
vn 0.000000 1.000000 0.000000
vn 0.000000 1.000000 0.000000
vn 0.000000 1.000000 0.000000
vn 0.000000 0.000000 -1.000000
vn 0.000000 0.000000 -1.000000
vn 0.000000 0.000000 -1.000000
vn 0.000000 0.000000 -1.000000
vn 0.000000 -1.000000 0.000000
vn 0.000000 -1.000000 0.000000
vn 0.000000 -1.000000 0.000000
vn 0.000000 -1.000000 0.000000
vn 1.000000 0.000000 0.000000
vn 1.000000 0.000000 0.000000
vn 1.000000 0.000000 0.000000
vn 1.000000 0.000000 0.000000
vn -1.000000 0.000000 0.000000
vn -1.000000 0.000000 0.000000
vn -1.000000 0.000000 0.000000
vn -1.000000 0.000000 0.000000
vn -0.662078 0.000000 -0.749435
vn -0.662078 0.000000 -0.749435
vn -0.662078 0.000000 -0.749435
vn -0.662078 0.000000 -0.749435
vn -0.402375 0.794129 0.455471
vn -0.402375 0.794129 0.455471
vn -0.402375 0.794129 0.455471
vn -0.402375 0.794129 0.455471
vn 0.662078 0.000000 0.749435
vn 0.662078 0.000000 0.749435
vn 0.662078 0.000000 0.749435
vn 0.662078 0.000000 0.749435
vn -0.402375 -0.794129 0.455471
vn -0.402375 -0.794129 0.455471
vn -0.402375 -0.794129 0.455471
vn -0.402375 -0.794129 0.455471
vn -0.662073 0.000000 0.749439
vn -0.662073 0.000000 0.749439
vn -0.662073 0.000000 0.749439
vn -0.662073 0.000000 0.749439
vn 0.662073 0.000000 -0.749439
vn 0.662073 0.000000 -0.749439
vn 0.662073 0.000000 -0.749439
vn 0.662073 0.000000 -0.749439
vn 0.000000 0.000000 1.000000
vn 0.000000 0.000000 1.000000
vn 0.000000 0.000000 1.000000
vn 0.000000 0.000000 1.000000
vn 0.000000 0.992124 -0.125256
vn 0.000000 0.992124 -0.125256
vn 0.000000 0.992124 -0.125256
vn 0.000000 0.992124 -0.125256
vn 0.000000 0.000000 -1.000000
vn 0.000000 0.000000 -1.000000
vn 0.000000 0.000000 -1.000000
vn 0.000000 0.000000 -1.000000
vn 0.000000 -1.000000 0.000000
vn 0.000000 -1.000000 0.000000
vn 0.000000 -1.000000 0.000000
vn 0.000000 -1.000000 0.000000
vn 1.000000 0.000000 0.000000
vn 1.000000 0.000000 0.000000
vn 1.000000 0.000000 0.000000
vn 1.000000 0.000000 0.000000
vn -1.000000 0.000000 0.000000
vn -1.000000 0.000000 0.000000
vn -1.000000 0.000000 0.000000
vn -1.000000 0.000000 0.000000
vn 0.000000 0.000000 1.000000
vn 0.000000 0.000000 1.000000
vn 0.000000 0.000000 1.000000
vn 0.000000 0.000000 1.000000
vn 0.000000 1.000000 0.000000
vn 0.000000 1.000000 0.000000
vn 0.000000 1.000000 0.000000
vn 0.000000 1.000000 0.000000
vn 0.000000 0.000000 -1.000000
vn 0.000000 0.000000 -1.000000
vn 0.000000 0.000000 -1.000000
vn 0.000000 0.000000 -1.000000
vn 0.000000 -1.000000 0.000000
vn 0.000000 -1.000000 0.000000
vn 0.000000 -1.000000 0.000000
vn 0.000000 -1.000000 0.000000
vn 1.000000 0.000000 0.000000
vn 1.000000 0.000000 0.000000
vn 1.000000 0.000000 0.000000
vn 1.000000 0.000000 0.000000
vn -1.000000 0.000000 0.000000
vn -1.000000 0.000000 0.000000
vn -1.000000 0.000000 0.000000
vn -1.000000 0.000000 0.000000
vn 0.000000 -1.000000 0.000000
vn 0.000000 -1.000000 0.000000
vn 0.000000 -1.000000 0.000000
vn 0.000000 -1.000000 0.000000
vn 0.000000 1.000000 0.000000
vn 0.000000 1.000000 0.000000
vn 0.000000 1.000000 0.000000
vn 0.000000 1.000000 0.000000
vn 0.000000 0.000000 1.000000
vn 0.000000 0.000000 1.000000
vn 0.000000 0.000000 1.000000
vn 0.000000 0.000000 1.000000
vn 0.000000 0.000000 1.000000
vn 0.000000 0.000000 1.000000
vn 0.000000 0.000000 1.000000
vn 0.000000 0.000000 1.000000
vn 0.000000 1.000000 0.000000
vn 0.000000 1.000000 0.000000
vn 0.000000 1.000000 0.000000
vn 0.000000 1.000000 0.000000
vn 0.000000 -1.000000 0.000000
vn 0.000000 -1.000000 0.000000
vn 0.000000 -1.000000 0.000000
vn 0.000000 -1.000000 0.000000
vn 0.000000 0.000000 -1.000000
vn 0.000000 0.000000 -1.000000
vn 0.000000 0.000000 -1.000000
vn 0.000000 0.000000 -1.000000
vn 1.000000 0.000000 0.000000
vn 1.000000 0.000000 0.000000
vn 1.000000 0.000000 0.000000
vn 1.000000 0.000000 0.000000
vn 1.000000 0.000000 0.000000
vn 1.000000 0.000000 0.000000
vn 1.000000 0.000000 0.000000
vn 1.000000 0.000000 0.000000
vn -1.000000 0.000000 0.000000
vn -1.000000 0.000000 0.000000
vn -1.000000 0.000000 0.000000
vn -1.000000 0.000000 0.000000
vn -1.000000 0.000000 0.000000
vn -1.000000 0.000000 0.000000
vn -1.000000 0.000000 0.000000
vn -1.000000 0.000000 0.000000
vn 0.000000 0.000000 -1.000000
vn 0.000000 0.000000 -1.000000
vn 0.000000 0.000000 -1.000000
vn 0.000000 0.000000 -1.000000
vn -0.238800 -0.971069 0.000000
vn -0.238800 -0.971069 0.000000
vn -0.377437 -0.926035 0.000000
vn -0.377437 -0.926035 0.000000
vn -0.608725 -0.793381 0.000000
vn -0.608725 -0.793381 0.000000
vn -0.786284 -0.617865 0.000000
vn -0.786284 -0.617865 0.000000
vn -0.915425 -0.402489 0.000000
vn -0.915425 -0.402489 0.000000
vn -0.960502 -0.278274 0.000000
vn -0.960502 -0.278274 0.000000
vn 0.000000 -0.998492 0.054896
vn 0.000000 -0.968832 -0.247718
vn 0.000000 -0.968832 -0.247718
vn 0.000000 -0.998492 0.054896
vn 0.000000 -0.792482 -0.609896
vn 0.000000 -0.792482 -0.609896
vn 0.000000 -0.620560 -0.784159
vn 0.000000 -0.620560 -0.784159
vn 0.000000 -0.422273 -0.906469
vn 0.000000 -0.422273 -0.906469
vn 0.000000 -0.311801 -0.950147
vn 0.000000 -0.311801 -0.950147
vn 0.959742 -0.280873 0.002429
vn 0.959742 -0.280873 0.002429
vn 0.958606 -0.283598 -0.025432
vn 0.958624 -0.283566 -0.025088
vn 0.855645 -0.517553 -0.003249
vn 0.855645 -0.517553 -0.003249
vn 0.853885 -0.519733 -0.027529
vn 0.853916 -0.519702 -0.027153
vn 0.702050 -0.712082 -0.008071
vn 0.702050 -0.712082 -0.008071
vn 0.699987 -0.713625 -0.027541
vn 0.700031 -0.713596 -0.027149
vn 0.498581 -0.866770 -0.011219
vn 0.498581 -0.866770 -0.011219
vn 0.496476 -0.867695 -0.024827
vn 0.496534 -0.867673 -0.024461
vn 0.236966 -0.971443 -0.012041
vn 0.236966 -0.971443 -0.012041
vn 0.234980 -0.971823 -0.018569
vn 0.235052 -0.971810 -0.018333
vn 0.229844 -0.972526 -0.036941
vn 0.229998 -0.972512 -0.036360
vn 0.490302 -0.869277 -0.062940
vn 0.490454 -0.869256 -0.062035
vn 0.693135 -0.716210 -0.081282
vn 0.693270 -0.716185 -0.080342
vn 0.846895 -0.523466 -0.093552
vn 0.847006 -0.523437 -0.092706
vn 0.952213 -0.288491 -0.100318
vn 0.952294 -0.288460 -0.099631
vn 0.221530 -0.973054 -0.063958
vn 0.221814 -0.973043 -0.063132
vn 0.477955 -0.870157 -0.119940
vn 0.478276 -0.870152 -0.118690
vn 0.677323 -0.717645 -0.161923
vn 0.677629 -0.717641 -0.160656
vn 0.828425 -0.525968 -0.192536
vn 0.828689 -0.525956 -0.191427
vn 0.932358 -0.292588 -0.212369
vn 0.932562 -0.292566 -0.211501
vn 0.207960 -0.973354 -0.096617
vn 0.208373 -0.973350 -0.095764
vn 0.454738 -0.869999 -0.190565
vn 0.455228 -0.870014 -0.189322
vn 0.645356 -0.717318 -0.262621
vn 0.645833 -0.717338 -0.261391
vn 0.789090 -0.526550 -0.316358
vn 0.789511 -0.526558 -0.315293
vn 0.887956 -0.295422 -0.352505
vn 0.888290 -0.295413 -0.351670
vn 0.187285 -0.973407 -0.131919
vn 0.187697 -0.973408 -0.131326
vn 0.416191 -0.868587 -0.268965
vn 0.416672 -0.868609 -0.268148
vn 0.590503 -0.714830 -0.374599
vn 0.590972 -0.714857 -0.373807
vn 0.720424 -0.524761 -0.453447
vn 0.720850 -0.524778 -0.452750
vn 0.809322 -0.296649 -0.506949
vn 0.809692 -0.296649 -0.506358
vn 0.158554 -0.973295 -0.166005
vn 0.158680 -0.973295 -0.165882
vn 0.359559 -0.866129 -0.347185
vn 0.359647 -0.866133 -0.347085
vn 0.509288 -0.710539 -0.485552
vn 0.509370 -0.710544 -0.485459
vn 0.618987 -0.521025 -0.587697
vn 0.619109 -0.521030 -0.587565
vn 0.693356 -0.296522 -0.656759
vn 0.693566 -0.296523 -0.656537
vn 0.122845 -0.973222 -0.194286
vn 0.122443 -0.973223 -0.194538
vn 0.286308 -0.863435 -0.415340
vn 0.285628 -0.863415 -0.415851
vn 0.405163 -0.705852 -0.581047
vn 0.404493 -0.705827 -0.581544
vn 0.490677 -0.516887 -0.701473
vn 0.490202 -0.516874 -0.701814
vn 0.548097 -0.296065 -0.782263
vn 0.547966 -0.296065 -0.782355
vn 0.084082 -0.973419 -0.213038
vn 0.083261 -0.973427 -0.213325
vn 0.203992 -0.861646 -0.464707
vn 0.202595 -0.861631 -0.465346
vn 0.289847 -0.702633 -0.649843
vn 0.288456 -0.702613 -0.650483
vn 0.350851 -0.514305 -0.782556
vn 0.349805 -0.514298 -0.783029
vn 0.391646 -0.296559 -0.871014
vn 0.391189 -0.296564 -0.871218
vn 0.047788 -0.973965 -0.221606
vn 0.046936 -0.973982 -0.221709
vn 0.124410 -0.861473 -0.492327
vn 0.122846 -0.861491 -0.492688
vn 0.179571 -0.701994 -0.689172
vn 0.177979 -0.702013 -0.689566
vn 0.218862 -0.514393 -0.829156
vn 0.217646 -0.514414 -0.829463
vn 0.245403 -0.298725 -0.922248
vn 0.244845 -0.298739 -0.922391
vn 0.018659 -0.974764 -0.222458
vn 0.018106 -0.974784 -0.222415
vn 0.058779 -0.862756 -0.502192
vn 0.057669 -0.862797 -0.502251
vn 0.089082 -0.703712 -0.704878
vn 0.087911 -0.703759 -0.704978
vn 0.111538 -0.516892 -0.848753
vn 0.110638 -0.516931 -0.848847
vn 0.127386 -0.302409 -0.944628
vn 0.126993 -0.302428 -0.944675
vn -0.076862 -0.985415 -0.151819
vn -0.081279 -0.985630 -0.148079
vn 0.015425 -0.864746 -0.501972
vn 0.015043 -0.864775 -0.501935
vn 0.028790 -0.706653 -0.706974
vn 0.028366 -0.706687 -0.706957
vn 0.040104 -0.520677 -0.852812
vn 0.039787 -0.520704 -0.852809
vn 0.049186 -0.306929 -0.950460
vn 0.049091 -0.306938 -0.950463
vn -0.154436 -0.984333 -0.085078
vn -0.154436 -0.984333 -0.085078
vn 0.000317 -0.865777 -0.500429
vn 0.000317 -0.865777 -0.500429
vn 0.007104 -0.708259 -0.705917
vn 0.007104 -0.708259 -0.705917
vn 0.013950 -0.522779 -0.852354
vn 0.013950 -0.522779 -0.852354
vn 0.020363 -0.309401 -0.950714
vn 0.020363 -0.309401 -0.950714
vn 0.000000 -0.999135 -0.041579
vn 0.000000 -0.999135 -0.041579
vn 0.000000 -0.967240 0.253863
vn 0.000000 -0.967240 0.253863
vn 0.000000 -0.792480 0.609898
vn 0.000000 -0.792480 0.609898
vn 0.000000 -0.620560 0.784159
vn 0.000000 -0.620560 0.784159
vn 0.000000 -0.422272 0.906469
vn 0.000000 -0.422272 0.906469
vn 0.000000 -0.311801 0.950147
vn 0.000000 -0.311801 0.950147
vn 0.238799 -0.971069 0.000000
vn 0.238799 -0.971069 0.000000
vn 0.377434 -0.926037 0.000000
vn 0.377434 -0.926037 0.000000
vn 0.608726 -0.793380 0.000000
vn 0.608726 -0.793380 0.000000
vn 0.812799 -0.582544 0.000000
vn 0.791667 -0.610953 0.000000
vn 0.949623 -0.313396 0.000000
vn 0.918625 -0.395130 0.000000
vn 0.960507 -0.278256 0.000000
vn 0.960507 -0.278256 0.000000
vn 0.020247 -0.309407 0.950714
vn 0.020247 -0.309407 0.950714
vn 0.048735 -0.306937 0.950481
vn 0.048645 -0.306945 0.950483
vn 0.013847 -0.522777 0.852357
vn 0.013847 -0.522777 0.852357
vn 0.039700 -0.520677 0.852830
vn 0.039391 -0.520704 0.852828
vn 0.007012 -0.708255 0.705921
vn 0.007012 -0.708255 0.705921
vn 0.028460 -0.706645 0.706995
vn 0.028047 -0.706679 0.706978
vn 0.000258 -0.865779 0.500427
vn 0.000258 -0.865779 0.500427
vn 0.015204 -0.864747 0.501977
vn 0.014832 -0.864775 0.501940
vn -0.147209 -0.984853 0.091618
vn -0.147209 -0.984853 0.091618
vn -0.073138 -0.985180 0.155147
vn -0.077221 -0.985406 0.151699
vn 0.018386 -0.974762 0.222488
vn 0.017848 -0.974782 0.222444
vn 0.058067 -0.862754 0.502279
vn 0.056986 -0.862794 0.502334
vn 0.088069 -0.703698 0.705020
vn 0.086926 -0.703744 0.705116
vn 0.110317 -0.516888 0.848915
vn 0.109440 -0.516927 0.849005
vn 0.126043 -0.302408 0.944808
vn 0.125663 -0.302426 0.944853
vn 0.047193 -0.973959 0.221759
vn 0.046367 -0.973977 0.221855
vn 0.122949 -0.861449 0.492737
vn 0.121425 -0.861468 0.493082
vn 0.177553 -0.701944 0.689745
vn 0.175997 -0.701964 0.690125
vn 0.216471 -0.514355 0.829807
vn 0.215282 -0.514376 0.830103
vn 0.242775 -0.298693 0.922953
vn 0.242232 -0.298707 0.923091
vn 0.083100 -0.973402 0.213501
vn 0.082306 -0.973410 0.213773
vn 0.201778 -0.861569 0.465816
vn 0.200411 -0.861555 0.466431
vn 0.286837 -0.702496 0.651325
vn 0.285470 -0.702478 0.651945
vn 0.347276 -0.514179 0.784232
vn 0.346246 -0.514173 0.784691
vn 0.387703 -0.296468 0.872808
vn 0.387254 -0.296473 0.873005
vn 0.121610 -0.973189 0.195226
vn 0.121226 -0.973190 0.195463
vn 0.283735 -0.863291 0.417400
vn 0.283066 -0.863271 0.417895
vn 0.401653 -0.705614 0.583767
vn 0.400986 -0.705589 0.584255
vn 0.486456 -0.516652 0.704579
vn 0.485980 -0.516639 0.704916
vn 0.543393 -0.295903 0.785599
vn 0.543261 -0.295903 0.785690
vn 0.157395 -0.973249 0.167369
vn 0.157532 -0.973250 0.167238
vn 0.357249 -0.865953 0.349999
vn 0.357341 -0.865957 0.349895
vn 0.506082 -0.710251 0.489310
vn 0.506163 -0.710256 0.489220
vn 0.615064 -0.520732 0.592060
vn 0.615182 -0.520737 0.591933
vn 0.688915 -0.296323 0.661505
vn 0.689122 -0.296324 0.661289
vn 0.186451 -0.973364 0.133415
vn 0.186876 -0.973365 0.132811
vn 0.414572 -0.868435 0.271939
vn 0.415065 -0.868457 0.271114
vn 0.588225 -0.714578 0.378643
vn 0.588702 -0.714605 0.377848
vn 0.717576 -0.524504 0.458236
vn 0.718008 -0.524521 0.457538
vn 0.806052 -0.296475 0.512234
vn 0.806425 -0.296475 0.511646
vn 0.207495 -0.973324 0.097909
vn 0.207923 -0.973320 0.097035
vn 0.453859 -0.869900 0.193097
vn 0.454365 -0.869916 0.191829
vn 0.644111 -0.717155 0.266102
vn 0.644603 -0.717176 0.264851
vn 0.787509 -0.526388 0.320540
vn 0.787941 -0.526397 0.319462
vn 0.886126 -0.295310 0.357174
vn 0.886468 -0.295301 0.356331
vn 0.221338 -0.973039 0.064849
vn 0.221632 -0.973028 0.063998
vn 0.477602 -0.870109 0.121685
vn 0.477935 -0.870104 0.120402
vn 0.676826 -0.717566 0.164330
vn 0.677144 -0.717563 0.163032
vn 0.827788 -0.525894 0.195452
vn 0.828062 -0.525883 0.194319
vn 0.931623 -0.292535 0.215643
vn 0.931834 -0.292513 0.214760
vn 0.229792 -0.972521 0.037409
vn 0.229950 -0.972506 0.036809
vn 0.490211 -0.869261 0.063858
vn 0.490368 -0.869241 0.062927
vn 0.693011 -0.716184 0.082561
vn 0.693151 -0.716159 0.081595
vn 0.846735 -0.523443 0.095115
vn 0.846850 -0.523414 0.094248
vn 0.952030 -0.288474 0.102082
vn 0.952115 -0.288443 0.101380
vn 0.234975 -0.971821 0.018726
vn 0.235048 -0.971808 0.018483
vn 0.496465 -0.867693 0.025137
vn 0.496524 -0.867670 0.024760
vn 0.699974 -0.713620 0.027983
vn 0.700019 -0.713591 0.027579
vn 0.853870 -0.519729 0.028077
vn 0.853901 -0.519697 0.027691
vn 0.958590 -0.283596 0.026060
vn 0.958609 -0.283563 0.025708
vn 0.236966 -0.971443 0.012088
vn 0.236966 -0.971443 0.012088
vn 0.498581 -0.866770 0.011309
vn 0.498581 -0.866769 0.011309
vn 0.702050 -0.712081 0.008197
vn 0.702050 -0.712081 0.008197
vn 0.855646 -0.517550 0.003400
vn 0.855646 -0.517550 0.003400
vn 0.959742 -0.280873 -0.002253
vn 0.959742 -0.280873 -0.002253
vn -0.959290 -0.282252 -0.009846
vn -0.959290 -0.282252 -0.009846
vn -0.957991 -0.286396 0.015174
vn -0.958013 -0.286341 0.014835
vn -0.854955 -0.518702 -0.000295
vn -0.854955 -0.518702 -0.000295
vn -0.852634 -0.522051 0.021850
vn -0.852672 -0.522003 0.021523
vn -0.701190 -0.712927 0.008237
vn -0.701190 -0.712927 0.008237
vn -0.698322 -0.715296 0.026405
vn -0.698377 -0.715255 0.026069
vn -0.497639 -0.867263 0.014472
vn -0.497639 -0.867263 0.014472
vn -0.494597 -0.868678 0.027795
vn -0.494675 -0.868644 0.027457
vn -0.236010 -0.971593 0.017504
vn -0.236010 -0.971593 0.017504
vn -0.233043 -0.972147 0.024907
vn -0.233150 -0.972129 0.024641
vn -0.225927 -0.973099 0.045112
vn -0.226124 -0.973082 0.044502
vn -0.486818 -0.871106 0.064663
vn -0.486981 -0.871075 0.063863
vn -0.690409 -0.719368 0.076450
vn -0.690536 -0.719329 0.075667
vn -0.845316 -0.527894 0.082271
vn -0.845413 -0.527849 0.081561
vn -0.952246 -0.293854 0.082937
vn -0.952316 -0.293804 0.082302
vn -0.215706 -0.973657 0.073910
vn -0.216027 -0.973649 0.073070
vn -0.473769 -0.872520 0.119379
vn -0.474068 -0.872509 0.118266
vn -0.675171 -0.721903 0.151656
vn -0.675430 -0.721888 0.150575
vn -0.828811 -0.531982 0.173401
vn -0.829026 -0.531958 0.172442
vn -0.935826 -0.299816 0.185309
vn -0.936001 -0.299783 0.184480
vn -0.200506 -0.973725 0.107967
vn -0.200950 -0.973730 0.107093
vn -0.451405 -0.872448 0.187263
vn -0.451847 -0.872465 0.186114
vn -0.646388 -0.722037 0.246668
vn -0.646792 -0.722055 0.245553
vn -0.794887 -0.533240 0.289500
vn -0.795244 -0.533247 0.288502
vn -0.898863 -0.303294 0.316318
vn -0.899175 -0.303284 0.315440
vn -0.178485 -0.973290 0.144392
vn -0.178940 -0.973301 0.143753
vn -0.415360 -0.870569 0.263791
vn -0.415814 -0.870599 0.262975
vn -0.597201 -0.719087 0.355339
vn -0.597634 -0.719122 0.354539
vn -0.734518 -0.530819 0.422746
vn -0.734933 -0.530845 0.421991
vn -0.830643 -0.303513 0.466810
vn -0.831052 -0.303522 0.466076
vn -0.148329 -0.972515 0.179483
vn -0.148496 -0.972519 0.179323
vn -0.361839 -0.867029 0.342540
vn -0.361946 -0.867036 0.342408
vn -0.521992 -0.713202 0.467832
vn -0.522112 -0.713212 0.467683
vn -0.641031 -0.524904 0.559959
vn -0.641224 -0.524918 0.559726
vn -0.723878 -0.300629 0.620985
vn -0.724207 -0.300640 0.620596
vn -0.110720 -0.971818 0.208114
vn -0.110294 -0.971813 0.208360
vn -0.290142 -0.862831 0.413932
vn -0.289444 -0.862796 0.414494
vn -0.420755 -0.706051 0.569612
vn -0.420094 -0.706010 0.570151
vn -0.515974 -0.517483 0.682629
vn -0.515555 -0.517460 0.682963
vn -0.581710 -0.296374 0.757480
vn -0.581690 -0.296373 0.757495
vn -0.070565 -0.971747 0.225228
vn -0.069697 -0.971756 0.225462
vn -0.206450 -0.859701 0.467218
vn -0.204901 -0.859666 0.467963
vn -0.303399 -0.700474 0.645976
vn -0.301852 -0.700427 0.646751
vn -0.373066 -0.511811 0.773868
vn -0.371917 -0.511784 0.774438
vn -0.420975 -0.293494 0.858278
vn -0.420515 -0.293491 0.858504
vn -0.035249 -0.972487 0.230277
vn -0.034428 -0.972515 0.230281
vn -0.123950 -0.859007 0.496733
vn -0.122188 -0.859027 0.497135
vn -0.187960 -0.698686 0.690296
vn -0.186102 -0.698702 0.690783
vn -0.234137 -0.510340 0.827486
vn -0.232696 -0.510359 0.827881
vn -0.266245 -0.294032 0.917964
vn -0.265584 -0.294046 0.918151
vn -0.009205 -0.973740 0.227477
vn -0.008731 -0.973771 0.227361
vn -0.056275 -0.860704 0.505987
vn -0.055058 -0.860764 0.506017
vn -0.092564 -0.700754 0.707372
vn -0.091197 -0.700825 0.707480
vn -0.120031 -0.513173 0.849851
vn -0.118950 -0.513232 0.849967
vn -0.140079 -0.298132 0.944190
vn -0.139598 -0.298160 0.944253
vn 0.080430 -0.984419 0.156364
vn 0.084332 -0.984630 0.152946
vn -0.012507 -0.863647 0.503942
vn -0.012115 -0.863690 0.503877
vn -0.029472 -0.705012 0.708583
vn -0.028996 -0.705067 0.708548
vn -0.044365 -0.518566 0.853886
vn -0.043997 -0.518611 0.853878
vn -0.056770 -0.304468 0.950829
vn -0.056669 -0.304481 0.950831
vn 0.151872 -0.984035 0.092791
vn 0.151872 -0.984035 0.092791
vn 0.002417 -0.865201 0.501420
vn 0.002417 -0.865201 0.501420
vn -0.006998 -0.707420 0.706759
vn -0.006998 -0.707420 0.706759
vn -0.016805 -0.521714 0.852955
vn -0.016805 -0.521714 0.852955
vn -0.026178 -0.308160 0.950974
vn -0.026178 -0.308160 0.950974
vn -0.235993 -0.971591 -0.017844
vn -0.235993 -0.971591 -0.017844
vn -0.233111 -0.972122 -0.025277
vn -0.232999 -0.972141 -0.025566
vn -0.497625 -0.867266 -0.014824
vn -0.497625 -0.867266 -0.014824
vn -0.494633 -0.868640 -0.028352
vn -0.494550 -0.868674 -0.028717
vn -0.701183 -0.712930 -0.008555
vn -0.701183 -0.712930 -0.008555
vn -0.698337 -0.715254 -0.027147
vn -0.698279 -0.715297 -0.027511
vn -0.854955 -0.518702 0.000036
vn -0.854955 -0.518702 0.000036
vn -0.852639 -0.522006 -0.022724
vn -0.852600 -0.522055 -0.023077
vn -0.959288 -0.282263 0.009669
vn -0.959288 -0.282263 0.009669
vn -0.957984 -0.286371 -0.016088
vn -0.957961 -0.286428 -0.016450
vn -0.951958 -0.293814 -0.086305
vn -0.951881 -0.293864 -0.086980
vn -0.845077 -0.527815 -0.085188
vn -0.844971 -0.527860 -0.085948
vn -0.690230 -0.719291 -0.078751
vn -0.690092 -0.719331 -0.079595
vn -0.486736 -0.871034 -0.066237
vn -0.486562 -0.871066 -0.067101
vn -0.225939 -0.973056 -0.045967
vn -0.225728 -0.973074 -0.046628
vn -0.934492 -0.299677 -0.192143
vn -0.934302 -0.299709 -0.193015
vn -0.827675 -0.531788 -0.179317
vn -0.827440 -0.531810 -0.180335
vn -0.674309 -0.721713 -0.156327
vn -0.674027 -0.721726 -0.157477
vn -0.473216 -0.872375 -0.122593
vn -0.472890 -0.872384 -0.123781
vn -0.215458 -0.973581 -0.075620
vn -0.215108 -0.973587 -0.076524
vn -0.895298 -0.302961 -0.326582
vn -0.894964 -0.302970 -0.327488
vn -0.791841 -0.532804 -0.298509
vn -0.791456 -0.532794 -0.299547
vn -0.644034 -0.721628 -0.253917
vn -0.643598 -0.721606 -0.255080
vn -0.449796 -0.872173 -0.192345
vn -0.449317 -0.872153 -0.193554
vn -0.199658 -0.973597 -0.110659
vn -0.199173 -0.973590 -0.111590
vn -0.823875 -0.302934 -0.479020
vn -0.823449 -0.302924 -0.479759
vn -0.728642 -0.530074 -0.433708
vn -0.728209 -0.530046 -0.434469
vn -0.592511 -0.718408 -0.364446
vn -0.592055 -0.718370 -0.365259
vn -0.412042 -0.870124 -0.270381
vn -0.411557 -0.870091 -0.271224
vn -0.176646 -0.973102 -0.147878
vn -0.176151 -0.973090 -0.148550
vn -0.714109 -0.299894 -0.632544
vn -0.713779 -0.299882 -0.632922
vn -0.632260 -0.523971 -0.570703
vn -0.632068 -0.523958 -0.570927
vn -0.514699 -0.712344 -0.477127
vn -0.514578 -0.712335 -0.477273
vn -0.356452 -0.866457 -0.349563
vn -0.356330 -0.866449 -0.349708
vn -0.145250 -0.972292 -0.183168
vn -0.145048 -0.972287 -0.183353
vn -0.570703 -0.295704 -0.766066
vn -0.570715 -0.295705 -0.766057
vn -0.505639 -0.516640 -0.690950
vn -0.506058 -0.516662 -0.690628
vn -0.411743 -0.705246 -0.577144
vn -0.412393 -0.705285 -0.576632
vn -0.283171 -0.862284 -0.419857
vn -0.283841 -0.862317 -0.419338
vn -0.106782 -0.971632 -0.211019
vn -0.107155 -0.971635 -0.210815
vn -0.411181 -0.293070 -0.863157
vn -0.411613 -0.293072 -0.862950
vn -0.363408 -0.511297 -0.778787
vn -0.364509 -0.511321 -0.778257
vn -0.294600 -0.699961 -0.650588
vn -0.296083 -0.700002 -0.649871
vn -0.199432 -0.859359 -0.470880
vn -0.200899 -0.859389 -0.470203
vn -0.066917 -0.971660 -0.226713
vn -0.067706 -0.971650 -0.226520
vn -0.259431 -0.293859 -0.919969
vn -0.260044 -0.293845 -0.919800
vn -0.227052 -0.510162 -0.829568
vn -0.228413 -0.510142 -0.829206
vn -0.181282 -0.698513 -0.692254
vn -0.183039 -0.698495 -0.691811
vn -0.118587 -0.858904 -0.498217
vn -0.120241 -0.858882 -0.497859
vn -0.032714 -0.972475 -0.230700
vn -0.033468 -0.972447 -0.230709
vn -0.136611 -0.298093 -0.944711
vn -0.137053 -0.298066 -0.944655
vn -0.116176 -0.513175 -0.850385
vn -0.117194 -0.513118 -0.850280
vn -0.088808 -0.700766 -0.707842
vn -0.090096 -0.700697 -0.707747
vn -0.053273 -0.860726 -0.506274
vn -0.054415 -0.860667 -0.506253
vn -0.007845 -0.973754 -0.227469
vn -0.008282 -0.973723 -0.227583
vn -0.055831 -0.304457 -0.950888
vn -0.055919 -0.304446 -0.950887
vn -0.043164 -0.518598 -0.853928
vn -0.043509 -0.518555 -0.853936
vn -0.028222 -0.705049 -0.708597
vn -0.028671 -0.704995 -0.708632
vn -0.011477 -0.863678 -0.503914
vn -0.011844 -0.863636 -0.503977
vn 0.089373 -0.984706 -0.149558
vn 0.085225 -0.984517 -0.153177
vn -0.026116 -0.308149 -0.950979
vn -0.026116 -0.308149 -0.950979
vn -0.016656 -0.521711 -0.852960
vn -0.016656 -0.521711 -0.852959
vn -0.006784 -0.707417 -0.706764
vn -0.006784 -0.707417 -0.706764
vn 0.002684 -0.865197 -0.501424
vn 0.002684 -0.865197 -0.501424
vn 0.160728 -0.983227 -0.086204
vn 0.160728 -0.983227 -0.086204
vn 0.000000 -1.000000 -0.000000
vn 0.000000 -1.000000 0.000000
vn 0.000000 -1.000000 0.000000
vn 0.000000 -1.000000 0.000000
vn 0.000000 -1.000000 0.000000
vn 0.000000 -1.000000 0.000000
vn 0.000000 -1.000000 0.000000
vn 0.000000 -1.000000 0.000000
vn 0.000000 -1.000000 0.000000
vn 0.000000 -1.000000 0.000000
vn 0.000000 -1.000000 0.000000
vn 0.000000 -1.000000 0.000000
vn 0.463793 0.000000 -0.885944
vn 0.251755 0.000000 -0.967791
vn 0.251755 0.000000 -0.967791
vn 0.463793 0.000000 -0.885944
vn 0.000000 1.000000 0.000000
vn 0.000000 1.000000 0.000000
vn 0.000000 1.000000 0.000001
vn 0.000000 1.000000 0.000000
vn -0.138570 0.000000 -0.990353
vn -0.138570 0.000000 -0.990353
vn -0.000001 0.000000 -1.000000
vn -0.000001 0.000000 -1.000000
vn 0.427944 0.000000 0.903805
vn 0.427944 0.000000 0.903805
vn 0.237707 0.000000 0.971337
vn 0.237707 0.000000 0.971337
vn 0.000000 0.000000 1.000000
vn 0.000000 0.000000 1.000000
vn -0.138570 0.000000 0.990353
vn -0.138570 0.000000 0.990353
vn 0.000000 1.000000 0.000000
vn 0.000000 1.000000 0.000000
vn 0.000000 1.000000 0.000000
vn 0.000000 1.000000 0.000000
vn 0.000000 1.000000 0.000000
vn 0.000000 1.000000 0.000000
vn 0.000000 1.000000 0.000000
vn 0.000000 1.000000 0.000000
vn 0.000000 -1.000000 0.000000
vn 0.000000 -1.000000 0.000000
vn 0.000000 -1.000000 0.000000
vn 0.000000 -1.000000 0.000000
vn 0.000000 -1.000000 0.000000
vn 0.000000 1.000000 0.000000
vn 0.000000 -1.000000 0.000000
vn 0.000000 -1.000000 0.000000
vn 0.000000 -1.000000 0.000000
vn 0.000000 -1.000000 0.000000
vn 0.000000 1.000000 0.000000
vn 0.000000 1.000000 0.000000
vn 0.000000 1.000000 0.000000
vn 0.000000 1.000000 0.000000
vn 0.000000 -1.000000 0.000000
vn 0.000000 -1.000000 0.000000
vn 0.000000 -1.000000 0.000000
vn 0.000000 -1.000000 0.000000
vn 0.000000 -1.000000 0.000000
vn 0.000000 -1.000000 0.000000
vn 0.000000 1.000000 0.000000
vn 0.000000 1.000000 0.000000
vn 0.000000 1.000000 0.000000
vn 0.517948 0.000000 0.855412
vn 0.517948 0.000000 0.855412
vn 0.517948 0.000000 0.855412
vn 0.517948 0.000000 0.855412
vn 0.517948 0.000000 0.855412
vn 0.517948 0.000000 0.855412
vn 0.517948 0.000000 0.855412
vn 0.517948 0.000000 0.855412
vn 0.517948 0.000000 0.855412
vn 0.517948 0.000000 0.855412
vn 0.517948 0.000000 0.855412
vn 0.517948 0.000000 0.855412
vn 0.000000 0.000000 1.000000
vn 0.000000 0.000000 1.000000
vn 0.000000 0.000000 1.000000
vn 0.000000 0.000000 1.000000
vn 0.000000 1.000000 0.000000
vn 0.000000 1.000000 0.000000
vn 0.000000 1.000000 0.000000
vn 0.000000 1.000000 0.000000
vn 0.000000 0.000000 -1.000000
vn 0.000000 0.000000 -1.000000
vn 0.000000 0.000000 -1.000000
vn 0.000000 0.000000 -1.000000
vn 0.000000 -1.000000 0.000000
vn 0.000000 -1.000000 0.000000
vn 0.000000 -1.000000 0.000000
vn 0.000000 -1.000000 0.000000
vn 1.000000 0.000000 0.000000
vn 1.000000 0.000000 0.000000
vn 1.000000 0.000000 0.000000
vn 1.000000 0.000000 0.000000
vn -1.000000 0.000000 0.000000
vn -1.000000 0.000000 0.000000
vn -1.000000 0.000000 0.000000
vn -1.000000 0.000000 0.000000
vn 0.000000 0.000000 1.000000
vn 0.000000 0.000000 1.000000
vn 0.000000 0.000000 1.000000
vn 0.000000 0.000000 1.000000
vn 0.000000 0.000000 1.000000
vn 0.000000 0.000000 1.000000
vn 0.000000 0.000000 1.000000
vn 0.000000 0.000000 1.000000
vn 0.000000 0.000000 -1.000000
vn 0.000000 0.000000 -1.000000
vn 0.000000 0.000000 -1.000000
vn 0.000000 0.000000 -1.000000
vn 0.000000 0.000000 -1.000000
vn 0.000000 0.000000 -1.000000
vn 0.000000 0.000000 -1.000000
vn 0.000000 0.000000 -1.000000
vn -0.996496 0.000000 0.083646
vn -0.996496 0.000000 0.083646
vn -0.996496 0.000000 0.083646
vn -0.996496 0.000000 0.083646
vn 0.000000 -1.000000 0.000000
vn 0.000000 -1.000000 0.000000
vn 0.000000 -1.000000 0.000000
vn 0.000000 -1.000000 0.000000
vn 0.000000 1.000000 0.000000
vn 0.000000 1.000000 0.000000
vn 0.000000 1.000000 0.000000
vn 0.000000 1.000000 0.000000
vn 0.000000 -1.000000 0.000000
vn 0.000000 -1.000000 0.000000
vn 0.000000 -1.000000 0.000000
vn 0.000000 -1.000000 0.000000
vn -1.000000 0.000000 0.000000
vn -1.000000 0.000000 0.000000
vn -1.000000 0.000000 0.000000
vn -1.000000 0.000000 0.000000
vn 1.000000 0.000000 0.000000
vn 1.000000 0.000000 0.000000
vn 1.000000 0.000000 0.000000
vn 1.000000 0.000000 0.000000
vn 0.000000 1.000000 0.000000
vn 0.000000 1.000000 0.000000
vn 0.000000 1.000000 0.000000
vn 0.000000 1.000000 0.000000
vn 1.000000 0.000000 0.000000
vn 1.000000 0.000000 0.000000
vn 1.000000 0.000000 0.000000
vn 1.000000 0.000000 0.000000
vn 0.000000 0.000000 1.000000
vn 0.000000 0.000000 1.000000
vn 0.000000 0.000000 1.000000
vn 0.000000 0.000000 1.000000
vn 0.000000 1.000000 0.000000
vn 0.000000 1.000000 0.000000
vn 0.000000 1.000000 0.000000
vn 0.000000 1.000000 0.000000
vn 0.000000 0.000000 -1.000000
vn 0.000000 0.000000 -1.000000
vn 0.000000 0.000000 -1.000000
vn 0.000000 0.000000 -1.000000
vn 0.000000 -1.000000 0.000000
vn 0.000000 -1.000000 0.000000
vn 0.000000 -1.000000 0.000000
vn 0.000000 -1.000000 0.000000
vn 1.000000 0.000000 0.000000
vn 1.000000 0.000000 0.000000
vn 1.000000 0.000000 0.000000
vn 1.000000 0.000000 0.000000
vn -1.000000 0.000000 0.000000
vn -1.000000 0.000000 0.000000
vn -1.000000 0.000000 0.000000
vn -1.000000 0.000000 0.000000
vn 0.938533 0.000000 -0.345189
vn 0.772351 0.000000 -0.635196
vn 0.772351 0.000000 -0.635196
vn 0.938533 0.000000 -0.345189
vn 0.540153 0.000000 -0.841567
vn 0.540153 0.000000 -0.841567
vn 0.275899 0.000000 -0.961187
vn 0.275899 0.000000 -0.961187
vn -0.000000 0.000000 -1.000000
vn -0.000000 0.000000 -1.000000
vn -0.259571 0.000000 -0.965724
vn -0.258257 0.000000 -0.966076
vn -0.520224 0.000000 -0.854030
vn -0.519032 0.000000 -0.854755
vn -0.772351 0.000000 -0.635196
vn -0.772351 0.000000 -0.635196
vn -0.938533 0.000000 -0.345190
vn -0.938533 0.000000 -0.345190
vn -1.000000 0.000000 0.000000
vn -1.000000 0.000000 0.000000
vn -0.938533 0.000000 0.345190
vn -0.938533 0.000000 0.345190
vn -0.772351 0.000000 0.635196
vn -0.772351 0.000000 0.635196
vn -0.520224 0.000000 0.854030
vn -0.519032 0.000000 0.854755
vn -0.259572 0.000000 0.965724
vn -0.258257 0.000000 0.966076
vn 0.000000 0.000000 1.000000
vn 0.000000 0.000000 1.000000
vn 0.258257 0.000000 0.966076
vn 0.259572 0.000000 0.965724
vn 0.519032 0.000000 0.854755
vn 0.520224 0.000000 0.854030
vn 0.772351 0.000000 0.635196
vn 0.772351 0.000000 0.635196
vn 0.948103 0.000000 0.317965
vn 0.947585 0.000000 0.319504
vn 0.999736 0.000000 -0.022993
vn 0.999773 0.000000 -0.021282
vn 0.000000 -1.000000 0.000000
vn 0.000000 -1.000000 0.000000
vn 0.001744 -0.999997 0.001434
vn 0.000000 -1.000000 0.000000
vn 0.000000 -1.000000 -0.000000
vn 0.000000 -1.000000 0.000000
vn 0.000000 -1.000000 -0.000000
vn 0.000000 -1.000000 -0.000000
vn 0.000000 -1.000000 0.000000
vn 0.000000 -1.000000 0.000000
vn 0.000000 -1.000000 0.000000
vn 0.000000 -1.000000 0.000000
vn 0.000000 -1.000000 0.000000
vn 0.000000 -1.000000 0.000000
vn 0.000000 -1.000000 0.000000
vn 0.000000 -1.000000 0.000000
vn 0.011426 -0.999926 -0.004202
vn 0.014082 -0.999900 -0.001193
vn 0.006007 -0.999970 0.004940
vn 0.003349 -0.999874 0.015528
vn 0.000000 -0.999908 0.013599
vn 0.000000 1.000000 0.000000
vn 0.000000 1.000000 -0.000000
vn -0.004230 0.999991 -0.000000
vn 0.000000 1.000000 -0.000000
vn 0.000000 1.000000 0.000000
vn 0.000000 1.000000 0.000000
vn -0.011426 0.999926 0.004202
vn -0.014082 0.999900 0.001193
vn -0.006007 0.999970 -0.004940
vn -0.007062 0.999972 -0.002597
vn -0.007425 0.999972 0.000000
vn -0.007062 0.999972 0.002597
vn -0.006007 0.999970 0.004940
vn -0.014082 0.999900 -0.001193
vn -0.011426 0.999926 -0.004202
vn 0.000000 1.000000 0.000000
vn 0.000000 1.000000 -0.000000
vn 0.000000 1.000000 0.000000
vn 0.000000 1.000000 0.000000
vn 0.000000 1.000000 0.000000
vn 0.000000 1.000000 0.000000
vn 0.000000 0.000000 1.000000
vn 0.000000 0.000000 1.000000
vn 0.000000 0.000000 1.000000
vn 0.000000 0.000000 1.000000
vn 0.000000 1.000000 0.000000
vn 0.000000 1.000000 0.000000
vn 0.000000 1.000000 0.000000
vn 0.000000 1.000000 0.000000
vn 0.000000 0.000000 -1.000000
vn 0.000000 0.000000 -1.000000
vn 0.000000 0.000000 -1.000000
vn 0.000000 0.000000 -1.000000
vn 0.000000 -1.000000 0.000000
vn 0.000000 -1.000000 0.000000
vn 0.000000 -1.000000 0.000000
vn 0.000000 -1.000000 0.000000
vn 1.000000 0.000000 0.000000
vn 1.000000 0.000000 0.000000
vn 1.000000 0.000000 0.000000
vn 1.000000 0.000000 0.000000
vn -1.000000 0.000000 0.000000
vn -1.000000 0.000000 0.000000
vn -1.000000 0.000000 0.000000
vn -1.000000 0.000000 0.000000
vn -0.000000 0.000000 1.000000
vn -0.000000 0.000000 1.000000
vn -0.000000 0.000000 1.000000
vn -0.000000 0.000000 1.000000
vn 0.063397 -0.997845 -0.016917
vn 0.063397 -0.997845 -0.016917
vn 0.063397 -0.997845 -0.016917
vn 0.063397 -0.997845 -0.016917
vn 0.063397 -0.997845 -0.016917
vn 0.063397 -0.997845 -0.016917
vn 0.063397 -0.997845 -0.016917
vn 0.063397 -0.997845 -0.016917
vn 0.063397 -0.997845 -0.016917
vn 0.062116 -0.998055 -0.005276
vn 0.060754 -0.998128 0.007017
vn 0.063397 -0.997845 -0.016917
vn 0.063397 -0.997845 -0.016917
vn 0.063397 -0.997845 -0.016917
vn 0.063397 -0.997845 -0.016917
vn 0.063397 -0.997845 -0.016917
vn 0.063397 -0.997845 -0.016917
vn 0.063397 -0.997845 -0.016917
vn 0.000000 1.000000 0.000000
vn 0.000000 1.000000 0.000000
vn 0.000000 1.000000 0.000000
vn 0.000000 1.000000 0.000000
vn 0.000000 0.000000 -1.000000
vn 0.000000 0.000000 -1.000000
vn 0.000000 0.000000 -1.000000
vn 0.000000 0.000000 -1.000000
vn -0.000000 0.000000 -1.000000
vn -0.000000 0.000000 -1.000000
vn -0.000000 0.000000 -1.000000
vn -0.000000 0.000000 -1.000000
vn -0.059606 0.913210 -0.403106
vn -0.053995 0.963924 -0.260645
vn -0.057176 0.913614 -0.402542
vn -0.000000 -1.000000 0.000000
vn -0.000000 -1.000000 0.000000
vn -0.000000 -1.000000 0.000000
vn -0.000000 -1.000000 0.000000
vn 0.000000 0.000000 1.000000
vn 0.000000 0.000000 1.000000
vn 0.000000 0.000000 1.000000
vn 0.000000 0.000000 1.000000
vn 1.000000 0.000001 0.000000
vn 1.000000 0.000001 0.000000
vn 1.000000 0.000001 0.000000
vn 1.000000 0.000001 0.000000
vn 1.000000 0.000001 0.000000
vn 1.000000 0.000001 0.000000
vn 1.000000 0.000001 0.000000
vn 1.000000 0.000001 0.000000
vn 1.000000 0.000000 0.000000
vn 1.000000 0.000000 0.000000
vn 1.000000 0.000000 0.000000
vn 1.000000 0.000000 0.000000
vn 1.000000 0.000001 0.000000
vn 1.000000 0.000001 0.000000
vn 1.000000 0.000001 0.000000
vn 1.000000 0.000001 0.000000
vn 1.000000 0.000001 0.000000
vn 1.000000 0.000001 0.000000
vn 1.000000 0.000001 0.000000
vn 1.000000 0.000001 0.000000
vn 1.000000 0.000001 0.000000
vn 1.000000 0.000001 0.000000
vn 1.000000 0.000001 0.000000
vn -1.000000 -0.000001 0.000000
vn -1.000000 0.000000 0.000000
vn -1.000000 0.000000 0.000000
vn -1.000000 0.000000 0.000000
vn -1.000000 -0.000001 0.000000
vn -1.000000 -0.000001 0.000000
vn -1.000000 -0.000001 0.000000
vn -1.000000 -0.000001 0.000000
vn -1.000000 -0.000001 0.000000
vn -1.000000 -0.000001 0.000000
vn -1.000000 -0.000001 0.000000
vn -1.000000 0.000000 0.000000
vn -1.000000 -0.000001 0.000000
vn -1.000000 -0.000001 0.000000
vn -1.000000 -0.000001 0.000000
vn -1.000000 -0.000001 0.000000
vn -1.000000 -0.000001 0.000000
vn -1.000000 -0.000001 0.000000
vn -1.000000 -0.000001 0.000000
vn -1.000000 -0.000001 0.000000
vn -1.000000 -0.000001 0.000000
vn -1.000000 -0.000001 0.000000
vn -1.000000 -0.000001 0.000000
vn -1.000000 -0.000001 0.000000
vn 0.000000 1.000000 0.000000
vn 0.000000 1.000000 0.000000
vn -0.045439 0.990230 -0.131829
vn -0.045870 0.990571 -0.129093
vn -0.052500 0.963189 -0.263648
vn -0.044042 0.999006 0.006834
vn -0.043229 0.999033 0.007962
vn -0.054457 0.986201 0.156339
vn -0.054912 0.985465 0.160761
vn -0.064465 0.950548 0.303813
vn -0.064247 0.949262 0.307854
vn -0.061194 0.935712 0.347418
vn -0.059312 0.936601 0.345341
vn 0.000000 1.000000 0.000000
vn 0.000000 1.000000 0.000000
vn 0.044021 -0.987456 0.151634
vn 0.044021 -0.987456 0.151634
vn 0.044021 -0.987456 0.151634
vn -1.000000 0.000000 0.000000
vn -1.000000 0.000000 0.000000
vn -1.000000 0.000000 0.000000
vn -1.000000 0.000000 0.000000
vn 0.000000 1.000000 0.000000
vn 0.000000 1.000000 0.000000
vn 0.000000 1.000000 0.000000
vn 0.000000 1.000000 0.000000
vn 1.000000 0.000000 0.000000
vn 1.000000 0.000000 0.000000
vn 1.000000 0.000000 0.000000
vn 1.000000 0.000000 0.000000
vn 0.000000 -1.000000 0.000000
vn 0.000000 -1.000000 0.000000
vn 0.000000 -1.000000 0.000000
vn 0.000000 -1.000000 0.000000
vn 0.000000 0.000000 1.000000
vn 0.000000 0.000000 1.000000
vn 0.000000 0.000000 1.000000
vn 0.000000 0.000000 1.000000
vn 0.000000 0.000000 -1.000000
vn 0.000000 0.000000 -1.000000
vn 0.000000 0.000000 -1.000000
vn 0.000000 0.000000 -1.000000
vn 0.000000 0.000000 1.000000
vn 0.000000 0.000000 1.000000
vn 0.000000 0.000000 1.000000
vn 0.000000 0.000000 1.000000
vn 0.000000 -1.000000 0.000000
vn 0.000000 -1.000000 0.000000
vn 0.000000 -1.000000 0.000000
vn 0.000000 -1.000000 0.000000
vn 0.000000 1.000000 0.000000
vn 0.000000 1.000000 0.000000
vn 0.000000 1.000000 0.000000
vn 0.000000 1.000000 0.000000
vn 0.000000 0.000000 -1.000000
vn 0.000000 0.000000 -1.000000
vn 0.000000 0.000000 -1.000000
vn 0.000000 0.000000 -1.000000
vn -0.000000 0.000000 -1.000000
vn -0.000000 0.000000 -1.000000
vn -0.000000 0.000000 -1.000000
vn -0.000000 0.000000 -1.000000
vn 0.000000 1.000000 0.000000
vn 0.000000 1.000000 0.000000
vn 0.000000 1.000000 0.000000
vn 0.000000 1.000000 0.000000
vn 0.000000 -1.000000 0.000000
vn 0.000000 -1.000000 0.000000
vn 0.000000 -1.000000 0.000000
vn 0.000000 -1.000000 0.000000
vn 0.000000 0.000000 1.000000
vn 0.000000 0.000000 1.000000
vn 0.000000 0.000000 1.000000
vn 0.000000 0.000000 1.000000
vn -1.000000 0.000000 0.000000
vn -1.000000 0.000000 0.000000
vn -1.000000 0.000000 0.000000
vn -1.000000 0.000000 0.000000
vn -1.000000 0.000000 0.000000
vn -1.000000 0.000000 0.000000
vn -1.000000 0.000000 0.000000
vn -1.000000 0.000000 0.000000
vn 1.000000 0.000000 0.000000
vn 1.000000 0.000000 0.000000
vn 1.000000 0.000000 0.000000
vn 1.000000 0.000000 0.000000
vn 1.000000 0.000000 0.000000
vn 1.000000 0.000000 0.000000
vn 1.000000 0.000000 0.000000
vn 1.000000 0.000000 0.000000
vn 0.000000 0.000000 1.000000
vn 0.000000 0.000000 1.000000
vn 0.000000 0.000000 1.000000
vn 0.000000 0.000000 1.000000
vn 0.000000 1.000000 0.000000
vn 0.000000 1.000000 0.000000
vn 0.000000 1.000000 0.000000
vn 0.000000 1.000000 0.000000
vn 0.000000 0.000000 -1.000000
vn 0.000000 0.000000 -1.000000
vn 0.000000 0.000000 -1.000000
vn 0.000000 0.000000 -1.000000
vn 0.000000 -1.000000 0.000000
vn 0.000000 -1.000000 0.000000
vn 0.000000 -1.000000 0.000000
vn 0.000000 -1.000000 0.000000
vn 1.000000 0.000000 0.000000
vn 1.000000 0.000000 0.000000
vn 1.000000 0.000000 0.000000
vn 1.000000 0.000000 0.000000
vn -1.000000 0.000000 0.000000
vn -1.000000 0.000000 0.000000
vn -1.000000 0.000000 0.000000
vn -1.000000 0.000000 0.000000
vn 0.000000 0.000000 1.000000
vn 0.000000 0.000000 1.000000
vn 0.000000 0.000000 1.000000
vn 0.000000 0.000000 1.000000
vn 0.000000 1.000000 0.000000
vn 0.000000 1.000000 0.000000
vn 0.000000 1.000000 0.000000
vn 0.000000 1.000000 0.000000
vn 0.000000 0.000000 -1.000000
vn 0.000000 0.000000 -1.000000
vn 0.000000 0.000000 -1.000000
vn 0.000000 0.000000 -1.000000
vn 0.000000 -1.000000 0.000000
vn 0.000000 -1.000000 0.000000
vn 0.000000 -1.000000 0.000000
vn 0.000000 -1.000000 0.000000
vn 1.000000 0.000000 0.000000
vn 1.000000 0.000000 0.000000
vn 1.000000 0.000000 0.000000
vn 1.000000 0.000000 0.000000
vn -1.000000 0.000000 0.000000
vn -1.000000 0.000000 0.000000
vn -1.000000 0.000000 0.000000
vn -1.000000 0.000000 0.000000
vn 0.000000 0.000000 1.000000
vn 0.000000 0.000000 1.000000
vn 0.000000 0.000000 1.000000
vn 0.000000 0.000000 1.000000
vn 0.000000 1.000000 0.000000
vn 0.000000 1.000000 0.000000
vn 0.000000 1.000000 0.000000
vn 0.000000 1.000000 0.000000
vn 0.000000 0.000000 -1.000000
vn 0.000000 0.000000 -1.000000
vn 0.000000 0.000000 -1.000000
vn 0.000000 0.000000 -1.000000
vn 0.000000 -1.000000 0.000000
vn 0.000000 -1.000000 0.000000
vn 0.000000 -1.000000 0.000000
vn 0.000000 -1.000000 0.000000
vn 1.000000 0.000000 0.000000
vn 1.000000 0.000000 0.000000
vn 1.000000 0.000000 0.000000
vn 1.000000 0.000000 0.000000
vn -1.000000 0.000000 0.000000
vn -1.000000 0.000000 0.000000
vn -1.000000 0.000000 0.000000
vn -1.000000 0.000000 0.000000
vn -0.971755 -0.235988 -0.001648
vn 0.999999 0.000032 -0.001280
vn 0.999999 -0.000027 -0.001280
vn -0.971755 -0.235988 -0.001648
vn 0.937950 0.346771 0.000392
vn 0.937950 0.346771 0.000392
vn 0.730319 0.683106 0.000000
vn 0.730319 0.683106 0.000000
vn 0.491483 0.870887 0.000000
vn 0.491483 0.870887 0.000000
vn 0.244708 0.969597 0.000000
vn 0.244708 0.969597 0.000000
vn 0.000000 1.000000 0.000000
vn 0.000000 1.000000 0.000000
vn -0.122104 0.992517 0.000000
vn -0.122104 0.992517 0.000000
vn 0.000000 0.177285 -0.984159
vn 0.000000 0.177285 -0.984159
vn 0.000000 0.346625 -0.938004
vn 0.000000 0.346625 -0.938004
vn 0.000000 0.636982 -0.770878
vn 0.000000 0.636982 -0.770878
vn 0.000000 0.842723 -0.538348
vn 0.000000 0.842723 -0.538348
vn 0.000000 0.961531 -0.274697
vn 0.000000 0.961531 -0.274697
vn 0.000000 1.000000 0.000000
vn 0.000000 1.000000 0.000000
vn 0.000000 0.990442 0.137926
vn 0.000000 0.990442 0.137926
vn 0.000000 0.177285 0.984159
vn 0.000000 0.346628 0.938003
vn 0.000000 0.346628 0.938003
vn 0.000000 0.177285 0.984159
vn 0.000000 0.636982 0.770878
vn 0.000000 0.636982 0.770878
vn 0.000000 0.842723 0.538348
vn 0.000000 0.842723 0.538348
vn 0.000000 0.961531 0.274696
vn 0.000000 0.961531 0.274696
vn 0.000000 1.000000 0.000000
vn 0.000000 1.000000 0.000000
vn 0.000000 0.990442 -0.137926
vn 0.000000 0.990442 -0.137926
vn 0.124703 0.992193 -0.001525
vn 0.124703 0.992193 -0.001525
vn 0.124619 0.992191 -0.005268
vn 0.124615 0.992190 -0.005431
vn -0.124702 0.992193 0.001545
vn -0.124702 0.992193 0.001545
vn -0.124617 0.992189 0.005616
vn -0.124613 0.992189 0.005763
vn -0.374853 0.927072 0.004773
vn -0.374853 0.927072 0.004773
vn -0.374583 0.927025 0.017682
vn -0.374574 0.927021 0.018053
vn -0.621581 0.783308 0.008089
vn -0.621581 0.783308 0.008089
vn -0.621062 0.783177 0.030264
vn -0.621048 0.783170 0.030725
vn -0.841420 0.540267 0.011102
vn -0.841420 0.540267 0.011102
vn -0.840568 0.540090 0.041804
vn -0.840552 0.540085 0.042190
vn -0.980578 0.195696 0.013045
vn -0.980578 0.195696 0.013045
vn -0.979445 0.195608 0.049252
vn -0.979437 0.195607 0.049404
vn -0.802298 -0.487894 0.343915
vn -0.802298 -0.487894 0.343915
vn -0.784974 -0.609664 0.110119
vn -0.785885 -0.607580 0.115024
vn -0.899346 -0.432279 0.065655
vn -0.877491 -0.478642 0.030203
vn -0.970494 0.195126 0.141656
vn -0.970448 0.195123 0.141979
vn -0.833468 0.539079 0.121347
vn -0.833360 0.539059 0.122177
vn -0.616343 0.782380 0.089457
vn -0.616226 0.782355 0.090478
vn -0.371962 0.926687 0.053798
vn -0.371871 0.926673 0.054672
vn -0.123778 0.992150 0.017816
vn -0.123736 0.992148 0.018220
vn 0.123758 0.992156 -0.017610
vn 0.123665 0.992153 -0.018428
vn -0.909832 -0.319213 0.265158
vn -0.912606 -0.324564 0.248614
vn -0.940645 0.193835 0.278594
vn -0.940553 0.193831 0.278907
vn -0.809223 0.536396 0.239661
vn -0.808998 0.536368 0.240483
vn -0.599679 0.780220 0.177884
vn -0.599414 0.780182 0.178940
vn -0.362411 0.925736 0.108030
vn -0.362178 0.925712 0.109016
vn -0.120609 0.992029 0.036487
vn -0.120469 0.992025 0.037075
vn 0.119902 0.991998 -0.039540
vn 0.119625 0.991992 -0.040509
vn -0.853412 -0.291255 0.432271
vn -0.853496 -0.291260 0.432101
vn -0.875669 0.191393 0.443365
vn -0.875612 0.191391 0.443478
vn -0.755687 0.531357 0.382879
vn -0.755536 0.531342 0.383198
vn -0.562222 0.776145 0.285492
vn -0.562011 0.776122 0.285970
vn -0.340708 0.923933 0.173969
vn -0.340469 0.923913 0.174541
vn -0.113334 0.991803 0.059017
vn -0.113078 0.991796 0.059622
vn -0.126325 -0.991715 0.023318
vn -0.123790 -0.991809 0.031483
vn -0.751224 -0.286297 0.594724
vn -0.751054 -0.286289 0.594943
vn -0.769924 0.187960 0.609827
vn -0.770038 0.187963 0.609681
vn -0.667268 0.524206 0.529115
vn -0.667529 0.524226 0.528765
vn -0.499244 0.770288 0.396751
vn -0.499489 0.770310 0.396400
vn -0.303798 0.921330 0.242607
vn -0.303886 0.921336 0.242474
vn -0.101028 0.991482 0.082198
vn -0.100799 0.991477 0.082542
vn -0.105633 -0.991635 0.074174
vn -0.105085 -0.991619 0.075154
vn -0.617055 -0.280902 0.735076
vn -0.616544 -0.280885 0.735511
vn -0.631505 0.184238 0.753165
vn -0.631847 0.184246 0.752876
vn -0.549772 0.516347 0.656610
vn -0.550615 0.516396 0.655864
vn -0.413910 0.763737 0.495362
vn -0.414856 0.763801 0.494473
vn -0.253126 0.918406 0.304067
vn -0.253798 0.918440 0.303404
vn -0.084373 0.991132 0.102656
vn -0.084485 0.991134 0.102543
vn -0.088021 -0.991257 0.098290
vn -0.087782 -0.991254 0.098540
vn -0.468037 -0.276253 0.839420
vn -0.467298 -0.276235 0.839837
vn -0.478317 0.181044 0.859323
vn -0.478810 0.181052 0.859047
vn -0.418018 0.509540 0.752084
vn -0.419264 0.509590 0.751356
vn -0.316502 0.757989 0.570332
vn -0.317976 0.758057 0.569421
vn -0.194599 0.915811 0.351314
vn -0.195773 0.915853 0.350552
vn -0.065299 0.990827 0.118314
vn -0.065812 0.990834 0.117969
vn -0.066729 -0.990954 0.116434
vn -0.067104 -0.990953 0.116228
vn -0.322890 -0.273081 0.906184
vn -0.322125 -0.273070 0.906459
vn -0.329588 0.178873 0.927025
vn -0.330099 0.178878 0.926843
vn -0.288821 0.504853 0.813453
vn -0.290131 0.504884 0.812968
vn -0.219659 0.753993 0.619067
vn -0.221256 0.754037 0.618445
vn -0.135759 0.913988 0.382356
vn -0.137099 0.914017 0.381807
vn -0.045937 0.990611 0.128758
vn -0.046577 0.990617 0.128483
vn 0.048860 0.990590 -0.127841
vn 0.051025 0.990628 -0.126695
vn -0.196384 -0.271411 0.942215
vn -0.195754 -0.271407 0.942347
vn -0.200263 0.177733 0.963486
vn -0.200683 0.177734 0.963399
vn -0.175728 0.502363 0.846611
vn -0.176823 0.502374 0.846377
vn -0.133990 0.751842 0.645586
vn -0.135345 0.751857 0.645285
vn -0.083085 0.913003 0.399403
vn -0.084241 0.913014 0.399135
vn -0.028221 0.990493 0.134640
vn -0.028757 0.990495 0.134509
vn 0.029038 0.990495 -0.134449
vn 0.030238 0.990504 -0.134121
vn -0.098314 -0.270800 0.957602
vn -0.097902 -0.270801 0.957644
vn -0.100164 0.177316 0.979044
vn -0.100439 0.177316 0.979015
vn -0.087788 0.501469 0.860711
vn -0.088502 0.501468 0.860638
vn -0.066768 0.751064 0.656844
vn -0.067653 0.751063 0.656755
vn -0.041184 0.912646 0.406671
vn -0.041932 0.912646 0.406595
vn -0.013826 0.990449 0.137182
vn -0.014150 0.990450 0.137147
vn 0.013716 0.990453 -0.137170
vn 0.014167 0.990453 -0.137119
vn -0.033809 -0.270711 0.962067
vn -0.033651 -0.270712 0.962072
vn -0.034432 0.177257 0.983562
vn -0.034537 0.177257 0.983558
vn -0.029967 0.501341 0.864731
vn -0.030239 0.501339 0.864722
vn -0.022467 0.750952 0.659974
vn -0.022798 0.750950 0.659965
vn -0.013533 0.912589 0.408654
vn -0.013803 0.912588 0.408648
vn -0.004394 0.990442 0.137863
vn -0.004501 0.990441 0.137861
vn 0.004174 0.990443 -0.137863
vn 0.004289 0.990443 -0.137860
vn -0.008857 -0.270728 0.962615
vn -0.008857 -0.270728 0.962615
vn -0.009056 0.177270 0.984121
vn -0.009056 0.177270 0.984121
vn -0.007917 0.501358 0.865204
vn -0.007917 0.501358 0.865204
vn -0.005988 0.750960 0.660321
vn -0.005988 0.750960 0.660321
vn -0.003651 0.912589 0.408861
vn -0.003651 0.912589 0.408861
vn -0.001207 0.990441 0.137935
vn -0.001207 0.990441 0.137935
vn 0.001179 0.990441 -0.137933
vn 0.001179 0.990441 -0.137933
vn 0.001229 0.990440 0.137936
vn 0.001229 0.990440 0.137936
vn 0.004326 0.990442 0.137859
vn 0.004452 0.990442 0.137856
vn -0.001259 0.990440 -0.137935
vn -0.001259 0.990440 -0.137935
vn -0.004564 0.990441 -0.137859
vn -0.004680 0.990441 -0.137856
vn -0.003803 0.912589 -0.408859
vn -0.003803 0.912590 -0.408859
vn -0.014076 0.912590 -0.408634
vn -0.014367 0.912588 -0.408627
vn -0.006238 0.750958 -0.660320
vn -0.006238 0.750958 -0.660320
vn -0.023384 0.750947 -0.659949
vn -0.023743 0.750944 -0.659939
vn -0.008269 0.501351 -0.865205
vn -0.008269 0.501350 -0.865205
vn -0.031213 0.501335 -0.864690
vn -0.031507 0.501333 -0.864681
vn -0.009460 0.177268 -0.984117
vn -0.009460 0.177268 -0.984117
vn -0.035876 0.177251 -0.983512
vn -0.035989 0.177251 -0.983507
vn -0.002875 -0.954187 -0.299197
vn -0.002875 -0.954187 -0.299197
vn -0.011026 -0.954184 -0.299018
vn -0.010820 -0.954185 -0.299023
vn -0.031957 -0.954212 -0.297420
vn -0.031420 -0.954213 -0.297475
vn -0.104135 0.177311 -0.978630
vn -0.104431 0.177311 -0.978598
vn -0.091266 0.501478 -0.860343
vn -0.092034 0.501477 -0.860262
vn -0.069416 0.751068 -0.656566
vn -0.070371 0.751067 -0.656465
vn -0.042813 0.912649 -0.406496
vn -0.043621 0.912649 -0.406410
vn -0.014370 0.990450 -0.137122
vn -0.014723 0.990450 -0.137083
vn 0.014254 0.990454 0.137102
vn 0.014762 0.990455 0.137041
vn -0.063480 -0.954438 -0.291580
vn -0.062663 -0.954432 -0.291775
vn -0.207814 0.177763 -0.961880
vn -0.208266 0.177764 -0.961782
vn -0.182353 0.502448 -0.845159
vn -0.183519 0.502460 -0.844900
vn -0.139055 0.751910 -0.644434
vn -0.140503 0.751928 -0.644099
vn -0.086257 0.913034 -0.398659
vn -0.087497 0.913046 -0.398360
vn -0.029333 0.990497 -0.134371
vn -0.029918 0.990499 -0.134222
vn 0.030390 0.990501 0.134106
vn 0.031283 0.990508 0.133849
vn -0.103244 -0.955046 -0.277899
vn -0.102296 -0.955031 -0.278301
vn -0.340850 0.178994 -0.922921
vn -0.341381 0.178999 -0.922723
vn -0.298678 0.505107 -0.809728
vn -0.300042 0.505141 -0.809202
vn -0.227177 0.754218 -0.616073
vn -0.228848 0.754267 -0.615395
vn -0.140492 0.914094 -0.380386
vn -0.141902 0.914127 -0.379784
vn -0.047649 0.990626 -0.128024
vn -0.048345 0.990633 -0.127710
vn 0.053360 0.990601 0.125943
vn 0.055370 0.990632 0.124831
vn -0.147016 -0.956139 -0.253346
vn -0.146158 -0.956115 -0.253931
vn -0.491942 0.181281 -0.851546
vn -0.492438 0.181289 -0.851257
vn -0.429878 0.510038 -0.745027
vn -0.431131 0.510091 -0.744267
vn -0.325480 0.758437 -0.564656
vn -0.326968 0.758509 -0.563698
vn -0.200252 0.916018 -0.347578
vn -0.201452 0.916063 -0.346766
vn -0.067416 0.990857 -0.116866
vn -0.067982 0.990865 -0.116467
vn -0.065526 -0.990927 -0.117345
vn -0.066061 -0.990929 -0.117028
vn -0.189285 -0.957638 -0.217027
vn -0.188747 -0.957616 -0.217590
vn -0.644900 0.184560 -0.741648
vn -0.645227 0.184568 -0.741361
vn -0.561304 0.517042 -0.646224
vn -0.562108 0.517091 -0.645486
vn -0.422507 0.764345 -0.487099
vn -0.423415 0.764408 -0.486210
vn -0.258504 0.918686 -0.298649
vn -0.259165 0.918721 -0.297968
vn -0.086452 0.991173 -0.100506
vn -0.086629 0.991177 -0.100319
vn -0.088132 -0.991273 -0.098029
vn -0.088015 -0.991271 -0.098155
vn -0.224623 -0.959244 -0.171447
vn -0.224471 -0.959236 -0.171692
vn -0.780354 0.188280 -0.596320
vn -0.780453 0.188283 -0.596190
vn -0.676088 0.524902 -0.517091
vn -0.676316 0.524920 -0.516774
vn -0.505674 0.770873 -0.387361
vn -0.505891 0.770893 -0.387038
vn -0.307744 0.921600 -0.236532
vn -0.307829 0.921605 -0.236400
vn -0.102553 0.991522 -0.079795
vn -0.102405 0.991518 -0.080029
vn -0.106083 -0.991667 -0.073102
vn -0.105637 -0.991652 -0.073936
vn -0.249630 -0.960609 -0.122130
vn -0.249712 -0.960614 -0.121918
vn -0.881813 0.191609 -0.430919
vn -0.881756 0.191607 -0.431037
vn -0.760770 0.531863 -0.371956
vn -0.760621 0.531848 -0.372282
vn -0.565832 0.776549 -0.277138
vn -0.565631 0.776526 -0.277613
vn -0.342868 0.924113 -0.168689
vn -0.342649 0.924095 -0.169233
vn -0.114134 0.991829 -0.057001
vn -0.113932 0.991823 -0.057502
vn 0.082411 0.985715 0.146884
vn -0.064210 0.863108 0.500920
vn -0.545650 -0.806056 -0.229218
vn -0.540290 -0.810368 -0.226693
vn -0.943216 0.193929 -0.269696
vn -0.943131 0.193925 -0.269994
vn -0.811290 0.536662 -0.231953
vn -0.811083 0.536636 -0.232737
vn -0.601108 0.780415 -0.172112
vn -0.600866 0.780380 -0.173113
vn -0.363237 0.925823 -0.104452
vn -0.363028 0.925801 -0.105376
vn -0.120897 0.992041 -0.035203
vn -0.120777 0.992037 -0.035726
vn 0.120418 0.992020 0.037349
vn 0.120223 0.992016 0.038082
vn -0.689361 -0.718133 -0.095218
vn -0.682901 -0.728422 -0.055206
vn -0.971180 0.195159 -0.136829
vn -0.971138 0.195156 -0.137133
vn -0.833998 0.539176 -0.117206
vn -0.833899 0.539158 -0.117985
vn -0.616696 0.782443 -0.086423
vn -0.616590 0.782420 -0.087381
vn -0.372146 0.926718 -0.051976
vn -0.372064 0.926705 -0.052790
vn -0.123843 0.992152 -0.017215
vn -0.123807 0.992151 -0.017585
vn 0.123824 0.992158 0.017046
vn 0.123754 0.992155 0.017695
vn -0.644471 -0.763272 -0.045521
vn -0.646285 -0.760060 -0.068006
vn -0.979528 0.195633 -0.047460
vn -0.979521 0.195633 -0.047602
vn -0.840632 0.540106 -0.040294
vn -0.840618 0.540101 -0.040654
vn -0.621101 0.783186 -0.029193
vn -0.621089 0.783180 -0.029624
vn -0.374593 0.927032 -0.017091
vn -0.374585 0.927029 -0.017437
vn -0.124624 0.992189 -0.005442
vn -0.124621 0.992189 -0.005579
vn 0.124626 0.992191 0.005124
vn 0.124623 0.992190 0.005275
vn -0.626407 -0.648959 -0.431819
vn -0.626407 -0.648958 -0.431819
vn -0.980578 0.195725 -0.012564
vn -0.980578 0.195725 -0.012564
vn -0.841426 0.540266 -0.010728
vn -0.841426 0.540266 -0.010728
vn -0.621587 0.783306 -0.007803
vn -0.621588 0.783306 -0.007803
vn -0.374849 0.927075 -0.004613
vn -0.374849 0.927075 -0.004613
vn -0.124702 0.992193 -0.001500
vn -0.124702 0.992193 -0.001500
vn 0.124704 0.992193 0.001472
vn 0.124704 0.992193 0.001472
vn -0.122110 0.992515 0.001500
vn -0.122110 0.992516 0.001500
vn -0.122028 0.992513 0.005239
vn -0.122025 0.992512 0.005407
vn 0.122108 0.992516 -0.001547
vn 0.122108 0.992516 -0.001547
vn 0.122028 0.992511 -0.005575
vn 0.122025 0.992511 -0.005727
vn 0.368014 0.929808 -0.004765
vn 0.368014 0.929808 -0.004765
vn 0.367750 0.929759 -0.017570
vn 0.367741 0.929755 -0.017955
vn 0.613438 0.789701 -0.008079
vn 0.613438 0.789701 -0.008079
vn 0.612923 0.789566 -0.030190
vn 0.612908 0.789558 -0.030676
vn 0.836119 0.548436 -0.011141
vn 0.836119 0.548436 -0.011141
vn 0.835265 0.548244 -0.041967
vn 0.835248 0.548238 -0.042380
vn 0.979755 0.199771 -0.013130
vn 0.979755 0.199771 -0.013130
vn 0.978601 0.199671 -0.049724
vn 0.978592 0.199670 -0.049888
vn -0.666883 -0.518003 0.535667
vn -0.666883 -0.518003 0.535667
vn 0.857419 -0.009372 0.514534
vn 0.634298 -0.210773 0.743802
vn 0.806346 0.583425 -0.097064
vn 0.901287 0.428846 0.061427
vn 0.969468 0.199098 -0.143149
vn 0.969412 0.199094 -0.143535
vn 0.828137 0.547108 -0.121909
vn 0.828009 0.547082 -0.122889
vn 0.608283 0.788686 -0.089253
vn 0.608149 0.788655 -0.090435
vn 0.365219 0.929390 -0.053388
vn 0.365119 0.929372 -0.054375
vn 0.121223 0.992469 -0.017631
vn 0.121179 0.992466 -0.018073
vn -0.121204 0.992474 0.017454
vn -0.121118 0.992471 0.018235
vn 0.723910 0.650682 -0.229273
vn 0.734223 0.646148 -0.208348
vn 0.939048 0.197547 -0.281360
vn 0.938907 0.197539 -0.281836
vn 0.803837 0.543981 -0.240686
vn 0.803502 0.543934 -0.241910
vn 0.591922 0.786225 -0.177420
vn 0.591549 0.786164 -0.178932
vn 0.356006 0.928318 -0.107173
vn 0.355702 0.928281 -0.108496
vn 0.118192 0.992335 -0.036069
vn 0.118032 0.992329 -0.036765
vn -0.117638 0.992308 0.038565
vn -0.117388 0.992301 0.039482
vn 0.659585 0.667096 -0.346309
vn 0.666997 0.666050 -0.333906
vn 0.873052 0.194603 -0.447112
vn 0.872857 0.194594 -0.447498
vn 0.750298 0.537996 -0.384205
vn 0.749819 0.537941 -0.385217
vn 0.555192 0.781478 -0.284698
vn 0.554636 0.781405 -0.285980
vn 0.335050 0.926251 -0.172627
vn 0.334570 0.926204 -0.173807
vn 0.111249 0.992079 -0.058329
vn 0.110931 0.992069 -0.059108
vn 0.216322 -0.940075 0.263561
vn 0.144408 -0.988943 0.033728
vn 0.581272 0.667337 -0.465601
vn 0.581200 0.667330 -0.465700
vn 0.766221 0.190435 -0.613710
vn 0.766080 0.190430 -0.613888
vn 0.662094 0.529408 -0.530433
vn 0.661740 0.529375 -0.530907
vn 0.493380 0.774555 -0.395778
vn 0.492946 0.774509 -0.396409
vn 0.299291 0.923221 -0.241016
vn 0.298888 0.923188 -0.241638
vn 0.099446 0.991710 -0.081371
vn 0.099091 0.991700 -0.081923
vn 0.104090 -0.991895 -0.072865
vn 0.103581 -0.991878 -0.073816
vn 0.492053 0.648971 -0.580277
vn 0.481485 0.645707 -0.592650
vn 0.627236 0.185895 -0.756319
vn 0.627259 0.185896 -0.756299
vn 0.545156 0.519894 -0.657659
vn 0.545206 0.519898 -0.657614
vn 0.409425 0.766724 -0.494475
vn 0.409467 0.766727 -0.494436
vn 0.249921 0.919750 -0.302654
vn 0.249922 0.919750 -0.302653
vn 0.083305 0.991296 -0.101944
vn 0.083215 0.991294 -0.102037
vn 0.086640 -0.991438 -0.097689
vn 0.086455 -0.991435 -0.097890
vn 0.394637 0.611663 -0.685660
vn 0.373118 0.601309 -0.706549
vn 0.474333 0.181991 -0.861329
vn 0.474534 0.181995 -0.861217
vn 0.414287 0.511594 -0.752753
vn 0.414800 0.511620 -0.752454
vn 0.313335 0.759753 -0.569734
vn 0.313955 0.759789 -0.569344
vn 0.192502 0.916618 -0.350362
vn 0.193026 0.916642 -0.350013
vn 0.064613 0.990927 -0.117853
vn 0.064896 0.990932 -0.117655
vn 0.065322 -0.991069 -0.116259
vn 0.065755 -0.991067 -0.116025
vn 0.292851 0.557247 -0.776990
vn 0.262919 0.538537 -0.800532
vn 0.326530 0.179317 -0.928021
vn 0.326839 0.179320 -0.927912
vn 0.286145 0.505836 -0.813788
vn 0.286947 0.505861 -0.813490
vn 0.217576 0.754836 -0.618775
vn 0.218576 0.754872 -0.618379
vn 0.134453 0.914383 -0.381872
vn 0.135329 0.914407 -0.381504
vn 0.045507 0.990661 -0.128533
vn 0.045971 0.990666 -0.128326
vn -0.048387 0.990649 0.127564
vn -0.051333 0.990704 0.125976
vn 0.193312 0.491254 -0.849294
vn 0.160424 0.466846 -0.869666
vn 0.198292 0.177894 -0.963864
vn 0.198614 0.177896 -0.963798
vn 0.174051 0.502724 -0.846744
vn 0.174887 0.502735 -0.846565
vn 0.132736 0.752152 -0.645483
vn 0.133785 0.752169 -0.645247
vn 0.082316 0.913147 -0.399233
vn 0.083230 0.913159 -0.399015
vn 0.027966 0.990511 -0.134560
vn 0.028407 0.990513 -0.134449
vn -0.028779 0.990515 0.134357
vn -0.030193 0.990527 0.133959
vn -0.012604 0.221815 -0.975007
vn -0.104159 0.067142 -0.992292
vn 0.099148 0.177360 -0.979139
vn 0.099389 0.177360 -0.979115
vn 0.086920 0.501551 -0.860751
vn 0.087549 0.501551 -0.860687
vn 0.066129 0.751139 -0.656824
vn 0.066912 0.751140 -0.656743
vn 0.040799 0.912678 -0.406637
vn 0.041463 0.912679 -0.406568
vn 0.013699 0.990453 -0.137167
vn 0.013989 0.990453 -0.137135
vn -0.013592 0.990456 0.137154
vn -0.014002 0.990457 0.137105
vn -0.086343 -0.100509 -0.991183
vn -0.097777 -0.091127 -0.991028
vn 0.034081 0.177263 -0.983573
vn 0.034182 0.177263 -0.983570
vn 0.029664 0.501350 -0.864736
vn 0.029924 0.501348 -0.864728
vn 0.022240 0.750960 -0.659973
vn 0.022556 0.750958 -0.659965
vn 0.013402 0.912593 -0.408649
vn 0.013660 0.912592 -0.408643
vn 0.004353 0.990442 -0.137864
vn 0.004455 0.990442 -0.137861
vn -0.004137 0.990443 0.137864
vn -0.004247 0.990442 0.137861
vn 0.008964 -0.177268 -0.984122
vn 0.008964 -0.177268 -0.984122
vn 0.008964 0.177268 -0.984122
vn 0.008964 0.177268 -0.984122
vn 0.007858 0.501360 -0.865203
vn 0.007858 0.501361 -0.865203
vn 0.005929 0.750964 -0.660317
vn 0.005929 0.750964 -0.660316
vn 0.003611 0.912591 -0.408859
vn 0.003611 0.912591 -0.408859
vn 0.001195 0.990441 -0.137934
vn 0.001195 0.990441 -0.137934
vn -0.001170 0.990441 0.137935
vn -0.001170 0.990441 0.137935
vn -0.845693 -0.366756 -0.387677
vn -0.845693 -0.366756 -0.387677
vn 0.490994 -0.686845 -0.535882
vn 0.359123 -0.728582 -0.583266
vn 0.990793 0.134681 0.013764
vn 0.990794 0.134681 0.013764
vn 0.988891 0.148036 0.013448
vn 0.989513 0.143810 0.013548
vn 0.836114 0.548435 0.011543
vn 0.836114 0.548435 0.011543
vn 0.835181 0.548218 0.043923
vn 0.835200 0.548225 0.043483
vn 0.613439 0.789698 0.008368
vn 0.613439 0.789698 0.008368
vn 0.612869 0.789545 0.031778
vn 0.612885 0.789553 0.031259
vn 0.368012 0.929808 0.004930
vn 0.368012 0.929808 0.004930
vn 0.367722 0.929750 0.018583
vn 0.367732 0.929754 0.018170
vn 0.122110 0.992515 0.001597
vn 0.122110 0.992515 0.001597
vn 0.122020 0.992510 0.005921
vn 0.122023 0.992510 0.005757
vn -0.122111 0.992515 -0.001556
vn -0.122111 0.992515 -0.001556
vn -0.122019 0.992512 -0.005553
vn -0.122024 0.992513 -0.005373
vn -0.121023 0.992468 -0.019014
vn -0.121138 0.992472 -0.018006
vn 0.121111 0.992463 0.018710
vn 0.121161 0.992465 0.018229
vn 0.364914 0.929340 0.056267
vn 0.365025 0.929359 0.055210
vn 0.607775 0.788578 0.093563
vn 0.607922 0.788613 0.092304
vn 0.827438 0.546979 0.127123
vn 0.827579 0.547008 0.126081
vn 0.977835 0.179869 0.107169
vn 0.980427 0.176082 0.088078
vn 0.999071 0.042750 0.005503
vn 0.903853 0.405263 0.137159
vn -0.116676 0.992268 -0.042325
vn -0.117066 0.992278 -0.040984
vn 0.117717 0.992316 0.038109
vn 0.117903 0.992323 0.037334
vn 0.354835 0.928177 0.112158
vn 0.355171 0.928218 0.110748
vn 0.590050 0.785926 0.184827
vn 0.590459 0.785993 0.183230
vn 0.801299 0.543638 0.249755
vn 0.801663 0.543690 0.248469
vn 0.936173 0.197395 0.290888
vn 0.936327 0.197403 0.290387
vn 0.804756 0.554402 0.212148
vn 0.744589 0.611970 0.266606
vn 0.119643 -0.992154 0.036273
vn 0.121406 -0.992135 0.030491
vn 0.110055 0.992037 0.061245
vn 0.110441 0.992049 0.060339
vn 0.332354 0.925986 0.179139
vn 0.332878 0.926036 0.177902
vn 0.550922 0.780921 0.294359
vn 0.551516 0.780998 0.293040
vn 0.744517 0.537351 0.396166
vn 0.745023 0.537409 0.395136
vn 0.866402 0.194304 0.459993
vn 0.866609 0.194314 0.459599
vn 0.673989 0.664796 0.322157
vn 0.616270 0.699262 0.362276
vn 0.102881 -0.991841 0.075286
vn 0.103492 -0.991859 0.074194
vn 0.097463 0.991651 0.084433
vn 0.097916 0.991664 0.083760
vn 0.294919 0.922867 0.247667
vn 0.295345 0.922900 0.247036
vn 0.486458 0.773815 0.405670
vn 0.486895 0.773861 0.405059
vn 0.652743 0.528546 0.542739
vn 0.653090 0.528577 0.542291
vn 0.755337 0.190030 0.627180
vn 0.755475 0.190035 0.627013
vn 0.533489 0.737436 0.414220
vn 0.491685 0.752452 0.438247
vn 0.086224 -0.991414 0.098308
vn 0.086519 -0.991419 0.097996
vn 0.081092 0.991245 0.104201
vn 0.081250 0.991248 0.104044
vn 0.244596 0.919416 0.307973
vn 0.244594 0.919416 0.307975
vn 0.400913 0.766014 0.502486
vn 0.400845 0.766009 0.502548
vn 0.533645 0.519063 0.667681
vn 0.533563 0.519057 0.667750
vn 0.613722 0.185504 0.767420
vn 0.613687 0.185503 0.767448
vn 0.403857 0.775530 0.485234
vn 0.380328 0.779895 0.497107
vn 0.068296 -0.991098 0.114284
vn 0.068073 -0.991102 0.114377
vn 0.062782 0.990897 0.119088
vn 0.062539 0.990893 0.119249
vn 0.187443 0.916393 0.353681
vn 0.186930 0.916371 0.354009
vn 0.305072 0.759259 0.574854
vn 0.304447 0.759224 0.575231
vn 0.403027 0.511007 0.759238
vn 0.402503 0.510981 0.759532
vn 0.460966 0.181724 0.868612
vn 0.460761 0.181720 0.868722
vn 0.291421 0.789830 0.539669
vn 0.282834 0.790241 0.543621
vn -0.060507 0.990796 -0.121085
vn -0.045173 0.990629 -0.128890
vn 0.044259 0.990649 0.129059
vn 0.043837 0.990644 0.129238
vn 0.130640 0.914277 0.383447
vn 0.129810 0.914254 0.383782
vn 0.211141 0.754597 0.621291
vn 0.210181 0.754564 0.621656
vn 0.277224 0.505536 0.817056
vn 0.276450 0.505514 0.817332
vn 0.315742 0.179191 0.931771
vn 0.315443 0.179187 0.931873
vn 0.196121 0.789297 0.581848
vn 0.197823 0.789409 0.581120
vn -0.030705 0.990530 -0.133816
vn -0.027501 0.990509 -0.134670
vn 0.027280 0.990507 0.134727
vn 0.026877 0.990505 0.134824
vn 0.080060 0.913116 0.399761
vn 0.079209 0.913105 0.399956
vn 0.128757 0.752078 0.646375
vn 0.127775 0.752063 0.646587
vn 0.168351 0.502626 0.847953
vn 0.167566 0.502616 0.848115
vn 0.191200 0.177849 0.965304
vn 0.190898 0.177848 0.965364
vn 0.117617 0.780400 0.614119
vn 0.125059 0.781583 0.611137
vn -0.013423 0.990456 -0.137173
vn -0.013059 0.990455 -0.137214
vn 0.013427 0.990452 0.137202
vn 0.013161 0.990452 0.137230
vn 0.039808 0.912675 0.406742
vn 0.039195 0.912674 0.406804
vn 0.064255 0.751127 0.657023
vn 0.063530 0.751126 0.657095
vn 0.084087 0.501537 0.861040
vn 0.083503 0.501537 0.861097
vn 0.095473 0.177351 0.979506
vn 0.095248 0.177351 0.979528
vn -0.267785 0.411186 0.871331
vn -0.164894 0.541589 0.824313
vn -0.004084 0.990443 -0.137864
vn -0.003984 0.990443 -0.137867
vn 0.004278 0.990441 0.137868
vn 0.004184 0.990441 0.137870
vn 0.013104 0.912594 0.408657
vn 0.012867 0.912595 0.408663
vn 0.021620 0.750958 0.659996
vn 0.021328 0.750960 0.660003
vn 0.028674 0.501350 0.864769
vn 0.028434 0.501352 0.864776
vn 0.032757 0.177270 0.983617
vn 0.032664 0.177270 0.983620
vn -0.258881 0.011259 0.965844
vn -0.211237 -0.023726 0.977147
vn -0.001122 0.990441 -0.137931
vn -0.001122 0.990441 -0.137931
vn 0.001147 0.990441 0.137935
vn 0.001147 0.990441 0.137935
vn 0.003470 0.912592 0.408857
vn 0.003470 0.912592 0.408857
vn 0.005688 0.750962 0.660321
vn 0.005688 0.750962 0.660321
vn 0.007517 0.501363 0.865204
vn 0.007517 0.501363 0.865204
vn 0.008587 0.177276 0.984124
vn 0.008587 0.177276 0.984124
vn 0.008587 -0.177276 0.984124
vn 0.008587 -0.177276 0.984124
vn 0.000000 0.000000 1.000000
vn 0.000000 0.000000 1.000000
vn 0.000000 0.000000 1.000000
vn 0.000000 0.000000 1.000000
vn 0.000000 1.000000 0.000000
vn 0.000000 1.000000 0.000000
vn 0.000000 1.000000 0.000000
vn 0.000000 1.000000 0.000000
vn 0.000000 0.000000 -1.000000
vn 0.000000 0.000000 -1.000000
vn 0.000000 0.000000 -1.000000
vn 0.000000 0.000000 -1.000000
vn 0.000000 -1.000000 0.000000
vn 0.000000 -1.000000 0.000000
vn 0.000000 -1.000000 0.000000
vn 0.000000 -1.000000 0.000000
vn 1.000000 0.000000 0.000000
vn 1.000000 0.000000 0.000000
vn 1.000000 0.000000 0.000000
vn 1.000000 0.000000 0.000000
vn -1.000000 0.000000 0.000000
vn -1.000000 0.000000 0.000000
vn -1.000000 0.000000 0.000000
vn -1.000000 0.000000 0.000000
vn 0.869725 0.415112 -0.266946
vn 0.747725 0.421032 -0.513459
vn 0.721528 0.489936 -0.489244
vn 0.837424 0.483978 -0.253941
vn 0.550364 0.428601 -0.716519
vn 0.532864 0.497527 -0.684488
vn 0.292348 0.434927 -0.851687
vn 0.284011 0.503836 -0.815774
vn 0.000000 0.437389 -0.899272
vn 0.000000 0.506281 -0.862368
vn -0.151056 0.432370 -0.888954
vn -0.144735 0.503558 -0.851752
vn -0.151056 0.432370 0.888953
vn -0.000000 0.437390 0.899272
vn 0.000000 0.506281 0.862368
vn -0.144735 0.503558 0.851752
vn 0.292348 0.434927 0.851687
vn 0.284012 0.503836 0.815773
vn 0.550365 0.428601 0.716520
vn 0.532864 0.497526 0.684487
vn 0.747724 0.421032 0.513459
vn 0.721529 0.489936 0.489244
vn 0.869725 0.415112 0.266947
vn 0.837424 0.483978 0.253941
vn 0.910777 0.412899 0.000001
vn 0.876311 0.481746 0.000001
vn 0.646762 0.624390 -0.437992
vn 0.752197 0.618301 -0.227822
vn 0.476408 0.632093 -0.611141
vn 0.253381 0.638454 -0.726756
vn -0.000000 0.640911 -0.767616
vn -0.128945 0.638399 -0.758828
vn 0.000000 0.640910 0.767616
vn -0.128945 0.638399 0.758828
vn 0.253381 0.638454 0.726756
vn 0.476409 0.632093 0.611141
vn 0.646762 0.624389 0.437991
vn 0.752197 0.618301 0.227823
vn 0.787737 0.616011 0.000001
vn 0.558522 0.738588 -0.377545
vn 0.650869 0.733243 -0.196784
vn 0.410387 0.745307 -0.525452
vn 0.217826 0.750819 -0.623557
vn -0.000000 0.752938 -0.658091
vn -0.165545 0.762625 -0.625299
vn 0.000000 0.752938 0.658091
vn -0.166963 0.759210 0.629065
vn 0.217826 0.750819 0.623557
vn 0.410387 0.745306 0.525453
vn 0.558522 0.738588 0.377545
vn 0.650869 0.733243 0.196784
vn 0.682137 0.731224 0.000000
vn 0.460650 0.831471 -0.310575
vn 0.537672 0.827418 -0.162139
vn 0.337806 0.836540 -0.431380
vn 0.179017 0.840676 -0.511095
vn -0.000000 0.842261 -0.539071
vn -0.185588 0.837063 -0.514667
vn -0.322049 0.779656 -0.537049
vn -0.288558 0.837948 -0.463226
vn -0.342781 0.766181 0.543569
vn -0.189095 0.835109 0.516562
vn -0.302159 0.835593 0.458786
vn 0.000000 0.842260 0.539071
vn 0.179017 0.840675 0.511095
vn 0.337806 0.836540 0.431379
vn 0.460651 0.831472 0.310573
vn 0.537672 0.827418 0.162138
vn 0.563844 0.825881 0.000001
vn 0.356658 0.903008 -0.239525
vn 0.416639 0.900417 -0.125145
vn 0.261278 0.906237 -0.332368
vn 0.138351 0.908863 -0.393482
vn -0.000000 0.909866 -0.414902
vn -0.135855 0.907707 -0.397003
vn -0.253636 0.903373 -0.345811
vn -0.415555 0.849624 -0.324734
vn -0.350443 0.908437 -0.227885
vn -0.442727 0.836468 0.322977
vn -0.264775 0.904992 0.332992
vn -0.315909 0.917179 0.242868
vn -0.138351 0.908862 0.393483
vn 0.000000 0.909866 0.414902
vn 0.138351 0.908862 0.393483
vn 0.261279 0.906237 0.332368
vn 0.356658 0.903008 0.239523
vn 0.416639 0.900417 0.125145
vn 0.437058 0.899433 0.000000
vn 0.250276 0.953664 -0.166997
vn 0.292232 0.952364 -0.087197
vn 0.183450 0.955285 -0.231898
vn 0.097189 0.956603 -0.274709
vn -0.000000 0.957107 -0.289736
vn -0.087314 0.956651 -0.277839
vn -0.204205 0.949984 -0.236286
vn -0.264815 0.954271 -0.138707
vn -0.356793 0.926347 -0.120744
vn -0.294685 0.951993 -0.082889
vn -0.407636 0.913143 -0.001542
vn -0.310498 0.950574 0.000165
vn -0.358500 0.925459 0.122493
vn -0.293721 0.952364 0.082040
vn -0.244239 0.955235 0.166953
vn -0.183450 0.955285 0.231899
vn -0.097189 0.956603 0.274709
vn 0.000000 0.957107 0.289736
vn 0.097189 0.956603 0.274710
vn 0.183450 0.955285 0.231898
vn 0.250276 0.953664 0.166995
vn 0.292232 0.952364 0.087196
vn 0.306498 0.951871 0.000000
vn 0.149818 0.983774 -0.098709
vn 0.174482 0.983319 -0.051385
vn 0.110152 0.984350 -0.137558
vn 0.058499 0.984823 -0.163404
vn -0.000000 0.985006 -0.172521
vn -0.051354 0.984810 -0.165867
vn -0.099358 0.986738 -0.128363
vn -0.155906 0.984488 -0.080479
vn -0.174482 0.983319 -0.051382
vn -0.182812 0.983148 -0.000000
vn -0.174482 0.983319 0.051382
vn -0.149818 0.983774 0.098708
vn -0.110152 0.984350 0.137558
vn -0.058499 0.984824 0.163402
vn 0.000000 0.985006 0.172521
vn 0.058499 0.984824 0.163403
vn 0.110152 0.984350 0.137556
vn 0.149818 0.983774 0.098708
vn 0.174482 0.983319 0.051383
vn 0.182812 0.983148 -0.000001
vn 0.000000 1.000000 -0.000001
vn 0.000000 1.000000 0.000002
vn 0.000000 1.000000 0.000002
vn 0.000000 1.000000 0.000001
vn 0.000000 1.000000 0.000002
vn 0.000000 1.000000 0.000003
vn 0.000000 1.000000 0.000003
vn 0.000000 1.000000 0.000002
vn 0.000000 1.000000 0.000002
vn 0.000000 1.000000 0.000001
vn 0.000000 1.000000 0.000001
vn 0.000000 1.000000 0.000001
vn 0.000000 1.000000 0.000001
vn 0.000000 1.000000 0.000004
vn 0.000000 1.000000 0.000004
vn 0.000000 1.000000 0.000002
vn 0.000000 1.000000 0.000003
vn 0.000000 1.000000 0.000001
vn 0.000000 1.000000 0.000001
vn 0.000000 1.000000 0.000001
vn 0.000000 1.000000 0.000001
vn 0.000000 1.000000 -0.000001
vn 0.000000 1.000000 -0.000001
vn 0.000000 1.000000 -0.000001
vn 0.000000 1.000000 -0.000001
vn 0.000000 1.000000 0.000001
vn 0.000000 1.000000 0.000001
vn 0.000000 1.000000 0.000000
vn 0.000000 1.000000 -0.000000
vn 0.000000 1.000000 0.000000
vn 0.000000 1.000000 0.000000
vn 0.000000 1.000000 0.000000
vn 0.000000 1.000000 0.000000
vn 0.000000 1.000000 0.000001
vn 0.000000 1.000000 0.000001
vn 0.000000 1.000000 0.000001
vn 0.000000 1.000000 0.000001
vn 0.000000 1.000000 0.000001
vn 0.000000 1.000000 0.000001
vn 0.000000 1.000000 0.000001
vn 0.000000 1.000000 0.000001
vn 0.000000 1.000000 -0.000003
vn 0.000000 1.000000 -0.000003
vn 0.000000 1.000000 -0.000002
vn 0.000000 1.000000 -0.000000
vn 0.000000 1.000000 0.000003
vn 0.000000 1.000000 0.000003
vn 0.000000 1.000000 0.000003
vn 0.000000 1.000000 0.000003
vn 0.000000 1.000000 0.000003
vn 0.000000 1.000000 0.000003
vn 0.000000 1.000000 0.000001
vn 0.000000 1.000000 0.000001
vn 0.000000 1.000000 0.000001
vn 0.000000 1.000000 0.000001
vn 0.000000 1.000000 0.000001
vn 0.000000 1.000000 0.000001
vn 0.000000 1.000000 0.000001
vn 0.000000 1.000000 0.000001
vn 0.000000 1.000000 -0.000001
vn 0.000000 1.000000 -0.000001
vn 0.000000 1.000000 0.000000
vn 0.000000 1.000000 0.000000
vn 0.000000 1.000000 0.000001
vn 0.000000 1.000000 0.000001
vn 0.000000 1.000000 0.000001
vn 0.000000 1.000000 0.000001
vn 0.000000 1.000000 0.000001
vn 0.000000 1.000000 0.000001
vn 0.000000 1.000000 0.000001
vn 0.000000 1.000000 0.000001
vn 0.000000 1.000000 0.000001
vn 0.000000 1.000000 0.000001
vn -0.000000 0.000000 -1.000000
vn -0.000000 0.000000 -1.000000
vn -0.000000 0.000000 -1.000000
vn -0.000000 0.000000 -1.000000
vn 0.000000 0.000000 1.000000
vn 0.000000 0.000000 1.000000
vn 0.000000 0.000000 1.000000
vn 0.000000 0.000000 1.000000
vn -0.517171 0.000000 0.855882
vn -0.517171 0.000000 0.855882
vn -0.517171 0.000000 0.855882
vn -0.517171 0.000000 0.855882
vn 0.000000 -1.000000 0.000000
vn 0.000000 -1.000000 0.000000
vn 0.000000 -1.000000 0.000000
vn 0.000000 -1.000000 0.000000
vn 0.000000 1.000000 0.000000
vn 0.000000 1.000000 0.000000
vn 0.000000 1.000000 0.000000
vn 0.000000 1.000000 0.000000
vn 0.517168 0.000000 -0.855884
vn 0.517168 0.000000 -0.855884
vn 0.517168 0.000000 -0.855884
vn 0.517168 0.000000 -0.855884
vn -0.000000 0.000000 -1.000000
vn -0.000000 0.000000 -1.000000
vn -0.000000 0.000000 -1.000000
vn -0.000000 0.000000 -1.000000
vn 0.000000 0.000000 1.000000
vn 0.000000 0.000000 1.000000
vn 0.000000 0.000000 1.000000
vn 0.000000 0.000000 1.000000
vn -0.000000 0.000000 -1.000000
vn -0.000000 0.000000 -1.000000
vn -0.000000 0.000000 -1.000000
vn -0.000000 0.000000 -1.000000
vn 0.000000 -1.000000 0.000000
vn 0.000000 -1.000000 0.000000
vn 0.000000 -1.000000 0.000000
vn 0.000000 -1.000000 0.000000
vn 0.000000 0.000000 1.000000
vn 0.000000 0.000000 1.000000
vn 0.000000 0.000000 1.000000
vn 0.000000 0.000000 1.000000
vn -1.000000 0.000000 0.000000
vn -1.000000 0.000000 0.000000
vn -1.000000 0.000000 0.000000
vn -1.000000 0.000000 0.000000
vn -1.000000 0.000000 0.000000
vn -1.000000 0.000000 0.000000
vn -1.000000 0.000000 0.000000
vn -1.000000 0.000000 0.000000
vn -1.000000 0.000000 0.000000
vn -1.000000 0.000000 0.000000
vn -1.000000 0.000000 0.000000
vn -1.000000 0.000000 0.000000
vn -1.000000 0.000000 0.000000
vn 1.000000 0.000000 0.000000
vn 1.000000 0.000000 0.000000
vn 1.000000 0.000000 0.000000
vn 1.000000 0.000000 0.000000
vn 1.000000 0.000000 0.000000
vn 1.000000 0.000000 0.000000
vn 1.000000 0.000000 0.000000
vn 1.000000 0.000000 0.000000
vn 1.000000 0.000000 0.000000
vn 1.000000 0.000000 0.000000
vn 1.000000 0.000000 0.000000
vn 1.000000 0.000000 0.000000
vn 1.000000 0.000000 0.000000
vn 0.000000 1.000000 0.000000
vn 0.000000 1.000000 0.000000
vn 0.000000 1.000000 0.000000
vn 0.000000 1.000000 0.000000
vn 0.000000 1.000000 0.000000
vn 0.000000 1.000000 0.000000
vn 0.238799 -0.971069 0.000000
vn 0.377434 -0.926037 0.000000
vn 0.377434 -0.926037 0.000000
vn 0.238799 -0.971069 0.000000
vn 0.608726 -0.793380 0.000000
vn 0.608726 -0.793380 0.000000
vn 0.790489 -0.612477 0.000000
vn 0.810760 -0.585379 0.000000
vn 0.917995 -0.396592 0.000000
vn 0.946248 -0.323441 0.000000
vn 0.960507 -0.278257 0.000000
vn 0.960507 -0.278257 0.000000
vn -1.000000 0.000000 0.000000
vn -1.000000 0.000000 0.000000
vn -1.000000 0.000000 0.000000
vn -1.000000 0.000000 0.000000
vn 0.000000 1.000000 0.000000
vn 0.000000 1.000000 0.000000
vn 0.000000 1.000000 0.000000
vn 0.000000 1.000000 0.000000
vn 1.000000 0.000000 0.000000
vn 1.000000 0.000000 0.000000
vn 1.000000 0.000000 0.000000
vn 1.000000 0.000000 0.000000
vn 0.000000 -1.000000 0.000000
vn 0.000000 -1.000000 0.000000
vn 0.000000 -1.000000 0.000000
vn 0.000000 -1.000000 0.000000
vn 0.000000 0.000000 1.000000
vn 0.000000 0.000000 1.000000
vn 0.000000 0.000000 1.000000
vn 0.000000 0.000000 1.000000
vn 0.000000 0.000000 -1.000000
vn 0.000000 0.000000 -1.000000
vn 0.000000 0.000000 -1.000000
vn 0.000000 0.000000 -1.000000
vn -0.525102 0.000000 0.851039
vn -0.677402 0.000000 0.735613
vn -0.677402 0.000000 0.735613
vn -0.525102 0.000000 0.851039
vn -0.925852 0.000000 0.377886
vn -0.925852 0.000000 0.377886
vn -0.997938 0.000000 -0.064181
vn -0.997938 0.000000 -0.064181
vn -0.900921 0.000000 -0.433984
vn -0.900921 0.000000 -0.433984
vn -0.730484 0.000000 -0.682929
vn -0.730484 0.000000 -0.682929
vn -0.541686 0.000000 -0.840581
vn -0.541686 0.000000 -0.840581
vn -0.346085 0.000000 -0.938203
vn -0.346085 0.000000 -0.938203
vn -0.137099 0.000000 -0.990557
vn -0.137099 0.000000 -0.990557
vn -0.023502 0.000000 -0.999724
vn -0.023502 0.000000 -0.999724
vn 0.048136 0.997574 -0.050295
vn 0.039384 0.997183 -0.063831
vn 0.039250 0.998107 0.047351
vn 0.060486 0.997849 -0.025259
vn 0.067688 0.997704 0.002188
vn 0.068903 0.997163 0.030293
vn 0.063367 0.996395 0.056405
vn 0.051021 0.995695 0.077382
vn 0.032931 0.995373 0.090269
vn 0.011382 0.995575 0.093278
vn -0.010833 0.996195 0.086476
vn -0.019543 0.996416 0.082301
vn 0.256668 -0.872398 -0.415984
vn 0.318032 -0.887114 -0.334492
vn 0.443039 -0.795954 0.412521
vn 0.405805 -0.898234 -0.168813
vn 0.451273 -0.892222 0.017131
vn 0.448089 -0.871189 0.200612
vn 0.398723 -0.844007 0.358709
vn 0.312638 -0.821593 0.476700
vn 0.200551 -0.811884 0.548292
vn 0.071768 -0.817841 0.570951
vn 0.444925 -0.624126 0.642268
vn 0.503481 -0.724533 0.470701
vn 0.000000 -1.000000 0.000001
vn 0.000000 0.000000 1.000000
vn 0.000000 0.000000 1.000000
vn 0.000000 0.000000 1.000000
vn 0.000000 0.000000 1.000000
vn 0.000000 1.000000 0.000000
vn 0.000000 1.000000 0.000000
vn 0.000000 1.000000 0.000000
vn 0.000000 1.000000 0.000000
vn 0.000000 0.000000 -1.000000
vn 0.000000 0.000000 -1.000000
vn 0.000000 0.000000 -1.000000
vn 0.000000 0.000000 -1.000000
vn 0.000000 -1.000000 0.000000
vn 0.000000 -1.000000 0.000000
vn 0.000000 -1.000000 0.000000
vn 0.000000 -1.000000 0.000000
vn -1.000000 0.000000 0.000000
vn -1.000000 0.000000 0.000000
vn -1.000000 0.000000 0.000000
vn -1.000000 0.000000 0.000000
vn 1.000000 0.000000 0.000000
vn 1.000000 0.000000 0.000000
vn 1.000000 0.000000 0.000000
vn 1.000000 0.000000 0.000000
vn 0.000000 -1.000000 0.000000
vn 0.000000 -1.000000 0.000000
vn 0.000000 -1.000000 0.000000
vn 0.000000 -1.000000 0.000000
vn -1.000000 0.000000 0.000000
vn -1.000000 0.000000 0.000000
vn -1.000000 0.000000 0.000000
vn -1.000000 0.000000 0.000000
vn 0.000000 1.000000 0.000000
vn 0.000000 1.000000 0.000000
vn 0.000000 1.000000 0.000000
vn 0.000000 1.000000 0.000000
vn 1.000000 0.000000 0.000000
vn 1.000000 0.000000 0.000000
vn 1.000000 0.000000 0.000000
vn 1.000000 0.000000 0.000000
vn 0.000000 0.000000 1.000000
vn 0.000000 0.000000 1.000000
vn 0.000000 0.000000 1.000000
vn 0.000000 0.000000 1.000000
vn 0.000000 0.000000 -1.000000
vn 0.000000 0.000000 -1.000000
vn 0.000000 0.000000 -1.000000
vn 0.000000 0.000000 -1.000000
vn 0.000000 0.000000 1.000000
vn 0.000000 0.000000 1.000000
vn 0.000000 0.000000 1.000000
vn 0.000000 0.000000 1.000000
vn 0.000000 1.000000 0.000000
vn 0.000000 1.000000 0.000000
vn 0.000000 1.000000 0.000000
vn 0.000000 1.000000 0.000000
vn 0.000000 0.000000 -1.000000
vn 0.000000 0.000000 -1.000000
vn 0.000000 0.000000 -1.000000
vn 0.000000 0.000000 -1.000000
vn 0.000000 -1.000000 0.000000
vn 0.000000 -1.000000 0.000000
vn 0.000000 -1.000000 0.000000
vn 0.000000 -1.000000 0.000000
vn 1.000000 0.000000 0.000000
vn 1.000000 0.000000 0.000000
vn 1.000000 0.000000 0.000000
vn 1.000000 0.000000 0.000000
vn -1.000000 0.000000 0.000000
vn -1.000000 0.000000 0.000000
vn -1.000000 0.000000 0.000000
vn -1.000000 0.000000 0.000000
vn -1.000000 0.000000 0.000000
vn -1.000000 0.000000 0.000000
vn -1.000000 0.000000 0.000000
vn -1.000000 0.000000 0.000000
vn 0.000000 1.000000 0.000000
vn 0.000000 1.000000 0.000000
vn 0.000000 1.000000 0.000000
vn 0.000000 1.000000 0.000000
vn 1.000000 0.000000 0.000000
vn 1.000000 0.000000 0.000000
vn 1.000000 0.000000 0.000000
vn 1.000000 0.000000 0.000000
vn 0.000000 -1.000000 0.000000
vn 0.000000 -1.000000 0.000000
vn 0.000000 -1.000000 0.000000
vn 0.000000 -1.000000 0.000000
vn 0.000000 0.000000 1.000000
vn 0.000000 0.000000 1.000000
vn 0.000000 0.000000 1.000000
vn 0.000000 0.000000 1.000000
vn 0.000000 0.000000 -1.000000
vn 0.000000 0.000000 -1.000000
vn 0.000000 0.000000 -1.000000
vn 0.000000 0.000000 -1.000000
vn 0.662069 0.000000 0.749443
vn 0.662069 0.000000 0.749443
vn 0.662069 0.000000 0.749443
vn 0.662069 0.000000 0.749443
vn 0.000000 1.000000 0.000000
vn 0.000000 1.000000 0.000000
vn 0.000000 1.000000 0.000000
vn 0.000000 1.000000 0.000000
vn -0.662068 0.000000 -0.749444
vn -0.662068 0.000000 -0.749444
vn -0.662068 0.000000 -0.749444
vn -0.662068 0.000000 -0.749444
vn 0.000000 -1.000000 0.000000
vn 0.000000 -1.000000 0.000000
vn 0.000000 -1.000000 0.000000
vn 0.000000 -1.000000 0.000000
vn 0.662072 0.000000 -0.749440
vn 0.662072 0.000000 -0.749440
vn 0.662072 0.000000 -0.749440
vn 0.662072 0.000000 -0.749440
vn -0.662072 0.000000 0.749440
vn -0.662072 0.000000 0.749440
vn -0.662072 0.000000 0.749440
vn -0.662072 0.000000 0.749440
vn 0.000000 0.000000 1.000000
vn 0.000000 0.000000 1.000000
vn 0.000000 0.000000 1.000000
vn 0.000000 0.000000 1.000000
vn 0.000000 1.000000 0.000000
vn 0.000000 1.000000 0.000000
vn 0.000000 1.000000 0.000000
vn 0.000000 1.000000 0.000000
vn 0.000000 0.000000 -1.000000
vn 0.000000 0.000000 -1.000000
vn 0.000000 0.000000 -1.000000
vn 0.000000 0.000000 -1.000000
vn 0.000000 -1.000000 0.000000
vn 0.000000 -1.000000 0.000000
vn 0.000000 -1.000000 0.000000
vn 0.000000 -1.000000 0.000000
vn 1.000000 0.000000 0.000000
vn 1.000000 0.000000 0.000000
vn 1.000000 0.000000 0.000000
vn 1.000000 0.000000 0.000000
vn -1.000000 0.000000 0.000000
vn -1.000000 0.000000 0.000000
vn -1.000000 0.000000 0.000000
vn -1.000000 0.000000 0.000000
vn -0.525102 0.000000 -0.851039
vn -0.525102 0.000000 -0.851039
vn -0.677406 0.000000 -0.735610
vn -0.677406 0.000000 -0.735610
vn -0.925852 0.000000 -0.377886
vn -0.925852 0.000000 -0.377886
vn -0.997938 0.000000 0.064181
vn -0.997938 0.000000 0.064181
vn -0.900921 0.000000 0.433983
vn -0.900921 0.000000 0.433983
vn -0.730484 0.000000 0.682929
vn -0.730484 0.000000 0.682929
vn -0.541685 0.000000 0.840582
vn -0.541685 0.000000 0.840582
vn -0.346086 0.000000 0.938203
vn -0.346086 0.000000 0.938203
vn -0.137099 0.000000 0.990557
vn -0.137099 0.000000 0.990557
vn -0.023499 0.000000 0.999724
vn -0.023499 0.000000 0.999724
vn 0.063206 0.998000 -0.000427
vn 0.039118 0.996315 -0.076326
vn 0.060317 0.998134 0.009562
vn 0.069090 0.997203 -0.028510
vn 0.068315 0.995945 -0.058537
vn 0.058644 0.994542 -0.086301
vn 0.039331 0.993636 -0.105544
vn 0.013341 0.993801 -0.110368
vn -0.013353 0.994904 -0.099941
vn -0.022431 0.995275 -0.094468
vn 0.253067 -0.876205 0.410148
vn 0.397833 -0.839274 -0.370604
vn 0.313449 -0.890567 0.329607
vn 0.399773 -0.901398 0.166321
vn 0.444651 -0.895546 -0.016810
vn 0.441836 -0.875037 -0.197714
vn 0.393516 -0.848459 -0.353925
vn 0.308765 -0.826484 -0.470732
vn 0.198095 -0.816952 -0.541616
vn 0.070828 -0.822805 -0.563893
vn 0.443468 -0.629904 -0.637619
vn 0.498308 -0.731205 -0.465864
vn 0.000000 -1.000000 0.000000
vn 0.000000 -1.000000 0.000000
vn 0.000000 -1.000000 -0.000001
vn 0.000000 0.000000 1.000000
vn 0.000000 0.000000 1.000000
vn 0.000000 0.000000 1.000000
vn 0.000000 0.000000 1.000000
vn 0.000000 -1.000000 0.000000
vn 0.000000 -1.000000 0.000000
vn 0.000000 -1.000000 0.000000
vn 0.000000 -1.000000 0.000000
vn 0.000000 1.000000 0.000000
vn 0.000000 1.000000 0.000000
vn 0.000000 1.000000 0.000000
vn 0.000000 1.000000 0.000000
vn 0.000000 0.000000 -1.000000
vn 0.000000 0.000000 -1.000000
vn 0.000000 0.000000 -1.000000
vn 0.000000 0.000000 -1.000000
vn -0.000000 0.000000 -1.000000
vn -0.000000 0.000000 -1.000000
vn -0.000000 0.000000 -1.000000
vn -0.000000 0.000000 -1.000000
vn 0.000000 1.000000 0.000000
vn 0.000000 1.000000 0.000000
vn 0.000000 1.000000 0.000000
vn 0.000000 1.000000 0.000000
vn 0.000000 -1.000000 0.000000
vn 0.000000 -1.000000 0.000000
vn 0.000000 -1.000000 0.000000
vn 0.000000 -1.000000 0.000000
vn 0.000000 0.000000 1.000000
vn 0.000000 0.000000 1.000000
vn 0.000000 0.000000 1.000000
vn 0.000000 0.000000 1.000000
vn -1.000000 0.000000 0.000000
vn -1.000000 0.000000 0.000000
vn -1.000000 0.000000 0.000000
vn -1.000000 0.000000 0.000000
vn -1.000000 0.000000 0.000000
vn -1.000000 0.000000 0.000000
vn -1.000000 0.000000 0.000000
vn -1.000000 0.000000 0.000000
vn 1.000000 0.000000 0.000000
vn 1.000000 0.000000 0.000000
vn 1.000000 0.000000 0.000000
vn 1.000000 0.000000 0.000000
vn 1.000000 0.000000 0.000000
vn 1.000000 0.000000 0.000000
vn 1.000000 0.000000 0.000000
vn 1.000000 0.000000 0.000000
vn 0.000000 0.000000 1.000000
vn 0.000000 0.000000 1.000000
vn 0.000000 0.000000 1.000000
vn 0.000000 0.000000 1.000000
vn 0.016990 0.865573 0.500495
vn 0.016990 0.865573 0.500495
vn 0.001742 0.999964 -0.008323
vn 0.002266 0.999958 0.008854
vn 0.000000 0.000000 -1.000000
vn 0.000000 0.000000 -1.000000
vn 0.000000 0.000000 -1.000000
vn 0.000000 0.000000 -1.000000
vn -0.019697 -0.999806 0.000000
vn -0.019697 -0.999806 0.000000
vn -0.019697 -0.999806 0.000000
vn -0.019697 -0.999806 0.000000
vn -0.019697 -0.999806 0.000000
vn -0.019697 -0.999806 0.000000
vn -0.019697 -0.999806 0.000000
vn -0.019697 -0.999806 0.000000
vn 1.000000 0.000000 0.000000
vn 1.000000 0.000000 0.000000
vn 1.000000 0.000000 0.000000
vn 1.000000 0.000000 0.000000
vn -1.000000 0.000000 0.000000
vn -1.000000 0.000000 0.000000
vn -1.000000 0.000000 0.000000
vn -1.000000 0.000000 0.000000
vn -1.000000 0.000000 0.000000
vn -1.000000 0.000000 0.000000
vn -1.000000 0.000000 0.000000
vn -1.000000 0.000000 0.000000
vn 1.000000 0.000000 0.000000
vn 1.000000 0.000000 0.000000
vn 1.000000 0.000000 0.000000
vn 1.000000 0.000000 0.000000
vn 1.000000 0.000000 0.000000
vn -0.001487 0.993506 -0.113765
vn -0.001487 0.993506 -0.113765
vn -0.001487 0.993506 -0.113765
vn -0.001487 0.993506 -0.113765
vn -0.001487 0.993507 -0.113765
vn 0.000000 -1.000000 0.000000
vn 0.000000 -1.000000 0.000000
vn 0.000000 -1.000000 0.000000
vn 0.000000 -1.000000 0.000000
vn 0.000000 1.000000 0.000000
vn 0.000000 1.000000 0.000000
vn 0.000000 1.000000 0.000000
vn 0.000000 1.000000 0.000000
vn 0.000000 0.000000 -1.000000
vn 0.000000 0.000000 -1.000000
vn 0.000000 0.000000 -1.000000
vn 0.000000 0.000000 -1.000000
vn 0.000000 0.000000 -1.000000
vn 0.000000 0.000000 -1.000000
vn 0.000000 0.000000 -1.000000
vn 0.000000 0.000000 -1.000000
vn 0.000000 1.000000 0.000000
vn 0.000000 1.000000 0.000000
vn 0.000000 1.000000 0.000000
vn 0.000000 1.000000 0.000000
vn 0.000000 -1.000000 0.000000
vn 0.000000 -1.000000 0.000000
vn 0.000000 -1.000000 0.000000
vn 0.000000 -1.000000 0.000000
vn 0.000000 0.000000 1.000000
vn 0.000000 0.000000 1.000000
vn 0.000000 0.000000 1.000000
vn 0.000000 0.000000 1.000000
vn 1.000000 0.000000 0.000000
vn 1.000000 0.000000 0.000000
vn 1.000000 0.000000 0.000000
vn 1.000000 0.000000 0.000000
vn 1.000000 0.000000 0.000000
vn 1.000000 0.000000 0.000000
vn 1.000000 0.000000 0.000000
vn 1.000000 0.000000 0.000000
vn -1.000000 0.000000 0.000000
vn -1.000000 0.000000 0.000000
vn -1.000000 0.000000 0.000000
vn -1.000000 0.000000 0.000000
vn -1.000000 0.000000 0.000000
vn -1.000000 0.000000 0.000000
vn -1.000000 0.000000 0.000000
vn -1.000000 0.000000 0.000000
vn 0.000000 0.000000 1.000000
vn 0.000000 0.000000 1.000000
vn 0.000000 0.000000 1.000000
vn 0.000000 0.000000 1.000000
vn 0.000000 0.000000 1.000000
vn 0.000000 0.000000 1.000000
vn 0.000000 0.000000 1.000000
vn 0.000000 0.000000 1.000000
vn 0.000000 1.000000 0.000000
vn 0.000000 1.000000 0.000000
vn 0.000000 1.000000 0.000000
vn 0.000000 1.000000 0.000000
vn 0.000000 0.000000 -1.000000
vn 0.000000 0.000000 -1.000000
vn 0.000000 0.000000 -1.000000
vn 0.000000 0.000000 -1.000000
vn 0.000000 -1.000000 0.000000
vn 0.000000 -1.000000 0.000000
vn 0.000000 -1.000000 0.000000
vn 0.000000 -1.000000 0.000000
vn 1.000000 0.000000 0.000000
vn 1.000000 0.000000 0.000000
vn 1.000000 0.000000 0.000000
vn 1.000000 0.000000 0.000000
vn -1.000000 0.000000 0.000000
vn -1.000000 0.000000 0.000000
vn -1.000000 0.000000 0.000000
vn -1.000000 0.000000 0.000000
vn 0.928532 0.000000 -0.371251
vn 0.772351 0.000000 -0.635196
vn 0.772351 0.000000 -0.635196
vn 0.929402 0.000000 -0.369070
vn 0.540154 0.000000 -0.841566
vn 0.540154 0.000000 -0.841566
vn 0.275900 0.000000 -0.961186
vn 0.275900 0.000000 -0.961186
vn -0.000001 0.000000 -1.000000
vn -0.000001 0.000000 -1.000000
vn -0.255717 0.000000 -0.966752
vn -0.253856 0.000000 -0.967242
vn -0.513534 0.000000 -0.858069
vn -0.511878 0.000000 -0.859058
vn -0.772351 0.000000 -0.635196
vn -0.772351 0.000000 -0.635196
vn -0.938533 0.000000 -0.345190
vn -0.938533 0.000000 -0.345190
vn -1.000000 0.000000 -0.000000
vn -1.000000 0.000000 -0.000000
vn -0.938533 0.000000 0.345190
vn -0.938533 0.000000 0.345190
vn -0.772351 0.000000 0.635196
vn -0.772351 0.000000 0.635196
vn -0.513534 0.000000 0.858069
vn -0.511878 0.000000 0.859058
vn -0.255716 0.000000 0.966752
vn -0.253855 0.000000 0.967242
vn 0.000000 0.000000 1.000000
vn 0.000000 0.000000 1.000000
vn 0.275900 0.000000 0.961186
vn 0.275900 0.000000 0.961186
vn 0.519640 0.000000 0.854385
vn 0.521376 0.000000 0.853327
vn 0.749074 0.000000 0.662486
vn 0.750450 0.000000 0.660927
vn 0.938533 0.000000 0.345190
vn 0.938533 0.000000 0.345190
vn 0.999219 0.000000 -0.039510
vn 0.999307 0.000000 -0.037211
vn 0.000000 -1.000000 -0.000000
vn 0.005276 -0.999817 0.018382
vn 0.002914 -0.999995 0.001072
vn 0.000000 -1.000000 -0.000000
vn 0.000000 -1.000000 0.000000
vn 0.000000 -1.000000 0.000000
vn 0.000000 -1.000000 0.000000
vn 0.000000 -1.000000 0.000000
vn 0.000000 -1.000000 0.000000
vn 0.000000 -1.000000 0.000000
vn 0.000000 -1.000000 0.000000
vn 0.000000 -1.000000 0.000000
vn 0.000000 -1.000000 0.000000
vn 0.000000 -1.000000 0.000000
vn 0.000000 -1.000000 -0.000000
vn 0.000000 -1.000000 -0.000000
vn 0.000000 -1.000000 0.000000
vn 0.013814 -0.999840 -0.011361
vn 0.018570 -0.999790 -0.008612
vn 0.010037 -0.999943 0.003692
vn 0.010551 -0.999758 0.019323
vn 0.000000 1.000000 0.000000
vn 0.000000 1.000000 0.000000
vn -0.006013 0.999982 0.000000
vn 0.000000 1.000000 -0.000000
vn 0.000000 1.000000 0.000000
vn 0.000000 1.000000 0.000000
vn -0.016239 0.999850 0.005973
vn -0.020013 0.999798 0.001695
vn -0.008538 0.999939 -0.007022
vn -0.010037 0.999943 -0.003691
vn -0.010553 0.999944 0.000000
vn -0.010037 0.999943 0.003691
vn -0.008538 0.999939 0.007022
vn -0.020013 0.999798 -0.001695
vn -0.016239 0.999850 -0.005973
vn 0.000000 1.000000 0.000000
vn 0.000000 1.000000 0.000000
vn 0.000000 1.000000 0.000000
vn 0.000000 1.000000 0.000000
vn 0.000000 1.000000 -0.000000
vn 0.000000 1.000000 -0.000000
vn 0.000000 0.000000 1.000000
vn 0.000000 0.000000 1.000000
vn 0.000000 0.000000 1.000000
vn 0.000000 0.000000 1.000000
vn 0.000000 -1.000000 0.000000
vn 0.000000 -1.000000 0.000000
vn 0.000000 -1.000000 0.000000
vn 0.000000 -1.000000 0.000000
vn 0.000000 1.000000 0.000000
vn 0.000000 1.000000 0.000000
vn 0.000000 1.000000 0.000000
vn 0.000000 1.000000 0.000000
vn 0.000000 0.000000 -1.000000
vn 0.000000 0.000000 -1.000000
vn 0.000000 0.000000 -1.000000
vn 0.000000 0.000000 -1.000000
vn -0.000000 0.000000 -1.000000
vn -0.000000 0.000000 -1.000000
vn -0.000000 0.000000 -1.000000
vn -0.000000 0.000000 -1.000000
vn 0.000000 1.000000 0.000000
vn 0.000000 1.000000 0.000000
vn 0.000000 1.000000 0.000000
vn 0.000000 1.000000 0.000000
vn 0.000000 -1.000000 0.000000
vn 0.000000 -1.000000 0.000000
vn 0.000000 -1.000000 0.000000
vn 0.000000 -1.000000 0.000000
vn 0.000000 0.000000 1.000000
vn 0.000000 0.000000 1.000000
vn 0.000000 0.000000 1.000000
vn 0.000000 0.000000 1.000000
vn 1.000000 0.000000 0.000000
vn 1.000000 0.000000 0.000000
vn 1.000000 0.000000 0.000000
vn 1.000000 0.000000 0.000000
vn 1.000000 0.000000 0.000000
vn 1.000000 0.000000 0.000000
vn 1.000000 0.000000 0.000000
vn 1.000000 0.000000 0.000000
vn -1.000000 0.000000 0.000000
vn -1.000000 0.000000 0.000000
vn -1.000000 0.000000 0.000000
vn -1.000000 0.000000 0.000000
vn -1.000000 0.000000 0.000000
vn -1.000000 0.000000 0.000000
vn -1.000000 0.000000 0.000000
vn -1.000000 0.000000 0.000000
vn 0.000000 -1.000000 0.000000
vn 0.000000 -1.000000 0.000000
vn 0.000000 -1.000000 0.000000
vn 0.000000 -1.000000 0.000000
vn -1.000000 0.000000 0.000000
vn -1.000000 0.000000 0.000000
vn -1.000000 0.000000 0.000000
vn -1.000000 0.000000 0.000000
vn 0.000000 1.000000 0.000000
vn 0.000000 1.000000 0.000000
vn 0.000000 1.000000 0.000000
vn 0.000000 1.000000 0.000000
vn 1.000000 0.000000 0.000000
vn 1.000000 0.000000 0.000000
vn 1.000000 0.000000 0.000000
vn 1.000000 0.000000 0.000000
vn 0.000000 0.000000 1.000000
vn 0.000000 0.000000 1.000000
vn 0.000000 0.000000 1.000000
vn 0.000000 0.000000 1.000000
vn 0.000000 0.000000 -1.000000
vn 0.000000 0.000000 -1.000000
vn 0.000000 0.000000 -1.000000
vn 0.000000 0.000000 -1.000000
vn 0.000000 0.000000 1.000000
vn 0.000000 0.000000 1.000000
vn 0.000000 0.000000 1.000000
vn 0.000000 0.000000 1.000000
vn 0.000000 1.000000 0.000000
vn 0.000000 1.000000 0.000000
vn 0.000000 1.000000 0.000000
vn 0.000000 1.000000 0.000000
vn 0.000000 0.000000 -1.000000
vn 0.000000 0.000000 -1.000000
vn 0.000000 0.000000 -1.000000
vn 0.000000 0.000000 -1.000000
vn 0.000000 -1.000000 0.000000
vn 0.000000 -1.000000 0.000000
vn 0.000000 -1.000000 0.000000
vn 0.000000 -1.000000 0.000000
vn 1.000000 0.000000 0.000000
vn 1.000000 0.000000 0.000000
vn 1.000000 0.000000 0.000000
vn 1.000000 0.000000 0.000000
vn -1.000000 0.000000 0.000000
vn -1.000000 0.000000 0.000000
vn -1.000000 0.000000 0.000000
vn -1.000000 0.000000 0.000000
vn -0.662071 0.000000 0.749441
vn -0.662071 0.000000 0.749441
vn -0.662071 0.000000 0.749441
vn -0.662071 0.000000 0.749441
vn 0.208435 0.945422 0.250463
vn 0.208435 0.945422 0.250463
vn 0.208435 0.945422 0.250463
vn 0.208435 0.945422 0.250463
vn 0.430139 0.000000 -0.902763
vn 0.430139 0.000000 -0.902763
vn 0.430139 0.000000 -0.902763
vn 0.430139 0.000000 -0.902763
vn 0.208436 -0.945422 0.250462
vn 0.208436 -0.945422 0.250462
vn 0.208436 -0.945422 0.250462
vn 0.208436 -0.945422 0.250462
vn 0.662072 0.000000 0.749440
vn 0.662072 0.000000 0.749440
vn 0.662072 0.000000 0.749440
vn 0.662072 0.000000 0.749440
vn -0.615511 0.000000 -0.788129
vn -0.615511 0.000000 -0.788129
vn -0.615511 0.000000 -0.788129
vn -0.615511 0.000000 -0.788129
vn 0.955754 0.086589 -0.281133
vn 0.832148 0.088701 -0.547414
vn 0.822719 0.174164 -0.541110
vn 0.945362 0.170264 -0.278030
vn 0.623146 0.091527 -0.776732
vn 0.615709 0.179315 -0.767299
vn 0.383581 0.092889 -0.918824
vn 0.379432 0.182192 -0.907104
vn 0.274989 0.092761 -0.956962
vn 0.272825 0.180079 -0.945060
vn 0.261557 -0.098796 0.960118
vn 0.428635 -0.038039 0.902677
vn 0.421652 0.125421 0.898042
vn 0.258322 0.102674 0.960587
vn 0.655285 0.052729 0.753539
vn 0.653621 0.159681 0.739785
vn 0.803162 0.089017 0.589073
vn 0.793914 0.175341 0.582199
vn 0.905145 0.086427 0.416224
vn 0.895175 0.170923 0.411640
vn 0.968272 0.086240 0.234547
vn 0.996311 0.085820 0.000001
vn 0.985645 0.168834 0.000001
vn 0.957878 0.169265 0.231989
vn 0.809330 0.262007 -0.525678
vn 0.928223 0.256230 -0.269717
vn 0.607468 0.269802 -0.747121
vn 0.375688 0.273578 -0.885446
vn 0.268077 0.273275 -0.923827
vn 0.425126 0.291200 0.857013
vn 0.243645 0.309589 0.919126
vn 0.647841 0.265811 0.713895
vn 0.780965 0.262966 0.566518
vn 0.878310 0.255828 0.403885
vn 0.967169 0.254134 0.000001
vn 0.940358 0.255231 0.224908
vn 0.955754 0.086589 -0.281133
vn 0.832148 0.088701 -0.547414
vn 0.822719 0.174164 -0.541110
vn 0.945362 0.170264 -0.278030
vn 0.623146 0.091527 -0.776732
vn 0.615709 0.179315 -0.767300
vn 0.383581 0.092889 -0.918824
vn 0.379432 0.182192 -0.907104
vn 0.224679 0.091001 -0.970174
vn 0.224648 0.178977 -0.957862
vn 0.173897 0.089000 -0.980734
vn 0.175886 0.171497 -0.969357
vn -0.221385 -0.042252 0.974271
vn 0.023172 -0.072996 0.997063
vn 0.015105 0.122548 0.992348
vn -0.229380 0.138564 0.963423
vn 0.428635 -0.038039 0.902677
vn 0.421652 0.125421 0.898042
vn 0.655285 0.052729 0.753539
vn 0.653621 0.159681 0.739785
vn 0.803161 0.089017 0.589074
vn 0.793914 0.175341 0.582199
vn 0.905145 0.086427 0.416224
vn 0.895175 0.170923 0.411640
vn 0.968272 0.086240 0.234547
vn 0.996311 0.085820 0.000001
vn 0.985644 0.168834 0.000001
vn 0.957878 0.169265 0.231989
vn 0.809329 0.262007 -0.525679
vn 0.928224 0.256230 -0.269717
vn 0.607467 0.269802 -0.747121
vn 0.375687 0.273578 -0.885446
vn 0.225143 0.268384 -0.936632
vn 0.176664 0.262279 -0.948683
vn 0.007706 0.320808 0.947113
vn -0.229854 0.313795 0.921249
vn 0.425125 0.291200 0.857013
vn 0.647841 0.265811 0.713895
vn 0.780966 0.262966 0.566517
vn 0.878310 0.255828 0.403885
vn 0.967169 0.254134 0.000001
vn 0.940358 0.255231 0.224908
vn 0.159279 0.409513 -0.898292
vn 0.159279 0.409513 -0.898292
vn 0.159279 0.409513 -0.898292
vn 0.159279 0.409513 -0.898292
vn 0.000000 -1.000000 0.000000
vn 0.000000 -1.000000 0.000000
vn 0.000000 -1.000000 -0.000000
vn 0.000000 -1.000000 -0.000000
vn 0.000000 -1.000000 -0.000000
vn 0.000000 -1.000000 -0.000000
vn 0.000000 -1.000000 -0.000000
vn 0.000000 -1.000000 -0.000000
vn 0.000000 -1.000000 -0.000000
vn 0.000000 -1.000000 -0.000000
vn 0.000000 -1.000000 -0.000000
vn 0.000000 -1.000000 -0.000000
vn 0.000000 -1.000000 -0.000001
vn 0.000000 -1.000000 -0.000001
vn 0.000000 -1.000000 -0.000000
vn 0.000000 -1.000000 -0.000001
vn 0.000000 1.000000 -0.000001
vn 0.000000 1.000000 -0.000001
vn 0.000000 1.000000 -0.000001
vn 0.000000 1.000000 -0.000001
vn 0.000000 1.000000 0.000001
vn 0.000000 1.000000 0.000001
vn 0.000000 0.000000 0.000000
vn 0.000000 0.000000 0.000000
vn 0.000000 -1.000000 0.000000
vn 0.000000 -1.000000 0.000000
vn 0.000000 -1.000000 0.000000
vn 0.000000 -1.000000 0.000000
vn 0.000000 -1.000000 0.000000
vn 0.000000 -1.000000 0.000000
vn 0.000000 -1.000000 0.000000
vn 0.000000 -1.000000 0.000000
vn 0.000000 -1.000000 0.000000
vn 0.000000 -1.000000 0.000000
vn 0.000000 -1.000000 0.000000
vn 0.000000 -1.000000 0.000000
vn 0.000000 -1.000000 0.000000
vn 0.000000 -1.000000 0.000000
vn 0.000000 -1.000000 0.000000
vn 0.000000 -1.000000 -0.000000
vn 0.000000 -1.000000 0.000000
vn 0.000000 -1.000000 0.000000
vn 0.000000 -1.000000 0.000000
vn 0.000000 -1.000000 0.000000
vn 0.000000 -1.000000 0.000000
vn 0.000000 -1.000000 0.000000
vn 0.000000 -1.000000 0.000000
vn 0.000000 -1.000000 0.000000
vn 0.000000 -1.000000 -0.000000
vn 0.000000 -1.000000 -0.000000
vn 0.000000 -1.000000 0.000000
vn 0.000000 -1.000000 0.000000
vn 0.000000 -1.000000 0.000000
vn 0.000000 -1.000000 0.000000
vn 0.000000 -1.000000 0.000000
vn 0.000000 -1.000000 0.000000
vn 0.000000 -0.000000 -0.000000
vn 0.000000 -0.000000 -0.000000
vn 0.000000 -1.000000 -0.000001
vn 0.000000 -1.000000 -0.000001
vn 0.000000 -1.000000 0.000001
vn 0.000000 -1.000000 0.000001
vn 0.000000 -1.000000 0.000001
vn 0.000000 -1.000000 0.000001
vn 0.000000 -1.000000 0.000000
vn 0.000000 -1.000000 0.000000
vn 0.000000 -1.000000 0.000000
vn 0.000000 -1.000000 0.000000
vn 0.000000 -1.000000 0.000000
vn 0.000000 -1.000000 0.000000
vn 0.000000 -1.000000 -0.000000
vn 0.000000 -1.000000 -0.000000
vn 0.000000 -1.000000 -0.000000
vn 0.000000 -1.000000 -0.000000
vn 0.000000 -1.000000 -0.000000
vn 0.000000 -1.000000 -0.000000
vn 0.000000 0.000000 1.000000
vn 0.000000 0.000000 1.000000
vn 0.000000 0.000000 1.000000
vn 0.000000 0.000000 1.000000
vn 0.000000 0.000000 1.000000
vn 0.000000 0.000000 1.000000
vn 0.000000 0.000000 1.000000
vn 0.000000 0.000000 1.000000
vn 0.000000 0.000000 -1.000000
vn 0.000000 0.000000 -1.000000
vn 0.000000 0.000000 -1.000000
vn 0.000000 0.000000 -1.000000
vn -0.000000 0.000000 -1.000000
vn -0.000000 0.000000 -1.000000
vn -0.000000 0.000000 -1.000000
vn -0.000000 0.000000 -1.000000
vn -1.000000 0.000000 0.000000
vn -1.000000 0.000000 0.000000
vn -1.000000 0.000000 0.000000
vn -1.000000 0.000000 0.000000
vn 0.000000 -1.000000 0.000000
vn 0.000000 -1.000000 0.000000
vn 0.000000 -1.000000 0.000000
vn 0.000000 -1.000000 0.000000
vn 1.000000 0.000000 0.000000
vn 1.000000 0.000000 0.000000
vn 1.000000 0.000000 0.000000
vn 1.000000 0.000000 0.000000
vn 0.000000 0.999774 -0.021243
vn 0.000000 0.999774 -0.021243
vn 0.000000 0.999774 -0.021243
vn 0.000000 0.999774 -0.021243
vn 0.000000 -1.000000 0.000000
vn 0.000000 -1.000000 0.000000
vn 0.000000 -1.000000 0.000000
vn 0.000000 -1.000000 0.000000
vn -1.000000 0.000000 0.000000
vn -1.000000 0.000000 0.000000
vn -1.000000 0.000000 0.000000
vn -1.000000 0.000000 0.000000
vn 1.000000 0.000000 0.000000
vn 1.000000 0.000000 0.000000
vn 1.000000 0.000000 0.000000
vn 1.000000 0.000000 0.000000
vn 0.000000 1.000000 0.000000
vn 0.000000 1.000000 0.000000
vn 0.000000 1.000000 0.000000
vn 0.000000 1.000000 0.000000
vn 0.003824 -0.018850 0.999815
vn 0.000000 0.000000 1.000000
vn 0.000000 0.000000 1.000000
vn 0.003824 -0.018850 0.999815
vn 0.003824 -0.018850 0.999815
vn -0.000000 0.000000 -1.000000
vn -0.000000 0.000000 -1.000000
vn -0.000000 0.000000 -1.000000
vn -0.000000 0.000000 -1.000000
vn -0.000000 0.000000 -1.000000
vn 0.312246 -0.865950 0.390681
vn 0.354034 -0.841700 0.407678
vn 0.330339 -0.885544 0.326631
vn 0.359095 -0.896902 0.258104
vn 0.318972 -0.911614 0.259263
vn 0.221170 -0.961190 0.164917
vn 0.291616 -0.939371 0.180397
vn 0.223874 -0.931155 0.287802
vn 0.320443 -0.928548 0.187390
vn 0.312229 -0.944814 0.099196
vn 0.317582 -0.943326 0.096318
vn 0.317582 -0.943326 -0.096318
vn 0.328144 -0.939157 -0.101519
vn 0.310999 -0.932697 -0.182635
vn 0.387173 -0.887655 -0.249329
vn 0.320443 -0.928548 -0.187390
vn 0.223874 -0.931155 -0.287802
vn 0.353636 -0.878472 -0.321293
vn 0.221170 -0.961190 -0.164917
vn 0.318972 -0.911614 -0.259263
vn 0.370965 -0.831066 -0.414385
vn 0.312247 -0.865950 -0.390681
vn 1.000000 0.000000 0.000000
vn 1.000000 0.000000 0.000000
vn 1.000000 0.000000 0.000000
vn 1.000000 0.000000 0.000000
vn 1.000000 0.000000 0.000000
vn 1.000000 0.000000 0.000000
vn 1.000000 0.000000 0.000000
vn 1.000000 0.000000 0.000000
vn 1.000000 0.000000 0.000000
vn 1.000000 0.000000 0.000000
vn 1.000000 0.000000 0.000000
vn 1.000000 0.000000 0.000000
vn 1.000000 0.000000 0.000000
vn 1.000000 0.000000 0.000000
vn 1.000000 0.000000 0.000000
vn 1.000000 -0.000001 0.000000
vn 1.000000 -0.000001 0.000000
vn 0.000000 1.000000 0.000000
vn 0.000000 1.000000 0.000000
vn 0.000000 1.000000 0.000000
vn 0.000000 1.000000 0.000000
vn 0.224618 -0.915572 0.333579
vn 0.215192 -0.853788 0.474066
vn 0.312340 -0.949970 0.000000
vn 0.323970 -0.946067 0.000000
vn 0.220375 -0.973125 0.066807
vn 0.221032 -0.963685 0.149854
vn 0.220108 -0.975475 0.000000
vn 0.220375 -0.973125 -0.066808
vn 0.221032 -0.963685 -0.149854
vn 0.215192 -0.853788 -0.474066
vn 0.224618 -0.915572 -0.333579
vn -1.000000 0.000001 0.000000
vn -1.000000 0.000001 0.000000
vn -1.000000 0.000001 0.000000
vn -1.000000 0.000001 0.000000
vn -1.000000 0.000000 0.000000
vn -1.000000 0.000001 0.000000
vn -1.000000 0.000001 0.000000
vn -1.000000 0.000001 0.000000
vn -1.000000 0.000001 0.000000
vn -1.000000 0.000001 0.000000
vn -1.000000 0.000001 0.000000
vn -1.000000 0.000001 0.000000
vn -1.000000 0.000000 0.000000
vn 0.308171 -0.791838 0.527279
vn 0.306544 -0.781548 0.543336
vn 0.271067 -0.782994 0.559859
vn 0.216566 -0.816405 0.535334
vn 0.227053 -0.807164 -0.544916
vn 0.284138 -0.815613 -0.504025
vn 0.288555 -0.821529 -0.491758
vn 0.196941 -0.817475 -0.541248
vn -0.000000 0.000000 -1.000000
vn 0.000000 0.000000 -1.000000
vn -0.000000 0.000000 -1.000000
vn 0.000000 0.000000 1.000000
vn 0.000000 0.000000 1.000000
vn 0.000000 0.000000 1.000000
vn 0.000000 0.000000 1.000000
vn 0.000000 -1.000000 0.000000
vn 0.000000 -1.000000 0.000000
vn 0.000000 -1.000000 0.000000
vn 0.000000 -1.000000 0.000000
vn 0.000000 1.000000 0.000000
vn 0.000000 1.000000 0.000000
vn 0.000000 1.000000 0.000000
vn 0.000000 1.000000 0.000000
vn 0.000000 0.000000 -1.000000
vn 0.000000 0.000000 -1.000000
vn 0.000000 0.000000 -1.000000
vn 0.000000 0.000000 -1.000000
vn -0.000000 0.000000 -1.000000
vn -0.000000 0.000000 -1.000000
vn -0.000000 0.000000 -1.000000
vn -0.000000 0.000000 -1.000000
vn 0.000000 1.000000 0.000000
vn 0.000000 1.000000 0.000000
vn 0.000000 1.000000 0.000000
vn 0.000000 1.000000 0.000000
vn 0.000000 -1.000000 0.000000
vn 0.000000 -1.000000 0.000000
vn 0.000000 -1.000000 0.000000
vn 0.000000 -1.000000 0.000000
vn 0.000000 0.000000 1.000000
vn 0.000000 0.000000 1.000000
vn 0.000000 0.000000 1.000000
vn 0.000000 0.000000 1.000000
vn -1.000000 0.000000 0.000000
vn -1.000000 0.000000 0.000000
vn -1.000000 0.000000 0.000000
vn -1.000000 0.000000 0.000000
vn -1.000000 0.000000 0.000000
vn -1.000000 0.000000 0.000000
vn -1.000000 0.000000 0.000000
vn -1.000000 0.000000 0.000000
vn 1.000000 0.000000 0.000000
vn 1.000000 0.000000 0.000000
vn 1.000000 0.000000 0.000000
vn 1.000000 0.000000 0.000000
vn 1.000000 0.000000 0.000000
vn 1.000000 0.000000 0.000000
vn 1.000000 0.000000 0.000000
vn 1.000000 0.000000 0.000000
vn 0.000000 0.000000 -1.000000
vn 0.000000 0.000000 -1.000000
vn 0.000000 0.000000 -1.000000
vn 0.000000 0.000000 -1.000000
vn 0.000000 1.000000 0.000000
vn 0.000000 1.000000 0.000000
vn 0.000000 1.000000 0.000000
vn 0.000000 1.000000 0.000000
vn 0.000000 0.000000 1.000000
vn 0.000000 0.000000 1.000000
vn 0.000000 0.000000 1.000000
vn 0.000000 0.000000 1.000000
vn 0.000000 -1.000000 0.000000
vn 0.000000 -1.000000 0.000000
vn 0.000000 -1.000000 0.000000
vn 0.000000 -1.000000 0.000000
vn 1.000000 0.000000 0.000000
vn 1.000000 0.000000 0.000000
vn 1.000000 0.000000 0.000000
vn 1.000000 0.000000 0.000000
vn -1.000000 0.000000 0.000000
vn -1.000000 0.000000 0.000000
vn -1.000000 0.000000 0.000000
vn -1.000000 0.000000 0.000000
vn 0.000000 0.000000 1.000000
vn 0.000000 0.000000 1.000000
vn 0.000000 0.000000 1.000000
vn 0.000000 0.000000 1.000000
vn 0.000000 1.000000 0.000000
vn 0.000000 1.000000 0.000000
vn 0.000000 1.000000 0.000000
vn 0.000000 1.000000 0.000000
vn 0.000000 0.000000 -1.000000
vn 0.000000 0.000000 -1.000000
vn 0.000000 0.000000 -1.000000
vn 0.000000 0.000000 -1.000000
vn 0.000000 -1.000000 0.000000
vn 0.000000 -1.000000 0.000000
vn 0.000000 -1.000000 0.000000
vn 0.000000 -1.000000 0.000000
vn 1.000000 0.000000 0.000000
vn 1.000000 0.000000 0.000000
vn 1.000000 0.000000 0.000000
vn 1.000000 0.000000 0.000000
vn -1.000000 0.000000 0.000000
vn -1.000000 0.000000 0.000000
vn -1.000000 0.000000 0.000000
vn -1.000000 0.000000 0.000000
vn 0.000000 0.000000 1.000000
vn 0.000000 0.000000 1.000000
vn 0.000000 0.000000 1.000000
vn 0.000000 0.000000 1.000000
vn 0.000000 1.000000 0.000000
vn 0.000000 1.000000 0.000000
vn 0.000000 1.000000 0.000000
vn 0.000000 1.000000 0.000000
vn 0.000000 0.000000 -1.000000
vn 0.000000 0.000000 -1.000000
vn 0.000000 0.000000 -1.000000
vn 0.000000 0.000000 -1.000000
vn 0.000000 -1.000000 0.000000
vn 0.000000 -1.000000 0.000000
vn 0.000000 -1.000000 0.000000
vn 0.000000 -1.000000 0.000000
vn 1.000000 0.000000 0.000000
vn 1.000000 0.000000 0.000000
vn 1.000000 0.000000 0.000000
vn 1.000000 0.000000 0.000000
vn -1.000000 0.000000 0.000000
vn -1.000000 0.000000 0.000000
vn -1.000000 0.000000 0.000000
vn -1.000000 0.000000 0.000000
vn -0.368327 -0.929696 0.000000
vn -0.368327 -0.929696 0.000000
vn -1.000000 0.000000 0.000000
vn -1.000000 0.000000 0.000000
vn -0.922547 0.385886 0.000000
vn -0.922547 0.385886 0.000000
vn -0.730322 0.683104 0.000000
vn -0.730322 0.683104 0.000000
vn -0.491480 0.870889 0.000000
vn -0.491480 0.870889 0.000000
vn -0.244708 0.969597 0.000000
vn -0.244708 0.969597 0.000000
vn 0.000000 1.000000 0.000000
vn 0.000000 1.000000 0.000000
vn 0.122105 0.992517 0.000000
vn 0.122105 0.992517 0.000000
vn 0.000000 -1.000000 0.000000
vn 0.000000 -1.000000 0.000000
vn 0.000000 -1.000000 0.000000
vn 0.000000 -1.000000 0.000000
vn -0.000491 1.000000 0.000436
vn -0.106905 0.989726 0.094939
vn 0.106905 0.989726 0.094939
vn 0.000491 1.000000 0.000436
vn -0.195962 0.965008 0.174234
vn 0.195958 0.965009 0.174234
vn 0.000000 0.841631 0.540053
vn 0.000000 0.841630 0.540055
vn 0.000000 0.726370 0.687304
vn 0.000000 0.726370 0.687303
vn 0.000000 0.579408 0.815037
vn 0.000000 0.579407 0.815039
vn 0.000000 0.404164 0.914687
vn 0.000000 0.404168 0.914685
vn 0.000000 0.207710 0.978191
vn 0.000000 0.207712 0.978190
vn 0.000000 0.017410 0.999848
vn 0.000000 0.017410 0.999848
vn 0.000000 0.000000 1.000000
vn 0.000000 0.000000 1.000000
vn 0.000491 1.000000 -0.000436
vn -0.000491 1.000000 -0.000436
vn 0.000000 0.017408 -0.999849
vn 0.000000 0.017407 -0.999849
vn 0.000000 0.000000 -1.000000
vn 0.000000 0.000000 -1.000000
vn 1.000000 0.000000 0.000000
vn 1.000000 0.000000 0.000000
vn 0.999804 0.019788 0.000000
vn 0.999804 0.019788 0.000000
vn -1.000000 0.000000 0.000000
vn -1.000000 0.000000 0.000000
vn -0.999804 0.019776 0.000000
vn -0.999804 0.019777 0.000000
vn 0.972087 0.234621 0.000000
vn 0.972087 0.234621 0.000000
vn 0.893596 0.448873 0.000000
vn 0.893596 0.448872 0.000000
vn 0.777737 0.628590 0.000000
vn 0.777737 0.628590 0.000000
vn 0.639737 0.768594 0.000000
vn 0.639737 0.768594 0.000000
vn 0.491510 0.870872 0.000000
vn 0.491510 0.870872 0.000000
vn 0.195962 0.965008 -0.174234
vn 0.106906 0.989726 -0.094945
vn -0.972083 0.234639 0.000000
vn -0.972082 0.234639 0.000000
vn -0.893546 0.448972 0.000000
vn -0.893546 0.448971 0.000000
vn -0.777724 0.628606 0.000000
vn -0.777724 0.628606 0.000000
vn -0.639772 0.768565 0.000000
vn -0.639772 0.768565 0.000000
vn -0.491511 0.870871 0.000000
vn -0.491511 0.870871 0.000000
vn -0.195967 0.965008 -0.174233
vn -0.106905 0.989726 -0.094945
vn 0.000000 0.207700 -0.978193
vn 0.000000 0.207702 -0.978192
vn 0.000000 0.404169 -0.914684
vn 0.000000 0.404174 -0.914682
vn 0.000000 0.579420 -0.815029
vn 0.000000 0.579418 -0.815031
vn 0.000000 0.726375 -0.687298
vn 0.000000 0.726376 -0.687298
vn 0.000000 0.841631 -0.540053
vn 0.000000 0.841630 -0.540055
vn 0.000000 0.000000 1.000000
vn 0.000000 0.000000 1.000000
vn 0.000000 0.000000 1.000000
vn 0.000000 0.000000 1.000000
vn 0.000000 1.000000 0.000000
vn 0.000000 1.000000 0.000000
vn 0.000000 1.000000 0.000000
vn 0.000000 1.000000 0.000000
vn 0.000000 0.000000 -1.000000
vn 0.000000 0.000000 -1.000000
vn 0.000000 0.000000 -1.000000
vn 0.000000 0.000000 -1.000000
vn 0.000000 -1.000000 0.000000
vn 0.000000 -1.000000 0.000000
vn 0.000000 -1.000000 0.000000
vn 0.000000 -1.000000 0.000000
vn 1.000000 0.000000 0.000000
vn 1.000000 0.000000 0.000000
vn 1.000000 0.000000 0.000000
vn 1.000000 0.000000 0.000000
vn -1.000000 0.000000 0.000000
vn -1.000000 0.000000 0.000000
vn -1.000000 0.000000 0.000000
vn -1.000000 0.000000 0.000000
vn 0.000000 0.000000 1.000000
vn 0.000000 0.000000 1.000000
vn 0.000000 0.000000 1.000000
vn 0.000000 0.000000 1.000000
vn 0.000000 1.000000 0.000000
vn 0.000000 1.000000 0.000000
vn 0.000000 1.000000 0.000000
vn 0.000000 1.000000 0.000000
vn 0.000000 0.000000 -1.000000
vn 0.000000 0.000000 -1.000000
vn 0.000000 0.000000 -1.000000
vn 0.000000 0.000000 -1.000000
vn 0.000000 -1.000000 0.000000
vn 0.000000 -1.000000 0.000000
vn 0.000000 -1.000000 0.000000
vn 0.000000 -1.000000 0.000000
vn 1.000000 0.000000 0.000000
vn 1.000000 0.000000 0.000000
vn 1.000000 0.000000 0.000000
vn 1.000000 0.000000 0.000000
vn -1.000000 0.000000 0.000000
vn -1.000000 0.000000 0.000000
vn -1.000000 0.000000 0.000000
vn -1.000000 0.000000 0.000000
vn 0.000000 1.000000 0.000000
vn 0.000000 1.000000 0.000000
vn 0.000000 1.000000 0.000000
vn 0.000000 1.000000 0.000000
vn 1.000000 0.000000 0.000000
vn 1.000000 0.000000 0.000000
vn 1.000000 0.000000 0.000000
vn 1.000000 0.000000 0.000000
vn 0.000000 -1.000000 0.000000
vn 0.000000 -1.000000 0.000000
vn 0.000000 -1.000000 0.000000
vn 0.000000 -1.000000 0.000000
vn 0.000000 0.000000 -1.000000
vn 0.000000 0.000000 -1.000000
vn 0.000000 0.000000 -1.000000
vn 0.000000 0.000000 -1.000000
vn 0.000000 1.000000 0.000000
vn 0.000000 1.000000 0.000000
vn 0.000000 1.000000 0.000000
vn 0.000000 1.000000 0.000000
vn 0.000000 0.000000 -1.000000
vn 0.000000 0.000000 -1.000000
vn 0.000000 0.000000 -1.000000
vn 0.000000 0.000000 -1.000000
vn 0.000000 -1.000000 0.000000
vn 0.000000 -1.000000 0.000000
vn 0.000000 -1.000000 0.000000
vn 0.000000 -1.000000 0.000000
vn 0.000000 1.000000 0.000000
vn 0.000000 1.000000 0.000000
vn 0.000000 1.000000 0.000000
vn 0.000000 1.000000 0.000000
vn -1.000000 0.000000 0.000000
vn -1.000000 0.000000 0.000000
vn -1.000000 0.000000 0.000000
vn -1.000000 0.000000 0.000000
vn 0.000000 -1.000000 0.000000
vn 0.000000 -1.000000 0.000000
vn 0.000000 -1.000000 0.000000
vn 0.000000 -1.000000 0.000000
vn 0.000000 1.000000 0.000000
vn 0.000000 1.000000 0.000000
vn 0.000000 1.000000 0.000000
vn 0.000000 1.000000 0.000000
vn 0.000000 0.000000 1.000000
vn 0.000000 0.000000 1.000000
vn 0.000000 0.000000 1.000000
vn 0.000000 0.000000 1.000000
vn 0.000000 -1.000000 0.000000
vn 0.000000 -1.000000 0.000000
vn 0.000000 -1.000000 0.000000
vn 0.000000 -1.000000 0.000000
vn 0.000000 1.000000 -0.000000
vn 0.000000 1.000000 -0.000000
vn 0.000000 1.000000 -0.000000
vn 0.000000 1.000000 -0.000000
vn -0.999961 0.000000 0.008782
vn -0.999961 0.000000 0.008782
vn -0.999448 0.000000 0.033228
vn -0.999448 0.000000 0.033228
vn 0.000000 -1.000000 -0.000000
vn 0.000000 -1.000000 -0.000000
vn 0.000000 -1.000000 -0.000001
vn 0.000000 -1.000000 -0.000001
vn 0.000000 -1.000000 -0.000001
vn 0.000000 -1.000000 -0.000001
vn -0.994806 0.000000 0.101793
vn -0.994806 0.000000 0.101793
vn 0.000000 1.000000 0.000000
vn 0.000000 1.000000 0.000000
vn 0.000000 -1.000000 -0.000001
vn 0.000000 -1.000000 -0.000001
vn -0.978443 0.000000 0.206517
vn -0.978443 0.000000 0.206517
vn 0.000000 1.000000 -0.000000
vn 0.000000 1.000000 -0.000000
vn 0.000000 -1.000000 -0.000000
vn 0.000000 -1.000000 -0.000000
vn -0.940291 0.000000 0.340371
vn -0.940291 0.000000 0.340371
vn 0.000000 1.000000 0.000000
vn 0.000000 1.000000 0.000000
vn 0.000000 -1.000000 0.000000
vn 0.000000 -1.000000 0.000000
vn -0.869454 0.000000 0.494014
vn -0.869454 0.000000 0.494014
vn 0.000000 1.000000 0.000001
vn 0.000000 1.000000 0.000001
vn 0.000000 -1.000000 -0.000001
vn 0.000000 -1.000000 -0.000001
vn -0.758098 0.000000 0.652141
vn -0.758098 0.000000 0.652141
vn 0.000000 1.000000 -0.000000
vn 0.000000 1.000000 -0.000000
vn 0.000000 -1.000000 -0.000000
vn 0.000000 -1.000000 0.000000
vn -0.608451 0.000000 0.793591
vn -0.608451 0.000000 0.793591
vn 0.000000 1.000000 0.000001
vn 0.000000 1.000000 0.000001
vn 0.000000 -1.000000 0.000001
vn 0.000000 -1.000000 0.000001
vn -0.437489 0.000000 0.899224
vn -0.437489 0.000000 0.899224
vn 0.000000 1.000000 0.000001
vn 0.000000 1.000000 0.000001
vn 0.000000 -1.000000 0.000000
vn 0.000000 -1.000000 0.000000
vn -0.271554 0.000000 0.962423
vn -0.271554 0.000000 0.962423
vn 0.000000 1.000000 0.000001
vn 0.000000 1.000000 0.000001
vn 0.000000 -1.000000 0.000000
vn 0.000000 -1.000000 0.000000
vn -0.135010 0.000000 0.990844
vn -0.135010 0.000000 0.990844
vn 0.000000 1.000000 0.000002
vn 0.000000 1.000000 0.000002
vn 0.000000 -1.000000 0.000000
vn 0.000000 -1.000000 0.000000
vn -0.044342 0.000000 0.999016
vn -0.044342 0.000000 0.999016
vn 0.000000 1.000000 0.000001
vn 0.000000 1.000000 0.000001
vn 0.000000 -1.000000 0.000000
vn 0.000000 -1.000000 0.000000
vn -0.011906 0.000000 0.999929
vn -0.011906 0.000000 0.999929
vn 0.000000 1.000000 0.000000
vn 0.000000 1.000000 0.000000
vn 0.000000 1.000000 0.000000
vn 0.000000 1.000000 0.000000
vn 0.000000 1.000000 0.000001
vn 0.000000 1.000000 0.000001
vn -0.011580 0.000000 -0.999933
vn -0.011580 0.000000 -0.999933
vn -0.043085 0.000000 -0.999071
vn -0.043085 0.000000 -0.999071
vn 0.000000 -1.000000 0.000000
vn 0.000000 -1.000000 0.000000
vn 0.000000 -1.000000 -0.000001
vn 0.000000 -1.000000 -0.000001
vn 0.000000 -1.000000 -0.000001
vn 0.000000 -1.000000 -0.000001
vn -0.131065 0.000000 -0.991374
vn -0.131065 0.000000 -0.991374
vn 0.000000 1.000000 0.000001
vn 0.000000 1.000000 0.000001
vn 0.000000 -1.000000 0.000000
vn 0.000000 -1.000000 0.000000
vn -0.263548 0.000000 -0.964646
vn -0.263548 0.000000 -0.964646
vn 0.000000 1.000000 -0.000002
vn 0.000000 1.000000 -0.000002
vn 0.000000 -1.000000 -0.000001
vn 0.000000 -1.000000 -0.000001
vn -0.425304 0.000000 -0.905051
vn -0.425304 0.000000 -0.905051
vn 0.000000 1.000000 -0.000002
vn 0.000000 1.000000 -0.000002
vn 0.000000 -1.000000 0.000000
vn 0.000000 -1.000000 -0.000000
vn -0.594088 0.000000 -0.804400
vn -0.594088 0.000000 -0.804400
vn 0.000000 1.000000 0.000001
vn 0.000000 1.000000 0.000001
vn 0.000000 -1.000000 0.000001
vn 0.000000 -1.000000 0.000001
vn -0.744930 0.000000 -0.667143
vn -0.744930 0.000000 -0.667143
vn 0.000000 1.000000 0.000000
vn 0.000000 1.000000 0.000000
vn 0.000000 -1.000000 0.000000
vn 0.000000 -1.000000 0.000000
vn -0.860077 0.000000 -0.510164
vn -0.860077 0.000000 -0.510164
vn 0.000000 1.000000 -0.000001
vn 0.000000 1.000000 -0.000001
vn 0.000000 -1.000000 -0.000001
vn 0.000000 -1.000000 -0.000001
vn -0.935139 0.000000 -0.354282
vn -0.935139 0.000000 -0.354282
vn 0.000000 1.000000 0.000001
vn 0.000000 1.000000 0.000000
vn 0.000000 -1.000000 -0.000000
vn 0.000000 -1.000000 -0.000000
vn -0.976359 0.000000 -0.216157
vn -0.976359 0.000000 -0.216157
vn 0.000000 1.000000 0.000000
vn 0.000000 1.000000 0.000000
vn 0.000000 -1.000000 0.000001
vn 0.000000 -1.000000 0.000002
vn -0.994267 0.000000 -0.106930
vn -0.994267 0.000000 -0.106930
vn 0.000000 1.000000 -0.000000
vn 0.000000 1.000000 -0.000000
vn 0.000000 -1.000000 0.000002
vn 0.000000 -1.000000 0.000002
vn -0.999387 0.000000 -0.035019
vn -0.999387 0.000000 -0.035019
vn 0.000000 1.000000 -0.000000
vn 0.000000 1.000000 -0.000000
vn 0.000000 -1.000000 0.000001
vn 0.000000 -1.000000 0.000001
vn -0.999957 0.000000 -0.009289
vn -0.999957 0.000000 -0.009289
vn 0.000000 1.000000 -0.000000
vn 0.000000 1.000000 -0.000000
vn 0.000326 -1.000000 -0.000475
vn 0.000326 -1.000000 -0.000475
vn 0.000657 -0.999999 -0.001047
vn 0.000666 -0.999999 -0.001063
vn 0.999945 0.000528 0.010487
vn 0.999945 0.000528 0.010487
vn 0.999224 0.001037 0.039367
vn 0.999224 0.001037 0.039380
vn -0.000327 1.000000 0.000478
vn -0.000327 1.000000 0.000478
vn -0.000668 0.999999 0.001063
vn -0.000658 0.999999 0.001047
vn -0.001414 0.999996 0.002504
vn -0.001397 0.999996 0.002469
vn 0.992814 0.001928 0.119654
vn 0.992810 0.001928 0.119689
vn 0.001396 -0.999996 -0.002470
vn 0.001412 -0.999996 -0.002503
vn -0.002320 0.999989 0.004181
vn -0.002300 0.999989 0.004147
vn 0.970756 0.002443 0.240055
vn 0.970746 0.002443 0.240097
vn 0.002298 -0.999989 -0.004146
vn 0.002318 -0.999989 -0.004179
vn -0.003383 0.999979 0.005584
vn -0.003363 0.999979 0.005564
vn 0.921406 0.002373 0.388595
vn 0.921391 0.002373 0.388630
vn 0.003362 -0.999979 -0.005563
vn 0.003381 -0.999979 -0.005583
vn -0.004457 0.999970 0.006344
vn -0.004446 0.999970 0.006340
vn 0.835487 0.001667 0.549508
vn 0.835471 0.001666 0.549532
vn 0.004446 -0.999970 -0.006342
vn 0.004455 -0.999970 -0.006346
vn -0.005268 0.999967 0.006268
vn -0.005268 0.999967 0.006268
vn 0.711222 0.000491 0.702968
vn 0.711202 0.000490 0.702987
vn 0.005267 -0.999967 -0.006270
vn 0.005266 -0.999967 -0.006270
vn -0.005494 0.999970 0.005417
vn -0.005492 0.999970 0.005404
vn 0.558142 -0.000780 0.829745
vn 0.558113 -0.000780 0.829765
vn 0.005492 -0.999970 -0.005404
vn 0.005493 -0.999970 -0.005419
vn -0.004949 0.999979 0.004111
vn -0.004929 0.999980 0.004081
vn 0.395232 -0.001702 0.918580
vn 0.395189 -0.001702 0.918598
vn 0.004928 -0.999980 -0.004082
vn 0.004949 -0.999979 -0.004112
vn -0.003740 0.999989 0.002761
vn -0.003701 0.999990 0.002727
vn 0.243828 -0.002000 0.969816
vn 0.243778 -0.002000 0.969829
vn 0.003700 -0.999990 -0.002730
vn 0.003739 -0.999989 -0.002764
vn -0.002233 0.999996 0.001634
vn -0.002194 0.999996 0.001609
vn 0.121282 -0.001670 0.992617
vn 0.121244 -0.001670 0.992621
vn 0.002194 -0.999996 -0.001612
vn 0.002234 -0.999996 -0.001638
vn -0.000938 0.999999 0.000756
vn -0.000920 0.999999 0.000743
vn 0.039920 -0.000918 0.999202
vn 0.039906 -0.000918 0.999203
vn 0.000922 -0.999999 -0.000745
vn 0.000941 -0.999999 -0.000759
vn -0.000414 1.000000 0.000370
vn -0.000414 1.000000 0.000370
vn 0.010718 -0.000471 0.999942
vn 0.010718 -0.000471 0.999942
vn 0.000417 -1.000000 -0.000372
vn 0.000417 -1.000000 -0.000372
vn 0.000000 1.000000 0.000000
vn 0.000000 1.000000 0.000000
vn 0.000000 1.000000 0.000000
vn 0.000000 1.000000 0.000000
vn 1.000000 0.000000 0.000000
vn 1.000000 0.000000 0.000000
vn 1.000000 0.000000 0.000000
vn 1.000000 0.000000 0.000000
vn 0.000000 -1.000000 0.000000
vn 0.000000 -1.000000 0.000000
vn 0.000000 -1.000000 0.000000
vn 0.000000 -1.000000 0.000000
vn 0.000000 0.000000 1.000000
vn 0.000000 0.000000 1.000000
vn 0.000000 0.000000 1.000000
vn 0.000000 0.000000 1.000000
vn 0.000000 1.000000 0.000000
vn 0.000000 1.000000 0.000000
vn 0.000000 1.000000 0.000000
vn 0.000000 1.000000 0.000000
vn 0.000000 0.000000 -1.000000
vn 0.000000 0.000000 -1.000000
vn 0.000000 0.000000 -1.000000
vn 0.000000 0.000000 -1.000000
vn -1.000000 0.000000 0.000000
vn -1.000000 0.000000 0.000000
vn -1.000000 0.000000 0.000000
vn -1.000000 0.000000 0.000000
vn 0.000416 -1.000000 0.000372
vn 0.000416 -1.000000 0.000372
vn 0.000920 -0.999999 0.000745
vn 0.000939 -0.999999 0.000759
vn 0.010740 -0.000469 -0.999942
vn 0.010740 -0.000469 -0.999942
vn 0.040029 -0.000910 -0.999198
vn 0.040015 -0.000910 -0.999199
vn -0.000414 1.000000 -0.000370
vn -0.000414 1.000000 -0.000370
vn -0.000937 0.999999 -0.000758
vn -0.000919 0.999999 -0.000744
vn -0.002230 0.999996 -0.001636
vn -0.002190 0.999996 -0.001611
vn 0.121621 -0.001655 -0.992575
vn 0.121583 -0.001655 -0.992580
vn 0.002192 -0.999996 0.001612
vn 0.002232 -0.999996 0.001637
vn -0.003735 0.999989 -0.002762
vn -0.003696 0.999989 -0.002728
vn 0.244510 -0.001988 -0.969645
vn 0.244460 -0.001988 -0.969657
vn 0.003696 -0.999990 0.002730
vn 0.003735 -0.999989 0.002765
vn -0.004943 0.999979 -0.004113
vn -0.004923 0.999980 -0.004083
vn 0.396271 -0.001691 -0.918132
vn 0.396228 -0.001691 -0.918151
vn 0.004921 -0.999980 0.004082
vn 0.004942 -0.999979 0.004113
vn -0.005484 0.999970 -0.005419
vn -0.005482 0.999970 -0.005405
vn 0.559386 -0.000766 -0.828907
vn 0.559357 -0.000766 -0.828926
vn 0.005482 -0.999970 0.005403
vn 0.005484 -0.999970 0.005417
vn -0.005257 0.999967 -0.006268
vn -0.005257 0.999967 -0.006268
vn 0.712408 0.000503 -0.701765
vn 0.712389 0.000502 -0.701785
vn 0.005257 -0.999967 0.006267
vn 0.005256 -0.999967 0.006267
vn -0.004447 0.999970 -0.006340
vn -0.004437 0.999970 -0.006337
vn 0.836366 0.001679 -0.548168
vn 0.836351 0.001679 -0.548192
vn 0.004436 -0.999970 0.006338
vn 0.004446 -0.999970 0.006342
vn -0.003374 0.999979 -0.005577
vn -0.003355 0.999979 -0.005557
vn 0.921903 0.002383 -0.387414
vn 0.921888 0.002383 -0.387450
vn 0.003355 -0.999979 0.005559
vn 0.003374 -0.999979 0.005579
vn -0.002313 0.999989 -0.004174
vn -0.002292 0.999989 -0.004139
vn 0.970959 0.002447 -0.239232
vn 0.970949 0.002447 -0.239274
vn 0.002294 -0.999989 0.004140
vn 0.002314 -0.999989 0.004173
vn -0.001409 0.999996 -0.002503
vn -0.001393 0.999996 -0.002469
vn 0.992867 0.001929 -0.119216
vn 0.992862 0.001929 -0.119251
vn 0.001394 -0.999996 0.002466
vn 0.001410 -0.999996 0.002499
vn -0.000666 0.999999 -0.001065
vn -0.000657 0.999999 -0.001049
vn 0.999230 0.001038 -0.039217
vn 0.999230 0.001038 -0.039230
vn 0.000657 -0.999999 0.001045
vn 0.000666 -0.999999 0.001061
vn -0.000326 1.000000 -0.000474
vn -0.000326 1.000000 -0.000474
vn 0.999945 0.000529 -0.010444
vn 0.999945 0.000529 -0.010444
vn 0.000326 -1.000000 0.000473
vn 0.000326 -1.000000 0.000473
vn 0.000000 0.000000 1.000000
vn 0.000000 0.000000 1.000000
vn 0.000000 0.000000 1.000000
vn 0.000000 0.000000 1.000000
vn 0.000000 1.000000 0.000000
vn 0.000000 1.000000 0.000000
vn 0.000000 1.000000 0.000000
vn 0.000000 1.000000 0.000000
vn 0.000000 0.000000 -1.000000
vn 0.000000 0.000000 -1.000000
vn 0.000000 0.000000 -1.000000
vn 0.000000 0.000000 -1.000000
vn 0.000000 -1.000000 0.000000
vn 0.000000 -1.000000 0.000000
vn 0.000000 -1.000000 0.000000
vn 0.000000 -1.000000 0.000000
vn 1.000000 0.000000 0.000000
vn 1.000000 0.000000 0.000000
vn 1.000000 0.000000 0.000000
vn 1.000000 0.000000 0.000000
vn -1.000000 0.000000 0.000000
vn -1.000000 0.000000 0.000000
vn -1.000000 0.000000 0.000000
vn -1.000000 0.000000 0.000000
vn 0.000000 0.000000 1.000000
vn 0.000000 0.000000 1.000000
vn 0.000000 0.000000 1.000000
vn 0.000000 0.000000 1.000000
vn 0.000000 1.000000 0.000000
vn 0.000000 1.000000 0.000000
vn 0.000000 1.000000 0.000000
vn 0.000000 1.000000 0.000000
vn 0.000000 0.000000 -1.000000
vn 0.000000 0.000000 -1.000000
vn 0.000000 0.000000 -1.000000
vn 0.000000 0.000000 -1.000000
vn 0.000000 -1.000000 0.000000
vn 0.000000 -1.000000 0.000000
vn 0.000000 -1.000000 0.000000
vn 0.000000 -1.000000 0.000000
vn 1.000000 0.000000 0.000000
vn 1.000000 0.000000 0.000000
vn 1.000000 0.000000 0.000000
vn 1.000000 0.000000 0.000000
vn -1.000000 0.000000 0.000000
vn -1.000000 0.000000 0.000000
vn -1.000000 0.000000 0.000000
vn -1.000000 0.000000 0.000000
vn -1.000000 0.000000 0.000000
vn -1.000000 0.000000 0.000000
vn -1.000000 0.000000 0.000000
vn -1.000000 0.000000 0.000000
vn 0.000000 1.000000 0.000000
vn 0.000000 1.000000 0.000000
vn 0.000000 1.000000 0.000000
vn 0.000000 1.000000 0.000000
vn 1.000000 0.000000 0.000000
vn 1.000000 0.000000 0.000000
vn 1.000000 0.000000 0.000000
vn 1.000000 0.000000 0.000000
vn 0.000000 -1.000000 0.000000
vn 0.000000 -1.000000 0.000000
vn 0.000000 -1.000000 0.000000
vn 0.000000 -1.000000 0.000000
vn 0.000000 0.000000 1.000000
vn 0.000000 0.000000 1.000000
vn 0.000000 0.000000 1.000000
vn 0.000000 0.000000 1.000000
vn 0.000000 0.000000 -1.000000
vn 0.000000 0.000000 -1.000000
vn 0.000000 0.000000 -1.000000
vn 0.000000 0.000000 -1.000000
vn 0.954654 0.000002 -0.297719
vn 0.799051 0.000001 -0.601263
vn 0.799024 0.000001 -0.601299
vn 0.955199 0.000002 -0.295964
vn 0.556626 0.000000 -0.830763
vn 0.555123 0.000000 -0.831769
vn 0.294563 -0.435112 -0.850829
vn 0.294563 -0.435112 -0.850829
vn -0.011349 -0.837405 -0.546466
vn -0.021047 -0.844248 -0.535540
vn 0.026091 -0.764927 -0.643588
vn 0.028308 -0.761967 -0.646997
vn -0.093470 -0.595088 -0.798206
vn -0.084644 -0.600823 -0.794888
vn -0.737849 0.000000 -0.674966
vn -0.735496 0.000000 -0.677529
vn -0.938533 0.000000 -0.345189
vn -0.938533 0.000000 -0.345189
vn -1.000000 0.000000 -0.000000
vn -1.000000 0.000000 -0.000000
vn -0.938533 0.000000 0.345190
vn -0.938533 0.000000 0.345190
vn -0.772351 0.000000 0.635196
vn -0.772351 0.000000 0.635196
vn -0.024804 -0.794953 0.606164
vn -0.020766 -0.797263 0.603274
vn 0.017637 -0.870300 0.492206
vn 0.019300 -0.869549 0.493469
vn -0.012168 -0.874447 0.484969
vn -0.022751 -0.880309 0.473856
vn 0.286768 -0.510334 0.810755
vn 0.286768 -0.510334 0.810755
vn 0.556625 0.000000 0.830764
vn 0.555122 0.000000 0.831769
vn 0.799051 0.000000 0.601263
vn 0.799024 0.000000 0.601300
vn 0.954653 0.000000 0.297720
vn 0.955199 0.000000 0.295964
vn 1.000000 0.000001 0.000001
vn 1.000000 0.000001 0.000001
vn 0.001565 -0.999998 -0.001178
vn 0.001805 -0.999998 -0.000609
vn 0.001193 -0.999999 -0.000000
vn 0.001177 -0.999998 -0.001667
vn 0.000658 -0.999998 -0.002037
vn 0.000034 -0.999998 -0.002246
vn 0.002502 -0.999993 -0.002793
vn 0.001338 -0.999999 -0.001101
vn 0.000000 -1.000000 0.000000
vn 0.000000 -1.000000 0.000000
vn 0.000000 -1.000000 0.000000
vn 0.000000 -1.000000 -0.000000
vn 0.000000 -1.000000 -0.000000
vn 0.001338 -0.999999 0.001101
vn 0.002502 -0.999993 0.002793
vn 0.000034 -0.999997 0.002246
vn 0.000658 -0.999998 0.002037
vn 0.001177 -0.999998 0.001667
vn 0.001565 -0.999998 0.001178
vn 0.001805 -0.999998 0.000609
vn 0.001886 -0.999998 -0.000000
vn 0.011161 0.999754 -0.019164
vn 0.015904 0.999735 -0.016674
vn -0.013976 0.999893 0.004347
vn 0.020823 0.999776 0.003770
vn 0.007425 0.999806 -0.018254
vn 0.032139 0.999483 -0.001040
vn 0.029860 0.999428 0.015890
vn -0.030047 0.999540 0.004226
vn -0.058256 0.998295 0.003715
vn -0.033309 0.999358 -0.013172
vn -0.036578 0.999331 -0.000000
vn -0.033309 0.999358 0.013172
vn -0.025229 0.999430 0.022422
vn -0.044099 0.998845 0.019094
vn 0.007105 0.999939 -0.008512
vn 0.035300 0.999376 -0.001247
vn 0.007550 0.999808 0.018112
vn 0.020823 0.999776 -0.003770
vn 0.015904 0.999735 0.016674
vn 0.011161 0.999754 0.019164
vn 0.014155 0.999900 -0.000000
vn 0.662085 0.000000 -0.749429
vn 0.662085 0.000000 -0.749429
vn 0.662085 0.000000 -0.749429
vn 0.662085 0.000000 -0.749429
vn -0.250710 0.923253 -0.291116
vn -0.250710 0.923253 -0.291116
vn -0.250710 0.923253 -0.291116
vn -0.250710 0.923253 -0.291116
vn -0.577214 0.000000 0.816593
vn -0.577214 0.000000 0.816593
vn -0.577214 0.000000 0.816593
vn -0.577214 0.000000 0.816593
vn -0.320689 -0.870916 -0.372376
vn -0.320689 -0.870916 -0.372376
vn -0.320689 -0.870916 -0.372376
vn -0.320689 -0.870916 -0.372376
vn -0.662073 0.000000 -0.749439
vn -0.662073 0.000000 -0.749439
vn -0.662073 0.000000 -0.749439
vn -0.662073 0.000000 -0.749439
vn 0.642729 0.000000 0.766093
vn 0.642729 0.000000 0.766093
vn 0.642729 0.000000 0.766093
vn 0.642729 0.000000 0.766093
vn 0.000000 0.000000 1.000000
vn 0.000000 0.000000 1.000000
vn 0.000000 0.000000 1.000000
vn 0.000000 0.000000 1.000000
vn 0.000000 0.000000 1.000000
vn 0.000000 0.000000 1.000000
vn 0.000000 0.000000 1.000000
vn 0.000000 0.000000 1.000000
vn 0.000000 0.000000 -1.000000
vn 0.000000 0.000000 -1.000000
vn 0.000000 0.000000 -1.000000
vn 0.000000 0.000000 -1.000000
vn -0.000000 0.000000 -1.000000
vn -0.000000 0.000000 -1.000000
vn -0.000000 0.000000 -1.000000
vn -0.000000 0.000000 -1.000000
vn -1.000000 0.000000 0.000000
vn -1.000000 0.000000 0.000000
vn -1.000000 0.000000 0.000000
vn -1.000000 0.000000 0.000000
vn 0.000000 -1.000000 0.000000
vn 0.000000 -1.000000 0.000000
vn 0.000000 -1.000000 0.000000
vn 0.000000 -1.000000 0.000000
vn 1.000000 0.000000 0.000000
vn 1.000000 0.000000 0.000000
vn 1.000000 0.000000 0.000000
vn 1.000000 0.000000 0.000000
vn 0.000000 1.000000 0.000000
vn 0.000000 1.000000 0.000000
vn 0.000000 1.000000 0.000000
vn 0.000000 1.000000 0.000000
vn 0.000000 -1.000000 0.000000
vn 0.000000 -1.000000 0.000000
vn 0.000000 -1.000000 0.000000
vn 0.000000 -1.000000 0.000000
vn -1.000000 0.000000 0.000000
vn -1.000000 0.000000 0.000000
vn -1.000000 0.000000 0.000000
vn -1.000000 0.000000 0.000000
vn 1.000000 0.000000 0.000000
vn 1.000000 0.000000 0.000000
vn 1.000000 0.000000 0.000000
vn 1.000000 0.000000 0.000000
vn 0.000000 1.000000 0.000000
vn 0.000000 1.000000 0.000000
vn 0.000000 1.000000 0.000000
vn 0.000000 1.000000 0.000000
vn 0.000000 0.000000 1.000000
vn 0.000000 0.000000 1.000000
vn 0.000000 0.000000 1.000000
vn 0.000000 0.000000 1.000000
vn 0.000000 1.000000 0.000000
vn 0.000000 1.000000 0.000000
vn 0.000000 1.000000 0.000000
vn 0.000000 1.000000 0.000000
vn 0.000000 0.000000 -1.000000
vn 0.000000 0.000000 -1.000000
vn 0.000000 0.000000 -1.000000
vn 0.000000 0.000000 -1.000000
vn 0.000000 -1.000000 0.000000
vn 0.000000 -1.000000 0.000000
vn 0.000000 -1.000000 0.000000
vn 0.000000 -1.000000 0.000000
vn -1.000000 0.000000 0.000000
vn -1.000000 0.000000 0.000000
vn -1.000000 0.000000 0.000000
vn -1.000000 0.000000 0.000000
vn 1.000000 0.000000 0.000000
vn 1.000000 0.000000 0.000000
vn 1.000000 0.000000 0.000000
vn 1.000000 0.000000 0.000000
vn 0.000000 0.000000 1.000000
vn 0.000000 0.000000 1.000000
vn 0.000000 0.000000 1.000000
vn 0.000000 0.000000 1.000000
vn 0.000000 -1.000000 0.000000
vn 0.000000 -1.000000 0.000000
vn 0.000000 -1.000000 0.000000
vn 0.000000 -1.000000 0.000000
vn 0.000000 1.000000 0.000000
vn 0.000000 1.000000 0.000000
vn 0.000000 1.000000 0.000000
vn 0.000000 1.000000 0.000000
vn 0.000000 0.000000 -1.000000
vn 0.000000 0.000000 -1.000000
vn 0.000000 0.000000 -1.000000
vn 0.000000 0.000000 -1.000000
vn -0.000000 0.000000 -1.000000
vn -0.000000 0.000000 -1.000000
vn -0.000000 0.000000 -1.000000
vn -0.000000 0.000000 -1.000000
vn 0.000000 1.000000 0.000000
vn 0.000000 1.000000 0.000000
vn 0.000000 1.000000 0.000000
vn 0.000000 1.000000 0.000000
vn 0.000000 -1.000000 0.000000
vn 0.000000 -1.000000 0.000000
vn 0.000000 -1.000000 0.000000
vn 0.000000 -1.000000 0.000000
vn 0.000000 0.000000 1.000000
vn 0.000000 0.000000 1.000000
vn 0.000000 0.000000 1.000000
vn 0.000000 0.000000 1.000000
vn -1.000000 0.000000 0.000000
vn -1.000000 0.000000 0.000000
vn -1.000000 0.000000 0.000000
vn -1.000000 0.000000 0.000000
vn -1.000000 0.000000 0.000000
vn -1.000000 0.000000 0.000000
vn -1.000000 0.000000 0.000000
vn -1.000000 0.000000 0.000000
vn 1.000000 0.000000 0.000000
vn 1.000000 0.000000 0.000000
vn 1.000000 0.000000 0.000000
vn 1.000000 0.000000 0.000000
vn 1.000000 0.000000 0.000000
vn 1.000000 0.000000 0.000000
vn 1.000000 0.000000 0.000000
vn 1.000000 0.000000 0.000000
vn 0.000000 0.000000 1.000000
vn 0.000000 0.000000 1.000000
vn 0.000000 0.000000 1.000000
vn 0.000000 0.000000 1.000000
vn 0.000000 1.000000 0.000000
vn 0.000000 1.000000 0.000000
vn 0.000000 1.000000 0.000000
vn 0.000000 1.000000 0.000000
vn 0.000000 0.000000 -1.000000
vn 0.000000 0.000000 -1.000000
vn 0.000000 0.000000 -1.000000
vn 0.000000 0.000000 -1.000000
vn 0.000000 -1.000000 0.000000
vn 0.000000 -1.000000 0.000000
vn 0.000000 -1.000000 0.000000
vn 0.000000 -1.000000 0.000000
vn 1.000000 0.000000 0.000000
vn 1.000000 0.000000 0.000000
vn 1.000000 0.000000 0.000000
vn 1.000000 0.000000 0.000000
vn -1.000000 0.000000 0.000000
vn -1.000000 0.000000 0.000000
vn -1.000000 0.000000 0.000000
vn -1.000000 0.000000 0.000000
vn 0.000000 0.000000 1.000000
vn 0.000000 0.000000 1.000000
vn 0.000000 0.000000 1.000000
vn 0.000000 0.000000 1.000000
vn 0.000000 -1.000000 0.000000
vn 0.000000 -1.000000 0.000000
vn 0.000000 -1.000000 0.000000
vn 0.000000 -1.000000 0.000000
vn 0.000000 1.000000 0.000000
vn 0.000000 1.000000 0.000000
vn 0.000000 1.000000 0.000000
vn 0.000000 1.000000 0.000000
vn 0.000000 0.000000 -1.000000
vn 0.000000 0.000000 -1.000000
vn 0.000000 0.000000 -1.000000
vn 0.000000 0.000000 -1.000000
vn -0.000000 0.000000 -1.000000
vn -0.000000 0.000000 -1.000000
vn -0.000000 0.000000 -1.000000
vn -0.000000 0.000000 -1.000000
vn 0.000000 1.000000 0.000000
vn 0.000000 1.000000 0.000000
vn 0.000000 1.000000 0.000000
vn 0.000000 1.000000 0.000000
vn 0.000000 -1.000000 0.000000
vn 0.000000 -1.000000 0.000000
vn 0.000000 -1.000000 0.000000
vn 0.000000 -1.000000 0.000000
vn 0.000000 0.000000 1.000000
vn 0.000000 0.000000 1.000000
vn 0.000000 0.000000 1.000000
vn 0.000000 0.000000 1.000000
vn -1.000000 0.000000 0.000000
vn -1.000000 0.000000 0.000000
vn -1.000000 0.000000 0.000000
vn -1.000000 0.000000 0.000000
vn -1.000000 0.000000 0.000000
vn -1.000000 0.000000 0.000000
vn -1.000000 0.000000 0.000000
vn -1.000000 0.000000 0.000000
vn 1.000000 0.000000 0.000000
vn 1.000000 0.000000 0.000000
vn 1.000000 0.000000 0.000000
vn 1.000000 0.000000 0.000000
vn 1.000000 0.000000 0.000000
vn 1.000000 0.000000 0.000000
vn 1.000000 0.000000 0.000000
vn 1.000000 0.000000 0.000000
vn 0.066299 0.997465 -0.025852
vn 0.051391 0.997662 -0.045053
vn 0.054366 0.997621 -0.042393
vn 0.067333 0.997452 -0.023557
vn 0.032597 0.997952 -0.055031
vn 0.036708 0.997886 -0.053633
vn 0.017153 0.998018 -0.060547
vn 0.020588 0.998029 -0.059274
vn 0.000000 0.000000 0.000000
vn 0.004189 0.998111 -0.061294
vn -0.023282 0.996491 -0.080392
vn -0.014002 0.997627 -0.067411
vn -0.102903 0.979481 -0.173283
vn -0.100643 0.980159 -0.170764
vn -0.772351 0.000000 -0.635196
vn -0.772351 0.000000 -0.635196
vn -0.938533 0.000000 -0.345189
vn -0.938533 0.000000 -0.345189
vn -1.000000 0.000000 0.000000
vn -1.000000 0.000000 0.000000
vn -0.938533 0.000000 0.345189
vn -0.938533 0.000000 0.345189
vn -0.772351 0.000000 0.635196
vn -0.772351 0.000000 0.635196
vn -0.104237 0.978970 0.175366
vn -0.101950 0.979663 0.172819
vn -0.023755 0.996378 0.081651
vn -0.014204 0.997558 0.068389
vn -0.001111 0.998117 0.061321
vn 0.004482 0.998064 0.062028
vn 0.017442 0.997991 0.060904
vn 0.020803 0.998013 0.059472
vn 0.032597 0.997952 0.055031
vn 0.087084 0.624461 0.776186
vn 0.051391 0.997662 0.045053
vn 0.697404 0.709631 0.100258
vn 0.416837 0.740478 0.527200
vn 0.067333 0.997452 0.023557
vn 0.695526 0.140438 0.704642
vn 0.697404 0.709631 0.100258
vn 0.416837 0.740478 0.527200
vn 0.007483 -0.999968 -0.002752
vn 0.004482 -0.999990 -0.000000
vn 0.004625 -0.999963 -0.007205
vn 0.002431 -0.999961 -0.008470
vn -0.000000 -0.999960 -0.008906
vn 0.009674 -0.999870 -0.012922
vn 0.010299 -0.999911 -0.008470
vn 0.000000 -1.000000 -0.000000
vn 0.000000 -1.000000 -0.000000
vn 0.000000 -1.000000 -0.000000
vn 0.000000 -1.000000 -0.000000
vn 0.000000 -1.000000 0.000000
vn 0.010299 -0.999911 0.008470
vn 0.009674 -0.999870 0.012922
vn 0.000000 -0.999960 0.008906
vn 0.002431 -0.999961 0.008470
vn 0.004625 -0.999963 0.007205
vn 0.006365 -0.999966 0.005235
vn 0.007483 -0.999968 0.002752
vn 0.007868 -0.999969 -0.000000
vn 0.000000 1.000000 0.000000
vn 0.000000 1.000000 0.000000
vn -0.005454 0.999985 -0.000001
vn 0.000000 1.000000 -0.000000
vn 0.000000 1.000000 0.000000
vn 0.000000 1.000000 0.000000
vn -0.013169 0.999903 0.004639
vn -0.010265 0.999946 -0.001511
vn -0.006027 0.999970 -0.004909
vn -0.006999 0.999972 -0.002553
vn -0.007329 0.999973 0.000000
vn -0.006999 0.999972 0.002553
vn -0.006027 0.999970 0.004909
vn -0.010296 0.999946 0.001482
vn -0.013128 0.999903 -0.004607
vn 0.000000 1.000000 0.000000
vn 0.000000 1.000000 0.000000
vn 0.000000 1.000000 0.000000
vn 0.000000 1.000000 0.000000
vn 0.000000 1.000000 -0.000000
vn 0.000000 1.000000 0.000000
vn 0.000000 0.000000 1.000000
vn 0.000000 0.000000 1.000000
vn 0.000000 0.000000 1.000000
vn 0.000000 0.000000 1.000000
vn 0.000000 1.000000 0.000000
vn 0.000000 1.000000 0.000000
vn 0.000000 1.000000 0.000000
vn 0.000000 1.000000 0.000000
vn 0.000000 0.000000 -1.000000
vn 0.000000 0.000000 -1.000000
vn 0.000000 0.000000 -1.000000
vn 0.000000 0.000000 -1.000000
vn 0.000000 -1.000000 0.000000
vn 0.000000 -1.000000 0.000000
vn 0.000000 -1.000000 0.000000
vn 0.000000 -1.000000 0.000000
vn 1.000000 0.000000 0.000000
vn 1.000000 0.000000 0.000000
vn 1.000000 0.000000 0.000000
vn 1.000000 0.000000 0.000000
vn -1.000000 0.000000 0.000000
vn -1.000000 0.000000 0.000000
vn -1.000000 0.000000 0.000000
vn -1.000000 0.000000 0.000000
vn 0.000000 -1.000000 0.000000
vn 0.000000 -1.000000 0.000000
vn 0.000000 -1.000000 0.000000
vn 0.000000 -1.000000 0.000000
vn -1.000000 0.000000 0.000000
vn -1.000000 0.000000 0.000000
vn -1.000000 0.000000 0.000000
vn -1.000000 0.000000 0.000000
vn 0.000000 1.000000 0.000000
vn 0.000000 1.000000 0.000000
vn 0.000000 1.000000 0.000000
vn 0.000000 1.000000 0.000000
vn 1.000000 0.000000 0.000000
vn 1.000000 0.000000 0.000000
vn 1.000000 0.000000 0.000000
vn 1.000000 0.000000 0.000000
vn 0.000000 0.000000 1.000000
vn 0.000000 0.000000 1.000000
vn 0.000000 0.000000 1.000000
vn 0.000000 0.000000 1.000000
vn 0.000000 0.000000 -1.000000
vn 0.000000 0.000000 -1.000000
vn 0.000000 0.000000 -1.000000
vn 0.000000 0.000000 -1.000000
vn 0.695526 0.140438 0.704642
vn 0.000000 -0.999786 0.020674
vn 0.000000 -0.999786 0.020674
vn 0.000000 -0.999786 0.020674
vn -1.000000 0.000000 0.000000
vn -1.000000 0.000000 0.000000
vn 0.416837 0.740478 0.527200
vn 0.087084 0.624461 0.776186
vn 0.695526 0.140438 0.704642
vn 0.000000 1.000000 0.000000
vn 0.000000 1.000000 0.000000
vn 0.000000 1.000000 0.000000
vn 1.000000 0.000000 0.000000
vn 1.000000 0.000000 0.000000
vn 1.000000 0.000000 0.000000
vn 1.000000 0.000000 0.000000
vn 0.000000 0.000000 1.000000
vn 0.000000 0.000000 1.000000
vn 0.000000 0.000000 1.000000
vn 0.000000 0.000000 1.000000
vn 0.000000 0.000000 -1.000000
vn 0.000000 0.000000 -1.000000
vn 0.000000 0.000000 -1.000000
vn 0.000000 0.000000 -1.000000
vn 0.000000 0.000000 1.000000
vn 0.000000 0.000000 1.000000
vn 0.000000 0.000000 1.000000
vn 0.000000 0.000000 1.000000
vn 0.000000 1.000000 0.000000
vn 0.000000 0.928093 0.372348
vn 0.000000 0.928093 0.372348
vn 0.000000 0.928093 0.372348
vn 0.000000 0.000000 -1.000000
vn 0.000000 0.000000 -1.000000
vn 0.000000 0.000000 -1.000000
vn 0.000000 0.000000 -1.000000
vn 0.000000 -1.000000 0.000000
vn 0.000001 0.000006 1.000000
vn 0.000000 -0.000000 0.000000
vn 0.000000 0.000000 1.000000
vn 1.000000 0.000000 0.000000
vn 0.087084 0.624461 0.776186
vn 1.000000 0.000000 0.000000
vn 0.697404 0.709631 0.100258
vn -1.000000 0.000000 0.000000
vn -1.000000 0.000000 0.000000
vn -1.000000 0.000000 0.000000
vn -1.000000 0.000000 0.000000
s off
g polySurface43 polySurface38 polySurface36 pasted__pasted__pasted__pasted__pasted__pasted__pasted__pCube17 polySurface47
usemtl phong3SG
f 9/27/25 10/28/26 12/29/27 11/30/28
usemtl pasted__pasted__pasted__phong3SG2
f 11/15/29 12/16/30 14/18/31 13/17/32
f 13/17/33 14/18/34 16/20/35 15/19/36
f 15/19/37 16/20/38 10/22/39 9/21/40
f 10/14/41 16/23/42 14/24/43 12/16/44
f 15/25/45 9/13/46 11/15/47 13/26/48
usemtl phong5SG
f 17/31/49 18/32/50 20/33/51 19/34/52
f 19/34/53 20/33/54 22/35/55 21/36/56
f 21/36/57 22/35/58 24/37/59 23/38/60
f 23/38/61 24/37/62 18/39/63 17/40/64
f 18/32/65 24/41/66 22/42/67 20/33/68
f 23/43/69 17/31/70 19/34/71 21/44/72
usemtl pasted__phong3SG
f 25/45/73 26/46/74 28/47/75 27/48/76
f 27/48/77 28/47/78 30/49/79 29/50/80
f 29/50/81 30/49/82 32/51/83 31/52/84
f 31/52/85 32/51/86 26/53/87 25/54/88
usemtl phong3SG
f 26/55/89 32/56/90 30/57/91 28/58/92
usemtl pasted__phong3SG
f 31/59/93 25/45/94 27/48/95 29/60/96
usemtl phong3SG
f 33/61/97 34/62/98 35/63/99 36/64/100
f 33/65/101 37/66/102 43/67/103 34/68/104
f 35/63/105 48/69/106 42/70/107 36/64/108
f 37/66/109 42/70/110 48/69/111 43/67/112
f 40/71/113 46/72/114 45/73/115 41/74/116
f 38/75/117 41/76/118 45/77/119 44/78/120
f 39/79/121 47/80/122 46/72/123 40/71/124
f 38/75/125 44/78/126 47/80/127 39/79/128
f 33/61/129 36/64/130 42/81/131 37/82/132 38/83/133 39/84/134 40/85/135 41/86/136
f 43/87/137 48/88/138 35/63/139 34/62/140 44/89/141 45/90/142 46/91/143 47/92/144
usemtl pasted__pasted__phong3SG2
f 49/93/145 50/94/146 52/95/147 51/96/148
f 51/96/149 52/95/150 54/97/151 53/98/152
f 53/98/153 54/97/154 56/99/155 55/100/156
f 55/100/157 56/99/158 50/101/159 49/102/160
f 50/94/161 56/103/162 54/104/163 52/95/164
f 55/105/165 49/93/166 51/96/167 53/106/168
usemtl pasted__pasted__phong3SG
f 57/107/169 58/108/170 60/109/171 59/110/172
f 59/110/173 60/109/174 62/111/175 61/112/176
f 61/112/177 62/111/178 64/113/179 63/114/180
f 63/114/181 64/113/182 58/115/183 57/116/184
usemtl phong3SG
f 58/117/185 64/118/186 62/119/187 60/120/188
usemtl pasted__pasted__phong3SG
f 63/121/189 57/107/190 59/110/191 61/122/192
s 1
usemtl phong7SG
f 65/123/193 66/124/194 67/125/195 68/126/196
f 66/127/194 69/128/197 70/129/198 67/130/195
s 2
f 67/131/199 72/132/200 71/133/201 68/134/202
s 1
f 65/123/193 68/126/196 74/135/203 73/136/204
s 3
f 65/137/205 75/138/206 76/139/207 66/140/208
s 1
f 69/128/197 77/141/209 78/142/210 70/129/198
s 2
f 67/131/199 70/143/211 79/144/212 72/145/200
s 3
f 66/140/208 76/146/207 80/147/213 69/148/214
s 2
f 68/134/202 71/149/201 81/150/215 74/151/216
s 1
f 73/136/204 74/135/203 83/152/217 82/153/218
s 3
f 65/137/205 73/154/219 84/155/220 75/156/206
s 1
f 77/141/209 85/157/221 86/158/222 78/142/210
s 2
f 70/143/211 78/159/223 87/160/224 79/161/212
s 3
f 69/148/214 80/162/213 88/163/225 77/164/226
s 2
f 74/151/216 81/165/215 89/166/227 83/167/228
s 1
f 82/153/218 83/152/217 91/168/229 90/169/230
s 3
f 73/154/219 82/170/231 92/171/232 84/172/220
s 1
f 85/157/221 93/173/233 94/174/234 86/158/222
s 2
f 78/159/223 86/175/235 95/176/236 87/177/224
s 3
f 77/164/226 88/178/225 96/179/237 85/180/238
s 1
f 93/173/233 101/181/239 102/182/240 94/174/234
s 2
f 86/175/235 94/183/241 103/184/242 95/185/236
s 3
f 85/180/238 96/186/237 104/187/243 93/188/244
s 1
f 101/181/239 105/189/245 106/190/246 102/182/240
s 2
f 94/183/241 102/191/247 107/192/248 103/193/242
s 3
f 93/188/244 104/194/243 108/195/249 101/196/250
s off
f 71/197/251 72/198/252 76/199/253 75/200/254
f 71/201/255 75/202/256 84/203/257 81/204/258
f 72/205/259 79/206/260 80/207/261 76/208/262
f 79/209/263 87/210/264 88/211/265 80/212/266
s 4
f 97/213/267 100/214/268 99/215/269 98/216/270
s off
f 87/217/271 95/218/272 96/219/273 88/220/274
f 95/221/275 103/222/276 104/223/277 96/224/278
s 5
f 109/225/279 111/226/280 112/227/281 110/228/282
s 2
f 83/167/228 89/166/227 97/229/283 98/230/284 91/231/285
s 3
f 82/170/231 90/232/286 99/233/287 100/234/288 92/171/232
s 2
f 102/191/247 106/235/289 109/236/290 110/237/291 107/192/248
s 3
f 101/196/250 108/195/249 112/238/292 111/239/293 105/240/294
s 4
f 81/241/295 84/242/296 92/243/297 100/214/268 97/213/267 89/244/298
s 5
f 103/245/299 107/246/300 110/228/282 112/227/281 108/247/301 104/248/302
s off
usemtl initialShadingGroup
f 113/249/303 115/251/304 114/250/305
usemtl phong3SG
f 116/252/306 121/253/307 131/254/308 122/255/309 117/256/310 118/257/311 119/258/312 120/259/313
f 123/260/314 124/261/315 130/262/316 125/263/317 126/264/318 127/265/319 128/266/320 129/267/321
f 116/252/322 122/255/323 124/268/324 123/269/325
f 116/270/326 123/260/327 125/263/328 121/271/329
f 131/254/330 130/262/331 124/261/332 122/255/333
f 118/272/334 129/273/335 128/274/336 119/275/337
f 119/276/338 128/277/339 127/278/340 120/279/341
f 117/280/342 126/281/343 129/282/344 118/283/345
f 117/284/346 120/285/347 127/286/348 126/287/349
f 121/271/350 125/263/351 130/262/352 131/254/353
s 6
f 132/288/354 133/289/355 148/290/356 147/291/357
f 133/289/355 134/292/358 149/293/359 148/290/356
f 134/292/358 135/294/360 150/295/361 149/293/359
f 135/294/360 136/296/362 151/297/363 150/295/361
f 136/296/362 137/298/364 152/299/365 151/297/363
f 137/298/364 138/300/366 153/301/367 152/299/365
f 138/300/366 139/302/368 154/303/369 153/301/367
f 139/302/368 140/304/370 155/305/371 154/303/369
f 140/304/370 141/306/372 156/307/373 155/305/371
f 143/308/374 144/309/375 159/310/376 158/311/377
f 144/309/375 145/312/378 160/313/379 159/310/376
f 145/312/378 146/314/380 161/315/381 160/313/379
f 146/314/380 132/316/354 147/317/357 161/315/381
s 8
f 133/318/382 132/319/383 162/320/384
f 134/321/385 133/318/382 162/320/384
f 135/322/386 134/321/385 162/320/384
f 136/323/387 135/322/386 162/320/384
f 137/324/388 136/323/387 162/320/384
f 138/325/389 137/324/388 162/320/384
f 139/326/390 138/325/389 162/320/384
f 140/327/391 139/326/390 162/320/384
f 141/328/392 140/327/391 162/320/384
f 142/329/393 141/328/392 162/320/384
f 145/330/394 144/331/395 162/320/384
f 146/332/396 145/330/394 162/320/384
f 132/319/383 146/332/396 162/320/384
s 10
f 147/333/397 148/334/398 163/335/399
f 148/334/398 149/336/400 163/335/399
f 149/336/400 150/337/401 163/335/399
f 150/337/401 151/338/402 163/335/399
f 151/338/402 152/339/403 163/335/399
f 152/339/403 153/340/404 163/335/399
f 153/340/404 154/341/405 163/335/399
f 154/341/405 155/342/406 163/335/399
f 155/342/406 156/343/407 163/335/399
f 156/343/407 157/344/408 163/335/399
f 158/345/409 159/346/410 163/335/399
f 159/346/410 160/347/411 163/335/399
f 160/347/411 161/348/412 163/335/399
f 161/348/412 147/333/397 163/335/399
s 12
usemtl lambert3SG
f 165/349/413 164/350/414 177/351/415
f 3846/352/416 165/349/413 177/351/415
f 3847/353/417 3846/352/416 177/351/415
usemtl lambert10SG
f 3848/354/418 3847/353/417 177/351/415
f 3849/355/419 3848/354/418 177/351/415
usemtl lambert3SG
f 166/356/420 3849/355/419 177/351/415
f 167/357/421 166/356/420 177/351/415
f 168/358/422 167/357/421 177/351/415
f 169/359/423 168/358/422 177/351/415
f 170/360/424 169/359/423 177/351/415
f 171/361/425 170/360/424 177/351/415
f 172/362/426 171/361/425 177/351/415
f 173/363/427 172/362/426 177/351/415
usemtl lambert10SG
f 3850/364/428 173/363/427 177/351/415
f 3852/365/429 3850/364/428 177/351/415
usemtl lambert3SG
f 3853/366/430 3852/365/429 177/351/415
f 3854/367/431 3853/366/430 177/351/415
f 3855/368/432 3854/367/431 177/351/415
f 3856/369/433 3855/368/432 177/351/415
f 164/350/414 3856/369/433 177/351/415
s off
f 174/371/434 175/372/435 178/370/436
s 13
f 176/373/437 3851/374/438 178/370/439
f 3851/374/438 3857/375/440 178/370/439
s off
usemtl initialShadingGroup
f 179/376/441 180/377/442 182/378/443 181/379/444
f 181/379/445 182/378/446 184/380/447 183/381/448
f 185/382/449 186/383/450 180/384/451 179/385/452
usemtl phong3SG
f 185/386/453 179/376/454 181/379/455 183/387/456
usemtl initialShadingGroup
f 187/388/457 188/389/458 190/390/459 189/391/460
usemtl phong3SG
f 189/391/461 190/390/462 192/392/463 191/393/464
usemtl initialShadingGroup
f 193/394/465 194/395/466 188/396/467 187/397/468
usemtl phong3SG
f 188/389/469 194/398/470 192/399/471 190/390/472
s 14
usemtl initialShadingGroup
f 186/383/473 185/382/474 197/400/475 198/401/476
s 15
usemtl phong3SG
f 185/386/477 183/387/478 196/402/479 197/403/480
s 16
f 183/381/481 184/380/482 195/404/483 196/405/484
f 196/405/484 195/404/483 199/406/485 200/407/486
s 15
f 197/403/480 196/402/479 200/408/487 201/409/488
s 14
usemtl initialShadingGroup
f 198/401/476 197/400/475 201/410/489 202/411/490
s 16
usemtl phong3SG
f 200/407/486 199/406/485 203/412/491 204/413/492
s 15
f 201/409/488 200/408/487 204/414/493 205/415/494
s 14
usemtl initialShadingGroup
f 202/411/490 201/410/489 205/416/495 206/417/496
s 16
usemtl phong3SG
f 204/413/492 203/412/491 207/418/497 208/419/498
s 15
f 205/415/494 204/414/493 208/420/499 209/421/500
s 14
usemtl initialShadingGroup
f 206/417/496 205/416/495 209/422/501 210/423/502
s 16
usemtl phong3SG
f 208/419/498 207/418/497 211/424/503 212/425/504
s 15
f 209/421/500 208/420/499 212/426/505 213/427/506
s 14
usemtl initialShadingGroup
f 210/423/502 209/422/501 213/428/507 214/429/508
s 16
usemtl phong3SG
f 212/425/504 211/424/503 215/430/509 216/431/510
s 15
f 213/427/506 212/426/505 216/432/511 217/433/512
s 14
usemtl initialShadingGroup
f 214/429/508 213/428/507 217/434/513 218/435/514
s 16
usemtl phong3SG
f 216/431/510 215/430/509 219/436/515 220/437/516
s 15
f 217/433/512 216/432/511 220/438/517 221/439/518
s 14
usemtl initialShadingGroup
f 218/435/514 217/434/513 221/440/519 222/441/520
s 16
usemtl phong3SG
f 220/437/516 219/436/515 223/442/521 224/443/522
s 15
f 221/439/518 220/438/517 224/444/523 225/445/524
s 14
usemtl initialShadingGroup
f 222/441/520 221/440/519 225/446/525 226/447/526
s 16
usemtl phong3SG
f 224/443/522 223/442/521 227/448/527 228/449/528
s 15
f 225/445/524 224/444/523 228/450/529 229/451/530
s 14
usemtl initialShadingGroup
f 226/447/526 225/446/525 229/452/531 230/453/532
s 16
usemtl phong3SG
f 228/449/528 227/448/527 231/454/533 232/455/534
s 15
f 229/451/530 228/450/529 232/456/535 233/457/536
s 14
usemtl initialShadingGroup
f 230/453/532 229/452/531 233/458/537 234/459/538
s 16
usemtl phong3SG
f 232/455/534 231/454/533 235/460/539 236/461/540
s 15
f 233/457/536 232/456/535 236/462/541 237/463/542
s 14
usemtl initialShadingGroup
f 234/459/538 233/458/537 237/464/543 238/465/544
s 16
usemtl phong3SG
f 236/461/540 235/460/539 191/393/545 192/392/546
s 15
f 237/463/542 236/462/541 192/399/547 194/398/548
s 14
usemtl initialShadingGroup
f 238/465/544 237/464/543 194/395/549 193/394/550
s 17
usemtl phong3SG
f 239/466/551 240/467/552 251/468/553 250/469/554
f 240/467/552 241/470/555 252/471/556 251/468/553
f 241/470/555 242/472/557 253/473/558 252/471/556
f 242/472/557 243/474/559 254/475/560 253/473/558
f 243/474/559 244/476/561 255/477/562 254/475/560
f 244/476/561 245/478/563 256/479/564 255/477/562
f 245/478/563 246/480/565 257/481/566 256/479/564
f 246/480/565 247/482/567 258/483/568 257/481/566
f 247/482/567 248/484/569 259/485/570 258/483/568
s 18
f 240/486/571 239/487/572 262/488/573
f 241/489/574 240/486/571 262/488/573
f 242/490/575 241/489/574 262/488/573
f 243/491/576 242/490/575 262/488/573
f 244/492/577 243/491/576 262/488/573
f 245/493/578 244/492/577 262/488/573
f 246/494/579 245/493/578 262/488/573
f 247/495/580 246/494/579 262/488/573
f 248/496/581 247/495/580 262/488/573
f 249/497/582 248/496/581 262/488/573
s 19
f 250/498/583 251/499/584 263/500/585
f 251/499/584 252/501/586 263/500/585
f 252/501/586 253/502/587 263/500/585
f 253/502/587 254/503/588 263/500/585
f 254/503/588 255/504/589 263/500/585
f 255/504/589 256/505/590 263/500/585
f 256/505/590 257/506/591 263/500/585
f 257/506/591 258/507/592 263/500/585
f 258/507/592 259/508/593 263/500/585
f 259/508/593 260/509/594 263/500/585
f 260/509/594 261/510/595 263/500/585
s off
usemtl initialShadingGroup
f 264/511/596 266/512/597 267/513/598 265/514/599
f 266/512/600 268/515/601 269/516/602 267/513/603
f 270/517/604 264/518/605 265/519/606 271/520/607
f 270/521/608 268/522/609 266/512/610 264/511/611
f 272/523/612 274/524/613 275/525/614 273/526/615
usemtl phong3SG
f 274/524/616 276/527/617 277/528/618 275/525/619
usemtl initialShadingGroup
f 278/529/620 272/530/621 273/531/622 279/532/623
usemtl phong3SG
f 273/526/624 275/525/625 277/533/626 279/534/627
s 20
f 269/516/628 268/515/629 282/535/630 283/536/631
s 21
f 268/522/632 270/521/633 281/537/634 282/538/635
s 22
usemtl initialShadingGroup
f 270/517/636 271/520/637 280/539/638 281/540/639
f 281/540/639 280/539/638 284/541/640 285/542/641
s 21
usemtl phong3SG
f 282/538/635 281/537/634 285/543/642 286/544/643
s 20
f 283/536/631 282/535/630 286/545/644 287/546/645
s 22
usemtl initialShadingGroup
f 285/542/641 284/541/640 288/547/646 289/548/647
s 21
usemtl phong3SG
f 286/544/643 285/543/642 289/549/648 290/550/649
s 20
f 287/546/645 286/545/644 290/551/650 291/552/651
s 22
usemtl initialShadingGroup
f 289/548/647 288/547/646 292/553/652 293/554/653
s 21
usemtl phong3SG
f 290/550/649 289/549/648 293/555/654 294/556/655
s 20
f 291/552/651 290/551/650 294/557/656 295/558/657
s 22
usemtl initialShadingGroup
f 293/554/653 292/553/652 296/559/658 297/560/659
s 21
usemtl phong3SG
f 294/556/655 293/555/654 297/561/660 298/562/661
s 20
f 295/558/657 294/557/656 298/563/662 299/564/663
s 22
usemtl initialShadingGroup
f 297/560/659 296/559/658 300/565/664 301/566/665
s 21
usemtl phong3SG
f 298/562/661 297/561/660 301/567/666 302/568/667
s 20
f 299/564/663 298/563/662 302/569/668 303/570/669
s 22
usemtl initialShadingGroup
f 301/566/665 300/565/664 304/571/670 305/572/671
s 21
usemtl phong3SG
f 302/568/667 301/567/666 305/573/672 306/574/673
s 20
f 303/570/669 302/569/668 306/575/674 307/576/675
s 22
usemtl initialShadingGroup
f 305/572/671 304/571/670 308/577/676 309/578/677
s 21
usemtl phong3SG
f 306/574/673 305/573/672 309/579/678 310/580/679
s 20
f 307/576/675 306/575/674 310/581/680 311/582/681
s 22
usemtl initialShadingGroup
f 309/578/677 308/577/676 312/583/682 313/584/683
s 21
usemtl phong3SG
f 310/580/679 309/579/678 313/585/684 314/586/685
s 20
f 311/582/681 310/581/680 314/587/686 315/588/687
s 22
usemtl initialShadingGroup
f 313/584/683 312/583/682 316/589/688 317/590/689
s 21
usemtl phong3SG
f 314/586/685 313/585/684 317/591/690 318/592/691
s 20
f 315/588/687 314/587/686 318/593/692 319/594/693
s 22
usemtl initialShadingGroup
f 317/590/689 316/589/688 320/595/694 321/596/695
s 21
usemtl phong3SG
f 318/592/691 317/591/690 321/597/696 322/598/697
s 20
f 319/594/693 318/593/692 322/599/698 323/600/699
s 22
usemtl initialShadingGroup
f 321/596/695 320/595/694 278/529/700 279/532/701
s 21
usemtl phong3SG
f 322/598/697 321/597/696 279/534/702 277/533/703
s 20
f 323/600/699 322/599/698 277/528/704 276/527/705
s 23
f 324/601/706 340/604/707 341/603/708 325/602/709
f 325/602/709 341/603/708 342/606/710 326/605/711
f 326/605/711 342/606/710 343/608/712 327/607/713
f 327/607/713 343/608/712 344/610/714 328/609/715
f 328/609/715 344/610/714 345/612/716 329/611/717
f 329/611/717 345/612/716 346/614/718 330/613/719
f 330/613/719 346/614/718 347/616/720 331/615/721
f 331/615/721 347/616/720 348/618/722 332/617/723
f 332/617/723 348/618/722 349/620/724 333/619/725
f 333/619/725 349/620/724 350/622/726 334/621/727
f 334/621/727 350/622/726 351/624/728 335/623/729
f 336/625/730 352/628/731 353/627/732 337/626/733
f 337/626/733 353/627/732 354/630/734 338/629/735
f 338/629/735 354/630/734 355/632/736 339/631/737
f 339/631/737 355/632/736 340/634/707 324/633/706
s 25
f 325/635/738 356/637/739 324/636/740
f 326/638/741 356/637/739 325/635/738
f 327/639/742 356/637/739 326/638/741
f 328/640/743 356/637/739 327/639/742
f 329/641/744 356/637/739 328/640/743
f 330/642/745 356/637/739 329/641/744
f 331/643/746 356/637/739 330/642/745
f 332/644/747 356/637/739 331/643/746
f 333/645/748 356/637/739 332/644/747
f 334/646/749 356/637/739 333/645/748
f 335/647/750 356/637/739 334/646/749
f 337/648/751 356/637/739 336/649/752
f 338/650/753 356/637/739 337/648/751
f 339/651/754 356/637/739 338/650/753
f 324/636/740 356/637/739 339/651/754
s 27
f 340/652/755 357/654/756 341/653/757
f 341/653/757 357/654/756 342/655/758
f 342/655/758 357/654/756 343/656/759
f 343/656/759 357/654/756 344/657/760
f 344/657/760 357/654/756 345/658/761
f 345/658/761 357/654/756 346/659/762
f 346/659/762 357/654/756 347/660/763
f 347/660/763 357/654/756 348/661/764
f 348/661/764 357/654/756 349/662/765
f 349/662/765 357/654/756 350/663/766
f 350/663/766 357/654/756 351/664/767
f 352/665/768 357/654/756 353/666/769
f 353/666/769 357/654/756 354/667/770
f 354/667/770 357/654/756 355/668/771
f 355/668/771 357/654/756 340/652/755
s off
f 358/669/772 359/670/773 361/671/774 360/672/775
f 360/672/776 361/671/777 363/673/778 362/674/779
f 364/675/780 365/676/781 359/677/782 358/678/783
usemtl initialShadingGroup
f 359/670/784 365/679/785 363/680/786 361/671/787
f 364/681/788 358/669/789 360/672/790 362/682/791
usemtl phong3SG
f 366/683/792 367/684/793 369/685/794 368/686/795
f 368/686/796 369/685/797 371/687/798 370/688/799
f 372/689/800 373/690/801 367/691/802 366/692/803
usemtl initialShadingGroup
f 367/684/804 373/693/805 371/694/806 369/685/807
usemtl phong3SG
f 372/695/808 366/683/809 368/686/810 370/696/811
s 29
f 362/674/812 363/673/813 376/697/814 377/698/815
s 30
f 363/680/816 365/679/817 375/699/818 376/700/819
s 31
f 365/676/820 364/675/821 374/701/822 375/702/823
f 375/702/823 374/701/822 378/703/824 379/704/825
s 30
f 376/700/819 375/699/818 379/705/826 380/706/827
s 29
f 377/698/815 376/697/814 380/707/828 381/708/829
s 31
f 379/704/825 378/703/824 382/709/830 383/710/831
s 30
f 380/706/827 379/705/826 383/711/832 384/712/833
s 29
f 381/708/829 380/707/828 384/713/834 385/714/835
s 31
f 383/710/831 382/709/830 386/715/836 387/716/837
s 30
f 384/712/833 383/711/832 387/717/838 388/718/839
s 29
f 385/714/835 384/713/834 388/719/840 389/720/841
s 31
f 387/716/837 386/715/836 390/721/842 391/722/843
s 30
f 388/718/839 387/717/838 391/723/844 392/724/845
s 29
f 389/720/841 388/719/840 392/725/846 393/726/847
s 31
f 391/722/843 390/721/842 394/727/848 395/728/849
s 30
f 392/724/845 391/723/844 395/729/850 396/730/851
s 29
f 393/726/847 392/725/846 396/731/852 397/732/853
s 31
f 395/728/849 394/727/848 398/733/854 399/734/855
s 30
f 396/730/851 395/729/850 399/735/856 400/736/857
s 29
f 397/732/853 396/731/852 400/737/858 401/738/859
s 31
f 399/734/855 398/733/854 402/739/860 403/740/861
s 30
f 400/736/857 399/735/856 403/741/862 404/742/863
s 29
f 401/738/859 400/737/858 404/743/864 405/744/865
s 31
f 403/740/861 402/739/860 406/745/866 407/746/867
s 30
f 404/742/863 403/741/862 407/747/868 408/748/869
s 29
f 405/744/865 404/743/864 408/749/870 409/750/871
s 31
f 407/746/867 406/745/866 410/751/872 411/752/873
s 30
f 408/748/869 407/747/868 411/753/874 412/754/875
s 29
f 409/750/871 408/749/870 412/755/876 413/756/877
s 31
f 411/752/873 410/751/872 414/757/878 415/758/879
s 30
f 412/754/875 411/753/874 415/759/880 416/760/881
s 29
f 413/756/877 412/755/876 416/761/882 417/762/883
s 31
f 415/758/879 414/757/878 373/690/884 372/689/885
s 30
f 416/760/881 415/759/880 372/695/886 370/696/887
s 29
f 417/762/883 416/761/882 370/688/888 371/687/889
s 32
usemtl phong5SG
f 418/763/890 429/766/891 430/765/892 419/764/893
f 419/764/893 430/765/892 431/768/894 420/767/895
f 420/767/895 431/768/894 432/770/896 421/769/897
f 421/769/897 432/770/896 433/772/898 422/771/899
f 422/771/899 433/772/898 434/774/900 423/773/901
f 423/773/901 434/774/900 435/776/902 424/775/903
usemtl initialShadingGroup
f 424/775/903 435/776/902 436/778/904 425/777/905
f 425/777/905 436/778/904 437/780/906 426/779/907
usemtl phong5SG
f 427/781/908 438/784/909 439/783/910 428/782/911
f 428/782/911 439/783/910 429/786/891 418/785/890
s 33
usemtl initialShadingGroup
f 419/787/912 440/789/913 418/788/914
f 420/790/915 440/789/913 419/787/912
f 421/791/916 440/789/913 420/790/915
f 422/792/917 440/789/913 421/791/916
f 423/793/918 440/789/913 422/792/917
f 424/794/919 440/789/913 423/793/918
f 428/795/920 440/789/913 427/796/921
f 418/788/914 440/789/913 428/795/920
s 34
f 429/797/922 441/799/923 430/798/924
f 430/798/924 441/799/923 431/800/925
f 431/800/925 441/799/923 432/801/926
f 432/801/926 441/799/923 433/802/927
f 433/802/927 441/799/923 434/803/928
f 434/803/928 441/799/923 435/804/929
f 438/805/930 441/799/923 439/806/931
f 439/806/931 441/799/923 429/797/922
s off
f 442/807/932 443/808/933 445/809/934 444/810/935
usemtl phong3SG
f 444/810/936 445/809/937 447/811/938 446/812/939
usemtl initialShadingGroup
f 448/813/940 449/814/941 443/815/942 442/816/943
usemtl phong3SG
f 448/817/944 442/807/945 444/810/946 446/818/947
usemtl initialShadingGroup
f 450/819/948 451/820/949 453/821/950 452/822/951
usemtl phong3SG
f 452/822/952 453/821/953 455/823/954 454/824/955
usemtl initialShadingGroup
f 456/825/956 457/826/957 451/827/958 450/828/959
usemtl phong3SG
f 451/820/960 457/829/961 455/830/962 453/821/963
s 35
usemtl initialShadingGroup
f 449/814/964 448/813/965 460/831/966 461/832/967
s 36
usemtl phong3SG
f 448/817/968 446/818/969 459/833/970 460/834/971
s 37
f 446/812/972 447/811/973 458/835/974 459/836/975
f 459/836/975 458/835/974 462/837/976 463/838/977
s 36
f 460/834/971 459/833/970 463/839/978 464/840/979
s 35
usemtl initialShadingGroup
f 461/832/967 460/831/966 464/841/980 465/842/981
s 37
usemtl phong3SG
f 463/838/977 462/837/976 466/843/982 467/844/983
s 36
f 464/840/979 463/839/978 467/845/984 468/846/985
s 35
usemtl initialShadingGroup
f 465/842/981 464/841/980 468/847/986 469/848/987
s 37
usemtl phong3SG
f 467/844/983 466/843/982 470/849/988 471/850/989
s 36
f 468/846/985 467/845/984 471/851/990 472/852/991
s 35
usemtl initialShadingGroup
f 469/848/987 468/847/986 472/853/992 473/854/993
s 37
usemtl phong3SG
f 471/850/989 470/849/988 474/855/994 475/856/995
s 36
f 472/852/991 471/851/990 475/857/996 476/858/997
s 35
usemtl initialShadingGroup
f 473/854/993 472/853/992 476/859/998 477/860/999
s 37
usemtl phong3SG
f 475/856/995 474/855/994 478/861/1000 479/862/1001
s 36
f 476/858/997 475/857/996 479/863/1002 480/864/1003
s 35
usemtl initialShadingGroup
f 477/860/999 476/859/998 480/865/1004 481/866/1005
s 37
usemtl phong3SG
f 479/862/1001 478/861/1000 482/867/1006 483/868/1007
s 36
f 480/864/1003 479/863/1002 483/869/1008 484/870/1009
s 35
usemtl initialShadingGroup
f 481/866/1005 480/865/1004 484/871/1010 485/872/1011
s 37
usemtl phong3SG
f 483/868/1007 482/867/1006 486/873/1012 487/874/1013
s 36
f 484/870/1009 483/869/1008 487/875/1014 488/876/1015
s 35
usemtl initialShadingGroup
f 485/872/1011 484/871/1010 488/877/1016 489/878/1017
s 37
usemtl phong3SG
f 487/874/1013 486/873/1012 490/879/1018 491/880/1019
s 36
f 488/876/1015 487/875/1014 491/881/1020 492/882/1021
s 35
usemtl initialShadingGroup
f 489/878/1017 488/877/1016 492/883/1022 493/884/1023
s 37
usemtl phong3SG
f 491/880/1019 490/879/1018 494/885/1024 495/886/1025
s 36
f 492/882/1021 491/881/1020 495/887/1026 496/888/1027
s 35
usemtl initialShadingGroup
f 493/884/1023 492/883/1022 496/889/1028 497/890/1029
s 37
usemtl phong3SG
f 495/886/1025 494/885/1024 498/891/1030 499/892/1031
s 36
f 496/888/1027 495/887/1026 499/893/1032 500/894/1033
s 35
usemtl initialShadingGroup
f 497/890/1029 496/889/1028 500/895/1034 501/896/1035
s 37
usemtl phong3SG
f 499/892/1031 498/891/1030 454/824/1036 455/823/1037
s 36
f 500/894/1033 499/893/1032 455/830/1038 457/829/1039
s 35
usemtl initialShadingGroup
f 501/896/1035 500/895/1034 457/826/1040 456/825/1041
s 38
usemtl phong5SG
f 502/897/1042 503/898/1043 513/899/1044 512/900/1045
f 503/898/1043 504/901/1046 514/902/1047 513/899/1044
f 504/901/1046 505/903/1048 515/904/1049 514/902/1047
f 505/903/1048 506/905/1050 516/906/1051 515/904/1049
f 506/905/1050 507/907/1052 517/908/1053 516/906/1051
f 507/907/1052 508/909/1054 518/910/1055 517/908/1053
f 508/909/1054 509/911/1056 519/912/1057 518/910/1055
f 510/913/1058 511/914/1059 521/915/1060 520/916/1061
f 511/914/1059 502/917/1042 512/918/1045 521/915/1060
s 39
usemtl initialShadingGroup
f 503/919/1062 502/920/1063 522/921/1064
f 504/922/1065 503/919/1062 522/921/1064
f 505/923/1066 504/922/1065 522/921/1064
f 506/924/1067 505/923/1066 522/921/1064
f 507/925/1068 506/924/1067 522/921/1064
f 508/926/1069 507/925/1068 522/921/1064
f 511/927/1070 510/928/1071 522/921/1064
f 502/920/1063 511/927/1070 522/921/1064
s 40
f 512/929/1072 513/930/1073 523/931/1074
f 513/930/1073 514/932/1075 523/931/1074
f 514/932/1075 515/933/1076 523/931/1074
f 515/933/1076 516/934/1077 523/931/1074
f 516/934/1077 517/935/1078 523/931/1074
f 517/935/1078 518/936/1079 523/931/1074
f 520/937/1080 521/938/1081 523/931/1074
f 521/938/1081 512/929/1072 523/931/1074
s 41
usemtl phong7SG
f 524/939/1082 525/940/1083 528/941/1084 527/942/1085
s 42
f 525/943/1086 526/944/1087 530/945/1088 528/946/1089
s 41
f 527/942/1085 528/941/1084 532/947/1090 531/948/1091
s 43
f 524/949/1092 527/950/1093 533/951/1094 529/952/1095
s 42
f 528/946/1089 530/953/1088 536/954/1096 532/955/1097
s 41
f 531/948/1091 532/947/1090 538/956/1098 537/957/1099
s 43
f 527/950/1093 531/958/1100 539/959/1101 533/960/1094
s 41
f 534/961/1102 540/962/1103 541/963/1104 535/964/1105
s 42
f 532/955/1097 536/965/1096 544/966/1106 538/967/1107
s 41
f 537/957/1099 538/956/1098 546/968/1108 545/969/1109
s 43
f 531/958/1100 537/970/1110 547/971/1111 539/972/1101
s 41
f 540/962/1103 548/973/1112 549/974/1113 541/963/1104
s 42
f 535/975/1114 541/976/1115 550/977/1116 542/978/1117
s 43
f 534/979/1118 543/980/1119 551/981/1120 540/982/1121
s 42
f 538/967/1107 544/983/1106 552/984/1122 546/985/1123
s 41
f 545/969/1109 546/968/1108 554/986/1124 553/987/1125
s 43
f 537/970/1110 545/988/1126 555/989/1127 547/990/1111
s 41
f 548/973/1112 556/991/1128 557/992/1129 549/974/1113
s 42
f 541/976/1115 549/993/1130 558/994/1131 550/995/1116
s 43
f 540/982/1121 551/996/1120 559/997/1132 548/998/1133
s 42
f 546/985/1123 552/999/1122 560/1000/1134 554/1001/1135
s 41
f 553/987/1125 554/986/1124 561/1002/1136 562/1003/1137
s 43
f 545/988/1126 553/1004/1138 563/1005/1139 555/1006/1127
s 41
f 556/991/1128 562/1003/1137 561/1002/1136 557/992/1129
s 42
f 549/993/1130 557/1007/1140 564/1008/1141 558/1009/1131
s 43
f 548/998/1133 559/1010/1132 565/1011/1142 556/1012/1143
s 42
f 554/1001/1135 560/1013/1134 566/1014/1144 561/1015/1145
s 43
f 553/1004/1138 562/1016/1146 567/1017/1147 563/1018/1139
s 42
f 557/1007/1140 561/1015/1145 566/1019/1144 564/1020/1141
s 43
f 556/1012/1143 565/1021/1142 567/1022/1147 562/1016/1146
s off
f 526/1023/1148 529/1024/1149 533/1025/1150 530/1026/1151
f 530/1027/1152 533/1028/1153 539/1029/1154 536/1030/1155
f 536/1031/1156 539/1032/1157 547/1033/1158 544/1034/1159
f 544/1035/1160 547/1036/1161 555/1037/1162 552/1038/1163
f 542/1039/1164 550/1040/1165 551/1041/1166 543/1042/1167
f 552/1043/1168 555/1044/1169 563/1045/1170 560/1046/1171
f 550/1047/1172 558/1048/1173 559/1049/1174 551/1050/1175
f 560/1051/1176 563/1052/1177 567/1053/1178 566/1054/1179
f 558/1055/1180 564/1056/1181 565/1057/1182 559/1058/1183
f 564/1059/1184 566/1060/1185 567/1061/1186 565/1062/1187
usemtl initialShadingGroup
f 568/1063/1188 569/1064/1189 570/1065/1190
s 47
usemtl lambert6SG
f 571/1066/1191 572/1067/1192 587/1068/1193 586/1069/1194
f 572/1067/1192 573/1070/1195 588/1071/1196 587/1068/1193
usemtl phong8SG
f 573/1070/1195 574/1072/1197 589/1073/1198 588/1071/1196
f 574/1072/1197 575/1074/1199 590/1075/1200 589/1073/1198
usemtl lambert6SG
f 575/1074/1199 576/1076/1201 591/1077/1202 590/1075/1200
f 576/1076/1201 577/1078/1203 592/1079/1204 591/1077/1202
f 577/1078/1203 578/1080/1205 593/1081/1206 592/1079/1204
usemtl initialShadingGroup
f 578/1080/1205 579/1082/1207 594/1083/1208 593/1081/1206
f 579/1082/1207 580/1084/1209 595/1085/1210 594/1083/1208
f 582/1086/1211 583/1087/1212 598/1088/1213 597/1089/1214
usemtl lambert6SG
f 583/1087/1212 584/1090/1215 599/1091/1216 598/1088/1213
f 584/1090/1215 585/1092/1217 600/1093/1218 599/1091/1216
f 585/1092/1217 571/1094/1191 586/1095/1194 600/1093/1218
s 49
usemtl initialShadingGroup
f 572/1096/1219 571/1097/1220 601/1098/1221
f 573/1099/1222 572/1096/1219 601/1098/1221
f 574/1100/1223 573/1099/1222 601/1098/1221
f 575/1101/1224 574/1100/1223 601/1098/1221
f 576/1102/1225 575/1101/1224 601/1098/1221
f 577/1103/1226 576/1102/1225 601/1098/1221
f 578/1104/1227 577/1103/1226 601/1098/1221
f 579/1105/1228 578/1104/1227 601/1098/1221
f 580/1106/1229 579/1105/1228 601/1098/1221
f 581/1107/1230 580/1106/1229 601/1098/1221
f 584/1108/1231 583/1109/1232 601/1098/1221
f 585/1110/1233 584/1108/1231 601/1098/1221
f 571/1097/1220 585/1110/1233 601/1098/1221
s 51
f 586/1111/1234 587/1112/1235 602/1113/1236
f 587/1112/1235 588/1114/1237 602/1113/1236
f 588/1114/1237 589/1115/1238 602/1113/1236
f 589/1115/1238 590/1116/1239 602/1113/1236
f 590/1116/1239 591/1117/1240 602/1113/1236
f 591/1117/1240 592/1118/1241 602/1113/1236
f 592/1118/1241 593/1119/1242 602/1113/1236
f 593/1119/1242 594/1120/1243 602/1113/1236
f 594/1120/1243 595/1121/1244 602/1113/1236
f 595/1121/1244 596/1122/1245 602/1113/1236
f 597/1123/1246 598/1124/1247 602/1113/1236
f 598/1124/1247 599/1125/1248 602/1113/1236
f 599/1125/1248 600/1126/1249 602/1113/1236
f 600/1126/1249 586/1111/1234 602/1113/1236
s 53
usemtl phong7SG
f 603/1127/1250 604/1128/1251 624/1129/1252 623/1130/1253
f 604/1128/1251 605/1131/1254 625/1132/1255 624/1129/1252
f 605/1131/1254 606/1133/1256 626/1134/1257 625/1132/1255
f 606/1133/1256 607/1135/1258 627/1136/1259 626/1134/1257
f 607/1135/1258 608/1137/1260 628/1138/1261 627/1136/1259
f 608/1137/1260 609/1139/1262 629/1140/1263 628/1138/1261
f 609/1139/1262 610/1141/1264 630/1142/1265 629/1140/1263
f 610/1141/1264 611/1143/1266 631/1144/1267 630/1142/1265
f 611/1143/1266 612/1145/1268 632/1146/1269 631/1144/1267
f 612/1145/1268 613/1147/1270 633/1148/1271 632/1146/1269
f 613/1147/1270 614/1149/1272 634/1150/1273 633/1148/1271
f 614/1149/1272 615/1151/1274 635/1152/1275 634/1150/1273
f 615/1151/1274 616/1153/1276 636/1154/1277 635/1152/1275
f 616/1153/1276 617/1155/1278 637/1156/1279 636/1154/1277
f 617/1155/1278 618/1157/1280 638/1158/1281 637/1156/1279
f 618/1157/1280 619/1159/1282 639/1160/1283 638/1158/1281
f 619/1159/1282 620/1161/1284 640/1162/1285 639/1160/1283
f 620/1161/1284 621/1163/1286 641/1164/1287 640/1162/1285
f 621/1163/1286 622/1165/1288 642/1166/1289 641/1164/1287
f 622/1165/1288 603/1167/1250 623/1168/1253 642/1166/1289
s 54
f 604/1169/1290 603/1170/1291 643/1171/1292
f 605/1172/1293 604/1169/1290 643/1171/1292
f 606/1173/1294 605/1172/1293 643/1171/1292
f 607/1174/1295 606/1173/1294 643/1171/1292
f 608/1175/1296 607/1174/1295 643/1171/1292
f 609/1176/1297 608/1175/1296 643/1171/1292
f 610/1177/1298 609/1176/1297 643/1171/1292
f 611/1178/1299 610/1177/1298 643/1171/1292
f 612/1179/1300 611/1178/1299 643/1171/1292
f 613/1180/1301 612/1179/1300 643/1171/1292
f 614/1181/1302 613/1180/1301 643/1171/1292
f 615/1182/1303 614/1181/1302 643/1171/1292
f 616/1183/1304 615/1182/1303 643/1171/1292
f 617/1184/1305 616/1183/1304 643/1171/1292
f 618/1185/1306 617/1184/1305 643/1171/1292
f 619/1186/1307 618/1185/1306 643/1171/1292
f 620/1187/1308 619/1186/1307 643/1171/1292
f 621/1188/1309 620/1187/1308 643/1171/1292
f 622/1189/1310 621/1188/1309 643/1171/1292
f 603/1170/1291 622/1189/1310 643/1171/1292
s 55
f 623/1190/1311 624/1191/1312 644/1192/1313
f 624/1191/1312 625/1193/1314 644/1192/1313
f 625/1193/1314 626/1194/1315 644/1192/1313
f 626/1194/1315 627/1195/1316 644/1192/1313
f 627/1195/1316 628/1196/1317 644/1192/1313
f 628/1196/1317 629/1197/1318 644/1192/1313
f 629/1197/1318 630/1198/1319 644/1192/1313
f 630/1198/1319 631/1199/1320 644/1192/1313
f 631/1199/1320 632/1200/1321 644/1192/1313
f 632/1200/1321 633/1201/1322 644/1192/1313
f 633/1201/1322 634/1202/1323 644/1192/1313
f 634/1202/1323 635/1203/1324 644/1192/1313
f 635/1203/1324 636/1204/1325 644/1192/1313
f 636/1204/1325 637/1205/1326 644/1192/1313
f 637/1205/1326 638/1206/1327 644/1192/1313
f 638/1206/1327 639/1207/1328 644/1192/1313
f 639/1207/1328 640/1208/1329 644/1192/1313
f 640/1208/1329 641/1209/1330 644/1192/1313
f 641/1209/1330 642/1210/1331 644/1192/1313
f 642/1210/1331 623/1190/1311 644/1192/1313
s off
usemtl phong3SG
f 645/1211/1332 646/1212/1333 648/1213/1334 647/1214/1335
f 647/1214/1336 648/1213/1337 650/1215/1338 649/1216/1339
f 649/1216/1340 650/1215/1341 652/1217/1342 651/1218/1343
f 651/1218/1344 652/1217/1345 646/1219/1346 645/1220/1347
f 646/1212/1348 652/1221/1349 650/1222/1350 648/1213/1351
f 651/1223/1352 645/1211/1353 647/1214/1354 649/1224/1355
s 56
usemtl phong5SG
f 653/1225/1356 662/1228/1357 663/1227/1358 654/1226/1359
f 654/1226/1359 663/1227/1358 664/1230/1360 655/1229/1361
f 655/1229/1361 664/1230/1360 665/1232/1362 656/1231/1363
f 656/1231/1363 665/1232/1362 666/1234/1364 657/1233/1365
usemtl initialShadingGroup
f 657/1233/1365 666/1234/1364 667/1236/1366 658/1235/1367
usemtl phong5SG
f 660/1237/1368 669/1240/1369 670/1239/1370 661/1238/1371
f 661/1238/1371 670/1239/1370 662/1242/1357 653/1241/1356
s 57
usemtl initialShadingGroup
f 654/1243/1372 671/1245/1373 653/1244/1374
f 655/1246/1375 671/1245/1373 654/1243/1372
f 656/1247/1376 671/1245/1373 655/1246/1375
f 657/1248/1377 671/1245/1373 656/1247/1376
f 658/1249/1378 671/1245/1373 657/1248/1377
f 659/1250/1379 671/1245/1373 658/1249/1378
f 661/1251/1380 671/1245/1373 660/1252/1381
f 653/1244/1374 671/1245/1373 661/1251/1380
s 58
f 662/1253/1382 672/1255/1383 663/1254/1384
f 663/1254/1384 672/1255/1383 664/1256/1385
f 664/1256/1385 672/1255/1383 665/1257/1386
f 665/1257/1386 672/1255/1383 666/1258/1387
f 666/1258/1387 672/1255/1383 667/1259/1388
f 667/1259/1388 672/1255/1383 668/1260/1389
f 669/1261/1390 672/1255/1383 670/1262/1391
f 670/1262/1391 672/1255/1383 662/1253/1382
s off
usemtl phong3SG
f 673/1263/1392 674/1264/1393 676/1265/1394 675/1266/1395
f 675/1266/1396 676/1265/1397 678/1267/1398 677/1268/1399
f 677/1268/1400 678/1267/1401 680/1269/1402 679/1270/1403
f 679/1270/1404 680/1269/1405 674/1271/1406 673/1272/1407
f 674/1264/1408 680/1273/1409 678/1274/1410 676/1265/1411
f 679/1275/1412 673/1263/1413 675/1266/1414 677/1276/1415
f 681/1277/1416 682/1278/1417 684/1279/1418 683/1280/1419
f 683/1280/1420 684/1279/1421 686/1281/1422 685/1282/1423
f 685/1282/1424 686/1281/1425 688/1283/1426 687/1284/1427
f 687/1284/1428 688/1283/1429 682/1285/1430 681/1286/1431
f 682/1278/1432 688/1287/1433 686/1288/1434 684/1279/1435
f 687/1289/1436 681/1277/1437 683/1280/1438 685/1290/1439
s 59
usemtl lambert6SG
f 689/1291/1440 705/1294/1441 706/1293/1442 690/1292/1443
f 690/1292/1443 706/1293/1442 707/1296/1444 691/1295/1445
usemtl phong8SG
f 691/1297/1445 707/1300/1444 708/1299/1446 692/1298/1447
f 692/1298/1447 708/1299/1446 709/1302/1448 693/1301/1449
usemtl lambert6SG
f 693/1303/1449 709/1306/1448 710/1305/1450 694/1304/1451
f 694/1304/1451 710/1305/1450 711/1308/1452 695/1307/1453
f 695/1307/1453 711/1308/1452 712/1310/1454 696/1309/1455
usemtl initialShadingGroup
f 696/1311/1455 712/1314/1454 713/1313/1456 697/1312/1457
f 697/1312/1457 713/1313/1456 714/1316/1458 698/1315/1459
f 701/1317/1460 717/1320/1461 718/1319/1462 702/1318/1463
usemtl lambert6SG
f 702/1321/1463 718/1324/1462 719/1323/1464 703/1322/1465
f 703/1322/1465 719/1323/1464 720/1326/1466 704/1325/1467
f 704/1325/1467 720/1326/1466 705/1294/1441 689/1291/1440
s 61
usemtl initialShadingGroup
f 690/1327/1468 721/1329/1469 689/1328/1470
f 691/1330/1471 721/1329/1469 690/1327/1468
f 692/1331/1472 721/1329/1469 691/1330/1471
f 693/1332/1473 721/1329/1469 692/1331/1472
f 694/1333/1474 721/1329/1469 693/1332/1473
f 695/1334/1475 721/1329/1469 694/1333/1474
f 696/1335/1476 721/1329/1469 695/1334/1475
f 697/1336/1477 721/1329/1469 696/1335/1476
f 698/1337/1478 721/1329/1469 697/1336/1477
f 699/1338/1479 721/1329/1469 698/1337/1478
f 700/1339/1480 721/1329/1469 699/1338/1479
f 702/1340/1481 721/1329/1469 701/1341/1482
f 703/1342/1483 721/1329/1469 702/1340/1481
f 704/1343/1484 721/1329/1469 703/1342/1483
f 689/1328/1470 721/1329/1469 704/1343/1484
s 63
f 705/1344/1485 722/1346/1486 706/1345/1487
f 706/1345/1487 722/1346/1486 707/1347/1488
f 707/1347/1488 722/1346/1486 708/1348/1489
f 708/1348/1489 722/1346/1486 709/1349/1490
f 709/1349/1490 722/1346/1486 710/1350/1491
f 710/1350/1491 722/1346/1486 711/1351/1492
f 711/1351/1492 722/1346/1486 712/1352/1493
f 712/1352/1493 722/1346/1486 713/1353/1494
f 713/1353/1494 722/1346/1486 714/1354/1495
f 714/1354/1495 722/1346/1486 715/1355/1496
f 715/1355/1496 722/1346/1486 716/1356/1497
f 717/1357/1498 722/1346/1486 718/1358/1499
f 718/1358/1499 722/1346/1486 719/1359/1500
f 719/1359/1500 722/1346/1486 720/1360/1501
f 720/1360/1501 722/1346/1486 705/1344/1485
s off
f 723/1361/1502 724/1362/1503 725/1363/1504
usemtl phong5SG
f 726/1364/1505 728/1367/1506 729/1366/1507 727/1365/1508
f 728/1367/1509 730/1369/1510 731/1368/1511 729/1366/1512
f 730/1369/1513 732/1371/1514 733/1370/1515 731/1368/1516
f 732/1371/1517 726/1373/1518 727/1372/1519 733/1370/1520
f 727/1365/1521 729/1366/1522 731/1375/1523 733/1374/1524
f 732/1376/1525 730/1377/1526 728/1367/1527 726/1364/1528
usemtl initialShadingGroup
f 734/1378/1529 736/1380/1530 735/1379/1531
usemtl phong3SG
f 737/1381/1532 738/1382/1533 739/1383/1534 740/1384/1535
f 737/1385/1536 741/1386/1537 747/1387/1538 738/1388/1539
f 739/1383/1540 752/1389/1541 746/1390/1542 740/1384/1543
f 741/1386/1544 746/1390/1545 752/1389/1546 747/1387/1547
f 744/1391/1548 750/1392/1549 749/1393/1550 745/1394/1551
f 742/1395/1552 745/1396/1553 749/1397/1554 748/1398/1555
f 743/1399/1556 751/1400/1557 750/1392/1558 744/1391/1559
f 742/1395/1560 748/1398/1561 751/1400/1562 743/1399/1563
f 737/1381/1564 740/1384/1565 746/1401/1566 741/1402/1567 742/1403/1568 743/1404/1569 744/1405/1570 745/1406/1571
f 747/1407/1572 752/1408/1573 739/1383/1574 738/1382/1575 748/1409/1576 749/1410/1577 750/1411/1578 751/1412/1579
usemtl initialShadingGroup
f 753/1413/1580 754/1414/1581 756/1415/1582 755/1416/1583
f 755/1416/1584 756/1415/1585 758/1417/1586 757/1418/1587
usemtl phong3SG
f 757/1418/1588 758/1417/1589 760/1419/1590 759/1420/1591
usemtl initialShadingGroup
f 759/1420/1592 760/1419/1593 754/1421/1594 753/1422/1595
usemtl phong3SG
f 754/1414/1596 760/1423/1597 758/1424/1598 756/1415/1599
usemtl initialShadingGroup
f 759/1425/1600 753/1413/1601 755/1416/1602 757/1426/1603
f 761/1427/1604 763/1428/1605 764/1429/1606 762/1430/1607
usemtl phong3SG
f 763/1428/1608 765/1431/1609 766/1432/1610 764/1429/1611
usemtl initialShadingGroup
f 767/1433/1612 761/1434/1613 762/1435/1614 768/1436/1615
f 767/1437/1616 765/1438/1617 763/1428/1618 761/1427/1619
f 769/1439/1620 771/1440/1621 772/1441/1622 770/1442/1623
usemtl phong3SG
f 771/1440/1624 773/1443/1625 774/1444/1626 772/1441/1627
usemtl initialShadingGroup
f 775/1445/1628 769/1446/1629 770/1447/1630 776/1448/1631
usemtl phong3SG
f 770/1442/1632 772/1441/1633 774/1449/1634 776/1450/1635
s 65
f 766/1432/1636 765/1431/1637 779/1451/1638 780/1452/1639
s 66
f 765/1438/1640 767/1437/1641 778/1453/1642 779/1454/1643
s 67
usemtl initialShadingGroup
f 767/1433/1644 768/1436/1645 777/1455/1646 778/1456/1647
f 778/1456/1647 777/1455/1646 781/1457/1648 782/1458/1649
s 66
usemtl phong3SG
f 779/1454/1643 778/1453/1642 782/1459/1650 783/1460/1651
s 65
f 780/1452/1639 779/1451/1638 783/1461/1652 784/1462/1653
s 67
f 782/1458/1649 781/1457/1648 785/1463/1654 786/1464/1655
s 66
usemtl phong3SG
f 783/1460/1651 782/1459/1650 786/1465/1656 787/1466/1657
s 65
f 784/1462/1653 783/1461/1652 787/1467/1658 788/1468/1659
s 67
f 786/1464/1655 785/1463/1654 789/1469/1660 790/1470/1661
s 66
usemtl phong3SG
f 787/1466/1657 786/1465/1656 790/1471/1662 791/1472/1663
s 65
f 788/1468/1659 787/1467/1658 791/1473/1664 792/1474/1665
s 67
f 790/1470/1661 789/1469/1660 793/1475/1666 794/1476/1667
s 66
usemtl phong3SG
f 791/1472/1663 790/1471/1662 794/1477/1668 795/1478/1669
s 65
f 792/1474/1665 791/1473/1664 795/1479/1670 796/1480/1671
s 67
f 794/1476/1667 793/1475/1666 797/1481/1672 798/1482/1673
s 66
usemtl phong3SG
f 795/1478/1669 794/1477/1668 798/1483/1674 799/1484/1675
s 65
f 796/1480/1671 795/1479/1670 799/1485/1676 800/1486/1677
s 67
f 798/1482/1673 797/1481/1672 801/1487/1678 802/1488/1679
s 66
usemtl phong3SG
f 799/1484/1675 798/1483/1674 802/1489/1680 803/1490/1681
s 65
f 800/1486/1677 799/1485/1676 803/1491/1682 804/1492/1683
s 67
f 802/1488/1679 801/1487/1678 805/1493/1684 806/1494/1685
s 66
usemtl phong3SG
f 803/1490/1681 802/1489/1680 806/1495/1686 807/1496/1687
s 65
f 804/1492/1683 803/1491/1682 807/1497/1688 808/1498/1689
s 67
f 806/1494/1685 805/1493/1684 809/1499/1690 810/1500/1691
s 66
usemtl phong3SG
f 807/1496/1687 806/1495/1686 810/1501/1692 811/1502/1693
s 65
f 808/1498/1689 807/1497/1688 811/1503/1694 812/1504/1695
s 67
f 810/1500/1691 809/1499/1690 813/1505/1696 814/1506/1697
s 66
usemtl phong3SG
f 811/1502/1693 810/1501/1692 814/1507/1698 815/1508/1699
s 65
f 812/1504/1695 811/1503/1694 815/1509/1700 816/1510/1701
s 67
f 814/1506/1697 813/1505/1696 817/1511/1702 818/1512/1703
s 66
usemtl phong3SG
f 815/1508/1699 814/1507/1698 818/1513/1704 819/1514/1705
s 65
f 816/1510/1701 815/1509/1700 819/1515/1706 820/1516/1707
s 67
f 818/1512/1703 817/1511/1702 775/1445/1708 776/1448/1709
s 66
usemtl phong3SG
f 819/1514/1705 818/1513/1704 776/1450/1710 774/1449/1711
s 65
f 820/1516/1707 819/1515/1706 774/1444/1712 773/1443/1713
s 68
f 821/1517/1714 844/1520/1715 845/1519/1716 822/1518/1717
f 822/1518/1717 845/1519/1716 846/1522/1718 823/1521/1719
f 823/1521/1719 846/1522/1718 833/1524/1720 824/1523/1721
f 824/1523/1721 833/1524/1720 834/1526/1722 825/1525/1723
f 825/1525/1723 834/1526/1722 835/1528/1724 826/1527/1725
f 826/1527/1725 835/1528/1724 836/1530/1726 827/1529/1727
f 827/1529/1727 836/1530/1726 837/1532/1728 828/1531/1729
f 828/1531/1729 837/1532/1728 838/1534/1730 829/1533/1731
f 829/1533/1731 838/1534/1730 839/1536/1732 830/1535/1733
s 69
f 824/1537/1734 843/1539/1735 823/1538/1736
f 825/1540/1737 843/1539/1735 824/1537/1734
f 826/1541/1738 843/1539/1735 825/1540/1737
f 827/1542/1739 843/1539/1735 826/1541/1738
f 828/1543/1740 843/1539/1735 827/1542/1739
f 829/1544/1741 843/1539/1735 828/1543/1740
f 830/1545/1742 843/1539/1735 829/1544/1741
f 831/1546/1743 843/1539/1735 830/1545/1742
s 70
f 846/1547/1744 847/1549/1745 833/1548/1746
f 833/1548/1746 847/1549/1745 834/1550/1747
f 834/1550/1747 847/1549/1745 835/1551/1748
f 835/1551/1748 847/1549/1745 836/1552/1749
f 836/1552/1749 847/1549/1745 837/1553/1750
f 837/1553/1750 847/1549/1745 838/1554/1751
f 838/1554/1751 847/1549/1745 839/1555/1752
f 839/1555/1752 847/1549/1745 840/1556/1753
f 840/1556/1753 847/1549/1745 841/1557/1754
f 841/1557/1754 847/1549/1745 842/1558/1755
f 842/1558/1755 847/1549/1745 832/1559/1756
s off
usemtl initialShadingGroup
f 848/1560/1757 849/1561/1758 851/1562/1759 850/1563/1760
f 850/1563/1761 851/1562/1762 853/1564/1763 852/1565/1764
usemtl phong3SG
f 854/1566/1765 855/1567/1766 849/1568/1767 848/1569/1768
usemtl initialShadingGroup
f 849/1561/1769 855/1570/1770 853/1571/1771 851/1562/1772
f 854/1572/1773 848/1560/1774 850/1563/1775 852/1573/1776
f 856/1574/1777 857/1575/1778 859/1576/1779 858/1577/1780
usemtl phong3SG
f 858/1577/1781 859/1576/1782 861/1578/1783 860/1579/1784
usemtl initialShadingGroup
f 862/1580/1785 863/1581/1786 857/1582/1787 856/1583/1788
f 857/1575/1789 863/1584/1790 861/1585/1791 859/1576/1792
f 862/1586/1793 856/1574/1794 858/1577/1795 860/1587/1796
s 71
usemtl phong3SG
f 852/1565/1797 853/1564/1798 866/1588/1799 867/1589/1800
s 72
f 853/1571/1801 855/1570/1802 865/1590/1803 866/1591/1804
s 73
f 855/1567/1805 854/1566/1806 864/1592/1807 865/1593/1808
f 865/1593/1808 864/1592/1807 868/1594/1809 869/1595/1810
s 72
f 866/1591/1804 865/1590/1803 869/1596/1811 870/1597/1812
s 71
f 867/1589/1800 866/1588/1799 870/1598/1813 871/1599/1814
s 73
f 869/1595/1810 868/1594/1809 872/1600/1815 873/1601/1816
s 72
f 870/1597/1812 869/1596/1811 873/1602/1817 874/1603/1818
s 71
f 871/1599/1814 870/1598/1813 874/1604/1819 875/1605/1820
s 73
f 873/1601/1816 872/1600/1815 876/1606/1821 877/1607/1822
s 72
f 874/1603/1818 873/1602/1817 877/1608/1823 878/1609/1824
s 71
f 875/1605/1820 874/1604/1819 878/1610/1825 879/1611/1826
s 73
f 877/1607/1822 876/1606/1821 880/1612/1827 881/1613/1828
s 72
f 878/1609/1824 877/1608/1823 881/1614/1829 882/1615/1830
s 71
f 879/1611/1826 878/1610/1825 882/1616/1831 883/1617/1832
s 73
usemtl initialShadingGroup
f 881/1613/1828 880/1612/1827 884/1618/1833 885/1619/1834
s 72
usemtl phong3SG
f 882/1615/1830 881/1614/1829 885/1620/1835 886/1621/1836
s 71
f 883/1617/1832 882/1616/1831 886/1622/1837 887/1623/1838
s 73
f 885/1619/1834 884/1618/1833 888/1624/1839 889/1625/1840
s 72
f 886/1621/1836 885/1620/1835 889/1626/1841 890/1627/1842
s 71
f 887/1623/1838 886/1622/1837 890/1628/1843 891/1629/1844
s 73
usemtl initialShadingGroup
f 889/1625/1840 888/1624/1839 892/1630/1845 893/1631/1846
s 72
usemtl phong3SG
f 890/1627/1842 889/1626/1841 893/1632/1847 894/1633/1848
s 71
f 891/1629/1844 890/1628/1843 894/1634/1849 895/1635/1850
s 73
usemtl initialShadingGroup
f 893/1631/1846 892/1630/1845 896/1636/1851 897/1637/1852
s 72
usemtl phong3SG
f 894/1633/1848 893/1632/1847 897/1638/1853 898/1639/1854
s 71
f 895/1635/1850 894/1634/1849 898/1640/1855 899/1641/1856
s 73
usemtl initialShadingGroup
f 897/1637/1852 896/1636/1851 900/1642/1857 901/1643/1858
s 72
usemtl phong3SG
f 898/1639/1854 897/1638/1853 901/1644/1859 902/1645/1860
s 71
f 899/1641/1856 898/1640/1855 902/1646/1861 903/1647/1862
s 73
usemtl initialShadingGroup
f 901/1643/1858 900/1642/1857 904/1648/1863 905/1649/1864
s 72
usemtl phong3SG
f 902/1645/1860 901/1644/1859 905/1650/1865 906/1651/1866
s 71
f 903/1647/1862 902/1646/1861 906/1652/1867 907/1653/1868
s 73
usemtl initialShadingGroup
f 905/1649/1864 904/1648/1863 863/1581/1869 862/1580/1870
s 72
usemtl phong3SG
f 906/1651/1866 905/1650/1865 862/1586/1871 860/1587/1872
s 71
f 907/1653/1868 906/1652/1867 860/1579/1873 861/1578/1874
s 74
usemtl phong7SG
f 962/1654/1875 963/1655/1876 919/1656/1877
f 964/1657/1878 965/1658/1879 920/1659/1880
f 966/1660/1881 967/1661/1882 921/1662/1883
f 968/1663/1884 969/1664/1885 922/1665/1886
f 951/1666/1887 952/1667/1888 925/1668/1889
f 952/1667/1888 953/1669/1890 925/1668/1889
f 954/1670/1891 955/1671/1892 926/1672/1893
f 956/1673/1894 957/1674/1895 927/1675/1896
f 958/1676/1897 959/1677/1898 928/1678/1899
f 960/1679/1900 961/1680/1901 929/1681/1902
s 83
f 943/1682/1903 944/1683/1904 908/1684/1905
f 945/1685/1906 946/1686/1907 909/1687/1908
f 947/1688/1909 948/1689/1910 910/1690/1911
f 949/1691/1912 950/1692/1913 911/1693/1914
f 914/1694/1915 932/1695/1916 933/1696/1917
f 933/1696/1917 934/1697/1918 914/1694/1915
f 935/1698/1919 936/1699/1920 915/1700/1921
f 937/1701/1922 938/1702/1923 916/1703/1924
f 939/1704/1925 940/1705/1926 917/1706/1927
f 941/1707/1928 942/1708/1929 918/1709/1930
s 92
f 919/1710/1931 963/1711/1932 920/1712/1933 931/1713/1934
f 920/1712/1933 965/1714/1935 921/1715/1936 931/1713/1934
f 921/1715/1936 967/1716/1937 922/1717/1938 931/1713/1934
f 922/1717/1938 969/1718/1939 923/1719/1940 931/1713/1934
f 924/1720/1941 951/1721/1942 925/1722/1943 931/1713/1934
f 925/1722/1943 953/1723/1944 926/1724/1945 931/1713/1934
f 926/1724/1945 955/1725/1946 927/1726/1947 931/1713/1934
f 927/1726/1947 957/1727/1948 928/1728/1949 931/1713/1934
f 928/1728/1949 959/1729/1950 929/1730/1951 931/1713/1934
f 929/1730/1951 961/1731/1952 919/1710/1931 931/1713/1934
s 83
f 933/1696/1917 932/1695/1916 913/1732/1953 930/1733/1954
f 915/1700/1921 934/1697/1918 935/1698/1919
f 935/1698/1919 934/1697/1918 933/1696/1917 930/1733/1954
f 916/1703/1924 936/1699/1920 937/1701/1922
f 937/1701/1922 936/1699/1920 935/1698/1919 930/1733/1954
f 917/1706/1927 938/1702/1923 939/1704/1925
f 939/1704/1925 938/1702/1923 937/1701/1922 930/1733/1954
f 918/1709/1930 940/1705/1926 941/1707/1928
f 941/1707/1928 940/1705/1926 939/1704/1925 930/1733/1954
f 908/1684/1905 942/1708/1929 943/1682/1903
f 943/1682/1903 942/1708/1929 941/1707/1928 930/1733/1954
f 909/1687/1908 944/1683/1904 945/1685/1906
f 945/1685/1906 944/1683/1904 943/1682/1903 930/1733/1954
f 910/1690/1911 946/1686/1907 947/1688/1909
f 947/1688/1909 946/1686/1907 945/1685/1906 930/1733/1954
f 911/1693/1914 948/1689/1910 949/1691/1912
f 949/1691/1912 948/1689/1910 947/1688/1909 930/1733/1954
f 912/1734/1955 950/1692/1913 949/1691/1912 930/1733/1954
s 74
f 913/1735/1956 932/1736/1957 914/1737/1958 952/1667/1888 951/1666/1887 924/1738/1959
f 953/1669/1890 954/1670/1891 926/1672/1893
f 914/1737/1958 934/1739/1960 915/1740/1961 954/1670/1891 953/1669/1890 952/1667/1888
f 955/1671/1892 956/1673/1894 927/1675/1896
f 915/1740/1961 936/1741/1962 916/1742/1963 956/1673/1894 955/1671/1892 954/1670/1891
f 957/1674/1895 958/1676/1897 928/1678/1899
f 916/1742/1963 938/1743/1964 917/1744/1965 958/1676/1897 957/1674/1895 956/1673/1894
f 959/1677/1898 960/1679/1900 929/1681/1902
f 917/1744/1965 940/1745/1966 918/1746/1967 960/1679/1900 959/1677/1898 958/1676/1897
f 961/1680/1901 962/1747/1875 919/1748/1877
f 918/1746/1967 942/1749/1968 908/1750/1969 962/1747/1875 961/1680/1901 960/1679/1900
f 963/1655/1876 964/1657/1878 920/1659/1880
f 908/1751/1969 944/1752/1970 909/1753/1971 964/1657/1878 963/1655/1876 962/1654/1875
f 965/1658/1879 966/1660/1881 921/1662/1883
f 909/1753/1971 946/1754/1972 910/1755/1973 966/1660/1881 965/1658/1879 964/1657/1878
f 967/1661/1882 968/1663/1884 922/1665/1886
f 910/1755/1973 948/1756/1974 911/1757/1975 968/1663/1884 967/1661/1882 966/1660/1881
f 911/1757/1975 950/1758/1976 912/1759/1977 923/1760/1978 969/1664/1885 968/1663/1884
s off
usemtl initialShadingGroup
f 970/1761/1979 972/1764/1980 973/1763/1981 971/1762/1982
f 972/1764/1983 974/1766/1984 975/1765/1985 973/1763/1986
f 976/1767/1987 970/1770/1988 971/1769/1989 977/1768/1990
usemtl phong3SG
f 971/1762/1991 973/1763/1992 975/1772/1993 977/1771/1994
usemtl initialShadingGroup
f 976/1773/1995 974/1774/1996 972/1764/1997 970/1761/1998
f 978/1775/1999 980/1778/2000 981/1777/2001 979/1776/2002
usemtl phong3SG
f 980/1778/2003 982/1780/2004 983/1779/2005 981/1777/2006
usemtl initialShadingGroup
f 984/1781/2007 978/1784/2008 979/1783/2009 985/1782/2010
f 979/1776/2011 981/1777/2012 983/1786/2013 985/1785/2014
usemtl phong3SG
f 984/1787/2015 982/1788/2016 980/1778/2017 978/1775/2018
s 94
f 974/1766/2019 989/1790/2020 988/1789/2021 975/1765/2022
s 95
f 975/1772/2023 988/1792/2024 987/1791/2025 977/1771/2026
s 96
f 977/1768/2027 987/1794/2028 986/1793/2029 976/1767/2030
f 987/1794/2028 991/1796/2031 990/1795/2032 986/1793/2029
s 95
f 988/1792/2024 992/1798/2033 991/1797/2034 987/1791/2025
s 94
f 989/1790/2020 993/1800/2035 992/1799/2036 988/1789/2021
s 96
f 991/1796/2031 995/1802/2037 994/1801/2038 990/1795/2032
s 95
f 992/1798/2033 996/1804/2039 995/1803/2040 991/1797/2034
s 94
f 993/1800/2035 997/1806/2041 996/1805/2042 992/1799/2036
s 96
f 995/1802/2037 999/1808/2043 998/1807/2044 994/1801/2038
s 95
f 996/1804/2039 1000/1810/2045 999/1809/2046 995/1803/2040
s 94
f 997/1806/2041 1001/1812/2047 1000/1811/2048 996/1805/2042
s 96
f 999/1808/2043 1003/1814/2049 1002/1813/2050 998/1807/2044
s 95
f 1000/1810/2045 1004/1816/2051 1003/1815/2052 999/1809/2046
s 94
f 1001/1812/2047 1005/1818/2053 1004/1817/2054 1000/1811/2048
s 96
f 1003/1814/2049 1007/1820/2055 1006/1819/2056 1002/1813/2050
s 95
f 1004/1816/2051 1008/1822/2057 1007/1821/2058 1003/1815/2052
s 94
f 1005/1818/2053 1009/1824/2059 1008/1823/2060 1004/1817/2054
s 96
f 1007/1820/2055 1011/1826/2061 1010/1825/2062 1006/1819/2056
s 95
f 1008/1822/2057 1012/1828/2063 1011/1827/2064 1007/1821/2058
s 94
f 1009/1824/2059 1013/1830/2065 1012/1829/2066 1008/1823/2060
s 96
f 1011/1826/2061 1015/1832/2067 1014/1831/2068 1010/1825/2062
s 95
f 1012/1828/2063 1016/1834/2069 1015/1833/2070 1011/1827/2064
s 94
f 1013/1830/2065 1017/1836/2071 1016/1835/2072 1012/1829/2066
s 96
f 1015/1832/2067 1019/1838/2073 1018/1837/2074 1014/1831/2068
s 95
f 1016/1834/2069 1020/1840/2075 1019/1839/2076 1015/1833/2070
s 94
f 1017/1836/2071 1021/1842/2077 1020/1841/2078 1016/1835/2072
s 96
f 1019/1838/2073 1023/1844/2079 1022/1843/2080 1018/1837/2074
s 95
f 1020/1840/2075 1024/1846/2081 1023/1845/2082 1019/1839/2076
s 94
f 1021/1842/2077 1025/1848/2083 1024/1847/2084 1020/1841/2078
s 96
f 1023/1844/2079 1027/1850/2085 1026/1849/2086 1022/1843/2080
s 95
f 1024/1846/2081 1028/1852/2087 1027/1851/2088 1023/1845/2082
s 94
f 1025/1848/2083 1029/1854/2089 1028/1853/2090 1024/1847/2084
s 96
f 1027/1850/2085 984/1781/2091 985/1782/2092 1026/1849/2086
s 95
f 1028/1852/2087 982/1788/2093 984/1787/2094 1027/1851/2088
s 94
f 1029/1854/2089 983/1779/2095 982/1780/2096 1028/1853/2090
s 97
usemtl phong5SG
f 1030/1855/2097 1031/1856/2098 1040/1857/2099 1039/1858/2100
f 1031/1856/2098 1032/1859/2101 1041/1860/2102 1040/1857/2099
f 1032/1859/2101 1033/1861/2103 1042/1862/2104 1041/1860/2102
f 1033/1861/2103 1034/1863/2105 1043/1864/2106 1042/1862/2104
f 1034/1863/2105 1035/1865/2107 1044/1866/2108 1043/1864/2106
usemtl initialShadingGroup
f 1035/1865/2107 1036/1867/2109 1045/1868/2110 1044/1866/2108
usemtl phong5SG
f 1037/1869/2111 1038/1870/2112 1047/1871/2113 1046/1872/2114
f 1038/1870/2112 1030/1873/2097 1039/1874/2100 1047/1871/2113
s 98
usemtl initialShadingGroup
f 1031/1875/2115 1030/1876/2116 1048/1877/2117
f 1032/1878/2118 1031/1875/2115 1048/1877/2117
f 1033/1879/2119 1032/1878/2118 1048/1877/2117
f 1034/1880/2120 1033/1879/2119 1048/1877/2117
f 1035/1881/2121 1034/1880/2120 1048/1877/2117
f 1036/1882/2122 1035/1881/2121 1048/1877/2117
f 1038/1883/2123 1037/1884/2124 1048/1877/2117
f 1030/1876/2116 1038/1883/2123 1048/1877/2117
s 99
f 1039/1885/2125 1040/1886/2126 1049/1887/2127
f 1040/1886/2126 1041/1888/2128 1049/1887/2127
f 1041/1888/2128 1042/1889/2129 1049/1887/2127
f 1042/1889/2129 1043/1890/2130 1049/1887/2127
f 1043/1890/2130 1044/1891/2131 1049/1887/2127
f 1044/1891/2131 1045/1892/2132 1049/1887/2127
f 1046/1893/2133 1047/1894/2134 1049/1887/2127
f 1047/1894/2134 1039/1885/2125 1049/1887/2127
s off
f 1050/1895/2135 1052/1898/2136 1053/1897/2137 1051/1896/2138
usemtl phong3SG
f 1052/1898/2139 1054/1900/2140 1055/1899/2141 1053/1897/2142
usemtl initialShadingGroup
f 1056/1901/2143 1050/1904/2144 1051/1903/2145 1057/1902/2146
usemtl phong3SG
f 1051/1896/2147 1053/1897/2148 1055/1906/2149 1057/1905/2150
usemtl initialShadingGroup
f 1056/1907/2151 1054/1908/2152 1052/1898/2153 1050/1895/2154
f 1058/1909/2155 1060/1912/2156 1061/1911/2157 1059/1910/2158
usemtl phong3SG
f 1060/1912/2159 1062/1914/2160 1063/1913/2161 1061/1911/2162
usemtl initialShadingGroup
f 1064/1915/2163 1058/1918/2164 1059/1917/2165 1065/1916/2166
f 1059/1910/2167 1061/1911/2168 1063/1920/2169 1065/1919/2170
usemtl phong3SG
f 1064/1921/2171 1062/1922/2172 1060/1912/2173 1058/1909/2174
s 100
f 1054/1900/2175 1069/1924/2176 1068/1923/2177 1055/1899/2178
s 101
f 1055/1906/2179 1068/1926/2180 1067/1925/2181 1057/1905/2182
s 102
usemtl initialShadingGroup
f 1057/1902/2183 1067/1928/2184 1066/1927/2185 1056/1901/2186
f 1067/1928/2184 1071/1930/2187 1070/1929/2188 1066/1927/2185
s 101
usemtl phong3SG
f 1068/1926/2180 1072/1932/2189 1071/1931/2190 1067/1925/2181
s 100
f 1069/1924/2176 1073/1934/2191 1072/1933/2192 1068/1923/2177
s 102
f 1071/1930/2187 1075/1936/2193 1074/1935/2194 1070/1929/2188
s 101
usemtl phong3SG
f 1072/1932/2189 1076/1938/2195 1075/1937/2196 1071/1931/2190
s 100
f 1073/1934/2191 1077/1940/2197 1076/1939/2198 1072/1933/2192
s 102
f 1075/1936/2193 1079/1942/2199 1078/1941/2200 1074/1935/2194
s 101
usemtl phong3SG
f 1076/1938/2195 1080/1944/2201 1079/1943/2202 1075/1937/2196
s 100
f 1077/1940/2197 1081/1946/2203 1080/1945/2204 1076/1939/2198
s 102
f 1079/1942/2199 1083/1948/2205 1082/1947/2206 1078/1941/2200
s 101
usemtl phong3SG
f 1080/1944/2201 1084/1950/2207 1083/1949/2208 1079/1943/2202
s 100
f 1081/1946/2203 1085/1952/2209 1084/1951/2210 1080/1945/2204
s 102
f 1083/1948/2205 1087/1954/2211 1086/1953/2212 1082/1947/2206
s 101
usemtl phong3SG
f 1084/1950/2207 1088/1956/2213 1087/1955/2214 1083/1949/2208
s 100
f 1085/1952/2209 1089/1958/2215 1088/1957/2216 1084/1951/2210
s 102
f 1087/1954/2211 1091/1960/2217 1090/1959/2218 1086/1953/2212
s 101
usemtl phong3SG
f 1088/1956/2213 1092/1962/2219 1091/1961/2220 1087/1955/2214
s 100
f 1089/1958/2215 1093/1964/2221 1092/1963/2222 1088/1957/2216
s 102
f 1091/1960/2217 1095/1966/2223 1094/1965/2224 1090/1959/2218
s 101
f 1092/1962/2219 1096/1968/2225 1095/1967/2226 1091/1961/2220
s 100
f 1093/1964/2221 1097/1970/2227 1096/1969/2228 1092/1963/2222
s 102
f 1095/1966/2223 1099/1972/2229 1098/1971/2230 1094/1965/2224
s 101
usemtl phong3SG
f 1096/1968/2225 1100/1974/2231 1099/1973/2232 1095/1967/2226
s 100
f 1097/1970/2227 1101/1976/2233 1100/1975/2234 1096/1969/2228
s 102
f 1099/1972/2229 1103/1978/2235 1102/1977/2236 1098/1971/2230
s 101
usemtl phong3SG
f 1100/1974/2231 1104/1980/2237 1103/1979/2238 1099/1973/2232
s 100
f 1101/1976/2233 1105/1982/2239 1104/1981/2240 1100/1975/2234
s 102
f 1103/1978/2235 1107/1984/2241 1106/1983/2242 1102/1977/2236
s 101
usemtl phong3SG
f 1104/1980/2237 1108/1986/2243 1107/1985/2244 1103/1979/2238
s 100
f 1105/1982/2239 1109/1988/2245 1108/1987/2246 1104/1981/2240
s 102
f 1107/1984/2241 1064/1915/2247 1065/1916/2248 1106/1983/2242
s 101
usemtl phong3SG
f 1108/1986/2243 1062/1922/2249 1064/1921/2250 1107/1985/2244
s 100
f 1109/1988/2245 1063/1913/2251 1062/1914/2252 1108/1987/2246
s 103
usemtl phong9SG
f 1110/1989/2253 1186/1990/2254 1187/1991/2255 1130/1992/2256
f 1111/1993/2257 1194/1994/2258 1195/1995/2259 1131/1996/2260
f 1255/1997/2261 1132/1998/2262 1112/1999/2263 1254/2000/2264 1202/2001/2265 1203/2002/2266
f 1113/2003/2267 1212/2004/2268 1213/2005/2269 1133/2006/2270
f 1245/2007/2271 1166/2008/2272 1167/2009/2273 1244/2010/2274
f 1237/2011/2275 1164/2012/2276 1165/2013/2277 1236/2014/2278
f 1229/2015/2279 1162/2016/2280 1163/2017/2281 1228/2018/2282
f 1221/2019/2283 1160/2020/2284 1161/2122/2285 1220/2123/2286
f 1183/2124/2287 1158/2125/2288 1159/2126/2289 1182/2127/2290
f 1129/2128/2291 1172/2129/2292 1173/2130/2293 1149/2131/2294
s 113
usemtl phong1SG
f 1192/2021/2295 1193/2022/2296 1177/2023/2297 1150/2024/2298
f 1200/2025/2299 1201/2026/2300 1192/2021/2295 1150/2024/2298
f 1263/2027/2301 1200/2025/2299 1150/2024/2298 1262/2028/2302 1208/2029/2303 1209/2030/2304
f 1262/2028/2302 1150/2024/2298 1210/2031/2305 1261/2032/2306 1211/2033/2307 1208/2029/2303
f 1115/2034/2308 1114/2035/2309 1210/2031/2305 1150/2024/2298
f 1116/2036/2310 1115/2037/2308 1150/2038/2298
f 1117/2039/2311 1116/2040/2310 1150/2024/2298
f 1118/2041/2312 1117/2039/2311 1150/2024/2298
f 1119/2042/2313 1118/2041/2312 1150/2024/2298
f 1120/2043/2314 1119/2042/2313 1150/2024/2298
f 1121/2044/2315 1120/2043/2314 1150/2024/2298
f 1122/2045/2316 1121/2044/2315 1150/2024/2298
f 1123/2046/2317 1122/2045/2316 1150/2024/2298
f 1124/2047/2318 1123/2046/2317 1150/2024/2298 1248/2048/2319
f 1250/2049/2320 1166/2050/2321 1245/2051/2322 1249/2052/2323
f 1247/2053/2324 1240/2054/2325 1164/2055/2326 1237/2056/2327
f 1239/2057/2328 1232/2058/2329 1162/2059/2330 1229/2060/2331
f 1231/2061/2332 1224/2062/2333 1160/2063/2334 1221/2064/2335
f 1223/2065/2336 1216/2066/2337 1158/2067/2338 1183/2068/2339
f 1185/2069/2340 1172/2070/2341 1129/2071/2342 1184/2072/2343
s 119
f 1174/2073/2344 1188/2074/2345 1189/2075/2346 1151/2076/2347
f 1189/2075/2346 1196/2077/2348 1197/2078/2349 1151/2076/2347
f 1257/2079/2350 1151/2076/2347 1197/2078/2349 1256/2080/2351 1204/2081/2352 1205/2082/2353
f 1258/2083/2354 1215/2084/2355 1151/2076/2347 1257/2079/2350 1205/2082/2353 1214/2085/2356
f 1134/2086/2357 1135/2087/2358 1151/2076/2347 1215/2084/2355
f 1135/2087/2358 1136/2088/2359 1151/2076/2347
f 1136/2088/2359 1137/2089/2360 1151/2076/2347
f 1137/2089/2360 1138/2090/2361 1151/2076/2347
f 1138/2090/2361 1139/2091/2362 1151/2076/2347
f 1139/2091/2362 1140/2092/2363 1151/2076/2347
f 1140/2092/2363 1141/2093/2364 1151/2076/2347
f 1141/2093/2364 1142/2094/2365 1151/2076/2347
f 1142/2094/2365 1143/2095/2366 1151/2076/2347
f 1143/2095/2366 1144/2096/2367 1253/2097/2368 1151/2076/2347
f 1244/2098/2369 1167/2099/2370 1251/2100/2371 1252/2101/2372
f 1236/2102/2373 1165/2103/2374 1241/2104/2375 1242/2105/2376
f 1228/2106/2377 1163/2107/2378 1233/2108/2379 1234/2109/2380
f 1220/2110/2381 1161/2111/2382 1225/2112/2383 1226/2113/2384
f 1182/2114/2385 1159/2115/2386 1217/2116/2387 1218/2117/2388
f 1149/2118/2389 1173/2119/2390 1180/2120/2391 1181/2121/2392
s 103
usemtl phong9SG
f 1152/2132/2393 1178/2133/2394 1179/2134/2395 1153/2135/2396
f 1176/2136/2397 1111/1993/2257 1131/1996/2260 1175/2137/2398
f 1191/2138/2399 1112/1999/2263 1132/1998/2262 1190/2139/2400
f 1158/2125/2288 1216/2140/2401 1217/2141/2402 1159/2126/2289
f 1160/2020/2284 1224/2146/2403 1225/2153/2404 1161/2122/2285
f 1162/2016/2280 1232/2154/2405 1233/2161/2406 1163/2017/2281
f 1164/2012/2276 1240/2171/2407 1241/2181/2408 1165/2013/2277
f 1166/2008/2272 1250/2192/2409 1251/2193/2410 1167/2009/2273
f 1199/2196/2411 1113/2003/2267 1133/2006/2270 1198/2197/2412
f 1260/2202/2413 1114/2203/2414 1134/2208/2415 1259/2209/2416 1206/5812/2417 1207/5813/2418
f 1172/2129/2292 1152/2132/2393 1153/2135/2396 1173/2130/2293
s 119
usemtl phong1SG
f 1180/2120/2391 1173/2119/2390 1153/2142/2419 1179/2143/2420
f 1130/2144/2421 1187/2145/2422 1188/2074/2345 1174/2073/2344
s 103
usemtl phong9SG
f 1154/5814/2423 1176/2136/2397 1175/2137/2398 1155/5815/2424
s 113
usemtl phong1SG
f 1177/2023/2297 1193/2022/2296 1186/2147/2425 1110/2148/2426
f 1185/2069/2340 1178/2149/2427 1152/2150/2428 1172/2070/2341
s 103
usemtl phong9SG
f 1178/2133/2394 1110/1989/2253 1130/1992/2256 1179/2134/2395
s 119
usemtl phong1SG
f 1174/2073/2344 1180/2120/2391 1179/2143/2420 1130/2144/2421
f 1181/2121/2392 1180/2120/2391 1174/2073/2344 1151/2076/2347
f 1148/2151/2429 1182/2114/2385 1218/2117/2388 1219/2152/2430
s 103
usemtl phong9SG
f 1128/5816/2431 1183/2124/2287 1182/2127/2290 1148/5817/2432
s 113
usemtl phong1SG
f 1223/2065/2336 1183/2068/2339 1128/2155/2433 1222/2156/2434
f 1177/2023/2297 1185/2069/2340 1184/2072/2343 1150/2024/2298
f 1110/2148/2426 1178/2149/2427 1185/2069/2340 1177/2023/2297
s 103
usemtl phong9SG
f 1186/1990/2254 1154/5814/2423 1155/5815/2424 1187/1991/2255
s 119
usemtl phong1SG
f 1188/2074/2345 1187/2145/2422 1155/2157/2435 1175/2158/2436
f 1189/2075/2346 1188/2074/2345 1175/2158/2436 1131/2159/2437
f 1131/2159/2437 1195/2160/2438 1196/2077/2348 1189/2075/2346
s 103
usemtl phong9SG
f 1156/5818/2439 1191/2138/2399 1190/2139/2400 1157/5819/2440
s 113
usemtl phong1SG
f 1192/2021/2295 1201/2026/2300 1194/2162/2441 1111/2163/2442
f 1111/2163/2442 1176/2164/2443 1193/2022/2296 1192/2021/2295
f 1186/2147/2425 1193/2022/2296 1176/2164/2443 1154/2165/2444
s 103
usemtl phong9SG
f 1194/1994/2258 1156/5818/2439 1157/5819/2440 1195/1995/2259
s 119
usemtl phong1SG
f 1196/2077/2348 1195/2160/2438 1157/2166/2445 1190/2167/2446
f 1197/2078/2349 1196/2077/2348 1190/2167/2446 1132/2168/2447
f 1256/2080/2351 1197/2078/2349 1132/2168/2447 1255/2169/2448 1203/2170/2449 1204/2081/2352
s 103
usemtl phong9SG
f 1168/5820/2450 1199/2196/2411 1198/2197/2412 1169/5821/2451
s 113
usemtl phong1SG
f 1254/2172/2452 1112/2173/2453 1200/2025/2299 1263/2027/2301 1209/2030/2304 1202/2174/2454
f 1112/2173/2453 1191/2175/2455 1201/2026/2300 1200/2025/2299
f 1194/2162/2441 1201/2026/2300 1191/2175/2455 1156/2176/2456
s 103
usemtl phong9SG
f 1202/2001/2265 1168/5820/2450 1169/5821/2451 1203/2002/2266
s 119
usemtl phong1SG
f 1204/2081/2352 1203/2170/2449 1169/2177/2457 1198/2178/2458
f 1205/2082/2353 1204/2081/2352 1198/2178/2458 1133/2179/2459
f 1133/2179/2459 1213/2180/2460 1214/2085/2356 1205/2082/2353
s 103
usemtl phong9SG
f 1170/5822/2461 1207/5813/2418 1206/5812/2417 1171/5823/2462
s 113
usemtl phong1SG
f 1208/2029/2303 1211/2033/2307 1212/2182/2463 1113/2183/2464
f 1113/2183/2464 1199/2184/2465 1209/2030/2304 1208/2029/2303
f 1202/2174/2454 1209/2030/2304 1199/2184/2465 1168/2185/2466
f 1261/2032/2306 1210/2031/2305 1114/2035/2309 1260/2186/2467 1207/2187/2468 1211/2033/2307
f 1212/2182/2463 1211/2033/2307 1207/2187/2468 1170/2188/2469
s 103
usemtl phong9SG
f 1213/2005/2269 1212/2004/2268 1170/5822/2461 1171/5823/2462
s 119
usemtl phong1SG
f 1214/2085/2356 1213/2180/2460 1171/2189/2470 1206/2190/2471
f 1259/2191/2472 1134/2086/2357 1215/2084/2355 1258/2083/2354 1214/2085/2356 1206/2190/2471
s 103
usemtl phong9SG
f 1216/2140/2401 1129/2128/2291 1149/2131/2294 1217/2141/2402
s 119
usemtl phong1SG
f 1218/2117/2388 1217/2116/2387 1149/2118/2389 1181/2121/2392
f 1219/2152/2430 1218/2117/2388 1181/2121/2392 1151/2076/2347
f 1147/2194/2473 1220/2110/2381 1226/2113/2384 1227/2195/2474
s 103
usemtl phong9SG
f 1127/5824/2475 1221/2019/2283 1220/2123/2286 1147/5825/2476
s 113
usemtl phong1SG
f 1231/2061/2332 1221/2064/2335 1127/2198/2477 1230/2199/2478
f 1184/2072/2343 1223/2065/2336 1222/2156/2434 1150/2024/2298
f 1129/2071/2342 1216/2066/2337 1223/2065/2336 1184/2072/2343
s 103
usemtl phong9SG
f 1224/2146/2403 1128/5816/2431 1148/5817/2432 1225/2153/2404
s 119
usemtl phong1SG
f 1226/2113/2384 1225/2112/2383 1148/2151/2429 1219/2152/2430
f 1227/2195/2474 1226/2113/2384 1219/2152/2430 1151/2076/2347
f 1146/2200/2479 1228/2106/2377 1234/2109/2380 1235/2201/2480
s 103
usemtl phong9SG
f 1126/5826/2481 1229/2015/2279 1228/2018/2282 1146/5827/2482
s 113
usemtl phong1SG
f 1239/2057/2328 1229/2060/2331 1126/2204/2483 1238/2205/2484
f 1222/2156/2434 1231/2061/2332 1230/2199/2478 1150/2024/2298
f 1128/2155/2433 1224/2062/2333 1231/2061/2332 1222/2156/2434
s 103
usemtl phong9SG
f 1232/2154/2405 1127/5824/2475 1147/5825/2476 1233/2161/2406
s 119
usemtl phong1SG
f 1234/2109/2380 1233/2108/2379 1147/2194/2473 1227/2195/2474
f 1235/2201/2480 1234/2109/2380 1227/2195/2474 1151/2076/2347
f 1145/2206/2485 1236/2102/2373 1242/2105/2376 1243/2207/2486
s 103
usemtl phong9SG
f 1125/5828/2487 1237/2011/2275 1236/2014/2278 1145/5829/2488
s 113
usemtl phong1SG
f 1247/2053/2324 1237/2056/2327 1125/2210/2489 1246/2211/2490
f 1230/2199/2478 1239/2057/2328 1238/2205/2484 1150/2024/2298
f 1127/2198/2477 1232/2058/2329 1239/2057/2328 1230/2199/2478
s 103
usemtl phong9SG
f 1240/2171/2407 1126/5826/2481 1146/5827/2482 1241/2181/2408
s 119
usemtl phong1SG
f 1242/2105/2376 1241/2104/2375 1146/2200/2479 1235/2201/2480
f 1243/2207/2486 1242/2105/2376 1235/2201/2480 1151/2076/2347
f 1144/2096/2367 1244/2098/2369 1252/2101/2372 1253/2097/2368
s 103
usemtl phong9SG
f 1124/5830/2491 1245/2007/2271 1244/2010/2274 1144/5831/2492
s 113
usemtl phong1SG
f 1249/2052/2323 1245/2051/2322 1124/2047/2318 1248/2048/2319
f 1238/2205/2484 1247/2053/2324 1246/2211/2490 1150/2024/2298
f 1126/2204/2483 1240/2054/2325 1247/2053/2324 1238/2205/2484
f 1246/2211/2490 1249/2052/2323 1248/2048/2319 1150/2024/2298
f 1125/2210/2489 1250/2049/2320 1249/2052/2323 1246/2211/2490
s 103
usemtl phong9SG
f 1251/2193/2410 1250/2192/2409 1125/5828/2487 1145/5829/2488
s 119
usemtl phong1SG
f 1252/2101/2372 1251/2100/2371 1145/2206/2485 1243/2207/2486
f 1253/2097/2368 1252/2101/2372 1243/2207/2486 1151/2076/2347
s off
usemtl initialShadingGroup
f 1264/2214/2493 1265/2215/2494 1267/2216/2495 1266/2217/2496
f 1266/2217/2497 1267/2216/2498 1279/2218/2499 1280/2219/2500 1281/2220/2501 1282/2221/2502 1283/2222/2503 1284/2223/2504 1269/2224/2505 1268/2225/2506 1286/2226/2507 1278/2227/2508 1277/2228/2509 1276/2229/2510 1275/2230/2511 1274/2231/2512 1273/2232/2513 1272/2233/2514 1285/2234/2515
f 1268/2225/2516 1269/2224/2517 1271/2235/2518 1270/2236/2519
usemtl lambert10SG
f 1270/2236/2520 1271/2235/2521 3837/5832/2522 3838/5834/2523 3839/5836/2524 3840/5838/2525 3841/5840/2526 3842/5842/2527 3843/5844/2528 3844/5846/2529 3845/5848/2530 1265/2237/2531 1264/2238/2532
usemtl initialShadingGroup
f 1265/2215/2533 3845/5849/2534 3844/5847/2535 3843/5845/2536 3842/5843/2537 3841/5841/2538 3840/5839/2539 3839/5837/2540 3838/5835/2541 3837/5833/2542 1271/2239/2543 1269/2240/2544 1284/2241/2545 1283/2242/2546 1282/2243/2547 1281/2244/2548 1280/2245/2549 1279/2246/2550 1267/2216/2551
usemtl lambert7SG
f 1270/2247/2552 1264/2214/2553 1266/2217/2554 1285/2248/2555 1272/2249/2556 1273/2250/2557 1274/2251/2558 1275/2252/2559 1276/2253/2560 1277/2254/2561 1278/2255/2562 1286/2256/2563 1268/2257/2564
usemtl phong7SG
f 1287/2258/2565 1288/2259/2566 1289/2260/2567 1290/2261/2568
usemtl phong1SG
f 1295/2262/2569 1304/2263/2570 1305/2264/2571 1296/2265/2572
f 1299/2266/2573 1324/2267/2574 1325/2268/2575 1300/2269/2576
f 1321/2270/2577 1329/2271/2578 1328/2272/2579 1322/2273/2580
s 127
f 1303/2274/2581 1293/2275/2582 1290/2261/2583 1289/2260/2584
s off
usemtl phong7SG
f 1287/2258/2585 1290/2261/2586 1293/2276/2587 1294/2277/2588 1295/2278/2589 1296/2279/2590 1291/2280/2591 1292/2281/2592
s 128
usemtl phong1SG
f 1297/2282/2593 1306/2283/2594 1310/2284/2595 1311/2285/2596 1312/2286/2597 1313/2287/2598 1314/2288/2599 1298/2289/2600
f 1304/2290/2601 1320/2291/2602 1319/2292/2603 1321/2293/2604 1322/2294/2605 1310/2284/2595 1306/2283/2594 1305/2295/2606
s off
f 1306/2296/2607 1297/2297/2608 1288/2298/2609 1287/2299/2610 1292/2300/2611 1291/2301/2612 1296/2265/2613 1305/2264/2614
s 128
f 1302/2302/2615 1315/2303/2616 1316/2304/2617 1317/2305/2618 1318/2306/2619 1319/2292/2603 1320/2291/2602 1303/2307/2620
f 1288/2259/2621 1297/2282/2593 1298/2289/2600 1299/2308/2622 1300/2309/2623 1301/2310/2624 1302/2302/2615 1303/2307/2620 1289/2260/2625
s 129
f 1325/2268/2626 1326/2311/2627 1315/2312/2628 1302/2313/2629 1301/2314/2630 1300/2269/2631
s off
usemtl phong7SG
f 1308/2315/2632 1326/2316/2633 1325/2268/2634 1324/2267/2635 1307/2317/2636 1327/2318/2637 1328/2319/2638 1329/2320/2639 1323/2321/2640 1309/2322/2641
usemtl phong1SG
f 1298/2323/2642 1314/2324/2643 1313/2325/2644 1312/2326/2645 1311/2327/2646 1310/2328/2647 1322/2273/2648 1328/2272/2649 1327/2329/2650 1307/2330/2651 1324/2331/2652 1299/2332/2653
s 129
f 1329/2271/2654 1321/2270/2655 1319/2333/2656 1318/2334/2657 1317/2335/2658 1316/2336/2659 1315/2312/2628 1326/2311/2627 1308/2337/2660 1323/2338/2661
s 127
f 1295/2262/2662 1294/2339/2663 1293/2275/2582 1303/2274/2581 1320/2340/2664 1304/2263/2665 1323/2341/2666 1308/2342/2667 1309/2343/2668
s off
usemtl phong3SG
f 1330/2344/2669 1331/2345/2670 1333/2346/2671 1332/2347/2672
f 1332/2348/2673 1333/2349/2674 1335/2350/2675 1334/2351/2676
f 1334/2352/2677 1335/2353/2678 1337/2354/2679 1336/2355/2680
f 1336/2356/2681 1337/2357/2682 1331/2358/2683 1330/2359/2684
f 1331/2360/2685 1337/2361/2686 1335/2362/2687 1333/2349/2688
f 1336/2363/2689 1330/2364/2690 1332/2348/2691 1334/2365/2692
s 130
usemtl phong1SG
f 1338/2366/2693 1344/2367/2694 1345/2368/2695 1339/2369/2696
f 1339/2369/2696 1345/2368/2695 1346/2370/2697 1340/2371/2698
f 1340/2371/2698 1346/2370/2697 1347/2372/2699 1341/2373/2700
f 1341/2373/2700 1347/2372/2699 1348/2374/2701 1342/2375/2702
f 1343/2376/2703 1349/2377/2704 1344/2378/2694 1338/2379/2693
s 131
f 1350/2380/2705 1351/2381/2706 1357/2382/2707 1356/2383/2708
f 1351/2381/2706 1352/2384/2709 1358/2385/2710 1357/2382/2707
f 1352/2384/2709 1353/2386/2711 1359/2387/2712 1358/2385/2710
f 1353/2386/2711 1354/2388/2713 1360/2389/2714 1359/2387/2712
f 1355/2390/2715 1350/2391/2705 1356/2392/2708 1361/2393/2716
s 132
f 1362/2394/2717 1363/2395/2718 1369/2396/2719 1368/2397/2720
f 1363/2395/2718 1364/2398/2721 1370/2399/2722 1369/2396/2719
f 1364/2398/2721 1365/2400/2723 1371/2401/2724 1370/2399/2722
f 1365/2400/2723 1366/2402/2725 1372/2403/2726 1371/2401/2724
f 1367/2404/2727 1362/2405/2717 1368/2406/2720 1373/2407/2728
s 133
f 1343/2376/2729 1338/2379/2730 1378/2408/2731 1379/2409/2732
s 134
f 1338/2366/2733 1339/2369/2734 1377/2410/2735 1378/2411/2736
s 135
f 1339/2369/2737 1340/2371/2738 1376/2412/2739 1377/2410/2740
s 136
f 1340/2371/2741 1341/2373/2742 1375/2413/2743 1376/2412/2744
s 137
f 1341/2373/2745 1342/2375/2746 1374/2414/2747 1375/2413/2748
f 1375/2413/2748 1374/2414/2747 1380/2415/2749 1381/2416/2750
s 136
f 1376/2412/2744 1375/2413/2743 1381/2416/2751 1382/2417/2752
s 135
f 1377/2410/2740 1376/2412/2739 1382/2417/2753 1383/2418/2754
s 134
f 1378/2411/2736 1377/2410/2735 1383/2418/2755 1384/2419/2756
s 133
f 1379/2409/2732 1378/2408/2731 1384/2420/2757 1385/2421/2758
s 137
f 1381/2416/2750 1380/2415/2749 1386/2422/2759 1387/2423/2760
s 136
f 1382/2417/2752 1381/2416/2751 1387/2423/2761 1388/2424/2762
s 135
f 1383/2418/2754 1382/2417/2753 1388/2424/2763 1389/2425/2764
s 134
f 1384/2419/2756 1383/2418/2755 1389/2425/2765 1390/2426/2766
s 133
f 1385/2421/2758 1384/2420/2757 1390/2427/2767 1391/2428/2768
s 137
f 1387/2423/2760 1386/2422/2759 1392/2429/2769 1393/2430/2770
s 136
f 1388/2424/2762 1387/2423/2761 1393/2430/2771 1394/2431/2772
s 135
f 1389/2425/2764 1388/2424/2763 1394/2431/2773 1395/2432/2774
s 134
f 1390/2426/2766 1389/2425/2765 1395/2432/2775 1396/2433/2776
s 133
f 1391/2428/2768 1390/2427/2767 1396/2434/2777 1397/2435/2778
s 137
f 1393/2430/2770 1392/2429/2769 1398/2436/2779 1399/2437/2780
s 136
f 1394/2431/2772 1393/2430/2771 1399/2437/2781 1400/2438/2782
s 135
f 1395/2432/2774 1394/2431/2773 1400/2438/2783 1401/2439/2784
s 134
f 1396/2433/2776 1395/2432/2775 1401/2439/2785 1402/2440/2786
s 133
f 1397/2435/2778 1396/2434/2777 1402/2441/2787 1403/2442/2788
s 137
f 1399/2437/2780 1398/2436/2779 1404/2443/2789 1405/2444/2790
s 136
f 1400/2438/2782 1399/2437/2781 1405/2444/2791 1406/2445/2792
s 135
f 1401/2439/2784 1400/2438/2783 1406/2445/2793 1407/2446/2794
s 134
f 1402/2440/2786 1401/2439/2785 1407/2446/2795 1408/2447/2796
s 133
f 1403/2442/2788 1402/2441/2787 1408/2448/2797 1409/2449/2798
s 137
f 1405/2444/2790 1404/2443/2789 1410/2450/2799 1411/2451/2800
s 136
f 1406/2445/2792 1405/2444/2791 1411/2451/2801 1412/2452/2802
s 135
f 1407/2446/2794 1406/2445/2793 1412/2452/2803 1413/2453/2804
s 134
f 1408/2447/2796 1407/2446/2795 1413/2453/2805 1414/2454/2806
s 133
f 1409/2449/2798 1408/2448/2797 1414/2455/2807 1415/2456/2808
s 137
f 1411/2451/2800 1410/2450/2799 1416/2457/2809 1417/2458/2810
s 136
f 1412/2452/2802 1411/2451/2801 1417/2458/2811 1418/2459/2812
s 135
f 1413/2453/2804 1412/2452/2803 1418/2459/2813 1419/2460/2814
s 134
f 1414/2454/2806 1413/2453/2805 1419/2460/2815 1420/2461/2816
s 133
f 1415/2456/2808 1414/2455/2807 1420/2462/2817 1421/2463/2818
s 137
f 1417/2458/2810 1416/2457/2809 1422/2464/2819 1423/2465/2820
s 136
f 1418/2459/2812 1417/2458/2811 1423/2465/2821 1424/2466/2822
s 135
f 1419/2460/2814 1418/2459/2813 1424/2466/2823 1425/2467/2824
s 134
f 1420/2461/2816 1419/2460/2815 1425/2467/2825 1426/2468/2826
s 133
f 1421/2463/2818 1420/2462/2817 1426/2469/2827 1427/2470/2828
s 137
f 1423/2465/2820 1422/2464/2819 1428/2471/2829 1429/2472/2830
s 136
f 1424/2466/2822 1423/2465/2821 1429/2472/2831 1430/2473/2832
s 135
f 1425/2467/2824 1424/2466/2823 1430/2473/2833 1431/2474/2834
s 134
f 1426/2468/2826 1425/2467/2825 1431/2474/2835 1432/2475/2836
s 133
f 1427/2470/2828 1426/2469/2827 1432/2476/2837 1433/2477/2838
s 137
f 1429/2472/2830 1428/2471/2829 1434/2478/2839 1435/2479/2840
s 136
f 1430/2473/2832 1429/2472/2831 1435/2479/2841 1436/2480/2842
s 135
f 1431/2474/2834 1430/2473/2833 1436/2480/2843 1437/2481/2844
s 134
f 1432/2475/2836 1431/2474/2835 1437/2481/2845 1438/2482/2846
s 133
f 1433/2477/2838 1432/2476/2837 1438/2483/2847 1439/2484/2848
s 137
f 1435/2479/2840 1434/2478/2839 1354/2388/2849 1353/2386/2850
s 136
f 1436/2480/2842 1435/2479/2841 1353/2386/2851 1352/2384/2852
s 135
f 1437/2481/2844 1436/2480/2843 1352/2384/2853 1351/2381/2854
s 134
f 1438/2482/2846 1437/2481/2845 1351/2381/2855 1350/2380/2856
s 133
f 1439/2484/2848 1438/2483/2847 1350/2391/2857 1355/2390/2858
s 138
f 1361/2393/2859 1356/2392/2860 1444/2485/2861 1445/2486/2862
s 139
f 1356/2383/2863 1357/2382/2864 1443/2487/2865 1444/2488/2866
s 140
f 1357/2382/2867 1358/2385/2868 1442/2489/2869 1443/2487/2870
s 141
f 1358/2385/2871 1359/2387/2872 1441/2490/2873 1442/2489/2874
s 142
f 1359/2387/2875 1360/2389/2876 1440/2491/2877 1441/2490/2878
f 1441/2490/2878 1440/2491/2877 1446/2492/2879 1447/2493/2880
s 141
f 1442/2489/2874 1441/2490/2873 1447/2493/2881 1448/2494/2882
s 140
f 1443/2487/2870 1442/2489/2869 1448/2494/2883 1449/2495/2884
s 139
f 1444/2488/2866 1443/2487/2865 1449/2495/2885 1450/2496/2886
s 138
f 1445/2486/2862 1444/2485/2861 1450/2497/2887 1451/2498/2888
s 142
f 1447/2493/2880 1446/2492/2879 1452/2499/2889 1453/2500/2890
s 141
f 1448/2494/2882 1447/2493/2881 1453/2500/2891 1454/2501/2892
s 140
f 1449/2495/2884 1448/2494/2883 1454/2501/2893 1455/2502/2894
s 139
f 1450/2496/2886 1449/2495/2885 1455/2502/2895 1456/2503/2896
s 138
f 1451/2498/2888 1450/2497/2887 1456/2504/2897 1457/2505/2898
s 142
f 1453/2500/2890 1452/2499/2889 1458/2506/2899 1459/2507/2900
s 141
f 1454/2501/2892 1453/2500/2891 1459/2507/2901 1460/2508/2902
s 140
f 1455/2502/2894 1454/2501/2893 1460/2508/2903 1461/2509/2904
s 139
f 1456/2503/2896 1455/2502/2895 1461/2509/2905 1462/2510/2906
s 138
f 1457/2505/2898 1456/2504/2897 1462/2511/2907 1463/2512/2908
s 142
f 1459/2507/2900 1458/2506/2899 1464/2513/2909 1465/2514/2910
s 141
f 1460/2508/2902 1459/2507/2901 1465/2514/2911 1466/2515/2912
s 140
f 1461/2509/2904 1460/2508/2903 1466/2515/2913 1467/2516/2914
s 139
f 1462/2510/2906 1461/2509/2905 1467/2516/2915 1468/2517/2916
s 138
f 1463/2512/2908 1462/2511/2907 1468/2518/2917 1469/2519/2918
s 142
f 1465/2514/2910 1464/2513/2909 1470/2520/2919 1471/2521/2920
s 141
f 1466/2515/2912 1465/2514/2911 1471/2521/2921 1472/2522/2922
s 140
f 1467/2516/2914 1466/2515/2913 1472/2522/2923 1473/2523/2924
s 139
f 1468/2517/2916 1467/2516/2915 1473/2523/2925 1474/2524/2926
s 138
f 1469/2519/2918 1468/2518/2917 1474/2525/2927 1475/2526/2928
s 142
f 1471/2521/2920 1470/2520/2919 1476/2527/2929 1477/2528/2930
s 141
f 1472/2522/2922 1471/2521/2921 1477/2528/2931 1478/2529/2932
s 140
f 1473/2523/2924 1472/2522/2923 1478/2529/2933 1479/2530/2934
s 139
f 1474/2524/2926 1473/2523/2925 1479/2530/2935 1480/2531/2936
s 138
f 1475/2526/2928 1474/2525/2927 1480/2532/2937 1481/2533/2938
s 142
f 1477/2528/2930 1476/2527/2929 1482/2534/2939 1483/2535/2940
s 141
f 1478/2529/2932 1477/2528/2931 1483/2535/2941 1484/2536/2942
s 140
f 1479/2530/2934 1478/2529/2933 1484/2536/2943 1485/2537/2944
s 139
f 1480/2531/2936 1479/2530/2935 1485/2537/2945 1486/2538/2946
s 138
f 1481/2533/2938 1480/2532/2937 1486/2539/2947 1487/2540/2948
s 142
f 1483/2535/2940 1482/2534/2939 1488/2541/2949 1489/2542/2950
s 141
f 1484/2536/2942 1483/2535/2941 1489/2542/2951 1490/2543/2952
s 140
f 1485/2537/2944 1484/2536/2943 1490/2543/2953 1491/2544/2954
s 139
f 1486/2538/2946 1485/2537/2945 1491/2544/2955 1492/2545/2956
s 138
f 1487/2540/2948 1486/2539/2947 1492/2546/2957 1493/2547/2958
s 142
f 1489/2542/2950 1488/2541/2949 1494/2548/2959 1495/2549/2960
s 141
f 1490/2543/2952 1489/2542/2951 1495/2549/2961 1496/2550/2962
s 140
f 1491/2544/2954 1490/2543/2953 1496/2550/2963 1497/2551/2964
s 139
f 1492/2545/2956 1491/2544/2955 1497/2551/2965 1498/2552/2966
s 138
f 1493/2547/2958 1492/2546/2957 1498/2553/2967 1499/2554/2968
s 142
f 1495/2549/2960 1494/2548/2959 1500/2555/2969 1501/2556/2970
s 141
f 1496/2550/2962 1495/2549/2961 1501/2556/2971 1502/2557/2972
s 140
f 1497/2551/2964 1496/2550/2963 1502/2557/2973 1503/2558/2974
s 139
f 1498/2552/2966 1497/2551/2965 1503/2558/2975 1504/2559/2976
s 138
f 1499/2554/2968 1498/2553/2967 1504/2560/2977 1505/2561/2978
s 142
f 1501/2556/2970 1500/2555/2969 1366/2402/2979 1365/2400/2980
s 141
f 1502/2557/2972 1501/2556/2971 1365/2400/2981 1364/2398/2982
s 140
f 1503/2558/2974 1502/2557/2973 1364/2398/2983 1363/2395/2984
s 139
f 1504/2559/2976 1503/2558/2975 1363/2395/2985 1362/2394/2986
s 138
f 1505/2561/2978 1504/2560/2977 1362/2405/2987 1367/2404/2988
s 143
f 1506/2562/2989 1507/2563/2990 1513/2564/2991 1512/2565/2992
f 1507/2563/2990 1508/2566/2993 1514/2567/2994 1513/2564/2991
f 1508/2566/2993 1509/2568/2995 1515/2569/2996 1514/2567/2994
f 1509/2568/2995 1510/2570/2997 1516/2571/2998 1515/2569/2996
f 1511/2572/2999 1506/2573/2989 1512/2574/2992 1517/2575/3000
s 144
f 1373/2407/3001 1368/2406/3002 1522/2576/3003 1523/2577/3004
s 145
f 1368/2397/3005 1369/2396/3006 1521/2578/3007 1522/2579/3008
s 146
f 1369/2396/3009 1370/2399/3010 1520/2580/3011 1521/2578/3012
s 147
f 1370/2399/3013 1371/2401/3014 1519/2581/3015 1520/2580/3016
s 148
f 1371/2401/3017 1372/2403/3018 1518/2582/3019 1519/2581/3020
f 1519/2581/3020 1518/2582/3019 1524/2583/3021 1525/2584/3022
s 147
f 1520/2580/3016 1519/2581/3015 1525/2584/3023 1526/2585/3024
s 146
f 1521/2578/3012 1520/2580/3011 1526/2585/3025 1527/2586/3026
s 145
f 1522/2579/3008 1521/2578/3007 1527/2586/3027 1528/2587/3028
s 144
f 1523/2577/3004 1522/2576/3003 1528/2588/3029 1529/2589/3030
s 148
f 1525/2584/3022 1524/2583/3021 1530/2590/3031 1531/2591/3032
s 147
f 1526/2585/3024 1525/2584/3023 1531/2591/3033 1532/2592/3034
s 146
f 1527/2586/3026 1526/2585/3025 1532/2592/3035 1533/2593/3036
s 145
f 1528/2587/3028 1527/2586/3027 1533/2593/3037 1534/2594/3038
s 144
f 1529/2589/3030 1528/2588/3029 1534/2595/3039 1535/2596/3040
s 148
f 1531/2591/3032 1530/2590/3031 1536/2597/3041 1537/2598/3042
s 147
f 1532/2592/3034 1531/2591/3033 1537/2598/3043 1538/2599/3044
s 146
f 1533/2593/3036 1532/2592/3035 1538/2599/3045 1539/2600/3046
s 145
f 1534/2594/3038 1533/2593/3037 1539/2600/3047 1540/2601/3048
s 144
f 1535/2596/3040 1534/2595/3039 1540/2602/3049 1541/2603/3050
s 148
f 1537/2598/3042 1536/2597/3041 1542/2604/3051 1543/2605/3052
s 147
f 1538/2599/3044 1537/2598/3043 1543/2605/3053 1544/2606/3054
s 146
f 1539/2600/3046 1538/2599/3045 1544/2606/3055 1545/2607/3056
s 145
f 1540/2601/3048 1539/2600/3047 1545/2607/3057 1546/2608/3058
s 144
f 1541/2603/3050 1540/2602/3049 1546/2609/3059 1547/2610/3060
s 148
f 1543/2605/3052 1542/2604/3051 1548/2611/3061 1549/2612/3062
s 147
f 1544/2606/3054 1543/2605/3053 1549/2612/3063 1550/2613/3064
s 146
f 1545/2607/3056 1544/2606/3055 1550/2613/3065 1551/2614/3066
s 145
f 1546/2608/3058 1545/2607/3057 1551/2614/3067 1552/2615/3068
s 144
f 1547/2610/3060 1546/2609/3059 1552/2616/3069 1553/2617/3070
s 148
f 1549/2612/3062 1548/2611/3061 1554/2618/3071 1555/2619/3072
s 147
f 1550/2613/3064 1549/2612/3063 1555/2619/3073 1556/2620/3074
s 146
f 1551/2614/3066 1550/2613/3065 1556/2620/3075 1557/2621/3076
s 145
f 1552/2615/3068 1551/2614/3067 1557/2621/3077 1558/2622/3078
s 144
f 1553/2617/3070 1552/2616/3069 1558/2623/3079 1559/2624/3080
s 148
f 1555/2619/3072 1554/2618/3071 1560/2625/3081 1561/2626/3082
s 147
f 1556/2620/3074 1555/2619/3073 1561/2626/3083 1562/2627/3084
s 146
f 1557/2621/3076 1556/2620/3075 1562/2627/3085 1563/2628/3086
s 145
f 1558/2622/3078 1557/2621/3077 1563/2628/3087 1564/2629/3088
s 144
f 1559/2624/3080 1558/2623/3079 1564/2630/3089 1565/2631/3090
s 148
f 1561/2626/3082 1560/2625/3081 1566/2632/3091 1567/2633/3092
s 147
f 1562/2627/3084 1561/2626/3083 1567/2633/3093 1568/2634/3094
s 146
f 1563/2628/3086 1562/2627/3085 1568/2634/3095 1569/2635/3096
s 145
f 1564/2629/3088 1563/2628/3087 1569/2635/3097 1570/2636/3098
s 144
f 1565/2631/3090 1564/2630/3089 1570/2637/3099 1571/2638/3100
s 148
f 1567/2633/3092 1566/2632/3091 1572/2639/3101 1573/2640/3102
s 147
f 1568/2634/3094 1567/2633/3093 1573/2640/3103 1574/2641/3104
s 146
f 1569/2635/3096 1568/2634/3095 1574/2641/3105 1575/2642/3106
s 145
f 1570/2636/3098 1569/2635/3097 1575/2642/3107 1576/2643/3108
s 144
f 1571/2638/3100 1570/2637/3099 1576/2644/3109 1577/2645/3110
s 148
f 1573/2640/3102 1572/2639/3101 1578/2646/3111 1579/2647/3112
s 147
f 1574/2641/3104 1573/2640/3103 1579/2647/3113 1580/2648/3114
s 146
f 1575/2642/3106 1574/2641/3105 1580/2648/3115 1581/2649/3116
s 145
f 1576/2643/3108 1575/2642/3107 1581/2649/3117 1582/2650/3118
s 144
f 1577/2645/3110 1576/2644/3109 1582/2651/3119 1583/2652/3120
s 148
f 1579/2647/3112 1578/2646/3111 1510/2570/3121 1509/2568/3122
s 147
f 1580/2648/3114 1579/2647/3113 1509/2568/3123 1508/2566/3124
s 146
f 1581/2649/3116 1580/2648/3115 1508/2566/3125 1507/2563/3126
s 145
f 1582/2650/3118 1581/2649/3117 1507/2563/3127 1506/2562/3128
s 144
f 1583/2652/3120 1582/2651/3119 1506/2573/3129 1511/2572/3130
s 149
f 1348/2374/3131 1347/2372/3132 1588/2653/3133 1589/2654/3134
s 150
f 1347/2372/3135 1346/2370/3136 1587/2655/3137 1588/2653/3138
s 151
f 1346/2370/3139 1345/2368/3140 1586/2656/3141 1587/2655/3142
s 152
f 1345/2368/3143 1344/2367/3144 1585/2657/3145 1586/2656/3146
s 153
f 1344/2378/3147 1349/2377/3148 1584/2658/3149 1585/2659/3150
f 1585/2659/3150 1584/2658/3149 1590/2660/3151 1591/2661/3152
s 152
f 1586/2656/3146 1585/2657/3145 1591/2662/3153 1592/2663/3154
s 151
f 1587/2655/3142 1586/2656/3141 1592/2663/3155 1593/2664/3156
s 150
f 1588/2653/3138 1587/2655/3137 1593/2664/3157 1594/2665/3158
s 149
f 1589/2654/3134 1588/2653/3133 1594/2665/3159 1595/2666/3160
s 153
f 1591/2661/3152 1590/2660/3151 1596/2667/3161 1597/2668/3162
s 152
f 1592/2663/3154 1591/2662/3153 1597/2669/3163 1598/2670/3164
s 151
f 1593/2664/3156 1592/2663/3155 1598/2670/3165 1599/2671/3166
s 150
f 1594/2665/3158 1593/2664/3157 1599/2671/3167 1600/2672/3168
s 149
f 1595/2666/3160 1594/2665/3159 1600/2672/3169 1601/2673/3170
s 153
f 1597/2668/3162 1596/2667/3161 1602/2674/3171 1603/2675/3172
s 152
f 1598/2670/3164 1597/2669/3163 1603/2676/3173 1604/2677/3174
s 151
f 1599/2671/3166 1598/2670/3165 1604/2677/3175 1605/2678/3176
s 150
f 1600/2672/3168 1599/2671/3167 1605/2678/3177 1606/2679/3178
s 149
f 1601/2673/3170 1600/2672/3169 1606/2679/3179 1607/2680/3180
s 153
f 1603/2675/3172 1602/2674/3171 1608/2681/3181 1609/2682/3182
s 152
f 1604/2677/3174 1603/2676/3173 1609/2683/3183 1610/2684/3184
s 151
f 1605/2678/3176 1604/2677/3175 1610/2684/3185 1611/2685/3186
s 150
f 1606/2679/3178 1605/2678/3177 1611/2685/3187 1612/2686/3188
s 149
f 1607/2680/3180 1606/2679/3179 1612/2686/3189 1613/2687/3190
s 153
f 1609/2682/3182 1608/2681/3181 1614/2688/3191 1615/2689/3192
s 152
f 1610/2684/3184 1609/2683/3183 1615/2690/3193 1616/2691/3194
s 151
f 1611/2685/3186 1610/2684/3185 1616/2691/3195 1617/2692/3196
s 150
f 1612/2686/3188 1611/2685/3187 1617/2692/3197 1618/2693/3198
s 149
f 1613/2687/3190 1612/2686/3189 1618/2693/3199 1619/2694/3200
s 153
f 1615/2689/3192 1614/2688/3191 1620/2695/3201 1621/2696/3202
s 152
f 1616/2691/3194 1615/2690/3193 1621/2697/3203 1622/2698/3204
s 151
f 1617/2692/3196 1616/2691/3195 1622/2698/3205 1623/2699/3206
s 150
f 1618/2693/3198 1617/2692/3197 1623/2699/3207 1624/2700/3208
s 149
f 1619/2694/3200 1618/2693/3199 1624/2700/3209 1625/2701/3210
s 153
f 1621/2696/3202 1620/2695/3201 1626/2702/3211 1627/2703/3212
s 152
f 1622/2698/3204 1621/2697/3203 1627/2704/3213 1628/2705/3214
s 151
f 1623/2699/3206 1622/2698/3205 1628/2705/3215 1629/2706/3216
s 150
f 1624/2700/3208 1623/2699/3207 1629/2706/3217 1630/2707/3218
s 149
f 1625/2701/3210 1624/2700/3209 1630/2707/3219 1631/2708/3220
s 153
f 1627/2703/3212 1626/2702/3211 1632/2709/3221 1633/2710/3222
s 152
f 1628/2705/3214 1627/2704/3213 1633/2711/3223 1634/2712/3224
s 151
f 1629/2706/3216 1628/2705/3215 1634/2712/3225 1635/2713/3226
s 150
f 1630/2707/3218 1629/2706/3217 1635/2713/3227 1636/2714/3228
s 149
f 1631/2708/3220 1630/2707/3219 1636/2714/3229 1637/2715/3230
s 153
f 1633/2710/3222 1632/2709/3221 1638/2716/3231 1639/2717/3232
s 152
f 1634/2712/3224 1633/2711/3223 1639/2718/3233 1640/2719/3234
s 151
f 1635/2713/3226 1634/2712/3225 1640/2719/3235 1641/2720/3236
s 150
f 1636/2714/3228 1635/2713/3227 1641/2720/3237 1642/2721/3238
s 149
f 1637/2715/3230 1636/2714/3229 1642/2721/3239 1643/2722/3240
s 153
f 1639/2717/3232 1638/2716/3231 1644/2723/3241 1645/2724/3242
s 152
f 1640/2719/3234 1639/2718/3233 1645/2725/3243 1646/2726/3244
s 151
f 1641/2720/3236 1640/2719/3235 1646/2726/3245 1647/2727/3246
s 150
f 1642/2721/3238 1641/2720/3237 1647/2727/3247 1648/2728/3248
s 149
f 1643/2722/3240 1642/2721/3239 1648/2728/3249 1649/2729/3250
s 153
f 1645/2724/3242 1644/2723/3241 1517/2575/3251 1512/2574/3252
s 152
f 1646/2726/3244 1645/2725/3243 1512/2565/3253 1513/2564/3254
s 151
f 1647/2727/3246 1646/2726/3245 1513/2564/3255 1514/2567/3256
s 150
f 1648/2728/3248 1647/2727/3247 1514/2567/3257 1515/2569/3258
s 149
f 1649/2729/3250 1648/2728/3249 1515/2569/3259 1516/2571/3260
s off
usemtl initialShadingGroup
f 1650/2730/3261 1651/2731/3262 1653/2732/3263 1652/2733/3264
f 1652/2733/3265 1653/2732/3266 1655/2734/3267 1654/2735/3268
f 1654/2735/3269 1655/2734/3270 1657/2736/3271 1656/2737/3272
f 1656/2737/3273 1657/2736/3274 1651/2738/3275 1650/2739/3276
f 1651/2731/3277 1657/2740/3278 1655/2741/3279 1653/2732/3280
f 1656/2742/3281 1650/2730/3282 1652/2733/3283 1654/2743/3284
f 1658/2744/3285 1659/2745/3286 1661/2746/3287 1660/2747/3288
f 1660/2747/3289 1661/2746/3290 1663/2748/3291 1662/2749/3292
f 1662/2749/3293 1663/2748/3294 1665/2750/3295 1664/2751/3296
f 1664/2751/3297 1665/2750/3298 1659/2752/3299 1658/2753/3300
f 1659/2745/3301 1665/2754/3302 1663/2755/3303 1661/2746/3304
usemtl lambert7SG
f 1664/2756/3305 1658/2744/3306 1660/2747/3307 1662/2757/3308
f 1666/2758/3309 1667/2759/3310 1669/2760/3311 1668/2761/3312
usemtl initialShadingGroup
f 1668/2761/3313 1669/2760/3314 1671/2762/3315 1670/2763/3316
f 1670/2763/3317 1671/2762/3318 1673/2764/3319 1672/2765/3320
f 1672/2765/3321 1673/2764/3322 1667/2766/3323 1666/2767/3324
f 1667/2759/3325 1673/2768/3326 1671/2769/3327 1669/2760/3328
f 1672/2770/3329 1666/2758/3330 1668/2761/3331 1670/2771/3332
usemtl phong5SG
f 1674/2772/3333 1675/2773/3334 1677/2774/3335 1676/2775/3336
f 1676/2775/3337 1677/2774/3338 1679/2776/3339 1678/2777/3340
f 1678/2777/3341 1679/2776/3342 1681/2778/3343 1680/2779/3344
f 1680/2779/3345 1681/2778/3346 1675/2780/3347 1674/2781/3348
f 1675/2773/3349 1681/2782/3350 1679/2783/3351 1677/2774/3352
f 1680/2784/3353 1674/2772/3354 1676/2775/3355 1678/2785/3356
usemtl phong3SG
f 1682/2786/3357 1684/2787/3358 1690/2788/3359 1683/2789/3360
f 1696/2790/3361 1695/2791/3362 1689/2792/3363 1697/2793/3364
f 1684/2787/3365 1689/2794/3366 1695/2795/3367 1690/2788/3368
f 1687/2796/3369 1693/2797/3370 1692/2798/3371 1688/2799/3372
f 1685/2800/3373 1688/2801/3374 1692/2802/3375 1691/2803/3376
f 1686/2804/3377 1694/2805/3378 1693/2797/3379 1687/2796/3380
f 1685/2806/3381 1691/2807/3382 1694/2805/3383 1686/2804/3384
f 1682/2808/3385 1697/2809/3386 1689/2810/3387 1684/2811/3388 1685/2812/3389 1686/2813/3390 1687/2814/3391 1688/2815/3392
f 1690/2816/3393 1695/2817/3394 1696/2818/3395 1683/2819/3396 1691/2820/3397 1692/2821/3398 1693/2822/3399 1694/2823/3400
f 1683/2819/3401 1696/2824/3402 1697/2825/3403 1682/2786/3404
s 154
usemtl phong1SG
f 1704/2826/3405 1699/2827/3406 1700/2828/3407 1705/2829/3408
f 1705/2829/3408 1700/2828/3407 1701/2830/3409 1706/2831/3410
f 1706/2831/3410 1701/2830/3409 1702/2832/3411 1707/2833/3412
f 1707/2833/3412 1702/2832/3411 1703/2834/3413 1708/2835/3414
f 1708/2835/3414 1703/2834/3413 1698/2836/3415 1709/2837/3416
s 155
f 1717/2838/3417 1718/2839/3418 1724/2840/3419 1723/2841/3420
f 1718/2839/3418 1719/2842/3421 1725/2843/3422 1724/2840/3419
f 1719/2842/3421 1720/2844/3423 1726/2845/3424 1725/2843/3422
f 1720/2844/3423 1721/2846/3425 1727/2847/3426 1726/2845/3424
f 1721/2846/3425 1716/2848/3427 1722/2849/3428 1727/2847/3426
s 156
f 1710/2850/3429 1715/2851/3430 1732/2852/3431 1733/2853/3432
s 157
f 1715/2851/3433 1714/2854/3434 1731/2855/3435 1732/2852/3436
s 158
f 1714/2854/3437 1713/2856/3438 1730/2857/3439 1731/2855/3440
s 159
f 1713/2856/3441 1712/2858/3442 1729/2859/3443 1730/2857/3444
s 160
f 1712/2858/3445 1711/2860/3446 1728/2861/3447 1729/2859/3448
f 1729/2859/3448 1728/2861/3447 1734/2862/3449 1735/2863/3450
s 159
f 1730/2857/3444 1729/2859/3443 1735/2863/3451 1736/2864/3452
s 158
f 1731/2855/3440 1730/2857/3439 1736/2864/3453 1737/2865/3454
s 157
f 1732/2852/3436 1731/2855/3435 1737/2865/3455 1738/2866/3456
s 156
f 1733/2853/3432 1732/2852/3431 1738/2866/3457 1739/2867/3458
s 160
f 1735/2863/3450 1734/2862/3449 1740/2868/3459 1741/2869/3460
s 159
f 1736/2864/3452 1735/2863/3451 1741/2869/3461 1742/2870/3462
s 158
f 1737/2865/3454 1736/2864/3453 1742/2870/3463 1743/2871/3464
s 157
f 1738/2866/3456 1737/2865/3455 1743/2871/3465 1744/2872/3466
s 156
f 1739/2867/3458 1738/2866/3457 1744/2872/3467 1745/2873/3468
s 160
f 1741/2869/3460 1740/2868/3459 1746/2874/3469 1747/2875/3470
s 159
f 1742/2870/3462 1741/2869/3461 1747/2875/3471 1748/2876/3472
s 158
f 1743/2871/3464 1742/2870/3463 1748/2876/3473 1749/2877/3474
s 157
f 1744/2872/3466 1743/2871/3465 1749/2877/3475 1750/2878/3476
s 156
f 1745/2873/3468 1744/2872/3467 1750/2878/3477 1751/2879/3478
s 160
f 1747/2875/3470 1746/2874/3469 1752/2880/3479 1753/2881/3480
s 159
f 1748/2876/3472 1747/2875/3471 1753/2881/3481 1754/2882/3482
s 158
f 1749/2877/3474 1748/2876/3473 1754/2882/3483 1755/2883/3484
s 157
f 1750/2878/3476 1749/2877/3475 1755/2883/3485 1756/2884/3486
s 156
f 1751/2879/3478 1750/2878/3477 1756/2884/3487 1757/2885/3488
s 160
f 1753/2881/3480 1752/2880/3479 1758/2886/3489 1759/2887/3490
s 159
f 1754/2882/3482 1753/2881/3481 1759/2887/3491 1760/2888/3492
s 158
f 1755/2883/3484 1754/2882/3483 1760/2888/3493 1761/2889/3494
s 157
f 1756/2884/3486 1755/2883/3485 1761/2889/3495 1762/2890/3496
s 156
f 1757/2885/3488 1756/2884/3487 1762/2890/3497 1763/2891/3498
s 160
f 1759/2887/3490 1758/2886/3489 1764/2892/3499 1765/2893/3500
s 159
f 1760/2888/3492 1759/2887/3491 1765/2893/3501 1766/2894/3502
s 158
f 1761/2889/3494 1760/2888/3493 1766/2894/3503 1767/2895/3504
s 157
f 1762/2890/3496 1761/2889/3495 1767/2895/3505 1768/2896/3506
s 156
f 1763/2891/3498 1762/2890/3497 1768/2896/3507 1769/2897/3508
s 160
f 1765/2893/3500 1764/2892/3499 1770/2898/3509 1771/2899/3510
s 159
f 1766/2894/3502 1765/2893/3501 1771/2899/3511 1772/2900/3512
s 158
f 1767/2895/3504 1766/2894/3503 1772/2900/3513 1773/2901/3514
s 157
f 1768/2896/3506 1767/2895/3505 1773/2901/3515 1774/2902/3516
s 156
f 1769/2897/3508 1768/2896/3507 1774/2902/3517 1775/2903/3518
s 160
f 1771/2899/3510 1770/2898/3509 1776/2904/3519 1777/2905/3520
s 159
f 1772/2900/3512 1771/2899/3511 1777/2905/3521 1778/2906/3522
s 158
f 1773/2901/3514 1772/2900/3513 1778/2906/3523 1779/2907/3524
s 157
f 1774/2902/3516 1773/2901/3515 1779/2907/3525 1780/2908/3526
s 156
f 1775/2903/3518 1774/2902/3517 1780/2908/3527 1781/2909/3528
s 160
f 1777/2905/3520 1776/2904/3519 1782/2910/3529 1783/2911/3530
s 159
f 1778/2906/3522 1777/2905/3521 1783/2911/3531 1784/2912/3532
s 158
f 1779/2907/3524 1778/2906/3523 1784/2912/3533 1785/2913/3534
s 157
f 1780/2908/3526 1779/2907/3525 1785/2913/3535 1786/2914/3536
s 156
f 1781/2909/3528 1780/2908/3527 1786/2914/3537 1787/2915/3538
s 160
f 1783/2911/3530 1782/2910/3529 1788/2916/3539 1789/2917/3540
s 159
f 1784/2912/3532 1783/2911/3531 1789/2917/3541 1790/2918/3542
s 158
f 1785/2913/3534 1784/2912/3533 1790/2918/3543 1791/2919/3544
s 157
f 1786/2914/3536 1785/2913/3535 1791/2919/3545 1792/2920/3546
s 156
f 1787/2915/3538 1786/2914/3537 1792/2920/3547 1793/2921/3548
s 160
f 1789/2917/3540 1788/2916/3539 1723/2841/3549 1724/2840/3550
s 159
f 1790/2918/3542 1789/2917/3541 1724/2840/3551 1725/2843/3552
s 158
f 1791/2919/3544 1790/2918/3543 1725/2843/3553 1726/2845/3554
s 157
f 1792/2920/3546 1791/2919/3545 1726/2845/3555 1727/2847/3556
s 156
f 1793/2921/3548 1792/2920/3547 1727/2847/3557 1722/2849/3558
s 161
f 1795/2922/3559 1801/2923/3560 1802/2924/3561 1796/2925/3562
f 1796/2925/3562 1802/2924/3561 1803/2926/3563 1797/2927/3564
f 1797/2927/3564 1803/2926/3563 1804/2928/3565 1798/2929/3566
f 1798/2929/3566 1804/2928/3565 1805/2930/3567 1799/2931/3568
f 1799/2931/3568 1805/2930/3567 1800/2932/3569 1794/2933/3570
s 162
f 1807/2934/3571 1813/2935/3572 1814/2936/3573 1808/2937/3574
f 1808/2937/3574 1814/2936/3573 1815/2938/3575 1809/2939/3576
f 1809/2939/3576 1815/2938/3575 1816/2940/3577 1810/2941/3578
f 1810/2941/3578 1816/2940/3577 1817/2942/3579 1811/2943/3580
f 1811/2943/3580 1817/2942/3579 1812/2944/3581 1806/2945/3582
s 163
f 1800/2932/3583 1805/2930/3584 1822/2946/3585 1823/2947/3586
s 164
f 1805/2930/3587 1804/2928/3588 1821/2948/3589 1822/2946/3590
s 165
f 1804/2928/3591 1803/2926/3592 1820/2949/3593 1821/2948/3594
s 166
f 1803/2926/3595 1802/2924/3596 1819/2950/3597 1820/2949/3598
s 167
f 1802/2924/3599 1801/2923/3600 1818/2951/3601 1819/2950/3602
f 1819/2950/3602 1818/2951/3601 1824/2952/3603 1825/2953/3604
s 166
f 1820/2949/3598 1819/2950/3597 1825/2953/3605 1826/2954/3606
s 165
f 1821/2948/3594 1820/2949/3593 1826/2954/3607 1827/2955/3608
s 164
f 1822/2946/3590 1821/2948/3589 1827/2955/3609 1828/2956/3610
s 163
f 1823/2947/3586 1822/2946/3585 1828/2956/3611 1829/2957/3612
s 167
f 1825/2953/3604 1824/2952/3603 1830/2958/3613 1831/2959/3614
s 166
f 1826/2954/3606 1825/2953/3605 1831/2959/3615 1832/2960/3616
s 165
f 1827/2955/3608 1826/2954/3607 1832/2960/3617 1833/2961/3618
s 164
f 1828/2956/3610 1827/2955/3609 1833/2961/3619 1834/2962/3620
s 163
f 1829/2957/3612 1828/2956/3611 1834/2962/3621 1835/2963/3622
s 167
f 1831/2959/3614 1830/2958/3613 1836/2964/3623 1837/2965/3624
s 166
f 1832/2960/3616 1831/2959/3615 1837/2965/3625 1838/2966/3626
s 165
f 1833/2961/3618 1832/2960/3617 1838/2966/3627 1839/2967/3628
s 164
f 1834/2962/3620 1833/2961/3619 1839/2967/3629 1840/2968/3630
s 163
f 1835/2963/3622 1834/2962/3621 1840/2968/3631 1841/2969/3632
s 167
f 1837/2965/3624 1836/2964/3623 1842/2970/3633 1843/2971/3634
s 166
f 1838/2966/3626 1837/2965/3625 1843/2971/3635 1844/2972/3636
s 165
f 1839/2967/3628 1838/2966/3627 1844/2972/3637 1845/2973/3638
s 164
f 1840/2968/3630 1839/2967/3629 1845/2973/3639 1846/2974/3640
s 163
f 1841/2969/3632 1840/2968/3631 1846/2974/3641 1847/2975/3642
s 167
f 1843/2971/3634 1842/2970/3633 1848/2976/3643 1849/2977/3644
s 166
f 1844/2972/3636 1843/2971/3635 1849/2977/3645 1850/2978/3646
s 165
f 1845/2973/3638 1844/2972/3637 1850/2978/3647 1851/2979/3648
s 164
f 1846/2974/3640 1845/2973/3639 1851/2979/3649 1852/2980/3650
s 163
f 1847/2975/3642 1846/2974/3641 1852/2980/3651 1853/2981/3652
s 167
f 1849/2977/3644 1848/2976/3643 1854/2982/3653 1855/2983/3654
s 166
f 1850/2978/3646 1849/2977/3645 1855/2983/3655 1856/2984/3656
s 165
f 1851/2979/3648 1850/2978/3647 1856/2984/3657 1857/2985/3658
s 164
f 1852/2980/3650 1851/2979/3649 1857/2985/3659 1858/2986/3660
s 163
f 1853/2981/3652 1852/2980/3651 1858/2986/3661 1859/2987/3662
s 167
f 1855/2983/3654 1854/2982/3653 1860/2988/3663 1861/2989/3664
s 166
f 1856/2984/3656 1855/2983/3655 1861/2989/3665 1862/2990/3666
s 165
f 1857/2985/3658 1856/2984/3657 1862/2990/3667 1863/2991/3668
s 164
f 1858/2986/3660 1857/2985/3659 1863/2991/3669 1864/2992/3670
s 163
f 1859/2987/3662 1858/2986/3661 1864/2992/3671 1865/2993/3672
s 167
f 1861/2989/3664 1860/2988/3663 1866/2994/3673 1867/2995/3674
s 166
f 1862/2990/3666 1861/2989/3665 1867/2995/3675 1868/2996/3676
s 165
f 1863/2991/3668 1862/2990/3667 1868/2996/3677 1869/2997/3678
s 164
f 1864/2992/3670 1863/2991/3669 1869/2997/3679 1870/2998/3680
s 163
f 1865/2993/3672 1864/2992/3671 1870/2998/3681 1871/2999/3682
s 167
f 1867/2995/3674 1866/2994/3673 1872/3000/3683 1873/3001/3684
s 166
f 1868/2996/3676 1867/2995/3675 1873/3001/3685 1874/3002/3686
s 165
f 1869/2997/3678 1868/2996/3677 1874/3002/3687 1875/3003/3688
s 164
f 1870/2998/3680 1869/2997/3679 1875/3003/3689 1876/3004/3690
s 163
f 1871/2999/3682 1870/2998/3681 1876/3004/3691 1877/3005/3692
s 167
f 1873/3001/3684 1872/3000/3683 1878/3006/3693 1879/3007/3694
s 166
f 1874/3002/3686 1873/3001/3685 1879/3007/3695 1880/3008/3696
s 165
f 1875/3003/3688 1874/3002/3687 1880/3008/3697 1881/3009/3698
s 164
f 1876/3004/3690 1875/3003/3689 1881/3009/3699 1882/3010/3700
s 163
f 1877/3005/3692 1876/3004/3691 1882/3010/3701 1883/3011/3702
s 167
f 1879/3007/3694 1878/3006/3693 1807/2934/3703 1808/2937/3704
s 166
f 1880/3008/3696 1879/3007/3695 1808/2937/3705 1809/2939/3706
s 165
f 1881/3009/3698 1880/3008/3697 1809/2939/3707 1810/2941/3708
s 164
f 1882/3010/3700 1881/3009/3699 1810/2941/3709 1811/2943/3710
s 163
f 1883/3011/3702 1882/3010/3701 1811/2943/3711 1806/2945/3712
s 168
f 1698/2836/3713 1703/2834/3714 1888/3012/3715 1889/3013/3716
s 169
f 1703/2834/3717 1702/2832/3718 1887/3014/3719 1888/3012/3720
s 170
f 1702/2832/3721 1701/2830/3722 1886/3015/3723 1887/3014/3724
s 171
f 1701/2830/3725 1700/2828/3726 1885/3016/3727 1886/3015/3728
s 172
f 1700/2828/3729 1699/2827/3730 1884/3017/3731 1885/3016/3732
f 1885/3016/3732 1884/3017/3731 1890/3018/3733 1891/3019/3734
s 171
f 1886/3015/3728 1885/3016/3727 1891/3019/3735 1892/3020/3736
s 170
f 1887/3014/3724 1886/3015/3723 1892/3020/3737 1893/3021/3738
s 169
f 1888/3012/3720 1887/3014/3719 1893/3021/3739 1894/3022/3740
s 168
f 1889/3013/3716 1888/3012/3715 1894/3022/3741 1895/3023/3742
s 172
f 1891/3019/3734 1890/3018/3733 1896/3024/3743 1897/3025/3744
s 171
f 1892/3020/3736 1891/3019/3735 1897/3025/3745 1898/3026/3746
s 170
f 1893/3021/3738 1892/3020/3737 1898/3026/3747 1899/3027/3748
s 169
f 1894/3022/3740 1893/3021/3739 1899/3027/3749 1900/3028/3750
s 168
f 1895/3023/3742 1894/3022/3741 1900/3028/3751 1901/3029/3752
s 172
f 1897/3025/3744 1896/3024/3743 1902/3030/3753 1903/3031/3754
s 171
f 1898/3026/3746 1897/3025/3745 1903/3031/3755 1904/3032/3756
s 170
f 1899/3027/3748 1898/3026/3747 1904/3032/3757 1905/3033/3758
s 169
f 1900/3028/3750 1899/3027/3749 1905/3033/3759 1906/3034/3760
s 168
f 1901/3029/3752 1900/3028/3751 1906/3034/3761 1907/3035/3762
s 172
f 1903/3031/3754 1902/3030/3753 1908/3036/3763 1909/3037/3764
s 171
f 1904/3032/3756 1903/3031/3755 1909/3037/3765 1910/3038/3766
s 170
f 1905/3033/3758 1904/3032/3757 1910/3038/3767 1911/3039/3768
s 169
f 1906/3034/3760 1905/3033/3759 1911/3039/3769 1912/3040/3770
s 168
f 1907/3035/3762 1906/3034/3761 1912/3040/3771 1913/3041/3772
s 172
f 1909/3037/3764 1908/3036/3763 1914/3042/3773 1915/3043/3774
s 171
f 1910/3038/3766 1909/3037/3765 1915/3043/3775 1916/3044/3776
s 170
f 1911/3039/3768 1910/3038/3767 1916/3044/3777 1917/3045/3778
s 169
f 1912/3040/3770 1911/3039/3769 1917/3045/3779 1918/3046/3780
s 168
f 1913/3041/3772 1912/3040/3771 1918/3046/3781 1919/3047/3782
s 172
f 1915/3043/3774 1914/3042/3773 1920/3048/3783 1921/3049/3784
s 171
f 1916/3044/3776 1915/3043/3775 1921/3049/3785 1922/3050/3786
s 170
f 1917/3045/3778 1916/3044/3777 1922/3050/3787 1923/3051/3788
s 169
f 1918/3046/3780 1917/3045/3779 1923/3051/3789 1924/3052/3790
s 168
f 1919/3047/3782 1918/3046/3781 1924/3052/3791 1925/3053/3792
s 172
f 1921/3049/3784 1920/3048/3783 1926/3054/3793 1927/3055/3794
s 171
f 1922/3050/3786 1921/3049/3785 1927/3055/3795 1928/3056/3796
s 170
f 1923/3051/3788 1922/3050/3787 1928/3056/3797 1929/3057/3798
s 169
f 1924/3052/3790 1923/3051/3789 1929/3057/3799 1930/3058/3800
s 168
f 1925/3053/3792 1924/3052/3791 1930/3058/3801 1931/3059/3802
s 172
f 1927/3055/3794 1926/3054/3793 1932/3060/3803 1933/3061/3804
s 171
f 1928/3056/3796 1927/3055/3795 1933/3061/3805 1934/3062/3806
s 170
f 1929/3057/3798 1928/3056/3797 1934/3062/3807 1935/3063/3808
s 169
f 1930/3058/3800 1929/3057/3799 1935/3063/3809 1936/3064/3810
s 168
f 1931/3059/3802 1930/3058/3801 1936/3064/3811 1937/3065/3812
s 172
f 1933/3061/3804 1932/3060/3803 1938/3066/3813 1939/3067/3814
s 171
f 1934/3062/3806 1933/3061/3805 1939/3067/3815 1940/3068/3816
s 170
f 1935/3063/3808 1934/3062/3807 1940/3068/3817 1941/3069/3818
s 169
f 1936/3064/3810 1935/3063/3809 1941/3069/3819 1942/3070/3820
s 168
f 1937/3065/3812 1936/3064/3811 1942/3070/3821 1943/3071/3822
s 172
f 1939/3067/3814 1938/3066/3813 1944/3072/3823 1945/3073/3824
s 171
f 1940/3068/3816 1939/3067/3815 1945/3073/3825 1946/3074/3826
s 170
f 1941/3069/3818 1940/3068/3817 1946/3074/3827 1947/3075/3828
s 169
f 1942/3070/3820 1941/3069/3819 1947/3075/3829 1948/3076/3830
s 168
f 1943/3071/3822 1942/3070/3821 1948/3076/3831 1949/3077/3832
s 172
f 1945/3073/3824 1944/3072/3823 1795/2922/3833 1796/2925/3834
s 171
f 1946/3074/3826 1945/3073/3825 1796/2925/3835 1797/2927/3836
s 170
f 1947/3075/3828 1946/3074/3827 1797/2927/3837 1798/2929/3838
s 169
f 1948/3076/3830 1947/3075/3829 1798/2929/3839 1799/2931/3840
s 168
f 1949/3077/3832 1948/3076/3831 1799/2931/3841 1794/2933/3842
s 173
f 1704/2826/3843 1705/2829/3844 1954/3078/3845 1955/3079/3846
s 174
f 1705/2829/3847 1706/2831/3848 1953/3080/3849 1954/3078/3850
s 175
f 1706/2831/3851 1707/2833/3852 1952/3081/3853 1953/3080/3854
s 176
f 1707/2833/3855 1708/2835/3856 1951/3082/3857 1952/3081/3858
s 177
f 1708/2835/3859 1709/2837/3860 1950/3083/3861 1951/3082/3862
f 1951/3082/3862 1950/3083/3861 1956/3084/3863 1957/3085/3864
s 176
f 1952/3081/3858 1951/3082/3857 1957/3085/3865 1958/3086/3866
s 175
f 1953/3080/3854 1952/3081/3853 1958/3086/3867 1959/3087/3868
s 174
f 1954/3078/3850 1953/3080/3849 1959/3087/3869 1960/3088/3870
s 173
f 1955/3079/3846 1954/3078/3845 1960/3088/3871 1961/3089/3872
s 177
f 1957/3085/3864 1956/3084/3863 1962/3090/3873 1963/3091/3874
s 176
f 1958/3086/3866 1957/3085/3865 1963/3091/3875 1964/3092/3876
s 175
f 1959/3087/3868 1958/3086/3867 1964/3092/3877 1965/3093/3878
s 174
f 1960/3088/3870 1959/3087/3869 1965/3093/3879 1966/3094/3880
s 173
f 1961/3089/3872 1960/3088/3871 1966/3094/3881 1967/3095/3882
s 177
f 1963/3091/3874 1962/3090/3873 1968/3096/3883 1969/3097/3884
s 176
f 1964/3092/3876 1963/3091/3875 1969/3097/3885 1970/3098/3886
s 175
f 1965/3093/3878 1964/3092/3877 1970/3098/3887 1971/3099/3888
s 174
f 1966/3094/3880 1965/3093/3879 1971/3099/3889 1972/3100/3890
s 173
f 1967/3095/3882 1966/3094/3881 1972/3100/3891 1973/3101/3892
s 177
f 1969/3097/3884 1968/3096/3883 1974/3102/3893 1975/3103/3894
s 176
f 1970/3098/3886 1969/3097/3885 1975/3103/3895 1976/3104/3896
s 175
f 1971/3099/3888 1970/3098/3887 1976/3104/3897 1977/3105/3898
s 174
f 1972/3100/3890 1971/3099/3889 1977/3105/3899 1978/3106/3900
s 173
f 1973/3101/3892 1972/3100/3891 1978/3106/3901 1979/3107/3902
s 177
f 1975/3103/3894 1974/3102/3893 1980/3108/3903 1981/3109/3904
s 176
f 1976/3104/3896 1975/3103/3895 1981/3109/3905 1982/3110/3906
s 175
f 1977/3105/3898 1976/3104/3897 1982/3110/3907 1983/3111/3908
s 174
f 1978/3106/3900 1977/3105/3899 1983/3111/3909 1984/3112/3910
s 173
f 1979/3107/3902 1978/3106/3901 1984/3112/3911 1985/3113/3912
s 177
f 1981/3109/3904 1980/3108/3903 1986/3114/3913 1987/3115/3914
s 176
f 1982/3110/3906 1981/3109/3905 1987/3115/3915 1988/3116/3916
s 175
f 1983/3111/3908 1982/3110/3907 1988/3116/3917 1989/3117/3918
s 174
f 1984/3112/3910 1983/3111/3909 1989/3117/3919 1990/3118/3920
s 173
f 1985/3113/3912 1984/3112/3911 1990/3118/3921 1991/3119/3922
s 177
f 1987/3115/3914 1986/3114/3913 1992/3120/3923 1993/3121/3924
s 176
f 1988/3116/3916 1987/3115/3915 1993/3121/3925 1994/3122/3926
s 175
f 1989/3117/3918 1988/3116/3917 1994/3122/3927 1995/3123/3928
s 174
f 1990/3118/3920 1989/3117/3919 1995/3123/3929 1996/3124/3930
s 173
f 1991/3119/3922 1990/3118/3921 1996/3124/3931 1997/3125/3932
s 177
f 1993/3121/3924 1992/3120/3923 1998/3126/3933 1999/3127/3934
s 176
f 1994/3122/3926 1993/3121/3925 1999/3127/3935 2000/3128/3936
s 175
f 1995/3123/3928 1994/3122/3927 2000/3128/3937 2001/3129/3938
s 174
f 1996/3124/3930 1995/3123/3929 2001/3129/3939 2002/3130/3940
s 173
f 1997/3125/3932 1996/3124/3931 2002/3130/3941 2003/3131/3942
s 177
f 1999/3127/3934 1998/3126/3933 2004/3132/3943 2005/3133/3944
s 176
f 2000/3128/3936 1999/3127/3935 2005/3133/3945 2006/3134/3946
s 175
f 2001/3129/3938 2000/3128/3937 2006/3134/3947 2007/3135/3948
s 174
f 2002/3130/3940 2001/3129/3939 2007/3135/3949 2008/3136/3950
s 173
f 2003/3131/3942 2002/3130/3941 2008/3136/3951 2009/3137/3952
s 177
f 2005/3133/3944 2004/3132/3943 2010/3138/3953 2011/3139/3954
s 176
f 2006/3134/3946 2005/3133/3945 2011/3139/3955 2012/3140/3956
s 175
f 2007/3135/3948 2006/3134/3947 2012/3140/3957 2013/3141/3958
s 174
f 2008/3136/3950 2007/3135/3949 2013/3141/3959 2014/3142/3960
s 173
f 2009/3137/3952 2008/3136/3951 2014/3142/3961 2015/3143/3962
s 177
f 2011/3139/3954 2010/3138/3953 1716/2848/3963 1721/2846/3964
s 176
f 2012/3140/3956 2011/3139/3955 1721/2846/3965 1720/2844/3966
s 175
f 2013/3141/3958 2012/3140/3957 1720/2844/3967 1719/2842/3968
s 174
f 2014/3142/3960 2013/3141/3959 1719/2842/3969 1718/2839/3970
s 173
f 2015/3143/3962 2014/3142/3961 1718/2839/3971 1717/2838/3972
s 178
usemtl lambert6SG
f 2028/3144/3973 2034/3145/3974 2032/3146/3975 2029/3147/3976
f 2035/3148/3977 2048/3149/3978 2037/3150/3979 2036/3151/3980
f 2037/3150/3979 2048/3149/3978 2049/3152/3981 2038/3153/3982
f 2038/3153/3982 2049/3152/3981 2050/3154/3983 2039/3155/3984
s 180
f 2040/3156/3985 2050/3157/3986 2051/3158/3987 2041/3159/3988
s 181
f 2042/3160/3989 2051/3161/3990 2052/3162/3991 2043/3163/3992
s 180
f 2048/3164/3993 2053/3165/3994 2052/3166/3995 2049/3167/3996
f 2049/3167/3996 2052/3166/3995 2051/3158/3987 2050/3157/3986
s 182
f 3858/3168/3997 3859/3169/3998 2057/3170/3999 2055/3171/4000
f 2055/3171/4000 2057/3170/3999 2061/3172/4001 2058/3173/4002
f 2058/3173/4002 2061/3172/4001 2060/3174/4003 2059/3175/4004
s 183
f 2017/3176/4005 2020/3177/4006 2019/3178/4007
f 2017/3176/4005 2021/3179/4008 2020/3177/4006
f 2017/3176/4005 2022/3180/4009 2021/3179/4008
f 2017/3176/4005 2023/3181/4010 2022/3180/4009
f 2017/3176/4005 2024/3182/4011 2023/3181/4010
f 2017/3176/4005 2025/3183/4012 2024/3182/4011
s 178
f 2016/3184/4013 2033/3185/4014 2027/3186/4015
f 2016/3184/4013 2047/3187/4016 2033/3185/4014
f 2039/3155/3984 2050/3154/3983 2040/3188/4017
s 181
f 2041/3189/4018 2051/3161/3990 2042/3160/3989
s 178
f 2016/3184/4013 2056/3190/4019 2047/3187/4016
f 2016/3184/4013 2055/3191/4020 2058/3192/4021
f 2016/3184/4013 2059/3193/4022 2056/3190/4019
s 186
f 2017/3176/4023 2061/3194/4024 2057/3195/4025
s 178
f 2016/3184/4013 2058/3192/4021 2059/3193/4022
s 186
f 2017/3176/4023 2060/3196/4026 2061/3194/4024
s 178
f 2016/3184/4013 2027/3186/4015 2028/3144/3973 2029/3147/3976 2018/3197/4027 2026/3198/4028
f 2030/3199/4029 2032/3146/3975 2034/3145/3974 2035/3148/3977 2036/3151/3980
f 2016/3184/4013 2046/3200/4030 3861/3201/4031 3858/3202/4032 2055/3191/4020
s 186
f 2017/3176/4023 2057/3195/4025 3859/3203/4033 3860/3204/4034 2054/3205/4035
s off
f 2030/3206/4036 2036/3207/4037 2037/3208/4038 2038/3209/4039 2039/3210/4040 2040/3211/4041 2041/3212/4042 2042/3213/4043 2043/3214/4044 2044/3215/4045 2045/3216/4046 2031/3217/4047
usemtl phong5SG
f 2062/3218/4048 2063/3219/4049 2065/3220/4050 2064/3221/4051
f 2064/3221/4052 2065/3220/4053 2067/3222/4054 2066/3223/4055
f 2066/3223/4056 2067/3222/4057 2069/3224/4058 2068/3225/4059
f 2068/3225/4060 2069/3224/4061 2063/3226/4062 2062/3227/4063
f 2063/3219/4064 2069/3228/4065 2067/3229/4066 2065/3220/4067
f 2068/3230/4068 2062/3218/4069 2064/3221/4070 2066/3231/4071
usemtl phong3SG
f 2070/3232/4072 2075/3233/4073 2085/3234/4074 2076/3235/4075 2071/3236/4076 2072/3237/4077 2073/3238/4078 2074/3239/4079
f 2077/3240/4080 2078/3241/4081 2084/3242/4082 2079/3243/4083 2080/3244/4084 2081/3245/4085 2082/3246/4086 2083/3247/4087
f 2070/3232/4088 2076/3235/4089 2078/3248/4090 2077/3249/4091
f 2070/3250/4092 2077/3251/4093 2079/3252/4094 2075/3253/4095
f 2085/3234/4096 2084/3254/4097 2078/3255/4098 2076/3235/4099
f 2072/3256/4100 2083/3257/4101 2082/3258/4102 2073/3259/4103
f 2073/3260/4104 2082/3261/4105 2081/3262/4106 2074/3263/4107
f 2071/3264/4108 2080/3265/4109 2083/3266/4110 2072/3267/4111
f 2071/3268/4112 2074/3269/4113 2081/3270/4114 2080/3271/4115
f 2075/3253/4116 2079/3252/4117 2084/3254/4118 2085/3234/4119
f 2086/3272/4120 2087/3273/4121 2089/3274/4122 2088/3275/4123
f 2088/3276/4124 2089/3277/4125 2091/3278/4126 2090/3279/4127
f 2090/3280/4128 2091/3281/4129 2093/3282/4130 2092/3283/4131
f 2092/3284/4132 2093/3285/4133 2087/3286/4134 2086/3287/4135
f 2087/3288/4136 2093/3289/4137 2091/3290/4138 2089/3277/4139
f 2092/3291/4140 2086/3292/4141 2088/3276/4142 2090/3293/4143
s 187
usemtl lambert14SG
f 2094/3294/4144 2095/3295/4145 2115/3296/4146 2114/3297/4147
f 2095/3295/4145 2096/3298/4148 2116/3299/4149 2115/3296/4146
f 2096/3298/4148 2097/3300/4150 2117/3301/4151 2116/3299/4149
f 2097/3300/4150 2098/3302/4152 2118/3303/4153 2117/3301/4151
f 2098/3302/4152 2099/3304/4154 2119/3305/4155 2118/3303/4153
usemtl initialShadingGroup
f 2099/3304/4154 2100/3306/4156 2120/3307/4157 2119/3305/4155
f 2100/3306/4156 2101/3308/4158 2121/3309/4159 2120/3307/4157
f 2101/3308/4158 2102/3310/4160 2122/3311/4161 2121/3309/4159
f 2102/3310/4160 2103/3312/4162 2123/3313/4163 2122/3311/4161
f 2103/3312/4162 2104/3314/4164 2124/3315/4165 2123/3313/4163
f 2104/3314/4164 2105/3316/4166 2125/3317/4167 2124/3315/4165
f 2105/3316/4166 2106/3318/4168 2126/3319/4169 2125/3317/4167
f 2106/3318/4168 2107/3320/4170 2127/3321/4171 2126/3319/4169
usemtl lambert14SG
f 2107/3320/4170 2108/3322/4172 2128/3323/4173 2127/3321/4171
f 2108/3322/4172 2109/3324/4174 2129/3325/4175 2128/3323/4173
f 2109/3324/4174 2110/3326/4176 2130/3327/4177 2129/3325/4175
f 2110/3326/4176 2111/3328/4178 2131/3329/4179 2130/3327/4177
f 2111/3328/4178 2112/3330/4180 2132/3331/4181 2131/3329/4179
f 2112/3330/4180 2113/3332/4182 2133/3333/4183 2132/3331/4181
f 2113/3332/4182 2094/3334/4144 2114/3335/4147 2133/3333/4183
s 188
usemtl initialShadingGroup
f 2095/3336/4184 2094/3337/4185 2134/3338/4186
f 2096/3339/4187 2095/3336/4184 2134/3338/4186
f 2097/3340/4188 2096/3339/4187 2134/3338/4186
f 2098/3341/4189 2097/3340/4188 2134/3338/4186
f 2099/3342/4190 2098/3341/4189 2134/3338/4186
f 2100/3343/4191 2099/3342/4190 2134/3338/4186
f 2101/3344/4192 2100/3343/4191 2134/3338/4186
f 2102/3345/4193 2101/3344/4192 2134/3338/4186
f 2103/3346/4194 2102/3345/4193 2134/3338/4186
f 2104/3347/4195 2103/3346/4194 2134/3338/4186
f 2105/3348/4196 2104/3347/4195 2134/3338/4186
f 2106/3349/4197 2105/3348/4196 2134/3338/4186
f 2107/3350/4198 2106/3349/4197 2134/3338/4186
f 2108/3351/4199 2107/3350/4198 2134/3338/4186
f 2109/3352/4200 2108/3351/4199 2134/3338/4186
f 2110/3353/4201 2109/3352/4200 2134/3338/4186
f 2111/3354/4202 2110/3353/4201 2134/3338/4186
f 2112/3355/4203 2111/3354/4202 2134/3338/4186
f 2113/3356/4204 2112/3355/4203 2134/3338/4186
f 2094/3337/4185 2113/3356/4204 2134/3338/4186
s 189
usemtl lambert14SG
f 2114/3357/4205 2115/3358/4206 2135/3359/4207
f 2115/3358/4206 2116/3360/4208 2135/3359/4207
f 2116/3360/4208 2117/3361/4209 2135/3359/4207
f 2117/3361/4209 2118/3362/4210 2135/3359/4207
f 2118/3362/4210 2119/3363/4211 2135/3359/4207
usemtl initialShadingGroup
f 2119/3363/4211 2120/3364/4212 2135/3359/4207
f 2120/3364/4212 2121/3365/4213 2135/3359/4207
f 2121/3365/4213 2122/3366/4214 2135/3359/4207
f 2122/3366/4214 2123/3367/4215 2135/3359/4207
f 2123/3367/4215 2124/3368/4216 2135/3359/4207
f 2124/3368/4216 2125/3369/4217 2135/3359/4207
f 2125/3369/4217 2126/3370/4218 2135/3359/4207
f 2126/3370/4218 2127/3371/4219 2135/3359/4207
usemtl lambert14SG
f 2127/3371/4219 2128/3372/4220 2135/3359/4207
f 2128/3372/4220 2129/3373/4221 2135/3359/4207
f 2129/3373/4221 2130/3374/4222 2135/3359/4207
f 2130/3374/4222 2131/3375/4223 2135/3359/4207
f 2131/3375/4223 2132/3376/4224 2135/3359/4207
f 2132/3376/4224 2133/3377/4225 2135/3359/4207
f 2133/3377/4225 2114/3357/4205 2135/3359/4207
s off
usemtl initialShadingGroup
f 2136/3378/4226 2137/3379/4227 2139/3380/4228 2138/3381/4229
usemtl phong1SG
f 2138/3381/4230 2139/3380/4231 2141/3382/4232 2140/3383/4233
usemtl lambert7SG
f 2140/3383/4234 2141/3382/4235 2143/3384/4236 2142/3385/4237
usemtl initialShadingGroup
f 2142/3385/4238 2143/3384/4239 2137/3386/4240 2136/3387/4241
f 2137/3379/4242 2143/3388/4243 2141/3389/4244 2139/3380/4245
f 2142/3390/4246 2136/3378/4247 2138/3381/4248 2140/3391/4249
usemtl phong3SG
f 2144/3392/4250 2147/3395/4251 2146/3394/4252 2145/3393/4253
s 190
f 2144/3396/4254 2145/3413/4255 2189/3412/4256 2188/3411/4257 2187/3410/4258 2186/3409/4259 2185/3408/4260 2184/3407/4261 2183/3406/4262 2182/3405/4263 2181/3404/4264 2180/3403/4265 2179/3402/4266 2178/3401/4267 2177/3400/4268 2176/3399/4269 2175/3398/4270 2174/3397/4271
s off
f 2146/3394/4272 2147/3395/4273 2153/3415/4274 2159/3414/4275
f 2148/3416/4276 2154/3417/4277 2159/3414/4278 2153/3415/4279
f 2151/3418/4280 2152/3421/4281 2156/3420/4282 2157/3419/4283
s 191
f 2166/3422/4284 2165/3424/4285 2167/3423/4286
s off
f 2150/3425/4287 2151/3418/4288 2157/3419/4289 2158/3426/4290
f 2149/3427/4291 2150/3425/4292 2158/3426/4293 2155/3428/4294
f 2144/3429/4295 2174/3451/4296 2175/3450/4297 2176/3449/4298 2177/3448/4299 2178/3447/4300 2179/3446/4301 2180/3445/4302 2181/3444/4303 2148/3443/4304 2153/3442/4305 2147/3441/4306 2149/3440/4307 2167/3439/4308 2168/3438/4309 2169/3437/4310 2170/3436/4311 2171/3435/4312 2172/3434/4313 2173/3433/4314 2152/3432/4315 2151/3431/4316 2150/3430/4317
f 2154/3452/4318 2190/3473/4319 2182/3472/4320 2183/3471/4321 2184/3470/4322 2185/3469/4323 2186/3468/4324 2187/3467/4325 2188/3466/4326 2189/3465/4327 2145/3464/4328 2146/3463/4329 2159/3462/4330 2155/3461/4331 2158/3460/4332 2157/3459/4333 2156/3458/4334 2160/3457/4335 2161/3456/4336 2162/3455/4337 2163/3454/4338 2164/3393/4339 2165/3394/4340 2166/3453/4341
s 191
f 2149/3427/4342 2155/3428/4343 2166/3422/4284 2167/3423/4286
f 2165/3424/4285 2164/3476/4344 2169/3475/4345 2168/3474/4346
f 2165/3424/4285 2168/3474/4346 2167/3423/4286
f 2164/3476/4344 2163/3478/4347 2170/3477/4348
f 2164/3476/4344 2170/3477/4348 2169/3475/4345
f 2163/3478/4347 2162/3480/4349 2171/3479/4350
f 2163/3478/4347 2171/3479/4350 2170/3477/4348
f 2162/3480/4349 2161/3482/4351 2172/3481/4352
f 2162/3480/4349 2172/3481/4352 2171/3479/4350
f 2161/3482/4351 2160/3484/4353 2173/3483/4354
f 2161/3482/4351 2173/3483/4354 2172/3481/4352
f 2160/3484/4353 2156/3486/4355 2152/3485/4356 2173/3483/4354
s 190
f 2182/3405/4263 2190/3487/4357 2154/3417/4358 2148/3416/4359 2181/3404/4264
s off
f 2191/3488/4360 2192/3489/4361 2194/3490/4362 2193/3491/4363
f 2193/3491/4364 2194/3490/4365 2196/3492/4366 2195/3493/4367
f 2195/3493/4368 2196/3492/4369 2198/3494/4370 2197/3495/4371
f 2197/3495/4372 2198/3494/4373 2192/3496/4374 2191/3497/4375
f 2192/3489/4376 2198/3498/4377 2196/3499/4378 2194/3490/4379
f 2197/3500/4380 2191/3488/4381 2193/3491/4382 2195/3501/4383
usemtl lambert10SG
f 2199/3502/4384 2200/3503/4385 2201/3504/4386 2202/3505/4387
usemtl lambert6SG
f 2199/3506/4388 2203/3507/4389 2209/3508/4390 2200/3509/4391
f 2201/3504/4392 2210/3510/4393 2204/3511/4394 2202/3505/4395
f 2203/3507/4396 2204/3511/4397 2210/3510/4398 2209/3508/4399
f 2207/3512/4400 2213/3513/4401 2212/3514/4402 2208/3515/4403
f 2205/3516/4404 2208/3517/4405 2212/3518/4406 2211/3519/4407
f 2206/3520/4408 2214/3521/4409 2213/3513/4410 2207/3512/4411
f 2205/3516/4412 2211/3519/4413 2214/3521/4414 2206/3520/4415
f 2199/3502/4416 2202/3505/4417 2204/3522/4418 2203/3523/4419 2205/3524/4420 2206/3525/4421 2207/3526/4422 2208/3527/4423
f 2200/3528/4424 2209/3529/4425 2210/3530/4426 2201/3531/4427 2211/3532/4428 2212/3533/4429 2213/3534/4430 2214/3535/4431
usemtl phong3SG
f 2215/3536/4432 2216/3537/4433 2218/3538/4434 2217/3539/4435
f 2217/3539/4436 2218/3538/4437 2220/3540/4438 2219/3541/4439
f 2219/3541/4440 2220/3540/4441 2222/3542/4442 2221/3543/4443
f 2221/3543/4444 2222/3542/4445 2216/3544/4446 2215/3545/4447
f 2216/3537/4448 2222/3546/4449 2220/3547/4450 2218/3538/4451
f 2221/3548/4452 2215/3536/4453 2217/3539/4454 2219/3549/4455
f 2223/3550/4456 2224/3551/4457 2226/3552/4458 2225/3553/4459
f 2225/3553/4460 2226/3552/4461 2228/3554/4462 2227/3555/4463
f 2227/3555/4464 2228/3554/4465 2230/3556/4466 2229/3557/4467
f 2229/3557/4468 2230/3556/4469 2224/3558/4470 2223/3559/4471
f 2224/3551/4472 2230/3560/4473 2228/3561/4474 2226/3552/4475
f 2229/3562/4476 2223/3550/4477 2225/3553/4478 2227/3563/4479
usemtl initialShadingGroup
f 2231/3564/4480 2232/3565/4481 2234/3566/4482 2233/3567/4483
usemtl lambert9SG
f 2233/3567/4484 2234/3566/4485 2236/3568/4486 2235/3569/4487
usemtl initialShadingGroup
f 2235/3569/4488 2236/3568/4489 2238/3570/4490 2237/3571/4491
f 2237/3571/4492 2238/3570/4493 2232/3572/4494 2231/3573/4495
f 2232/3565/4496 2238/3574/4497 2236/3575/4498 2234/3566/4499
f 2237/3576/4500 2231/3564/4501 2233/3567/4502 2235/3577/4503
s 197
usemtl phong1SG
f 2241/3578/4504 2242/3579/4505 2240/3580/4506 2239/3581/4507
f 2242/3582/4505 2244/3583/4508 2243/3584/4509 2240/3585/4506
f 2244/3583/4508 2246/3586/4510 2245/3587/4511 2243/3584/4509
f 2246/3586/4510 2248/3588/4512 2247/3589/4513 2245/3587/4511
f 2248/3588/4512 2250/3590/4514 2249/3591/4515 2247/3592/4513
f 2250/3593/4514 2252/3594/4516 2251/3595/4517 2249/3596/4515
f 2252/3597/4516 2254/3598/4518 2253/3599/4519 2251/3600/4517
s 198
f 2257/3601/4520 2265/3602/4521 2266/3603/4522 2258/3604/4523
f 2258/3604/4523 2266/3603/4522 2267/3605/4524 2259/3606/4525
f 2259/3606/4525 2267/3605/4524 2268/3607/4526 2260/3608/4527
f 2260/3608/4527 2268/3607/4526 2269/3609/4528 2261/3610/4529
f 2261/3610/4529 2269/3609/4528 2270/3611/4530 2262/3612/4531
f 2262/3612/4531 2270/3611/4530 2263/3613/4532 2255/3614/4533
s 199
f 2289/3615/4534 2290/3616/4535 2298/3617/4536 2297/3618/4537
f 2290/3616/4535 2291/3619/4538 2299/3620/4539 2298/3617/4536
f 2291/3619/4538 2292/3621/4540 2300/3622/4541 2299/3620/4539
f 2292/3621/4540 2293/3623/4542 2301/3624/4543 2300/3622/4541
f 2293/3623/4542 2294/3625/4544 2302/3626/4545 2301/3624/4543
f 2294/3625/4544 2287/3627/4546 2295/3628/4547 2302/3626/4545
s 200
f 2279/3629/4548 2286/3630/4549 2309/3631/4550 2310/3632/4551
s 201
f 2286/3630/4552 2285/3633/4553 2308/3634/4554 2309/3631/4555
s 202
f 2285/3633/4556 2284/3635/4557 2307/3636/4558 2308/3634/4559
s 203
f 2284/3635/4560 2283/3637/4561 2306/3638/4562 2307/3636/4563
s 204
f 2283/3637/4564 2282/3639/4565 2305/3640/4566 2306/3638/4567
s 205
f 2282/3639/4568 2281/3641/4569 2304/3642/4570 2305/3640/4571
s 206
f 2281/3641/4572 2280/3643/4573 2303/3644/4574 2304/3642/4575
f 2304/3642/4575 2303/3644/4574 2311/3645/4576 2312/3646/4577
s 205
f 2305/3640/4571 2304/3642/4570 2312/3646/4578 2313/3647/4579
s 204
f 2306/3638/4567 2305/3640/4566 2313/3647/4580 2314/3648/4581
s 203
f 2307/3636/4563 2306/3638/4562 2314/3648/4582 2315/3649/4583
s 202
f 2308/3634/4559 2307/3636/4558 2315/3649/4584 2316/3650/4585
s 201
f 2309/3631/4555 2308/3634/4554 2316/3650/4586 2317/3651/4587
s 200
f 2310/3632/4551 2309/3631/4550 2317/3651/4588 2318/3652/4589
s 206
f 2312/3646/4577 2311/3645/4576 2319/3653/4590 2320/3654/4591
s 205
f 2313/3647/4579 2312/3646/4578 2320/3654/4592 2321/3655/4593
s 204
f 2314/3648/4581 2313/3647/4580 2321/3655/4594 2322/3656/4595
s 203
f 2315/3649/4583 2314/3648/4582 2322/3656/4596 2323/3657/4597
s 202
f 2316/3650/4585 2315/3649/4584 2323/3657/4598 2324/3658/4599
s 201
f 2317/3651/4587 2316/3650/4586 2324/3658/4600 2325/3659/4601
s 200
f 2318/3652/4589 2317/3651/4588 2325/3659/4602 2326/3660/4603
s 206
f 2320/3654/4591 2319/3653/4590 2327/3661/4604 2328/3662/4605
s 205
f 2321/3655/4593 2320/3654/4592 2328/3662/4606 2329/3663/4607
s 204
f 2322/3656/4595 2321/3655/4594 2329/3663/4608 2330/3664/4609
s 203
f 2323/3657/4597 2322/3656/4596 2330/3664/4610 2331/3665/4611
s 202
f 2324/3658/4599 2323/3657/4598 2331/3665/4612 2332/3666/4613
s 201
f 2325/3659/4601 2324/3658/4600 2332/3666/4614 2333/3667/4615
s 200
f 2326/3660/4603 2325/3659/4602 2333/3667/4616 2334/3668/4617
s 206
f 2328/3662/4605 2327/3661/4604 2335/3669/4618 2336/3670/4619
s 205
f 2329/3663/4607 2328/3662/4606 2336/3670/4620 2337/3671/4621
s 204
f 2330/3664/4609 2329/3663/4608 2337/3671/4622 2338/3672/4623
s 203
f 2331/3665/4611 2330/3664/4610 2338/3672/4624 2339/3673/4625
s 202
f 2332/3666/4613 2331/3665/4612 2339/3673/4626 2340/3674/4627
s 201
f 2333/3667/4615 2332/3666/4614 2340/3674/4628 2341/3675/4629
s 200
f 2334/3668/4617 2333/3667/4616 2341/3675/4630 2342/3676/4631
s 206
f 2336/3670/4619 2335/3669/4618 2343/3677/4632 2344/3678/4633
s 205
f 2337/3671/4621 2336/3670/4620 2344/3678/4634 2345/3679/4635
s 204
f 2338/3672/4623 2337/3671/4622 2345/3679/4636 2346/3680/4637
s 203
f 2339/3673/4625 2338/3672/4624 2346/3680/4638 2347/3681/4639
s 202
f 2340/3674/4627 2339/3673/4626 2347/3681/4640 2348/3682/4641
s 201
f 2341/3675/4629 2340/3674/4628 2348/3682/4642 2349/3683/4643
s 200
f 2342/3676/4631 2341/3675/4630 2349/3683/4644 2350/3684/4645
s 206
f 2344/3678/4633 2343/3677/4632 2351/3685/4646 2352/3686/4647
s 205
f 2345/3679/4635 2344/3678/4634 2352/3686/4648 2353/3687/4649
s 204
f 2346/3680/4637 2345/3679/4636 2353/3687/4650 2354/3688/4651
s 203
f 2347/3681/4639 2346/3680/4638 2354/3688/4652 2355/3689/4653
s 202
f 2348/3682/4641 2347/3681/4640 2355/3689/4654 2356/3690/4655
s 201
f 2349/3683/4643 2348/3682/4642 2356/3690/4656 2357/3691/4657
s 200
f 2350/3684/4645 2349/3683/4644 2357/3691/4658 2358/3692/4659
s 206
f 2352/3686/4647 2351/3685/4646 2359/3693/4660 2360/3694/4661
s 205
f 2353/3687/4649 2352/3686/4648 2360/3694/4662 2361/3695/4663
s 204
f 2354/3688/4651 2353/3687/4650 2361/3695/4664 2362/3696/4665
s 203
f 2355/3689/4653 2354/3688/4652 2362/3696/4666 2363/3697/4667
s 202
f 2356/3690/4655 2355/3689/4654 2363/3697/4668 2364/3698/4669
s 201
f 2357/3691/4657 2356/3690/4656 2364/3698/4670 2365/3699/4671
s 200
f 2358/3692/4659 2357/3691/4658 2365/3699/4672 2366/3700/4673
s 206
f 2360/3694/4661 2359/3693/4660 2367/3701/4674 2368/3702/4675
s 205
f 2361/3695/4663 2360/3694/4662 2368/3702/4676 2369/3703/4677
s 204
f 2362/3696/4665 2361/3695/4664 2369/3703/4678 2370/3704/4679
s 203
f 2363/3697/4667 2362/3696/4666 2370/3704/4680 2371/3705/4681
s 202
f 2364/3698/4669 2363/3697/4668 2371/3705/4682 2372/3706/4683
s 201
f 2365/3699/4671 2364/3698/4670 2372/3706/4684 2373/3707/4685
s 200
f 2366/3700/4673 2365/3699/4672 2373/3707/4686 2374/3708/4687
s 206
f 2368/3702/4675 2367/3701/4674 2375/3709/4688 2376/3710/4689
s 205
f 2369/3703/4677 2368/3702/4676 2376/3710/4690 2377/3711/4691
s 204
f 2370/3704/4679 2369/3703/4678 2377/3711/4692 2378/3712/4693
s 203
f 2371/3705/4681 2370/3704/4680 2378/3712/4694 2379/3713/4695
s 202
f 2372/3706/4683 2371/3705/4682 2379/3713/4696 2380/3714/4697
s 201
f 2373/3707/4685 2372/3706/4684 2380/3714/4698 2381/3715/4699
s 200
f 2374/3708/4687 2373/3707/4686 2381/3715/4700 2382/3716/4701
s 206
f 2376/3710/4689 2375/3709/4688 2383/3717/4702 2384/3718/4703
s 205
f 2377/3711/4691 2376/3710/4690 2384/3718/4704 2385/3719/4705
s 204
f 2378/3712/4693 2377/3711/4692 2385/3719/4706 2386/3720/4707
s 203
f 2379/3713/4695 2378/3712/4694 2386/3720/4708 2387/3721/4709
s 202
f 2380/3714/4697 2379/3713/4696 2387/3721/4710 2388/3722/4711
s 201
f 2381/3715/4699 2380/3714/4698 2388/3722/4712 2389/3723/4713
s 200
f 2382/3716/4701 2381/3715/4700 2389/3723/4714 2390/3724/4715
s 206
f 2384/3718/4703 2383/3717/4702 2296/3725/4716 2297/3618/4717
s 205
f 2385/3719/4705 2384/3718/4704 2297/3618/4718 2298/3617/4719
s 204
f 2386/3720/4707 2385/3719/4706 2298/3617/4720 2299/3620/4721
s 203
f 2387/3721/4709 2386/3720/4708 2299/3620/4722 2300/3622/4723
s 202
f 2388/3722/4711 2387/3721/4710 2300/3622/4724 2301/3624/4725
s 201
f 2389/3723/4713 2388/3722/4712 2301/3624/4726 2302/3626/4727
s 200
f 2390/3724/4715 2389/3723/4714 2302/3626/4728 2295/3628/4729
s 207
f 2263/3726/4730 2270/3727/4731 2397/3728/4732 2398/3729/4733
s 208
f 2270/3727/4734 2269/3730/4735 2396/3731/4736 2397/3728/4737
s 209
f 2269/3730/4738 2268/3732/4739 2395/3733/4740 2396/3731/4741
s 210
f 2268/3732/4742 2267/3734/4743 2394/3735/4744 2395/3733/4745
s 211
f 2267/3734/4746 2266/3736/4747 2393/3737/4748 2394/3735/4749
s 212
f 2266/3736/4750 2265/3738/4751 2392/3739/4752 2393/3737/4753
s 213
f 2265/3738/4754 2264/3740/4755 2391/3741/4756 2392/3739/4757
f 2392/3739/4757 2391/3741/4756 2399/3742/4758 2400/3743/4759
s 212
f 2393/3737/4753 2392/3739/4752 2400/3743/4760 2401/3744/4761
s 211
f 2394/3735/4749 2393/3737/4748 2401/3744/4762 2402/3745/4763
s 210
f 2395/3733/4745 2394/3735/4744 2402/3745/4764 2403/3746/4765
s 209
f 2396/3731/4741 2395/3733/4740 2403/3746/4766 2404/3747/4767
s 208
f 2397/3728/4737 2396/3731/4736 2404/3747/4768 2405/3748/4769
s 207
f 2398/3729/4733 2397/3728/4732 2405/3748/4770 2406/3749/4771
s 213
f 2400/3743/4759 2399/3742/4758 2407/3750/4772 2408/3751/4773
s 212
f 2401/3744/4761 2400/3743/4760 2408/3751/4774 2409/3752/4775
s 211
f 2402/3745/4763 2401/3744/4762 2409/3752/4776 2410/3753/4777
s 210
f 2403/3746/4765 2402/3745/4764 2410/3753/4778 2411/3754/4779
s 209
f 2404/3747/4767 2403/3746/4766 2411/3754/4780 2412/3755/4781
s 208
f 2405/3748/4769 2404/3747/4768 2412/3755/4782 2413/3756/4783
s 207
f 2406/3749/4771 2405/3748/4770 2413/3756/4784 2414/3757/4785
s 213
f 2408/3751/4773 2407/3750/4772 2415/3758/4786 2416/3759/4787
s 212
f 2409/3752/4775 2408/3751/4774 2416/3759/4788 2417/3760/4789
s 211
f 2410/3753/4777 2409/3752/4776 2417/3760/4790 2418/3761/4791
s 210
f 2411/3754/4779 2410/3753/4778 2418/3761/4792 2419/3762/4793
s 209
f 2412/3755/4781 2411/3754/4780 2419/3762/4794 2420/3763/4795
s 208
f 2413/3756/4783 2412/3755/4782 2420/3763/4796 2421/3764/4797
s 207
f 2414/3757/4785 2413/3756/4784 2421/3764/4798 2422/3765/4799
s 213
f 2416/3759/4787 2415/3758/4786 2423/3766/4800 2424/3767/4801
s 212
f 2417/3760/4789 2416/3759/4788 2424/3767/4802 2425/3768/4803
s 211
f 2418/3761/4791 2417/3760/4790 2425/3768/4804 2426/3769/4805
s 210
f 2419/3762/4793 2418/3761/4792 2426/3769/4806 2427/3770/4807
s 209
f 2420/3763/4795 2419/3762/4794 2427/3770/4808 2428/3771/4809
s 208
f 2421/3764/4797 2420/3763/4796 2428/3771/4810 2429/3772/4811
s 207
f 2422/3765/4799 2421/3764/4798 2429/3772/4812 2430/3773/4813
s 213
f 2424/3767/4801 2423/3766/4800 2431/3774/4814 2432/3775/4815
s 212
f 2425/3768/4803 2424/3767/4802 2432/3775/4816 2433/3776/4817
s 211
f 2426/3769/4805 2425/3768/4804 2433/3776/4818 2434/3777/4819
s 210
f 2427/3770/4807 2426/3769/4806 2434/3777/4820 2435/3778/4821
s 209
f 2428/3771/4809 2427/3770/4808 2435/3778/4822 2436/3779/4823
s 208
f 2429/3772/4811 2428/3771/4810 2436/3779/4824 2437/3780/4825
s 207
f 2430/3773/4813 2429/3772/4812 2437/3780/4826 2438/3781/4827
s 213
f 2432/3775/4815 2431/3774/4814 2439/3782/4828 2440/3783/4829
s 212
f 2433/3776/4817 2432/3775/4816 2440/3783/4830 2441/3784/4831
s 211
f 2434/3777/4819 2433/3776/4818 2441/3784/4832 2442/3785/4833
s 210
f 2435/3778/4821 2434/3777/4820 2442/3785/4834 2443/3786/4835
s 209
f 2436/3779/4823 2435/3778/4822 2443/3786/4836 2444/3787/4837
s 208
f 2437/3780/4825 2436/3779/4824 2444/3787/4838 2445/3788/4839
s 207
f 2438/3781/4827 2437/3780/4826 2445/3788/4840 2446/3789/4841
s 213
f 2440/3783/4829 2439/3782/4828 2447/3790/4842 2448/3791/4843
s 212
f 2441/3784/4831 2440/3783/4830 2448/3791/4844 2449/3792/4845
s 211
f 2442/3785/4833 2441/3784/4832 2449/3792/4846 2450/3793/4847
s 210
f 2443/3786/4835 2442/3785/4834 2450/3793/4848 2451/3794/4849
s 209
f 2444/3787/4837 2443/3786/4836 2451/3794/4850 2452/3795/4851
s 208
f 2445/3788/4839 2444/3787/4838 2452/3795/4852 2453/3796/4853
s 207
f 2446/3789/4841 2445/3788/4840 2453/3796/4854 2454/3797/4855
s 213
f 2448/3791/4843 2447/3790/4842 2455/3798/4856 2456/3799/4857
s 212
f 2449/3792/4845 2448/3791/4844 2456/3799/4858 2457/3800/4859
s 211
f 2450/3793/4847 2449/3792/4846 2457/3800/4860 2458/3801/4861
s 210
f 2451/3794/4849 2450/3793/4848 2458/3801/4862 2459/3802/4863
s 209
f 2452/3795/4851 2451/3794/4850 2459/3802/4864 2460/3803/4865
s 208
f 2453/3796/4853 2452/3795/4852 2460/3803/4866 2461/3804/4867
s 207
f 2454/3797/4855 2453/3796/4854 2461/3804/4868 2462/3805/4869
s 213
f 2456/3799/4857 2455/3798/4856 2463/3806/4870 2464/3807/4871
s 212
f 2457/3800/4859 2456/3799/4858 2464/3807/4872 2465/3808/4873
s 211
f 2458/3801/4861 2457/3800/4860 2465/3808/4874 2466/3809/4875
s 210
f 2459/3802/4863 2458/3801/4862 2466/3809/4876 2467/3810/4877
s 209
f 2460/3803/4865 2459/3802/4864 2467/3810/4878 2468/3811/4879
s 208
f 2461/3804/4867 2460/3803/4866 2468/3811/4880 2469/3812/4881
s 207
f 2462/3805/4869 2461/3804/4868 2469/3812/4882 2470/3813/4883
s 213
f 2464/3807/4871 2463/3806/4870 2471/3814/4884 2472/3815/4885
s 212
f 2465/3808/4873 2464/3807/4872 2472/3815/4886 2473/3816/4887
s 211
f 2466/3809/4875 2465/3808/4874 2473/3816/4888 2474/3817/4889
s 210
f 2467/3810/4877 2466/3809/4876 2474/3817/4890 2475/3818/4891
s 209
f 2468/3811/4879 2467/3810/4878 2475/3818/4892 2476/3819/4893
s 208
f 2469/3812/4881 2468/3811/4880 2476/3819/4894 2477/3820/4895
s 207
f 2470/3813/4883 2469/3812/4882 2477/3820/4896 2478/3821/4897
s 213
f 2472/3815/4885 2471/3814/4884 2272/3822/4898 2273/3823/4899
s 212
f 2473/3816/4887 2472/3815/4886 2273/3823/4900 2274/3824/4901
s 211
f 2474/3817/4889 2473/3816/4888 2274/3824/4902 2275/3825/4903
s 210
f 2475/3818/4891 2474/3817/4890 2275/3825/4904 2276/3826/4905
s 209
f 2476/3819/4893 2475/3818/4892 2276/3826/4906 2277/3827/4907
s 208
f 2477/3820/4895 2476/3819/4894 2277/3827/4908 2278/3828/4909
s 207
f 2478/3821/4897 2477/3820/4896 2278/3828/4910 2271/3829/4911
s 214
f 2254/3598/4912 2252/3597/4913 2485/3830/4914 2486/3831/4915
s 215
f 2252/3597/4916 2250/3832/4917 2484/3833/4918 2485/3830/4919
s 216
f 2250/3832/4920 2248/3834/4921 2483/3835/4922 2484/3833/4923
s 217
f 2248/3834/4924 2246/3836/4925 2482/3837/4926 2483/3835/4927
s 218
f 2246/3836/4928 2244/3838/4929 2481/3839/4930 2482/3837/4931
s 219
f 2244/3838/4932 2242/3579/4933 2480/3840/4934 2481/3839/4935
s 220
f 2242/3579/4936 2241/3578/4937 2479/3841/4938 2480/3840/4939
f 2480/3840/4939 2479/3841/4938 2487/3842/4940 2488/3843/4941
s 219
f 2481/3839/4935 2480/3840/4934 2488/3843/4942 2489/3844/4943
s 218
f 2482/3837/4931 2481/3839/4930 2489/3844/4944 2490/3845/4945
s 217
f 2483/3835/4927 2482/3837/4926 2490/3845/4946 2491/3846/4947
s 216
f 2484/3833/4923 2483/3835/4922 2491/3846/4948 2492/3847/4949
s 215
f 2485/3830/4919 2484/3833/4918 2492/3847/4950 2493/3848/4951
s 214
f 2486/3831/4915 2485/3830/4914 2493/3848/4952 2494/3849/4953
s 220
f 2488/3843/4941 2487/3842/4940 2495/3850/4954 2496/3851/4955
s 219
f 2489/3844/4943 2488/3843/4942 2496/3851/4956 2497/3852/4957
s 218
f 2490/3845/4945 2489/3844/4944 2497/3852/4958 2498/3853/4959
s 217
f 2491/3846/4947 2490/3845/4946 2498/3853/4960 2499/3854/4961
s 216
f 2492/3847/4949 2491/3846/4948 2499/3854/4962 2500/3855/4963
s 215
f 2493/3848/4951 2492/3847/4950 2500/3855/4964 2501/3856/4965
s 214
f 2494/3849/4953 2493/3848/4952 2501/3856/4966 2502/3857/4967
s 220
f 2496/3851/4955 2495/3850/4954 2503/3858/4968 2504/3859/4969
s 219
f 2497/3852/4957 2496/3851/4956 2504/3859/4970 2505/3860/4971
s 218
f 2498/3853/4959 2497/3852/4958 2505/3860/4972 2506/3861/4973
s 217
f 2499/3854/4961 2498/3853/4960 2506/3861/4974 2507/3862/4975
s 216
f 2500/3855/4963 2499/3854/4962 2507/3862/4976 2508/3863/4977
s 215
f 2501/3856/4965 2500/3855/4964 2508/3863/4978 2509/3864/4979
s 214
f 2502/3857/4967 2501/3856/4966 2509/3864/4980 2510/3865/4981
s 220
f 2504/3859/4969 2503/3858/4968 2511/3866/4982 2512/3867/4983
s 219
f 2505/3860/4971 2504/3859/4970 2512/3867/4984 2513/3868/4985
s 218
f 2506/3861/4973 2505/3860/4972 2513/3868/4986 2514/3869/4987
s 217
f 2507/3862/4975 2506/3861/4974 2514/3869/4988 2515/3870/4989
s 216
f 2508/3863/4977 2507/3862/4976 2515/3870/4990 2516/3871/4991
s 215
f 2509/3864/4979 2508/3863/4978 2516/3871/4992 2517/3872/4993
s 214
f 2510/3865/4981 2509/3864/4980 2517/3872/4994 2518/3873/4995
s 220
f 2512/3867/4983 2511/3866/4982 2519/3874/4996 2520/3875/4997
s 219
f 2513/3868/4985 2512/3867/4984 2520/3875/4998 2521/3876/4999
s 218
f 2514/3869/4987 2513/3868/4986 2521/3876/5000 2522/3877/5001
s 217
f 2515/3870/4989 2514/3869/4988 2522/3877/5002 2523/3878/5003
s 216
f 2516/3871/4991 2515/3870/4990 2523/3878/5004 2524/3879/5005
s 215
f 2517/3872/4993 2516/3871/4992 2524/3879/5006 2525/3880/5007
s 214
f 2518/3873/4995 2517/3872/4994 2525/3880/5008 2526/3881/5009
s 220
f 2520/3875/4997 2519/3874/4996 2527/3882/5010 2528/3883/5011
s 219
f 2521/3876/4999 2520/3875/4998 2528/3883/5012 2529/3884/5013
s 218
f 2522/3877/5001 2521/3876/5000 2529/3884/5014 2530/3885/5015
s 217
f 2523/3878/5003 2522/3877/5002 2530/3885/5016 2531/3886/5017
s 216
f 2524/3879/5005 2523/3878/5004 2531/3886/5018 2532/3887/5019
s 215
f 2525/3880/5007 2524/3879/5006 2532/3887/5020 2533/3888/5021
s 214
f 2526/3881/5009 2525/3880/5008 2533/3888/5022 2534/3889/5023
s 220
f 2528/3883/5011 2527/3882/5010 2535/3890/5024 2536/3891/5025
s 219
f 2529/3884/5013 2528/3883/5012 2536/3891/5026 2537/3892/5027
s 218
f 2530/3885/5015 2529/3884/5014 2537/3892/5028 2538/3893/5029
s 217
f 2531/3886/5017 2530/3885/5016 2538/3893/5030 2539/3894/5031
s 216
f 2532/3887/5019 2531/3886/5018 2539/3894/5032 2540/3895/5033
s 215
f 2533/3888/5021 2532/3887/5020 2540/3895/5034 2541/3896/5035
s 214
f 2534/3889/5023 2533/3888/5022 2541/3896/5036 2542/3897/5037
s 220
f 2536/3891/5025 2535/3890/5024 2543/3898/5038 2544/3899/5039
s 219
f 2537/3892/5027 2536/3891/5026 2544/3899/5040 2545/3900/5041
s 218
f 2538/3893/5029 2537/3892/5028 2545/3900/5042 2546/3901/5043
s 217
f 2539/3894/5031 2538/3893/5030 2546/3901/5044 2547/3902/5045
s 216
f 2540/3895/5033 2539/3894/5032 2547/3902/5046 2548/3903/5047
s 215
f 2541/3896/5035 2540/3895/5034 2548/3903/5048 2549/3904/5049
s 214
f 2542/3897/5037 2541/3896/5036 2549/3904/5050 2550/3905/5051
s 220
f 2544/3899/5039 2543/3898/5038 2551/3906/5052 2552/3907/5053
s 219
f 2545/3900/5041 2544/3899/5040 2552/3907/5054 2553/3908/5055
s 218
f 2546/3901/5043 2545/3900/5042 2553/3908/5056 2554/3909/5057
s 217
f 2547/3902/5045 2546/3901/5044 2554/3909/5058 2555/3910/5059
s 216
f 2548/3903/5047 2547/3902/5046 2555/3910/5060 2556/3911/5061
s 215
f 2549/3904/5049 2548/3903/5048 2556/3911/5062 2557/3912/5063
s 214
f 2550/3905/5051 2549/3904/5050 2557/3912/5064 2558/3913/5065
s 220
f 2552/3907/5053 2551/3906/5052 2559/3914/5066 2560/3915/5067
s 219
f 2553/3908/5055 2552/3907/5054 2560/3915/5068 2561/3916/5069
s 218
f 2554/3909/5057 2553/3908/5056 2561/3916/5070 2562/3917/5071
s 217
f 2555/3910/5059 2554/3909/5058 2562/3917/5072 2563/3918/5073
s 216
f 2556/3911/5061 2555/3910/5060 2563/3918/5074 2564/3919/5075
s 215
f 2557/3912/5063 2556/3911/5062 2564/3919/5076 2565/3920/5077
s 214
f 2558/3913/5065 2557/3912/5064 2565/3920/5078 2566/3921/5079
s 220
f 2560/3915/5067 2559/3914/5066 2256/3922/5080 2257/3601/5081
s 219
f 2561/3916/5069 2560/3915/5068 2257/3601/5082 2258/3604/5083
s 218
f 2562/3917/5071 2561/3916/5070 2258/3604/5084 2259/3606/5085
s 217
f 2563/3918/5073 2562/3917/5072 2259/3606/5086 2260/3608/5087
s 216
f 2564/3919/5075 2563/3918/5074 2260/3608/5088 2261/3610/5089
s 215
f 2565/3920/5077 2564/3919/5076 2261/3610/5090 2262/3612/5091
s 214
f 2566/3921/5079 2565/3920/5078 2262/3612/5092 2255/3614/5093
s 221
f 2239/3581/5094 2240/3580/5095 2573/3923/5096 2574/3924/5097
s 222
f 2240/3580/5098 2243/3925/5099 2572/3926/5100 2573/3923/5101
s 223
f 2243/3925/5102 2245/3927/5103 2571/3928/5104 2572/3926/5105
s 224
f 2245/3927/5106 2247/3929/5107 2570/3930/5108 2571/3928/5109
s 225
f 2247/3929/5110 2249/3931/5111 2569/3932/5112 2570/3930/5113
s 226
f 2249/3931/5114 2251/3600/5115 2568/3933/5116 2569/3932/5117
s 227
f 2251/3600/5118 2253/3599/5119 2567/3934/5120 2568/3933/5121
f 2568/3933/5121 2567/3934/5120 2575/3935/5122 2576/3936/5123
s 226
f 2569/3932/5117 2568/3933/5116 2576/3936/5124 2577/3937/5125
s 225
f 2570/3930/5113 2569/3932/5112 2577/3937/5126 2578/3938/5127
s 224
f 2571/3928/5109 2570/3930/5108 2578/3938/5128 2579/3939/5129
s 223
f 2572/3926/5105 2571/3928/5104 2579/3939/5130 2580/3940/5131
s 222
f 2573/3923/5101 2572/3926/5100 2580/3940/5132 2581/3941/5133
s 221
f 2574/3924/5097 2573/3923/5096 2581/3941/5134 2582/3942/5135
s 227
f 2576/3936/5123 2575/3935/5122 2583/3943/5136 2584/3944/5137
s 226
f 2577/3937/5125 2576/3936/5124 2584/3944/5138 2585/3945/5139
s 225
f 2578/3938/5127 2577/3937/5126 2585/3945/5140 2586/3946/5141
s 224
f 2579/3939/5129 2578/3938/5128 2586/3946/5142 2587/3947/5143
s 223
f 2580/3940/5131 2579/3939/5130 2587/3947/5144 2588/3948/5145
s 222
f 2581/3941/5133 2580/3940/5132 2588/3948/5146 2589/3949/5147
s 221
f 2582/3942/5135 2581/3941/5134 2589/3949/5148 2590/3950/5149
s 227
f 2584/3944/5137 2583/3943/5136 2591/3951/5150 2592/3952/5151
s 226
f 2585/3945/5139 2584/3944/5138 2592/3952/5152 2593/3953/5153
s 225
f 2586/3946/5141 2585/3945/5140 2593/3953/5154 2594/3954/5155
s 224
f 2587/3947/5143 2586/3946/5142 2594/3954/5156 2595/3955/5157
s 223
f 2588/3948/5145 2587/3947/5144 2595/3955/5158 2596/3956/5159
s 222
f 2589/3949/5147 2588/3948/5146 2596/3956/5160 2597/3957/5161
s 221
f 2590/3950/5149 2589/3949/5148 2597/3957/5162 2598/3958/5163
s 227
f 2592/3952/5151 2591/3951/5150 2599/3959/5164 2600/3960/5165
s 226
f 2593/3953/5153 2592/3952/5152 2600/3960/5166 2601/3961/5167
s 225
f 2594/3954/5155 2593/3953/5154 2601/3961/5168 2602/3962/5169
s 224
f 2595/3955/5157 2594/3954/5156 2602/3962/5170 2603/3963/5171
s 223
f 2596/3956/5159 2595/3955/5158 2603/3963/5172 2604/3964/5173
s 222
f 2597/3957/5161 2596/3956/5160 2604/3964/5174 2605/3965/5175
s 221
f 2598/3958/5163 2597/3957/5162 2605/3965/5176 2606/3966/5177
s 227
f 2600/3960/5165 2599/3959/5164 2607/3967/5178 2608/3968/5179
s 226
f 2601/3961/5167 2600/3960/5166 2608/3968/5180 2609/3969/5181
s 225
f 2602/3962/5169 2601/3961/5168 2609/3969/5182 2610/3970/5183
s 224
f 2603/3963/5171 2602/3962/5170 2610/3970/5184 2611/3971/5185
s 223
f 2604/3964/5173 2603/3963/5172 2611/3971/5186 2612/3972/5187
s 222
f 2605/3965/5175 2604/3964/5174 2612/3972/5188 2613/3973/5189
s 221
f 2606/3966/5177 2605/3965/5176 2613/3973/5190 2614/3974/5191
s 227
f 2608/3968/5179 2607/3967/5178 2615/3975/5192 2616/3976/5193
s 226
f 2609/3969/5181 2608/3968/5180 2616/3976/5194 2617/3977/5195
s 225
f 2610/3970/5183 2609/3969/5182 2617/3977/5196 2618/3978/5197
s 224
f 2611/3971/5185 2610/3970/5184 2618/3978/5198 2619/3979/5199
s 223
f 2612/3972/5187 2611/3971/5186 2619/3979/5200 2620/3980/5201
s 222
f 2613/3973/5189 2612/3972/5188 2620/3980/5202 2621/3981/5203
s 221
f 2614/3974/5191 2613/3973/5190 2621/3981/5204 2622/3982/5205
s 227
f 2616/3976/5193 2615/3975/5192 2623/3983/5206 2624/3984/5207
s 226
f 2617/3977/5195 2616/3976/5194 2624/3984/5208 2625/3985/5209
s 225
f 2618/3978/5197 2617/3977/5196 2625/3985/5210 2626/3986/5211
s 224
f 2619/3979/5199 2618/3978/5198 2626/3986/5212 2627/3987/5213
s 223
f 2620/3980/5201 2619/3979/5200 2627/3987/5214 2628/3988/5215
s 222
f 2621/3981/5203 2620/3980/5202 2628/3988/5216 2629/3989/5217
s 221
f 2622/3982/5205 2621/3981/5204 2629/3989/5218 2630/3990/5219
s 227
f 2624/3984/5207 2623/3983/5206 2631/3991/5220 2632/3992/5221
s 226
f 2625/3985/5209 2624/3984/5208 2632/3992/5222 2633/3993/5223
s 225
f 2626/3986/5211 2625/3985/5210 2633/3993/5224 2634/3994/5225
s 224
f 2627/3987/5213 2626/3986/5212 2634/3994/5226 2635/3995/5227
s 223
f 2628/3988/5215 2627/3987/5214 2635/3995/5228 2636/3996/5229
s 222
f 2629/3989/5217 2628/3988/5216 2636/3996/5230 2637/3997/5231
s 221
f 2630/3990/5219 2629/3989/5218 2637/3997/5232 2638/3998/5233
s 227
f 2632/3992/5221 2631/3991/5220 2639/3999/5234 2640/4000/5235
s 226
f 2633/3993/5223 2632/3992/5222 2640/4000/5236 2641/4001/5237
s 225
f 2634/3994/5225 2633/3993/5224 2641/4001/5238 2642/4002/5239
s 224
f 2635/3995/5227 2634/3994/5226 2642/4002/5240 2643/4003/5241
s 223
f 2636/3996/5229 2635/3995/5228 2643/4003/5242 2644/4004/5243
s 222
f 2637/3997/5231 2636/3996/5230 2644/4004/5244 2645/4005/5245
s 221
f 2638/3998/5233 2637/3997/5232 2645/4005/5246 2646/4006/5247
s 227
f 2640/4000/5235 2639/3999/5234 2647/4007/5248 2648/4008/5249
s 226
f 2641/4001/5237 2640/4000/5236 2648/4008/5250 2649/4009/5251
s 225
f 2642/4002/5239 2641/4001/5238 2649/4009/5252 2650/4010/5253
s 224
f 2643/4003/5241 2642/4002/5240 2650/4010/5254 2651/4011/5255
s 223
f 2644/4004/5243 2643/4003/5242 2651/4011/5256 2652/4012/5257
s 222
f 2645/4005/5245 2644/4004/5244 2652/4012/5258 2653/4013/5259
s 221
f 2646/4006/5247 2645/4005/5246 2653/4013/5260 2654/4014/5261
s 227
f 2648/4008/5249 2647/4007/5248 2287/3627/5262 2294/3625/5263
s 226
f 2649/4009/5251 2648/4008/5250 2294/3625/5264 2293/3623/5265
s 225
f 2650/4010/5253 2649/4009/5252 2293/3623/5266 2292/3621/5267
s 224
f 2651/4011/5255 2650/4010/5254 2292/3621/5268 2291/3619/5269
s 223
f 2652/4012/5257 2651/4011/5256 2291/3619/5270 2290/3616/5271
s 222
f 2653/4013/5259 2652/4012/5258 2290/3616/5272 2289/3615/5273
s 221
f 2654/4014/5261 2653/4013/5260 2289/3615/5274 2288/4015/5275
s off
usemtl phong3SG
f 2655/4016/5276 2656/4017/5277 2658/4018/5278 2657/4019/5279
f 2657/4020/5280 2658/4021/5281 2660/4022/5282 2659/4023/5283
f 2659/4024/5284 2660/4025/5285 2662/4026/5286 2661/4027/5287
f 2661/4028/5288 2662/4029/5289 2656/4030/5290 2655/4031/5291
f 2656/4032/5292 2662/4033/5293 2660/4034/5294 2658/4021/5295
f 2661/4035/5296 2655/4036/5297 2657/4020/5298 2659/4037/5299
s 228
usemtl phong1SG
f 2787/4038/5300 2786/4039/5301 2664/4040/5302 2663/4041/5303
f 2786/4039/5301 2785/4042/5304 2665/4043/5305 2664/4040/5302
f 2785/4042/5304 2784/4044/5306 2666/4045/5307 2665/4043/5305
f 2784/4044/5306 2783/4046/5308 2667/4047/5309 2666/4045/5307
f 2783/4046/5308 2782/4048/5310 2668/4049/5311 2667/4047/5309
f 2794/4050/5312 2793/4051/5313 2670/4052/5314 2669/4053/5315
f 2793/4051/5313 2792/4054/5316 2671/4055/5317 2670/4052/5314
f 2792/4054/5316 2791/4056/5318 2672/4057/5319 2671/4055/5317
f 2791/4056/5318 2790/4058/5320 2673/4059/5321 2672/4057/5319
f 2790/4058/5320 2789/4060/5322 2674/4061/5323 2673/4059/5321
f 2789/4060/5322 2788/4062/5324 2675/4063/5325 2674/4061/5323
f 2788/4062/5324 2787/4064/5300 2663/4065/5303 2675/4063/5325
f 2663/4041/5303 2664/4040/5302 2677/4066/5326 2676/4067/5327
f 2664/4040/5302 2665/4043/5305 2678/4068/5328 2677/4066/5326
f 2665/4043/5305 2666/4045/5307 2679/4069/5329 2678/4068/5328
f 2666/4045/5307 2667/4047/5309 2680/4070/5330 2679/4069/5329
f 2667/4047/5309 2668/4049/5311 2681/4071/5331 2680/4070/5330
f 2669/4053/5315 2670/4052/5314 2683/4072/5332 2682/4073/5333
f 2670/4052/5314 2671/4055/5317 2684/4074/5334 2683/4072/5332
f 2671/4055/5317 2672/4057/5319 2685/4075/5335 2684/4074/5334
f 2672/4057/5319 2673/4059/5321 2686/4076/5336 2685/4075/5335
f 2673/4059/5321 2674/4061/5323 2687/4077/5337 2686/4076/5336
f 2674/4061/5323 2675/4063/5325 2688/4078/5338 2687/4077/5337
f 2675/4063/5325 2663/4065/5303 2676/4079/5327 2688/4078/5338
f 2676/4067/5327 2677/4066/5326 2690/4080/5339 2689/4081/5340
f 2677/4066/5326 2678/4068/5328 2691/4082/5341 2690/4080/5339
f 2678/4068/5328 2679/4069/5329 2692/4083/5342 2691/4082/5341
f 2679/4069/5329 2680/4070/5330 2693/4084/5343 2692/4083/5342
f 2680/4070/5330 2681/4071/5331 2694/4085/5344 2693/4084/5343
f 2682/4073/5333 2683/4072/5332 2698/4086/5345 2697/4087/5346
f 2683/4072/5332 2684/4074/5334 2699/4088/5347 2698/4086/5345
f 2684/4074/5334 2685/4075/5335 2700/4089/5348 2699/4088/5347
f 2685/4075/5335 2686/4076/5336 2701/4090/5349 2700/4089/5348
f 2686/4076/5336 2687/4077/5337 2702/4091/5350 2701/4090/5349
f 2687/4077/5337 2688/4078/5338 2703/4092/5351 2702/4091/5350
f 2688/4078/5338 2676/4079/5327 2689/4093/5340 2703/4092/5351
f 2689/4081/5340 2690/4080/5339 2705/4094/5352 2704/4095/5353
f 2690/4080/5339 2691/4082/5341 2706/4096/5354 2705/4094/5352
f 2691/4082/5341 2692/4083/5342 2707/4097/5355 2706/4096/5354
f 2692/4083/5342 2693/4084/5343 2708/4098/5356 2707/4097/5355
f 2693/4084/5343 2694/4085/5344 2709/4099/5357 2708/4098/5356
f 2694/4085/5344 2695/4100/5358 2710/4101/5359 2709/4099/5357
f 2696/4102/5360 2697/4087/5346 2714/4103/5361 2713/4104/5362
f 2697/4087/5346 2698/4086/5345 2715/4105/5363 2714/4103/5361
f 2698/4086/5345 2699/4088/5347 2716/4106/5364 2715/4105/5363
f 2699/4088/5347 2700/4089/5348 2717/4107/5365 2716/4106/5364
f 2700/4089/5348 2701/4090/5349 2718/4108/5366 2717/4107/5365
f 2701/4090/5349 2702/4091/5350 2719/4109/5367 2718/4108/5366
f 2702/4091/5350 2703/4092/5351 2720/4110/5368 2719/4109/5367
f 2703/4092/5351 2689/4093/5340 2704/4111/5353 2720/4110/5368
f 2704/4095/5353 2705/4094/5352 2722/4112/5369 2721/4113/5370
f 2705/4094/5352 2706/4096/5354 2723/4114/5371 2722/4112/5369
f 2706/4096/5354 2707/4097/5355 2724/4115/5372 2723/4114/5371
f 2707/4097/5355 2708/4098/5356 2725/4116/5373 2724/4115/5372
f 2708/4098/5356 2709/4099/5357 2726/4117/5374 2725/4116/5373
f 2709/4099/5357 2710/4101/5359 2727/4118/5375 2726/4117/5374
f 2710/4101/5359 2711/4119/5376 2728/4120/5377 2727/4118/5375
f 2712/4121/5378 2713/4104/5362 2733/4122/5379 2732/4123/5380
f 2713/4104/5362 2714/4103/5361 2734/4124/5381 2733/4122/5379
f 2714/4103/5361 2715/4105/5363 2735/4125/5382 2734/4124/5381
f 2715/4105/5363 2716/4106/5364 2736/4126/5383 2735/4125/5382
f 2716/4106/5364 2717/4107/5365 2737/4127/5384 2736/4126/5383
f 2717/4107/5365 2718/4108/5366 2738/4128/5385 2737/4127/5384
f 2718/4108/5366 2719/4109/5367 2739/4129/5386 2738/4128/5385
f 2719/4109/5367 2720/4110/5368 2740/4130/5387 2739/4129/5386
f 2720/4110/5368 2704/4111/5353 2721/4131/5370 2740/4130/5387
f 2721/4113/5370 2722/4112/5369 2742/4132/5388 2741/4133/5389
f 2722/4112/5369 2723/4114/5371 2743/4134/5390 2742/4132/5388
f 2723/4114/5371 2724/4115/5372 2744/4135/5391 2743/4134/5390
f 2724/4115/5372 2725/4116/5373 2745/4136/5392 2744/4135/5391
f 2725/4116/5373 2726/4117/5374 2746/4137/5393 2745/4136/5392
f 2726/4117/5374 2727/4118/5375 2747/4138/5394 2746/4137/5393
f 2727/4118/5375 2728/4120/5377 2748/4139/5395 2747/4138/5394
f 2728/4120/5377 2729/4140/5396 2749/4141/5397 2748/4139/5395
f 2729/4140/5396 2730/4142/5398 2750/4143/5399 2749/4141/5397
f 2730/4142/5398 2731/4144/5400 2751/4145/5401 2750/4143/5399
f 2731/4144/5400 2732/4123/5380 2752/4146/5402 2751/4145/5401
f 2732/4123/5380 2733/4122/5379 2753/4147/5403 2752/4146/5402
f 2733/4122/5379 2734/4124/5381 2754/4148/5404 2753/4147/5403
f 2734/4124/5381 2735/4125/5382 2755/4149/5405 2754/4148/5404
f 2735/4125/5382 2736/4126/5383 2756/4150/5406 2755/4149/5405
f 2736/4126/5383 2737/4127/5384 2757/4151/5407 2756/4150/5406
f 2737/4127/5384 2738/4128/5385 2758/4152/5408 2757/4151/5407
f 2738/4128/5385 2739/4129/5386 2759/4153/5409 2758/4152/5408
f 2739/4129/5386 2740/4130/5387 2760/4154/5410 2759/4153/5409
f 2740/4130/5387 2721/4131/5370 2741/4155/5389 2760/4154/5410
f 2741/4133/5389 2742/4132/5388 2762/4156/5411 2761/4157/5412
f 2742/4132/5388 2743/4134/5390 2763/4158/5413 2762/4156/5411
f 2743/4134/5390 2744/4135/5391 2764/4159/5414 2763/4158/5413
f 2744/4135/5391 2745/4136/5392 2765/4160/5415 2764/4159/5414
f 2745/4136/5392 2746/4137/5393 2766/4161/5416 2765/4160/5415
f 2746/4137/5393 2747/4138/5394 2767/4162/5417 2766/4161/5416
f 2747/4138/5394 2748/4139/5395 2768/4163/5418 2767/4162/5417
f 2748/4139/5395 2749/4141/5397 2769/4164/5419 2768/4163/5418
f 2749/4141/5397 2750/4143/5399 2770/4165/5420 2769/4164/5419
f 2750/4143/5399 2751/4145/5401 2771/4166/5421 2770/4165/5420
f 2751/4145/5401 2752/4146/5402 2772/4167/5422 2771/4166/5421
f 2752/4146/5402 2753/4147/5403 2773/4168/5423 2772/4167/5422
f 2753/4147/5403 2754/4148/5404 2774/4169/5424 2773/4168/5423
f 2754/4148/5404 2755/4149/5405 2775/4170/5425 2774/4169/5424
f 2755/4149/5405 2756/4150/5406 2776/4171/5426 2775/4170/5425
f 2756/4150/5406 2757/4151/5407 2777/4172/5427 2776/4171/5426
f 2757/4151/5407 2758/4152/5408 2778/4173/5428 2777/4172/5427
f 2758/4152/5408 2759/4153/5409 2779/4174/5429 2778/4173/5428
f 2759/4153/5409 2760/4154/5410 2780/4175/5430 2779/4174/5429
f 2760/4154/5410 2741/4155/5389 2761/4176/5412 2780/4175/5430
f 2761/4157/5412 2762/4156/5411 2781/4177/5431
f 2762/4156/5411 2763/4158/5413 2781/4178/5431
f 2763/4158/5413 2764/4159/5414 2781/4179/5431
f 2764/4159/5414 2765/4160/5415 2781/4180/5431
f 2765/4160/5415 2766/4161/5416 2781/4181/5431
f 2766/4161/5416 2767/4162/5417 2781/4182/5431
f 2767/4162/5417 2768/4163/5418 2781/4183/5431
f 2768/4163/5418 2769/4164/5419 2781/4184/5431
f 2769/4164/5419 2770/4165/5420 2781/4185/5431
f 2770/4165/5420 2771/4166/5421 2781/4186/5431
f 2771/4166/5421 2772/4167/5422 2781/4187/5431
f 2772/4167/5422 2773/4168/5423 2781/4188/5431
f 2773/4168/5423 2774/4169/5424 2781/4189/5431
f 2774/4169/5424 2775/4170/5425 2781/4190/5431
f 2775/4170/5425 2776/4171/5426 2781/4191/5431
f 2776/4171/5426 2777/4172/5427 2781/4192/5431
f 2777/4172/5427 2778/4173/5428 2781/4193/5431
f 2778/4173/5428 2779/4174/5429 2781/4194/5431
f 2779/4174/5429 2780/4175/5430 2781/4195/5431
f 2780/4175/5430 2761/4176/5412 2781/4196/5431
s 230
f 2782/4048/5432 2783/4046/5433 2819/4197/5434 2820/4198/5435
s 231
usemtl lambert6SG
f 2783/4046/5436 2784/4044/5437 2818/4199/5438 2819/4197/5439
s 232
f 2784/4044/5440 2785/4042/5441 2817/4200/5442 2818/4199/5443
s 233
f 2785/4042/5444 2786/4039/5445 2816/4201/5446 2817/4200/5447
s 234
f 2786/4039/5448 2787/4038/5449 2815/4202/5450 2816/4201/5451
s 235
f 2787/4064/5452 2788/4062/5453 2814/4203/5454 2815/4204/5455
s 236
f 2788/4062/5456 2789/4060/5457 2813/4205/5458 2814/4203/5459
s 237
f 2789/4060/5460 2790/4058/5461 2812/4206/5462 2813/4205/5463
s 238
f 2790/4058/5464 2791/4056/5465 2811/4207/5466 2812/4206/5467
s 239
f 2791/4056/5468 2792/4054/5469 2810/4208/5470 2811/4207/5471
s 240
f 2792/4054/5472 2793/4051/5473 2809/4209/5474 2810/4208/5475
s 241
f 2793/4051/5476 2794/4050/5477 2808/4210/5478 2809/4209/5479
f 2809/4209/5479 2808/4210/5478 2801/4211/5480 2802/4212/5481
s 240
f 2810/4208/5475 2809/4209/5474 2802/4212/5482 2803/4213/5483
s 239
f 2811/4207/5471 2810/4208/5470 2803/4213/5484 2804/4214/5485
s 238
f 2812/4206/5467 2811/4207/5466 2804/4214/5486 2805/4215/5487
s 237
f 2813/4205/5463 2812/4206/5462 2805/4215/5488 2806/4216/5489
s 236
f 2814/4203/5459 2813/4205/5458 2806/4216/5490 2807/4217/5491
s 235
f 2815/4204/5455 2814/4203/5454 2807/4217/5492 2795/4218/5493
s 234
f 2816/4201/5451 2815/4202/5450 2795/4219/5494 2796/4220/5495
s 233
f 2817/4200/5447 2816/4201/5446 2796/4220/5496 2797/4221/5497
s 232
f 2818/4199/5443 2817/4200/5442 2797/4221/5498 2798/4222/5499
s 231
f 2819/4197/5439 2818/4199/5438 2798/4222/5500 2799/4223/5501
s 230
usemtl phong1SG
f 2820/4198/5435 2819/4197/5434 2799/4223/5502 2800/4224/5503
s off
usemtl initialShadingGroup
f 2821/4225/5504 2822/4226/5505 2823/4227/5506 2824/4228/5507
f 2825/4229/5508 2826/4230/5509 2827/4231/5510 2828/4232/5511
f 2829/4233/5512 2830/4234/5513 2831/4235/5514 2832/4236/5515
f 2829/4237/5516 2833/4238/5517 2840/4239/5518 2830/4240/5519
f 2831/4235/5520 2841/4241/5521 2839/4242/5522 2832/4236/5523
f 2833/4238/5524 2839/4242/5525 2841/4241/5526 2840/4239/5527
f 2821/4243/5528 2824/4244/5529 2843/4245/5530 2838/4246/5531
f 2825/4247/5532 2835/4248/5533 2846/4249/5534 2826/4250/5535
f 2822/4251/5536 2837/4252/5537 2844/4253/5538 2823/4254/5539
f 2836/4255/5540 2845/4256/5541 2844/4253/5542 2837/4252/5543
f 2827/4257/5544 2845/4256/5545 2836/4255/5546 2828/4258/5547
usemtl lambert7SG
f 2829/4233/5548 2832/4236/5549 2839/4259/5550 2833/4260/5551 2834/4261/5552 2835/4262/5553 2825/4263/5554 2828/4264/5555 2836/4265/5556 2837/4266/5557 2822/4267/5558 2821/4268/5559 2838/4269/5560
usemtl initialShadingGroup
f 2830/4234/5561 2840/4270/5562 2841/4271/5563 2831/4235/5564 2842/4272/5565 2843/4273/5566 2824/4274/5567 2823/4275/5568 2844/4276/5569 2845/4277/5570 2827/4278/5571 2826/4279/5572 2846/4280/5573
f 2834/4281/5574 2838/4282/5575 2843/4283/5576 2842/4284/5577 2846/4249/5578 2835/4248/5579
s 242
usemtl phong1SG
f 2853/4285/5580 2854/4286/5581 2849/4287/5582 2848/4288/5583
f 2854/4286/5581 2855/4289/5584 2850/4290/5585 2849/4287/5582
f 2855/4289/5584 2856/4291/5586 2851/4292/5587 2850/4290/5585
f 2856/4291/5586 2857/4293/5588 2852/4294/5589 2851/4292/5587
f 2857/4293/5588 2858/4295/5590 2847/4296/5591 2852/4294/5589
s off
usemtl phong3SG
f 2859/4297/5592 2860/4298/5593 2862/4299/5594 2861/4300/5595
f 2861/4300/5596 2862/4299/5597 2864/4301/5598 2863/4302/5599
f 2863/4302/5600 2864/4301/5601 2866/4303/5602 2865/4304/5603
f 2865/4304/5604 2866/4303/5605 2860/4305/5606 2859/4306/5607
f 2860/4298/5608 2866/4307/5609 2864/4308/5610 2862/4299/5611
f 2865/4309/5612 2859/4297/5613 2861/4300/5614 2863/4310/5615
s 243
usemtl lambert6SG
f 2867/4311/5616 2868/4312/5617 2879/4313/5618 2878/4314/5619
f 2868/4312/5617 2869/4315/5620 2880/4316/5621 2879/4313/5618
f 2869/4315/5620 2870/4317/5622 2881/4318/5623 2880/4316/5621
f 2870/4317/5622 2871/4319/5624 2882/4320/5625 2881/4318/5623
usemtl phong8SG
f 2871/4319/5624 2872/4321/5626 2883/4322/5627 2882/4320/5625
f 2872/4321/5626 2873/4323/5628 2884/4324/5629 2883/4322/5627
usemtl lambert6SG
f 2873/4323/5628 2874/4325/5630 2885/4326/5631 2884/4324/5629
f 2874/4325/5630 2875/4327/5632 2886/4328/5633 2885/4326/5631
f 2875/4327/5632 2876/4329/5634 2887/4330/5635 2886/4328/5633
s 244
usemtl initialShadingGroup
f 2868/4331/5636 2867/4332/5637 2890/4333/5638
f 2869/4334/5639 2868/4331/5636 2890/4333/5638
f 2870/4335/5640 2869/4334/5639 2890/4333/5638
f 2871/4336/5641 2870/4335/5640 2890/4333/5638
f 2872/4337/5642 2871/4336/5641 2890/4333/5638
f 2873/4338/5643 2872/4337/5642 2890/4333/5638
f 2874/4339/5644 2873/4338/5643 2890/4333/5638
f 2875/4340/5645 2874/4339/5644 2890/4333/5638
f 2876/4341/5646 2875/4340/5645 2890/4333/5638
f 2877/4342/5647 2876/4341/5646 2890/4333/5638
s 245
f 2878/4343/5648 2879/4344/5649 2891/4345/5650
f 2879/4344/5649 2880/4346/5651 2891/4345/5650
f 2880/4346/5651 2881/4347/5652 2891/4345/5650
f 2881/4347/5652 2882/4348/5653 2891/4345/5650
f 2882/4348/5653 2883/4349/5654 2891/4345/5650
f 2883/4349/5654 2884/4350/5655 2891/4345/5650
f 2884/4350/5655 2885/4351/5656 2891/4345/5650
f 2885/4351/5656 2886/4352/5657 2891/4345/5650
f 2886/4352/5657 2887/4353/5658 2891/4345/5650
f 2887/4353/5658 2888/4354/5659 2891/4345/5650
f 2888/4354/5659 2889/4355/5660 2891/4345/5650
s off
usemtl phong5SG
f 2892/4356/5661 2894/4359/5662 2895/4358/5663 2893/4357/5664
f 2894/4359/5665 2896/4361/5666 2897/4360/5667 2895/4358/5668
f 2896/4361/5669 2898/4363/5670 2899/4362/5671 2897/4360/5672
f 2898/4363/5673 2892/4365/5674 2893/4364/5675 2899/4362/5676
f 2893/4357/5677 2895/4358/5678 2897/4367/5679 2899/4366/5680
f 2898/4368/5681 2896/4371/5682 2894/4370/5683 2892/4369/5684
usemtl phong3SG
f 2900/4372/5685 2901/4373/5686 2903/4374/5687 2902/4375/5688
f 2902/4375/5689 2903/4374/5690 2905/4376/5691 2904/4377/5692
f 2904/4377/5693 2905/4376/5694 2907/4378/5695 2906/4379/5696
f 2906/4379/5697 2907/4378/5698 2901/4380/5699 2900/4381/5700
f 2901/4373/5701 2907/4382/5702 2905/4383/5703 2903/4374/5704
f 2906/4384/5705 2900/4372/5706 2902/4375/5707 2904/4385/5708
usemtl phong5SG
f 2908/4386/5709 2909/4387/5710 2911/4388/5711 2910/4389/5712
f 2910/4389/5713 2911/4388/5714 2913/4390/5715 2912/4391/5716
f 2912/4391/5717 2913/4390/5718 2915/4392/5719 2914/4393/5720
f 2914/4393/5721 2915/4392/5722 2909/4394/5723 2908/4395/5724
f 2909/4387/5725 2915/4396/5726 2913/4397/5727 2911/4388/5728
f 2914/4398/5729 2908/4386/5730 2910/4389/5731 2912/4399/5732
usemtl phong3SG
f 2916/4400/5733 2917/4401/5734 2919/4402/5735 2918/4403/5736
f 2918/4403/5737 2919/4402/5738 2921/4404/5739 2920/4405/5740
f 2920/4405/5741 2921/4404/5742 2923/4406/5743 2922/4407/5744
f 2922/4407/5745 2923/4406/5746 2917/4408/5747 2916/4409/5748
f 2917/4401/5749 2923/4410/5750 2921/4411/5751 2919/4402/5752
f 2922/4412/5753 2916/4400/5754 2918/4403/5755 2920/4413/5756
usemtl initialShadingGroup
f 2924/4414/5757 2925/4415/5758 2927/4416/5759 2926/4417/5760
f 2926/4417/5761 2927/4416/5762 2929/4418/5763 2928/4419/5764
f 2928/4419/5765 2929/4418/5766 2931/4420/5767 2930/4421/5768
f 2930/4421/5769 2931/4420/5770 2925/4422/5771 2924/4423/5772
f 2925/4415/5773 2931/4424/5774 2929/4425/5775 2927/4416/5776
usemtl lambert7SG
f 2930/4426/5777 2924/4414/5778 2926/4417/5779 2928/4427/5780
usemtl initialShadingGroup
f 2932/4428/5781 2933/4429/5782 2935/4430/5783 2934/4431/5784
f 2934/4431/5785 2935/4430/5786 2937/4432/5787 2936/4433/5788
f 2936/4433/5789 2937/4432/5790 2939/4434/5791 2938/4435/5792
usemtl lambert7SG
f 2938/4435/5793 2939/4434/5794 2933/4436/5795 2932/4437/5796
usemtl initialShadingGroup
f 2933/4429/5797 2939/4438/5798 2937/4439/5799 2935/4430/5800
f 2938/4440/5801 2932/4428/5802 2934/4431/5803 2936/4441/5804
s 246
usemtl lambert6SG
f 2940/4442/5805 2952/4445/5806 2953/4444/5807 2941/4443/5808
f 2941/4443/5808 2953/4444/5807 2954/4447/5809 2942/4446/5810
f 2942/4446/5810 2954/4447/5809 2955/4449/5811 2943/4448/5812
f 2943/4448/5812 2955/4449/5811 2956/4451/5813 2944/4450/5814
usemtl phong8SG
f 2944/4450/5814 2956/4451/5813 2957/4453/5815 2945/4452/5816
f 2945/4452/5816 2957/4453/5815 2958/4455/5817 2946/4454/5818
usemtl lambert6SG
f 2946/4454/5818 2958/4455/5817 2959/4457/5819 2947/4456/5820
f 2947/4456/5820 2959/4457/5819 2960/4459/5821 2948/4458/5822
f 2948/4458/5822 2960/4459/5821 2961/4461/5823 2949/4460/5824
s 247
usemtl initialShadingGroup
f 2943/4462/5825 2965/4464/5826 2942/4463/5827
f 2944/4465/5828 2965/4464/5826 2943/4462/5825
f 2945/4466/5829 2965/4464/5826 2944/4465/5828
f 2946/4467/5830 2965/4464/5826 2945/4466/5829
f 2947/4468/5831 2965/4464/5826 2946/4467/5830
f 2948/4469/5832 2965/4464/5826 2947/4468/5831
f 2949/4470/5833 2965/4464/5826 2948/4469/5832
f 2950/4471/5834 2965/4464/5826 2949/4470/5833
s 248
f 2952/4472/5835 2966/4474/5836 2953/4473/5837
f 2953/4473/5837 2966/4474/5836 2954/4475/5838
f 2954/4475/5838 2966/4474/5836 2955/4476/5839
f 2955/4476/5839 2966/4474/5836 2956/4477/5840
f 2956/4477/5840 2966/4474/5836 2957/4478/5841
f 2957/4478/5841 2966/4474/5836 2958/4479/5842
f 2958/4479/5842 2966/4474/5836 2959/4480/5843
f 2959/4480/5843 2966/4474/5836 2960/4481/5844
f 2960/4481/5844 2966/4474/5836 2961/4482/5845
f 2961/4482/5845 2966/4474/5836 2962/4483/5846
f 2962/4483/5846 2966/4474/5836 2963/4484/5847
f 2963/4484/5847 2966/4474/5836 2964/4485/5848
f 2964/4485/5848 2966/4474/5836 2951/4486/5849
s off
usemtl phong3SG
f 2967/4487/5850 2968/4488/5851 2969/4489/5852 2970/4490/5853
f 2967/4491/5854 2971/4492/5855 2977/4493/5856 2968/4494/5857
f 2969/4489/5858 2982/4495/5859 2976/4496/5860 2970/4490/5861
f 2971/4492/5862 2976/4496/5863 2982/4495/5864 2977/4493/5865
f 2974/4497/5866 2980/4498/5867 2979/4499/5868 2975/4500/5869
f 2972/4501/5870 2975/4502/5871 2979/4503/5872 2978/4504/5873
f 2973/4505/5874 2981/4506/5875 2980/4498/5876 2974/4497/5877
f 2972/4501/5878 2978/4504/5879 2981/4506/5880 2973/4505/5881
f 2967/4487/5882 2970/4490/5883 2976/4507/5884 2971/4508/5885 2972/4509/5886 2973/4510/5887 2974/4511/5888 2975/4512/5889
f 2977/4513/5890 2982/4514/5891 2969/4489/5892 2968/4488/5893 2978/4515/5894 2979/4516/5895 2980/4517/5896 2981/4518/5897
usemtl initialShadingGroup
f 2983/4519/5898 2984/4520/5899 2986/4521/5900 2985/4522/5901
s 249
f 2985/4522/5902 2986/4521/5903 2991/4523/5904 2996/4524/5905
s off
f 2987/4525/5906 2988/4526/5907 2990/4527/5908 2989/4528/5909
f 2989/4528/5910 2990/4527/5911 2994/4529/5912 2995/4530/5913 2984/4531/5914 2983/4532/5915 2999/4533/5916 2998/4534/5917
s 250
usemtl lambert11SG
f 2993/4535/5918 2994/4536/5919 2990/4537/5920 2988/4538/5921
s off
usemtl initialShadingGroup
f 2989/4539/5922 2998/4540/5923 2999/4541/5924 2983/4519/5925 2985/4522/5926 2996/4542/5927 2997/4543/5928 2987/4544/5929
s 250
usemtl lambert11SG
f 2984/4545/5930 2995/4546/5931 2991/4547/5932 2986/2213/5933
f 2991/4547/5932 2995/4546/5931 2994/4536/5919 2993/4535/5918 2992/2212/5934
s 249
usemtl initialShadingGroup
f 2996/4524/5905 2991/4523/5904 2992/4548/5935 2993/4549/5936 2988/4526/5937 2987/4525/5938 2997/4550/5939
s off
usemtl phong3SG
f 3000/4551/5940 3001/4554/5941 3008/4553/5942 3002/4552/5943
f 3014/4555/5944 3015/4558/5945 3007/4557/5946 3013/4556/5947
f 3002/4552/5948 3008/4553/5949 3013/4556/5950 3007/4557/5951
f 3005/4559/5952 3006/4562/5953 3010/4561/5954 3011/4560/5955
f 3003/4563/5956 3009/4566/5957 3010/4565/5958 3006/4564/5959
f 3004/4567/5960 3005/4559/5961 3011/4560/5962 3012/4568/5963
f 3003/4569/5964 3004/4567/5965 3012/4568/5966 3009/4570/5967
f 3000/4571/5968 3002/4578/5969 3007/4577/5970 3015/4576/5971 3003/4575/5972 3006/4574/5973 3005/4573/5974 3004/4572/5975
f 3008/4579/5976 3001/4586/5977 3014/4585/5978 3013/4584/5979 3009/4583/5980 3012/4582/5981 3011/4581/5982 3010/4580/5983
f 3001/4582/5984 3000/4551/5985 3015/4587/5986 3014/4555/5987
usemtl initialShadingGroup
f 3016/4588/5988 3017/4589/5989 3019/4590/5990 3018/4591/5991
f 3018/4591/5992 3019/4590/5993 3021/4592/5994 3020/4593/5995
f 3020/4593/5996 3021/4592/5997 3023/4594/5998 3022/4595/5999
f 3022/4595/6000 3023/4594/6001 3017/4596/6002 3016/4597/6003
usemtl lambert7SG
f 3017/4589/6004 3023/4598/6005 3021/4599/6006 3019/4590/6007
usemtl initialShadingGroup
f 3022/4600/6008 3016/4588/6009 3018/4591/6010 3020/4601/6011
s 251
f 3024/4602/6012 3025/4603/6013 3045/4604/6014 3044/4605/6015
f 3025/4603/6013 3026/4606/6016 3046/4607/6017 3045/4604/6014
f 3026/4606/6016 3027/4608/6018 3047/4609/6019 3046/4607/6017
f 3027/4608/6018 3028/4610/6020 3048/4611/6021 3047/4609/6019
f 3028/4610/6020 3029/4612/6022 3049/4613/6023 3048/4611/6021
f 3029/4612/6022 3030/4614/6024 3050/4615/6025 3049/4613/6023
f 3030/4614/6024 3031/4616/6026 3051/4617/6027 3050/4615/6025
f 3031/4616/6026 3032/4618/6028 3052/4619/6029 3051/4617/6027
f 3032/4618/6028 3033/4620/6030 3053/4621/6031 3052/4619/6029
f 3033/4620/6030 3034/4622/6032 3054/4623/6033 3053/4621/6031
f 3034/4622/6032 3035/4624/6034 3055/4625/6035 3054/4623/6033
f 3035/4624/6034 3036/4626/6036 3056/4627/6037 3055/4625/6035
f 3036/4626/6036 3037/4628/6038 3057/4629/6039 3056/4627/6037
f 3037/4628/6038 3038/4630/6040 3058/4631/6041 3057/4629/6039
f 3038/4630/6040 3039/4632/6042 3059/4633/6043 3058/4631/6041
f 3039/4632/6042 3040/4634/6044 3060/4635/6045 3059/4633/6043
f 3040/4634/6044 3041/4636/6046 3061/4637/6047 3060/4635/6045
f 3041/4636/6046 3042/4638/6048 3062/4639/6049 3061/4637/6047
f 3042/4638/6048 3043/4640/6050 3063/4641/6051 3062/4639/6049
f 3043/4640/6050 3024/4642/6012 3044/4643/6015 3063/4641/6051
s 252
f 3025/4644/6052 3024/4645/6053 3064/4646/6054
f 3026/4647/6055 3025/4644/6052 3064/4646/6054
f 3027/4648/6056 3026/4647/6055 3064/4646/6054
f 3028/4649/6057 3027/4648/6056 3064/4646/6054
f 3029/4650/6058 3028/4649/6057 3064/4646/6054
f 3030/4651/6059 3029/4650/6058 3064/4646/6054
f 3031/4652/6060 3030/4651/6059 3064/4646/6054
f 3032/4653/6061 3031/4652/6060 3064/4646/6054
f 3033/4654/6062 3032/4653/6061 3064/4646/6054
f 3034/4655/6063 3033/4654/6062 3064/4646/6054
f 3035/4656/6064 3034/4655/6063 3064/4646/6054
f 3036/4657/6065 3035/4656/6064 3064/4646/6054
f 3037/4658/6066 3036/4657/6065 3064/4646/6054
f 3038/4659/6067 3037/4658/6066 3064/4646/6054
f 3039/4660/6068 3038/4659/6067 3064/4646/6054
f 3040/4661/6069 3039/4660/6068 3064/4646/6054
f 3041/4662/6070 3040/4661/6069 3064/4646/6054
f 3042/4663/6071 3041/4662/6070 3064/4646/6054
f 3043/4664/6072 3042/4663/6071 3064/4646/6054
f 3024/4645/6053 3043/4664/6072 3064/4646/6054
s 253
usemtl lambert13SG
f 3044/4665/6073 3045/4666/6074 3065/4667/6075
f 3045/4666/6074 3046/4668/6076 3065/4667/6075
f 3046/4668/6076 3047/4669/6077 3065/4667/6075
f 3047/4669/6077 3048/4670/6078 3065/4667/6075
f 3048/4670/6078 3049/4671/6079 3065/4667/6075
usemtl initialShadingGroup
f 3049/4671/6079 3050/4672/6080 3065/4667/6075
f 3050/4672/6080 3051/4673/6081 3065/4667/6075
f 3051/4673/6081 3052/4674/6082 3065/4667/6075
f 3052/4674/6082 3053/4675/6083 3065/4667/6075
f 3053/4675/6083 3054/4676/6084 3065/4667/6075
f 3054/4676/6084 3055/4677/6085 3065/4667/6075
f 3055/4677/6085 3056/4678/6086 3065/4667/6075
f 3056/4678/6086 3057/4679/6087 3065/4667/6075
usemtl lambert13SG
f 3057/4679/6087 3058/4680/6088 3065/4667/6075
f 3058/4680/6088 3059/4681/6089 3065/4667/6075
f 3059/4681/6089 3060/4682/6090 3065/4667/6075
f 3060/4682/6090 3061/4683/6091 3065/4667/6075
f 3061/4683/6091 3062/4684/6092 3065/4667/6075
f 3062/4684/6092 3063/4685/6093 3065/4667/6075
f 3063/4685/6093 3044/4665/6073 3065/4667/6075
s off
usemtl phong3SG
f 3066/4686/6094 3069/4689/6095 3068/4688/6096 3067/4687/6097
f 3066/4690/6098 3067/4693/6099 3076/4692/6100 3070/4691/6101
f 3068/4688/6102 3069/4689/6103 3075/4695/6104 3081/4694/6105
f 3070/4691/6106 3076/4692/6107 3081/4694/6108 3075/4695/6109
f 3073/4696/6110 3074/4699/6111 3078/4698/6112 3079/4697/6113
f 3071/4700/6114 3077/4703/6115 3078/4702/6116 3074/4701/6117
f 3072/4704/6118 3073/4696/6119 3079/4697/6120 3080/4705/6121
f 3071/4700/6122 3072/4704/6123 3080/4705/6124 3077/4703/6125
f 3066/4686/6126 3070/4711/6127 3075/4710/6128 3069/4709/6129 3071/4708/6130 3074/4707/6131 3073/4706/6132 3072/4689/6133
f 3076/4712/6134 3067/4717/6135 3068/4716/6136 3081/4715/6137 3077/4714/6138 3080/4687/6139 3079/4688/6140 3078/4713/6141
usemtl initialShadingGroup
f 3082/4718/6142 3083/4719/6143 3085/4720/6144 3084/4721/6145
f 3084/4721/6146 3085/4720/6147 3087/4722/6148 3086/4723/6149
usemtl phong3SG
f 3086/4723/6150 3087/4722/6151 3089/4724/6152 3088/4725/6153
usemtl initialShadingGroup
f 3088/4725/6154 3089/4724/6155 3083/4726/6156 3082/4727/6157
f 3083/4719/6158 3089/4728/6159 3087/4729/6160 3085/4720/6161
f 3088/4730/6162 3082/4718/6163 3084/4721/6164 3086/4731/6165
usemtl phong3SG
f 3090/4732/6166 3091/4733/6167 3093/4734/6168 3092/4735/6169
f 3092/4735/6170 3093/4734/6171 3095/4736/6172 3094/4737/6173
f 3094/4737/6174 3095/4736/6175 3097/4738/6176 3096/4739/6177
f 3096/4739/6178 3097/4738/6179 3091/4740/6180 3090/4741/6181
f 3091/4733/6182 3097/4742/6183 3095/4743/6184 3093/4734/6185
f 3096/4744/6186 3090/4732/6187 3092/4735/6188 3094/4745/6189
usemtl initialShadingGroup
f 3098/4746/6190 3099/4747/6191 3101/4748/6192 3100/4749/6193
f 3100/4749/6194 3101/4748/6195 3103/4750/6196 3102/4751/6197
f 3102/4751/6198 3103/4750/6199 3105/4752/6200 3104/4753/6201
f 3104/4753/6202 3105/4752/6203 3099/4754/6204 3098/4755/6205
f 3099/4747/6206 3105/4756/6207 3103/4757/6208 3101/4748/6209
usemtl lambert7SG
f 3104/4758/6210 3098/4746/6211 3100/4749/6212 3102/4759/6213
s 254
usemtl initialShadingGroup
f 3106/4760/6214 3107/4761/6215 3118/4762/6216 3117/4763/6217
f 3107/4761/6215 3108/4764/6218 3119/4765/6219 3118/4762/6216
f 3108/4764/6218 3109/4766/6220 3120/4767/6221 3119/4765/6219
f 3109/4766/6220 3110/4768/6222 3121/4769/6223 3120/4767/6221
f 3111/4770/6224 3112/4771/6225 3123/4772/6226 3122/4773/6227
f 3112/4771/6225 3113/4774/6228 3124/4775/6229 3123/4772/6226
f 3113/4774/6228 3114/4776/6230 3125/4777/6231 3124/4775/6229
f 3114/4776/6230 3139/4778/6232 3140/4779/6233 3125/4777/6231
f 3115/4780/6234 3116/4781/6235 3127/4782/6236 3126/4783/6237
f 3116/4781/6235 3106/4784/6214 3117/4785/6217 3127/4782/6236
f 3117/4763/6217 3118/4762/6216 3129/4786/6238 3128/4787/6239
f 3118/4762/6216 3119/4765/6219 3130/4788/6240 3129/4786/6238
f 3119/4765/6219 3120/4767/6221 3131/4789/6241 3130/4788/6240
f 3120/4767/6221 3121/4769/6223 3132/4790/6242 3131/4789/6241
f 3122/4773/6227 3123/4772/6226 3137/4791/6243 3138/4792/6244
f 3123/4772/6226 3124/4775/6229 3136/4793/6245 3137/4791/6243
f 3124/4775/6229 3125/4777/6231 3135/4794/6246 3136/4793/6245
f 3125/4777/6231 3140/4779/6233 3141/4795/6247 3135/4794/6246
f 3126/4783/6237 3127/4782/6236 3133/4796/6248 3134/4797/6249
f 3127/4782/6236 3117/4785/6217 3128/4798/6239 3133/4796/6248
f 3140/4779/6233 3139/4778/6232 3115/4780/6234 3126/4783/6237
f 3141/4795/6247 3140/4779/6233 3126/4783/6237 3134/4797/6249
s 256
usemtl lambert6SG
f 3142/4799/6250 3143/4800/6251 3156/4801/6252 3155/4802/6253
f 3143/4800/6251 3144/4803/6254 3157/4804/6255 3156/4801/6252
f 3144/4803/6254 3145/4805/6256 3158/4806/6257 3157/4804/6255
f 3145/4805/6256 3146/4807/6258 3159/4808/6259 3158/4806/6257
f 3146/4807/6258 3147/4809/6260 3160/4810/6261 3159/4808/6259
f 3148/4811/6262 3149/4812/6263 3162/4813/6264 3161/4814/6265
f 3149/4812/6263 3150/4815/6266 3163/4816/6267 3162/4813/6264
f 3150/4815/6266 3151/4817/6268 3164/4818/6269 3163/4816/6267
f 3151/4817/6268 3152/4819/6270 3165/4820/6271 3164/4818/6269
f 3152/4819/6270 3181/4821/6272 3182/4822/6273 3165/4820/6271
f 3153/4823/6274 3154/4824/6275 3167/4825/6276 3166/4826/6277
f 3154/4824/6275 3142/4827/6250 3155/4828/6253 3167/4825/6276
f 3155/4802/6253 3156/4801/6252 3169/4829/6278 3168/4830/6279
f 3156/4801/6252 3157/4804/6255 3170/4831/6280 3169/4829/6278
f 3157/4804/6255 3158/4806/6257 3171/4832/6281 3170/4831/6280
f 3158/4806/6257 3159/4808/6259 3172/4833/6282 3171/4832/6281
f 3159/4808/6259 3160/4810/6261 3173/4834/6283 3172/4833/6282
f 3161/4814/6265 3162/4813/6264 3179/4835/6284 3180/4836/6285
f 3162/4813/6264 3163/4816/6267 3178/4837/6286 3179/4835/6284
f 3163/4816/6267 3164/4818/6269 3177/4838/6287 3178/4837/6286
f 3164/4818/6269 3165/4820/6271 3176/4839/6288 3177/4838/6287
f 3165/4820/6271 3182/4822/6273 3183/4840/6289 3176/4839/6288
f 3166/4826/6277 3167/4825/6276 3174/4841/6290 3175/4842/6291
f 3167/4825/6276 3155/4828/6253 3168/4843/6279 3174/4841/6290
f 3182/4822/6273 3181/4821/6272 3153/4823/6274 3166/4826/6277
f 3183/4840/6289 3182/4822/6273 3166/4826/6277 3175/4842/6291
s off
usemtl initialShadingGroup
f 3184/4844/6292 3185/4845/6293 3187/4846/6294 3186/4847/6295
s 258
f 3110/4768/6296 3109/4766/6297 3199/4848/6298 3200/4849/6299
s 259
f 3109/4766/6300 3108/4764/6301 3198/4850/6302 3199/4848/6303
s 260
f 3108/4764/6304 3107/4761/6305 3197/4851/6306 3198/4850/6307
s 261
f 3107/4761/6308 3106/4760/6309 3196/4852/6310 3197/4851/6311
s off
f 3106/4784/6312 3116/4781/6313 3195/4853/6314 3196/4854/6315
f 3116/4781/6316 3115/4780/6317 3194/4855/6318 3195/4853/6319
s 262
f 3115/4780/6320 3139/4778/6321 3193/4856/6322 3194/4855/6323
s 263
f 3139/4778/6324 3114/4776/6325 3192/4857/6326 3193/4858/6327
s 264
f 3114/4776/6328 3113/4774/6329 3191/4859/6330 3192/4857/6331
s 265
f 3113/4774/6332 3112/4771/6333 3190/4860/6334 3191/4859/6335
s off
usemtl lambert6SG
f 3189/4861/6336 3188/4862/6337 3147/4809/6338 3146/4807/6339
f 3190/4860/6340 3189/4861/6341 3146/4807/6342 3145/4805/6343
s 265
f 3191/4859/6335 3190/4860/6334 3145/4805/6344 3144/4803/6345
s 264
f 3192/4857/6331 3191/4859/6330 3144/4803/6346 3143/4800/6347
s 263
f 3193/4858/6327 3192/4857/6326 3143/4800/6348 3142/4799/6349
s 262
f 3194/4855/6323 3193/4856/6322 3142/4827/6350 3154/4824/6351
s off
f 3195/4853/6352 3194/4855/6353 3154/4824/6354 3153/4823/6355
f 3196/4854/6356 3195/4853/6357 3153/4823/6358 3181/4821/6359
s 261
f 3197/4851/6311 3196/4852/6310 3181/4821/6360 3152/4819/6361
s 260
f 3198/4850/6307 3197/4851/6306 3152/4819/6362 3151/4817/6363
s 259
f 3199/4848/6303 3198/4850/6302 3151/4817/6364 3150/4815/6365
s 258
f 3200/4849/6299 3199/4848/6298 3150/4815/6366 3149/4812/6367
s off
f 3201/4863/6368 3200/4849/6369 3149/4812/6370 3148/4811/6371
f 3202/4864/6372 3203/4865/6373 3204/4866/6374 3205/4867/6375 3206/4868/6376 3207/4869/6377 3208/4870/6378 3209/4871/6379
usemtl lambert7SG
f 3211/4872/6380 3213/4873/6381 3212/4874/6382 3210/4875/6383 3214/4876/6384 3215/4877/6385 3216/4878/6386 3217/4879/6387
usemtl lambert6SG
f 3202/4880/6388 3205/4881/6389 3211/4882/6390 3210/4883/6391
f 3202/4884/6392 3210/4875/6393 3212/4874/6394 3203/4885/6395
f 3203/4886/6396 3212/4887/6397 3213/4888/6398 3204/4889/6399
f 3204/4889/6400 3213/4873/6401 3211/4872/6402 3205/4881/6403
usemtl phong3SG
f 3207/4890/6404 3217/4891/6405 3216/4892/6406 3208/4893/6407
f 3208/4894/6408 3216/4895/6409 3215/4896/6410 3209/4897/6411
f 3206/4898/6412 3214/4899/6413 3217/4900/6414 3207/4901/6415
f 3206/4902/6416 3209/4903/6417 3215/4904/6418 3214/4905/6419
usemtl phong5SG
f 3218/4906/6420 3219/4907/6421 3220/4908/6422 3221/4909/6423 3222/4910/6424
f 3236/4911/6425 3249/4912/6426 3239/4913/6427 3238/4914/6428 3237/4915/6429
s 266
f 3241/4916/6430 3251/4917/6431 3252/4918/6432 3253/4919/6433 3242/4920/6434
f 3281/4921/6435 3254/4922/6436 3253/4919/6433 3252/4918/6432 3264/4923/6437
f 3242/4924/6438 3253/4919/6433 3254/4922/6436 3255/4925/6439 3243/4926/6440
f 3245/4927/6441 3257/4928/6442 3258/4929/6443 3259/4930/6444 3246/4931/6445
f 3269/4932/6446 3260/4933/6447 3259/4930/6444 3258/4929/6443 3271/4934/6448
f 3246/4935/6449 3259/4930/6444 3260/4933/6447 3261/4936/6450 3247/4937/6451
s off
f 3220/4908/6452 3223/4938/6453 3224/4939/6454 3225/4940/6455 3226/4941/6456 3227/4942/6457 3228/4943/6458 3229/4944/6459 3230/4945/6460 3231/4946/6461 3232/4947/6462 3233/4948/6463 3234/4949/6464 3235/4950/6465 3236/4951/6466 3237/4952/6467 3221/4909/6468
f 3221/4909/6469 3237/4915/6470 3238/4914/6471 3222/4910/6472
s 266
f 3280/4953/6473 3252/4918/6432 3251/4917/6431 3282/4954/6474
f 3243/4926/6440 3255/4925/6439 3256/4955/6475 3244/4956/6476
f 3277/4957/6477 3255/4925/6439 3254/4922/6436 3279/4958/6478
f 3244/4956/6476 3256/4955/6475 3257/4928/6442 3245/4927/6441
f 3275/4959/6479 3256/4955/6475 3255/4925/6439 3277/4957/6477
f 3274/4960/6480 3257/4928/6442 3256/4955/6475 3275/4959/6479
f 3273/4961/6481 3258/4929/6443 3257/4928/6442 3274/4960/6480
f 3266/4962/6482 3261/4936/6450 3260/4933/6447 3267/4963/6483
s off
f 3218/4906/6484 3222/4910/6485 3238/4964/6486 3239/4965/6487 3240/4966/6488 3283/4967/6489 3284/4968/6490 3285/4969/6491 3286/4970/6492 3287/4971/6493 3288/4972/6494 3289/4973/6495 3248/4974/6496
s 266
f 3282/4954/6474 3251/4917/6431 3241/4975/6497 3270/4976/6498 3268/4977/6499 3276/4978/6500
f 3262/4979/6501 3263/4980/6502 3247/4981/6503 3261/4936/6450 3266/4962/6482 3265/4982/6504
s off
f 3278/4983/6505 3250/4984/6506 3272/4985/6507
s 266
f 3264/4923/6437 3252/4918/6432 3280/4953/6473
f 3279/4958/6478 3254/4922/6436 3281/4921/6435
f 3271/4934/6448 3258/4929/6443 3273/4961/6481
f 3267/4963/6483 3260/4933/6447 3269/4932/6446
s off
usemtl lambert6SG
f 3290/4986/6508 3291/4987/6509 3292/4988/6510 3293/4989/6511
f 3290/4990/6512 3294/4991/6513 3300/4992/6514 3291/4993/6515
f 3292/4988/6516 3301/4994/6517 3295/4995/6518 3293/4989/6519
f 3294/4991/6520 3295/4995/6521 3301/4994/6522 3300/4992/6523
f 3298/4996/6524 3304/4997/6525 3303/4998/6526 3299/4999/6527
f 3296/5000/6528 3299/5001/6529 3303/5002/6530 3302/5003/6531
f 3297/5004/6532 3305/5005/6533 3304/4997/6534 3298/4996/6535
f 3296/5000/6536 3302/5003/6537 3305/5005/6538 3297/5004/6539
f 3290/4986/6540 3293/4989/6541 3295/5006/6542 3294/5007/6543 3296/5008/6544 3297/5009/6545 3298/5010/6546 3299/5011/6547
f 3291/5012/6548 3300/5013/6549 3301/5014/6550 3292/5015/6551 3302/5016/6552 3303/5017/6553 3304/5018/6554 3305/5019/6555
usemtl phong5SG
f 3306/5020/6556 3308/5023/6557 3309/5022/6558 3307/5021/6559
f 3308/5023/6560 3310/5025/6561 3311/5024/6562 3309/5022/6563
f 3310/5025/6564 3312/5027/6565 3313/5026/6566 3311/5024/6567
f 3312/5027/6568 3306/5029/6569 3307/5028/6570 3313/5026/6571
f 3307/5021/6572 3309/5022/6573 3311/5031/6574 3313/5030/6575
f 3312/5032/6576 3310/5033/6577 3308/5023/6578 3306/5020/6579
usemtl phong3SG
f 3314/5034/6580 3315/5035/6581 3317/5036/6582 3316/5037/6583
f 3316/5037/6584 3317/5036/6585 3319/5038/6586 3318/5039/6587
f 3318/5039/6588 3319/5038/6589 3321/5040/6590 3320/5041/6591
f 3320/5041/6592 3321/5040/6593 3315/5042/6594 3314/5043/6595
f 3315/5035/6596 3321/5044/6597 3319/5045/6598 3317/5036/6599
f 3320/5046/6600 3314/5034/6601 3316/5037/6602 3318/5047/6603
usemtl lambert6SG
f 3322/5048/6604 3323/5049/6605 3325/5050/6606 3324/5051/6607
f 3324/5051/6608 3325/5050/6609 3327/5052/6610 3326/5053/6611
f 3326/5053/6612 3327/5052/6613 3329/5054/6614 3328/5055/6615
f 3328/5055/6616 3329/5054/6617 3323/5056/6618 3322/5057/6619
f 3323/5049/6620 3329/5058/6621 3327/5059/6622 3325/5050/6623
f 3328/5060/6624 3322/5048/6625 3324/5051/6626 3326/5061/6627
s 268
usemtl phong1SG
f 3332/5062/6628 3330/5063/6629 3331/5064/6630 3333/5065/6631
f 3333/5065/6631 3331/5064/6630 3334/5066/6632 3335/5067/6633
f 3335/5067/6633 3334/5066/6632 3336/5068/6634 3337/5069/6635
f 3337/5069/6635 3336/5068/6634 3338/5070/6636 3339/5071/6637
f 3339/5072/6637 3338/5073/6636 3340/5074/6638 3341/5075/6639
f 3341/5075/6639 3340/5076/6638 3342/5077/6640 3343/5078/6641
f 3343/5078/6641 3342/5077/6640 3344/5079/6642 3345/5080/6643
s off
f 3348/5081/6644 3349/5082/6645 3347/5083/6646 3346/5084/6647
s 269
f 3358/5085/6648 3357/5086/6649 3360/5087/6650 3359/5088/6651
f 3357/5086/6649 3356/5089/6652 3361/5090/6653 3360/5087/6650
f 3356/5089/6652 3355/5091/6654 3362/5092/6655 3361/5090/6653
f 3355/5091/6654 3354/5093/6656 3363/5094/6657 3362/5092/6655
f 3354/5093/6656 3353/5095/6658 3364/5096/6659 3363/5094/6657
f 3353/5095/6658 3352/5097/6660 3365/5098/6661 3364/5096/6659
f 3352/5097/6660 3351/5099/6662 3366/5100/6663 3365/5098/6661
f 3351/5099/6662 3350/5101/6664 3367/5102/6665 3366/5100/6663
f 3346/5103/6666 3347/5104/6667 3367/5102/6665 3350/5101/6664
f 3358/5105/6648 3359/5106/6651 3377/5107/6668 3368/5108/6669
f 3376/5109/6670 3385/5110/6671 3349/5082/6672 3348/5081/6673
f 3347/5104/6674 3349/5111/6675 3385/5112/6676 3367/5102/6677
f 3348/5113/6678 3346/5103/6679 3350/5101/6680 3376/5114/6681
f 3366/5100/6682 3367/5102/6677 3385/5112/6676 3384/5115/6683
f 3365/5098/6684 3366/5100/6682 3384/5115/6683 3383/5116/6685
f 3364/5096/6686 3365/5098/6684 3383/5116/6685 3382/5117/6687
f 3363/5094/6688 3364/5096/6686 3382/5117/6687 3381/5118/6689
f 3362/5092/6690 3363/5094/6688 3381/5119/6689 3380/5120/6691
f 3361/5090/6653 3362/5092/6690 3380/5120/6691 3379/5121/6692
f 3359/5088/6651 3360/5087/6650 3378/5122/6693 3377/5123/6668
f 3360/5087/6650 3361/5090/6653 3379/5121/6692 3378/5122/6693
f 3350/5101/6680 3351/5099/6694 3375/5124/6695 3376/5114/6681
f 3351/5099/6694 3352/5097/6696 3374/5125/6697 3375/5124/6695
f 3352/5097/6696 3353/5095/6698 3373/5126/6699 3374/5125/6697
f 3353/5095/6698 3354/5093/6700 3372/5127/6701 3373/5126/6699
f 3354/5093/6700 3355/5091/6702 3371/5128/6703 3372/5129/6701
f 3355/5091/6702 3356/5089/6652 3370/5130/6704 3371/5128/6703
f 3356/5089/6652 3357/5086/6649 3369/5131/6705 3370/5130/6704
f 3357/5086/6649 3358/5085/6648 3368/5132/6669 3369/5131/6705
f 3376/5109/6670 3375/5133/6706 3384/5134/6707 3385/5110/6671
f 3375/5133/6706 3374/5135/6708 3383/5136/6709 3384/5134/6707
f 3374/5135/6708 3373/5137/6710 3382/5138/6711 3383/5136/6709
f 3373/5137/6710 3372/5129/6712 3381/5119/6713 3382/5138/6711
f 3372/5129/6712 3371/5128/6714 3380/5120/6715 3381/5119/6713
f 3371/5128/6714 3370/5130/6704 3379/5121/6692 3380/5120/6715
f 3370/5130/6704 3369/5131/6705 3378/5122/6693 3379/5121/6692
f 3369/5131/6705 3368/5132/6669 3377/5123/6668 3378/5122/6693
s off
usemtl phong5SG
f 3386/5139/6716 3387/5140/6717 3389/5141/6718 3388/5142/6719
f 3388/5142/6720 3389/5141/6721 3391/5143/6722 3390/5144/6723
f 3390/5144/6724 3391/5143/6725 3393/5145/6726 3392/5146/6727
f 3392/5146/6728 3393/5145/6729 3387/5147/6730 3386/5148/6731
f 3387/5140/6732 3393/5149/6733 3391/5150/6734 3389/5141/6735
f 3392/5151/6736 3386/5139/6737 3388/5142/6738 3390/5152/6739
f 3394/5153/6740 3395/5154/6741 3397/5155/6742 3396/5156/6743
f 3396/5156/6744 3397/5155/6745 3399/5157/6746 3398/5158/6747
f 3398/5158/6748 3399/5157/6749 3401/5159/6750 3400/5160/6751
f 3400/5160/6752 3401/5159/6753 3395/5161/6754 3394/5162/6755
f 3395/5154/6756 3401/5163/6757 3399/5164/6758 3397/5155/6759
f 3400/5165/6760 3394/5153/6761 3396/5156/6762 3398/5166/6763
usemtl phong7SG
f 3404/5167/6764 3405/5168/6765 3407/5169/6766 3406/5170/6767
f 3406/5170/6768 3407/5169/6769 3409/5171/6770 3408/5172/6771
f 3408/5172/6772 3409/5171/6773 3403/5173/6774 3402/5174/6775
f 3408/5175/6776 3402/5176/6777 3404/5167/6778 3406/5177/6779
f 3412/5178/6780 3413/5179/6781 3415/5180/6782 3414/5181/6783
f 3414/5181/6784 3415/5180/6785 3417/5182/6786 3416/5183/6787
f 3416/5183/6788 3417/5182/6789 3411/5184/6790 3410/5185/6791
f 3420/5186/6792 3421/5187/6793 3423/5188/6794 3422/5189/6795
f 3422/5189/6796 3423/5188/6797 3425/5190/6798 3424/5191/6799
f 3424/5191/6800 3425/5190/6801 3419/5192/6802 3418/5193/6803
f 3428/5194/6804 3430/5195/6805 3431/5196/6806 3429/5197/6807
f 3430/5195/6808 3432/5198/6809 3433/5199/6810 3431/5196/6811
f 3432/5198/6812 3426/5200/6813 3427/5201/6814 3433/5199/6815
s 273
f 3420/5186/6816 3422/5189/6817 3436/5202/6818 3437/5203/6819
s 274
f 3422/5189/6820 3424/5191/6821 3435/5204/6822 3436/5202/6823
s 275
f 3424/5191/6824 3418/5193/6825 3434/5205/6826 3435/5204/6827
f 3435/5204/6827 3434/5205/6826 3438/5206/6828 3439/5207/6829
s 274
f 3436/5202/6823 3435/5204/6822 3439/5207/6830 3440/5208/6831
s 273
f 3437/5203/6819 3436/5202/6818 3440/5208/6832 3441/5209/6833
s 275
f 3439/5207/6829 3438/5206/6828 3442/5210/6834 3443/5211/6835
s 274
f 3440/5208/6831 3439/5207/6830 3443/5211/6836 3444/5212/6837
s 273
f 3441/5209/6833 3440/5208/6832 3444/5212/6838 3445/5213/6839
s 275
f 3443/5211/6835 3442/5210/6834 3446/5214/6840 3447/5215/6841
s 274
f 3444/5212/6837 3443/5211/6836 3447/5215/6842 3448/5216/6843
s 273
f 3445/5213/6839 3444/5212/6838 3448/5216/6844 3449/5217/6845
s 275
f 3447/5215/6841 3446/5214/6840 3450/5218/6846 3451/5219/6847
s 274
f 3448/5216/6843 3447/5215/6842 3451/5219/6848 3452/5220/6849
s 273
f 3449/5217/6845 3448/5216/6844 3452/5220/6850 3453/5221/6851
s 275
f 3451/5219/6847 3450/5218/6846 3454/5222/6852 3455/5223/6853
s 274
f 3452/5220/6849 3451/5219/6848 3455/5223/6854 3456/5224/6855
s 273
f 3453/5221/6851 3452/5220/6850 3456/5224/6856 3457/5225/6857
s 275
f 3455/5223/6853 3454/5222/6852 3458/5226/6858 3459/5227/6859
s 274
f 3456/5224/6855 3455/5223/6854 3459/5227/6860 3460/5228/6861
s 273
f 3457/5225/6857 3456/5224/6856 3460/5228/6862 3461/5229/6863
s 275
f 3459/5227/6859 3458/5226/6858 3462/5230/6864 3463/5231/6865
s 274
f 3460/5228/6861 3459/5227/6860 3463/5231/6866 3464/5232/6867
s 273
f 3461/5229/6863 3460/5228/6862 3464/5232/6868 3465/5233/6869
s 275
f 3463/5231/6865 3462/5230/6864 3466/5234/6870 3467/5235/6871
s 274
f 3464/5232/6867 3463/5231/6866 3467/5235/6872 3468/5236/6873
s 273
f 3465/5233/6869 3464/5232/6868 3468/5236/6874 3469/5237/6875
s 275
f 3467/5235/6871 3466/5234/6870 3470/5238/6876 3471/5239/6877
s 274
f 3468/5236/6873 3467/5235/6872 3471/5239/6878 3472/5240/6879
s 273
f 3469/5237/6875 3468/5236/6874 3472/5240/6880 3473/5241/6881
s 275
f 3471/5239/6877 3470/5238/6876 3474/5242/6882 3475/5243/6883
s 274
f 3472/5240/6879 3471/5239/6878 3475/5243/6884 3476/5244/6885
s 273
f 3473/5241/6881 3472/5240/6880 3476/5244/6886 3477/5245/6887
s 275
f 3475/5243/6883 3474/5242/6882 3426/5200/6888 3432/5198/6889
s 274
f 3476/5244/6885 3475/5243/6884 3432/5198/6890 3430/5195/6891
s 273
f 3477/5245/6887 3476/5244/6886 3430/5195/6892 3428/5194/6893
s 276
f 3412/5178/6894 3414/5181/6895 3480/5246/6896 3481/5247/6897
s 277
f 3414/5181/6898 3416/5183/6899 3479/5248/6900 3480/5246/6901
s 278
f 3416/5183/6902 3410/5185/6903 3478/5249/6904 3479/5248/6905
f 3479/5248/6905 3478/5249/6904 3482/5250/6906 3483/5251/6907
s 277
f 3480/5246/6901 3479/5248/6900 3483/5251/6908 3484/5252/6909
s 276
f 3481/5247/6897 3480/5246/6896 3484/5252/6910 3485/5253/6911
s 278
f 3483/5251/6907 3482/5250/6906 3486/5254/6912 3487/5255/6913
s 277
f 3484/5252/6909 3483/5251/6908 3487/5255/6914 3488/5256/6915
s 276
f 3485/5253/6911 3484/5252/6910 3488/5256/6916 3489/5257/6917
s 278
f 3487/5255/6913 3486/5254/6912 3490/5258/6918 3491/5259/6919
s 277
f 3488/5256/6915 3487/5255/6914 3491/5259/6920 3492/5260/6921
s 276
f 3489/5257/6917 3488/5256/6916 3492/5260/6922 3493/5261/6923
s 278
f 3491/5259/6919 3490/5258/6918 3494/5262/6924 3495/5263/6925
s 277
f 3492/5260/6921 3491/5259/6920 3495/5263/6926 3496/5264/6927
s 276
f 3493/5261/6923 3492/5260/6922 3496/5264/6928 3497/5265/6929
s 278
f 3495/5263/6925 3494/5262/6924 3498/5266/6930 3499/5267/6931
s 277
f 3496/5264/6927 3495/5263/6926 3499/5267/6932 3500/5268/6933
s 276
f 3497/5265/6929 3496/5264/6928 3500/5268/6934 3501/5269/6935
s 278
f 3499/5267/6931 3498/5266/6930 3502/5270/6936 3503/5271/6937
s 277
f 3500/5268/6933 3499/5267/6932 3503/5271/6938 3504/5272/6939
s 276
f 3501/5269/6935 3500/5268/6934 3504/5272/6940 3505/5273/6941
s 278
f 3503/5271/6937 3502/5270/6936 3506/5274/6942 3507/5275/6943
s 277
f 3504/5272/6939 3503/5271/6938 3507/5275/6944 3508/5276/6945
s 276
f 3505/5273/6941 3504/5272/6940 3508/5276/6946 3509/5277/6947
s 278
f 3507/5275/6943 3506/5274/6942 3510/5278/6948 3511/5279/6949
s 277
f 3508/5276/6945 3507/5275/6944 3511/5279/6950 3512/5280/6951
s 276
f 3509/5277/6947 3508/5276/6946 3512/5280/6952 3513/5281/6953
s 278
f 3511/5279/6949 3510/5278/6948 3514/5282/6954 3515/5283/6955
s 277
f 3512/5280/6951 3511/5279/6950 3515/5283/6956 3516/5284/6957
s 276
f 3513/5281/6953 3512/5280/6952 3516/5284/6958 3517/5285/6959
s 278
f 3515/5283/6955 3514/5282/6954 3518/5286/6960 3519/5287/6961
s 277
f 3516/5284/6957 3515/5283/6956 3519/5287/6962 3520/5288/6963
s 276
f 3517/5285/6959 3516/5284/6958 3520/5288/6964 3521/5289/6965
s 278
f 3519/5287/6961 3518/5286/6960 3419/5192/6966 3425/5190/6967
s 277
f 3520/5288/6963 3519/5287/6962 3425/5190/6968 3423/5188/6969
s 276
f 3521/5289/6965 3520/5288/6964 3423/5188/6970 3421/5187/6971
s 279
f 3403/5173/6972 3409/5171/6973 3524/5290/6974 3525/5291/6975
s 280
f 3409/5171/6976 3407/5169/6977 3523/5292/6978 3524/5290/6979
s 281
f 3407/5169/6980 3405/5168/6981 3522/5293/6982 3523/5292/6983
f 3523/5292/6983 3522/5293/6982 3526/5294/6984 3527/5295/6985
s 280
f 3524/5290/6979 3523/5292/6978 3527/5295/6986 3528/5296/6987
s 279
f 3525/5291/6975 3524/5290/6974 3528/5296/6988 3529/5297/6989
s 281
f 3527/5295/6985 3526/5294/6984 3530/5298/6990 3531/5299/6991
s 280
f 3528/5296/6987 3527/5295/6986 3531/5299/6992 3532/5300/6993
s 279
f 3529/5297/6989 3528/5296/6988 3532/5300/6994 3533/5301/6995
s 281
f 3531/5299/6991 3530/5298/6990 3534/5302/6996 3535/5303/6997
s 280
f 3532/5300/6993 3531/5299/6992 3535/5303/6998 3536/5304/6999
s 279
f 3533/5301/6995 3532/5300/6994 3536/5304/7000 3537/5305/7001
s 281
f 3535/5303/6997 3534/5302/6996 3538/5306/7002 3539/5307/7003
s 280
f 3536/5304/6999 3535/5303/6998 3539/5307/7004 3540/5308/7005
s 279
f 3537/5305/7001 3536/5304/7000 3540/5308/7006 3541/5309/7007
s 281
f 3539/5307/7003 3538/5306/7002 3542/5310/7008 3543/5311/7009
s 280
f 3540/5308/7005 3539/5307/7004 3543/5311/7010 3544/5312/7011
s 279
f 3541/5309/7007 3540/5308/7006 3544/5312/7012 3545/5313/7013
s 281
f 3543/5311/7009 3542/5310/7008 3546/5314/7014 3547/5315/7015
s 280
f 3544/5312/7011 3543/5311/7010 3547/5315/7016 3548/5316/7017
s 279
f 3545/5313/7013 3544/5312/7012 3548/5316/7018 3549/5317/7019
s 281
f 3547/5315/7015 3546/5314/7014 3550/5318/7020 3551/5319/7021
s 280
f 3548/5316/7017 3547/5315/7016 3551/5319/7022 3552/5320/7023
s 279
f 3549/5317/7019 3548/5316/7018 3552/5320/7024 3553/5321/7025
s 281
f 3551/5319/7021 3550/5318/7020 3554/5322/7026 3555/5323/7027
s 280
f 3552/5320/7023 3551/5319/7022 3555/5323/7028 3556/5324/7029
s 279
f 3553/5321/7025 3552/5320/7024 3556/5324/7030 3557/5325/7031
s 281
f 3555/5323/7027 3554/5322/7026 3558/5326/7032 3559/5327/7033
s 280
f 3556/5324/7029 3555/5323/7028 3559/5327/7034 3560/5328/7035
s 279
f 3557/5325/7031 3556/5324/7030 3560/5328/7036 3561/5329/7037
s 281
f 3559/5327/7033 3558/5326/7032 3562/5330/7038 3563/5331/7039
s 280
f 3560/5328/7035 3559/5327/7034 3563/5331/7040 3564/5332/7041
s 279
f 3561/5329/7037 3560/5328/7036 3564/5332/7042 3565/5333/7043
s 281
f 3563/5331/7039 3562/5330/7038 3429/5197/7044 3431/5196/7045
s 280
f 3564/5332/7041 3563/5331/7040 3431/5196/7046 3433/5199/7047
s 279
f 3565/5333/7043 3564/5332/7042 3433/5199/7048 3427/5201/7049
s off
f 3568/5334/7050 3569/5335/7051 3571/5336/7052 3570/5337/7053
f 3570/5337/7054 3571/5336/7055 3573/5338/7056 3572/5339/7057
f 3572/5339/7058 3573/5338/7059 3567/5340/7060 3566/5341/7061
f 3567/5342/7062 3573/5343/7063 3571/5344/7064 3569/5335/7065
f 3575/5345/7066 3576/5346/7067 3578/5347/7068 3577/5348/7069
f 3577/5348/7070 3578/5347/7071 3580/5349/7072 3579/5350/7073
f 3579/5351/7074 3574/5352/7075 3575/5345/7076 3577/5353/7077
s 282
f 3411/5184/7078 3417/5182/7079 3583/5354/7080 3584/5355/7081
s 283
f 3417/5182/7082 3415/5180/7083 3582/5356/7084 3583/5354/7085
s 284
f 3415/5180/7086 3413/5179/7087 3581/5357/7088 3582/5356/7089
f 3582/5356/7089 3581/5357/7088 3585/5358/7090 3586/5359/7091
s 283
f 3583/5354/7085 3582/5356/7084 3586/5359/7092 3587/5360/7093
s 282
f 3584/5355/7081 3583/5354/7080 3587/5360/7094 3588/5361/7095
s 284
f 3586/5359/7091 3585/5358/7090 3589/5362/7096 3590/5363/7097
s 283
f 3587/5360/7093 3586/5359/7092 3590/5363/7098 3591/5364/7099
s 282
f 3588/5361/7095 3587/5360/7094 3591/5364/7100 3592/5365/7101
s 284
f 3590/5363/7097 3589/5362/7096 3593/5366/7102 3594/5367/7103
s 283
f 3591/5364/7099 3590/5363/7098 3594/5367/7104 3595/5368/7105
s 282
f 3592/5365/7101 3591/5364/7100 3595/5368/7106 3596/5369/7107
s 284
f 3594/5367/7103 3593/5366/7102 3597/5370/7108 3598/5371/7109
s 283
f 3595/5368/7105 3594/5367/7104 3598/5371/7110 3599/5372/7111
s 282
f 3596/5369/7107 3595/5368/7106 3599/5372/7112 3600/5373/7113
s 284
f 3598/5371/7109 3597/5370/7108 3601/5374/7114 3602/5375/7115
s 283
f 3599/5372/7111 3598/5371/7110 3602/5375/7116 3603/5376/7117
s 282
f 3600/5373/7113 3599/5372/7112 3603/5376/7118 3604/5377/7119
s 284
f 3602/5375/7115 3601/5374/7114 3605/5378/7120 3606/5379/7121
s 283
f 3603/5376/7117 3602/5375/7116 3606/5379/7122 3607/5380/7123
s 282
f 3604/5377/7119 3603/5376/7118 3607/5380/7124 3608/5381/7125
s 284
f 3606/5379/7121 3605/5378/7120 3609/5382/7126 3610/5383/7127
s 283
f 3607/5380/7123 3606/5379/7122 3610/5383/7128 3611/5384/7129
s 282
f 3608/5381/7125 3607/5380/7124 3611/5384/7130 3612/5385/7131
s 284
f 3610/5383/7127 3609/5382/7126 3613/5386/7132 3614/5387/7133
s 283
f 3611/5384/7129 3610/5383/7128 3614/5387/7134 3615/5388/7135
s 282
f 3612/5385/7131 3611/5384/7130 3615/5388/7136 3616/5389/7137
s 284
f 3614/5387/7133 3613/5386/7132 3617/5390/7138 3618/5391/7139
s 283
f 3615/5388/7135 3614/5387/7134 3618/5391/7140 3619/5392/7141
s 282
f 3616/5389/7137 3615/5388/7136 3619/5392/7142 3620/5393/7143
s 284
f 3618/5391/7139 3617/5390/7138 3621/5394/7144 3622/5395/7145
s 283
f 3619/5392/7141 3618/5391/7140 3622/5395/7146 3623/5396/7147
s 282
f 3620/5393/7143 3619/5392/7142 3623/5396/7148 3624/5397/7149
s 284
f 3622/5395/7145 3621/5394/7144 3568/5334/7150 3570/5337/7151
s 283
f 3623/5396/7147 3622/5395/7146 3570/5337/7152 3572/5339/7153
s 282
f 3624/5397/7149 3623/5396/7148 3572/5339/7154 3566/5341/7155
s off
usemtl phong3SG
f 3625/5398/7156 3626/5399/7157 3628/5400/7158 3627/5401/7159
f 3627/5401/7160 3628/5400/7161 3630/5402/7162 3629/5403/7163
f 3629/5403/7164 3630/5402/7165 3632/5404/7166 3631/5405/7167
f 3631/5405/7168 3632/5404/7169 3626/5406/7170 3625/5407/7171
f 3626/5399/7172 3632/5408/7173 3630/5409/7174 3628/5400/7175
f 3631/5410/7176 3625/5398/7177 3627/5401/7178 3629/5411/7179
f 3633/5412/7180 3634/5413/7181 3636/5414/7182 3635/5415/7183
f 3635/5415/7184 3636/5414/7185 3638/5416/7186 3637/5417/7187
f 3637/5417/7188 3638/5416/7189 3640/5418/7190 3639/5419/7191
f 3639/5419/7192 3640/5418/7193 3634/5420/7194 3633/5421/7195
f 3634/5413/7196 3640/5422/7197 3638/5423/7198 3636/5414/7199
f 3639/5424/7200 3633/5412/7201 3635/5415/7202 3637/5425/7203
f 3641/5426/7204 3642/5427/7205 3644/5428/7206 3643/5429/7207
f 3643/5429/7208 3644/5428/7209 3646/5430/7210 3645/5431/7211
f 3645/5431/7212 3646/5430/7213 3648/5432/7214 3647/5433/7215
f 3647/5433/7216 3648/5432/7217 3642/5434/7218 3641/5435/7219
f 3642/5427/7220 3648/5436/7221 3646/5437/7222 3644/5428/7223
f 3647/5438/7224 3641/5426/7225 3643/5429/7226 3645/5439/7227
s 285
usemtl initialShadingGroup
f 3649/5440/7228 3650/5441/7229 3670/5442/7230 3669/5443/7231
f 3650/5441/7229 3651/5444/7232 3671/5445/7233 3670/5442/7230
f 3651/5444/7232 3652/5446/7234 3672/5447/7235 3671/5445/7233
f 3652/5446/7234 3653/5448/7236 3673/5449/7237 3672/5447/7235
f 3653/5448/7236 3654/5450/7238 3674/5451/7239 3673/5449/7237
f 3654/5450/7238 3655/5452/7240 3675/5453/7241 3674/5451/7239
f 3655/5452/7240 3656/5454/7242 3676/5455/7243 3675/5453/7241
f 3656/5454/7242 3657/5456/7244 3677/5457/7245 3676/5455/7243
f 3657/5456/7244 3658/5458/7246 3678/5459/7247 3677/5457/7245
f 3658/5458/7246 3659/5460/7248 3679/5461/7249 3678/5459/7247
f 3659/5460/7248 3660/5462/7250 3680/5463/7251 3679/5461/7249
f 3660/5462/7250 3661/5464/7252 3681/5465/7253 3680/5463/7251
f 3661/5464/7252 3662/5466/7254 3682/5467/7255 3681/5465/7253
f 3662/5466/7254 3663/5468/7256 3683/5469/7257 3682/5467/7255
f 3663/5468/7256 3664/5470/7258 3684/5471/7259 3683/5469/7257
f 3664/5470/7258 3665/5472/7260 3685/5473/7261 3684/5471/7259
f 3665/5472/7260 3666/5474/7262 3686/5475/7263 3685/5473/7261
f 3666/5474/7262 3667/5476/7264 3687/5477/7265 3686/5475/7263
f 3667/5476/7264 3668/5478/7266 3688/5479/7267 3687/5477/7265
f 3668/5478/7266 3649/5480/7228 3669/5481/7231 3688/5479/7267
s 286
f 3650/5482/7268 3649/5483/7269 3689/5484/7270
f 3651/5485/7271 3650/5482/7268 3689/5484/7270
f 3652/5486/7272 3651/5485/7271 3689/5484/7270
f 3653/5487/7273 3652/5486/7272 3689/5484/7270
f 3654/5488/7274 3653/5487/7273 3689/5484/7270
f 3655/5489/7275 3654/5488/7274 3689/5484/7270
f 3656/5490/7276 3655/5489/7275 3689/5484/7270
f 3657/5491/7277 3656/5490/7276 3689/5484/7270
f 3658/5492/7278 3657/5491/7277 3689/5484/7270
f 3659/5493/7279 3658/5492/7278 3689/5484/7270
f 3660/5494/7280 3659/5493/7279 3689/5484/7270
f 3661/5495/7281 3660/5494/7280 3689/5484/7270
f 3662/5496/7282 3661/5495/7281 3689/5484/7270
f 3663/5497/7283 3662/5496/7282 3689/5484/7270
f 3664/5498/7284 3663/5497/7283 3689/5484/7270
f 3665/5499/7285 3664/5498/7284 3689/5484/7270
f 3666/5500/7286 3665/5499/7285 3689/5484/7270
f 3667/5501/7287 3666/5500/7286 3689/5484/7270
f 3668/5502/7288 3667/5501/7287 3689/5484/7270
f 3649/5483/7269 3668/5502/7288 3689/5484/7270
s 287
usemtl lambert10SG
f 3669/5503/7289 3670/5504/7290 3690/5505/7291
f 3670/5504/7290 3671/5506/7292 3690/5505/7291
f 3671/5506/7292 3672/5507/7293 3690/5505/7291
f 3672/5507/7293 3673/5508/7294 3690/5505/7291
f 3673/5508/7294 3674/5509/7295 3690/5505/7291
f 3674/5509/7295 3675/5510/7296 3690/5505/7291
usemtl initialShadingGroup
f 3675/5510/7296 3676/5511/7297 3690/5505/7291
f 3676/5511/7297 3677/5512/7298 3690/5505/7291
f 3677/5512/7298 3678/5513/7299 3690/5505/7291
f 3678/5513/7299 3679/5514/7300 3690/5505/7291
f 3679/5514/7300 3680/5515/7301 3690/5505/7291
f 3680/5515/7301 3681/5516/7302 3690/5505/7291
usemtl lambert10SG
f 3681/5516/7302 3682/5517/7303 3690/5505/7291
f 3682/5517/7303 3683/5518/7304 3690/5505/7291
f 3683/5518/7304 3684/5519/7305 3690/5505/7291
f 3684/5519/7305 3685/5520/7306 3690/5505/7291
f 3685/5520/7306 3686/5521/7307 3690/5505/7291
f 3686/5521/7307 3687/5522/7308 3690/5505/7291
f 3687/5522/7308 3688/5523/7309 3690/5505/7291
f 3688/5523/7309 3669/5503/7289 3690/5505/7291
s off
usemtl initialShadingGroup
f 3691/5524/7310 3692/5525/7311 3694/5526/7312 3693/5527/7313
f 3693/5527/7314 3694/5526/7315 3696/5528/7316 3695/5529/7317
f 3695/5529/7318 3696/5528/7319 3698/5530/7320 3697/5531/7321
f 3697/5531/7322 3698/5530/7323 3692/5532/7324 3691/5533/7325
f 3692/5525/7326 3698/5534/7327 3696/5535/7328 3694/5526/7329
usemtl lambert7SG
f 3697/5536/7330 3691/5524/7331 3693/5527/7332 3695/5537/7333
f 3699/5538/7334 3700/5539/7335 3701/5540/7336 3702/5541/7337 3703/5542/7338 3704/5543/7339 3705/5544/7340 3706/5545/7341
usemtl lambert6SG
f 3708/5546/7342 3710/5547/7343 3709/5548/7344 3707/5549/7345 3711/5550/7346 3712/5551/7347 3713/5552/7348 3714/5553/7349
f 3699/5538/7350 3702/5541/7351 3708/5554/7352 3707/5555/7353
f 3699/5556/7354 3707/5549/7355 3709/5548/7356 3700/5557/7357
f 3700/5539/7358 3709/5558/7359 3710/5559/7360 3701/5540/7361
f 3701/5540/7362 3710/5547/7363 3708/5546/7364 3702/5541/7365
usemtl phong3SG
f 3704/5560/7366 3714/5561/7367 3713/5562/7368 3705/5563/7369
f 3705/5564/7370 3713/5565/7371 3712/5566/7372 3706/5567/7373
f 3703/5568/7374 3711/5569/7375 3714/5570/7376 3704/5571/7377
f 3703/5572/7378 3706/5573/7379 3712/5574/7380 3711/5575/7381
usemtl phong5SG
f 3715/5576/7382 3717/5579/7383 3718/5578/7384 3716/5577/7385
f 3717/5579/7386 3719/5581/7387 3720/5580/7388 3718/5578/7389
f 3719/5581/7390 3721/5583/7391 3722/5582/7392 3720/5580/7393
f 3721/5583/7394 3715/5585/7395 3716/5584/7396 3722/5582/7397
f 3716/5577/7398 3718/5578/7399 3720/5587/7400 3722/5586/7401
f 3721/5588/7402 3719/5589/7403 3717/5579/7404 3715/5576/7405
usemtl phong3SG
f 3723/5590/7406 3724/5591/7407 3725/5592/7408 3726/5593/7409
f 3723/5594/7410 3727/5595/7411 3733/5596/7412 3724/5597/7413
f 3725/5592/7414 3738/5598/7415 3732/5599/7416 3726/5593/7417
f 3727/5595/7418 3732/5599/7419 3738/5598/7420 3733/5596/7421
f 3730/5600/7422 3736/5601/7423 3735/5602/7424 3731/5603/7425
f 3728/5604/7426 3731/5605/7427 3735/5606/7428 3734/5607/7429
f 3729/5608/7430 3737/5609/7431 3736/5601/7432 3730/5600/7433
f 3728/5604/7434 3734/5607/7435 3737/5609/7436 3729/5608/7437
f 3723/5590/7438 3726/5593/7439 3732/5610/7440 3727/5611/7441 3728/5612/7442 3729/5613/7443 3730/5614/7444 3731/5615/7445
f 3733/5616/7446 3738/5617/7447 3725/5592/7448 3724/5591/7449 3734/5618/7450 3735/5619/7451 3736/5620/7452 3737/5621/7453
f 3739/5622/7454 3740/5623/7455 3742/5624/7456 3741/5625/7457
usemtl pasted__pasted__phong3SG3
f 3741/5626/7458 3742/5627/7459 3744/5628/7460 3743/5629/7461
f 3743/5629/7462 3744/5628/7463 3746/5630/7464 3745/5631/7465
f 3745/5631/7466 3746/5630/7467 3740/5632/7468 3739/5633/7469
f 3740/5634/7470 3746/5635/7471 3744/5636/7472 3742/5627/7473
f 3745/5637/7474 3739/5638/7475 3741/5626/7476 3743/5639/7477
usemtl lambert10SG
f 3747/5640/7478 3748/5641/7479 3749/5642/7480 3750/5643/7481
usemtl initialShadingGroup
f 3747/5644/7482 3751/5645/7483 3757/5646/7484 3748/5647/7485
f 3749/5642/7486 3758/5648/7487 3752/5649/7488 3750/5643/7489
f 3751/5645/7490 3752/5649/7491 3758/5648/7492 3757/5646/7493
f 3755/5650/7494 3761/5651/7495 3760/5652/7496 3756/5653/7497
f 3753/5654/7498 3756/5655/7499 3760/5656/7500 3759/5657/7501
f 3754/5658/7502 3762/5659/7503 3761/5651/7504 3755/5650/7505
f 3753/5654/7506 3759/5657/7507 3762/5659/7508 3754/5658/7509
usemtl lambert7SG
f 3747/5640/7510 3750/5643/7511 3752/5660/7512 3751/5661/7513 3753/5662/7514 3754/5663/7515 3755/5664/7516 3756/5665/7517
usemtl initialShadingGroup
f 3748/5641/7518 3757/5666/7519 3758/5667/7520 3749/5642/7521 3759/5668/7522 3760/5669/7523 3761/5670/7524 3762/5671/7525
s 288
usemtl lambert13SG
f 3763/5672/7526 3764/5673/7527 3784/5674/7528 3783/5675/7529
f 3764/5673/7527 3765/5676/7530 3785/5677/7531 3784/5674/7528
f 3765/5676/7530 3766/5678/7532 3786/5679/7533 3785/5677/7531
f 3766/5678/7532 3767/5680/7534 3787/5681/7535 3786/5679/7533
f 3767/5680/7534 3768/5682/7536 3788/5683/7537 3787/5681/7535
usemtl initialShadingGroup
f 3768/5682/7536 3769/5684/7538 3789/5685/7539 3788/5683/7537
f 3769/5684/7538 3770/5686/7540 3790/5687/7541 3789/5685/7539
f 3770/5686/7540 3771/5688/7542 3791/5689/7543 3790/5687/7541
f 3771/5688/7542 3772/5690/7544 3792/5691/7545 3791/5689/7543
f 3772/5690/7544 3773/5692/7546 3793/5693/7547 3792/5691/7545
f 3773/5692/7546 3774/5694/7548 3794/5695/7549 3793/5693/7547
f 3774/5694/7548 3775/5696/7550 3795/5697/7551 3794/5695/7549
f 3775/5696/7550 3776/5698/7552 3796/5699/7553 3795/5697/7551
usemtl lambert13SG
f 3776/5698/7552 3777/5700/7554 3797/5701/7555 3796/5699/7553
f 3777/5700/7554 3778/5702/7556 3798/5703/7557 3797/5701/7555
f 3778/5702/7556 3779/5704/7558 3799/5705/7559 3798/5703/7557
f 3779/5704/7558 3780/5706/7560 3800/5707/7561 3799/5705/7559
f 3780/5706/7560 3781/5708/7562 3801/5709/7563 3800/5707/7561
f 3781/5708/7562 3782/5710/7564 3802/5711/7565 3801/5709/7563
f 3782/5710/7564 3763/5712/7526 3783/5713/7529 3802/5711/7565
s 289
usemtl initialShadingGroup
f 3764/5714/7566 3763/5715/7567 3803/5716/7568
f 3765/5717/7569 3764/5714/7566 3803/5716/7568
f 3766/5718/7570 3765/5717/7569 3803/5716/7568
f 3767/5719/7571 3766/5718/7570 3803/5716/7568
f 3768/5720/7572 3767/5719/7571 3803/5716/7568
f 3769/5721/7573 3768/5720/7572 3803/5716/7568
f 3770/5722/7574 3769/5721/7573 3803/5716/7568
f 3771/5723/7575 3770/5722/7574 3803/5716/7568
f 3772/5724/7576 3771/5723/7575 3803/5716/7568
f 3773/5725/7577 3772/5724/7576 3803/5716/7568
f 3774/5726/7578 3773/5725/7577 3803/5716/7568
f 3775/5727/7579 3774/5726/7578 3803/5716/7568
f 3776/5728/7580 3775/5727/7579 3803/5716/7568
f 3777/5729/7581 3776/5728/7580 3803/5716/7568
f 3778/5730/7582 3777/5729/7581 3803/5716/7568
f 3779/5731/7583 3778/5730/7582 3803/5716/7568
f 3780/5732/7584 3779/5731/7583 3803/5716/7568
f 3781/5733/7585 3780/5732/7584 3803/5716/7568
f 3782/5734/7586 3781/5733/7585 3803/5716/7568
f 3763/5715/7567 3782/5734/7586 3803/5716/7568
s 290
usemtl lambert14SG
f 3783/5735/7587 3784/5736/7588 3804/5737/7589
f 3784/5736/7588 3785/5738/7590 3804/5737/7589
f 3785/5738/7590 3786/5739/7591 3804/5737/7589
f 3786/5739/7591 3787/5740/7592 3804/5737/7589
f 3787/5740/7592 3788/5741/7593 3804/5737/7589
usemtl initialShadingGroup
f 3788/5741/7593 3789/5742/7594 3804/5737/7589
f 3789/5742/7594 3790/5743/7595 3804/5737/7589
f 3790/5743/7595 3791/5744/7596 3804/5737/7589
f 3791/5744/7596 3792/5745/7597 3804/5737/7589
f 3792/5745/7597 3793/5746/7598 3804/5737/7589
f 3793/5746/7598 3794/5747/7599 3804/5737/7589
f 3794/5747/7599 3795/5748/7600 3804/5737/7589
f 3795/5748/7600 3796/5749/7601 3804/5737/7589
usemtl lambert14SG
f 3796/5749/7601 3797/5750/7602 3804/5737/7589
f 3797/5750/7602 3798/5751/7603 3804/5737/7589
f 3798/5751/7603 3799/5752/7604 3804/5737/7589
f 3799/5752/7604 3800/5753/7605 3804/5737/7589
f 3800/5753/7605 3801/5754/7606 3804/5737/7589
f 3801/5754/7606 3802/5755/7607 3804/5737/7589
f 3802/5755/7607 3783/5735/7587 3804/5737/7589
s off
usemtl phong5SG
f 3805/5756/7608 3806/5757/7609 3808/5758/7610 3807/5759/7611
f 3807/5759/7612 3808/5758/7613 3810/5760/7614 3809/5761/7615
f 3809/5761/7616 3810/5760/7617 3812/5762/7618 3811/5763/7619
f 3811/5763/7620 3812/5762/7621 3806/5764/7622 3805/5765/7623
f 3806/5757/7624 3812/5766/7625 3810/5767/7626 3808/5758/7627
f 3811/5768/7628 3805/5756/7629 3807/5759/7630 3809/5769/7631
usemtl initialShadingGroup
f 3813/5770/7632 3814/5771/7633 3816/5772/7634 3815/5773/7635
f 3815/5773/7636 3816/5772/7637 3818/5774/7638 3817/5775/7639
usemtl pasted__phong3SG1
f 3817/5775/7640 3818/5774/7641 3820/5776/7642 3819/5777/7643
usemtl initialShadingGroup
f 3819/5777/7644 3820/5776/7645 3814/5778/7646 3813/5779/7647
usemtl pasted__phong3SG1
f 3814/5771/7648 3820/5780/7649 3818/5781/7650 3816/5772/7651
usemtl phong3SG
f 3819/5782/7652 3813/5770/7653 3815/5773/7654 3817/5783/7655
usemtl pasted__pasted__pasted__phong3SG
f 3821/5784/7656 3822/5785/7657 3824/5786/7658 3823/5787/7659
f 3823/5787/7660 3824/5786/7661 3826/5788/7662 3825/5789/7663
f 3825/5789/7664 3826/5788/7665 3828/5790/7666 3827/5791/7667
f 3827/5791/7668 3828/5790/7669 3822/5792/7670 3821/5793/7671
f 3822/5785/7672 3828/5794/7673 3826/5795/7674 3824/5786/7675
f 3827/5796/7676 3821/5784/7677 3823/5787/7678 3825/5797/7679
usemtl pasted__phong3SG2
f 3829/5798/7680 3830/5799/7681 3832/5800/7682 3831/5801/7683
f 3831/5801/7684 3832/5800/7685 3834/5802/7686 3833/5803/7687
f 3833/5803/7688 3834/5802/7689 3836/5804/7690 3835/5805/7691
f 3835/5805/7692 3836/5804/7693 3830/5806/7694 3829/5807/7695
f 3830/5799/7696 3836/5808/7697 3834/5809/7698 3832/5800/7699
f 3835/5810/7700 3829/5798/7701 3831/5801/7702 3833/5811/7703
g default
v 0.198841 2.736886 3.552368
v 0.209554 2.736886 3.979759
v 0.209554 10.451953 3.979759
v 0.198841 10.451953 3.552368
vt 0.625000 0.726009
vt 0.625000 0.519903
vt 0.518303 0.519903
vt 0.518303 0.726009
vn 0.790091 0.000000 -0.612989
vn 0.790091 0.000000 -0.612989
vn 0.790091 0.000000 -0.612989
vn 0.790091 0.000000 -0.612989
s off
g polySurface38 polySurface36 pasted__pasted__pasted__pasted__pasted__pasted__pasted__pCube17 polySurface42
usemtl lambert6SG
f 3862/5850/7704 3865/5851/7705 3864/5852/7706 3863/5853/7707
g default
v -3.213453 2.703964 -4.446228
v -2.859033 2.703964 -4.446228
v -3.213453 3.426849 -4.446228
v -2.859033 3.426849 -4.446228
v -3.213453 3.426849 -9.096506
v -2.859033 3.426849 -9.096506
v -3.213453 2.703964 -9.096506
v -2.859033 2.703964 -9.096506
vt 0.375000 0.000000
vt 0.625000 0.000000
vt 0.375000 0.250000
vt 0.625000 0.250000
vt 0.375000 0.500000
vt 0.625000 0.500000
vt 0.375000 0.750000
vt 0.625000 0.750000
vt 0.375000 1.000000
vt 0.625000 1.000000
vt 0.875000 0.000000
vt 0.875000 0.250000
vt 0.125000 0.000000
vt 0.125000 0.250000
vn 0.000000 0.000000 1.000000
vn 0.000000 0.000000 1.000000
vn 0.000000 0.000000 1.000000
vn 0.000000 0.000000 1.000000
vn 0.000000 1.000000 0.000000
vn 0.000000 1.000000 0.000000
vn 0.000000 1.000000 0.000000
vn 0.000000 1.000000 0.000000
vn 0.000000 0.000000 -1.000000
vn 0.000000 0.000000 -1.000000
vn 0.000000 0.000000 -1.000000
vn 0.000000 0.000000 -1.000000
vn 0.000000 -1.000000 0.000000
vn 0.000000 -1.000000 0.000000
vn 0.000000 -1.000000 0.000000
vn 0.000000 -1.000000 0.000000
vn 1.000000 0.000000 0.000000
vn 1.000000 0.000000 0.000000
vn 1.000000 0.000000 0.000000
vn 1.000000 0.000000 0.000000
vn -1.000000 0.000000 0.000000
vn -1.000000 0.000000 0.000000
vn -1.000000 0.000000 0.000000
vn -1.000000 0.000000 0.000000
s off
g pCube22
usemtl phong3SG
f 3866/5854/7708 3867/5855/7709 3869/5857/7710 3868/5856/7711
f 3868/5856/7712 3869/5857/7713 3871/5859/7714 3870/5858/7715
f 3870/5858/7716 3871/5859/7717 3873/5861/7718 3872/5860/7719
f 3872/5860/7720 3873/5861/7721 3867/5863/7722 3866/5862/7723
f 3867/5855/7724 3873/5864/7725 3871/5865/7726 3869/5857/7727
f 3872/5866/7728 3866/5854/7729 3868/5856/7730 3870/5867/7731
g default
v -3.213453 2.703964 9.126552
v -2.859033 2.703964 9.126552
v -3.213453 3.426849 9.126552
v -2.859033 3.426849 9.126552
v -3.213453 3.426849 4.476273
v -2.859033 3.426849 4.476273
v -3.213453 2.703964 4.476273
v -2.859033 2.703964 4.476273
vt 0.375000 0.000000
vt 0.625000 0.000000
vt 0.375000 0.250000
vt 0.625000 0.250000
vt 0.375000 0.500000
vt 0.625000 0.500000
vt 0.375000 0.750000
vt 0.625000 0.750000
vt 0.375000 1.000000
vt 0.625000 1.000000
vt 0.875000 0.000000
vt 0.875000 0.250000
vt 0.125000 0.000000
vt 0.125000 0.250000
vn 0.000000 0.000000 1.000000
vn 0.000000 0.000000 1.000000
vn 0.000000 0.000000 1.000000
vn 0.000000 0.000000 1.000000
vn 0.000000 1.000000 0.000000
vn 0.000000 1.000000 0.000000
vn 0.000000 1.000000 0.000000
vn 0.000000 1.000000 0.000000
vn 0.000000 0.000000 -1.000000
vn 0.000000 0.000000 -1.000000
vn 0.000000 0.000000 -1.000000
vn 0.000000 0.000000 -1.000000
vn 0.000000 -1.000000 0.000000
vn 0.000000 -1.000000 0.000000
vn 0.000000 -1.000000 0.000000
vn 0.000000 -1.000000 0.000000
vn 1.000000 0.000000 0.000000
vn 1.000000 0.000000 0.000000
vn 1.000000 0.000000 0.000000
vn 1.000000 0.000000 0.000000
vn -1.000000 0.000000 0.000000
vn -1.000000 0.000000 0.000000
vn -1.000000 0.000000 0.000000
vn -1.000000 0.000000 0.000000
s off
g pasted__pCube22 group137
usemtl phong3SG
f 3874/5868/7732 3875/5869/7733 3877/5871/7734 3876/5870/7735
f 3876/5870/7736 3877/5871/7737 3879/5873/7738 3878/5872/7739
f 3878/5872/7740 3879/5873/7741 3881/5875/7742 3880/5874/7743
f 3880/5874/7744 3881/5875/7745 3875/5877/7746 3874/5876/7747
f 3875/5869/7748 3881/5878/7749 3879/5879/7750 3877/5871/7751
f 3880/5880/7752 3874/5868/7753 3876/5870/7754 3878/5881/7755
