# This file uses centimeters as units for non-parametric coordinates.

mtllib CentroPokemonFinalT.mtl
g default
v -5.974741 6.737278 -10.858359
v -5.113537 6.737278 -10.858359
v -5.974741 10.535550 -10.858359
v -5.113537 10.535550 -10.858359
v -5.974741 10.535550 -10.928614
v -5.113537 10.535550 -10.928614
v -5.974741 6.737278 -10.928614
v -5.113537 6.737278 -10.928614
v -21.306770 13.397179 -11.604486
v -4.623021 13.397179 -11.604486
v -21.306770 14.736488 -11.604486
v -4.623021 14.736488 -11.604486
v -21.306770 14.736488 -11.704904
v -4.623021 14.736488 -11.704904
v -21.306770 13.397179 -11.704904
v -4.623021 13.397179 -11.704904
v -5.959686 6.744840 -11.043247
v -5.959686 6.744840 -10.856764
v -21.523874 6.744840 -11.043247
v -21.523874 6.744840 -10.856764
v -21.523874 7.489328 -11.043247
v -21.523874 7.489328 -10.856764
v -5.959686 7.489328 -11.043247
v -5.959686 7.489328 -10.856764
v -3.933023 8.882640 9.107355
v -2.388908 8.882640 9.107355
v -2.388908 10.460279 9.107355
v -3.933023 10.460279 9.107355
v -3.933023 8.882640 4.363998
v -3.933023 9.142371 4.816745
v -3.933023 10.288226 4.816745
v -3.933023 10.288226 8.670885
v -3.933023 9.142371 8.670885
v -3.933023 10.460279 4.363998
v -2.388908 8.882640 4.363998
v -2.388908 9.142371 4.816745
v -2.388908 9.142371 8.670885
v -2.388908 10.288226 8.670885
v -2.388908 10.288226 4.816745
v -2.388908 10.460279 4.363998
v -5.974741 6.737277 10.720907
v -5.113537 6.737277 10.720907
v -5.974741 10.535550 10.720907
v -5.113537 10.535550 10.720907
v -5.974741 10.535550 10.650657
v -5.113537 10.535550 10.650657
v -5.974741 6.737277 10.650657
v -5.113537 6.737277 10.650657
v -5.007828 10.519257 -11.149740
v -5.007828 10.519257 -10.874376
v -22.475725 10.519257 -11.149740
v -22.475725 10.519257 -10.874376
v -22.475725 10.854454 -11.149740
v -22.475725 10.854454 -10.874376
v -5.007828 10.854454 -11.149740
v -5.007828 10.854454 -10.874376
v -2.825556 18.244452 -0.631089
v -2.825556 18.414276 -0.256585
v -2.633832 18.414276 -0.256585
v -2.633832 18.244452 -0.631089
v -2.825556 18.472792 0.158555
v -2.633832 18.472792 0.158555
v -2.633832 17.620657 -0.121843
v -2.633832 17.680962 0.011141
v -2.825556 17.979948 -0.928296
v -2.633832 17.979948 -0.928296
v -2.825556 17.620657 -0.121843
v -2.825556 17.680962 0.011141
v -2.825556 18.414276 0.573694
v -2.633832 18.414276 0.573694
v -2.633832 17.701740 0.158554
v -2.825556 17.701740 0.158554
v -2.633832 17.526733 -0.227379
v -2.825556 17.646652 -1.119114
v -2.633832 17.646652 -1.119114
v -2.825556 17.526733 -0.227379
v -2.825556 18.244452 0.948197
v -2.633832 18.244452 0.948197
v -2.633832 17.680962 0.305968
v -2.825556 17.680962 0.305968
v -2.633832 17.408384 -0.295137
v -2.825556 17.277191 -1.184866
v -2.633832 17.277191 -1.184866
v -2.825556 17.408384 -0.295137
v -2.825556 17.979948 1.245405
v -2.633832 17.979948 1.245405
v -2.633832 17.620657 0.438951
v -2.825556 17.620657 0.438951
v -2.633832 17.408382 -0.295139
v -2.633832 17.277191 -0.318486
v -2.825556 17.277191 -0.318486
v -2.825556 17.408382 -0.295139
v -2.825556 17.646652 1.436224
v -2.633832 17.646652 1.436224
v -2.633832 17.526733 0.544488
v -2.825556 17.526733 0.544488
v -2.825556 17.277191 1.501975
v -2.633832 17.277191 1.501975
v -2.633832 17.408384 0.612246
v -2.825556 17.408384 0.612246
v -2.633832 17.277189 0.635595
v -2.633832 17.408382 0.612247
v -2.825556 17.277191 0.635595
v -2.825556 17.408382 0.612247
v -24.602659 2.722155 9.433332
v -24.892599 2.722155 9.844355
v -22.722698 2.823699 10.644798
v -22.012531 13.188559 12.033266
v -20.897305 13.459903 12.033266
v -20.897305 14.723887 12.033266
v -5.111333 14.723887 12.033266
v -5.111333 13.459903 12.033266
v -4.133407 13.188559 12.033266
v -22.012531 14.872827 12.033266
v -22.125267 13.188559 10.690216
v -22.125267 14.872827 10.690216
v -4.133407 13.188559 10.690216
v -20.897305 13.459903 10.690216
v -5.111333 13.459903 10.690216
v -5.111333 14.723887 10.690216
v -20.897305 14.723887 10.690216
v -4.133407 14.872827 10.690216
v -4.133407 14.872827 12.033266
v -2.145621 2.720867 -10.693371
v -2.277202 2.720867 -11.147754
v -2.597162 2.720867 -11.578112
v -3.074180 2.720867 -11.942305
v -3.661561 2.720867 -12.204695
v -4.301810 2.720867 -12.339597
v -4.932254 2.720867 -12.333800
v -5.491179 2.720867 -12.187870
v -5.923876 2.817134 -11.916105
v -6.187990 2.817134 -11.545090
v -6.257667 2.817134 -11.111153
v -3.471034 2.817134 -9.470725
v -2.912108 2.720867 -9.616654
v -2.479411 2.720867 -9.888420
v -2.215297 2.720867 -10.259434
v -2.145621 3.414162 -10.693371
v -2.277202 3.414162 -11.147754
v -2.597162 3.414162 -11.578112
v -3.074180 3.414162 -11.942305
v -3.661561 3.414162 -12.204695
v -4.301810 3.414162 -12.339597
v -4.932254 3.414162 -12.333800
v -5.491179 3.414162 -12.187870
v -5.923876 3.414162 -11.916105
v -6.187990 3.414162 -11.545090
v -6.257667 3.414162 -11.111153
v -3.471034 3.414162 -9.470725
v -2.912108 3.414162 -9.616654
v -2.479411 3.414162 -9.888420
v -2.215297 3.414162 -10.259434
v -4.201644 2.817134 -10.902265
v -4.201644 3.398792 -10.902265
v 2.404872 2.806674 -1.262384
v 1.750008 2.806674 -2.397795
v -4.689862 2.816506 -3.298861
v -5.709837 2.816506 -2.397794
v -6.364701 2.816506 -1.262383
v -6.590352 2.816506 -0.003771
v -6.364701 2.816506 1.254842
v -5.709837 2.816506 2.390253
v -4.689862 2.816506 3.291320
v -3.404619 2.854231 3.869840
v -1.979915 10.447300 -4.076726
v -3.404619 10.447300 -3.877383
v -3.404619 10.447300 3.869840
v -1.979915 2.687051 -0.003771
v -1.979915 10.447300 -0.003771
v -24.504135 13.172726 -9.873158
v -23.944345 13.172726 -9.873158
v -24.504135 13.427759 -9.873158
v -23.944345 13.427759 -9.873158
v -24.504135 13.427759 -9.962351
v -23.944345 13.427759 -9.962351
v -24.504135 13.172726 -9.962351
v -23.944345 13.172726 -9.962351
v -22.034399 13.172726 -11.728921
v -22.034399 13.172726 -11.935128
v -22.034399 13.427759 -11.728921
v -22.034399 13.427759 -11.935128
v -22.135376 13.427759 -11.728921
v -22.135376 13.427759 -11.935128
v -22.135376 13.172726 -11.728921
v -22.135376 13.172726 -11.935128
v -23.961201 13.427759 -10.243322
v -24.493715 13.427759 -10.249605
v -24.493715 13.172726 -10.249605
v -23.961201 13.172726 -10.243322
v -23.959986 13.427759 -10.501055
v -24.463524 13.427759 -10.537050
v -24.463524 13.172726 -10.537050
v -23.959986 13.172726 -10.501055
v -23.930677 13.427759 -10.732892
v -24.398733 13.427759 -10.816930
v -24.398733 13.172726 -10.816930
v -23.930677 13.172726 -10.732892
v -23.854797 13.427759 -10.939198
v -24.289935 13.427759 -11.080046
v -24.289935 13.172726 -11.080046
v -23.869154 13.172726 -10.939198
v -23.759708 13.427759 -11.120791
v -24.133078 13.427759 -11.317335
v -24.133078 13.172726 -11.317335
v -23.774073 13.172726 -11.120791
v -23.605932 13.427759 -11.279122
v -23.929236 13.427759 -11.520649
v -23.929236 13.172726 -11.520649
v -23.644207 13.172726 -11.279122
v -23.379505 13.427759 -11.414891
v -23.683855 13.427759 -11.683946
v -23.683855 13.172726 -11.683946
v -23.477556 13.172726 -11.414891
v -23.212891 13.427759 -11.526890
v -23.405165 13.427759 -11.804471
v -23.405165 13.172726 -11.804471
v -23.272674 13.172726 -11.526890
v -23.030760 13.427759 -11.612945
v -23.102465 13.427759 -11.883239
v -23.102465 13.172726 -11.883239
v -23.030760 13.172726 -11.612945
v -22.756164 13.427759 -11.672289
v -22.784786 13.427759 -11.924996
v -22.784786 13.172726 -11.924996
v -22.756164 13.172726 -11.672289
v -22.455044 13.427759 -11.708048
v -22.460347 13.427759 -11.938171
v -22.460347 13.172726 -11.938171
v -22.455044 13.172726 -11.708048
v -24.202534 3.467196 -8.973771
v -24.703529 3.467196 -9.282882
v -25.010012 3.467196 -9.717348
v -25.091976 3.467196 -10.234629
v -24.941385 3.467196 -10.784099
v -24.573011 3.467196 -11.311970
v -24.022884 3.467196 -11.766568
v -23.344879 3.467196 -12.103392
v -22.605341 3.467196 -12.289476
v -21.876661 3.467196 -12.306609
v -21.230186 3.467196 -12.153098
v -24.202534 2.720617 -8.973771
v -24.703529 2.720617 -9.282882
v -25.010012 2.720617 -9.717348
v -25.091976 2.720617 -10.234629
v -24.941385 2.720617 -10.784099
v -24.573011 2.720617 -11.311970
v -24.022884 2.720617 -11.766568
v -23.344879 2.720617 -12.103392
v -22.605341 2.720617 -12.289476
v -21.876661 2.720617 -12.306609
v -21.230186 2.823272 -12.153098
v -20.729191 2.823272 -11.843985
v -22.716364 3.453415 -10.563434
v -22.716364 2.823272 -10.563434
v -24.501156 13.178151 9.936826
v -23.941357 13.178151 9.936826
v -24.501156 13.433185 9.936826
v -23.941357 13.433185 9.936826
v -24.501156 13.433185 10.026019
v -23.941357 13.433185 10.026019
v -24.501156 13.178151 10.026019
v -23.941357 13.178151 10.026019
v -21.909082 13.178151 11.766525
v -21.909082 13.178151 12.062050
v -21.909082 13.433185 11.766525
v -21.909082 13.433185 12.062050
v -22.010045 13.433185 11.766525
v -22.010045 13.433185 12.067499
v -22.010045 13.178151 11.766525
v -22.010045 13.178151 12.067499
v -23.952143 13.178151 10.315586
v -24.492306 13.178151 10.323969
v -24.492306 13.433185 10.323969
v -23.952143 13.433185 10.315586
v -23.943676 13.178151 10.576711
v -24.461721 13.178151 10.620074
v -24.461721 13.433185 10.620074
v -23.943676 13.433185 10.576711
v -23.906190 13.178151 10.804768
v -24.393178 13.178151 10.905507
v -24.393178 13.433185 10.905507
v -23.906190 13.433185 10.804768
v -23.836775 13.178151 11.000924
v -24.276424 13.178151 11.170792
v -24.276424 13.433185 11.170792
v -23.836775 13.433185 11.000924
v -23.734522 13.178151 11.169479
v -24.107534 13.178151 11.407082
v -24.107534 13.433185 11.407082
v -23.734522 13.433185 11.169479
v -23.596612 13.178151 11.315956
v -23.888904 13.178151 11.607051
v -23.888904 13.433185 11.607051
v -23.596612 13.433185 11.315956
v -23.418886 13.178151 11.443113
v -23.627790 13.178151 11.766613
v -23.627790 13.433185 11.766613
v -23.418886 13.433185 11.443113
v -23.199793 13.178151 11.549829
v -23.333683 13.178151 11.885570
v -23.333683 13.433185 11.885570
v -23.199793 13.433185 11.549829
v -22.942541 13.178151 11.633859
v -23.016298 13.178151 11.967050
v -23.016298 13.433185 11.967050
v -22.942541 13.433185 11.633859
v -22.653662 13.178151 11.695005
v -22.684816 13.178151 12.016764
v -22.684816 13.433185 12.016764
v -22.653662 13.433185 11.695005
v -22.340294 13.178151 11.736669
v -22.347402 13.178151 12.042809
v -22.347402 13.433185 12.042809
v -22.340294 13.433185 11.736669
v -2.088450 2.707523 10.744863
v -2.223785 2.707523 11.212212
v -2.552870 2.707523 11.654841
v -3.043493 2.707523 12.029426
v -3.647628 2.707523 12.299296
v -4.306138 2.707523 12.438046
v -4.954562 2.707523 12.432082
v -5.529430 2.707523 12.281994
v -5.974469 2.795473 12.002472
v -6.246115 2.795473 11.620876
v -6.317778 2.795473 11.174562
v -6.182443 2.795473 10.909659
v -3.451667 2.795473 9.487349
v -2.876799 2.707523 9.637437
v -2.431760 2.707523 9.916960
v -2.160114 2.707523 10.298554
v -2.088450 3.336725 10.744863
v -2.223785 3.336725 11.212212
v -2.552870 3.336725 11.654841
v -3.043493 3.336725 12.029426
v -3.647628 3.336725 12.299296
v -4.306138 3.336725 12.438046
v -4.954562 3.336725 12.432082
v -5.529430 3.336725 12.281994
v -5.974469 3.325385 12.002472
v -6.246115 3.325385 11.620876
v -6.317778 3.325385 11.174562
v -6.182443 3.325385 10.909659
v -3.451667 3.325385 9.487349
v -2.876799 3.336725 9.637437
v -2.431760 3.336725 9.916960
v -2.160114 3.336725 10.298554
v -4.203114 2.795473 10.959712
v -4.203114 3.325385 10.959712
v -2.700187 14.608572 -9.587217
v -2.302346 14.608572 -9.587217
v -2.700187 14.871124 -9.587217
v -2.302346 14.871124 -9.587217
v -2.700187 14.871124 -9.960729
v -2.302346 14.871124 -9.960729
v -2.700187 14.608572 -9.960729
v -2.302346 14.608572 -9.960729
v -4.551588 14.608572 -11.915238
v -4.551588 14.608572 -11.563776
v -4.551588 14.871124 -11.915238
v -4.551588 14.871124 -11.563776
v -4.128786 14.871124 -11.915238
v -4.128786 14.871124 -11.563776
v -4.128786 14.608572 -11.915238
v -4.128786 14.608572 -11.563776
v -2.702154 14.608572 -10.209292
v -2.304358 14.608572 -10.212918
v -2.304358 14.871124 -10.212918
v -2.702154 14.871124 -10.209292
v -2.714798 14.608572 -10.447500
v -2.317790 14.608572 -10.468113
v -2.317790 14.871124 -10.468113
v -2.714798 14.871124 -10.447500
v -2.745598 14.608572 -10.672015
v -2.352344 14.608572 -10.722866
v -2.352344 14.871124 -10.722866
v -2.745598 14.871124 -10.672015
v -2.798800 14.608572 -10.878285
v -2.415838 14.608572 -10.970908
v -2.415838 14.871124 -10.970908
v -2.798800 14.871124 -10.878285
v -2.875496 14.608572 -11.060182
v -2.514262 14.608572 -11.204637
v -2.514262 14.871124 -11.204637
v -2.875496 14.871124 -11.060182
v -2.974074 14.608572 -11.212602
v -2.651708 14.608572 -11.415680
v -2.651708 14.871124 -11.415680
v -2.974074 14.871124 -11.212602
v -3.092569 14.608572 -11.334211
v -2.829673 14.608572 -11.595326
v -2.829673 14.871124 -11.595326
v -3.092569 14.871124 -11.334211
v -3.232906 14.608572 -11.427780
v -3.045725 14.608572 -11.735845
v -3.045725 14.871124 -11.735845
v -3.232906 14.871124 -11.427780
v -3.402310 14.608572 -11.496364
v -3.293117 14.608572 -11.833100
v -3.293117 14.871124 -11.833100
v -3.402310 14.871124 -11.496364
v -3.608107 14.608572 -11.540306
v -3.562596 14.608572 -11.888976
v -3.562596 14.871124 -11.888976
v -3.608107 14.871124 -11.540306
v -3.852414 14.608572 -11.560388
v -3.844268 14.608572 -11.911693
v -3.844268 14.871124 -11.911693
v -3.852414 14.871124 -11.560388
v -22.734973 13.399337 11.901940
v -23.175722 13.399337 11.800528
v -23.559577 13.399337 11.583597
v -23.848980 13.399337 11.272369
v -24.015594 13.399337 10.897314
v -24.043110 13.399337 10.495144
v -23.928839 13.399337 10.105228
v -23.683962 13.399337 9.765728
v -23.332451 13.399337 9.509889
v -21.856766 13.399337 11.730747
v -22.280499 13.399337 11.877891
v -22.734973 14.617852 11.901940
v -23.175722 14.617852 11.800528
v -23.559577 14.617852 11.583597
v -23.848980 14.617852 11.272369
v -24.015594 14.617852 10.897314
v -24.043110 14.617852 10.495144
v -23.928839 14.617852 10.105228
v -23.683962 14.617852 9.765728
v -23.332451 14.617852 9.509889
v -21.856766 14.617852 11.730747
v -22.280499 14.617852 11.877891
v -22.594608 13.399337 10.620316
v -22.594608 14.617852 10.620316
v -24.504135 14.619742 -9.873158
v -23.944345 14.619742 -9.873158
v -24.504135 14.874776 -9.873158
v -23.944345 14.874776 -9.873158
v -24.504135 14.874776 -9.962351
v -23.944345 14.874776 -9.962351
v -24.504135 14.619742 -9.962351
v -23.944345 14.619742 -9.962351
v -22.034399 14.619742 -11.728921
v -22.034399 14.619742 -11.935128
v -22.034399 14.874776 -11.728921
v -22.034399 14.874776 -11.935128
v -22.135376 14.874776 -11.728921
v -22.135376 14.874776 -11.935128
v -22.135376 14.619742 -11.728921
v -22.135376 14.619742 -11.935128
v -23.961201 14.874776 -10.243322
v -24.493715 14.874776 -10.249605
v -24.493715 14.619742 -10.249605
v -23.961201 14.619742 -10.243322
v -23.959986 14.874776 -10.501055
v -24.463524 14.874776 -10.537050
v -24.463524 14.619742 -10.537050
v -23.959986 14.619742 -10.501055
v -23.930677 14.874776 -10.732892
v -24.398733 14.874776 -10.816930
v -24.398733 14.619742 -10.816930
v -23.930677 14.619742 -10.732892
v -23.854797 14.874776 -10.939198
v -24.289935 14.874776 -11.080046
v -24.289935 14.619742 -11.080046
v -23.869154 14.619742 -10.939198
v -23.759708 14.874776 -11.120791
v -24.133078 14.874776 -11.317335
v -24.133078 14.619742 -11.317335
v -23.774073 14.619742 -11.120791
v -23.605932 14.874776 -11.279122
v -23.929236 14.874776 -11.520649
v -23.929236 14.619742 -11.520649
v -23.644207 14.619742 -11.279122
v -23.379505 14.874776 -11.414891
v -23.683855 14.874776 -11.683946
v -23.683855 14.619742 -11.683946
v -23.477556 14.619742 -11.414891
v -23.212891 14.874776 -11.526890
v -23.405165 14.874776 -11.804471
v -23.405165 14.619742 -11.804471
v -23.272674 14.619742 -11.526890
v -23.030760 14.874776 -11.612945
v -23.102465 14.874776 -11.883239
v -23.102465 14.619742 -11.883239
v -23.030760 14.619742 -11.612945
v -22.756164 14.874776 -11.672289
v -22.784786 14.874776 -11.924996
v -22.784786 14.619742 -11.924996
v -22.756164 14.619742 -11.672289
v -22.455044 14.874776 -11.708048
v -22.460347 14.874776 -11.938171
v -22.460347 14.619742 -11.938171
v -22.455044 14.619742 -11.708048
v -22.734973 13.399337 -11.840942
v -23.175722 13.399337 -11.739529
v -23.559577 13.399337 -11.522598
v -23.848980 13.399337 -11.211370
v -24.015594 13.399337 -10.836310
v -24.043110 13.399337 -10.434145
v -23.928839 13.399337 -10.044229
v -23.683962 13.399337 -9.704729
v -21.856766 13.399337 -11.669748
v -22.280499 13.399337 -11.816892
v -22.734973 14.617852 -11.840942
v -23.175722 14.617852 -11.739529
v -23.559577 14.617852 -11.522598
v -23.848980 14.617852 -11.211370
v -24.015594 14.617852 -10.836310
v -24.043110 14.617852 -10.434145
v -23.928839 14.617852 -10.044229
v -23.683962 14.617852 -9.704729
v -21.856766 14.617852 -11.669748
v -22.280499 14.617852 -11.816892
v -22.594608 13.399337 -10.559317
v -22.594608 14.617852 -10.559317
v -2.825966 17.148720 -1.184866
v -2.634242 17.148720 -1.184866
v -2.634242 17.148720 -0.318486
v -2.825966 16.779259 -1.119114
v -2.634242 16.779259 -1.119114
v -2.825966 17.148720 -0.318486
v -2.634242 17.017525 -0.295139
v -2.825966 16.445965 -0.928296
v -2.634242 16.445965 -0.928296
v -2.825966 17.017525 -0.295139
v -2.825966 17.148720 1.501975
v -2.634242 17.148720 1.501975
v -2.634242 16.899174 -0.227380
v -2.825966 16.181459 -0.631088
v -2.634242 16.181459 -0.631088
v -2.825966 16.899174 -0.227380
v -2.825966 16.779259 1.436224
v -2.634242 16.779259 1.436224
v -2.634242 17.148718 0.635595
v -2.825966 17.148720 0.635595
v -2.634242 16.805250 -0.121844
v -2.825966 16.011637 -0.256585
v -2.634242 16.011637 -0.256585
v -2.825966 16.805250 -0.121844
v -2.825966 16.445965 1.245405
v -2.634242 16.445965 1.245405
v -2.634242 17.017525 0.612248
v -2.825966 17.017525 0.612248
v -2.634242 16.744946 0.011140
v -2.825966 15.953122 0.158555
v -2.634242 15.953122 0.158555
v -2.825966 16.744946 0.011140
v -2.825966 16.181459 0.948197
v -2.634242 16.181459 0.948197
v -2.634242 16.899174 0.544489
v -2.825966 16.899174 0.544489
v -2.634242 16.724167 0.158554
v -2.634242 16.011637 0.573694
v -2.825966 16.011637 0.573694
v -2.825966 16.724167 0.158554
v -2.634242 16.805250 0.438953
v -2.825966 16.805250 0.438953
v -2.634242 16.744946 0.305969
v -2.825966 16.744946 0.305969
v -24.234688 3.475614 9.069530
v -24.753590 3.472694 9.393241
v -22.685699 3.379350 10.709318
v -2.381166 2.694209 -10.732530
v -2.497286 2.694209 -11.133523
v -2.779646 2.694209 -11.513308
v -3.200610 2.694209 -11.834703
v -3.718967 2.694209 -12.066263
v -4.283979 2.694209 -12.185305
v -4.840338 2.694209 -12.180191
v -5.333584 2.694209 -12.051415
v -5.715434 3.793215 -11.811578
v -5.948512 3.793215 -11.484161
v -6.009999 3.793215 -11.101220
v -3.550829 3.793215 -9.653564
v -3.057583 2.694209 -9.782343
v -2.675733 2.694209 -10.022178
v -2.442656 2.694209 -10.349590
v -2.381166 10.609055 -10.732530
v -2.497286 10.609055 -11.133523
v -2.779646 10.609055 -11.513308
v -3.200610 10.609055 -11.834703
v -3.718967 10.609055 -12.066263
v -4.283979 10.609055 -12.185305
v -4.840338 10.609055 -12.180191
v -5.333584 10.609055 -12.051415
v -5.715434 10.609055 -11.811578
v -5.948512 10.609055 -11.484161
v -6.009999 10.609055 -11.101220
v -3.550829 10.609055 -9.653564
v -3.057583 10.609055 -9.782343
v -2.675733 10.609055 -10.022178
v -2.442656 10.609055 -10.349590
v -4.195583 3.793215 -10.916879
v -4.195583 10.433582 -10.916879
v -2.651025 17.517292 0.046338
v -2.651025 17.471388 -0.054894
v -2.651025 17.399891 -0.135232
v -2.651025 17.309797 -0.186812
v -2.651025 17.209929 -0.204585
v -2.651025 17.110060 -0.186812
v -2.651025 17.019966 -0.135231
v -2.651025 16.948469 -0.054893
v -2.651025 16.902565 0.046338
v -2.651025 16.886747 0.158554
v -2.651025 16.902565 0.270771
v -2.651025 16.948469 0.372002
v -2.651025 17.019966 0.452340
v -2.651025 17.110060 0.503920
v -2.651025 17.209929 0.521693
v -2.651025 17.309797 0.503920
v -2.651025 17.399891 0.452340
v -2.651025 17.471388 0.372002
v -2.651025 17.517292 0.270771
v -2.651025 17.533110 0.158554
v -2.806421 17.517292 0.046338
v -2.806421 17.471388 -0.054894
v -2.806421 17.399891 -0.135232
v -2.806421 17.309797 -0.186812
v -2.806421 17.209929 -0.204585
v -2.806421 17.110060 -0.186812
v -2.806421 17.019966 -0.135231
v -2.806421 16.948469 -0.054893
v -2.806421 16.902565 0.046338
v -2.806421 16.886747 0.158554
v -2.806421 16.902565 0.270771
v -2.806421 16.948469 0.372002
v -2.806421 17.019966 0.452340
v -2.806421 17.110060 0.503920
v -2.806421 17.209929 0.521693
v -2.806421 17.309797 0.503920
v -2.806421 17.399891 0.452340
v -2.806421 17.471388 0.372002
v -2.806421 17.517292 0.270771
v -2.806421 17.533110 0.158554
v -2.651025 17.209929 0.158554
v -2.806421 17.209929 0.158554
v -24.017901 2.725761 9.570337
v -24.228992 2.725761 9.570337
v -24.017901 2.725761 -9.531057
v -24.228992 2.725761 -9.531057
v -24.017901 3.470249 -9.531057
v -24.228992 3.470249 -9.531057
v -24.017901 3.470249 9.570337
v -24.228992 3.470249 9.570337
v -2.744402 13.399337 10.925452
v -2.951463 13.399337 11.283819
v -3.273969 13.399337 11.568220
v -3.680350 13.399337 11.750814
v -4.130827 13.399337 11.813735
v -4.581304 13.399337 11.750814
v -4.987685 13.399337 11.568220
v -2.744403 13.399337 10.130952
v -2.673055 13.399337 10.528201
v -2.744402 14.617852 10.925452
v -2.951463 14.617852 11.283819
v -3.273969 14.617852 11.568220
v -3.680350 14.617852 11.750814
v -4.130827 14.617852 11.813735
v -4.581304 14.617852 11.750814
v -4.987685 14.617852 11.568220
v -2.744403 14.617852 10.130952
v -2.673055 14.617852 10.528201
v -4.130827 13.399337 10.528201
v -4.130827 14.617852 10.528201
v -6.053950 2.725761 12.093720
v -6.053950 2.725761 12.280201
v -21.540924 2.725761 12.093720
v -21.540924 2.725761 12.280201
v -21.540924 3.470249 12.093720
v -21.540924 3.470249 12.280201
v -6.053950 3.470249 12.093720
v -6.053950 3.470249 12.280201
v -6.053950 2.699185 -12.289042
v -6.053950 2.699185 -12.102560
v -21.540924 2.699185 -12.289042
v -21.540924 2.699185 -12.102560
v -21.540924 3.443673 -12.289042
v -21.540924 3.443673 -12.102560
v -6.053950 3.443673 -12.289042
v -6.053950 3.443673 -12.102560
v -2.381166 2.691108 10.793537
v -2.497286 2.691108 11.194522
v -2.779646 2.691108 11.574307
v -3.200609 2.691108 11.895702
v -3.718967 2.691108 12.127261
v -4.283978 2.691108 12.246312
v -4.840338 2.691108 12.241191
v -5.333585 2.691108 12.112415
v -5.715434 3.793215 11.872578
v -5.948510 3.793215 11.545168
v -6.009999 3.793215 11.162219
v -5.893880 3.793215 10.761235
v -3.550829 3.793215 9.714564
v -3.057583 2.691108 9.843342
v -2.675732 2.691108 10.083180
v -2.442656 2.691108 10.410589
v -2.381166 10.575686 10.793537
v -2.497286 10.575686 11.194522
v -2.779646 10.575686 11.574307
v -3.200609 10.575686 11.895702
v -3.718967 10.575686 12.127261
v -4.283978 10.575686 12.246312
v -4.840338 10.575686 12.241191
v -5.333585 10.575686 12.112415
v -5.715434 10.433582 11.872578
v -5.948510 10.433582 11.545168
v -6.009999 10.433582 11.162219
v -5.893880 10.433582 10.761235
v -3.550829 10.433582 9.714564
v -3.057583 10.575686 9.843342
v -2.675732 10.575686 10.083180
v -2.442656 10.575686 10.410589
v -4.195583 3.793215 10.977879
v -4.195583 10.433582 10.977879
v -24.751462 3.458701 9.395699
v -25.019643 3.473412 9.806990
v -22.749277 3.391296 10.682432
v -23.390987 13.378979 9.858727
v -24.087193 13.378979 9.858727
v -23.390987 14.759531 9.858727
v -24.087193 14.759531 9.858727
v -23.390987 14.759531 3.530050
v -24.087193 14.759531 3.530050
v -23.390987 13.378979 3.530050
v -24.087193 13.378979 3.530050
v -24.128682 2.722155 9.140896
v -24.602659 2.722155 9.433332
v -22.722698 2.823699 10.644798
v -23.231760 13.180242 3.022092
v -24.503672 13.180242 3.022092
v -24.503672 14.874435 3.022092
v -23.231760 14.874435 3.022092
v -23.231760 13.180242 10.027363
v -23.231760 13.392546 9.860139
v -23.231760 14.735497 9.860139
v -23.231760 14.735497 3.531463
v -23.231760 13.392546 3.531463
v -23.231760 14.874435 10.027363
v -24.503672 13.180242 10.027363
v -24.503672 13.392546 9.860139
v -24.503672 13.392546 3.531463
v -24.503672 14.735497 3.531463
v -24.503672 14.735497 9.860139
v -24.503672 14.874435 10.027363
v -5.898380 6.744840 12.093720
v -5.898380 6.744840 12.280201
v -21.557894 6.744840 12.093720
v -21.557894 6.744840 12.280201
v -21.557894 7.489328 12.093720
v -21.557894 7.489328 12.280201
v -5.898380 7.489328 12.093720
v -5.898380 7.489328 12.280201
v -24.501156 14.620580 9.936826
v -23.941357 14.620580 9.936826
v -24.501156 14.875613 9.936826
v -23.941357 14.875613 9.936826
v -24.501156 14.875613 10.026019
v -23.941357 14.875613 10.026019
v -24.501156 14.620580 10.026019
v -23.941357 14.620580 10.026019
v -21.909082 14.620580 11.766525
v -21.909082 14.620580 12.062050
v -21.909082 14.875613 11.766525
v -21.909082 14.875613 12.062050
v -22.010045 14.875613 11.766525
v -22.010045 14.875613 12.067499
v -22.010045 14.620580 11.766525
v -22.010045 14.620580 12.067499
v -23.952143 14.620580 10.315586
v -24.492306 14.620580 10.323969
v -24.492306 14.875613 10.323969
v -23.952143 14.875613 10.315586
v -23.943676 14.620580 10.576711
v -24.461721 14.620580 10.620074
v -24.461721 14.875613 10.620074
v -23.943676 14.875613 10.576711
v -23.906204 14.620580 10.804768
v -24.393178 14.620580 10.905505
v -24.393178 14.875613 10.905505
v -23.906204 14.875613 10.804768
v -23.836775 14.620580 11.000924
v -24.276424 14.620580 11.170792
v -24.276424 14.875613 11.170792
v -23.836775 14.875613 11.000924
v -23.734522 14.620580 11.169480
v -24.107534 14.620580 11.407081
v -24.107534 14.875613 11.407081
v -23.734522 14.875613 11.169480
v -23.596612 14.620580 11.315957
v -23.888914 14.620580 11.607051
v -23.888914 14.875613 11.607051
v -23.596612 14.875613 11.315957
v -23.418886 14.620580 11.443113
v -23.627790 14.620580 11.766613
v -23.627790 14.875613 11.766613
v -23.418886 14.875613 11.443113
v -23.199793 14.620580 11.549829
v -23.333683 14.620580 11.885570
v -23.333683 14.875613 11.885570
v -23.199793 14.875613 11.549829
v -22.942541 14.620580 11.633859
v -23.016298 14.620580 11.967050
v -23.016298 14.875613 11.967050
v -22.942541 14.875613 11.633859
v -22.653662 14.620580 11.695006
v -22.684816 14.620580 12.016764
v -22.684816 14.875613 12.016764
v -22.653662 14.875613 11.695006
v -22.340294 14.620580 11.736669
v -22.347402 14.620580 12.042809
v -22.347402 14.875613 12.042809
v -22.340294 14.875613 11.736669
v -24.208815 3.470883 9.055189
v -24.709800 3.470883 9.364291
v -25.016266 3.470883 9.798738
v -25.098230 3.470883 10.316003
v -24.947656 3.470883 10.865454
v -24.579280 3.470883 11.393303
v -24.029182 3.470883 11.847885
v -23.351196 3.470883 12.184698
v -22.611685 3.470883 12.370779
v -21.883039 3.470883 12.387907
v -21.236591 3.470883 12.234405
v -20.347178 2.827641 10.973594
v -25.098230 2.726835 10.316003
v -24.947656 2.726835 10.865454
v -24.579280 2.726835 11.393303
v -24.029182 2.726835 11.847885
v -23.351196 2.726835 12.184698
v -22.611685 2.726835 12.370779
v -21.883039 2.726835 12.387907
v -21.236591 2.827641 12.234405
v -20.735605 2.827641 11.925300
v -20.429133 2.827641 11.490858
v -22.722698 3.457982 11.005307
v -24.208815 2.726835 9.055189
v -24.709800 2.726835 9.364291
v -25.016266 2.726835 9.798738
v -22.722698 2.827641 10.644798
v -2.700187 13.162327 -9.587217
v -2.302346 13.162327 -9.587217
v -2.700187 13.424879 -9.587217
v -2.302346 13.424879 -9.587217
v -2.700187 13.424879 -9.960729
v -2.302346 13.424879 -9.960729
v -2.700187 13.162327 -9.960729
v -2.302346 13.162327 -9.960729
v -4.551588 13.162327 -11.915238
v -4.551588 13.162327 -11.563776
v -4.551588 13.424879 -11.915238
v -4.551588 13.424879 -11.563776
v -4.128786 13.424879 -11.915238
v -4.128786 13.424879 -11.563776
v -4.128786 13.162327 -11.915238
v -4.128786 13.162327 -11.563776
v -2.702154 13.162327 -10.209292
v -2.304358 13.162327 -10.212918
v -2.304358 13.424879 -10.212918
v -2.702154 13.424879 -10.209292
v -2.714798 13.162327 -10.447500
v -2.317790 13.162327 -10.468113
v -2.317790 13.424879 -10.468113
v -2.714798 13.424879 -10.447500
v -2.745598 13.162327 -10.672015
v -2.352344 13.162327 -10.722866
v -2.352344 13.424879 -10.722866
v -2.745598 13.424879 -10.672015
v -2.798800 13.162327 -10.878285
v -2.415838 13.162327 -10.970908
v -2.415838 13.424879 -10.970908
v -2.798800 13.424879 -10.878285
v -2.875496 13.162327 -11.060182
v -2.514262 13.162327 -11.204637
v -2.514262 13.424879 -11.204637
v -2.875496 13.424879 -11.060182
v -2.974074 13.162327 -11.212602
v -2.651708 13.162327 -11.415680
v -2.651708 13.424879 -11.415680
v -2.974074 13.424879 -11.212602
v -3.092569 13.162327 -11.334211
v -2.829673 13.162327 -11.595326
v -2.829673 13.424879 -11.595326
v -3.092569 13.424879 -11.334211
v -3.232906 13.162327 -11.427780
v -3.045725 13.162327 -11.735845
v -3.045725 13.424879 -11.735845
v -3.232906 13.424879 -11.427780
v -3.402310 13.162327 -11.496364
v -3.293117 13.162327 -11.833100
v -3.293117 13.424879 -11.833100
v -3.402310 13.424879 -11.496364
v -3.608107 13.162327 -11.540306
v -3.562596 13.162327 -11.888976
v -3.562596 13.424879 -11.888976
v -3.608107 13.424879 -11.540306
v -3.852414 13.162327 -11.560388
v -3.844268 13.162327 -11.911693
v -3.844268 13.424879 -11.911693
v -3.852414 13.424879 -11.560388
v -1.563148 14.290477 -1.140346
v -1.563148 14.002456 -2.165666
v -1.563148 13.553851 -2.979364
v -1.563148 12.988578 -3.501791
v -1.563148 12.361967 -3.681807
v -1.563148 12.361967 3.674264
v -1.563148 12.988577 3.494249
v -1.563148 13.553851 2.971822
v -1.563148 14.002454 2.158124
v -1.563148 14.290476 1.132805
v -1.563148 14.389721 -0.003771
v -1.975080 14.290477 -1.140346
v -1.975080 14.002456 -2.165666
v -1.975080 13.553851 -2.979364
v -1.975080 12.988578 -3.501791
v -1.975080 12.361967 -3.681807
v -1.975080 12.361967 3.674264
v -1.975080 12.988577 3.494249
v -1.975080 13.553851 2.971822
v -1.975080 14.002454 2.158124
v -1.975080 14.290476 1.132805
v -1.975080 14.389721 -0.003771
v -1.563148 12.361967 -0.003771
v -1.975080 12.361967 -0.003771
v -1.617310 12.682012 3.719132
v -1.563148 12.972385 3.403860
v -1.563148 13.306029 3.235972
v -1.563148 13.522708 2.894073
v -1.563148 13.845510 2.511711
v -1.563148 13.962976 2.106098
v -1.563148 14.203512 1.577630
v -1.563148 14.245157 1.106096
v -1.563148 14.381808 0.521943
v -1.563148 14.340448 -0.003771
v -1.563148 14.374540 -0.612719
v -1.563148 14.244611 -1.113315
v -1.563148 14.181648 -1.663011
v -1.563148 13.961870 -2.112181
v -1.563148 13.806417 -2.590162
v -1.563148 13.524059 -2.904987
v -1.563148 13.282185 -3.265552
v -1.563148 12.972849 -3.413984
v -1.563148 12.655382 -3.703232
v -1.975080 12.677481 3.594538
v -1.754586 12.988577 3.494249
v -1.975080 13.288390 3.252274
v -1.769612 13.553851 2.971822
v -1.975080 13.843871 2.514682
v -1.789691 14.002454 2.158124
v -1.975080 14.185409 1.642078
v -1.715502 14.290476 1.132805
v -1.975080 14.379995 0.542698
v -1.751169 14.389721 -0.003771
v -1.975080 14.375297 -0.604062
v -1.842585 14.290477 -1.140346
v -1.975080 14.161378 -1.735171
v -1.880839 14.002456 -2.165666
v -1.975080 13.812211 -2.579653
v -1.875741 13.553851 -2.979365
v -1.975080 13.295277 -3.253452
v -1.874666 12.988578 -3.501791
v -1.975080 12.745705 -3.677284
v -2.700187 14.608572 9.719659
v -2.302346 14.608572 9.719659
v -2.700187 14.871124 9.719659
v -2.302346 14.871124 9.719659
v -2.700187 14.871124 10.093171
v -2.302346 14.871124 10.093171
v -2.700187 14.608572 10.093171
v -2.302346 14.608572 10.093171
v -4.551588 14.608572 12.047680
v -4.551588 14.608572 11.696219
v -4.551588 14.871124 12.047680
v -4.551588 14.871124 11.696219
v -4.128786 14.871124 12.047680
v -4.128786 14.871124 11.696219
v -4.128786 14.608572 12.047680
v -4.128786 14.608572 11.696219
v -2.702154 14.608572 10.341734
v -2.304358 14.608572 10.345360
v -2.304358 14.871124 10.345360
v -2.702154 14.871124 10.341734
v -2.714797 14.608572 10.579943
v -2.317790 14.608572 10.600561
v -2.317790 14.871124 10.600561
v -2.714797 14.871124 10.579943
v -2.745597 14.608572 10.804458
v -2.352344 14.608572 10.855314
v -2.352344 14.871124 10.855314
v -2.745597 14.871124 10.804458
v -2.798800 14.608572 11.010727
v -2.415839 14.608572 11.103351
v -2.415839 14.871124 11.103351
v -2.798800 14.871124 11.010727
v -2.875496 14.608572 11.192624
v -2.514262 14.608572 11.337079
v -2.514262 14.871124 11.337079
v -2.875496 14.871124 11.192624
v -2.974074 14.608572 11.345044
v -2.651709 14.608572 11.548124
v -2.651709 14.871124 11.548124
v -2.974074 14.871124 11.345044
v -3.092569 14.608572 11.466653
v -2.829675 14.608572 11.727774
v -2.829675 14.871124 11.727774
v -3.092569 14.871124 11.466653
v -3.232906 14.608572 11.560223
v -3.045726 14.608572 11.868287
v -3.045726 14.871124 11.868287
v -3.232906 14.871124 11.560223
v -3.402310 14.608572 11.628804
v -3.293117 14.608572 11.965541
v -3.293117 14.871124 11.965541
v -3.402310 14.871124 11.628804
v -3.608108 14.608572 11.672749
v -3.562597 14.608572 12.021419
v -3.562597 14.871124 12.021419
v -3.608108 14.871124 11.672749
v -3.852414 14.608572 11.692830
v -3.844269 14.608572 12.044135
v -3.844269 14.871124 12.044135
v -3.852414 14.871124 11.692830
v -2.710049 13.399337 -10.754509
v -2.880401 13.399337 -11.127655
v -3.173154 13.399337 -11.436153
v -3.559649 13.399337 -11.649805
v -4.002056 13.399337 -11.747692
v -4.457068 13.399337 -11.720236
v -4.880145 13.399337 -11.570121
v -2.789635 13.399337 -9.963123
v -2.678774 13.399337 -10.353238
v -2.710049 14.617852 -10.754509
v -2.880401 14.617852 -11.127655
v -3.173154 14.617852 -11.436153
v -3.559649 14.617852 -11.649805
v -4.002056 14.617852 -11.747692
v -4.457068 14.617852 -11.720236
v -4.880145 14.617852 -11.570121
v -2.789635 14.617852 -9.963123
v -2.678774 14.617852 -10.353238
v -4.130827 13.399337 -10.467202
v -4.130827 14.617852 -10.467202
v -2.700187 13.186950 9.719659
v -2.302346 13.186950 9.719659
v -2.700187 13.449502 9.719659
v -2.302346 13.449502 9.719659
v -2.700187 13.449502 10.093171
v -2.302346 13.449502 10.093171
v -2.700187 13.186950 10.093171
v -2.302346 13.186950 10.093171
v -4.551588 13.186950 12.047680
v -4.551588 13.186950 11.696219
v -4.551588 13.449502 12.047680
v -4.551588 13.449502 11.696219
v -4.128786 13.449502 12.047680
v -4.128786 13.449502 11.696219
v -4.128786 13.186950 12.047680
v -4.128786 13.186950 11.696219
v -2.702154 13.186950 10.341734
v -2.304358 13.186950 10.345360
v -2.304358 13.449502 10.345360
v -2.702154 13.449502 10.341734
v -2.714797 13.186950 10.579943
v -2.317790 13.186950 10.600561
v -2.317790 13.449502 10.600561
v -2.714797 13.449502 10.579943
v -2.745597 13.186950 10.804458
v -2.352344 13.186950 10.855314
v -2.352344 13.449502 10.855314
v -2.745597 13.449502 10.804458
v -2.798800 13.186950 11.010727
v -2.415839 13.186950 11.103351
v -2.415839 13.449502 11.103351
v -2.798800 13.449502 11.010727
v -2.875496 13.186950 11.192624
v -2.514262 13.186950 11.337079
v -2.514262 13.449502 11.337079
v -2.875496 13.449502 11.192624
v -2.974074 13.186950 11.345044
v -2.651709 13.186950 11.548124
v -2.651709 13.449502 11.548124
v -2.974074 13.449502 11.345044
v -3.092569 13.186950 11.466653
v -2.829675 13.186950 11.727774
v -2.829675 13.449502 11.727774
v -3.092569 13.449502 11.466653
v -3.232906 13.186950 11.560223
v -3.045726 13.186950 11.868287
v -3.045726 13.449502 11.868287
v -3.232906 13.449502 11.560223
v -3.402310 13.186950 11.628804
v -3.293117 13.186950 11.965541
v -3.293117 13.449502 11.965541
v -3.402310 13.449502 11.628804
v -3.608108 13.186950 11.672749
v -3.562597 13.186950 12.021419
v -3.562597 13.449502 12.021419
v -3.608108 13.449502 11.672749
v -3.852414 13.186950 11.692830
v -3.844269 13.186950 12.044135
v -3.844269 13.449502 12.044135
v -3.852414 13.449502 11.692830
v -2.791767 18.945227 -1.249813
v -2.791767 18.469793 -2.498148
v -2.791767 17.729284 -3.488835
v -2.791767 16.796194 -4.124894
v -2.791767 15.761850 -4.344064
v -2.791767 14.727509 -4.124892
v -2.791767 14.832607 -3.488834
v -2.791767 14.826281 -2.498148
v -2.791767 14.905637 -1.249812
v -2.791767 14.931168 0.133979
v -2.791767 14.914112 1.517770
v -2.791767 14.785113 2.766107
v -2.791767 14.747685 3.756793
v -2.791767 14.727509 4.392851
v -2.791767 15.761850 4.612021
v -2.791767 16.796194 4.392851
v -2.791767 17.729284 3.756793
v -2.791767 18.469788 2.766106
v -2.791767 18.945219 1.517770
v -2.791767 19.109049 0.133979
v -23.805807 18.945227 -1.249813
v -23.805807 18.469793 -2.498148
v -23.805807 17.729284 -3.488835
v -23.805807 16.796194 -4.124894
v -23.805807 15.761850 -4.344064
v -23.805807 14.727509 -4.124892
v -23.805807 14.911407 -3.488834
v -23.805807 14.862755 -2.498148
v -23.805807 14.943475 -1.249812
v -23.805807 15.119145 0.133979
v -23.805807 15.102571 1.517770
v -23.805807 14.941392 2.766107
v -23.805807 14.938366 3.756793
v -23.805807 15.351731 4.392851
v -23.805807 15.761850 4.612021
v -23.805807 16.796194 4.392851
v -23.805807 17.729284 3.756793
v -23.805807 18.469788 2.766106
v -23.805807 18.945219 1.517770
v -23.805807 19.109049 0.133979
v -2.791767 15.761850 0.133979
v -23.805807 16.511063 0.133979
v -2.791767 19.032032 -0.516580
v -23.805807 19.032032 -0.516580
v -2.791767 18.687601 -1.926250
v -23.805807 18.687601 -1.926250
v -2.791767 18.094402 -3.000361
v -23.805807 18.094402 -3.000361
v -2.791767 19.028942 0.810629
v -23.805807 19.028942 0.810629
v -2.791767 18.714836 2.122684
v -23.805807 18.714836 2.122684
v -2.791767 18.092953 3.270261
v -23.805807 18.092953 3.270261
v -2.791767 17.246683 4.085768
v -23.805807 17.246683 4.085768
v -2.791767 16.261852 4.506074
v -23.805807 16.261852 4.506074
v -2.791767 17.225872 -3.831993
v -23.805807 17.225872 -3.831993
v -2.791767 16.170732 -4.257425
v -23.805807 16.170732 -4.257425
v -2.791767 19.069775 -0.197757
v -23.805807 19.069775 -0.197757
v -23.805807 17.385136 -0.571652
v -23.805807 18.580856 -2.206523
v -2.791767 18.580856 -2.206523
v -2.791767 17.385136 -0.571652
v -2.791767 18.986124 -0.904355
v -23.805807 18.986124 -0.904355
v -23.805807 18.178841 -0.395494
v -23.805807 17.338856 0.133979
v -23.805807 18.984667 1.184606
v -2.791767 18.984667 1.184606
v -2.791767 17.338856 0.133979
v -2.791767 18.178841 -0.395494
v -2.791767 18.802258 -1.625202
v -23.805807 18.802258 -1.625202
v -23.805807 18.048698 -1.478926
v -23.805807 17.264627 -1.326724
v -23.805807 17.931908 -3.217757
v -2.791767 17.931908 -3.217757
v -2.791767 17.264627 -1.326724
v -2.791767 18.048698 -1.478926
v -2.791767 18.280783 -2.751015
v -23.805807 18.280783 -2.751015
v -23.805807 17.600601 -2.278867
v -23.805807 16.752464 -1.690123
v -23.805807 17.012535 -3.977416
v -2.791767 17.012535 -3.977416
v -2.791767 16.752464 -1.690123
v -2.791767 17.600601 -2.278867
v -2.791767 17.362583 -3.738803
v -23.805807 17.362583 -3.738803
v -23.805807 16.941906 -3.356254
v -23.805807 16.515295 -2.968308
v -23.805807 16.059694 -4.280952
v -2.791767 16.059694 -4.280952
v -2.791767 16.515295 -2.968308
v -2.791767 16.941906 -3.356254
v -2.791767 15.761850 -2.264057
v -2.791767 16.271317 -3.671242
v -2.791767 16.461252 -4.195865
v -23.805807 16.461252 -4.195865
v -23.805807 16.271317 -3.671242
v -23.805807 15.761850 -2.264057
v -2.791767 19.064894 0.506932
v -23.805807 19.064894 0.506932
v -23.805807 18.245987 0.713060
v -23.805807 17.516453 0.896692
v -23.805807 18.604855 2.411467
v -2.791767 18.604855 2.411467
v -2.791767 17.516453 0.896692
v -2.791767 18.245987 0.713060
v -2.791767 18.838493 1.798010
v -23.805807 18.838493 1.798010
v -23.805807 18.020679 1.598446
v -23.805807 17.016367 1.353372
v -23.805807 17.897758 3.531395
v -2.791767 17.897758 3.531395
v -2.791767 17.016367 1.353372
v -2.791767 18.020679 1.598446
v -2.791767 18.287777 3.009614
v -23.805807 18.287777 3.009614
v -23.805807 17.442081 2.405364
v -23.805807 16.712130 1.883809
v -23.805807 17.013779 4.244528
v -2.791767 17.013779 4.244528
v -2.791767 16.712130 1.883809
v -2.791767 17.442081 2.405364
v -2.791767 17.481455 3.925730
v -23.805807 17.481455 3.925730
v -23.805807 16.867033 3.096099
v -23.805807 16.293011 2.321019
v -23.805807 16.018618 4.557615
v -2.791767 16.018618 4.557615
v -2.791767 16.293011 2.321019
v -2.791767 16.867033 3.096099
v -2.791767 15.761850 2.980584
v -2.791767 16.118586 3.742779
v -2.791767 16.456526 4.464826
v -23.805807 16.456526 4.464826
v -23.805807 16.118586 3.742779
v -23.805807 15.761850 2.980584
v -2.791767 17.502590 -3.643366
v -23.805807 17.502590 -3.643366
v -23.805807 16.869581 -2.720137
v -23.805807 16.227633 -1.783877
v -23.805807 16.076807 -3.133988
v -23.805807 15.945979 -4.305047
v -2.791767 15.945979 -4.305047
v -2.791767 16.076807 -3.133988
v -2.791767 16.227633 -1.783877
v -2.791767 16.869581 -2.720137
v -3.818593 10.362726 4.061760
v -2.546677 10.362726 4.061760
v -3.818593 13.153988 4.061760
v -2.546677 13.153988 4.061760
v -3.818593 13.153988 -4.315261
v -2.546677 13.153988 -4.315261
v -3.818593 10.362726 -4.315261
v -2.546677 10.362726 -4.315261
v -3.818593 13.433793 2.044255
v -3.818593 13.643834 1.437163
v -3.818593 13.852734 0.724220
v -3.818593 13.907459 0.061866
v -3.818593 13.882349 -0.534109
v -3.818593 13.777802 -1.116982
v -3.818593 13.340741 -2.239142
v -2.546677 13.153988 2.268027
v -2.546677 13.153988 1.686340
v -2.546677 13.852735 0.682133
v -2.546677 13.907459 0.152942
v -2.546677 13.153988 -0.661112
v -2.546677 13.153988 -1.199201
v -3.818593 13.154934 2.881150
v -3.818593 13.166195 -2.617923
v -2.686582 7.313186 -4.602491
v -2.207477 7.313186 -4.602491
v -2.207477 8.294791 -4.602491
v -2.686582 8.294791 -4.602491
v -2.686582 6.697653 -8.173253
v -2.686582 6.697653 -5.401497
v -2.686582 8.709846 -5.304039
v -2.686582 8.709846 -8.142636
v -2.686582 8.294791 -8.944958
v -2.686582 7.313186 -8.944958
v -2.207477 6.697653 -5.280898
v -2.207477 7.051401 -5.290683
v -2.207477 7.373184 -4.936033
v -2.207477 8.203997 -4.936033
v -2.207477 8.257411 -5.054512
v -2.207477 8.383430 -5.328801
v -2.207477 8.709846 -5.336567
v -2.207477 8.294791 -8.944958
v -2.207477 7.313186 -8.944958
v -2.207477 6.697653 -8.185833
v -2.532070 6.852208 -5.612294
v -2.532070 8.463495 -7.967173
v -2.532070 8.524566 -7.796917
v -2.207477 7.024065 -8.180855
v -2.207477 6.956162 -8.097113
v -2.207477 6.852208 -7.966781
v -2.207477 6.852208 -5.530589
v -2.207477 6.956162 -5.395650
v -2.207477 8.485294 -5.551849
v -2.207477 8.485294 -6.064168
v -2.207477 8.485196 -6.199670
v -2.207477 8.485196 -8.076328
v -2.207477 8.441622 -8.159243
v -2.207477 8.709846 -8.155156
v -2.207477 8.203997 -8.611416
v -2.207477 7.373184 -8.611416
v -2.532070 8.462594 -8.083973
v -2.532070 7.373184 -4.936033
v -2.532070 8.203997 -4.936033
v -2.532070 8.485294 -5.529809
v -2.532070 6.852208 -7.958258
v -2.532070 7.373184 -8.611416
v -2.532070 8.203997 -8.611416
v -16.913937 7.468650 -10.901877
v -16.343375 7.468650 -10.901877
v -16.913937 10.521584 -10.901877
v -16.343375 10.521584 -10.901877
v -16.913937 10.521584 -12.189040
v -16.343375 10.521584 -12.189040
v -16.913937 7.468650 -12.189040
v -16.343375 7.468650 -12.189040
v -22.959368 12.538040 13.480000
v -22.959368 12.822102 13.219389
v -22.959368 13.047534 12.813482
v -22.959368 13.192271 12.302008
v -22.959368 13.242144 11.735037
v -22.959368 12.223155 13.569793
v -4.401494 12.538040 13.480000
v -4.401494 12.822102 13.219389
v -4.401494 13.047534 12.813482
v -4.401494 13.192271 12.302008
v -4.401494 13.242144 11.735037
v -4.401494 12.223155 13.569793
v -25.775556 12.538040 11.602189
v -25.480566 12.822102 11.602189
v -25.021084 13.047534 11.602189
v -24.442119 13.192271 11.602189
v -23.800329 13.242144 11.602189
v -25.877203 12.223155 11.602189
v -25.775556 12.538040 -11.532159
v -25.480566 12.822102 -11.532159
v -25.021084 13.047534 -11.532159
v -24.442119 13.192271 -11.532159
v -23.800329 13.242144 -11.532159
v -25.877203 12.223155 -11.532159
v -22.959368 12.538040 -13.418995
v -22.959368 12.822102 -13.158390
v -22.959368 13.047534 -12.752483
v -22.959368 13.192271 -12.241009
v -22.959368 13.242144 -11.674038
v -22.959368 12.223155 -13.508793
v -4.401494 12.538040 -13.418995
v -4.401494 12.822102 -13.158390
v -4.401494 13.047534 -12.752483
v -4.401494 13.192271 -12.241009
v -4.401494 13.242144 -11.674038
v -4.401494 12.223155 -13.508793
v -23.206083 13.242144 11.734407
v -23.208982 13.192271 12.301366
v -23.211588 13.047534 12.812823
v -23.213657 12.822102 13.218722
v -23.214987 12.538040 13.479326
v -23.215450 12.223155 13.569124
v -23.433384 13.242144 11.730004
v -23.451649 13.192271 12.296684
v -23.468143 13.047534 12.807891
v -23.481222 12.822102 13.213591
v -23.489618 12.538040 13.474064
v -23.492517 12.223155 13.563813
v -23.632279 13.242144 11.718935
v -23.682446 13.192271 12.283945
v -23.727719 13.047534 12.793651
v -23.763646 12.822102 13.198155
v -23.786714 12.538040 13.457865
v -23.794664 12.223155 13.547353
v -23.791782 13.242144 11.700865
v -23.893259 13.192271 12.260120
v -23.984806 13.047534 12.764633
v -24.057474 12.822102 13.165019
v -24.104116 12.538040 13.422078
v -24.120179 12.223155 13.510657
v -23.895908 13.242144 11.680833
v -24.072239 13.192271 12.224679
v -24.231316 13.047534 12.715291
v -24.357559 12.822102 13.104636
v -24.438604 12.538040 13.354614
v -24.466530 12.223155 13.440749
v -23.929152 13.242144 11.673352
v -24.207104 13.192271 12.181717
v -24.457866 13.047534 12.640321
v -24.656868 12.822102 13.004270
v -24.784620 12.538040 13.237937
v -24.828642 12.223155 13.318455
v -23.892902 13.242144 11.701775
v -24.293411 13.192271 12.139930
v -24.654718 13.047534 12.535196
v -24.941456 12.822102 12.848878
v -25.125540 12.538040 13.050275
v -25.188974 12.223155 13.119673
v -23.825659 13.242144 11.776621
v -24.344435 13.192271 12.103034
v -24.812432 13.047534 12.397494
v -25.183843 12.822102 12.631177
v -25.422306 12.538040 12.781214
v -25.504467 12.223155 12.832914
v -23.784056 13.242144 11.860114
v -24.383459 13.192271 12.053964
v -24.924192 13.047534 12.228832
v -25.353323 12.822102 12.367609
v -25.628838 12.538040 12.456717
v -25.723783 12.223155 12.487416
v -23.783949 13.242144 11.881998
v -24.417838 13.192271 11.962291
v -24.989696 13.047534 12.034723
v -25.443514 12.822102 12.092202
v -25.734882 12.538040 12.129113
v -25.835279 12.223155 12.141831
v -23.796850 13.242144 11.795717
v -24.438221 13.192271 11.809932
v -25.016795 13.047534 11.822759
v -25.475971 12.822102 11.832935
v -25.770775 12.538040 11.839469
v -25.872358 12.223155 11.841723
v -23.796850 13.242144 -11.726389
v -24.438231 13.192271 -11.740517
v -25.016819 13.047534 -11.753266
v -25.475988 12.822102 -11.763389
v -25.770792 12.538040 -11.769880
v -25.872365 12.223155 -11.772118
v -23.783845 13.242144 -11.814126
v -24.417862 13.192271 -11.893907
v -24.989789 13.047534 -11.965871
v -25.443686 12.822102 -12.022988
v -25.735106 12.538040 -12.059657
v -25.835529 12.223155 -12.072294
v -23.783236 13.242144 -11.794547
v -24.383246 13.192271 -11.987095
v -24.924505 13.047534 -12.160786
v -25.354063 12.822102 -12.298637
v -25.629854 12.538040 -12.387145
v -25.724875 12.223155 -12.417636
v -23.823109 13.242144 -11.713361
v -24.343578 13.192271 -12.037773
v -24.813080 13.047534 -12.330436
v -25.185682 12.822102 -12.562698
v -25.424911 12.538040 -12.711815
v -25.507349 12.223155 -12.763194
v -23.888574 13.242144 -11.639683
v -24.291895 13.192271 -12.075839
v -24.655737 13.047534 -12.469301
v -24.944498 12.822102 -12.781552
v -25.129870 12.538040 -12.982031
v -25.193766 12.223155 -13.051109
v -23.924280 13.242144 -11.611403
v -24.205498 13.192271 -12.118351
v -24.459206 13.047534 -12.575672
v -24.660553 12.822102 -12.938600
v -24.789812 12.538040 -13.171616
v -24.834358 12.223155 -13.251909
v -23.891769 13.242144 -11.618847
v -24.071089 13.192271 -12.161912
v -24.232842 13.047534 -12.651822
v -24.361218 12.822102 -13.040612
v -24.443631 12.538040 -13.290234
v -24.472044 12.223155 -13.376247
v -23.789017 13.242144 -11.639051
v -23.892776 13.192271 -12.197968
v -23.986376 13.047534 -12.702171
v -24.060659 12.822102 -13.102313
v -24.108354 12.538040 -13.359216
v -24.124788 12.223155 -13.447742
v -23.630922 13.242144 -11.657442
v -23.682552 13.192271 -12.222340
v -23.729134 13.047534 -12.731950
v -23.766096 12.822102 -13.136367
v -23.789820 12.538040 -13.396025
v -23.798000 12.223155 -13.485496
v -23.433187 13.242144 -11.668804
v -23.452120 13.192271 -12.235462
v -23.469213 13.047534 -12.746658
v -23.482775 12.822102 -13.152334
v -23.491474 12.538040 -13.412797
v -23.494480 12.223155 -13.502546
v -23.206413 13.242144 -11.673373
v -23.209429 13.192271 -12.240333
v -23.212168 13.047534 -12.751788
v -23.214327 12.822102 -13.157688
v -23.215727 12.538040 -13.418291
v -23.216200 12.223155 -13.508084
v -1.429786 12.538040 -10.575811
v -1.724785 12.822102 -10.575811
v -2.184257 13.047534 -10.575811
v -2.763226 13.192271 -10.575811
v -3.405018 13.242144 -10.575811
v -1.328137 12.223155 -10.575811
v -1.429786 12.538040 10.670048
v -1.724785 12.822102 10.670048
v -2.184257 13.047534 10.670048
v -2.763226 13.192271 10.670048
v -3.405018 13.242144 10.670048
v -1.328137 12.223155 10.670048
v -4.086139 13.242144 -11.670668
v -4.074421 13.192271 -12.237446
v -4.063847 13.047534 -12.748737
v -4.055457 12.822102 -13.154507
v -4.050070 12.538040 -13.415024
v -4.048214 12.223155 -13.504790
v -3.856592 13.242144 -11.653196
v -3.791245 13.192271 -12.216611
v -3.732294 13.047534 -12.724869
v -3.685512 12.822102 -13.128237
v -3.655474 12.538040 -13.387211
v -3.645125 12.223155 -13.476441
v -3.714198 13.242144 -11.623848
v -3.557419 13.192271 -12.172114
v -3.415989 13.047534 -12.666703
v -3.303748 12.822102 -13.059213
v -3.231686 12.538040 -13.311226
v -3.206854 12.223155 -13.398062
v -3.640016 13.242144 -11.593627
v -3.368805 13.192271 -12.104822
v -3.124142 13.047534 -12.565974
v -2.929976 12.822102 -12.931953
v -2.805314 12.538040 -13.166920
v -2.762359 12.223155 -13.247887
v -3.604885 13.242144 -11.568942
v -3.216008 13.192271 -12.016296
v -2.865198 13.047534 -12.419864
v -2.586794 12.822102 -12.740132
v -2.408046 12.538040 -12.945759
v -2.346455 12.223155 -13.016613
v -3.578078 13.242144 -11.542066
v -3.088089 13.192271 -11.903900
v -2.646064 13.047534 -12.230315
v -2.295271 12.822102 -12.489366
v -2.070047 12.538040 -12.655680
v -1.992441 12.223155 -12.712986
v -3.542395 13.242144 -11.494630
v -2.979171 13.192271 -11.761854
v -2.471078 13.047534 -12.002914
v -2.067854 12.822102 -12.194224
v -1.808966 12.538040 -12.317054
v -1.719762 12.223155 -12.359376
v -3.498227 13.242144 -11.409554
v -2.890061 13.192271 -11.586086
v -2.341426 13.047534 -11.745336
v -1.906028 12.822102 -11.871720
v -1.626483 12.538040 -11.952862
v -1.530161 12.223155 -11.980822
v -3.455333 13.242144 -11.277726
v -2.824308 13.192271 -11.376747
v -2.255051 13.047534 -11.466072
v -1.803286 12.822102 -11.536968
v -1.513234 12.538040 -11.582481
v -1.413291 12.223155 -11.598159
v -3.423545 13.242144 -11.095925
v -2.783762 13.192271 -11.136695
v -2.206604 13.047534 -11.173478
v -1.748569 12.822102 -11.202669
v -1.454493 12.538040 -11.221407
v -1.353163 12.223155 -11.227864
v -3.407780 13.242144 -10.861158
v -2.766099 13.192271 -10.868422
v -2.187229 13.047534 -10.874974
v -1.727836 12.822102 -10.880174
v -1.432887 12.538040 -10.883511
v -1.331256 12.223155 -10.884664
v -4.051357 12.223155 13.565910
v -4.053174 12.538040 13.476143
v -4.058449 12.822102 13.215619
v -4.066663 13.047534 12.809849
v -4.077017 13.192271 12.298541
v -4.088492 13.242144 11.731763
v -3.652101 12.223155 13.538418
v -3.662233 12.538040 13.449155
v -3.691640 12.822102 13.190111
v -3.737441 13.047534 12.786648
v -3.795157 13.192271 12.278251
v -3.859132 13.242144 11.714686
v -3.217873 12.223155 13.462425
v -3.242188 12.538040 13.375467
v -3.312755 12.822102 13.123098
v -3.422666 13.047534 12.730032
v -3.561163 13.192271 12.234733
v -3.714686 13.242144 11.685688
v -2.776545 12.223155 13.316693
v -2.818678 12.538040 13.235379
v -2.940958 12.822102 12.999392
v -3.131413 13.047534 12.631836
v -3.371401 13.192271 12.168689
v -3.637429 13.242144 11.655284
v -2.361489 12.223155 13.091376
v -2.422118 12.538040 13.019872
v -2.598075 12.822102 12.812346
v -2.872135 13.047534 12.489114
v -3.217471 13.192271 12.081820
v -3.600278 13.242144 11.630331
v -2.005420 12.223155 12.793633
v -2.082177 12.538040 12.735442
v -2.304942 12.822102 12.566564
v -2.651908 13.047534 12.303534
v -3.089109 13.192271 11.972100
v -3.573750 13.242144 11.604701
v -1.728847 12.223155 12.444374
v -1.817483 12.538040 12.401151
v -2.074725 12.822102 12.275710
v -2.475389 13.047534 12.080321
v -2.980254 13.192271 11.834122
v -3.539901 13.242144 11.561202
v -1.535274 12.223155 12.068438
v -1.631311 12.538040 12.039757
v -1.910029 12.822102 11.956510
v -2.344142 13.047534 11.826856
v -2.891156 13.192271 11.663474
v -3.497525 13.242144 11.482373
v -1.415508 12.223155 11.687301
v -1.515352 12.538040 11.671162
v -1.805113 12.822102 11.624334
v -2.256426 13.047534 11.551399
v -2.825113 13.192271 11.459491
v -3.455507 13.242144 11.357610
v -1.353809 12.223155 11.318233
v -1.455120 12.538040 11.311571
v -1.749138 12.822102 11.292261
v -2.207085 13.047534 11.262176
v -2.784130 13.192271 11.224266
v -3.423790 13.242144 11.182241
v -1.331336 12.223155 10.976593
v -1.432966 12.538040 10.975400
v -1.727911 12.822102 10.971958
v -2.187300 13.047534 10.966592
v -2.766162 13.192271 10.959825
v -3.407837 13.242144 10.952328
v -24.385002 10.342562 9.587922
v -23.900988 10.342562 9.587922
v -24.385002 10.569933 9.587922
v -23.900988 10.569933 9.587922
v -24.385002 10.569933 -9.554693
v -23.900988 10.569933 -9.554693
v -24.385002 10.342562 -9.554693
v -23.900988 10.342562 -9.554693
v -23.291660 2.659612 9.561061
v -23.620733 2.993088 9.851775
v -23.291660 15.221541 9.561061
v -23.620733 14.888065 9.851775
v -21.984436 15.221541 10.715896
v -22.313509 14.888065 11.006610
v -21.984436 2.659612 10.715896
v -22.313509 2.993088 11.006610
v -22.675110 10.840139 -10.902535
v -4.673641 10.840139 -10.902535
v -22.675110 13.198715 -10.902535
v -4.673641 13.198715 -10.902535
v -22.675110 12.995850 -12.509386
v -4.673641 12.995850 -12.509386
v -22.675110 10.840139 -12.509386
v -4.673641 10.840139 -12.509386
v -3.853863 9.139795 -4.739688
v -2.486426 9.139795 -4.739688
v -3.853863 10.349184 -4.739688
v -2.486426 10.349184 -4.739688
v -3.853863 10.349184 -8.593830
v -2.486426 10.349184 -8.593830
v -3.853863 9.139795 -8.593830
v -2.486426 9.139795 -8.593830
v -2.298275 13.164941 -9.963070
v -3.902665 13.164941 -9.963070
v -2.298275 13.164941 -2.957802
v -2.298275 13.378943 -3.125025
v -2.298275 14.732636 -3.125025
v -2.298275 14.732636 -9.453703
v -2.298275 13.378943 -9.453703
v -2.298275 14.872684 -2.957802
v -3.902665 13.164941 -2.957802
v -3.902665 13.378943 -3.125025
v -3.902665 13.378943 -9.453703
v -3.902665 14.732636 -9.453703
v -3.902665 14.732636 -3.125025
v -3.902665 14.872684 -2.957802
v -3.902665 14.872684 -9.963070
v -2.298275 14.872684 -9.963070
v -25.970426 11.911299 10.541538
v -24.379757 10.335869 10.541538
v -24.816925 10.443375 10.541538
v -25.231759 10.683130 10.541538
v -25.583675 11.031666 10.541538
v -25.838191 11.454865 10.541538
v -24.379757 10.335869 -10.528955
v -24.816925 10.443375 -10.528955
v -25.231759 10.683130 -10.528955
v -25.583675 11.031666 -10.528955
v -25.838191 11.454865 -10.528955
v -25.970426 11.911299 -10.528955
v -1.302906 11.956055 -10.554203
v -2.893573 10.380624 -10.554203
v -2.456405 10.488130 -10.554203
v -2.041565 10.727885 -10.554203
v -1.689659 11.076421 -10.554203
v -1.435135 11.499619 -10.554203
v -22.924118 11.910153 -13.592699
v -22.924118 10.521039 -12.083518
v -22.924118 10.499445 -12.476288
v -22.924118 10.719145 -12.858316
v -22.924118 11.050406 -13.192191
v -22.924118 11.460798 -13.445238
v -4.428534 11.910153 -13.592699
v -4.428534 10.521039 -12.083518
v -4.428534 10.499445 -12.476288
v -4.428534 10.719145 -12.858316
v -4.428534 11.050406 -13.192191
v -4.428534 11.460798 -13.445238
v -2.900624 10.383724 -10.873154
v -2.462975 10.489677 -10.878259
v -2.046898 10.727944 -10.883182
v -1.693118 11.075199 -10.887437
v -1.436268 11.497451 -10.890618
v -1.301488 11.953365 -10.892403
v -2.923312 10.386600 -11.151481
v -2.486463 10.490984 -11.180064
v -2.070385 10.727744 -11.207592
v -1.715805 11.073702 -11.231375
v -1.457433 11.494997 -11.249082
v -1.320558 11.950384 -11.258979
v -2.967964 10.389215 -11.385511
v -2.536803 10.491968 -11.454857
v -2.125442 10.727161 -11.521663
v -1.774146 11.071774 -11.579377
v -1.517306 11.492071 -11.622358
v -1.380059 11.946910 -11.646392
v -3.033316 10.391649 -11.575460
v -2.617833 10.492665 -11.698906
v -2.220829 10.726192 -11.817870
v -1.881163 11.069369 -11.920706
v -1.632087 11.488606 -11.997350
v -1.497980 11.942860 -12.040302
v -3.113269 10.394027 -11.721718
v -2.728936 10.493181 -11.908130
v -2.361222 10.724920 -12.087869
v -2.046116 11.066559 -12.243349
v -1.814470 11.484655 -12.359349
v -1.688952 11.938279 -12.424509
v -3.201118 10.396453 -11.829294
v -2.867438 10.493639 -12.080917
v -2.547843 10.723486 -12.323685
v -2.273615 11.063496 -12.533845
v -2.071601 11.480386 -12.690824
v -1.961572 11.933343 -12.779247
v -3.296740 10.398954 -11.909233
v -3.032510 10.494137 -12.219332
v -2.779212 10.722057 -12.518756
v -2.561633 11.060407 -12.778197
v -2.401080 11.476066 -12.972255
v -2.313261 11.928343 -13.081937
v -3.412313 10.401500 -11.973542
v -3.228328 10.494741 -12.327073
v -3.051821 10.720796 -12.668766
v -2.900063 11.057537 -12.965190
v -2.787917 11.472004 -13.187304
v -2.726352 11.923618 -13.313384
v -3.568824 10.404083 -12.026941
v -3.462524 10.495520 -12.405770
v -3.360477 10.719838 -12.772382
v -3.272665 11.055084 -13.090890
v -3.207693 11.468439 -13.330112
v -3.171912 11.919438 -13.466638
v -3.785266 10.406780 -12.065309
v -3.740950 10.496550 -12.454740
v -3.698390 10.719266 -12.832194
v -3.661749 11.053129 -13.160721
v -3.634617 11.465457 -13.408159
v -3.619647 11.915887 -13.550291
v -4.073046 10.409690 -12.083128
v -4.065104 10.497880 -12.475282
v -4.057485 10.719076 -12.856029
v -4.050935 11.051628 -13.188101
v -4.046096 11.462980 -13.438979
v -4.043441 11.912868 -13.584113
v -22.924118 11.910153 13.653698
v -22.924118 10.515790 12.144518
v -22.924118 10.499445 12.537292
v -22.924118 10.719145 12.919314
v -22.924118 11.050406 13.253191
v -22.924118 11.460798 13.506237
v -4.428534 11.910153 13.653698
v -4.428534 10.515790 12.144518
v -4.428534 10.499445 12.537292
v -4.428534 10.719145 12.919314
v -4.428534 11.050406 13.253191
v -4.428534 11.460798 13.506237
v -1.291298 11.956055 10.623590
v -2.881964 10.380624 10.623590
v -2.444796 10.488130 10.623590
v -2.029956 10.727885 10.623590
v -1.678050 11.076421 10.623590
v -1.423526 11.499619 10.623590
v -1.291298 11.956055 2.861032
v -2.881964 10.380624 4.658630
v -2.444796 10.488130 4.658630
v -2.029956 10.727885 4.658630
v -1.678050 11.076421 4.658630
v -1.423526 11.499619 2.861032
v -4.072721 10.409689 12.144162
v -4.064871 10.497880 12.536324
v -4.057338 10.719076 12.917079
v -4.050864 11.051628 13.249144
v -4.046081 11.462980 13.500022
v -4.043458 11.912868 13.645162
v -3.783672 10.406778 12.126507
v -3.739863 10.496550 12.515997
v -3.697790 10.719265 12.893503
v -3.661573 11.053129 13.222067
v -3.634756 11.465456 13.469540
v -3.619964 11.915887 13.611690
v -3.564982 10.404084 12.088268
v -3.459884 10.495521 12.467377
v -3.358989 10.719837 12.834265
v -3.272180 11.055083 13.153006
v -3.207952 11.468434 13.392403
v -3.172592 11.919436 13.529022
v -3.405773 10.401507 12.034731
v -3.223701 10.494745 12.389069
v -3.049030 10.720795 12.731541
v -2.898864 11.057534 13.028617
v -2.787903 11.471994 13.251224
v -2.727003 11.923612 13.377573
v -3.287949 10.398970 11.970185
v -3.025963 10.494144 12.281788
v -2.774819 10.722056 12.582658
v -2.559108 11.060402 12.843340
v -2.399941 11.476053 13.038315
v -2.312900 11.928329 13.148501
v -3.191109 10.396471 11.890493
v -2.859411 10.493649 12.144151
v -2.541721 10.723486 12.388876
v -2.269143 11.063490 12.600712
v -2.068355 11.480371 12.758930
v -1.959013 11.933329 12.848035
v -3.102851 10.394042 11.784121
v -2.719848 10.493190 11.972622
v -2.353412 10.724920 12.154369
v -2.039415 11.066554 12.311568
v -1.808591 11.484644 12.428834
v -1.683534 11.938268 12.494694
v -3.022703 10.391657 11.639857
v -2.607890 10.492670 11.764981
v -2.211527 10.726192 11.885553
v -1.872420 11.069366 11.989766
v -1.623757 11.488600 12.067433
v -1.489882 11.942853 12.110940
v -2.957038 10.389219 11.452066
v -2.526113 10.491969 11.522460
v -2.114976 10.727161 11.590271
v -1.763878 11.071773 11.648844
v -1.507183 11.492068 11.692464
v -1.370018 11.946908 11.716846
v -2.912008 10.386601 11.219768
v -2.475206 10.490984 11.248810
v -2.059171 10.727743 11.276773
v -1.704629 11.073704 11.300936
v -1.446286 11.494996 11.318918
v -1.309428 11.950384 11.328964
v -2.889066 10.383725 10.942396
v -2.451421 10.489678 10.947585
v -2.035345 10.727945 10.952588
v -1.681568 11.075200 10.956912
v -1.424719 11.497452 10.960145
v -1.289941 11.953366 10.961964
v -24.371147 10.340899 10.863888
v -24.809065 10.446037 10.868222
v -25.225803 10.683509 10.872252
v -25.580582 11.030066 10.875597
v -25.838678 11.451786 10.877919
v -25.974798 11.907386 10.878993
v -24.348306 10.346700 11.154116
v -24.786001 10.449523 11.178601
v -25.203749 10.684759 11.201438
v -25.560626 11.029378 11.220399
v -25.821725 11.449648 11.233620
v -25.961477 11.904428 11.239808
v -24.304180 10.353447 11.406910
v -24.737855 10.454131 11.467052
v -25.153002 10.687297 11.523440
v -25.508940 11.030121 11.570545
v -25.770867 11.449041 11.603773
v -25.913127 11.903052 11.619851
v -24.238543 10.360882 11.618362
v -24.660029 10.459742 11.727248
v -25.064749 10.691137 11.829917
v -25.413099 11.032419 11.916304
v -25.670958 11.450181 11.977962
v -25.813082 11.903524 12.008851
v -24.157211 10.368532 11.783506
v -24.552786 10.465971 11.951761
v -24.933845 10.695987 12.111288
v -25.263105 11.036068 12.246469
v -25.508322 11.452923 12.344070
v -25.645494 11.905743 12.394537
v -24.069723 10.375931 11.902003
v -24.419931 10.472341 12.135574
v -24.758398 10.701364 12.358171
v -25.052001 11.040581 12.548016
v -25.271994 11.456790 12.686533
v -25.396852 11.909244 12.760143
v -23.981647 10.382877 11.983055
v -24.264746 10.478462 12.279264
v -24.539234 10.706697 12.562870
v -24.778250 11.045241 12.806112
v -24.958416 11.460957 12.985177
v -25.062069 11.913145 13.082552
v -23.883783 10.389522 12.042722
v -24.084070 10.484133 12.388315
v -24.278887 10.711448 12.720515
v -24.449160 11.049211 13.006793
v -24.578229 11.464365 13.219129
v -24.653469 11.916265 13.336743
v -23.750599 10.396041 12.091899
v -23.867245 10.489222 12.467438
v -23.981058 10.715178 12.829636
v -24.080875 11.051788 13.143023
v -24.156930 11.466106 13.376931
v -24.201789 11.917572 13.508473
v -23.554516 10.402282 12.128638
v -23.603222 10.493524 12.517031
v -23.650871 10.717630 12.892725
v -23.692768 11.052664 13.218956
v -23.724842 11.465830 13.463776
v -23.743935 11.916681 13.603231
v -23.278099 10.407886 12.145687
v -23.286825 10.496871 12.537528
v -23.295355 10.718820 12.917617
v -23.302866 11.052006 13.248736
v -23.308603 11.463814 13.498479
v -23.312014 11.913936 13.642397
v -25.974701 11.907373 -10.862823
v -25.838571 11.451777 -10.861686
v -25.580475 11.030060 -10.859241
v -25.225697 10.683509 -10.855731
v -24.808958 10.446044 -10.851494
v -24.371040 10.340914 -10.846960
v -25.960667 11.904407 -11.220696
v -25.820915 11.449633 -11.214161
v -25.559855 11.029369 -11.200286
v -25.203035 10.684759 -11.180438
v -24.785377 10.449535 -11.156552
v -24.347763 10.346724 -11.130966
v -25.910395 11.903040 -11.597925
v -25.768259 11.449034 -11.581066
v -25.506585 11.030115 -11.546373
v -25.151008 10.687298 -11.497239
v -24.736326 10.454138 -11.438476
v -24.303144 10.353459 -11.375839
v -25.806961 11.903543 -11.983699
v -25.665230 11.450198 -11.951535
v -25.408165 11.032431 -11.887512
v -25.060955 10.691137 -11.797876
v -24.657554 10.459729 -11.691408
v -24.237480 10.360856 -11.578528
v -25.634735 11.905811 -12.365072
v -25.498421 11.452980 -12.312981
v -25.254888 11.036101 -12.212364
v -24.927948 10.695987 -12.073074
v -24.549610 10.465929 -11.908737
v -24.156908 10.368447 -11.735447
v -25.381331 11.909354 -12.724678
v -25.257887 11.456881 -12.649412
v -25.040523 11.040632 -12.507861
v -24.750523 10.701361 -12.313875
v -24.416283 10.472273 -12.086449
v -24.070509 10.375797 -11.847850
v -25.043665 11.913261 -13.039496
v -24.941689 11.461050 -12.940862
v -24.764652 11.045295 -12.759461
v -24.529884 10.706694 -12.513062
v -24.260374 10.478392 -12.225773
v -23.982477 10.382737 -11.925725
v -24.635536 11.916351 -13.286022
v -24.561806 11.464433 -13.167725
v -24.435467 11.049252 -12.954124
v -24.268921 10.711444 -12.666140
v -24.078449 10.484080 -12.331945
v -23.882704 10.389418 -11.984263
v -24.187366 11.917621 -13.451945
v -24.143454 11.466145 -13.320181
v -24.069126 11.051811 -13.085845
v -23.971655 10.715175 -12.771862
v -23.860581 10.489191 -12.408969
v -23.746790 10.395981 -12.032694
v -23.734415 11.916706 -13.543522
v -23.715706 11.465848 -13.404042
v -23.684355 11.052675 -13.159154
v -23.643431 10.717628 -12.832835
v -23.596929 10.493507 -12.457011
v -23.549412 10.402250 -12.068481
v -23.307497 11.913947 -13.581545
v -23.304152 11.463823 -13.437637
v -23.298533 11.052011 -13.187893
v -23.291206 10.718819 -12.856776
v -23.282873 10.496864 -12.476694
v -23.274353 10.407872 -12.084845
v -2.207266 2.736886 -0.003771
v -2.207266 10.451953 -0.003771
v -3.324008 2.736886 -0.278541
v -3.272715 10.451953 -0.309598
v -2.969652 10.451953 -0.493102
v -2.729361 10.451953 -0.638597
v -2.493320 10.451953 -0.781519
v -2.207266 10.451953 -0.954723
v -1.757302 10.451953 -1.227174
v -0.649424 10.451953 -1.897990
v -3.272715 2.736886 -0.309598
v -7.385973 2.736886 -0.003771
v -7.132509 2.736886 -1.417516
v -3.369704 2.736886 -0.337438
v 0.393172 2.736886 -3.425963
v 0.393172 10.451953 -3.425963
v -4.007090 2.736886 -1.158975
v -7.132509 2.736886 1.409975
v -6.396928 2.736886 -2.692875
v -5.251235 2.736886 -3.705006
v -3.477256 2.736886 -1.547982
v -2.903089 2.736886 -1.895637
v -2.207266 2.736886 -2.316955
v -1.112731 2.736886 -2.979691
v 0.405621 2.736886 -3.899047
v 0.405621 10.451953 -3.899047
v -1.112731 10.451953 -2.979691
v -2.207266 10.451953 -2.316955
v -2.903089 10.451953 -1.895637
v -3.477256 10.451953 -1.547982
v -0.940493 2.736886 1.536530
v -6.396928 2.736886 2.685334
v -3.807576 2.736886 -4.354833
v -2.207266 2.736886 -4.578748
v -0.606957 2.736886 -4.354836
v -0.606957 10.451953 -4.354836
v -2.207266 10.451953 -4.578748
v -3.807576 10.451953 -4.354833
v -0.940493 10.451953 1.536530
v -0.606959 2.736886 4.347291
v -5.251235 2.736886 3.697464
v -0.606959 10.451953 4.347291
v -2.207266 2.736886 4.571207
v -3.807575 2.736886 4.347292
v -3.807575 10.451953 4.347292
v -2.207266 10.451953 4.571207
v -21.531574 7.488444 -11.297210
v -5.982391 7.488444 -11.297210
v -21.531574 10.516225 -11.297210
v -5.982391 10.516225 -11.297210
v -21.531574 10.516225 -11.808223
v -5.982391 10.516225 -11.808223
v -21.531574 7.488444 -11.808223
v -5.982391 7.488444 -11.808223
v -22.012531 13.188559 -10.576201
v -20.897305 13.459903 -10.576201
v -20.897305 14.723887 -10.576201
v -5.111333 14.723887 -10.576201
v -5.111333 13.459903 -10.576201
v -4.133407 13.188559 -10.576201
v -22.012531 14.872827 -10.576201
v -22.125267 13.188559 -11.919249
v -22.125267 14.872827 -11.919249
v -4.133407 13.188559 -11.919249
v -20.897305 13.459903 -11.919249
v -5.111333 13.459903 -11.919249
v -5.111333 14.723887 -11.919249
v -20.897305 14.723887 -11.919249
v -4.133407 14.872827 -11.919249
v -4.133407 14.872827 -10.576201
v -10.559897 7.468650 -10.901877
v -9.989332 7.468650 -10.901877
v -10.559897 10.521584 -10.901877
v -9.989332 10.521584 -10.901877
v -10.559897 10.521584 -12.189040
v -9.989332 10.521584 -12.189040
v -10.559897 7.468650 -12.189040
v -9.989332 7.468650 -12.189040
v 6.253504 2.538635 -2.367098
v 5.023850 2.538635 -4.499087
v 3.108618 2.538635 -6.191042
v 0.695285 2.538635 -7.277343
v -1.979915 2.538635 -7.651657
v -4.655115 2.538635 -7.277342
v -7.068446 2.538635 -6.191042
v -8.983677 2.538635 -4.499084
v -10.213331 2.538635 -2.367096
v -10.637041 2.538635 -0.003770
v -10.213331 2.538635 2.359557
v -8.983677 2.538635 4.491542
v -7.068445 2.538635 6.183500
v -4.655114 2.538635 7.269801
v -1.979915 2.538635 7.644116
v 0.695283 2.538635 7.269801
v 3.108614 2.602916 6.183497
v 5.023845 2.602916 4.491542
v 6.253499 2.602916 2.359556
v 6.677209 2.538635 -0.003770
v 6.253504 2.690045 -2.367098
v 5.023850 2.690045 -4.499087
v 3.108618 2.690045 -6.191042
v 0.695285 2.690045 -7.277343
v -1.979915 2.690045 -7.651657
v -4.655115 2.690045 -7.277342
v -7.068446 2.625764 -6.191042
v -8.983677 2.625764 -4.499084
v -10.213331 2.625764 -2.367096
v -10.637041 2.625764 -0.003770
v -10.213331 2.625764 2.359557
v -8.983677 2.625764 4.491542
v -7.068445 2.625764 6.183500
v -4.655114 2.690045 7.269801
v -1.979915 2.690045 7.644116
v 0.695283 2.690045 7.269801
v 3.108614 2.690045 6.183497
v 5.023845 2.690045 4.491542
v 6.253499 2.690045 2.359556
v 6.677209 2.690045 -0.003770
v -1.979915 2.538635 -0.003770
v -1.979915 2.690045 -0.003770
v -22.675110 10.872674 12.294728
v -4.673641 10.872674 12.294728
v -22.675110 13.205750 12.294728
v -4.673641 13.205750 12.294728
v -22.675110 13.205750 10.687876
v -4.673641 13.205750 10.687876
v -22.675110 10.872674 10.687876
v -4.673641 10.872674 10.687876
v -2.327446 13.234072 3.173954
v -3.943727 13.165507 3.173954
v -3.943727 14.871271 3.173954
v -2.327446 14.871271 3.173954
v -2.327446 13.234072 -3.023674
v -2.327446 13.345264 -2.602751
v -2.327446 14.760079 -2.602751
v -2.327446 14.760079 2.753031
v -2.327446 13.345264 2.753031
v -2.327446 14.871271 -3.023674
v -3.943727 13.165507 -3.023674
v -3.943727 13.276699 -2.602751
v -3.943727 13.276699 2.753031
v -3.943727 14.760079 2.753031
v -3.943727 14.760079 -2.602751
v -3.943727 14.871271 -3.023674
v -3.943727 13.510038 2.052050
v -3.943727 13.806695 1.255999
v -3.943727 13.975107 0.614049
v -3.943727 14.014739 -0.017521
v -3.943727 13.984450 -0.549511
v -3.943727 13.882524 -1.124743
v -3.943727 13.465951 -2.177314
v -2.327446 13.534513 -2.286089
v -2.327446 13.951085 -1.205208
v -2.327446 14.053015 -0.572750
v -2.327451 14.083303 0.020698
v -2.327446 14.043673 0.759384
v -2.327446 13.875258 1.375497
v -2.327446 13.578603 2.193861
v -2.327446 13.467410 2.190899
v -2.327446 13.764065 1.370605
v -2.327446 13.932479 0.765072
v -2.327446 13.972111 0.014905
v -2.327446 13.941819 -0.585875
v -2.327446 13.839891 -1.227769
v -2.327446 13.423320 -2.313737
v -2.327446 13.234072 -2.633682
v -3.943727 13.354755 -2.181262
v -3.943722 13.771328 -1.103897
v -3.943727 13.873258 -0.541438
v -3.943727 13.903546 -0.024692
v -3.943727 13.863914 0.624907
v -3.943727 13.695501 1.257455
v -3.943727 13.398846 2.094185
v -3.943727 13.165507 2.757561
v -3.943727 13.165507 -2.610953
v -22.496717 2.698116 -12.285497
v -22.496717 2.698116 -12.099015
v -22.496717 10.548191 -12.285497
v -22.496717 10.548191 -12.099015
v -21.549784 10.548191 -12.285497
v -21.549784 10.548191 -12.099015
v -21.549784 2.698116 -12.285497
v -21.549784 2.698116 -12.099015
v -3.368304 2.691863 -4.176908
v -2.902915 2.691863 -4.176908
v -2.902915 10.408401 -4.176908
v -3.368304 10.408401 -4.176908
v -3.368304 2.691863 -10.098345
v -3.368304 10.408401 -10.098345
v -3.368304 9.051201 -8.603706
v -3.368304 10.377192 -8.603706
v -3.368304 10.377192 -4.749568
v -3.368304 9.051201 -4.749568
v -2.902915 2.691863 -10.098345
v -2.902915 10.408401 -10.098345
v -2.902915 9.163962 -8.603706
v -2.902915 9.163962 -4.749568
v -2.902915 10.377192 -4.749568
v -2.902915 10.377192 -8.603706
v -3.434708 2.698116 -9.072062
v -2.707556 2.698116 -9.072062
v -3.434708 10.548191 -9.072062
v -2.707556 10.548191 -9.072062
v -3.434708 10.548191 -9.866335
v -2.707556 10.548191 -9.866335
v -3.434708 2.698116 -9.866335
v -2.707556 2.698116 -9.866335
v -16.913937 7.468650 12.244484
v -16.343375 7.468650 12.244484
v -16.913937 10.521583 12.244484
v -16.343375 10.521583 12.244484
v -16.913937 10.521583 10.957321
v -16.343375 10.521583 10.957321
v -16.913937 7.468650 10.957321
v -16.343375 7.468650 10.957321
v -24.017360 2.730049 11.146099
v -3.232502 2.730049 11.146099
v -24.017360 2.957421 11.146099
v -3.232502 2.957421 11.146099
v -24.017360 2.957421 -11.112870
v -3.232502 2.957421 -11.112870
v -24.017360 2.730049 -11.112870
v -3.232502 2.730049 -11.112870
v -2.714309 15.028017 10.033777
v -2.642465 14.695587 10.033777
v -2.714309 15.130994 -9.953631
v -2.642465 14.871752 -9.953631
v -2.714309 15.224085 10.033777
v -2.714309 15.224085 -9.953631
v -2.922803 15.541929 10.033777
v -2.922803 15.541929 -9.953631
v -3.247541 15.794172 10.033777
v -3.247541 15.794172 -9.953631
v -3.656735 15.956121 10.033777
v -3.656735 15.956121 -9.953631
v -4.110331 16.011925 10.033777
v -4.110331 16.011925 -9.953631
v -4.563928 15.956121 10.033777
v -4.563928 15.956121 -9.953631
v -4.697598 15.956121 -10.029928
v -4.697598 14.519419 -11.663917
v -4.697598 14.871752 -11.727386
v -4.697598 15.224085 -11.663917
v -4.697598 15.541929 -11.479732
v -4.697598 15.794172 -11.192849
v -4.697598 15.956121 -10.831360
v -4.697598 16.011925 -10.430644
v -22.135376 15.956121 -10.029928
v -22.135376 14.851852 -11.663917
v -22.135376 14.871752 -11.727386
v -22.135376 15.224085 -11.663917
v -22.135376 15.541929 -11.479732
v -22.135376 15.794172 -11.192849
v -22.135376 15.956121 -10.831360
v -22.135376 16.011925 -10.430644
v -22.246622 15.956121 -9.953631
v -24.057188 14.697822 -9.953631
v -24.127510 14.871752 -9.953631
v -24.057188 15.224085 -9.953631
v -23.853092 15.541929 -9.953631
v -23.535203 15.794172 -9.953631
v -23.134655 15.956121 -9.953631
v -22.690634 16.011925 -9.953631
v -22.246622 15.956121 10.033777
v -24.057188 14.646091 10.033777
v -24.127510 14.871752 10.033777
v -24.057188 15.224085 10.033777
v -23.853092 15.541929 10.033777
v -23.535203 15.794172 10.033777
v -23.134655 15.956121 10.033777
v -22.690634 16.011925 10.033777
v -4.697598 15.956121 10.086740
v -4.697598 14.519419 11.720730
v -4.697598 14.871752 11.784199
v -4.697598 15.224085 11.720730
v -4.697598 15.541929 11.536543
v -4.697598 15.794172 11.249663
v -4.697598 15.956121 10.888171
v -4.697598 16.011925 10.487455
v -22.135376 15.956121 10.086740
v -22.135376 14.646091 11.720730
v -22.135376 14.871752 11.784199
v -22.135376 15.224085 11.720730
v -22.135376 15.541929 11.536543
v -22.135376 15.794172 11.249663
v -22.135376 15.956121 10.888171
v -22.135376 16.011925 10.487455
v -24.055065 14.865427 10.193807
v -24.125361 14.871752 10.194872
v -24.055065 15.224085 10.193807
v -23.851032 15.541929 10.190720
v -23.533240 15.794172 10.185908
v -23.132816 15.956121 10.179844
v -22.688921 16.011925 10.173124
v -22.245033 15.956121 10.166401
v -24.039148 14.738754 10.392631
v -24.109104 14.871752 10.398567
v -24.039148 15.224085 10.392631
v -23.836132 15.541929 10.375409
v -23.519929 15.794172 10.348585
v -23.121504 15.956121 10.314781
v -22.679821 16.011925 10.277306
v -22.238155 15.956121 10.239836
v -23.992363 14.646091 10.622853
v -24.060740 14.871752 10.637113
v -23.992363 15.224085 10.622853
v -23.793958 15.541929 10.581477
v -23.484934 15.794172 10.517030
v -23.095524 15.956121 10.435819
v -22.663877 16.011925 10.345801
v -22.232221 15.956121 10.255777
v -23.898327 14.646091 10.867666
v -23.962768 14.871752 10.892498
v -23.898327 15.224085 10.867666
v -23.711334 15.541929 10.795598
v -23.420089 15.794172 10.683349
v -23.053091 15.956121 10.541905
v -22.646275 16.011925 10.385107
v -22.239458 15.956121 10.228317
v -23.747333 14.646091 11.106612
v -23.804754 14.871752 11.142727
v -23.747333 15.224085 11.106612
v -23.580692 15.541929 11.001817
v -23.321124 15.794172 10.838595
v -22.994074 15.956121 10.632918
v -22.631527 16.011925 10.404921
v -22.268980 15.956121 10.176931
v -23.541811 14.646091 11.317787
v -23.589329 14.871752 11.364152
v -23.541811 15.224085 11.317787
v -23.403918 15.541929 11.183237
v -23.189157 15.794172 10.973681
v -22.918524 15.956121 10.709618
v -22.618536 16.011925 10.416899
v -22.318541 15.956121 10.124184
v -23.296595 14.646091 11.484678
v -23.332460 14.871752 11.538959
v -23.296595 15.224085 11.484678
v -23.192495 15.541929 11.327154
v -23.030359 15.794172 11.081805
v -22.826067 15.956121 10.772640
v -22.599613 16.011925 10.429934
v -22.373142 15.956121 10.087227
v -23.032625 14.646091 11.601400
v -23.056713 14.871752 11.660822
v -23.032625 15.224085 11.601400
v -22.962696 15.541929 11.428942
v -22.853769 15.794172 11.160338
v -22.716534 15.956121 10.821870
v -22.564407 16.011925 10.446678
v -22.412273 15.956121 10.071488
v -22.769896 14.646091 11.672116
v -22.783564 14.871752 11.734267
v -22.769896 15.224085 11.672116
v -22.730265 15.541929 11.491753
v -22.668526 15.794172 11.210825
v -22.590736 15.956121 10.856834
v -22.504507 16.011925 10.464436
v -22.418278 15.956121 10.072033
v -22.524723 14.646091 11.707104
v -22.530380 14.871752 11.770323
v -22.524723 15.224085 11.707104
v -22.508299 15.541929 11.523630
v -22.482729 15.794172 11.237875
v -22.450522 15.956121 10.877798
v -22.414806 16.011925 10.478648
v -22.379083 15.956121 10.079496
v -22.311117 14.646091 11.719115
v -22.312126 14.871752 11.782569
v -22.311117 15.224085 11.719115
v -22.308182 15.541929 11.534967
v -22.303596 15.794172 11.248145
v -22.297842 15.956121 10.886735
v -22.291454 16.011925 10.486105
v -22.285057 15.956121 10.085476
v -22.313383 14.851852 -11.662209
v -22.314436 14.871752 -11.725662
v -22.313383 15.224085 -11.662209
v -22.310324 15.541929 -11.478067
v -22.305559 15.794172 -11.191255
v -22.299555 15.956121 -10.829844
v -22.292893 16.011925 -10.429223
v -22.286243 15.956121 -10.028603
v -22.530514 14.851852 -11.649510
v -22.536402 14.871752 -11.712704
v -22.530514 15.224085 -11.649510
v -22.513420 15.541929 -11.466098
v -22.486814 15.794172 -11.180436
v -22.453287 15.956121 -10.820475
v -22.416119 16.011925 -10.421456
v -22.378950 15.956121 -10.022432
v -22.779932 14.851852 -11.612496
v -22.794109 14.871752 -11.674543
v -22.779932 15.224085 -11.612496
v -22.738748 15.541929 -11.432435
v -22.674610 15.794172 -11.151983
v -22.593779 15.956121 -10.798598
v -22.504194 16.011925 -10.406862
v -22.414602 15.956121 -10.015125
v -23.046453 14.851852 -11.537888
v -23.071393 14.871752 -11.597015
v -23.046453 15.224085 -11.537888
v -22.974052 15.541929 -11.366304
v -22.861290 15.794172 -11.099045
v -22.719195 15.956121 -10.762284
v -22.561705 16.011925 -10.388974
v -22.404190 15.956121 -10.015671
v -23.312279 14.851852 -11.415690
v -23.349180 14.871752 -11.469391
v -23.312279 15.224085 -11.415690
v -23.205164 15.541929 -11.259862
v -23.038317 15.794172 -11.017141
v -22.828093 15.956121 -10.711304
v -22.595055 16.011925 -10.372272
v -22.362007 15.956121 -10.033247
v -23.556229 14.851852 -11.243180
v -23.604727 14.871752 -11.288706
v -23.556229 15.224085 -11.243180
v -23.415468 15.541929 -11.111075
v -23.196241 15.794172 -10.905318
v -22.919987 15.956121 -10.646049
v -22.613764 16.011925 -10.358638
v -22.307531 15.956121 -10.071236
v -23.757772 14.851852 -11.028157
v -23.815906 14.871752 -11.063345
v -23.757772 15.224085 -11.028157
v -23.589069 15.541929 -10.926031
v -23.326296 15.794172 -10.766964
v -22.995207 15.956121 -10.566536
v -22.628181 16.011925 -10.344355
v -22.261146 15.956121 -10.122173
v -23.904098 14.851852 -10.787930
v -23.968906 14.871752 -10.811990
v -23.904098 15.224085 -10.787930
v -23.716019 15.541929 -10.718090
v -23.423088 15.794172 -10.609310
v -23.053984 15.956121 -10.472246
v -22.644812 16.011925 -10.320303
v -22.235642 15.956121 -10.168368
v -23.994682 14.851852 -10.543542
v -24.063175 14.871752 -10.557323
v -23.994682 15.224085 -10.543542
v -23.795877 15.541929 -10.503561
v -23.486263 15.794172 -10.441288
v -23.096104 15.956121 -10.362825
v -22.663628 16.011925 -10.275841
v -22.231142 15.956121 -10.188857
v -24.039738 14.730844 -10.313977
v -24.109711 14.871752 -10.319705
v -24.039738 15.224085 -10.313977
v -23.836641 15.541929 -10.297345
v -23.520326 15.794172 -10.271453
v -23.121739 15.956121 -10.238815
v -22.679918 16.011925 -10.202638
v -22.238092 15.956121 -10.166462
v -24.055119 14.909248 -10.114994
v -24.125431 14.871752 -10.116020
v -24.055119 15.224085 -10.114994
v -23.851086 15.541929 -10.112006
v -23.533291 15.794172 -10.107369
v -23.132852 15.956121 -10.101517
v -22.688950 16.011925 -10.095027
v -22.245060 15.956121 -10.088543
v -2.716489 14.798560 -10.116565
v -2.644666 14.871752 -10.117621
v -2.716489 15.224085 -10.116565
v -2.924923 15.541929 -10.113506
v -3.249568 15.794172 -10.108739
v -3.658643 15.956121 -10.102732
v -4.112110 16.011925 -10.096076
v -4.565576 15.956121 -10.089420
v -2.502863 14.648600 -10.460009
v -2.661342 14.871752 -10.323797
v -2.732813 15.224085 -10.317920
v -2.940226 15.541929 -10.300861
v -3.263280 15.794172 -10.274289
v -3.670351 15.956121 -10.240800
v -4.121596 16.011925 -10.203687
v -4.572840 15.956121 -10.166566
v -2.550671 14.648600 -10.692418
v -2.710741 14.871752 -10.564456
v -2.780621 15.224085 -10.550330
v -2.983419 15.541929 -10.509334
v -3.299286 15.794172 -10.445489
v -3.697299 15.956121 -10.365032
v -4.138504 16.011925 -10.275841
v -4.579709 15.956121 -10.186656
v -2.646645 14.648600 -10.939309
v -2.810665 14.871752 -10.821844
v -2.876595 15.224085 -10.797220
v -3.067929 15.541929 -10.725769
v -3.365940 15.794172 -10.614466
v -3.741454 15.956121 -10.474223
v -4.157718 16.011925 -10.318768
v -4.573981 15.956121 -10.163306
v -2.800868 14.648600 -11.180585
v -2.971956 14.871752 -11.074353
v -3.030818 15.224085 -11.038496
v -3.201641 15.541929 -10.934430
v -3.467704 15.794172 -10.772346
v -3.802963 15.956121 -10.568105
v -4.174603 16.011925 -10.341703
v -4.546242 15.956121 -10.115299
v -3.011388 14.648600 -11.394508
v -3.192521 14.871752 -11.298554
v -3.241337 15.224085 -11.252419
v -3.383012 15.541929 -11.118537
v -3.603676 15.794172 -10.910015
v -3.881726 15.956121 -10.647261
v -4.189950 16.011925 -10.355986
v -4.498173 15.956121 -10.064719
v -3.263597 14.648600 -11.564313
v -3.456612 14.871752 -11.476342
v -3.493546 15.224085 -11.422225
v -3.600735 15.541929 -11.265159
v -3.767687 15.794172 -11.020520
v -3.978054 15.956121 -10.712265
v -4.211252 16.011925 -10.370555
v -4.444449 15.956121 -10.028845
v -3.536131 14.648600 -11.683557
v -3.741227 14.871752 -11.600812
v -3.766081 15.224085 -11.541474
v -3.838211 15.541929 -11.369251
v -3.950554 15.794172 -11.101011
v -4.092114 15.956121 -10.763003
v -4.249036 16.011925 -10.388323
v -4.405957 15.956121 -10.013643
v -3.808161 14.648600 -11.756040
v -4.024010 14.871752 -11.676075
v -4.038111 15.224085 -11.613951
v -4.079035 15.541929 -11.433666
v -4.142775 15.794172 -11.152868
v -4.223094 15.956121 -10.799041
v -4.312127 16.011925 -10.406825
v -4.401159 15.956121 -10.014603
v -4.062562 14.648600 -11.791973
v -4.286669 14.871752 -11.713103
v -4.292512 15.224085 -11.649884
v -4.309470 15.541929 -11.466436
v -4.335883 15.794172 -11.180699
v -4.369165 15.956121 -10.820657
v -4.406059 16.011925 -10.421544
v -4.442951 15.956121 -10.022430
v -4.514552 14.519419 -11.662253
v -4.513507 14.871752 -11.725704
v -4.514552 15.224085 -11.662253
v -4.517587 15.541929 -11.478102
v -4.522314 15.794172 -11.191288
v -4.528271 15.956121 -10.829877
v -4.534873 16.011925 -10.429249
v -4.541475 15.956121 -10.028620
v -4.565598 15.956121 10.167294
v -4.112142 16.011925 10.174184
v -3.658686 15.956121 10.181074
v -3.249618 15.794172 10.187289
v -2.924980 15.541929 10.192221
v -2.716550 15.224085 10.195392
v -2.644729 14.695587 10.196483
v -2.716550 14.695583 10.195392
v -4.572757 15.956121 10.239976
v -4.121679 16.011925 10.278388
v -3.670604 15.956121 10.316793
v -3.263682 15.794172 10.351445
v -2.940747 15.541929 10.378941
v -2.733412 15.224085 10.396597
v -2.661967 14.871752 10.402676
v -2.605752 14.688851 10.669389
v -4.578548 15.956121 10.253610
v -4.138213 16.011925 10.345837
v -3.697881 15.956121 10.438062
v -3.300649 15.794172 10.521257
v -2.985405 15.541929 10.587277
v -2.783008 15.224085 10.629673
v -2.713264 14.871752 10.644279
v -2.655347 14.688851 10.902466
v -4.569930 15.956121 10.223301
v -4.156129 16.011925 10.383608
v -3.742331 15.956121 10.543921
v -3.369035 15.794172 10.688535
v -3.072787 15.541929 10.803304
v -2.882585 15.224085 10.876991
v -2.817044 14.871752 10.902379
v -2.754924 14.688851 11.149782
v -4.538000 15.956121 10.170179
v -4.171032 16.011925 10.402356
v -3.804067 15.956121 10.634530
v -3.473022 15.794172 10.843980
v -3.210303 15.541929 11.010198
v -3.041628 15.224085 11.116923
v -2.983505 14.871752 11.153692
v -2.913968 14.688851 11.389715
v -4.486717 15.956121 10.117892
v -4.184939 16.011925 10.414392
v -3.883162 15.956121 10.710886
v -3.610923 15.794172 10.978356
v -3.394875 15.541929 11.190622
v -3.256164 15.224085 11.326910
v -3.208365 14.871752 11.373871
v -3.128504 14.688851 11.599702
v -4.432974 15.956121 10.083063
v -4.206522 16.011925 10.428362
v -3.980071 15.956121 10.773655
v -3.775785 15.794172 11.085152
v -3.613664 15.541929 11.332356
v -3.509577 15.224085 11.491074
v -3.473708 14.871752 11.545763
v -3.381916 14.688851 11.763866
v -4.397680 15.956121 10.069607
v -4.246241 16.011925 10.446116
v -4.094804 15.956121 10.822625
v -3.958189 15.794172 11.162280
v -3.849772 15.541929 11.431835
v -3.780164 15.224085 11.604893
v -3.756176 14.871752 11.664531
v -3.652504 14.688851 11.877692
v -4.397370 15.956121 10.071565
v -4.311767 16.011925 10.464429
v -4.226164 15.956121 10.857292
v -4.148939 15.794172 11.211701
v -4.087654 15.541929 11.492965
v -4.048307 15.224085 11.673544
v -4.034747 14.871752 11.735767
v -3.920646 14.688851 11.946335
v -4.442777 15.956121 10.079504
v -4.407372 16.011925 10.478747
v -4.371966 15.956121 10.877982
v -4.340026 15.794172 11.238144
v -4.314678 15.541929 11.523968
v -4.298405 15.224085 11.707478
v -4.292796 14.871752 11.770713
v -4.170744 14.688851 11.980274
v -4.542662 15.956121 10.085493
v -4.536334 16.011925 10.486132
v -4.530005 15.956121 10.886761
v -4.524296 15.794172 11.248181
v -4.519765 15.541929 11.535002
v -4.516856 15.224085 11.719153
v -4.515855 14.871752 11.782611
v -4.516856 14.519419 11.719153
v -17.236422 7.468650 -10.901877
v -16.665857 7.468650 -10.901877
v -17.236422 10.521584 -10.901877
v -16.665857 10.521584 -10.901877
v -17.236422 10.521584 -12.189040
v -16.665857 10.521584 -12.189040
v -17.236422 7.468650 -12.189040
v -16.665857 7.468650 -12.189040
v 1.817818 12.234828 -1.251312
v 1.283334 12.234828 -2.376736
v 0.450854 12.234828 -3.269877
v -0.598131 12.234828 -3.843309
v -1.760940 12.234828 -4.040901
v -2.923749 12.234828 -3.843309
v -2.923749 12.234828 3.835767
v -1.760940 12.234828 4.033359
v -0.598132 12.234828 3.835767
v 0.450853 12.234828 3.262335
v 1.283332 12.234828 2.369194
v 1.817816 12.234828 1.243771
v 2.001987 12.234828 -0.003771
v 1.488505 12.751097 -1.136515
v 1.003203 12.751097 -2.158378
v 0.247327 12.751097 -2.969333
v -0.705131 12.751097 -3.489999
v -1.760940 12.751097 -3.669407
v -2.816748 12.751097 -3.489998
v -2.816748 12.751097 3.482456
v -1.760940 12.751097 3.661866
v -0.705132 12.751097 3.482456
v 0.247326 12.751097 2.961791
v 1.003201 12.751097 2.150836
v 1.488502 12.751097 1.128973
v 1.655726 12.751097 -0.003771
v 1.079179 13.211519 -0.993826
v 0.655009 13.211519 -1.886967
v -0.005650 13.211519 -2.595767
v -0.838130 13.211519 -3.050846
v -1.760940 13.211519 -3.207655
v -2.683750 13.211519 -3.050845
v -3.381470 13.211519 -2.595767
v -3.313269 13.211519 2.588225
v -2.683750 13.211519 3.043304
v -1.760940 13.211519 3.200113
v -0.838130 13.211519 3.043304
v -0.005651 13.211519 2.588225
v 0.655008 13.211519 1.879425
v 1.079177 13.211519 0.986283
v 1.225336 13.211519 -0.003771
v 0.599920 13.604757 -0.826758
v 0.247327 13.604757 -1.569185
v -0.301848 13.604757 -2.158378
v -0.993850 13.604757 -2.536664
v -1.760940 13.604757 -2.667012
v -2.528030 13.604757 -2.536664
v -3.220031 13.604757 -2.158377
v -3.305948 13.754404 -1.569184
v -3.341453 13.708794 1.588601
v -3.220030 13.604757 2.150836
v -2.528029 13.604757 2.529122
v -1.760940 13.604757 2.659470
v -0.993851 13.604757 2.529122
v -0.301849 13.604757 2.150836
v 0.247326 13.604757 1.561643
v 0.599918 13.604757 0.819216
v 0.721413 13.604757 -0.003771
v 0.062529 13.921127 -0.639425
v -0.209805 13.921127 -1.212857
v -0.633974 13.921127 -1.667935
v -1.168459 13.921127 -1.960113
v -1.760940 13.921127 -2.060791
v -2.353420 13.921127 -1.960113
v -2.887905 13.921127 -1.667935
v -3.312074 13.921127 -1.212857
v -3.310243 14.001716 -0.639425
v -3.363220 14.022114 -0.003771
v -3.252549 14.021948 0.631883
v -3.312074 13.921127 1.205315
v -2.887905 13.921127 1.660394
v -2.353420 13.921127 1.952572
v -1.760940 13.921127 2.053249
v -1.168459 13.921127 1.952572
v -0.633975 13.921127 1.660393
v -0.209806 13.921127 1.205315
v 0.062528 13.921127 0.631883
v 0.156367 13.921127 -0.003771
v -0.519763 14.152841 -0.436441
v -0.705131 14.152841 -0.826758
v -0.993850 14.152841 -1.136515
v -1.357657 14.152841 -1.335391
v -1.760940 14.152841 -1.403919
v -2.164223 14.152841 -1.335391
v -2.712951 14.152841 -1.136515
v -2.816748 14.152841 -0.826757
v -3.002117 14.152841 -0.436441
v -3.065991 14.152841 -0.003771
v -3.002117 14.152841 0.428899
v -2.816748 14.152841 0.819216
v -2.528029 14.152841 1.128973
v -2.164223 14.152841 1.327850
v -1.760940 14.152841 1.396378
v -1.357657 14.152841 1.327850
v -0.993851 14.152841 1.128973
v -0.705132 14.152841 0.819216
v -0.519763 14.152841 0.428899
v -0.455890 14.152841 -0.003771
v -1.132615 14.294190 -0.222802
v -1.226455 14.294190 -0.420394
v -1.372614 14.294190 -0.577203
v -1.556785 14.294190 -0.677881
v -1.760940 14.294190 -0.712572
v -1.965095 14.294190 -0.677880
v -2.149266 14.294190 -0.577203
v -2.295424 14.294190 -0.420394
v -2.389264 14.294190 -0.222802
v -2.421599 14.294190 -0.003771
v -2.389264 14.294190 0.215261
v -2.295424 14.294190 0.412852
v -2.149266 14.294190 0.569661
v -1.965095 14.294190 0.670339
v -1.760940 14.294190 0.705030
v -1.556785 14.294190 0.670339
v -1.372614 14.294190 0.569661
v -1.226456 14.294190 0.412852
v -1.132616 14.294190 0.215261
v -1.100281 14.294190 -0.003771
v -1.760940 14.341697 -0.003771
v -3.002117 11.675423 -4.102078
v -1.760940 11.675423 -4.312985
v -0.519763 11.675423 -4.102078
v 0.599920 11.675423 -3.489999
v 1.488505 11.675423 -2.536664
v 2.059011 11.675423 -1.335391
v 2.255592 11.675423 -0.003771
v 2.059009 11.675423 1.327850
v 1.488502 11.675423 2.529122
v 0.599918 11.675423 3.482456
v -0.519763 11.675423 4.094535
v -1.760940 11.675423 4.305443
v -3.002117 11.675423 4.094535
v 2.688815 11.675423 -1.379048
v 2.118309 11.675423 -2.619704
v 1.229724 11.675423 -3.604294
v 0.110041 11.675423 -4.236440
v -1.131136 11.675423 -4.599345
v -2.372313 11.675423 -4.839125
v -2.372313 11.675423 4.440731
v -1.131136 11.675423 4.730028
v 0.110041 11.675423 4.423624
v 1.229722 11.675423 3.596752
v 2.118307 11.675423 2.612162
v 2.688812 11.675423 1.371506
v 2.885396 11.675423 -0.003771
v -2.687215 11.675423 4.267633
v -1.446038 11.675423 4.579361
v -0.204861 11.675423 4.259080
v 0.914820 11.675423 3.539605
v 1.803404 11.675423 2.570642
v 2.373911 11.675423 1.349678
v 2.570494 11.675423 -0.003771
v 2.373913 11.675423 -1.357220
v 1.803407 11.675423 -2.578184
v 0.914822 11.675423 -3.547147
v -0.204861 11.675423 -4.169259
v -1.446038 11.675423 -4.456165
v -2.687215 11.675423 -4.470600
v -3.817120 9.188656 8.391065
v -3.817120 10.334513 8.391065
v -3.351731 10.334513 8.672277
v -3.351731 9.188656 8.672277
v -3.817120 9.188656 4.536925
v -3.351731 9.188656 4.818137
v -3.351731 10.334513 4.818137
v -3.817120 10.334513 4.536925
v -3.817120 2.441122 9.660189
v -3.351731 2.441122 9.941403
v -3.351731 13.166653 9.941403
v -3.817120 13.166653 9.660189
v -3.817120 2.441122 3.738756
v -3.817120 9.139795 4.574024
v -3.817120 9.139795 4.536925
v -3.817120 10.349184 4.536925
v -3.817120 10.349184 8.391065
v -3.817120 9.139795 8.391065
v -3.817120 13.166653 3.738756
v -3.351731 2.441122 4.019968
v -3.351731 13.166653 4.019968
v -3.351731 9.139795 4.855236
v -3.351731 9.139795 8.672277
v -3.351731 10.349184 8.672277
v -3.351731 10.349184 4.818137
v -3.351731 9.139795 4.818137
v -1.302906 11.956055 -3.446669
v -2.893573 10.380624 -4.781610
v -2.456405 10.488130 -4.781610
v -2.041565 10.727885 -4.781610
v -1.689659 11.076421 -4.781610
v -1.435135 11.499619 -3.446669
v -2.893573 10.380624 -10.554203
v -2.456405 10.488130 -10.554203
v -2.041565 10.727885 -10.554203
v -1.689659 11.076421 -10.554203
v -1.435135 11.499619 -10.554203
v -1.302906 11.956055 -10.554203
v -6.031249 2.698116 12.082305
v -6.031249 2.698116 12.268787
v -6.031249 10.548191 12.082305
v -6.031249 10.548191 12.268787
v -5.084324 10.548191 12.082305
v -5.084324 10.548191 12.268787
v -5.084324 2.698116 12.082305
v -5.084324 2.698116 12.268787
v -24.071935 10.547449 -9.144842
v -24.524930 10.547449 -9.424345
v -24.802054 10.547449 -9.817185
v -24.876175 10.547449 -10.284923
v -24.740019 10.547449 -10.781759
v -24.406923 10.547449 -11.259057
v -23.909496 10.547449 -11.670114
v -23.296434 10.547449 -11.974676
v -22.627735 10.547448 -12.142931
v -21.968868 10.547448 -12.158420
v -21.384319 10.547449 -12.019623
v -24.071935 2.687489 -9.144842
v -24.524930 2.687489 -9.424345
v -24.802054 2.687489 -9.817185
v -24.876175 2.687489 -10.284923
v -24.740019 2.687489 -10.781759
v -24.406923 2.687489 -11.259057
v -23.909496 2.687489 -11.670114
v -23.296434 2.687489 -11.974676
v -22.627735 2.687489 -12.142931
v -21.968868 2.687489 -12.158420
v -21.384319 3.768235 -12.019623
v -20.931305 3.768235 -11.740118
v -22.728122 10.402369 -10.582233
v -22.728122 3.768235 -10.582233
v -2.891454 13.359072 -3.011948
v -3.645164 13.359072 -3.011948
v -2.891454 14.742118 -3.011948
v -3.645164 14.742118 -3.011948
v -2.891454 14.742118 -9.548251
v -3.645164 14.742118 -9.548251
v -2.891454 13.359072 -9.548251
v -3.645164 13.359072 -9.548251
v -5.959686 6.744840 -12.304192
v -5.959686 6.744840 -12.117710
v -21.523874 6.744840 -12.304192
v -21.523874 6.744840 -12.117710
v -21.523874 7.489328 -12.304192
v -21.523874 7.489328 -12.117710
v -5.959686 7.489328 -12.304192
v -5.959686 7.489328 -12.117710
v -24.047098 13.259432 2.708535
v -23.405735 13.259432 2.708535
v -24.047098 14.769339 2.708535
v -23.405735 14.769339 2.708535
v -24.047098 14.769339 -2.647248
v -23.405735 14.769339 -2.647248
v -24.047098 13.259432 -2.647248
v -23.405735 13.259432 -2.647248
v -22.496717 2.698116 12.082305
v -22.496717 2.698116 12.268787
v -22.496717 10.548191 12.082305
v -22.496717 10.548191 12.268787
v -21.549784 10.548191 12.082305
v -21.549784 10.548191 12.268787
v -21.549784 2.698116 12.082305
v -21.549784 2.698116 12.268787
v -3.787272 2.993088 -9.761255
v -3.458193 2.993088 -10.051969
v -3.787272 14.888065 -9.761255
v -3.458193 14.888065 -10.051969
v -5.094502 14.888065 -10.916090
v -4.765422 14.888065 -11.206804
v -5.094502 2.993088 -10.916090
v -4.765422 2.993088 -11.206804
v -23.261017 14.852829 11.807861
v -3.771557 14.852829 11.807861
v -23.261017 14.865107 11.807861
v -3.771557 14.865107 11.807861
v -23.261017 14.865107 -11.815400
v -3.771557 14.865107 -11.815400
v -23.261017 14.852829 -11.815400
v -3.771557 14.852829 -11.815400
v -24.071935 10.538144 9.220687
v -24.524930 10.538144 9.500191
v -24.802054 10.538144 9.893036
v -24.876175 10.538144 10.360768
v -24.740019 10.538144 10.857604
v -24.406923 10.538144 11.334904
v -23.909496 10.538144 11.745960
v -23.296434 10.538144 12.050522
v -22.627735 10.538144 12.218778
v -21.968868 10.538144 12.234266
v -21.384319 10.538144 12.095469
v -20.580070 3.768235 10.955387
v -24.071935 2.707277 9.220687
v -24.524930 2.707277 9.500191
v -24.802054 2.707277 9.893036
v -24.876175 2.707277 10.360768
v -24.740019 2.707277 10.857604
v -24.406923 2.707277 11.334904
v -23.909496 2.707277 11.745960
v -23.296434 2.707277 12.050522
v -22.627735 2.707277 12.218778
v -21.968868 2.707277 12.234266
v -21.384319 3.768235 12.095469
v -20.931305 3.768235 11.815964
v -20.654184 3.768235 11.423118
v -22.728122 10.402369 10.984066
v -22.728122 3.768235 10.658078
v -24.507767 13.158078 3.129458
v -23.228895 13.158078 3.129458
v -23.228895 14.881597 3.129458
v -24.507767 14.881597 3.129458
v -24.507767 13.158078 -3.068171
v -24.507767 13.275133 -2.647248
v -24.507767 14.764541 -2.647248
v -24.507767 14.764541 2.708535
v -24.507767 13.275133 2.708535
v -24.507767 14.881597 -3.068171
v -23.228895 13.158078 -3.068171
v -23.228895 13.275133 -2.647248
v -23.228895 13.275133 2.708535
v -23.228895 14.764541 2.708535
v -23.228895 14.764541 -2.647248
v -23.228895 14.881597 -3.068171
v -2.705845 7.373184 -4.936033
v -2.300339 7.373184 -4.936033
v -2.705845 8.203997 -4.936033
v -2.300339 8.203997 -4.936033
v -2.705845 8.203997 -8.611416
v -2.300339 8.203997 -8.611416
v -2.705845 7.373184 -8.611416
v -2.300339 7.373184 -8.611416
v -2.300339 8.555292 -5.557340
v -2.300339 8.555292 -5.598475
v -2.300339 8.555292 -7.942941
v -2.300339 6.852208 -7.968906
v -2.300339 6.852208 -5.510222
v -2.705845 8.555292 -5.529809
v -2.705845 8.555292 -7.932344
v -2.705845 6.852208 -7.958258
v -2.705845 6.852208 -5.612294
v -2.306050 13.164941 10.138785
v -3.910441 13.164941 10.138785
v -2.306050 13.164941 3.133513
v -2.306050 13.378943 3.300736
v -2.306050 14.732636 3.300736
v -2.306050 14.732636 9.629412
v -2.306050 13.378943 9.629412
v -2.306050 14.872684 3.133513
v -3.910441 13.164941 3.133513
v -3.910441 13.378943 3.300736
v -3.910441 13.378943 9.629412
v -3.910441 14.732636 9.629412
v -3.910441 14.732636 3.300736
v -3.910441 14.872684 3.133513
v -3.910441 14.872684 10.138785
v -2.306050 14.872684 10.138785
v -23.485657 2.909773 11.841585
v -23.227811 2.909773 11.841585
v -23.485657 13.214775 11.841585
v -23.227811 13.214775 11.841585
v -23.485657 13.214775 -11.808355
v -23.227811 13.214775 -11.808355
v -23.485657 2.909773 -11.808355
v -23.227811 2.909773 -11.808355
v 3.812675 2.683880 -1.666480
v 2.947556 2.683880 -3.166432
v 1.600102 2.683880 -4.356801
v -0.097789 2.683880 -5.121067
v -1.979915 2.683880 -5.384414
v -3.862041 2.683880 -5.121063
v -5.559932 2.683880 -4.356801
v -6.907385 2.683880 -3.166431
v -7.772503 2.683880 -1.666479
v -8.070603 2.683880 -0.003771
v -7.772503 2.683880 1.658939
v -6.907385 2.683880 3.158891
v -5.559932 2.683880 4.349259
v -3.862041 2.683880 5.113523
v -1.979916 2.683880 5.376869
v -0.097790 2.683880 5.113523
v 1.600100 2.683880 4.349259
v 2.947553 2.748161 3.158891
v 3.812671 2.748161 1.658939
v 4.110770 2.748161 -0.003771
v 3.812675 2.809460 -1.666480
v 2.947556 2.809460 -3.166432
v 1.600102 2.809460 -4.356801
v -0.097789 2.809460 -5.121067
v -1.979915 2.809460 -5.384414
v -3.862041 2.809460 -5.121063
v -5.559932 2.745180 -4.356801
v -6.907385 2.745180 -3.166431
v -7.772503 2.745180 -1.666479
v -8.070603 2.745180 -0.003771
v -7.772503 2.745180 1.658939
v -6.907385 2.745180 3.158891
v -5.559932 2.745180 4.349259
v -3.862041 2.809460 5.113523
v -1.979916 2.809460 5.376869
v -0.097790 2.809460 5.113523
v 1.600100 2.809460 4.349259
v 2.947553 2.809460 3.158891
v 3.812671 2.809460 1.658939
v 4.110770 2.809460 -0.003771
v -1.979915 2.683880 -0.003771
v -1.979915 2.809460 -0.003771
v -23.231760 13.180242 -2.957802
v -24.503672 13.180242 -2.957802
v -24.503672 14.874435 -2.957802
v -23.231760 14.874435 -2.957802
v -23.231760 13.180242 -9.963070
v -23.231760 13.392546 -9.795853
v -23.231760 14.735497 -9.795853
v -23.231760 14.735497 -3.467173
v -23.231760 13.392546 -3.467173
v -23.231760 14.874435 -9.963070
v -24.503672 13.180242 -9.963070
v -24.503672 13.392546 -9.795853
v -24.503672 13.392546 -3.467173
v -24.503672 14.735497 -3.467173
v -24.503672 14.735497 -9.795853
v -24.503672 14.874435 -9.963070
v -6.053950 6.744840 12.048711
v -6.053950 6.744840 12.235192
v -21.540924 6.744840 12.048711
v -21.540924 6.744840 12.235192
v -21.540924 7.489328 12.048711
v -21.540924 7.489328 12.235192
v -6.053950 7.489328 12.048711
v -6.053950 7.489328 12.235192
v -3.434708 2.698116 9.943757
v -2.707556 2.698116 9.943757
v -3.434708 10.548191 9.943757
v -2.707556 10.548191 9.943757
v -3.434708 10.548191 9.107223
v -2.707556 10.548191 9.107223
v -3.434708 2.698116 9.107223
v -2.707556 2.698116 9.107223
v -5.114847 2.861257 10.691194
v -4.785766 2.993088 10.981909
v -5.114847 15.019897 10.691194
v -4.785766 14.888065 10.981909
v -3.807618 15.019893 9.670277
v -3.478537 14.888065 9.827074
v -3.807618 2.861260 9.670277
v -3.478537 2.993088 9.827074
v 0.969933 10.483029 -1.449823
v 0.370067 10.483029 -2.754326
v -0.564247 10.483029 -3.789585
v -1.741550 10.483029 -4.454263
v -3.046601 10.483029 -4.828378
v -3.046601 10.483029 4.875688
v -1.741551 10.483029 4.533317
v -0.564248 10.483029 3.782042
v 0.370065 10.483029 2.746784
v 0.969930 10.483029 1.442281
v 1.176630 10.483029 -0.003771
v 0.920483 11.086657 -1.432020
v 0.328002 11.086657 -2.720462
v -0.594810 11.086657 -3.742976
v -1.757617 11.086657 -4.399469
v -3.046601 11.086657 -4.770767
v -3.046601 11.086657 4.950953
v -1.757618 11.086657 4.586654
v -0.594810 11.086657 3.735432
v 0.328000 11.086657 2.712920
v 0.920480 11.086657 1.424478
v 1.124635 11.086657 -0.003771
v 0.773350 11.675423 -1.379048
v 0.202843 11.675423 -2.619704
v -0.685742 11.675423 -3.604294
v -1.805424 11.675423 -4.236440
v -3.046601 11.675423 -4.599345
v 0.969930 11.675423 -0.003771
v 0.773347 11.675423 1.371506
v 0.202841 11.675423 2.612162
v -0.685743 11.675423 3.596752
v -1.805425 11.675423 4.423624
v -3.046601 11.675423 4.730028
v 0.669997 10.483029 2.094532
v 0.624240 11.086657 2.068699
v 0.488094 11.675423 1.991834
v 2.885398 10.483029 -1.449823
v 2.285532 10.483029 -2.754326
v 1.351219 10.483029 -3.789585
v 0.173915 10.483029 -4.454263
v -1.131136 10.483029 -4.828378
v -2.436186 10.483029 -5.056948
v -2.436186 10.483029 4.628226
v -1.131136 10.483029 4.875688
v 0.173914 10.483029 4.533317
v 1.351217 10.483029 3.782042
v 2.285530 10.483029 2.746784
v 2.885396 10.483029 1.442281
v 3.092095 10.483029 -0.003771
v 2.835948 11.086657 -1.432020
v 2.243468 11.086657 -2.720462
v 1.320656 11.086657 -3.742976
v 0.157849 11.086657 -4.399469
v -1.131136 11.086657 -4.770767
v -2.420119 11.086657 -5.002154
v -2.420119 11.086657 4.608968
v -1.131136 11.086657 4.950953
v 0.157847 11.086657 4.586654
v 1.320655 11.086657 3.735432
v 2.243465 11.086657 2.712920
v 2.835946 11.086657 1.424478
v 3.040100 11.086657 -0.003771
v 2.688815 11.675423 -1.379048
v 2.118309 11.675423 -2.619704
v 1.229724 11.675423 -3.604294
v 0.110041 11.675423 -4.236440
v -1.131136 11.675423 -4.599345
v -2.372313 11.675423 -4.839125
v 2.885396 11.675423 -0.003771
v 2.688812 11.675423 1.371506
v 2.118307 11.675423 2.612162
v 1.229722 11.675423 3.596752
v 0.110041 11.675423 4.423624
v -1.131136 11.675423 4.730028
v -2.372313 11.675423 4.440731
v 2.585463 10.483029 2.094532
v 2.539705 11.086657 2.068699
v 2.403560 11.675423 1.991834
v -2.432986 10.445063 -4.828378
v -3.738036 10.445063 -5.056948
v -2.432986 10.565222 -4.770767
v -3.721969 10.565222 -5.002154
v -3.393919 10.483029 -0.214361
v -2.088868 10.483029 0.023654
v -0.783818 10.483029 0.039526
v 0.393485 10.483029 -0.003772
v 1.327798 10.483029 -0.003772
v 1.777698 10.483029 0.322354
v 2.031013 10.483029 0.719255
v 2.031013 10.483029 0.719255
v 1.777698 10.483029 0.322354
v 1.327798 10.483029 -0.003772
v 0.393485 10.483029 -0.003772
v -0.783818 10.483029 0.039526
v -2.088868 10.483029 0.023654
v -3.393919 10.483029 -0.214361
v -22.487933 2.721630 12.244501
v -5.097109 2.721630 12.244501
v -5.097109 10.884941 12.244501
v -22.487933 10.884941 12.244501
v -21.531574 7.488444 12.244501
v -21.531574 10.516225 12.244501
v -5.982391 10.516225 12.244501
v -5.982391 7.488444 12.244501
v -22.487933 2.721630 10.686158
v -22.487933 10.851830 10.686158
v -5.097109 2.721630 10.686158
v -5.097109 10.851830 10.686158
v -21.531574 7.488444 10.686158
v -5.982391 7.488444 10.686158
v -5.982391 10.510531 10.686158
v -21.531574 10.510531 10.686158
v -3.345221 13.268537 2.763426
v -2.955392 13.308430 2.708535
v -2.703864 13.398650 2.763426
v -2.703864 14.769767 2.763426
v -3.345221 14.769767 2.763426
v -2.703864 13.604757 2.394421
v -2.703864 13.921127 1.722421
v -2.703864 13.994185 1.492840
v -2.703864 14.152841 0.864608
v -2.703864 14.164312 0.786236
v -2.703864 14.205353 0.349531
v -2.703864 14.216794 -0.003771
v -2.703864 14.205353 -0.357073
v -2.703864 14.164312 -0.793778
v -2.703864 14.152841 -0.872150
v -2.703864 13.994185 -1.500381
v -2.703864 13.921127 -1.729962
v -2.703864 13.604757 -2.401962
v -2.703864 13.443812 -2.647248
v -2.703864 14.769767 -2.647248
v -3.345221 14.769767 -2.647248
v -3.345221 13.308430 -2.647248
v -3.345221 13.281218 -2.502975
v -3.345221 13.474807 -2.197903
v -3.345221 13.885236 -1.144082
v -3.345221 13.988224 -0.580648
v -3.345221 14.020454 -0.003771
v -3.345221 13.988224 0.573106
v -3.345221 13.845343 1.136541
v -3.345221 13.474807 2.190362
v -3.345221 13.268537 2.495433
v -3.081302 13.308430 -2.647248
v -2.703864 13.308430 -2.647248
v -3.149457 13.604757 -2.158377
v -2.817331 13.921127 -1.667935
v -3.241500 13.921127 -1.212857
v -2.746174 14.152841 -0.826757
v -2.931542 14.152841 -0.436441
v -2.995416 14.152841 -0.003771
v -2.931542 14.152841 0.428899
v -2.746173 14.152841 0.819216
v -3.241499 13.921127 1.205315
v -2.817331 13.921127 1.660394
v -3.149456 13.604757 2.150836
v -2.955392 13.308430 2.708535
v -3.345221 13.266068 2.495433
v -2.703864 13.994185 -1.500381
v -2.703864 13.358757 2.708535
v -2.703864 13.604757 2.394421
v -2.703864 13.921127 1.722421
v -3.081302 13.308430 -2.647248
v -2.703864 13.994185 1.492840
v -3.345221 13.281489 -2.502975
v -2.703864 14.152841 0.864608
v -3.081302 13.308430 -2.647248
v -2.703864 14.164312 0.786236
v -2.703864 14.205353 0.349531
v -2.703864 14.216794 -0.003771
v -2.703864 13.443812 -2.647248
v -2.703864 14.205353 -0.357073
v -2.703864 13.443812 -2.647248
v -2.703864 14.164312 -0.793778
v -2.703864 13.921127 -1.729962
v -2.703864 14.152841 -0.872150
v -2.703864 13.604757 -2.401962
v -3.345221 13.475920 -2.197094
v -3.345221 13.888989 -1.144446
v -3.345221 13.986724 -0.579176
v -3.345221 14.020109 0.002412
v -3.345221 13.982776 0.574920
v -3.345221 13.844634 1.144474
v -3.345222 13.472577 2.199717
v -3.368304 2.691863 9.973853
v -2.902915 2.691863 9.973853
v -2.902915 10.408401 9.973853
v -3.368304 10.408401 9.973853
v -3.368304 2.691863 4.052421
v -3.368304 10.408401 4.052421
v -3.368304 9.139795 4.818137
v -3.368304 10.349184 4.818137
v -3.368304 10.349184 8.672277
v -3.368304 9.139795 8.672277
v -2.902915 2.691863 4.052421
v -2.902915 10.408401 4.052421
v -2.902915 9.139795 4.818137
v -2.902915 9.139795 8.672277
v -2.902915 10.349184 8.672277
v -2.902915 10.349184 4.818137
v -3.655744 13.347073 3.250842
v -2.902033 13.347073 3.250842
v -3.655744 14.759520 3.250842
v -2.902033 14.759520 3.250842
v -3.655744 14.759520 9.931643
v -2.902033 14.759520 9.931643
v -3.655744 13.347073 9.931643
v -2.902033 13.347073 9.931643
v -13.808729 13.460354 -10.636689
v -13.238167 13.460354 -10.636689
v -13.808729 14.728020 -10.636689
v -13.238167 14.728020 -10.636689
v -13.808729 14.728020 -11.923852
v -13.238167 14.728020 -11.923852
v -13.808729 13.460354 -11.923852
v -13.238167 13.460354 -11.923852
v -24.102690 2.693648 9.775201
v -23.778551 2.693648 9.775201
v -24.102690 10.856960 9.775201
v -23.778551 10.856960 9.775201
v -24.102690 10.856960 -9.741971
v -23.778551 10.856960 -9.741971
v -24.102690 2.693648 -9.741971
v -23.778551 2.693648 -9.741971
v -24.058937 14.843289 10.033777
v -24.130778 14.871751 10.033777
v -24.058937 14.843289 -9.953631
v -24.130778 14.871751 -9.953631
v -24.058937 15.224084 10.033777
v -24.058937 15.224084 -9.953631
v -23.850452 15.541928 10.033777
v -23.850452 15.541928 -9.953631
v -23.525707 15.794171 10.033777
v -23.525707 15.794171 -9.953631
v -23.116516 15.956121 10.033777
v -23.116516 15.956121 -9.953631
v -22.662914 16.011925 10.033777
v -22.662914 16.011925 -9.953631
v -22.209320 15.956121 10.033777
v -22.209320 15.956121 -9.953631
v -22.965256 15.397049 10.750842
v -3.810417 15.397049 10.750842
v -22.965256 15.397049 -10.688015
v -3.810417 15.397049 -10.688015
v -22.965256 15.712690 10.750842
v -22.957369 15.774253 10.743898
v -22.933994 15.833453 10.723332
v -22.896035 15.888011 10.689938
v -22.844973 15.935834 10.644991
v -22.782734 15.975078 10.590224
v -22.711742 16.004240 10.527743
v -22.634703 16.022200 10.459939
v -22.554584 16.028261 10.389440
v -4.221090 16.028261 10.389440
v -4.140970 16.022200 10.459939
v -4.063931 16.004240 10.527743
v -3.992932 15.975078 10.590224
v -3.930699 15.935834 10.644991
v -3.879628 15.888011 10.689938
v -3.841675 15.833453 10.723332
v -3.818307 15.774253 10.743898
v -3.810417 15.712690 10.750842
v -22.554584 16.028261 -10.326613
v -22.634703 16.022200 -10.397120
v -22.711742 16.004240 -10.464915
v -22.782734 15.975078 -10.527395
v -22.844973 15.935834 -10.582163
v -22.896035 15.888011 -10.627111
v -22.933994 15.833453 -10.660506
v -22.957369 15.774253 -10.681072
v -22.965256 15.712690 -10.688015
v -4.221090 16.028261 -10.326613
v -4.140970 16.022200 -10.397120
v -4.063931 16.004240 -10.464915
v -3.992932 15.975078 -10.527395
v -3.930699 15.935834 -10.582163
v -3.879628 15.888011 -10.627111
v -3.841675 15.833453 -10.660506
v -3.818307 15.774253 -10.681072
v -3.810417 15.712690 -10.688015
v -21.531574 7.488444 11.760963
v -5.982391 7.488444 11.760963
v -21.531574 10.516225 11.760963
v -5.982391 10.516225 11.760963
v -21.531574 10.516225 11.249956
v -5.982391 10.516225 11.249956
v -21.531574 7.488444 11.249956
v -5.982391 7.488444 11.249956
v -20.897305 13.458111 11.939237
v -5.111333 13.458111 11.939237
v -20.897305 14.735865 11.939237
v -5.111333 14.735865 11.939237
v -20.897305 14.735865 11.749712
v -5.111333 14.735865 11.749712
v -20.897305 13.458111 11.749712
v -5.111333 13.458111 11.749712
v -1.769567 11.930947 3.938657
v -1.769567 11.930947 10.618842
v -1.769567 12.251651 3.938657
v -1.769567 12.251651 10.618842
v -1.172675 12.251651 3.938657
v -1.172675 12.251651 10.618842
v -1.172675 11.930947 3.938657
v -1.172675 11.930947 10.618842
v -22.957985 11.910554 -13.156544
v -4.445933 11.910554 -13.156544
v -22.957985 12.231257 -13.156544
v -4.445933 12.231257 -13.156544
v -22.957985 12.231257 -13.683852
v -4.445933 12.231257 -13.683852
v -22.957985 11.910554 -13.683852
v -4.445933 11.910554 -13.683852
v -25.556866 11.910554 10.441505
v -25.556866 11.910554 -10.455199
v -25.556866 12.231257 10.441505
v -25.556866 12.231257 -10.455199
v -26.153770 12.231257 10.441505
v -26.153770 12.231257 -10.455199
v -26.153770 11.910554 10.441505
v -26.153770 11.910554 -10.455199
v -22.957985 11.910554 13.217543
v -4.445933 11.910554 13.217543
v -22.957985 12.231257 13.217543
v -4.445933 12.231257 13.217543
v -22.957985 12.231257 13.744851
v -4.445933 12.231257 13.744851
v -22.957985 11.910554 13.744851
v -4.445933 11.910554 13.744851
v -25.553144 11.910554 10.870343
v -26.149952 11.910554 10.876314
v -26.149952 12.231257 10.876314
v -25.553144 12.231257 10.870343
v -25.529323 11.910554 11.281020
v -26.124739 11.910554 11.314744
v -26.124739 12.231257 11.314744
v -25.529323 12.231257 11.281020
v -25.471706 11.910554 11.667548
v -26.060540 11.910554 11.750119
v -26.060540 12.231257 11.750119
v -25.471706 12.231257 11.667548
v -25.372699 11.910554 12.022458
v -25.943920 11.910554 12.171429
v -25.943920 12.231257 12.171429
v -25.372699 12.231257 12.022458
v -25.230211 11.910554 12.336313
v -25.765297 11.910554 12.565740
v -25.765297 12.231257 12.565740
v -25.230211 12.231257 12.336313
v -25.046224 11.910554 12.601518
v -25.519117 11.910554 12.919072
v -25.519117 12.231257 12.919072
v -25.046224 12.231257 12.601518
v -24.823055 11.910554 12.815787
v -25.204632 11.910554 13.217500
v -25.204632 12.231257 13.217500
v -24.823055 12.231257 12.815787
v -24.557863 11.910554 12.981789
v -24.827344 11.910554 13.449458
v -24.827344 12.231257 13.449458
v -24.557863 12.231257 12.981789
v -24.242165 11.910554 13.102382
v -24.398823 11.910554 13.609540
v -24.398823 12.231257 13.609540
v -24.242165 12.231257 13.102382
v -23.868652 11.910554 13.178056
v -23.933960 11.910554 13.701533
v -23.933960 12.231257 13.701533
v -23.868652 12.231257 13.178056
v -23.436943 11.910554 13.211910
v -23.448648 11.910554 13.739009
v -23.448648 12.231257 13.739009
v -23.436943 12.231257 13.211910
v -23.430761 11.910554 -13.151143
v -23.442127 11.910554 -13.678246
v -23.442127 12.231257 -13.678246
v -23.430761 12.231257 -13.151143
v -23.858473 11.910554 -13.118582
v -23.921888 11.910554 -13.642285
v -23.921888 12.231257 -13.642285
v -23.858473 12.231257 -13.118582
v -24.230792 11.910554 -13.045527
v -24.382896 11.910554 -13.553871
v -24.382896 12.231257 -13.553871
v -24.230792 12.231257 -13.045527
v -24.547478 11.910554 -12.928711
v -24.809708 11.910554 -13.399726
v -24.809708 12.231257 -13.399726
v -24.547478 12.231257 -12.928711
v -24.814365 11.910554 -12.767848
v -25.187635 11.910554 -13.175707
v -25.187635 12.231257 -13.175707
v -24.814365 12.231257 -12.767848
v -25.039034 11.910554 -12.560748
v -25.504806 11.910554 -12.886363
v -25.504806 12.231257 -12.886363
v -25.039034 12.231257 -12.560748
v -25.224367 11.910554 -12.304885
v -25.754834 11.910554 -12.542374
v -25.754834 12.231257 -12.542374
v -25.224367 12.231257 -12.304885
v -25.368466 11.910554 -12.001685
v -25.937401 11.910554 -12.157059
v -25.937401 12.231257 -12.157059
v -25.368466 12.231257 -12.001685
v -25.469244 11.910554 -11.657433
v -26.057299 11.910554 -11.744009
v -26.057299 12.231257 -11.744009
v -25.469244 12.231257 -11.657433
v -25.528360 11.910554 -11.280484
v -26.123608 11.910554 -11.315982
v -26.123608 12.231257 -11.315982
v -25.528360 12.231257 -11.280484
v -25.552984 11.910554 -10.877721
v -26.149787 11.910554 -10.884023
v -26.149787 12.231257 -10.884023
v -25.552984 12.231257 -10.877721
v -1.774082 12.251255 11.037211
v -1.177306 12.251642 11.044328
v -1.176967 11.930940 11.044206
v -1.773742 11.930553 11.037089
v -1.801450 12.250374 11.431967
v -1.206625 12.251109 11.471827
v -1.205921 11.930408 11.471195
v -1.800745 11.929673 11.431333
v -1.865820 12.248820 11.796548
v -1.279937 12.249775 11.893082
v -1.278797 11.929076 11.891755
v -1.864679 11.928123 11.795215
v -1.973676 12.246654 12.125233
v -1.410880 12.247602 12.296513
v -1.409228 11.926908 12.294563
v -1.972022 11.925961 12.123284
v -2.125872 12.244065 12.412054
v -1.607656 12.244743 12.669408
v -1.605491 11.924054 12.667094
v -2.123705 11.923377 12.409741
v -2.320403 12.241301 12.653590
v -1.873041 12.241494 12.998716
v -1.870518 11.920807 12.996392
v -2.317879 11.920614 12.651267
v -2.556305 12.238584 12.850048
v -2.204074 12.238230 13.272475
v -2.201520 11.917542 13.270456
v -2.553749 11.917895 12.848028
v -2.836356 12.236100 13.003310
v -2.592161 12.235342 13.482142
v -2.589980 11.914649 13.480606
v -2.834174 11.915408 13.001775
v -3.165388 12.234026 13.114136
v -3.024626 12.233145 13.625237
v -3.023138 11.912447 13.624196
v -3.163899 11.913329 13.113096
v -3.545780 12.232519 13.182631
v -3.487133 12.231798 13.706855
v -3.486428 11.911098 13.706222
v -3.545074 11.911819 13.181999
v -3.975691 12.231649 13.212715
v -3.965171 12.231263 13.739850
v -3.965038 11.910561 13.739547
v -3.975557 11.910948 13.212412
v -1.769567 11.930947 -10.551784
v -1.769567 11.930947 -3.871595
v -1.769567 12.251651 -10.551784
v -1.769567 12.251651 -3.871595
v -1.172675 12.251651 -10.551784
v -1.172675 12.251651 -3.871595
v -1.172675 11.930947 -10.551784
v -1.172675 11.930947 -3.871595
v -22.957985 11.910554 -13.156544
v -22.957985 12.231257 -13.156544
v -4.445933 12.231257 -13.156544
v -22.957985 12.231257 -13.683852
v -4.445933 12.231257 -13.683852
v -22.957985 11.910554 -13.683852
v -4.445933 11.910554 -13.683852
v -3.975207 12.231649 -13.151699
v -3.964657 12.231263 -13.678833
v -3.964524 11.910561 -13.678531
v -3.975073 11.910947 -13.151396
v -3.544991 12.232519 -13.121503
v -3.486178 12.231798 -13.645708
v -3.485474 11.911098 -13.645084
v -3.544286 11.911819 -13.120871
v -3.164515 12.234025 -13.052790
v -3.023362 12.233144 -13.563804
v -3.021875 11.912447 -13.562763
v -3.163028 11.913328 -13.051749
v -2.835575 12.236098 -12.941651
v -2.590758 12.235342 -13.420215
v -2.588579 11.914649 -13.418681
v -2.833396 11.915406 -12.940117
v -2.555679 12.238580 -12.787956
v -2.202714 12.238230 -13.209898
v -2.200162 11.917542 -13.207879
v -2.553127 11.917892 -12.785939
v -2.319905 12.241297 -12.590927
v -1.871889 12.241493 -12.935394
v -1.869370 11.920807 -12.933070
v -2.317384 11.920610 -12.588604
v -2.125469 12.244062 -12.348638
v -1.606810 12.244743 -12.605314
v -1.604649 11.924054 -12.603001
v -2.123305 11.923374 -12.346332
v -1.973374 12.246653 -12.060957
v -1.410356 12.247601 -12.231683
v -1.408706 11.926908 -12.229741
v -1.971722 11.925961 -12.059008
v -1.865637 12.248821 -11.731399
v -1.279676 12.249773 -11.827586
v -1.278537 11.929077 -11.826261
v -1.864498 11.928124 -11.730073
v -1.801375 12.250374 -11.366036
v -1.206535 12.251107 -11.405749
v -1.205831 11.930408 -11.405116
v -1.800672 11.929673 -11.365403
v -1.774070 12.251256 -10.970650
v -1.177293 12.251642 -10.977732
v -1.176953 11.930940 -10.977616
v -1.773730 11.930553 -10.970527
v -10.559894 7.468650 12.244484
v -9.989332 7.468650 12.244484
v -10.559894 10.521583 12.244484
v -9.989332 10.521583 12.244484
v -10.559894 10.521583 10.957321
v -9.989332 10.521583 10.957321
v -10.559894 7.468650 10.957321
v -9.989332 7.468650 10.957321
v -13.808729 13.460354 12.001395
v -13.238167 13.460354 12.001395
v -13.808729 14.728020 12.001395
v -13.238167 14.728020 12.001395
v -13.808729 14.728020 10.714232
v -13.238167 14.728020 10.714232
v -13.808729 13.460354 10.714232
v -13.238167 13.460354 10.714232
v -5.991949 2.698116 -12.285497
v -5.991949 2.698116 -12.099015
v -5.991949 10.548191 -12.285497
v -5.991949 10.548191 -12.099015
v -5.045023 10.548191 -12.285497
v -5.045023 10.548191 -12.099015
v -5.045023 2.698116 -12.285497
v -5.045023 2.698116 -12.099015
v 2.425703 2.775107 -1.194341
v 1.858929 2.775107 -2.268369
v 0.976156 2.775107 -3.120723
v -0.136202 2.775107 -3.667968
v -1.369261 2.775107 -3.856535
v -2.602321 2.775107 -3.667967
v -5.364240 2.766431 -4.118853
v -6.638038 2.766431 -2.993553
v -7.455867 2.766431 -1.575592
v -7.737671 2.766431 -0.003771
v -7.455867 2.766431 1.568051
v -6.638037 2.766431 2.986012
v -5.364240 2.766431 4.111312
v -2.602320 2.775107 3.660425
v -1.369262 2.775107 3.848991
v -0.136203 2.775107 3.660425
v 0.976155 2.775107 3.113180
v 1.858926 2.775107 2.260827
v 2.425701 2.775107 1.186799
v 2.620999 2.775107 -0.003771
v 2.425702 2.853428 -1.194341
v 1.858929 2.815704 -2.268369
v 0.976156 2.853428 -3.120723
v -0.136202 2.853428 -3.667968
v -1.369261 2.853428 -4.008906
v -2.602321 2.964815 -4.013989
v -5.364240 2.935766 -4.118853
v -6.638038 2.824380 -2.993553
v -7.455867 2.824380 -1.575592
v -7.737671 2.824380 -0.003771
v -7.455867 2.824380 1.568051
v -6.638037 2.824380 2.986012
v -5.364240 2.824380 4.111312
v -2.602320 2.973832 4.067314
v -1.369262 2.853428 4.036538
v -0.136203 2.853428 3.660425
v 0.976155 2.853428 3.113180
v 1.858926 2.815704 2.260827
v 2.425701 2.853428 1.186799
v 2.620999 2.853428 -0.003771
v -1.979915 2.766431 -0.003771
v -4.276355 2.951073 -0.003771
v -21.984436 2.760038 -10.935141
v -22.313509 2.993088 -11.225861
v -21.984436 15.059932 -10.935141
v -22.313509 14.888065 -11.225861
v -23.291660 15.059932 -9.838419
v -23.620733 14.888065 -10.071026
v -23.291660 2.760038 -9.838419
v -23.620733 2.993088 -10.071026
v -22.487933 2.688337 -10.895010
v -5.097109 2.688337 -10.895010
v -5.097109 10.851648 -10.895010
v -22.487933 10.851648 -10.895010
v -21.531574 7.488444 -10.895010
v -21.531574 10.516225 -10.895010
v -5.982391 10.516225 -10.895010
v -5.982391 7.488444 -10.895010
v -22.487933 2.688337 -12.181691
v -22.487933 10.851648 -12.181691
v -5.097109 2.688337 -12.181691
v -5.097109 10.851648 -12.181691
v -21.531574 7.488444 -12.181691
v -5.982390 7.488444 -12.181691
v -5.982390 10.516225 -12.181691
v -21.531574 10.516225 -12.181691
v -23.390987 13.378979 -3.467173
v -24.087193 13.378979 -3.467173
v -23.390987 14.759531 -3.467173
v -24.087193 14.759531 -3.467173
v -23.390987 14.759531 -9.795853
v -24.087193 14.759531 -9.795853
v -23.390987 13.378979 -9.795853
v -24.087193 13.378979 -9.795853
v -3.933023 8.925320 -4.314486
v -2.388908 8.925320 -4.314486
v -2.388908 10.502958 -4.314486
v -3.933023 10.502958 -4.314486
v -3.933023 8.925320 -9.057847
v -3.933023 9.185051 -8.605098
v -3.933023 10.330906 -8.605098
v -3.933023 10.330906 -4.750959
v -3.933023 9.185051 -4.750959
v -3.933023 10.502958 -9.057847
v -2.388908 8.925320 -9.057847
v -2.388908 9.185051 -8.605098
v -2.388908 9.185051 -4.750959
v -2.388908 10.330906 -4.750959
v -2.388908 10.330906 -8.605098
v -2.388908 10.502958 -9.057847
v -22.008606 6.725752 -10.862978
v -21.529032 6.725752 -10.862978
v -22.008606 10.562619 -10.862978
v -21.529032 10.562619 -10.862978
v -22.008606 10.562619 -10.933234
v -21.529032 10.562619 -10.933234
v -22.008606 6.725752 -10.933234
v -21.529032 6.725752 -10.933234
v -3.817120 2.441122 -4.171569
v -3.351731 2.441122 -4.171569
v -3.351731 13.166653 -4.171569
v -3.817120 13.166653 -4.171569
v -3.817120 2.441122 -10.092999
v -3.817120 13.166653 -10.092999
v -3.817120 9.178802 -8.603706
v -3.817120 10.377192 -8.603706
v -3.817120 10.377192 -4.749568
v -3.817120 9.178802 -4.749568
v -3.351731 2.441122 -10.092999
v -3.351731 13.166653 -10.092999
v -3.351731 9.157176 -8.603706
v -3.351731 9.157176 -4.749568
v -3.351731 10.377192 -4.749568
v -3.351731 10.377192 -8.603706
v 5.789995 2.692112 -2.234051
v 4.629566 2.692112 -4.246017
v 2.822153 2.692112 -5.842723
v 0.544682 2.692112 -6.867869
v -1.979915 2.692112 -7.221110
v -4.504511 2.692112 -6.867868
v -6.781982 2.627831 -5.842722
v -8.589394 2.627831 -4.246017
v -9.749821 2.627831 -2.234050
v -10.149677 2.627831 -0.003771
v -9.749821 2.627831 2.226510
v -8.589394 2.627831 4.238476
v -6.781981 2.627831 5.835181
v -4.504511 2.692112 6.860326
v -1.979915 2.692112 7.213568
v 0.544680 2.692112 6.860326
v 2.822150 2.692112 5.835178
v 4.629561 2.692112 4.238475
v 5.789990 2.692112 2.226510
v 6.189846 2.692112 -0.003771
v 4.737889 2.774336 -1.759757
v 3.824238 2.774336 -3.343855
v 2.401193 2.774336 -4.601003
v 0.608052 2.774336 -5.408140
v -1.379660 2.774336 -5.924646
v -3.367372 2.774336 -5.646527
v -6.781982 2.710055 -5.842722
v -8.589394 2.710055 -4.246017
v -9.749821 2.710055 -2.234050
v -10.149677 2.710055 -0.003771
v -9.749821 2.710055 2.226510
v -8.589394 2.710055 4.238476
v -6.781981 2.710055 5.835181
v -3.367372 2.774336 5.660461
v -1.379660 2.774336 5.938583
v 0.608050 2.774336 5.400598
v 2.401191 2.774336 4.593458
v 3.824234 2.774336 3.336312
v 4.737885 2.774336 1.752216
v 5.052708 2.774336 -0.003771
v -1.979915 2.627831 -0.003771
v -1.379660 2.774336 -0.003771
v -3.853863 9.139795 8.672277
v -2.486426 9.139795 8.672277
v -3.853863 10.349184 8.672277
v -2.486426 10.349184 8.672277
v -3.853863 10.349184 4.818137
v -2.486426 10.349184 4.818137
v -3.853863 9.139795 4.818137
v -2.486426 9.139795 4.818137
v -5.898380 6.744840 10.655505
v -5.898380 6.744840 10.841987
v -21.557894 6.744840 10.655505
v -21.557894 6.744840 10.841987
v -21.557894 7.489328 10.655505
v -21.557894 7.489328 10.841987
v -5.898380 7.489328 10.655505
v -5.898380 7.489328 10.841987
v -5.007828 10.513563 10.637460
v -5.007828 10.519257 10.912831
v -22.475725 10.513563 10.637460
v -22.475725 10.519257 10.912831
v -22.475725 10.854454 10.637460
v -22.475725 10.854454 10.912831
v -5.007828 10.854454 10.637460
v -5.007828 10.854454 10.912831
v -22.008606 6.735015 10.720907
v -21.529032 6.735015 10.720907
v -22.008606 10.492297 10.720907
v -21.529032 10.492297 10.720907
v -22.008606 10.520481 10.650657
v -21.529032 10.520481 10.650657
v -22.008606 6.735015 10.650657
v -21.529032 6.735015 10.650657
v 0.195759 10.362726 -3.369169
v 0.567420 10.362726 -3.267751
v 1.737239 10.362726 -2.364738
v 2.359062 10.362726 -1.265496
v 2.589991 10.192420 0.007050
v 2.401670 10.362726 1.250594
v 1.731492 10.362726 2.337405
v 0.675030 10.362726 3.235695
v -0.182797 10.362726 3.650189
v 0.730032 2.854231 -3.298863
v -0.555212 2.816506 -3.877384
v -1.979915 2.854231 -4.076726
v -3.404619 2.854231 -3.877383
v -1.979915 2.854231 4.069185
v -1.979915 10.447300 4.069185
v -0.555213 2.816506 3.869840
v 0.730031 2.772332 3.291320
v 1.750005 2.772332 2.390253
v 2.404870 2.854231 1.254842
v 2.630520 2.816506 -0.003771
v -0.555213 10.447300 3.869840
v 0.209554 2.736886 3.979759
v 0.209554 10.451953 3.979759
v 0.082619 10.451953 3.552368
v 0.082619 2.736886 3.552368
vt 0.375000 0.000000
vt 0.625000 0.000000
vt 0.375000 0.250000
vt 0.625000 0.250000
vt 0.375000 0.500000
vt 0.625000 0.500000
vt 0.375000 0.750000
vt 0.625000 0.750000
vt 0.375000 1.000000
vt 0.625000 1.000000
vt 0.875000 0.000000
vt 0.875000 0.250000
vt 0.125000 0.000000
vt 0.125000 0.250000
vt 0.001193 0.002791
vt 0.001193 0.002791
vt 0.001193 0.922759
vt 0.001193 0.922759
vt 0.375000 0.000000
vt 0.625000 0.000000
vt 0.625000 0.250000
vt 0.375000 0.250000
vt 0.625000 0.500000
vt 0.375000 0.500000
vt 0.625000 0.750000
vt 0.375000 0.750000
vt 0.625000 1.000000
vt 0.375000 1.000000
vt 0.875000 0.000000
vt 0.875000 0.250000
vt 0.125000 0.000000
vt 0.125000 0.250000
vt 0.375000 0.000000
vt 0.625000 0.000000
vt 0.625000 0.250000
vt 0.375000 0.250000
vt 0.625000 0.500000
vt 0.375000 0.500000
vt 0.625000 0.750000
vt 0.375000 0.750000
vt 0.625000 1.000000
vt 0.375000 1.000000
vt -0.000001 0.004623
vt -0.000001 0.184943
vt 0.000000 0.184943
vt 0.000000 0.004623
vt 0.125000 0.000000
vt 0.125000 0.250000
vt 0.375000 0.000000
vt 0.625000 0.000000
vt 0.625000 0.250000
vt 0.375000 0.250000
vt 0.375000 1.000000
vt 0.375000 0.750000
vt 0.625000 0.750000
vt 0.625000 1.000000
vt 0.625000 0.500000
vt 0.375000 0.500000
vt 0.414003 0.250000
vt 0.511960 0.250000
vt 0.511960 0.000000
vt 0.414003 0.000000
vt 0.414003 0.750000
vt 0.414003 1.000000
vt 0.511960 1.000000
vt 0.511960 0.750000
vt 0.414003 0.500000
vt 0.511960 0.500000
vt 0.125000 0.250000
vt 0.125000 0.000000
vt 0.148862 0.041158
vt 0.148862 0.222736
vt 0.351996 0.222736
vt 0.351996 0.041158
vt 0.875000 0.000000
vt 0.875000 0.250000
vt 0.851138 0.041158
vt 0.648004 0.041158
vt 0.648004 0.222736
vt 0.851138 0.222736
vt 0.375000 0.000000
vt 0.625000 0.000000
vt 0.625000 0.250000
vt 0.375000 0.250000
vt 0.625000 0.500000
vt 0.375000 0.500000
vt 0.625000 0.750000
vt 0.375000 0.750000
vt 0.625000 1.000000
vt 0.375000 1.000000
vt 0.875000 0.000000
vt 0.875000 0.250000
vt 0.125000 0.000000
vt 0.125000 0.250000
vt 0.375000 0.000000
vt 0.625000 0.000000
vt 0.625000 0.250000
vt 0.375000 0.250000
vt 0.625000 0.500000
vt 0.375000 0.500000
vt 0.625000 0.750000
vt 0.375000 0.750000
vt 0.625000 1.000000
vt 0.375000 1.000000
vt 0.013216 0.918813
vt 0.013216 1.000000
vt 0.013217 1.000000
vt 0.013217 0.918813
vt 0.125000 0.000000
vt 0.125000 0.250000
vt 0.387500 0.687500
vt 0.375000 0.687500
vt 0.375000 0.312500
vt 0.387500 0.312500
vt 0.625000 0.687500
vt 0.612500 0.687500
vt 0.612500 0.312500
vt 0.625000 0.312500
vt 0.648603 0.107966
vt 0.552768 0.139105
vt 0.544887 0.123638
vt 0.626409 0.064408
vt 0.400000 0.312500
vt 0.400000 0.687500
vt 0.626409 0.935591
vt 0.544887 0.876362
vt 0.552768 0.860895
vt 0.648603 0.892034
vt 0.600000 0.687500
vt 0.600000 0.312500
vt 0.656250 0.156250
vt 0.555483 0.156250
vt 0.552768 0.139105
vt 0.552768 0.860895
vt 0.555483 0.843750
vt 0.656250 0.843750
vt 0.544887 0.123638
vt 0.532612 0.111363
vt 0.591842 0.029841
vt 0.412500 0.312500
vt 0.412500 0.687500
vt 0.591841 0.970159
vt 0.532612 0.888637
vt 0.544887 0.876362
vt 0.587500 0.687500
vt 0.587500 0.312500
vt 0.648603 0.204534
vt 0.552768 0.173395
vt 0.555483 0.156250
vt 0.555483 0.843750
vt 0.552768 0.826605
vt 0.648603 0.795466
vt 0.532612 0.111363
vt 0.517145 0.103482
vt 0.548284 0.007647
vt 0.425000 0.312500
vt 0.425000 0.687500
vt 0.548284 0.992353
vt 0.517145 0.896518
vt 0.532612 0.888637
vt 0.575000 0.687500
vt 0.575000 0.312500
vt 0.626409 0.248091
vt 0.544887 0.188862
vt 0.552768 0.173395
vt 0.552768 0.826605
vt 0.544887 0.811138
vt 0.626409 0.751908
vt 0.562500 0.687500
vt 0.562500 0.312500
vt 0.591841 0.282659
vt 0.532612 0.201137
vt 0.544887 0.188862
vt 0.544887 0.811138
vt 0.532612 0.798863
vt 0.591842 0.717341
vt 0.550000 0.687500
vt 0.550000 0.312500
vt 0.548284 0.304853
vt 0.517145 0.209018
vt 0.532612 0.201137
vt 0.532612 0.798863
vt 0.517145 0.790982
vt 0.548284 0.695147
vt 0.387500 0.473201
vt 0.375000 0.473201
vt 0.375000 0.505525
vt 0.387500 0.505525
vt 0.387500 0.473201
vt 0.387500 0.505525
vt 0.400000 0.505525
vt 0.400000 0.473201
vt 0.625000 0.473201
vt 0.612500 0.473201
vt 0.612500 0.505525
vt 0.625000 0.505525
vt 0.612500 0.473201
vt 0.600000 0.473201
vt 0.600000 0.505525
vt 0.612500 0.505525
vt 0.412500 0.473201
vt 0.412500 0.505525
vt 0.425000 0.505525
vt 0.425000 0.473201
vt 0.600000 0.473201
vt 0.587500 0.473201
vt 0.587500 0.505525
vt 0.600000 0.505525
vt 0.587500 0.473201
vt 0.575000 0.473201
vt 0.575000 0.505525
vt 0.587500 0.505525
vt 0.550000 0.473201
vt 0.550000 0.505525
vt 0.562500 0.505525
vt 0.562500 0.473201
vt 0.517145 0.103482
vt 0.500000 0.100767
vt 0.500000 -0.000000
vt 0.500000 1.000000
vt 0.500000 0.899233
vt 0.517145 0.896518
vt 0.500000 0.312500
vt 0.500000 0.211733
vt 0.517145 0.209018
vt 0.517145 0.790982
vt 0.500000 0.788267
vt 0.500000 0.687500
vt 0.400000 0.473201
vt 0.400000 0.505525
vt 0.412500 0.505525
vt 0.412500 0.473201
vt 0.575000 0.473201
vt 0.562500 0.473201
vt 0.562500 0.505525
vt 0.575000 0.505525
vt 0.351397 0.892034
vt 0.343750 0.843750
vt 0.500000 0.843750
vt 0.375000 0.000000
vt 0.625000 0.000000
vt 0.625000 0.250000
vt 0.375000 0.250000
vt 0.388780 0.040276
vt 0.388780 0.227893
vt 0.611220 0.227893
vt 0.611220 0.040276
vt 0.375000 0.750000
vt 0.375000 0.500000
vt 0.625000 0.500000
vt 0.625000 0.750000
vt 0.388780 0.709724
vt 0.611220 0.709724
vt 0.611220 0.522107
vt 0.388780 0.522107
vt 0.125000 0.250000
vt 0.125000 0.000000
vt 0.375000 1.000000
vt 0.625000 1.000000
vt 0.375000 0.271853
vt 0.375000 0.421000
vt 0.625000 0.421000
vt 0.625000 0.271853
vt 0.646853 0.250000
vt 0.796000 0.250000
vt 0.796000 0.000000
vt 0.646853 0.000000
vt 0.353147 0.000000
vt 0.204000 0.000000
vt 0.204000 0.250000
vt 0.353147 0.250000
vt 0.375000 0.978147
vt 0.625000 0.978147
vt 0.625000 0.829000
vt 0.375000 0.829000
vt 0.375000 0.312500
vt 0.387500 0.312500
vt 0.387500 0.687500
vt 0.375000 0.687500
vt 0.400000 0.312500
vt 0.400000 0.687500
vt 0.412500 0.312500
vt 0.412500 0.687500
vt 0.425000 0.312500
vt 0.425000 0.687500
vt 0.437500 0.312500
vt 0.437500 0.687500
vt 0.450000 0.312500
vt 0.450000 0.687500
vt 0.462500 0.312500
vt 0.462500 0.687500
vt 0.475000 0.312500
vt 0.475000 0.687500
vt 0.487500 0.312500
vt 0.487500 0.687500
vt 0.575000 0.312500
vt 0.587500 0.312500
vt 0.587500 0.687500
vt 0.575000 0.687500
vt 0.600000 0.312500
vt 0.600000 0.687500
vt 0.612500 0.312500
vt 0.612500 0.687500
vt 0.625000 0.312500
vt 0.625000 0.687500
vt 0.626409 0.064408
vt 0.648603 0.107966
vt 0.500000 0.156250
vt 0.591842 0.029841
vt 0.548284 0.007647
vt 0.500000 -0.000000
vt 0.451716 0.007647
vt 0.408159 0.029841
vt 0.373591 0.064409
vt 0.351397 0.107966
vt 0.343750 0.156250
vt 0.351397 0.204534
vt 0.648603 0.204534
vt 0.626409 0.248091
vt 0.656250 0.156250
vt 0.648603 0.892034
vt 0.626409 0.935591
vt 0.500000 0.843750
vt 0.591841 0.970159
vt 0.548284 0.992353
vt 0.500000 1.000000
vt 0.451716 0.992353
vt 0.408159 0.970159
vt 0.373591 0.935591
vt 0.351397 0.892034
vt 0.343750 0.843750
vt 0.351397 0.795466
vt 0.591842 0.717341
vt 0.626409 0.751908
vt 0.648603 0.795466
vt 0.656250 0.843750
vt 0.626409 0.064408
vt 0.648603 0.107966
vt 0.492458 0.112518
vt 0.591842 0.029841
vt 0.537467 -0.037109
vt 0.489027 -0.043694
vt 0.440923 -0.034988
vt 0.408159 0.029841
vt 0.373591 0.064409
vt 0.351397 0.107966
vt 0.343750 0.156250
vt 0.351397 0.204534
vt 0.373591 0.248091
vt 0.408159 0.282659
vt 0.447450 0.262146
vt 0.495890 0.268731
vt 0.543994 0.260025
vt 0.591841 0.282659
vt 0.626409 0.248091
vt 0.648603 0.204534
vt 0.656250 0.156250
vt 0.500000 0.843750
vt 0.500000 1.000000
vt 0.451716 0.992353
vt 0.451716 0.695147
vt 0.500000 0.687500
vt 0.548284 0.695147
vt 0.375000 0.000000
vt 0.625000 0.000000
vt 0.625000 0.250000
vt 0.375000 0.250000
vt 0.625000 0.500000
vt 0.375000 0.500000
vt 0.375000 0.750000
vt 0.625000 0.750000
vt 0.625000 1.000000
vt 0.375000 1.000000
vt 0.125000 0.000000
vt 0.125000 0.250000
vt 0.375000 0.000000
vt 0.625000 0.000000
vt 0.625000 0.250000
vt 0.375000 0.250000
vt 0.625000 0.500000
vt 0.375000 0.500000
vt 0.375000 0.750000
vt 0.625000 0.750000
vt 0.625000 1.000000
vt 0.375000 1.000000
vt 0.875000 0.000000
vt 0.875000 0.250000
vt 0.395833 0.750000
vt 0.604167 0.750000
vt 0.187500 0.250000
vt 0.187500 0.000000
vt 0.604167 0.500000
vt 0.395833 0.500000
vt 0.583333 0.500000
vt 0.416667 0.500000
vt 0.250000 0.250000
vt 0.250000 0.000000
vt 0.416667 0.750000
vt 0.583333 0.750000
vt 0.562500 0.500000
vt 0.437500 0.500000
vt 0.312500 0.250000
vt 0.312500 0.000000
vt 0.437500 0.750000
vt 0.562500 0.750000
vt 0.541667 0.500000
vt 0.458333 0.500000
vt 0.375000 0.250000
vt 0.375000 0.000000
vt 0.458333 0.750000
vt 0.541667 0.750000
vt 0.520833 0.500000
vt 0.479167 0.500000
vt 0.437500 0.250000
vt 0.437500 0.000000
vt 0.479167 0.750000
vt 0.520833 0.750000
vt 0.500000 0.500000
vt 0.500000 0.500000
vt 0.500000 0.250000
vt 0.500000 0.000000
vt 0.500000 0.750000
vt 0.500000 0.750000
vt 0.479167 0.500000
vt 0.520833 0.500000
vt 0.562500 0.250000
vt 0.562500 0.000000
vt 0.520833 0.750000
vt 0.479167 0.750000
vt 0.458333 0.500000
vt 0.541667 0.500000
vt 0.625000 0.250000
vt 0.625000 0.000000
vt 0.541667 0.750000
vt 0.458333 0.750000
vt 0.437500 0.500000
vt 0.562500 0.500000
vt 0.687500 0.250000
vt 0.687500 0.000000
vt 0.562500 0.750000
vt 0.437500 0.750000
vt 0.416667 0.500000
vt 0.583333 0.500000
vt 0.750000 0.250000
vt 0.750000 0.000000
vt 0.583333 0.750000
vt 0.416667 0.750000
vt 0.395833 0.500000
vt 0.604167 0.500000
vt 0.812500 0.250000
vt 0.812500 0.000000
vt 0.604167 0.750000
vt 0.395833 0.750000
vt 0.462500 0.312500
vt 0.475000 0.312500
vt 0.475000 0.687500
vt 0.462500 0.687500
vt 0.487500 0.312500
vt 0.487500 0.687500
vt 0.500000 0.312500
vt 0.500000 0.687500
vt 0.512500 0.312500
vt 0.512500 0.687500
vt 0.525000 0.312500
vt 0.525000 0.687500
vt 0.537500 0.312500
vt 0.537500 0.687500
vt 0.550000 0.312500
vt 0.550000 0.687500
vt 0.562500 0.312500
vt 0.562500 0.687500
vt 0.575000 0.312500
vt 0.575000 0.687500
vt 0.351397 0.107966
vt 0.373591 0.064409
vt 0.500000 0.156250
vt 0.343750 0.156250
vt 0.351397 0.204534
vt 0.373591 0.248091
vt 0.408159 0.282659
vt 0.451716 0.304853
vt 0.500000 0.312500
vt 0.548284 0.304853
vt 0.591841 0.282659
vt 0.626409 0.248091
vt 0.373591 0.935591
vt 0.351397 0.892034
vt 0.500000 0.843750
vt 0.343750 0.843750
vt 0.351397 0.795466
vt 0.373591 0.751909
vt 0.408159 0.717341
vt 0.451716 0.695147
vt 0.500000 0.687500
vt 0.548284 0.695147
vt 0.591842 0.717341
vt 0.626409 0.751908
vt 0.648603 0.795466
vt 0.375000 0.000000
vt 0.375000 0.250000
vt 0.625000 0.250000
vt 0.625000 0.000000
vt 0.375000 0.500000
vt 0.625000 0.500000
vt 0.375000 0.750000
vt 0.375000 1.000000
vt 0.625000 1.000000
vt 0.625000 0.750000
vt 0.125000 0.000000
vt 0.125000 0.250000
vt 0.375000 0.000000
vt 0.375000 0.250000
vt 0.625000 0.250000
vt 0.625000 0.000000
vt 0.375000 0.500000
vt 0.625000 0.500000
vt 0.375000 0.750000
vt 0.375000 1.000000
vt 0.625000 1.000000
vt 0.625000 0.750000
vt 0.875000 0.250000
vt 0.875000 0.000000
vt 0.395833 0.500000
vt 0.604167 0.500000
vt 0.187500 0.000000
vt 0.187500 0.250000
vt 0.604167 0.750000
vt 0.395833 0.750000
vt 0.583333 0.750000
vt 0.416667 0.750000
vt 0.250000 0.000000
vt 0.250000 0.250000
vt 0.416667 0.500000
vt 0.583333 0.500000
vt 0.562500 0.750000
vt 0.437500 0.750000
vt 0.312500 0.000000
vt 0.312500 0.250000
vt 0.437500 0.500000
vt 0.562500 0.500000
vt 0.541667 0.750000
vt 0.458333 0.750000
vt 0.375000 0.000000
vt 0.375000 0.250000
vt 0.458333 0.500000
vt 0.541667 0.500000
vt 0.520833 0.750000
vt 0.479167 0.750000
vt 0.437500 0.000000
vt 0.437500 0.250000
vt 0.479167 0.500000
vt 0.520833 0.500000
vt 0.500000 0.750000
vt 0.500000 0.750000
vt 0.500000 0.000000
vt 0.500000 0.250000
vt 0.500000 0.500000
vt 0.500000 0.500000
vt 0.479167 0.750000
vt 0.520833 0.750000
vt 0.562500 0.000000
vt 0.562500 0.250000
vt 0.520833 0.500000
vt 0.479167 0.500000
vt 0.458333 0.750000
vt 0.541667 0.750000
vt 0.625000 0.000000
vt 0.625000 0.250000
vt 0.541667 0.500000
vt 0.458333 0.500000
vt 0.437500 0.750000
vt 0.562500 0.750000
vt 0.687500 0.000000
vt 0.687500 0.250000
vt 0.562500 0.500000
vt 0.437500 0.500000
vt 0.416667 0.750000
vt 0.583333 0.750000
vt 0.750000 0.000000
vt 0.750000 0.250000
vt 0.583333 0.500000
vt 0.416667 0.500000
vt 0.395833 0.750000
vt 0.604167 0.750000
vt 0.812500 0.000000
vt 0.812500 0.250000
vt 0.604167 0.500000
vt 0.395833 0.500000
vt 0.375000 0.312500
vt 0.387500 0.312500
vt 0.387500 0.687500
vt 0.375000 0.687500
vt 0.400000 0.312500
vt 0.400000 0.687500
vt 0.412500 0.312500
vt 0.412500 0.687500
vt 0.425000 0.312500
vt 0.425000 0.687500
vt 0.437500 0.312500
vt 0.437500 0.687500
vt 0.450000 0.312500
vt 0.450000 0.687500
vt 0.462500 0.312500
vt 0.462500 0.687500
vt 0.475000 0.312500
vt 0.475000 0.687500
vt 0.487500 0.312500
vt 0.487500 0.687500
vt 0.500000 0.312500
vt 0.500000 0.687500
vt 0.512500 0.312500
vt 0.512500 0.687500
vt 0.575000 0.312500
vt 0.587500 0.312500
vt 0.587500 0.687500
vt 0.575000 0.687500
vt 0.600000 0.312500
vt 0.600000 0.687500
vt 0.612500 0.312500
vt 0.612500 0.687500
vt 0.625000 0.312500
vt 0.625000 0.687500
vt 0.626409 0.064408
vt 0.648603 0.107966
vt 0.500000 0.156250
vt 0.591842 0.029841
vt 0.548284 0.007647
vt 0.500000 -0.000000
vt 0.451716 0.007647
vt 0.408159 0.029841
vt 0.373591 0.064409
vt 0.351397 0.107966
vt 0.343750 0.156250
vt 0.351397 0.204534
vt 0.373591 0.248091
vt 0.626409 0.248091
vt 0.591841 0.282659
vt 0.648603 0.204534
vt 0.656250 0.156250
vt 0.648603 0.892034
vt 0.626409 0.935591
vt 0.500000 0.843750
vt 0.591841 0.970159
vt 0.548284 0.992353
vt 0.500000 1.000000
vt 0.451716 0.992353
vt 0.408159 0.970159
vt 0.373591 0.935591
vt 0.351397 0.892034
vt 0.343750 0.843750
vt 0.351397 0.795466
vt 0.373591 0.751909
vt 0.591842 0.717341
vt 0.626409 0.751908
vt 0.648603 0.795466
vt 0.656250 0.843750
vt 0.375000 0.000000
vt 0.625000 0.000000
vt 0.625000 0.250000
vt 0.375000 0.250000
vt 0.625000 0.500000
vt 0.375000 0.500000
vt 0.375000 0.750000
vt 0.625000 0.750000
vt 0.625000 1.000000
vt 0.375000 1.000000
vt 0.875000 0.000000
vt 0.875000 0.250000
vt 0.125000 0.000000
vt 0.125000 0.250000
vt 0.375000 0.000000
vt 0.625000 0.000000
vt 0.625000 0.250000
vt 0.375000 0.250000
vt 0.625000 0.500000
vt 0.375000 0.500000
vt 0.375000 0.750000
vt 0.625000 0.750000
vt 0.625000 1.000000
vt 0.375000 1.000000
vt 0.875000 0.000000
vt 0.875000 0.250000
vt 0.125000 0.000000
vt 0.125000 0.250000
vt 0.604167 0.500000
vt 0.395833 0.500000
vt 0.812500 0.000000
vt 0.812500 0.250000
vt 0.395833 0.750000
vt 0.604167 0.750000
vt 0.416667 0.750000
vt 0.583333 0.750000
vt 0.750000 0.000000
vt 0.750000 0.250000
vt 0.583333 0.500000
vt 0.416667 0.500000
vt 0.437500 0.750000
vt 0.562500 0.750000
vt 0.687500 0.000000
vt 0.687500 0.250000
vt 0.562500 0.500000
vt 0.437500 0.500000
vt 0.458333 0.750000
vt 0.541667 0.750000
vt 0.625000 0.000000
vt 0.625000 0.250000
vt 0.541667 0.500000
vt 0.458333 0.500000
vt 0.479167 0.750000
vt 0.520833 0.750000
vt 0.562500 0.000000
vt 0.562500 0.250000
vt 0.520833 0.500000
vt 0.479167 0.500000
vt 0.500000 0.750000
vt 0.500000 0.750000
vt 0.500000 0.000000
vt 0.500000 0.250000
vt 0.500000 0.500000
vt 0.500000 0.500000
vt 0.520833 0.750000
vt 0.479167 0.750000
vt 0.437500 0.000000
vt 0.437500 0.250000
vt 0.479167 0.500000
vt 0.520833 0.500000
vt 0.541667 0.750000
vt 0.458333 0.750000
vt 0.375000 0.000000
vt 0.375000 0.250000
vt 0.458333 0.500000
vt 0.541667 0.500000
vt 0.562500 0.750000
vt 0.437500 0.750000
vt 0.312500 0.000000
vt 0.312500 0.250000
vt 0.437500 0.500000
vt 0.562500 0.500000
vt 0.583333 0.750000
vt 0.416667 0.750000
vt 0.250000 0.000000
vt 0.250000 0.250000
vt 0.416667 0.500000
vt 0.583333 0.500000
vt 0.604167 0.750000
vt 0.395833 0.750000
vt 0.187500 0.000000
vt 0.187500 0.250000
vt 0.395833 0.500000
vt 0.604167 0.500000
vt 0.375000 0.312500
vt 0.387500 0.312500
vt 0.387500 0.687500
vt 0.375000 0.687500
vt 0.400000 0.312500
vt 0.400000 0.687500
vt 0.412500 0.312500
vt 0.412500 0.687500
vt 0.425000 0.312500
vt 0.425000 0.687500
vt 0.437500 0.312500
vt 0.437500 0.687500
vt 0.450000 0.312500
vt 0.450000 0.687500
vt 0.462500 0.312500
vt 0.462500 0.687500
vt 0.475000 0.312500
vt 0.475000 0.687500
vt 0.600000 0.312500
vt 0.612500 0.312500
vt 0.612500 0.687500
vt 0.600000 0.687500
vt 0.625000 0.312500
vt 0.625000 0.687500
vt 0.626409 0.064408
vt 0.648603 0.107966
vt 0.500000 0.156250
vt 0.591842 0.029841
vt 0.548284 0.007647
vt 0.500000 -0.000000
vt 0.451716 0.007647
vt 0.408159 0.029841
vt 0.656250 0.156250
vt 0.648603 0.204534
vt 0.648603 0.892034
vt 0.626409 0.935591
vt 0.500000 0.843750
vt 0.591841 0.970159
vt 0.548284 0.992353
vt 0.500000 1.000000
vt 0.451716 0.992353
vt 0.408159 0.970159
vt 0.648603 0.795466
vt 0.656250 0.843750
vt 0.375000 0.000000
vt 0.625000 0.000000
vt 0.625000 0.250000
vt 0.375000 0.250000
vt 0.625000 0.500000
vt 0.375000 0.500000
vt 0.375000 0.750000
vt 0.625000 0.750000
vt 0.625000 1.000000
vt 0.375000 1.000000
vt 0.125000 0.000000
vt 0.125000 0.250000
vt 0.375000 0.000000
vt 0.625000 0.000000
vt 0.625000 0.250000
vt 0.375000 0.250000
vt 0.625000 0.500000
vt 0.375000 0.500000
vt 0.375000 0.750000
vt 0.625000 0.750000
vt 0.625000 1.000000
vt 0.375000 1.000000
vt 0.875000 0.000000
vt 0.875000 0.250000
vt 0.395833 0.750000
vt 0.604167 0.750000
vt 0.187500 0.250000
vt 0.187500 0.000000
vt 0.604167 0.500000
vt 0.395833 0.500000
vt 0.583333 0.500000
vt 0.416667 0.500000
vt 0.250000 0.250000
vt 0.250000 0.000000
vt 0.416667 0.750000
vt 0.583333 0.750000
vt 0.562500 0.500000
vt 0.437500 0.500000
vt 0.312500 0.250000
vt 0.312500 0.000000
vt 0.437500 0.750000
vt 0.562500 0.750000
vt 0.541667 0.500000
vt 0.458333 0.500000
vt 0.375000 0.250000
vt 0.375000 0.000000
vt 0.458333 0.750000
vt 0.541667 0.750000
vt 0.520833 0.500000
vt 0.479167 0.500000
vt 0.437500 0.250000
vt 0.437500 0.000000
vt 0.479167 0.750000
vt 0.520833 0.750000
vt 0.500000 0.500000
vt 0.500000 0.500000
vt 0.500000 0.250000
vt 0.500000 0.000000
vt 0.500000 0.750000
vt 0.500000 0.750000
vt 0.479167 0.500000
vt 0.520833 0.500000
vt 0.562500 0.250000
vt 0.562500 0.000000
vt 0.520833 0.750000
vt 0.479167 0.750000
vt 0.458333 0.500000
vt 0.541667 0.500000
vt 0.625000 0.250000
vt 0.625000 0.000000
vt 0.541667 0.750000
vt 0.458333 0.750000
vt 0.437500 0.500000
vt 0.562500 0.500000
vt 0.687500 0.250000
vt 0.687500 0.000000
vt 0.562500 0.750000
vt 0.437500 0.750000
vt 0.416667 0.500000
vt 0.583333 0.500000
vt 0.750000 0.250000
vt 0.750000 0.000000
vt 0.583333 0.750000
vt 0.416667 0.750000
vt 0.395833 0.500000
vt 0.604167 0.500000
vt 0.812500 0.250000
vt 0.812500 0.000000
vt 0.604167 0.750000
vt 0.395833 0.750000
vt 0.375000 0.312500
vt 0.387500 0.312500
vt 0.387500 0.687500
vt 0.375000 0.687500
vt 0.400000 0.312500
vt 0.400000 0.687500
vt 0.412500 0.312500
vt 0.412500 0.687500
vt 0.425000 0.312500
vt 0.425000 0.687500
vt 0.437500 0.312500
vt 0.437500 0.687500
vt 0.450000 0.312500
vt 0.450000 0.687500
vt 0.462500 0.312500
vt 0.462500 0.687500
vt 0.600000 0.312500
vt 0.612500 0.312500
vt 0.612500 0.687500
vt 0.600000 0.687500
vt 0.625000 0.312500
vt 0.625000 0.687500
vt 0.626409 0.064408
vt 0.648603 0.107966
vt 0.500000 0.156250
vt 0.591842 0.029841
vt 0.548284 0.007647
vt 0.500000 -0.000000
vt 0.451716 0.007647
vt 0.408159 0.029841
vt 0.656250 0.156250
vt 0.648603 0.204534
vt 0.648603 0.892034
vt 0.626409 0.935591
vt 0.500000 0.843750
vt 0.591841 0.970159
vt 0.548284 0.992353
vt 0.500000 1.000000
vt 0.451716 0.992353
vt 0.408159 0.970159
vt 0.648603 0.795466
vt 0.656250 0.843750
vt 0.425000 0.687500
vt 0.425000 0.312500
vt 0.437500 0.312500
vt 0.437500 0.687500
vt 0.500000 -0.000000
vt 0.500000 0.100767
vt 0.482855 0.103482
vt 0.451716 0.007647
vt 0.450000 0.312500
vt 0.450000 0.687500
vt 0.500000 1.000000
vt 0.451716 0.992353
vt 0.482855 0.896518
vt 0.500000 0.899233
vt 0.482855 0.103482
vt 0.467387 0.111363
vt 0.408159 0.029841
vt 0.462500 0.312500
vt 0.462500 0.687500
vt 0.408159 0.970159
vt 0.467387 0.888637
vt 0.482855 0.896518
vt 0.550000 0.687500
vt 0.537500 0.687500
vt 0.537500 0.312500
vt 0.550000 0.312500
vt 0.467387 0.111363
vt 0.455113 0.123638
vt 0.373591 0.064409
vt 0.475000 0.312500
vt 0.475000 0.687500
vt 0.373591 0.935591
vt 0.455113 0.876362
vt 0.467387 0.888637
vt 0.525000 0.687500
vt 0.525000 0.312500
vt 0.500000 0.312500
vt 0.451716 0.304853
vt 0.482855 0.209018
vt 0.500000 0.211733
vt 0.500000 0.687500
vt 0.500000 0.788267
vt 0.482855 0.790982
vt 0.451716 0.695147
vt 0.455113 0.123638
vt 0.447232 0.139105
vt 0.351397 0.107966
vt 0.487500 0.312500
vt 0.487500 0.687500
vt 0.351397 0.892034
vt 0.447232 0.860895
vt 0.455113 0.876362
vt 0.512500 0.687500
vt 0.512500 0.312500
vt 0.408159 0.282659
vt 0.467387 0.201137
vt 0.482855 0.209018
vt 0.482855 0.790982
vt 0.467387 0.798863
vt 0.408159 0.717341
vt 0.447232 0.139105
vt 0.444516 0.156250
vt 0.343750 0.156250
vt 0.500000 0.312500
vt 0.500000 0.687500
vt 0.343750 0.843750
vt 0.444516 0.843750
vt 0.447232 0.860895
vt 0.373591 0.248091
vt 0.455113 0.188862
vt 0.467387 0.201137
vt 0.467387 0.798863
vt 0.455113 0.811138
vt 0.373591 0.751909
vt 0.444516 0.156250
vt 0.447232 0.173395
vt 0.351397 0.204534
vt 0.351397 0.795466
vt 0.447232 0.826605
vt 0.444516 0.843750
vt 0.447232 0.173395
vt 0.455113 0.188862
vt 0.455113 0.811138
vt 0.447232 0.826605
vt 0.425000 0.473201
vt 0.425000 0.505525
vt 0.437500 0.505525
vt 0.437500 0.473201
vt 0.437500 0.473201
vt 0.437500 0.505525
vt 0.450000 0.505525
vt 0.450000 0.473201
vt 0.450000 0.473201
vt 0.450000 0.505525
vt 0.462500 0.505525
vt 0.462500 0.473201
vt 0.462500 0.473201
vt 0.462500 0.505525
vt 0.475000 0.505525
vt 0.475000 0.473201
vt 0.550000 0.473201
vt 0.537500 0.473201
vt 0.537500 0.505525
vt 0.550000 0.505525
vt 0.475000 0.473201
vt 0.475000 0.505525
vt 0.487500 0.505525
vt 0.487500 0.473201
vt 0.537500 0.473201
vt 0.525000 0.473201
vt 0.525000 0.505525
vt 0.537500 0.505525
vt 0.487500 0.473201
vt 0.487500 0.505525
vt 0.500000 0.505525
vt 0.500000 0.473201
vt 0.525000 0.473201
vt 0.512500 0.473201
vt 0.512500 0.505525
vt 0.525000 0.505525
vt 0.512500 0.473201
vt 0.500000 0.473201
vt 0.500000 0.505525
vt 0.512500 0.505525
vt 0.373591 0.935591
vt 0.351397 0.892034
vt 0.500000 0.843750
vt 0.375000 0.312500
vt 0.387500 0.312500
vt 0.387500 0.687500
vt 0.375000 0.687500
vt 0.400000 0.312500
vt 0.400000 0.687500
vt 0.412500 0.312500
vt 0.412500 0.687500
vt 0.425000 0.312500
vt 0.425000 0.687500
vt 0.437500 0.312500
vt 0.437500 0.687500
vt 0.450000 0.312500
vt 0.450000 0.687500
vt 0.462500 0.312500
vt 0.462500 0.687500
vt 0.475000 0.312500
vt 0.475000 0.687500
vt 0.487500 0.312500
vt 0.487500 0.687500
vt 0.575000 0.312500
vt 0.587500 0.312500
vt 0.587500 0.687500
vt 0.575000 0.687500
vt 0.600000 0.312500
vt 0.600000 0.687500
vt 0.612500 0.312500
vt 0.612500 0.687500
vt 0.625000 0.312500
vt 0.625000 0.687500
vt 0.626409 0.064408
vt 0.648603 0.107966
vt 0.500000 0.156250
vt 0.591842 0.029841
vt 0.548284 0.007647
vt 0.500000 -0.000000
vt 0.451716 0.007647
vt 0.408159 0.029841
vt 0.373591 0.064409
vt 0.351397 0.107966
vt 0.343750 0.156250
vt 0.351397 0.204534
vt 0.648603 0.204534
vt 0.626409 0.248091
vt 0.656250 0.156250
vt 0.648603 0.892034
vt 0.626409 0.935591
vt 0.500000 0.843750
vt 0.591841 0.970159
vt 0.548284 0.992353
vt 0.500000 1.000000
vt 0.451716 0.992353
vt 0.408159 0.970159
vt 0.373591 0.935591
vt 0.351397 0.892034
vt 0.343750 0.843750
vt 0.351397 0.795466
vt 0.591842 0.717341
vt 0.626409 0.751908
vt 0.648603 0.795466
vt 0.656250 0.843750
vt 0.375000 0.312500
vt 0.387500 0.312500
vt 0.387500 0.687500
vt 0.375000 0.687500
vt 0.400000 0.312500
vt 0.400000 0.687500
vt 0.412500 0.312500
vt 0.412500 0.687500
vt 0.425000 0.312500
vt 0.425000 0.687500
vt 0.437500 0.312500
vt 0.437500 0.687500
vt 0.450000 0.312500
vt 0.450000 0.687500
vt 0.462500 0.312500
vt 0.462500 0.687500
vt 0.475000 0.312500
vt 0.475000 0.687500
vt 0.487500 0.312500
vt 0.487500 0.687500
vt 0.500000 0.312500
vt 0.500000 0.687500
vt 0.512500 0.312500
vt 0.512500 0.687500
vt 0.525000 0.312500
vt 0.525000 0.687500
vt 0.537500 0.312500
vt 0.537500 0.687500
vt 0.550000 0.312500
vt 0.550000 0.687500
vt 0.562500 0.312500
vt 0.562500 0.687500
vt 0.575000 0.312500
vt 0.575000 0.687500
vt 0.587500 0.312500
vt 0.587500 0.687500
vt 0.600000 0.312500
vt 0.600000 0.687500
vt 0.612500 0.312500
vt 0.612500 0.687500
vt 0.625000 0.312500
vt 0.625000 0.687500
vt 0.626409 0.064408
vt 0.648603 0.107966
vt 0.500000 0.156250
vt 0.591842 0.029841
vt 0.548284 0.007647
vt 0.500000 -0.000000
vt 0.451716 0.007647
vt 0.408159 0.029841
vt 0.373591 0.064409
vt 0.351397 0.107966
vt 0.343750 0.156250
vt 0.351397 0.204534
vt 0.373591 0.248091
vt 0.408159 0.282659
vt 0.451716 0.304853
vt 0.500000 0.312500
vt 0.548284 0.304853
vt 0.591841 0.282659
vt 0.626409 0.248091
vt 0.648603 0.204534
vt 0.656250 0.156250
vt 0.648603 0.892034
vt 0.626409 0.935591
vt 0.500000 0.843750
vt 0.591841 0.970159
vt 0.548284 0.992353
vt 0.500000 1.000000
vt 0.451716 0.992353
vt 0.408159 0.970159
vt 0.373591 0.935591
vt 0.351397 0.892034
vt 0.343750 0.843750
vt 0.351397 0.795466
vt 0.373591 0.751909
vt 0.408159 0.717341
vt 0.451716 0.695147
vt 0.500000 0.687500
vt 0.548284 0.695147
vt 0.591842 0.717341
vt 0.626409 0.751908
vt 0.648603 0.795466
vt 0.656250 0.843750
vt 0.375000 0.000000
vt 0.625000 0.000000
vt 0.625000 0.250000
vt 0.375000 0.250000
vt 0.625000 0.500000
vt 0.375000 0.500000
vt 0.625000 0.750000
vt 0.375000 0.750000
vt 0.625000 1.000000
vt 0.375000 1.000000
vt 0.875000 0.000000
vt 0.875000 0.250000
vt 0.125000 0.000000
vt 0.125000 0.250000
vt 0.375000 0.312500
vt 0.387500 0.312500
vt 0.387500 0.687500
vt 0.375000 0.687500
vt 0.400000 0.312500
vt 0.400000 0.687500
vt 0.412500 0.312500
vt 0.412500 0.687500
vt 0.425000 0.312500
vt 0.425000 0.687500
vt 0.437500 0.312500
vt 0.437500 0.687500
vt 0.600000 0.312500
vt 0.612500 0.312500
vt 0.612500 0.687500
vt 0.600000 0.687500
vt 0.625000 0.312500
vt 0.625000 0.687500
vt 0.626409 0.064408
vt 0.648603 0.107966
vt 0.500000 0.156250
vt 0.591842 0.029841
vt 0.548284 0.007647
vt 0.500000 -0.000000
vt 0.451716 0.007647
vt 0.408159 0.029841
vt 0.656250 0.156250
vt 0.648603 0.204534
vt 0.648603 0.892034
vt 0.626409 0.935591
vt 0.500000 0.843750
vt 0.591841 0.970159
vt 0.548284 0.992353
vt 0.500000 1.000000
vt 0.451716 0.992353
vt 0.408159 0.970159
vt 0.648603 0.795466
vt 0.656250 0.843750
vt 0.375000 0.000000
vt 0.625000 0.000000
vt 0.625000 0.250000
vt 0.375000 0.250000
vt 0.625000 0.500000
vt 0.375000 0.500000
vt 0.625000 0.750000
vt 0.375000 0.750000
vt 0.625000 1.000000
vt 0.375000 1.000000
vt 0.875000 0.000000
vt 0.875000 0.250000
vt 0.125000 0.000000
vt 0.125000 0.250000
vt 0.375000 0.000000
vt 0.625000 0.000000
vt 0.625000 0.250000
vt 0.375000 0.250000
vt 0.625000 0.500000
vt 0.375000 0.500000
vt 0.625000 0.750000
vt 0.375000 0.750000
vt 0.625000 1.000000
vt 0.375000 1.000000
vt 0.875000 0.000000
vt 0.875000 0.250000
vt 0.125000 0.000000
vt 0.125000 0.250000
vt 0.912092 0.000000
vt 0.622233 0.000000
vt 0.622233 1.000000
vt 0.912092 1.000000
vt 0.480474 0.000000
vt 0.480474 1.000000
vt 0.400000 0.312500
vt 0.412500 0.312500
vt 0.412500 0.687500
vt 0.400000 0.687500
vt 0.425000 0.312500
vt 0.425000 0.687500
vt 1.023244 0.000000
vt 0.903544 0.000000
vt 0.903544 1.000000
vt 1.023244 1.000000
vt 0.069828 0.000000
vt 0.069828 1.000000
vt -0.029761 0.000000
vt -0.029761 1.000000
vt 0.462500 0.312500
vt 0.475000 0.312500
vt 0.475000 0.687500
vt 0.462500 0.687500
vt 0.487500 0.312500
vt 0.487500 0.687500
vt 0.575000 0.312500
vt 0.587500 0.312500
vt 0.587500 0.687500
vt 0.575000 0.687500
vt 1.605841 0.000000
vt 1.480441 0.000000
vt 1.480441 1.000000
vt 1.605841 1.000000
vt 1.281469 0.000000
vt 1.281469 1.000000
vt 0.626409 0.064408
vt 0.648603 0.107966
vt 0.500000 0.156250
vt 0.591842 0.029841
vt 0.548284 0.007647
vt 0.500000 -0.000000
vt 0.451716 0.007647
vt 0.408159 0.029841
vt 0.373591 0.064409
vt 0.351397 0.107966
vt 0.343750 0.156250
vt 0.351397 0.204534
vt 0.373591 0.248091
vt 0.626409 0.248091
vt 0.591841 0.282659
vt 0.648603 0.204534
vt 0.656250 0.156250
vt 0.648603 0.892034
vt 0.626409 0.935591
vt 0.500000 0.843750
vt 0.591841 0.970159
vt 0.548284 0.992353
vt 0.500000 1.000000
vt 0.451716 0.992353
vt 0.408159 0.970159
vt 0.373591 0.935591
vt 0.351397 0.892034
vt 0.343750 0.843750
vt 0.351397 0.795466
vt 0.373591 0.751909
vt 0.591842 0.717341
vt 0.626409 0.751908
vt 0.648603 0.795466
vt 0.656250 0.843750
vt 0.351397 0.892034
vt 0.343750 0.843750
vt 0.500000 0.843750
vt 0.375000 0.000000
vt 0.625000 0.000000
vt 0.625000 0.250000
vt 0.375000 0.250000
vt 0.625000 0.500000
vt 0.375000 0.500000
vt 0.625000 0.750000
vt 0.375000 0.750000
vt 0.625000 1.000000
vt 0.375000 1.000000
vt 0.875000 0.000000
vt 0.875000 0.250000
vt 0.125000 0.000000
vt 0.125000 0.250000
vt 0.373591 0.935591
vt 0.351397 0.892034
vt 0.500000 0.843750
vt 0.375000 0.000000
vt 0.625000 0.000000
vt 0.625000 0.250000
vt 0.375000 0.250000
vt 0.375000 1.000000
vt 0.375000 0.750000
vt 0.625000 0.750000
vt 0.625000 1.000000
vt 0.625000 0.500000
vt 0.375000 0.500000
vt 0.411551 0.250000
vt 0.572276 0.250000
vt 0.572276 0.000000
vt 0.411551 0.000000
vt 0.411551 0.750000
vt 0.411551 1.000000
vt 0.572276 1.000000
vt 0.572276 0.750000
vt 0.411551 0.500000
vt 0.572276 0.500000
vt 0.125000 0.250000
vt 0.125000 0.000000
vt 0.130968 0.031328
vt 0.130968 0.229498
vt 0.356822 0.229498
vt 0.356822 0.031328
vt 0.875000 0.000000
vt 0.875000 0.250000
vt 0.869032 0.031328
vt 0.643178 0.031328
vt 0.643178 0.229498
vt 0.869032 0.229498
vt 0.375000 0.000000
vt 0.625000 0.000000
vt 0.625000 0.250000
vt 0.375000 0.250000
vt 0.625000 0.500000
vt 0.375000 0.500000
vt 0.625000 0.750000
vt 0.375000 0.750000
vt 0.625000 1.000000
vt 0.375000 1.000000
vt 0.875000 0.000000
vt 0.875000 0.250000
vt 0.125000 0.000000
vt 0.125000 0.250000
vt 0.375000 0.000000
vt 0.375000 0.250000
vt 0.625000 0.250000
vt 0.625000 0.000000
vt 0.375000 0.500000
vt 0.625000 0.500000
vt 0.375000 0.750000
vt 0.375000 1.000000
vt 0.625000 1.000000
vt 0.625000 0.750000
vt 0.125000 0.000000
vt 0.125000 0.250000
vt 0.375000 0.000000
vt 0.375000 0.250000
vt 0.625000 0.250000
vt 0.625000 0.000000
vt 0.375000 0.500000
vt 0.625000 0.500000
vt 0.375000 0.750000
vt 0.375000 1.000000
vt 0.625000 1.000000
vt 0.625000 0.750000
vt 0.875000 0.250000
vt 0.875000 0.000000
vt 0.395833 0.500000
vt 0.604167 0.500000
vt 0.187500 0.000000
vt 0.187500 0.250000
vt 0.604167 0.750000
vt 0.395833 0.750000
vt 0.583333 0.750000
vt 0.416667 0.750000
vt 0.250000 0.000000
vt 0.250000 0.250000
vt 0.416667 0.500000
vt 0.583333 0.500000
vt 0.562500 0.750000
vt 0.437500 0.750000
vt 0.312500 0.000000
vt 0.312500 0.250000
vt 0.437500 0.500000
vt 0.562500 0.500000
vt 0.541667 0.750000
vt 0.458333 0.750000
vt 0.375000 0.000000
vt 0.375000 0.250000
vt 0.458333 0.500000
vt 0.541667 0.500000
vt 0.520833 0.750000
vt 0.479167 0.750000
vt 0.437500 0.000000
vt 0.437500 0.250000
vt 0.479167 0.500000
vt 0.520833 0.500000
vt 0.500000 0.750000
vt 0.500000 0.750000
vt 0.500000 0.000000
vt 0.500000 0.250000
vt 0.500000 0.500000
vt 0.500000 0.500000
vt 0.479167 0.750000
vt 0.520833 0.750000
vt 0.562500 0.000000
vt 0.562500 0.250000
vt 0.520833 0.500000
vt 0.479167 0.500000
vt 0.458333 0.750000
vt 0.541667 0.750000
vt 0.625000 0.000000
vt 0.625000 0.250000
vt 0.541667 0.500000
vt 0.458333 0.500000
vt 0.437500 0.750000
vt 0.562500 0.750000
vt 0.687500 0.000000
vt 0.687500 0.250000
vt 0.562500 0.500000
vt 0.437500 0.500000
vt 0.416667 0.750000
vt 0.583333 0.750000
vt 0.750000 0.000000
vt 0.750000 0.250000
vt 0.583333 0.500000
vt 0.416667 0.500000
vt 0.395833 0.750000
vt 0.604167 0.750000
vt 0.812500 0.000000
vt 0.812500 0.250000
vt 0.604167 0.500000
vt 0.395833 0.500000
vt 0.462500 0.312500
vt 0.475000 0.312500
vt 0.475000 0.687500
vt 0.462500 0.687500
vt 0.487500 0.312500
vt 0.487500 0.687500
vt 0.500000 0.312500
vt 0.500000 0.687500
vt 0.512500 0.312500
vt 0.512500 0.687500
vt 0.525000 0.312500
vt 0.525000 0.687500
vt 0.537500 0.312500
vt 0.537500 0.687500
vt 0.550000 0.312500
vt 0.550000 0.687500
vt 0.562500 0.312500
vt 0.562500 0.687500
vt 0.575000 0.312500
vt 0.575000 0.687500
vt 0.351397 0.204534
vt 0.343750 0.156250
vt 0.500000 0.156250
vt 0.373591 0.248091
vt 0.408159 0.282659
vt 0.451716 0.304853
vt 0.500000 0.312500
vt 0.548284 0.304853
vt 0.591841 0.282659
vt 0.626409 0.248091
vt 0.343750 0.843750
vt 0.351397 0.795466
vt 0.500000 0.843750
vt 0.373591 0.751909
vt 0.408159 0.717341
vt 0.451716 0.695147
vt 0.500000 0.687500
vt 0.548284 0.695147
vt 0.591842 0.717341
vt 0.626409 0.751908
vt 0.648603 0.795466
vt 0.656250 0.843750
vt 0.648603 0.892034
vt 0.375000 0.000000
vt 0.625000 0.000000
vt 0.625000 0.250000
vt 0.375000 0.250000
vt 0.625000 0.500000
vt 0.375000 0.500000
vt 0.375000 0.750000
vt 0.625000 0.750000
vt 0.625000 1.000000
vt 0.375000 1.000000
vt 0.875000 0.000000
vt 0.875000 0.250000
vt 0.125000 0.000000
vt 0.125000 0.250000
vt 0.375000 0.000000
vt 0.625000 0.000000
vt 0.625000 0.250000
vt 0.375000 0.250000
vt 0.625000 0.500000
vt 0.375000 0.500000
vt 0.375000 0.750000
vt 0.625000 0.750000
vt 0.625000 1.000000
vt 0.375000 1.000000
vt 0.875000 0.000000
vt 0.875000 0.250000
vt 0.125000 0.000000
vt 0.125000 0.250000
vt 0.604167 0.500000
vt 0.395833 0.500000
vt 0.812500 0.000000
vt 0.812500 0.250000
vt 0.395833 0.750000
vt 0.604167 0.750000
vt 0.416667 0.750000
vt 0.583333 0.750000
vt 0.750000 0.000000
vt 0.750000 0.250000
vt 0.583333 0.500000
vt 0.416667 0.500000
vt 0.437500 0.750000
vt 0.562500 0.750000
vt 0.687500 0.000000
vt 0.687500 0.250000
vt 0.562500 0.500000
vt 0.437500 0.500000
vt 0.458333 0.750000
vt 0.541667 0.750000
vt 0.625000 0.000000
vt 0.625000 0.250000
vt 0.541667 0.500000
vt 0.458333 0.500000
vt 0.479167 0.750000
vt 0.520833 0.750000
vt 0.562500 0.000000
vt 0.562500 0.250000
vt 0.520833 0.500000
vt 0.479167 0.500000
vt 0.500000 0.750000
vt 0.500000 0.750000
vt 0.500000 0.000000
vt 0.500000 0.250000
vt 0.500000 0.500000
vt 0.500000 0.500000
vt 0.520833 0.750000
vt 0.479167 0.750000
vt 0.437500 0.000000
vt 0.437500 0.250000
vt 0.479167 0.500000
vt 0.520833 0.500000
vt 0.541667 0.750000
vt 0.458333 0.750000
vt 0.375000 0.000000
vt 0.375000 0.250000
vt 0.458333 0.500000
vt 0.541667 0.500000
vt 0.562500 0.750000
vt 0.437500 0.750000
vt 0.312500 0.000000
vt 0.312500 0.250000
vt 0.437500 0.500000
vt 0.562500 0.500000
vt 0.583333 0.750000
vt 0.416667 0.750000
vt 0.250000 0.000000
vt 0.250000 0.250000
vt 0.416667 0.500000
vt 0.583333 0.500000
vt 0.604167 0.750000
vt 0.395833 0.750000
vt 0.187500 0.000000
vt 0.187500 0.250000
vt 0.395833 0.500000
vt 0.604167 0.500000
vt 0.375000 0.566884
vt 0.382252 0.687500
vt 0.375000 0.687500
vt 0.387500 0.601708
vt 0.393860 0.687500
vt 0.387500 0.687500
vt 0.400000 0.597068
vt 0.406558 0.687500
vt 0.400000 0.687500
vt 0.412500 0.596089
vt 0.418103 0.687500
vt 0.412500 0.687500
vt 0.555536 0.687500
vt 0.562500 0.486775
vt 0.562500 0.687500
vt 0.568290 0.687500
vt 0.575000 0.500454
vt 0.582022 0.687500
vt 0.575000 0.687500
vt 0.587500 0.518733
vt 0.593791 0.687500
vt 0.587500 0.687500
vt 0.600000 0.451195
vt 0.606490 0.687500
vt 0.600000 0.687500
vt 0.612500 0.483664
vt 0.619102 0.687500
vt 0.612500 0.687500
vt 0.645068 0.109114
vt 0.637289 0.085762
vt 0.648603 0.107966
vt 0.623282 0.066681
vt 0.608376 0.046375
vt 0.626409 0.064408
vt 0.589546 0.033001
vt 0.567980 0.017683
vt 0.591842 0.029841
vt 0.547072 0.011378
vt 0.519682 0.003117
vt 0.548284 0.007647
vt 0.548284 0.304853
vt 0.520935 0.309184
vt 0.547036 0.301013
vt 0.569818 0.293881
vt 0.589442 0.279356
vt 0.611388 0.263113
vt 0.591841 0.282659
vt 0.623367 0.245881
vt 0.638974 0.223431
vt 0.626409 0.248091
vt 0.645111 0.203399
vt 0.652713 0.178583
vt 0.648603 0.204534
vt 0.652453 0.156250
vt 0.652153 0.130381
vt 0.656250 0.156250
vt 0.648603 0.892034
vt 0.635727 0.917303
vt 0.626409 0.935591
vt 0.500000 0.843750
vt 0.608822 0.953178
vt 0.591841 0.970159
vt 0.568989 0.981803
vt 0.548284 0.992353
vt 0.526642 0.995780
vt 0.500000 1.000000
vt 0.500000 0.687500
vt 0.521385 0.690887
vt 0.548284 0.695147
vt 0.568459 0.705427
vt 0.591842 0.717341
vt 0.611262 0.736761
vt 0.626409 0.751908
vt 0.637579 0.773831
vt 0.648603 0.795466
vt 0.652573 0.820535
vt 0.656250 0.843750
vt 0.652211 0.869252
vt 0.500000 0.312500
vt 0.500000 0.156250
vt 0.500000 -0.000000
vt 0.550000 0.312500
vt 0.555420 0.312500
vt 0.562500 0.312500
vt 0.550000 0.687500
vt 0.568680 0.312500
vt 0.575000 0.312500
vt 0.582068 0.312500
vt 0.587500 0.312500
vt 0.594577 0.312500
vt 0.600000 0.312500
vt 0.606718 0.312500
vt 0.612500 0.312500
vt 0.625000 0.566884
vt 0.625000 0.687500
vt 0.619197 0.312500
vt 0.625000 0.312500
vt 0.375000 0.312500
vt 0.381372 0.312500
vt 0.387500 0.312500
vt 0.394021 0.312500
vt 0.400000 0.312500
vt 0.406848 0.312500
vt 0.412500 0.312500
vt 0.419905 0.312500
vt 0.425000 0.312500
vt 0.425000 0.687500
vt 0.375000 0.000000
vt 0.625000 0.000000
vt 0.625000 0.250000
vt 0.375000 0.250000
vt 0.625000 0.500000
vt 0.375000 0.500000
vt 0.375000 0.750000
vt 0.625000 0.750000
vt 0.625000 1.000000
vt 0.375000 1.000000
vt 0.875000 0.000000
vt 0.875000 0.250000
vt 0.125000 0.000000
vt 0.125000 0.250000
vt 0.375000 0.000000
vt 0.625000 0.000000
vt 0.625000 0.250000
vt 0.375000 0.250000
vt 0.625000 0.500000
vt 0.375000 0.500000
vt 0.375000 0.750000
vt 0.625000 0.750000
vt 0.625000 1.000000
vt 0.375000 1.000000
vt 0.875000 0.000000
vt 0.875000 0.250000
vt 0.125000 0.000000
vt 0.125000 0.250000
vt 0.604167 0.500000
vt 0.395833 0.500000
vt 0.812500 0.000000
vt 0.812500 0.250000
vt 0.395833 0.750000
vt 0.604167 0.750000
vt 0.416667 0.750000
vt 0.583333 0.750000
vt 0.750000 0.000000
vt 0.750000 0.250000
vt 0.583333 0.500000
vt 0.416667 0.500000
vt 0.437500 0.750000
vt 0.562500 0.750000
vt 0.687500 0.000000
vt 0.687500 0.250000
vt 0.562500 0.500000
vt 0.437500 0.500000
vt 0.458333 0.750000
vt 0.541667 0.750000
vt 0.625000 0.000000
vt 0.625000 0.250000
vt 0.541667 0.500000
vt 0.458333 0.500000
vt 0.479167 0.750000
vt 0.520833 0.750000
vt 0.562500 0.000000
vt 0.562500 0.250000
vt 0.520833 0.500000
vt 0.479167 0.500000
vt 0.500000 0.750000
vt 0.500000 0.750000
vt 0.500000 0.000000
vt 0.500000 0.250000
vt 0.500000 0.500000
vt 0.500000 0.500000
vt 0.520833 0.750000
vt 0.479167 0.750000
vt 0.437500 0.000000
vt 0.437500 0.250000
vt 0.479167 0.500000
vt 0.520833 0.500000
vt 0.541667 0.750000
vt 0.458333 0.750000
vt 0.375000 0.000000
vt 0.375000 0.250000
vt 0.458333 0.500000
vt 0.541667 0.500000
vt 0.562500 0.750000
vt 0.437500 0.750000
vt 0.312500 0.000000
vt 0.312500 0.250000
vt 0.437500 0.500000
vt 0.562500 0.500000
vt 0.583333 0.750000
vt 0.416667 0.750000
vt 0.250000 0.000000
vt 0.250000 0.250000
vt 0.416667 0.500000
vt 0.583333 0.500000
vt 0.604167 0.750000
vt 0.395833 0.750000
vt 0.187500 0.000000
vt 0.187500 0.250000
vt 0.395833 0.500000
vt 0.604167 0.500000
vt 0.375000 0.312500
vt 0.387500 0.312500
vt 0.387500 0.687500
vt 0.375000 0.687500
vt 0.400000 0.312500
vt 0.400000 0.687500
vt 0.412500 0.312500
vt 0.412500 0.687500
vt 0.425000 0.312500
vt 0.425000 0.687500
vt 0.437500 0.312500
vt 0.437500 0.687500
vt 0.450000 0.312500
vt 0.450000 0.687500
vt 0.600000 0.312500
vt 0.612500 0.312500
vt 0.612500 0.687500
vt 0.600000 0.687500
vt 0.625000 0.312500
vt 0.625000 0.687500
vt 0.626409 0.064408
vt 0.648603 0.107966
vt 0.500000 0.156250
vt 0.591842 0.029841
vt 0.548284 0.007647
vt 0.500000 -0.000000
vt 0.451716 0.007647
vt 0.408159 0.029841
vt 0.656250 0.156250
vt 0.648603 0.204534
vt 0.648603 0.892034
vt 0.626409 0.935591
vt 0.500000 0.843750
vt 0.591841 0.970159
vt 0.548284 0.992353
vt 0.500000 1.000000
vt 0.451716 0.992353
vt 0.408159 0.970159
vt 0.648603 0.795466
vt 0.656250 0.843750
vt 0.375000 0.000000
vt 0.625000 0.000000
vt 0.625000 0.250000
vt 0.375000 0.250000
vt 0.625000 0.500000
vt 0.375000 0.500000
vt 0.375000 0.750000
vt 0.625000 0.750000
vt 0.625000 1.000000
vt 0.375000 1.000000
vt 0.875000 0.000000
vt 0.875000 0.250000
vt 0.125000 0.000000
vt 0.125000 0.250000
vt 0.375000 0.000000
vt 0.625000 0.000000
vt 0.625000 0.250000
vt 0.375000 0.250000
vt 0.625000 0.500000
vt 0.375000 0.500000
vt 0.375000 0.750000
vt 0.625000 0.750000
vt 0.625000 1.000000
vt 0.375000 1.000000
vt 0.875000 0.000000
vt 0.875000 0.250000
vt 0.125000 0.000000
vt 0.125000 0.250000
vt 0.604167 0.500000
vt 0.395833 0.500000
vt 0.812500 0.000000
vt 0.812500 0.250000
vt 0.395833 0.750000
vt 0.604167 0.750000
vt 0.416667 0.750000
vt 0.583333 0.750000
vt 0.750000 0.000000
vt 0.750000 0.250000
vt 0.583333 0.500000
vt 0.416667 0.500000
vt 0.437500 0.750000
vt 0.562500 0.750000
vt 0.687500 0.000000
vt 0.687500 0.250000
vt 0.562500 0.500000
vt 0.437500 0.500000
vt 0.458333 0.750000
vt 0.541667 0.750000
vt 0.625000 0.000000
vt 0.625000 0.250000
vt 0.541667 0.500000
vt 0.458333 0.500000
vt 0.479167 0.750000
vt 0.520833 0.750000
vt 0.562500 0.000000
vt 0.562500 0.250000
vt 0.520833 0.500000
vt 0.479167 0.500000
vt 0.500000 0.750000
vt 0.500000 0.750000
vt 0.500000 0.000000
vt 0.500000 0.250000
vt 0.500000 0.500000
vt 0.500000 0.500000
vt 0.520833 0.750000
vt 0.479167 0.750000
vt 0.437500 0.000000
vt 0.437500 0.250000
vt 0.479167 0.500000
vt 0.520833 0.500000
vt 0.541667 0.750000
vt 0.458333 0.750000
vt 0.375000 0.000000
vt 0.375000 0.250000
vt 0.458333 0.500000
vt 0.541667 0.500000
vt 0.562500 0.750000
vt 0.437500 0.750000
vt 0.312500 0.000000
vt 0.312500 0.250000
vt 0.437500 0.500000
vt 0.562500 0.500000
vt 0.583333 0.750000
vt 0.416667 0.750000
vt 0.250000 0.000000
vt 0.250000 0.250000
vt 0.416667 0.500000
vt 0.583333 0.500000
vt 0.604167 0.750000
vt 0.395833 0.750000
vt 0.187500 0.000000
vt 0.187500 0.250000
vt 0.395833 0.500000
vt 0.604167 0.500000
vt 0.979319 0.656938
vt 0.979319 0.699612
vt 0.020681 0.699612
vt 0.020681 0.656938
vt 0.979319 0.798849
vt 0.979319 0.827595
vt 0.020681 0.827595
vt 0.020681 0.798849
vt 0.020681 0.929039
vt 0.020681 0.911471
vt 0.979319 0.911471
vt 0.979319 0.929039
vt 0.979319 0.939888
vt 0.020681 0.939888
vt 0.979319 0.983779
vt 0.979319 0.991847
vt 0.020681 0.991847
vt 0.020681 0.983779
vt 0.979319 -0.003255
vt 0.979319 0.002604
vt 0.020681 0.002604
vt 0.020681 -0.003255
vt 0.979319 0.032337
vt 0.979319 0.050385
vt 0.020681 0.050385
vt 0.020681 0.032337
vt 0.979319 0.113406
vt 0.979319 0.143092
vt 0.020681 0.143092
vt 0.020681 0.113406
vt 0.979319 0.240721
vt 0.979319 0.273550
vt 0.297402 0.609254
vt 0.150477 0.599614
vt 0.308653 0.522713
vt 0.629809 0.500000
vt 0.373260 0.666121
vt 0.195897 0.702033
vt 0.307536 0.774741
vt 0.463104 0.693949
vt 0.360150 0.813727
vt 0.266947 0.841823
vt 0.525587 0.762021
vt 0.431417 0.846522
vt 0.373260 0.898708
vt 0.629809 1.000000
vt 0.435187 0.989293
vt 0.600711 0.023986
vt 0.619228 -0.000000
vt 0.482140 0.236068
vt 0.682834 0.818945
vt 0.638645 0.926980
vt 0.722888 0.679887
vt 0.778460 0.527832
vt 0.841653 0.377203
vt 0.918992 0.245126
vt 0.968746 0.138133
vt 1.000000 0.069310
vt 0.824430 0.010708
vt 0.753526 0.188966
vt 0.693720 0.003516
vt 0.730350 0.005532
vt 0.776117 0.008049
vt 0.722814 0.093733
vt 0.560773 0.139316
vt 0.486879 0.028081
vt 0.535846 0.018460
vt 0.584425 0.008916
vt 0.427847 0.195522
vt 0.302771 0.101165
vt 0.348963 0.079213
vt 0.395242 0.057220
vt 0.289237 0.264305
vt 0.151562 0.215099
vt 0.187802 0.183767
vt 0.220034 0.155898
vt 0.210439 0.353497
vt 0.054936 0.348583
vt 0.074569 0.316604
vt 0.098745 0.277225
vt 0.174275 0.476873
vt 0.023436 0.425417
vt 0.030825 0.387854
vt 0.347603 0.447163
vt -0.024120 0.678571
vt -0.054732 0.802295
vt -0.049652 0.656102
vt 0.000032 0.375905
vt -0.080920 0.718746
vt -0.061735 0.560608
vt -0.064824 0.462752
vt -0.094923 0.582444
vt -0.114452 0.595930
vt -0.102639 0.516387
vt -0.107722 0.434629
vt -0.080444 0.375905
vt -0.123808 0.470896
vt -0.143048 0.375905
vt -0.136895 0.183049
vt -0.118416 0.009071
vt -0.087922 0.000000
vt -0.047075 0.015051
vt 0.000032 0.047805
vt 0.047139 0.044714
vt 0.087986 0.014662
vt 0.118480 0.082671
vt 0.136959 0.183049
vt 0.143112 0.375905
vt 0.094751 0.375905
vt 0.141595 0.423780
vt 0.140151 0.469132
vt 0.138992 0.505429
vt 0.118063 0.442419
vt 0.132732 0.609331
vt 0.128151 0.652756
vt 0.123476 0.696530
vt 0.098359 0.581969
vt 0.111718 0.774152
vt 0.103750 0.810546
vt 0.095661 0.846871
vt 0.076423 0.689189
vt 0.076620 0.905992
vt 0.067214 0.926498
vt 0.056496 0.949554
vt 0.049842 0.797070
vt 0.035908 0.976809
vt 0.023195 0.985064
vt 0.012815 0.991767
vt 0.019864 0.839080
vt 0.000032 1.000000
vt -0.011339 0.992677
vt -0.018106 0.826560
vt 0.000032 0.669942
vt 0.020681 0.273550
vt 0.020681 0.240721
vt 0.979319 0.380191
vt 0.979319 0.422705
vt 0.020681 0.422705
vt 0.020681 0.380191
vt 0.979319 0.499627
vt 0.979319 0.537339
vt 0.020681 0.537339
vt 0.020681 0.499627
vt 0.979319 0.573583
vt 0.979319 0.617666
vt 0.020681 0.617666
vt 0.020681 0.573583
vt 0.979319 0.765697
vt 0.020681 0.765697
vt 0.979319 0.880655
vt 0.020681 0.880655
vt 0.979319 0.457229
vt 0.020681 0.457229
vt -0.022241 0.985640
vt -0.035428 0.977080
vt -0.047075 0.969455
vt -0.059588 0.942798
vt 0.979319 0.310459
vt 0.009270 0.590350
vt 0.000000 0.544543
vt 0.007696 0.505426
vt 0.016334 0.461518
vt 0.047139 0.969454
vt 0.026129 0.703056
vt 0.020681 0.310459
vt 0.979319 0.172723
vt 0.120284 0.242143
vt 0.348970 0.357875
vt -0.069492 0.921420
vt -0.078592 0.901517
vt -0.087922 0.880809
vt -0.095890 0.845567
vt 0.020681 0.172723
vt 0.053659 0.730833
vt 0.030825 0.696871
vt 0.023625 0.661286
vt 0.016704 0.627085
vt -0.103627 0.810816
vt -0.110271 0.780519
vt -0.118416 0.742739
vt -0.122989 0.700471
vt -0.125787 0.674367
vt 0.979319 0.068578
vt 0.154134 0.854409
vt 0.120283 0.829929
vt 0.175041 0.869527
vt 0.095805 0.793520
vt 0.076175 0.764323
vt -0.128499 0.648876
vt -0.132692 0.609099
vt -0.136895 0.568761
vt -0.138900 0.506310
vt 0.020681 0.068578
vt 0.316470 0.949667
vt 0.259616 0.930690
vt 0.227311 0.907328
vt 0.195455 0.884290
vt 0.403933 0.978861
vt 0.384631 0.972418
vt 0.365783 0.966127
vt -0.140629 0.452142
vt -0.141288 0.431439
vt -0.141961 0.410236
vt 0.979319 0.007293
vt 0.020681 0.007293
vt 0.087986 0.880808
vt 0.041610 0.609813
vt 0.979319 0.967014
vt 0.020681 0.967014
vt 0.259617 0.121673
vt 0.458308 0.324731
vt 0.118480 0.742739
vt 0.059342 0.553087
vt 0.979319 1.004259
vt 0.979319 1.008694
vt 0.435187 0.038236
vt 0.535805 0.276967
vt 0.136959 0.568761
vt 0.073688 0.474942
vt 0.020681 1.008694
vt 0.020681 1.004259
vt 0.629808 0.000000
vt 0.629809 0.243237
vt 0.184735 1.026804
vt 0.007032 0.809476
vt 1.760420 0.533789
vt 0.625000 0.000000
vt 0.625000 0.250000
vt 1.760420 0.783789
vt 0.625000 0.303531
vt 0.625000 0.320891
vt 0.625000 0.350860
vt 0.625000 0.366653
vt 0.625000 0.390947
vt 0.625000 0.407006
vt 0.625000 0.500000
vt 0.375000 0.500000
vt 0.375000 0.449345
vt 0.375000 0.438041
vt 0.375000 0.404552
vt 0.375000 0.387157
vt 0.375000 0.369371
vt 0.375000 0.349604
vt 0.375000 0.328327
vt 0.375000 0.310210
vt 0.375000 0.285234
vt 0.625000 0.750000
vt 0.375000 0.750000
vt 0.625000 1.000000
vt 0.375000 1.000000
vt 0.875000 0.000000
vt 0.875000 0.250000
vt 0.782006 0.250000
vt 0.765947 0.250000
vt 0.741653 0.250000
vt 0.725860 0.250000
vt 0.695891 0.250000
vt 0.678531 0.250000
vt -0.882319 0.533789
vt 1.387968 0.783789
vt 1.123948 0.783789
vt 0.932426 0.783789
vt 0.707510 0.783789
vt 0.498554 0.783789
vt 0.310539 0.783789
vt 0.126657 0.783789
vt -0.227356 0.783789
vt -0.346851 0.783789
vt -0.882319 0.783789
vt 0.375000 0.000000
vt 0.625000 0.000000
vt 0.625000 0.250000
vt 0.375000 0.250000
vt 0.375000 0.500000
vt 0.625000 0.500000
vt 0.625000 0.750000
vt 0.375000 0.750000
vt 0.575116 0.000000
vt 0.375000 0.000000
vt 0.375000 0.250000
vt 0.575116 0.250000
vt 0.575116 0.500000
vt 0.375000 0.500000
vt 0.375000 0.750000
vt 0.575116 0.750000
vt 0.625000 0.292262
vt 0.375000 0.290389
vt 0.334611 0.250000
vt 0.150256 0.250000
vt 0.125000 0.250000
vt 0.125000 0.000000
vt 0.171459 0.000000
vt 0.329001 0.000000
vt 0.664057 0.000000
vt 0.853106 0.000000
vt 0.852678 0.040554
vt 0.847250 0.032118
vt 0.838802 0.019202
vt 0.680265 0.019202
vt 0.671464 0.032118
vt 0.664620 0.043950
vt 0.875000 0.250000
vt 0.850465 0.250000
vt 0.850817 0.216675
vt 0.864794 0.206026
vt 0.865164 0.051013
vt 0.875000 0.000000
vt 0.625000 0.771894
vt 0.625000 0.960944
vt 0.625000 1.000000
vt 0.375000 1.000000
vt 0.375000 0.954000
vt 0.375000 0.796459
vt 0.666814 0.215129
vt 0.681108 0.230798
vt 0.714370 0.230798
vt 0.723224 0.222089
vt 0.845406 0.222089
vt 0.667261 0.250000
vt 0.644202 0.053982
vt 0.644202 0.204663
vt 0.651023 0.208567
vt 0.375000 0.290389
vt 0.575116 0.291888
vt 0.575116 0.276716
vt 0.575116 0.258059
vt 0.179433 0.250000
vt 0.334611 0.250000
vt 0.329001 0.000000
vt 0.171459 0.000000
vt 0.125000 0.000000
vt 0.125000 0.250000
vt 0.141151 0.250000
vt 0.163593 0.232721
vt 0.575116 0.975877
vt 0.575116 0.968737
vt 0.575116 0.959558
vt 0.575116 0.776795
vt 0.575116 0.767525
vt 0.575116 0.764671
vt 0.375000 0.796459
vt 0.375000 0.954000
vt 0.375000 1.000000
vt 0.575116 1.000000
vt 0.575116 0.483404
vt 0.575116 0.480360
vt 0.575116 0.335953
vt 0.575116 0.330913
vt 0.375000 0.445567
vt 0.375000 0.483849
vt 0.375000 0.474744
vt 0.625000 0.475464
vt 0.455626 0.458670
vt 0.455626 0.426200
vt 0.455626 0.433906
vt 0.033861 0.179935
vt 0.033861 0.179935
vt 0.033861 0.919376
vt 0.033861 0.919376
vt 0.375000 0.250000
vt 0.625000 0.250000
vt 0.625000 0.500000
vt 0.375000 0.500000
vt 1.000000 0.919376
vt 1.000000 0.919376
vt 1.000000 0.179935
vt 1.000000 0.179935
vt 0.375000 0.750000
vt 0.625000 0.750000
vt 0.625000 1.000000
vt 0.375000 1.000000
vt 0.625000 0.000000
vt 0.875000 0.000000
vt 0.875000 0.250000
vt 0.125000 0.000000
vt 0.375000 0.000000
vt 0.125000 0.250000
vt 0.375000 0.312500
vt 0.375000 0.687500
vt 0.387500 0.687500
vt 0.387500 0.312500
vt 0.400000 0.687500
vt 0.400000 0.312500
vt 0.412500 0.687500
vt 0.412500 0.312500
vt 0.425000 0.687500
vt 0.425000 0.312500
vt 0.612500 0.312500
vt 0.612500 0.687500
vt 0.625000 0.687500
vt 0.625000 0.312500
vt 0.375000 0.312500
vt 0.387500 0.312500
vt 0.387500 0.687500
vt 0.375000 0.687500
vt 0.400000 0.312500
vt 0.400000 0.687500
vt 0.412500 0.312500
vt 0.412500 0.687500
vt 0.425000 0.312500
vt 0.425000 0.687500
vt 0.612500 0.312500
vt 0.625000 0.312500
vt 0.625000 0.687500
vt 0.612500 0.687500
vt 0.375000 0.312500
vt 0.387500 0.312500
vt 0.387500 0.687500
vt 0.375000 0.687500
vt 0.400000 0.312500
vt 0.400000 0.687500
vt 0.412500 0.312500
vt 0.412500 0.687500
vt 0.425000 0.312500
vt 0.425000 0.687500
vt 0.612500 0.312500
vt 0.625000 0.312500
vt 0.625000 0.687500
vt 0.612500 0.687500
vt 0.625000 0.312500
vt 0.612500 0.312500
vt 0.387500 0.312500
vt 0.375000 0.312500
vt 0.400000 0.312500
vt 0.412500 0.312500
vt 0.425000 0.312500
vt 0.425000 0.312500
vt 0.412500 0.312500
vt 0.400000 0.312500
vt 0.387500 0.312500
vt 0.375000 0.312500
vt 0.625000 0.312500
vt 0.612500 0.312500
vt 0.425000 0.312500
vt 0.412500 0.312500
vt 0.400000 0.312500
vt 0.387500 0.312500
vt 0.375000 0.312500
vt 0.625000 0.312500
vt 0.612500 0.312500
vt 0.425000 0.312500
vt 0.412500 0.312500
vt 0.400000 0.312500
vt 0.387500 0.312500
vt 0.375000 0.312500
vt 0.625000 0.312500
vt 0.612500 0.312500
vt 0.425000 0.312500
vt 0.412500 0.312500
vt 0.400000 0.312500
vt 0.387500 0.312500
vt 0.375000 0.312500
vt 0.625000 0.312500
vt 0.612500 0.312500
vt 0.425000 0.312500
vt 0.412500 0.312500
vt 0.400000 0.312500
vt 0.387500 0.312500
vt 0.375000 0.312500
vt 0.625000 0.312500
vt 0.612500 0.312500
vt 0.425000 0.312500
vt 0.412500 0.312500
vt 0.400000 0.312500
vt 0.387500 0.312500
vt 0.375000 0.312500
vt 0.625000 0.312500
vt 0.612500 0.312500
vt 0.425000 0.312500
vt 0.412500 0.312500
vt 0.400000 0.312500
vt 0.387500 0.312500
vt 0.375000 0.312500
vt 0.625000 0.312500
vt 0.612500 0.312500
vt 0.425000 0.312500
vt 0.412500 0.312500
vt 0.400000 0.312500
vt 0.387500 0.312500
vt 0.375000 0.312500
vt 0.625000 0.312500
vt 0.612500 0.312500
vt 0.425000 0.312500
vt 0.412500 0.312500
vt 0.400000 0.312500
vt 0.387500 0.312500
vt 0.375000 0.312500
vt 0.625000 0.312500
vt 0.612500 0.312500
vt 0.425000 0.312500
vt 0.412500 0.312500
vt 0.400000 0.312500
vt 0.387500 0.312500
vt 0.375000 0.312500
vt 0.625000 0.312500
vt 0.612500 0.312500
vt 0.625000 0.656250
vt 0.612500 0.656250
vt 0.387500 0.656250
vt 0.375000 0.656250
vt 0.400000 0.656250
vt 0.412500 0.656250
vt 0.425000 0.656250
vt 0.425000 0.625000
vt 0.412500 0.625000
vt 0.400000 0.625000
vt 0.387500 0.625000
vt 0.375000 0.625000
vt 0.625000 0.625000
vt 0.612500 0.625000
vt 0.425000 0.593750
vt 0.412500 0.593750
vt 0.400000 0.593750
vt 0.387500 0.593750
vt 0.375000 0.593750
vt 0.625000 0.593750
vt 0.612500 0.593750
vt 0.425000 0.562500
vt 0.412500 0.562500
vt 0.400000 0.562500
vt 0.387500 0.562500
vt 0.375000 0.562500
vt 0.625000 0.562500
vt 0.612500 0.562500
vt 0.425000 0.531250
vt 0.412500 0.531250
vt 0.400000 0.531250
vt 0.387500 0.531250
vt 0.375000 0.531250
vt 0.625000 0.531250
vt 0.612500 0.531250
vt 0.425000 0.500000
vt 0.412500 0.500000
vt 0.400000 0.500000
vt 0.387500 0.500000
vt 0.375000 0.500000
vt 0.625000 0.500000
vt 0.612500 0.500000
vt 0.425000 0.468750
vt 0.412500 0.468750
vt 0.400000 0.468750
vt 0.387500 0.468750
vt 0.375000 0.468750
vt 0.625000 0.468750
vt 0.612500 0.468750
vt 0.425000 0.437500
vt 0.412500 0.437500
vt 0.400000 0.437500
vt 0.387500 0.437500
vt 0.375000 0.437500
vt 0.625000 0.437500
vt 0.612500 0.437500
vt 0.425000 0.406250
vt 0.412500 0.406250
vt 0.400000 0.406250
vt 0.387500 0.406250
vt 0.375000 0.406250
vt 0.625000 0.406250
vt 0.612500 0.406250
vt 0.425000 0.375000
vt 0.412500 0.375000
vt 0.400000 0.375000
vt 0.387500 0.375000
vt 0.375000 0.375000
vt 0.625000 0.375000
vt 0.612500 0.375000
vt 0.425000 0.343750
vt 0.412500 0.343750
vt 0.400000 0.343750
vt 0.387500 0.343750
vt 0.375000 0.343750
vt 0.625000 0.343750
vt 0.612500 0.343750
vt 0.375000 0.312500
vt 0.387500 0.312500
vt 0.387500 0.687500
vt 0.375000 0.687500
vt 0.400000 0.312500
vt 0.400000 0.687500
vt 0.412500 0.312500
vt 0.412500 0.687500
vt 0.425000 0.312500
vt 0.425000 0.687500
vt 0.612500 0.312500
vt 0.625000 0.312500
vt 0.625000 0.687500
vt 0.612500 0.687500
vt 0.625000 0.656250
vt 0.612500 0.656250
vt 0.387500 0.656250
vt 0.375000 0.656250
vt 0.400000 0.656250
vt 0.412500 0.656250
vt 0.425000 0.656250
vt 0.425000 0.625000
vt 0.412500 0.625000
vt 0.400000 0.625000
vt 0.387500 0.625000
vt 0.375000 0.625000
vt 0.625000 0.625000
vt 0.612500 0.625000
vt 0.425000 0.593750
vt 0.412500 0.593750
vt 0.400000 0.593750
vt 0.387500 0.593750
vt 0.375000 0.593750
vt 0.625000 0.593750
vt 0.612500 0.593750
vt 0.425000 0.562500
vt 0.412500 0.562500
vt 0.400000 0.562500
vt 0.387500 0.562500
vt 0.375000 0.562500
vt 0.625000 0.562500
vt 0.612500 0.562500
vt 0.425000 0.531250
vt 0.412500 0.531250
vt 0.400000 0.531250
vt 0.387500 0.531250
vt 0.375000 0.531250
vt 0.625000 0.531250
vt 0.612500 0.531250
vt 0.425000 0.500000
vt 0.412500 0.500000
vt 0.400000 0.500000
vt 0.387500 0.500000
vt 0.375000 0.500000
vt 0.625000 0.500000
vt 0.612500 0.500000
vt 0.425000 0.468750
vt 0.412500 0.468750
vt 0.400000 0.468750
vt 0.387500 0.468750
vt 0.375000 0.468750
vt 0.625000 0.468750
vt 0.612500 0.468750
vt 0.425000 0.437500
vt 0.412500 0.437500
vt 0.400000 0.437500
vt 0.387500 0.437500
vt 0.375000 0.437500
vt 0.625000 0.437500
vt 0.612500 0.437500
vt 0.425000 0.406250
vt 0.412500 0.406250
vt 0.400000 0.406250
vt 0.387500 0.406250
vt 0.375000 0.406250
vt 0.625000 0.406250
vt 0.612500 0.406250
vt 0.425000 0.375000
vt 0.412500 0.375000
vt 0.400000 0.375000
vt 0.387500 0.375000
vt 0.375000 0.375000
vt 0.625000 0.375000
vt 0.612500 0.375000
vt 0.425000 0.343750
vt 0.412500 0.343750
vt 0.400000 0.343750
vt 0.387500 0.343750
vt 0.375000 0.343750
vt 0.625000 0.343750
vt 0.612500 0.343750
vt 0.412500 0.687500
vt 0.425000 0.687500
vt 0.400000 0.687500
vt 0.387500 0.687500
vt 0.375000 0.687500
vt 0.612500 0.687500
vt 0.625000 0.687500
vt 0.612500 0.687500
vt 0.625000 0.687500
vt 0.375000 0.687500
vt 0.387500 0.687500
vt 0.400000 0.687500
vt 0.412500 0.687500
vt 0.425000 0.687500
vt 0.612500 0.687500
vt 0.625000 0.687500
vt 0.375000 0.687500
vt 0.387500 0.687500
vt 0.400000 0.687500
vt 0.412500 0.687500
vt 0.425000 0.687500
vt 0.612500 0.687500
vt 0.625000 0.687500
vt 0.375000 0.687500
vt 0.387500 0.687500
vt 0.400000 0.687500
vt 0.412500 0.687500
vt 0.425000 0.687500
vt 0.612500 0.687500
vt 0.625000 0.687500
vt 0.375000 0.687500
vt 0.387500 0.687500
vt 0.400000 0.687500
vt 0.412500 0.687500
vt 0.425000 0.687500
vt 0.612500 0.687500
vt 0.625000 0.687500
vt 0.375000 0.687500
vt 0.387500 0.687500
vt 0.400000 0.687500
vt 0.412500 0.687500
vt 0.425000 0.687500
vt 0.612500 0.687500
vt 0.625000 0.687500
vt 0.375000 0.687500
vt 0.387500 0.687500
vt 0.400000 0.687500
vt 0.412500 0.687500
vt 0.425000 0.687500
vt 0.612500 0.687500
vt 0.625000 0.687500
vt 0.375000 0.687500
vt 0.387500 0.687500
vt 0.400000 0.687500
vt 0.412500 0.687500
vt 0.425000 0.687500
vt 0.612500 0.687500
vt 0.625000 0.687500
vt 0.375000 0.687500
vt 0.387500 0.687500
vt 0.400000 0.687500
vt 0.412500 0.687500
vt 0.425000 0.687500
vt 0.612500 0.687500
vt 0.625000 0.687500
vt 0.375000 0.687500
vt 0.387500 0.687500
vt 0.400000 0.687500
vt 0.412500 0.687500
vt 0.425000 0.687500
vt 0.612500 0.687500
vt 0.625000 0.687500
vt 0.375000 0.687500
vt 0.387500 0.687500
vt 0.400000 0.687500
vt 0.412500 0.687500
vt 0.425000 0.687500
vt 0.375000 0.000000
vt 0.625000 0.000000
vt 0.625000 0.250000
vt 0.375000 0.250000
vt 0.625000 0.500000
vt 0.375000 0.500000
vt 0.625000 0.750000
vt 0.375000 0.750000
vt 0.625000 1.000000
vt 0.375000 1.000000
vt 0.875000 0.000000
vt 0.875000 0.250000
vt 0.125000 0.000000
vt 0.125000 0.250000
vt 0.375000 0.085220
vt 0.625000 0.000000
vt 0.625000 0.250000
vt 0.375000 0.932579
vt 0.625000 0.500000
vt 0.375000 0.500000
vt 0.625000 0.750000
vt 0.375000 0.750000
vt 0.625000 1.000000
vt 0.375000 1.000000
vt 0.875000 0.000000
vt 0.875000 0.250000
vt 0.125000 0.085220
vt 0.125000 0.932579
vt -3.426678 0.566917
vt 4.385998 0.566917
vt 4.385998 0.920534
vt -3.426678 0.920534
vt 0.625000 0.500000
vt 0.375000 0.500000
vt 0.625000 0.750000
vt 0.375000 0.750000
vt 0.625000 1.000000
vt 0.375000 1.000000
vt 0.875000 0.000000
vt 0.875000 0.250000
vt 0.125000 0.000000
vt 0.125000 0.250000
vt 0.375000 0.000000
vt 0.625000 0.000000
vt 0.625000 0.250000
vt 0.375000 0.250000
vt 0.625000 0.500000
vt 0.375000 0.500000
vt 0.625000 0.750000
vt 0.375000 0.750000
vt 0.625000 1.000000
vt 0.375000 1.000000
vt 0.875000 0.000000
vt 0.875000 0.250000
vt 0.125000 0.000000
vt 0.125000 0.250000
vt 0.375000 1.000000
vt 0.375000 0.750000
vt 0.625000 0.750000
vt 0.625000 1.000000
vt 0.000000 -0.000000
vt 0.000000 1.000000
vt 1.000000 1.000000
vt 1.000000 -0.000000
vt 0.375000 0.500000
vt 0.625000 0.500000
vt 0.411551 0.250000
vt 0.572276 0.250000
vt 0.572276 0.000000
vt 0.411551 0.000000
vt 1.000000 0.000000
vt 1.000000 1.000000
vt 0.000000 1.000000
vt 0.000000 0.000000
vt 0.411551 0.500000
vt 0.572276 0.500000
vt 0.411551 0.750000
vt 0.572276 0.750000
vt 0.000000 -0.000000
vt 1.000000 -0.000000
vt 1.000000 1.000000
vt 0.000000 1.000000
vt 0.125313 0.976129
vt 0.917993 0.976129
vt 0.917993 0.072713
vt 0.125313 0.072713
vt 0.875000 0.000000
vt 0.875000 0.250000
vt 0.625000 0.250000
vt 0.625000 0.000000
vt 0.869032 0.031328
vt 0.643178 0.031328
vt 0.643178 0.229498
vt 0.869032 0.229498
vt 0.625000 0.250000
vt 0.375000 0.250000
vt 0.562500 0.312500
vt 0.562500 0.687500
vt 0.575000 0.687500
vt 0.575000 0.312500
vt 0.587500 0.687500
vt 0.587500 0.312500
vt 0.600000 0.687500
vt 0.600000 0.312500
vt 0.612500 0.687500
vt 0.612500 0.312500
vt 0.625000 0.687500
vt 0.625000 0.312500
vt 0.562500 0.312500
vt 0.575000 0.312500
vt 0.575000 0.687500
vt 0.562500 0.687500
vt 0.587500 0.312500
vt 0.587500 0.687500
vt 0.600000 0.312500
vt 0.600000 0.687500
vt 0.612500 0.312500
vt 0.612500 0.687500
vt 0.625000 0.312500
vt 0.625000 0.687500
vt 0.625000 0.312500
vt 0.612500 0.312500
vt 0.612500 0.343750
vt 0.625000 0.343750
vt 0.600000 0.312500
vt 0.600000 0.343750
vt 0.587500 0.312500
vt 0.587500 0.343750
vt 0.575000 0.312500
vt 0.575000 0.343750
vt 0.562500 0.312500
vt 0.562500 0.343750
vt 0.562500 0.375000
vt 0.575000 0.375000
vt 0.587500 0.375000
vt 0.600000 0.375000
vt 0.612500 0.375000
vt 0.625000 0.375000
vt 0.562500 0.406250
vt 0.575000 0.406250
vt 0.587500 0.406250
vt 0.600000 0.406250
vt 0.612500 0.406250
vt 0.625000 0.406250
vt 0.562500 0.437500
vt 0.575000 0.437500
vt 0.587500 0.437500
vt 0.600000 0.437500
vt 0.612500 0.437500
vt 0.625000 0.437500
vt 0.562500 0.468750
vt 0.575000 0.468750
vt 0.587500 0.468750
vt 0.600000 0.468750
vt 0.612500 0.468750
vt 0.625000 0.468750
vt 0.562500 0.500000
vt 0.575000 0.500000
vt 0.587500 0.500000
vt 0.600000 0.500000
vt 0.612500 0.500000
vt 0.625000 0.500000
vt 0.562500 0.531250
vt 0.575000 0.531250
vt 0.587500 0.531250
vt 0.600000 0.531250
vt 0.612500 0.531250
vt 0.625000 0.531250
vt 0.562500 0.562500
vt 0.575000 0.562500
vt 0.587500 0.562500
vt 0.600000 0.562500
vt 0.612500 0.562500
vt 0.625000 0.562500
vt 0.562500 0.593750
vt 0.575000 0.593750
vt 0.587500 0.593750
vt 0.600000 0.593750
vt 0.612500 0.593750
vt 0.625000 0.593750
vt 0.562500 0.625000
vt 0.575000 0.625000
vt 0.587500 0.625000
vt 0.600000 0.625000
vt 0.612500 0.625000
vt 0.625000 0.625000
vt 0.562500 0.656250
vt 0.575000 0.656250
vt 0.587500 0.656250
vt 0.600000 0.656250
vt 0.612500 0.656250
vt 0.625000 0.656250
vt 0.562500 0.312500
vt 0.562500 0.687500
vt 0.575000 0.687500
vt 0.575000 0.312500
vt 0.587500 0.687500
vt 0.587500 0.312500
vt 0.600000 0.687500
vt 0.600000 0.312500
vt 0.612500 0.687500
vt 0.612500 0.312500
vt 0.625000 0.687500
vt 0.625000 0.312500
vt 0.562500 0.312500
vt 0.562500 0.687500
vt 0.575000 0.687500
vt 0.575000 0.312500
vt 0.587500 0.687500
vt 0.587500 0.312500
vt 0.600000 0.687500
vt 0.600000 0.312500
vt 0.612500 0.687500
vt 0.612500 0.312500
vt 0.625000 0.687500
vt 0.625000 0.312500
vt 0.612500 0.656250
vt 0.625000 0.656250
vt 0.600000 0.656250
vt 0.587500 0.656250
vt 0.575000 0.656250
vt 0.562500 0.656250
vt 0.562500 0.625000
vt 0.575000 0.625000
vt 0.587500 0.625000
vt 0.600000 0.625000
vt 0.612500 0.625000
vt 0.625000 0.625000
vt 0.562500 0.593750
vt 0.575000 0.593750
vt 0.587500 0.593750
vt 0.600000 0.593750
vt 0.612500 0.593750
vt 0.625000 0.593750
vt 0.562500 0.562500
vt 0.575000 0.562500
vt 0.587500 0.562500
vt 0.600000 0.562500
vt 0.612500 0.562500
vt 0.625000 0.562500
vt 0.562500 0.531250
vt 0.575000 0.531250
vt 0.587500 0.531250
vt 0.600000 0.531250
vt 0.612500 0.531250
vt 0.625000 0.531250
vt 0.562500 0.500000
vt 0.575000 0.500000
vt 0.587500 0.500000
vt 0.600000 0.500000
vt 0.612500 0.500000
vt 0.625000 0.500000
vt 0.562500 0.468750
vt 0.575000 0.468750
vt 0.587500 0.468750
vt 0.600000 0.468750
vt 0.612500 0.468750
vt 0.625000 0.468750
vt 0.562500 0.437500
vt 0.575000 0.437500
vt 0.587500 0.437500
vt 0.600000 0.437500
vt 0.612500 0.437500
vt 0.625000 0.437500
vt 0.562500 0.406250
vt 0.575000 0.406250
vt 0.587500 0.406250
vt 0.600000 0.406250
vt 0.612500 0.406250
vt 0.625000 0.406250
vt 0.562500 0.375000
vt 0.575000 0.375000
vt 0.587500 0.375000
vt 0.600000 0.375000
vt 0.612500 0.375000
vt 0.625000 0.375000
vt 0.562500 0.343750
vt 0.575000 0.343750
vt 0.587500 0.343750
vt 0.600000 0.343750
vt 0.612500 0.343750
vt 0.625000 0.343750
vt 0.612500 0.656250
vt 0.625000 0.656250
vt 0.600000 0.656250
vt 0.587500 0.656250
vt 0.575000 0.656250
vt 0.562500 0.656250
vt 0.562500 0.625000
vt 0.575000 0.625000
vt 0.587500 0.625000
vt 0.600000 0.625000
vt 0.612500 0.625000
vt 0.625000 0.625000
vt 0.562500 0.593750
vt 0.575000 0.593750
vt 0.587500 0.593750
vt 0.600000 0.593750
vt 0.612500 0.593750
vt 0.625000 0.593750
vt 0.562500 0.562500
vt 0.575000 0.562500
vt 0.587500 0.562500
vt 0.600000 0.562500
vt 0.612500 0.562500
vt 0.625000 0.562500
vt 0.562500 0.531250
vt 0.575000 0.531250
vt 0.587500 0.531250
vt 0.600000 0.531250
vt 0.612500 0.531250
vt 0.625000 0.531250
vt 0.562500 0.500000
vt 0.575000 0.500000
vt 0.587500 0.500000
vt 0.600000 0.500000
vt 0.612500 0.500000
vt 0.625000 0.500000
vt 0.562500 0.468750
vt 0.575000 0.468750
vt 0.587500 0.468750
vt 0.600000 0.468750
vt 0.612500 0.468750
vt 0.625000 0.468750
vt 0.562500 0.437500
vt 0.575000 0.437500
vt 0.587500 0.437500
vt 0.600000 0.437500
vt 0.612500 0.437500
vt 0.625000 0.437500
vt 0.562500 0.406250
vt 0.575000 0.406250
vt 0.587500 0.406250
vt 0.600000 0.406250
vt 0.612500 0.406250
vt 0.625000 0.406250
vt 0.562500 0.375000
vt 0.575000 0.375000
vt 0.587500 0.375000
vt 0.600000 0.375000
vt 0.612500 0.375000
vt 0.625000 0.375000
vt 0.562500 0.343750
vt 0.575000 0.343750
vt 0.587500 0.343750
vt 0.600000 0.343750
vt 0.612500 0.343750
vt 0.625000 0.343750
vt 0.575000 0.312500
vt 0.562500 0.312500
vt 0.587500 0.312500
vt 0.600000 0.312500
vt 0.612500 0.312500
vt 0.625000 0.312500
vt 0.625000 0.312500
vt 0.612500 0.312500
vt 0.600000 0.312500
vt 0.587500 0.312500
vt 0.575000 0.312500
vt 0.562500 0.312500
vt 0.625000 0.312500
vt 0.612500 0.312500
vt 0.600000 0.312500
vt 0.587500 0.312500
vt 0.575000 0.312500
vt 0.562500 0.312500
vt 0.625000 0.312500
vt 0.612500 0.312500
vt 0.600000 0.312500
vt 0.587500 0.312500
vt 0.575000 0.312500
vt 0.562500 0.312500
vt 0.625000 0.312500
vt 0.612500 0.312500
vt 0.600000 0.312500
vt 0.587500 0.312500
vt 0.575000 0.312500
vt 0.562500 0.312500
vt 0.625000 0.312500
vt 0.612500 0.312500
vt 0.600000 0.312500
vt 0.587500 0.312500
vt 0.575000 0.312500
vt 0.562500 0.312500
vt 0.625000 0.312500
vt 0.612500 0.312500
vt 0.600000 0.312500
vt 0.587500 0.312500
vt 0.575000 0.312500
vt 0.562500 0.312500
vt 0.625000 0.312500
vt 0.612500 0.312500
vt 0.600000 0.312500
vt 0.587500 0.312500
vt 0.575000 0.312500
vt 0.562500 0.312500
vt 0.625000 0.312500
vt 0.612500 0.312500
vt 0.600000 0.312500
vt 0.587500 0.312500
vt 0.575000 0.312500
vt 0.562500 0.312500
vt 0.625000 0.312500
vt 0.612500 0.312500
vt 0.600000 0.312500
vt 0.587500 0.312500
vt 0.575000 0.312500
vt 0.562500 0.312500
vt 0.625000 0.312500
vt 0.612500 0.312500
vt 0.600000 0.312500
vt 0.587500 0.312500
vt 0.575000 0.312500
vt 0.562500 0.312500
vt 0.351397 0.107966
vt 0.373591 0.064409
vt 0.445696 0.116796
vt 0.464927 0.144854
vt 0.408159 0.029841
vt 0.451716 0.007647
vt 0.479006 0.091637
vt 0.461682 0.103510
vt 0.500000 -0.000000
vt 0.500000 0.077247
vt 0.548284 0.007647
vt 0.533024 0.054613
vt 0.403733 0.312500
vt 0.412500 0.312500
vt 0.412500 0.687500
vt 0.403733 0.687500
vt 0.533024 0.945387
vt 0.548284 0.992353
vt 0.500000 1.000000
vt 0.500000 0.922752
vt 0.437500 0.312500
vt 0.437500 0.687500
vt 0.425000 0.687500
vt 0.425000 0.312500
vt 0.569570 0.312500
vt 0.569570 0.687500
vt 0.562500 0.687500
vt 0.562500 0.312500
vt 0.550000 0.687500
vt 0.550000 0.312500
vt 0.537500 0.687500
vt 0.537500 0.312500
vt 0.500000 0.843750
vt 0.476998 0.860462
vt 0.467854 0.854195
vt 0.484248 0.865431
vt 0.491369 0.870313
vt 0.500000 0.876228
vt 0.513576 0.885533
vt 0.547003 0.908444
vt 0.500000 0.156250
vt 0.351397 0.204534
vt 0.343750 0.156250
vt 0.373591 0.248091
vt 0.578835 0.023214
vt 0.578835 0.976786
vt 0.408159 0.282659
vt 0.548284 0.304853
vt 0.500000 0.312500
vt 0.451716 0.304853
vt 0.500000 0.687500
vt 0.548284 0.695147
vt 0.451716 0.695147
vt 0.466306 0.146866
vt 0.467854 0.145805
vt 0.444610 0.115211
vt 0.538221 0.208856
vt 0.522916 0.219346
vt 0.572919 0.292300
vt 0.572919 0.707700
vt 0.522916 0.780654
vt 0.538221 0.791144
vt 0.375000 0.725991
vt 0.399968 0.725991
vt 0.425304 0.725991
vt 0.456008 0.725991
vt 0.504306 0.725991
vt 0.571306 0.725991
vt 0.571306 0.519886
vt 0.504307 0.519886
vt 0.456008 0.519886
vt 0.425304 0.519886
vt 0.399968 0.519886
vt 0.375000 0.519886
vt 0.375000 0.000000
vt 0.625000 0.000000
vt 0.625000 0.250000
vt 0.375000 0.250000
vt 0.625000 0.500000
vt 0.375000 0.500000
vt 0.625000 0.750000
vt 0.375000 0.750000
vt 0.625000 1.000000
vt 0.375000 1.000000
vt 0.875000 0.000000
vt 0.875000 0.250000
vt 0.125000 0.000000
vt 0.125000 0.250000
vt 0.375000 0.000000
vt 0.625000 0.000000
vt 0.625000 0.250000
vt 0.375000 0.250000
vt 0.388780 0.040276
vt 0.388780 0.227893
vt 0.611220 0.227893
vt 0.611220 0.040276
vt 0.000000 0.000000
vt 1.000001 0.000000
vt 1.000000 1.000000
vt 0.000000 1.000000
vt 0.161106 0.068251
vt 0.161105 0.945646
vt 0.911571 0.945646
vt 0.911572 0.068251
vt 0.125000 0.250000
vt 0.125000 0.000000
vt 0.375000 1.000000
vt 0.375000 0.750000
vt 0.625000 0.750000
vt 0.625000 1.000000
vt 0.625000 0.500000
vt 0.375000 0.500000
vt 0.375000 0.271853
vt 0.375000 0.421000
vt 0.625000 0.421000
vt 0.625000 0.271853
vt 0.646853 0.250000
vt 0.796000 0.250000
vt 0.796000 0.000000
vt 0.646853 0.000000
vt 0.353147 0.000000
vt 0.204000 0.000000
vt 0.204000 0.250000
vt 0.353147 0.250000
vt 0.375000 0.978147
vt 0.625000 0.978147
vt 0.625000 0.829000
vt 0.375000 0.829000
vt 0.033860 0.179935
vt 0.033860 0.179935
vt 0.033860 0.919376
vt 0.033860 0.919376
vt 0.375000 0.250000
vt 0.625000 0.250000
vt 0.625000 0.500000
vt 0.375000 0.500000
vt 0.999999 0.919376
vt 0.999999 0.919376
vt 0.999999 0.179935
vt 0.999999 0.179935
vt 0.375000 0.750000
vt 0.625000 0.750000
vt 0.625000 1.000000
vt 0.375000 1.000000
vt 0.625000 0.000000
vt 0.875000 0.000000
vt 0.875000 0.250000
vt 0.125000 0.000000
vt 0.375000 0.000000
vt 0.125000 0.250000
vt 0.375000 0.312500
vt 0.387500 0.312500
vt 0.387500 0.687500
vt 0.375000 0.687500
vt 0.400000 0.312500
vt 0.400000 0.687500
vt 0.412500 0.312500
vt 0.412500 0.687500
vt 0.425000 0.312500
vt 0.425000 0.687500
vt 0.437500 0.312500
vt 0.437500 0.687500
vt 0.450000 0.312500
vt 0.450000 0.687500
vt 0.462500 0.312500
vt 0.462500 0.687500
vt 0.475000 0.312500
vt 0.475000 0.687500
vt 0.487500 0.312500
vt 0.487500 0.687500
vt 0.500000 0.312500
vt 0.500000 0.687500
vt 0.512500 0.312500
vt 0.512500 0.687500
vt 0.525000 0.312500
vt 0.525000 0.687500
vt 0.537500 0.312500
vt 0.537500 0.687500
vt 0.550000 0.312500
vt 0.550000 0.687500
vt 0.562500 0.312500
vt 0.562500 0.687500
vt 0.575000 0.312500
vt 0.575000 0.687500
vt 0.587500 0.312500
vt 0.587500 0.687500
vt 0.600000 0.312500
vt 0.600000 0.687500
vt 0.612500 0.312500
vt 0.612500 0.687500
vt 0.625000 0.312500
vt 0.625000 0.687500
vt 0.626409 0.064408
vt 0.648603 0.107966
vt 0.500000 0.156250
vt 0.591842 0.029841
vt 0.548284 0.007647
vt 0.500000 -0.000000
vt 0.451716 0.007647
vt 0.408159 0.029841
vt 0.373591 0.064409
vt 0.351397 0.107966
vt 0.343750 0.156250
vt 0.351397 0.204534
vt 0.373591 0.248091
vt 0.408159 0.282659
vt 0.451716 0.304853
vt 0.500000 0.312500
vt 0.548284 0.304853
vt 0.591841 0.282659
vt 0.626409 0.248091
vt 0.648603 0.204534
vt 0.656250 0.156250
vt 0.648603 0.892034
vt 0.626409 0.935591
vt 0.500000 0.843750
vt 0.591841 0.970159
vt 0.548284 0.992353
vt 0.500000 1.000000
vt 0.451716 0.992353
vt 0.408159 0.970159
vt 0.373591 0.935591
vt 0.351397 0.892034
vt 0.343750 0.843750
vt 0.351397 0.795466
vt 0.373591 0.751909
vt 0.408159 0.717341
vt 0.451716 0.695147
vt 0.500000 0.687500
vt 0.548284 0.695147
vt 0.591842 0.717341
vt 0.626409 0.751908
vt 0.648603 0.795466
vt 0.656250 0.843750
vt 0.375000 0.000000
vt 0.625000 0.000000
vt 0.625000 0.250000
vt 0.375000 0.250000
vt 4.575642 0.463696
vt -3.575642 0.463696
vt 4.575642 0.786304
vt -3.575642 0.786304
vt 0.625000 1.000000
vt 0.375000 1.000000
vt 0.875000 0.000000
vt 0.875000 0.250000
vt 0.125000 0.000000
vt 0.125000 0.250000
vt 0.375000 0.000000
vt 0.625000 0.000000
vt 0.625000 0.250000
vt 0.375000 0.250000
vt 0.375000 1.000000
vt 0.375000 0.960346
vt 0.375000 0.927256
vt 0.375000 0.902830
vt 0.375000 0.872570
vt 0.375000 0.848336
vt 0.375000 0.822443
vt 0.375000 0.778638
vt 0.375000 0.765732
vt 0.625000 0.783981
vt 0.625000 0.827440
vt 0.625000 0.850129
vt 0.625000 0.870973
vt 0.625000 0.897177
vt 0.625000 0.922692
vt 0.625000 0.956444
vt 0.625000 0.983204
vt 0.625000 1.000000
vt 0.625000 0.500000
vt 0.375000 0.500000
vt 0.375000 0.750000
vt 0.625000 0.750000
vt 0.435836 0.250000
vt 0.544496 0.250000
vt 0.544496 0.000000
vt 0.435836 0.000000
vt 0.544496 0.769859
vt 0.435836 0.764781
vt 0.544496 0.818991
vt 0.435836 0.500000
vt 0.544496 0.500000
vt 0.435836 0.750000
vt 0.544496 0.750000
vt -0.000001 1.000000
vt 0.999999 1.000000
vt 0.999999 0.000000
vt -0.000001 0.000000
vt -0.000001 0.062926
vt 0.115592 0.114550
vt 0.370033 0.289773
vt 0.432291 0.393344
vt 0.450793 0.490281
vt 0.426585 0.611322
vt 0.323719 0.709026
vt 0.142523 0.841382
vt 0.067916 0.067917
vt 0.932083 0.067917
vt 0.932083 0.932083
vt 0.067916 0.932083
vt 0.210439 0.841860
vt 0.391636 0.709815
vt 0.494502 0.610404
vt 0.518709 0.491216
vt 0.500209 0.395462
vt 0.437951 0.293413
vt 0.183509 0.119011
vt 0.875000 0.000000
vt 0.875000 0.250000
vt 0.640656 0.001141
vt 0.665598 0.002958
vt 0.697057 0.005250
vt 0.720840 0.006983
vt 0.745264 0.008763
vt 0.764693 0.010179
vt 0.785840 0.011720
vt 0.826347 0.014671
vt 0.842503 0.015848
vt 0.858021 0.016979
vt 0.840859 0.016979
vt 0.798401 0.016979
vt 0.775197 0.016979
vt 0.753738 0.016979
vt 0.728261 0.016979
vt 0.702366 0.016979
vt 0.670255 0.016979
vt 0.641979 0.016979
vt 0.641979 0.233021
vt 0.858021 0.233021
vt 0.435836 0.815235
vt 0.435836 0.844757
vt 0.544496 0.845842
vt 0.435836 0.872459
vt 0.544496 0.870675
vt 0.435836 0.906940
vt 0.544496 0.900155
vt 0.435836 0.935699
vt 0.544496 0.930121
vt 0.435836 0.973899
vt 0.544496 0.967279
vt 0.435836 1.000000
vt 0.544496 1.000000
vt 0.625000 0.766648
vt 0.375000 0.000000
vt 0.625000 0.000000
vt 0.625000 0.250000
vt 0.375000 0.250000
vt 0.625000 0.500000
vt 0.375000 0.500000
vt 0.625000 0.750000
vt 0.375000 0.750000
vt 0.625000 1.000000
vt 0.375000 1.000000
vt 0.875000 0.000000
vt 0.875000 0.250000
vt 0.125000 0.000000
vt 0.125000 0.250000
vt 0.375000 0.000000
vt 0.625000 0.000000
vt 0.625000 0.250000
vt 0.375000 0.250000
vt 0.375000 1.000000
vt 0.375000 0.750000
vt 0.625000 0.750000
vt 0.625000 1.000000
vt 0.625000 0.500000
vt 0.375000 0.500000
vt 0.477468 0.250000
vt 0.529729 0.250000
vt 0.529729 0.000000
vt 0.477468 0.000000
vt 0.477468 0.750000
vt 0.477468 1.000000
vt 0.529729 1.000000
vt 0.529729 0.750000
vt 0.477468 0.500000
vt 0.529729 0.500000
vt 0.125000 0.250000
vt 0.125000 0.000000
vt 0.188103 0.211866
vt 0.188103 0.248989
vt 0.350823 0.248989
vt 0.350823 0.211866
vt 0.000000 0.000000
vt 1.000000 0.000000
vt 1.000000 1.000000
vt 0.000000 1.000000
vt 0.747589 0.838731
vt 0.096710 0.838731
vt 0.096710 0.995956
vt 0.747589 0.995956
vt 0.375000 0.000000
vt 0.625000 0.000000
vt 0.625000 0.250000
vt 0.375000 0.250000
vt 0.625000 0.500000
vt 0.375000 0.500000
vt 0.625000 0.750000
vt 0.375000 0.750000
vt 0.625000 1.000000
vt 0.375000 1.000000
vt 0.875000 0.000000
vt 0.875000 0.250000
vt 0.125000 0.000000
vt 0.125000 0.250000
vt 0.375000 0.000000
vt 0.625000 0.000000
vt 0.625000 0.250000
vt 0.375000 0.250000
vt 0.625000 0.500000
vt 0.375000 0.500000
vt 0.625000 0.750000
vt 0.375000 0.750000
vt 0.625000 1.000000
vt 0.375000 1.000000
vt 0.875000 0.000000
vt 0.875000 0.250000
vt 0.125000 0.000000
vt 0.125000 0.250000
vt 0.375000 0.000000
vt 0.625000 0.000000
vt 0.007312 0.040157
vt 0.025939 1.006906
vt 0.974061 0.021529
vt 0.992688 0.988278
vt 0.625000 0.750000
vt 0.375000 0.750000
vt 0.625000 1.000000
vt 0.375000 1.000000
vt 0.875000 0.000000
vt 0.875000 0.250000
vt 0.125000 0.000000
vt 0.125000 0.250000
vt 1.259137 0.411729
vt 1.258071 0.447214
vt 0.741622 0.361805
vt 0.740556 0.361803
vt 1.538619 0.227072
vt 1.491425 0.490548
vt 0.545029 0.313672
vt 0.620768 -0.080615
vt 1.452818 0.728975
vt 0.494917 0.549948
vt 1.426589 0.919016
vt 0.450738 0.736634
vt 1.415303 1.042067
vt 2.382779 1.222882
vt 2.416697 1.104061
vt -0.550656 0.674640
vt -0.545925 0.718651
vt 0.396512 0.894787
vt 0.416819 0.855456
vt 1.281255 1.000000
vt 1.289042 0.972945
vt 0.710661 0.972945
vt 0.718444 1.000000
vt 1.315932 0.447214
vt 1.685186 0.447214
vt 1.685978 0.618035
vt 1.315142 0.618035
vt 1.688311 0.772134
vt 1.312816 0.772134
vt 1.692047 0.894428
vt 1.309089 0.894428
vt 1.696945 0.972945
vt 1.304204 0.972945
vt 1.702632 1.000000
vt 1.298530 1.000000
vt 1.708609 0.972945
vt 1.292565 0.972945
vt 0.684132 0.447214
vt 0.684922 0.618035
vt 0.314085 0.618035
vt 0.314877 0.447214
vt 0.687247 0.772134
vt 0.311753 0.772134
vt 0.690974 0.894428
vt 0.308016 0.894428
vt 0.695859 0.972945
vt 0.303119 0.972945
vt 0.701534 1.000000
vt 0.297431 1.000000
vt 0.707499 0.972945
vt 0.291455 0.972945
vt 0.288694 0.972945
vt 0.281099 1.000000
vt 0.283284 1.000000
vt 0.290752 0.972945
vt 0.273791 0.972945
vt 0.276099 0.972945
vt 0.267437 0.894428
vt 0.269853 0.894428
vt 0.262551 0.772134
vt 0.265050 0.772134
vt 0.259485 0.618035
vt 0.262037 0.618035
vt 0.258442 0.447214
vt 0.261011 0.447214
vt 0.259485 0.276394
vt 0.262037 0.382734
vt 0.265345 0.382734
vt 0.264398 0.447214
vt 0.265345 0.618035
vt 0.268127 0.772134
vt 0.272566 0.894428
vt 0.278352 0.972945
vt 0.285025 1.000000
vt 0.291982 0.972945
vt 0.269517 0.276394
vt 0.268714 0.447214
vt 0.269517 0.618035
vt 0.271879 0.772134
vt 0.275658 0.894428
vt 0.280600 0.972945
vt 0.286326 1.000000
vt 0.292325 0.972945
vt 0.274521 0.276394
vt 0.273920 0.447214
vt 0.274521 0.618035
vt 0.276293 0.772134
vt 0.279135 0.894428
vt 0.282866 0.972945
vt 0.287209 1.000000
vt 0.291786 0.972945
vt 0.280209 0.276394
vt 0.279854 0.447214
vt 0.280209 0.618035
vt 0.281257 0.772134
vt 0.282941 0.894428
vt 0.285159 0.972945
vt 0.287751 1.000000
vt 0.290496 0.972945
vt 0.286268 0.276394
vt 0.286180 0.447214
vt 0.286268 0.618035
vt 0.286528 0.772134
vt 0.286947 0.894428
vt 0.287500 0.972945
vt 0.288147 1.000000
vt 0.288834 0.972945
vt 0.292304 0.276394
vt 0.292475 0.447214
vt 0.292304 0.618035
vt 0.291799 0.772134
vt 0.290986 0.894428
vt 0.289914 0.972945
vt 0.288658 1.000000
vt 0.287325 0.972945
vt 0.297978 0.276394
vt 0.298377 0.447214
vt 0.297978 0.618035
vt 0.296800 0.772134
vt 0.294907 0.894428
vt 0.292413 0.972945
vt 0.289497 1.000000
vt 0.286410 0.972945
vt 0.303073 0.276394
vt 0.303655 0.447214
vt 0.303073 0.618035
vt 0.301359 0.772134
vt 0.298606 0.894428
vt 0.294988 0.972945
vt 0.290769 1.000000
vt 0.286315 0.972945
vt 0.307484 0.276394
vt 0.308195 0.447214
vt 0.307484 0.618035
vt 0.305389 0.772134
vt 0.302030 0.894428
vt 0.297623 0.972945
vt 0.292498 1.000000
vt 0.287104 0.972945
vt 0.311142 0.276394
vt 0.311923 0.447214
vt 0.311142 0.618035
vt 0.308841 0.772134
vt 0.305155 0.894428
vt 0.300324 0.972945
vt 0.294715 1.000000
vt 0.288821 0.972945
vt 0.314085 0.276394
vt -0.291391 0.972945
vt -0.297368 1.000000
vt -0.294625 1.000000
vt -0.288736 0.972945
vt -0.303055 0.972945
vt -0.300231 0.972945
vt -0.307953 0.894428
vt -0.305057 0.894428
vt -0.311689 0.772134
vt -0.308740 0.772134
vt -0.314022 0.618035
vt -0.311040 0.618035
vt -0.314814 0.447214
vt -0.311820 0.447214
vt -0.314022 0.276394
vt -0.311040 0.276394
vt -0.307316 0.276394
vt -0.308024 0.447214
vt -0.307316 0.618035
vt -0.305232 0.772134
vt -0.301890 0.894428
vt -0.297506 0.972945
vt -0.292406 1.000000
vt -0.287039 0.972945
vt -0.302813 0.276394
vt -0.303385 0.447214
vt -0.302813 0.618035
vt -0.301125 0.772134
vt -0.298416 0.894428
vt -0.294853 0.972945
vt -0.290699 1.000000
vt -0.286313 0.972945
vt -0.297608 0.276394
vt -0.297991 0.447214
vt -0.297608 0.618035
vt -0.296478 0.772134
vt -0.294660 0.894428
vt -0.292266 0.972945
vt -0.289466 1.000000
vt -0.286500 0.972945
vt -0.291834 0.276394
vt -0.291983 0.447214
vt -0.291834 0.618035
vt -0.291394 0.772134
vt -0.290686 0.894428
vt -0.289752 0.972945
vt -0.288658 1.000000
vt -0.287497 0.972945
vt -0.285739 0.276394
vt -0.285627 0.447214
vt -0.285739 0.618035
vt -0.286072 0.772134
vt -0.286608 0.894428
vt -0.287314 0.972945
vt -0.288142 1.000000
vt -0.289020 0.972945
vt -0.279682 0.276394
vt -0.279305 0.447214
vt -0.279682 0.618035
vt -0.280795 0.772134
vt -0.282583 0.894428
vt -0.284937 0.972945
vt -0.287688 1.000000
vt -0.290600 0.972945
vt -0.274038 0.276394
vt -0.273421 0.447214
vt -0.274038 0.618035
vt -0.275856 0.772134
vt -0.278771 0.894428
vt -0.282597 0.972945
vt -0.287050 1.000000
vt -0.291741 0.972945
vt -0.269083 0.276394
vt -0.268271 0.447214
vt -0.269083 0.618035
vt -0.271470 0.772134
vt -0.275290 0.894428
vt -0.280284 0.972945
vt -0.286068 1.000000
vt -0.292128 0.972945
vt -0.264938 0.378899
vt -0.263988 0.447214
vt -0.264938 0.618035
vt -0.267730 0.772134
vt -0.272186 0.894428
vt -0.277993 0.972945
vt -0.284689 1.000000
vt -0.291670 0.972945
vt -0.261628 0.465394
vt -0.260602 0.447214
vt -0.261628 0.618035
vt -0.264644 0.772134
vt -0.269450 0.894428
vt -0.275702 0.972945
vt -0.282893 1.000000
vt -0.290368 0.972945
vt -0.259051 0.362888
vt -0.258007 0.447214
vt -0.259051 0.618035
vt -0.262117 0.772134
vt -0.267004 0.894428
vt -0.273360 0.972945
vt -0.280671 1.000000
vt -0.288269 0.972945
vt 1.283494 1.000000
vt 1.291153 0.972945
vt 1.273770 0.972945
vt 1.276131 0.972945
vt 1.267267 0.894428
vt 1.269736 0.894428
vt 1.262270 0.772134
vt 1.264822 0.772134
vt 1.259137 0.618035
vt 1.261741 0.618035
vt 1.260692 0.447214
vt 1.261741 0.411729
vt 1.265100 0.276394
vt 1.264131 0.447214
vt 1.265100 0.618035
vt 1.267952 0.772134
vt 1.272505 0.894428
vt 1.278443 0.972945
vt 1.285297 1.000000
vt 1.292447 0.972945
vt 1.269327 0.276394
vt 1.268500 0.447214
vt 1.269327 0.618035
vt 1.271762 0.772134
vt 1.275659 0.894428
vt 1.280759 0.972945
vt 1.286670 1.000000
vt 1.292869 0.972945
vt 1.274397 0.276394
vt 1.273771 0.447214
vt 1.274397 0.618035
vt 1.276244 0.772134
vt 1.279208 0.894428
vt 1.283101 0.972945
vt 1.287636 1.000000
vt 1.292418 0.972945
vt 1.280173 0.276394
vt 1.279792 0.447214
vt 1.280173 0.618035
vt 1.281296 0.772134
vt 1.283101 0.894428
vt 1.285480 0.972945
vt 1.288262 1.000000
vt 1.291209 0.972945
vt 1.286351 0.276394
vt 1.286240 0.447214
vt 1.286351 0.618035
vt 1.286681 0.772134
vt 1.287212 0.894428
vt 1.287912 0.972945
vt 1.288732 1.000000
vt 1.289604 0.972945
vt 1.292541 0.276394
vt 1.292693 0.447214
vt 1.292541 0.618035
vt 1.292094 0.772134
vt 1.291373 0.894428
vt 1.290421 0.972945
vt 1.289307 1.000000
vt 1.288123 0.972945
vt 1.298390 0.276394
vt 1.298775 0.447214
vt 1.298390 0.618035
vt 1.297254 0.772134
vt 1.295428 0.894428
vt 1.293021 0.972945
vt 1.290207 1.000000
vt 1.287224 0.972945
vt 1.303666 0.276394
vt 1.304239 0.447214
vt 1.303666 0.618035
vt 1.301978 0.772134
vt 1.299268 0.894428
vt 1.295703 0.972945
vt 1.291546 1.000000
vt 1.287156 0.972945
vt 1.308250 0.276394
vt 1.308956 0.447214
vt 1.308250 0.618035
vt 1.306169 0.772134
vt 1.302832 0.894428
vt 1.298454 0.972945
vt 1.293361 1.000000
vt 1.287998 0.972945
vt 1.312064 0.276394
vt 1.312843 0.447214
vt 1.312064 0.618035
vt 1.309770 0.772134
vt 1.306095 0.894428
vt 1.301279 0.972945
vt 1.295684 1.000000
vt 1.289804 0.972945
vt 1.315142 0.276394
vt 0.739026 0.361805
vt 0.737978 0.361803
vt 0.740556 0.618035
vt 0.737978 0.618035
vt 0.737423 0.772134
vt 0.734899 0.772134
vt 0.732427 0.894428
vt 0.729988 0.894428
vt 0.725926 0.972945
vt 0.723598 0.972945
vt 0.716242 1.000000
vt 0.708590 0.972945
vt 0.707368 0.972945
vt 0.714494 1.000000
vt 0.721324 0.972945
vt 0.727241 0.894428
vt 0.731779 0.772134
vt 0.734620 0.618035
vt 0.735586 0.447214
vt 0.734620 0.276394
vt 0.707062 0.972945
vt 0.713200 1.000000
vt 0.719052 0.972945
vt 0.724099 0.894428
vt 0.727956 0.772134
vt 0.730365 0.618035
vt 0.731183 0.447214
vt 0.730365 0.276394
vt 0.707668 0.972945
vt 0.712334 1.000000
vt 0.716758 0.972945
vt 0.720554 0.894428
vt 0.723443 0.772134
vt 0.725243 0.618035
vt 0.725854 0.447214
vt 0.725243 0.276394
vt 0.709027 0.972945
vt 0.711805 1.000000
vt 0.714425 0.972945
vt 0.716666 0.894428
vt 0.718366 0.772134
vt 0.719423 0.618035
vt 0.719781 0.447214
vt 0.719423 0.276394
vt 0.710714 0.972945
vt 0.711392 1.000000
vt 0.712030 0.972945
vt 0.712574 0.894428
vt 0.712987 0.772134
vt 0.713243 0.618035
vt 0.713330 0.447214
vt 0.713243 0.276394
vt 0.712179 0.972945
vt 0.710822 1.000000
vt 0.709544 0.972945
vt 0.708453 0.894428
vt 0.707626 0.772134
vt 0.707112 0.618035
vt 0.706938 0.447214
vt 0.707112 0.276394
vt 0.712995 0.972945
vt 0.709890 1.000000
vt 0.706958 0.972945
vt 0.704451 0.894428
vt 0.702548 0.772134
vt 0.701365 0.618035
vt 0.700964 0.447214
vt 0.701365 0.276394
vt 0.712970 0.972945
vt 0.708512 1.000000
vt 0.704289 0.972945
vt 0.700668 0.894428
vt 0.697913 0.772134
vt 0.696198 0.618035
vt 0.695616 0.447214
vt 0.696198 0.276394
vt 0.712064 0.972945
vt 0.706675 1.000000
vt 0.701555 0.972945
vt 0.697154 0.894428
vt 0.693799 0.772134
vt 0.691707 0.618035
vt 0.690997 0.447214
vt 0.691707 0.276394
vt 0.710238 0.972945
vt 0.704353 1.000000
vt 0.698754 0.972945
vt 0.693934 0.894428
vt 0.690256 0.772134
vt 0.687960 0.618035
vt 0.687181 0.447214
vt 0.687960 0.276394
vt 0.684922 0.276394
vt 0.033861 0.179935
vt 0.033861 0.179935
vt 0.033861 0.919376
vt 0.033861 0.919376
vt 0.375000 0.250000
vt 0.625000 0.250000
vt 0.625000 0.500000
vt 0.375000 0.500000
vt 1.000000 0.919376
vt 1.000000 0.919376
vt 1.000000 0.179935
vt 1.000000 0.179935
vt 0.375000 0.750000
vt 0.625000 0.750000
vt 0.625000 1.000000
vt 0.375000 1.000000
vt 0.625000 0.000000
vt 0.875000 0.000000
vt 0.875000 0.250000
vt 0.125000 0.000000
vt 0.375000 0.000000
vt 0.125000 0.250000
vt 0.000000 0.600000
vt 0.050000 0.600000
vt 0.050000 0.650000
vt 0.000000 0.650000
vt 0.100000 0.600000
vt 0.100000 0.650000
vt 0.150000 0.600000
vt 0.150000 0.650000
vt 0.200000 0.600000
vt 0.200000 0.650000
vt 0.250000 0.600000
vt 0.250000 0.650000
vt 0.650000 0.600000
vt 0.700000 0.600000
vt 0.700000 0.650000
vt 0.650000 0.650000
vt 0.750000 0.600000
vt 0.750000 0.650000
vt 0.800000 0.600000
vt 0.800000 0.650000
vt 0.850000 0.600000
vt 0.850000 0.650000
vt 0.900000 0.600000
vt 0.900000 0.650000
vt 0.950000 0.600000
vt 0.950000 0.650000
vt 1.000000 0.600000
vt 1.000000 0.650000
vt 0.050000 0.700000
vt 0.000000 0.700000
vt 0.100000 0.700000
vt 0.150000 0.700000
vt 0.200000 0.700000
vt 0.250000 0.700000
vt 0.700000 0.700000
vt 0.650000 0.700000
vt 0.750000 0.700000
vt 0.800000 0.700000
vt 0.850000 0.700000
vt 0.900000 0.700000
vt 0.950000 0.700000
vt 1.000000 0.700000
vt 0.050000 0.750000
vt 0.000000 0.750000
vt 0.100000 0.750000
vt 0.150000 0.750000
vt 0.200000 0.750000
vt 0.250000 0.750000
vt 0.700000 0.750000
vt 0.650000 0.750000
vt 0.750000 0.750000
vt 0.800000 0.750000
vt 0.850000 0.750000
vt 0.900000 0.750000
vt 0.950000 0.750000
vt 1.000000 0.750000
vt 0.050000 0.800000
vt 0.000000 0.800000
vt 0.100000 0.800000
vt 0.150000 0.800000
vt 0.200000 0.800000
vt 0.250000 0.800000
vt 0.300000 0.750000
vt 0.300000 0.800000
vt 0.600000 0.750000
vt 0.650000 0.800000
vt 0.600000 0.800000
vt 0.700000 0.800000
vt 0.750000 0.800000
vt 0.800000 0.800000
vt 0.850000 0.800000
vt 0.900000 0.800000
vt 0.950000 0.800000
vt 1.000000 0.800000
vt 0.050000 0.850000
vt 0.000000 0.850000
vt 0.100000 0.850000
vt 0.150000 0.850000
vt 0.200000 0.850000
vt 0.250000 0.850000
vt 0.300000 0.850000
vt 0.350000 0.800000
vt 0.350000 0.850000
vt 0.550000 0.800000
vt 0.600000 0.850000
vt 0.550000 0.850000
vt 0.650000 0.850000
vt 0.700000 0.850000
vt 0.750000 0.850000
vt 0.800000 0.850000
vt 0.850000 0.850000
vt 0.900000 0.850000
vt 0.950000 0.850000
vt 1.000000 0.850000
vt 0.050000 0.900000
vt 0.000000 0.900000
vt 0.100000 0.900000
vt 0.150000 0.900000
vt 0.200000 0.900000
vt 0.250000 0.900000
vt 0.300000 0.900000
vt 0.350000 0.900000
vt 0.400000 0.850000
vt 0.400000 0.900000
vt 0.450000 0.850000
vt 0.450000 0.900000
vt 0.500000 0.850000
vt 0.500000 0.900000
vt 0.550000 0.900000
vt 0.600000 0.900000
vt 0.650000 0.900000
vt 0.700000 0.900000
vt 0.750000 0.900000
vt 0.800000 0.900000
vt 0.850000 0.900000
vt 0.900000 0.900000
vt 0.950000 0.900000
vt 1.000000 0.900000
vt 0.050000 0.950000
vt 0.000000 0.950000
vt 0.100000 0.950000
vt 0.150000 0.950000
vt 0.200000 0.950000
vt 0.250000 0.950000
vt 0.300000 0.950000
vt 0.350000 0.950000
vt 0.400000 0.950000
vt 0.450000 0.950000
vt 0.500000 0.950000
vt 0.550000 0.950000
vt 0.600000 0.950000
vt 0.650000 0.950000
vt 0.700000 0.950000
vt 0.750000 0.950000
vt 0.800000 0.950000
vt 0.850000 0.950000
vt 0.900000 0.950000
vt 0.950000 0.950000
vt 1.000000 0.950000
vt 0.025000 1.000000
vt 0.075000 1.000000
vt 0.125000 1.000000
vt 0.175000 1.000000
vt 0.225000 1.000000
vt 0.275000 1.000000
vt 0.325000 1.000000
vt 0.375000 1.000000
vt 0.425000 1.000000
vt 0.475000 1.000000
vt 0.525000 1.000000
vt 0.575000 1.000000
vt 0.625000 1.000000
vt 0.675000 1.000000
vt 0.725000 1.000000
vt 0.775000 1.000000
vt 0.825000 1.000000
vt 0.875000 1.000000
vt 0.925000 1.000000
vt 0.975000 1.000000
vt 0.200000 0.600000
vt 0.250000 0.600000
vt 0.150000 0.600000
vt 0.100000 0.600000
vt 0.050000 0.600000
vt 0.000000 0.600000
vt 0.950000 0.600000
vt 1.000000 0.600000
vt 0.900000 0.600000
vt 0.850000 0.600000
vt 0.800000 0.600000
vt 0.750000 0.600000
vt 0.700000 0.600000
vt 0.650000 0.600000
vt 0.650000 0.600000
vt 0.700000 0.600000
vt 0.750000 0.600000
vt 0.800000 0.600000
vt 0.850000 0.600000
vt 0.900000 0.600000
vt 0.950000 0.600000
vt 1.000000 0.600000
vt 0.000000 0.600000
vt 0.050000 0.600000
vt 0.100000 0.600000
vt 0.150000 0.600000
vt 0.200000 0.600000
vt 0.250000 0.600000
vt 0.443474 0.000000
vt 0.443474 0.250000
vt 0.528558 0.250000
vt 0.528558 0.000000
vt 0.443474 0.750000
vt 0.528558 0.750000
vt 0.528558 0.500000
vt 0.443474 0.500000
vt 1.139767 -0.016558
vt 0.625000 0.000000
vt 0.625000 0.250000
vt 1.139767 0.981898
vt 0.375000 1.000000
vt 0.375000 0.750000
vt 0.625000 0.750000
vt 0.625000 1.000000
vt 0.625000 0.500000
vt 0.375000 0.500000
vt 0.443474 0.010100
vt 0.528558 0.010100
vt 0.528558 0.000000
vt 0.443474 0.000000
vt 0.443474 0.739900
vt 0.443474 0.750000
vt 0.528558 0.750000
vt 0.528558 0.739900
vt 0.443474 0.246967
vt 0.443474 0.250000
vt 0.528558 0.250000
vt 0.528558 0.246967
vt 0.443474 0.500000
vt 0.528558 0.500000
vt 0.528558 0.503033
vt 0.443474 0.503033
vt -1.188384 0.981898
vt -1.188384 -0.016558
vt -0.859979 0.607031
vt -0.874565 0.607031
vt -0.874565 0.611580
vt -0.874565 0.718249
vt -0.874565 0.719615
vt 0.640781 0.719615
vt 0.640781 0.718249
vt 0.640781 0.611580
vt 0.640781 0.607031
vt 0.875000 0.000000
vt 0.875000 0.250000
vt 0.839735 0.156139
vt 0.678582 0.156139
vt 0.678582 0.157277
vt 0.678582 0.183986
vt 0.678582 0.184328
vt 0.841302 0.184328
vt 0.841302 0.183986
vt 0.841302 0.157277
vt 0.841302 0.156138
vt 0.443474 0.752406
vt 0.443474 1.000000
vt 0.528558 1.000000
vt 0.528558 0.752406
vt 0.562500 0.312500
vt 0.575000 0.312500
vt 0.575000 0.687500
vt 0.562500 0.687500
vt 0.587500 0.312500
vt 0.587500 0.687500
vt 0.600000 0.312500
vt 0.600000 0.687500
vt 0.612500 0.312500
vt 0.612500 0.687500
vt 0.625000 0.312500
vt 0.625000 0.687500
vt 0.375000 0.000000
vt 0.625000 0.000000
vt 0.625000 0.250000
vt 0.375000 0.250000
vt 0.625000 0.500000
vt 0.375000 0.500000
vt 0.625000 0.750000
vt 0.375000 0.750000
vt 0.625000 1.000000
vt 0.375000 1.000000
vt 0.875000 0.000000
vt 0.875000 0.250000
vt 0.125000 0.000000
vt 0.125000 0.250000
vt 0.462500 0.312500
vt 0.475000 0.312500
vt 0.475000 0.687500
vt 0.462500 0.687500
vt 0.487500 0.312500
vt 0.487500 0.687500
vt 0.500000 0.312500
vt 0.500000 0.687500
vt 0.512500 0.312500
vt 0.512500 0.687500
vt 0.525000 0.312500
vt 0.525000 0.687500
vt 0.537500 0.312500
vt 0.537500 0.687500
vt 0.550000 0.312500
vt 0.550000 0.687500
vt 0.562500 0.312500
vt 0.562500 0.687500
vt 0.575000 0.312500
vt 0.575000 0.687500
vt 0.351397 0.107966
vt 0.373591 0.064409
vt 0.500000 0.156250
vt 0.343750 0.156250
vt 0.351397 0.204534
vt 0.373591 0.248091
vt 0.408159 0.282659
vt 0.451716 0.304853
vt 0.500000 0.312500
vt 0.548284 0.304853
vt 0.591841 0.282659
vt 0.626409 0.248091
vt 0.373591 0.935591
vt 0.351397 0.892034
vt 0.500000 0.843750
vt 0.343750 0.843750
vt 0.351397 0.795466
vt 0.373591 0.751909
vt 0.408159 0.717341
vt 0.451716 0.695147
vt 0.500000 0.687500
vt 0.548284 0.695147
vt 0.591842 0.717341
vt 0.626409 0.751908
vt 0.648603 0.795466
vt 0.375000 0.000000
vt 0.625000 0.000000
vt 0.625000 0.250000
vt 0.375000 0.250000
vt 0.625000 0.500000
vt 0.375000 0.500000
vt 0.625000 0.750000
vt 0.375000 0.750000
vt 0.625000 1.000000
vt 0.375000 1.000000
vt 0.875000 0.000000
vt 0.875000 0.250000
vt 1.000000 0.000000
vt 0.000000 0.000000
vt 0.000000 1.000000
vt 1.000000 1.000000
vt 0.375000 0.000000
vt 0.625000 0.000000
vt 0.625000 0.250000
vt 0.375000 0.250000
vt 0.625000 0.500000
vt 0.375000 0.500000
vt 0.625000 0.750000
vt 0.375000 0.750000
vt 0.625000 1.000000
vt 0.375000 1.000000
vt 0.875000 0.000000
vt 0.875000 0.250000
vt 0.125000 0.000000
vt 0.125000 0.250000
vt 0.375000 0.000000
vt 0.625000 0.000000
vt 0.625000 0.250000
vt 0.375000 0.250000
vt 0.625000 0.500000
vt 0.375000 0.500000
vt 0.625000 0.750000
vt 0.375000 0.750000
vt 0.625000 1.000000
vt 0.375000 1.000000
vt 0.875000 0.000000
vt 0.875000 0.250000
vt 0.125000 0.000000
vt 0.125000 0.250000
vt 0.375000 0.000000
vt 0.625000 0.000000
vt 0.625000 0.250000
vt 0.375000 0.250000
vt 0.625000 0.500000
vt 0.375000 0.500000
vt 0.625000 0.750000
vt 0.375000 0.750000
vt 0.625000 1.000000
vt 0.375000 1.000000
vt 0.875000 0.000000
vt 0.875000 0.250000
vt 0.125000 0.000000
vt 0.125000 0.250000
vt 0.375000 0.081034
vt 0.625000 0.000000
vt 0.625000 0.250000
vt 0.375000 0.985807
vt 0.625000 0.500000
vt 0.375000 0.500000
vt 0.625000 0.750000
vt 0.375000 0.750000
vt 0.625000 1.000000
vt 0.375000 1.000000
vt 0.875000 0.000000
vt 0.875000 0.250000
vt 0.125000 0.081034
vt 0.125000 0.985807
vt 0.375000 0.000000
vt 0.625000 0.000000
vt 0.625000 0.250000
vt 0.375000 0.250000
vt 0.625000 0.500000
vt 0.375000 0.500000
vt 0.625000 0.750000
vt 0.375000 0.750000
vt 0.625000 1.000000
vt 0.375000 1.000000
vt 0.875000 0.000000
vt 0.875000 0.250000
vt 0.125000 0.000000
vt 0.125000 0.250000
vt 0.462500 0.312500
vt 0.475000 0.312500
vt 0.475000 0.687500
vt 0.462500 0.687500
vt 0.487500 0.312500
vt 0.487500 0.687500
vt 0.500000 0.312500
vt 0.500000 0.687500
vt 0.512500 0.312500
vt 0.512500 0.687500
vt 0.525000 0.312500
vt 0.525000 0.687500
vt 0.537500 0.312500
vt 0.537500 0.687500
vt 0.550000 0.312500
vt 0.550000 0.687500
vt 0.562500 0.312500
vt 0.562500 0.687500
vt 0.575000 0.312500
vt 0.575000 0.687500
vt 0.351397 0.204534
vt 0.343750 0.156250
vt 0.500000 0.156250
vt 0.373591 0.248091
vt 0.408159 0.282659
vt 0.451716 0.304853
vt 0.500000 0.312500
vt 0.548284 0.304853
vt 0.591841 0.282659
vt 0.626409 0.248091
vt 0.373591 0.935591
vt 0.351397 0.892034
vt 0.500000 0.843750
vt 0.343750 0.843750
vt 0.351397 0.795466
vt 0.373591 0.751909
vt 0.408159 0.717341
vt 0.451716 0.695147
vt 0.500000 0.687500
vt 0.548284 0.695147
vt 0.591842 0.717341
vt 0.626409 0.751908
vt 0.648603 0.795466
vt 0.656250 0.843750
vt 0.648603 0.892034
vt 0.375000 0.000000
vt 0.625000 0.000000
vt 0.625000 0.250000
vt 0.375000 0.250000
vt 0.375000 1.000000
vt 0.375000 0.750000
vt 0.625000 0.750000
vt 0.625000 1.000000
vt 0.625000 0.500000
vt 0.375000 0.500000
vt 0.435836 0.250000
vt 0.544496 0.250000
vt 0.544496 0.000000
vt 0.435836 0.000000
vt 0.435836 0.750000
vt 0.435836 1.000000
vt 0.544496 1.000000
vt 0.544496 0.750000
vt 0.435836 0.500000
vt 0.544496 0.500000
vt 0.125000 0.250000
vt 0.125000 0.000000
vt 0.141979 0.016979
vt 0.141979 0.233021
vt 0.358021 0.233021
vt 0.358021 0.016979
vt 0.875000 0.000000
vt 0.875000 0.250000
vt 0.858021 0.016979
vt 0.641979 0.016979
vt 0.641979 0.233021
vt 0.858021 0.233021
vt 0.375000 0.000000
vt 0.000331 0.000000
vt 0.000331 0.250000
vt 0.375000 0.250000
vt 0.625000 0.292262
vt 0.375000 0.290389
vt 0.375000 0.500000
vt 0.625000 0.500000
vt 0.625000 0.750000
vt 0.375000 0.750000
vt 0.625000 0.771894
vt 0.625000 0.960944
vt 0.625000 1.000000
vt 0.375000 1.000000
vt 0.375000 0.954000
vt 0.375000 0.796459
vt 0.813647 1.026804
vt 0.820612 -0.026804
vt 0.992968 0.295496
vt 0.992968 0.809476
vt 0.125000 0.000000
vt 0.171459 0.000000
vt 0.329001 0.000000
vt 0.334611 0.250000
vt 0.150256 0.250000
vt 0.125000 0.250000
vt 0.007032 0.295496
vt 0.161061 -0.026804
vt 0.173701 1.026804
vt 0.625000 0.295060
vt 0.625000 0.475464
vt 0.375000 0.474744
vt 0.375000 1.000000
vt 0.375000 0.750000
vt 0.625000 0.750000
vt 0.625000 1.000000
vt 0.625000 0.250000
vt 0.625000 0.500000
vt 0.375000 0.500000
vt 0.375000 0.250000
vt 0.411551 0.250000
vt 0.572276 0.250000
vt 0.572276 0.000000
vt 0.411551 0.000000
vt 1.000000 0.000000
vt 1.000000 1.000000
vt 0.000000 1.000000
vt 0.000000 0.000000
vt 0.411551 0.500000
vt 0.572276 0.500000
vt 0.411551 0.750000
vt 0.572276 0.750000
vt 1.000000 -0.000000
vt 0.000000 -0.000000
vt 0.000000 1.000000
vt 1.000000 1.000000
vt 0.874687 0.976129
vt 0.082007 0.976129
vt 0.082007 0.072712
vt 0.874687 0.072712
vt 0.875000 0.000000
vt 0.875000 0.250000
vt 0.625000 0.250000
vt 0.625000 0.000000
vt 0.869032 0.031328
vt 0.643178 0.031328
vt 0.643178 0.229498
vt 0.869032 0.229498
vt 0.375000 0.250000
vt 0.375000 0.000000
vt -4.220778 0.006609
vt -4.220778 0.995829
vt 0.375000 0.250000
vt 0.625000 0.500000
vt 0.375000 0.500000
vt 0.625000 0.750000
vt 0.375000 0.750000
vt 0.625000 1.000000
vt 0.375000 1.000000
vt 6.043016 0.006609
vt 6.043016 0.995829
vt 0.125000 0.000000
vt 0.125000 0.250000
vt 0.375000 0.312500
vt 0.387500 0.312500
vt 0.387500 0.687500
vt 0.375000 0.687500
vt 0.400000 0.312500
vt 0.400000 0.687500
vt 0.412500 0.312500
vt 0.412500 0.687500
vt 0.425000 0.312500
vt 0.425000 0.687500
vt 0.437500 0.312500
vt 0.437500 0.687500
vt 0.450000 0.312500
vt 0.450000 0.687500
vt 0.462500 0.312500
vt 0.462500 0.687500
vt 0.475000 0.312500
vt 0.475000 0.687500
vt 0.487500 0.312500
vt 0.487500 0.687500
vt 0.500000 0.312500
vt 0.500000 0.687500
vt 0.512500 0.312500
vt 0.512500 0.687500
vt 0.525000 0.312500
vt 0.525000 0.687500
vt 0.537500 0.312500
vt 0.537500 0.687500
vt 0.550000 0.312500
vt 0.550000 0.687500
vt 0.562500 0.312500
vt 0.562500 0.687500
vt 0.575000 0.312500
vt 0.575000 0.687500
vt 0.587500 0.312500
vt 0.587500 0.687500
vt 0.600000 0.312500
vt 0.600000 0.687500
vt 0.612500 0.312500
vt 0.612500 0.687500
vt 0.625000 0.312500
vt 0.625000 0.687500
vt 0.626409 0.064408
vt 0.648603 0.107966
vt 0.500000 0.156250
vt 0.591842 0.029841
vt 0.548284 0.007647
vt 0.500000 -0.000000
vt 0.451716 0.007647
vt 0.408159 0.029841
vt 0.373591 0.064409
vt 0.351397 0.107966
vt 0.343750 0.156250
vt 0.351397 0.204534
vt 0.373591 0.248091
vt 0.408159 0.282659
vt 0.451716 0.304853
vt 0.500000 0.312500
vt 0.548284 0.304853
vt 0.591841 0.282659
vt 0.626409 0.248091
vt 0.648603 0.204534
vt 0.656250 0.156250
vt 0.648603 0.892034
vt 0.626409 0.935591
vt 0.500000 0.843750
vt 0.591841 0.970159
vt 0.548284 0.992353
vt 0.500000 1.000000
vt 0.451716 0.992353
vt 0.408159 0.970159
vt 0.373591 0.935591
vt 0.351397 0.892034
vt 0.343750 0.843750
vt 0.351397 0.795466
vt 0.373591 0.751909
vt 0.408159 0.717341
vt 0.451716 0.695147
vt 0.500000 0.687500
vt 0.548284 0.695147
vt 0.591842 0.717341
vt 0.626409 0.751908
vt 0.648603 0.795466
vt 0.656250 0.843750
vt 0.375000 0.000000
vt 0.625000 0.000000
vt 0.625000 0.250000
vt 0.375000 0.250000
vt 0.375000 1.000000
vt 0.375000 0.750000
vt 0.625000 0.750000
vt 0.625000 1.000000
vt 0.625000 0.500000
vt 0.375000 0.500000
vt 0.411551 0.250000
vt 0.572276 0.250000
vt 0.572276 0.000000
vt 0.411551 0.000000
vt 0.411551 0.750000
vt 0.411551 1.000000
vt 0.572276 1.000000
vt 0.572276 0.750000
vt 0.411551 0.500000
vt 0.572276 0.500000
vt 0.125000 0.250000
vt 0.125000 0.000000
vt 0.130968 0.031328
vt 0.130968 0.229498
vt 0.356822 0.229498
vt 0.356822 0.031328
vt 0.875000 0.000000
vt 0.875000 0.250000
vt 0.869032 0.031328
vt 0.643178 0.031328
vt 0.643178 0.229498
vt 0.869032 0.229498
vt 0.375000 0.000000
vt 0.625000 0.000000
vt 0.625000 0.250000
vt 0.375000 0.250000
vt 0.625000 0.500000
vt 0.375000 0.500000
vt 0.625000 0.750000
vt 0.375000 0.750000
vt 0.625000 1.000000
vt 0.375000 1.000000
vt 0.875000 0.000000
vt 0.875000 0.250000
vt 0.125000 0.000000
vt 0.125000 0.250000
vt 0.375000 0.000000
vt 0.625000 0.000000
vt 0.625000 0.250000
vt 0.375000 0.250000
vt 0.625000 0.500000
vt 0.375000 0.500000
vt 0.625000 0.750000
vt 0.375000 0.750000
vt 0.625000 1.000000
vt 0.375000 1.000000
vt 0.875000 0.000000
vt 0.875000 0.250000
vt 0.125000 0.000000
vt 0.125000 0.250000
vt 0.375000 0.092725
vt 0.625000 0.000000
vt 0.625000 0.250000
vt 0.375000 0.949949
vt 0.625000 0.500000
vt 0.375000 0.500000
vt 0.625000 0.750000
vt 0.375000 0.750000
vt 0.625000 1.000000
vt 0.375000 1.000000
vt 0.875000 0.000000
vt 0.875000 0.250000
vt 0.125000 0.092725
vt 0.125000 0.949949
vt 0.000000 0.500000
vt 0.050000 0.500000
vt 0.050000 0.550000
vt 0.000000 0.550000
vt 0.100000 0.500000
vt 0.100000 0.550000
vt 0.150000 0.500000
vt 0.150000 0.550000
vt 0.200000 0.500000
vt 0.200000 0.550000
vt 0.700000 0.500000
vt 0.750000 0.500000
vt 0.750000 0.550000
vt 0.700000 0.550000
vt 0.800000 0.500000
vt 0.800000 0.550000
vt 0.850000 0.500000
vt 0.850000 0.550000
vt 0.875000 0.500000
vt 0.875000 0.550000
vt 0.900000 0.500000
vt 0.950000 0.500000
vt 0.950000 0.550000
vt 0.900000 0.550000
vt 1.000000 0.500000
vt 1.000000 0.550000
vt 0.050000 0.600000
vt 0.000000 0.600000
vt 0.100000 0.600000
vt 0.150000 0.600000
vt 0.200000 0.600000
vt 0.750000 0.600000
vt 0.700000 0.600000
vt 0.800000 0.600000
vt 0.850000 0.600000
vt 0.875000 0.600000
vt 0.950000 0.600000
vt 0.900000 0.600000
vt 1.000000 0.600000
vt 0.000000 0.500000
vt 0.050000 0.500000
vt 0.050000 0.550000
vt 0.000000 0.550000
vt 0.100000 0.500000
vt 0.100000 0.550000
vt 0.150000 0.500000
vt 0.150000 0.550000
vt 0.200000 0.500000
vt 0.200000 0.550000
vt 0.250000 0.500000
vt 0.250000 0.550000
vt 0.650000 0.500000
vt 0.700000 0.500000
vt 0.700000 0.550000
vt 0.650000 0.550000
vt 0.750000 0.500000
vt 0.750000 0.550000
vt 0.800000 0.500000
vt 0.800000 0.550000
vt 0.850000 0.500000
vt 0.850000 0.550000
vt 0.875000 0.500000
vt 0.875000 0.550000
vt 0.900000 0.500000
vt 0.950000 0.500000
vt 0.950000 0.550000
vt 0.900000 0.550000
vt 1.000000 0.500000
vt 1.000000 0.550000
vt 0.050000 0.600000
vt 0.000000 0.600000
vt 0.100000 0.600000
vt 0.150000 0.600000
vt 0.200000 0.600000
vt 0.250000 0.600000
vt 0.700000 0.600000
vt 0.650000 0.600000
vt 0.750000 0.600000
vt 0.800000 0.600000
vt 0.850000 0.600000
vt 0.875000 0.600000
vt 0.950000 0.600000
vt 0.900000 0.600000
vt 1.000000 0.600000
vt 0.200000 0.500000
vt 0.250000 0.500000
vt 0.250000 0.550000
vt 0.200000 0.550000
vt 0.450000 0.500000
vt 0.450000 0.500000
vt 0.450000 0.500000
vt 0.450000 0.500000
vt 0.437500 0.500000
vt 0.925000 0.500000
vt 0.937500 0.500000
vt 0.925000 0.500000
vt 0.937500 0.500000
vt 0.450000 0.500000
vt 0.437500 0.500000
vt 0.450000 0.500000
vt 0.450000 0.500000
vt 0.450000 0.500000
vt 0.450000 0.500000
vt 0.450000 0.500000
vt 0.625000 -0.000000
vt 0.500000 -0.000000
vt 0.500000 1.000000
vt 0.625000 1.000000
vt 0.625000 0.583931
vt 0.625000 0.954832
vt 0.500000 0.954832
vt 0.500000 0.583931
vt -3.406094 0.615061
vt 4.406094 0.615061
vt 4.406094 1.293497
vt -3.406094 1.293497
vt -2.976482 0.897337
vt 4.008415 0.897337
vt 4.008415 0.645704
vt -2.976482 0.645704
vt 0.375000 0.000000
vt 0.375000 0.250000
vt 0.125000 0.250000
vt 0.125000 0.000000
vt 0.375000 1.000000
vt 0.625000 1.000000
vt 0.625000 0.000000
vt 0.875000 0.000000
vt 0.875000 0.250000
vt 0.625000 0.250000
vt 0.375000 0.298823
vt 0.375000 0.427727
vt 0.625000 0.427727
vt 0.625000 0.298823
vt 0.673823 0.250000
vt 0.802727 0.250000
vt 0.802727 0.000000
vt 0.673823 0.000000
vt 0.326177 0.000000
vt 0.197273 0.000000
vt 0.197273 0.250000
vt 0.326177 0.250000
vt 0.375000 0.951177
vt 0.625000 0.951177
vt 0.625000 0.822273
vt 0.375000 0.822273
vt 0.625000 0.000000
vt 0.473045 0.000000
vt 0.375000 0.016769
vt 0.375000 0.250000
vt 0.625000 0.250000
vt 0.375000 0.724837
vt 0.522125 0.750000
vt 0.625000 0.750000
vt 0.625000 0.500000
vt 0.375000 0.500000
vt 0.317824 0.800000
vt 0.300000 0.800000
vt 0.300000 0.850000
vt 0.350000 0.850000
vt 0.350000 0.838655
vt 0.342673 0.900000
vt 0.350000 0.900000
vt 0.300000 0.865765
vt 0.369043 0.850000
vt 0.400000 0.900000
vt 0.400000 0.864478
vt 0.500000 0.864478
vt 0.500000 0.900000
vt 0.550000 0.900000
vt 0.550000 0.850000
vt 0.530957 0.850000
vt 0.600000 0.865765
vt 0.600000 0.850000
vt 0.557327 0.900000
vt 0.550000 0.838655
vt 0.600000 0.800000
vt 0.582177 0.800000
vt 0.360338 0.055076
vt 0.328970 0.113878
vt 0.318253 0.127456
vt 0.288928 0.156945
vt 0.285270 0.159077
vt 0.264885 0.166705
vt 0.248394 0.168831
vt 0.231902 0.166705
vt 0.211517 0.159077
vt 0.207859 0.156945
vt 0.178534 0.127456
vt 0.167818 0.113878
vt 0.136450 0.055076
vt 0.125000 0.025163
vt 0.125000 0.250000
vt 0.289385 0.850000
vt 0.267804 0.800000
vt 0.450000 0.900000
vt 0.450000 0.871433
vt 0.400000 0.918575
vt 0.350000 0.904058
vt 0.450000 0.922622
vt 0.500000 0.918575
vt 0.550000 0.904058
vt 0.632196 0.800000
vt 0.610615 0.850000
vt 0.875000 0.250000
vt 0.875000 0.000000
vt 0.868266 0.000000
vt 0.853988 0.000000
vt 0.803236 0.000000
vt 0.774851 0.000000
vt 0.743109 0.000000
vt 0.717096 0.000000
vt 0.690334 0.000000
vt 0.648751 0.000000
vt 0.634947 0.000000
vt 0.300000 0.766954
vt 0.298222 0.762322
vt 0.281603 0.762322
vt 0.261980 0.779536
vt 0.626259 0.762322
vt 0.601778 0.762322
vt 0.600000 0.766954
vt 0.639383 0.773794
vt 0.375000 0.724837
vt 0.375000 0.750000
vt 0.522125 0.750000
vt 0.375000 0.000000
vt 0.625000 0.000000
vt 0.625000 0.250000
vt 0.375000 0.250000
vt 0.375000 1.000000
vt 0.375000 0.750000
vt 0.625000 0.750000
vt 0.625000 1.000000
vt 0.625000 0.500000
vt 0.375000 0.500000
vt 0.490967 0.250000
vt 0.576051 0.250000
vt 0.576051 0.000000
vt 0.490967 0.000000
vt 0.490967 0.750000
vt 0.490967 1.000000
vt 0.576051 1.000000
vt 0.576051 0.750000
vt 0.490967 0.500000
vt 0.576051 0.500000
vt 0.125000 0.250000
vt 0.125000 0.000000
vt 0.157328 0.208900
vt 0.157328 0.248082
vt 0.320048 0.248082
vt 0.320048 0.208900
vt 0.000000 0.000000
vt 1.000000 0.000000
vt 1.000000 1.000000
vt 0.000000 1.000000
vt 0.870688 0.835599
vt 0.219808 0.835599
vt 0.219808 0.992326
vt 0.870688 0.992326
vt 0.375000 0.000000
vt 0.625000 0.000000
vt 0.625000 0.250000
vt 0.375000 0.250000
vt 0.625000 0.500000
vt 0.375000 0.500000
vt 0.625000 0.750000
vt 0.375000 0.750000
vt 0.625000 1.000000
vt 0.375000 1.000000
vt 0.875000 0.000000
vt 0.875000 0.250000
vt 0.125000 0.000000
vt 0.125000 0.250000
vt 0.375000 0.000000
vt 0.625000 0.000000
vt 0.625000 0.250000
vt 0.375000 0.250000
vt 0.625000 0.500000
vt 0.375000 0.500000
vt 0.625000 0.750000
vt 0.375000 0.750000
vt 0.625000 1.000000
vt 0.375000 1.000000
vt 0.875000 0.000000
vt 0.875000 0.250000
vt 0.125000 0.000000
vt 0.125000 0.250000
vt 0.375000 0.000000
vt 0.625000 0.000000
vt 0.625000 0.250000
vt 0.375000 0.250000
vt 0.625000 0.500000
vt 0.375000 0.500000
vt 0.625000 0.750000
vt 0.375000 0.750000
vt 0.625000 1.000000
vt 0.375000 1.000000
vt 0.875000 0.000000
vt 0.875000 0.250000
vt 0.125000 0.000000
vt 0.125000 0.250000
vt -0.475008 0.000000
vt 0.475072 0.000000
vt 0.473064 0.024355
vt -0.473000 0.024355
vt 0.475072 0.325846
vt -0.475008 0.325846
vt 0.480910 0.597825
vt -0.480846 0.597825
vt 0.490028 0.813669
vt -0.489964 0.813669
vt 1.510036 0.813669
vt 2.490028 0.813669
vt 2.501538 0.952250
vt 1.498525 0.952250
vt 0.501538 0.952250
vt 0.514292 1.000000
vt 1.485772 1.000000
vt 0.527000 0.952250
vt 1.473064 0.952250
vt 0.375000 0.750000
vt 0.625000 0.750000
vt 0.625000 1.000000
vt 0.375000 1.000000
vt 0.380360 0.254214
vt 0.379769 0.253798
vt 0.620231 0.253798
vt 0.619640 0.254214
vt 0.378948 0.253228
vt 0.621052 0.253228
vt 0.377533 0.252140
vt 0.622467 0.252140
vt 0.375000 0.250000
vt 0.625000 0.250000
vt 0.374968 0.223066
vt 0.625032 0.223066
vt 0.374957 0.192475
vt 0.625043 0.192475
vt 0.374968 0.159380
vt 0.625032 0.159380
vt 0.375000 0.125013
vt 0.625000 0.125013
vt 0.375000 0.000000
vt 0.625000 0.000000
vt 0.017311 1.019803
vt 0.982689 1.019803
vt 0.982689 -0.019803
vt 0.017311 -0.019803
vt 0.375000 0.624987
vt 0.625000 0.624987
vt 0.875000 0.000000
vt 0.875000 0.125013
vt 0.125000 0.000000
vt 0.125000 0.125013
vt 0.875000 0.159485
vt 0.875000 0.192636
vt 0.875000 0.223197
vt 0.875000 0.250000
vt 0.625000 0.500000
vt 0.622467 0.497860
vt 0.621051 0.496772
vt 0.620231 0.496202
vt 0.619640 0.495786
vt 0.125000 0.159485
vt 0.125000 0.192636
vt 0.125000 0.223197
vt 0.125000 0.250000
vt 0.377533 0.497860
vt 0.375000 0.500000
vt 0.378948 0.496772
vt 0.379769 0.496202
vt 0.380360 0.495786
vt 0.375000 0.590515
vt 0.625000 0.590515
vt 0.375000 0.557364
vt 0.625000 0.557364
vt 0.375000 0.526803
vt 0.625000 0.526803
vt 0.375000 0.000000
vt 0.625000 0.000000
vt 0.625000 0.250000
vt 0.375000 0.250000
vt 0.625000 0.500000
vt 0.375000 0.500000
vt 0.625000 0.750000
vt 0.375000 0.750000
vt 0.625000 1.000000
vt 0.375000 1.000000
vt 0.875000 0.000000
vt 0.875000 0.250000
vt 0.125000 0.000000
vt 0.125000 0.250000
vt 0.375000 0.000000
vt 0.625000 0.000000
vt 0.625000 0.250000
vt 0.375000 0.250000
vt 0.625000 0.500000
vt 0.375000 0.500000
vt 0.625000 0.750000
vt 0.375000 0.750000
vt 0.625000 1.000000
vt 0.375000 1.000000
vt 0.875000 0.000000
vt 0.875000 0.250000
vt 0.125000 0.000000
vt 0.125000 0.250000
vt 0.375000 0.250000
vt 0.625000 0.250000
vt 0.625000 0.500000
vt 0.375000 0.500000
vt 0.625000 0.750000
vt 0.375000 0.750000
vt 0.625000 1.000000
vt 0.375000 1.000000
vt 0.125000 0.000000
vt 0.375000 0.000000
vt 0.125000 0.250000
vt 0.375000 0.250000
vt 0.625000 0.250000
vt 0.625000 0.500000
vt 0.375000 0.500000
vt 0.625000 0.750000
vt 0.375000 0.750000
vt 0.625000 1.000000
vt 0.375000 1.000000
vt 0.375000 0.250000
vt 0.625000 0.250000
vt 0.625000 0.500000
vt 0.375000 0.500000
vt 0.625000 0.750000
vt 0.375000 0.750000
vt 0.625000 1.000000
vt 0.375000 1.000000
vt 0.375000 0.250000
vt 0.375000 0.500000
vt 0.625000 0.500000
vt 0.625000 0.250000
vt 0.375000 0.750000
vt 0.625000 0.750000
vt 0.375000 1.000000
vt 0.625000 1.000000
vt 0.375000 0.500000
vt 0.375000 0.250000
vt 0.375000 0.750000
vt 0.375000 1.000000
vt 0.375000 1.000000
vt 0.375000 0.750000
vt 0.375000 0.500000
vt 0.375000 0.250000
vt 0.375000 1.000000
vt 0.375000 0.750000
vt 0.375000 0.500000
vt 0.375000 0.250000
vt 0.375000 1.000000
vt 0.375000 0.750000
vt 0.375000 0.500000
vt 0.375000 0.250000
vt 0.375000 1.000000
vt 0.375000 0.750000
vt 0.375000 0.500000
vt 0.375000 0.250000
vt 0.375000 1.000000
vt 0.375000 0.750000
vt 0.375000 0.500000
vt 0.375000 0.250000
vt 0.375000 1.000000
vt 0.375000 0.750000
vt 0.375000 0.500000
vt 0.375000 0.250000
vt 0.375000 1.000000
vt 0.375000 0.750000
vt 0.375000 0.500000
vt 0.375000 0.250000
vt 0.375000 1.000000
vt 0.375000 0.750000
vt 0.375000 0.500000
vt 0.375000 0.250000
vt 0.375000 1.000000
vt 0.375000 0.750000
vt 0.375000 0.500000
vt 0.375000 0.250000
vt 0.375000 1.000000
vt 0.375000 0.750000
vt 0.375000 0.500000
vt 0.375000 0.250000
vt 0.395833 0.500000
vt 0.395833 0.250000
vt 0.395833 0.750000
vt 0.395833 1.000000
vt 0.416667 1.000000
vt 0.416667 0.750000
vt 0.416667 0.500000
vt 0.416667 0.250000
vt 0.437500 1.000000
vt 0.437500 0.750000
vt 0.437500 0.500000
vt 0.437500 0.250000
vt 0.458333 1.000000
vt 0.458333 0.750000
vt 0.458333 0.500000
vt 0.458333 0.250000
vt 0.479167 1.000000
vt 0.479167 0.750000
vt 0.479167 0.500000
vt 0.479167 0.250000
vt 0.500000 1.000000
vt 0.500000 0.750000
vt 0.500000 0.500000
vt 0.500000 0.250000
vt 0.520833 1.000000
vt 0.520833 0.750000
vt 0.520833 0.500000
vt 0.520833 0.250000
vt 0.541667 1.000000
vt 0.541667 0.750000
vt 0.541667 0.500000
vt 0.541667 0.250000
vt 0.562500 1.000000
vt 0.562500 0.750000
vt 0.562500 0.500000
vt 0.562500 0.250000
vt 0.583333 1.000000
vt 0.583333 0.750000
vt 0.583333 0.500000
vt 0.583333 0.250000
vt 0.604167 1.000000
vt 0.604167 0.750000
vt 0.604167 0.500000
vt 0.604167 0.250000
vt 0.625000 0.750000
vt 0.625000 1.000000
vt 0.625000 0.500000
vt 0.625000 0.250000
vt 0.625000 0.250000
vt 0.625000 0.500000
vt 0.625000 0.750000
vt 0.625000 1.000000
vt 0.625000 0.250000
vt 0.625000 0.500000
vt 0.625000 0.750000
vt 0.625000 1.000000
vt 0.625000 0.250000
vt 0.625000 0.500000
vt 0.625000 0.750000
vt 0.625000 1.000000
vt 0.625000 0.250000
vt 0.625000 0.500000
vt 0.625000 0.750000
vt 0.625000 1.000000
vt 0.625000 0.250000
vt 0.625000 0.500000
vt 0.625000 0.750000
vt 0.625000 1.000000
vt 0.625000 0.250000
vt 0.625000 0.500000
vt 0.625000 0.750000
vt 0.625000 1.000000
vt 0.625000 0.250000
vt 0.625000 0.500000
vt 0.625000 0.750000
vt 0.625000 1.000000
vt 0.625000 0.250000
vt 0.625000 0.500000
vt 0.625000 0.750000
vt 0.625000 1.000000
vt 0.625000 0.250000
vt 0.625000 0.500000
vt 0.625000 0.750000
vt 0.625000 1.000000
vt 0.625000 0.250000
vt 0.625000 0.500000
vt 0.625000 0.750000
vt 0.625000 1.000000
vt 0.375000 0.250000
vt 0.625000 0.250000
vt 0.625000 0.500000
vt 0.375000 0.500000
vt 0.625000 0.750000
vt 0.375000 0.750000
vt 0.625000 1.000000
vt 0.375000 1.000000
vt 0.625000 0.000000
vt 0.875000 0.000000
vt 0.875000 0.250000
vt 0.375000 0.250000
vt 0.625000 0.250000
vt 0.625000 0.500000
vt 0.375000 0.500000
vt 0.625000 0.750000
vt 0.375000 0.750000
vt 0.125000 0.000000
vt 0.375000 0.000000
vt 0.125000 0.250000
vt 0.604167 0.750000
vt 0.604167 1.000000
vt 0.604167 0.500000
vt 0.604167 0.250000
vt 0.583333 0.250000
vt 0.583333 0.500000
vt 0.583333 0.750000
vt 0.583333 1.000000
vt 0.562500 0.250000
vt 0.562500 0.500000
vt 0.562500 0.750000
vt 0.562500 1.000000
vt 0.541667 0.250000
vt 0.541667 0.500000
vt 0.541667 0.750000
vt 0.541667 1.000000
vt 0.520833 0.250000
vt 0.520833 0.500000
vt 0.520833 0.750000
vt 0.520833 1.000000
vt 0.500000 0.250000
vt 0.500000 0.500000
vt 0.500000 0.750000
vt 0.500000 1.000000
vt 0.479167 0.250000
vt 0.479167 0.500000
vt 0.479167 0.750000
vt 0.479167 1.000000
vt 0.458333 0.250000
vt 0.458333 0.500000
vt 0.458333 0.750000
vt 0.458333 1.000000
vt 0.437500 0.250000
vt 0.437500 0.500000
vt 0.437500 0.750000
vt 0.437500 1.000000
vt 0.416667 0.250000
vt 0.416667 0.500000
vt 0.416667 0.750000
vt 0.416667 1.000000
vt 0.395833 0.250000
vt 0.395833 0.500000
vt 0.395833 0.750000
vt 0.395833 1.000000
vt 0.375000 0.000000
vt 0.625000 0.000000
vt 0.625000 0.250000
vt 0.375000 0.250000
vt 0.625000 0.500000
vt 0.375000 0.500000
vt 0.625000 0.750000
vt 0.375000 0.750000
vt 0.625000 1.000000
vt 0.375000 1.000000
vt 0.875000 0.000000
vt 0.875000 0.250000
vt 0.125000 0.000000
vt 0.125000 0.250000
vt 0.375000 0.000000
vt 0.625000 0.000000
vt 0.625000 0.250000
vt 0.375000 0.250000
vt 0.625000 0.500000
vt 0.375000 0.500000
vt 0.625000 0.750000
vt 0.375000 0.750000
vt 0.625000 1.000000
vt 0.375000 1.000000
vt 0.875000 0.000000
vt 0.875000 0.250000
vt 0.125000 0.000000
vt 0.125000 0.250000
vt 0.375000 0.000000
vt 0.625000 0.000000
vt 0.625000 0.250000
vt 0.375000 0.250000
vt 0.625000 0.500000
vt 0.375000 0.500000
vt 0.625000 0.750000
vt 0.375000 0.750000
vt 0.625000 1.000000
vt 0.375000 1.000000
vt 0.875000 0.000000
vt 0.875000 0.250000
vt 0.125000 0.000000
vt 0.125000 0.250000
vt 0.375000 0.312500
vt 0.387500 0.312500
vt 0.387500 0.687500
vt 0.375000 0.687500
vt 0.400000 0.312500
vt 0.400000 0.687500
vt 0.412500 0.312500
vt 0.412500 0.687500
vt 0.425000 0.312500
vt 0.425000 0.687500
vt 0.437500 0.312500
vt 0.437500 0.687500
vt 0.450000 0.312500
vt 0.450000 0.687500
vt 0.462500 0.312500
vt 0.462500 0.687500
vt 0.475000 0.312500
vt 0.475000 0.687500
vt 0.487500 0.312500
vt 0.487500 0.687500
vt 0.500000 0.312500
vt 0.500000 0.687500
vt 0.512500 0.312500
vt 0.512500 0.687500
vt 0.525000 0.312500
vt 0.525000 0.687500
vt 0.537500 0.312500
vt 0.537500 0.687500
vt 0.550000 0.312500
vt 0.550000 0.687500
vt 0.562500 0.312500
vt 0.562500 0.687500
vt 0.575000 0.312500
vt 0.575000 0.687500
vt 0.587500 0.312500
vt 0.587500 0.687500
vt 0.600000 0.312500
vt 0.600000 0.687500
vt 0.612500 0.312500
vt 0.612500 0.687500
vt 0.625000 0.312500
vt 0.625000 0.687500
vt 0.626409 0.064408
vt 0.648603 0.107966
vt 0.500000 0.156250
vt 0.591842 0.029841
vt 0.548284 0.007647
vt 0.500000 -0.000000
vt 0.451716 0.007647
vt 0.408159 0.029841
vt 0.373591 0.064409
vt 0.351397 0.107966
vt 0.343750 0.156250
vt 0.351397 0.204534
vt 0.373591 0.248091
vt 0.408159 0.282659
vt 0.451716 0.304853
vt 0.500000 0.312500
vt 0.548284 0.304853
vt 0.591841 0.282659
vt 0.626409 0.248091
vt 0.648603 0.204534
vt 0.656250 0.156250
vt 0.798233 0.663489
vt 0.737311 0.789842
vt 0.368891 0.534340
vt 0.640324 0.891185
vt 0.516769 0.957597
vt 0.378737 0.982578
vt 0.239742 0.963683
vt 0.113389 0.902760
vt 0.373591 0.935591
vt 0.351397 0.892034
vt 0.343750 0.843750
vt 0.351397 0.795466
vt 0.373591 0.751909
vt 0.097457 0.177495
vt 0.221013 0.111083
vt 0.359044 0.086102
vt 0.498039 0.104997
vt 0.624393 0.165920
vt 0.725736 0.262906
vt 0.792148 0.386462
vt 0.817129 0.524494
vt 0.814639 0.060424
vt 0.625000 0.000000
vt 0.625000 0.250000
vt 0.814639 1.002995
vt 0.625000 0.500000
vt 0.375000 0.500000
vt 0.625000 0.750000
vt 0.375000 0.750000
vt 0.625000 1.000000
vt 0.375000 1.000000
vt 0.875000 0.000000
vt 0.875000 0.250000
vt 0.077850 0.060424
vt 0.077850 1.002995
vt -3.396114 0.175837
vt 4.369939 0.175837
vt 4.369939 0.527862
vt -3.396114 0.527862
vt -2.969039 0.382831
vt -2.969039 0.513397
vt 3.974606 0.513397
vt 3.974610 0.382831
vt 0.375000 0.500000
vt 0.625000 0.500000
vt 0.625000 0.750000
vt 0.375000 0.750000
vt 0.388748 0.602998
vt 0.612274 0.602998
vt 0.612274 0.510272
vt 0.388748 0.510272
vt 0.125000 0.250000
vt 0.125000 0.000000
vt 0.375000 1.000000
vt 0.625000 1.000000
vt 0.875000 0.000000
vt 0.875000 0.250000
vt 0.375000 0.369728
vt 0.375000 0.476161
vt 0.625000 0.476161
vt 0.625000 0.369728
vt 0.744728 0.250000
vt 0.851161 0.250000
vt 0.851161 0.000000
vt 0.744728 0.000000
vt 0.255272 0.000000
vt 0.148839 0.000000
vt 0.148839 0.250000
vt 0.255272 0.250000
vt 0.375000 0.880272
vt 0.625000 0.880272
vt 0.625000 0.773839
vt 0.375000 0.773839
vt 0.375000 0.000000
vt 0.625000 0.000000
vt 0.625000 0.250000
vt 0.375000 0.250000
vt 0.625000 0.500000
vt 0.375000 0.500000
vt 0.625000 0.750000
vt 0.375000 0.750000
vt 0.625000 1.000000
vt 0.375000 1.000000
vt 0.875000 0.000000
vt 0.875000 0.250000
vt 0.125000 0.000000
vt 0.125000 0.250000
vt 0.375000 0.000000
vt 0.625000 0.000000
vt 0.625000 0.250000
vt 0.375000 0.250000
vt 0.375000 1.000000
vt 0.375000 0.750000
vt 0.625000 0.750000
vt 0.625000 1.000000
vt 0.625000 0.500000
vt 0.375000 0.500000
vt 0.414003 0.250000
vt 0.511960 0.250000
vt 0.511960 0.000000
vt 0.414003 0.000000
vt 0.414003 0.750000
vt 0.414003 1.000000
vt 0.511960 1.000000
vt 0.511960 0.750000
vt 0.414003 0.500000
vt 0.511960 0.500000
vt 0.125000 0.250000
vt 0.125000 0.000000
vt 0.148862 0.041158
vt 0.148862 0.222736
vt 0.351996 0.222736
vt 0.351996 0.041158
vt 0.875000 0.000000
vt 0.875000 0.250000
vt 0.851138 0.041158
vt 0.648004 0.041158
vt 0.648004 0.222736
vt 0.851138 0.222736
vt 0.004664 -0.000000
vt 0.004664 -0.000000
vt 0.004664 0.929316
vt 0.004664 0.929316
vt 0.375000 0.250000
vt 0.625000 0.250000
vt 0.625000 0.500000
vt 0.375000 0.500000
vt 0.625000 0.750000
vt 0.375000 0.750000
vt 0.625000 1.000000
vt 0.375000 1.000000
vt 0.625000 0.000000
vt 0.875000 0.000000
vt 0.875000 0.250000
vt 0.125000 0.000000
vt 0.375000 0.000000
vt 0.125000 0.250000
vt 2.141295 0.005235
vt 0.625000 0.000000
vt 0.625000 0.250000
vt 2.141295 0.912001
vt 0.375000 1.000000
vt 0.375000 0.750000
vt 0.625000 0.750000
vt 0.625000 1.000000
vt 0.625000 0.500000
vt 0.375000 0.500000
vt 0.440535 0.250000
vt 0.492796 0.250000
vt 0.492796 0.000000
vt 0.440535 0.000000
vt 0.440535 0.750000
vt 0.440535 1.000000
vt 0.492796 1.000000
vt 0.492796 0.750000
vt 0.440535 0.500000
vt 0.492796 0.500000
vt -0.366131 0.912001
vt -0.366131 0.005235
vt 0.264509 0.579299
vt 0.264509 0.676172
vt 1.896541 0.676172
vt 1.896541 0.579299
vt 0.875000 0.000000
vt 0.875000 0.250000
vt 0.812123 0.158272
vt 0.649403 0.158272
vt 0.649403 0.184981
vt 0.812123 0.184981
vt 0.375000 0.312500
vt 0.387500 0.312500
vt 0.387500 0.687500
vt 0.375000 0.687500
vt 0.400000 0.312500
vt 0.400000 0.687500
vt 0.412500 0.312500
vt 0.412500 0.687500
vt 0.425000 0.312500
vt 0.425000 0.687500
vt 0.437500 0.312500
vt 0.437500 0.687500
vt 0.450000 0.312500
vt 0.450000 0.687500
vt 0.462500 0.312500
vt 0.462500 0.687500
vt 0.475000 0.312500
vt 0.475000 0.687500
vt 0.487500 0.312500
vt 0.487500 0.687500
vt 0.500000 0.312500
vt 0.500000 0.687500
vt 0.512500 0.312500
vt 0.512500 0.687500
vt 0.525000 0.312500
vt 0.525000 0.687500
vt 0.537500 0.312500
vt 0.537500 0.687500
vt 0.550000 0.312500
vt 0.550000 0.687500
vt 0.562500 0.312500
vt 0.562500 0.687500
vt 0.575000 0.312500
vt 0.575000 0.687500
vt 0.587500 0.312500
vt 0.587500 0.687500
vt 0.600000 0.312500
vt 0.600000 0.687500
vt 0.612500 0.312500
vt 0.612500 0.687500
vt 0.625000 0.312500
vt 0.625000 0.687500
vt 0.626409 0.064408
vt 0.648603 0.107966
vt 0.500000 0.156250
vt 0.591842 0.029841
vt 0.548284 0.007647
vt 0.500000 -0.000000
vt 0.451716 0.007647
vt 0.408159 0.029841
vt 0.373591 0.064409
vt 0.351397 0.107966
vt 0.343750 0.156250
vt 0.351397 0.204534
vt 0.373591 0.248091
vt 0.408159 0.282659
vt 0.451716 0.304853
vt 0.500000 0.312500
vt 0.548284 0.304853
vt 0.591841 0.282659
vt 0.626409 0.248091
vt 0.648603 0.204534
vt 0.656250 0.156250
vt 0.648603 0.892034
vt 0.626409 0.935591
vt 0.500000 0.843750
vt 0.591841 0.970159
vt 0.548284 0.992353
vt 0.500000 1.000000
vt 0.451716 0.992353
vt 0.408159 0.970159
vt 0.373591 0.935591
vt 0.351397 0.892034
vt 0.343750 0.843750
vt 0.351397 0.795466
vt 0.373591 0.751909
vt 0.408159 0.717341
vt 0.451716 0.695147
vt 0.500000 0.687500
vt 0.548284 0.695147
vt 0.591842 0.717341
vt 0.626409 0.751908
vt 0.648603 0.795466
vt 0.656250 0.843750
vt 0.375000 0.000000
vt 0.625000 0.000000
vt 0.625000 0.250000
vt 0.375000 0.250000
vt 0.625000 0.500000
vt 0.375000 0.500000
vt 0.625000 0.750000
vt 0.375000 0.750000
vt 0.625000 1.000000
vt 0.375000 1.000000
vt 0.875000 0.000000
vt 0.875000 0.250000
vt 0.125000 0.000000
vt 0.125000 0.250000
vt 0.375000 0.000000
vt 0.625000 0.000000
vt 0.625000 0.250000
vt 0.375000 0.250000
vt 0.625000 0.500000
vt 0.375000 0.500000
vt 0.625000 0.750000
vt 0.375000 0.750000
vt 0.625000 1.000000
vt 0.375000 1.000000
vt 0.875000 0.000000
vt 0.875000 0.250000
vt 0.125000 0.000000
vt 0.125000 0.250000
vt 0.375000 0.000000
vt 0.625000 0.000000
vt 0.625000 0.250000
vt 0.375000 0.250000
vt 0.625000 0.500000
vt 0.375000 0.500000
vt 0.625000 0.750000
vt 0.375000 0.750000
vt 0.625000 1.000000
vt 0.375000 1.000000
vt 0.875000 0.000000
vt 0.875000 0.250000
vt 0.125000 0.000000
vt 0.125000 0.250000
vt 0.375000 0.000000
vt 0.625000 0.000000
vt 0.625000 0.250000
vt 0.375000 0.250000
vt 0.625000 0.500000
vt 0.375000 0.500000
vt 0.625000 0.750000
vt 0.375000 0.750000
vt 0.625000 1.000000
vt 0.375000 1.000000
vt 0.875000 0.000000
vt 0.875000 0.250000
vt 0.125000 0.000000
vt 0.125000 0.250000
vt 0.020681 1.001520
vt 0.979319 1.001520
vt 0.979319 0.733836
vt 0.020681 0.733836
vt 0.979319 0.342317
vt 0.020681 0.342317
vt 0.979319 0.855941
vt 0.020681 0.855941
vt 0.979319 0.950482
vt 0.020681 0.950482
vt 0.979319 0.998845
vt 0.020681 0.998845
vt 0.979319 0.200405
vt 0.020681 0.200405
vt 0.979319 0.087783
vt 0.020681 0.087783
vt 0.979319 0.015475
vt 0.020681 0.015475
vt 0.979319 -0.009440
vt 0.020681 -0.009440
vt 0.625000 0.778235
vt 0.846765 0.000000
vt 0.625000 0.790114
vt 0.834886 0.000000
vt 0.625000 0.812687
vt 0.812313 0.000000
vt 0.625000 0.835899
vt 0.789101 0.000000
vt 0.625000 0.864691
vt 0.760309 0.000000
vt 0.625000 0.892527
vt 0.732473 0.000000
vt 0.625000 0.913692
vt 0.711308 0.000000
vt 0.625000 0.944952
vt 0.680048 0.000000
vt 0.625000 0.970837
vt 0.654163 0.000000
vn 0.000000 0.000000 1.000000
vn 0.000000 0.000000 1.000000
vn 0.000000 0.000000 1.000000
vn 0.000000 0.000000 1.000000
vn 0.000000 1.000000 0.000000
vn 0.000000 1.000000 0.000000
vn 0.000000 1.000000 0.000000
vn 0.000000 1.000000 0.000000
vn 0.000000 0.000000 -1.000000
vn 0.000000 0.000000 -1.000000
vn 0.000000 0.000000 -1.000000
vn 0.000000 0.000000 -1.000000
vn 0.000000 -1.000000 0.000000
vn 0.000000 -1.000000 0.000000
vn 0.000000 -1.000000 0.000000
vn 0.000000 -1.000000 0.000000
vn 1.000000 0.000000 0.000000
vn 1.000000 0.000000 0.000000
vn 1.000000 0.000000 0.000000
vn 1.000000 0.000000 0.000000
vn -1.000000 0.000000 0.000000
vn -1.000000 0.000000 0.000000
vn -1.000000 0.000000 0.000000
vn -1.000000 0.000000 0.000000
vn 0.000000 0.000000 1.000000
vn 0.000000 0.000000 1.000000
vn 0.000000 0.000000 1.000000
vn 0.000000 0.000000 1.000000
vn 0.000000 1.000000 0.000000
vn 0.000000 1.000000 0.000000
vn 0.000000 1.000000 0.000000
vn 0.000000 1.000000 0.000000
vn 0.000000 0.000000 -1.000000
vn 0.000000 0.000000 -1.000000
vn 0.000000 0.000000 -1.000000
vn 0.000000 0.000000 -1.000000
vn 0.000000 -1.000000 0.000000
vn 0.000000 -1.000000 0.000000
vn 0.000000 -1.000000 0.000000
vn 0.000000 -1.000000 0.000000
vn 1.000000 0.000000 0.000000
vn 1.000000 0.000000 0.000000
vn 1.000000 0.000000 0.000000
vn 1.000000 0.000000 0.000000
vn -1.000000 0.000000 0.000000
vn -1.000000 0.000000 0.000000
vn -1.000000 0.000000 0.000000
vn -1.000000 0.000000 0.000000
vn 0.000000 -1.000000 0.000000
vn 0.000000 -1.000000 0.000000
vn 0.000000 -1.000000 0.000000
vn 0.000000 -1.000000 0.000000
vn -1.000000 0.000000 0.000000
vn -1.000000 0.000000 0.000000
vn -1.000000 0.000000 0.000000
vn -1.000000 0.000000 0.000000
vn 0.000000 1.000000 0.000000
vn 0.000000 1.000000 0.000000
vn 0.000000 1.000000 0.000000
vn 0.000000 1.000000 0.000000
vn 1.000000 0.000000 0.000000
vn 1.000000 0.000000 0.000000
vn 1.000000 0.000000 0.000000
vn 1.000000 0.000000 0.000000
vn 0.000000 0.000000 1.000000
vn 0.000000 0.000000 1.000000
vn 0.000000 0.000000 1.000000
vn 0.000000 0.000000 1.000000
vn 0.000000 0.000000 -1.000000
vn 0.000000 0.000000 -1.000000
vn 0.000000 0.000000 -1.000000
vn 0.000000 0.000000 -1.000000
vn 0.000000 0.000000 1.000000
vn 0.000000 0.000000 1.000000
vn 0.000000 0.000000 1.000000
vn 0.000000 0.000000 1.000000
vn 0.000000 -1.000000 0.000000
vn 0.000000 -1.000000 0.000000
vn 0.000000 -1.000000 0.000000
vn 0.000000 -1.000000 0.000000
vn 0.000000 1.000000 0.000000
vn 0.000000 1.000000 0.000000
vn 0.000000 1.000000 0.000000
vn 0.000000 1.000000 0.000000
vn 0.000000 0.000000 -1.000000
vn 0.000000 0.000000 -1.000000
vn 0.000000 0.000000 -1.000000
vn 0.000000 0.000000 -1.000000
vn -0.000000 0.000000 -1.000000
vn -0.000000 0.000000 -1.000000
vn -0.000000 0.000000 -1.000000
vn -0.000000 0.000000 -1.000000
vn 0.000000 1.000000 0.000000
vn 0.000000 1.000000 0.000000
vn 0.000000 1.000000 0.000000
vn 0.000000 1.000000 0.000000
vn 0.000000 -1.000000 0.000000
vn 0.000000 -1.000000 0.000000
vn 0.000000 -1.000000 0.000000
vn 0.000000 -1.000000 0.000000
vn 0.000000 0.000000 1.000000
vn 0.000000 0.000000 1.000000
vn 0.000000 0.000000 1.000000
vn 0.000000 0.000000 1.000000
vn -1.000000 -0.000002 0.000000
vn -1.000000 0.000000 0.000000
vn -1.000000 -0.000000 0.000000
vn -1.000000 0.000000 0.000000
vn -1.000000 0.000002 0.000000
vn -1.000000 0.000000 0.000000
vn -1.000000 0.000000 0.000000
vn -1.000000 0.000000 0.000000
vn 1.000000 0.000000 0.000000
vn 1.000000 0.000000 0.000000
vn 1.000000 0.000000 0.000000
vn 1.000000 0.000000 0.000000
vn 1.000000 -0.000001 0.000000
vn 1.000000 0.000000 0.000000
vn 1.000000 -0.000000 0.000000
vn 1.000000 0.000000 0.000000
vn 0.000000 0.000000 1.000000
vn 0.000000 0.000000 1.000000
vn 0.000000 0.000000 1.000000
vn 0.000000 0.000000 1.000000
vn 0.000000 1.000000 0.000000
vn 0.000000 1.000000 0.000000
vn 0.000000 1.000000 0.000000
vn 0.000000 1.000000 0.000000
vn 0.000000 0.000000 -1.000000
vn 0.000000 0.000000 -1.000000
vn 0.000000 0.000000 -1.000000
vn 0.000000 0.000000 -1.000000
vn 0.000000 -1.000000 0.000000
vn 0.000000 -1.000000 0.000000
vn 0.000000 -1.000000 0.000000
vn 0.000000 -1.000000 0.000000
vn 1.000000 0.000000 0.000000
vn 1.000000 0.000000 0.000000
vn 1.000000 0.000000 0.000000
vn 1.000000 0.000000 0.000000
vn -1.000000 0.000000 0.000000
vn -1.000000 0.000000 0.000000
vn -1.000000 0.000000 0.000000
vn -1.000000 0.000000 0.000000
vn 0.000000 -1.000000 0.000000
vn 0.000000 -1.000000 0.000000
vn 0.000000 -1.000000 0.000000
vn 0.000000 -1.000000 0.000000
vn -1.000000 0.000000 0.000000
vn -1.000000 0.000000 0.000000
vn -1.000000 0.000000 0.000000
vn -1.000000 0.000000 0.000000
vn 0.000000 1.000000 0.000000
vn 0.000000 1.000000 0.000000
vn 0.000000 1.000000 0.000000
vn 0.000000 1.000000 0.000000
vn 1.000000 0.000000 0.000000
vn 1.000000 0.000000 0.000000
vn 1.000000 0.000000 0.000000
vn 1.000000 0.000000 0.000000
vn 0.000000 0.000000 1.000000
vn 0.000000 0.000000 1.000000
vn 0.000000 0.000000 1.000000
vn 0.000000 0.000000 1.000000
vn 0.000000 0.000000 -1.000000
vn 0.000000 0.000000 -1.000000
vn 0.000000 0.000000 -1.000000
vn 0.000000 0.000000 -1.000000
vn 0.000000 0.839744 -0.542983
vn 0.000000 0.960642 -0.277789
vn 0.000000 0.839745 -0.542981
vn 0.000000 0.960643 -0.277787
vn 0.000000 1.000000 -0.000001
vn 0.000000 1.000000 0.000001
vn 1.000000 -0.000000 0.000000
vn 1.000000 0.000000 0.000000
vn 1.000000 -0.000000 0.000000
vn 1.000000 0.000000 0.000000
vn 0.000000 0.632398 -0.774644
vn 0.000000 0.632398 -0.774644
vn -1.000000 0.000001 0.000000
vn -1.000000 0.000000 0.000000
vn -1.000000 0.000001 0.000000
vn -1.000000 0.000000 0.000000
vn 0.000000 0.960643 0.277787
vn 0.000000 0.960642 0.277789
vn 1.000000 -0.000000 0.000000
vn 1.000000 0.000000 0.000000
vn -1.000000 0.000000 0.000000
vn -1.000000 0.000000 0.000000
vn 1.000000 -0.000000 0.000000
vn 1.000000 0.000000 0.000000
vn 0.000000 0.342949 -0.939354
vn 0.000000 0.342949 -0.939354
vn -1.000000 -0.000000 0.000000
vn -1.000000 0.000000 0.000000
vn 0.000000 0.839744 0.542982
vn 0.000000 0.839745 0.542982
vn 1.000000 -0.000001 0.000000
vn 1.000000 0.000000 0.000000
vn -1.000000 -0.000000 0.000000
vn -1.000000 0.000000 0.000000
vn 1.000000 -0.000000 0.000000
vn 1.000000 0.000000 0.000000
vn 0.000000 0.175213 -0.984531
vn 0.000000 0.175212 -0.984531
vn -1.000000 -0.000001 0.000000
vn -1.000000 0.000000 0.000000
vn 0.000000 0.632400 0.774642
vn 0.000000 0.632400 0.774642
vn 1.000000 -0.000001 0.000000
vn 1.000000 0.000000 0.000000
vn -1.000000 0.000000 0.000000
vn -1.000000 0.000000 0.000000
vn 0.000000 0.342950 0.939354
vn 0.000000 0.342949 0.939354
vn 1.000000 -0.000001 0.000000
vn 1.000000 0.000000 0.000000
vn -1.000000 0.000000 0.000000
vn -1.000000 0.000000 0.000000
vn 0.000000 0.175213 0.984531
vn 0.000000 0.175212 0.984531
vn 1.000000 -0.000001 0.000000
vn 1.000000 0.000000 0.000000
vn -1.000000 0.000001 0.000000
vn -1.000000 0.000000 0.000000
vn 0.000000 -0.839747 0.542978
vn 0.000000 -0.960642 0.277788
vn 0.000000 -0.839747 0.542978
vn 0.000000 -0.960642 0.277788
vn 0.000000 -0.839747 0.542978
vn 0.000000 -0.839747 0.542978
vn 0.000000 -0.632398 0.774643
vn 0.000000 -0.632398 0.774643
vn 0.000000 -0.960642 0.277789
vn -0.000000 -1.000000 -0.000000
vn 0.000000 -0.960642 0.277789
vn -0.000000 -1.000000 -0.000000
vn -0.000000 -1.000000 -0.000000
vn -0.000000 -0.960642 -0.277789
vn -0.000000 -1.000000 -0.000000
vn -0.000000 -0.960642 -0.277789
vn 0.000000 -0.342950 0.939354
vn 0.000000 -0.342950 0.939354
vn 0.000000 -0.000006 1.000000
vn 0.000000 -0.000006 1.000000
vn -0.000000 -0.960642 -0.277789
vn -0.000000 -0.839746 -0.542979
vn -0.000000 -0.960642 -0.277789
vn -0.000000 -0.839746 -0.542979
vn -0.000000 -0.839747 -0.542979
vn -0.000000 -0.632398 -0.774644
vn -0.000000 -0.839747 -0.542979
vn -0.000000 -0.632398 -0.774644
vn -0.000000 -0.000000 -1.000000
vn -0.000000 -0.000006 -1.000000
vn -0.000000 -0.342950 -0.939354
vn -0.000000 -0.342950 -0.939354
vn 1.000000 0.000000 0.000000
vn 1.000000 0.000000 0.000000
vn 1.000000 0.000001 0.000000
vn -1.000000 0.000000 0.000000
vn -1.000000 0.000000 0.000000
vn -1.000000 0.000000 0.000000
vn 1.000000 0.000000 0.000000
vn 1.000000 0.000000 0.000000
vn 1.000000 0.000000 0.000000
vn -1.000000 0.000000 0.000000
vn -1.000000 0.000000 0.000000
vn -1.000000 0.000001 0.000000
vn 0.000000 -0.342957 0.939351
vn 0.000000 -0.632399 0.774643
vn 0.000000 -0.342957 0.939351
vn 0.000000 -0.632399 0.774643
vn -0.000000 -0.342956 -0.939351
vn -0.000000 -0.632398 -0.774644
vn -0.000000 -0.342956 -0.939351
vn -0.000000 -0.632398 -0.774644
vn 0.037096 -0.998969 0.026168
vn 0.037096 -0.998969 0.026168
vn 0.037096 -0.998969 0.026168
vn 0.000000 0.000000 1.000000
vn -0.000001 0.000000 1.000000
vn 0.000000 0.000000 1.000000
vn -0.000000 0.000000 1.000000
vn -0.000000 0.000000 1.000000
vn 0.000000 0.000000 1.000000
vn 0.000000 0.000000 1.000000
vn 0.000000 0.000000 1.000000
vn 0.000000 0.000000 -1.000000
vn -0.000000 0.000000 -1.000000
vn 0.000000 0.000000 -1.000000
vn 0.000000 0.000000 -1.000000
vn 0.000001 0.000000 -1.000000
vn 0.000000 0.000000 -1.000000
vn -0.000000 0.000000 -1.000000
vn -0.000000 0.000000 -1.000000
vn -0.996496 0.000000 0.083646
vn -0.996496 0.000000 0.083646
vn -0.996496 0.000000 0.083646
vn -0.996496 0.000000 0.083646
vn 0.000000 -1.000000 0.000000
vn 0.000000 -1.000000 0.000000
vn 0.000000 -1.000000 0.000000
vn 0.000000 -1.000000 0.000000
vn 0.000000 1.000000 0.000000
vn 0.000000 1.000000 0.000000
vn 0.000000 1.000000 0.000001
vn 0.000000 1.000000 0.000001
vn 0.000000 -1.000000 0.000000
vn 0.000000 -1.000000 0.000000
vn 0.000000 -1.000000 0.000000
vn 0.000000 -1.000000 0.000000
vn -1.000000 0.000000 0.000000
vn -1.000000 0.000000 0.000000
vn -1.000000 0.000000 0.000000
vn -1.000000 0.000000 0.000000
vn 1.000000 0.000000 0.000000
vn 1.000000 0.000000 0.000000
vn 1.000000 0.000000 0.000000
vn 1.000000 0.000000 0.000000
vn 0.000000 1.000000 0.000000
vn 0.000000 1.000000 0.000000
vn 0.000000 1.000000 0.000000
vn 0.000000 1.000000 0.000000
vn 1.000000 0.000000 0.000000
vn 1.000000 0.000000 0.000000
vn 1.000000 0.000000 0.000000
vn 1.000000 0.000000 0.000000
vn 0.997581 0.000000 -0.069519
vn 0.890703 0.000000 -0.454585
vn 0.997581 0.000000 -0.069519
vn 0.890703 0.000000 -0.454585
vn 0.706028 0.000000 -0.708184
vn 0.706029 0.000000 -0.708183
vn 0.507300 0.000000 -0.861769
vn 0.507301 0.000000 -0.861769
vn 0.307903 0.000000 -0.951418
vn 0.307903 0.000000 -0.951418
vn 0.101081 0.000000 -0.994878
vn 0.101082 0.000000 -0.994878
vn -0.126545 0.000000 -0.991961
vn -0.126543 0.000000 -0.991961
vn -0.377232 0.000000 -0.926119
vn -0.381934 0.000000 -0.924190
vn -0.660926 0.000000 -0.750451
vn -0.678035 0.000000 -0.735030
vn -0.814664 0.000000 -0.579934
vn -0.814663 0.000000 -0.579934
vn 0.398183 0.000000 0.917306
vn 0.394162 0.000000 0.919041
vn 0.252620 0.000000 0.967566
vn 0.252618 0.000000 0.967566
vn 0.678036 0.000000 0.735029
vn 0.678035 0.000000 0.735030
vn 0.923730 0.000000 0.383045
vn 0.923730 0.000000 0.383045
vn -0.047148 -0.998646 0.022006
vn -0.046970 -0.998894 0.001972
vn -0.028052 -0.998796 0.040249
vn -0.042775 -0.998258 0.040641
vn -0.033834 -0.997875 0.055685
vn -0.021041 -0.997662 0.065015
vn -0.005949 -0.997719 0.067238
vn 0.009458 -0.998013 0.062286
vn -0.057081 -0.989689 0.131364
vn -0.047202 -0.995662 0.080183
vn 0.000000 -1.000000 0.000000
vn 0.000000 -1.000000 0.000000
vn -0.034725 -0.998754 -0.035846
vn -0.028811 -0.998532 -0.045871
vn -0.042684 -0.998932 -0.017700
vn -0.007508 0.999972 0.000314
vn -0.007538 0.999965 0.003517
vn -0.002196 0.999989 0.004215
vn -0.006842 0.999956 0.006499
vn -0.005414 0.999946 0.008909
vn -0.003367 0.999940 0.010404
vn -0.000952 0.999942 0.010759
vn 0.001514 0.999949 0.009964
vn 0.003747 0.999959 0.008197
vn 0.005551 0.999968 0.005730
vn 0.006822 0.999973 0.002829
vn 0.007356 0.999972 0.001181
vn -0.002474 0.999952 -0.009474
vn -0.003747 0.999959 -0.008197
vn -0.005551 0.999968 -0.005730
vn -0.006822 0.999973 -0.002829
vn 0.011167 -0.999408 -0.032539
vn 0.025734 -0.999654 -0.005358
vn -0.000953 -0.999998 -0.001766
vn 0.018510 -0.999199 -0.035473
vn 0.008673 -0.999506 -0.030214
vn -0.013223 -0.999071 -0.041008
vn 0.001381 -0.999047 -0.043626
vn -0.005783 -0.999388 -0.034507
vn -0.022706 -0.999568 -0.018674
vn -0.026694 -0.999595 -0.009818
vn -0.028068 -0.999606 0.000000
vn -0.026694 -0.999595 0.009818
vn -0.022706 -0.999568 0.018674
vn -0.005783 -0.999388 0.034507
vn 0.001381 -0.999047 0.043626
vn -0.013223 -0.999071 0.041008
vn -0.018642 -0.999016 0.040243
vn -0.001674 -0.999627 0.027249
vn 0.031854 -0.999394 -0.014027
vn 0.039241 -0.999222 -0.003982
vn 0.028063 -0.999428 0.018891
vn 0.000000 1.000000 0.000000
vn 0.000000 1.000000 0.000000
vn 0.000000 1.000000 0.000000
vn 0.000000 1.000000 0.000000
vn 0.000000 1.000000 0.000000
vn 0.000000 1.000000 0.000000
vn 0.000000 1.000000 0.000000
vn 0.000000 0.000000 1.000000
vn 0.000000 0.000000 1.000000
vn 0.000000 0.000000 1.000000
vn 0.000000 0.000000 1.000000
vn 0.000000 1.000000 0.000000
vn 0.000000 1.000000 0.000000
vn 0.000000 1.000000 0.000000
vn 0.000000 1.000000 0.000000
vn 0.000000 -1.000000 0.000000
vn 0.000000 -1.000000 0.000000
vn 0.000000 -1.000000 0.000000
vn 0.000000 -1.000000 0.000000
vn -1.000000 0.000000 0.000000
vn -1.000000 0.000000 0.000000
vn -1.000000 0.000000 0.000000
vn -1.000000 0.000000 0.000000
vn 1.000000 0.000000 0.000000
vn 1.000000 0.000000 0.000000
vn 1.000000 0.000000 0.000000
vn 1.000000 0.000000 0.000000
vn 0.000000 1.000000 0.000000
vn 0.000000 1.000000 0.000000
vn 0.000000 1.000000 0.000000
vn 0.000000 1.000000 0.000000
vn 0.000000 -1.000000 0.000000
vn 0.000000 -1.000000 0.000000
vn 0.000000 -1.000000 0.000000
vn 0.000000 -1.000000 0.000000
vn 0.000000 0.000000 -1.000000
vn 0.000000 0.000000 -1.000000
vn 0.000000 0.000000 -1.000000
vn 0.000000 0.000000 -1.000000
vn 0.000000 -1.000000 0.000005
vn 0.000000 -1.000000 0.000002
vn 0.000000 -1.000000 0.000002
vn 0.000000 -1.000000 0.000000
vn -0.999343 0.000000 -0.036250
vn -0.999343 0.000000 -0.036249
vn -0.997513 0.000000 -0.070489
vn -0.997513 0.000000 -0.070489
vn 0.000000 1.000000 -0.000008
vn 0.000000 1.000000 -0.000002
vn 0.000000 1.000000 -0.000003
vn 0.000000 1.000000 0.000003
vn 0.000000 1.000000 0.000001
vn 0.000000 1.000000 -0.000001
vn -0.986273 0.000000 -0.165123
vn -0.986273 0.000000 -0.165123
vn 0.000000 -1.000000 0.000000
vn 0.000000 -1.000000 0.000000
vn 0.000000 1.000000 -0.000000
vn 0.000000 1.000000 0.000001
vn -0.952510 0.000000 -0.304506
vn -0.952511 0.000000 -0.304505
vn 0.000000 -1.000000 0.000004
vn 0.000000 -1.000000 0.000000
vn 0.000000 1.000000 0.000001
vn 0.000000 1.000000 0.000002
vn -0.883252 0.000000 -0.468899
vn -0.883251 0.000000 -0.468900
vn 0.000000 -1.000000 0.000003
vn 0.000000 -1.000000 -0.000002
vn 0.000000 1.000000 0.000001
vn 0.000000 1.000000 0.000001
vn -0.773780 0.000000 -0.633454
vn -0.773781 0.000000 -0.633453
vn 0.000000 -1.000000 0.000000
vn 0.000000 -1.000000 0.000001
vn 0.000000 1.000000 -0.000001
vn 0.000000 1.000000 -0.000003
vn -0.632270 0.000000 -0.774748
vn -0.632273 0.000000 -0.774745
vn 0.000000 -1.000000 0.000000
vn 0.000000 -1.000000 0.000001
vn 0.000000 1.000000 0.000000
vn 0.000000 1.000000 0.000000
vn -0.476218 0.000000 -0.879327
vn -0.476221 0.000000 -0.879326
vn 0.000000 -1.000000 -0.000001
vn 0.000000 -1.000000 -0.000002
vn 0.000000 1.000000 0.000000
vn 0.000000 1.000000 0.000001
vn -0.324263 0.000000 -0.945967
vn -0.324264 0.000000 -0.945967
vn 0.000000 -1.000000 0.000002
vn 0.000000 -1.000000 0.000004
vn 0.000000 1.000000 0.000002
vn 0.000000 1.000000 0.000000
vn -0.190708 0.000000 -0.981647
vn -0.190711 0.000000 -0.981646
vn 0.000000 -1.000000 0.000002
vn 0.000000 -1.000000 -0.000001
vn 0.000000 1.000000 0.000003
vn 0.000000 1.000000 0.000005
vn -0.085236 0.000000 -0.996361
vn -0.085239 0.000000 -0.996361
vn 0.000000 -1.000000 -0.000001
vn 0.000000 -1.000000 -0.000003
vn 0.000000 1.000000 -0.000002
vn 0.000000 1.000000 -0.000002
vn -0.015604 0.000000 -0.999878
vn -0.015601 0.000000 -0.999878
vn 0.000000 -1.000000 0.000002
vn 0.000000 -1.000000 -0.000000
vn 0.000000 1.000000 -0.000002
vn 0.000000 1.000000 0.000000
vn 0.009361 0.000000 -0.999956
vn 0.009367 0.000000 -0.999956
vn 0.000000 -1.000000 0.000004
vn 0.000000 -1.000000 0.000000
vn -0.525090 0.000000 0.851047
vn -0.677401 0.000000 0.735614
vn -0.525089 0.000000 0.851047
vn -0.677400 0.000000 0.735615
vn -0.925855 0.000000 0.377879
vn -0.925855 0.000000 0.377880
vn -0.997937 0.000000 -0.064199
vn -0.997937 0.000000 -0.064200
vn -0.900922 0.000000 -0.433982
vn -0.900921 0.000000 -0.433982
vn -0.730488 0.000000 -0.682925
vn -0.730487 0.000000 -0.682926
vn -0.541682 0.000000 -0.840584
vn -0.541681 0.000000 -0.840584
vn -0.346088 0.000000 -0.938202
vn -0.346086 0.000000 -0.938203
vn -0.137103 0.000000 -0.990557
vn -0.137102 0.000000 -0.990557
vn -0.023506 0.000000 -0.999724
vn -0.023509 0.000000 -0.999724
vn 0.004145 0.999982 -0.004330
vn 0.003392 0.999979 -0.005498
vn 0.003377 0.999986 0.004078
vn 0.005206 0.999984 -0.002174
vn 0.005827 0.999983 0.000188
vn 0.005935 0.999979 0.002608
vn 0.005462 0.999973 0.004861
vn 0.004401 0.999968 0.006674
vn 0.002841 0.999966 0.007789
vn 0.000981 0.999967 0.008047
vn -0.000935 0.999972 0.007455
vn -0.001684 0.999973 0.007094
vn 0.025239 -0.998844 -0.040906
vn 0.030843 -0.999005 -0.032223
vn 0.035541 -0.998787 0.034081
vn 0.038748 -0.999118 -0.016181
vn 0.043365 -0.999058 0.001399
vn 0.044158 -0.998836 0.019409
vn 0.040630 -0.998520 0.036160
vn 0.032727 -0.998231 0.049632
vn 0.021126 -0.998098 0.057912
vn 0.007297 -0.998182 0.059835
vn 0.077602 -0.992369 0.095822
vn 0.053240 -0.997341 0.049774
vn 0.000000 -1.000000 -0.000000
vn 0.000000 0.000000 -1.000000
vn 0.000000 0.000000 -1.000000
vn 0.000000 0.000000 -1.000000
vn 0.000000 0.000000 -1.000000
vn 0.000000 1.000000 0.000000
vn 0.000000 1.000000 0.000000
vn 0.000000 1.000000 0.000000
vn 0.000000 1.000000 0.000000
vn 0.000000 -1.000000 0.000000
vn 0.000000 -1.000000 0.000000
vn 0.000000 -1.000000 0.000000
vn 0.000000 -1.000000 0.000000
vn -1.000000 0.000000 0.000000
vn -1.000000 0.000000 0.000000
vn -1.000000 0.000000 0.000000
vn -1.000000 0.000000 0.000000
vn 1.000000 0.000000 0.000000
vn 1.000000 0.000000 0.000000
vn 1.000000 0.000000 0.000000
vn 1.000000 0.000000 0.000000
vn 0.000000 1.000000 0.000000
vn 0.000000 1.000000 0.000000
vn 0.000000 1.000000 0.000000
vn 0.000000 1.000000 0.000000
vn 0.000000 -1.000000 0.000000
vn 0.000000 -1.000000 0.000000
vn 0.000000 -1.000000 0.000000
vn 0.000000 -1.000000 0.000000
vn 0.053919 0.000000 0.998545
vn 0.053886 0.000000 0.998547
vn 0.053911 0.000000 0.998546
vn 0.053878 0.000000 0.998547
vn 0.000000 1.000000 0.000002
vn 0.000000 1.000000 0.000001
vn 0.000000 1.000000 -0.000000
vn 0.000000 1.000000 -0.000004
vn -0.999559 0.000000 0.029690
vn -0.999559 0.000000 0.029690
vn -0.997804 0.000000 0.066236
vn -0.997804 0.000000 0.066236
vn 0.000000 -1.000000 0.000000
vn 0.000000 -1.000000 0.000001
vn 0.000000 -1.000000 -0.000002
vn 0.000000 -1.000000 0.000001
vn 0.000000 -1.000000 0.000002
vn 0.000000 -1.000000 -0.000000
vn -0.985781 0.000000 0.168034
vn -0.985781 0.000000 0.168035
vn 0.000000 1.000000 -0.000002
vn 0.000000 1.000000 0.000002
vn 0.000000 -1.000000 -0.000001
vn 0.000000 -1.000000 -0.000000
vn -0.947789 0.000000 0.318897
vn -0.947789 0.000000 0.318898
vn 0.000000 1.000000 0.000000
vn 0.000000 1.000000 -0.000001
vn 0.000000 -1.000000 -0.000001
vn 0.000000 -1.000000 0.000000
vn -0.868967 0.000000 0.494870
vn -0.868967 0.000000 0.494870
vn 0.000000 1.000000 -0.000001
vn 0.000000 1.000000 -0.000003
vn 0.000000 -1.000000 0.000000
vn 0.000000 -1.000000 0.000000
vn -0.747636 0.000000 0.664109
vn -0.747635 0.000000 0.664110
vn 0.000000 1.000000 -0.000002
vn 0.000000 1.000000 -0.000001
vn 0.000000 -1.000000 -0.000001
vn 0.000000 -1.000000 -0.000003
vn -0.599704 0.000000 0.800222
vn -0.599703 0.000000 0.800222
vn 0.000000 1.000000 -0.000002
vn 0.000000 1.000000 -0.000000
vn 0.000000 -1.000000 -0.000002
vn 0.000000 -1.000000 0.000002
vn -0.448384 0.000000 0.893841
vn -0.448385 0.000000 0.893840
vn 0.000000 1.000000 0.000004
vn 0.000000 1.000000 0.000000
vn 0.000000 -1.000000 -0.000000
vn 0.000000 -1.000000 0.000004
vn -0.311475 0.000000 0.950254
vn -0.311477 0.000000 0.950254
vn 0.000000 1.000000 0.000004
vn 0.000000 1.000000 -0.000002
vn 0.000000 -1.000000 -0.000002
vn 0.000000 -1.000000 0.000002
vn -0.198179 0.000000 0.980166
vn -0.198181 0.000000 0.980165
vn 0.000000 1.000000 0.000000
vn 0.000000 1.000000 -0.000002
vn 0.000000 -1.000000 -0.000003
vn 0.000000 -1.000000 -0.000001
vn -0.112538 0.000000 0.993647
vn -0.112541 0.000000 0.993647
vn 0.000000 1.000000 0.000001
vn 0.000000 1.000000 0.000001
vn 0.000000 -1.000000 -0.000000
vn 0.000000 -1.000000 0.000000
vn -0.074978 0.000000 0.997185
vn -0.074980 0.000000 0.997185
vn 0.000000 1.000000 0.000000
vn 0.000000 1.000000 0.000000
vn 0.000000 -1.000000 0.000000
vn 0.000000 -1.000000 0.000000
vn -0.072993 0.000000 0.997332
vn -0.072990 0.000000 0.997333
vn 0.000000 1.000000 0.000000
vn 0.000000 1.000000 0.000000
vn 0.997581 0.000000 0.069519
vn 0.997581 0.000000 0.069519
vn 0.890704 0.000000 0.454583
vn 0.890704 0.000000 0.454584
vn 0.706028 0.000000 0.708184
vn 0.706028 0.000000 0.708184
vn 0.507301 0.000000 0.861769
vn 0.507301 0.000000 0.861769
vn 0.307899 0.000000 0.951419
vn 0.307900 0.000000 0.951419
vn 0.101081 0.000000 0.994878
vn 0.101083 0.000000 0.994878
vn -0.126542 0.000000 0.991961
vn -0.126541 0.000000 0.991961
vn -0.378498 0.000000 0.925602
vn -0.380408 0.000000 0.924819
vn -0.661274 0.000000 0.750144
vn -0.676830 0.000000 0.736140
vn -0.923731 0.000000 0.383043
vn -0.923731 0.000000 0.383043
vn -0.996016 0.000000 -0.089170
vn -0.996016 0.000000 -0.089169
vn -0.890516 0.000000 -0.454953
vn -0.890518 0.000000 -0.454949
vn 0.252613 0.000000 -0.967567
vn 0.395541 0.000000 -0.918449
vn 0.252615 0.000000 -0.967567
vn 0.397025 0.000000 -0.917808
vn 0.678038 0.000000 -0.735026
vn 0.678037 0.000000 -0.735028
vn 0.923729 0.000000 -0.383046
vn 0.923729 0.000000 -0.383047
vn -0.041893 -0.998931 -0.019552
vn -0.032338 -0.998776 -0.037421
vn -0.041732 -0.999127 -0.001751
vn -0.038010 -0.998625 -0.036113
vn -0.030068 -0.998322 -0.049486
vn -0.018699 -0.998154 -0.057780
vn -0.005286 -0.998199 -0.059754
vn 0.008406 -0.998432 -0.055350
vn -0.050873 -0.991828 -0.116999
vn -0.041928 -0.996579 -0.071224
vn 0.000000 -1.000000 0.000000
vn 0.000000 -1.000000 0.000000
vn 0.000000 -1.000000 -0.000001
vn -0.069490 -0.997577 -0.003349
vn -0.133479 -0.988708 -0.068123
vn -0.030854 -0.999016 0.031849
vn -0.037924 -0.999157 0.015726
vn -0.005385 0.999985 -0.000226
vn -0.004147 0.999980 -0.004804
vn -0.005407 0.999982 -0.002523
vn -0.004908 0.999977 -0.004662
vn -0.003883 0.999972 -0.006391
vn -0.002415 0.999969 -0.007464
vn -0.000683 0.999970 -0.007718
vn 0.001086 0.999974 -0.007148
vn -0.006642 0.999862 -0.015237
vn -0.005405 0.999943 -0.009182
vn 0.000000 1.000000 -0.000000
vn 0.000000 1.000000 0.000000
vn 0.000000 1.000000 0.000000
vn -0.017404 0.999809 -0.008882
vn -0.008989 0.999960 -0.000440
vn -0.003982 0.999984 0.004111
vn -0.004894 0.999986 0.002030
vn 0.000000 0.000000 1.000000
vn 0.000000 0.000000 1.000000
vn 0.000000 0.000000 1.000000
vn 0.000000 0.000000 1.000000
vn 0.000000 1.000000 0.000000
vn 0.000000 1.000000 0.000000
vn 0.000000 1.000000 0.000000
vn 0.000000 1.000000 0.000000
vn 0.000000 -1.000000 0.000000
vn 0.000000 -1.000000 0.000000
vn 0.000000 -1.000000 0.000000
vn 0.000000 -1.000000 0.000000
vn 1.000000 0.000000 0.000000
vn 1.000000 0.000000 0.000000
vn 1.000000 0.000000 0.000000
vn 1.000000 0.000000 0.000000
vn -1.000000 0.000000 0.000000
vn -1.000000 0.000000 0.000000
vn -1.000000 0.000000 0.000000
vn -1.000000 0.000000 0.000000
vn -1.000000 0.000000 0.000000
vn -1.000000 0.000000 0.000000
vn -1.000000 0.000000 0.000000
vn -1.000000 0.000000 0.000000
vn 0.000000 1.000000 0.000000
vn 0.000000 1.000000 0.000000
vn 0.000000 1.000000 0.000000
vn 0.000000 1.000000 0.000000
vn 0.000000 -1.000000 0.000000
vn 0.000000 -1.000000 0.000000
vn 0.000000 -1.000000 0.000000
vn 0.000000 -1.000000 0.000000
vn 0.000000 0.000000 1.000000
vn 0.000000 0.000000 1.000000
vn 0.000000 0.000000 1.000000
vn 0.000000 0.000000 1.000000
vn 0.000000 0.000000 -1.000000
vn 0.000000 0.000000 -1.000000
vn 0.000000 0.000000 -1.000000
vn 0.000000 0.000000 -1.000000
vn 0.000000 1.000000 0.000000
vn 0.000000 1.000000 0.000000
vn 0.000000 1.000000 0.000001
vn 0.000000 1.000000 -0.000001
vn 0.999968 0.000000 -0.007976
vn 0.999968 0.000000 -0.007976
vn 0.999537 0.000000 -0.030424
vn 0.999537 0.000000 -0.030424
vn 0.000000 -1.000000 -0.000004
vn 0.000000 -1.000000 -0.000002
vn 0.000000 -1.000000 0.000003
vn 0.000000 -1.000000 0.000002
vn 0.000000 -1.000000 -0.000002
vn 0.000000 -1.000000 -0.000002
vn 0.995602 0.000000 -0.093687
vn 0.995602 0.000000 -0.093688
vn 0.000000 1.000000 -0.000001
vn 0.000000 1.000000 -0.000003
vn 0.000000 -1.000000 -0.000001
vn 0.000000 -1.000000 -0.000003
vn 0.981512 0.000000 -0.191401
vn 0.981512 0.000000 -0.191401
vn 0.000000 1.000000 -0.000001
vn 0.000000 1.000000 -0.000004
vn 0.000000 -1.000000 0.000002
vn 0.000000 -1.000000 -0.000006
vn 0.947898 0.000000 -0.318575
vn 0.947897 0.000000 -0.318576
vn 0.000000 1.000000 -0.000001
vn 0.000000 1.000000 -0.000002
vn 0.000000 -1.000000 -0.000000
vn 0.000000 -1.000000 0.000000
vn 0.883458 0.000000 -0.468511
vn 0.883458 0.000000 -0.468511
vn 0.000000 1.000000 0.000001
vn 0.000000 1.000000 0.000003
vn 0.000000 -1.000000 -0.000002
vn 0.000000 -1.000000 -0.000006
vn 0.778081 0.000000 -0.628163
vn 0.778084 0.000000 -0.628160
vn 0.000000 1.000000 0.000002
vn 0.000000 1.000000 0.000000
vn 0.000000 -1.000000 -0.000002
vn 0.000000 -1.000000 -0.000001
vn 0.630622 0.000000 -0.776090
vn 0.630625 0.000000 -0.776088
vn 0.000000 1.000000 -0.000003
vn 0.000000 1.000000 -0.000001
vn 0.000000 -1.000000 0.000002
vn 0.000000 -1.000000 0.000006
vn 0.456482 0.000000 -0.889732
vn 0.456484 0.000000 -0.889732
vn 0.000000 1.000000 0.000001
vn 0.000000 1.000000 -0.000000
vn 0.000000 -1.000000 -0.000000
vn 0.000000 -1.000000 0.000003
vn 0.284061 0.000000 -0.958806
vn 0.284064 0.000000 -0.958806
vn 0.000000 1.000000 0.000002
vn 0.000000 1.000000 -0.000000
vn 0.000000 -1.000000 -0.000000
vn 0.000000 -1.000000 0.000000
vn 0.141167 0.000000 -0.989986
vn 0.141170 0.000000 -0.989985
vn 0.000000 1.000000 0.000001
vn 0.000000 1.000000 0.000002
vn 0.000000 -1.000000 -0.000002
vn 0.000000 -1.000000 -0.000001
vn 0.046332 0.000000 -0.998926
vn 0.046334 0.000000 -0.998926
vn 0.000000 1.000000 0.000004
vn 0.000000 1.000000 0.000002
vn 0.000000 -1.000000 -0.000003
vn 0.000000 -1.000000 0.000000
vn 0.012458 0.000000 -0.999922
vn 0.012458 0.000000 -0.999922
vn 0.000000 1.000000 0.000004
vn 0.000000 1.000000 0.000000
vn -0.086096 0.000000 0.996287
vn -0.086098 0.000000 0.996287
vn -0.360147 0.000000 0.932896
vn -0.360152 0.000000 0.932894
vn -0.617220 0.000000 0.786790
vn -0.617225 0.000000 0.786787
vn -0.832892 0.000000 0.553436
vn -0.832892 0.000000 0.553436
vn -0.970194 0.000000 0.242329
vn -0.970194 0.000000 0.242329
vn -0.994055 0.000000 -0.108877
vn -0.994055 0.000000 -0.108877
vn -0.897145 0.000000 -0.441735
vn -0.897146 0.000000 -0.441734
vn -0.706485 0.000000 -0.707728
vn -0.706484 0.000000 -0.707729
vn -0.588466 0.000000 -0.808522
vn -0.588464 0.000000 -0.808523
vn 0.328041 0.000000 0.944664
vn 0.328039 0.000000 0.944664
vn 0.191335 0.000000 0.981525
vn 0.191331 0.000000 0.981525
vn 0.000000 -1.000000 0.000000
vn 0.000000 -1.000000 0.000000
vn 0.000000 -1.000000 0.000001
vn 0.000000 -1.000000 0.000001
vn 0.000000 -1.000000 0.000001
vn 0.000000 -1.000000 -0.000001
vn 0.000000 -1.000000 -0.000001
vn 0.000000 -1.000000 0.000001
vn 0.000000 -1.000000 -0.000000
vn 0.000000 -1.000000 -0.000002
vn 0.000000 1.000000 0.000000
vn 0.000000 1.000000 -0.000000
vn 0.000000 1.000000 -0.000001
vn 0.000000 1.000000 -0.000001
vn 0.000000 1.000000 0.000002
vn 0.000000 1.000000 -0.000001
vn 0.000000 1.000000 -0.000002
vn 0.000000 1.000000 0.000002
vn 0.000000 1.000000 0.000000
vn 0.000000 1.000000 0.000000
vn 0.000000 0.000000 1.000000
vn 0.000000 0.000000 1.000000
vn 0.000000 0.000000 1.000000
vn 0.000000 0.000000 1.000000
vn 0.000000 1.000000 0.000000
vn 0.000000 1.000000 0.000000
vn 0.000000 1.000000 0.000000
vn 0.000000 1.000000 0.000000
vn 0.000000 -1.000000 0.000000
vn 0.000000 -1.000000 0.000000
vn 0.000000 -1.000000 0.000000
vn 0.000000 -1.000000 0.000000
vn -1.000000 0.000000 0.000000
vn -1.000000 0.000000 0.000000
vn -1.000000 0.000000 0.000000
vn -1.000000 0.000000 0.000000
vn 1.000000 0.000000 0.000000
vn 1.000000 0.000000 0.000000
vn 1.000000 0.000000 0.000000
vn 1.000000 0.000000 0.000000
vn 0.000000 1.000000 0.000000
vn 0.000000 1.000000 0.000000
vn 0.000000 1.000000 0.000000
vn 0.000000 1.000000 0.000000
vn 0.000000 -1.000000 0.000000
vn 0.000000 -1.000000 0.000000
vn 0.000000 -1.000000 0.000000
vn 0.000000 -1.000000 0.000000
vn 0.000000 0.000000 -1.000000
vn 0.000000 0.000000 -1.000000
vn 0.000000 0.000000 -1.000000
vn 0.000000 0.000000 -1.000000
vn 0.000000 -1.000000 0.000001
vn 0.000000 -1.000000 0.000000
vn 0.000000 -1.000000 0.000000
vn 0.000000 -1.000000 0.000000
vn -0.999343 0.000000 -0.036249
vn -0.999343 0.000000 -0.036249
vn -0.997513 0.000000 -0.070489
vn -0.997513 0.000000 -0.070489
vn 0.000000 1.000000 0.000000
vn 0.000000 1.000000 -0.000000
vn 0.000000 1.000000 -0.000002
vn 0.000000 1.000000 -0.000000
vn 0.000000 1.000000 -0.000001
vn 0.000000 1.000000 -0.000001
vn -0.986273 0.000000 -0.165124
vn -0.986273 0.000000 -0.165123
vn 0.000000 -1.000000 -0.000000
vn 0.000000 -1.000000 -0.000002
vn 0.000000 1.000000 -0.000001
vn 0.000000 1.000000 0.000001
vn -0.952510 0.000000 -0.304506
vn -0.952511 0.000000 -0.304505
vn 0.000000 -1.000000 0.000004
vn 0.000000 -1.000000 -0.000002
vn 0.000000 1.000000 -0.000001
vn 0.000000 1.000000 -0.000001
vn -0.883250 0.000000 -0.468902
vn -0.883250 0.000000 -0.468901
vn 0.000000 -1.000000 0.000003
vn 0.000000 -1.000000 -0.000001
vn 0.000000 1.000000 -0.000004
vn 0.000000 1.000000 -0.000001
vn -0.773780 0.000000 -0.633454
vn -0.773782 0.000000 -0.633452
vn 0.000000 -1.000000 -0.000005
vn 0.000000 -1.000000 -0.000000
vn 0.000000 1.000000 -0.000002
vn 0.000000 1.000000 -0.000002
vn -0.632272 0.000000 -0.774746
vn -0.632273 0.000000 -0.774745
vn 0.000000 -1.000000 -0.000007
vn 0.000000 -1.000000 0.000000
vn 0.000000 1.000000 -0.000001
vn 0.000000 1.000000 -0.000003
vn -0.476218 0.000000 -0.879327
vn -0.476219 0.000000 -0.879327
vn 0.000000 -1.000000 -0.000002
vn 0.000000 -1.000000 0.000000
vn 0.000000 1.000000 0.000000
vn 0.000000 1.000000 0.000001
vn -0.324265 0.000000 -0.945966
vn -0.324265 0.000000 -0.945966
vn 0.000000 -1.000000 0.000000
vn 0.000000 -1.000000 0.000000
vn 0.000000 1.000000 0.000001
vn 0.000000 1.000000 0.000002
vn -0.190707 0.000000 -0.981647
vn -0.190711 0.000000 -0.981646
vn 0.000000 -1.000000 0.000000
vn 0.000000 -1.000000 0.000001
vn 0.000000 1.000000 0.000000
vn 0.000000 1.000000 0.000000
vn -0.085236 0.000000 -0.996361
vn -0.085239 0.000000 -0.996361
vn 0.000000 -1.000000 0.000001
vn 0.000000 -1.000000 0.000001
vn 0.000000 1.000000 -0.000000
vn 0.000000 1.000000 -0.000000
vn -0.015604 0.000000 -0.999878
vn -0.015601 0.000000 -0.999878
vn 0.000000 -1.000000 -0.000000
vn 0.000000 -1.000000 -0.000000
vn 0.000000 1.000000 -0.000000
vn 0.000000 1.000000 0.000000
vn 0.009361 0.000000 -0.999956
vn 0.009367 0.000000 -0.999956
vn 0.000000 -1.000000 0.000000
vn 0.000000 -1.000000 0.000000
vn -0.086095 0.000000 -0.996287
vn -0.360149 0.000000 -0.932895
vn -0.086098 0.000000 -0.996287
vn -0.360150 0.000000 -0.932894
vn -0.617223 0.000000 -0.786789
vn -0.617223 0.000000 -0.786788
vn -0.832894 0.000000 -0.553432
vn -0.832894 0.000000 -0.553433
vn -0.970194 0.000000 -0.242329
vn -0.970194 0.000000 -0.242328
vn -0.994055 0.000000 0.108878
vn -0.994055 0.000000 0.108877
vn -0.897145 0.000000 0.441735
vn -0.897146 0.000000 0.441734
vn -0.811039 0.000000 0.584993
vn -0.811039 0.000000 0.584993
vn 0.328041 0.000000 -0.944664
vn 0.191336 0.000000 -0.981524
vn 0.328039 0.000000 -0.944664
vn 0.191332 0.000000 -0.981525
vn 0.000000 -1.000000 0.000000
vn 0.000000 -1.000000 -0.000001
vn 0.000000 -1.000000 0.000000
vn 0.000000 -1.000000 0.000000
vn 0.000000 -1.000000 0.000000
vn 0.000000 -1.000000 0.000000
vn 0.000000 -1.000000 0.000000
vn 0.000000 -1.000000 0.000000
vn 0.000000 -1.000000 -0.000000
vn 0.000000 -1.000000 0.000001
vn 0.000000 1.000000 0.000001
vn 0.000000 1.000000 0.000001
vn 0.000000 1.000000 0.000001
vn 0.000000 1.000000 0.000001
vn 0.000000 1.000000 -0.000002
vn 0.000000 1.000000 0.000002
vn 0.000000 1.000000 0.000004
vn 0.000000 1.000000 0.000000
vn 0.000000 1.000000 0.000000
vn 0.000000 1.000000 0.000001
vn 0.000000 -0.175214 -0.984530
vn 0.000000 -0.175214 -0.984531
vn 0.000000 -0.342952 -0.939353
vn 0.000000 -0.342951 -0.939353
vn 1.000000 0.000001 0.000000
vn 1.000000 0.000000 0.000000
vn 1.000000 0.000000 0.000000
vn 1.000000 0.000000 0.000000
vn 0.000000 -0.632397 -0.774644
vn 0.000000 -0.632396 -0.774645
vn -1.000000 0.000000 0.000000
vn -1.000000 0.000000 0.000000
vn -1.000000 0.000000 0.000000
vn -1.000000 0.000000 0.000000
vn 1.000000 0.000001 0.000000
vn 1.000000 0.000000 0.000000
vn 0.000000 -0.839747 -0.542978
vn 0.000000 -0.839746 -0.542979
vn -1.000000 -0.000000 0.000000
vn -1.000000 0.000000 0.000000
vn 0.000000 -0.175214 0.984530
vn 0.000000 -0.342952 0.939353
vn 0.000000 -0.175214 0.984530
vn 0.000000 -0.342951 0.939353
vn 1.000000 0.000001 0.000000
vn 1.000000 0.000000 0.000000
vn 0.000000 -0.960644 -0.277783
vn 0.000000 -0.960643 -0.277785
vn -1.000000 -0.000000 0.000000
vn -1.000000 0.000000 0.000000
vn 0.000000 -0.632397 0.774644
vn 0.000000 -0.632396 0.774645
vn 1.000000 0.000002 0.000000
vn 1.000000 0.000001 0.000000
vn 1.000000 0.000000 0.000000
vn 1.000000 0.000000 0.000000
vn -1.000000 0.000001 0.000000
vn -1.000000 0.000000 0.000000
vn -1.000000 0.000000 0.000000
vn -1.000000 0.000000 0.000000
vn 1.000000 0.000000 0.000000
vn 1.000000 0.000000 0.000000
vn 0.000000 -1.000000 0.000001
vn 0.000000 -1.000000 -0.000001
vn -1.000000 0.000001 0.000000
vn -1.000000 0.000000 0.000000
vn 0.000000 -0.839747 0.542978
vn 0.000000 -0.839746 0.542979
vn 1.000000 0.000000 0.000000
vn 1.000000 0.000000 0.000000
vn -1.000000 -0.000000 0.000000
vn -1.000000 0.000000 0.000000
vn 1.000000 0.000001 0.000000
vn 1.000000 0.000000 0.000000
vn 0.000000 -0.960644 0.277784
vn 0.000000 -0.960644 0.277784
vn -1.000000 0.000000 0.000000
vn -1.000000 0.000000 0.000000
vn 1.000000 0.000000 0.000000
vn 1.000000 0.000000 0.000000
vn -1.000000 0.000000 0.000000
vn -1.000000 0.000000 0.000000
vn 1.000000 0.000000 0.000000
vn 1.000000 0.000000 0.000000
vn -1.000000 -0.000000 0.000000
vn -1.000000 0.000000 0.000000
vn 0.000000 -0.000006 1.000000
vn 0.000000 -0.000006 1.000000
vn 0.000000 0.342948 0.939354
vn 0.000000 0.342948 0.939354
vn 0.000000 0.342948 0.939354
vn 0.000000 0.342948 0.939354
vn 0.000000 0.632396 0.774646
vn 0.000000 0.632396 0.774646
vn 0.000000 0.632396 0.774646
vn 0.000000 0.632396 0.774646
vn 0.000000 0.839745 0.542981
vn 0.000000 0.839745 0.542981
vn 0.000000 0.839745 0.542981
vn 0.000000 0.839745 0.542981
vn 0.000000 0.960642 0.277790
vn 0.000000 0.960642 0.277790
vn -0.000000 -0.000000 -1.000000
vn -0.000000 0.342948 -0.939355
vn -0.000000 -0.000006 -1.000000
vn -0.000000 0.342948 -0.939355
vn 0.000000 0.960642 0.277790
vn 0.000000 0.960642 0.277790
vn -0.000000 1.000000 -0.000000
vn -0.000000 1.000000 -0.000000
vn -0.000000 0.342948 -0.939355
vn -0.000000 0.632395 -0.774646
vn -0.000000 0.342948 -0.939355
vn -0.000000 0.632395 -0.774646
vn -0.000000 1.000000 -0.000000
vn -0.000000 1.000000 -0.000000
vn -0.000000 0.960642 -0.277790
vn -0.000000 0.960642 -0.277790
vn -0.000000 0.632395 -0.774646
vn -0.000000 0.839745 -0.542981
vn -0.000000 0.632395 -0.774646
vn -0.000000 0.839745 -0.542981
vn -0.000000 0.839745 -0.542981
vn -0.000000 0.960642 -0.277790
vn -0.000000 0.839745 -0.542981
vn -0.000000 0.960642 -0.277790
vn 0.019483 0.999000 0.040243
vn 0.019483 0.999000 0.040243
vn 0.019483 0.999000 0.040243
vn 0.997581 0.000000 -0.069519
vn 0.890705 0.000000 -0.454582
vn 0.997581 0.000000 -0.069519
vn 0.890704 0.000000 -0.454583
vn 0.706025 0.000000 -0.708187
vn 0.706028 0.000000 -0.708184
vn 0.507299 0.000000 -0.861770
vn 0.507304 0.000000 -0.861767
vn 0.307900 0.000000 -0.951419
vn 0.307900 0.000000 -0.951419
vn 0.101079 0.000000 -0.994878
vn 0.101075 0.000000 -0.994879
vn -0.126535 0.000000 -0.991962
vn -0.126539 0.000000 -0.991962
vn -0.297435 0.000000 -0.954742
vn -0.378063 0.000000 -0.925780
vn -0.626801 0.000000 -0.779179
vn -0.678040 0.000000 -0.735025
vn -0.814664 0.000000 -0.579934
vn -0.814664 0.000000 -0.579934
vn 0.478944 0.000000 0.877846
vn 0.398330 0.000000 0.917242
vn 0.252619 0.000000 0.967566
vn 0.252615 0.000000 0.967567
vn 0.678034 0.000000 0.735031
vn 0.678037 0.000000 0.735028
vn 0.923728 0.000000 0.383049
vn 0.923728 0.000000 0.383048
vn -0.505330 -0.828474 0.241398
vn -0.519787 -0.853924 0.025204
vn -0.372525 -0.738013 0.562639
vn -0.437961 -0.793537 0.422479
vn -0.332988 -0.763539 0.553287
vn -0.204196 -0.748451 0.630972
vn -0.060643 -0.752289 0.656036
vn 0.090915 -0.773853 0.626806
vn -0.269329 -0.542529 0.795691
vn -0.405749 -0.600242 0.689258
vn 0.000000 -1.000000 0.000000
vn 0.000000 -1.000000 0.000000
vn -0.375906 -0.839412 -0.392534
vn -0.305531 -0.818547 -0.486449
vn -0.474331 -0.858092 -0.196694
vn -0.096670 0.995308 0.004077
vn -0.096952 0.994258 0.045284
vn -0.028326 0.998122 0.054316
vn -0.087841 0.992629 0.083499
vn -0.069392 0.991027 0.114242
vn -0.043131 0.990140 0.133276
vn -0.012215 0.990377 0.137858
vn 0.019384 0.991606 0.127839
vn 0.048120 0.993270 0.105355
vn 0.071426 0.994715 0.073753
vn 0.087858 0.995466 0.036432
vn 0.094719 0.995388 0.015211
vn -0.031746 0.992072 -0.121594
vn -0.048120 0.993270 -0.105356
vn -0.071426 0.994715 -0.073755
vn -0.087858 0.995466 -0.036433
vn 0.000000 0.960639 -0.277799
vn 0.000000 0.839748 -0.542976
vn 0.000000 0.960648 -0.277770
vn 0.000000 0.839754 -0.542967
vn 0.000000 0.632393 -0.774648
vn 0.000000 0.632400 -0.774642
vn 0.000000 0.342950 -0.939354
vn 0.000000 0.342952 -0.939353
vn 0.000000 0.000001 -1.000000
vn 0.000000 0.000001 -1.000000
vn 0.000000 -0.342954 -0.939352
vn 0.000000 -0.342948 -0.939354
vn 0.000000 -0.632403 -0.774639
vn 0.000000 -0.632389 -0.774651
vn 0.000000 -0.839757 -0.542962
vn 0.000000 -0.839749 -0.542976
vn 0.000000 -0.960642 -0.277788
vn 0.000000 -0.960640 -0.277796
vn 0.000000 -1.000000 0.000000
vn 0.000000 -1.000000 -0.000000
vn 0.000000 -0.960640 0.277797
vn 0.000000 -0.960643 0.277787
vn 0.000000 -0.839748 0.542976
vn 0.000000 -0.839759 0.542960
vn 0.000000 -0.632388 0.774652
vn 0.000000 -0.632405 0.774638
vn 0.000000 -0.342947 0.939355
vn 0.000000 -0.342955 0.939352
vn 0.000000 -0.000000 1.000000
vn 0.000000 -0.000000 1.000000
vn 0.000000 0.342951 0.939353
vn 0.000000 0.342952 0.939353
vn 0.000000 0.632398 0.774644
vn 0.000000 0.632394 0.774647
vn 0.000000 0.839752 0.542970
vn 0.000000 0.839749 0.542976
vn 0.000000 0.960647 0.277772
vn 0.000000 0.960639 0.277798
vn 0.000000 1.000000 -0.000019
vn 0.000000 1.000000 0.000019
vn 1.000000 0.000000 0.000000
vn 1.000000 0.000000 0.000000
vn 1.000000 -0.000000 0.000000
vn 1.000000 0.000000 0.000000
vn 1.000000 0.000000 0.000000
vn 1.000000 0.000000 0.000000
vn 1.000000 -0.000005 0.000000
vn 1.000000 -0.000005 0.000000
vn 1.000000 0.000001 0.000000
vn 1.000000 0.000001 0.000000
vn 1.000000 0.000000 0.000000
vn 1.000000 0.000000 0.000000
vn 1.000000 0.000000 0.000000
vn 1.000000 0.000000 0.000000
vn 1.000000 0.000000 0.000000
vn 1.000000 0.000000 0.000000
vn 1.000000 0.000000 0.000000
vn 1.000000 -0.000002 0.000000
vn 1.000000 -0.000001 0.000000
vn 1.000000 0.000001 0.000000
vn 1.000000 0.000000 0.000000
vn -1.000000 0.000001 0.000000
vn -1.000000 0.000001 0.000000
vn -1.000000 -0.000000 0.000000
vn -1.000000 -0.000005 0.000000
vn -1.000000 -0.000005 0.000000
vn -1.000000 0.000000 0.000000
vn -1.000000 0.000005 0.000000
vn -1.000000 -0.000000 0.000000
vn -1.000000 -0.000007 0.000000
vn -1.000000 -0.000002 0.000000
vn -1.000000 0.000000 0.000000
vn -1.000000 0.000001 0.000000
vn -1.000000 0.000004 0.000000
vn -1.000000 0.000002 0.000000
vn -1.000000 -0.000005 0.000000
vn -1.000000 0.000000 0.000000
vn -1.000000 0.000005 0.000000
vn -1.000000 0.000000 0.000000
vn -1.000000 0.000000 0.000000
vn -1.000000 0.000000 0.000000
vn -1.000000 0.000000 0.000000
vn 0.000000 -1.000000 0.000000
vn 0.000000 -1.000000 0.000000
vn 0.000000 -1.000000 0.000000
vn 0.000000 -1.000000 0.000000
vn 0.000000 0.000000 -1.000000
vn 0.000000 0.000000 -1.000000
vn 0.000000 0.000000 -1.000000
vn 0.000000 0.000000 -1.000000
vn 0.000000 1.000000 0.000000
vn 0.000000 1.000000 0.000000
vn 0.000000 1.000000 0.000000
vn 0.000000 1.000000 0.000000
vn 0.000000 0.000000 1.000000
vn 0.000000 0.000000 1.000000
vn 0.000000 0.000000 1.000000
vn 0.000000 0.000000 1.000000
vn -1.000000 0.000000 0.000000
vn -1.000000 0.000000 0.000000
vn -1.000000 0.000000 0.000000
vn -1.000000 0.000000 0.000000
vn 1.000000 0.000000 0.000000
vn 1.000000 0.000000 0.000000
vn 1.000000 0.000000 0.000000
vn 1.000000 0.000000 0.000000
vn 0.938334 0.000000 0.345731
vn 0.938334 0.000000 0.345731
vn 0.771795 0.000000 0.635871
vn 0.771796 0.000000 0.635870
vn 0.539469 0.000000 0.842006
vn 0.539470 0.000000 0.842005
vn 0.275445 0.000000 0.961317
vn 0.275446 0.000000 0.961316
vn -0.000002 0.000000 1.000000
vn 0.000002 0.000000 1.000000
vn -0.138336 0.000000 0.990385
vn -0.138333 0.000000 0.990386
vn 0.984251 0.000000 -0.176777
vn 0.984251 0.000000 -0.176777
vn 1.000000 0.000000 -0.000001
vn 1.000000 0.000000 -0.000001
vn 0.000000 -1.000000 0.000001
vn 0.000000 -1.000000 -0.000000
vn 0.000000 -1.000000 -0.000001
vn 0.000000 -1.000000 0.000000
vn 0.000000 -1.000000 0.000000
vn 0.000000 -1.000000 0.000000
vn 0.000000 -1.000000 0.000000
vn 0.000000 -1.000000 0.000000
vn 0.000000 -1.000000 -0.000001
vn 0.000000 -1.000000 0.000000
vn 0.000000 1.000000 -0.000002
vn 0.000000 1.000000 0.000000
vn 0.000000 1.000000 0.000000
vn 0.000000 1.000000 0.000000
vn 0.000000 1.000000 0.000000
vn 0.000000 1.000000 0.000000
vn 0.000000 1.000000 0.000000
vn 0.000000 1.000000 0.000000
vn 0.000000 1.000000 0.000004
vn 0.000000 1.000000 0.000001
vn 0.000000 -1.000000 0.000000
vn 0.000000 -1.000000 0.000000
vn 0.000000 -1.000000 0.000000
vn 0.000000 -1.000000 0.000000
vn -1.000000 0.000000 0.000000
vn -1.000000 0.000000 0.000000
vn -1.000000 0.000000 0.000000
vn -1.000000 0.000000 0.000000
vn 0.000000 1.000000 0.000000
vn 0.000000 1.000000 0.000000
vn 0.000000 1.000000 0.000000
vn 0.000000 1.000000 0.000000
vn 1.000000 0.000000 0.000000
vn 1.000000 0.000000 0.000000
vn 1.000000 0.000000 0.000000
vn 1.000000 0.000000 0.000000
vn 0.000000 0.000000 1.000000
vn 0.000000 0.000000 1.000000
vn 0.000000 0.000000 1.000000
vn 0.000000 0.000000 1.000000
vn 0.000000 0.000000 -1.000000
vn 0.000000 0.000000 -1.000000
vn 0.000000 0.000000 -1.000000
vn 0.000000 0.000000 -1.000000
vn 0.000000 -1.000000 0.000000
vn 0.000000 -1.000000 0.000000
vn 0.000000 -1.000000 0.000000
vn 0.000000 -1.000000 0.000000
vn -1.000000 0.000000 0.000000
vn -1.000000 0.000000 0.000000
vn -1.000000 0.000000 0.000000
vn -1.000000 0.000000 0.000000
vn 0.000000 1.000000 0.000000
vn 0.000000 1.000000 0.000000
vn 0.000000 1.000000 0.000000
vn 0.000000 1.000000 0.000000
vn 1.000000 0.000000 0.000000
vn 1.000000 0.000000 0.000000
vn 1.000000 0.000000 0.000000
vn 1.000000 0.000000 0.000000
vn 0.000000 0.000000 1.000000
vn 0.000000 0.000000 1.000000
vn 0.000000 0.000000 1.000000
vn 0.000000 0.000000 1.000000
vn 0.000000 0.000000 -1.000000
vn 0.000000 0.000000 -1.000000
vn 0.000000 0.000000 -1.000000
vn 0.000000 0.000000 -1.000000
vn 0.997581 0.000000 0.069519
vn 0.997581 0.000000 0.069519
vn 0.890702 0.000000 0.454587
vn 0.890702 0.000000 0.454587
vn 0.706025 0.000000 0.708186
vn 0.706028 0.000000 0.708184
vn 0.507300 0.000000 0.861770
vn 0.507304 0.000000 0.861767
vn 0.307907 0.000000 0.951417
vn 0.307907 0.000000 0.951416
vn 0.101079 0.000000 0.994878
vn 0.101077 0.000000 0.994879
vn -0.126544 0.000000 0.991961
vn -0.126544 0.000000 0.991961
vn -0.297336 0.000000 0.954773
vn -0.358452 0.000000 0.933548
vn -0.625376 0.000000 0.780323
vn -0.662760 0.000000 0.748831
vn -0.814662 0.000000 0.579936
vn -0.814660 0.000000 0.579939
vn 0.252612 0.000000 -0.967568
vn 0.416580 0.000000 -0.909099
vn 0.252617 0.000000 -0.967566
vn 0.479062 0.000000 -0.877781
vn 0.678033 0.000000 -0.735031
vn 0.678037 0.000000 -0.735028
vn 0.923728 0.000000 -0.383048
vn 0.923730 0.000000 -0.383045
vn -0.506302 -0.827737 -0.241887
vn -0.494522 -0.691642 -0.526384
vn -0.520857 -0.853270 -0.025270
vn -0.438730 -0.792706 -0.423242
vn -0.333528 -0.762640 -0.554202
vn -0.204522 -0.747522 -0.631966
vn -0.060746 -0.751370 -0.657079
vn 0.091057 -0.772975 -0.627868
vn -0.269258 -0.541690 -0.796286
vn -0.406177 -0.599118 -0.689984
vn 0.000000 -1.000000 0.000000
vn 0.000000 -1.000000 0.000000
vn 0.000000 -1.000000 -0.000000
vn -0.663119 -0.746132 0.059662
vn -0.811720 -0.411689 -0.414274
vn -0.376643 -0.838711 0.393324
vn -0.475314 -0.857454 0.197101
vn -0.078412 0.996916 -0.003299
vn -0.059255 0.995899 -0.068363
vn -0.078672 0.996223 -0.036734
vn -0.071322 0.995148 -0.067782
vn -0.056374 0.994088 -0.092797
vn -0.035048 0.993501 -0.108297
vn -0.009918 0.993658 -0.112011
vn 0.015753 0.994471 -0.103824
vn -0.092886 0.972200 -0.214939
vn -0.078898 0.987832 -0.134025
vn 0.000000 1.000000 -0.000001
vn 0.000000 1.000000 0.000000
vn 0.000000 1.000000 0.000001
vn -0.244461 0.961599 -0.124766
vn -0.129778 0.991525 -0.005982
vn -0.057951 0.996525 0.059832
vn -0.071261 0.997020 0.029549
vn 0.039889 0.999157 -0.009727
vn 0.039889 0.999157 -0.009727
vn 0.039889 0.999157 -0.009727
vn 0.000000 0.000000 1.000000
vn 0.000000 0.000000 1.000000
vn 0.000000 0.000000 1.000000
vn 0.000000 0.000000 1.000000
vn 0.000000 1.000000 0.000000
vn 0.000000 1.000000 0.000000
vn 0.000000 1.000000 0.000000
vn 0.000000 1.000000 0.000000
vn 0.000000 0.000000 -1.000000
vn 0.000000 0.000000 -1.000000
vn 0.000000 0.000000 -1.000000
vn 0.000000 0.000000 -1.000000
vn 0.000000 -1.000000 0.000000
vn 0.000000 -1.000000 0.000000
vn 0.000000 -1.000000 0.000000
vn 0.000000 -1.000000 0.000000
vn -1.000000 0.000000 0.000000
vn -1.000000 0.000000 0.000000
vn -1.000000 0.000000 0.000000
vn -1.000000 0.000000 0.000000
vn 1.000000 0.000000 0.000000
vn 1.000000 0.000000 0.000000
vn 1.000000 0.000000 0.000000
vn 1.000000 0.000000 0.000000
vn 0.026386 -0.998737 0.042766
vn 0.026386 -0.998737 0.042766
vn 0.026386 -0.998737 0.042766
vn 0.000000 0.000000 -1.000000
vn 0.000000 0.000000 -1.000000
vn 0.000000 0.000000 -1.000000
vn 0.000000 0.000000 -1.000000
vn 0.000000 -1.000000 0.000000
vn 0.000000 -1.000000 0.000000
vn 0.000000 -1.000000 0.000000
vn 0.000000 -1.000000 0.000000
vn 0.000000 1.000000 0.000000
vn 0.000000 1.000000 0.000000
vn 0.000000 1.000000 0.000000
vn 0.000000 1.000000 0.000000
vn 0.000000 0.000000 1.000000
vn 0.000000 0.000000 1.000000
vn 0.000000 0.000000 1.000000
vn 0.000000 0.000000 1.000000
vn 0.000000 0.000000 1.000000
vn 0.000000 0.000000 1.000000
vn 0.000000 0.000000 1.000000
vn 0.000000 0.000000 1.000000
vn 0.000000 1.000000 0.000000
vn 0.000000 1.000000 0.000000
vn 0.000000 1.000000 0.000000
vn 0.000000 1.000000 0.000000
vn 0.000000 -1.000000 0.000000
vn 0.000000 -1.000000 0.000000
vn 0.000000 -1.000000 0.000000
vn 0.000000 -1.000000 0.000000
vn -0.000000 0.000000 -1.000000
vn -0.000000 0.000000 -1.000000
vn -0.000000 0.000000 -1.000000
vn -0.000000 0.000000 -1.000000
vn 1.000000 0.000006 0.000000
vn 1.000000 0.000000 0.000000
vn 1.000000 -0.000013 0.000000
vn 1.000000 0.000000 0.000000
vn 1.000000 0.000018 0.000000
vn 1.000000 0.000000 0.000000
vn 1.000000 -0.000005 0.000000
vn 1.000000 0.000000 0.000000
vn -1.000000 -0.000026 0.000000
vn -1.000000 0.000018 0.000000
vn -1.000000 0.000000 0.000000
vn -1.000000 0.000000 0.000000
vn -1.000000 0.000000 0.000000
vn -1.000000 0.000000 0.000000
vn -1.000000 -0.000001 0.000000
vn -1.000000 0.000000 0.000000
vn 0.000000 -1.000000 0.000000
vn 0.000000 -1.000000 0.000000
vn 0.000000 -1.000000 0.000000
vn 0.000000 -1.000000 0.000000
vn -1.000000 0.000000 0.000000
vn -1.000000 0.000000 0.000000
vn -1.000000 0.000000 0.000000
vn -1.000000 0.000000 0.000000
vn 0.000000 1.000000 0.000000
vn 0.000000 1.000000 0.000000
vn 0.000000 1.000000 0.000000
vn 0.000000 1.000000 0.000000
vn 1.000000 0.000000 0.000000
vn 1.000000 0.000000 0.000000
vn 1.000000 0.000000 0.000000
vn 1.000000 0.000000 0.000000
vn 0.000000 0.000000 1.000000
vn 0.000000 0.000000 1.000000
vn 0.000000 0.000000 1.000000
vn 0.000000 0.000000 1.000000
vn 0.000000 0.000000 -1.000000
vn 0.000000 0.000000 -1.000000
vn 0.000000 0.000000 -1.000000
vn 0.000000 0.000000 -1.000000
vn 0.000000 0.000000 -1.000000
vn 0.000000 0.000000 -1.000000
vn 0.000000 0.000000 -1.000000
vn 0.000000 0.000000 -1.000000
vn 0.000000 1.000000 0.000000
vn 0.000000 1.000000 0.000000
vn 0.000000 1.000000 0.000000
vn 0.000000 1.000000 0.000000
vn 0.000000 -1.000000 0.000000
vn 0.000000 -1.000000 0.000000
vn 0.000000 -1.000000 0.000000
vn 0.000000 -1.000000 0.000000
vn -1.000000 0.000000 0.000000
vn -1.000000 0.000000 0.000000
vn -1.000000 0.000000 0.000000
vn -1.000000 0.000000 0.000000
vn 1.000000 0.000000 0.000000
vn 1.000000 0.000000 0.000000
vn 1.000000 0.000000 0.000000
vn 1.000000 0.000000 0.000000
vn 0.000000 1.000000 0.000000
vn 0.000000 1.000000 0.000000
vn 0.000000 1.000000 0.000000
vn 0.000000 1.000000 0.000000
vn 0.000000 -1.000000 0.000000
vn 0.000000 -1.000000 0.000000
vn 0.000000 -1.000000 0.000000
vn 0.000000 -1.000000 0.000000
vn 0.053920 0.000000 0.998545
vn 0.053886 0.000000 0.998547
vn 0.053912 0.000000 0.998546
vn 0.053878 0.000000 0.998547
vn 0.000000 1.000000 -0.000007
vn 0.000000 1.000000 -0.000002
vn 0.000000 1.000000 -0.000002
vn 0.000000 1.000000 0.000004
vn -0.999559 0.000000 0.029690
vn -0.999559 0.000000 0.029690
vn -0.997804 0.000000 0.066236
vn -0.997804 0.000000 0.066236
vn 0.000000 -1.000000 -0.000007
vn 0.000000 -1.000000 -0.000002
vn 0.000000 -1.000000 -0.000000
vn 0.000000 -1.000000 0.000001
vn 0.000000 -1.000000 0.000001
vn 0.000000 -1.000000 0.000001
vn -0.985781 0.000000 0.168035
vn -0.985781 0.000000 0.168035
vn 0.000000 1.000000 0.000006
vn 0.000000 1.000000 -0.000001
vn 0.000000 -1.000000 0.000002
vn 0.000000 -1.000000 0.000000
vn -0.947789 0.000000 0.318898
vn -0.947789 0.000000 0.318897
vn 0.000000 1.000000 0.000003
vn 0.000000 1.000000 -0.000001
vn 0.000000 -1.000000 0.000000
vn 0.000000 -1.000000 0.000000
vn -0.868967 0.000000 0.494870
vn -0.868968 0.000000 0.494869
vn 0.000000 1.000000 -0.000000
vn 0.000000 1.000000 -0.000002
vn 0.000000 -1.000000 -0.000002
vn 0.000000 -1.000000 -0.000003
vn -0.747645 0.000000 0.664099
vn -0.747643 0.000000 0.664101
vn 0.000000 1.000000 0.000005
vn 0.000000 1.000000 0.000002
vn 0.000000 -1.000000 -0.000002
vn 0.000000 -1.000000 -0.000000
vn -0.599705 0.000000 0.800221
vn -0.599704 0.000000 0.800222
vn 0.000000 1.000000 0.000005
vn 0.000000 1.000000 -0.000003
vn 0.000000 -1.000000 0.000005
vn 0.000000 -1.000000 -0.000001
vn -0.448378 0.000000 0.893844
vn -0.448379 0.000000 0.893844
vn 0.000000 1.000000 -0.000004
vn 0.000000 1.000000 0.000003
vn 0.000000 -1.000000 -0.000001
vn 0.000000 -1.000000 -0.000002
vn -0.311475 0.000000 0.950254
vn -0.311477 0.000000 0.950254
vn 0.000000 1.000000 -0.000001
vn 0.000000 1.000000 -0.000001
vn 0.000000 -1.000000 0.000000
vn 0.000000 -1.000000 0.000003
vn -0.198179 0.000000 0.980166
vn -0.198181 0.000000 0.980165
vn 0.000000 1.000000 -0.000004
vn 0.000000 1.000000 -0.000003
vn 0.000000 -1.000000 0.000000
vn 0.000000 -1.000000 0.000000
vn -0.112538 0.000000 0.993647
vn -0.112541 0.000000 0.993647
vn 0.000000 1.000000 -0.000000
vn 0.000000 1.000000 0.000004
vn 0.000000 -1.000000 0.000002
vn 0.000000 -1.000000 0.000001
vn -0.074978 0.000000 0.997185
vn -0.074980 0.000000 0.997185
vn 0.000000 1.000000 0.000001
vn 0.000000 1.000000 0.000002
vn 0.000000 -1.000000 0.000002
vn 0.000000 -1.000000 0.000000
vn -0.072993 0.000000 0.997332
vn -0.072990 0.000000 0.997333
vn 0.000000 1.000000 0.000000
vn 0.000000 1.000000 0.000000
vn -0.525088 0.000000 -0.851048
vn -0.525088 0.000000 -0.851048
vn -0.677400 0.000000 -0.735615
vn -0.677399 0.000000 -0.735616
vn -0.925856 0.000000 -0.377877
vn -0.925856 0.000000 -0.377877
vn -0.997938 0.000000 0.064186
vn -0.997938 0.000000 0.064186
vn -0.900920 0.000000 0.433985
vn -0.900920 0.000000 0.433985
vn -0.730485 0.000000 0.682929
vn -0.730485 0.000000 0.682929
vn -0.541684 0.000000 0.840582
vn -0.541683 0.000000 0.840583
vn -0.346088 0.000000 0.938202
vn -0.346088 0.000000 0.938202
vn -0.137105 0.000000 0.990557
vn -0.137104 0.000000 0.990557
vn -0.023501 0.000000 0.999724
vn -0.023499 0.000000 0.999724
vn 0.005441 0.999985 -0.000035
vn 0.003372 0.999973 -0.006588
vn 0.005192 0.999986 0.000823
vn 0.005952 0.999979 -0.002454
vn 0.005894 0.999970 -0.005048
vn 0.005067 0.999959 -0.007453
vn 0.003401 0.999953 -0.009126
vn 0.001152 0.999954 -0.009541
vn -0.001155 0.999962 -0.008629
vn -0.001936 0.999965 -0.008154
vn 0.041488 -0.999117 0.006574
vn 0.030750 -0.998796 -0.038226
vn 0.042587 -0.999092 -0.001374
vn 0.043366 -0.998877 -0.019061
vn 0.039902 -0.998572 -0.035512
vn 0.032141 -0.998294 -0.048743
vn 0.020748 -0.998166 -0.056875
vn 0.007167 -0.998246 -0.058764
vn 0.076239 -0.992636 -0.094130
vn 0.052281 -0.997436 -0.048876
vn 0.000000 -1.000000 -0.000000
vn 0.000000 -1.000000 -0.000000
vn 0.000000 -1.000000 0.000000
vn 0.000000 0.000000 1.000000
vn 0.000000 0.000000 1.000000
vn 0.000000 0.000000 1.000000
vn 0.000000 0.000000 1.000000
vn 0.000000 1.000000 0.000000
vn 0.000000 1.000000 0.000000
vn 0.000000 1.000000 0.000000
vn 0.000000 1.000000 0.000000
vn 0.000000 -1.000000 0.000000
vn 0.000000 -1.000000 0.000000
vn 0.000000 -1.000000 0.000000
vn 0.000000 -1.000000 0.000000
vn 1.000000 0.000000 0.000000
vn 1.000000 0.000000 0.000000
vn 1.000000 0.000000 0.000000
vn 1.000000 0.000000 0.000000
vn -1.000000 0.000000 0.000000
vn -1.000000 0.000000 0.000000
vn -1.000000 0.000000 0.000000
vn -1.000000 0.000000 0.000000
vn -1.000000 0.000000 0.000000
vn -1.000000 0.000000 0.000000
vn -1.000000 0.000000 0.000000
vn -1.000000 0.000000 0.000000
vn 0.000000 1.000000 0.000000
vn 0.000000 1.000000 0.000000
vn 0.000000 1.000000 0.000000
vn 0.000000 1.000000 0.000000
vn 0.000000 -1.000000 0.000000
vn 0.000000 -1.000000 0.000000
vn 0.000000 -1.000000 0.000000
vn 0.000000 -1.000000 0.000000
vn 0.000000 0.000000 1.000000
vn 0.000000 0.000000 1.000000
vn 0.000000 0.000000 1.000000
vn 0.000000 0.000000 1.000000
vn 0.000000 0.000000 -1.000000
vn 0.000000 0.000000 -1.000000
vn 0.000000 0.000000 -1.000000
vn 0.000000 0.000000 -1.000000
vn 0.000000 1.000000 0.000000
vn 0.000000 1.000000 0.000005
vn 0.000000 1.000000 -0.000002
vn 0.000000 1.000000 -0.000001
vn 0.999968 0.000000 -0.007976
vn 0.999968 0.000000 -0.007976
vn 0.999537 0.000000 -0.030424
vn 0.999537 0.000000 -0.030424
vn 0.000000 -1.000000 0.000002
vn 0.000000 -1.000000 0.000008
vn 0.000000 -1.000000 -0.000001
vn 0.000000 -1.000000 0.000005
vn 0.000000 -1.000000 -0.000002
vn 0.000000 -1.000000 0.000000
vn 0.995602 0.000000 -0.093687
vn 0.995602 0.000000 -0.093688
vn 0.000000 1.000000 0.000009
vn 0.000000 1.000000 -0.000001
vn 0.000000 -1.000000 0.000001
vn 0.000000 -1.000000 0.000000
vn 0.981512 0.000000 -0.191401
vn 0.981512 0.000000 -0.191401
vn 0.000000 1.000000 0.000004
vn 0.000000 1.000000 0.000002
vn 0.000000 -1.000000 0.000002
vn 0.000000 -1.000000 0.000001
vn 0.947897 0.000000 -0.318577
vn 0.947897 0.000000 -0.318576
vn 0.000000 1.000000 0.000001
vn 0.000000 1.000000 0.000005
vn 0.000000 -1.000000 0.000001
vn 0.000000 -1.000000 0.000000
vn 0.883459 0.000000 -0.468509
vn 0.883458 0.000000 -0.468509
vn 0.000000 1.000000 -0.000004
vn 0.000000 1.000000 0.000003
vn 0.000000 -1.000000 0.000000
vn 0.000000 -1.000000 0.000001
vn 0.778082 0.000000 -0.628163
vn 0.778083 0.000000 -0.628162
vn 0.000000 1.000000 -0.000004
vn 0.000000 1.000000 -0.000005
vn 0.000000 -1.000000 0.000001
vn 0.000000 -1.000000 0.000004
vn 0.630622 0.000000 -0.776090
vn 0.630625 0.000000 -0.776088
vn 0.000000 1.000000 -0.000002
vn 0.000000 1.000000 0.000004
vn 0.000000 -1.000000 -0.000000
vn 0.000000 -1.000000 0.000005
vn 0.456482 0.000000 -0.889732
vn 0.456485 0.000000 -0.889731
vn 0.000000 1.000000 0.000002
vn 0.000000 1.000000 0.000001
vn 0.000000 -1.000000 -0.000002
vn 0.000000 -1.000000 0.000003
vn 0.284063 0.000000 -0.958806
vn 0.284065 0.000000 -0.958805
vn 0.000000 1.000000 0.000001
vn 0.000000 1.000000 -0.000002
vn 0.000000 -1.000000 0.000001
vn 0.000000 -1.000000 0.000001
vn 0.141167 0.000000 -0.989986
vn 0.141169 0.000000 -0.989985
vn 0.000000 1.000000 0.000000
vn 0.000000 1.000000 0.000001
vn 0.000000 -1.000000 0.000002
vn 0.000000 -1.000000 0.000000
vn 0.046332 0.000000 -0.998926
vn 0.046334 0.000000 -0.998926
vn 0.000000 1.000000 0.000000
vn 0.000000 1.000000 0.000001
vn 0.000000 -1.000000 0.000000
vn 0.000000 -1.000000 0.000000
vn 0.012458 0.000000 -0.999922
vn 0.012458 0.000000 -0.999922
vn 0.000000 1.000000 0.000000
vn 0.000000 1.000000 0.000000
vn -0.002271 0.983098 -0.183069
vn -0.000288 0.960811 -0.277203
vn 0.000000 0.982582 -0.185828
vn 0.000426 0.923135 -0.384476
vn 0.000048 0.876508 -0.481387
vn 0.000000 0.924123 -0.382095
vn 0.000138 0.790949 -0.611882
vn 0.000096 0.680398 -0.732843
vn -0.000002 0.793404 -0.608695
vn -0.000726 0.610729 -0.791840
vn -0.007012 0.295549 -0.955302
vn 0.000000 0.610696 -0.791866
vn -0.263463 0.385132 0.884455
vn 0.000958 0.511802 0.859103
vn 0.000000 0.488771 0.872412
vn 0.000170 0.676102 0.736809
vn -0.000637 0.798673 0.601765
vn 0.000020 0.874774 0.484530
vn 0.000000 0.798809 0.601584
vn 0.001782 0.932100 0.362196
vn 0.001933 0.960340 0.278826
vn 0.000000 0.931213 0.364477
vn -0.001494 0.985258 0.171066
vn 0.000111 0.995927 0.090164
vn 0.000000 0.984695 0.174288
vn -0.000366 0.999987 -0.005036
vn -0.000028 0.996302 -0.085925
vn 0.000000 0.999992 -0.004096
vn 1.000000 -0.000000 0.000000
vn 1.000000 0.000001 0.000000
vn 1.000000 -0.000006 0.000000
vn 1.000000 0.000000 0.000000
vn 1.000000 0.000000 0.000000
vn 1.000000 0.000000 0.000000
vn 1.000000 -0.000001 0.000000
vn 1.000000 -0.000001 0.000000
vn 1.000000 0.000002 0.000000
vn 1.000000 0.000000 0.000000
vn 1.000000 0.000000 0.000000
vn 1.000000 0.000003 0.000000
vn 0.995211 -0.096216 0.017236
vn 0.999207 0.038195 0.011253
vn 0.995553 -0.092725 0.016610
vn 1.000000 0.000001 0.000000
vn 1.000000 0.000000 0.000000
vn 1.000000 0.000000 0.000000
vn 1.000000 -0.000001 0.000000
vn 1.000000 0.000000 0.000000
vn 1.000000 0.000000 0.000000
vn 1.000000 0.000001 0.000000
vn 1.000000 0.000000 0.000000
vn 1.000000 0.000000 0.000000
vn 1.000000 0.000000 0.000000
vn 1.000000 0.000000 0.000000
vn 1.000000 -0.000000 0.000000
vn 1.000000 0.000000 0.000000
vn -1.000000 -0.000000 0.000000
vn -1.000000 0.000000 0.000000
vn -1.000000 -0.000001 0.000000
vn -1.000000 0.000000 0.000000
vn -1.000000 0.000001 0.000000
vn -1.000000 0.000001 0.000000
vn -1.000000 0.000000 0.000000
vn -1.000000 0.000000 0.000000
vn -1.000000 0.000001 0.000000
vn -1.000000 0.000001 0.000000
vn -1.000000 0.000000 0.000000
vn -1.000000 0.000000 0.000000
vn -1.000000 0.000001 0.000000
vn -1.000000 0.000001 0.000000
vn -1.000000 -0.000001 0.000000
vn -1.000000 0.000000 0.000000
vn -1.000000 0.000000 0.000000
vn -1.000000 0.000000 0.000000
vn -1.000000 0.000000 0.000000
vn -1.000000 0.000000 0.000000
vn -1.000000 0.000000 0.000000
vn -1.000000 0.000000 0.000000
vn 0.985980 0.166863 0.000000
vn 1.000000 0.000088 0.000940
vn 1.000000 0.000000 0.000000
vn 0.000000 -0.138834 0.990316
vn -0.226869 0.340754 0.912369
vn -0.152657 0.032177 0.987755
vn -0.103790 0.572355 0.813411
vn 0.000000 0.801970 0.597365
vn -0.000091 0.680811 0.732459
vn 0.000029 0.875281 0.483614
vn 0.000000 0.933767 0.357882
vn -0.001572 0.964887 0.262661
vn 0.000000 0.986036 0.166532
vn -0.000028 0.996376 0.085064
vn 0.000000 0.999980 -0.006408
vn 0.000059 0.996100 -0.088227
vn 0.000000 0.983551 -0.180632
vn 0.000089 0.964323 -0.264729
vn 0.003557 0.926232 -0.376937
vn -0.000057 0.874968 -0.484180
vn 0.000001 0.789959 -0.613160
vn -0.000094 0.677005 -0.735979
vn 0.020840 0.582312 -0.812698
vn 0.000000 -0.072828 -0.997345
vn -0.036053 -0.022341 -0.999100
vn 0.006204 0.227367 -0.973789
vn 0.000000 0.000000 -1.000000
vn 0.000000 0.000000 -1.000000
vn 0.000000 0.000000 -1.000000
vn 0.000000 0.000000 -1.000000
vn 0.000000 1.000000 0.000000
vn 0.000000 1.000000 0.000000
vn 0.000000 1.000000 0.000000
vn 0.000000 1.000000 0.000000
vn 0.000000 -1.000000 0.000000
vn 0.000000 -1.000000 0.000000
vn 0.000000 -1.000000 0.000000
vn 0.000000 -1.000000 0.000000
vn 1.000000 0.000000 0.000000
vn 1.000000 0.000000 0.000000
vn 1.000000 0.000000 0.000000
vn 1.000000 0.000000 0.000000
vn -1.000000 0.000000 0.000000
vn -1.000000 0.000000 0.000000
vn -1.000000 0.000000 0.000000
vn -1.000000 0.000000 0.000000
vn -1.000000 0.000000 0.000000
vn -1.000000 0.000000 0.000000
vn -1.000000 0.000000 0.000000
vn -1.000000 0.000000 0.000000
vn 0.000000 1.000000 0.000000
vn 0.000000 1.000000 0.000000
vn 0.000000 1.000000 0.000000
vn 0.000000 1.000000 0.000000
vn 0.000000 -1.000000 0.000000
vn 0.000000 -1.000000 0.000000
vn 0.000000 -1.000000 0.000000
vn 0.000000 -1.000000 0.000000
vn 0.000000 0.000000 -1.000000
vn 0.000000 0.000000 -1.000000
vn 0.000000 0.000000 -1.000000
vn 0.000000 0.000000 -1.000000
vn 0.000000 0.000000 1.000000
vn 0.000000 0.000000 1.000000
vn 0.000000 0.000000 1.000000
vn 0.000000 0.000000 1.000000
vn 0.000000 1.000000 0.000001
vn 0.000000 1.000000 -0.000000
vn 0.000000 1.000000 -0.000001
vn 0.000000 1.000000 0.000000
vn 0.999968 0.000000 0.007976
vn 0.999537 0.000000 0.030424
vn 0.999968 0.000000 0.007976
vn 0.999537 0.000000 0.030424
vn 0.000000 -1.000000 0.000000
vn 0.000000 -1.000000 -0.000006
vn 0.000000 -1.000000 -0.000002
vn 0.000000 -1.000000 -0.000001
vn 0.000000 -1.000000 -0.000002
vn 0.000000 -1.000000 0.000003
vn 0.995602 0.000000 0.093687
vn 0.995602 0.000000 0.093686
vn 0.000000 1.000000 0.000005
vn 0.000000 1.000000 0.000001
vn 0.000000 -1.000000 -0.000001
vn 0.000000 -1.000000 -0.000004
vn 0.981511 0.000000 0.191403
vn 0.981511 0.000000 0.191404
vn 0.000000 1.000000 0.000002
vn 0.000000 1.000000 0.000001
vn 0.000000 -1.000000 -0.000000
vn 0.000000 -1.000000 0.000000
vn 0.947895 0.000000 0.318582
vn 0.947895 0.000000 0.318582
vn 0.000000 1.000000 -0.000003
vn 0.000000 1.000000 -0.000001
vn 0.000000 -1.000000 0.000001
vn 0.000000 -1.000000 0.000002
vn 0.883456 0.000000 0.468514
vn 0.883458 0.000000 0.468510
vn 0.000000 1.000000 -0.000003
vn 0.000000 1.000000 0.000000
vn 0.000000 -1.000000 0.000000
vn 0.000000 -1.000000 0.000000
vn 0.778084 0.000000 0.628160
vn 0.778086 0.000000 0.628157
vn 0.000000 1.000000 0.000001
vn 0.000000 1.000000 0.000002
vn 0.000000 -1.000000 0.000002
vn 0.000000 -1.000000 -0.000004
vn 0.630619 0.000000 0.776093
vn 0.630623 0.000000 0.776089
vn 0.000000 1.000000 0.000000
vn 0.000000 1.000000 0.000000
vn 0.000000 -1.000000 0.000003
vn 0.000000 -1.000000 -0.000001
vn 0.456474 0.000000 0.889737
vn 0.456479 0.000000 0.889734
vn 0.000000 1.000000 0.000000
vn 0.000000 1.000000 0.000002
vn 0.000000 -1.000000 0.000002
vn 0.000000 -1.000000 -0.000002
vn 0.284063 0.000000 0.958806
vn 0.284065 0.000000 0.958805
vn 0.000000 1.000000 -0.000000
vn 0.000000 1.000000 0.000003
vn 0.000000 -1.000000 0.000002
vn 0.000000 -1.000000 -0.000001
vn 0.141173 0.000000 0.989985
vn 0.141169 0.000000 0.989985
vn 0.000000 1.000000 -0.000000
vn 0.000000 1.000000 -0.000002
vn 0.000000 -1.000000 0.000001
vn 0.000000 -1.000000 0.000002
vn 0.046332 0.000000 0.998926
vn 0.046330 0.000000 0.998926
vn 0.000000 1.000000 -0.000002
vn 0.000000 1.000000 -0.000003
vn 0.000000 -1.000000 0.000000
vn 0.000000 -1.000000 0.000004
vn 0.012458 0.000000 0.999922
vn 0.012458 0.000000 0.999922
vn 0.000000 1.000000 -0.000001
vn 0.000000 1.000000 0.000000
vn 0.967738 0.000000 -0.251960
vn 0.827159 0.000000 -0.561968
vn 0.967738 0.000000 -0.251959
vn 0.827160 0.000000 -0.561966
vn 0.609455 0.000000 -0.792821
vn 0.609455 0.000000 -0.792821
vn 0.351819 0.000000 -0.936068
vn 0.351816 0.000000 -0.936069
vn 0.078243 0.000000 -0.996934
vn 0.078241 0.000000 -0.996935
vn -0.198211 0.000000 -0.980159
vn -0.198213 0.000000 -0.980159
vn -0.334392 0.000000 -0.942434
vn -0.334395 0.000000 -0.942433
vn 0.961914 0.000000 0.273352
vn 0.994981 0.000000 0.100060
vn 0.961914 0.000000 0.273351
vn 0.994981 0.000000 0.100060
vn 0.000000 -1.000000 0.000002
vn 0.000000 -1.000000 0.000000
vn 0.000000 -1.000000 0.000000
vn 0.000000 -1.000000 0.000001
vn 0.000000 -1.000000 -0.000001
vn 0.000000 -1.000000 0.000000
vn 0.000000 -1.000000 0.000001
vn 0.000000 -1.000000 0.000000
vn 0.000000 -1.000000 0.000000
vn 0.000000 -1.000000 0.000000
vn 0.000000 1.000000 0.000000
vn 0.000000 1.000000 0.000000
vn 0.000000 1.000000 0.000000
vn 0.000000 1.000000 0.000000
vn 0.000000 1.000000 0.000000
vn 0.000000 1.000000 -0.000001
vn 0.000000 1.000000 -0.000002
vn 0.000000 1.000000 -0.000002
vn 0.000000 1.000000 0.000004
vn 0.000000 1.000000 0.000002
vn 0.000000 0.000000 -1.000000
vn 0.000000 0.000000 -1.000000
vn 0.000000 0.000000 -1.000000
vn 0.000000 0.000000 -1.000000
vn 0.000000 1.000000 0.000000
vn 0.000000 1.000000 0.000000
vn 0.000000 1.000000 0.000000
vn 0.000000 1.000000 0.000000
vn 0.000000 -1.000000 0.000000
vn 0.000000 -1.000000 0.000000
vn 0.000000 -1.000000 0.000000
vn 0.000000 -1.000000 0.000000
vn 1.000000 0.000000 0.000000
vn 1.000000 0.000000 0.000000
vn 1.000000 0.000000 0.000000
vn 1.000000 0.000000 0.000000
vn -1.000000 0.000000 0.000000
vn -1.000000 0.000000 0.000000
vn -1.000000 0.000000 0.000000
vn -1.000000 0.000000 0.000000
vn -1.000000 0.000000 0.000000
vn -1.000000 0.000000 0.000000
vn -1.000000 0.000000 0.000000
vn -1.000000 0.000000 0.000000
vn 0.000000 1.000000 0.000000
vn 0.000000 1.000000 0.000000
vn 0.000000 1.000000 0.000000
vn 0.000000 1.000000 0.000000
vn 0.000000 -1.000000 0.000000
vn 0.000000 -1.000000 0.000000
vn 0.000000 -1.000000 0.000000
vn 0.000000 -1.000000 0.000000
vn 0.000000 0.000000 -1.000000
vn 0.000000 0.000000 -1.000000
vn 0.000000 0.000000 -1.000000
vn 0.000000 0.000000 -1.000000
vn 0.000000 0.000000 1.000000
vn 0.000000 0.000000 1.000000
vn 0.000000 0.000000 1.000000
vn 0.000000 0.000000 1.000000
vn 0.000000 1.000000 -0.000000
vn 0.000000 1.000000 -0.000002
vn 0.000000 1.000000 0.000006
vn 0.000000 1.000000 0.000012
vn 0.999968 0.000000 0.007976
vn 0.999537 0.000000 0.030424
vn 0.999968 0.000000 0.007976
vn 0.999537 0.000000 0.030424
vn 0.000000 -1.000000 0.000012
vn 0.000000 -1.000000 0.000003
vn 0.000000 -1.000000 0.000001
vn 0.000000 -1.000000 -0.000002
vn 0.000000 -1.000000 0.000001
vn 0.000000 -1.000000 0.000001
vn 0.995602 0.000000 0.093687
vn 0.995602 0.000000 0.093687
vn 0.000000 1.000000 0.000001
vn 0.000000 1.000000 -0.000003
vn 0.000000 -1.000000 -0.000000
vn 0.000000 -1.000000 -0.000002
vn 0.981511 0.000000 0.191403
vn 0.981511 0.000000 0.191404
vn 0.000000 1.000000 0.000001
vn 0.000000 1.000000 -0.000001
vn 0.000000 -1.000000 -0.000000
vn 0.000000 -1.000000 -0.000002
vn 0.947895 0.000000 0.318582
vn 0.947895 0.000000 0.318582
vn 0.000000 1.000000 0.000006
vn 0.000000 1.000000 0.000002
vn 0.000000 -1.000000 -0.000001
vn 0.000000 -1.000000 0.000002
vn 0.883456 0.000000 0.468514
vn 0.883458 0.000000 0.468510
vn 0.000000 1.000000 0.000005
vn 0.000000 1.000000 -0.000001
vn 0.000000 -1.000000 -0.000002
vn 0.000000 -1.000000 0.000006
vn 0.778083 0.000000 0.628161
vn 0.778086 0.000000 0.628157
vn 0.000000 1.000000 0.000001
vn 0.000000 1.000000 -0.000002
vn 0.000000 -1.000000 -0.000003
vn 0.000000 -1.000000 0.000006
vn 0.630621 0.000000 0.776091
vn 0.630624 0.000000 0.776089
vn 0.000000 1.000000 0.000001
vn 0.000000 1.000000 0.000002
vn 0.000000 -1.000000 -0.000004
vn 0.000000 -1.000000 -0.000001
vn 0.456472 0.000000 0.889738
vn 0.456478 0.000000 0.889735
vn 0.000000 1.000000 0.000000
vn 0.000000 1.000000 -0.000002
vn 0.000000 -1.000000 -0.000002
vn 0.000000 -1.000000 0.000001
vn 0.284064 0.000000 0.958805
vn 0.284066 0.000000 0.958805
vn 0.000000 1.000000 -0.000002
vn 0.000000 1.000000 -0.000001
vn 0.000000 -1.000000 -0.000004
vn 0.000000 -1.000000 -0.000002
vn 0.141173 0.000000 0.989985
vn 0.141169 0.000000 0.989986
vn 0.000000 1.000000 -0.000001
vn 0.000000 1.000000 0.000002
vn 0.000000 -1.000000 -0.000000
vn 0.000000 -1.000000 -0.000001
vn 0.046332 0.000000 0.998926
vn 0.046330 0.000000 0.998926
vn 0.000000 1.000000 0.000001
vn 0.000000 1.000000 0.000001
vn 0.000000 -1.000000 0.000000
vn 0.000000 -1.000000 -0.000000
vn 0.012458 0.000000 0.999922
vn 0.012458 0.000000 0.999922
vn 0.000000 1.000000 0.000003
vn 0.000000 1.000000 0.000000
vn 0.000000 0.968975 -0.247158
vn 0.000000 0.934517 -0.355920
vn 0.000000 0.968976 -0.247154
vn 0.000000 0.934518 -0.355915
vn 0.000000 0.875808 -0.482660
vn 0.000000 0.800971 -0.598703
vn 0.000000 0.875803 -0.482669
vn 0.000000 0.800968 -0.598707
vn 0.000000 0.704029 -0.710172
vn 0.000000 0.704037 -0.710163
vn 0.000000 0.563247 -0.826288
vn 0.000000 0.563255 -0.826283
vn 0.000000 0.563245 -0.826290
vn 0.000000 0.563250 -0.826286
vn 0.000000 0.368388 -0.929672
vn 0.000000 0.207292 -0.978279
vn 0.000000 0.368386 -0.929673
vn 0.000000 0.207291 -0.978279
vn 0.000000 0.207289 0.978280
vn 0.000000 0.207289 0.978280
vn 0.000000 0.207292 0.978279
vn 0.000000 0.207292 0.978279
vn 0.000000 0.563250 0.826287
vn 0.000000 0.563252 0.826285
vn 0.000000 0.563253 0.826285
vn 0.000000 0.563246 0.826289
vn 0.000000 0.800969 0.598706
vn 0.000000 0.800969 0.598706
vn 0.000000 0.800974 0.598699
vn 0.000000 0.800969 0.598706
vn 0.000000 0.934519 0.355913
vn 0.000000 0.934519 0.355914
vn 0.000000 0.934519 0.355913
vn 0.000000 0.934517 0.355919
vn 0.000000 0.993064 0.117576
vn 0.000000 0.993066 0.117562
vn 0.000000 0.993064 0.117576
vn 0.000000 0.993065 0.117567
vn 0.000000 0.999976 0.006925
vn 0.000000 0.993065 -0.117567
vn 0.000000 0.999976 0.006930
vn 0.000000 0.993066 -0.117561
vn 1.000000 -0.000000 0.000000
vn 1.000000 0.000000 0.000000
vn 1.000000 0.000000 0.000000
vn 1.000000 0.000000 0.000000
vn 1.000000 -0.000000 0.000000
vn 1.000000 0.000000 0.000000
vn 1.000000 0.000000 0.000000
vn 1.000000 -0.000000 0.000000
vn 1.000000 0.000000 0.000000
vn 1.000000 0.000000 0.000000
vn 1.000000 0.000000 0.000000
vn 1.000000 -0.000000 0.000000
vn 1.000000 0.000000 0.000000
vn 1.000000 0.000000 0.000000
vn 1.000000 0.000000 0.000000
vn 1.000000 0.000000 0.000000
vn 1.000000 0.000000 0.000000
vn 1.000000 0.000001 0.000000
vn 1.000000 0.000000 0.000000
vn 1.000000 0.000000 0.000000
vn 1.000000 0.000000 0.000000
vn 1.000000 0.000008 0.000000
vn 1.000000 0.000000 0.000000
vn 1.000000 0.000000 0.000000
vn 1.000000 0.000000 0.000000
vn 1.000000 -0.000001 0.000000
vn 1.000000 -0.000000 0.000000
vn 1.000000 -0.000001 0.000000
vn 1.000000 0.000000 0.000000
vn 1.000000 0.000002 0.000000
vn 1.000000 -0.000000 0.000000
vn 1.000000 -0.000001 0.000000
vn 1.000000 -0.000000 0.000000
vn 1.000000 0.000001 0.000000
vn 1.000000 0.000001 0.000000
vn 1.000000 0.000001 0.000000
vn 1.000000 -0.000000 0.000000
vn 1.000000 -0.000001 0.000000
vn 1.000000 -0.000000 0.000000
vn 1.000000 0.000000 0.000000
vn 1.000000 -0.000001 0.000000
vn 1.000000 0.000000 0.000000
vn 1.000000 -0.000000 0.000000
vn 1.000000 -0.000000 0.000000
vn 1.000000 -0.000001 0.000000
vn 1.000000 0.000000 0.000000
vn 1.000000 -0.000000 0.000000
vn 1.000000 0.000000 0.000000
vn 1.000000 0.000000 0.000000
vn -1.000000 -0.000001 0.000000
vn -1.000000 0.000002 0.000000
vn -1.000000 0.000001 0.000000
vn -1.000000 0.000001 0.000000
vn -1.000000 -0.000005 0.000000
vn -1.000000 -0.000003 0.000000
vn -1.000000 0.000003 0.000000
vn -1.000000 -0.000003 0.000000
vn -1.000000 0.000000 0.000000
vn -1.000000 -0.000000 0.000000
vn -1.000000 0.000001 0.000000
vn -1.000000 -0.000010 0.000000
vn -1.000000 -0.000000 0.000000
vn -1.000000 -0.000000 0.000000
vn -1.000000 0.000000 0.000000
vn -1.000000 0.000000 0.000000
vn -1.000000 0.000000 0.000000
vn -1.000000 0.000000 0.000000
vn -1.000000 0.000000 0.000000
vn -1.000000 0.000000 0.000000
vn -1.000000 0.000000 0.000000
vn -1.000000 0.000000 0.000000
vn -1.000000 0.000002 0.000000
vn -1.000000 0.000004 0.000000
vn -1.000000 0.000001 0.000000
vn -1.000000 0.000002 0.000000
vn -1.000000 -0.000008 0.000000
vn -1.000000 -0.000000 0.000000
vn -1.000000 -0.000005 0.000000
vn -1.000000 -0.000006 0.000000
vn -1.000000 0.000009 0.000000
vn -1.000000 0.000000 0.000000
vn -1.000000 0.000008 0.000000
vn -1.000000 0.000003 0.000000
vn -1.000000 0.000000 0.000000
vn -1.000000 0.000000 0.000000
vn -1.000000 0.000005 0.000000
vn -1.000000 0.000000 0.000000
vn -1.000000 0.000000 0.000000
vn -1.000000 -0.000001 0.000000
vn -1.000000 0.000000 0.000000
vn -1.000000 -0.000003 0.000000
vn -1.000000 -0.000001 0.000000
vn -1.000000 0.000001 0.000000
vn -1.000000 -0.000004 0.000000
vn -1.000000 -0.000001 0.000000
vn -1.000000 -0.000000 0.000000
vn -1.000000 -0.000001 0.000000
vn -1.000000 0.000000 0.000000
vn 0.000000 0.993065 -0.117568
vn 0.000000 0.993065 -0.117565
vn 0.000000 0.993066 -0.117562
vn 0.000000 0.993065 -0.117570
vn 0.000000 0.934520 -0.355911
vn 0.000000 0.934520 -0.355911
vn 0.000000 0.800977 -0.598695
vn 0.000000 0.800969 -0.598706
vn 0.000000 0.993066 0.117561
vn 0.000000 0.993064 0.117571
vn 0.000000 0.934519 0.355913
vn 0.000000 0.934519 0.355913
vn 0.000000 0.800976 0.598696
vn 0.000000 0.800974 0.598700
vn 0.000000 0.563256 0.826282
vn 0.000000 0.563250 0.826286
vn 0.000000 0.207290 0.978279
vn 0.000000 0.207289 0.978280
vn 0.000000 0.563257 -0.826282
vn 0.000000 0.563254 -0.826284
vn 0.000000 0.207300 -0.978277
vn 0.000000 0.207296 -0.978278
vn 0.000000 0.207296 -0.978278
vn 0.000000 0.207291 -0.978279
vn 0.000000 0.207285 -0.978281
vn 0.000000 0.207281 -0.978281
vn -1.000000 -0.000002 0.000000
vn -1.000000 -0.000003 0.000000
vn -1.000000 -0.000003 0.000000
vn -1.000000 -0.000002 0.000000
vn 0.000000 0.934517 -0.355919
vn 0.000000 0.934517 -0.355919
vn 1.000000 0.000000 0.000000
vn 1.000000 0.000001 0.000000
vn 1.000000 -0.000001 0.000000
vn 1.000000 0.000000 0.000000
vn -1.000000 -0.000001 0.000000
vn -1.000000 0.000001 0.000000
vn 0.000000 0.972761 0.231810
vn 0.000000 0.972762 0.231805
vn 1.000000 -0.000000 0.000000
vn 1.000000 -0.000000 0.000000
vn -1.000000 -0.000002 0.000000
vn -1.000000 0.000003 0.000000
vn -1.000000 -0.000001 0.000000
vn -1.000000 0.000000 0.000000
vn 0.000000 0.800974 -0.598699
vn 0.000000 0.800971 -0.598703
vn 1.000000 -0.000000 0.000000
vn 1.000000 -0.000001 0.000000
vn 1.000000 -0.000002 0.000000
vn 1.000000 0.000000 0.000000
vn -1.000000 0.000002 0.000000
vn -1.000000 0.000003 0.000000
vn -1.000000 -0.000005 0.000000
vn -1.000000 -0.000004 0.000000
vn -1.000000 0.000000 0.000000
vn 0.000000 0.563248 -0.826288
vn 0.000000 0.563248 -0.826288
vn 1.000000 0.000000 0.000000
vn 1.000000 -0.000000 0.000000
vn 1.000000 -0.000001 0.000000
vn 1.000000 0.000001 0.000000
vn 1.000000 -0.000001 0.000000
vn -1.000000 0.000004 0.000000
vn -1.000000 -0.000009 0.000000
vn -1.000000 -0.000002 0.000000
vn -1.000000 0.000000 0.000000
vn 0.000000 0.207291 -0.978279
vn 0.000000 0.207289 -0.978280
vn 1.000000 0.000000 0.000000
vn 1.000000 0.000001 0.000000
vn 1.000000 -0.000001 0.000000
vn 1.000000 -0.000000 0.000000
vn 1.000000 0.000005 0.000000
vn 1.000000 -0.000003 0.000000
vn 1.000000 -0.000004 0.000000
vn -1.000000 0.000006 0.000000
vn -1.000000 0.000002 0.000000
vn -1.000000 0.000011 0.000000
vn -1.000000 0.000002 0.000000
vn -1.000000 0.000000 0.000000
vn 0.000000 0.883537 0.468360
vn 0.000000 0.883535 0.468364
vn 1.000000 -0.000000 0.000000
vn 1.000000 0.000000 0.000000
vn -1.000000 0.000001 0.000000
vn -1.000000 0.000005 0.000000
vn 0.000000 0.687691 0.726003
vn 0.000000 0.687694 0.726000
vn 1.000000 -0.000000 0.000000
vn 1.000000 0.000000 0.000000
vn -1.000000 -0.000002 0.000000
vn -1.000000 0.000001 0.000000
vn 0.000000 0.367641 0.929968
vn 0.000000 0.367643 0.929967
vn 1.000000 0.000001 0.000000
vn 1.000000 0.000000 0.000000
vn 0.000000 0.207284 0.978281
vn 0.000000 0.207284 0.978281
vn 0.000000 0.000000 1.000000
vn 0.000000 0.000000 1.000000
vn 0.000000 0.000000 1.000000
vn 0.000000 0.000000 1.000000
vn 0.000000 1.000000 0.000000
vn 0.090883 0.993563 0.067619
vn 0.000302 1.000000 0.000214
vn 0.044905 0.994781 0.091621
vn 0.213900 0.936830 0.276761
vn 0.224471 0.901283 0.370543
vn 0.180010 0.888272 0.422574
vn 0.104705 0.923177 0.369839
vn 0.003538 0.980675 0.195614
vn 0.000000 1.000000 0.000000
vn 0.002351 0.999997 -0.000960
vn 0.248304 0.961790 -0.115346
vn 0.051824 0.997938 -0.037874
vn 0.411785 0.840239 -0.352749
vn 0.430260 0.867303 -0.250323
vn 0.407864 0.824811 -0.391578
vn 0.326760 0.879067 -0.347087
vn 0.194603 0.919498 -0.341545
vn -0.001456 0.999792 0.020329
vn 0.000000 0.000000 -1.000000
vn 0.000000 0.000000 -1.000000
vn 0.000000 0.000000 -1.000000
vn 0.000000 0.000000 -1.000000
vn 0.000000 -1.000000 0.000000
vn 0.000000 -1.000000 0.000000
vn 0.000000 -1.000000 0.000000
vn -0.001430 -0.999999 -0.000107
vn 0.000000 -1.000000 0.000000
vn 0.000000 -1.000000 0.000000
vn 0.000000 -1.000000 0.000000
vn 0.000000 -1.000000 -0.000000
vn -0.030278 -0.999437 0.014458
vn -0.178167 -0.980994 0.076863
vn 0.149500 -0.976736 -0.153738
vn 0.000000 -1.000000 -0.000000
vn 0.000000 -1.000000 -0.000003
vn 1.000000 0.000000 0.000000
vn 0.303705 0.820226 0.484761
vn 1.000000 -0.000000 0.000000
vn 1.000000 0.000000 0.000000
vn 0.779207 0.547405 -0.305261
vn 0.563608 0.615286 -0.551153
vn 0.221130 0.735909 -0.639953
vn 0.683623 0.719891 0.120064
vn 0.326620 0.813598 -0.481017
vn 0.410594 0.842703 -0.348230
vn 0.483683 0.870268 -0.093192
vn 0.500585 0.865609 -0.011641
vn 0.456526 0.883156 0.107796
vn 0.356584 0.880894 0.311247
vn 0.274113 0.874626 0.399865
vn 0.128806 0.863166 0.488214
vn 1.000000 0.000000 0.000000
vn 1.000000 0.000000 0.000000
vn 1.000000 -0.000000 0.000000
vn -1.000000 0.000000 0.000000
vn -1.000000 0.000000 0.000000
vn -1.000000 0.000000 0.000000
vn -1.000000 -0.000000 0.000000
vn -1.000000 -0.000000 0.000000
vn -1.000000 0.000001 0.000000
vn -1.000000 0.000000 0.000000
vn -1.000000 -0.000001 0.000000
vn -1.000000 0.000001 0.000000
vn -1.000000 -0.000000 0.000000
vn -1.000000 -0.000002 0.000000
vn -1.000000 0.000000 0.000000
vn -1.000000 0.000000 0.000000
vn 0.000000 0.000000 1.000000
vn 0.000000 0.000000 1.000000
vn 0.000000 0.000000 1.000000
vn 0.000000 0.000000 1.000000
vn 0.000000 0.000000 -1.000000
vn 0.000000 0.000000 -1.000000
vn 0.000000 0.000000 -1.000000
vn 0.000000 0.000000 -1.000000
vn -0.000000 0.000000 -1.000000
vn 0.000000 0.000000 -1.000000
vn -0.000000 0.000000 -1.000000
vn 0.000000 0.000000 -1.000000
vn 0.000000 0.000000 1.000000
vn 0.000000 0.000000 1.000000
vn 0.000000 0.000000 1.000000
vn 0.000000 0.000000 1.000000
vn 0.007301 0.994175 0.107535
vn 0.006026 0.992252 0.124099
vn 0.010149 0.863633 0.504019
vn 0.000000 0.860655 0.509188
vn -1.000000 0.000000 0.000000
vn -1.000000 0.000000 0.000000
vn -1.000000 -0.000000 0.000000
vn -1.000000 0.000000 0.000000
vn -1.000000 -0.000000 0.000000
vn -1.000000 -0.000000 0.000000
vn -1.000000 0.000000 0.000000
vn -1.000000 0.000000 0.000000
vn 1.000000 0.000000 0.000000
vn 1.000000 0.000001 0.000000
vn 1.000000 0.000000 0.000000
vn 1.000000 0.000000 0.000000
vn 1.000000 0.000000 0.000000
vn 1.000000 -0.000001 0.000000
vn 1.000000 0.000000 0.000000
vn 1.000000 0.000000 0.000000
vn 1.000000 0.000000 0.000000
vn 1.000000 0.000000 0.000000
vn 1.000000 0.000001 0.000000
vn 1.000000 0.000000 0.000000
vn 1.000000 -0.000000 0.000000
vn 1.000000 0.000000 0.000000
vn 0.000000 -0.792187 0.610279
vn -0.023999 -0.990948 0.132083
vn -0.038730 -0.780230 0.624292
vn -0.053817 -0.975394 0.213798
vn -0.003467 -0.984561 -0.175005
vn -0.004382 -0.985964 -0.166901
vn -0.004106 -0.778002 -0.628248
vn 0.000000 -0.776743 -0.629818
vn 1.000000 0.000000 0.000000
vn 1.000000 0.000000 0.000000
vn 1.000000 0.000000 0.000000
vn 1.000000 -0.000000 0.000000
vn 1.000000 0.000000 0.000000
vn 1.000000 0.000000 0.000000
vn 1.000000 0.000000 0.000000
vn 1.000000 0.000000 0.000000
vn 1.000000 -0.000000 0.000000
vn 1.000000 0.000000 0.000000
vn 1.000000 0.000000 0.000000
vn -0.013385 -0.864557 -0.502356
vn -0.012376 -0.905799 -0.423527
vn -0.015676 -0.882818 -0.469452
vn -0.015891 -0.932943 -0.359673
vn 0.000692 -0.991498 -0.130120
vn -0.015896 -0.963151 -0.268493
vn 1.000000 0.000000 0.000000
vn 1.000000 0.000000 0.000000
vn 1.000000 0.000000 0.000000
vn 1.000000 0.000000 0.000000
vn 1.000000 -0.000001 0.000000
vn 1.000000 -0.000000 0.000000
vn 1.000000 -0.000000 0.000000
vn 1.000000 0.000000 0.000000
vn 1.000000 0.000000 0.000000
vn 1.000000 0.000000 0.000000
vn 0.001635 0.777247 0.629194
vn 0.005242 0.778662 0.627422
vn 0.005462 0.866497 0.499153
vn 0.002478 0.994100 0.108437
vn 0.006179 0.881118 0.472855
vn 0.006230 0.911519 0.411211
vn 0.032700 0.990987 -0.129909
vn 0.058036 0.907162 -0.416759
vn 0.056346 0.758894 -0.648772
vn 0.057659 0.873594 -0.483228
vn 0.048350 0.848692 -0.526672
vn 0.015285 0.745854 -0.665935
vn -0.018193 -0.900241 0.435012
vn 0.215743 -0.927293 0.305912
vn 0.015407 -0.889616 0.456450
vn -0.170221 -0.982724 0.072652
vn -0.443000 -0.896340 0.018065
vn -0.088535 -0.989319 0.115799
vn 0.258013 -0.924929 0.279169
vn -0.364461 -0.914339 0.176503
vn 0.000000 0.888190 -0.459477
vn -0.002577 0.993456 -0.114187
vn -0.003282 0.887384 -0.461019
vn 0.089824 0.968524 -0.232150
vn 0.032300 0.964499 -0.262104
vn 0.218110 0.961072 -0.169612
vn 0.218110 0.961072 -0.169612
vn 0.032300 0.964499 -0.262104
vn 0.032300 0.964499 -0.262104
vn 0.000000 0.000000 1.000000
vn 0.000000 0.000000 1.000000
vn 0.000000 0.000000 1.000000
vn 0.000000 0.000000 1.000000
vn 0.000000 1.000000 0.000000
vn 0.000000 1.000000 0.000000
vn 0.000000 1.000000 0.000000
vn 0.000000 1.000000 0.000000
vn 0.000000 0.000000 -1.000000
vn 0.000000 0.000000 -1.000000
vn 0.000000 0.000000 -1.000000
vn 0.000000 0.000000 -1.000000
vn 0.000000 -1.000000 0.000000
vn 0.000000 -1.000000 0.000000
vn 0.000000 -1.000000 0.000000
vn 0.000000 -1.000000 0.000000
vn 1.000000 0.000000 0.000000
vn 1.000000 0.000000 0.000000
vn 1.000000 0.000000 0.000000
vn 1.000000 0.000000 0.000000
vn -1.000000 0.000000 0.000000
vn -1.000000 0.000000 0.000000
vn -1.000000 0.000000 0.000000
vn -1.000000 0.000000 0.000000
vn 0.000000 0.504965 0.863140
vn 0.000000 0.504965 0.863140
vn 0.000000 0.794471 0.607302
vn 0.000000 0.794471 0.607302
vn 0.000000 0.927351 0.374192
vn 0.000000 0.927351 0.374192
vn 0.000000 0.984105 0.177586
vn 0.000000 0.984105 0.177587
vn 0.000000 0.996154 0.087624
vn 0.000000 0.996153 0.087628
vn 0.000000 0.274230 0.961664
vn 0.000000 0.274230 0.961664
vn -0.833757 0.552131 0.000000
vn -0.559642 0.828735 0.000000
vn -0.833755 0.552134 0.000000
vn -0.559642 0.828734 0.000000
vn -0.335769 0.941944 0.000000
vn -0.335771 0.941944 0.000000
vn -0.157429 0.987530 0.000000
vn -0.157430 0.987530 0.000000
vn -0.077475 0.996994 0.000000
vn -0.077475 0.996994 0.000000
vn -0.951649 0.307188 0.000000
vn -0.951646 0.307198 0.000000
vn 0.000000 0.504964 -0.863140
vn 0.000000 0.794469 -0.607305
vn 0.000000 0.504964 -0.863140
vn 0.000000 0.794469 -0.607305
vn 0.000000 0.927351 -0.374192
vn 0.000000 0.927351 -0.374192
vn 0.000000 0.984105 -0.177586
vn 0.000000 0.984105 -0.177587
vn 0.000000 0.996154 -0.087624
vn 0.000000 0.996153 -0.087628
vn 0.000000 0.274242 -0.961661
vn 0.000000 0.274242 -0.961661
vn -0.002511 0.274230 0.961661
vn -0.002531 0.274241 0.961658
vn -0.010785 0.274239 0.961601
vn -0.010790 0.274241 0.961601
vn -0.001947 0.676035 0.736867
vn -0.001939 0.676032 0.736869
vn -0.008235 0.676026 0.736832
vn -0.008233 0.676027 0.736831
vn -0.001275 0.874223 0.485524
vn -0.001270 0.874222 0.485526
vn -0.005382 0.874217 0.485505
vn -0.005373 0.874220 0.485501
vn -0.000713 0.962215 0.272289
vn -0.000702 0.962214 0.272292
vn -0.002983 0.962214 0.272278
vn -0.002968 0.962214 0.272279
vn -0.000225 0.996153 0.087626
vn -0.000224 0.996153 0.087626
vn -0.000945 0.996153 0.087620
vn -0.000939 0.996154 0.087619
vn -0.003220 0.996154 0.087564
vn -0.003215 0.996154 0.087558
vn -0.010102 0.962214 0.272108
vn -0.010115 0.962218 0.272091
vn -0.018136 0.874218 0.485194
vn -0.018181 0.874233 0.485166
vn -0.027627 0.676027 0.736359
vn -0.027708 0.676044 0.736340
vn -0.036113 0.274239 0.960983
vn -0.036151 0.274246 0.960980
vn -0.007238 0.996157 0.087291
vn -0.007197 0.996157 0.087287
vn -0.022742 0.962243 0.271238
vn -0.022741 0.962250 0.271217
vn -0.040821 0.874306 0.483656
vn -0.040913 0.874324 0.483615
vn -0.062163 0.676192 0.734098
vn -0.062329 0.676208 0.734069
vn -0.081186 0.274349 0.958197
vn -0.081278 0.274365 0.958185
vn -0.013181 0.996169 0.086446
vn -0.012784 0.996164 0.086565
vn -0.041895 0.962370 0.268494
vn -0.041543 0.962345 0.268638
vn -0.075587 0.874678 0.478774
vn -0.075499 0.874635 0.478868
vn -0.115370 0.676853 0.727021
vn -0.115497 0.676789 0.727061
vn -0.150784 0.274813 0.949601
vn -0.150881 0.274781 0.949595
vn -0.021134 0.996186 0.084658
vn -0.017151 0.996166 0.085787
vn -0.068462 0.962617 0.262072
vn -0.065665 0.962641 0.262699
vn -0.124417 0.875504 0.466919
vn -0.122937 0.875607 0.467118
vn -0.192359 0.678713 0.708764
vn -0.192284 0.678403 0.709081
vn -0.251925 0.276098 0.927526
vn -0.251963 0.275929 0.927565
vn 0.055818 0.990824 0.123096
vn -0.031195 0.996193 0.081397
vn -0.095238 0.963224 0.251254
vn -0.104368 0.963148 0.247898
vn -0.185971 0.877786 0.441483
vn -0.190278 0.877371 0.440472
vn -0.294774 0.682351 0.668959
vn -0.293410 0.682559 0.669346
vn -0.389355 0.278756 0.877894
vn -0.389124 0.278899 0.877951
vn -0.042503 0.996156 0.076592
vn 0.060798 -0.996379 -0.059433
vn -0.131125 0.964148 0.230704
vn -0.148955 0.964339 0.218776
vn -0.263815 0.881736 0.391080
vn -0.270692 0.881192 0.387590
vn -0.415523 0.690199 0.592424
vn -0.418659 0.689292 0.591271
vn -0.557073 0.284458 0.780226
vn -0.557804 0.283868 0.779920
vn 0.067553 -0.996616 -0.046841
vn -0.058515 0.996336 0.062383
vn -0.176615 0.966089 0.188360
vn -0.193173 0.966283 0.170241
vn -0.342808 0.887343 0.308392
vn -0.349438 0.886850 0.302307
vn -0.538862 0.700630 0.467702
vn -0.542648 0.699790 0.464572
vn -0.727969 0.292164 0.620243
vn -0.729152 0.291556 0.619139
vn 0.074739 -0.996746 -0.030179
vn -0.071843 0.996753 0.036372
vn -0.218412 0.968551 0.119182
vn -0.224430 0.968296 0.109698
vn -0.402202 0.892884 0.202467
vn -0.405943 0.892464 0.196771
vn -0.631379 0.710819 0.309994
vn -0.634143 0.710212 0.305716
vn -0.859183 0.299854 0.414599
vn -0.860234 0.299369 0.412767
vn -0.076391 0.996934 0.016926
vn -0.074740 0.997049 0.017524
vn -0.237494 0.969772 0.056031
vn -0.238701 0.969577 0.054243
vn -0.431552 0.896325 0.101809
vn -0.432750 0.896042 0.099178
vn -0.678349 0.717313 0.159073
vn -0.679404 0.716940 0.156226
vn -0.927823 0.304796 0.215044
vn -0.928250 0.304501 0.213614
vn -0.077343 0.996993 0.004811
vn -0.077403 0.996987 0.005128
vn -0.242132 0.970093 0.017075
vn -0.242264 0.970056 0.017326
vn -0.439693 0.897542 0.032993
vn -0.439853 0.897467 0.032879
vn -0.692114 0.719803 0.053496
vn -0.692260 0.719698 0.053012
vn -0.948918 0.306761 0.073834
vn -0.948968 0.306688 0.073505
vn -0.077489 0.996992 0.001409
vn -0.077474 0.996993 0.001461
vn -0.242571 0.970123 0.004601
vn -0.242529 0.970133 0.004717
vn -0.440505 0.897709 0.008625
vn -0.440455 0.897732 0.008769
vn -0.693620 0.720208 0.013867
vn -0.693571 0.720253 0.013975
vn -0.951478 0.307117 0.019200
vn -0.951469 0.307142 0.019245
vn -0.951468 0.307149 -0.019181
vn -0.951487 0.307093 -0.019113
vn -0.949009 0.306680 -0.072997
vn -0.948961 0.306751 -0.073333
vn -0.693573 0.720253 -0.013900
vn -0.693615 0.720214 -0.013789
vn -0.692280 0.719705 -0.052665
vn -0.692132 0.719812 -0.053148
vn -0.440449 0.897735 -0.008720
vn -0.440517 0.897704 -0.008558
vn -0.439862 0.897471 -0.032669
vn -0.439709 0.897542 -0.032788
vn -0.242527 0.970133 -0.004686
vn -0.242569 0.970123 -0.004568
vn -0.242265 0.970057 -0.017235
vn -0.242139 0.970093 -0.016974
vn -0.077475 0.996993 -0.001448
vn -0.077489 0.996992 -0.001402
vn -0.077403 0.996987 -0.005100
vn -0.077343 0.996993 -0.004803
vn -0.076400 0.996935 -0.016832
vn -0.074794 0.997043 -0.017661
vn -0.238757 0.969583 -0.053896
vn -0.237573 0.969774 -0.055648
vn -0.432851 0.896066 -0.098518
vn -0.431665 0.896348 -0.101122
vn -0.679600 0.716984 -0.155171
vn -0.678555 0.717359 -0.157983
vn -0.928559 0.304551 -0.212197
vn -0.928142 0.304835 -0.213606
vn -0.071922 0.996758 -0.036075
vn 0.074892 -0.996745 0.029830
vn -0.224686 0.968320 -0.108958
vn -0.218867 0.968574 -0.118157
vn -0.406409 0.892539 -0.195462
vn -0.402750 0.892955 -0.201056
vn -0.634940 0.710352 -0.303729
vn -0.632226 0.710953 -0.307953
vn -0.861461 0.299439 -0.410147
vn -0.860430 0.299923 -0.411955
vn 0.067760 -0.996619 0.046465
vn -0.058985 0.996360 -0.061543
vn -0.193828 0.966333 -0.169211
vn -0.177961 0.966162 -0.186713
vn -0.350611 0.886979 -0.300565
vn -0.344133 0.887462 -0.306568
vn -0.544530 0.700015 -0.462024
vn -0.540809 0.700836 -0.465139
vn -0.731818 0.291723 -0.615906
vn -0.730634 0.292341 -0.617018
vn 0.061076 -0.996385 0.059054
vn -0.043118 0.996174 -0.076020
vn -0.150040 0.964394 -0.217789
vn -0.132751 0.964209 -0.229515
vn -0.272573 0.881333 -0.385948
vn -0.265827 0.881863 -0.389426
vn -0.421569 0.689538 -0.588912
vn -0.418472 0.690429 -0.590076
vn -0.561747 0.284062 -0.777013
vn -0.561017 0.284641 -0.777328
vn -0.031647 0.996199 -0.081158
vn 0.056212 0.990684 -0.124039
vn -0.105620 0.963184 -0.247225
vn -0.096621 0.963254 -0.250610
vn -0.192462 0.877474 -0.439315
vn -0.188209 0.877882 -0.440342
vn -0.296810 0.682251 -0.668160
vn -0.295051 0.682886 -0.668290
vn -0.393068 0.278754 -0.876239
vn -0.392768 0.279136 -0.876251
vn -0.021429 0.996184 -0.084607
vn -0.017512 0.996175 -0.085610
vn -0.069613 0.962634 -0.261705
vn -0.066830 0.962658 -0.262341
vn -0.126443 0.875561 -0.466268
vn -0.124986 0.875664 -0.466466
vn -0.194087 0.678536 -0.708462
vn -0.193607 0.678705 -0.708432
vn -0.255261 0.276038 -0.926631
vn -0.255238 0.276139 -0.926607
vn -0.013384 0.996167 -0.086443
vn -0.012825 0.996168 -0.086510
vn -0.042463 0.962354 -0.268461
vn -0.042807 0.962377 -0.268325
vn -0.077135 0.874660 -0.478561
vn -0.077193 0.874701 -0.478477
vn -0.117943 0.676837 -0.726623
vn -0.117797 0.676891 -0.726596
vn -0.154055 0.274819 -0.949074
vn -0.153945 0.274847 -0.949084
vn -0.007401 0.996158 -0.087265
vn -0.007437 0.996157 -0.087271
vn -0.023367 0.962254 -0.271148
vn -0.023360 0.962247 -0.271175
vn -0.042027 0.874329 -0.483511
vn -0.041913 0.874309 -0.483557
vn -0.063993 0.676223 -0.733913
vn -0.063814 0.676195 -0.733954
vn -0.083433 0.274378 -0.957995
vn -0.083330 0.274358 -0.958010
vn -0.003323 0.996154 -0.087555
vn -0.003328 0.996154 -0.087563
vn -0.010456 0.962222 -0.272067
vn -0.010436 0.962215 -0.272092
vn -0.018785 0.874227 -0.485153
vn -0.018737 0.874217 -0.485174
vn -0.028635 0.676049 -0.736300
vn -0.028546 0.676024 -0.736327
vn -0.037357 0.274254 -0.960931
vn -0.037306 0.274235 -0.960939
vn -0.000976 0.996153 -0.087622
vn -0.000982 0.996153 -0.087622
vn -0.003089 0.962216 -0.272271
vn -0.003099 0.962212 -0.272283
vn -0.005587 0.874217 -0.485502
vn -0.005599 0.874220 -0.485498
vn -0.008568 0.676027 -0.736827
vn -0.008562 0.676021 -0.736833
vn -0.011218 0.274236 -0.961597
vn -0.011217 0.274226 -0.961600
vn -0.000236 0.996153 -0.087627
vn -0.000237 0.996153 -0.087627
vn -0.000745 0.962213 -0.272297
vn -0.000738 0.962217 -0.272283
vn -0.001335 0.874222 -0.485525
vn -0.001333 0.874221 -0.485526
vn -0.002028 0.676029 -0.736872
vn -0.002028 0.676031 -0.736870
vn -0.002649 0.274237 -0.961658
vn -0.002636 0.274242 -0.961657
vn 0.833748 0.552145 0.000000
vn 0.559643 0.828734 0.000000
vn 0.833749 0.552143 0.000000
vn 0.559644 0.828733 0.000000
vn 0.335771 0.941944 0.000000
vn 0.335771 0.941944 0.000000
vn 0.157429 0.987530 0.000000
vn 0.157429 0.987530 0.000000
vn 0.077474 0.996994 0.000000
vn 0.077475 0.996994 0.000000
vn 0.951644 0.307202 0.000000
vn 0.951644 0.307202 0.000000
vn 0.010898 0.274225 -0.961604
vn 0.010876 0.274209 -0.961609
vn 0.041001 0.274152 -0.960812
vn 0.041165 0.274192 -0.960793
vn 0.008329 0.676003 -0.736852
vn 0.008295 0.675982 -0.736871
vn 0.031182 0.675908 -0.736326
vn 0.031480 0.675977 -0.736250
vn 0.005449 0.874209 -0.485520
vn 0.005407 0.874195 -0.485544
vn 0.020262 0.874157 -0.485220
vn 0.020461 0.874206 -0.485125
vn 0.003021 0.962212 -0.272286
vn 0.002985 0.962205 -0.272310
vn 0.011115 0.962194 -0.272136
vn 0.011175 0.962214 -0.272065
vn 0.000955 0.996153 -0.087624
vn 0.000942 0.996153 -0.087631
vn 0.003461 0.996152 -0.087577
vn 0.003455 0.996154 -0.087549
vn 0.010966 0.996153 -0.086946
vn 0.011266 0.996170 -0.086705
vn 0.034184 0.962215 -0.270138
vn 0.034976 0.962322 -0.269652
vn 0.061052 0.874240 -0.481640
vn 0.062212 0.874461 -0.481090
vn 0.092710 0.676078 -0.730975
vn 0.093950 0.676381 -0.730535
vn 0.121014 0.274270 -0.954008
vn 0.121625 0.274452 -0.953878
vn 0.022370 0.996181 -0.084396
vn 0.023676 0.996230 -0.083456
vn 0.068836 0.962522 -0.262323
vn 0.070715 0.962752 -0.260976
vn 0.122185 0.875180 -0.468115
vn 0.124249 0.875601 -0.466782
vn 0.185039 0.677816 -0.711566
vn 0.186931 0.678349 -0.710563
vn 0.241253 0.275497 -0.930537
vn 0.242133 0.275799 -0.930219
vn 0.035862 0.996270 -0.078481
vn 0.039098 0.996359 -0.075761
vn 0.110232 0.963388 -0.244404
vn 0.112820 0.963697 -0.241991
vn 0.195988 0.877718 -0.437264
vn 0.198226 0.878232 -0.435219
vn 0.297822 0.682379 -0.667579
vn 0.299612 0.682990 -0.666151
vn 0.389910 0.278691 -0.877668
vn 0.390696 0.279012 -0.877217
vn 0.049205 0.996425 -0.068669
vn 0.053701 0.996523 -0.063695
vn 0.151853 0.964826 -0.214596
vn 0.154269 0.965114 -0.211558
vn 0.271224 0.881895 -0.385614
vn 0.272887 0.882340 -0.383417
vn 0.415058 0.689966 -0.593021
vn 0.416153 0.690470 -0.591665
vn 0.547988 0.284065 -0.786776
vn 0.548416 0.284317 -0.786386
vn 0.060316 0.996610 -0.055957
vn 0.062939 0.996663 -0.051968
vn 0.186645 0.966503 -0.176168
vn 0.187614 0.966610 -0.174545
vn 0.335245 0.886790 -0.318143
vn 0.335665 0.886936 -0.317291
vn 0.517985 0.699067 -0.492948
vn 0.518119 0.699214 -0.492597
vn 0.692613 0.290754 -0.660113
vn 0.692637 0.290828 -0.660056
vn 0.068211 0.996766 -0.042477
vn 0.068614 0.996784 -0.041401
vn 0.211927 0.967965 -0.134654
vn 0.212214 0.967973 -0.134139
vn 0.382654 0.891158 -0.243749
vn 0.383111 0.891181 -0.242944
vn 0.596406 0.707454 -0.379223
vn 0.596871 0.707477 -0.378446
vn 0.806747 0.297164 -0.510737
vn 0.806960 0.297158 -0.510405
vn 0.072971 0.996884 -0.029971
vn 0.073250 0.996875 -0.029572
vn 0.228397 0.969069 -0.093493
vn 0.228937 0.969028 -0.092593
vn 0.413972 0.894485 -0.168890
vn 0.414621 0.894404 -0.167724
vn 0.648773 0.713888 -0.263549
vn 0.649387 0.713757 -0.262388
vn 0.883891 0.302129 -0.357008
vn 0.884150 0.302021 -0.356458
vn 0.075813 0.996952 -0.018418
vn 0.076021 0.996943 -0.018034
vn 0.237419 0.969726 -0.057135
vn 0.237845 0.969672 -0.056272
vn 0.430955 0.896472 -0.103028
vn 0.431471 0.896354 -0.101888
vn 0.677425 0.717764 -0.160966
vn 0.677904 0.717575 -0.159787
vn 0.926848 0.305161 -0.218699
vn 0.927033 0.305015 -0.218117
vn 0.077089 0.996984 -0.008979
vn 0.077169 0.996979 -0.008832
vn 0.241338 0.970033 -0.028139
vn 0.241525 0.969999 -0.027707
vn 0.438245 0.897405 -0.051037
vn 0.438487 0.897325 -0.050373
vn 0.689761 0.719597 -0.080066
vn 0.689983 0.719467 -0.079309
vn 0.945562 0.306604 -0.109115
vn 0.945639 0.306506 -0.108722
vn 0.077442 0.996993 -0.002814
vn 0.077454 0.996992 -0.002812
vn 0.242425 0.970128 -0.009044
vn 0.242456 0.970121 -0.009003
vn 0.440272 0.897709 -0.016717
vn 0.440316 0.897689 -0.016606
vn 0.693246 0.720210 -0.026591
vn 0.693283 0.720181 -0.026417
vn 0.950977 0.307096 -0.036542
vn 0.950988 0.307074 -0.036438
vn 0.077478 0.996994 -0.000749
vn 0.077474 0.996994 -0.000756
vn 0.242536 0.970139 -0.002391
vn 0.242527 0.970142 -0.002409
vn 0.440481 0.897751 -0.004389
vn 0.440471 0.897756 -0.004415
vn 0.693623 0.720305 -0.006969
vn 0.693608 0.720319 -0.006993
vn 0.951604 0.307178 -0.009601
vn 0.951600 0.307190 -0.009612
vn 0.000936 0.996153 0.087621
vn 0.003393 0.996152 0.087580
vn 0.000923 0.996152 0.087633
vn 0.003387 0.996154 0.087554
vn 0.002955 0.962211 0.272288
vn 0.010888 0.962196 0.272141
vn 0.002923 0.962206 0.272308
vn 0.010946 0.962215 0.272072
vn 0.005335 0.874210 0.485519
vn 0.019846 0.874159 0.485235
vn 0.005294 0.874196 0.485544
vn 0.020032 0.874204 0.485145
vn 0.008164 0.676013 0.736845
vn 0.030541 0.675917 0.736345
vn 0.008123 0.675990 0.736866
vn 0.030822 0.675983 0.736273
vn 0.010669 0.274214 0.961610
vn 0.040139 0.274153 0.960848
vn 0.010658 0.274204 0.961612
vn 0.040307 0.274201 0.960827
vn 0.118488 0.274289 0.954320
vn 0.119075 0.274462 0.954197
vn 0.090770 0.676078 0.731217
vn 0.091962 0.676370 0.730798
vn 0.059775 0.874234 0.481810
vn 0.060888 0.874448 0.481283
vn 0.033471 0.962215 0.270224
vn 0.034230 0.962318 0.269762
vn 0.010739 0.996153 0.086973
vn 0.011027 0.996169 0.086747
vn 0.236288 0.275447 0.931824
vn 0.237128 0.275728 0.931528
vn 0.181227 0.677740 0.712619
vn 0.183050 0.678252 0.711665
vn 0.119664 0.875137 0.468845
vn 0.121647 0.875541 0.467580
vn 0.067404 0.962511 0.262734
vn 0.069190 0.962728 0.261473
vn 0.021894 0.996180 0.084529
vn 0.023101 0.996226 0.083671
vn 0.382479 0.278512 0.880989
vn 0.383239 0.278814 0.880563
vn 0.292191 0.682140 0.670305
vn 0.293926 0.682721 0.668954
vn 0.192280 0.877583 0.439176
vn 0.194432 0.878070 0.437252
vn 0.108116 0.963346 0.245512
vn 0.110551 0.963632 0.243293
vn 0.035137 0.996267 0.078855
vn 0.038031 0.996347 0.076463
vn 0.539186 0.283731 0.792953
vn 0.539611 0.283968 0.792579
vn 0.408557 0.689522 0.598030
vn 0.409638 0.689990 0.596750
vn 0.267022 0.881655 0.389080
vn 0.268636 0.882067 0.387030
vn 0.149462 0.964745 0.216630
vn 0.151747 0.965009 0.213848
vn 0.048376 0.996417 0.069378
vn 0.052479 0.996506 0.064971
vn 0.684334 0.290339 0.668873
vn 0.684356 0.290417 0.668817
vn 0.512071 0.698506 0.499872
vn 0.512177 0.698652 0.499560
vn 0.331521 0.886490 0.322847
vn 0.331879 0.886626 0.322105
vn 0.184564 0.966400 0.178904
vn 0.185413 0.966498 0.177491
vn 0.059487 0.996599 0.057019
vn 0.061780 0.996639 0.053797
vn 0.800629 0.296797 0.520484
vn 0.800859 0.296776 0.520143
vn 0.592137 0.706969 0.386740
vn 0.592665 0.706972 0.385927
vn 0.379989 0.890904 0.248793
vn 0.380536 0.890916 0.247912
vn 0.210413 0.967876 0.137628
vn 0.210813 0.967882 0.136975
vn 0.067606 0.996759 0.043610
vn 0.067653 0.996757 0.043568
vn 0.880451 0.301890 0.365608
vn 0.880729 0.301771 0.365036
vn 0.646434 0.713579 0.270051
vn 0.647099 0.713437 0.268831
vn 0.412541 0.894326 0.173179
vn 0.413261 0.894236 0.171923
vn 0.227594 0.969016 0.095966
vn 0.228209 0.968970 0.094964
vn 0.072683 0.996878 0.030853
vn 0.073019 0.996869 0.030354
vn 0.925441 0.305054 0.224724
vn 0.925639 0.304900 0.224115
vn 0.676490 0.717622 0.165469
vn 0.677006 0.717422 0.164223
vn 0.430394 0.896399 0.105967
vn 0.430953 0.896275 0.104742
vn 0.237104 0.969703 0.058798
vn 0.237572 0.969644 0.057874
vn 0.075703 0.996950 0.018986
vn 0.075935 0.996940 0.018558
vn 0.945191 0.306574 0.112367
vn 0.945275 0.306468 0.111951
vn 0.689523 0.719552 0.082475
vn 0.689764 0.719413 0.081671
vn 0.438106 0.897384 0.052586
vn 0.438363 0.897300 0.051871
vn 0.241262 0.970027 0.028994
vn 0.241465 0.969990 0.028537
vn 0.077063 0.996983 0.009254
vn 0.077150 0.996978 0.009096
vn 0.950931 0.307095 0.037710
vn 0.950945 0.307068 0.037599
vn 0.693221 0.720203 0.027438
vn 0.693263 0.720169 0.027254
vn 0.440260 0.897704 0.017247
vn 0.440305 0.897685 0.017123
vn 0.242418 0.970127 0.009320
vn 0.242453 0.970119 0.009276
vn 0.077440 0.996993 0.002899
vn 0.077453 0.996992 0.002897
vn 0.951600 0.307181 0.009920
vn 0.951597 0.307187 0.009931
vn 0.693622 0.720303 0.007200
vn 0.693608 0.720316 0.007226
vn 0.440484 0.897749 0.004537
vn 0.440468 0.897756 0.004561
vn 0.242536 0.970139 0.002469
vn 0.242527 0.970141 0.002488
vn 0.077478 0.996994 0.000777
vn 0.077475 0.996994 0.000780
vn 0.000000 0.000000 1.000000
vn 0.000000 0.000000 1.000000
vn 0.000000 0.000000 1.000000
vn 0.000000 0.000000 1.000000
vn 0.000000 1.000000 0.000000
vn 0.000000 1.000000 0.000000
vn 0.000000 1.000000 0.000000
vn 0.000000 1.000000 0.000000
vn 0.000000 0.000000 -1.000000
vn 0.000000 0.000000 -1.000000
vn 0.000000 0.000000 -1.000000
vn 0.000000 0.000000 -1.000000
vn 0.000000 -1.000000 0.000000
vn 0.000000 -1.000000 0.000000
vn 0.000000 -1.000000 0.000000
vn 0.000000 -1.000000 0.000000
vn 1.000000 0.000000 0.000000
vn 1.000000 0.000000 0.000000
vn 1.000000 0.000000 0.000000
vn 1.000000 0.000000 0.000000
vn -1.000000 0.000000 0.000000
vn -1.000000 0.000000 0.000000
vn -1.000000 0.000000 0.000000
vn -1.000000 0.000000 0.000000
vn -0.662078 0.000000 -0.749435
vn -0.662078 0.000000 -0.749435
vn -0.662078 0.000000 -0.749435
vn -0.662078 0.000000 -0.749435
vn -0.402374 0.794128 0.455473
vn -0.402375 0.794128 0.455473
vn -0.402375 0.794129 0.455471
vn -0.402375 0.794129 0.455471
vn 0.662078 0.000000 0.749435
vn 0.662078 0.000000 0.749435
vn 0.662077 0.000000 0.749436
vn 0.662077 0.000000 0.749436
vn -0.402374 -0.794129 0.455472
vn -0.402375 -0.794128 0.455472
vn -0.402377 -0.794127 0.455473
vn -0.402377 -0.794126 0.455473
vn -0.662073 0.000000 0.749439
vn -0.662073 0.000000 0.749439
vn -0.662074 0.000000 0.749439
vn -0.662074 0.000000 0.749439
vn 0.662073 0.000000 -0.749439
vn 0.662073 0.000000 -0.749439
vn 0.662073 0.000000 -0.749439
vn 0.662073 0.000000 -0.749439
vn 0.000000 0.000000 1.000000
vn 0.000000 0.000000 1.000000
vn 0.000000 0.000000 1.000000
vn 0.000000 0.000000 1.000000
vn 0.000000 0.992124 -0.125256
vn 0.000000 0.992124 -0.125256
vn 0.000000 0.992124 -0.125256
vn 0.000000 0.992124 -0.125256
vn 0.000000 0.000000 -1.000000
vn 0.000000 0.000000 -1.000000
vn 0.000000 0.000000 -1.000000
vn 0.000000 0.000000 -1.000000
vn 0.000000 -1.000000 0.000000
vn 0.000000 -1.000000 0.000000
vn 0.000000 -1.000000 0.000000
vn 0.000000 -1.000000 0.000000
vn 1.000000 0.000000 0.000000
vn 1.000000 0.000000 0.000000
vn 1.000000 0.000000 0.000000
vn 1.000000 0.000000 0.000000
vn -1.000000 0.000000 0.000000
vn -1.000000 0.000000 0.000000
vn -1.000000 0.000000 0.000000
vn -1.000000 0.000000 0.000000
vn 0.000000 0.000000 1.000000
vn 0.000000 0.000000 1.000000
vn 0.000000 0.000000 1.000000
vn 0.000000 0.000000 1.000000
vn 0.000000 1.000000 0.000000
vn 0.000000 1.000000 0.000000
vn 0.000000 1.000000 0.000000
vn 0.000000 1.000000 0.000000
vn 0.000000 0.000000 -1.000000
vn 0.000000 0.000000 -1.000000
vn 0.000000 0.000000 -1.000000
vn 0.000000 0.000000 -1.000000
vn 0.000000 -1.000000 0.000000
vn 0.000000 -1.000000 0.000000
vn 0.000000 -1.000000 0.000000
vn 0.000000 -1.000000 0.000000
vn 1.000000 0.000000 0.000000
vn 1.000000 0.000000 0.000000
vn 1.000000 0.000000 0.000000
vn 1.000000 0.000000 0.000000
vn -1.000000 0.000000 0.000000
vn -1.000000 0.000000 0.000000
vn -1.000000 0.000000 0.000000
vn -1.000000 0.000000 0.000000
vn 0.000000 -1.000000 0.000000
vn 0.000000 -1.000000 0.000000
vn 0.000000 -1.000000 0.000000
vn 0.000000 -1.000000 0.000000
vn 0.000000 1.000000 0.000000
vn 0.000000 1.000000 0.000000
vn 0.000000 1.000000 0.000000
vn 0.000000 1.000000 0.000000
vn 0.000000 0.000000 1.000000
vn 0.000000 0.000000 1.000000
vn 0.000000 0.000000 1.000000
vn 0.000000 0.000000 1.000000
vn 0.000000 0.000000 1.000000
vn 0.000000 0.000000 1.000000
vn 0.000000 0.000000 1.000000
vn 0.000000 0.000000 1.000000
vn 0.000000 1.000000 0.000000
vn 0.000000 1.000000 0.000000
vn 0.000000 1.000000 0.000000
vn 0.000000 1.000000 0.000000
vn 0.000000 -1.000000 0.000000
vn 0.000000 -1.000000 0.000000
vn 0.000000 -1.000000 0.000000
vn 0.000000 -1.000000 0.000000
vn 0.000000 0.000000 -1.000000
vn 0.000000 0.000000 -1.000000
vn 0.000000 0.000000 -1.000000
vn 0.000000 0.000000 -1.000000
vn 1.000000 0.000000 0.000000
vn 1.000000 -0.000000 0.000000
vn 1.000000 -0.000003 0.000000
vn 1.000000 -0.000003 0.000000
vn 1.000000 0.000000 0.000000
vn 1.000000 0.000000 0.000000
vn 1.000000 0.000001 0.000000
vn 1.000000 0.000004 0.000000
vn -1.000000 0.000000 0.000000
vn -1.000000 -0.000000 0.000000
vn -1.000000 0.000000 0.000000
vn -1.000000 -0.000000 0.000000
vn -1.000000 -0.000001 0.000000
vn -1.000000 -0.000004 0.000000
vn -1.000000 0.000001 0.000000
vn -1.000000 0.000003 0.000000
vn 0.000000 0.000000 -1.000000
vn 0.000000 0.000000 -1.000000
vn 0.000000 0.000000 -1.000000
vn 0.000000 0.000000 -1.000000
vn -0.238801 -0.971069 0.000000
vn -0.238799 -0.971069 0.000000
vn -0.377437 -0.926035 0.000000
vn -0.377437 -0.926035 0.000000
vn -0.608722 -0.793384 0.000000
vn -0.608728 -0.793379 0.000000
vn -0.786281 -0.617869 0.000000
vn -0.786287 -0.617861 0.000000
vn -0.915424 -0.402490 0.000000
vn -0.915426 -0.402487 0.000000
vn -0.960502 -0.278274 0.000000
vn -0.960502 -0.278274 0.000000
vn 0.000000 -0.998492 0.054893
vn 0.000000 -0.968832 -0.247719
vn 0.000000 -0.998492 0.054899
vn 0.000000 -0.968832 -0.247716
vn 0.000000 -0.792481 -0.609896
vn 0.000000 -0.792482 -0.609895
vn 0.000000 -0.620559 -0.784160
vn 0.000000 -0.620561 -0.784158
vn 0.000000 -0.422271 -0.906470
vn 0.000000 -0.422274 -0.906468
vn 0.000000 -0.311800 -0.950148
vn 0.000000 -0.311802 -0.950147
vn 0.960488 -0.278252 0.006242
vn 0.959534 -0.281590 0.001384
vn 0.959171 -0.281897 -0.022933
vn 0.958084 -0.285148 -0.027674
vn 0.856951 -0.515397 0.000436
vn 0.855279 -0.518150 -0.004273
vn 0.854815 -0.518324 -0.025109
vn 0.853021 -0.521028 -0.029754
vn 0.703688 -0.710494 -0.004703
vn 0.701632 -0.712484 -0.008926
vn 0.701129 -0.712587 -0.025280
vn 0.698919 -0.714587 -0.029623
vn 0.500368 -0.865773 -0.008267
vn 0.498214 -0.866974 -0.011824
vn 0.497697 -0.867052 -0.022790
vn 0.495324 -0.868298 -0.026686
vn 0.238790 -0.971025 -0.009476
vn 0.236707 -0.971502 -0.012405
vn 0.236175 -0.971565 -0.016810
vn 0.233818 -0.972071 -0.020202
vn 0.231468 -0.972226 -0.034622
vn 0.228258 -0.972810 -0.039233
vn 0.491882 -0.868555 -0.060536
vn 0.488810 -0.869940 -0.065347
vn 0.694537 -0.715118 -0.078903
vn 0.691817 -0.717204 -0.083717
vn 0.848016 -0.522064 -0.091204
vn 0.845842 -0.524741 -0.095902
vn 0.952948 -0.286862 -0.097981
vn 0.951530 -0.289980 -0.102482
vn 0.223778 -0.972719 -0.061171
vn 0.219147 -0.973375 -0.067198
vn 0.479945 -0.869387 -0.117552
vn 0.475816 -0.870885 -0.123122
vn 0.678974 -0.716547 -0.159858
vn 0.675504 -0.718678 -0.164914
vn 0.829717 -0.524626 -0.190624
vn 0.826991 -0.527241 -0.195198
vn 0.933275 -0.291067 -0.210422
vn 0.931393 -0.294039 -0.214587
vn 0.210939 -0.973000 -0.093676
vn 0.204335 -0.973693 -0.100843
vn 0.456937 -0.869231 -0.188805
vn 0.451743 -0.870728 -0.194321
vn 0.646976 -0.716287 -0.261449
vn 0.642885 -0.718298 -0.265983
vn 0.790316 -0.525334 -0.315317
vn 0.787152 -0.527734 -0.319199
vn 0.888919 -0.294057 -0.351216
vn 0.886624 -0.296782 -0.354709
vn 0.190952 -0.973050 -0.129275
vn 0.181903 -0.973740 -0.136903
vn 0.418098 -0.867857 -0.268365
vn 0.412237 -0.869242 -0.272907
vn 0.591546 -0.713911 -0.374707
vn 0.587318 -0.715659 -0.378009
vn 0.721140 -0.523714 -0.453521
vn 0.717925 -0.525773 -0.456231
vn 0.810059 -0.295464 -0.506464
vn 0.807594 -0.297859 -0.508991
vn 0.161202 -0.973430 -0.162630
vn 0.151912 -0.972901 -0.174319
vn 0.360624 -0.866173 -0.345970
vn 0.356555 -0.866021 -0.350536
vn 0.509892 -0.710542 -0.484913
vn 0.507372 -0.710555 -0.487529
vn 0.619450 -0.521015 -0.587218
vn 0.617453 -0.521083 -0.589257
vn 0.693606 -0.295496 -0.656958
vn 0.691287 -0.297568 -0.658465
vn 0.120829 -0.972430 -0.199451
vn 0.125899 -0.973890 -0.188910
vn 0.287645 -0.862811 -0.415714
vn 0.288295 -0.864232 -0.412298
vn 0.407024 -0.705295 -0.580422
vn 0.407074 -0.706675 -0.578706
vn 0.492123 -0.516219 -0.700951
vn 0.492515 -0.517769 -0.699532
vn 0.548213 -0.296063 -0.782183
vn 0.546510 -0.296090 -0.783363
vn 0.081488 -0.972767 -0.216988
vn 0.087207 -0.973961 -0.209272
vn 0.204671 -0.861054 -0.465505
vn 0.205710 -0.862268 -0.462794
vn 0.291206 -0.702073 -0.649840
vn 0.291284 -0.703270 -0.648510
vn 0.351906 -0.513627 -0.782527
vn 0.352240 -0.515039 -0.781449
vn 0.391886 -0.295648 -0.871216
vn 0.393057 -0.297496 -0.870059
vn 0.045373 -0.973464 -0.224298
vn 0.050366 -0.974387 -0.219165
vn 0.124064 -0.860846 -0.493511
vn 0.125816 -0.862033 -0.490988
vn 0.179838 -0.701310 -0.689799
vn 0.180610 -0.702608 -0.688274
vn 0.219034 -0.513583 -0.829612
vn 0.219897 -0.515140 -0.828418
vn 0.245070 -0.297717 -0.922662
vn 0.246633 -0.299698 -0.921604
vn 0.016631 -0.974369 -0.224342
vn 0.020600 -0.975102 -0.220799
vn 0.057486 -0.862068 -0.503522
vn 0.060119 -0.863343 -0.501024
vn 0.088105 -0.702849 -0.705862
vn 0.090182 -0.704455 -0.703996
vn 0.110611 -0.515876 -0.849492
vn 0.112653 -0.517809 -0.848047
vn 0.126315 -0.301236 -0.945146
vn 0.128725 -0.303546 -0.944081
vn -0.153623 -0.963076 -0.221101
vn -0.071094 -0.987549 -0.140329
vn 0.014779 -0.864747 -0.501991
vn 0.017910 -0.864690 -0.501987
vn 0.028057 -0.706690 -0.706967
vn 0.031313 -0.706558 -0.706962
vn 0.039356 -0.520743 -0.852806
vn 0.042722 -0.520581 -0.852743
vn 0.048494 -0.307006 -0.950471
vn 0.051951 -0.306882 -0.950329
vn -0.175630 -0.978834 -0.105065
vn -0.004451 -0.998482 0.054892
vn 0.000889 -0.865542 -0.500836
vn -0.002355 -0.866871 -0.498527
vn 0.007852 -0.707841 -0.706328
vn 0.004206 -0.709876 -0.704314
vn 0.014793 -0.522211 -0.852688
vn 0.010918 -0.524815 -0.851146
vn 0.021189 -0.308761 -0.950904
vn 0.017327 -0.311754 -0.950005
vn 0.000000 -0.999135 -0.041576
vn 0.000000 -0.999135 -0.041582
vn 0.000000 -0.967240 0.253864
vn 0.000000 -0.967240 0.253862
vn 0.000000 -0.792480 0.609899
vn 0.000000 -0.792481 0.609897
vn 0.000000 -0.620559 0.784159
vn 0.000000 -0.620561 0.784158
vn 0.000000 -0.422271 0.906470
vn 0.000000 -0.422273 0.906469
vn 0.000000 -0.311800 0.950148
vn 0.000000 -0.311802 0.950147
vn 0.238799 -0.971069 0.000000
vn 0.238799 -0.971069 0.000000
vn 0.377434 -0.926037 0.000000
vn 0.377433 -0.926037 0.000000
vn 0.608727 -0.793380 0.000000
vn 0.608726 -0.793380 0.000000
vn 0.786285 -0.617864 0.000000
vn 0.816394 -0.577495 0.000000
vn 0.921764 -0.387751 0.000000
vn 0.948339 -0.317259 0.000000
vn 0.960507 -0.278256 0.000000
vn 0.960507 -0.278256 0.000000
vn 0.017220 -0.311754 0.950007
vn 0.048043 -0.307011 0.950493
vn 0.021069 -0.308768 0.950904
vn 0.051503 -0.306895 0.950349
vn 0.010816 -0.524814 0.851148
vn 0.038951 -0.520743 0.852824
vn 0.014689 -0.522210 0.852690
vn 0.042326 -0.520581 0.852763
vn 0.004106 -0.709878 0.704312
vn 0.027728 -0.706683 0.706987
vn 0.007761 -0.707836 0.706334
vn 0.030992 -0.706551 0.706983
vn -0.002400 -0.866869 0.498530
vn 0.014563 -0.864747 0.501996
vn 0.000827 -0.865544 0.500832
vn 0.017684 -0.864695 0.501986
vn -0.004410 -0.999126 -0.041575
vn -0.167417 -0.979662 0.110612
vn -0.067183 -0.987267 0.144185
vn -0.146363 -0.964191 0.221166
vn 0.020314 -0.975100 0.220834
vn 0.016378 -0.974370 0.224357
vn 0.059414 -0.863343 0.501107
vn 0.056770 -0.862065 0.503609
vn 0.089180 -0.704446 0.704132
vn 0.087079 -0.702831 0.706007
vn 0.111449 -0.517810 0.848205
vn 0.109371 -0.515871 0.849656
vn 0.127393 -0.303553 0.944260
vn 0.124957 -0.301229 0.945329
vn 0.049748 -0.974380 0.219337
vn 0.044812 -0.973463 0.224416
vn 0.124368 -0.862014 0.491390
vn 0.122570 -0.860818 0.493933
vn 0.178616 -0.702571 0.688833
vn 0.177776 -0.701252 0.690393
vn 0.217520 -0.515113 0.829062
vn 0.216601 -0.513537 0.830279
vn 0.244014 -0.299675 0.922308
vn 0.242416 -0.297677 0.923376
vn 0.086223 -0.973943 0.209763
vn 0.080528 -0.972754 0.217403
vn 0.203528 -0.862201 0.463881
vn 0.202393 -0.860968 0.466660
vn 0.288291 -0.703145 0.649981
vn 0.288125 -0.701920 0.651378
vn 0.348677 -0.514928 0.783118
vn 0.348280 -0.513487 0.784239
vn 0.389119 -0.297414 0.871855
vn 0.387911 -0.295547 0.873028
vn 0.124715 -0.973859 0.189855
vn 0.119551 -0.972396 0.200383
vn 0.285770 -0.864102 0.414323
vn 0.285005 -0.862650 0.417860
vn 0.403585 -0.706449 0.581420
vn 0.403465 -0.705040 0.583211
vn 0.488306 -0.517546 0.702640
vn 0.487861 -0.515967 0.704109
vn 0.545056 -0.296925 0.784060
vn 0.543876 -0.294977 0.785612
vn 0.160115 -0.973386 0.163960
vn 0.150623 -0.972847 0.175732
vn 0.358352 -0.866000 0.348752
vn 0.354163 -0.865834 0.353413
vn 0.506702 -0.710255 0.488662
vn 0.504114 -0.710260 0.491326
vn 0.615531 -0.520724 0.591581
vn 0.613492 -0.520785 0.593642
vn 0.689362 -0.296312 0.661044
vn 0.687437 -0.296372 0.663019
vn 0.180947 -0.973696 0.138471
vn 0.190199 -0.973004 0.130723
vn 0.410537 -0.869093 0.275930
vn 0.416518 -0.867696 0.271324
vn 0.584985 -0.715410 0.382075
vn 0.589282 -0.713648 0.378753
vn 0.715041 -0.525516 0.461030
vn 0.718293 -0.523450 0.458317
vn 0.804302 -0.297685 0.514278
vn 0.806788 -0.295287 0.511761
vn 0.203790 -0.973664 0.102212
vn 0.210535 -0.972968 0.094915
vn 0.450805 -0.870632 0.196913
vn 0.456092 -0.869125 0.191317
vn 0.641598 -0.718137 0.269502
vn 0.645744 -0.716117 0.264935
vn 0.785543 -0.527573 0.323403
vn 0.788739 -0.525169 0.319512
vn 0.884777 -0.296667 0.359386
vn 0.887093 -0.293943 0.355898
vn 0.218915 -0.973361 0.068145
vn 0.223618 -0.972701 0.062022
vn 0.475432 -0.870839 0.124912
vn 0.479617 -0.869334 0.119274
vn 0.674985 -0.718601 0.167355
vn 0.678492 -0.716464 0.162257
vn 0.826340 -0.527168 0.198132
vn 0.829089 -0.524549 0.193543
vn 0.930649 -0.293984 0.217868
vn 0.932545 -0.291016 0.213702
vn 0.228190 -0.972806 0.039727
vn 0.231431 -0.972219 0.035064
vn 0.488705 -0.869927 0.066287
vn 0.491803 -0.868537 0.061434
vn 0.691686 -0.717177 0.085011
vn 0.694421 -0.715089 0.080169
vn 0.845678 -0.524717 0.097472
vn 0.847861 -0.522041 0.092766
vn 0.951344 -0.289960 0.104246
vn 0.952769 -0.286848 0.099745
vn 0.233809 -0.972069 0.020365
vn 0.236173 -0.971563 0.016956
vn 0.495310 -0.868297 0.026999
vn 0.497691 -0.867047 0.023091
vn 0.698905 -0.714582 0.030067
vn 0.701118 -0.712582 0.025716
vn 0.853004 -0.521024 0.030298
vn 0.854801 -0.518321 0.025656
vn 0.958067 -0.285143 0.028298
vn 0.959156 -0.281896 0.023562
vn 0.236707 -0.971501 0.012453
vn 0.238789 -0.971025 0.009524
vn 0.498213 -0.866973 0.011915
vn 0.500371 -0.865771 0.008356
vn 0.701632 -0.712482 0.009052
vn 0.703688 -0.710492 0.004826
vn 0.855280 -0.518147 0.004421
vn 0.856954 -0.515394 -0.000280
vn 0.959534 -0.281589 -0.001211
vn 0.960489 -0.278252 -0.006062
vn -0.960385 -0.278236 -0.015668
vn -0.958980 -0.283352 -0.008245
vn -0.958816 -0.283798 0.011386
vn -0.957212 -0.288787 0.018635
vn -0.856942 -0.515378 -0.005958
vn -0.854398 -0.519618 0.001275
vn -0.854016 -0.519927 0.018238
vn -0.851321 -0.524036 0.025268
vn -0.703683 -0.710508 0.003111
vn -0.700558 -0.713532 0.009528
vn -0.700018 -0.713752 0.023094
vn -0.696715 -0.716740 0.029540
vn -0.500367 -0.865755 0.010006
vn -0.497088 -0.867564 0.015372
vn -0.496410 -0.867733 0.024850
vn -0.492876 -0.869563 0.030543
vn -0.238776 -0.970979 0.013660
vn -0.235630 -0.971676 0.018030
vn -0.234823 -0.971781 0.022367
vn -0.231335 -0.972492 0.027271
vn -0.228202 -0.972709 0.041967
vn -0.223730 -0.973460 0.048172
vn -0.489006 -0.870117 0.061405
vn -0.484729 -0.872026 0.067888
vn -0.692365 -0.717831 0.073135
vn -0.688541 -0.720797 0.079766
vn -0.846903 -0.525864 0.078875
vn -0.843806 -0.529781 0.085576
vn -0.953293 -0.291420 0.079422
vn -0.951259 -0.296121 0.086128
vn -0.218682 -0.973263 0.070268
vn -0.212634 -0.974019 0.077929
vn -0.476398 -0.871523 0.116156
vn -0.471029 -0.873466 0.123243
vn -0.677413 -0.720416 0.148701
vn -0.672824 -0.723316 0.155311
vn -0.830612 -0.530099 0.170526
vn -0.826935 -0.533791 0.176765
vn -0.937133 -0.297585 0.182274
vn -0.934537 -0.301957 0.188316
vn -0.204376 -0.973346 0.104062
vn -0.196042 -0.974055 0.113065
vn -0.454356 -0.871474 0.184644
vn -0.447783 -0.873363 0.191643
vn -0.648679 -0.720665 0.244658
vn -0.643415 -0.723355 0.250549
vn -0.796714 -0.531550 0.287578
vn -0.792546 -0.534888 0.292856
vn -0.900335 -0.301301 0.314029
vn -0.897205 -0.305260 0.319124
vn -0.183434 -0.972934 0.140538
vn -0.171790 -0.973548 0.150638
vn -0.418209 -0.869625 0.262400
vn -0.410649 -0.871395 0.268400
vn -0.599024 -0.717842 0.354786
vn -0.593532 -0.720204 0.359203
vn -0.735927 -0.529347 0.422141
vn -0.731642 -0.532225 0.425955
vn -0.831992 -0.301778 0.465531
vn -0.828578 -0.305242 0.469347
vn -0.151901 -0.972912 0.174266
vn -0.139122 -0.971412 0.192366
vn -0.363230 -0.867173 0.340698
vn -0.357729 -0.866667 0.347734
vn -0.522797 -0.713249 0.466861
vn -0.519405 -0.713093 0.470868
vn -0.641683 -0.524921 0.559197
vn -0.638953 -0.524883 0.562349
vn -0.724712 -0.299128 0.620737
vn -0.721411 -0.302102 0.623137
vn -0.106515 -0.970074 0.218198
vn -0.115236 -0.973191 0.199049
vn -0.291145 -0.861712 0.415556
vn -0.292437 -0.864196 0.409446
vn -0.422568 -0.705133 0.569406
vn -0.422851 -0.707380 0.566401
vn -0.517411 -0.516458 0.682318
vn -0.518067 -0.518876 0.679981
vn -0.582018 -0.296377 0.757242
vn -0.579566 -0.296327 0.759140
vn -0.064525 -0.970187 0.233610
vn -0.076085 -0.972930 0.218215
vn -0.206472 -0.858577 0.469269
vn -0.208915 -0.860857 0.463983
vn -0.304668 -0.699508 0.646426
vn -0.305259 -0.701572 0.643905
vn -0.374150 -0.510749 0.774046
vn -0.374847 -0.512995 0.772221
vn -0.421186 -0.292137 0.858638
vn -0.422845 -0.294915 0.856871
vn -0.029997 -0.971392 0.235579
vn -0.040067 -0.973362 0.225746
vn -0.122609 -0.857851 0.499058
vn -0.126371 -0.860051 0.494310
vn -0.187833 -0.697522 0.691507
vn -0.189590 -0.699762 0.688759
vn -0.234108 -0.509066 0.828279
vn -0.235634 -0.511547 0.826315
vn -0.265729 -0.292525 0.918595
vn -0.267967 -0.295501 0.916991
vn -0.005503 -0.973006 0.230714
vn -0.012662 -0.974358 0.224647
vn -0.053909 -0.859543 0.508213
vn -0.058643 -0.861717 0.503989
vn -0.090855 -0.699374 0.708958
vn -0.094400 -0.701983 0.705909
vn -0.118535 -0.511610 0.851002
vn -0.121758 -0.514613 0.848733
vn -0.138519 -0.296380 0.944972
vn -0.142019 -0.299839 0.943359
vn 0.156136 -0.961963 0.224163
vn 0.072954 -0.986760 0.144853
vn -0.011513 -0.863635 0.503987
vn -0.016436 -0.863595 0.503918
vn -0.028380 -0.705062 0.708578
vn -0.033387 -0.704889 0.708531
vn -0.043272 -0.518667 0.853881
vn -0.048347 -0.518436 0.853749
vn -0.055781 -0.304597 0.950846
vn -0.060888 -0.304397 0.950597
vn 0.172568 -0.978592 0.112154
vn 0.007063 -0.999110 -0.041582
vn 0.001546 -0.864843 0.502041
vn 0.006473 -0.866850 0.498526
vn -0.008129 -0.706785 0.707382
vn -0.002599 -0.709876 0.704322
vn -0.018066 -0.520860 0.853451
vn -0.012229 -0.524801 0.851137
vn -0.027404 -0.307200 0.951250
vn -0.021611 -0.311729 0.949925
vn -0.238776 -0.970975 -0.013933
vn -0.234812 -0.971770 -0.022941
vn -0.235589 -0.971678 -0.018411
vn -0.231256 -0.972490 -0.028005
vn -0.500368 -0.865752 -0.010292
vn -0.496388 -0.867721 -0.025693
vn -0.497050 -0.867578 -0.015771
vn -0.492803 -0.869569 -0.031533
vn -0.703684 -0.710505 -0.003363
vn -0.699993 -0.713742 -0.024125
vn -0.700532 -0.713553 -0.009900
vn -0.696653 -0.716751 -0.030708
vn -0.856945 -0.515375 0.005762
vn -0.853998 -0.519915 -0.019395
vn -0.854383 -0.519642 -0.001587
vn -0.851273 -0.524051 -0.026546
vn -0.960386 -0.278237 0.015568
vn -0.958798 -0.283811 -0.012585
vn -0.958971 -0.283392 0.008011
vn -0.957171 -0.288832 -0.019966
vn -0.952950 -0.291423 -0.083415
vn -0.950873 -0.296142 -0.090223
vn -0.846591 -0.525813 -0.082486
vn -0.843430 -0.529761 -0.089324
vn -0.692091 -0.717777 -0.076191
vn -0.688184 -0.720772 -0.083005
vn -0.488802 -0.870064 -0.063726
vn -0.484418 -0.871996 -0.070446
vn -0.228076 -0.972679 -0.043335
vn -0.223452 -0.973440 -0.049840
vn -0.935645 -0.297474 -0.189940
vn -0.932977 -0.301851 -0.196062
vn -0.829286 -0.529912 -0.177422
vn -0.825506 -0.533632 -0.183784
vn -0.676322 -0.720227 -0.154473
vn -0.671598 -0.723154 -0.161260
vn -0.475620 -0.871369 -0.120425
vn -0.470035 -0.873342 -0.127829
vn -0.218232 -0.973188 -0.072663
vn -0.211869 -0.973952 -0.080805
vn -0.896476 -0.300965 -0.325195
vn -0.893247 -0.304935 -0.330342
vn -0.793319 -0.531096 -0.297626
vn -0.789031 -0.534447 -0.302980
vn -0.645964 -0.720209 -0.253041
vn -0.640507 -0.722932 -0.259078
vn -0.452401 -0.871160 -0.190823
vn -0.445500 -0.873079 -0.198149
vn -0.203287 -0.973210 -0.107411
vn -0.194391 -0.973914 -0.117062
vn -0.824820 -0.301185 -0.478497
vn -0.821313 -0.304660 -0.482315
vn -0.729650 -0.528553 -0.433868
vn -0.725228 -0.531452 -0.437725
vn -0.593956 -0.717097 -0.364676
vn -0.588208 -0.719503 -0.369226
vn -0.414563 -0.869126 -0.269734
vn -0.406584 -0.870922 -0.276014
vn -0.181455 -0.972739 -0.144405
vn -0.168943 -0.973326 -0.155227
vn -0.714457 -0.299885 -0.632155
vn -0.711721 -0.299842 -0.635254
vn -0.632756 -0.523979 -0.570145
vn -0.629874 -0.523907 -0.573394
vn -0.515455 -0.712392 -0.476239
vn -0.511806 -0.712189 -0.480460
vn -0.357878 -0.866610 -0.347720
vn -0.351909 -0.866031 -0.355176
vn -0.149008 -0.972719 -0.177806
vn -0.135057 -0.971072 -0.196922
vn -0.571084 -0.294303 -0.766322
vn -0.572800 -0.297302 -0.763879
vn -0.507386 -0.515572 -0.690468
vn -0.508216 -0.518099 -0.687960
vn -0.414064 -0.704298 -0.576641
vn -0.414594 -0.706669 -0.573351
vn -0.284608 -0.861126 -0.421261
vn -0.286334 -0.863737 -0.414694
vn -0.102495 -0.969820 -0.221234
vn -0.112031 -0.973048 -0.201561
vn -0.411720 -0.291672 -0.863374
vn -0.413532 -0.294533 -0.861534
vn -0.365444 -0.510210 -0.778548
vn -0.366354 -0.512553 -0.776578
vn -0.297146 -0.698976 -0.650490
vn -0.298038 -0.701152 -0.647734
vn -0.200672 -0.858216 -0.472437
vn -0.203529 -0.860586 -0.466869
vn -0.061504 -0.970078 -0.234872
vn -0.073391 -0.972845 -0.219515
vn -0.259425 -0.292305 -0.920465
vn -0.261830 -0.295355 -0.918809
vn -0.228251 -0.508828 -0.830057
vn -0.229986 -0.511385 -0.828005
vn -0.182755 -0.697296 -0.693093
vn -0.184771 -0.699613 -0.690218
vn -0.118740 -0.857701 -0.500250
vn -0.122775 -0.859953 -0.495386
vn -0.028197 -0.971354 -0.235958
vn -0.038332 -0.973327 -0.226199
vn -0.135420 -0.296290 -0.945449
vn -0.139070 -0.299806 -0.943809
vn -0.115616 -0.511533 -0.851450
vn -0.119003 -0.514593 -0.849136
vn -0.088293 -0.699294 -0.709360
vn -0.092018 -0.701951 -0.706256
vn -0.051977 -0.859495 -0.508495
vn -0.056866 -0.861695 -0.504231
vn -0.004550 -0.972989 -0.230807
vn -0.011780 -0.974346 -0.224747
vn -0.054884 -0.304573 -0.950907
vn -0.060112 -0.304377 -0.950653
vn -0.042373 -0.518658 -0.853931
vn -0.047562 -0.518430 -0.853796
vn -0.027534 -0.705045 -0.708628
vn -0.032671 -0.704881 -0.708573
vn -0.010813 -0.863624 -0.504021
vn -0.015843 -0.863584 -0.503956
vn 0.165066 -0.960516 -0.223969
vn 0.077390 -0.987011 -0.140785
vn -0.027391 -0.307160 -0.951264
vn -0.021481 -0.311731 -0.949928
vn -0.017964 -0.520832 -0.853470
vn -0.012025 -0.524813 -0.851133
vn -0.007960 -0.706763 -0.707406
vn -0.002322 -0.709883 -0.704316
vn 0.001771 -0.864828 -0.502066
vn 0.006802 -0.866854 -0.498515
vn 0.183574 -0.977119 -0.107424
vn 0.007120 -0.998467 0.054893
vn 0.000000 -1.000000 -0.000000
vn 0.000000 -1.000000 0.000000
vn 0.000000 -1.000000 -0.000000
vn 0.000000 -1.000000 0.000000
vn 0.000000 -1.000000 -0.000000
vn 0.000000 -1.000000 0.000000
vn 0.000000 -1.000000 -0.000000
vn 0.000000 -1.000000 0.000000
vn 0.000000 -1.000000 0.000000
vn 0.000000 -1.000000 0.000000
vn 0.000000 -1.000000 0.000000
vn 0.000000 -1.000000 0.000000
vn 0.463793 0.000000 -0.885944
vn 0.251755 0.000000 -0.967791
vn 0.463793 0.000000 -0.885944
vn 0.251755 0.000000 -0.967791
vn 0.000000 1.000000 0.000000
vn 0.000000 1.000000 0.000000
vn 0.000000 1.000000 0.000000
vn 0.000000 1.000000 0.000000
vn -0.138570 0.000000 -0.990353
vn -0.138570 0.000000 -0.990353
vn -0.000001 0.000000 -1.000000
vn -0.000001 0.000000 -1.000000
vn 0.427944 0.000000 0.903805
vn 0.427944 0.000000 0.903805
vn 0.237707 0.000000 0.971337
vn 0.237707 0.000000 0.971337
vn 0.000000 0.000000 1.000000
vn 0.000000 0.000000 1.000000
vn -0.138570 0.000000 0.990353
vn -0.138570 0.000000 0.990353
vn 0.000000 1.000000 0.000000
vn 0.000000 1.000000 0.000000
vn 0.000000 1.000000 0.000000
vn 0.000000 1.000000 0.000000
vn 0.000000 1.000000 0.000000
vn 0.000000 1.000000 0.000000
vn 0.000000 1.000000 0.000000
vn 0.000000 1.000000 0.000000
vn 0.000000 -1.000000 0.000000
vn 0.000000 -1.000000 0.000000
vn 0.000000 -1.000000 0.000000
vn 0.000000 -1.000000 0.000000
vn 0.000000 -1.000000 0.000000
vn 0.000000 1.000000 0.000000
vn 0.000000 -1.000000 0.000000
vn 0.000000 -1.000000 0.000000
vn 0.000000 -1.000000 0.000000
vn 0.000000 -1.000000 0.000000
vn 0.000000 1.000000 -0.000000
vn 0.000000 1.000000 0.000000
vn 0.000000 1.000000 -0.000000
vn 0.000000 1.000000 0.000000
vn 0.000000 -1.000000 0.000000
vn 0.000000 -1.000000 0.000000
vn 0.000000 -1.000000 0.000000
vn 0.000000 -1.000000 0.000000
vn 0.000000 -1.000000 0.000000
vn 0.000000 -1.000000 0.000000
vn 0.000000 1.000000 0.000000
vn 0.000000 1.000000 0.000000
vn 0.000000 1.000000 0.000000
vn 0.517948 0.000000 0.855412
vn 0.517948 0.000000 0.855412
vn 0.517948 0.000000 0.855412
vn 0.517948 0.000000 0.855412
vn 0.517948 0.000000 0.855412
vn 0.517948 0.000000 0.855412
vn 0.517948 0.000000 0.855412
vn 0.517948 0.000000 0.855412
vn 0.517948 0.000000 0.855412
vn 0.517948 0.000000 0.855412
vn 0.517948 0.000000 0.855412
vn 0.517948 0.000000 0.855412
vn 0.000000 0.000000 1.000000
vn 0.000000 0.000000 1.000000
vn 0.000000 0.000000 1.000000
vn 0.000000 0.000000 1.000000
vn 0.000000 1.000000 0.000000
vn 0.000000 1.000000 0.000000
vn 0.000000 1.000000 0.000000
vn 0.000000 1.000000 0.000000
vn 0.000000 0.000000 -1.000000
vn 0.000000 0.000000 -1.000000
vn 0.000000 0.000000 -1.000000
vn 0.000000 0.000000 -1.000000
vn 0.000000 -1.000000 0.000000
vn 0.000000 -1.000000 0.000000
vn 0.000000 -1.000000 0.000000
vn 0.000000 -1.000000 0.000000
vn 1.000000 0.000000 0.000000
vn 1.000000 0.000000 0.000000
vn 1.000000 0.000000 0.000000
vn 1.000000 0.000000 0.000000
vn -1.000000 0.000000 0.000000
vn -1.000000 0.000000 0.000000
vn -1.000000 0.000000 0.000000
vn -1.000000 0.000000 0.000000
vn 0.000000 0.000000 1.000000
vn 0.000000 0.000000 1.000000
vn 0.000000 0.000000 1.000000
vn 0.000000 0.000000 1.000000
vn 0.000000 0.000000 1.000000
vn 0.000000 0.000000 1.000000
vn 0.000000 0.000000 1.000000
vn 0.000000 0.000000 1.000000
vn 0.000001 0.000000 -1.000000
vn 0.000000 0.000000 -1.000000
vn 0.000000 0.000000 -1.000000
vn 0.000000 0.000000 -1.000000
vn 0.000000 0.000000 -1.000000
vn 0.000000 0.000000 -1.000000
vn 0.000000 0.000000 -1.000000
vn 0.000000 0.000000 -1.000000
vn -0.996496 0.000000 0.083646
vn -0.996496 0.000000 0.083646
vn -0.996496 0.000000 0.083646
vn -0.996496 0.000000 0.083646
vn 0.000000 -1.000000 0.000000
vn 0.000000 -1.000000 0.000000
vn 0.000000 -1.000000 0.000000
vn 0.000000 -1.000000 0.000000
vn 0.000000 1.000000 0.000000
vn 0.000000 1.000000 0.000000
vn 0.000000 1.000000 0.000001
vn 0.000000 1.000000 0.000001
vn 0.000000 -1.000000 0.000000
vn 0.000000 -1.000000 0.000000
vn 0.000000 -1.000000 0.000000
vn 0.000000 -1.000000 0.000000
vn -1.000000 0.000000 0.000000
vn -1.000000 0.000000 0.000000
vn -1.000000 0.000000 0.000000
vn -1.000000 0.000000 0.000000
vn 1.000000 0.000000 0.000000
vn 1.000000 0.000000 0.000000
vn 1.000000 0.000000 0.000000
vn 1.000000 0.000000 0.000000
vn 0.000000 1.000000 0.000000
vn 0.000000 1.000000 0.000000
vn 0.000000 1.000000 0.000000
vn 0.000000 1.000000 0.000000
vn 1.000000 0.000000 0.000000
vn 1.000000 0.000000 0.000000
vn 1.000000 0.000000 0.000000
vn 1.000000 0.000000 0.000000
vn 0.000000 0.000000 1.000000
vn 0.000000 0.000000 1.000000
vn 0.000000 0.000000 1.000000
vn 0.000000 0.000000 1.000000
vn 0.000000 1.000000 0.000000
vn 0.000000 1.000000 0.000000
vn 0.000000 1.000000 0.000000
vn 0.000000 1.000000 0.000000
vn 0.000000 0.000000 -1.000000
vn 0.000000 0.000000 -1.000000
vn 0.000000 0.000000 -1.000000
vn 0.000000 0.000000 -1.000000
vn 0.000000 -1.000000 0.000000
vn 0.000000 -1.000000 0.000000
vn 0.000000 -1.000000 0.000000
vn 0.000000 -1.000000 0.000000
vn 1.000000 0.000000 0.000000
vn 1.000000 0.000000 0.000000
vn 1.000000 0.000000 0.000000
vn 1.000000 0.000000 0.000000
vn -1.000000 0.000000 0.000000
vn -1.000000 0.000000 0.000000
vn -1.000000 0.000000 0.000000
vn -1.000000 0.000000 0.000000
vn 0.938533 0.000000 -0.345188
vn 0.772350 0.000000 -0.635197
vn 0.938533 0.000000 -0.345188
vn 0.772350 0.000000 -0.635197
vn 0.540153 0.000000 -0.841567
vn 0.540153 0.000000 -0.841567
vn 0.275899 0.000000 -0.961186
vn 0.275899 0.000000 -0.961187
vn -0.000000 0.000000 -1.000000
vn 0.000000 0.000000 -1.000000
vn -0.275136 0.000000 -0.961405
vn -0.274567 0.000000 -0.961568
vn -0.540154 0.000000 -0.841566
vn -0.536887 0.000000 -0.843654
vn -0.772351 0.000000 -0.635196
vn -0.772351 0.000000 -0.635196
vn -0.938533 0.000000 -0.345190
vn -0.938533 0.000000 -0.345190
vn -1.000000 0.000000 -0.000000
vn -1.000000 0.000000 0.000000
vn -0.938533 0.000000 0.345189
vn -0.938533 0.000000 0.345189
vn -0.772350 0.000000 0.635197
vn -0.772350 0.000000 0.635197
vn -0.540154 0.000000 0.841566
vn -0.536887 0.000000 0.843654
vn -0.275137 0.000000 0.961405
vn -0.274568 0.000000 0.961568
vn 0.000000 0.000000 1.000000
vn -0.000000 0.000000 1.000000
vn 0.274568 0.000000 0.961568
vn 0.275137 0.000000 0.961405
vn 0.536887 0.000000 0.843654
vn 0.540154 0.000000 0.841566
vn 0.772350 0.000000 0.635197
vn 0.772351 0.000000 0.635196
vn 0.940068 0.000000 0.340986
vn 0.938533 0.000000 0.345189
vn 0.999999 0.000000 -0.001738
vn 0.999999 0.000000 -0.000995
vn 0.000000 -1.000000 0.000000
vn 0.000000 -1.000000 0.000000
vn 0.001744 -0.999997 0.001434
vn 0.000000 -1.000000 0.000000
vn 0.000000 -1.000000 -0.000000
vn 0.000000 -1.000000 0.000000
vn 0.000000 -1.000000 -0.000000
vn 0.000000 -1.000000 -0.000000
vn 0.000000 -1.000000 0.000000
vn 0.000000 -1.000000 0.000000
vn 0.000000 -1.000000 0.000000
vn 0.000000 -1.000000 0.000000
vn 0.000000 -1.000000 0.000000
vn 0.000000 -1.000000 0.000000
vn 0.000000 -1.000000 0.000000
vn 0.000000 -1.000000 0.000000
vn 0.011426 -0.999926 -0.004202
vn 0.014082 -0.999900 -0.001193
vn 0.006007 -0.999970 0.004940
vn 0.003349 -0.999874 0.015528
vn 0.000000 -0.999908 0.013599
vn 0.000000 1.000000 0.000000
vn 0.000000 1.000000 -0.000000
vn -0.004230 0.999991 -0.000000
vn 0.000000 1.000000 -0.000000
vn 0.000000 1.000000 0.000000
vn 0.000000 1.000000 0.000000
vn -0.011426 0.999926 0.004202
vn -0.014082 0.999900 0.001193
vn -0.006007 0.999970 -0.004940
vn -0.007062 0.999972 -0.002597
vn -0.007425 0.999972 0.000000
vn -0.007062 0.999972 0.002597
vn -0.006007 0.999970 0.004940
vn -0.014082 0.999900 -0.001193
vn -0.011426 0.999926 -0.004202
vn 0.000000 1.000000 0.000000
vn 0.000000 1.000000 -0.000000
vn 0.000000 1.000000 0.000000
vn 0.000000 1.000000 0.000000
vn 0.000000 1.000000 0.000000
vn 0.000000 1.000000 0.000000
vn 0.000000 0.000000 1.000000
vn 0.000000 0.000000 1.000000
vn 0.000000 0.000000 1.000000
vn 0.000000 0.000000 1.000000
vn 0.000000 1.000000 0.000000
vn 0.000000 1.000000 0.000000
vn 0.000000 1.000000 0.000000
vn 0.000000 1.000000 0.000000
vn 0.000000 0.000000 -1.000000
vn 0.000000 0.000000 -1.000000
vn 0.000000 0.000000 -1.000000
vn 0.000000 0.000000 -1.000000
vn 0.000000 -1.000000 0.000000
vn 0.000000 -1.000000 0.000000
vn 0.000000 -1.000000 0.000000
vn 0.000000 -1.000000 0.000000
vn 1.000000 0.000000 0.000000
vn 1.000000 0.000000 0.000000
vn 1.000000 0.000000 0.000000
vn 1.000000 0.000000 0.000000
vn -1.000000 0.000000 0.000000
vn -1.000000 0.000000 0.000000
vn -1.000000 0.000000 0.000000
vn -1.000000 0.000000 0.000000
vn 0.000000 0.000000 1.000000
vn -0.000000 0.000000 1.000000
vn -0.000000 0.000000 1.000000
vn -0.000000 0.000000 1.000000
vn 0.057957 -0.966830 0.248759
vn 0.071341 -0.915146 0.396759
vn 0.062902 -0.925070 0.374552
vn 0.063534 -0.954513 0.291322
vn 0.060762 -0.953910 0.293878
vn 0.048228 -0.992960 0.108185
vn 0.044253 -0.991995 0.118273
vn 0.044892 -0.998959 -0.008077
vn 0.042552 -0.999070 -0.006968
vn 0.053596 -0.987095 -0.150903
vn 0.053830 -0.986207 -0.156518
vn 0.062858 -0.951491 -0.301186
vn 0.060599 -0.948936 -0.309593
vn 0.061137 -0.940695 -0.333699
vn 0.076800 -0.952807 -0.293700
vn 0.069512 -0.974952 -0.211274
vn 0.095752 -0.972674 -0.211511
vn 0.042383 -0.999101 0.000000
vn 0.000000 1.000000 0.000000
vn 0.000000 1.000000 0.000000
vn 0.000000 1.000000 0.000000
vn 0.000000 1.000000 0.000000
vn 0.000000 0.000000 -1.000000
vn 0.000000 0.000000 -1.000000
vn 0.000000 0.000000 -1.000000
vn 0.000000 0.000000 -1.000000
vn -0.000000 0.000000 -1.000000
vn -0.000000 0.000000 -1.000000
vn -0.000000 0.000000 -1.000000
vn -0.000000 0.000000 -1.000000
vn -0.064616 0.923540 -0.378019
vn -0.055946 0.953434 -0.296367
vn -0.055978 0.916504 -0.396090
vn -0.000000 -1.000000 0.000000
vn -0.000000 -1.000000 0.000000
vn -0.000000 -1.000000 0.000000
vn -0.000000 -1.000000 0.000000
vn 0.000000 0.000000 1.000000
vn 0.000000 0.000000 1.000000
vn 0.000000 0.000000 1.000000
vn 0.000000 0.000000 1.000000
vn 1.000000 0.000000 0.000000
vn 1.000000 -0.000002 0.000000
vn 1.000000 0.000000 0.000000
vn 1.000000 -0.000003 0.000000
vn 1.000000 -0.000000 0.000000
vn 1.000000 -0.000000 0.000000
vn 1.000000 0.000000 0.000000
vn 1.000000 0.000005 0.000000
vn 1.000000 0.000000 0.000000
vn 1.000000 -0.000005 0.000000
vn 1.000000 0.000000 0.000000
vn 1.000000 -0.000000 0.000000
vn 1.000000 0.000000 0.000000
vn 1.000000 -0.000001 0.000000
vn 1.000000 0.000000 0.000000
vn 1.000000 0.000000 0.000000
vn 1.000000 0.000000 0.000000
vn 1.000000 0.000000 0.000000
vn 1.000000 0.000004 0.000000
vn 1.000000 0.000002 0.000000
vn 1.000000 0.000005 -0.000000
vn 1.000000 0.000041 0.000000
vn 1.000000 0.000046 0.000000
vn -1.000000 0.000000 0.000000
vn -1.000000 0.000000 0.000000
vn -1.000000 -0.000002 0.000000
vn -1.000000 0.000000 0.000000
vn -1.000000 -0.000005 0.000000
vn -1.000000 0.000000 0.000000
vn -1.000000 0.000005 0.000000
vn -1.000000 0.000000 0.000000
vn -1.000000 -0.000004 0.000004
vn -1.000000 0.000000 0.000000
vn -1.000000 -0.000037 0.000010
vn -1.000000 0.000000 0.000000
vn -1.000000 0.000001 0.000000
vn -1.000000 0.000005 0.000000
vn -1.000000 -0.000006 0.000000
vn -1.000000 -0.000002 0.000000
vn -1.000000 0.000003 0.000000
vn -1.000000 0.000004 0.000000
vn -1.000000 -0.000005 0.000000
vn -1.000000 -0.000004 0.000000
vn -1.000000 -0.000002 0.000000
vn -1.000000 -0.000002 0.000000
vn -1.000000 0.000000 0.000000
vn -1.000000 -0.000002 -0.000000
vn 0.000000 1.000000 0.000000
vn 0.000000 1.000000 0.000000
vn -0.043000 0.992258 -0.116514
vn -0.045927 0.993013 -0.108704
vn -0.055019 0.955012 -0.291419
vn -0.044042 0.999006 0.006834
vn -0.043229 0.999033 0.007962
vn -0.054457 0.986201 0.156339
vn -0.054912 0.985465 0.160761
vn -0.064465 0.950548 0.303813
vn -0.064247 0.949262 0.307854
vn -0.069160 0.940141 0.333694
vn -0.058808 0.934506 0.351056
vn 0.000000 1.000000 0.000000
vn 0.000000 1.000000 0.000000
vn 0.044430 -0.974627 0.219380
vn 0.042383 -0.999101 0.000000
vn 0.042383 -0.999101 0.000000
vn -1.000000 0.000000 0.000000
vn -1.000000 0.000000 0.000000
vn -1.000000 0.000000 0.000000
vn -1.000000 0.000000 0.000000
vn 0.000000 1.000000 0.000000
vn 0.000000 1.000000 0.000000
vn 0.000000 1.000000 0.000000
vn 0.000000 1.000000 0.000000
vn 1.000000 0.000000 0.000000
vn 1.000000 0.000000 0.000000
vn 1.000000 0.000000 0.000000
vn 1.000000 0.000000 0.000000
vn 0.000000 -1.000000 0.000000
vn 0.000000 -1.000000 0.000000
vn 0.000000 -1.000000 0.000000
vn 0.000000 -1.000000 0.000000
vn 0.000000 0.000000 1.000000
vn 0.000000 0.000000 1.000000
vn 0.000000 0.000000 1.000000
vn 0.000000 0.000000 1.000000
vn 0.000000 0.000000 -1.000000
vn 0.000000 0.000000 -1.000000
vn 0.000000 0.000000 -1.000000
vn 0.000000 0.000000 -1.000000
vn 0.000000 0.000000 1.000000
vn 0.000000 0.000000 1.000000
vn 0.000000 0.000000 1.000000
vn 0.000000 0.000000 1.000000
vn 0.000000 -1.000000 0.000000
vn 0.000000 -1.000000 0.000000
vn 0.000000 -1.000000 0.000000
vn 0.000000 -1.000000 0.000000
vn 0.000000 1.000000 0.000000
vn 0.000000 1.000000 0.000000
vn 0.000000 1.000000 0.000000
vn 0.000000 1.000000 0.000000
vn 0.000000 0.000000 -1.000000
vn 0.000000 0.000000 -1.000000
vn 0.000000 0.000000 -1.000000
vn 0.000000 0.000000 -1.000000
vn -0.000000 0.000000 -1.000000
vn -0.000000 0.000000 -1.000000
vn -0.000000 0.000000 -1.000000
vn -0.000000 0.000000 -1.000000
vn 0.000000 1.000000 0.000000
vn 0.000000 1.000000 0.000000
vn 0.000000 1.000000 0.000000
vn 0.000000 1.000000 0.000000
vn 0.000000 -1.000000 0.000000
vn 0.000000 -1.000000 0.000000
vn 0.000000 -1.000000 0.000000
vn 0.000000 -1.000000 0.000000
vn 0.000000 0.000000 1.000000
vn 0.000000 0.000000 1.000000
vn 0.000000 0.000000 1.000000
vn 0.000000 0.000000 1.000000
vn -1.000000 0.000000 0.000000
vn -1.000000 -0.000000 0.000000
vn -1.000000 0.000000 0.000000
vn -1.000000 0.000000 0.000000
vn -1.000000 -0.000000 0.000000
vn -1.000000 0.000000 0.000000
vn -1.000000 0.000000 0.000000
vn -1.000000 0.000000 0.000000
vn 1.000000 0.000000 0.000000
vn 1.000000 0.000000 0.000000
vn 1.000000 0.000000 0.000000
vn 1.000000 0.000000 0.000000
vn 1.000000 0.000000 0.000000
vn 1.000000 0.000000 0.000000
vn 1.000000 0.000000 0.000000
vn 1.000000 0.000000 0.000000
vn 0.000000 0.000000 1.000000
vn 0.000000 0.000000 1.000000
vn 0.000000 0.000000 1.000000
vn 0.000000 0.000000 1.000000
vn 0.000000 1.000000 0.000000
vn 0.000000 1.000000 0.000000
vn 0.000000 1.000000 0.000000
vn 0.000000 1.000000 0.000000
vn 0.000000 0.000000 -1.000000
vn 0.000000 0.000000 -1.000000
vn 0.000000 0.000000 -1.000000
vn 0.000000 0.000000 -1.000000
vn 0.000000 -1.000000 0.000000
vn 0.000000 -1.000000 0.000000
vn 0.000000 -1.000000 0.000000
vn 0.000000 -1.000000 0.000000
vn 1.000000 0.000000 0.000000
vn 1.000000 0.000000 0.000000
vn 1.000000 0.000000 0.000000
vn 1.000000 0.000000 0.000000
vn -1.000000 0.000000 0.000000
vn -1.000000 0.000000 0.000000
vn -1.000000 0.000000 0.000000
vn -1.000000 0.000000 0.000000
vn 0.000000 0.000000 1.000000
vn 0.000000 0.000000 1.000000
vn 0.000000 0.000000 1.000000
vn 0.000000 0.000000 1.000000
vn 0.000000 1.000000 0.000000
vn 0.000000 1.000000 0.000000
vn 0.000000 1.000000 0.000000
vn 0.000000 1.000000 0.000000
vn 0.000000 0.000000 -1.000000
vn 0.000000 0.000000 -1.000000
vn 0.000000 0.000000 -1.000000
vn 0.000000 0.000000 -1.000000
vn 0.000000 -1.000000 0.000000
vn 0.000000 -1.000000 0.000000
vn 0.000000 -1.000000 0.000000
vn 0.000000 -1.000000 0.000000
vn 1.000000 0.000000 0.000000
vn 1.000000 0.000000 0.000000
vn 1.000000 0.000000 0.000000
vn 1.000000 0.000000 0.000000
vn -1.000000 0.000000 0.000000
vn -1.000000 0.000000 0.000000
vn -1.000000 0.000000 0.000000
vn -1.000000 0.000000 0.000000
vn 0.000000 0.000000 1.000000
vn 0.000000 0.000000 1.000000
vn 0.000000 0.000000 1.000000
vn 0.000000 0.000000 1.000000
vn 0.000000 1.000000 0.000000
vn 0.000000 1.000000 0.000000
vn 0.000000 1.000000 0.000000
vn 0.000000 1.000000 0.000000
vn 0.000000 0.000000 -1.000000
vn 0.000000 0.000000 -1.000000
vn 0.000000 0.000000 -1.000000
vn 0.000000 0.000000 -1.000000
vn 0.000000 -1.000000 0.000000
vn 0.000000 -1.000000 0.000000
vn 0.000000 -1.000000 0.000000
vn 0.000000 -1.000000 0.000000
vn 1.000000 0.000000 0.000000
vn 1.000000 0.000000 0.000000
vn 1.000000 0.000000 0.000000
vn 1.000000 0.000000 0.000000
vn -1.000000 0.000000 0.000000
vn -1.000000 0.000000 0.000000
vn -1.000000 0.000000 0.000000
vn -1.000000 0.000000 0.000000
vn -0.963679 -0.267061 -0.001376
vn 0.999996 0.000040 0.002818
vn -0.977342 -0.211659 -0.001858
vn 0.999995 -0.000014 -0.003226
vn 0.923223 0.384264 0.000851
vn 0.949280 0.314433 0.000000
vn 0.730319 0.683107 0.000000
vn 0.730320 0.683105 0.000000
vn 0.491483 0.870887 0.000000
vn 0.491483 0.870887 0.000000
vn 0.244708 0.969597 0.000000
vn 0.244708 0.969597 0.000000
vn 0.000000 1.000000 0.000000
vn -0.000000 1.000000 0.000000
vn -0.122103 0.992517 0.000000
vn -0.122104 0.992517 0.000000
vn 0.000000 0.177285 -0.984160
vn 0.000000 0.177286 -0.984159
vn 0.000000 0.346624 -0.938004
vn 0.000000 0.346625 -0.938004
vn 0.000000 0.636983 -0.770878
vn 0.000000 0.636982 -0.770879
vn 0.000000 0.842724 -0.538346
vn 0.000000 0.842722 -0.538349
vn 0.000000 0.961531 -0.274697
vn 0.000000 0.961531 -0.274697
vn 0.000000 1.000000 0.000000
vn 0.000000 1.000000 0.000000
vn 0.000000 0.990442 0.137926
vn 0.000000 0.990442 0.137926
vn 0.000000 0.177285 0.984160
vn 0.000000 0.346627 0.938003
vn 0.000000 0.177286 0.984159
vn 0.000000 0.346628 0.938003
vn 0.000000 0.636983 0.770878
vn 0.000000 0.636982 0.770879
vn 0.000000 0.842723 0.538347
vn 0.000000 0.842722 0.538349
vn 0.000000 0.961531 0.274696
vn 0.000000 0.961531 0.274696
vn 0.000000 1.000000 0.000000
vn 0.000000 1.000000 0.000000
vn 0.000000 0.990442 -0.137926
vn 0.000000 0.990442 -0.137926
vn 0.124697 0.992194 -0.001556
vn 0.124644 0.992186 -0.005477
vn 0.124707 0.992193 -0.001506
vn 0.124596 0.992193 -0.005294
vn -0.124697 0.992194 0.001559
vn -0.124638 0.992186 0.005770
vn -0.124705 0.992193 0.001537
vn -0.124600 0.992191 0.005694
vn -0.374839 0.927078 0.004817
vn -0.374631 0.926998 0.018031
vn -0.374861 0.927069 0.004749
vn -0.374548 0.927034 0.017944
vn -0.621558 0.783326 0.008151
vn -0.621107 0.783126 0.030663
vn -0.621594 0.783298 0.008056
vn -0.621028 0.783189 0.030641
vn -0.841405 0.540290 0.011156
vn -0.840592 0.540029 0.042112
vn -0.841428 0.540256 0.011074
vn -0.840544 0.540101 0.042148
vn -0.980576 0.195708 0.013006
vn -0.980580 0.195686 0.013065
vn -0.979435 0.195625 0.049371
vn -0.979448 0.195567 0.049343
vn -0.880096 -0.274255 0.387575
vn -0.737125 -0.658779 0.150522
vn -0.862934 -0.336068 0.377363
vn -0.089542 -0.995973 0.004476
vn -0.867638 -0.497181 0.003751
vn -0.920552 -0.389362 0.031316
vn -0.970480 0.195030 0.141885
vn -0.970395 0.195178 0.142262
vn -0.833502 0.538889 0.121956
vn -0.833200 0.539147 0.122876
vn -0.616461 0.782205 0.090176
vn -0.615993 0.782442 0.091309
vn -0.372126 0.926590 0.054345
vn -0.371624 0.926732 0.055343
vn -0.123865 0.992135 0.018053
vn -0.123594 0.992161 0.018460
vn 0.123908 0.992132 -0.017899
vn 0.123331 0.992191 -0.018644
vn -0.917012 -0.317040 0.242020
vn -0.924885 -0.295518 0.239286
vn -0.940532 0.193726 0.279052
vn -0.940352 0.193918 0.279524
vn -0.809078 0.536120 0.240767
vn -0.808424 0.536500 0.242113
vn -0.599674 0.779949 0.179083
vn -0.598624 0.780298 0.181062
vn -0.362581 0.925585 0.108753
vn -0.361344 0.925796 0.111054
vn -0.120804 0.992004 0.036523
vn -0.119849 0.992050 0.038377
vn 0.120854 0.991968 -0.037338
vn -0.131533 -0.991255 0.010649
vn -0.853515 -0.291256 0.432068
vn -0.853368 -0.291272 0.432347
vn -0.875696 0.191388 0.443314
vn -0.875567 0.191406 0.443561
vn -0.755762 0.531354 0.382735
vn -0.755389 0.531356 0.383468
vn -0.562328 0.776149 0.285271
vn -0.561757 0.776113 0.286494
vn -0.340845 0.923941 0.173658
vn -0.340067 0.923889 0.175453
vn -0.113676 0.991780 0.058734
vn -0.111270 0.991807 0.062752
vn 0.113261 0.991648 -0.061689
vn -0.115658 -0.991785 0.054642
vn -0.751988 -0.286278 0.593766
vn -0.751807 -0.286403 0.593936
vn -0.770613 0.187931 0.608964
vn -0.770518 0.188043 0.609049
vn -0.669085 0.524223 0.526798
vn -0.668604 0.524486 0.527146
vn -0.501496 0.770336 0.393807
vn -0.500608 0.770608 0.394405
vn -0.305713 0.921316 0.240243
vn -0.304677 0.921523 0.240762
vn -0.101456 0.991492 0.081546
vn -0.098326 0.991403 0.086323
vn -0.103196 -0.991517 0.079027
vn 0.098213 0.991143 -0.089385
vn -0.617992 -0.280951 0.734270
vn -0.617453 -0.280975 0.734714
vn -0.632562 0.184262 0.752272
vn -0.632207 0.184292 0.752563
vn -0.552524 0.516494 0.654180
vn -0.551427 0.516523 0.655082
vn -0.417316 0.763931 0.492195
vn -0.415688 0.763936 0.493564
vn -0.256039 0.918510 0.301303
vn -0.254353 0.918524 0.302686
vn -0.085700 0.991111 0.101756
vn -0.084854 0.991158 0.102012
vn -0.086088 -0.991185 0.100702
vn 0.079688 0.990883 -0.108632
vn -0.468958 -0.276335 0.838879
vn -0.468161 -0.276244 0.839354
vn -0.479518 0.181107 0.858640
vn -0.478968 0.181037 0.858962
vn -0.421161 0.509751 0.750185
vn -0.419598 0.509567 0.751185
vn -0.320438 0.758255 0.567775
vn -0.318253 0.758028 0.569305
vn -0.198041 0.915990 0.348916
vn -0.195805 0.915821 0.350618
vn -0.067237 0.990870 0.116861
vn -0.065634 0.990826 0.118139
vn -0.066041 -0.990852 0.117693
vn 0.064659 0.990754 -0.119270
vn -0.323638 -0.273157 0.905894
vn -0.322800 -0.273010 0.906237
vn -0.330674 0.178942 0.926625
vn -0.330084 0.178820 0.926859
vn -0.291708 0.505070 0.812287
vn -0.290027 0.504753 0.813086
vn -0.223307 0.754252 0.617445
vn -0.220999 0.753883 0.618724
vn -0.139003 0.914176 0.380737
vn -0.136655 0.913910 0.382223
vn -0.047776 0.990662 0.127693
vn -0.046097 0.990594 0.128838
vn -0.045132 -0.990506 0.129847
vn 0.046344 0.990553 -0.129061
vn -0.196894 -0.271483 0.942088
vn -0.196188 -0.271327 0.942280
vn -0.201073 0.177798 0.963305
vn -0.200571 0.177665 0.963435
vn -0.177866 0.502527 0.846068
vn -0.176465 0.502200 0.846555
vn -0.136712 0.752034 0.644791
vn -0.134812 0.751673 0.645610
vn -0.085480 0.913141 0.398580
vn -0.083640 0.912896 0.399531
vn -0.029419 0.990525 0.134144
vn -0.028337 0.990473 0.134761
vn 0.028673 0.990456 -0.134815
vn 0.034872 0.990693 -0.131575
vn -0.098535 -0.270830 0.957571
vn -0.098106 -0.270718 0.957646
vn -0.100599 0.177351 0.978993
vn -0.100314 0.177257 0.979039
vn -0.088925 0.501554 0.860544
vn -0.088178 0.501337 0.860747
vn -0.068163 0.751152 0.656600
vn -0.067226 0.750933 0.656947
vn -0.042339 0.912708 0.406413
vn -0.041556 0.912569 0.406805
vn -0.014295 0.990461 0.137049
vn -0.013980 0.990437 0.137253
vn 0.014285 0.990478 -0.136928
vn 0.013904 0.990435 -0.137280
vn -0.033818 -0.270714 0.962066
vn -0.033734 -0.270686 0.962076
vn -0.034525 0.177263 0.983558
vn -0.034509 0.177242 0.983562
vn -0.030207 0.501362 0.864710
vn -0.030161 0.501288 0.864755
vn -0.022734 0.750961 0.659955
vn -0.022731 0.750916 0.660007
vn -0.013722 0.912598 0.408628
vn -0.013765 0.912567 0.408696
vn -0.004452 0.990443 0.137853
vn -0.004497 0.990439 0.137880
vn 0.004212 0.990445 -0.137843
vn 0.004302 0.990439 -0.137885
vn -0.008853 -0.270726 0.962616
vn -0.008871 -0.270734 0.962613
vn -0.009050 0.177268 0.984121
vn -0.009068 0.177275 0.984120
vn -0.007903 0.501357 0.865205
vn -0.007942 0.501361 0.865202
vn -0.005970 0.750949 0.660334
vn -0.006022 0.750979 0.660298
vn -0.003630 0.912586 0.408869
vn -0.003687 0.912595 0.408848
vn -0.001199 0.990440 0.137939
vn -0.001221 0.990441 0.137929
vn 0.001170 0.990441 -0.137935
vn 0.001194 0.990442 -0.137928
vn 0.001246 0.990441 0.137929
vn 0.004465 0.990439 0.137879
vn 0.001219 0.990440 0.137941
vn 0.004367 0.990444 0.137845
vn -0.001272 0.990441 -0.137928
vn -0.004675 0.990438 -0.137876
vn -0.001251 0.990440 -0.137939
vn -0.004629 0.990443 -0.137848
vn -0.003831 0.912597 -0.408843
vn -0.014324 0.912568 -0.408675
vn -0.003787 0.912585 -0.408868
vn -0.014286 0.912598 -0.408608
vn -0.006285 0.750965 -0.660312
vn -0.023665 0.750899 -0.659993
vn -0.006212 0.750955 -0.660325
vn -0.023675 0.750966 -0.659917
vn -0.008316 0.501374 -0.865191
vn -0.031426 0.501290 -0.864709
vn -0.008243 0.501338 -0.865212
vn -0.031466 0.501345 -0.864675
vn -0.009433 0.177279 -0.984116
vn -0.009473 0.177262 -0.984118
vn -0.035958 0.177260 -0.983507
vn -0.035955 0.177230 -0.983512
vn -0.002879 -0.954193 -0.299177
vn -0.002877 -0.954191 -0.299185
vn -0.010856 -0.954178 -0.299042
vn -0.011054 -0.954178 -0.299035
vn -0.031556 -0.954185 -0.297550
vn -0.032094 -0.954195 -0.297460
vn -0.104293 0.177246 -0.978625
vn -0.104602 0.177345 -0.978574
vn -0.091676 0.501336 -0.860383
vn -0.092495 0.501564 -0.860162
vn -0.069904 0.750920 -0.656683
vn -0.070929 0.751168 -0.656290
vn -0.043217 0.912569 -0.406633
vn -0.044058 0.912714 -0.406218
vn -0.014535 0.990437 -0.137201
vn -0.014884 0.990463 -0.136970
vn 0.014456 0.990435 0.137220
vn 0.014893 0.990481 0.136838
vn -0.062935 -0.954418 -0.291764
vn -0.063754 -0.954440 -0.291511
vn -0.208135 0.177683 -0.961826
vn -0.208688 0.177836 -0.961678
vn -0.183143 0.502270 -0.845094
vn -0.184643 0.502626 -0.844555
vn -0.139924 0.751727 -0.644460
vn -0.141975 0.752122 -0.643549
vn -0.086829 0.912921 -0.398792
vn -0.088845 0.913183 -0.397748
vn -0.029436 0.990474 -0.134516
vn -0.030667 0.990535 -0.133790
vn 0.029854 0.990457 0.134553
vn 0.037874 0.990750 0.130305
vn -0.102673 -0.955033 -0.278156
vn -0.103622 -0.955063 -0.277701
vn -0.341359 0.178937 -0.922743
vn -0.341999 0.179074 -0.922480
vn -0.299931 0.504994 -0.809335
vn -0.301706 0.505341 -0.808458
vn -0.228549 0.754097 -0.615714
vn -0.231038 0.754505 -0.614283
vn -0.141375 0.914007 -0.380269
vn -0.143984 0.914301 -0.378580
vn -0.047737 0.990604 -0.128159
vn -0.049783 0.990686 -0.126736
vn 0.048315 0.990560 0.128286
vn -0.045484 -0.990506 -0.129730
vn -0.146580 -0.956134 -0.253617
vn -0.147441 -0.956166 -0.252999
vn -0.492601 0.181269 -0.851168
vn -0.493170 0.181347 -0.850821
vn -0.431461 0.510044 -0.744108
vn -0.433096 0.510272 -0.743001
vn -0.327215 0.758456 -0.563627
vn -0.329541 0.758736 -0.561891
vn -0.201384 0.916011 -0.346941
vn -0.203891 0.916225 -0.344906
vn -0.067597 0.990850 -0.116817
vn -0.069876 0.990914 -0.114923
vn -0.067132 -0.990866 -0.116954
vn 0.067669 0.990794 0.117255
vn -0.189122 -0.957648 -0.217128
vn -0.189672 -0.957669 -0.216553
vn -0.645586 0.184599 -0.741041
vn -0.645938 0.184593 -0.740736
vn -0.562905 0.517191 -0.644710
vn -0.564024 0.517218 -0.643710
vn -0.424211 0.764514 -0.485348
vn -0.425887 0.764572 -0.483787
vn -0.259606 0.918783 -0.297392
vn -0.261496 0.918820 -0.295616
vn -0.086734 0.991190 -0.100103
vn -0.088394 0.991180 -0.098736
vn -0.087129 -0.991216 -0.099498
vn 0.083837 0.991031 0.104057
vn -0.224732 -0.959270 -0.171159
vn -0.224916 -0.959269 -0.170925
vn -0.780916 0.188362 -0.595558
vn -0.781007 0.188266 -0.595469
vn -0.677342 0.525153 -0.515191
vn -0.677816 0.524940 -0.514785
vn -0.506938 0.771160 -0.385132
vn -0.507821 0.770944 -0.384400
vn -0.307900 0.921592 -0.236359
vn -0.307366 0.921619 -0.236949
vn -0.102806 0.991527 -0.079411
vn -0.101019 0.991487 -0.082154
vn -0.104002 -0.991547 -0.077576
vn 0.101263 0.991324 0.083796
vn -0.249698 -0.960617 -0.121923
vn -0.249604 -0.960614 -0.122142
vn -0.881838 0.191607 -0.430869
vn -0.881716 0.191628 -0.431110
vn -0.760835 0.531858 -0.371830
vn -0.760507 0.531863 -0.372494
vn -0.565922 0.776549 -0.276954
vn -0.565422 0.776525 -0.278040
vn -0.341149 0.924130 -0.172050
vn -0.342790 0.923965 -0.169660
vn -0.112540 0.991835 -0.059981
vn -0.114379 0.991808 -0.056875
vn -0.116261 -0.991801 -0.053055
vn 0.114242 0.991716 0.058720
vn -0.475991 -0.858942 -0.188813
vn -0.264218 -0.961520 -0.075283
vn -0.942951 0.193999 -0.270571
vn -0.943115 0.193819 -0.270125
vn -0.810555 0.536766 -0.234271
vn -0.811156 0.536410 -0.233004
vn -0.600146 0.780492 -0.175092
vn -0.601110 0.780163 -0.173243
vn -0.362293 0.925877 -0.107213
vn -0.363380 0.925685 -0.105180
vn -0.120251 0.992059 -0.036850
vn -0.121066 0.992018 -0.035273
vn 0.121108 0.991987 0.035970
vn 0.090131 0.990020 0.108339
vn -0.852513 -0.470112 -0.228508
vn -0.841329 -0.496235 -0.214281
vn -0.971097 0.195193 -0.137371
vn -0.971163 0.195082 -0.137061
vn -0.833749 0.539246 -0.118647
vn -0.834039 0.538990 -0.117763
vn -0.616374 0.782503 -0.088153
vn -0.616813 0.782276 -0.087099
vn -0.371839 0.926760 -0.053405
vn -0.372296 0.926628 -0.052504
vn -0.123681 0.992162 -0.017801
vn -0.123924 0.992139 -0.017436
vn 0.123482 0.992186 0.017872
vn 0.123958 0.992136 0.017317
vn 0.470674 -0.882197 -0.013955
vn -0.323725 -0.941568 -0.093015
vn -0.979519 0.195646 -0.047597
vn -0.979527 0.195611 -0.047582
vn -0.840610 0.540117 -0.040611
vn -0.840655 0.540048 -0.040575
vn -0.621072 0.783197 -0.029538
vn -0.621147 0.783136 -0.029572
vn -0.374560 0.927041 -0.017341
vn -0.374641 0.927006 -0.017408
vn -0.124610 0.992190 -0.005521
vn -0.124642 0.992186 -0.005586
vn 0.124606 0.992193 0.005152
vn 0.124648 0.992187 0.005318
vn -0.836933 -0.511114 -0.195718
vn -0.927027 -0.374808 -0.011869
vn -0.980577 0.195730 -0.012570
vn -0.980580 0.195715 -0.012554
vn -0.841434 0.540254 -0.010693
vn -0.841410 0.540289 -0.010796
vn -0.621600 0.783296 -0.007762
vn -0.621563 0.783324 -0.007879
vn -0.374856 0.927072 -0.004589
vn -0.374836 0.927080 -0.004657
vn -0.124705 0.992193 -0.001499
vn -0.124696 0.992194 -0.001503
vn 0.124708 0.992192 0.001458
vn 0.124696 0.992194 0.001495
vn -0.122103 0.992516 0.001528
vn -0.122052 0.992509 0.005441
vn -0.122114 0.992515 0.001483
vn -0.122008 0.992515 0.005276
vn 0.122104 0.992516 -0.001566
vn 0.122049 0.992507 -0.005726
vn 0.122111 0.992515 -0.001537
vn 0.122011 0.992513 -0.005658
vn 0.367997 0.929815 -0.004816
vn 0.367795 0.929735 -0.017913
vn 0.368024 0.929804 -0.004737
vn 0.367719 0.929766 -0.017844
vn 0.613420 0.789715 -0.008137
vn 0.612971 0.789514 -0.030575
vn 0.613448 0.789694 -0.008048
vn 0.612888 0.789577 -0.030598
vn 0.836104 0.548457 -0.011192
vn 0.835287 0.548186 -0.042278
vn 0.836126 0.548425 -0.011114
vn 0.835239 0.548255 -0.042340
vn 0.979753 0.199778 -0.013111
vn 0.979755 0.199767 -0.013139
vn 0.978592 0.199682 -0.049855
vn 0.978602 0.199640 -0.049820
vn 0.892728 -0.060954 0.446454
vn 0.055031 -0.770043 0.635615
vn -0.883703 -0.395616 0.250114
vn -0.963598 -0.267043 0.012930
vn 0.871635 0.468755 0.143250
vn 0.801083 0.596788 -0.045939
vn 0.969450 0.199014 -0.143391
vn 0.969364 0.199135 -0.143804
vn 0.828177 0.546913 -0.122511
vn 0.827850 0.547169 -0.123579
vn 0.608406 0.788512 -0.089953
vn 0.607922 0.788736 -0.091250
vn 0.365370 0.929298 -0.053939
vn 0.364888 0.929425 -0.055005
vn 0.121309 0.992454 -0.017850
vn 0.121044 0.992478 -0.018309
vn -0.121344 0.992452 0.017733
vn -0.120823 0.992503 0.018431
vn 0.733975 0.646304 -0.208739
vn 0.723703 0.650738 -0.229770
vn 0.938935 0.197435 -0.281816
vn 0.938709 0.197613 -0.282445
vn 0.803692 0.543707 -0.241789
vn 0.802929 0.544059 -0.243524
vn 0.591922 0.785959 -0.178599
vn 0.590782 0.786266 -0.181004
vn 0.356168 0.928172 -0.107894
vn 0.354923 0.928352 -0.110421
vn 0.118374 0.992312 -0.036112
vn 0.117466 0.992350 -0.037986
vn -0.118419 0.992278 0.036884
vn 0.176452 -0.978304 0.108567
vn 0.666618 0.666149 -0.334462
vn 0.659214 0.667100 -0.347008
vn 0.872742 0.194504 -0.447760
vn 0.872426 0.194665 -0.448306
vn 0.749700 0.537711 -0.385767
vn 0.748636 0.538019 -0.387401
vn 0.554746 0.781186 -0.286367
vn 0.553075 0.781436 -0.288906
vn 0.335007 0.926092 -0.173561
vn 0.332968 0.926225 -0.176747
vn 0.111544 0.992059 -0.058116
vn 0.109373 0.992074 -0.061859
vn -0.111277 0.991947 0.060491
vn 0.113588 -0.992067 -0.053866
vn 0.581210 0.667333 -0.465685
vn 0.581249 0.667315 -0.465660
vn 0.765689 0.190368 -0.614395
vn 0.765429 0.190472 -0.614686
vn 0.660932 0.529181 -0.532105
vn 0.659956 0.529370 -0.533128
vn 0.492312 0.774305 -0.397593
vn 0.490595 0.774428 -0.399471
vn 0.298874 0.923092 -0.242023
vn 0.296458 0.923117 -0.244883
vn 0.099808 0.991703 -0.081021
vn 0.096079 0.991651 -0.086008
vn 0.101421 -0.991752 -0.078371
vn -0.097615 0.991453 0.086560
vn 0.492615 0.649136 -0.579615
vn 0.482054 0.645862 -0.592019
vn 0.627238 0.185886 -0.756319
vn 0.627218 0.185937 -0.756323
vn 0.545184 0.519873 -0.657652
vn 0.545057 0.519974 -0.657677
vn 0.409523 0.766698 -0.494433
vn 0.409179 0.766797 -0.494565
vn 0.250140 0.919737 -0.302511
vn 0.249428 0.919782 -0.302962
vn 0.083673 0.991302 -0.101579
vn 0.081488 0.991264 -0.103711
vn 0.084903 -0.991350 -0.100083
vn -0.080838 0.991091 0.105846
vn 0.395181 0.611892 -0.685143
vn 0.373636 0.601576 -0.706048
vn 0.475246 0.182050 -0.860813
vn 0.474991 0.181984 -0.860968
vn 0.416711 0.511806 -0.751270
vn 0.415875 0.511635 -0.751850
vn 0.316431 0.760028 -0.567653
vn 0.315084 0.759802 -0.568703
vn 0.195307 0.916807 -0.348312
vn 0.193694 0.916633 -0.349667
vn 0.066381 0.990974 -0.116467
vn 0.064919 0.990926 -0.117689
vn 0.065264 -0.990942 -0.117366
vn -0.064849 0.990862 0.118271
vn 0.293298 0.557477 -0.776657
vn 0.263326 0.538842 -0.800193
vn 0.327425 0.179386 -0.927693
vn 0.327033 0.179268 -0.927854
vn 0.288536 0.506059 -0.812805
vn 0.287368 0.505739 -0.813417
vn 0.220648 0.755111 -0.617351
vn 0.218929 0.754732 -0.618425
vn 0.137258 0.914578 -0.380403
vn 0.135361 0.914308 -0.381730
vn 0.047184 0.990714 -0.127516
vn 0.045664 0.990643 -0.128615
vn -0.045950 0.990604 0.128814
vn 0.044781 -0.990537 -0.129731
vn 0.193611 0.491423 -0.849128
vn 0.160684 0.467109 -0.869477
vn 0.199010 0.177957 -0.963704
vn 0.198603 0.177827 -0.963812
vn 0.175958 0.502902 -0.846243
vn 0.174802 0.502556 -0.846689
vn 0.135160 0.752357 -0.644741
vn 0.133579 0.751983 -0.645507
vn 0.084482 0.913292 -0.398449
vn 0.082882 0.913041 -0.399358
vn 0.029071 0.990544 -0.134076
vn 0.028087 0.990491 -0.134680
vn -0.028428 0.990475 0.134723
vn -0.034710 0.990719 0.131418
vn -0.101660 0.239117 -0.965654
vn -0.110065 0.066797 -0.991677
vn 0.099563 0.177398 -0.979090
vn 0.099294 0.177300 -0.979135
vn 0.087982 0.501632 -0.860596
vn 0.087300 0.501409 -0.860795
vn 0.067445 0.751233 -0.656582
vn 0.066593 0.751005 -0.656930
vn 0.041877 0.912739 -0.406391
vn 0.041178 0.912602 -0.406770
vn 0.014139 0.990466 -0.137027
vn 0.013854 0.990441 -0.137240
vn -0.014124 0.990481 0.136921
vn -0.013781 0.990439 0.137261
vn -0.111222 -0.083677 -0.990267
vn 0.034135 -0.177234 -0.983577
vn 0.034173 0.177268 -0.983569
vn 0.034147 0.177240 -0.983575
vn 0.029901 0.501362 -0.864721
vn 0.029858 0.501308 -0.864754
vn 0.022501 0.750971 -0.659952
vn 0.022488 0.750920 -0.660010
vn 0.013589 0.912602 -0.408624
vn 0.013630 0.912573 -0.408686
vn 0.004409 0.990444 -0.137848
vn 0.004454 0.990438 -0.137884
vn -0.004172 0.990444 0.137849
vn -0.004263 0.990439 0.137884
vn 0.008974 -0.177263 -0.984123
vn 0.008944 -0.177277 -0.984120
vn 0.008954 0.177263 -0.984123
vn 0.008983 0.177278 -0.984120
vn 0.007850 0.501356 -0.865205
vn 0.007872 0.501369 -0.865197
vn 0.005905 0.750955 -0.660327
vn 0.005976 0.750982 -0.660296
vn 0.003596 0.912588 -0.408864
vn 0.003638 0.912595 -0.408850
vn 0.001187 0.990440 -0.137936
vn 0.001208 0.990441 -0.137930
vn -0.001161 0.990440 0.137940
vn -0.001186 0.990442 0.137926
vn -0.891988 -0.192773 -0.408896
vn -0.882862 -0.238247 -0.404714
vn -0.626867 -0.721600 -0.293822
vn 0.733046 -0.676851 -0.067211
vn 0.990793 0.134686 0.013783
vn 0.990794 0.134677 0.013750
vn 0.990883 0.134655 -0.004363
vn 0.987727 0.154164 0.025080
vn 0.836099 0.548456 0.011595
vn 0.836121 0.548424 0.011515
vn 0.835222 0.548165 0.043814
vn 0.835172 0.548236 0.043879
vn 0.613420 0.789712 0.008433
vn 0.613449 0.789691 0.008334
vn 0.612936 0.789498 0.031675
vn 0.612847 0.789566 0.031688
vn 0.368000 0.929812 0.004991
vn 0.368019 0.929805 0.004895
vn 0.367783 0.929727 0.018538
vn 0.367695 0.929763 0.018460
vn 0.122103 0.992516 0.001625
vn 0.122114 0.992515 0.001582
vn 0.122043 0.992507 0.005921
vn 0.122008 0.992512 0.005841
vn -0.122104 0.992516 -0.001580
vn -0.122115 0.992515 -0.001542
vn -0.122049 0.992508 -0.005594
vn -0.122000 0.992515 -0.005408
vn -0.121293 0.992448 -0.018328
vn -0.120655 0.992509 -0.019210
vn 0.121253 0.992450 0.018460
vn 0.120961 0.992476 0.018971
vn 0.365188 0.929260 0.055797
vn 0.364659 0.929398 0.056953
vn 0.608052 0.788425 0.093048
vn 0.607528 0.788665 0.094436
vn 0.827617 0.546802 0.126721
vn 0.827266 0.547068 0.127859
vn 0.984196 0.164721 0.065000
vn 0.968627 0.199091 0.148744
vn 0.909596 0.402820 0.101837
vn 0.965377 0.259617 -0.025438
vn -0.118160 0.992256 -0.038286
vn 0.125500 -0.991903 0.019435
vn 0.118115 0.992298 0.037338
vn 0.117041 0.992340 0.039530
vn 0.355352 0.928060 0.111487
vn 0.353965 0.928253 0.114260
vn 0.590457 0.785706 0.184465
vn 0.589207 0.786033 0.187051
vn 0.801501 0.543397 0.249630
vn 0.800672 0.543767 0.251479
vn 0.936201 0.197287 0.290871
vn 0.935954 0.197473 0.291537
vn 0.804415 0.554797 0.212405
vn 0.744276 0.612216 0.266919
vn -0.110242 0.991869 -0.063590
vn 0.112974 -0.992050 0.055446
vn 0.110839 0.992028 0.059955
vn 0.108031 0.992038 0.064724
vn 0.332881 0.925864 0.178791
vn 0.330544 0.926006 0.182355
vn 0.551060 0.780681 0.294736
vn 0.549204 0.780955 0.297463
vn 0.744389 0.537103 0.396744
vn 0.743229 0.537434 0.398466
vn 0.866278 0.194207 0.460266
vn 0.865937 0.194377 0.460838
vn 0.673453 0.665174 0.322497
vn 0.615749 0.699522 0.362659
vn 0.100596 -0.991721 0.079817
vn -0.094303 0.991238 -0.092486
vn 0.098492 0.991658 0.083151
vn 0.093373 0.991576 0.089773
vn 0.295030 0.922762 0.247925
vn 0.292183 0.922798 0.251145
vn 0.485844 0.773589 0.406836
vn 0.483910 0.773744 0.408841
vn 0.651904 0.528330 0.543956
vn 0.650841 0.528551 0.545013
vn 0.754929 0.189958 0.627693
vn 0.754646 0.190079 0.627996
vn 0.532873 0.737692 0.414556
vn 0.491053 0.752642 0.438631
vn 0.083826 -0.991324 0.101243
vn -0.076385 0.990951 -0.110371
vn 0.081843 0.991258 0.103487
vn 0.078188 0.991185 0.106951
vn 0.244932 0.919410 0.307722
vn 0.243840 0.919433 0.308521
vn 0.400988 0.765985 0.502469
vn 0.400494 0.766076 0.502724
vn 0.533603 0.519034 0.667736
vn 0.533426 0.519138 0.667797
vn 0.613691 0.185494 0.767447
vn 0.613656 0.185544 0.767463
vn 0.403277 0.775648 0.485528
vn 0.379700 0.779988 0.497439
vn 0.064230 -0.990933 0.118013
vn -0.062108 0.990836 -0.119944
vn 0.063866 0.990927 0.118259
vn 0.062985 0.990896 0.118987
vn 0.189560 0.916530 0.352193
vn 0.188193 0.916403 0.353255
vn 0.307436 0.759463 0.573322
vn 0.306210 0.759292 0.574205
vn 0.404870 0.511174 0.758143
vn 0.404082 0.511032 0.758660
vn 0.461650 0.181766 0.868240
vn 0.461417 0.181725 0.868372
vn 0.290931 0.789843 0.539914
vn 0.282303 0.790264 0.543864
vn -0.044088 0.990594 -0.129535
vn 0.047191 -0.990551 0.128772
vn 0.045267 0.990689 0.128397
vn 0.044055 0.990629 0.129282
vn 0.132408 0.914430 0.382473
vn 0.130723 0.914191 0.383622
vn 0.213080 0.754810 0.620370
vn 0.211503 0.754479 0.621311
vn 0.278719 0.505715 0.816436
vn 0.277628 0.505425 0.816987
vn 0.316299 0.179257 0.931569
vn 0.315927 0.179148 0.931717
vn 0.196098 0.789297 0.581855
vn 0.197835 0.789401 0.581126
vn -0.034268 0.990709 -0.131608
vn -0.027284 0.990473 -0.134974
vn 0.027869 0.990535 0.134403
vn 0.027008 0.990487 0.134929
vn 0.081206 0.913235 0.399257
vn 0.079756 0.913009 0.400068
vn 0.130039 0.752252 0.645916
vn 0.128566 0.751907 0.646612
vn 0.169341 0.502778 0.847666
vn 0.168277 0.502465 0.848064
vn 0.191566 0.177909 0.965221
vn 0.191185 0.177777 0.965320
vn 0.125325 0.781600 0.611061
vn 0.117829 0.780464 0.613997
vn -0.013532 0.990477 -0.137015
vn -0.013236 0.990440 -0.137310
vn 0.013564 0.990463 0.137106
vn 0.013304 0.990441 0.137295
vn 0.040189 0.912730 0.406581
vn 0.039549 0.912604 0.406927
vn 0.064741 0.751213 0.656878
vn 0.063960 0.751001 0.657197
vn 0.084481 0.501615 0.860956
vn 0.083865 0.501409 0.861136
vn 0.095622 0.177381 0.979486
vn 0.095395 0.177298 0.979523
vn -0.260804 0.416026 0.871151
vn 0.057526 0.768518 0.637236
vn -0.004018 0.990444 -0.137855
vn -0.004099 0.990440 -0.137882
vn 0.004235 0.990443 0.137858
vn 0.004279 0.990439 0.137884
vn 0.013035 0.912602 0.408642
vn 0.013078 0.912577 0.408697
vn 0.021565 0.750971 0.659983
vn 0.021566 0.750924 0.660036
vn 0.028638 0.501364 0.864763
vn 0.028624 0.501313 0.864793
vn 0.032736 0.177278 0.983616
vn 0.032718 0.177252 0.983622
vn -0.315638 -0.016407 0.948738
vn -0.339631 -0.165783 0.925833
vn -0.001116 0.990440 -0.137936
vn -0.001133 0.990443 -0.137920
vn 0.001138 0.990440 0.137936
vn 0.001162 0.990442 0.137927
vn 0.003453 0.912589 0.408864
vn 0.003501 0.912599 0.408840
vn 0.005668 0.750954 0.660330
vn 0.005726 0.750977 0.660304
vn 0.007498 0.501357 0.865208
vn 0.007553 0.501377 0.865196
vn 0.008588 0.177274 0.984124
vn 0.008586 0.177278 0.984123
vn 0.008587 -0.177274 0.984124
vn 0.008589 -0.177279 0.984123
vn 0.000000 0.000000 1.000000
vn 0.000000 0.000000 1.000000
vn 0.000000 0.000000 1.000000
vn 0.000000 0.000000 1.000000
vn 0.000000 1.000000 0.000000
vn 0.000000 1.000000 0.000000
vn 0.000000 1.000000 0.000000
vn 0.000000 1.000000 0.000000
vn 0.000000 0.000000 -1.000000
vn 0.000000 0.000000 -1.000000
vn 0.000000 0.000000 -1.000000
vn 0.000000 0.000000 -1.000000
vn 0.000000 -1.000000 0.000000
vn 0.000000 -1.000000 0.000000
vn 0.000000 -1.000000 0.000000
vn 0.000000 -1.000000 0.000000
vn 1.000000 0.000000 0.000000
vn 1.000000 0.000000 0.000000
vn 1.000000 0.000000 0.000000
vn 1.000000 0.000000 0.000000
vn -1.000000 0.000000 0.000000
vn -1.000000 0.000000 0.000000
vn -1.000000 0.000000 0.000000
vn -1.000000 0.000000 0.000000
vn 0.749451 0.420961 -0.510995
vn 0.723106 0.490715 -0.486124
vn 0.870615 0.415068 -0.264097
vn 0.837995 0.484790 -0.250488
vn 0.552789 0.428529 -0.714694
vn 0.535312 0.498365 -0.681963
vn 0.295250 0.434881 -0.850709
vn 0.287149 0.504807 -0.814073
vn 0.000000 0.437387 -0.899273
vn 0.000000 0.507646 -0.861566
vn -0.151056 0.432370 -0.888953
vn -0.144651 0.504417 -0.851257
vn 0.000000 0.437389 0.899272
vn -0.000000 0.507645 0.861566
vn -0.151056 0.432371 0.888953
vn -0.144651 0.504417 0.851258
vn 0.295251 0.434881 0.850709
vn 0.287150 0.504807 0.814073
vn 0.552789 0.428528 0.714695
vn 0.535313 0.498365 0.681962
vn 0.749450 0.420960 0.510996
vn 0.723106 0.490715 0.486124
vn 0.870616 0.415068 0.264097
vn 0.837995 0.484789 0.250488
vn 0.910777 0.412898 0.000001
vn 0.875971 0.482363 0.000001
vn 0.648456 0.625391 -0.434040
vn 0.752626 0.619360 -0.223489
vn 0.479171 0.633171 -0.607857
vn 0.257028 0.639708 -0.724369
vn -0.000000 0.642529 -0.766262
vn -0.128764 0.639697 -0.757765
vn 0.000000 0.642529 0.766262
vn -0.128764 0.639697 0.757765
vn 0.257029 0.639708 0.724368
vn 0.479171 0.633170 0.607857
vn 0.648456 0.625391 0.434040
vn 0.752626 0.619360 0.223490
vn 0.786963 0.617000 0.000001
vn 0.559950 0.739868 -0.372896
vn 0.650841 0.734592 -0.191785
vn 0.413032 0.746677 -0.521419
vn 0.221560 0.752390 -0.620339
vn -0.000000 0.754802 -0.655953
vn -0.172130 0.769900 -0.614513
vn -0.000000 0.754802 0.655953
vn -0.174630 0.768755 0.615239
vn 0.221560 0.752390 0.620339
vn 0.413032 0.746676 0.521420
vn 0.559950 0.739867 0.372896
vn 0.650841 0.734592 0.191786
vn 0.680615 0.732641 0.000001
vn 0.461167 0.833144 -0.305281
vn 0.536610 0.829154 -0.156693
vn 0.339680 0.838310 -0.426444
vn 0.182278 0.842641 -0.506687
vn -0.000000 0.844391 -0.535728
vn -0.189073 0.839695 -0.509081
vn -0.321594 0.778879 -0.538447
vn -0.285502 0.836443 -0.467817
vn -0.192651 0.837873 0.510739
vn -0.342043 0.765024 0.545660
vn -0.297536 0.832857 0.466714
vn -0.000000 0.844391 0.535728
vn 0.182279 0.842640 0.506687
vn 0.339680 0.838309 0.426444
vn 0.461167 0.833144 0.305281
vn 0.536610 0.829154 0.156694
vn 0.560967 0.827838 0.000000
vn 0.355029 0.905262 -0.233356
vn 0.413332 0.902720 -0.119389
vn 0.261289 0.908571 -0.325923
vn 0.140341 0.911345 -0.386982
vn 0.000000 0.912323 -0.409471
vn -0.140341 0.911345 -0.386983
vn -0.256337 0.902772 -0.345391
vn -0.415837 0.847919 -0.328806
vn -0.343242 0.907953 -0.240428
vn -0.265000 0.908221 0.323898
vn -0.442719 0.836311 0.323393
vn -0.310759 0.916852 0.250621
vn -0.140341 0.911344 0.386983
vn -0.000000 0.912323 0.409472
vn 0.140341 0.911344 0.386983
vn 0.261290 0.908572 0.325923
vn 0.355030 0.905262 0.233357
vn 0.413332 0.902720 0.119388
vn 0.431431 0.902146 -0.000000
vn 0.243704 0.956775 -0.158716
vn 0.283627 0.955525 -0.080789
vn 0.179405 0.958412 -0.221945
vn 0.096557 0.959783 -0.263617
vn -0.000000 0.960012 -0.279960
vn -0.084019 0.960110 -0.266700
vn -0.187407 0.955814 -0.226492
vn -0.259588 0.960047 -0.104518
vn -0.359163 0.925919 -0.116943
vn -0.286561 0.954772 -0.079324
vn -0.406684 0.913566 -0.002196
vn -0.289719 0.957112 0.000001
vn -0.361608 0.924431 0.121106
vn -0.285369 0.955153 0.079045
vn -0.238025 0.958570 0.156485
vn -0.179406 0.958412 0.221945
vn -0.096557 0.959783 0.263618
vn 0.000000 0.960012 0.279960
vn 0.096557 0.959782 0.263618
vn 0.179406 0.958412 0.221946
vn 0.243704 0.956774 0.158718
vn 0.283627 0.955526 0.080789
vn 0.294265 0.955724 0.000001
vn 0.128735 0.988268 -0.082175
vn 0.149280 0.987934 -0.041257
vn 0.095163 0.988725 -0.115614
vn 0.051601 0.989111 -0.137832
vn -0.000000 0.988737 -0.149665
vn -0.047572 0.989817 -0.134159
vn -0.086492 0.989046 -0.119611
vn -0.128735 0.988268 -0.082177
vn -0.149281 0.987934 -0.041254
vn -0.149004 0.988837 0.000001
vn -0.149281 0.987934 0.041254
vn -0.128735 0.988268 0.082176
vn -0.095163 0.988725 0.115613
vn -0.051601 0.989111 0.137830
vn 0.000000 0.988737 0.149664
vn 0.051601 0.989111 0.137830
vn 0.095163 0.988725 0.115613
vn 0.128735 0.988268 0.082179
vn 0.149281 0.987934 0.041257
vn 0.149004 0.988837 -0.000001
vn 0.000000 1.000000 -0.000001
vn 0.000000 1.000000 0.000003
vn 0.000000 1.000000 -0.000009
vn 0.000000 1.000000 0.000002
vn 0.000000 1.000000 -0.000001
vn 0.000000 1.000000 0.000005
vn 0.000000 1.000000 0.000001
vn 0.000000 1.000000 0.000004
vn 0.000000 1.000000 0.000000
vn 0.000000 1.000000 0.000002
vn 0.000000 1.000000 0.000000
vn 0.000000 1.000000 0.000001
vn 0.000000 1.000000 -0.000000
vn 0.000000 1.000000 0.000003
vn 0.000000 1.000000 0.000000
vn 0.000000 1.000000 0.000001
vn 0.000000 1.000000 -0.000000
vn 0.000000 1.000000 -0.000002
vn 0.000000 1.000000 -0.000000
vn 0.000000 1.000000 -0.000001
vn 0.000000 1.000000 -0.000000
vn 0.000000 1.000000 -0.000001
vn 0.000000 1.000000 -0.000001
vn 0.000000 1.000000 -0.000001
vn 0.000000 1.000000 -0.000000
vn 0.000000 1.000000 0.000001
vn 0.000000 1.000000 0.000000
vn 0.000000 1.000000 0.000000
vn 0.000000 1.000000 -0.000001
vn 0.000000 1.000000 0.000000
vn 0.000000 1.000000 -0.000000
vn 0.000000 1.000000 -0.000001
vn 0.000000 1.000000 -0.000001
vn 0.000000 1.000000 0.000000
vn 0.000000 1.000000 0.000000
vn 0.000000 1.000000 0.000002
vn 0.000000 1.000000 0.000002
vn 0.000000 1.000000 0.000006
vn 0.000000 1.000000 0.000006
vn 0.000000 1.000000 -0.000004
vn 0.000000 1.000000 -0.000005
vn 0.000000 1.000000 0.000000
vn 0.000000 1.000000 0.000001
vn 0.000000 1.000000 -0.000005
vn 0.000000 1.000000 -0.000005
vn 0.000000 1.000000 -0.000016
vn 0.000000 1.000000 -0.000013
vn 0.000000 1.000000 0.000004
vn 0.000000 1.000000 0.000006
vn 0.000000 1.000000 0.000000
vn 0.000000 1.000000 0.000006
vn 0.000000 1.000000 0.000007
vn 0.000000 1.000000 -0.000006
vn 0.000000 1.000000 0.000005
vn 0.000000 1.000000 -0.000006
vn 0.000000 1.000000 0.000000
vn 0.000000 1.000000 0.000002
vn 0.000000 1.000000 0.000000
vn 0.000000 1.000000 0.000000
vn 0.000000 1.000000 -0.000000
vn 0.000000 1.000000 -0.000001
vn 0.000000 1.000000 -0.000001
vn 0.000000 1.000000 0.000001
vn 0.000000 1.000000 -0.000001
vn 0.000000 1.000000 0.000000
vn 0.000000 1.000000 -0.000002
vn 0.000000 1.000000 0.000000
vn 0.000000 1.000000 -0.000002
vn 0.000000 1.000000 0.000000
vn 0.000000 1.000000 0.000002
vn 0.000000 1.000000 0.000000
vn 0.000000 1.000000 0.000001
vn 0.000000 1.000000 0.000000
vn -0.000000 0.000000 -1.000000
vn -0.000000 0.000000 -1.000000
vn -0.000000 0.000000 -1.000000
vn -0.000000 0.000000 -1.000000
vn 0.000000 0.000000 1.000000
vn 0.000000 0.000000 1.000000
vn 0.000000 0.000000 1.000000
vn 0.000000 0.000000 1.000000
vn -0.517172 0.000000 0.855882
vn -0.517172 0.000000 0.855882
vn -0.517170 0.000000 0.855883
vn -0.517170 0.000000 0.855883
vn 0.000000 -1.000000 0.000000
vn 0.000000 -1.000000 0.000000
vn 0.000000 -1.000000 0.000000
vn 0.000000 -1.000000 0.000000
vn 0.000000 1.000000 0.000000
vn 0.000000 1.000000 0.000000
vn 0.000000 1.000000 0.000000
vn 0.000000 1.000000 0.000000
vn 0.517169 0.000000 -0.855883
vn 0.517168 0.000000 -0.855884
vn 0.517169 0.000000 -0.855883
vn 0.517168 0.000000 -0.855884
vn -0.000000 0.000000 -1.000000
vn -0.000000 0.000000 -1.000000
vn -0.000000 0.000000 -1.000000
vn -0.000000 0.000000 -1.000000
vn 0.000000 0.000000 1.000000
vn 0.000000 0.000000 1.000000
vn 0.000000 0.000000 1.000000
vn 0.000000 0.000000 1.000000
vn -0.000000 0.000000 -1.000000
vn -0.000000 0.000000 -1.000000
vn -0.000000 0.000000 -1.000000
vn -0.000000 0.000000 -1.000000
vn 0.000000 -1.000000 0.000000
vn 0.000000 -1.000000 0.000000
vn 0.000000 -1.000000 0.000000
vn 0.000000 -1.000000 0.000000
vn 0.000000 0.000000 1.000000
vn 0.000000 0.000000 1.000000
vn 0.000000 0.000000 1.000000
vn 0.000000 0.000000 1.000000
vn -1.000000 0.000000 0.000000
vn -1.000000 0.000000 0.000000
vn -1.000000 0.000000 0.000000
vn -1.000000 0.000000 0.000000
vn -1.000000 0.000000 0.000000
vn -1.000000 0.000000 0.000000
vn -1.000000 0.000000 0.000000
vn -1.000000 0.000000 0.000000
vn -1.000000 -0.000000 0.000000
vn -1.000000 0.000000 0.000000
vn -1.000000 0.000000 0.000000
vn -1.000000 0.000000 0.000000
vn -1.000000 0.000000 0.000000
vn 1.000000 0.000000 0.000000
vn 1.000000 0.000000 0.000000
vn 1.000000 0.000000 0.000000
vn 1.000000 0.000000 0.000000
vn 1.000000 0.000000 0.000000
vn 1.000000 0.000000 0.000000
vn 1.000000 0.000000 0.000000
vn 1.000000 0.000000 0.000000
vn 1.000000 0.000000 0.000000
vn 1.000000 0.000000 0.000000
vn 1.000000 0.000000 0.000000
vn 1.000000 0.000000 0.000000
vn 1.000000 0.000000 0.000000
vn 0.000000 1.000000 0.000000
vn 0.000000 1.000000 0.000000
vn 0.000000 1.000000 0.000000
vn 0.000000 1.000000 0.000000
vn 0.000000 1.000000 0.000000
vn 0.000000 1.000000 0.000000
vn 0.238800 -0.971069 0.000000
vn 0.377434 -0.926036 0.000000
vn 0.238799 -0.971069 0.000000
vn 0.377433 -0.926037 0.000000
vn 0.608727 -0.793380 0.000000
vn 0.608726 -0.793380 0.000000
vn 0.786285 -0.617863 0.000000
vn 0.813724 -0.581252 0.000000
vn 0.920456 -0.390846 0.000000
vn 0.944962 -0.327180 0.000000
vn 0.960507 -0.278257 0.000000
vn 0.960507 -0.278256 0.000000
vn -1.000000 0.000000 0.000000
vn -1.000000 0.000000 0.000000
vn -1.000000 0.000000 0.000000
vn -1.000000 0.000000 0.000000
vn 0.000000 1.000000 0.000000
vn 0.000000 1.000000 0.000000
vn 0.000000 1.000000 0.000000
vn 0.000000 1.000000 0.000000
vn 1.000000 0.000000 0.000000
vn 1.000000 0.000000 0.000000
vn 1.000000 0.000000 0.000000
vn 1.000000 0.000000 0.000000
vn 0.000000 -1.000000 0.000000
vn 0.000000 -1.000000 0.000000
vn 0.000000 -1.000000 0.000000
vn 0.000000 -1.000000 0.000000
vn 0.000000 0.000000 1.000000
vn 0.000000 0.000000 1.000000
vn 0.000000 0.000000 1.000000
vn 0.000000 0.000000 1.000000
vn 0.000000 0.000000 -1.000000
vn 0.000000 0.000000 -1.000000
vn 0.000000 0.000000 -1.000000
vn 0.000000 0.000000 -1.000000
vn -0.525103 0.000000 0.851039
vn -0.677403 0.000000 0.735612
vn -0.525102 0.000000 0.851040
vn -0.677402 0.000000 0.735613
vn -0.925852 0.000000 0.377886
vn -0.925852 0.000000 0.377886
vn -0.997938 0.000000 -0.064181
vn -0.997938 0.000000 -0.064181
vn -0.900921 0.000000 -0.433984
vn -0.900921 0.000000 -0.433983
vn -0.730483 0.000000 -0.682931
vn -0.730486 0.000000 -0.682928
vn -0.541685 0.000000 -0.840582
vn -0.541687 0.000000 -0.840580
vn -0.346085 0.000000 -0.938203
vn -0.346085 0.000000 -0.938203
vn -0.137098 0.000000 -0.990557
vn -0.137100 0.000000 -0.990557
vn -0.023500 0.000000 -0.999724
vn -0.023503 0.000000 -0.999724
vn 0.048136 0.997574 -0.050295
vn 0.039384 0.997183 -0.063831
vn 0.039250 0.998107 0.047351
vn 0.060486 0.997849 -0.025259
vn 0.067688 0.997704 0.002188
vn 0.068903 0.997163 0.030293
vn 0.063367 0.996395 0.056405
vn 0.051021 0.995695 0.077382
vn 0.032931 0.995373 0.090269
vn 0.011382 0.995575 0.093278
vn -0.010833 0.996195 0.086476
vn -0.019543 0.996416 0.082301
vn 0.256668 -0.872398 -0.415984
vn 0.318032 -0.887114 -0.334492
vn 0.443039 -0.795954 0.412521
vn 0.405805 -0.898234 -0.168813
vn 0.451273 -0.892222 0.017131
vn 0.448089 -0.871189 0.200612
vn 0.398723 -0.844007 0.358709
vn 0.312638 -0.821593 0.476700
vn 0.200551 -0.811884 0.548292
vn 0.071768 -0.817841 0.570951
vn 0.444925 -0.624126 0.642268
vn 0.503481 -0.724533 0.470701
vn 0.000000 -1.000000 0.000001
vn 0.000000 0.000000 1.000000
vn 0.000000 0.000000 1.000000
vn 0.000000 0.000000 1.000000
vn 0.000000 0.000000 1.000000
vn 0.000000 1.000000 0.000000
vn 0.000000 1.000000 0.000000
vn 0.000000 1.000000 0.000000
vn 0.000000 1.000000 0.000000
vn 0.000000 0.000000 -1.000000
vn 0.000000 0.000000 -1.000000
vn 0.000000 0.000000 -1.000000
vn 0.000000 0.000000 -1.000000
vn 0.000000 -1.000000 0.000000
vn 0.000000 -1.000000 0.000000
vn 0.000000 -1.000000 0.000000
vn 0.000000 -1.000000 0.000000
vn -1.000000 0.000000 0.000000
vn -1.000000 0.000000 0.000000
vn -1.000000 0.000000 0.000000
vn -1.000000 0.000000 0.000000
vn 1.000000 0.000000 0.000000
vn 1.000000 0.000000 0.000000
vn 1.000000 0.000000 0.000000
vn 1.000000 0.000000 0.000000
vn 0.000000 -1.000000 0.000000
vn 0.000000 -1.000000 0.000000
vn 0.000000 -1.000000 0.000000
vn 0.000000 -1.000000 0.000000
vn -1.000000 0.000000 0.000000
vn -1.000000 0.000000 0.000000
vn -1.000000 0.000000 0.000000
vn -1.000000 0.000000 0.000000
vn 0.000000 1.000000 0.000000
vn 0.000000 1.000000 0.000000
vn 0.000000 1.000000 0.000000
vn 0.000000 1.000000 0.000000
vn 1.000000 0.000000 0.000000
vn 1.000000 0.000000 0.000000
vn 1.000000 0.000000 0.000000
vn 1.000000 0.000000 0.000000
vn 0.000000 0.000000 1.000000
vn 0.000000 0.000000 1.000000
vn 0.000000 0.000000 1.000000
vn 0.000000 0.000000 1.000000
vn 0.000000 0.000000 -1.000000
vn 0.000000 0.000000 -1.000000
vn 0.000000 0.000000 -1.000000
vn 0.000000 0.000000 -1.000000
vn 0.000000 0.000000 1.000000
vn 0.000000 0.000000 1.000000
vn 0.000000 0.000000 1.000000
vn 0.000000 0.000000 1.000000
vn 0.000000 1.000000 0.000000
vn 0.000000 1.000000 0.000000
vn 0.000000 1.000000 0.000000
vn 0.000000 1.000000 0.000000
vn 0.000000 0.000000 -1.000000
vn 0.000000 0.000000 -1.000000
vn 0.000000 0.000000 -1.000000
vn 0.000000 0.000000 -1.000000
vn 0.000000 -1.000000 0.000000
vn 0.000000 -1.000000 0.000000
vn 0.000000 -1.000000 0.000000
vn 0.000000 -1.000000 0.000000
vn 1.000000 0.000000 0.000000
vn 1.000000 0.000000 0.000000
vn 1.000000 0.000000 0.000000
vn 1.000000 0.000000 0.000000
vn -1.000000 0.000000 0.000000
vn -1.000000 0.000000 0.000000
vn -1.000000 0.000000 0.000000
vn -1.000000 0.000000 0.000000
vn -1.000000 0.000000 0.000000
vn -1.000000 0.000000 0.000000
vn -1.000000 0.000000 0.000000
vn -1.000000 0.000000 0.000000
vn 0.000000 1.000000 0.000000
vn 0.000000 1.000000 0.000000
vn 0.000000 1.000000 0.000000
vn 0.000000 1.000000 0.000000
vn 1.000000 0.000000 0.000000
vn 1.000000 0.000000 0.000000
vn 1.000000 0.000000 0.000000
vn 1.000000 0.000000 0.000000
vn 0.000000 -1.000000 0.000000
vn 0.000000 -1.000000 0.000000
vn 0.000000 -1.000000 0.000000
vn 0.000000 -1.000000 0.000000
vn 0.000000 0.000000 1.000000
vn 0.000000 0.000000 1.000000
vn 0.000000 0.000000 1.000000
vn 0.000000 0.000000 1.000000
vn 0.000000 0.000000 -1.000000
vn 0.000000 0.000000 -1.000000
vn 0.000000 0.000000 -1.000000
vn 0.000000 0.000000 -1.000000
vn 0.662071 0.000000 0.749441
vn 0.662071 0.000000 0.749442
vn 0.662067 0.000000 0.749445
vn 0.662067 0.000000 0.749445
vn 0.000000 1.000000 0.000000
vn 0.000000 1.000000 -0.000000
vn 0.000000 1.000000 -0.000001
vn 0.000000 1.000000 -0.000002
vn -0.662066 0.000000 -0.749446
vn -0.662066 0.000000 -0.749446
vn -0.662069 0.000000 -0.749443
vn -0.662069 0.000000 -0.749443
vn 0.000000 -1.000000 -0.000001
vn 0.000000 -1.000000 -0.000001
vn 0.000000 -1.000000 0.000000
vn 0.000000 -1.000000 0.000000
vn 0.662072 0.000000 -0.749441
vn 0.662072 0.000000 -0.749441
vn 0.662072 0.000000 -0.749440
vn 0.662072 0.000000 -0.749440
vn -0.662071 0.000000 0.749441
vn -0.662071 0.000000 0.749441
vn -0.662072 0.000000 0.749440
vn -0.662072 0.000000 0.749440
vn 0.000000 0.000000 1.000000
vn 0.000000 0.000000 1.000000
vn 0.000000 0.000000 1.000000
vn 0.000000 0.000000 1.000000
vn 0.000000 1.000000 0.000000
vn 0.000000 1.000000 0.000000
vn 0.000000 1.000000 0.000000
vn 0.000000 1.000000 0.000000
vn 0.000000 0.000000 -1.000000
vn 0.000000 0.000000 -1.000000
vn 0.000000 0.000000 -1.000000
vn 0.000000 0.000000 -1.000000
vn 0.000000 -1.000000 0.000000
vn 0.000000 -1.000000 0.000000
vn 0.000000 -1.000000 0.000000
vn 0.000000 -1.000000 0.000000
vn 1.000000 0.000000 0.000000
vn 1.000000 0.000000 0.000000
vn 1.000000 0.000000 0.000000
vn 1.000000 0.000000 0.000000
vn -1.000000 0.000000 0.000000
vn -1.000000 0.000000 0.000000
vn -1.000000 0.000000 0.000000
vn -1.000000 0.000000 0.000000
vn -0.525102 0.000000 -0.851039
vn -0.525102 0.000000 -0.851039
vn -0.677405 0.000000 -0.735610
vn -0.677406 0.000000 -0.735609
vn -0.925852 0.000000 -0.377886
vn -0.925852 0.000000 -0.377886
vn -0.997938 0.000000 0.064181
vn -0.997938 0.000000 0.064181
vn -0.900921 0.000000 0.433983
vn -0.900921 0.000000 0.433983
vn -0.730484 0.000000 0.682929
vn -0.730484 0.000000 0.682929
vn -0.541685 0.000000 0.840582
vn -0.541685 0.000000 0.840582
vn -0.346087 0.000000 0.938202
vn -0.346086 0.000000 0.938203
vn -0.137101 0.000000 0.990557
vn -0.137098 0.000000 0.990557
vn -0.023501 0.000000 0.999724
vn -0.023498 0.000000 0.999724
vn 0.063206 0.998000 -0.000427
vn 0.039118 0.996315 -0.076326
vn 0.060317 0.998134 0.009562
vn 0.069090 0.997203 -0.028510
vn 0.068315 0.995945 -0.058537
vn 0.058644 0.994542 -0.086301
vn 0.039331 0.993636 -0.105544
vn 0.013341 0.993801 -0.110368
vn -0.013353 0.994904 -0.099941
vn -0.022431 0.995275 -0.094468
vn 0.253067 -0.876205 0.410148
vn 0.397833 -0.839274 -0.370604
vn 0.313449 -0.890567 0.329607
vn 0.399773 -0.901398 0.166321
vn 0.444651 -0.895546 -0.016810
vn 0.441836 -0.875037 -0.197714
vn 0.393516 -0.848459 -0.353925
vn 0.308765 -0.826484 -0.470732
vn 0.198095 -0.816952 -0.541616
vn 0.070828 -0.822805 -0.563893
vn 0.443468 -0.629904 -0.637619
vn 0.498308 -0.731205 -0.465864
vn 0.000000 -1.000000 0.000000
vn 0.000000 -1.000000 0.000000
vn 0.000000 -1.000000 -0.000001
vn 0.000000 0.000000 1.000000
vn 0.000000 0.000000 1.000000
vn 0.000000 0.000000 1.000000
vn 0.000000 0.000000 1.000000
vn 0.000000 -1.000000 0.000000
vn 0.000000 -1.000000 0.000000
vn 0.000000 -1.000000 0.000000
vn 0.000000 -1.000000 0.000000
vn 0.000000 1.000000 0.000000
vn 0.000000 1.000000 0.000000
vn 0.000000 1.000000 0.000000
vn 0.000000 1.000000 0.000000
vn 0.000000 0.000000 -1.000000
vn 0.000000 0.000000 -1.000000
vn 0.000000 0.000000 -1.000000
vn 0.000000 0.000000 -1.000000
vn -0.000000 0.000000 -1.000000
vn -0.000000 0.000000 -1.000000
vn -0.000000 0.000000 -1.000000
vn -0.000000 0.000000 -1.000000
vn 0.000000 1.000000 0.000000
vn 0.000000 1.000000 0.000000
vn 0.000000 1.000000 0.000000
vn 0.000000 1.000000 0.000000
vn 0.000000 -1.000000 0.000000
vn 0.000000 -1.000000 0.000000
vn 0.000000 -1.000000 0.000000
vn 0.000000 -1.000000 0.000000
vn 0.000000 0.000000 1.000000
vn 0.000000 0.000000 1.000000
vn 0.000000 0.000000 1.000000
vn 0.000000 0.000000 1.000000
vn -1.000000 -0.000006 0.000000
vn -1.000000 0.000000 0.000000
vn -1.000000 -0.000007 0.000000
vn -1.000000 0.000000 0.000000
vn -1.000000 0.000008 0.000000
vn -1.000000 0.000000 0.000000
vn -1.000000 0.000006 0.000000
vn -1.000000 0.000000 0.000000
vn 1.000000 0.000006 0.000000
vn 1.000000 0.000000 0.000000
vn 1.000000 0.000000 0.000000
vn 1.000000 0.000000 0.000000
vn 1.000000 -0.000004 0.000000
vn 1.000000 0.000000 0.000000
vn 1.000000 -0.000000 0.000000
vn 1.000000 0.000000 0.000000
vn 0.000000 0.000000 1.000000
vn 0.000000 0.000000 1.000000
vn 0.000000 0.000000 1.000000
vn 0.000000 0.000000 1.000000
vn 0.000000 0.860655 0.509189
vn 0.010149 0.863633 0.504019
vn 0.006026 0.992251 0.124099
vn 0.007858 0.993248 0.115740
vn 0.000000 0.000000 -1.000000
vn 0.000000 0.000000 -1.000000
vn 0.000000 0.000000 -1.000000
vn 0.000000 0.000000 -1.000000
vn 0.000000 -0.781772 -0.623564
vn -0.004052 -0.780538 -0.625095
vn -0.003186 -0.986802 -0.161898
vn -0.004461 -0.985448 -0.169918
vn -0.041379 -0.975919 0.214173
vn -0.033652 -0.990452 0.133688
vn -0.043760 -0.755066 0.654187
vn 0.000000 -0.740590 0.671957
vn 1.000000 0.000000 0.000000
vn 1.000000 0.000000 0.000000
vn 1.000000 0.000000 0.000000
vn 1.000000 0.000000 0.000000
vn -1.000000 0.000000 0.000000
vn -1.000000 0.000000 0.000000
vn -1.000000 0.000000 0.000000
vn -1.000000 0.000000 0.000000
vn -1.000000 0.000000 0.000000
vn -1.000000 -0.000000 0.000000
vn -1.000000 -0.000000 0.000000
vn -1.000000 0.000000 0.000000
vn 1.000000 0.000000 0.000000
vn 1.000000 0.000000 0.000000
vn 1.000000 -0.000000 0.000000
vn 1.000000 0.000000 0.000000
vn 1.000000 0.000000 0.000000
vn 0.000000 0.888190 -0.459476
vn -0.002127 0.993643 -0.112557
vn -0.003282 0.887384 -0.461019
vn -0.003109 0.992894 -0.118958
vn 0.000000 1.000000 0.000000
vn 0.000000 -1.000000 0.000000
vn 0.000000 -1.000000 0.000000
vn 0.000000 -1.000000 0.000000
vn 0.000000 -1.000000 0.000000
vn 0.000000 1.000000 0.000000
vn 0.000000 1.000000 0.000000
vn 0.000000 1.000000 0.000000
vn 0.000000 1.000000 0.000000
vn 0.000000 0.000000 -1.000000
vn 0.000000 0.000000 -1.000000
vn 0.000000 0.000000 -1.000000
vn 0.000000 0.000000 -1.000000
vn 0.000000 0.000000 -1.000000
vn 0.000000 0.000000 -1.000000
vn 0.000000 0.000000 -1.000000
vn 0.000000 0.000000 -1.000000
vn 0.000000 1.000000 0.000000
vn 0.000000 1.000000 0.000000
vn 0.000000 1.000000 0.000000
vn 0.000000 1.000000 0.000000
vn 0.000000 -1.000000 0.000000
vn 0.000000 -1.000000 0.000000
vn 0.000000 -1.000000 0.000000
vn 0.000000 -1.000000 0.000000
vn 0.000000 0.000000 1.000000
vn 0.000000 0.000000 1.000000
vn 0.000000 0.000000 1.000000
vn 0.000000 0.000000 1.000000
vn 1.000000 0.000000 0.000000
vn 1.000000 0.000000 0.000000
vn 1.000000 0.000000 0.000000
vn 1.000000 0.000000 0.000000
vn 1.000000 0.000001 0.000000
vn 1.000000 0.000001 0.000000
vn 1.000000 0.000000 0.000000
vn 1.000000 0.000000 0.000000
vn -1.000000 -0.000005 0.000000
vn -1.000000 -0.000005 0.000000
vn -1.000000 0.000009 0.000000
vn -1.000000 0.000009 0.000000
vn -1.000000 0.000000 0.000000
vn -1.000000 0.000000 0.000000
vn -1.000000 -0.000000 0.000000
vn -1.000000 0.000000 0.000000
vn 0.000000 0.000000 1.000000
vn 0.000000 0.000000 1.000000
vn 0.000000 0.000000 1.000000
vn 0.000000 0.000000 1.000000
vn 0.000000 0.000000 1.000000
vn 0.000000 0.000000 1.000000
vn 0.000000 0.000000 1.000000
vn 0.000000 0.000000 1.000000
vn 0.000000 1.000000 0.000000
vn 0.000000 1.000000 0.000000
vn 0.000000 1.000000 0.000000
vn 0.000000 1.000000 0.000000
vn 0.000000 0.000000 -1.000000
vn 0.000000 0.000000 -1.000000
vn 0.000000 0.000000 -1.000000
vn 0.000000 0.000000 -1.000000
vn 0.000000 -1.000000 0.000000
vn 0.000000 -1.000000 0.000000
vn 0.000000 -1.000000 0.000000
vn 0.000000 -1.000000 0.000000
vn 1.000000 0.000000 0.000000
vn 1.000000 0.000000 0.000000
vn 1.000000 0.000000 0.000000
vn 1.000000 0.000000 0.000000
vn -1.000000 0.000000 0.000000
vn -1.000000 0.000000 0.000000
vn -1.000000 0.000000 0.000000
vn -1.000000 0.000000 0.000000
vn 0.937697 0.000000 -0.347455
vn 0.772350 0.000000 -0.635197
vn 0.938128 0.000000 -0.346288
vn 0.772350 0.000000 -0.635197
vn 0.540154 0.000000 -0.841566
vn 0.540154 0.000000 -0.841566
vn 0.275900 0.000000 -0.961186
vn 0.275900 0.000000 -0.961186
vn -0.000001 0.000000 -1.000000
vn -0.000001 0.000000 -1.000000
vn -0.274979 0.000000 -0.961450
vn -0.273999 0.000000 -0.961730
vn -0.540153 0.000000 -0.841567
vn -0.535056 0.000000 -0.844816
vn -0.772352 0.000000 -0.635195
vn -0.772352 0.000000 -0.635195
vn -0.938533 0.000000 -0.345190
vn -0.938533 0.000000 -0.345190
vn -1.000000 0.000000 0.000000
vn -1.000000 0.000000 -0.000000
vn -0.938533 0.000000 0.345190
vn -0.938533 0.000000 0.345190
vn -0.772350 0.000000 0.635197
vn -0.772350 0.000000 0.635197
vn -0.540154 0.000000 0.841566
vn -0.535058 0.000000 0.844816
vn -0.274978 0.000000 0.961450
vn -0.273999 0.000000 0.961730
vn 0.000000 0.000000 1.000000
vn -0.000000 0.000000 1.000000
vn 0.275900 0.000000 0.961186
vn 0.275900 0.000000 0.961186
vn 0.538389 0.000000 0.842696
vn 0.539298 0.000000 0.842115
vn 0.768192 0.000000 0.640219
vn 0.772352 0.000000 0.635195
vn 0.938533 0.000000 0.345190
vn 0.938533 0.000000 0.345190
vn 0.999974 0.000000 -0.007161
vn 1.000000 0.000000 0.000001
vn 0.000000 -1.000000 -0.000000
vn 0.005276 -0.999817 0.018382
vn 0.002914 -0.999995 0.001072
vn 0.000000 -1.000000 -0.000000
vn 0.000000 -1.000000 0.000000
vn 0.000000 -1.000000 0.000000
vn 0.000000 -1.000000 0.000000
vn 0.000000 -1.000000 0.000000
vn 0.000000 -1.000000 0.000000
vn 0.000000 -1.000000 0.000000
vn 0.000000 -1.000000 0.000000
vn 0.000000 -1.000000 0.000000
vn 0.000000 -1.000000 0.000000
vn 0.000000 -1.000000 0.000000
vn 0.000000 -1.000000 -0.000000
vn 0.000000 -1.000000 -0.000000
vn 0.000000 -1.000000 0.000000
vn 0.013814 -0.999840 -0.011361
vn 0.018570 -0.999790 -0.008612
vn 0.010037 -0.999943 0.003692
vn 0.010551 -0.999758 0.019323
vn 0.000000 1.000000 0.000000
vn 0.000000 1.000000 0.000000
vn -0.006013 0.999982 0.000000
vn 0.000000 1.000000 -0.000000
vn 0.000000 1.000000 0.000000
vn 0.000000 1.000000 0.000000
vn -0.016239 0.999850 0.005973
vn -0.020013 0.999798 0.001695
vn -0.008538 0.999939 -0.007022
vn -0.010037 0.999943 -0.003691
vn -0.010553 0.999944 0.000000
vn -0.010037 0.999943 0.003691
vn -0.008538 0.999939 0.007022
vn -0.020013 0.999798 -0.001695
vn -0.016239 0.999850 -0.005973
vn 0.000000 1.000000 0.000000
vn 0.000000 1.000000 0.000000
vn 0.000000 1.000000 0.000000
vn 0.000000 1.000000 0.000000
vn 0.000000 1.000000 -0.000000
vn 0.000000 1.000000 -0.000000
vn 0.000000 0.000000 1.000000
vn 0.000000 0.000000 1.000000
vn 0.000000 0.000000 1.000000
vn 0.000000 0.000000 1.000000
vn 0.000000 -1.000000 0.000000
vn 0.000000 -1.000000 0.000000
vn 0.000000 -1.000000 0.000000
vn 0.000000 -1.000000 0.000000
vn 0.000000 1.000000 0.000000
vn 0.000000 1.000000 0.000000
vn 0.000000 1.000000 0.000000
vn 0.000000 1.000000 0.000000
vn 0.000000 0.000000 -1.000000
vn 0.000000 0.000000 -1.000000
vn 0.000000 0.000000 -1.000000
vn 0.000000 0.000000 -1.000000
vn -0.000000 0.000000 -1.000000
vn -0.000000 0.000000 -1.000000
vn -0.000000 0.000000 -1.000000
vn -0.000000 0.000000 -1.000000
vn 0.000000 1.000000 0.000000
vn 0.000000 1.000000 0.000000
vn 0.000000 1.000000 0.000000
vn 0.000000 1.000000 0.000000
vn 0.000000 -1.000000 0.000000
vn 0.000000 -1.000000 0.000000
vn 0.000000 -1.000000 0.000000
vn 0.000000 -1.000000 0.000000
vn 0.000000 0.000000 1.000000
vn 0.000000 0.000000 1.000000
vn 0.000000 0.000000 1.000000
vn 0.000000 0.000000 1.000000
vn 1.000000 -0.000001 0.000000
vn 1.000000 0.000000 0.000000
vn 1.000000 -0.000001 0.000000
vn 1.000000 0.000000 0.000000
vn 1.000000 0.000000 0.000000
vn 1.000000 -0.000003 0.000000
vn 1.000000 0.000000 0.000000
vn 1.000000 0.000000 0.000000
vn -1.000000 -0.000013 0.000000
vn -1.000000 0.000000 0.000000
vn -1.000000 0.000000 0.000000
vn -1.000000 0.000036 0.000000
vn -1.000000 0.000000 0.000000
vn -1.000000 -0.000033 0.000000
vn -1.000000 0.000000 0.000000
vn -1.000000 0.000011 0.000000
vn 0.000000 -1.000000 0.000000
vn 0.000000 -1.000000 0.000000
vn 0.000000 -1.000000 0.000000
vn 0.000000 -1.000000 0.000000
vn -1.000000 0.000000 0.000000
vn -1.000000 0.000000 0.000000
vn -1.000000 0.000000 0.000000
vn -1.000000 0.000000 0.000000
vn 0.000000 1.000000 0.000000
vn 0.000000 1.000000 0.000000
vn 0.000000 1.000000 0.000000
vn 0.000000 1.000000 0.000000
vn 1.000000 0.000000 0.000000
vn 1.000000 0.000000 0.000000
vn 1.000000 0.000000 0.000000
vn 1.000000 0.000000 0.000000
vn 0.000000 0.000000 1.000000
vn 0.000000 0.000000 1.000000
vn 0.000000 0.000000 1.000000
vn 0.000000 0.000000 1.000000
vn 0.000000 0.000000 -1.000000
vn 0.000000 0.000000 -1.000000
vn 0.000000 0.000000 -1.000000
vn 0.000000 0.000000 -1.000000
vn 0.000000 0.000000 1.000000
vn 0.000000 0.000000 1.000000
vn 0.000000 0.000000 1.000000
vn 0.000000 0.000000 1.000000
vn 0.000000 1.000000 0.000000
vn 0.000000 1.000000 0.000000
vn 0.000000 1.000000 0.000000
vn 0.000000 1.000000 0.000000
vn 0.000000 0.000000 -1.000000
vn 0.000000 0.000000 -1.000000
vn 0.000000 0.000000 -1.000000
vn 0.000000 0.000000 -1.000000
vn 0.000000 -1.000000 0.000000
vn 0.000000 -1.000000 0.000000
vn 0.000000 -1.000000 0.000000
vn 0.000000 -1.000000 0.000000
vn 1.000000 0.000000 0.000000
vn 1.000000 0.000000 0.000000
vn 1.000000 0.000000 0.000000
vn 1.000000 0.000000 0.000000
vn -1.000000 0.000000 0.000000
vn -1.000000 0.000000 0.000000
vn -1.000000 0.000000 0.000000
vn -1.000000 0.000000 0.000000
vn -0.662068 0.000000 0.749444
vn -0.662068 0.000000 0.749444
vn -0.662073 0.000000 0.749439
vn -0.662073 0.000000 0.749439
vn 0.179779 0.956395 0.230194
vn 0.187464 0.953588 0.235643
vn 0.231600 0.935526 0.266743
vn 0.242198 0.930686 0.274160
vn 0.430140 0.000000 -0.902762
vn 0.430140 0.000000 -0.902762
vn 0.430139 0.000000 -0.902763
vn 0.430139 0.000000 -0.902763
vn 0.242199 -0.930686 0.274161
vn 0.187464 -0.953588 0.235643
vn 0.231601 -0.935526 0.266744
vn 0.179779 -0.956394 0.230194
vn 0.662072 0.000000 0.749441
vn 0.662072 0.000000 0.749441
vn 0.662072 0.000000 0.749440
vn 0.662072 0.000000 0.749440
vn -0.615511 0.000000 -0.788129
vn -0.615511 0.000000 -0.788129
vn -0.615511 0.000000 -0.788128
vn -0.615511 0.000000 -0.788128
vn 0.832507 0.088695 -0.546868
vn 0.823373 0.174458 -0.540020
vn 0.955934 0.086586 -0.280522
vn 0.945664 0.170553 -0.276825
vn 0.623674 0.091522 -0.776308
vn 0.616694 0.179638 -0.766432
vn 0.384119 0.093130 -0.918575
vn 0.380501 0.183221 -0.906448
vn 0.274415 0.091363 -0.957261
vn 0.271917 0.178607 -0.945601
vn 0.431170 -0.044283 0.901183
vn 0.429193 0.104720 0.897122
vn 0.264493 -0.105809 0.958565
vn 0.270266 0.111813 0.956271
vn 0.641987 0.091285 0.761262
vn 0.651223 0.167512 0.740168
vn 0.803506 0.089015 0.588604
vn 0.794500 0.175566 0.581332
vn 0.905145 0.086427 0.416225
vn 0.895093 0.171444 0.411602
vn 0.968367 0.086236 0.234158
vn 0.996311 0.085820 0.000001
vn 0.957992 0.169784 0.231137
vn 0.985657 0.168761 0.000001
vn 0.810430 0.261955 -0.524007
vn 0.928768 0.256200 -0.267864
vn 0.609089 0.269746 -0.745820
vn 0.377639 0.275452 -0.884033
vn 0.267545 0.271925 -0.924379
vn 0.247990 0.320280 0.914287
vn 0.422636 0.275011 0.863567
vn 0.649087 0.267947 0.711963
vn 0.781736 0.262950 0.565462
vn 0.878310 0.255828 0.403885
vn 0.940759 0.255185 0.223280
vn 0.967169 0.254134 0.000001
vn 0.832507 0.088695 -0.546868
vn 0.823373 0.174458 -0.540020
vn 0.955934 0.086586 -0.280522
vn 0.945664 0.170552 -0.276825
vn 0.623674 0.091521 -0.776308
vn 0.616694 0.179638 -0.766432
vn 0.384119 0.093130 -0.918575
vn 0.380501 0.183222 -0.906448
vn 0.224905 0.091041 -0.970118
vn 0.225462 0.180353 -0.957413
vn 0.171899 0.084518 -0.981482
vn 0.172791 0.165297 -0.970989
vn -0.186175 0.036280 0.981847
vn 0.018017 -0.090378 0.995745
vn -0.220973 0.146078 0.964278
vn 0.008268 0.116281 0.993182
vn 0.431169 -0.044283 0.901184
vn 0.429193 0.104720 0.897122
vn 0.641987 0.091286 0.761262
vn 0.651223 0.167512 0.740168
vn 0.803506 0.089015 0.588604
vn 0.794499 0.175565 0.581333
vn 0.905145 0.086427 0.416224
vn 0.895093 0.171444 0.411601
vn 0.968367 0.086236 0.234157
vn 0.996311 0.085820 0.000001
vn 0.957992 0.169785 0.231137
vn 0.985657 0.168761 0.000001
vn 0.810429 0.261955 -0.524008
vn 0.928769 0.256199 -0.267863
vn 0.609088 0.269746 -0.745821
vn 0.377640 0.275452 -0.884033
vn 0.227950 0.273557 -0.934455
vn 0.174789 0.258155 -0.950160
vn 0.008028 0.331564 0.943398
vn -0.217620 0.284460 0.933662
vn 0.422635 0.275011 0.863567
vn 0.649086 0.267948 0.711963
vn 0.781736 0.262949 0.565462
vn 0.878310 0.255828 0.403885
vn 0.940759 0.255185 0.223280
vn 0.967169 0.254134 0.000001
vn 0.158710 0.392002 -0.906171
vn 0.158796 0.394561 -0.905044
vn 0.159713 0.424179 -0.891383
vn 0.159786 0.426778 -0.890129
vn 0.000000 -1.000000 0.000000
vn 0.000000 -1.000000 0.000000
vn 0.000000 -1.000000 -0.000000
vn 0.000000 -1.000000 -0.000000
vn 0.000000 -1.000000 -0.000000
vn 0.000000 -1.000000 -0.000000
vn 0.000000 -1.000000 -0.000000
vn 0.000000 -1.000000 0.000000
vn 0.000000 -1.000000 0.000000
vn 0.000000 -1.000000 0.000000
vn 0.000000 -1.000000 0.000000
vn 0.000000 -1.000000 0.000000
vn 0.000000 -1.000000 0.000000
vn 0.000000 -1.000000 -0.000000
vn 0.000000 -1.000000 -0.000001
vn 0.000000 -1.000000 -0.000000
vn 0.000000 1.000000 0.000000
vn 0.000000 1.000000 0.000000
vn 0.000000 1.000000 0.000002
vn 0.000000 1.000000 0.000004
vn 0.000000 0.000000 0.000000
vn 0.000000 1.000000 0.000001
vn 0.000000 1.000000 0.000001
vn 0.000000 1.000000 0.000001
vn 0.000000 -1.000000 0.000000
vn 0.000000 -1.000000 0.000000
vn 0.000000 -1.000000 0.000000
vn 0.000000 1.000000 0.000000
vn 0.000000 -1.000000 0.000000
vn 0.000000 -1.000000 0.000000
vn 0.000000 -1.000000 0.000000
vn 0.000000 -1.000000 0.000000
vn 0.000000 -1.000000 0.000000
vn 0.000000 -1.000000 0.000000
vn 0.000000 -1.000000 0.000000
vn 0.000000 -1.000000 0.000000
vn 0.000000 -1.000000 0.000000
vn 0.000000 -1.000000 0.000000
vn 0.000000 -1.000000 0.000000
vn 0.000000 -1.000000 -0.000000
vn 0.000000 -1.000000 -0.000000
vn 0.000000 -1.000000 -0.000000
vn 0.000000 -1.000000 0.000000
vn 0.000000 -1.000000 0.000000
vn 0.000000 -1.000000 0.000000
vn 0.000000 -1.000000 0.000000
vn 0.000000 -1.000000 0.000000
vn 0.000000 -1.000000 0.000000
vn 0.000000 -1.000000 -0.000000
vn 0.000000 -1.000000 0.000000
vn 0.000000 -1.000000 -0.000000
vn 0.000000 -1.000000 -0.000000
vn 0.000000 -1.000000 0.000000
vn 0.000000 -1.000000 0.000000
vn 0.000000 -1.000000 0.000000
vn 0.000000 -1.000000 0.000000
vn 0.000000 0.000000 0.000000
vn 0.000000 -1.000000 -0.000001
vn 0.000000 -1.000000 -0.000001
vn 0.000000 -1.000000 -0.000001
vn 0.000000 -1.000000 0.000009
vn 0.000000 -1.000000 0.000005
vn 0.000000 -1.000000 0.000000
vn 0.000000 -1.000000 0.000000
vn 0.000000 -1.000000 0.000000
vn 0.000000 -1.000000 0.000000
vn 0.000000 -1.000000 0.000000
vn 0.000000 -1.000000 0.000000
vn 0.000000 -1.000000 0.000000
vn 0.000000 -1.000000 0.000000
vn 0.000000 -1.000000 -0.000000
vn 0.000000 -1.000000 0.000000
vn 0.000000 -1.000000 0.000000
vn 0.000000 -1.000000 -0.000000
vn 0.000000 -1.000000 -0.000000
vn 0.000000 -1.000000 -0.000000
vn 0.000000 0.000000 1.000000
vn 0.000000 0.000000 1.000000
vn 0.000000 0.000000 1.000000
vn 0.000000 0.000000 1.000000
vn 0.000000 0.000000 1.000000
vn 0.000000 0.000000 1.000000
vn 0.000000 0.000000 1.000000
vn 0.000000 0.000000 1.000000
vn -0.000002 0.000000 -1.000000
vn 0.000002 0.000000 -1.000000
vn -0.000000 0.000000 -1.000000
vn -0.000000 0.000000 -1.000000
vn 0.000000 0.000000 -1.000000
vn -0.000000 0.000000 -1.000000
vn -0.000000 0.000000 -1.000000
vn -0.000000 0.000000 -1.000000
vn -1.000000 0.000000 0.000000
vn -1.000000 0.000000 0.000000
vn -1.000000 0.000000 0.000000
vn -1.000000 0.000000 0.000000
vn 0.000000 -1.000000 0.000000
vn 0.000000 -1.000000 0.000000
vn 0.000000 -1.000000 0.000000
vn 0.000000 -1.000000 0.000000
vn 1.000000 0.000000 0.000000
vn 1.000000 0.000000 0.000000
vn 1.000000 0.000000 0.000000
vn 1.000000 0.000000 0.000000
vn 0.000000 0.999774 -0.021243
vn 0.000000 0.999774 -0.021243
vn 0.000000 0.999774 -0.021243
vn 0.000000 0.999774 -0.021243
vn 0.000000 -1.000000 0.000000
vn 0.000000 -1.000000 0.000000
vn 0.000000 -1.000000 0.000000
vn 0.000000 -1.000000 0.000000
vn -1.000000 0.000000 0.000000
vn -1.000000 0.000000 0.000000
vn -1.000000 0.000000 0.000000
vn -1.000000 0.000000 0.000000
vn 1.000000 0.000000 0.000000
vn 1.000000 0.000000 0.000000
vn 1.000000 0.000000 0.000000
vn 1.000000 0.000000 0.000000
vn 0.000000 1.000000 0.000000
vn 0.000000 1.000000 0.000000
vn 0.000000 1.000000 0.000000
vn 0.000000 1.000000 0.000000
vn 0.139434 0.000000 0.990231
vn 0.000000 0.000000 1.000000
vn 0.004793 -0.004191 0.999980
vn 0.000000 0.000000 1.000000
vn 0.000000 0.000000 1.000000
vn 0.000000 0.000000 -1.000000
vn -0.000000 0.000000 -1.000000
vn -0.000000 0.000000 -1.000000
vn -0.000000 0.000000 -1.000000
vn 0.000000 0.000000 -1.000000
vn 0.318972 -0.911614 0.259263
vn 0.312246 -0.865950 0.390681
vn 0.353426 -0.898497 0.260371
vn 0.342582 -0.848220 0.403930
vn 0.315301 -0.891737 0.324638
vn 0.223874 -0.931155 0.287802
vn 0.309773 -0.936141 0.166377
vn 0.221170 -0.961190 0.164917
vn 0.300603 -0.949780 0.086924
vn 0.317582 -0.943326 0.096318
vn 0.320443 -0.928548 0.187390
vn 0.300604 -0.949780 -0.086922
vn 0.306537 -0.938769 -0.157312
vn 0.317582 -0.943326 -0.096318
vn 0.320443 -0.928548 -0.187390
vn 0.396068 -0.885199 -0.244032
vn 0.315302 -0.891736 -0.324640
vn 0.223874 -0.931155 -0.287802
vn 0.221170 -0.961190 -0.164917
vn 0.312247 -0.865950 -0.390681
vn 0.318972 -0.911614 -0.259263
vn 0.358754 -0.846263 -0.393871
vn 1.000000 0.000000 0.000000
vn 1.000000 -0.000001 0.000000
vn 1.000000 0.000000 0.000000
vn 1.000000 0.000000 0.000000
vn 1.000000 0.000000 0.000000
vn 1.000000 -0.000001 0.000000
vn 1.000000 0.000000 0.000000
vn 1.000000 0.000000 0.000000
vn 1.000000 0.000000 0.000000
vn 1.000000 0.000000 0.000000
vn 1.000000 0.000000 0.000000
vn 1.000000 0.000000 0.000000
vn 1.000000 0.000000 0.000000
vn 1.000000 0.000000 0.000000
vn 1.000000 0.000000 0.000000
vn 1.000000 0.000000 0.000000
vn 1.000000 0.000000 0.000000
vn 0.000000 1.000000 0.000000
vn 0.000000 1.000000 0.000000
vn 0.000000 1.000000 0.000000
vn 0.000000 1.000000 0.000000
vn 0.224618 -0.915572 0.333579
vn 0.215192 -0.853788 0.474066
vn 0.323970 -0.946067 0.000000
vn 0.304586 -0.952485 0.000000
vn 0.220375 -0.973125 0.066807
vn 0.221032 -0.963685 0.149854
vn 0.220108 -0.975475 0.000000
vn 0.220375 -0.973125 -0.066808
vn 0.221032 -0.963685 -0.149854
vn 0.215192 -0.853788 -0.474066
vn 0.224618 -0.915572 -0.333579
vn -1.000000 0.000000 0.000000
vn -1.000000 0.000000 -0.000000
vn -1.000000 0.000000 0.000000
vn -1.000000 0.000000 0.000000
vn -1.000000 0.000000 -0.000000
vn -1.000000 0.000000 0.000000
vn -1.000000 0.000002 0.000000
vn -1.000000 0.000002 0.000000
vn -1.000000 0.000003 0.000000
vn -1.000000 -0.000001 0.000000
vn -1.000000 0.000000 0.000000
vn -1.000000 0.000000 0.000000
vn -1.000000 0.000000 0.000000
vn 0.216566 -0.816405 0.535334
vn 0.271067 -0.782994 0.559859
vn 0.306544 -0.781548 0.543336
vn 0.308171 -0.791838 0.527279
vn 0.196941 -0.817475 -0.541248
vn 0.227053 -0.807164 -0.544916
vn 0.284138 -0.815613 -0.504025
vn 0.288555 -0.821529 -0.491758
vn -0.000000 0.000000 -1.000000
vn 0.000000 0.000000 -1.000000
vn -0.000000 0.000000 -1.000000
vn 0.000000 0.000000 1.000000
vn 0.000000 0.000000 1.000000
vn 0.000000 0.000000 1.000000
vn 0.000000 0.000000 1.000000
vn 0.000000 -1.000000 0.000000
vn 0.000000 -1.000000 0.000000
vn 0.000000 -1.000000 0.000000
vn 0.000000 -1.000000 0.000000
vn 0.000000 1.000000 0.000000
vn 0.000000 1.000000 0.000000
vn 0.000000 1.000000 0.000000
vn 0.000000 1.000000 0.000000
vn 0.000000 0.000000 -1.000000
vn 0.000000 0.000000 -1.000000
vn 0.000000 0.000000 -1.000000
vn 0.000000 0.000000 -1.000000
vn -0.000000 0.000000 -1.000000
vn -0.000000 0.000000 -1.000000
vn -0.000000 0.000000 -1.000000
vn -0.000000 0.000000 -1.000000
vn 0.000000 1.000000 0.000000
vn 0.000000 1.000000 0.000000
vn 0.000000 1.000000 0.000000
vn 0.000000 1.000000 0.000000
vn 0.000000 -1.000000 0.000000
vn 0.000000 -1.000000 0.000000
vn 0.000000 -1.000000 0.000000
vn 0.000000 -1.000000 0.000000
vn 0.000000 0.000000 1.000000
vn 0.000000 0.000000 1.000000
vn 0.000000 0.000000 1.000000
vn 0.000000 0.000000 1.000000
vn -1.000000 0.000000 0.000000
vn -1.000000 0.000000 0.000000
vn -1.000000 -0.000000 0.000000
vn -1.000000 0.000000 0.000000
vn -1.000000 0.000000 0.000000
vn -1.000000 0.000000 0.000000
vn -1.000000 0.000000 0.000000
vn -1.000000 0.000000 0.000000
vn 1.000000 0.000000 0.000000
vn 1.000000 0.000000 0.000000
vn 1.000000 0.000000 0.000000
vn 1.000000 0.000000 0.000000
vn 1.000000 0.000000 0.000000
vn 1.000000 -0.000000 0.000000
vn 1.000000 0.000000 0.000000
vn 1.000000 0.000000 0.000000
vn 0.000000 0.000000 -1.000000
vn 0.000000 0.000000 -1.000000
vn 0.000000 0.000000 -1.000000
vn 0.000000 0.000000 -1.000000
vn 0.000000 1.000000 0.000000
vn 0.000000 1.000000 0.000000
vn 0.000000 1.000000 0.000000
vn 0.000000 1.000000 0.000000
vn 0.000000 0.000000 1.000000
vn 0.000000 0.000000 1.000000
vn 0.000000 0.000000 1.000000
vn 0.000000 0.000000 1.000000
vn 0.000000 -1.000000 0.000000
vn 0.000000 -1.000000 0.000000
vn 0.000000 -1.000000 0.000000
vn 0.000000 -1.000000 0.000000
vn 1.000000 0.000000 0.000000
vn 1.000000 0.000000 0.000000
vn 1.000000 0.000000 0.000000
vn 1.000000 0.000000 0.000000
vn -1.000000 0.000000 0.000000
vn -1.000000 0.000000 0.000000
vn -1.000000 0.000000 0.000000
vn -1.000000 0.000000 0.000000
vn 0.000000 0.000000 1.000000
vn 0.000000 0.000000 1.000000
vn 0.000000 0.000000 1.000000
vn 0.000000 0.000000 1.000000
vn 0.000000 1.000000 0.000000
vn 0.000000 1.000000 0.000000
vn 0.000000 1.000000 0.000000
vn 0.000000 1.000000 0.000000
vn 0.000000 0.000000 -1.000000
vn 0.000000 0.000000 -1.000000
vn 0.000000 0.000000 -1.000000
vn 0.000000 0.000000 -1.000000
vn 0.000000 -1.000000 0.000000
vn 0.000000 -1.000000 0.000000
vn 0.000000 -1.000000 0.000000
vn 0.000000 -1.000000 0.000000
vn 1.000000 0.000000 0.000000
vn 1.000000 0.000000 0.000000
vn 1.000000 0.000000 0.000000
vn 1.000000 0.000000 0.000000
vn -1.000000 0.000000 0.000000
vn -1.000000 0.000000 0.000000
vn -1.000000 0.000000 0.000000
vn -1.000000 0.000000 0.000000
vn 0.000000 0.000000 1.000000
vn 0.000000 0.000000 1.000000
vn 0.000000 0.000000 1.000000
vn 0.000000 0.000000 1.000000
vn 0.000000 1.000000 0.000000
vn 0.000000 1.000000 0.000000
vn 0.000000 1.000000 0.000000
vn 0.000000 1.000000 0.000000
vn 0.000000 0.000000 -1.000000
vn 0.000000 0.000000 -1.000000
vn 0.000000 0.000000 -1.000000
vn 0.000000 0.000000 -1.000000
vn 0.000000 -1.000000 0.000000
vn 0.000000 -1.000000 0.000000
vn 0.000000 -1.000000 0.000000
vn 0.000000 -1.000000 0.000000
vn 1.000000 0.000000 0.000000
vn 1.000000 0.000000 0.000000
vn 1.000000 0.000000 0.000000
vn 1.000000 0.000000 0.000000
vn -1.000000 0.000000 0.000000
vn -1.000000 0.000000 0.000000
vn -1.000000 0.000000 0.000000
vn -1.000000 0.000000 0.000000
vn -0.368346 -0.929689 0.000000
vn -0.368308 -0.929704 0.000000
vn -1.000000 0.000021 0.000000
vn -1.000000 -0.000023 0.000000
vn -0.922545 0.385891 0.000000
vn -0.922549 0.385880 0.000000
vn -0.730323 0.683102 0.000000
vn -0.730320 0.683105 0.000000
vn -0.491480 0.870889 0.000000
vn -0.491480 0.870889 0.000000
vn -0.244708 0.969597 0.000000
vn -0.244709 0.969597 0.000000
vn -0.000000 1.000000 0.000000
vn -0.000000 1.000000 0.000000
vn 0.122103 0.992517 0.000000
vn 0.122106 0.992517 0.000000
vn 0.000000 -1.000000 0.000000
vn 0.000000 -1.000000 0.000000
vn 0.000000 -1.000000 0.000000
vn 0.000000 -1.000000 0.000000
vn -0.000493 1.000000 0.000434
vn -0.107257 0.989726 0.094544
vn 0.000489 1.000000 0.000438
vn 0.106558 0.989725 0.095342
vn -0.196559 0.965007 0.173568
vn 0.195368 0.965007 0.174910
vn 0.000000 0.841628 0.540057
vn 0.000000 0.841631 0.540053
vn 0.000000 0.726357 0.687317
vn 0.000000 0.726386 0.687287
vn 0.000000 0.579385 0.815054
vn 0.000000 0.579431 0.815021
vn 0.000000 0.404128 0.914702
vn 0.000000 0.404205 0.914669
vn 0.000000 0.207661 0.978201
vn 0.000000 0.207762 0.978179
vn 0.000000 0.017404 0.999849
vn 0.000000 0.017416 0.999848
vn 0.000000 0.000000 1.000000
vn 0.000000 0.000000 1.000000
vn -0.000489 1.000000 -0.000438
vn 0.000493 1.000000 -0.000434
vn 0.000000 0.017414 -0.999848
vn 0.000000 0.017401 -0.999849
vn 0.000000 0.000000 -1.000000
vn 0.000000 0.000000 -1.000000
vn 1.000000 0.000000 0.000000
vn 1.000000 0.000000 0.000000
vn 0.999804 0.019780 0.000000
vn 0.999804 0.019796 0.000000
vn -1.000000 0.000000 0.000000
vn -1.000000 0.000000 0.000000
vn -0.999804 0.019776 0.000000
vn -0.999804 0.019781 0.000000
vn 0.972097 0.234578 0.000000
vn 0.972077 0.234662 0.000000
vn 0.893607 0.448850 0.000000
vn 0.893585 0.448895 0.000000
vn 0.777748 0.628577 0.000000
vn 0.777726 0.628603 0.000000
vn 0.639747 0.768585 0.000000
vn 0.639729 0.768601 0.000000
vn 0.491521 0.870866 0.000000
vn 0.491499 0.870878 0.000000
vn 0.196549 0.965010 -0.173564
vn 0.107252 0.989726 -0.094550
vn -0.972071 0.234687 0.000000
vn -0.972089 0.234611 0.000000
vn -0.893528 0.449007 0.000000
vn -0.893562 0.448940 0.000000
vn -0.777726 0.628604 0.000000
vn -0.777723 0.628607 0.000000
vn -0.639770 0.768567 0.000000
vn -0.639777 0.768561 0.000000
vn -0.491501 0.870877 0.000000
vn -0.491515 0.870869 0.000000
vn -0.195371 0.965008 -0.174899
vn -0.106555 0.989725 -0.095340
vn 0.000000 0.207747 -0.978183
vn 0.000000 0.207658 -0.978202
vn 0.000000 0.404206 -0.914668
vn 0.000000 0.404139 -0.914698
vn 0.000000 0.579444 -0.815012
vn 0.000000 0.579395 -0.815047
vn 0.000000 0.726389 -0.687284
vn 0.000000 0.726366 -0.687309
vn 0.000000 0.841634 -0.540048
vn 0.000000 0.841625 -0.540062
vn 0.000000 0.000000 1.000000
vn 0.000000 0.000000 1.000000
vn 0.000000 0.000000 1.000000
vn 0.000000 0.000000 1.000000
vn 0.000000 1.000000 0.000000
vn 0.000000 1.000000 0.000000
vn 0.000000 1.000000 0.000000
vn 0.000000 1.000000 0.000000
vn 0.000000 0.000000 -1.000000
vn 0.000000 0.000000 -1.000000
vn 0.000000 0.000000 -1.000000
vn 0.000000 0.000000 -1.000000
vn 0.000000 -1.000000 0.000000
vn 0.000000 -1.000000 0.000000
vn 0.000000 -1.000000 0.000000
vn 0.000000 -1.000000 0.000000
vn 1.000000 0.000000 0.000000
vn 1.000000 0.000000 0.000000
vn 1.000000 0.000000 0.000000
vn 1.000000 0.000000 0.000000
vn -1.000000 0.000000 0.000000
vn -1.000000 0.000000 0.000000
vn -1.000000 0.000000 0.000000
vn -1.000000 0.000000 0.000000
vn 0.000000 0.000000 1.000000
vn 0.000000 0.000000 1.000000
vn 0.000000 0.000000 1.000000
vn 0.000000 0.000000 1.000000
vn 0.000000 1.000000 0.000000
vn 0.000000 1.000000 0.000000
vn 0.000000 1.000000 0.000000
vn 0.000000 1.000000 0.000000
vn 0.000000 0.000000 -1.000000
vn 0.000000 0.000000 -1.000000
vn 0.000000 0.000000 -1.000000
vn 0.000000 0.000000 -1.000000
vn 0.000000 -1.000000 0.000000
vn 0.000000 -1.000000 0.000000
vn 0.000000 -1.000000 0.000000
vn 0.000000 -1.000000 0.000000
vn 1.000000 0.000000 0.000000
vn 1.000000 0.000000 0.000000
vn 1.000000 0.000000 0.000000
vn 1.000000 0.000000 0.000000
vn -1.000000 0.000000 0.000000
vn -1.000000 0.000000 0.000000
vn -1.000000 0.000000 0.000000
vn -1.000000 0.000000 0.000000
vn 0.000000 1.000000 0.000000
vn 0.000000 1.000000 0.000000
vn 0.000000 1.000000 0.000000
vn 0.000000 1.000000 0.000000
vn 1.000000 0.000000 0.000000
vn 1.000000 0.000000 0.000000
vn 1.000000 0.000000 0.000000
vn 1.000000 0.000000 0.000000
vn 0.000000 -1.000000 0.000000
vn 0.000000 -1.000000 0.000000
vn 0.000000 -1.000000 0.000000
vn 0.000000 -1.000000 0.000000
vn 0.000000 0.000000 -1.000000
vn 0.000000 0.000000 -1.000000
vn 0.000000 0.000000 -1.000000
vn 0.000000 0.000000 -1.000000
vn 0.000000 1.000000 0.000000
vn 0.000000 1.000000 0.000000
vn 0.000000 1.000000 0.000000
vn 0.000000 1.000000 0.000000
vn 0.000000 0.000000 -1.000000
vn 0.000000 0.000000 -1.000000
vn 0.000000 0.000000 -1.000000
vn 0.000000 0.000000 -1.000000
vn 0.000000 -1.000000 0.000000
vn 0.000000 -1.000000 0.000000
vn 0.000000 -1.000000 0.000000
vn 0.000000 -1.000000 0.000000
vn 0.000000 1.000000 0.000000
vn 0.000000 1.000000 0.000000
vn 0.000000 1.000000 0.000000
vn 0.000000 1.000000 0.000000
vn -1.000000 0.000000 0.000000
vn -1.000000 0.000000 0.000000
vn -1.000000 0.000000 0.000000
vn -1.000000 0.000000 0.000000
vn 0.000000 -1.000000 0.000000
vn 0.000000 -1.000000 0.000000
vn 0.000000 -1.000000 0.000000
vn 0.000000 -1.000000 0.000000
vn 0.000000 1.000000 0.000000
vn 0.000000 1.000000 0.000000
vn 0.000000 1.000000 0.000000
vn 0.000000 1.000000 0.000000
vn 0.000000 0.000000 1.000000
vn 0.000000 0.000000 1.000000
vn 0.000000 0.000000 1.000000
vn 0.000000 0.000000 1.000000
vn 0.000000 -1.000000 0.000000
vn 0.000000 -1.000000 0.000000
vn 0.000000 -1.000000 0.000000
vn 0.000000 -1.000000 0.000000
vn 0.000000 1.000000 0.000000
vn 0.000000 1.000000 -0.000000
vn 0.000000 1.000000 -0.000000
vn 0.000000 1.000000 -0.000000
vn -0.999961 0.000000 0.008782
vn -0.999961 0.000000 0.008782
vn -0.999448 0.000000 0.033228
vn -0.999448 0.000000 0.033228
vn 0.000000 -1.000000 -0.000001
vn 0.000000 -1.000000 -0.000000
vn 0.000000 -1.000000 -0.000001
vn 0.000000 -1.000000 -0.000000
vn 0.000000 -1.000000 -0.000001
vn 0.000000 -1.000000 0.000000
vn -0.994806 0.000000 0.101793
vn -0.994806 0.000000 0.101793
vn 0.000000 1.000000 -0.000000
vn 0.000000 1.000000 0.000000
vn 0.000000 -1.000000 0.000000
vn 0.000000 -1.000000 0.000000
vn -0.978443 0.000000 0.206518
vn -0.978443 0.000000 0.206517
vn 0.000000 1.000000 0.000000
vn 0.000000 1.000000 0.000000
vn 0.000000 -1.000000 0.000002
vn 0.000000 -1.000000 0.000001
vn -0.940291 0.000000 0.340372
vn -0.940291 0.000000 0.340371
vn 0.000000 1.000000 0.000002
vn 0.000000 1.000000 -0.000000
vn 0.000000 -1.000000 -0.000000
vn 0.000000 -1.000000 -0.000001
vn -0.869455 0.000000 0.494013
vn -0.869454 0.000000 0.494014
vn 0.000000 1.000000 0.000001
vn 0.000000 1.000000 -0.000002
vn 0.000000 -1.000000 -0.000002
vn 0.000000 -1.000000 0.000000
vn -0.758098 0.000000 0.652141
vn -0.758097 0.000000 0.652142
vn 0.000000 1.000000 -0.000003
vn 0.000000 1.000000 0.000000
vn 0.000000 -1.000000 0.000001
vn 0.000000 -1.000000 -0.000002
vn -0.608451 0.000000 0.793591
vn -0.608451 0.000000 0.793591
vn 0.000000 1.000000 -0.000000
vn 0.000000 1.000000 0.000002
vn 0.000000 -1.000000 0.000000
vn 0.000000 -1.000000 -0.000001
vn -0.437489 0.000000 0.899224
vn -0.437489 0.000000 0.899224
vn 0.000000 1.000000 0.000001
vn 0.000000 1.000000 0.000002
vn 0.000000 -1.000000 0.000001
vn 0.000000 -1.000000 0.000000
vn -0.271553 0.000000 0.962424
vn -0.271554 0.000000 0.962423
vn 0.000000 1.000000 0.000002
vn 0.000000 1.000000 0.000002
vn 0.000000 -1.000000 -0.000001
vn 0.000000 -1.000000 -0.000001
vn -0.135010 0.000000 0.990844
vn -0.135011 0.000000 0.990844
vn 0.000000 1.000000 0.000001
vn 0.000000 1.000000 0.000002
vn 0.000000 -1.000000 0.000000
vn 0.000000 -1.000000 0.000000
vn -0.044342 0.000000 0.999016
vn -0.044342 0.000000 0.999016
vn 0.000000 1.000000 0.000001
vn 0.000000 1.000000 0.000002
vn 0.000000 -1.000000 0.000001
vn 0.000000 -1.000000 0.000000
vn -0.011906 0.000000 0.999929
vn -0.011906 0.000000 0.999929
vn 0.000000 1.000000 0.000000
vn 0.000000 1.000000 0.000000
vn 0.000000 1.000000 0.000000
vn 0.000000 1.000000 -0.000001
vn 0.000000 1.000000 0.000000
vn 0.000000 1.000000 0.000001
vn -0.011580 0.000000 -0.999933
vn -0.011580 0.000000 -0.999933
vn -0.043083 0.000000 -0.999071
vn -0.043085 0.000000 -0.999071
vn 0.000000 -1.000000 0.000000
vn 0.000000 -1.000000 -0.000001
vn 0.000000 -1.000000 -0.000000
vn 0.000000 -1.000000 -0.000001
vn 0.000000 -1.000000 -0.000003
vn 0.000000 -1.000000 -0.000002
vn -0.131066 0.000000 -0.991374
vn -0.131067 0.000000 -0.991373
vn 0.000000 1.000000 -0.000001
vn 0.000000 1.000000 0.000003
vn 0.000000 -1.000000 -0.000001
vn 0.000000 -1.000000 -0.000000
vn -0.263549 0.000000 -0.964646
vn -0.263547 0.000000 -0.964647
vn 0.000000 1.000000 -0.000002
vn 0.000000 1.000000 0.000001
vn 0.000000 -1.000000 -0.000000
vn 0.000000 -1.000000 -0.000003
vn -0.425303 0.000000 -0.905051
vn -0.425303 0.000000 -0.905051
vn 0.000000 1.000000 0.000000
vn 0.000000 1.000000 -0.000000
vn 0.000000 -1.000000 0.000001
vn 0.000000 -1.000000 -0.000001
vn -0.594086 0.000000 -0.804402
vn -0.594088 0.000000 -0.804400
vn 0.000000 1.000000 0.000002
vn 0.000000 1.000000 -0.000001
vn 0.000000 -1.000000 0.000001
vn 0.000000 -1.000000 0.000000
vn -0.744930 0.000000 -0.667143
vn -0.744931 0.000000 -0.667141
vn 0.000000 1.000000 0.000001
vn 0.000000 1.000000 -0.000001
vn 0.000000 -1.000000 0.000000
vn 0.000000 -1.000000 0.000001
vn -0.860077 0.000000 -0.510164
vn -0.860078 0.000000 -0.510163
vn 0.000000 1.000000 -0.000000
vn 0.000000 1.000000 0.000000
vn 0.000000 -1.000000 -0.000002
vn 0.000000 -1.000000 0.000001
vn -0.935139 0.000000 -0.354281
vn -0.935139 0.000000 -0.354282
vn 0.000000 1.000000 -0.000002
vn 0.000000 1.000000 0.000001
vn 0.000000 -1.000000 -0.000001
vn 0.000000 -1.000000 0.000002
vn -0.976359 0.000000 -0.216157
vn -0.976358 0.000000 -0.216158
vn 0.000000 1.000000 -0.000000
vn 0.000000 1.000000 0.000002
vn 0.000000 -1.000000 -0.000002
vn 0.000000 -1.000000 0.000001
vn -0.994267 0.000000 -0.106930
vn -0.994267 0.000000 -0.106930
vn 0.000000 1.000000 -0.000000
vn 0.000000 1.000000 -0.000000
vn 0.000000 -1.000000 -0.000000
vn 0.000000 -1.000000 0.000003
vn -0.999387 0.000000 -0.035019
vn -0.999387 0.000000 -0.035019
vn 0.000000 1.000000 -0.000000
vn 0.000000 1.000000 -0.000000
vn 0.000000 -1.000000 0.000001
vn 0.000000 -1.000000 0.000002
vn -0.999957 0.000000 -0.009289
vn -0.999957 0.000000 -0.009289
vn 0.000000 1.000000 -0.000000
vn 0.000000 1.000000 0.000000
vn 0.000000 -1.000000 -0.000019
vn 0.000468 -1.000000 -0.000800
vn 0.000371 -1.000000 -0.000538
vn 0.000857 -0.999999 -0.001327
vn 0.999949 0.000000 0.010089
vn 0.999945 0.000473 0.010445
vn 0.999231 0.000808 0.039199
vn 0.999217 0.001273 0.039541
vn 0.000000 1.000000 0.000025
vn -0.000372 1.000000 0.000540
vn -0.000470 1.000000 0.000802
vn -0.000858 0.999999 0.001325
vn -0.001186 0.999997 0.002239
vn -0.001632 0.999995 0.002789
vn 0.992832 0.001715 0.119504
vn 0.992795 0.002159 0.119808
vn 0.001185 -0.999997 -0.002237
vn 0.001632 -0.999995 -0.002790
vn -0.002058 0.999990 0.003934
vn -0.002590 0.999987 0.004483
vn 0.970791 0.002241 0.239915
vn 0.970724 0.002664 0.240184
vn 0.002056 -0.999990 -0.003931
vn 0.002587 -0.999987 -0.004483
vn -0.003084 0.999981 0.005372
vn -0.003710 0.999976 0.005873
vn 0.921463 0.002176 0.388460
vn 0.921359 0.002585 0.388705
vn 0.003082 -0.999981 -0.005371
vn 0.003709 -0.999976 -0.005873
vn -0.004119 0.999973 0.006179
vn -0.004845 0.999967 0.006584
vn 0.835561 0.001472 0.549395
vn 0.835418 0.001871 0.549612
vn 0.004117 -0.999972 -0.006181
vn 0.004844 -0.999967 -0.006584
vn -0.005141 0.999968 0.006101
vn -0.005738 0.999960 0.006880
vn 0.711295 0.000306 0.702894
vn 0.711125 0.000688 0.703065
vn 0.005140 -0.999968 -0.006103
vn 0.005737 -0.999960 -0.006876
vn -0.005679 0.999966 0.005920
vn -0.005376 0.999973 0.004989
vn 0.558097 -0.000781 0.829775
vn 0.557920 -0.000783 0.829895
vn 0.005677 -0.999966 -0.005917
vn 0.005376 -0.999973 -0.004992
vn -0.005216 0.999976 0.004550
vn -0.004767 0.999982 0.003722
vn 0.395150 -0.001889 0.918615
vn 0.395333 -0.001525 0.918537
vn 0.005214 -0.999976 -0.004548
vn 0.004767 -0.999982 -0.003726
vn -0.004031 0.999987 0.003108
vn -0.003513 0.999991 0.002428
vn 0.243733 -0.002195 0.969840
vn 0.243932 -0.001824 0.969790
vn 0.004029 -0.999987 -0.003109
vn 0.003513 -0.999991 -0.002432
vn -0.002501 0.999995 0.001901
vn -0.001991 0.999997 0.001361
vn 0.121311 -0.001674 0.992613
vn 0.121542 -0.001693 0.992585
vn 0.002501 -0.999995 -0.001904
vn 0.001992 -0.999997 -0.001365
vn -0.001176 0.999999 0.000976
vn -0.000705 1.000000 0.000528
vn 0.040047 -0.001131 0.999197
vn 0.039776 -0.000717 0.999208
vn 0.001178 -0.999999 -0.000980
vn 0.000707 -1.000000 -0.000532
vn -0.000470 1.000000 0.000420
vn -0.000012 1.000000 0.000000
vn 0.010684 -0.000422 0.999943
vn 0.010400 0.000000 0.999946
vn 0.000473 -1.000000 -0.000424
vn 0.000014 -1.000000 0.000000
vn 0.000000 1.000000 0.000000
vn 0.000000 1.000000 0.000000
vn 0.000000 1.000000 0.000000
vn 0.000000 1.000000 0.000000
vn 1.000000 0.000000 0.000000
vn 1.000000 0.000000 0.000000
vn 1.000000 0.000000 0.000000
vn 1.000000 0.000000 0.000000
vn 0.000000 -1.000000 0.000000
vn 0.000000 -1.000000 0.000000
vn 0.000000 -1.000000 0.000000
vn 0.000000 -1.000000 0.000000
vn 0.000000 0.000000 1.000000
vn 0.000000 0.000000 1.000000
vn 0.000000 0.000000 1.000000
vn 0.000000 0.000000 1.000000
vn 0.000000 1.000000 0.000000
vn 0.000000 1.000000 0.000000
vn 0.000000 1.000000 0.000000
vn 0.000000 1.000000 0.000000
vn 0.000000 0.000000 -1.000000
vn 0.000000 0.000000 -1.000000
vn 0.000000 0.000000 -1.000000
vn 0.000000 0.000000 -1.000000
vn -1.000000 0.000000 0.000000
vn -1.000000 0.000000 0.000000
vn -1.000000 0.000000 0.000000
vn -1.000000 0.000000 0.000000
vn 0.000014 -1.000000 0.000000
vn 0.000706 -1.000000 0.000532
vn 0.000471 -1.000000 0.000423
vn 0.001176 -0.999999 0.000980
vn 0.011053 0.000000 -0.999939
vn 0.010773 -0.000420 -0.999942
vn 0.040155 -0.000715 -0.999193
vn 0.039891 -0.001122 -0.999203
vn -0.000012 1.000000 0.000000
vn -0.000469 1.000000 -0.000421
vn -0.000704 1.000000 -0.000531
vn -0.001174 0.999999 -0.000977
vn -0.001988 0.999997 -0.001362
vn -0.002498 0.999995 -0.001901
vn 0.121734 -0.001467 -0.992562
vn 0.121505 -0.001858 -0.992589
vn 0.001990 -0.999997 0.001363
vn 0.002499 -0.999995 0.001903
vn -0.003509 0.999991 -0.002430
vn -0.004026 0.999987 -0.003108
vn 0.244611 -0.001815 -0.969620
vn 0.244412 -0.002190 -0.969669
vn 0.003509 -0.999991 0.002431
vn 0.004025 -0.999987 0.003113
vn -0.004761 0.999982 -0.003725
vn -0.005208 0.999976 -0.004549
vn 0.396373 -0.001514 -0.918088
vn 0.396192 -0.001877 -0.918166
vn 0.004761 -0.999982 0.003723
vn 0.005207 -0.999976 0.004551
vn -0.005367 0.999973 -0.004989
vn -0.005667 0.999966 -0.005918
vn 0.559481 -0.000581 -0.828843
vn 0.559303 -0.000950 -0.828963
vn 0.005368 -0.999973 0.004990
vn 0.005666 -0.999966 0.005918
vn -0.005132 0.999968 -0.006099
vn -0.005724 0.999960 -0.006873
vn 0.712483 0.000702 -0.701689
vn 0.712317 0.000315 -0.701858
vn 0.005131 -0.999968 0.006100
vn 0.005724 -0.999960 0.006871
vn -0.004834 0.999967 -0.006578
vn -0.004111 0.999973 -0.006174
vn 0.836416 0.001880 -0.548092
vn 0.836279 0.001481 -0.548302
vn 0.004833 -0.999967 0.006582
vn 0.004110 -0.999973 0.006175
vn -0.003701 0.999976 -0.005865
vn -0.003076 0.999981 -0.005364
vn 0.921934 0.002599 -0.387338
vn 0.921834 0.002188 -0.387579
vn 0.003701 -0.999976 0.005872
vn 0.003077 -0.999981 0.005363
vn -0.002581 0.999987 -0.004475
vn -0.002051 0.999990 -0.003926
vn 0.970980 0.002669 -0.239146
vn 0.970915 0.002241 -0.239415
vn 0.002582 -0.999987 0.004475
vn 0.002053 -0.999990 0.003922
vn -0.001627 0.999995 -0.002788
vn -0.001183 0.999997 -0.002238
vn 0.992880 0.002160 -0.119099
vn 0.992845 0.001715 -0.119400
vn 0.001629 -0.999995 0.002785
vn 0.001183 -0.999997 0.002235
vn -0.000856 0.999999 -0.001326
vn -0.000469 1.000000 -0.000804
vn 0.999236 0.001274 -0.039057
vn 0.999223 0.000809 -0.039397
vn 0.000856 -0.999999 0.001324
vn 0.000469 -1.000000 0.000799
vn -0.000371 1.000000 -0.000535
vn 0.000000 1.000000 -0.000023
vn 0.999945 0.000473 -0.010486
vn 0.999941 0.000000 -0.010841
vn 0.000371 -1.000000 0.000535
vn 0.000000 -1.000000 0.000019
vn 0.000000 0.000000 1.000000
vn 0.000000 0.000000 1.000000
vn 0.000000 0.000000 1.000000
vn 0.000000 0.000000 1.000000
vn 0.000000 1.000000 0.000000
vn 0.000000 1.000000 0.000000
vn 0.000000 1.000000 0.000000
vn 0.000000 1.000000 0.000000
vn 0.000000 0.000000 -1.000000
vn 0.000000 0.000000 -1.000000
vn 0.000000 0.000000 -1.000000
vn 0.000000 0.000000 -1.000000
vn 0.000000 -1.000000 0.000000
vn 0.000000 -1.000000 0.000000
vn 0.000000 -1.000000 0.000000
vn 0.000000 -1.000000 0.000000
vn 1.000000 0.000000 0.000000
vn 1.000000 0.000000 0.000000
vn 1.000000 0.000000 0.000000
vn 1.000000 0.000000 0.000000
vn -1.000000 0.000000 0.000000
vn -1.000000 0.000000 0.000000
vn -1.000000 0.000000 0.000000
vn -1.000000 0.000000 0.000000
vn 0.000000 0.000000 1.000000
vn 0.000000 0.000000 1.000000
vn 0.000000 0.000000 1.000000
vn 0.000000 0.000000 1.000000
vn 0.000000 1.000000 0.000000
vn 0.000000 1.000000 0.000000
vn 0.000000 1.000000 0.000000
vn 0.000000 1.000000 0.000000
vn 0.000000 0.000000 -1.000000
vn 0.000000 0.000000 -1.000000
vn 0.000000 0.000000 -1.000000
vn 0.000000 0.000000 -1.000000
vn 0.000000 -1.000000 0.000000
vn 0.000000 -1.000000 0.000000
vn 0.000000 -1.000000 0.000000
vn 0.000000 -1.000000 0.000000
vn 1.000000 0.000000 0.000000
vn 1.000000 0.000000 0.000000
vn 1.000000 0.000000 0.000000
vn 1.000000 0.000000 0.000000
vn -1.000000 0.000000 0.000000
vn -1.000000 0.000000 0.000000
vn -1.000000 0.000000 0.000000
vn -1.000000 0.000000 0.000000
vn -1.000000 0.000000 0.000000
vn -1.000000 0.000000 0.000000
vn -1.000000 0.000000 0.000000
vn -1.000000 0.000000 0.000000
vn 0.000000 1.000000 0.000000
vn 0.000000 1.000000 0.000000
vn 0.000000 1.000000 0.000000
vn 0.000000 1.000000 0.000000
vn 1.000000 0.000000 0.000000
vn 1.000000 0.000000 0.000000
vn 1.000000 0.000000 0.000000
vn 1.000000 0.000000 0.000000
vn 0.000000 -1.000000 0.000000
vn 0.000000 -1.000000 0.000000
vn 0.000000 -1.000000 0.000000
vn 0.000000 -1.000000 0.000000
vn 0.000000 0.000000 1.000000
vn 0.000000 0.000000 1.000000
vn 0.000000 0.000000 1.000000
vn 0.000000 0.000000 1.000000
vn 0.000000 0.000000 -1.000000
vn 0.000000 0.000000 -1.000000
vn 0.000000 0.000000 -1.000000
vn 0.000000 0.000000 -1.000000
vn 0.799051 0.000000 -0.601263
vn 0.798974 0.000000 -0.601365
vn 0.948083 0.000004 -0.318024
vn 0.948371 0.000004 -0.317162
vn 0.573510 0.000000 -0.819198
vn 0.572776 0.000000 -0.819712
vn 0.299339 0.000000 -0.954147
vn 0.300035 -0.092809 -0.949403
vn 0.012717 -0.882783 -0.469608
vn 0.012731 -0.889314 -0.457119
vn 0.033278 -0.876377 -0.480475
vn 0.036766 -0.870019 -0.491646
vn -0.220190 -0.136652 -0.965838
vn -0.234381 0.000000 -0.972145
vn -0.772351 0.000000 -0.635196
vn -0.763020 0.000000 -0.646375
vn -0.938533 0.000000 -0.345190
vn -0.938533 0.000000 -0.345190
vn -1.000000 0.000000 0.000001
vn -1.000000 0.000000 0.000001
vn -0.938533 0.000000 0.345190
vn -0.938533 0.000000 0.345190
vn -0.772351 0.000000 0.635197
vn -0.772351 0.000000 0.635196
vn -0.165369 0.000000 0.986232
vn -0.094940 -0.410472 0.906917
vn 0.017602 -0.897767 0.440119
vn 0.020422 -0.898805 0.437873
vn 0.009064 -0.914433 0.404635
vn 0.005717 -0.922753 0.385349
vn 0.299338 0.000000 0.954147
vn 0.299862 -0.131474 0.944880
vn 0.573510 0.000000 0.819198
vn 0.572776 0.000000 0.819712
vn 0.799051 0.000000 0.601264
vn 0.798974 0.000000 0.601366
vn 0.948082 0.000000 0.318025
vn 0.948371 0.000000 0.317163
vn 1.000000 0.000000 0.000001
vn 1.000000 0.000000 0.000001
vn 0.001565 -0.999998 -0.001178
vn 0.001805 -0.999998 -0.000609
vn 0.001193 -0.999999 -0.000000
vn 0.001177 -0.999998 -0.001667
vn 0.000658 -0.999998 -0.002037
vn 0.000034 -0.999998 -0.002246
vn 0.002502 -0.999993 -0.002793
vn 0.001338 -0.999999 -0.001101
vn 0.000000 -1.000000 0.000000
vn 0.000000 -1.000000 0.000000
vn 0.000000 -1.000000 0.000000
vn 0.000000 -1.000000 -0.000000
vn 0.000000 -1.000000 -0.000000
vn 0.001338 -0.999999 0.001101
vn 0.002502 -0.999993 0.002793
vn 0.000034 -0.999997 0.002246
vn 0.000658 -0.999998 0.002037
vn 0.001177 -0.999998 0.001667
vn 0.001565 -0.999998 0.001178
vn 0.001805 -0.999998 0.000609
vn 0.001886 -0.999998 -0.000000
vn 0.011161 0.999754 -0.019164
vn 0.015904 0.999735 -0.016674
vn -0.013976 0.999893 0.004347
vn 0.020823 0.999776 0.003770
vn 0.007425 0.999806 -0.018254
vn 0.032139 0.999483 -0.001040
vn 0.029860 0.999428 0.015890
vn -0.030047 0.999540 0.004226
vn -0.058256 0.998295 0.003715
vn -0.033309 0.999358 -0.013172
vn -0.036578 0.999331 -0.000000
vn -0.033309 0.999358 0.013172
vn -0.025229 0.999430 0.022422
vn -0.044099 0.998845 0.019094
vn 0.007105 0.999939 -0.008512
vn 0.035300 0.999376 -0.001247
vn 0.007550 0.999808 0.018112
vn 0.020823 0.999776 -0.003770
vn 0.015904 0.999735 0.016674
vn 0.011161 0.999754 0.019164
vn 0.014155 0.999900 -0.000000
vn 0.662085 0.000000 -0.749429
vn 0.662085 0.000000 -0.749429
vn 0.662085 0.000000 -0.749429
vn 0.662085 0.000000 -0.749429
vn -0.236539 0.929818 -0.281937
vn -0.241074 0.927754 -0.284879
vn -0.260674 0.918431 -0.297546
vn -0.265737 0.915915 -0.300805
vn -0.577215 0.000000 0.816592
vn -0.577214 0.000000 0.816593
vn -0.577215 0.000000 0.816592
vn -0.577214 0.000000 0.816593
vn -0.338213 -0.859676 -0.382843
vn -0.309770 -0.877627 -0.365805
vn -0.331898 -0.863794 -0.379082
vn -0.303946 -0.881117 -0.362284
vn -0.662074 0.000000 -0.749438
vn -0.662074 0.000000 -0.749439
vn -0.662073 0.000000 -0.749439
vn -0.662073 0.000000 -0.749439
vn 0.642729 0.000000 0.766093
vn 0.642729 0.000000 0.766093
vn 0.642729 0.000000 0.766094
vn 0.642729 0.000000 0.766094
vn 0.000000 0.000000 1.000000
vn 0.000000 0.000000 1.000000
vn 0.000001 0.000000 1.000000
vn 0.000000 0.000000 1.000000
vn -0.000002 0.000000 1.000000
vn 0.000000 0.000000 1.000000
vn -0.000000 0.000000 1.000000
vn 0.000000 0.000000 1.000000
vn 0.000000 0.000000 -1.000000
vn 0.000000 0.000000 -1.000000
vn -0.000000 0.000000 -1.000000
vn -0.000000 0.000000 -1.000000
vn 0.000000 0.000000 -1.000000
vn -0.000000 0.000000 -1.000000
vn 0.000000 0.000000 -1.000000
vn -0.000000 0.000000 -1.000000
vn -1.000000 0.000000 0.000000
vn -1.000000 0.000000 0.000000
vn -1.000000 0.000000 0.000000
vn -1.000000 0.000000 0.000000
vn 0.000000 -1.000000 0.000000
vn 0.000000 -1.000000 0.000000
vn 0.000000 -1.000000 0.000000
vn 0.000000 -1.000000 0.000000
vn 1.000000 0.000000 0.000000
vn 1.000000 0.000000 0.000000
vn 1.000000 0.000000 0.000000
vn 1.000000 0.000000 0.000000
vn 0.000000 1.000000 0.000000
vn 0.000000 1.000000 0.000000
vn 0.000000 1.000000 0.000000
vn 0.000000 1.000000 0.000000
vn 0.000000 -1.000000 0.000000
vn 0.000000 -1.000000 0.000000
vn 0.000000 -1.000000 0.000000
vn 0.000000 -1.000000 0.000000
vn -1.000000 0.000000 0.000000
vn -1.000000 0.000000 0.000000
vn -1.000000 0.000000 0.000000
vn -1.000000 0.000000 0.000000
vn 1.000000 0.000000 0.000000
vn 1.000000 0.000000 0.000000
vn 1.000000 0.000000 0.000000
vn 1.000000 0.000000 0.000000
vn 0.000000 1.000000 0.000000
vn 0.000000 1.000000 0.000000
vn 0.000000 1.000000 0.000000
vn 0.000000 1.000000 0.000000
vn 0.000000 0.000000 1.000000
vn 0.000000 0.000000 1.000000
vn 0.000000 0.000000 1.000000
vn 0.000000 0.000000 1.000000
vn 0.000000 1.000000 0.000000
vn 0.000000 1.000000 0.000000
vn 0.000000 1.000000 0.000000
vn 0.000000 1.000000 0.000000
vn 0.000000 0.000000 -1.000000
vn 0.000000 0.000000 -1.000000
vn 0.000000 0.000000 -1.000000
vn 0.000000 0.000000 -1.000000
vn 0.000000 -1.000000 0.000000
vn 0.000000 -1.000000 0.000000
vn 0.000000 -1.000000 0.000000
vn 0.000000 -1.000000 0.000000
vn -1.000000 0.000000 0.000000
vn -1.000000 0.000000 0.000000
vn -1.000000 0.000000 0.000000
vn -1.000000 0.000000 0.000000
vn 1.000000 0.000000 0.000000
vn 1.000000 0.000000 0.000000
vn 1.000000 0.000000 0.000000
vn 1.000000 0.000000 0.000000
vn 0.000000 0.000000 1.000000
vn 0.000000 0.000000 1.000000
vn 0.000000 0.000000 1.000000
vn 0.000000 0.000000 1.000000
vn 0.000000 -1.000000 0.000000
vn 0.000000 -1.000000 0.000000
vn 0.000000 -1.000000 0.000000
vn 0.000000 -1.000000 0.000000
vn 0.000000 1.000000 0.000000
vn 0.000000 1.000000 0.000000
vn 0.000000 1.000000 0.000000
vn 0.000000 1.000000 0.000000
vn 0.000000 0.000000 -1.000000
vn 0.000000 0.000000 -1.000000
vn 0.000000 0.000000 -1.000000
vn 0.000000 0.000000 -1.000000
vn -0.000000 0.000000 -1.000000
vn -0.000000 0.000000 -1.000000
vn -0.000000 0.000000 -1.000000
vn -0.000000 0.000000 -1.000000
vn 0.000000 1.000000 0.000000
vn 0.000000 1.000000 0.000000
vn 0.000000 1.000000 0.000000
vn 0.000000 1.000000 0.000000
vn 0.000000 -1.000000 0.000000
vn 0.000000 -1.000000 0.000000
vn 0.000000 -1.000000 0.000000
vn 0.000000 -1.000000 0.000000
vn 0.000000 0.000000 1.000000
vn 0.000000 0.000000 1.000000
vn 0.000000 0.000000 1.000000
vn 0.000000 0.000000 1.000000
vn -1.000000 -0.000002 0.000000
vn -1.000000 0.000000 0.000000
vn -1.000000 -0.000000 0.000000
vn -1.000000 0.000000 0.000000
vn -1.000000 0.000002 0.000000
vn -1.000000 0.000000 0.000000
vn -1.000000 0.000000 0.000000
vn -1.000000 0.000000 0.000000
vn 1.000000 0.000000 0.000000
vn 1.000000 0.000000 0.000000
vn 1.000000 0.000000 0.000000
vn 1.000000 0.000000 0.000000
vn 1.000000 -0.000001 0.000000
vn 1.000000 0.000000 0.000000
vn 1.000000 -0.000000 0.000000
vn 1.000000 0.000000 0.000000
vn 0.000000 0.000000 1.000000
vn 0.000000 0.000000 1.000000
vn 0.000000 0.000000 1.000000
vn 0.000000 0.000000 1.000000
vn 0.000000 1.000000 0.000000
vn 0.000000 1.000000 0.000000
vn 0.000000 1.000000 0.000000
vn 0.000000 1.000000 0.000000
vn 0.000000 0.000000 -1.000000
vn 0.000000 0.000000 -1.000000
vn 0.000000 0.000000 -1.000000
vn 0.000000 0.000000 -1.000000
vn 0.000000 -1.000000 0.000000
vn 0.000000 -1.000000 0.000000
vn 0.000000 -1.000000 0.000000
vn 0.000000 -1.000000 0.000000
vn 1.000000 0.000000 0.000000
vn 1.000000 0.000000 0.000000
vn 1.000000 0.000000 0.000000
vn 1.000000 0.000000 0.000000
vn -1.000000 0.000000 0.000000
vn -1.000000 0.000000 0.000000
vn -1.000000 0.000000 0.000000
vn -1.000000 0.000000 0.000000
vn 0.000000 0.000000 1.000000
vn 0.000000 0.000000 1.000000
vn 0.000000 0.000000 1.000000
vn 0.000000 0.000000 1.000000
vn 0.000000 -1.000000 0.000000
vn 0.000000 -1.000000 0.000000
vn 0.000000 -1.000000 0.000000
vn 0.000000 -1.000000 0.000000
vn 0.000000 1.000000 0.000000
vn 0.000000 1.000000 0.000000
vn 0.000000 1.000000 0.000000
vn 0.000000 1.000000 0.000000
vn 0.000000 0.000000 -1.000000
vn 0.000000 0.000000 -1.000000
vn 0.000000 0.000000 -1.000000
vn 0.000000 0.000000 -1.000000
vn -0.000000 0.000000 -1.000000
vn -0.000000 0.000000 -1.000000
vn -0.000000 0.000000 -1.000000
vn -0.000000 0.000000 -1.000000
vn 0.000000 1.000000 0.000000
vn 0.000000 1.000000 0.000000
vn 0.000000 1.000000 0.000000
vn 0.000000 1.000000 0.000000
vn 0.000000 -1.000000 0.000000
vn 0.000000 -1.000000 0.000000
vn 0.000000 -1.000000 0.000000
vn 0.000000 -1.000000 0.000000
vn 0.000000 0.000000 1.000000
vn 0.000000 0.000000 1.000000
vn 0.000000 0.000000 1.000000
vn 0.000000 0.000000 1.000000
vn -1.000000 0.000000 0.000000
vn -1.000000 -0.000000 0.000000
vn -1.000000 0.000000 0.000000
vn -1.000000 0.000000 0.000000
vn -1.000000 -0.000000 0.000000
vn -1.000000 0.000000 0.000000
vn -1.000000 0.000000 0.000000
vn -1.000000 0.000000 0.000000
vn 1.000000 0.000000 0.000000
vn 1.000000 0.000000 0.000000
vn 1.000000 0.000000 0.000000
vn 1.000000 0.000000 0.000000
vn 1.000000 0.000000 0.000000
vn 1.000000 0.000000 0.000000
vn 1.000000 0.000000 0.000000
vn 1.000000 0.000000 0.000000
vn 0.051986 0.997655 -0.044522
vn 0.055113 0.997608 -0.041726
vn 0.066684 0.997461 -0.024999
vn 0.067798 0.997445 -0.022524
vn 0.033211 0.997944 -0.054822
vn 0.037512 0.997871 -0.053360
vn 0.017942 0.998061 -0.059597
vn 0.021814 0.998126 -0.057170
vn -0.001850 0.998047 -0.062441
vn 0.004338 0.998042 -0.062396
vn -0.013567 0.998361 -0.055597
vn -0.010728 0.998304 -0.057220
vn -0.541463 0.000000 -0.840724
vn -0.165428 0.944460 -0.283952
vn -0.772351 0.000000 -0.635195
vn -0.772351 0.000000 -0.635195
vn -0.938533 0.000000 -0.345189
vn -0.938533 0.000000 -0.345189
vn -1.000000 0.000000 0.000000
vn -1.000000 0.000000 -0.000000
vn -0.938533 0.000000 0.345189
vn -0.938533 0.000000 0.345189
vn -0.772350 0.000000 0.635197
vn -0.772350 0.000000 0.635197
vn -0.541462 0.000000 0.840725
vn -0.169186 0.941978 0.289919
vn -0.013839 0.998316 0.056331
vn -0.010906 0.998253 0.058072
vn -0.001913 0.997983 0.063459
vn 0.004580 0.997987 0.063253
vn 0.018265 0.998042 0.059816
vn 0.022062 0.998120 0.057180
vn 0.033212 0.997944 0.054822
vn 0.037512 0.997871 0.053359
vn 0.051986 0.997655 0.044521
vn 0.055113 0.997608 0.041726
vn 0.066684 0.997461 0.024999
vn 0.067798 0.997445 0.022524
vn 0.072119 0.997396 0.000000
vn 0.072119 0.997396 0.000000
vn 0.006365 -0.999966 -0.005235
vn 0.007483 -0.999968 -0.002752
vn 0.004482 -0.999990 -0.000000
vn 0.004625 -0.999963 -0.007205
vn 0.002431 -0.999961 -0.008470
vn -0.000000 -0.999960 -0.008906
vn 0.009674 -0.999870 -0.012922
vn 0.010299 -0.999911 -0.008470
vn 0.000000 -1.000000 -0.000000
vn 0.000000 -1.000000 -0.000000
vn 0.000000 -1.000000 -0.000000
vn 0.000000 -1.000000 -0.000000
vn 0.000000 -1.000000 0.000000
vn 0.010299 -0.999911 0.008470
vn 0.009674 -0.999870 0.012922
vn 0.000000 -0.999960 0.008906
vn 0.002431 -0.999961 0.008470
vn 0.004625 -0.999963 0.007205
vn 0.006365 -0.999966 0.005235
vn 0.007483 -0.999968 0.002752
vn 0.007868 -0.999969 -0.000000
vn 0.000000 1.000000 0.000000
vn 0.000000 1.000000 0.000000
vn -0.005454 0.999985 -0.000001
vn 0.000000 1.000000 -0.000000
vn 0.000000 1.000000 0.000000
vn 0.000000 1.000000 0.000000
vn -0.013169 0.999903 0.004639
vn -0.010265 0.999946 -0.001511
vn -0.006027 0.999970 -0.004909
vn -0.006999 0.999972 -0.002553
vn -0.007329 0.999973 0.000000
vn -0.006999 0.999972 0.002553
vn -0.006027 0.999970 0.004909
vn -0.010296 0.999946 0.001482
vn -0.013128 0.999903 -0.004607
vn 0.000000 1.000000 0.000000
vn 0.000000 1.000000 0.000000
vn 0.000000 1.000000 0.000000
vn 0.000000 1.000000 0.000000
vn 0.000000 1.000000 -0.000000
vn 0.000000 1.000000 0.000000
vn 0.000000 0.000000 1.000000
vn 0.000000 0.000000 1.000000
vn 0.000000 0.000000 1.000000
vn 0.000000 0.000000 1.000000
vn 0.000000 1.000000 0.000000
vn 0.000000 1.000000 0.000000
vn 0.000000 1.000000 0.000000
vn 0.000000 1.000000 0.000000
vn 0.000000 0.000000 -1.000000
vn 0.000000 0.000000 -1.000000
vn 0.000000 0.000000 -1.000000
vn 0.000000 0.000000 -1.000000
vn 0.000000 -1.000000 0.000000
vn 0.000000 -1.000000 0.000000
vn 0.000000 -1.000000 0.000000
vn 0.000000 -1.000000 0.000000
vn 1.000000 0.000000 0.000000
vn 1.000000 0.000000 0.000000
vn 1.000000 0.000000 0.000000
vn 1.000000 0.000000 0.000000
vn -1.000000 0.000000 0.000000
vn -1.000000 0.000000 0.000000
vn -1.000000 0.000000 0.000000
vn -1.000000 0.000000 0.000000
vn 0.000000 -1.000000 0.000000
vn 0.000000 -1.000000 0.000000
vn 0.000000 -1.000000 0.000000
vn 0.000000 -1.000000 0.000000
vn -1.000000 0.000000 0.000000
vn -1.000000 0.000000 0.000000
vn -1.000000 0.000000 0.000000
vn -1.000000 0.000000 0.000000
vn 0.000000 1.000000 0.000000
vn 0.000000 1.000000 0.000000
vn 0.000000 1.000000 0.000000
vn 0.000000 1.000000 0.000000
vn 1.000000 0.000000 0.000000
vn 1.000000 0.000000 0.000000
vn 1.000000 0.000000 0.000000
vn 1.000000 0.000000 0.000000
vn 0.000000 0.000000 1.000000
vn 0.000000 0.000000 1.000000
vn 0.000000 0.000000 1.000000
vn 0.000000 0.000000 1.000000
vn 0.000000 0.000000 -1.000000
vn 0.000000 0.000000 -1.000000
vn 0.000000 0.000000 -1.000000
vn 0.000000 0.000000 -1.000000
vn 0.000000 -0.999786 0.020670
vn 0.000000 -0.999786 0.020670
vn 0.000000 -0.999786 0.020678
vn 0.000000 -0.999786 0.020678
vn -1.000000 0.000000 0.000000
vn -1.000000 0.000000 0.000000
vn -1.000000 0.000000 0.000000
vn -1.000000 0.000000 0.000000
vn 0.000000 1.000000 0.000000
vn 0.000000 1.000000 0.000000
vn 0.000000 1.000000 0.000000
vn 0.000000 1.000000 0.000000
vn 1.000000 0.000000 0.000000
vn 1.000000 0.000000 0.000000
vn 1.000000 0.000000 0.000000
vn 1.000000 0.000000 0.000000
vn 0.000000 0.000000 1.000000
vn 0.000000 0.000000 1.000000
vn 0.000000 0.000000 1.000000
vn 0.000000 0.000000 1.000000
vn 0.000000 0.000000 -1.000000
vn 0.000000 0.000000 -1.000000
vn 0.000000 0.000000 -1.000000
vn 0.000000 0.000000 -1.000000
vn 0.000000 0.000000 1.000000
vn 0.000000 0.000000 1.000000
vn 0.000000 0.000000 1.000000
vn 0.000000 0.000000 1.000000
vn 0.000000 0.928087 0.372363
vn 0.000000 0.928097 0.372337
vn 0.000000 0.928089 0.372360
vn 0.000000 0.928099 0.372334
vn 0.000000 0.000000 -1.000000
vn 0.000000 0.000000 -1.000000
vn 0.000000 0.000000 -1.000000
vn 0.000000 0.000000 -1.000000
vn 0.000000 -1.000000 0.000000
vn 0.000000 -1.000000 0.000000
vn 0.000000 -1.000000 0.000000
vn 0.000000 -1.000000 0.000000
vn 1.000000 0.000000 0.000000
vn 1.000000 0.000000 0.000000
vn 1.000000 0.000000 0.000000
vn 1.000000 0.000000 0.000000
vn -1.000000 0.000000 0.000000
vn -1.000000 0.000000 0.000000
vn -1.000000 0.000000 0.000000
vn -1.000000 0.000000 0.000000
s 1
g polySurface47 polySurface43 polySurface38 polySurface36 pasted__pasted__pasted__pasted__pasted__pasted__pasted__pCube17
usemtl phong3SG
f 1/15/1 2/16/2 3/18/3
f 3/18/3 2/16/2 4/17/4
s 2
usemtl pasted__pasted__pasted__phong3SG2
f 3/3/5 4/4/6 5/5/7
f 5/5/7 4/4/6 6/6/8
s 3
f 5/5/9 6/6/10 7/7/11
f 7/7/11 6/6/10 8/8/12
s 4
f 7/7/13 8/8/14 1/9/15
f 1/9/15 8/8/14 2/10/16
s 5
f 2/2/17 8/11/18 4/4/19
f 4/4/19 8/11/18 6/12/20
s 6
f 7/13/21 1/1/22 5/14/23
f 5/14/23 1/1/22 3/3/24
s 7
usemtl phong5SG
f 9/19/25 10/20/26 11/22/27
f 11/22/27 10/20/26 12/21/28
s 8
f 11/22/29 12/21/30 13/24/31
f 13/24/31 12/21/30 14/23/32
s 9
f 13/24/33 14/23/34 15/26/35
f 15/26/35 14/23/34 16/25/36
s 10
f 15/26/37 16/25/38 9/28/39
f 9/28/39 16/25/38 10/27/40
s 11
f 10/20/41 16/29/42 12/21/43
f 12/21/43 16/29/42 14/30/44
s 12
f 15/31/45 9/19/46 13/32/47
f 13/32/47 9/19/46 11/22/48
s 13
usemtl pasted__phong3SG
f 17/33/49 18/34/50 19/36/51
f 19/36/51 18/34/50 20/35/52
s 14
f 19/36/53 20/35/54 21/38/55
f 21/38/55 20/35/54 22/37/56
s 15
f 21/38/57 22/37/58 23/40/59
f 23/40/59 22/37/58 24/39/60
s 16
f 23/40/61 24/39/62 17/42/63
f 17/42/63 24/39/62 18/41/64
s 17
usemtl phong3SG
f 18/43/65 24/44/66 20/46/67
f 20/46/67 24/44/66 22/45/68
s 18
usemtl pasted__phong3SG
f 23/47/69 17/33/70 21/48/71
f 21/48/71 17/33/70 19/36/72
s 19
usemtl phong3SG
f 25/49/73 26/50/74 28/52/75
f 28/52/75 26/50/74 27/51/76
s 20
f 25/53/77 29/54/78 26/56/79
f 26/56/79 29/54/78 35/55/80
s 21
f 27/51/81 40/57/82 28/52/83
f 28/52/83 40/57/82 34/58/84
s 22
f 29/54/85 34/58/86 35/55/87
f 35/55/87 34/58/86 40/57/88
s 23
f 32/59/89 38/60/90 33/62/91
f 33/62/91 38/60/90 37/61/92
s 24
f 30/63/93 33/64/94 36/66/95
f 36/66/95 33/64/94 37/65/96
s 25
f 31/67/97 39/68/98 32/59/99
f 32/59/99 39/68/98 38/60/100
s 26
f 30/63/101 36/66/102 31/67/103
f 31/67/103 36/66/102 39/68/104
s 27
f 25/49/105 33/74/106 29/70/107
f 33/74/106 30/71/108 29/70/107
f 25/49/105 28/52/109 33/74/106
f 33/74/106 28/52/109 32/73/110
f 28/52/109 34/69/111 32/73/110
f 32/73/110 34/69/111 31/72/112
f 29/70/107 30/71/108 34/69/111
f 30/71/108 31/72/112 34/69/111
s 28
f 35/75/113 36/77/114 26/50/115
f 36/77/114 37/78/116 26/50/115
f 35/75/113 40/76/117 36/77/114
f 36/77/114 40/76/117 39/80/118
f 40/76/117 27/51/119 39/80/118
f 39/80/118 27/51/119 38/79/120
f 26/50/115 37/78/116 27/51/119
f 37/78/116 38/79/120 27/51/119
s 29
usemtl pasted__pasted__phong3SG2
f 41/81/121 42/82/122 43/84/123
f 43/84/123 42/82/122 44/83/124
s 30
f 43/84/125 44/83/126 45/86/127
f 45/86/127 44/83/126 46/85/128
s 31
f 45/86/129 46/85/130 47/88/131
f 47/88/131 46/85/130 48/87/132
s 32
f 47/88/133 48/87/134 41/90/135
f 41/90/135 48/87/134 42/89/136
s 33
f 42/82/137 48/91/138 44/83/139
f 44/83/139 48/91/138 46/92/140
s 34
f 47/93/141 41/81/142 45/94/143
f 45/94/143 41/81/142 43/84/144
s 35
usemtl pasted__pasted__phong3SG
f 49/95/145 50/96/146 51/98/147
f 51/98/147 50/96/146 52/97/148
s 36
f 51/98/149 52/97/150 53/100/151
f 53/100/151 52/97/150 54/99/152
s 37
f 53/100/153 54/99/154 55/102/155
f 55/102/155 54/99/154 56/101/156
s 38
f 55/102/157 56/101/158 49/104/159
f 49/104/159 56/101/158 50/103/160
s 39
usemtl phong3SG
f 50/105/161 56/106/162 52/108/163
f 52/108/163 56/106/162 54/107/164
s 40
usemtl pasted__pasted__phong3SG
f 55/109/165 49/95/166 53/110/167
f 53/110/167 49/95/166 51/98/168
s 41
usemtl phong7SG
f 57/111/169 58/112/170 60/114/171
f 60/114/171 58/112/170 59/113/172
f 58/115/170 61/116/173 59/118/172
f 59/118/172 61/116/173 62/117/174
s 42
f 59/119/175 64/120/176 60/122/177
f 60/122/177 64/120/176 63/121/178
s 41
f 57/111/169 60/114/171 65/124/179
f 65/124/179 60/114/171 66/123/180
s 43
f 57/125/181 67/126/182 58/128/183
f 58/128/183 67/126/182 68/127/184
s 41
f 61/116/173 69/129/185 62/117/174
f 62/117/174 69/129/185 70/130/186
s 42
f 59/119/175 62/131/187 64/133/176
f 64/133/176 62/131/187 71/132/188
s 43
f 58/128/183 68/134/184 61/136/189
f 61/136/189 68/134/184 72/135/190
s 42
f 60/122/177 63/137/178 66/139/191
f 66/139/191 63/137/178 73/138/192
s 41
f 65/124/179 66/123/180 74/141/193
f 74/141/193 66/123/180 75/140/194
s 43
f 57/125/181 65/142/195 67/144/182
f 67/144/182 65/142/195 76/143/196
s 41
f 69/129/185 77/145/197 70/130/186
f 70/130/186 77/145/197 78/146/198
s 42
f 62/131/187 70/147/199 71/149/188
f 71/149/188 70/147/199 79/148/200
s 43
f 61/136/189 72/150/190 69/152/201
f 69/152/201 72/150/190 80/151/202
s 42
f 66/139/191 73/153/192 75/155/203
f 75/155/203 73/153/192 81/154/204
s 41
f 74/141/193 75/140/194 82/157/205
f 82/157/205 75/140/194 83/156/206
s 43
f 65/142/195 74/158/207 76/160/196
f 76/160/196 74/158/207 84/159/208
s 41
f 77/145/197 85/161/209 78/146/198
f 78/146/198 85/161/209 86/162/210
s 42
f 70/147/199 78/163/211 79/165/200
f 79/165/200 78/163/211 87/164/212
s 43
f 69/152/201 80/166/202 77/168/213
f 77/168/213 80/166/202 88/167/214
s 41
f 85/161/209 93/169/215 86/162/210
f 86/162/210 93/169/215 94/170/216
s 42
f 78/163/211 86/171/217 87/173/212
f 87/173/212 86/171/217 95/172/218
s 43
f 77/168/213 88/174/214 85/176/219
f 85/176/219 88/174/214 96/175/220
s 41
f 93/169/215 97/177/221 94/170/216
f 94/170/216 97/177/221 98/178/222
s 42
f 86/171/217 94/179/223 95/181/218
f 95/181/218 94/179/223 99/180/224
s 43
f 85/176/219 96/182/220 93/184/225
f 93/184/225 96/182/220 100/183/226
s 44
f 63/185/227 64/186/228 67/188/229
f 67/188/229 64/186/228 68/187/230
s 45
f 63/189/231 67/190/232 73/192/233
f 73/192/233 67/190/232 76/191/234
s 46
f 64/193/235 71/194/236 68/196/237
f 68/196/237 71/194/236 72/195/238
s 47
f 71/197/239 79/198/240 72/200/241
f 72/200/241 79/198/240 80/199/242
s 48
f 89/201/243 92/202/244 90/204/245
f 90/204/245 92/202/244 91/203/246
s 49
f 79/205/247 87/206/248 80/208/249
f 80/208/249 87/206/248 88/207/250
s 50
f 87/209/251 95/210/252 88/212/253
f 88/212/253 95/210/252 96/211/254
s 51
f 101/213/255 103/214/256 102/216/257
f 102/216/257 103/214/256 104/215/258
s 42
f 89/217/259 90/218/260 81/154/204
f 75/155/203 81/154/204 83/219/261
f 81/154/204 90/218/260 83/219/261
s 43
f 84/159/208 74/158/207 92/222/262
f 74/158/207 82/220/263 92/222/262
f 82/220/263 91/221/264 92/222/262
s 42
f 99/180/224 94/179/223 102/225/265
f 94/179/223 98/223/266 102/225/265
f 98/223/266 101/224/267 102/225/265
s 43
f 104/226/268 103/227/269 100/183/226
f 93/184/225 100/183/226 97/228/270
f 100/183/226 103/227/269 97/228/270
s 48
f 81/232/271 73/229/272 89/201/243
f 92/202/244 89/201/243 84/231/273
f 73/229/272 76/230/274 89/201/243
f 76/230/274 84/231/273 89/201/243
s 51
f 100/235/275 96/236/276 104/215/258
f 102/216/257 104/215/258 99/234/277
f 95/233/278 99/234/277 96/236/276
f 99/234/277 104/215/258 96/236/276
s off
usemtl initialShadingGroup
f 105/237/279 107/239/280 106/238/281
s 56
usemtl phong3SG
f 108/240/282 113/241/283 109/244/284
f 109/244/284 113/241/283 112/247/285
f 113/241/283 123/242/286 112/247/285
f 112/247/285 123/242/286 111/246/287
f 123/242/286 114/243/288 111/246/287
f 111/246/287 114/243/288 110/245/289
f 108/240/282 109/244/284 114/243/288
f 109/244/284 110/245/289 114/243/288
s 57
f 115/248/290 118/252/291 117/251/292
f 118/252/291 119/253/293 117/251/292
f 117/251/292 119/253/293 122/250/294
f 119/253/293 120/254/295 122/250/294
f 122/250/294 120/254/295 116/249/296
f 120/254/295 121/255/297 116/249/296
f 115/248/290 116/249/296 118/252/291
f 121/255/297 118/252/291 116/249/296
s 58
f 108/240/298 114/243/299 115/257/300
f 115/257/300 114/243/299 116/256/301
s 59
f 115/248/302 117/251/303 108/258/304
f 108/258/304 117/251/303 113/259/305
s 60
f 123/242/306 122/250/307 114/243/308
f 114/243/308 122/250/307 116/249/309
s 61
f 110/260/310 121/261/311 111/263/312
f 111/263/312 121/261/311 120/262/313
s 62
f 111/264/314 120/265/315 112/267/316
f 112/267/316 120/265/315 119/266/317
s 63
f 109/268/318 118/269/319 110/271/320
f 110/271/320 118/269/319 121/270/321
s 64
f 109/272/322 112/273/323 118/275/324
f 118/275/324 112/273/323 119/274/325
s 65
f 113/259/326 117/251/327 123/242/328
f 123/242/328 117/251/327 122/250/329
s 66
f 124/276/330 125/277/331 139/279/332
f 139/279/332 125/277/331 140/278/333
f 125/277/331 126/280/334 140/278/333
f 140/278/333 126/280/334 141/281/335
f 126/280/334 127/282/336 141/281/335
f 141/281/335 127/282/336 142/283/337
f 127/282/336 128/284/338 142/283/337
f 142/283/337 128/284/338 143/285/339
f 128/284/338 129/286/340 143/285/339
f 143/285/339 129/286/340 144/287/341
f 129/286/340 130/288/342 144/287/341
f 144/287/341 130/288/342 145/289/343
f 130/288/342 131/290/344 145/289/343
f 145/289/343 131/290/344 146/291/345
f 131/290/344 132/292/346 146/291/345
f 146/291/345 132/292/346 147/293/347
f 132/292/346 133/294/348 147/293/347
f 147/293/347 133/294/348 148/295/349
f 136/297/350 151/298/351 135/296/352
f 135/296/352 151/298/351 150/299/353
f 136/297/350 137/300/354 151/298/351
f 151/298/351 137/300/354 152/301/355
f 137/300/354 138/302/356 152/301/355
f 152/301/355 138/302/356 153/303/357
f 138/302/356 124/304/330 153/303/357
f 153/303/357 124/304/330 139/305/332
s 68
f 125/306/358 124/307/359 154/308/360
f 126/309/361 125/306/358 154/308/360
f 127/310/362 126/309/361 154/308/360
f 128/311/363 127/310/362 154/308/360
f 129/312/364 128/311/363 154/308/360
f 130/313/365 129/312/364 154/308/360
f 131/314/366 130/313/365 154/308/360
f 132/315/367 131/314/366 154/308/360
f 133/316/368 132/315/367 154/308/360
f 134/317/369 133/316/368 154/308/360
f 137/318/370 136/319/371 154/308/360
f 138/320/372 137/318/370 154/308/360
f 124/307/359 138/320/372 154/308/360
s 70
f 139/321/373 140/322/374 155/323/375
f 140/322/374 141/324/376 155/323/375
f 141/324/376 142/325/377 155/323/375
f 142/325/377 143/326/378 155/323/375
f 143/326/378 144/327/379 155/323/375
f 144/327/379 145/328/380 155/323/375
f 145/328/380 146/329/381 155/323/375
f 146/329/381 147/330/382 155/323/375
f 147/330/382 148/331/383 155/323/375
f 148/331/383 149/332/384 155/323/375
f 150/333/385 151/334/386 155/323/375
f 151/334/386 152/335/387 155/323/375
f 152/335/387 153/336/388 155/323/375
f 153/336/388 139/321/373 155/323/375
s 72
usemtl lambert3SG
f 157/337/389 156/338/390 169/339/391
f 3838/340/392 157/337/389 169/339/391
f 3839/341/393 3838/340/392 169/339/391
usemtl lambert10SG
f 3840/342/394 3839/341/393 169/339/391
f 3841/343/395 3840/342/394 169/339/391
usemtl lambert3SG
f 158/344/396 3841/343/395 169/339/391
f 159/345/397 158/344/396 169/339/391
f 160/346/398 159/345/397 169/339/391
f 161/347/399 160/346/398 169/339/391
f 162/348/400 161/347/399 169/339/391
f 163/349/401 162/348/400 169/339/391
f 164/350/402 163/349/401 169/339/391
f 165/351/403 164/350/402 169/339/391
usemtl lambert10SG
f 3842/352/404 165/351/403 169/339/391
f 3844/353/405 3842/352/404 169/339/391
usemtl lambert3SG
f 3845/354/406 3844/353/405 169/339/391
f 3846/355/407 3845/354/406 169/339/391
f 3847/356/408 3846/355/407 169/339/391
f 3848/357/409 3847/356/408 169/339/391
f 156/338/390 3848/357/409 169/339/391
s off
f 166/359/410 167/360/411 170/358/412
s 73
f 168/361/413 3843/362/414 170/358/415
f 3843/362/414 3849/363/416 170/358/415
s 74
usemtl initialShadingGroup
f 171/364/417 172/365/418 173/367/419
f 173/367/419 172/365/418 174/366/420
s 75
f 173/367/421 174/366/422 175/369/423
f 175/369/423 174/366/422 176/368/424
s 76
f 177/370/425 178/371/426 171/373/427
f 171/373/427 178/371/426 172/372/428
s 77
usemtl phong3SG
f 177/374/429 171/364/430 175/375/431
f 175/375/431 171/364/430 173/367/432
s 78
usemtl initialShadingGroup
f 179/376/433 180/377/434 181/379/435
f 181/379/435 180/377/434 182/378/436
s 79
usemtl phong3SG
f 181/379/437 182/378/438 183/381/439
f 183/381/439 182/378/438 184/380/440
s 80
usemtl initialShadingGroup
f 185/382/441 186/383/442 179/385/443
f 179/385/443 186/383/442 180/384/444
s 81
usemtl phong3SG
f 180/377/445 186/386/446 182/378/447
f 182/378/447 186/386/446 184/387/448
s 82
usemtl initialShadingGroup
f 178/371/449 177/370/450 190/389/451
f 190/389/451 177/370/450 189/388/452
s 83
usemtl phong3SG
f 177/374/453 175/375/454 189/391/455
f 189/391/455 175/375/454 188/390/456
s 84
f 176/368/457 187/392/458 175/369/459
f 175/369/459 187/392/458 188/393/460
f 188/393/460 187/392/458 192/395/461
f 192/395/461 187/392/458 191/394/462
s 83
f 189/391/455 188/390/456 193/397/463
f 193/397/463 188/390/456 192/396/464
s 82
usemtl initialShadingGroup
f 189/388/452 193/398/465 190/389/451
f 190/389/451 193/398/465 194/399/466
s 84
usemtl phong3SG
f 192/395/461 191/394/462 196/401/467
f 196/401/467 191/394/462 195/400/468
s 83
f 193/397/463 192/396/464 197/403/469
f 197/403/469 192/396/464 196/402/470
s 82
usemtl initialShadingGroup
f 193/398/465 197/404/471 194/399/466
f 194/399/466 197/404/471 198/405/472
s 84
usemtl phong3SG
f 196/401/467 195/400/468 200/407/473
f 200/407/473 195/400/468 199/406/474
s 83
f 197/403/469 196/402/470 201/409/475
f 201/409/475 196/402/470 200/408/476
s 82
usemtl initialShadingGroup
f 197/404/471 201/410/477 198/405/472
f 198/405/472 201/410/477 202/411/478
s 84
usemtl phong3SG
f 200/407/473 199/406/474 204/413/479
f 204/413/479 199/406/474 203/412/480
s 83
f 201/409/475 200/408/476 205/415/481
f 205/415/481 200/408/476 204/414/482
s 82
usemtl initialShadingGroup
f 201/410/477 205/416/483 202/411/478
f 202/411/478 205/416/483 206/417/484
s 84
usemtl phong3SG
f 204/413/479 203/412/480 208/419/485
f 208/419/485 203/412/480 207/418/486
s 83
f 205/415/481 204/414/482 209/421/487
f 209/421/487 204/414/482 208/420/488
s 82
usemtl initialShadingGroup
f 205/416/483 209/422/489 206/417/484
f 206/417/484 209/422/489 210/423/490
s 84
usemtl phong3SG
f 208/419/485 207/418/486 212/425/491
f 212/425/491 207/418/486 211/424/492
s 83
f 209/421/487 208/420/488 213/427/493
f 213/427/493 208/420/488 212/426/494
s 82
usemtl initialShadingGroup
f 209/422/489 213/428/495 210/423/490
f 210/423/490 213/428/495 214/429/496
s 84
usemtl phong3SG
f 212/425/491 211/424/492 216/431/497
f 216/431/497 211/424/492 215/430/498
s 83
f 213/427/493 212/426/494 217/433/499
f 217/433/499 212/426/494 216/432/500
s 82
usemtl initialShadingGroup
f 213/428/495 217/434/501 214/429/496
f 214/429/496 217/434/501 218/435/502
s 84
usemtl phong3SG
f 216/431/497 215/430/498 220/437/503
f 220/437/503 215/430/498 219/436/504
s 83
f 217/433/499 216/432/500 221/439/505
f 221/439/505 216/432/500 220/438/506
s 82
usemtl initialShadingGroup
f 218/435/502 217/434/501 222/441/507
f 222/441/507 217/434/501 221/440/508
s 84
usemtl phong3SG
f 219/436/504 223/442/509 220/437/503
f 220/437/503 223/442/509 224/443/510
s 83
f 221/439/505 220/438/506 225/445/511
f 225/445/511 220/438/506 224/444/512
s 82
usemtl initialShadingGroup
f 222/441/507 221/440/508 226/447/513
f 226/447/513 221/440/508 225/446/514
s 84
usemtl phong3SG
f 223/442/509 227/448/515 224/443/510
f 224/443/510 227/448/515 228/449/516
s 83
f 225/445/511 224/444/512 229/451/517
f 229/451/517 224/444/512 228/450/518
s 82
usemtl initialShadingGroup
f 226/447/513 225/446/514 230/453/519
f 230/453/519 225/446/514 229/452/520
s 84
usemtl phong3SG
f 227/448/515 183/381/521 228/449/516
f 228/449/516 183/381/521 184/380/522
s 83
f 229/451/517 228/450/518 186/386/523
f 186/386/523 228/450/518 184/387/524
s 82
usemtl initialShadingGroup
f 230/453/519 229/452/520 185/382/525
f 185/382/525 229/452/520 186/383/526
s 85
usemtl phong3SG
f 231/454/527 232/455/528 242/457/529
f 242/457/529 232/455/528 243/456/530
f 232/455/528 233/458/531 243/456/530
f 243/456/530 233/458/531 244/459/532
f 233/458/531 234/460/533 244/459/532
f 244/459/532 234/460/533 245/461/534
f 234/460/533 235/462/535 245/461/534
f 245/461/534 235/462/535 246/463/536
f 235/462/535 236/464/537 246/463/536
f 246/463/536 236/464/537 247/465/538
f 236/464/537 237/466/539 247/465/538
f 247/465/538 237/466/539 248/467/540
f 237/466/539 238/468/541 248/467/540
f 248/467/540 238/468/541 249/469/542
f 238/468/541 239/470/543 249/469/542
f 249/469/542 239/470/543 250/471/544
f 239/470/543 240/472/545 250/471/544
f 250/471/544 240/472/545 251/473/546
s 86
f 232/474/547 231/475/548 254/476/549
f 233/477/550 232/474/547 254/476/549
f 234/478/551 233/477/550 254/476/549
f 235/479/552 234/478/551 254/476/549
f 236/480/553 235/479/552 254/476/549
f 237/481/554 236/480/553 254/476/549
f 238/482/555 237/481/554 254/476/549
f 239/483/556 238/482/555 254/476/549
f 240/484/557 239/483/556 254/476/549
f 241/485/558 240/484/557 254/476/549
s 87
f 242/486/559 243/487/560 255/488/561
f 243/487/560 244/489/562 255/488/561
f 244/489/562 245/490/563 255/488/561
f 245/490/563 246/491/564 255/488/561
f 246/491/564 247/492/565 255/488/561
f 247/492/565 248/493/566 255/488/561
f 248/493/566 249/494/567 255/488/561
f 249/494/567 250/495/568 255/488/561
f 250/495/568 251/496/569 255/488/561
f 251/496/569 252/497/570 255/488/561
f 252/497/570 253/498/571 255/488/561
s 88
usemtl initialShadingGroup
f 256/499/572 258/500/573 257/502/574
f 257/502/574 258/500/573 259/501/575
s 89
f 258/500/576 260/503/577 259/501/578
f 259/501/578 260/503/577 261/504/579
s 90
f 262/505/580 256/506/581 263/508/582
f 263/508/582 256/506/581 257/507/583
s 91
f 262/509/584 260/510/585 256/499/586
f 256/499/586 260/510/585 258/500/587
s 92
f 264/511/588 266/512/589 265/514/590
f 265/514/590 266/512/589 267/513/591
s 93
usemtl phong3SG
f 266/512/592 268/515/593 267/513/594
f 267/513/594 268/515/593 269/516/595
s 94
usemtl initialShadingGroup
f 264/518/596 265/519/597 270/517/598
f 270/517/598 265/519/597 271/520/599
s 95
usemtl phong3SG
f 265/514/600 267/513/601 271/522/602
f 271/522/602 267/513/601 269/521/603
s 96
f 261/504/604 260/503/605 275/524/606
f 275/524/606 260/503/605 274/523/607
s 97
f 260/510/608 262/509/609 274/526/610
f 274/526/610 262/509/609 273/525/611
s 98
usemtl initialShadingGroup
f 263/508/612 272/527/613 262/505/614
f 262/505/614 272/527/613 273/528/615
f 273/528/615 272/527/613 277/530/616
f 277/530/616 272/527/613 276/529/617
s 97
usemtl phong3SG
f 274/526/610 273/525/611 278/532/618
f 278/532/618 273/525/611 277/531/619
s 96
f 274/523/607 278/533/620 275/524/606
f 275/524/606 278/533/620 279/534/621
s 98
usemtl initialShadingGroup
f 277/530/616 276/529/617 281/536/622
f 281/536/622 276/529/617 280/535/623
s 97
usemtl phong3SG
f 278/532/618 277/531/619 282/538/624
f 282/538/624 277/531/619 281/537/625
s 96
f 278/533/620 282/539/626 279/534/621
f 279/534/621 282/539/626 283/540/627
s 98
usemtl initialShadingGroup
f 281/536/622 280/535/623 285/542/628
f 285/542/628 280/535/623 284/541/629
s 97
usemtl phong3SG
f 282/538/624 281/537/625 286/544/630
f 286/544/630 281/537/625 285/543/631
s 96
f 282/539/626 286/545/632 283/540/627
f 283/540/627 286/545/632 287/546/633
s 98
usemtl initialShadingGroup
f 285/542/628 284/541/629 289/548/634
f 289/548/634 284/541/629 288/547/635
s 97
usemtl phong3SG
f 286/544/630 285/543/631 290/550/636
f 290/550/636 285/543/631 289/549/637
s 96
f 286/545/632 290/551/638 287/546/633
f 287/546/633 290/551/638 291/552/639
s 98
usemtl initialShadingGroup
f 289/548/634 288/547/635 293/554/640
f 293/554/640 288/547/635 292/553/641
s 97
usemtl phong3SG
f 290/550/636 289/549/637 294/556/642
f 294/556/642 289/549/637 293/555/643
s 96
f 290/551/638 294/557/644 291/552/639
f 291/552/639 294/557/644 295/558/645
s 98
usemtl initialShadingGroup
f 292/553/641 296/559/646 293/554/640
f 293/554/640 296/559/646 297/560/647
s 97
usemtl phong3SG
f 294/556/642 293/555/643 298/562/648
f 298/562/648 293/555/643 297/561/649
s 96
f 295/558/645 294/557/644 299/564/650
f 299/564/650 294/557/644 298/563/651
s 98
usemtl initialShadingGroup
f 296/559/646 300/565/652 297/560/647
f 297/560/647 300/565/652 301/566/653
s 97
usemtl phong3SG
f 298/562/648 297/561/649 302/568/654
f 302/568/654 297/561/649 301/567/655
s 96
f 299/564/650 298/563/651 303/570/656
f 303/570/656 298/563/651 302/569/657
s 98
usemtl initialShadingGroup
f 300/565/652 304/571/658 301/566/653
f 301/566/653 304/571/658 305/572/659
s 97
usemtl phong3SG
f 302/568/654 301/567/655 306/574/660
f 306/574/660 301/567/655 305/573/661
s 96
f 303/570/656 302/569/657 307/576/662
f 307/576/662 302/569/657 306/575/663
s 98
usemtl initialShadingGroup
f 304/571/658 308/577/664 305/572/659
f 305/572/659 308/577/664 309/578/665
s 97
usemtl phong3SG
f 306/574/660 305/573/661 310/580/666
f 310/580/666 305/573/661 309/579/667
s 96
f 307/576/662 306/575/663 311/582/668
f 311/582/668 306/575/663 310/581/669
s 98
usemtl initialShadingGroup
f 308/577/664 312/583/670 309/578/665
f 309/578/665 312/583/670 313/584/671
s 97
usemtl phong3SG
f 310/580/666 309/579/667 314/586/672
f 314/586/672 309/579/667 313/585/673
s 96
f 311/582/668 310/581/669 315/588/674
f 315/588/674 310/581/669 314/587/675
s 98
usemtl initialShadingGroup
f 312/583/670 270/517/676 313/584/671
f 313/584/671 270/517/676 271/520/677
s 97
usemtl phong3SG
f 314/586/672 313/585/673 269/521/678
f 269/521/678 313/585/673 271/522/679
s 96
f 315/588/674 314/587/675 268/515/680
f 268/515/680 314/587/675 269/516/681
s 99
f 316/589/682 332/592/683 317/590/684
f 317/590/684 332/592/683 333/591/685
f 317/590/684 333/591/685 318/593/686
f 318/593/686 333/591/685 334/594/687
f 318/593/686 334/594/687 319/595/688
f 319/595/688 334/594/687 335/596/689
f 319/595/688 335/596/689 320/597/690
f 320/597/690 335/596/689 336/598/691
f 320/597/690 336/598/691 321/599/692
f 321/599/692 336/598/691 337/600/693
f 321/599/692 337/600/693 322/601/694
f 322/601/694 337/600/693 338/602/695
f 322/601/694 338/602/695 323/603/696
f 323/603/696 338/602/695 339/604/697
f 323/603/696 339/604/697 324/605/698
f 324/605/698 339/604/697 340/606/699
f 324/605/698 340/606/699 325/607/700
f 325/607/700 340/606/699 341/608/701
f 325/607/700 341/608/701 326/609/702
f 326/609/702 341/608/701 342/610/703
f 326/609/702 342/610/703 327/611/704
f 327/611/704 342/610/703 343/612/705
f 344/616/706 345/615/707 328/613/708
f 328/613/708 345/615/707 329/614/709
f 329/614/709 345/615/707 330/617/710
f 330/617/710 345/615/707 346/618/711
f 330/617/710 346/618/711 331/619/712
f 331/619/712 346/618/711 347/620/713
f 331/619/712 347/620/713 316/621/682
f 316/621/682 347/620/713 332/622/683
s 101
f 317/623/714 348/625/715 316/624/716
f 318/626/717 348/625/715 317/623/714
f 319/627/718 348/625/715 318/626/717
f 320/628/719 348/625/715 319/627/718
f 321/629/720 348/625/715 320/628/719
f 322/630/721 348/625/715 321/629/720
f 323/631/722 348/625/715 322/630/721
f 324/632/723 348/625/715 323/631/722
f 325/633/724 348/625/715 324/632/723
f 326/634/725 348/625/715 325/633/724
f 327/635/726 348/625/715 326/634/725
f 329/636/727 348/625/715 328/637/728
f 330/638/729 348/625/715 329/636/727
f 331/639/730 348/625/715 330/638/729
f 316/624/716 348/625/715 331/639/730
s 103
f 332/640/731 349/642/732 333/641/733
f 333/641/733 349/642/732 334/643/734
f 334/643/734 349/642/732 335/644/735
f 335/644/735 349/642/732 336/645/736
f 336/645/736 349/642/732 337/646/737
f 337/646/737 349/642/732 338/647/738
f 338/647/738 349/642/732 339/648/739
f 339/648/739 349/642/732 340/649/740
f 340/649/740 349/642/732 341/650/741
f 341/650/741 349/642/732 342/651/742
f 342/651/742 349/642/732 343/652/743
f 344/653/744 349/642/732 345/654/745
f 345/654/745 349/642/732 346/655/746
f 346/655/746 349/642/732 347/656/747
f 347/656/747 349/642/732 332/640/731
s 105
f 350/657/748 351/658/749 352/660/750
f 352/660/750 351/658/749 353/659/751
s 106
f 352/660/752 353/659/753 354/662/754
f 354/662/754 353/659/753 355/661/755
s 107
f 356/663/756 357/664/757 350/666/758
f 350/666/758 357/664/757 351/665/759
s 108
usemtl initialShadingGroup
f 351/658/760 357/667/761 353/659/762
f 353/659/762 357/667/761 355/668/763
s 109
f 356/669/764 350/657/765 354/670/766
f 354/670/766 350/657/765 352/660/767
s 110
usemtl phong3SG
f 358/671/768 359/672/769 360/674/770
f 360/674/770 359/672/769 361/673/771
s 111
f 360/674/772 361/673/773 362/676/774
f 362/676/774 361/673/773 363/675/775
s 112
f 364/677/776 365/678/777 358/680/778
f 358/680/778 365/678/777 359/679/779
s 113
usemtl initialShadingGroup
f 359/672/780 365/681/781 361/673/782
f 361/673/782 365/681/781 363/682/783
s 114
usemtl phong3SG
f 364/683/784 358/671/785 362/684/786
f 362/684/786 358/671/785 360/674/787
s 115
f 355/661/788 368/685/789 354/662/790
f 354/662/790 368/685/789 369/686/791
s 116
f 355/668/792 357/667/793 368/688/794
f 368/688/794 357/667/793 367/687/795
s 117
f 357/664/796 356/663/797 367/690/798
f 367/690/798 356/663/797 366/689/799
f 367/690/798 366/689/799 371/692/800
f 371/692/800 366/689/799 370/691/801
s 116
f 368/688/794 367/687/795 372/694/802
f 372/694/802 367/687/795 371/693/803
s 115
f 368/685/789 372/695/804 369/686/791
f 369/686/791 372/695/804 373/696/805
s 117
f 371/692/800 370/691/801 375/698/806
f 375/698/806 370/691/801 374/697/807
s 116
f 372/694/802 371/693/803 376/700/808
f 376/700/808 371/693/803 375/699/809
s 115
f 372/695/804 376/701/810 373/696/805
f 373/696/805 376/701/810 377/702/811
s 117
f 375/698/806 374/697/807 379/704/812
f 379/704/812 374/697/807 378/703/813
s 116
f 376/700/808 375/699/809 380/706/814
f 380/706/814 375/699/809 379/705/815
s 115
f 376/701/810 380/707/816 377/702/811
f 377/702/811 380/707/816 381/708/817
s 117
f 379/704/812 378/703/813 383/710/818
f 383/710/818 378/703/813 382/709/819
s 116
f 380/706/814 379/705/815 384/712/820
f 384/712/820 379/705/815 383/711/821
s 115
f 380/707/816 384/713/822 381/708/817
f 381/708/817 384/713/822 385/714/823
s 117
f 382/709/819 386/715/824 383/710/818
f 383/710/818 386/715/824 387/716/825
s 116
f 384/712/820 383/711/821 388/718/826
f 388/718/826 383/711/821 387/717/827
s 115
f 385/714/823 384/713/822 389/720/828
f 389/720/828 384/713/822 388/719/829
s 117
f 386/715/824 390/721/830 387/716/825
f 387/716/825 390/721/830 391/722/831
s 116
f 388/718/826 387/717/827 392/724/832
f 392/724/832 387/717/827 391/723/833
s 115
f 389/720/828 388/719/829 393/726/834
f 393/726/834 388/719/829 392/725/835
s 117
f 390/721/830 394/727/836 391/722/831
f 391/722/831 394/727/836 395/728/837
s 116
f 392/724/832 391/723/833 396/730/838
f 396/730/838 391/723/833 395/729/839
s 115
f 393/726/834 392/725/835 397/732/840
f 397/732/840 392/725/835 396/731/841
s 117
f 394/727/836 398/733/842 395/728/837
f 395/728/837 398/733/842 399/734/843
s 116
f 396/730/838 395/729/839 400/736/844
f 400/736/844 395/729/839 399/735/845
s 115
f 397/732/840 396/731/841 401/738/846
f 401/738/846 396/731/841 400/737/847
s 117
f 398/733/842 402/739/848 399/734/843
f 399/734/843 402/739/848 403/740/849
s 116
f 400/736/844 399/735/845 404/742/850
f 404/742/850 399/735/845 403/741/851
s 115
f 401/738/846 400/737/847 405/744/852
f 405/744/852 400/737/847 404/743/853
s 117
f 402/739/848 406/745/854 403/740/849
f 403/740/849 406/745/854 407/746/855
s 116
f 404/742/850 403/741/851 408/748/856
f 408/748/856 403/741/851 407/747/857
s 115
f 405/744/852 404/743/853 409/750/858
f 409/750/858 404/743/853 408/749/859
s 117
f 406/745/854 365/678/860 407/746/855
f 407/746/855 365/678/860 364/677/861
s 116
f 408/748/856 407/747/857 362/684/862
f 362/684/862 407/747/857 364/683/863
s 115
f 409/750/858 408/749/859 363/675/864
f 363/675/864 408/749/859 362/676/865
s 118
usemtl phong5SG
f 410/751/866 421/754/867 411/752/868
f 411/752/868 421/754/867 422/753/869
f 411/752/868 422/753/869 412/755/870
f 412/755/870 422/753/869 423/756/871
f 412/755/870 423/756/871 413/757/872
f 413/757/872 423/756/871 424/758/873
f 413/757/872 424/758/873 414/759/874
f 414/759/874 424/758/873 425/760/875
f 414/759/874 425/760/875 415/761/876
f 415/761/876 425/760/875 426/762/877
f 415/761/876 426/762/877 416/763/878
f 416/763/878 426/762/877 427/764/879
usemtl initialShadingGroup
f 416/763/878 427/764/879 417/765/880
f 417/765/880 427/764/879 428/766/881
f 417/765/880 428/766/881 418/767/882
f 418/767/882 428/766/881 429/768/883
usemtl phong5SG
f 419/769/884 430/772/885 420/770/886
f 420/770/886 430/772/885 431/771/887
f 420/770/886 431/771/887 410/773/866
f 410/773/866 431/771/887 421/774/867
s 120
usemtl initialShadingGroup
f 411/775/888 432/777/889 410/776/890
f 412/778/891 432/777/889 411/775/888
f 413/779/892 432/777/889 412/778/891
f 414/780/893 432/777/889 413/779/892
f 415/781/894 432/777/889 414/780/893
f 416/782/895 432/777/889 415/781/894
f 420/783/896 432/777/889 419/784/897
f 410/776/890 432/777/889 420/783/896
s 121
f 421/785/898 433/787/899 422/786/900
f 422/786/900 433/787/899 423/788/901
f 423/788/901 433/787/899 424/789/902
f 424/789/902 433/787/899 425/790/903
f 425/790/903 433/787/899 426/791/904
f 426/791/904 433/787/899 427/792/905
f 430/793/906 433/787/899 431/794/907
f 431/794/907 433/787/899 421/785/898
s 122
f 434/795/908 435/796/909 436/798/910
f 436/798/910 435/796/909 437/797/911
s 123
usemtl phong3SG
f 436/798/912 437/797/913 438/800/914
f 438/800/914 437/797/913 439/799/915
s 124
usemtl initialShadingGroup
f 440/801/916 441/802/917 434/804/918
f 434/804/918 441/802/917 435/803/919
s 125
usemtl phong3SG
f 440/805/920 434/795/921 438/806/922
f 438/806/922 434/795/921 436/798/923
s 126
usemtl initialShadingGroup
f 442/807/924 443/808/925 444/810/926
f 444/810/926 443/808/925 445/809/927
s 127
usemtl phong3SG
f 444/810/928 445/809/929 446/812/930
f 446/812/930 445/809/929 447/811/931
s 128
usemtl initialShadingGroup
f 448/813/932 449/814/933 442/816/934
f 442/816/934 449/814/933 443/815/935
s 129
usemtl phong3SG
f 443/808/936 449/817/937 445/809/938
f 445/809/938 449/817/937 447/818/939
s 130
usemtl initialShadingGroup
f 441/802/940 440/801/941 453/820/942
f 453/820/942 440/801/941 452/819/943
s 131
usemtl phong3SG
f 440/805/944 438/806/945 452/822/946
f 452/822/946 438/806/945 451/821/947
s 132
f 439/799/948 450/823/949 438/800/950
f 438/800/950 450/823/949 451/824/951
f 451/824/951 450/823/949 455/826/952
f 455/826/952 450/823/949 454/825/953
s 131
f 452/822/946 451/821/947 456/828/954
f 456/828/954 451/821/947 455/827/955
s 130
usemtl initialShadingGroup
f 452/819/943 456/829/956 453/820/942
f 453/820/942 456/829/956 457/830/957
s 132
usemtl phong3SG
f 455/826/952 454/825/953 459/832/958
f 459/832/958 454/825/953 458/831/959
s 131
f 456/828/954 455/827/955 460/834/960
f 460/834/960 455/827/955 459/833/961
s 130
usemtl initialShadingGroup
f 456/829/956 460/835/962 457/830/957
f 457/830/957 460/835/962 461/836/963
s 132
usemtl phong3SG
f 459/832/958 458/831/959 463/838/964
f 463/838/964 458/831/959 462/837/965
s 131
f 460/834/960 459/833/961 464/840/966
f 464/840/966 459/833/961 463/839/967
s 130
usemtl initialShadingGroup
f 460/835/962 464/841/968 461/836/963
f 461/836/963 464/841/968 465/842/969
s 132
usemtl phong3SG
f 463/838/964 462/837/965 467/844/970
f 467/844/970 462/837/965 466/843/971
s 131
f 464/840/966 463/839/967 468/846/972
f 468/846/972 463/839/967 467/845/973
s 130
usemtl initialShadingGroup
f 464/841/968 468/847/974 465/842/969
f 465/842/969 468/847/974 469/848/975
s 132
usemtl phong3SG
f 467/844/970 466/843/971 471/850/976
f 471/850/976 466/843/971 470/849/977
s 131
f 468/846/972 467/845/973 472/852/978
f 472/852/978 467/845/973 471/851/979
s 130
usemtl initialShadingGroup
f 468/847/974 472/853/980 469/848/975
f 469/848/975 472/853/980 473/854/981
s 132
usemtl phong3SG
f 471/850/976 470/849/977 475/856/982
f 475/856/982 470/849/977 474/855/983
s 131
f 472/852/978 471/851/979 476/858/984
f 476/858/984 471/851/979 475/857/985
s 130
usemtl initialShadingGroup
f 472/853/980 476/859/986 473/854/981
f 473/854/981 476/859/986 477/860/987
s 132
usemtl phong3SG
f 475/856/982 474/855/983 479/862/988
f 479/862/988 474/855/983 478/861/989
s 131
f 476/858/984 475/857/985 480/864/990
f 480/864/990 475/857/985 479/863/991
s 130
usemtl initialShadingGroup
f 476/859/986 480/865/992 477/860/987
f 477/860/987 480/865/992 481/866/993
s 132
usemtl phong3SG
f 479/862/988 478/861/989 483/868/994
f 483/868/994 478/861/989 482/867/995
s 131
f 480/864/990 479/863/991 484/870/996
f 484/870/996 479/863/991 483/869/997
s 130
usemtl initialShadingGroup
f 481/866/993 480/865/992 485/872/998
f 485/872/998 480/865/992 484/871/999
s 132
usemtl phong3SG
f 482/867/995 486/873/1000 483/868/994
f 483/868/994 486/873/1000 487/874/1001
s 131
f 484/870/996 483/869/997 488/876/1002
f 488/876/1002 483/869/997 487/875/1003
s 130
usemtl initialShadingGroup
f 485/872/998 484/871/999 489/878/1004
f 489/878/1004 484/871/999 488/877/1005
s 132
usemtl phong3SG
f 486/873/1000 490/879/1006 487/874/1001
f 487/874/1001 490/879/1006 491/880/1007
s 131
f 488/876/1002 487/875/1003 492/882/1008
f 492/882/1008 487/875/1003 491/881/1009
s 130
usemtl initialShadingGroup
f 489/878/1004 488/877/1005 493/884/1010
f 493/884/1010 488/877/1005 492/883/1011
s 132
usemtl phong3SG
f 490/879/1006 446/812/1012 491/880/1007
f 491/880/1007 446/812/1012 447/811/1013
s 131
f 492/882/1008 491/881/1009 449/817/1014
f 449/817/1014 491/881/1009 447/818/1015
s 130
usemtl initialShadingGroup
f 493/884/1010 492/883/1011 448/813/1016
f 448/813/1016 492/883/1011 449/814/1017
s 133
usemtl phong5SG
f 494/885/1018 495/886/1019 504/888/1020
f 504/888/1020 495/886/1019 505/887/1021
f 495/886/1019 496/889/1022 505/887/1021
f 505/887/1021 496/889/1022 506/890/1023
f 496/889/1022 497/891/1024 506/890/1023
f 506/890/1023 497/891/1024 507/892/1025
f 497/891/1024 498/893/1026 507/892/1025
f 507/892/1025 498/893/1026 508/894/1027
f 498/893/1026 499/895/1028 508/894/1027
f 508/894/1027 499/895/1028 509/896/1029
f 499/895/1028 500/897/1030 509/896/1029
f 509/896/1029 500/897/1030 510/898/1031
f 500/897/1030 501/899/1032 510/898/1031
f 510/898/1031 501/899/1032 511/900/1033
f 502/901/1034 503/902/1035 512/904/1036
f 512/904/1036 503/902/1035 513/903/1037
f 503/902/1035 494/905/1018 513/903/1037
f 513/903/1037 494/905/1018 504/906/1020
s 135
usemtl initialShadingGroup
f 495/907/1038 494/908/1039 514/909/1040
f 496/910/1041 495/907/1038 514/909/1040
f 497/911/1042 496/910/1041 514/909/1040
f 498/912/1043 497/911/1042 514/909/1040
f 499/913/1044 498/912/1043 514/909/1040
f 500/914/1045 499/913/1044 514/909/1040
f 503/915/1046 502/916/1047 514/909/1040
f 494/908/1039 503/915/1046 514/909/1040
s 136
f 504/917/1048 505/918/1049 515/919/1050
f 505/918/1049 506/920/1051 515/919/1050
f 506/920/1051 507/921/1052 515/919/1050
f 507/921/1052 508/922/1053 515/919/1050
f 508/922/1053 509/923/1054 515/919/1050
f 509/923/1054 510/924/1055 515/919/1050
f 512/925/1056 513/926/1057 515/919/1050
f 513/926/1057 504/917/1048 515/919/1050
s 137
usemtl phong7SG
f 516/927/1058 517/928/1059 519/930/1060
f 519/930/1060 517/928/1059 520/929/1061
s 138
f 517/931/1062 518/932/1063 520/934/1064
f 520/934/1064 518/932/1063 522/933/1065
s 137
f 519/930/1060 520/929/1061 523/936/1066
f 523/936/1066 520/929/1061 524/935/1067
s 139
f 516/937/1068 519/938/1069 521/940/1070
f 521/940/1070 519/938/1069 525/939/1071
s 138
f 520/934/1064 522/941/1065 524/943/1072
f 524/943/1072 522/941/1065 528/942/1073
s 137
f 523/936/1066 524/935/1067 529/945/1074
f 529/945/1074 524/935/1067 530/944/1075
s 139
f 519/938/1069 523/946/1076 525/948/1071
f 525/948/1071 523/946/1076 531/947/1077
s 137
f 526/949/1078 532/950/1079 527/952/1080
f 527/952/1080 532/950/1079 533/951/1081
s 138
f 524/943/1072 528/953/1073 530/955/1082
f 530/955/1082 528/953/1073 536/954/1083
s 137
f 529/945/1074 530/944/1075 537/957/1084
f 537/957/1084 530/944/1075 538/956/1085
s 139
f 523/946/1076 529/958/1086 531/960/1077
f 531/960/1077 529/958/1086 539/959/1087
s 137
f 532/950/1079 540/961/1088 533/951/1081
f 533/951/1081 540/961/1088 541/962/1089
s 138
f 527/963/1090 533/964/1091 534/966/1092
f 534/966/1092 533/964/1091 542/965/1093
s 139
f 526/967/1094 535/968/1095 532/970/1096
f 532/970/1096 535/968/1095 543/969/1097
s 138
f 530/955/1082 536/971/1083 538/973/1098
f 538/973/1098 536/971/1083 544/972/1099
s 137
f 537/957/1084 538/956/1085 545/975/1100
f 545/975/1100 538/956/1085 546/974/1101
s 139
f 529/958/1086 537/976/1102 539/978/1087
f 539/978/1087 537/976/1102 547/977/1103
s 137
f 540/961/1088 548/979/1104 541/962/1089
f 541/962/1089 548/979/1104 549/980/1105
s 138
f 533/964/1091 541/981/1106 542/983/1093
f 542/983/1093 541/981/1106 550/982/1107
s 139
f 532/970/1096 543/984/1097 540/986/1108
f 540/986/1108 543/984/1097 551/985/1109
s 138
f 538/973/1098 544/987/1099 546/989/1110
f 546/989/1110 544/987/1099 552/988/1111
s 137
f 545/975/1100 546/974/1101 554/991/1112
f 554/991/1112 546/974/1101 553/990/1113
s 139
f 537/976/1102 545/992/1114 547/994/1103
f 547/994/1103 545/992/1114 555/993/1115
s 137
f 548/979/1104 554/991/1112 549/980/1105
f 549/980/1105 554/991/1112 553/990/1113
s 138
f 541/981/1106 549/995/1116 550/997/1107
f 550/997/1107 549/995/1116 556/996/1117
s 139
f 540/986/1108 551/998/1109 548/1000/1118
f 548/1000/1118 551/998/1109 557/999/1119
s 138
f 546/989/1110 552/1001/1111 553/1003/1120
f 553/1003/1120 552/1001/1111 558/1002/1121
s 139
f 545/992/1114 554/1004/1122 555/1006/1115
f 555/1006/1115 554/1004/1122 559/1005/1123
s 138
f 549/995/1116 553/1003/1120 556/1008/1117
f 556/1008/1117 553/1003/1120 558/1007/1121
s 139
f 548/1000/1118 557/1009/1119 554/1004/1122
f 554/1004/1122 557/1009/1119 559/1010/1123
s 143
f 518/1011/1124 521/1012/1125 522/1014/1126
f 522/1014/1126 521/1012/1125 525/1013/1127
s 144
f 522/1015/1128 525/1016/1129 528/1018/1130
f 528/1018/1130 525/1016/1129 531/1017/1131
s 145
f 528/1019/1132 531/1020/1133 536/1022/1134
f 536/1022/1134 531/1020/1133 539/1021/1135
s 146
f 536/1023/1136 539/1024/1137 544/1026/1138
f 544/1026/1138 539/1024/1137 547/1025/1139
s 147
f 534/1027/1140 542/1028/1141 535/1030/1142
f 535/1030/1142 542/1028/1141 543/1029/1143
s 148
f 544/1031/1144 547/1032/1145 552/1034/1146
f 552/1034/1146 547/1032/1145 555/1033/1147
s 149
f 542/1035/1148 550/1036/1149 543/1038/1150
f 543/1038/1150 550/1036/1149 551/1037/1151
s 150
f 552/1039/1152 555/1040/1153 558/1042/1154
f 558/1042/1154 555/1040/1153 559/1041/1155
s 151
f 550/1043/1156 556/1044/1157 551/1046/1158
f 551/1046/1158 556/1044/1157 557/1045/1159
s 152
f 556/1047/1160 558/1048/1161 557/1050/1162
f 557/1050/1162 558/1048/1161 559/1049/1163
s off
usemtl initialShadingGroup
f 560/1051/1164 561/1052/1165 562/1053/1166
s 153
usemtl lambert6SG
f 563/1054/1167 564/1055/1168 578/1057/1169
f 578/1057/1169 564/1055/1168 579/1056/1170
f 564/1055/1168 565/1058/1171 579/1056/1170
f 579/1056/1170 565/1058/1171 580/1059/1172
usemtl phong8SG
f 565/1058/1171 566/1060/1173 580/1059/1172
f 580/1059/1172 566/1060/1173 581/1061/1174
f 566/1060/1173 567/1062/1175 581/1061/1174
f 581/1061/1174 567/1062/1175 582/1063/1176
usemtl lambert6SG
f 567/1062/1175 568/1064/1177 582/1063/1176
f 582/1063/1176 568/1064/1177 583/1065/1178
f 568/1064/1177 569/1066/1179 583/1065/1178
f 583/1065/1178 569/1066/1179 584/1067/1180
f 569/1066/1179 570/1068/1181 584/1067/1180
f 584/1067/1180 570/1068/1181 585/1069/1182
usemtl initialShadingGroup
f 570/1068/1181 571/1070/1183 585/1069/1182
f 585/1069/1182 571/1070/1183 586/1071/1184
f 571/1070/1183 572/1072/1185 586/1071/1184
f 586/1071/1184 572/1072/1185 587/1073/1186
f 575/1075/1187 590/1076/1188 574/1074/1189
f 574/1074/1189 590/1076/1188 589/1077/1190
usemtl lambert6SG
f 575/1075/1187 576/1078/1191 590/1076/1188
f 590/1076/1188 576/1078/1191 591/1079/1192
f 576/1078/1191 577/1080/1193 591/1079/1192
f 591/1079/1192 577/1080/1193 592/1081/1194
f 577/1080/1193 563/1082/1167 592/1081/1194
f 592/1081/1194 563/1082/1167 578/1083/1169
s 155
usemtl initialShadingGroup
f 564/1084/1195 563/1085/1196 593/1086/1197
f 565/1087/1198 564/1084/1195 593/1086/1197
f 566/1088/1199 565/1087/1198 593/1086/1197
f 567/1089/1200 566/1088/1199 593/1086/1197
f 568/1090/1201 567/1089/1200 593/1086/1197
f 569/1091/1202 568/1090/1201 593/1086/1197
f 570/1092/1203 569/1091/1202 593/1086/1197
f 571/1093/1204 570/1092/1203 593/1086/1197
f 572/1094/1205 571/1093/1204 593/1086/1197
f 573/1095/1206 572/1094/1205 593/1086/1197
f 576/1096/1207 575/1097/1208 593/1086/1197
f 577/1098/1209 576/1096/1207 593/1086/1197
f 563/1085/1196 577/1098/1209 593/1086/1197
s 157
f 578/1099/1210 579/1100/1211 594/1101/1212
f 579/1100/1211 580/1102/1213 594/1101/1212
f 580/1102/1213 581/1103/1214 594/1101/1212
f 581/1103/1214 582/1104/1215 594/1101/1212
f 582/1104/1215 583/1105/1216 594/1101/1212
f 583/1105/1216 584/1106/1217 594/1101/1212
f 584/1106/1217 585/1107/1218 594/1101/1212
f 585/1107/1218 586/1108/1219 594/1101/1212
f 586/1108/1219 587/1109/1220 594/1101/1212
f 587/1109/1220 588/1110/1221 594/1101/1212
f 589/1111/1222 590/1112/1223 594/1101/1212
f 590/1112/1223 591/1113/1224 594/1101/1212
f 591/1113/1224 592/1114/1225 594/1101/1212
f 592/1114/1225 578/1099/1210 594/1101/1212
s 159
usemtl phong7SG
f 595/1115/1226 596/1116/1227 615/1118/1228
f 615/1118/1228 596/1116/1227 616/1117/1229
f 596/1116/1227 597/1119/1230 616/1117/1229
f 616/1117/1229 597/1119/1230 617/1120/1231
f 597/1119/1230 598/1121/1232 617/1120/1231
f 617/1120/1231 598/1121/1232 618/1122/1233
f 598/1121/1232 599/1123/1234 618/1122/1233
f 618/1122/1233 599/1123/1234 619/1124/1235
f 599/1123/1234 600/1125/1236 619/1124/1235
f 619/1124/1235 600/1125/1236 620/1126/1237
f 600/1125/1236 601/1127/1238 620/1126/1237
f 620/1126/1237 601/1127/1238 621/1128/1239
f 601/1127/1238 602/1129/1240 621/1128/1239
f 621/1128/1239 602/1129/1240 622/1130/1241
f 602/1129/1240 603/1131/1242 622/1130/1241
f 622/1130/1241 603/1131/1242 623/1132/1243
f 603/1131/1242 604/1133/1244 623/1132/1243
f 623/1132/1243 604/1133/1244 624/1134/1245
f 604/1133/1244 605/1135/1246 624/1134/1245
f 624/1134/1245 605/1135/1246 625/1136/1247
f 605/1135/1246 606/1137/1248 625/1136/1247
f 625/1136/1247 606/1137/1248 626/1138/1249
f 606/1137/1248 607/1139/1250 626/1138/1249
f 626/1138/1249 607/1139/1250 627/1140/1251
f 607/1139/1250 608/1141/1252 627/1140/1251
f 627/1140/1251 608/1141/1252 628/1142/1253
f 608/1141/1252 609/1143/1254 628/1142/1253
f 628/1142/1253 609/1143/1254 629/1144/1255
f 609/1143/1254 610/1145/1256 629/1144/1255
f 629/1144/1255 610/1145/1256 630/1146/1257
f 610/1145/1256 611/1147/1258 630/1146/1257
f 630/1146/1257 611/1147/1258 631/1148/1259
f 611/1147/1258 612/1149/1260 631/1148/1259
f 631/1148/1259 612/1149/1260 632/1150/1261
f 612/1149/1260 613/1151/1262 632/1150/1261
f 632/1150/1261 613/1151/1262 633/1152/1263
f 613/1151/1262 614/1153/1264 633/1152/1263
f 633/1152/1263 614/1153/1264 634/1154/1265
f 614/1153/1264 595/1155/1226 634/1154/1265
f 634/1154/1265 595/1155/1226 615/1156/1228
s 160
f 596/1157/1266 595/1158/1267 635/1159/1268
f 597/1160/1269 596/1157/1266 635/1159/1268
f 598/1161/1270 597/1160/1269 635/1159/1268
f 599/1162/1271 598/1161/1270 635/1159/1268
f 600/1163/1272 599/1162/1271 635/1159/1268
f 601/1164/1273 600/1163/1272 635/1159/1268
f 602/1165/1274 601/1164/1273 635/1159/1268
f 603/1166/1275 602/1165/1274 635/1159/1268
f 604/1167/1276 603/1166/1275 635/1159/1268
f 605/1168/1277 604/1167/1276 635/1159/1268
f 606/1169/1278 605/1168/1277 635/1159/1268
f 607/1170/1279 606/1169/1278 635/1159/1268
f 608/1171/1280 607/1170/1279 635/1159/1268
f 609/1172/1281 608/1171/1280 635/1159/1268
f 610/1173/1282 609/1172/1281 635/1159/1268
f 611/1174/1283 610/1173/1282 635/1159/1268
f 612/1175/1284 611/1174/1283 635/1159/1268
f 613/1176/1285 612/1175/1284 635/1159/1268
f 614/1177/1286 613/1176/1285 635/1159/1268
f 595/1158/1267 614/1177/1286 635/1159/1268
s 161
f 615/1178/1287 616/1179/1288 636/1180/1289
f 616/1179/1288 617/1181/1290 636/1180/1289
f 617/1181/1290 618/1182/1291 636/1180/1289
f 618/1182/1291 619/1183/1292 636/1180/1289
f 619/1183/1292 620/1184/1293 636/1180/1289
f 620/1184/1293 621/1185/1294 636/1180/1289
f 621/1185/1294 622/1186/1295 636/1180/1289
f 622/1186/1295 623/1187/1296 636/1180/1289
f 623/1187/1296 624/1188/1297 636/1180/1289
f 624/1188/1297 625/1189/1298 636/1180/1289
f 625/1189/1298 626/1190/1299 636/1180/1289
f 626/1190/1299 627/1191/1300 636/1180/1289
f 627/1191/1300 628/1192/1301 636/1180/1289
f 628/1192/1301 629/1193/1302 636/1180/1289
f 629/1193/1302 630/1194/1303 636/1180/1289
f 630/1194/1303 631/1195/1304 636/1180/1289
f 631/1195/1304 632/1196/1305 636/1180/1289
f 632/1196/1305 633/1197/1306 636/1180/1289
f 633/1197/1306 634/1198/1307 636/1180/1289
f 634/1198/1307 615/1178/1287 636/1180/1289
s 162
usemtl phong3SG
f 637/1199/1308 638/1200/1309 639/1202/1310
f 639/1202/1310 638/1200/1309 640/1201/1311
s 163
f 639/1202/1312 640/1201/1313 641/1204/1314
f 641/1204/1314 640/1201/1313 642/1203/1315
s 164
f 641/1204/1316 642/1203/1317 643/1206/1318
f 643/1206/1318 642/1203/1317 644/1205/1319
s 165
f 643/1206/1320 644/1205/1321 637/1208/1322
f 637/1208/1322 644/1205/1321 638/1207/1323
s 166
f 638/1200/1324 644/1209/1325 640/1201/1326
f 640/1201/1326 644/1209/1325 642/1210/1327
s 167
f 643/1211/1328 637/1199/1329 641/1212/1330
f 641/1212/1330 637/1199/1329 639/1202/1331
s 168
usemtl phong5SG
f 645/1213/1332 654/1216/1333 646/1214/1334
f 646/1214/1334 654/1216/1333 655/1215/1335
f 646/1214/1334 655/1215/1335 647/1217/1336
f 647/1217/1336 655/1215/1335 656/1218/1337
f 647/1217/1336 656/1218/1337 648/1219/1338
f 648/1219/1338 656/1218/1337 657/1220/1339
f 648/1219/1338 657/1220/1339 649/1221/1340
f 649/1221/1340 657/1220/1339 658/1222/1341
usemtl initialShadingGroup
f 649/1221/1340 658/1222/1341 650/1223/1342
f 650/1223/1342 658/1222/1341 659/1224/1343
usemtl phong5SG
f 652/1225/1344 661/1228/1345 653/1226/1346
f 653/1226/1346 661/1228/1345 662/1227/1347
f 653/1226/1346 662/1227/1347 645/1229/1332
f 645/1229/1332 662/1227/1347 654/1230/1333
s 170
usemtl initialShadingGroup
f 646/1231/1348 663/1233/1349 645/1232/1350
f 647/1234/1351 663/1233/1349 646/1231/1348
f 648/1235/1352 663/1233/1349 647/1234/1351
f 649/1236/1353 663/1233/1349 648/1235/1352
f 650/1237/1354 663/1233/1349 649/1236/1353
f 651/1238/1355 663/1233/1349 650/1237/1354
f 653/1239/1356 663/1233/1349 652/1240/1357
f 645/1232/1350 663/1233/1349 653/1239/1356
s 171
f 654/1241/1358 664/1243/1359 655/1242/1360
f 655/1242/1360 664/1243/1359 656/1244/1361
f 656/1244/1361 664/1243/1359 657/1245/1362
f 657/1245/1362 664/1243/1359 658/1246/1363
f 658/1246/1363 664/1243/1359 659/1247/1364
f 659/1247/1364 664/1243/1359 660/1248/1365
f 661/1249/1366 664/1243/1359 662/1250/1367
f 662/1250/1367 664/1243/1359 654/1241/1358
s 172
usemtl phong3SG
f 665/1251/1368 666/1252/1369 667/1254/1370
f 667/1254/1370 666/1252/1369 668/1253/1371
s 173
f 667/1254/1372 668/1253/1373 669/1256/1374
f 669/1256/1374 668/1253/1373 670/1255/1375
s 174
f 669/1256/1376 670/1255/1377 671/1258/1378
f 671/1258/1378 670/1255/1377 672/1257/1379
s 175
f 671/1258/1380 672/1257/1381 665/1260/1382
f 665/1260/1382 672/1257/1381 666/1259/1383
s 176
f 666/1252/1384 672/1261/1385 668/1253/1386
f 668/1253/1386 672/1261/1385 670/1262/1387
s 177
f 671/1263/1388 665/1251/1389 669/1264/1390
f 669/1264/1390 665/1251/1389 667/1254/1391
s 178
f 673/1265/1392 674/1266/1393 675/1268/1394
f 675/1268/1394 674/1266/1393 676/1267/1395
s 179
f 675/1268/1396 676/1267/1397 677/1270/1398
f 677/1270/1398 676/1267/1397 678/1269/1399
s 180
f 677/1270/1400 678/1269/1401 679/1272/1402
f 679/1272/1402 678/1269/1401 680/1271/1403
s 181
f 679/1272/1404 680/1271/1405 673/1274/1406
f 673/1274/1406 680/1271/1405 674/1273/1407
s 182
f 674/1266/1408 680/1275/1409 676/1267/1410
f 676/1267/1410 680/1275/1409 678/1276/1411
s 183
f 679/1277/1412 673/1265/1413 677/1278/1414
f 677/1278/1414 673/1265/1413 675/1268/1415
s 184
usemtl lambert6SG
f 681/1279/1416 697/1282/1417 682/1280/1418
f 682/1280/1418 697/1282/1417 698/1281/1419
f 682/1280/1418 698/1281/1419 683/1283/1420
f 683/1283/1420 698/1281/1419 699/1284/1421
usemtl phong8SG
f 683/1285/1420 699/1288/1421 684/1286/1422
f 684/1286/1422 699/1288/1421 700/1287/1423
f 684/1286/1422 700/1287/1423 685/1289/1424
f 685/1289/1424 700/1287/1423 701/1290/1425
usemtl lambert6SG
f 685/1291/1424 701/1294/1425 686/1292/1426
f 686/1292/1426 701/1294/1425 702/1293/1427
f 686/1292/1426 702/1293/1427 687/1295/1428
f 687/1295/1428 702/1293/1427 703/1296/1429
f 687/1295/1428 703/1296/1429 688/1297/1430
f 688/1297/1430 703/1296/1429 704/1298/1431
usemtl initialShadingGroup
f 688/1299/1430 704/1302/1431 689/1300/1432
f 689/1300/1432 704/1302/1431 705/1301/1433
f 689/1300/1432 705/1301/1433 690/1303/1434
f 690/1303/1434 705/1301/1433 706/1304/1435
f 709/1308/1436 710/1307/1437 693/1305/1438
f 693/1305/1438 710/1307/1437 694/1306/1439
usemtl lambert6SG
f 694/1309/1439 710/1312/1437 695/1310/1440
f 695/1310/1440 710/1312/1437 711/1311/1441
f 695/1310/1440 711/1311/1441 696/1313/1442
f 696/1313/1442 711/1311/1441 712/1314/1443
f 696/1313/1442 712/1314/1443 681/1279/1416
f 681/1279/1416 712/1314/1443 697/1282/1417
s 186
usemtl initialShadingGroup
f 682/1315/1444 713/1317/1445 681/1316/1446
f 683/1318/1447 713/1317/1445 682/1315/1444
f 684/1319/1448 713/1317/1445 683/1318/1447
f 685/1320/1449 713/1317/1445 684/1319/1448
f 686/1321/1450 713/1317/1445 685/1320/1449
f 687/1322/1451 713/1317/1445 686/1321/1450
f 688/1323/1452 713/1317/1445 687/1322/1451
f 689/1324/1453 713/1317/1445 688/1323/1452
f 690/1325/1454 713/1317/1445 689/1324/1453
f 691/1326/1455 713/1317/1445 690/1325/1454
f 692/1327/1456 713/1317/1445 691/1326/1455
f 694/1328/1457 713/1317/1445 693/1329/1458
f 695/1330/1459 713/1317/1445 694/1328/1457
f 696/1331/1460 713/1317/1445 695/1330/1459
f 681/1316/1446 713/1317/1445 696/1331/1460
s 188
f 697/1332/1461 714/1334/1462 698/1333/1463
f 698/1333/1463 714/1334/1462 699/1335/1464
f 699/1335/1464 714/1334/1462 700/1336/1465
f 700/1336/1465 714/1334/1462 701/1337/1466
f 701/1337/1466 714/1334/1462 702/1338/1467
f 702/1338/1467 714/1334/1462 703/1339/1468
f 703/1339/1468 714/1334/1462 704/1340/1469
f 704/1340/1469 714/1334/1462 705/1341/1470
f 705/1341/1470 714/1334/1462 706/1342/1471
f 706/1342/1471 714/1334/1462 707/1343/1472
f 707/1343/1472 714/1334/1462 708/1344/1473
f 709/1345/1474 714/1334/1462 710/1346/1475
f 710/1346/1475 714/1334/1462 711/1347/1476
f 711/1347/1476 714/1334/1462 712/1348/1477
f 712/1348/1477 714/1334/1462 697/1332/1461
s off
f 715/1349/1478 716/1350/1479 717/1351/1480
s 190
usemtl phong5SG
f 718/1352/1481 720/1355/1482 719/1353/1483
f 719/1353/1483 720/1355/1482 721/1354/1484
s 191
f 720/1355/1485 722/1357/1486 721/1354/1487
f 721/1354/1487 722/1357/1486 723/1356/1488
s 192
f 722/1357/1489 724/1359/1490 723/1356/1491
f 723/1356/1491 724/1359/1490 725/1358/1492
s 193
f 724/1359/1493 718/1361/1494 725/1358/1495
f 725/1358/1495 718/1361/1494 719/1360/1496
s 194
f 719/1353/1497 721/1354/1498 725/1362/1499
f 725/1362/1499 721/1354/1498 723/1363/1500
s 195
f 724/1364/1501 722/1365/1502 718/1352/1503
f 718/1352/1503 722/1365/1502 720/1355/1504
s off
usemtl initialShadingGroup
f 726/1366/1505 728/1368/1506 727/1367/1507
s 196
usemtl phong3SG
f 729/1369/1508 730/1370/1509 732/1372/1510
f 732/1372/1510 730/1370/1509 731/1371/1511
s 197
f 729/1373/1512 733/1374/1513 730/1376/1514
f 730/1376/1514 733/1374/1513 739/1375/1515
s 198
f 731/1371/1516 744/1377/1517 732/1372/1518
f 732/1372/1518 744/1377/1517 738/1378/1519
s 199
f 733/1374/1520 738/1378/1521 739/1375/1522
f 739/1375/1522 738/1378/1521 744/1377/1523
s 200
f 736/1379/1524 742/1380/1525 737/1382/1526
f 737/1382/1526 742/1380/1525 741/1381/1527
s 201
f 734/1383/1528 737/1384/1529 740/1386/1530
f 740/1386/1530 737/1384/1529 741/1385/1531
s 202
f 735/1387/1532 743/1388/1533 736/1379/1534
f 736/1379/1534 743/1388/1533 742/1380/1535
s 203
f 734/1383/1536 740/1386/1537 735/1387/1538
f 735/1387/1538 740/1386/1537 743/1388/1539
s 204
f 729/1369/1540 737/1394/1541 733/1390/1542
f 737/1394/1541 734/1391/1543 733/1390/1542
f 733/1390/1542 734/1391/1543 738/1389/1544
f 734/1391/1543 735/1392/1545 738/1389/1544
f 738/1389/1544 735/1392/1545 732/1372/1546
f 735/1392/1545 736/1393/1547 732/1372/1546
f 729/1369/1540 732/1372/1546 737/1394/1541
f 736/1393/1547 737/1394/1541 732/1372/1546
s 205
f 739/1395/1548 744/1396/1549 740/1397/1550
f 740/1397/1550 744/1396/1549 743/1400/1551
f 744/1396/1549 731/1371/1552 743/1400/1551
f 743/1400/1551 731/1371/1552 742/1399/1553
f 739/1395/1548 740/1397/1550 730/1370/1554
f 740/1397/1550 741/1398/1555 730/1370/1554
f 730/1370/1554 741/1398/1555 731/1371/1552
f 741/1398/1555 742/1399/1553 731/1371/1552
s 206
usemtl initialShadingGroup
f 745/1401/1556 746/1402/1557 747/1404/1558
f 747/1404/1558 746/1402/1557 748/1403/1559
s 207
f 747/1404/1560 748/1403/1561 749/1406/1562
f 749/1406/1562 748/1403/1561 750/1405/1563
s 208
usemtl phong3SG
f 749/1406/1564 750/1405/1565 751/1408/1566
f 751/1408/1566 750/1405/1565 752/1407/1567
s 209
usemtl initialShadingGroup
f 751/1408/1568 752/1407/1569 745/1410/1570
f 745/1410/1570 752/1407/1569 746/1409/1571
s 210
usemtl phong3SG
f 746/1402/1572 752/1411/1573 748/1403/1574
f 748/1403/1574 752/1411/1573 750/1412/1575
s 211
usemtl initialShadingGroup
f 751/1413/1576 745/1401/1577 749/1414/1578
f 749/1414/1578 745/1401/1577 747/1404/1579
s 212
f 753/1415/1580 755/1416/1581 754/1418/1582
f 754/1418/1582 755/1416/1581 756/1417/1583
s 213
usemtl phong3SG
f 755/1416/1584 757/1419/1585 756/1417/1586
f 756/1417/1586 757/1419/1585 758/1420/1587
s 214
usemtl initialShadingGroup
f 759/1421/1588 753/1422/1589 760/1424/1590
f 760/1424/1590 753/1422/1589 754/1423/1591
s 215
f 759/1425/1592 757/1426/1593 753/1415/1594
f 753/1415/1594 757/1426/1593 755/1416/1595
s 216
f 761/1427/1596 763/1428/1597 762/1430/1598
f 762/1430/1598 763/1428/1597 764/1429/1599
s 217
usemtl phong3SG
f 763/1428/1600 765/1431/1601 764/1429/1602
f 764/1429/1602 765/1431/1601 766/1432/1603
s 218
usemtl initialShadingGroup
f 761/1434/1604 762/1435/1605 767/1433/1606
f 767/1433/1606 762/1435/1605 768/1436/1607
s 219
usemtl phong3SG
f 762/1430/1608 764/1429/1609 768/1438/1610
f 768/1438/1610 764/1429/1609 766/1437/1611
s 220
f 758/1420/1612 757/1419/1613 772/1440/1614
f 772/1440/1614 757/1419/1613 771/1439/1615
s 221
f 757/1426/1616 759/1425/1617 771/1442/1618
f 771/1442/1618 759/1425/1617 770/1441/1619
s 222
usemtl initialShadingGroup
f 760/1424/1620 769/1443/1621 759/1421/1622
f 759/1421/1622 769/1443/1621 770/1444/1623
f 770/1444/1623 769/1443/1621 774/1446/1624
f 774/1446/1624 769/1443/1621 773/1445/1625
s 221
usemtl phong3SG
f 771/1442/1618 770/1441/1619 775/1448/1626
f 775/1448/1626 770/1441/1619 774/1447/1627
s 220
f 771/1439/1615 775/1449/1628 772/1440/1614
f 772/1440/1614 775/1449/1628 776/1450/1629
s 222
f 774/1446/1624 773/1445/1625 778/1452/1630
f 778/1452/1630 773/1445/1625 777/1451/1631
s 221
usemtl phong3SG
f 775/1448/1626 774/1447/1627 779/1454/1632
f 779/1454/1632 774/1447/1627 778/1453/1633
s 220
f 775/1449/1628 779/1455/1634 776/1450/1629
f 776/1450/1629 779/1455/1634 780/1456/1635
s 222
f 778/1452/1630 777/1451/1631 782/1458/1636
f 782/1458/1636 777/1451/1631 781/1457/1637
s 221
usemtl phong3SG
f 779/1454/1632 778/1453/1633 783/1460/1638
f 783/1460/1638 778/1453/1633 782/1459/1639
s 220
f 779/1455/1634 783/1461/1640 780/1456/1635
f 780/1456/1635 783/1461/1640 784/1462/1641
s 222
f 782/1458/1636 781/1457/1637 786/1464/1642
f 786/1464/1642 781/1457/1637 785/1463/1643
s 221
usemtl phong3SG
f 783/1460/1638 782/1459/1639 787/1466/1644
f 787/1466/1644 782/1459/1639 786/1465/1645
s 220
f 783/1461/1640 787/1467/1646 784/1462/1641
f 784/1462/1641 787/1467/1646 788/1468/1647
s 222
f 786/1464/1642 785/1463/1643 790/1470/1648
f 790/1470/1648 785/1463/1643 789/1469/1649
s 221
usemtl phong3SG
f 787/1466/1644 786/1465/1645 791/1472/1650
f 791/1472/1650 786/1465/1645 790/1471/1651
s 220
f 787/1467/1646 791/1473/1652 788/1468/1647
f 788/1468/1647 791/1473/1652 792/1474/1653
s 222
f 789/1469/1649 793/1475/1654 790/1470/1648
f 790/1470/1648 793/1475/1654 794/1476/1655
s 221
usemtl phong3SG
f 791/1472/1650 790/1471/1651 795/1478/1656
f 795/1478/1656 790/1471/1651 794/1477/1657
s 220
f 792/1474/1653 791/1473/1652 796/1480/1658
f 796/1480/1658 791/1473/1652 795/1479/1659
s 222
f 793/1475/1654 797/1481/1660 794/1476/1655
f 794/1476/1655 797/1481/1660 798/1482/1661
s 221
usemtl phong3SG
f 795/1478/1656 794/1477/1657 799/1484/1662
f 799/1484/1662 794/1477/1657 798/1483/1663
s 220
f 796/1480/1658 795/1479/1659 800/1486/1664
f 800/1486/1664 795/1479/1659 799/1485/1665
s 222
f 797/1481/1660 801/1487/1666 798/1482/1661
f 798/1482/1661 801/1487/1666 802/1488/1667
s 221
usemtl phong3SG
f 799/1484/1662 798/1483/1663 803/1490/1668
f 803/1490/1668 798/1483/1663 802/1489/1669
s 220
f 800/1486/1664 799/1485/1665 804/1492/1670
f 804/1492/1670 799/1485/1665 803/1491/1671
s 222
f 801/1487/1666 805/1493/1672 802/1488/1667
f 802/1488/1667 805/1493/1672 806/1494/1673
s 221
usemtl phong3SG
f 803/1490/1668 802/1489/1669 807/1496/1674
f 807/1496/1674 802/1489/1669 806/1495/1675
s 220
f 804/1492/1670 803/1491/1671 808/1498/1676
f 808/1498/1676 803/1491/1671 807/1497/1677
s 222
f 805/1493/1672 809/1499/1678 806/1494/1673
f 806/1494/1673 809/1499/1678 810/1500/1679
s 221
usemtl phong3SG
f 807/1496/1674 806/1495/1675 811/1502/1680
f 811/1502/1680 806/1495/1675 810/1501/1681
s 220
f 808/1498/1676 807/1497/1677 812/1504/1682
f 812/1504/1682 807/1497/1677 811/1503/1683
s 222
f 809/1499/1678 767/1433/1684 810/1500/1679
f 810/1500/1679 767/1433/1684 768/1436/1685
s 221
usemtl phong3SG
f 811/1502/1680 810/1501/1681 766/1437/1686
f 766/1437/1686 810/1501/1681 768/1438/1687
s 220
f 812/1504/1682 811/1503/1683 765/1431/1688
f 765/1431/1688 811/1503/1683 766/1432/1689
s 223
f 813/1505/1690 836/1508/1691 814/1506/1692
f 814/1506/1692 836/1508/1691 837/1507/1693
f 814/1506/1692 837/1507/1693 815/1509/1694
f 815/1509/1694 837/1507/1693 838/1510/1695
f 815/1509/1694 838/1510/1695 816/1511/1696
f 816/1511/1696 838/1510/1695 825/1512/1697
f 816/1511/1696 825/1512/1697 817/1513/1698
f 817/1513/1698 825/1512/1697 826/1514/1699
f 817/1513/1698 826/1514/1699 818/1515/1700
f 818/1515/1700 826/1514/1699 827/1516/1701
f 818/1515/1700 827/1516/1701 819/1517/1702
f 819/1517/1702 827/1516/1701 828/1518/1703
f 819/1517/1702 828/1518/1703 820/1519/1704
f 820/1519/1704 828/1518/1703 829/1520/1705
f 820/1519/1704 829/1520/1705 821/1521/1706
f 821/1521/1706 829/1520/1705 830/1522/1707
f 821/1521/1706 830/1522/1707 822/1523/1708
f 822/1523/1708 830/1522/1707 831/1524/1709
s 224
f 816/1525/1710 835/1527/1711 815/1526/1712
f 817/1528/1713 835/1527/1711 816/1525/1710
f 818/1529/1714 835/1527/1711 817/1528/1713
f 819/1530/1715 835/1527/1711 818/1529/1714
f 820/1531/1716 835/1527/1711 819/1530/1715
f 821/1532/1717 835/1527/1711 820/1531/1716
f 822/1533/1718 835/1527/1711 821/1532/1717
f 823/1534/1719 835/1527/1711 822/1533/1718
s 225
f 838/1535/1720 839/1537/1721 825/1536/1722
f 825/1536/1722 839/1537/1721 826/1538/1723
f 826/1538/1723 839/1537/1721 827/1539/1724
f 827/1539/1724 839/1537/1721 828/1540/1725
f 828/1540/1725 839/1537/1721 829/1541/1726
f 829/1541/1726 839/1537/1721 830/1542/1727
f 830/1542/1727 839/1537/1721 831/1543/1728
f 831/1543/1728 839/1537/1721 832/1544/1729
f 832/1544/1729 839/1537/1721 833/1545/1730
f 833/1545/1730 839/1537/1721 834/1546/1731
f 834/1546/1731 839/1537/1721 824/1547/1732
s 226
usemtl initialShadingGroup
f 840/1548/1733 841/1549/1734 842/1551/1735
f 842/1551/1735 841/1549/1734 843/1550/1736
s 227
f 842/1551/1737 843/1550/1738 844/1553/1739
f 844/1553/1739 843/1550/1738 845/1552/1740
s 228
usemtl phong3SG
f 846/1554/1741 847/1555/1742 840/1557/1743
f 840/1557/1743 847/1555/1742 841/1556/1744
s 229
usemtl initialShadingGroup
f 841/1549/1745 847/1558/1746 843/1550/1747
f 843/1550/1747 847/1558/1746 845/1559/1748
s 230
f 846/1560/1749 840/1548/1750 844/1561/1751
f 844/1561/1751 840/1548/1750 842/1551/1752
s 231
f 848/1562/1753 849/1563/1754 850/1565/1755
f 850/1565/1755 849/1563/1754 851/1564/1756
s 232
usemtl phong3SG
f 850/1565/1757 851/1564/1758 852/1567/1759
f 852/1567/1759 851/1564/1758 853/1566/1760
s 233
usemtl initialShadingGroup
f 854/1568/1761 855/1569/1762 848/1571/1763
f 848/1571/1763 855/1569/1762 849/1570/1764
s 234
f 849/1563/1765 855/1572/1766 851/1564/1767
f 851/1564/1767 855/1572/1766 853/1573/1768
s 235
f 854/1574/1769 848/1562/1770 852/1575/1771
f 852/1575/1771 848/1562/1770 850/1565/1772
s 236
usemtl phong3SG
f 845/1552/1773 858/1576/1774 844/1553/1775
f 844/1553/1775 858/1576/1774 859/1577/1776
s 237
f 845/1559/1777 847/1558/1778 858/1579/1779
f 858/1579/1779 847/1558/1778 857/1578/1780
s 238
f 847/1555/1781 846/1554/1782 857/1581/1783
f 857/1581/1783 846/1554/1782 856/1580/1784
f 857/1581/1783 856/1580/1784 861/1583/1785
f 861/1583/1785 856/1580/1784 860/1582/1786
s 237
f 858/1579/1779 857/1578/1780 862/1585/1787
f 862/1585/1787 857/1578/1780 861/1584/1788
s 236
f 858/1576/1774 862/1586/1789 859/1577/1776
f 859/1577/1776 862/1586/1789 863/1587/1790
s 238
f 861/1583/1785 860/1582/1786 865/1589/1791
f 865/1589/1791 860/1582/1786 864/1588/1792
s 237
f 862/1585/1787 861/1584/1788 866/1591/1793
f 866/1591/1793 861/1584/1788 865/1590/1794
s 236
f 862/1586/1789 866/1592/1795 863/1587/1790
f 863/1587/1790 866/1592/1795 867/1593/1796
s 238
f 865/1589/1791 864/1588/1792 869/1595/1797
f 869/1595/1797 864/1588/1792 868/1594/1798
s 237
f 866/1591/1793 865/1590/1794 870/1597/1799
f 870/1597/1799 865/1590/1794 869/1596/1800
s 236
f 866/1592/1795 870/1598/1801 867/1593/1796
f 867/1593/1796 870/1598/1801 871/1599/1802
s 238
f 869/1595/1797 868/1594/1798 873/1601/1803
f 873/1601/1803 868/1594/1798 872/1600/1804
s 237
f 870/1597/1799 869/1596/1800 874/1603/1805
f 874/1603/1805 869/1596/1800 873/1602/1806
s 236
f 870/1598/1801 874/1604/1807 871/1599/1802
f 871/1599/1802 874/1604/1807 875/1605/1808
s 238
usemtl initialShadingGroup
f 872/1600/1804 876/1606/1809 873/1601/1803
f 873/1601/1803 876/1606/1809 877/1607/1810
s 237
usemtl phong3SG
f 874/1603/1805 873/1602/1806 878/1609/1811
f 878/1609/1811 873/1602/1806 877/1608/1812
s 236
f 875/1605/1808 874/1604/1807 879/1611/1813
f 879/1611/1813 874/1604/1807 878/1610/1814
s 238
f 876/1606/1809 880/1612/1815 877/1607/1810
f 877/1607/1810 880/1612/1815 881/1613/1816
s 237
f 878/1609/1811 877/1608/1812 882/1615/1817
f 882/1615/1817 877/1608/1812 881/1614/1818
s 236
f 879/1611/1813 878/1610/1814 883/1617/1819
f 883/1617/1819 878/1610/1814 882/1616/1820
s 238
usemtl initialShadingGroup
f 880/1612/1815 884/1618/1821 881/1613/1816
f 881/1613/1816 884/1618/1821 885/1619/1822
s 237
usemtl phong3SG
f 882/1615/1817 881/1614/1818 886/1621/1823
f 886/1621/1823 881/1614/1818 885/1620/1824
s 236
f 883/1617/1819 882/1616/1820 887/1623/1825
f 887/1623/1825 882/1616/1820 886/1622/1826
s 238
usemtl initialShadingGroup
f 884/1618/1821 888/1624/1827 885/1619/1822
f 885/1619/1822 888/1624/1827 889/1625/1828
s 237
usemtl phong3SG
f 886/1621/1823 885/1620/1824 890/1627/1829
f 890/1627/1829 885/1620/1824 889/1626/1830
s 236
f 887/1623/1825 886/1622/1826 891/1629/1831
f 891/1629/1831 886/1622/1826 890/1628/1832
s 238
usemtl initialShadingGroup
f 888/1624/1827 892/1630/1833 889/1625/1828
f 889/1625/1828 892/1630/1833 893/1631/1834
s 237
usemtl phong3SG
f 890/1627/1829 889/1626/1830 894/1633/1835
f 894/1633/1835 889/1626/1830 893/1632/1836
s 236
f 891/1629/1831 890/1628/1832 895/1635/1837
f 895/1635/1837 890/1628/1832 894/1634/1838
s 238
usemtl initialShadingGroup
f 892/1630/1833 896/1636/1839 893/1631/1834
f 893/1631/1834 896/1636/1839 897/1637/1840
s 237
usemtl phong3SG
f 894/1633/1835 893/1632/1836 898/1639/1841
f 898/1639/1841 893/1632/1836 897/1638/1842
s 236
f 895/1635/1837 894/1634/1838 899/1641/1843
f 899/1641/1843 894/1634/1838 898/1640/1844
s 238
usemtl initialShadingGroup
f 896/1636/1839 855/1569/1845 897/1637/1840
f 897/1637/1840 855/1569/1845 854/1568/1846
s 237
usemtl phong3SG
f 898/1639/1841 897/1638/1842 852/1575/1847
f 852/1575/1847 897/1638/1842 854/1574/1848
s 236
f 899/1641/1843 898/1640/1844 853/1566/1849
f 853/1566/1849 898/1640/1844 852/1567/1850
s 239
usemtl phong7SG
f 954/1642/1851 955/1643/1852 911/1644/1853
f 956/1645/1854 957/1646/1855 912/1647/1856
f 958/1648/1857 959/1649/1858 913/1650/1859
f 960/1651/1860 961/1652/1861 914/1653/1862
f 943/1654/1863 944/1655/1864 917/1656/1865
f 944/1655/1864 945/1657/1866 917/1656/1865
f 946/1658/1867 947/1659/1868 918/1660/1869
f 948/1661/1870 949/1662/1871 919/1663/1872
f 950/1664/1873 951/1665/1874 920/1666/1875
f 952/1667/1876 953/1668/1877 921/1669/1878
s 248
f 935/1670/1879 936/1671/1880 900/1672/1881
f 937/1673/1882 938/1674/1883 901/1675/1884
f 939/1676/1885 940/1677/1886 902/1678/1887
f 941/1679/1888 942/1680/1889 903/1681/1890
f 906/1682/1891 924/1683/1892 925/1684/1893
f 925/1684/1893 926/1685/1894 906/1682/1891
f 927/1686/1895 928/1687/1896 907/1688/1897
f 929/1689/1898 930/1690/1899 908/1691/1900
f 931/1692/1901 932/1693/1902 909/1694/1903
f 933/1695/1904 934/1696/1905 910/1697/1906
s 257
f 912/1700/1907 923/1701/1908 955/1699/1909
f 911/1698/1910 955/1699/1909 923/1701/1908
f 913/1703/1911 923/1701/1908 957/1702/1912
f 912/1700/1907 957/1702/1912 923/1701/1908
f 914/1705/1913 923/1701/1908 959/1704/1914
f 913/1703/1911 959/1704/1914 923/1701/1908
f 915/1707/1915 923/1701/1908 961/1706/1916
f 914/1705/1913 961/1706/1916 923/1701/1908
f 916/1708/1917 943/1709/1918 923/1701/1908
f 943/1709/1918 917/1710/1919 923/1701/1908
f 917/1710/1919 945/1711/1920 923/1701/1908
f 945/1711/1920 918/1712/1921 923/1701/1908
f 918/1712/1921 947/1713/1922 923/1701/1908
f 947/1713/1922 919/1714/1923 923/1701/1908
f 919/1714/1923 949/1715/1924 923/1701/1908
f 949/1715/1924 920/1716/1925 923/1701/1908
f 920/1716/1925 951/1717/1926 923/1701/1908
f 951/1717/1926 921/1718/1927 923/1701/1908
f 911/1698/1910 923/1701/1908 953/1719/1928
f 921/1718/1927 953/1719/1928 923/1701/1908
s 248
f 905/1720/1929 922/1721/1930 924/1683/1892
f 925/1684/1893 924/1683/1892 922/1721/1930
f 907/1688/1897 926/1685/1894 927/1686/1895
f 925/1684/1893 922/1721/1930 926/1685/1894
f 927/1686/1895 926/1685/1894 922/1721/1930
f 908/1691/1900 928/1687/1896 929/1689/1898
f 927/1686/1895 922/1721/1930 928/1687/1896
f 929/1689/1898 928/1687/1896 922/1721/1930
f 909/1694/1903 930/1690/1899 931/1692/1901
f 929/1689/1898 922/1721/1930 930/1690/1899
f 931/1692/1901 930/1690/1899 922/1721/1930
f 910/1697/1906 932/1693/1902 933/1695/1904
f 931/1692/1901 922/1721/1930 932/1693/1902
f 933/1695/1904 932/1693/1902 922/1721/1930
f 900/1672/1881 934/1696/1905 935/1670/1879
f 935/1670/1879 934/1696/1905 922/1721/1930
f 934/1696/1905 933/1695/1904 922/1721/1930
f 901/1675/1884 936/1671/1880 937/1673/1882
f 937/1673/1882 936/1671/1880 922/1721/1930
f 936/1671/1880 935/1670/1879 922/1721/1930
f 902/1678/1887 938/1674/1883 939/1676/1885
f 939/1676/1885 938/1674/1883 922/1721/1930
f 938/1674/1883 937/1673/1882 922/1721/1930
f 903/1681/1890 940/1677/1886 941/1679/1888
f 941/1679/1888 940/1677/1886 922/1721/1930
f 940/1677/1886 939/1676/1885 922/1721/1930
f 904/1722/1931 942/1680/1889 922/1721/1930
f 942/1680/1889 941/1679/1888 922/1721/1930
s 239
f 905/1723/1932 924/1724/1933 916/1726/1934
f 916/1726/1934 924/1724/1933 943/1654/1863
f 924/1724/1933 906/1725/1935 943/1654/1863
f 906/1725/1935 944/1655/1864 943/1654/1863
f 945/1657/1866 946/1658/1867 918/1660/1869
f 907/1728/1936 946/1658/1867 926/1727/1937
f 946/1658/1867 945/1657/1866 926/1727/1937
f 945/1657/1866 944/1655/1864 926/1727/1937
f 906/1725/1935 926/1727/1937 944/1655/1864
f 947/1659/1868 948/1661/1870 919/1663/1872
f 907/1728/1936 928/1729/1938 946/1658/1867
f 946/1658/1867 928/1729/1938 947/1659/1868
f 947/1659/1868 928/1729/1938 948/1661/1870
f 928/1729/1938 908/1730/1939 948/1661/1870
f 949/1662/1871 950/1664/1873 920/1666/1875
f 908/1730/1939 930/1731/1940 948/1661/1870
f 948/1661/1870 930/1731/1940 949/1662/1871
f 949/1662/1871 930/1731/1940 950/1664/1873
f 930/1731/1940 909/1732/1941 950/1664/1873
f 951/1665/1874 952/1667/1876 921/1669/1878
f 909/1732/1941 932/1733/1942 950/1664/1873
f 950/1664/1873 932/1733/1942 951/1665/1874
f 951/1665/1874 932/1733/1942 952/1667/1876
f 932/1733/1942 910/1734/1943 952/1667/1876
f 953/1668/1877 954/1735/1851 911/1736/1853
f 910/1734/1943 934/1737/1944 952/1667/1876
f 952/1667/1876 934/1737/1944 953/1668/1877
f 953/1668/1877 934/1737/1944 954/1735/1851
f 934/1737/1944 900/1738/1945 954/1735/1851
f 955/1643/1852 956/1645/1854 912/1647/1856
f 900/1739/1945 936/1740/1946 954/1642/1851
f 954/1642/1851 936/1740/1946 955/1643/1852
f 936/1740/1946 901/1741/1947 955/1643/1852
f 901/1741/1947 956/1645/1854 955/1643/1852
f 957/1646/1855 958/1648/1857 913/1650/1859
f 901/1741/1947 938/1742/1948 956/1645/1854
f 956/1645/1854 938/1742/1948 957/1646/1855
f 957/1646/1855 938/1742/1948 958/1648/1857
f 938/1742/1948 902/1743/1949 958/1648/1857
f 959/1649/1858 960/1651/1860 914/1653/1862
f 902/1743/1949 940/1744/1950 958/1648/1857
f 958/1648/1857 940/1744/1950 959/1649/1858
f 959/1649/1858 940/1744/1950 960/1651/1860
f 940/1744/1950 903/1745/1951 960/1651/1860
f 904/1747/1952 915/1748/1953 942/1746/1954
f 915/1748/1953 961/1652/1861 942/1746/1954
f 942/1746/1954 961/1652/1861 903/1745/1951
f 903/1745/1951 961/1652/1861 960/1651/1860
s 264
usemtl initialShadingGroup
f 962/1749/1955 964/1752/1956 963/1750/1957
f 963/1750/1957 964/1752/1956 965/1751/1958
s 265
f 964/1752/1959 966/1754/1960 965/1751/1961
f 965/1751/1961 966/1754/1960 967/1753/1962
s 266
f 968/1755/1963 962/1758/1964 969/1756/1965
f 969/1756/1965 962/1758/1964 963/1757/1966
s 267
usemtl phong3SG
f 963/1750/1967 965/1751/1968 969/1759/1969
f 969/1759/1969 965/1751/1968 967/1760/1970
s 268
usemtl initialShadingGroup
f 968/1761/1971 966/1762/1972 962/1749/1973
f 962/1749/1973 966/1762/1972 964/1752/1974
s 269
f 970/1763/1975 972/1766/1976 971/1764/1977
f 971/1764/1977 972/1766/1976 973/1765/1978
s 270
usemtl phong3SG
f 972/1766/1979 974/1768/1980 973/1765/1981
f 973/1765/1981 974/1768/1980 975/1767/1982
s 271
usemtl initialShadingGroup
f 976/1769/1983 970/1772/1984 977/1770/1985
f 977/1770/1985 970/1772/1984 971/1771/1986
s 272
f 971/1764/1987 973/1765/1988 977/1773/1989
f 977/1773/1989 973/1765/1988 975/1774/1990
s 273
usemtl phong3SG
f 976/1775/1991 974/1776/1992 970/1763/1993
f 970/1763/1993 974/1776/1992 972/1766/1994
s 274
f 981/1778/1995 980/1777/1996 966/1754/1997
f 966/1754/1997 980/1777/1996 967/1753/1998
s 275
f 967/1760/1999 980/1780/2000 969/1759/2001
f 969/1759/2001 980/1780/2000 979/1779/2002
s 276
f 969/1756/2003 979/1782/2004 968/1755/2005
f 968/1755/2005 979/1782/2004 978/1781/2006
f 979/1782/2004 983/1784/2007 978/1781/2006
f 978/1781/2006 983/1784/2007 982/1783/2008
s 275
f 980/1780/2000 984/1786/2009 979/1779/2002
f 979/1779/2002 984/1786/2009 983/1785/2010
s 274
f 985/1788/2011 984/1787/2012 981/1778/1995
f 981/1778/1995 984/1787/2012 980/1777/1996
s 276
f 983/1784/2007 987/1790/2013 982/1783/2008
f 982/1783/2008 987/1790/2013 986/1789/2014
s 275
f 984/1786/2009 988/1792/2015 983/1785/2010
f 983/1785/2010 988/1792/2015 987/1791/2016
s 274
f 989/1794/2017 988/1793/2018 985/1788/2011
f 985/1788/2011 988/1793/2018 984/1787/2012
s 276
f 987/1790/2013 991/1796/2019 986/1789/2014
f 986/1789/2014 991/1796/2019 990/1795/2020
s 275
f 988/1792/2015 992/1798/2021 987/1791/2016
f 987/1791/2016 992/1798/2021 991/1797/2022
s 274
f 993/1800/2023 992/1799/2024 989/1794/2017
f 989/1794/2017 992/1799/2024 988/1793/2018
s 276
f 991/1796/2019 995/1802/2025 990/1795/2020
f 990/1795/2020 995/1802/2025 994/1801/2026
s 275
f 992/1798/2021 996/1804/2027 991/1797/2022
f 991/1797/2022 996/1804/2027 995/1803/2028
s 274
f 997/1806/2029 996/1805/2030 993/1800/2023
f 993/1800/2023 996/1805/2030 992/1799/2024
s 276
f 999/1808/2031 998/1807/2032 995/1802/2025
f 995/1802/2025 998/1807/2032 994/1801/2026
s 275
f 996/1804/2027 1000/1810/2033 995/1803/2028
f 995/1803/2028 1000/1810/2033 999/1809/2034
s 274
f 997/1806/2029 1001/1812/2035 996/1805/2030
f 996/1805/2030 1001/1812/2035 1000/1811/2036
s 276
f 1003/1814/2037 1002/1813/2038 999/1808/2031
f 999/1808/2031 1002/1813/2038 998/1807/2032
s 275
f 1000/1810/2033 1004/1816/2039 999/1809/2034
f 999/1809/2034 1004/1816/2039 1003/1815/2040
s 274
f 1001/1812/2035 1005/1818/2041 1000/1811/2036
f 1000/1811/2036 1005/1818/2041 1004/1817/2042
s 276
f 1007/1820/2043 1006/1819/2044 1003/1814/2037
f 1003/1814/2037 1006/1819/2044 1002/1813/2038
s 275
f 1004/1816/2039 1008/1822/2045 1003/1815/2040
f 1003/1815/2040 1008/1822/2045 1007/1821/2046
s 274
f 1005/1818/2041 1009/1824/2047 1004/1817/2042
f 1004/1817/2042 1009/1824/2047 1008/1823/2048
s 276
f 1011/1826/2049 1010/1825/2050 1007/1820/2043
f 1007/1820/2043 1010/1825/2050 1006/1819/2044
s 275
f 1008/1822/2045 1012/1828/2051 1007/1821/2046
f 1007/1821/2046 1012/1828/2051 1011/1827/2052
s 274
f 1009/1824/2047 1013/1830/2053 1008/1823/2048
f 1008/1823/2048 1013/1830/2053 1012/1829/2054
s 276
f 1015/1832/2055 1014/1831/2056 1011/1826/2049
f 1011/1826/2049 1014/1831/2056 1010/1825/2050
s 275
f 1012/1828/2051 1016/1834/2057 1011/1827/2052
f 1011/1827/2052 1016/1834/2057 1015/1833/2058
s 274
f 1013/1830/2053 1017/1836/2059 1012/1829/2054
f 1012/1829/2054 1017/1836/2059 1016/1835/2060
s 276
f 1019/1838/2061 1018/1837/2062 1015/1832/2055
f 1015/1832/2055 1018/1837/2062 1014/1831/2056
s 275
f 1016/1834/2057 1020/1840/2063 1015/1833/2058
f 1015/1833/2058 1020/1840/2063 1019/1839/2064
s 274
f 1017/1836/2059 1021/1842/2065 1016/1835/2060
f 1016/1835/2060 1021/1842/2065 1020/1841/2066
s 276
f 976/1769/2067 977/1770/2068 1019/1838/2061
f 1019/1838/2061 977/1770/2068 1018/1837/2062
s 275
f 1020/1840/2063 974/1776/2069 1019/1839/2064
f 1019/1839/2064 974/1776/2069 976/1775/2070
s 274
f 1021/1842/2065 975/1767/2071 1020/1841/2066
f 1020/1841/2066 975/1767/2071 974/1768/2072
s 287
usemtl phong5SG
f 1022/1843/2073 1023/1844/2074 1031/1846/2075
f 1031/1846/2075 1023/1844/2074 1032/1845/2076
f 1023/1844/2074 1024/1847/2077 1032/1845/2076
f 1032/1845/2076 1024/1847/2077 1033/1848/2078
f 1024/1847/2077 1025/1849/2079 1033/1848/2078
f 1033/1848/2078 1025/1849/2079 1034/1850/2080
f 1025/1849/2079 1026/1851/2081 1034/1850/2080
f 1034/1850/2080 1026/1851/2081 1035/1852/2082
f 1026/1851/2081 1027/1853/2083 1035/1852/2082
f 1035/1852/2082 1027/1853/2083 1036/1854/2084
usemtl initialShadingGroup
f 1027/1853/2083 1028/1855/2085 1036/1854/2084
f 1036/1854/2084 1028/1855/2085 1037/1856/2086
usemtl phong5SG
f 1029/1857/2087 1030/1858/2088 1038/1860/2089
f 1038/1860/2089 1030/1858/2088 1039/1859/2090
f 1030/1858/2088 1022/1861/2073 1039/1859/2090
f 1039/1859/2090 1022/1861/2073 1031/1862/2075
s 289
usemtl initialShadingGroup
f 1023/1863/2091 1022/1864/2092 1040/1865/2093
f 1024/1866/2094 1023/1863/2091 1040/1865/2093
f 1025/1867/2095 1024/1866/2094 1040/1865/2093
f 1026/1868/2096 1025/1867/2095 1040/1865/2093
f 1027/1869/2097 1026/1868/2096 1040/1865/2093
f 1028/1870/2098 1027/1869/2097 1040/1865/2093
f 1030/1871/2099 1029/1872/2100 1040/1865/2093
f 1022/1864/2092 1030/1871/2099 1040/1865/2093
s 290
f 1031/1873/2101 1032/1874/2102 1041/1875/2103
f 1032/1874/2102 1033/1876/2104 1041/1875/2103
f 1033/1876/2104 1034/1877/2105 1041/1875/2103
f 1034/1877/2105 1035/1878/2106 1041/1875/2103
f 1035/1878/2106 1036/1879/2107 1041/1875/2103
f 1036/1879/2107 1037/1880/2108 1041/1875/2103
f 1038/1881/2109 1039/1882/2110 1041/1875/2103
f 1039/1882/2110 1031/1873/2101 1041/1875/2103
s 291
f 1042/1883/2111 1044/1886/2112 1043/1884/2113
f 1043/1884/2113 1044/1886/2112 1045/1885/2114
s 292
usemtl phong3SG
f 1044/1886/2115 1046/1888/2116 1045/1885/2117
f 1045/1885/2117 1046/1888/2116 1047/1887/2118
s 293
usemtl initialShadingGroup
f 1048/1889/2119 1042/1892/2120 1049/1890/2121
f 1049/1890/2121 1042/1892/2120 1043/1891/2122
s 294
usemtl phong3SG
f 1043/1884/2123 1045/1885/2124 1049/1893/2125
f 1049/1893/2125 1045/1885/2124 1047/1894/2126
s 295
usemtl initialShadingGroup
f 1048/1895/2127 1046/1896/2128 1042/1883/2129
f 1042/1883/2129 1046/1896/2128 1044/1886/2130
s 296
f 1050/1897/2131 1052/1900/2132 1051/1898/2133
f 1051/1898/2133 1052/1900/2132 1053/1899/2134
s 297
usemtl phong3SG
f 1052/1900/2135 1054/1902/2136 1053/1899/2137
f 1053/1899/2137 1054/1902/2136 1055/1901/2138
s 298
usemtl initialShadingGroup
f 1056/1903/2139 1050/1906/2140 1057/1904/2141
f 1057/1904/2141 1050/1906/2140 1051/1905/2142
s 299
f 1051/1898/2143 1053/1899/2144 1057/1907/2145
f 1057/1907/2145 1053/1899/2144 1055/1908/2146
s 300
usemtl phong3SG
f 1056/1909/2147 1054/1910/2148 1050/1897/2149
f 1050/1897/2149 1054/1910/2148 1052/1900/2150
s 301
f 1061/1912/2151 1060/1911/2152 1046/1888/2153
f 1046/1888/2153 1060/1911/2152 1047/1887/2154
s 302
f 1047/1894/2155 1060/1914/2156 1049/1893/2157
f 1049/1893/2157 1060/1914/2156 1059/1913/2158
s 303
usemtl initialShadingGroup
f 1049/1890/2159 1059/1916/2160 1048/1889/2161
f 1048/1889/2161 1059/1916/2160 1058/1915/2162
f 1059/1916/2160 1063/1918/2163 1058/1915/2162
f 1058/1915/2162 1063/1918/2163 1062/1917/2164
s 302
usemtl phong3SG
f 1060/1914/2156 1064/1920/2165 1059/1913/2158
f 1059/1913/2158 1064/1920/2165 1063/1919/2166
s 301
f 1065/1922/2167 1064/1921/2168 1061/1912/2151
f 1061/1912/2151 1064/1921/2168 1060/1911/2152
s 303
f 1063/1918/2163 1067/1924/2169 1062/1917/2164
f 1062/1917/2164 1067/1924/2169 1066/1923/2170
s 302
usemtl phong3SG
f 1064/1920/2165 1068/1926/2171 1063/1919/2166
f 1063/1919/2166 1068/1926/2171 1067/1925/2172
s 301
f 1069/1928/2173 1068/1927/2174 1065/1922/2167
f 1065/1922/2167 1068/1927/2174 1064/1921/2168
s 303
f 1067/1924/2169 1071/1930/2175 1066/1923/2170
f 1066/1923/2170 1071/1930/2175 1070/1929/2176
s 302
usemtl phong3SG
f 1068/1926/2171 1072/1932/2177 1067/1925/2172
f 1067/1925/2172 1072/1932/2177 1071/1931/2178
s 301
f 1073/1934/2179 1072/1933/2180 1069/1928/2173
f 1069/1928/2173 1072/1933/2180 1068/1927/2174
s 303
f 1071/1930/2175 1075/1936/2181 1070/1929/2176
f 1070/1929/2176 1075/1936/2181 1074/1935/2182
s 302
usemtl phong3SG
f 1072/1932/2177 1076/1938/2183 1071/1931/2178
f 1071/1931/2178 1076/1938/2183 1075/1937/2184
s 301
f 1077/1940/2185 1076/1939/2186 1073/1934/2179
f 1073/1934/2179 1076/1939/2186 1072/1933/2180
s 303
f 1079/1942/2187 1078/1941/2188 1075/1936/2181
f 1075/1936/2181 1078/1941/2188 1074/1935/2182
s 302
usemtl phong3SG
f 1076/1938/2183 1080/1944/2189 1075/1937/2184
f 1075/1937/2184 1080/1944/2189 1079/1943/2190
s 301
f 1077/1940/2185 1081/1946/2191 1076/1939/2186
f 1076/1939/2186 1081/1946/2191 1080/1945/2192
s 303
f 1083/1948/2193 1082/1947/2194 1079/1942/2187
f 1079/1942/2187 1082/1947/2194 1078/1941/2188
s 302
usemtl phong3SG
f 1080/1944/2189 1084/1950/2195 1079/1943/2190
f 1079/1943/2190 1084/1950/2195 1083/1949/2196
s 301
f 1081/1946/2191 1085/1952/2197 1080/1945/2192
f 1080/1945/2192 1085/1952/2197 1084/1951/2198
s 303
f 1087/1954/2199 1086/1953/2200 1083/1948/2193
f 1083/1948/2193 1086/1953/2200 1082/1947/2194
s 302
f 1084/1950/2195 1088/1956/2201 1083/1949/2196
f 1083/1949/2196 1088/1956/2201 1087/1955/2202
s 301
f 1085/1952/2197 1089/1958/2203 1084/1951/2198
f 1084/1951/2198 1089/1958/2203 1088/1957/2204
s 303
f 1091/1960/2205 1090/1959/2206 1087/1954/2199
f 1087/1954/2199 1090/1959/2206 1086/1953/2200
s 302
usemtl phong3SG
f 1088/1956/2201 1092/1962/2207 1087/1955/2202
f 1087/1955/2202 1092/1962/2207 1091/1961/2208
s 301
f 1089/1958/2203 1093/1964/2209 1088/1957/2204
f 1088/1957/2204 1093/1964/2209 1092/1963/2210
s 303
f 1095/1966/2211 1094/1965/2212 1091/1960/2205
f 1091/1960/2205 1094/1965/2212 1090/1959/2206
s 302
usemtl phong3SG
f 1092/1962/2207 1096/1968/2213 1091/1961/2208
f 1091/1961/2208 1096/1968/2213 1095/1967/2214
s 301
f 1093/1964/2209 1097/1970/2215 1092/1963/2210
f 1092/1963/2210 1097/1970/2215 1096/1969/2216
s 303
f 1099/1972/2217 1098/1971/2218 1095/1966/2211
f 1095/1966/2211 1098/1971/2218 1094/1965/2212
s 302
usemtl phong3SG
f 1096/1968/2213 1100/1974/2219 1095/1967/2214
f 1095/1967/2214 1100/1974/2219 1099/1973/2220
s 301
f 1097/1970/2215 1101/1976/2221 1096/1969/2216
f 1096/1969/2216 1101/1976/2221 1100/1975/2222
s 303
f 1056/1903/2223 1057/1904/2224 1099/1972/2217
f 1099/1972/2217 1057/1904/2224 1098/1971/2218
s 302
usemtl phong3SG
f 1100/1974/2219 1054/1910/2225 1099/1973/2220
f 1099/1973/2220 1054/1910/2225 1056/1909/2226
s 301
f 1101/1976/2221 1055/1901/2227 1100/1975/2222
f 1100/1975/2222 1055/1901/2227 1054/1902/2228
s 314
usemtl phong9SG
f 1102/1977/2229 1178/1978/2230 1122/1980/2231
f 1122/1980/2231 1178/1978/2230 1179/1979/2232
f 1103/1981/2233 1186/1982/2234 1123/1984/2235
f 1123/1984/2235 1186/1982/2234 1187/1983/2236
f 1124/1986/2237 1104/1987/2238 1247/1985/2239
f 1104/1987/2238 1246/1988/2240 1247/1985/2239
f 1247/1985/2239 1246/1988/2240 1195/1990/2241
f 1246/1988/2240 1194/1989/2242 1195/1990/2241
f 1105/1991/2243 1204/1992/2244 1125/1994/2245
f 1125/1994/2245 1204/1992/2244 1205/1993/2246
f 1237/1995/2247 1158/1996/2248 1236/1998/2249
f 1236/1998/2249 1158/1996/2248 1159/1997/2250
f 1229/1999/2251 1156/2000/2252 1228/2002/2253
f 1228/2002/2253 1156/2000/2252 1157/2001/2254
f 1221/2003/2255 1154/2004/2256 1220/2006/2257
f 1220/2006/2257 1154/2004/2256 1155/2005/2258
f 1213/2007/2259 1152/2008/2260 1212/2111/2261
f 1212/2111/2261 1152/2008/2260 1153/2110/2262
f 1175/2112/2263 1150/2113/2264 1174/2115/2265
f 1174/2115/2265 1150/2113/2264 1151/2114/2266
f 1121/2116/2267 1164/2117/2268 1141/2119/2269
f 1141/2119/2269 1164/2117/2268 1165/2118/2270
s 324
usemtl phong1SG
f 1185/2010/2271 1169/2011/2272 1184/2009/2273
f 1184/2009/2273 1169/2011/2272 1142/2012/2274
f 1193/2014/2275 1184/2009/2273 1192/2013/2276
f 1192/2013/2276 1184/2009/2273 1142/2012/2274
f 1142/2012/2274 1254/2016/2277 1192/2013/2276
f 1201/2018/2278 1255/2015/2279 1200/2017/2280
f 1200/2017/2280 1255/2015/2279 1254/2016/2277
f 1255/2015/2279 1192/2013/2276 1254/2016/2277
f 1142/2012/2274 1202/2019/2281 1254/2016/2277
f 1203/2021/2282 1200/2017/2280 1253/2020/2283
f 1254/2016/2277 1202/2019/2281 1200/2017/2280
f 1202/2019/2281 1253/2020/2283 1200/2017/2280
f 1106/2023/2284 1202/2019/2281 1107/2022/2285
f 1107/2022/2285 1202/2019/2281 1142/2012/2274
f 1108/2024/2286 1107/2025/2285 1142/2026/2274
f 1109/2027/2287 1108/2028/2286 1142/2012/2274
f 1110/2029/2288 1109/2027/2287 1142/2012/2274
f 1111/2030/2289 1110/2029/2288 1142/2012/2274
f 1112/2031/2290 1111/2030/2289 1142/2012/2274
f 1113/2032/2291 1112/2031/2290 1142/2012/2274
f 1114/2033/2292 1113/2032/2291 1142/2012/2274
f 1115/2034/2293 1114/2033/2292 1142/2012/2274
f 1116/2035/2294 1115/2034/2293 1240/2036/2295
f 1240/2036/2295 1115/2034/2293 1142/2012/2274
f 1237/2039/2296 1241/2040/2297 1158/2038/2298
f 1242/2037/2299 1158/2038/2298 1241/2040/2297
f 1229/2044/2300 1239/2041/2301 1156/2043/2302
f 1239/2041/2301 1232/2042/2303 1156/2043/2302
f 1221/2048/2304 1231/2045/2305 1154/2047/2306
f 1231/2045/2305 1224/2046/2307 1154/2047/2306
f 1213/2052/2308 1223/2049/2309 1152/2051/2310
f 1223/2049/2309 1216/2050/2311 1152/2051/2310
f 1175/2056/2312 1215/2053/2313 1150/2055/2314
f 1215/2053/2313 1208/2054/2315 1150/2055/2314
f 1164/2058/2316 1121/2059/2317 1177/2057/2318
f 1177/2057/2318 1121/2059/2317 1176/2060/2319
s 334
f 1180/2062/2320 1181/2063/2321 1166/2061/2322
f 1166/2061/2322 1181/2063/2321 1143/2064/2323
f 1188/2065/2324 1189/2066/2325 1181/2063/2321
f 1181/2063/2321 1189/2066/2325 1143/2064/2323
f 1143/2064/2323 1189/2066/2325 1249/2067/2326
f 1196/2069/2327 1197/2070/2328 1248/2068/2329
f 1197/2070/2328 1249/2067/2326 1248/2068/2329
f 1249/2067/2326 1189/2066/2325 1248/2068/2329
f 1143/2064/2323 1249/2067/2326 1207/2072/2330
f 1206/2073/2331 1250/2071/2332 1197/2070/2328
f 1249/2067/2326 1197/2070/2328 1207/2072/2330
f 1250/2071/2332 1207/2072/2330 1197/2070/2328
f 1126/2074/2333 1127/2075/2334 1207/2072/2330
f 1207/2072/2330 1127/2075/2334 1143/2064/2323
f 1127/2075/2334 1128/2076/2335 1143/2064/2323
f 1128/2076/2335 1129/2077/2336 1143/2064/2323
f 1129/2077/2336 1130/2078/2337 1143/2064/2323
f 1130/2078/2337 1131/2079/2338 1143/2064/2323
f 1131/2079/2338 1132/2080/2339 1143/2064/2323
f 1132/2080/2339 1133/2081/2340 1143/2064/2323
f 1133/2081/2340 1134/2082/2341 1143/2064/2323
f 1134/2082/2341 1135/2083/2342 1143/2064/2323
f 1136/2084/2343 1245/2085/2344 1135/2083/2342
f 1135/2083/2342 1245/2085/2344 1143/2064/2323
f 1236/2086/2345 1159/2087/2346 1244/2089/2347
f 1159/2087/2346 1243/2088/2348 1244/2089/2347
f 1228/2090/2349 1157/2091/2350 1234/2093/2351
f 1157/2091/2350 1233/2092/2352 1234/2093/2351
f 1220/2094/2353 1155/2095/2354 1226/2097/2355
f 1155/2095/2354 1225/2096/2356 1226/2097/2355
f 1212/2098/2357 1153/2099/2358 1218/2101/2359
f 1153/2099/2358 1217/2100/2360 1218/2101/2359
f 1174/2102/2361 1151/2103/2362 1210/2105/2363
f 1151/2103/2362 1209/2104/2364 1210/2105/2363
f 1165/2107/2365 1172/2108/2366 1141/2106/2367
f 1141/2106/2367 1172/2108/2366 1173/2109/2368
s 314
usemtl phong9SG
f 1144/2120/2369 1170/2121/2370 1145/2123/2371
f 1145/2123/2371 1170/2121/2370 1171/2122/2372
f 1168/2124/2373 1103/1981/2233 1167/2125/2374
f 1167/2125/2374 1103/1981/2233 1123/1984/2235
f 1183/2126/2375 1104/1987/2238 1182/2127/2376
f 1182/2127/2376 1104/1987/2238 1124/1986/2237
f 1150/2113/2264 1208/2128/2377 1151/2114/2266
f 1151/2114/2266 1208/2128/2377 1209/2129/2378
f 1152/2008/2260 1216/2134/2379 1153/2110/2262
f 1153/2110/2262 1216/2134/2379 1217/2141/2380
f 1154/2004/2256 1224/2142/2381 1155/2005/2258
f 1155/2005/2258 1224/2142/2381 1225/2149/2382
f 1156/2000/2252 1232/2159/2383 1157/2001/2254
f 1157/2001/2254 1232/2159/2383 1233/2169/2384
f 1158/1996/2248 1242/2180/2385 1159/1997/2250
f 1159/1997/2250 1242/2180/2385 1243/2181/2386
f 1191/2184/2387 1105/1991/2243 1190/2185/2388
f 1190/2185/2388 1105/1991/2243 1125/1994/2245
f 1106/2191/2389 1126/2196/2390 1252/2190/2391
f 1126/2196/2390 1251/2197/2392 1252/2190/2391
f 1252/2190/2391 1251/2197/2392 1199/5801/2393
f 1251/2197/2392 1198/5800/2394 1199/5801/2393
f 1164/2117/2268 1144/2120/2369 1165/2118/2270
f 1165/2118/2270 1144/2120/2369 1145/2123/2371
s 334
usemtl phong1SG
f 1171/2131/2395 1172/2108/2366 1145/2130/2396
f 1172/2108/2366 1165/2107/2365 1145/2130/2396
f 1179/2133/2397 1180/2062/2320 1122/2132/2398
f 1122/2132/2398 1180/2062/2320 1166/2061/2322
s 314
usemtl phong9SG
f 1146/5802/2399 1168/2124/2373 1147/5803/2400
f 1147/5803/2400 1168/2124/2373 1167/2125/2374
s 324
usemtl phong1SG
f 1169/2011/2272 1185/2010/2271 1102/2136/2401
f 1102/2136/2401 1185/2010/2271 1178/2135/2402
f 1170/2137/2403 1144/2138/2404 1177/2057/2318
f 1177/2057/2318 1144/2138/2404 1164/2058/2316
s 314
usemtl phong9SG
f 1170/2121/2370 1102/1977/2229 1171/2122/2372
f 1171/2122/2372 1102/1977/2229 1122/1980/2231
s 334
usemtl phong1SG
f 1166/2061/2322 1172/2108/2366 1122/2132/2398
f 1122/2132/2398 1172/2108/2366 1171/2131/2395
f 1172/2108/2366 1166/2061/2322 1173/2109/2368
f 1173/2109/2368 1166/2061/2322 1143/2064/2323
f 1174/2102/2361 1210/2105/2363 1140/2139/2405
f 1140/2139/2405 1210/2105/2363 1211/2140/2406
s 314
usemtl phong9SG
f 1120/5804/2407 1175/2112/2263 1140/5805/2408
f 1140/5805/2408 1175/2112/2263 1174/2115/2265
s 324
usemtl phong1SG
f 1175/2056/2312 1120/2143/2409 1215/2053/2313
f 1215/2053/2313 1120/2143/2409 1214/2144/2410
f 1177/2057/2318 1176/2060/2319 1169/2011/2272
f 1169/2011/2272 1176/2060/2319 1142/2012/2274
f 1170/2137/2403 1177/2057/2318 1102/2136/2401
f 1102/2136/2401 1177/2057/2318 1169/2011/2272
s 314
usemtl phong9SG
f 1178/1978/2230 1146/5802/2399 1179/1979/2232
f 1179/1979/2232 1146/5802/2399 1147/5803/2400
s 334
usemtl phong1SG
f 1167/2146/2411 1180/2062/2320 1147/2145/2412
f 1180/2062/2320 1179/2133/2397 1147/2145/2412
f 1181/2063/2321 1180/2062/2320 1123/2147/2413
f 1123/2147/2413 1180/2062/2320 1167/2146/2411
f 1187/2148/2414 1188/2065/2324 1123/2147/2413
f 1123/2147/2413 1188/2065/2324 1181/2063/2321
s 314
usemtl phong9SG
f 1148/5806/2415 1183/2126/2375 1149/5807/2416
f 1149/5807/2416 1183/2126/2375 1182/2127/2376
s 324
usemtl phong1SG
f 1184/2009/2273 1193/2014/2275 1103/2151/2417
f 1103/2151/2417 1193/2014/2275 1186/2150/2418
f 1168/2152/2419 1185/2010/2271 1103/2151/2417
f 1103/2151/2417 1185/2010/2271 1184/2009/2273
f 1168/2152/2419 1146/2153/2420 1185/2010/2271
f 1178/2135/2402 1185/2010/2271 1146/2153/2420
s 314
usemtl phong9SG
f 1186/1982/2234 1148/5806/2415 1187/1983/2236
f 1187/1983/2236 1148/5806/2415 1149/5807/2416
s 334
usemtl phong1SG
f 1182/2155/2421 1188/2065/2324 1149/2154/2422
f 1188/2065/2324 1187/2148/2414 1149/2154/2422
f 1189/2066/2325 1188/2065/2324 1124/2156/2423
f 1124/2156/2423 1188/2065/2324 1182/2155/2421
f 1189/2066/2325 1124/2156/2423 1248/2068/2329
f 1248/2068/2329 1124/2156/2423 1196/2069/2327
f 1124/2156/2423 1247/2157/2424 1196/2069/2327
f 1247/2157/2424 1195/2158/2425 1196/2069/2327
s 314
usemtl phong9SG
f 1160/5808/2426 1191/2184/2387 1161/5809/2427
f 1161/5809/2427 1191/2184/2387 1190/2185/2388
s 324
usemtl phong1SG
f 1192/2013/2276 1255/2015/2279 1104/2161/2428
f 1255/2015/2279 1201/2018/2278 1104/2161/2428
f 1104/2161/2428 1201/2018/2278 1246/2160/2429
f 1246/2160/2429 1201/2018/2278 1194/2162/2430
f 1183/2163/2431 1193/2014/2275 1104/2161/2428
f 1104/2161/2428 1193/2014/2275 1192/2013/2276
f 1183/2163/2431 1148/2164/2432 1193/2014/2275
f 1186/2150/2418 1193/2014/2275 1148/2164/2432
s 314
usemtl phong9SG
f 1194/1989/2242 1160/5808/2426 1195/1990/2241
f 1195/1990/2241 1160/5808/2426 1161/5809/2427
s 334
usemtl phong1SG
f 1190/2166/2433 1196/2069/2327 1161/2165/2434
f 1196/2069/2327 1195/2158/2425 1161/2165/2434
f 1197/2070/2328 1196/2069/2327 1125/2167/2435
f 1125/2167/2435 1196/2069/2327 1190/2166/2433
f 1205/2168/2436 1206/2073/2331 1125/2167/2435
f 1125/2167/2435 1206/2073/2331 1197/2070/2328
s 314
usemtl phong9SG
f 1162/5810/2437 1199/5801/2393 1163/5811/2438
f 1163/5811/2438 1199/5801/2393 1198/5800/2394
s 324
usemtl phong1SG
f 1200/2017/2280 1203/2021/2282 1105/2171/2439
f 1105/2171/2439 1203/2021/2282 1204/2170/2440
f 1191/2172/2441 1201/2018/2278 1105/2171/2439
f 1105/2171/2439 1201/2018/2278 1200/2017/2280
f 1191/2172/2441 1160/2173/2442 1201/2018/2278
f 1194/2162/2430 1201/2018/2278 1160/2173/2442
f 1202/2019/2281 1106/2023/2284 1253/2020/2283
f 1253/2020/2283 1106/2023/2284 1203/2021/2282
f 1106/2023/2284 1252/2174/2443 1203/2021/2282
f 1252/2174/2443 1199/2175/2444 1203/2021/2282
f 1199/2175/2444 1162/2176/2445 1203/2021/2282
f 1204/2170/2440 1203/2021/2282 1162/2176/2445
s 314
usemtl phong9SG
f 1205/1993/2246 1204/1992/2244 1163/5811/2438
f 1163/5811/2438 1204/1992/2244 1162/5810/2437
s 334
usemtl phong1SG
f 1198/2178/2446 1206/2073/2331 1163/2177/2447
f 1206/2073/2331 1205/2168/2436 1163/2177/2447
f 1207/2072/2330 1250/2071/2332 1126/2074/2333
f 1250/2071/2332 1206/2073/2331 1126/2074/2333
f 1126/2074/2333 1206/2073/2331 1251/2179/2448
f 1251/2179/2448 1206/2073/2331 1198/2178/2446
s 314
usemtl phong9SG
f 1208/2128/2377 1121/2116/2267 1209/2129/2378
f 1209/2129/2378 1121/2116/2267 1141/2119/2269
s 334
usemtl phong1SG
f 1209/2104/2364 1141/2106/2367 1210/2105/2363
f 1210/2105/2363 1141/2106/2367 1173/2109/2368
f 1210/2105/2363 1173/2109/2368 1211/2140/2406
f 1211/2140/2406 1173/2109/2368 1143/2064/2323
f 1212/2098/2357 1218/2101/2359 1139/2182/2449
f 1139/2182/2449 1218/2101/2359 1219/2183/2450
s 314
usemtl phong9SG
f 1119/5812/2451 1213/2007/2259 1139/5813/2452
f 1139/5813/2452 1213/2007/2259 1212/2111/2261
s 324
usemtl phong1SG
f 1213/2052/2308 1119/2186/2453 1223/2049/2309
f 1223/2049/2309 1119/2186/2453 1222/2187/2454
f 1215/2053/2313 1214/2144/2410 1176/2060/2319
f 1176/2060/2319 1214/2144/2410 1142/2012/2274
f 1208/2054/2315 1215/2053/2313 1121/2059/2317
f 1121/2059/2317 1215/2053/2313 1176/2060/2319
s 314
usemtl phong9SG
f 1216/2134/2379 1120/5804/2407 1217/2141/2380
f 1217/2141/2380 1120/5804/2407 1140/5805/2408
s 334
usemtl phong1SG
f 1217/2100/2360 1140/2139/2405 1218/2101/2359
f 1218/2101/2359 1140/2139/2405 1211/2140/2406
f 1218/2101/2359 1211/2140/2406 1219/2183/2450
f 1219/2183/2450 1211/2140/2406 1143/2064/2323
f 1220/2094/2353 1226/2097/2355 1138/2188/2455
f 1138/2188/2455 1226/2097/2355 1227/2189/2456
s 314
usemtl phong9SG
f 1118/5814/2457 1221/2003/2255 1138/5815/2458
f 1138/5815/2458 1221/2003/2255 1220/2006/2257
s 324
usemtl phong1SG
f 1221/2048/2304 1118/2192/2459 1231/2045/2305
f 1231/2045/2305 1118/2192/2459 1230/2193/2460
f 1223/2049/2309 1222/2187/2454 1214/2144/2410
f 1214/2144/2410 1222/2187/2454 1142/2012/2274
f 1216/2050/2311 1223/2049/2309 1120/2143/2409
f 1120/2143/2409 1223/2049/2309 1214/2144/2410
s 314
usemtl phong9SG
f 1224/2142/2381 1119/5812/2451 1225/2149/2382
f 1225/2149/2382 1119/5812/2451 1139/5813/2452
s 334
usemtl phong1SG
f 1225/2096/2356 1139/2182/2449 1226/2097/2355
f 1226/2097/2355 1139/2182/2449 1219/2183/2450
f 1226/2097/2355 1219/2183/2450 1227/2189/2456
f 1227/2189/2456 1219/2183/2450 1143/2064/2323
f 1228/2090/2349 1234/2093/2351 1137/2194/2461
f 1137/2194/2461 1234/2093/2351 1235/2195/2462
s 314
usemtl phong9SG
f 1117/5816/2463 1229/1999/2251 1137/5817/2464
f 1137/5817/2464 1229/1999/2251 1228/2002/2253
s 324
usemtl phong1SG
f 1229/2044/2300 1117/2198/2465 1239/2041/2301
f 1239/2041/2301 1117/2198/2465 1238/2199/2466
f 1231/2045/2305 1230/2193/2460 1222/2187/2454
f 1222/2187/2454 1230/2193/2460 1142/2012/2274
f 1224/2046/2307 1231/2045/2305 1119/2186/2453
f 1119/2186/2453 1231/2045/2305 1222/2187/2454
s 314
usemtl phong9SG
f 1232/2159/2383 1118/5814/2457 1233/2169/2384
f 1233/2169/2384 1118/5814/2457 1138/5815/2458
s 334
usemtl phong1SG
f 1233/2092/2352 1138/2188/2455 1234/2093/2351
f 1234/2093/2351 1138/2188/2455 1227/2189/2456
f 1234/2093/2351 1227/2189/2456 1235/2195/2462
f 1235/2195/2462 1227/2189/2456 1143/2064/2323
f 1236/2086/2345 1244/2089/2347 1136/2084/2343
f 1136/2084/2343 1244/2089/2347 1245/2085/2344
s 314
usemtl phong9SG
f 1116/5818/2467 1237/1995/2247 1136/5819/2468
f 1136/5819/2468 1237/1995/2247 1236/1998/2249
s 324
usemtl phong1SG
f 1237/2039/2296 1116/2035/2294 1241/2040/2297
f 1241/2040/2297 1116/2035/2294 1240/2036/2295
f 1239/2041/2301 1238/2199/2466 1230/2193/2460
f 1230/2193/2460 1238/2199/2466 1142/2012/2274
f 1232/2042/2303 1239/2041/2301 1118/2192/2459
f 1118/2192/2459 1239/2041/2301 1230/2193/2460
f 1241/2040/2297 1240/2036/2295 1238/2199/2466
f 1238/2199/2466 1240/2036/2295 1142/2012/2274
f 1242/2037/2299 1241/2040/2297 1117/2198/2465
f 1117/2198/2465 1241/2040/2297 1238/2199/2466
s 314
usemtl phong9SG
f 1243/2181/2386 1242/2180/2385 1137/5817/2464
f 1137/5817/2464 1242/2180/2385 1117/5816/2463
s 334
usemtl phong1SG
f 1243/2088/2348 1137/2194/2461 1244/2089/2347
f 1244/2089/2347 1137/2194/2461 1235/2195/2462
f 1244/2089/2347 1235/2195/2462 1245/2085/2344
f 1245/2085/2344 1235/2195/2462 1143/2064/2323
s 358
usemtl initialShadingGroup
f 1256/2202/2469 1257/2203/2470 1258/2205/2471
f 1258/2205/2471 1257/2203/2470 1259/2204/2472
s 359
f 1259/2204/2473 1271/2206/2474 1258/2205/2475
f 1258/2205/2475 1271/2206/2474 1277/2222/2476
f 1277/2222/2476 1271/2206/2474 1264/2221/2477
f 1271/2206/2474 1272/2207/2478 1264/2221/2477
f 1264/2221/2477 1272/2207/2478 1265/2220/2479
f 1272/2207/2478 1273/2208/2480 1265/2220/2479
f 1265/2220/2479 1273/2208/2480 1266/2219/2481
f 1261/2212/2482 1260/2213/2483 1276/2211/2484
f 1260/2213/2483 1278/2214/2485 1276/2211/2484
f 1278/2214/2485 1270/2215/2486 1276/2211/2484
f 1270/2215/2486 1269/2216/2487 1276/2211/2484
f 1276/2211/2484 1269/2216/2487 1275/2210/2488
f 1269/2216/2487 1268/2217/2489 1275/2210/2488
f 1275/2210/2488 1268/2217/2489 1274/2209/2490
f 1268/2217/2489 1267/2218/2491 1274/2209/2490
f 1267/2218/2491 1266/2219/2481 1274/2209/2490
f 1273/2208/2480 1274/2209/2490 1266/2219/2481
s 361
f 1260/2213/2492 1261/2212/2493 1262/2224/2494
f 1262/2224/2494 1261/2212/2493 1263/2223/2495
s 362
usemtl lambert10SG
f 1262/2224/2496 1263/2223/2497 1256/2226/2498
f 1263/2223/2497 3829/5820/2499 1256/2226/2498
f 1256/2226/2498 3829/5820/2499 1257/2225/2500
f 1257/2225/2500 3829/5820/2499 3837/5836/2501
f 3837/5836/2501 3829/5820/2499 3836/5834/2502
f 3836/5834/2502 3829/5820/2499 3835/5832/2503
f 3835/5832/2503 3829/5820/2499 3834/5830/2504
f 3834/5830/2504 3829/5820/2499 3833/5828/2505
f 3833/5828/2505 3829/5820/2499 3832/5826/2506
f 3829/5820/2499 3830/5822/2507 3832/5826/2506
f 3830/5822/2507 3831/5824/2508 3832/5826/2506
s 363
usemtl initialShadingGroup
f 1259/2204/2509 1257/2203/2510 1271/2234/2511
f 1261/2228/2512 1276/2229/2513 1263/2227/2514
f 1263/2227/2514 1276/2229/2513 3829/5821/2515
f 1276/2229/2513 1275/2230/2516 3829/5821/2515
f 3829/5821/2515 1275/2230/2516 3830/5823/2517
f 3830/5823/2517 1275/2230/2516 3831/5825/2518
f 3831/5825/2518 1275/2230/2516 3832/5827/2519
f 3832/5827/2519 1275/2230/2516 3833/5829/2520
f 3833/5829/2520 1275/2230/2516 3834/5831/2521
f 3834/5831/2521 1275/2230/2516 3835/5833/2522
f 3835/5833/2522 1275/2230/2516 3836/5835/2523
f 3836/5835/2523 1275/2230/2516 3837/5837/2524
f 3837/5837/2524 1275/2230/2516 1257/2203/2510
f 1275/2230/2516 1274/2231/2525 1257/2203/2510
f 1274/2231/2525 1273/2232/2526 1257/2203/2510
f 1273/2232/2526 1272/2233/2527 1257/2203/2510
f 1257/2203/2510 1272/2233/2527 1271/2234/2511
s 365
usemtl lambert7SG
f 1262/2235/2528 1256/2202/2529 1260/2245/2530
f 1260/2245/2530 1256/2202/2529 1278/2244/2531
f 1278/2244/2531 1256/2202/2529 1270/2243/2532
f 1270/2243/2532 1256/2202/2529 1269/2242/2533
f 1269/2242/2533 1256/2202/2529 1268/2241/2534
f 1268/2241/2534 1256/2202/2529 1267/2240/2535
f 1267/2240/2535 1256/2202/2529 1266/2239/2536
f 1266/2239/2536 1256/2202/2529 1265/2238/2537
f 1265/2238/2537 1256/2202/2529 1264/2237/2538
f 1264/2237/2538 1256/2202/2529 1277/2236/2539
f 1256/2202/2529 1258/2205/2540 1277/2236/2539
s 366
usemtl phong7SG
f 1279/2246/2541 1280/2247/2542 1282/2249/2543
f 1282/2249/2543 1280/2247/2542 1281/2248/2544
s 367
usemtl phong1SG
f 1287/2250/2545 1296/2251/2546 1288/2253/2547
f 1288/2253/2547 1296/2251/2546 1297/2252/2548
s 368
f 1291/2254/2549 1316/2255/2550 1292/2257/2551
f 1292/2257/2551 1316/2255/2550 1317/2256/2552
s 369
f 1313/2258/2553 1321/2259/2554 1314/2261/2555
f 1314/2261/2555 1321/2259/2554 1320/2260/2556
s 370
f 1295/2262/2557 1285/2263/2558 1281/2248/2559
f 1281/2248/2559 1285/2263/2558 1282/2249/2560
s 371
usemtl phong7SG
f 1287/2266/2561 1288/2267/2562 1286/2265/2563
f 1288/2267/2562 1283/2268/2564 1286/2265/2563
f 1283/2268/2564 1284/2269/2565 1286/2265/2563
f 1286/2265/2563 1284/2269/2565 1285/2264/2566
f 1284/2269/2565 1279/2246/2567 1285/2264/2566
f 1279/2246/2567 1282/2249/2568 1285/2264/2566
s 372
usemtl phong1SG
f 1290/2277/2569 1289/2270/2570 1306/2276/2571
f 1302/2272/2572 1303/2273/2573 1298/2271/2574
f 1303/2273/2573 1304/2274/2575 1298/2271/2574
f 1298/2271/2574 1304/2274/2575 1289/2270/2570
f 1306/2276/2571 1289/2270/2570 1305/2275/2576
f 1289/2270/2570 1304/2274/2575 1305/2275/2576
f 1298/2271/2574 1297/2283/2577 1302/2272/2572
f 1302/2272/2572 1297/2283/2577 1314/2282/2578
f 1312/2279/2579 1311/2280/2580 1296/2278/2581
f 1311/2280/2580 1313/2281/2582 1296/2278/2581
f 1296/2278/2581 1313/2281/2582 1297/2283/2577
f 1313/2281/2582 1314/2282/2578 1297/2283/2577
s 375
f 1279/2287/2583 1284/2288/2584 1280/2286/2585
f 1280/2286/2585 1284/2288/2584 1289/2285/2586
f 1289/2285/2586 1284/2288/2584 1298/2284/2587
f 1284/2288/2584 1283/2289/2588 1298/2284/2587
f 1283/2289/2588 1288/2253/2589 1298/2284/2587
f 1298/2284/2587 1288/2253/2589 1297/2252/2590
s 372
f 1311/2280/2580 1312/2279/2579 1310/2294/2591
f 1294/2290/2592 1307/2291/2593 1295/2295/2594
f 1295/2295/2594 1307/2291/2593 1312/2279/2579
f 1307/2291/2593 1308/2292/2595 1312/2279/2579
f 1308/2292/2595 1309/2293/2596 1312/2279/2579
f 1309/2293/2596 1310/2294/2591 1312/2279/2579
f 1289/2270/2570 1290/2277/2569 1280/2247/2597
f 1290/2277/2569 1291/2296/2598 1280/2247/2597
f 1295/2295/2594 1281/2248/2599 1294/2290/2592
f 1294/2290/2592 1281/2248/2599 1293/2298/2600
f 1293/2298/2600 1281/2248/2599 1292/2297/2601
f 1281/2248/2599 1280/2247/2597 1292/2297/2601
f 1280/2247/2597 1291/2296/2598 1292/2297/2601
s 377
f 1292/2257/2602 1317/2256/2603 1293/2302/2604
f 1293/2302/2604 1317/2256/2603 1294/2301/2605
f 1317/2256/2603 1318/2299/2606 1294/2301/2605
f 1318/2299/2606 1307/2300/2607 1294/2301/2605
s off
usemtl phong7SG
f 1301/2310/2608 1300/2303/2609 1315/2309/2610
s 378
f 1317/2256/2611 1316/2255/2612 1318/2304/2613
f 1316/2255/2612 1299/2305/2614 1318/2304/2613
f 1318/2304/2613 1299/2305/2614 1300/2303/2609
f 1299/2305/2614 1319/2306/2615 1300/2303/2609
f 1319/2306/2615 1320/2307/2616 1300/2303/2609
f 1300/2303/2609 1320/2307/2616 1315/2309/2610
f 1320/2307/2616 1321/2308/2617 1315/2309/2610
s 379
usemtl phong1SG
f 1314/2261/2618 1320/2260/2619 1302/2316/2620
f 1320/2260/2619 1319/2317/2621 1302/2316/2620
f 1302/2316/2620 1319/2317/2621 1303/2315/2622
f 1303/2315/2622 1319/2317/2621 1304/2314/2623
f 1319/2317/2621 1299/2318/2624 1304/2314/2623
f 1304/2314/2623 1299/2318/2624 1305/2313/2625
f 1299/2318/2624 1316/2319/2626 1305/2313/2625
f 1305/2313/2625 1316/2319/2626 1306/2312/2627
f 1306/2312/2627 1316/2319/2626 1290/2311/2628
f 1290/2311/2628 1316/2319/2626 1291/2320/2629
s 377
f 1313/2258/2630 1311/2321/2631 1321/2259/2632
f 1307/2300/2607 1318/2299/2606 1308/2324/2633
f 1318/2299/2606 1300/2325/2634 1308/2324/2633
f 1308/2324/2633 1300/2325/2634 1309/2323/2635
f 1309/2323/2635 1300/2325/2634 1310/2322/2636
f 1321/2259/2632 1311/2321/2631 1315/2326/2637
f 1300/2325/2634 1315/2326/2637 1310/2322/2636
f 1311/2321/2631 1310/2322/2636 1315/2326/2637
s 370
f 1287/2250/2638 1286/2327/2639 1296/2251/2640
f 1296/2251/2640 1286/2327/2639 1312/2328/2639
f 1285/2263/2558 1295/2262/2557 1286/2327/2639
s off
f 1301/2331/2641 1315/2329/2642 1300/2330/2643
s 382
f 1300/2330/2644 1315/2329/2645 1315/2329/2646
f 1315/2329/2646 1312/2328/2646 1315/2329/2645
f 1315/2329/2646 1312/2328/2646 1312/2328/2639
f 1312/2328/2639 1286/2327/2639 1312/2328/2646
s 370
f 1286/2327/2639 1295/2262/2557 1312/2328/2639
s 383
usemtl phong3SG
f 1322/2332/2647 1323/2333/2648 1324/2335/2649
f 1324/2335/2649 1323/2333/2648 1325/2334/2650
s 384
f 1324/2336/2651 1325/2337/2652 1326/2339/2653
f 1326/2339/2653 1325/2337/2652 1327/2338/2654
s 385
f 1326/2340/2655 1327/2341/2656 1328/2343/2657
f 1328/2343/2657 1327/2341/2656 1329/2342/2658
s 386
f 1328/2344/2659 1329/2345/2660 1322/2347/2661
f 1322/2347/2661 1329/2345/2660 1323/2346/2662
s 387
f 1323/2348/2663 1329/2349/2664 1325/2337/2665
f 1325/2337/2665 1329/2349/2664 1327/2350/2666
s 388
f 1328/2351/2667 1322/2352/2668 1326/2353/2669
f 1326/2353/2669 1322/2352/2668 1324/2336/2670
s 389
usemtl phong1SG
f 1330/2354/2671 1336/2355/2672 1331/2357/2673
f 1331/2357/2673 1336/2355/2672 1337/2356/2674
f 1331/2357/2673 1337/2356/2674 1332/2359/2675
f 1332/2359/2675 1337/2356/2674 1338/2358/2676
f 1332/2359/2675 1338/2358/2676 1333/2361/2677
f 1333/2361/2677 1338/2358/2676 1339/2360/2678
f 1333/2361/2677 1339/2360/2678 1334/2363/2679
f 1334/2363/2679 1339/2360/2678 1340/2362/2680
f 1335/2364/2681 1341/2365/2682 1330/2367/2671
f 1330/2367/2671 1341/2365/2682 1336/2366/2672
s 390
f 1342/2368/2683 1343/2369/2684 1348/2371/2685
f 1348/2371/2685 1343/2369/2684 1349/2370/2686
f 1343/2369/2684 1344/2372/2687 1349/2370/2686
f 1349/2370/2686 1344/2372/2687 1350/2373/2688
f 1344/2372/2687 1345/2374/2689 1350/2373/2688
f 1350/2373/2688 1345/2374/2689 1351/2375/2690
f 1345/2374/2689 1346/2376/2691 1351/2375/2690
f 1351/2375/2690 1346/2376/2691 1352/2377/2692
f 1347/2378/2693 1342/2379/2683 1353/2381/2694
f 1353/2381/2694 1342/2379/2683 1348/2380/2685
s 391
f 1354/2382/2695 1355/2383/2696 1360/2385/2697
f 1360/2385/2697 1355/2383/2696 1361/2384/2698
f 1355/2383/2696 1356/2386/2699 1361/2384/2698
f 1361/2384/2698 1356/2386/2699 1362/2387/2700
f 1356/2386/2699 1357/2388/2701 1362/2387/2700
f 1362/2387/2700 1357/2388/2701 1363/2389/2702
f 1357/2388/2701 1358/2390/2703 1363/2389/2702
f 1363/2389/2702 1358/2390/2703 1364/2391/2704
f 1359/2392/2705 1354/2393/2695 1365/2395/2706
f 1365/2395/2706 1354/2393/2695 1360/2394/2697
s 392
f 1335/2364/2707 1330/2367/2708 1371/2397/2709
f 1371/2397/2709 1330/2367/2708 1370/2396/2710
s 393
f 1330/2354/2711 1331/2357/2712 1370/2399/2713
f 1370/2399/2713 1331/2357/2712 1369/2398/2714
s 394
f 1331/2357/2715 1332/2359/2716 1369/2398/2717
f 1369/2398/2717 1332/2359/2716 1368/2400/2718
s 395
f 1332/2359/2719 1333/2361/2720 1368/2400/2721
f 1368/2400/2721 1333/2361/2720 1367/2401/2722
s 396
f 1333/2361/2723 1334/2363/2724 1367/2401/2725
f 1367/2401/2725 1334/2363/2724 1366/2402/2726
f 1367/2401/2725 1366/2402/2726 1373/2404/2727
f 1373/2404/2727 1366/2402/2726 1372/2403/2728
s 395
f 1368/2400/2721 1367/2401/2722 1374/2405/2729
f 1374/2405/2729 1367/2401/2722 1373/2404/2730
s 394
f 1369/2398/2717 1368/2400/2718 1375/2406/2731
f 1375/2406/2731 1368/2400/2718 1374/2405/2732
s 393
f 1370/2399/2713 1369/2398/2714 1376/2407/2733
f 1376/2407/2733 1369/2398/2714 1375/2406/2734
s 392
f 1371/2397/2709 1370/2396/2710 1377/2409/2735
f 1377/2409/2735 1370/2396/2710 1376/2408/2736
s 396
f 1373/2404/2727 1372/2403/2728 1379/2411/2737
f 1379/2411/2737 1372/2403/2728 1378/2410/2738
s 395
f 1374/2405/2729 1373/2404/2730 1380/2412/2739
f 1380/2412/2739 1373/2404/2730 1379/2411/2740
s 394
f 1375/2406/2731 1374/2405/2732 1381/2413/2741
f 1381/2413/2741 1374/2405/2732 1380/2412/2742
s 393
f 1376/2407/2733 1375/2406/2734 1382/2414/2743
f 1382/2414/2743 1375/2406/2734 1381/2413/2744
s 392
f 1377/2409/2735 1376/2408/2736 1383/2416/2745
f 1383/2416/2745 1376/2408/2736 1382/2415/2746
s 396
f 1379/2411/2737 1378/2410/2738 1385/2418/2747
f 1385/2418/2747 1378/2410/2738 1384/2417/2748
s 395
f 1380/2412/2739 1379/2411/2740 1386/2419/2749
f 1386/2419/2749 1379/2411/2740 1385/2418/2750
s 394
f 1381/2413/2741 1380/2412/2742 1387/2420/2751
f 1387/2420/2751 1380/2412/2742 1386/2419/2752
s 393
f 1382/2414/2743 1381/2413/2744 1388/2421/2753
f 1388/2421/2753 1381/2413/2744 1387/2420/2754
s 392
f 1383/2416/2745 1382/2415/2746 1389/2423/2755
f 1389/2423/2755 1382/2415/2746 1388/2422/2756
s 396
f 1385/2418/2747 1384/2417/2748 1391/2425/2757
f 1391/2425/2757 1384/2417/2748 1390/2424/2758
s 395
f 1386/2419/2749 1385/2418/2750 1392/2426/2759
f 1392/2426/2759 1385/2418/2750 1391/2425/2760
s 394
f 1387/2420/2751 1386/2419/2752 1393/2427/2761
f 1393/2427/2761 1386/2419/2752 1392/2426/2762
s 393
f 1388/2421/2753 1387/2420/2754 1394/2428/2763
f 1394/2428/2763 1387/2420/2754 1393/2427/2764
s 392
f 1389/2423/2755 1388/2422/2756 1395/2430/2765
f 1395/2430/2765 1388/2422/2756 1394/2429/2766
s 396
f 1390/2424/2758 1396/2431/2767 1391/2425/2757
f 1391/2425/2757 1396/2431/2767 1397/2432/2768
s 395
f 1391/2425/2760 1397/2432/2769 1392/2426/2759
f 1392/2426/2759 1397/2432/2769 1398/2433/2770
s 394
f 1392/2426/2762 1398/2433/2771 1393/2427/2761
f 1393/2427/2761 1398/2433/2771 1399/2434/2772
s 393
f 1394/2428/2763 1393/2427/2764 1400/2435/2773
f 1400/2435/2773 1393/2427/2764 1399/2434/2774
s 392
f 1395/2430/2765 1394/2429/2766 1401/2437/2775
f 1401/2437/2775 1394/2429/2766 1400/2436/2776
s 396
f 1403/2439/2777 1397/2432/2768 1402/2438/2778
f 1397/2432/2768 1396/2431/2767 1402/2438/2778
s 395
f 1397/2432/2769 1403/2439/2779 1398/2433/2770
f 1398/2433/2770 1403/2439/2779 1404/2440/2780
s 394
f 1398/2433/2771 1404/2440/2781 1399/2434/2772
f 1399/2434/2772 1404/2440/2781 1405/2441/2782
s 393
f 1399/2434/2774 1405/2441/2783 1400/2435/2773
f 1400/2435/2773 1405/2441/2783 1406/2442/2784
s 392
f 1400/2436/2776 1406/2443/2785 1401/2437/2775
f 1401/2437/2775 1406/2443/2785 1407/2444/2786
s 396
f 1402/2438/2778 1408/2445/2787 1403/2439/2777
f 1403/2439/2777 1408/2445/2787 1409/2446/2788
s 395
f 1403/2439/2779 1409/2446/2789 1404/2440/2780
f 1404/2440/2780 1409/2446/2789 1410/2447/2790
s 394
f 1404/2440/2781 1410/2447/2791 1405/2441/2782
f 1405/2441/2782 1410/2447/2791 1411/2448/2792
s 393
f 1405/2441/2783 1411/2448/2793 1406/2442/2784
f 1406/2442/2784 1411/2448/2793 1412/2449/2794
s 392
f 1406/2443/2785 1412/2450/2795 1407/2444/2786
f 1407/2444/2786 1412/2450/2795 1413/2451/2796
s 396
f 1408/2445/2787 1414/2452/2797 1409/2446/2788
f 1409/2446/2788 1414/2452/2797 1415/2453/2798
s 395
f 1409/2446/2789 1415/2453/2799 1410/2447/2790
f 1410/2447/2790 1415/2453/2799 1416/2454/2800
s 394
f 1410/2447/2791 1416/2454/2801 1411/2448/2792
f 1411/2448/2792 1416/2454/2801 1417/2455/2802
s 393
f 1411/2448/2793 1417/2455/2803 1412/2449/2794
f 1412/2449/2794 1417/2455/2803 1418/2456/2804
s 392
f 1412/2450/2795 1418/2457/2805 1413/2451/2796
f 1413/2451/2796 1418/2457/2805 1419/2458/2806
s 396
f 1421/2460/2807 1415/2453/2798 1420/2459/2808
f 1415/2453/2798 1414/2452/2797 1420/2459/2808
s 395
f 1415/2453/2799 1421/2460/2809 1416/2454/2800
f 1416/2454/2800 1421/2460/2809 1422/2461/2810
s 394
f 1416/2454/2801 1422/2461/2811 1417/2455/2802
f 1417/2455/2802 1422/2461/2811 1423/2462/2812
s 393
f 1417/2455/2803 1423/2462/2813 1418/2456/2804
f 1418/2456/2804 1423/2462/2813 1424/2463/2814
s 392
f 1418/2457/2805 1424/2464/2815 1419/2458/2806
f 1419/2458/2806 1424/2464/2815 1425/2465/2816
s 396
f 1420/2459/2808 1426/2466/2817 1421/2460/2807
f 1421/2460/2807 1426/2466/2817 1427/2467/2818
s 395
f 1421/2460/2809 1427/2467/2819 1422/2461/2810
f 1422/2461/2810 1427/2467/2819 1428/2468/2820
s 394
f 1422/2461/2811 1428/2468/2821 1423/2462/2812
f 1423/2462/2812 1428/2468/2821 1429/2469/2822
s 393
f 1423/2462/2813 1429/2469/2823 1424/2463/2814
f 1424/2463/2814 1429/2469/2823 1430/2470/2824
s 392
f 1424/2464/2815 1430/2471/2825 1425/2465/2816
f 1425/2465/2816 1430/2471/2825 1431/2472/2826
s 396
f 1426/2466/2817 1346/2376/2827 1427/2467/2818
f 1427/2467/2818 1346/2376/2827 1345/2374/2828
s 395
f 1427/2467/2819 1345/2374/2829 1428/2468/2820
f 1428/2468/2820 1345/2374/2829 1344/2372/2830
s 394
f 1428/2468/2821 1344/2372/2831 1429/2469/2822
f 1429/2469/2822 1344/2372/2831 1343/2369/2832
s 393
f 1429/2469/2823 1343/2369/2833 1430/2470/2824
f 1430/2470/2824 1343/2369/2833 1342/2368/2834
s 392
f 1430/2471/2825 1342/2379/2835 1431/2472/2826
f 1431/2472/2826 1342/2379/2835 1347/2378/2836
s 397
f 1353/2381/2837 1348/2380/2838 1437/2474/2839
f 1437/2474/2839 1348/2380/2838 1436/2473/2840
s 398
f 1348/2371/2841 1349/2370/2842 1436/2476/2843
f 1436/2476/2843 1349/2370/2842 1435/2475/2844
s 399
f 1349/2370/2845 1350/2373/2846 1435/2475/2847
f 1435/2475/2847 1350/2373/2846 1434/2477/2848
s 400
f 1350/2373/2849 1351/2375/2850 1434/2477/2851
f 1434/2477/2851 1351/2375/2850 1433/2478/2852
s 401
f 1351/2375/2853 1352/2377/2854 1433/2478/2855
f 1433/2478/2855 1352/2377/2854 1432/2479/2856
f 1433/2478/2855 1432/2479/2856 1439/2481/2857
f 1439/2481/2857 1432/2479/2856 1438/2480/2858
s 400
f 1434/2477/2851 1433/2478/2852 1440/2482/2859
f 1440/2482/2859 1433/2478/2852 1439/2481/2860
s 399
f 1435/2475/2847 1434/2477/2848 1441/2483/2861
f 1441/2483/2861 1434/2477/2848 1440/2482/2862
s 398
f 1436/2476/2843 1435/2475/2844 1442/2484/2863
f 1442/2484/2863 1435/2475/2844 1441/2483/2864
s 397
f 1437/2474/2839 1436/2473/2840 1443/2486/2865
f 1443/2486/2865 1436/2473/2840 1442/2485/2866
s 401
f 1439/2481/2857 1438/2480/2858 1445/2488/2867
f 1438/2480/2858 1444/2487/2868 1445/2488/2867
s 400
f 1440/2482/2859 1439/2481/2860 1446/2489/2869
f 1446/2489/2869 1439/2481/2860 1445/2488/2870
s 399
f 1441/2483/2861 1440/2482/2862 1447/2490/2871
f 1447/2490/2871 1440/2482/2862 1446/2489/2872
s 398
f 1442/2484/2863 1441/2483/2864 1448/2491/2873
f 1448/2491/2873 1441/2483/2864 1447/2490/2874
s 397
f 1443/2486/2865 1442/2485/2866 1449/2493/2875
f 1449/2493/2875 1442/2485/2866 1448/2492/2876
s 401
f 1450/2494/2877 1451/2495/2878 1444/2487/2868
f 1445/2488/2867 1444/2487/2868 1451/2495/2878
s 400
f 1446/2489/2869 1445/2488/2870 1452/2496/2879
f 1452/2496/2879 1445/2488/2870 1451/2495/2880
s 399
f 1447/2490/2871 1446/2489/2872 1453/2497/2881
f 1453/2497/2881 1446/2489/2872 1452/2496/2882
s 398
f 1448/2491/2873 1447/2490/2874 1454/2498/2883
f 1454/2498/2883 1447/2490/2874 1453/2497/2884
s 397
f 1449/2493/2875 1448/2492/2876 1455/2500/2885
f 1455/2500/2885 1448/2492/2876 1454/2499/2886
s 401
f 1456/2501/2887 1457/2502/2888 1450/2494/2877
f 1451/2495/2878 1450/2494/2877 1457/2502/2888
s 400
f 1452/2496/2879 1451/2495/2880 1458/2503/2889
f 1458/2503/2889 1451/2495/2880 1457/2502/2890
s 399
f 1453/2497/2881 1452/2496/2882 1459/2504/2891
f 1459/2504/2891 1452/2496/2882 1458/2503/2892
s 398
f 1454/2498/2883 1453/2497/2884 1460/2505/2893
f 1460/2505/2893 1453/2497/2884 1459/2504/2894
s 397
f 1455/2500/2885 1454/2499/2886 1461/2507/2895
f 1461/2507/2895 1454/2499/2886 1460/2506/2896
s 401
f 1457/2502/2888 1456/2501/2887 1463/2509/2897
f 1456/2501/2887 1462/2508/2898 1463/2509/2897
s 400
f 1458/2503/2889 1457/2502/2890 1464/2510/2899
f 1464/2510/2899 1457/2502/2890 1463/2509/2900
s 399
f 1459/2504/2891 1458/2503/2892 1465/2511/2901
f 1465/2511/2901 1458/2503/2892 1464/2510/2902
s 398
f 1460/2505/2893 1459/2504/2894 1466/2512/2903
f 1466/2512/2903 1459/2504/2894 1465/2511/2904
s 397
f 1461/2507/2895 1460/2506/2896 1467/2514/2905
f 1467/2514/2905 1460/2506/2896 1466/2513/2906
s 401
f 1463/2509/2897 1462/2508/2898 1469/2516/2907
f 1469/2516/2907 1462/2508/2898 1468/2515/2908
s 400
f 1464/2510/2899 1463/2509/2900 1470/2517/2909
f 1470/2517/2909 1463/2509/2900 1469/2516/2910
s 399
f 1465/2511/2901 1464/2510/2902 1471/2518/2911
f 1471/2518/2911 1464/2510/2902 1470/2517/2912
s 398
f 1466/2512/2903 1465/2511/2904 1472/2519/2913
f 1472/2519/2913 1465/2511/2904 1471/2518/2914
s 397
f 1467/2514/2905 1466/2513/2906 1473/2521/2915
f 1473/2521/2915 1466/2513/2906 1472/2520/2916
s 401
f 1469/2516/2907 1468/2515/2908 1475/2523/2917
f 1475/2523/2917 1468/2515/2908 1474/2522/2918
s 400
f 1469/2516/2910 1475/2523/2919 1470/2517/2909
f 1470/2517/2909 1475/2523/2919 1476/2524/2920
s 399
f 1470/2517/2912 1476/2524/2921 1471/2518/2911
f 1471/2518/2911 1476/2524/2921 1477/2525/2922
s 398
f 1471/2518/2914 1477/2525/2923 1472/2519/2913
f 1472/2519/2913 1477/2525/2923 1478/2526/2924
s 397
f 1472/2520/2916 1478/2527/2925 1473/2521/2915
f 1473/2521/2915 1478/2527/2925 1479/2528/2926
s 401
f 1474/2522/2918 1480/2529/2927 1475/2523/2917
f 1475/2523/2917 1480/2529/2927 1481/2530/2928
s 400
f 1475/2523/2919 1481/2530/2929 1476/2524/2920
f 1476/2524/2920 1481/2530/2929 1482/2531/2930
s 399
f 1476/2524/2921 1482/2531/2931 1477/2525/2922
f 1477/2525/2922 1482/2531/2931 1483/2532/2932
s 398
f 1477/2525/2923 1483/2532/2933 1478/2526/2924
f 1478/2526/2924 1483/2532/2933 1484/2533/2934
s 397
f 1478/2527/2925 1484/2534/2935 1479/2528/2926
f 1479/2528/2926 1484/2534/2935 1485/2535/2936
s 401
f 1480/2529/2927 1486/2536/2937 1481/2530/2928
f 1481/2530/2928 1486/2536/2937 1487/2537/2938
s 400
f 1481/2530/2929 1487/2537/2939 1482/2531/2930
f 1482/2531/2930 1487/2537/2939 1488/2538/2940
s 399
f 1482/2531/2931 1488/2538/2941 1483/2532/2932
f 1483/2532/2932 1488/2538/2941 1489/2539/2942
s 398
f 1483/2532/2933 1489/2539/2943 1484/2533/2934
f 1484/2533/2934 1489/2539/2943 1490/2540/2944
s 397
f 1484/2534/2935 1490/2541/2945 1485/2535/2936
f 1485/2535/2936 1490/2541/2945 1491/2542/2946
s 401
f 1486/2536/2937 1492/2543/2947 1487/2537/2938
f 1487/2537/2938 1492/2543/2947 1493/2544/2948
s 400
f 1487/2537/2939 1493/2544/2949 1488/2538/2940
f 1488/2538/2940 1493/2544/2949 1494/2545/2950
s 399
f 1488/2538/2941 1494/2545/2951 1489/2539/2942
f 1489/2539/2942 1494/2545/2951 1495/2546/2952
s 398
f 1489/2539/2943 1495/2546/2953 1490/2540/2944
f 1490/2540/2944 1495/2546/2953 1496/2547/2954
s 397
f 1490/2541/2945 1496/2548/2955 1491/2542/2946
f 1491/2542/2946 1496/2548/2955 1497/2549/2956
s 401
f 1493/2544/2948 1492/2543/2947 1357/2388/2957
f 1357/2388/2957 1492/2543/2947 1358/2390/2958
s 400
f 1494/2545/2950 1493/2544/2949 1356/2386/2959
f 1356/2386/2959 1493/2544/2949 1357/2388/2960
s 399
f 1495/2546/2952 1494/2545/2951 1355/2383/2961
f 1355/2383/2961 1494/2545/2951 1356/2386/2962
s 398
f 1496/2547/2954 1495/2546/2953 1354/2382/2963
f 1354/2382/2963 1495/2546/2953 1355/2383/2964
s 397
f 1497/2549/2956 1496/2548/2955 1359/2392/2965
f 1359/2392/2965 1496/2548/2955 1354/2393/2966
s 404
f 1498/2550/2967 1499/2551/2968 1504/2553/2969
f 1504/2553/2969 1499/2551/2968 1505/2552/2970
f 1499/2551/2968 1500/2554/2971 1505/2552/2970
f 1505/2552/2970 1500/2554/2971 1506/2555/2972
f 1500/2554/2971 1501/2556/2973 1506/2555/2972
f 1506/2555/2972 1501/2556/2973 1507/2557/2974
f 1501/2556/2973 1502/2558/2975 1507/2557/2974
f 1507/2557/2974 1502/2558/2975 1508/2559/2976
f 1503/2560/2977 1498/2561/2967 1509/2563/2978
f 1509/2563/2978 1498/2561/2967 1504/2562/2969
s 405
f 1365/2395/2979 1360/2394/2980 1515/2565/2981
f 1515/2565/2981 1360/2394/2980 1514/2564/2982
s 406
f 1360/2385/2983 1361/2384/2984 1514/2567/2985
f 1514/2567/2985 1361/2384/2984 1513/2566/2986
s 407
f 1361/2384/2987 1362/2387/2988 1513/2566/2989
f 1513/2566/2989 1362/2387/2988 1512/2568/2990
s 408
f 1362/2387/2991 1363/2389/2992 1512/2568/2993
f 1512/2568/2993 1363/2389/2992 1511/2569/2994
s 409
f 1363/2389/2995 1364/2391/2996 1511/2569/2997
f 1511/2569/2997 1364/2391/2996 1510/2570/2998
f 1511/2569/2997 1510/2570/2998 1517/2572/2999
f 1517/2572/2999 1510/2570/2998 1516/2571/3000
s 408
f 1512/2568/2993 1511/2569/2994 1518/2573/3001
f 1518/2573/3001 1511/2569/2994 1517/2572/3002
s 407
f 1513/2566/2989 1512/2568/2990 1519/2574/3003
f 1519/2574/3003 1512/2568/2990 1518/2573/3004
s 406
f 1514/2567/2985 1513/2566/2986 1520/2575/3005
f 1520/2575/3005 1513/2566/2986 1519/2574/3006
s 405
f 1515/2565/2981 1514/2564/2982 1521/2577/3007
f 1521/2577/3007 1514/2564/2982 1520/2576/3008
s 409
f 1517/2572/2999 1516/2571/3000 1523/2579/3009
f 1523/2579/3009 1516/2571/3000 1522/2578/3010
s 408
f 1518/2573/3001 1517/2572/3002 1524/2580/3011
f 1524/2580/3011 1517/2572/3002 1523/2579/3012
s 407
f 1519/2574/3003 1518/2573/3004 1525/2581/3013
f 1525/2581/3013 1518/2573/3004 1524/2580/3014
s 406
f 1520/2575/3005 1519/2574/3006 1526/2582/3015
f 1526/2582/3015 1519/2574/3006 1525/2581/3016
s 405
f 1521/2577/3007 1520/2576/3008 1527/2584/3017
f 1527/2584/3017 1520/2576/3008 1526/2583/3018
s 409
f 1523/2579/3009 1522/2578/3010 1529/2586/3019
f 1529/2586/3019 1522/2578/3010 1528/2585/3020
s 408
f 1524/2580/3011 1523/2579/3012 1530/2587/3021
f 1530/2587/3021 1523/2579/3012 1529/2586/3022
s 407
f 1525/2581/3013 1524/2580/3014 1531/2588/3023
f 1531/2588/3023 1524/2580/3014 1530/2587/3024
s 406
f 1526/2582/3015 1525/2581/3016 1532/2589/3025
f 1532/2589/3025 1525/2581/3016 1531/2588/3026
s 405
f 1527/2584/3017 1526/2583/3018 1533/2591/3027
f 1533/2591/3027 1526/2583/3018 1532/2590/3028
s 409
f 1529/2586/3019 1528/2585/3020 1535/2593/3029
f 1535/2593/3029 1528/2585/3020 1534/2592/3030
s 408
f 1530/2587/3021 1529/2586/3022 1536/2594/3031
f 1536/2594/3031 1529/2586/3022 1535/2593/3032
s 407
f 1531/2588/3023 1530/2587/3024 1537/2595/3033
f 1537/2595/3033 1530/2587/3024 1536/2594/3034
s 406
f 1532/2589/3025 1531/2588/3026 1538/2596/3035
f 1538/2596/3035 1531/2588/3026 1537/2595/3036
s 405
f 1533/2591/3027 1532/2590/3028 1539/2598/3037
f 1539/2598/3037 1532/2590/3028 1538/2597/3038
s 409
f 1535/2593/3029 1534/2592/3030 1541/2600/3039
f 1541/2600/3039 1534/2592/3030 1540/2599/3040
s 408
f 1536/2594/3031 1535/2593/3032 1542/2601/3041
f 1542/2601/3041 1535/2593/3032 1541/2600/3042
s 407
f 1537/2595/3033 1536/2594/3034 1543/2602/3043
f 1543/2602/3043 1536/2594/3034 1542/2601/3044
s 406
f 1538/2596/3035 1537/2595/3036 1544/2603/3045
f 1544/2603/3045 1537/2595/3036 1543/2602/3046
s 405
f 1539/2598/3037 1538/2597/3038 1545/2605/3047
f 1545/2605/3047 1538/2597/3038 1544/2604/3048
s 409
f 1541/2600/3039 1540/2599/3040 1547/2607/3049
f 1547/2607/3049 1540/2599/3040 1546/2606/3050
s 408
f 1541/2600/3042 1547/2607/3051 1542/2601/3041
f 1542/2601/3041 1547/2607/3051 1548/2608/3052
s 407
f 1542/2601/3044 1548/2608/3053 1543/2602/3043
f 1543/2602/3043 1548/2608/3053 1549/2609/3054
s 406
f 1543/2602/3046 1549/2609/3055 1544/2603/3045
f 1544/2603/3045 1549/2609/3055 1550/2610/3056
s 405
f 1544/2604/3048 1550/2611/3057 1545/2605/3047
f 1545/2605/3047 1550/2611/3057 1551/2612/3058
s 409
f 1546/2606/3050 1552/2613/3059 1547/2607/3049
f 1547/2607/3049 1552/2613/3059 1553/2614/3060
s 408
f 1547/2607/3051 1553/2614/3061 1548/2608/3052
f 1548/2608/3052 1553/2614/3061 1554/2615/3062
s 407
f 1548/2608/3053 1554/2615/3063 1549/2609/3054
f 1549/2609/3054 1554/2615/3063 1555/2616/3064
s 406
f 1549/2609/3055 1555/2616/3065 1550/2610/3056
f 1550/2610/3056 1555/2616/3065 1556/2617/3066
s 405
f 1550/2611/3057 1556/2618/3067 1551/2612/3058
f 1551/2612/3058 1556/2618/3067 1557/2619/3068
s 409
f 1552/2613/3059 1558/2620/3069 1553/2614/3060
f 1553/2614/3060 1558/2620/3069 1559/2621/3070
s 408
f 1553/2614/3061 1559/2621/3071 1554/2615/3062
f 1554/2615/3062 1559/2621/3071 1560/2622/3072
s 407
f 1554/2615/3063 1560/2622/3073 1555/2616/3064
f 1555/2616/3064 1560/2622/3073 1561/2623/3074
s 406
f 1555/2616/3065 1561/2623/3075 1556/2617/3066
f 1556/2617/3066 1561/2623/3075 1562/2624/3076
s 405
f 1556/2618/3067 1562/2625/3077 1557/2619/3068
f 1557/2619/3068 1562/2625/3077 1563/2626/3078
s 409
f 1558/2620/3069 1564/2627/3079 1559/2621/3070
f 1559/2621/3070 1564/2627/3079 1565/2628/3080
s 408
f 1559/2621/3071 1565/2628/3081 1560/2622/3072
f 1560/2622/3072 1565/2628/3081 1566/2629/3082
s 407
f 1560/2622/3073 1566/2629/3083 1561/2623/3074
f 1561/2623/3074 1566/2629/3083 1567/2630/3084
s 406
f 1561/2623/3075 1567/2630/3085 1562/2624/3076
f 1562/2624/3076 1567/2630/3085 1568/2631/3086
s 405
f 1562/2625/3077 1568/2632/3087 1563/2626/3078
f 1563/2626/3078 1568/2632/3087 1569/2633/3088
s 409
f 1564/2627/3079 1570/2634/3089 1565/2628/3080
f 1565/2628/3080 1570/2634/3089 1571/2635/3090
s 408
f 1565/2628/3081 1571/2635/3091 1566/2629/3082
f 1566/2629/3082 1571/2635/3091 1572/2636/3092
s 407
f 1566/2629/3083 1572/2636/3093 1567/2630/3084
f 1567/2630/3084 1572/2636/3093 1573/2637/3094
s 406
f 1567/2630/3085 1573/2637/3095 1568/2631/3086
f 1568/2631/3086 1573/2637/3095 1574/2638/3096
s 405
f 1568/2632/3087 1574/2639/3097 1569/2633/3088
f 1569/2633/3088 1574/2639/3097 1575/2640/3098
s 409
f 1570/2634/3089 1502/2558/3099 1571/2635/3090
f 1571/2635/3090 1502/2558/3099 1501/2556/3100
s 408
f 1571/2635/3091 1501/2556/3101 1572/2636/3092
f 1572/2636/3092 1501/2556/3101 1500/2554/3102
s 407
f 1572/2636/3093 1500/2554/3103 1573/2637/3094
f 1573/2637/3094 1500/2554/3103 1499/2551/3104
s 406
f 1573/2637/3095 1499/2551/3105 1574/2638/3096
f 1574/2638/3096 1499/2551/3105 1498/2550/3106
s 405
f 1574/2639/3097 1498/2561/3107 1575/2640/3098
f 1575/2640/3098 1498/2561/3107 1503/2560/3108
s 410
f 1339/2360/3109 1580/2641/3110 1340/2362/3111
f 1340/2362/3111 1580/2641/3110 1581/2642/3112
s 411
f 1338/2358/3113 1579/2643/3114 1339/2360/3115
f 1339/2360/3115 1579/2643/3114 1580/2641/3116
s 412
f 1337/2356/3117 1578/2644/3118 1338/2358/3119
f 1338/2358/3119 1578/2644/3118 1579/2643/3120
s 413
f 1336/2355/3121 1577/2645/3122 1337/2356/3123
f 1337/2356/3123 1577/2645/3122 1578/2644/3124
s 414
f 1341/2365/3125 1576/2646/3126 1336/2366/3127
f 1336/2366/3127 1576/2646/3126 1577/2647/3128
f 1576/2646/3126 1582/2648/3129 1577/2647/3128
f 1577/2647/3128 1582/2648/3129 1583/2649/3130
s 413
f 1577/2645/3122 1583/2650/3131 1578/2644/3124
f 1578/2644/3124 1583/2650/3131 1584/2651/3132
s 412
f 1578/2644/3118 1584/2651/3133 1579/2643/3120
f 1579/2643/3120 1584/2651/3133 1585/2652/3134
s 411
f 1579/2643/3114 1585/2652/3135 1580/2641/3116
f 1580/2641/3116 1585/2652/3135 1586/2653/3136
s 410
f 1580/2641/3110 1586/2653/3137 1581/2642/3112
f 1581/2642/3112 1586/2653/3137 1587/2654/3138
s 414
f 1582/2648/3129 1588/2655/3139 1583/2649/3130
f 1583/2649/3130 1588/2655/3139 1589/2656/3140
s 413
f 1583/2650/3131 1589/2657/3141 1584/2651/3132
f 1584/2651/3132 1589/2657/3141 1590/2658/3142
s 412
f 1584/2651/3133 1590/2658/3143 1585/2652/3134
f 1585/2652/3134 1590/2658/3143 1591/2659/3144
s 411
f 1585/2652/3135 1591/2659/3145 1586/2653/3136
f 1586/2653/3136 1591/2659/3145 1592/2660/3146
s 410
f 1586/2653/3137 1592/2660/3147 1587/2654/3138
f 1587/2654/3138 1592/2660/3147 1593/2661/3148
s 414
f 1588/2655/3139 1594/2662/3149 1589/2656/3140
f 1589/2656/3140 1594/2662/3149 1595/2663/3150
s 413
f 1589/2657/3141 1595/2664/3151 1590/2658/3142
f 1590/2658/3142 1595/2664/3151 1596/2665/3152
s 412
f 1590/2658/3143 1596/2665/3153 1591/2659/3144
f 1591/2659/3144 1596/2665/3153 1597/2666/3154
s 411
f 1591/2659/3145 1597/2666/3155 1592/2660/3146
f 1592/2660/3146 1597/2666/3155 1598/2667/3156
s 410
f 1592/2660/3147 1598/2667/3157 1593/2661/3148
f 1593/2661/3148 1598/2667/3157 1599/2668/3158
s 414
f 1594/2662/3149 1600/2669/3159 1595/2663/3150
f 1595/2663/3150 1600/2669/3159 1601/2670/3160
s 413
f 1595/2664/3151 1601/2671/3161 1596/2665/3152
f 1596/2665/3152 1601/2671/3161 1602/2672/3162
s 412
f 1596/2665/3153 1602/2672/3163 1597/2666/3154
f 1597/2666/3154 1602/2672/3163 1603/2673/3164
s 411
f 1597/2666/3155 1603/2673/3165 1598/2667/3156
f 1598/2667/3156 1603/2673/3165 1604/2674/3166
s 410
f 1598/2667/3157 1604/2674/3167 1599/2668/3158
f 1599/2668/3158 1604/2674/3167 1605/2675/3168
s 414
f 1600/2669/3159 1606/2676/3169 1601/2670/3160
f 1601/2670/3160 1606/2676/3169 1607/2677/3170
s 413
f 1601/2671/3161 1607/2678/3171 1602/2672/3162
f 1602/2672/3162 1607/2678/3171 1608/2679/3172
s 412
f 1602/2672/3163 1608/2679/3173 1603/2673/3164
f 1603/2673/3164 1608/2679/3173 1609/2680/3174
s 411
f 1603/2673/3165 1609/2680/3175 1604/2674/3166
f 1604/2674/3166 1609/2680/3175 1610/2681/3176
s 410
f 1604/2674/3167 1610/2681/3177 1605/2675/3168
f 1605/2675/3168 1610/2681/3177 1611/2682/3178
s 414
f 1607/2677/3170 1606/2676/3169 1613/2684/3179
f 1613/2684/3179 1606/2676/3169 1612/2683/3180
s 413
f 1608/2679/3172 1607/2678/3171 1614/2686/3181
f 1614/2686/3181 1607/2678/3171 1613/2685/3182
s 412
f 1609/2680/3174 1608/2679/3173 1615/2687/3183
f 1615/2687/3183 1608/2679/3173 1614/2686/3184
s 411
f 1610/2681/3176 1609/2680/3175 1616/2688/3185
f 1616/2688/3185 1609/2680/3175 1615/2687/3186
s 410
f 1611/2682/3178 1610/2681/3177 1617/2689/3187
f 1617/2689/3187 1610/2681/3177 1616/2688/3188
s 414
f 1613/2684/3179 1612/2683/3180 1619/2691/3189
f 1619/2691/3189 1612/2683/3180 1618/2690/3190
s 413
f 1614/2686/3181 1613/2685/3182 1620/2693/3191
f 1620/2693/3191 1613/2685/3182 1619/2692/3192
s 412
f 1615/2687/3183 1614/2686/3184 1621/2694/3193
f 1621/2694/3193 1614/2686/3184 1620/2693/3194
s 411
f 1616/2688/3185 1615/2687/3186 1622/2695/3195
f 1622/2695/3195 1615/2687/3186 1621/2694/3196
s 410
f 1617/2689/3187 1616/2688/3188 1623/2696/3197
f 1623/2696/3197 1616/2688/3188 1622/2695/3198
s 414
f 1619/2691/3189 1618/2690/3190 1625/2698/3199
f 1625/2698/3199 1618/2690/3190 1624/2697/3200
s 413
f 1620/2693/3191 1619/2692/3192 1626/2700/3201
f 1626/2700/3201 1619/2692/3192 1625/2699/3202
s 412
f 1621/2694/3193 1620/2693/3194 1627/2701/3203
f 1627/2701/3203 1620/2693/3194 1626/2700/3204
s 411
f 1622/2695/3195 1621/2694/3196 1628/2702/3205
f 1628/2702/3205 1621/2694/3196 1627/2701/3206
s 410
f 1623/2696/3197 1622/2695/3198 1629/2703/3207
f 1629/2703/3207 1622/2695/3198 1628/2702/3208
s 414
f 1625/2698/3199 1624/2697/3200 1631/2705/3209
f 1631/2705/3209 1624/2697/3200 1630/2704/3210
s 413
f 1626/2700/3201 1625/2699/3202 1632/2707/3211
f 1632/2707/3211 1625/2699/3202 1631/2706/3212
s 412
f 1627/2701/3203 1626/2700/3204 1633/2708/3213
f 1633/2708/3213 1626/2700/3204 1632/2707/3214
s 411
f 1628/2702/3205 1627/2701/3206 1634/2709/3215
f 1634/2709/3215 1627/2701/3206 1633/2708/3216
s 410
f 1629/2703/3207 1628/2702/3208 1635/2710/3217
f 1635/2710/3217 1628/2702/3208 1634/2709/3218
s 414
f 1631/2705/3209 1630/2704/3210 1637/2712/3219
f 1637/2712/3219 1630/2704/3210 1636/2711/3220
s 413
f 1632/2707/3211 1631/2706/3212 1638/2714/3221
f 1638/2714/3221 1631/2706/3212 1637/2713/3222
s 412
f 1633/2708/3213 1632/2707/3214 1639/2715/3223
f 1639/2715/3223 1632/2707/3214 1638/2714/3224
s 411
f 1634/2709/3215 1633/2708/3216 1640/2716/3225
f 1640/2716/3225 1633/2708/3216 1639/2715/3226
s 410
f 1635/2710/3217 1634/2709/3218 1641/2717/3227
f 1641/2717/3227 1634/2709/3218 1640/2716/3228
s 414
f 1637/2712/3219 1636/2711/3220 1504/2562/3229
f 1504/2562/3229 1636/2711/3220 1509/2563/3230
s 413
f 1638/2714/3221 1637/2713/3222 1505/2552/3231
f 1505/2552/3231 1637/2713/3222 1504/2553/3232
s 412
f 1639/2715/3223 1638/2714/3224 1506/2555/3233
f 1506/2555/3233 1638/2714/3224 1505/2552/3234
s 411
f 1640/2716/3225 1639/2715/3226 1507/2557/3235
f 1507/2557/3235 1639/2715/3226 1506/2555/3236
s 410
f 1641/2717/3227 1640/2716/3228 1508/2559/3237
f 1508/2559/3237 1640/2716/3228 1507/2557/3238
s 415
usemtl initialShadingGroup
f 1642/2718/3239 1643/2719/3240 1644/2721/3241
f 1644/2721/3241 1643/2719/3240 1645/2720/3242
s 416
f 1644/2721/3243 1645/2720/3244 1646/2723/3245
f 1646/2723/3245 1645/2720/3244 1647/2722/3246
s 417
f 1646/2723/3247 1647/2722/3248 1648/2725/3249
f 1648/2725/3249 1647/2722/3248 1649/2724/3250
s 418
f 1648/2725/3251 1649/2724/3252 1642/2727/3253
f 1642/2727/3253 1649/2724/3252 1643/2726/3254
s 419
f 1643/2719/3255 1649/2728/3256 1645/2720/3257
f 1645/2720/3257 1649/2728/3256 1647/2729/3258
s 420
f 1648/2730/3259 1642/2718/3260 1646/2731/3261
f 1646/2731/3261 1642/2718/3260 1644/2721/3262
s 421
f 1650/2732/3263 1651/2733/3264 1652/2735/3265
f 1652/2735/3265 1651/2733/3264 1653/2734/3266
s 422
f 1652/2735/3267 1653/2734/3268 1654/2737/3269
f 1654/2737/3269 1653/2734/3268 1655/2736/3270
s 423
f 1654/2737/3271 1655/2736/3272 1656/2739/3273
f 1656/2739/3273 1655/2736/3272 1657/2738/3274
s 424
f 1656/2739/3275 1657/2738/3276 1650/2741/3277
f 1650/2741/3277 1657/2738/3276 1651/2740/3278
s 425
f 1651/2733/3279 1657/2742/3280 1653/2734/3281
f 1653/2734/3281 1657/2742/3280 1655/2743/3282
s 426
usemtl lambert7SG
f 1656/2744/3283 1650/2732/3284 1654/2745/3285
f 1654/2745/3285 1650/2732/3284 1652/2735/3286
s 427
f 1658/2746/3287 1659/2747/3288 1660/2749/3289
f 1660/2749/3289 1659/2747/3288 1661/2748/3290
s 428
usemtl initialShadingGroup
f 1660/2749/3291 1661/2748/3292 1662/2751/3293
f 1662/2751/3293 1661/2748/3292 1663/2750/3294
s 429
f 1662/2751/3295 1663/2750/3296 1664/2753/3297
f 1664/2753/3297 1663/2750/3296 1665/2752/3298
s 430
f 1664/2753/3299 1665/2752/3300 1658/2755/3301
f 1658/2755/3301 1665/2752/3300 1659/2754/3302
s 431
f 1665/2756/3303 1663/2757/3304 1659/2747/3305
f 1659/2747/3305 1663/2757/3304 1661/2748/3306
s 432
f 1664/2758/3307 1658/2746/3308 1662/2759/3309
f 1662/2759/3309 1658/2746/3308 1660/2749/3310
s 433
usemtl phong5SG
f 1666/2760/3311 1667/2761/3312 1668/2763/3313
f 1668/2763/3313 1667/2761/3312 1669/2762/3314
s 434
f 1668/2763/3315 1669/2762/3316 1670/2765/3317
f 1670/2765/3317 1669/2762/3316 1671/2764/3318
s 435
f 1670/2765/3319 1671/2764/3320 1672/2767/3321
f 1672/2767/3321 1671/2764/3320 1673/2766/3322
s 436
f 1672/2767/3323 1673/2766/3324 1666/2769/3325
f 1666/2769/3325 1673/2766/3324 1667/2768/3326
s 437
f 1667/2761/3327 1673/2770/3328 1669/2762/3329
f 1669/2762/3329 1673/2770/3328 1671/2771/3330
s 438
f 1672/2772/3331 1666/2760/3332 1670/2773/3333
f 1670/2773/3333 1666/2760/3332 1668/2763/3334
s 439
usemtl phong3SG
f 1674/2774/3335 1676/2775/3336 1675/2777/3337
f 1675/2777/3337 1676/2775/3336 1682/2776/3338
s 440
f 1688/2778/3339 1687/2779/3340 1689/2781/3341
f 1689/2781/3341 1687/2779/3340 1681/2780/3342
s 441
f 1676/2775/3343 1681/2782/3344 1682/2776/3345
f 1682/2776/3345 1681/2782/3344 1687/2783/3346
s 442
f 1679/2784/3347 1685/2785/3348 1680/2787/3349
f 1680/2787/3349 1685/2785/3348 1684/2786/3350
s 443
f 1677/2788/3351 1680/2789/3352 1683/2791/3353
f 1683/2791/3353 1680/2789/3352 1684/2790/3354
s 444
f 1678/2792/3355 1686/2793/3356 1679/2784/3357
f 1679/2784/3357 1686/2793/3356 1685/2785/3358
s 445
f 1677/2794/3359 1683/2795/3360 1678/2792/3361
f 1678/2792/3361 1683/2795/3360 1686/2793/3362
s 446
f 1674/2796/3363 1680/2803/3364 1676/2799/3365
f 1680/2803/3364 1677/2800/3366 1676/2799/3365
f 1676/2799/3365 1677/2800/3366 1681/2798/3367
f 1677/2800/3366 1678/2801/3368 1681/2798/3367
f 1681/2798/3367 1678/2801/3368 1689/2797/3369
f 1678/2801/3368 1679/2802/3370 1689/2797/3369
f 1674/2796/3363 1689/2797/3369 1680/2803/3364
f 1679/2802/3370 1680/2803/3364 1689/2797/3369
s 447
f 1682/2804/3371 1687/2805/3372 1683/2808/3373
f 1683/2808/3373 1687/2805/3372 1686/2811/3374
f 1687/2805/3372 1688/2806/3375 1686/2811/3374
f 1686/2811/3374 1688/2806/3375 1685/2810/3376
f 1682/2804/3371 1683/2808/3373 1675/2807/3377
f 1683/2808/3373 1684/2809/3378 1675/2807/3377
f 1675/2807/3377 1684/2809/3378 1688/2806/3375
f 1684/2809/3378 1685/2810/3376 1688/2806/3375
s 448
f 1675/2807/3379 1688/2812/3380 1674/2774/3381
f 1674/2774/3381 1688/2812/3380 1689/2813/3382
s 449
usemtl phong1SG
f 1696/2814/3383 1691/2815/3384 1697/2817/3385
f 1697/2817/3385 1691/2815/3384 1692/2816/3386
f 1697/2817/3385 1692/2816/3386 1698/2819/3387
f 1698/2819/3387 1692/2816/3386 1693/2818/3388
f 1698/2819/3387 1693/2818/3388 1699/2821/3389
f 1699/2821/3389 1693/2818/3388 1694/2820/3390
f 1699/2821/3389 1694/2820/3390 1700/2823/3391
f 1700/2823/3391 1694/2820/3390 1695/2822/3392
f 1700/2823/3391 1695/2822/3392 1701/2825/3393
f 1701/2825/3393 1695/2822/3392 1690/2824/3394
s 450
f 1709/2826/3395 1710/2827/3396 1715/2829/3397
f 1715/2829/3397 1710/2827/3396 1716/2828/3398
f 1710/2827/3396 1711/2830/3399 1716/2828/3398
f 1716/2828/3398 1711/2830/3399 1717/2831/3400
f 1711/2830/3399 1712/2832/3401 1717/2831/3400
f 1717/2831/3400 1712/2832/3401 1718/2833/3402
f 1712/2832/3401 1713/2834/3403 1718/2833/3402
f 1718/2833/3402 1713/2834/3403 1719/2835/3404
f 1713/2834/3403 1708/2836/3405 1719/2835/3404
f 1719/2835/3404 1708/2836/3405 1714/2837/3406
s 451
f 1702/2838/3407 1707/2839/3408 1725/2841/3409
f 1725/2841/3409 1707/2839/3408 1724/2840/3410
s 452
f 1707/2839/3411 1706/2842/3412 1724/2840/3413
f 1724/2840/3413 1706/2842/3412 1723/2843/3414
s 453
f 1706/2842/3415 1705/2844/3416 1723/2843/3417
f 1723/2843/3417 1705/2844/3416 1722/2845/3418
s 454
f 1705/2844/3419 1704/2846/3420 1722/2845/3421
f 1722/2845/3421 1704/2846/3420 1721/2847/3422
s 455
f 1704/2846/3423 1703/2848/3424 1721/2847/3425
f 1721/2847/3425 1703/2848/3424 1720/2849/3426
f 1721/2847/3425 1720/2849/3426 1727/2851/3427
f 1727/2851/3427 1720/2849/3426 1726/2850/3428
s 454
f 1722/2845/3421 1721/2847/3422 1728/2852/3429
f 1728/2852/3429 1721/2847/3422 1727/2851/3430
s 453
f 1723/2843/3417 1722/2845/3418 1729/2853/3431
f 1729/2853/3431 1722/2845/3418 1728/2852/3432
s 452
f 1724/2840/3413 1723/2843/3414 1730/2854/3433
f 1730/2854/3433 1723/2843/3414 1729/2853/3434
s 451
f 1725/2841/3409 1724/2840/3410 1731/2855/3435
f 1731/2855/3435 1724/2840/3410 1730/2854/3436
s 455
f 1727/2851/3427 1726/2850/3428 1733/2857/3437
f 1733/2857/3437 1726/2850/3428 1732/2856/3438
s 454
f 1728/2852/3429 1727/2851/3430 1734/2858/3439
f 1734/2858/3439 1727/2851/3430 1733/2857/3440
s 453
f 1729/2853/3431 1728/2852/3432 1735/2859/3441
f 1735/2859/3441 1728/2852/3432 1734/2858/3442
s 452
f 1730/2854/3433 1729/2853/3434 1736/2860/3443
f 1736/2860/3443 1729/2853/3434 1735/2859/3444
s 451
f 1731/2855/3435 1730/2854/3436 1737/2861/3445
f 1737/2861/3445 1730/2854/3436 1736/2860/3446
s 455
f 1733/2857/3437 1732/2856/3438 1739/2863/3447
f 1739/2863/3447 1732/2856/3438 1738/2862/3448
s 454
f 1734/2858/3439 1733/2857/3440 1740/2864/3449
f 1740/2864/3449 1733/2857/3440 1739/2863/3450
s 453
f 1735/2859/3441 1734/2858/3442 1741/2865/3451
f 1741/2865/3451 1734/2858/3442 1740/2864/3452
s 452
f 1736/2860/3443 1735/2859/3444 1742/2866/3453
f 1742/2866/3453 1735/2859/3444 1741/2865/3454
s 451
f 1737/2861/3445 1736/2860/3446 1743/2867/3455
f 1743/2867/3455 1736/2860/3446 1742/2866/3456
s 455
f 1739/2863/3447 1738/2862/3448 1745/2869/3457
f 1745/2869/3457 1738/2862/3448 1744/2868/3458
s 454
f 1740/2864/3449 1739/2863/3450 1746/2870/3459
f 1746/2870/3459 1739/2863/3450 1745/2869/3460
s 453
f 1741/2865/3451 1740/2864/3452 1747/2871/3461
f 1747/2871/3461 1740/2864/3452 1746/2870/3462
s 452
f 1742/2866/3453 1741/2865/3454 1748/2872/3463
f 1748/2872/3463 1741/2865/3454 1747/2871/3464
s 451
f 1743/2867/3455 1742/2866/3456 1749/2873/3465
f 1749/2873/3465 1742/2866/3456 1748/2872/3466
s 455
f 1745/2869/3457 1744/2868/3458 1751/2875/3467
f 1751/2875/3467 1744/2868/3458 1750/2874/3468
s 454
f 1746/2870/3459 1745/2869/3460 1752/2876/3469
f 1752/2876/3469 1745/2869/3460 1751/2875/3470
s 453
f 1747/2871/3461 1746/2870/3462 1753/2877/3471
f 1753/2877/3471 1746/2870/3462 1752/2876/3472
s 452
f 1748/2872/3463 1747/2871/3464 1754/2878/3473
f 1754/2878/3473 1747/2871/3464 1753/2877/3474
s 451
f 1749/2873/3465 1748/2872/3466 1755/2879/3475
f 1755/2879/3475 1748/2872/3466 1754/2878/3476
s 455
f 1750/2874/3468 1756/2880/3477 1751/2875/3467
f 1751/2875/3467 1756/2880/3477 1757/2881/3478
s 454
f 1751/2875/3470 1757/2881/3479 1752/2876/3469
f 1752/2876/3469 1757/2881/3479 1758/2882/3480
s 453
f 1752/2876/3472 1758/2882/3481 1753/2877/3471
f 1753/2877/3471 1758/2882/3481 1759/2883/3482
s 452
f 1753/2877/3474 1759/2883/3483 1754/2878/3473
f 1754/2878/3473 1759/2883/3483 1760/2884/3484
s 451
f 1755/2879/3475 1754/2878/3476 1761/2885/3485
f 1761/2885/3485 1754/2878/3476 1760/2884/3486
s 455
f 1756/2880/3477 1762/2886/3487 1757/2881/3478
f 1757/2881/3478 1762/2886/3487 1763/2887/3488
s 454
f 1757/2881/3479 1763/2887/3489 1758/2882/3480
f 1758/2882/3480 1763/2887/3489 1764/2888/3490
s 453
f 1758/2882/3481 1764/2888/3491 1759/2883/3482
f 1759/2883/3482 1764/2888/3491 1765/2889/3492
s 452
f 1759/2883/3483 1765/2889/3493 1760/2884/3484
f 1760/2884/3484 1765/2889/3493 1766/2890/3494
s 451
f 1760/2884/3486 1766/2890/3495 1761/2885/3485
f 1761/2885/3485 1766/2890/3495 1767/2891/3496
s 455
f 1762/2886/3487 1768/2892/3497 1763/2887/3488
f 1763/2887/3488 1768/2892/3497 1769/2893/3498
s 454
f 1763/2887/3489 1769/2893/3499 1764/2888/3490
f 1764/2888/3490 1769/2893/3499 1770/2894/3500
s 453
f 1764/2888/3491 1770/2894/3501 1765/2889/3492
f 1765/2889/3492 1770/2894/3501 1771/2895/3502
s 452
f 1765/2889/3493 1771/2895/3503 1766/2890/3494
f 1766/2890/3494 1771/2895/3503 1772/2896/3504
s 451
f 1766/2890/3495 1772/2896/3505 1767/2891/3496
f 1767/2891/3496 1772/2896/3505 1773/2897/3506
s 455
f 1768/2892/3497 1774/2898/3507 1769/2893/3498
f 1769/2893/3498 1774/2898/3507 1775/2899/3508
s 454
f 1769/2893/3499 1775/2899/3509 1770/2894/3500
f 1770/2894/3500 1775/2899/3509 1776/2900/3510
s 453
f 1770/2894/3501 1776/2900/3511 1771/2895/3502
f 1771/2895/3502 1776/2900/3511 1777/2901/3512
s 452
f 1771/2895/3503 1777/2901/3513 1772/2896/3504
f 1772/2896/3504 1777/2901/3513 1778/2902/3514
s 451
f 1772/2896/3505 1778/2902/3515 1773/2897/3506
f 1773/2897/3506 1778/2902/3515 1779/2903/3516
s 455
f 1774/2898/3507 1780/2904/3517 1775/2899/3508
f 1775/2899/3508 1780/2904/3517 1781/2905/3518
s 454
f 1775/2899/3509 1781/2905/3519 1776/2900/3510
f 1776/2900/3510 1781/2905/3519 1782/2906/3520
s 453
f 1776/2900/3511 1782/2906/3521 1777/2901/3512
f 1777/2901/3512 1782/2906/3521 1783/2907/3522
s 452
f 1777/2901/3513 1783/2907/3523 1778/2902/3514
f 1778/2902/3514 1783/2907/3523 1784/2908/3524
s 451
f 1778/2902/3515 1784/2908/3525 1779/2903/3516
f 1779/2903/3516 1784/2908/3525 1785/2909/3526
s 455
f 1780/2904/3517 1715/2829/3527 1781/2905/3518
f 1781/2905/3518 1715/2829/3527 1716/2828/3528
s 454
f 1782/2906/3520 1781/2905/3519 1717/2831/3529
f 1717/2831/3529 1781/2905/3519 1716/2828/3530
s 453
f 1783/2907/3522 1782/2906/3521 1718/2833/3531
f 1718/2833/3531 1782/2906/3521 1717/2831/3532
s 452
f 1784/2908/3524 1783/2907/3523 1719/2835/3533
f 1719/2835/3533 1783/2907/3523 1718/2833/3534
s 451
f 1785/2909/3526 1784/2908/3525 1714/2837/3535
f 1714/2837/3535 1784/2908/3525 1719/2835/3536
s 456
f 1787/2910/3537 1793/2911/3538 1788/2913/3539
f 1788/2913/3539 1793/2911/3538 1794/2912/3540
f 1788/2913/3539 1794/2912/3540 1789/2915/3541
f 1789/2915/3541 1794/2912/3540 1795/2914/3542
f 1789/2915/3541 1795/2914/3542 1790/2917/3543
f 1790/2917/3543 1795/2914/3542 1796/2916/3544
f 1790/2917/3543 1796/2916/3544 1791/2919/3545
f 1791/2919/3545 1796/2916/3544 1797/2918/3546
f 1791/2919/3545 1797/2918/3546 1786/2921/3547
f 1786/2921/3547 1797/2918/3546 1792/2920/3548
s 457
f 1799/2922/3549 1805/2923/3550 1800/2925/3551
f 1800/2925/3551 1805/2923/3550 1806/2924/3552
f 1800/2925/3551 1806/2924/3552 1801/2927/3553
f 1801/2927/3553 1806/2924/3552 1807/2926/3554
f 1801/2927/3553 1807/2926/3554 1802/2929/3555
f 1802/2929/3555 1807/2926/3554 1808/2928/3556
f 1802/2929/3555 1808/2928/3556 1803/2931/3557
f 1803/2931/3557 1808/2928/3556 1809/2930/3558
f 1803/2931/3557 1809/2930/3558 1798/2933/3559
f 1798/2933/3559 1809/2930/3558 1804/2932/3560
s 458
f 1797/2918/3561 1814/2934/3562 1792/2920/3563
f 1792/2920/3563 1814/2934/3562 1815/2935/3564
s 459
f 1796/2916/3565 1813/2936/3566 1797/2918/3567
f 1797/2918/3567 1813/2936/3566 1814/2934/3568
s 460
f 1795/2914/3569 1812/2937/3570 1796/2916/3571
f 1796/2916/3571 1812/2937/3570 1813/2936/3572
s 461
f 1794/2912/3573 1811/2938/3574 1795/2914/3575
f 1795/2914/3575 1811/2938/3574 1812/2937/3576
s 462
f 1794/2912/3577 1793/2911/3578 1811/2938/3579
f 1811/2938/3579 1793/2911/3578 1810/2939/3580
f 1811/2938/3579 1810/2939/3580 1817/2941/3581
f 1817/2941/3581 1810/2939/3580 1816/2940/3582
s 461
f 1812/2937/3576 1811/2938/3574 1818/2942/3583
f 1818/2942/3583 1811/2938/3574 1817/2941/3584
s 460
f 1813/2936/3572 1812/2937/3570 1819/2943/3585
f 1819/2943/3585 1812/2937/3570 1818/2942/3586
s 459
f 1814/2934/3568 1813/2936/3566 1820/2944/3587
f 1820/2944/3587 1813/2936/3566 1819/2943/3588
s 458
f 1815/2935/3564 1814/2934/3562 1821/2945/3589
f 1821/2945/3589 1814/2934/3562 1820/2944/3590
s 462
f 1817/2941/3581 1816/2940/3582 1823/2947/3591
f 1823/2947/3591 1816/2940/3582 1822/2946/3592
s 461
f 1818/2942/3583 1817/2941/3584 1824/2948/3593
f 1824/2948/3593 1817/2941/3584 1823/2947/3594
s 460
f 1819/2943/3585 1818/2942/3586 1825/2949/3595
f 1825/2949/3595 1818/2942/3586 1824/2948/3596
s 459
f 1820/2944/3587 1819/2943/3588 1826/2950/3597
f 1826/2950/3597 1819/2943/3588 1825/2949/3598
s 458
f 1821/2945/3589 1820/2944/3590 1827/2951/3599
f 1827/2951/3599 1820/2944/3590 1826/2950/3600
s 462
f 1823/2947/3591 1822/2946/3592 1829/2953/3601
f 1829/2953/3601 1822/2946/3592 1828/2952/3602
s 461
f 1824/2948/3593 1823/2947/3594 1830/2954/3603
f 1830/2954/3603 1823/2947/3594 1829/2953/3604
s 460
f 1825/2949/3595 1824/2948/3596 1831/2955/3605
f 1831/2955/3605 1824/2948/3596 1830/2954/3606
s 459
f 1826/2950/3597 1825/2949/3598 1832/2956/3607
f 1832/2956/3607 1825/2949/3598 1831/2955/3608
s 458
f 1827/2951/3599 1826/2950/3600 1833/2957/3609
f 1833/2957/3609 1826/2950/3600 1832/2956/3610
s 462
f 1829/2953/3601 1828/2952/3602 1835/2959/3611
f 1835/2959/3611 1828/2952/3602 1834/2958/3612
s 461
f 1830/2954/3603 1829/2953/3604 1836/2960/3613
f 1836/2960/3613 1829/2953/3604 1835/2959/3614
s 460
f 1831/2955/3605 1830/2954/3606 1837/2961/3615
f 1837/2961/3615 1830/2954/3606 1836/2960/3616
s 459
f 1832/2956/3607 1831/2955/3608 1838/2962/3617
f 1838/2962/3617 1831/2955/3608 1837/2961/3618
s 458
f 1833/2957/3609 1832/2956/3610 1839/2963/3619
f 1839/2963/3619 1832/2956/3610 1838/2962/3620
s 462
f 1835/2959/3611 1834/2958/3612 1841/2965/3621
f 1841/2965/3621 1834/2958/3612 1840/2964/3622
s 461
f 1836/2960/3613 1835/2959/3614 1842/2966/3623
f 1842/2966/3623 1835/2959/3614 1841/2965/3624
s 460
f 1837/2961/3615 1836/2960/3616 1843/2967/3625
f 1843/2967/3625 1836/2960/3616 1842/2966/3626
s 459
f 1838/2962/3617 1837/2961/3618 1844/2968/3627
f 1844/2968/3627 1837/2961/3618 1843/2967/3628
s 458
f 1839/2963/3619 1838/2962/3620 1845/2969/3629
f 1845/2969/3629 1838/2962/3620 1844/2968/3630
s 462
f 1840/2964/3622 1846/2970/3631 1841/2965/3621
f 1841/2965/3621 1846/2970/3631 1847/2971/3632
s 461
f 1841/2965/3624 1847/2971/3633 1842/2966/3623
f 1842/2966/3623 1847/2971/3633 1848/2972/3634
s 460
f 1842/2966/3626 1848/2972/3635 1843/2967/3625
f 1843/2967/3625 1848/2972/3635 1849/2973/3636
s 459
f 1843/2967/3628 1849/2973/3637 1844/2968/3627
f 1844/2968/3627 1849/2973/3637 1850/2974/3638
s 458
f 1844/2968/3630 1850/2974/3639 1845/2969/3629
f 1845/2969/3629 1850/2974/3639 1851/2975/3640
s 462
f 1846/2970/3631 1852/2976/3641 1847/2971/3632
f 1847/2971/3632 1852/2976/3641 1853/2977/3642
s 461
f 1847/2971/3633 1853/2977/3643 1848/2972/3634
f 1848/2972/3634 1853/2977/3643 1854/2978/3644
s 460
f 1848/2972/3635 1854/2978/3645 1849/2973/3636
f 1849/2973/3636 1854/2978/3645 1855/2979/3646
s 459
f 1849/2973/3637 1855/2979/3647 1850/2974/3638
f 1850/2974/3638 1855/2979/3647 1856/2980/3648
s 458
f 1850/2974/3639 1856/2980/3649 1851/2975/3640
f 1851/2975/3640 1856/2980/3649 1857/2981/3650
s 462
f 1852/2976/3641 1858/2982/3651 1853/2977/3642
f 1853/2977/3642 1858/2982/3651 1859/2983/3652
s 461
f 1853/2977/3643 1859/2983/3653 1854/2978/3644
f 1854/2978/3644 1859/2983/3653 1860/2984/3654
s 460
f 1854/2978/3645 1860/2984/3655 1855/2979/3646
f 1855/2979/3646 1860/2984/3655 1861/2985/3656
s 459
f 1855/2979/3647 1861/2985/3657 1856/2980/3648
f 1856/2980/3648 1861/2985/3657 1862/2986/3658
s 458
f 1856/2980/3649 1862/2986/3659 1857/2981/3650
f 1857/2981/3650 1862/2986/3659 1863/2987/3660
s 462
f 1858/2982/3651 1864/2988/3661 1859/2983/3652
f 1859/2983/3652 1864/2988/3661 1865/2989/3662
s 461
f 1859/2983/3653 1865/2989/3663 1860/2984/3654
f 1860/2984/3654 1865/2989/3663 1866/2990/3664
s 460
f 1860/2984/3655 1866/2990/3665 1861/2985/3656
f 1861/2985/3656 1866/2990/3665 1867/2991/3666
s 459
f 1861/2985/3657 1867/2991/3667 1862/2986/3658
f 1862/2986/3658 1867/2991/3667 1868/2992/3668
s 458
f 1862/2986/3659 1868/2992/3669 1863/2987/3660
f 1863/2987/3660 1868/2992/3669 1869/2993/3670
s 462
f 1864/2988/3661 1870/2994/3671 1865/2989/3662
f 1865/2989/3662 1870/2994/3671 1871/2995/3672
s 461
f 1865/2989/3663 1871/2995/3673 1866/2990/3664
f 1866/2990/3664 1871/2995/3673 1872/2996/3674
s 460
f 1866/2990/3665 1872/2996/3675 1867/2991/3666
f 1867/2991/3666 1872/2996/3675 1873/2997/3676
s 459
f 1867/2991/3667 1873/2997/3677 1868/2992/3668
f 1868/2992/3668 1873/2997/3677 1874/2998/3678
s 458
f 1868/2992/3669 1874/2998/3679 1869/2993/3670
f 1869/2993/3670 1874/2998/3679 1875/2999/3680
s 462
f 1870/2994/3671 1799/2922/3681 1871/2995/3672
f 1871/2995/3672 1799/2922/3681 1800/2925/3682
s 461
f 1871/2995/3673 1800/2925/3683 1872/2996/3674
f 1872/2996/3674 1800/2925/3683 1801/2927/3684
s 460
f 1872/2996/3675 1801/2927/3685 1873/2997/3676
f 1873/2997/3676 1801/2927/3685 1802/2929/3686
s 459
f 1873/2997/3677 1802/2929/3687 1874/2998/3678
f 1874/2998/3678 1802/2929/3687 1803/2931/3688
s 458
f 1874/2998/3679 1803/2931/3689 1875/2999/3680
f 1875/2999/3680 1803/2931/3689 1798/2933/3690
s 463
f 1690/2824/3691 1695/2822/3692 1881/3001/3693
f 1881/3001/3693 1695/2822/3692 1880/3000/3694
s 464
f 1695/2822/3695 1694/2820/3696 1880/3000/3697
f 1880/3000/3697 1694/2820/3696 1879/3002/3698
s 465
f 1694/2820/3699 1693/2818/3700 1879/3002/3701
f 1879/3002/3701 1693/2818/3700 1878/3003/3702
s 466
f 1693/2818/3703 1692/2816/3704 1878/3003/3705
f 1878/3003/3705 1692/2816/3704 1877/3004/3706
s 467
f 1692/2816/3707 1691/2815/3708 1877/3004/3709
f 1877/3004/3709 1691/2815/3708 1876/3005/3710
f 1877/3004/3709 1876/3005/3710 1883/3007/3711
f 1883/3007/3711 1876/3005/3710 1882/3006/3712
s 466
f 1878/3003/3705 1877/3004/3706 1884/3008/3713
f 1884/3008/3713 1877/3004/3706 1883/3007/3714
s 465
f 1879/3002/3701 1878/3003/3702 1885/3009/3715
f 1885/3009/3715 1878/3003/3702 1884/3008/3716
s 464
f 1880/3000/3697 1879/3002/3698 1886/3010/3717
f 1886/3010/3717 1879/3002/3698 1885/3009/3718
s 463
f 1881/3001/3693 1880/3000/3694 1887/3011/3719
f 1887/3011/3719 1880/3000/3694 1886/3010/3720
s 467
f 1883/3007/3711 1882/3006/3712 1889/3013/3721
f 1889/3013/3721 1882/3006/3712 1888/3012/3722
s 466
f 1884/3008/3713 1883/3007/3714 1890/3014/3723
f 1890/3014/3723 1883/3007/3714 1889/3013/3724
s 465
f 1885/3009/3715 1884/3008/3716 1891/3015/3725
f 1891/3015/3725 1884/3008/3716 1890/3014/3726
s 464
f 1886/3010/3717 1885/3009/3718 1892/3016/3727
f 1892/3016/3727 1885/3009/3718 1891/3015/3728
s 463
f 1887/3011/3719 1886/3010/3720 1893/3017/3729
f 1893/3017/3729 1886/3010/3720 1892/3016/3730
s 467
f 1889/3013/3721 1888/3012/3722 1895/3019/3731
f 1895/3019/3731 1888/3012/3722 1894/3018/3732
s 466
f 1890/3014/3723 1889/3013/3724 1896/3020/3733
f 1896/3020/3733 1889/3013/3724 1895/3019/3734
s 465
f 1891/3015/3725 1890/3014/3726 1897/3021/3735
f 1897/3021/3735 1890/3014/3726 1896/3020/3736
s 464
f 1892/3016/3727 1891/3015/3728 1898/3022/3737
f 1898/3022/3737 1891/3015/3728 1897/3021/3738
s 463
f 1893/3017/3729 1892/3016/3730 1899/3023/3739
f 1899/3023/3739 1892/3016/3730 1898/3022/3740
s 467
f 1895/3019/3731 1894/3018/3732 1901/3025/3741
f 1901/3025/3741 1894/3018/3732 1900/3024/3742
s 466
f 1896/3020/3733 1895/3019/3734 1902/3026/3743
f 1902/3026/3743 1895/3019/3734 1901/3025/3744
s 465
f 1897/3021/3735 1896/3020/3736 1903/3027/3745
f 1903/3027/3745 1896/3020/3736 1902/3026/3746
s 464
f 1898/3022/3737 1897/3021/3738 1904/3028/3747
f 1904/3028/3747 1897/3021/3738 1903/3027/3748
s 463
f 1899/3023/3739 1898/3022/3740 1905/3029/3749
f 1905/3029/3749 1898/3022/3740 1904/3028/3750
s 467
f 1901/3025/3741 1900/3024/3742 1907/3031/3751
f 1907/3031/3751 1900/3024/3742 1906/3030/3752
s 466
f 1902/3026/3743 1901/3025/3744 1908/3032/3753
f 1908/3032/3753 1901/3025/3744 1907/3031/3754
s 465
f 1903/3027/3745 1902/3026/3746 1909/3033/3755
f 1909/3033/3755 1902/3026/3746 1908/3032/3756
s 464
f 1904/3028/3747 1903/3027/3748 1910/3034/3757
f 1910/3034/3757 1903/3027/3748 1909/3033/3758
s 463
f 1905/3029/3749 1904/3028/3750 1911/3035/3759
f 1911/3035/3759 1904/3028/3750 1910/3034/3760
s 467
f 1906/3030/3752 1912/3036/3761 1907/3031/3751
f 1907/3031/3751 1912/3036/3761 1913/3037/3762
s 466
f 1907/3031/3754 1913/3037/3763 1908/3032/3753
f 1908/3032/3753 1913/3037/3763 1914/3038/3764
s 465
f 1908/3032/3756 1914/3038/3765 1909/3033/3755
f 1909/3033/3755 1914/3038/3765 1915/3039/3766
s 464
f 1909/3033/3758 1915/3039/3767 1910/3034/3757
f 1910/3034/3757 1915/3039/3767 1916/3040/3768
s 463
f 1911/3035/3759 1910/3034/3760 1917/3041/3769
f 1917/3041/3769 1910/3034/3760 1916/3040/3770
s 467
f 1912/3036/3761 1918/3042/3771 1913/3037/3762
f 1913/3037/3762 1918/3042/3771 1919/3043/3772
s 466
f 1913/3037/3763 1919/3043/3773 1914/3038/3764
f 1914/3038/3764 1919/3043/3773 1920/3044/3774
s 465
f 1914/3038/3765 1920/3044/3775 1915/3039/3766
f 1915/3039/3766 1920/3044/3775 1921/3045/3776
s 464
f 1915/3039/3767 1921/3045/3777 1916/3040/3768
f 1916/3040/3768 1921/3045/3777 1922/3046/3778
s 463
f 1916/3040/3770 1922/3046/3779 1917/3041/3769
f 1917/3041/3769 1922/3046/3779 1923/3047/3780
s 467
f 1918/3042/3771 1924/3048/3781 1919/3043/3772
f 1919/3043/3772 1924/3048/3781 1925/3049/3782
s 466
f 1919/3043/3773 1925/3049/3783 1920/3044/3774
f 1920/3044/3774 1925/3049/3783 1926/3050/3784
s 465
f 1920/3044/3775 1926/3050/3785 1921/3045/3776
f 1921/3045/3776 1926/3050/3785 1927/3051/3786
s 464
f 1921/3045/3777 1927/3051/3787 1922/3046/3778
f 1922/3046/3778 1927/3051/3787 1928/3052/3788
s 463
f 1922/3046/3779 1928/3052/3789 1923/3047/3780
f 1923/3047/3780 1928/3052/3789 1929/3053/3790
s 467
f 1924/3048/3781 1930/3054/3791 1925/3049/3782
f 1925/3049/3782 1930/3054/3791 1931/3055/3792
s 466
f 1925/3049/3783 1931/3055/3793 1926/3050/3784
f 1926/3050/3784 1931/3055/3793 1932/3056/3794
s 465
f 1926/3050/3785 1932/3056/3795 1927/3051/3786
f 1927/3051/3786 1932/3056/3795 1933/3057/3796
s 464
f 1927/3051/3787 1933/3057/3797 1928/3052/3788
f 1928/3052/3788 1933/3057/3797 1934/3058/3798
s 463
f 1928/3052/3789 1934/3058/3799 1929/3053/3790
f 1929/3053/3790 1934/3058/3799 1935/3059/3800
s 467
f 1930/3054/3791 1936/3060/3801 1931/3055/3792
f 1931/3055/3792 1936/3060/3801 1937/3061/3802
s 466
f 1931/3055/3793 1937/3061/3803 1932/3056/3794
f 1932/3056/3794 1937/3061/3803 1938/3062/3804
s 465
f 1932/3056/3795 1938/3062/3805 1933/3057/3796
f 1933/3057/3796 1938/3062/3805 1939/3063/3806
s 464
f 1933/3057/3797 1939/3063/3807 1934/3058/3798
f 1934/3058/3798 1939/3063/3807 1940/3064/3808
s 463
f 1934/3058/3799 1940/3064/3809 1935/3059/3800
f 1935/3059/3800 1940/3064/3809 1941/3065/3810
s 467
f 1936/3060/3801 1787/2910/3811 1937/3061/3802
f 1937/3061/3802 1787/2910/3811 1788/2913/3812
s 466
f 1938/3062/3804 1937/3061/3803 1789/2915/3813
f 1789/2915/3813 1937/3061/3803 1788/2913/3814
s 465
f 1939/3063/3806 1938/3062/3805 1790/2917/3815
f 1790/2917/3815 1938/3062/3805 1789/2915/3816
s 464
f 1940/3064/3808 1939/3063/3807 1791/2919/3817
f 1791/2919/3817 1939/3063/3807 1790/2917/3818
s 463
f 1941/3065/3810 1940/3064/3809 1786/2921/3819
f 1786/2921/3819 1940/3064/3809 1791/2919/3820
s 468
f 1697/2817/3821 1946/3066/3822 1696/2814/3823
f 1696/2814/3823 1946/3066/3822 1947/3067/3824
s 469
f 1698/2819/3825 1945/3068/3826 1697/2817/3827
f 1697/2817/3827 1945/3068/3826 1946/3066/3828
s 470
f 1699/2821/3829 1944/3069/3830 1698/2819/3831
f 1698/2819/3831 1944/3069/3830 1945/3068/3832
s 471
f 1700/2823/3833 1943/3070/3834 1699/2821/3835
f 1699/2821/3835 1943/3070/3834 1944/3069/3836
s 472
f 1701/2825/3837 1942/3071/3838 1700/2823/3839
f 1700/2823/3839 1942/3071/3838 1943/3070/3840
f 1942/3071/3838 1948/3072/3841 1943/3070/3840
f 1943/3070/3840 1948/3072/3841 1949/3073/3842
s 471
f 1943/3070/3834 1949/3073/3843 1944/3069/3836
f 1944/3069/3836 1949/3073/3843 1950/3074/3844
s 470
f 1944/3069/3830 1950/3074/3845 1945/3068/3832
f 1945/3068/3832 1950/3074/3845 1951/3075/3846
s 469
f 1945/3068/3826 1951/3075/3847 1946/3066/3828
f 1946/3066/3828 1951/3075/3847 1952/3076/3848
s 468
f 1946/3066/3822 1952/3076/3849 1947/3067/3824
f 1947/3067/3824 1952/3076/3849 1953/3077/3850
s 472
f 1948/3072/3841 1954/3078/3851 1949/3073/3842
f 1949/3073/3842 1954/3078/3851 1955/3079/3852
s 471
f 1949/3073/3843 1955/3079/3853 1950/3074/3844
f 1950/3074/3844 1955/3079/3853 1956/3080/3854
s 470
f 1950/3074/3845 1956/3080/3855 1951/3075/3846
f 1951/3075/3846 1956/3080/3855 1957/3081/3856
s 469
f 1951/3075/3847 1957/3081/3857 1952/3076/3848
f 1952/3076/3848 1957/3081/3857 1958/3082/3858
s 468
f 1952/3076/3849 1958/3082/3859 1953/3077/3850
f 1953/3077/3850 1958/3082/3859 1959/3083/3860
s 472
f 1954/3078/3851 1960/3084/3861 1955/3079/3852
f 1955/3079/3852 1960/3084/3861 1961/3085/3862
s 471
f 1955/3079/3853 1961/3085/3863 1956/3080/3854
f 1956/3080/3854 1961/3085/3863 1962/3086/3864
s 470
f 1956/3080/3855 1962/3086/3865 1957/3081/3856
f 1957/3081/3856 1962/3086/3865 1963/3087/3866
s 469
f 1957/3081/3857 1963/3087/3867 1958/3082/3858
f 1958/3082/3858 1963/3087/3867 1964/3088/3868
s 468
f 1958/3082/3859 1964/3088/3869 1959/3083/3860
f 1959/3083/3860 1964/3088/3869 1965/3089/3870
s 472
f 1960/3084/3861 1966/3090/3871 1961/3085/3862
f 1961/3085/3862 1966/3090/3871 1967/3091/3872
s 471
f 1961/3085/3863 1967/3091/3873 1962/3086/3864
f 1962/3086/3864 1967/3091/3873 1968/3092/3874
s 470
f 1962/3086/3865 1968/3092/3875 1963/3087/3866
f 1963/3087/3866 1968/3092/3875 1969/3093/3876
s 469
f 1963/3087/3867 1969/3093/3877 1964/3088/3868
f 1964/3088/3868 1969/3093/3877 1970/3094/3878
s 468
f 1964/3088/3869 1970/3094/3879 1965/3089/3870
f 1965/3089/3870 1970/3094/3879 1971/3095/3880
s 472
f 1966/3090/3871 1972/3096/3881 1967/3091/3872
f 1967/3091/3872 1972/3096/3881 1973/3097/3882
s 471
f 1967/3091/3873 1973/3097/3883 1968/3092/3874
f 1968/3092/3874 1973/3097/3883 1974/3098/3884
s 470
f 1968/3092/3875 1974/3098/3885 1969/3093/3876
f 1969/3093/3876 1974/3098/3885 1975/3099/3886
s 469
f 1969/3093/3877 1975/3099/3887 1970/3094/3878
f 1970/3094/3878 1975/3099/3887 1976/3100/3888
s 468
f 1970/3094/3879 1976/3100/3889 1971/3095/3880
f 1971/3095/3880 1976/3100/3889 1977/3101/3890
s 472
f 1973/3097/3882 1972/3096/3881 1979/3103/3891
f 1979/3103/3891 1972/3096/3881 1978/3102/3892
s 471
f 1974/3098/3884 1973/3097/3883 1980/3104/3893
f 1980/3104/3893 1973/3097/3883 1979/3103/3894
s 470
f 1975/3099/3886 1974/3098/3885 1981/3105/3895
f 1981/3105/3895 1974/3098/3885 1980/3104/3896
s 469
f 1976/3100/3888 1975/3099/3887 1982/3106/3897
f 1982/3106/3897 1975/3099/3887 1981/3105/3898
s 468
f 1977/3101/3890 1976/3100/3889 1983/3107/3899
f 1983/3107/3899 1976/3100/3889 1982/3106/3900
s 472
f 1979/3103/3891 1978/3102/3892 1985/3109/3901
f 1985/3109/3901 1978/3102/3892 1984/3108/3902
s 471
f 1980/3104/3893 1979/3103/3894 1986/3110/3903
f 1986/3110/3903 1979/3103/3894 1985/3109/3904
s 470
f 1981/3105/3895 1980/3104/3896 1987/3111/3905
f 1987/3111/3905 1980/3104/3896 1986/3110/3906
s 469
f 1982/3106/3897 1981/3105/3898 1988/3112/3907
f 1988/3112/3907 1981/3105/3898 1987/3111/3908
s 468
f 1983/3107/3899 1982/3106/3900 1989/3113/3909
f 1989/3113/3909 1982/3106/3900 1988/3112/3910
s 472
f 1985/3109/3901 1984/3108/3902 1991/3115/3911
f 1991/3115/3911 1984/3108/3902 1990/3114/3912
s 471
f 1986/3110/3903 1985/3109/3904 1992/3116/3913
f 1992/3116/3913 1985/3109/3904 1991/3115/3914
s 470
f 1987/3111/3905 1986/3110/3906 1993/3117/3915
f 1993/3117/3915 1986/3110/3906 1992/3116/3916
s 469
f 1988/3112/3907 1987/3111/3908 1994/3118/3917
f 1994/3118/3917 1987/3111/3908 1993/3117/3918
s 468
f 1989/3113/3909 1988/3112/3910 1995/3119/3919
f 1995/3119/3919 1988/3112/3910 1994/3118/3920
s 472
f 1991/3115/3911 1990/3114/3912 1997/3121/3921
f 1997/3121/3921 1990/3114/3912 1996/3120/3922
s 471
f 1992/3116/3913 1991/3115/3914 1998/3122/3923
f 1998/3122/3923 1991/3115/3914 1997/3121/3924
s 470
f 1993/3117/3915 1992/3116/3916 1999/3123/3925
f 1999/3123/3925 1992/3116/3916 1998/3122/3926
s 469
f 1994/3118/3917 1993/3117/3918 2000/3124/3927
f 2000/3124/3927 1993/3117/3918 1999/3123/3928
s 468
f 1995/3119/3919 1994/3118/3920 2001/3125/3929
f 2001/3125/3929 1994/3118/3920 2000/3124/3930
s 472
f 1997/3121/3921 1996/3120/3922 2003/3127/3931
f 2003/3127/3931 1996/3120/3922 2002/3126/3932
s 471
f 1998/3122/3923 1997/3121/3924 2004/3128/3933
f 2004/3128/3933 1997/3121/3924 2003/3127/3934
s 470
f 1999/3123/3925 1998/3122/3926 2005/3129/3935
f 2005/3129/3935 1998/3122/3926 2004/3128/3936
s 469
f 2000/3124/3927 1999/3123/3928 2006/3130/3937
f 2006/3130/3937 1999/3123/3928 2005/3129/3938
s 468
f 2001/3125/3929 2000/3124/3930 2007/3131/3939
f 2007/3131/3939 2000/3124/3930 2006/3130/3940
s 472
f 2002/3126/3932 1708/2836/3941 2003/3127/3931
f 2003/3127/3931 1708/2836/3941 1713/2834/3942
s 471
f 2003/3127/3934 1713/2834/3943 2004/3128/3933
f 2004/3128/3933 1713/2834/3943 1712/2832/3944
s 470
f 2004/3128/3936 1712/2832/3945 2005/3129/3935
f 2005/3129/3935 1712/2832/3945 1711/2830/3946
s 469
f 2005/3129/3938 1711/2830/3947 2006/3130/3937
f 2006/3130/3937 1711/2830/3947 1710/2827/3948
s 468
f 2007/3131/3939 2006/3130/3940 1709/2826/3949
f 1709/2826/3949 2006/3130/3940 1710/2827/3950
s 473
usemtl lambert6SG
f 2026/3133/3951 2024/3134/3952 2020/3132/3953
f 2020/3132/3953 2024/3134/3952 2021/3135/3954
f 2040/3137/3955 2029/3138/3956 2027/3136/3957
f 2027/3136/3957 2029/3138/3956 2028/3139/3958
f 2029/3138/3956 2040/3137/3955 2030/3141/3959
f 2030/3141/3959 2040/3137/3955 2041/3140/3960
f 2030/3141/3959 2041/3140/3960 2031/3143/3961
f 2031/3143/3961 2041/3140/3960 2042/3142/3962
s 475
f 2032/3144/3963 2042/3145/3964 2033/3147/3965
f 2033/3147/3965 2042/3145/3964 2043/3146/3966
s 476
f 2043/3149/3967 2044/3150/3968 2034/3148/3969
f 2034/3148/3969 2044/3150/3968 2035/3151/3970
s 475
f 2040/3152/3971 2045/3153/3972 2041/3155/3973
f 2041/3155/3973 2045/3153/3972 2044/3154/3974
f 2041/3155/3973 2044/3154/3974 2042/3145/3964
f 2042/3145/3964 2044/3154/3974 2043/3146/3966
s 478
f 3850/3156/3975 3851/3157/3976 2047/3159/3977
f 2047/3159/3977 3851/3157/3976 2049/3158/3978
f 2047/3159/3977 2049/3158/3978 2050/3161/3979
f 2050/3161/3979 2049/3158/3978 2053/3160/3980
f 2050/3161/3979 2053/3160/3980 2051/3163/3981
f 2051/3163/3981 2053/3160/3980 2052/3162/3982
s 479
f 2009/3164/3983 2012/3165/3984 2011/3166/3985
f 2009/3164/3983 2013/3167/3986 2012/3165/3984
f 2009/3164/3983 2014/3168/3987 2013/3167/3986
f 2009/3164/3983 2015/3169/3988 2014/3168/3987
f 2009/3164/3983 2016/3170/3989 2015/3169/3988
f 2009/3164/3983 2017/3171/3990 2016/3170/3989
s 473
f 2008/3172/3991 2025/3173/3992 2019/3174/3993
f 2008/3172/3991 2039/3175/3994 2025/3173/3992
f 2031/3143/3961 2042/3142/3962 2032/3176/3995
s 476
f 2033/3177/3996 2043/3149/3967 2034/3148/3969
s 473
f 2008/3172/3991 2048/3178/3997 2039/3175/3994
f 2008/3172/3991 2047/3179/3998 2050/3180/3999
f 2008/3172/3991 2051/3181/4000 2048/3178/3997
s 482
f 2009/3164/4001 2053/3182/4002 2049/3183/4003
s 473
f 2008/3172/3991 2050/3180/3999 2051/3181/4000
s 482
f 2009/3164/4001 2052/3184/4004 2053/3182/4002
s 473
f 2020/3132/3953 2021/3135/3954 2019/3174/3993
f 2021/3135/3954 2010/3185/4005 2019/3174/3993
f 2019/3174/3993 2010/3185/4005 2008/3172/3991
f 2008/3172/3991 2010/3185/4005 2018/3186/4006
f 2022/3187/4007 2024/3134/3952 2028/3139/3958
f 2026/3133/3951 2027/3136/3957 2024/3134/3952
f 2024/3134/3952 2027/3136/3957 2028/3139/3958
f 2008/3172/3991 2038/3188/4008 2047/3179/3998
f 3850/3190/4009 2047/3179/3998 3853/3189/4010
f 2038/3188/4008 3853/3189/4010 2047/3179/3998
s 482
f 2009/3164/4001 2049/3183/4003 2046/3193/4011
f 3851/3191/4012 3852/3192/4013 2049/3183/4003
f 2049/3183/4003 3852/3192/4013 2046/3193/4011
s 483
f 2028/3195/4014 2029/3196/4015 2022/3194/4016
f 2029/3196/4015 2030/3197/4017 2022/3194/4016
f 2030/3197/4017 2031/3198/4018 2022/3194/4016
f 2031/3198/4018 2032/3199/4019 2022/3194/4016
f 2037/3204/4020 2023/3205/4021 2036/3203/4022
f 2036/3203/4022 2023/3205/4021 2035/3202/4023
f 2035/3202/4023 2023/3205/4021 2034/3201/4024
f 2034/3201/4024 2023/3205/4021 2033/3200/4025
f 2022/3194/4016 2032/3199/4019 2023/3205/4021
f 2032/3199/4019 2033/3200/4025 2023/3205/4021
s 485
usemtl phong5SG
f 2054/3206/4026 2055/3207/4027 2056/3209/4028
f 2056/3209/4028 2055/3207/4027 2057/3208/4029
s 486
f 2056/3209/4030 2057/3208/4031 2058/3211/4032
f 2058/3211/4032 2057/3208/4031 2059/3210/4033
s 487
f 2058/3211/4034 2059/3210/4035 2060/3213/4036
f 2060/3213/4036 2059/3210/4035 2061/3212/4037
s 488
f 2060/3213/4038 2061/3212/4039 2054/3215/4040
f 2054/3215/4040 2061/3212/4039 2055/3214/4041
s 489
f 2055/3207/4042 2061/3216/4043 2057/3208/4044
f 2057/3208/4044 2061/3216/4043 2059/3217/4045
s 490
f 2060/3218/4046 2054/3206/4047 2058/3219/4048
f 2058/3219/4048 2054/3206/4047 2056/3209/4049
s 491
usemtl phong3SG
f 2062/3220/4050 2067/3221/4051 2063/3224/4052
f 2063/3224/4052 2067/3221/4051 2066/3227/4053
f 2067/3221/4051 2077/3222/4054 2066/3227/4053
f 2066/3227/4053 2077/3222/4054 2065/3226/4055
f 2077/3222/4054 2068/3223/4056 2065/3226/4055
f 2065/3226/4055 2068/3223/4056 2064/3225/4057
f 2062/3220/4050 2063/3224/4052 2068/3223/4056
f 2063/3224/4052 2064/3225/4057 2068/3223/4056
s 492
f 2069/3228/4058 2072/3232/4059 2071/3231/4060
f 2072/3232/4059 2073/3233/4061 2071/3231/4060
f 2071/3231/4060 2073/3233/4061 2076/3230/4062
f 2073/3233/4061 2074/3234/4063 2076/3230/4062
f 2076/3230/4062 2074/3234/4063 2070/3229/4064
f 2074/3234/4063 2075/3235/4065 2070/3229/4064
f 2069/3228/4058 2070/3229/4064 2072/3232/4059
f 2075/3235/4065 2072/3232/4059 2070/3229/4064
s 493
f 2062/3220/4066 2068/3223/4067 2069/3237/4068
f 2069/3237/4068 2068/3223/4067 2070/3236/4069
s 494
f 2069/3239/4070 2071/3240/4071 2062/3238/4072
f 2062/3238/4072 2071/3240/4071 2067/3241/4073
s 495
f 2077/3222/4074 2076/3242/4075 2068/3223/4076
f 2068/3223/4076 2076/3242/4075 2070/3243/4077
s 496
f 2064/3244/4078 2075/3245/4079 2065/3247/4080
f 2065/3247/4080 2075/3245/4079 2074/3246/4081
s 497
f 2065/3248/4082 2074/3249/4083 2066/3251/4084
f 2066/3251/4084 2074/3249/4083 2073/3250/4085
s 498
f 2063/3252/4086 2072/3253/4087 2064/3255/4088
f 2064/3255/4088 2072/3253/4087 2075/3254/4089
s 499
f 2063/3256/4090 2066/3257/4091 2072/3259/4092
f 2072/3259/4092 2066/3257/4091 2073/3258/4093
s 500
f 2067/3241/4094 2071/3240/4095 2077/3222/4096
f 2077/3222/4096 2071/3240/4095 2076/3242/4097
s 501
f 2078/3260/4098 2079/3261/4099 2080/3263/4100
f 2080/3263/4100 2079/3261/4099 2081/3262/4101
s 502
f 2080/3264/4102 2081/3265/4103 2082/3267/4104
f 2082/3267/4104 2081/3265/4103 2083/3266/4105
s 503
f 2082/3268/4106 2083/3269/4107 2084/3271/4108
f 2084/3271/4108 2083/3269/4107 2085/3270/4109
s 504
f 2084/3272/4110 2085/3273/4111 2078/3275/4112
f 2078/3275/4112 2085/3273/4111 2079/3274/4113
s 505
f 2079/3276/4114 2085/3277/4115 2081/3265/4116
f 2081/3265/4116 2085/3277/4115 2083/3278/4117
s 506
f 2084/3279/4118 2078/3280/4119 2082/3281/4120
f 2082/3281/4120 2078/3280/4119 2080/3264/4121
s 507
usemtl lambert14SG
f 2086/3282/4122 2087/3283/4123 2106/3285/4124
f 2106/3285/4124 2087/3283/4123 2107/3284/4125
f 2087/3283/4123 2088/3286/4126 2107/3284/4125
f 2107/3284/4125 2088/3286/4126 2108/3287/4127
f 2088/3286/4126 2089/3288/4128 2108/3287/4127
f 2108/3287/4127 2089/3288/4128 2109/3289/4129
f 2089/3288/4128 2090/3290/4130 2109/3289/4129
f 2109/3289/4129 2090/3290/4130 2110/3291/4131
f 2090/3290/4130 2091/3292/4132 2110/3291/4131
f 2110/3291/4131 2091/3292/4132 2111/3293/4133
usemtl initialShadingGroup
f 2092/3294/4134 2112/3295/4135 2091/3292/4132
f 2091/3292/4132 2112/3295/4135 2111/3293/4133
f 2092/3294/4134 2093/3296/4136 2112/3295/4135
f 2112/3295/4135 2093/3296/4136 2113/3297/4137
f 2093/3296/4136 2094/3298/4138 2113/3297/4137
f 2113/3297/4137 2094/3298/4138 2114/3299/4139
f 2094/3298/4138 2095/3300/4140 2114/3299/4139
f 2114/3299/4139 2095/3300/4140 2115/3301/4141
f 2095/3300/4140 2096/3302/4142 2115/3301/4141
f 2115/3301/4141 2096/3302/4142 2116/3303/4143
f 2096/3302/4142 2097/3304/4144 2116/3303/4143
f 2116/3303/4143 2097/3304/4144 2117/3305/4145
f 2097/3304/4144 2098/3306/4146 2117/3305/4145
f 2117/3305/4145 2098/3306/4146 2118/3307/4147
f 2098/3306/4146 2099/3308/4148 2118/3307/4147
f 2118/3307/4147 2099/3308/4148 2119/3309/4149
usemtl lambert14SG
f 2099/3308/4148 2100/3310/4150 2119/3309/4149
f 2119/3309/4149 2100/3310/4150 2120/3311/4151
f 2100/3310/4150 2101/3312/4152 2120/3311/4151
f 2120/3311/4151 2101/3312/4152 2121/3313/4153
f 2101/3312/4152 2102/3314/4154 2121/3313/4153
f 2121/3313/4153 2102/3314/4154 2122/3315/4155
f 2102/3314/4154 2103/3316/4156 2122/3315/4155
f 2122/3315/4155 2103/3316/4156 2123/3317/4157
f 2103/3316/4156 2104/3318/4158 2123/3317/4157
f 2123/3317/4157 2104/3318/4158 2124/3319/4159
f 2105/3320/4160 2125/3321/4161 2104/3318/4158
f 2104/3318/4158 2125/3321/4161 2124/3319/4159
f 2105/3320/4160 2086/3322/4122 2125/3321/4161
f 2125/3321/4161 2086/3322/4122 2106/3323/4124
s 510
usemtl initialShadingGroup
f 2087/3324/4162 2086/3325/4163 2126/3326/4164
f 2088/3327/4165 2087/3324/4162 2126/3326/4164
f 2089/3328/4166 2088/3327/4165 2126/3326/4164
f 2090/3329/4167 2089/3328/4166 2126/3326/4164
f 2091/3330/4168 2090/3329/4167 2126/3326/4164
f 2092/3331/4169 2091/3330/4168 2126/3326/4164
f 2093/3332/4170 2092/3331/4169 2126/3326/4164
f 2094/3333/4171 2093/3332/4170 2126/3326/4164
f 2095/3334/4172 2094/3333/4171 2126/3326/4164
f 2096/3335/4173 2095/3334/4172 2126/3326/4164
f 2097/3336/4174 2096/3335/4173 2126/3326/4164
f 2098/3337/4175 2097/3336/4174 2126/3326/4164
f 2099/3338/4176 2098/3337/4175 2126/3326/4164
f 2100/3339/4177 2099/3338/4176 2126/3326/4164
f 2101/3340/4178 2100/3339/4177 2126/3326/4164
f 2102/3341/4179 2101/3340/4178 2126/3326/4164
f 2103/3342/4180 2102/3341/4179 2126/3326/4164
f 2104/3343/4181 2103/3342/4180 2126/3326/4164
f 2105/3344/4182 2104/3343/4181 2126/3326/4164
f 2086/3325/4163 2105/3344/4182 2126/3326/4164
s 511
usemtl lambert14SG
f 2106/3345/4183 2107/3346/4184 2127/3347/4185
f 2107/3346/4184 2108/3348/4186 2127/3347/4185
f 2108/3348/4186 2109/3349/4187 2127/3347/4185
f 2109/3349/4187 2110/3350/4188 2127/3347/4185
f 2110/3350/4188 2111/3351/4189 2127/3347/4185
usemtl initialShadingGroup
f 2111/3351/4189 2112/3352/4190 2127/3347/4185
f 2112/3352/4190 2113/3353/4191 2127/3347/4185
f 2113/3353/4191 2114/3354/4192 2127/3347/4185
f 2114/3354/4192 2115/3355/4193 2127/3347/4185
f 2115/3355/4193 2116/3356/4194 2127/3347/4185
f 2116/3356/4194 2117/3357/4195 2127/3347/4185
f 2117/3357/4195 2118/3358/4196 2127/3347/4185
f 2118/3358/4196 2119/3359/4197 2127/3347/4185
usemtl lambert14SG
f 2119/3359/4197 2120/3360/4198 2127/3347/4185
f 2120/3360/4198 2121/3361/4199 2127/3347/4185
f 2121/3361/4199 2122/3362/4200 2127/3347/4185
f 2122/3362/4200 2123/3363/4201 2127/3347/4185
f 2123/3363/4201 2124/3364/4202 2127/3347/4185
f 2124/3364/4202 2125/3365/4203 2127/3347/4185
f 2125/3365/4203 2106/3345/4183 2127/3347/4185
s 512
usemtl initialShadingGroup
f 2128/3366/4204 2129/3367/4205 2130/3369/4206
f 2130/3369/4206 2129/3367/4205 2131/3368/4207
s 513
usemtl phong1SG
f 2130/3369/4208 2131/3368/4209 2132/3371/4210
f 2132/3371/4210 2131/3368/4209 2133/3370/4211
s 514
usemtl lambert7SG
f 2132/3371/4212 2133/3370/4213 2134/3373/4214
f 2134/3373/4214 2133/3370/4213 2135/3372/4215
s 515
usemtl initialShadingGroup
f 2134/3373/4216 2135/3372/4217 2128/3375/4218
f 2128/3375/4218 2135/3372/4217 2129/3374/4219
s 516
f 2129/3367/4220 2135/3376/4221 2131/3368/4222
f 2131/3368/4222 2135/3376/4221 2133/3377/4223
s 517
f 2134/3378/4224 2128/3366/4225 2132/3379/4226
f 2132/3379/4226 2128/3366/4225 2130/3369/4227
s 518
usemtl phong3SG
f 2139/3383/4228 2138/3382/4229 2136/3380/4230
f 2136/3380/4230 2138/3382/4229 2137/3381/4231
s 519
f 2173/3392/4232 2172/3391/4233 2174/3393/4234
f 2172/3391/4233 2171/3390/4235 2174/3393/4234
f 2174/3393/4234 2171/3390/4235 2175/3394/4236
f 2171/3390/4235 2170/3389/4237 2175/3394/4236
f 2175/3394/4236 2170/3389/4237 2176/3395/4238
f 2170/3389/4237 2169/3388/4239 2176/3395/4238
f 2176/3395/4238 2169/3388/4239 2177/3396/4240
f 2177/3396/4240 2169/3388/4239 2178/3397/4241
f 2169/3388/4239 2168/3387/4242 2178/3397/4241
f 2178/3397/4241 2168/3387/4242 2179/3398/4243
f 2168/3387/4242 2167/3386/4244 2179/3398/4243
f 2179/3398/4243 2167/3386/4244 2180/3399/4245
f 2167/3386/4244 2166/3385/4246 2180/3399/4245
f 2180/3399/4245 2166/3385/4246 2181/3400/4247
f 2166/3385/4246 2136/3384/4248 2181/3400/4247
f 2136/3384/4248 2137/3401/4249 2181/3400/4247
s 520
f 2138/3382/4250 2139/3383/4251 2151/3402/4252
f 2151/3402/4252 2139/3383/4251 2145/3403/4253
s 521
f 2146/3405/4254 2151/3402/4255 2140/3404/4256
f 2140/3404/4256 2151/3402/4255 2145/3403/4257
s 522
f 2143/3406/4258 2144/3409/4259 2149/3407/4260
f 2149/3407/4260 2144/3409/4259 2148/3408/4261
s 523
f 2158/3410/4262 2157/3412/4263 2159/3411/4264
s 524
f 2142/3413/4265 2143/3406/4266 2150/3414/4267
f 2150/3414/4267 2143/3406/4266 2149/3407/4268
s 525
f 2142/3413/4269 2150/3414/4270 2141/3415/4271
f 2141/3415/4271 2150/3414/4270 2147/3416/4272
s 526
f 2136/3417/4273 2166/3439/4274 2144/3420/4275
f 2144/3420/4275 2166/3439/4274 2165/3421/4276
f 2166/3439/4274 2167/3438/4277 2165/3421/4276
f 2165/3421/4276 2167/3438/4277 2164/3422/4278
f 2136/3417/4273 2144/3420/4275 2139/3429/4279
f 2144/3420/4275 2143/3419/4280 2139/3429/4279
f 2139/3429/4279 2143/3419/4280 2145/3430/4281
f 2143/3419/4280 2142/3418/4282 2145/3430/4281
f 2145/3430/4281 2142/3418/4282 2140/3431/4283
f 2142/3418/4282 2141/3428/4284 2140/3431/4283
f 2140/3431/4283 2141/3428/4284 2173/3432/4285
f 2173/3432/4285 2141/3428/4284 2172/3433/4286
f 2141/3428/4284 2159/3427/4287 2172/3433/4286
f 2172/3433/4286 2159/3427/4287 2171/3434/4288
f 2159/3427/4287 2160/3426/4289 2171/3434/4288
f 2171/3434/4288 2160/3426/4289 2170/3435/4290
f 2160/3426/4289 2161/3425/4291 2170/3435/4290
f 2167/3438/4277 2168/3437/4292 2164/3422/4278
f 2164/3422/4278 2168/3437/4292 2163/3423/4293
f 2170/3435/4290 2161/3425/4291 2169/3436/4294
f 2161/3425/4291 2162/3424/4295 2169/3436/4294
f 2168/3437/4292 2169/3436/4294 2163/3423/4293
f 2162/3424/4295 2163/3423/4293 2169/3436/4294
s 527
f 2146/3440/4296 2182/3461/4297 2151/3450/4298
f 2182/3461/4297 2147/3449/4299 2151/3450/4298
f 2147/3449/4299 2150/3448/4300 2151/3450/4298
f 2151/3450/4298 2150/3448/4300 2138/3451/4301
f 2150/3448/4300 2149/3447/4302 2138/3451/4301
f 2182/3461/4297 2174/3460/4303 2147/3449/4299
f 2147/3449/4299 2174/3460/4303 2158/3441/4304
f 2174/3460/4303 2175/3459/4305 2158/3441/4304
f 2158/3441/4304 2175/3459/4305 2157/3382/4306
f 2138/3451/4301 2149/3447/4302 2137/3452/4307
f 2149/3447/4302 2148/3446/4308 2137/3452/4307
f 2137/3452/4307 2148/3446/4308 2181/3453/4309
f 2181/3453/4309 2148/3446/4308 2180/3454/4310
f 2148/3446/4308 2152/3445/4311 2180/3454/4310
f 2180/3454/4310 2152/3445/4311 2179/3455/4312
f 2152/3445/4311 2153/3444/4313 2179/3455/4312
f 2179/3455/4312 2153/3444/4313 2178/3456/4314
f 2153/3444/4313 2154/3443/4315 2178/3456/4314
f 2178/3456/4314 2154/3443/4315 2177/3457/4316
f 2154/3443/4315 2155/3442/4317 2177/3457/4316
f 2155/3442/4317 2156/3381/4318 2177/3457/4316
f 2177/3457/4316 2156/3381/4318 2176/3458/4319
f 2156/3381/4318 2157/3382/4306 2176/3458/4319
f 2157/3382/4306 2175/3459/4305 2176/3458/4319
s 523
f 2141/3415/4320 2147/3416/4321 2159/3411/4264
f 2159/3411/4264 2147/3416/4321 2158/3410/4262
f 2156/3464/4322 2161/3463/4323 2157/3412/4263
f 2157/3412/4263 2161/3463/4323 2160/3462/4324
f 2157/3412/4263 2160/3462/4324 2159/3411/4264
f 2156/3464/4322 2155/3466/4325 2162/3465/4326
f 2156/3464/4322 2162/3465/4326 2161/3463/4323
f 2155/3466/4325 2154/3468/4327 2163/3467/4328
f 2155/3466/4325 2163/3467/4328 2162/3465/4326
f 2154/3468/4327 2153/3470/4329 2164/3469/4330
f 2154/3468/4327 2164/3469/4330 2163/3467/4328
f 2153/3470/4329 2152/3472/4331 2165/3471/4332
f 2153/3470/4329 2165/3471/4332 2164/3469/4330
f 2152/3472/4331 2148/3474/4333 2165/3471/4332
f 2165/3471/4332 2148/3474/4333 2144/3473/4334
s 519
f 2174/3393/4234 2182/3475/4335 2173/3392/4232
f 2182/3475/4335 2146/3405/4336 2173/3392/4232
f 2146/3405/4336 2140/3404/4337 2173/3392/4232
s 533
f 2183/3476/4338 2184/3477/4339 2185/3479/4340
f 2185/3479/4340 2184/3477/4339 2186/3478/4341
s 534
f 2185/3479/4342 2186/3478/4343 2187/3481/4344
f 2187/3481/4344 2186/3478/4343 2188/3480/4345
s 535
f 2187/3481/4346 2188/3480/4347 2189/3483/4348
f 2189/3483/4348 2188/3480/4347 2190/3482/4349
s 536
f 2189/3483/4350 2190/3482/4351 2183/3485/4352
f 2183/3485/4352 2190/3482/4351 2184/3484/4353
s 537
f 2184/3477/4354 2190/3486/4355 2186/3478/4356
f 2186/3478/4356 2190/3486/4355 2188/3487/4357
s 538
f 2189/3488/4358 2183/3476/4359 2187/3489/4360
f 2187/3489/4360 2183/3476/4359 2185/3479/4361
s 539
usemtl lambert10SG
f 2191/3490/4362 2192/3491/4363 2194/3493/4364
f 2194/3493/4364 2192/3491/4363 2193/3492/4365
s 540
usemtl lambert6SG
f 2191/3494/4366 2195/3495/4367 2192/3497/4368
f 2192/3497/4368 2195/3495/4367 2201/3496/4369
s 541
f 2193/3492/4370 2202/3498/4371 2194/3493/4372
f 2194/3493/4372 2202/3498/4371 2196/3499/4373
s 542
f 2195/3495/4374 2196/3499/4375 2201/3496/4376
f 2201/3496/4376 2196/3499/4375 2202/3498/4377
s 543
f 2205/3501/4378 2204/3502/4379 2199/3500/4380
f 2199/3500/4380 2204/3502/4379 2200/3503/4381
s 544
f 2197/3504/4382 2200/3505/4383 2203/3507/4384
f 2203/3507/4384 2200/3505/4383 2204/3506/4385
s 545
f 2198/3508/4386 2206/3509/4387 2199/3500/4388
f 2199/3500/4388 2206/3509/4387 2205/3501/4389
s 546
f 2197/3504/4390 2203/3507/4391 2198/3508/4392
f 2198/3508/4392 2203/3507/4391 2206/3509/4393
s 547
f 2191/3490/4394 2194/3493/4395 2200/3515/4396
f 2200/3515/4396 2194/3493/4395 2199/3514/4397
f 2194/3493/4395 2196/3510/4398 2199/3514/4397
f 2199/3514/4397 2196/3510/4398 2198/3513/4399
f 2191/3490/4394 2200/3515/4396 2195/3511/4400
f 2200/3515/4396 2197/3512/4401 2195/3511/4400
f 2196/3510/4398 2195/3511/4400 2198/3513/4399
f 2197/3512/4401 2198/3513/4399 2195/3511/4400
s 548
f 2192/3516/4402 2204/3521/4403 2193/3519/4404
f 2204/3521/4403 2205/3522/4405 2193/3519/4404
f 2193/3519/4404 2205/3522/4405 2202/3518/4406
f 2205/3522/4405 2206/3523/4407 2202/3518/4406
f 2192/3516/4402 2201/3517/4408 2204/3521/4403
f 2204/3521/4403 2201/3517/4408 2203/3520/4409
f 2202/3518/4406 2206/3523/4407 2201/3517/4408
f 2206/3523/4407 2203/3520/4409 2201/3517/4408
s 549
usemtl phong3SG
f 2207/3524/4410 2208/3525/4411 2209/3527/4412
f 2209/3527/4412 2208/3525/4411 2210/3526/4413
s 550
f 2209/3527/4414 2210/3526/4415 2211/3529/4416
f 2211/3529/4416 2210/3526/4415 2212/3528/4417
s 551
f 2211/3529/4418 2212/3528/4419 2213/3531/4420
f 2213/3531/4420 2212/3528/4419 2214/3530/4421
s 552
f 2213/3531/4422 2214/3530/4423 2207/3533/4424
f 2207/3533/4424 2214/3530/4423 2208/3532/4425
s 553
f 2208/3525/4426 2214/3534/4427 2210/3526/4428
f 2210/3526/4428 2214/3534/4427 2212/3535/4429
s 554
f 2213/3536/4430 2207/3524/4431 2211/3537/4432
f 2211/3537/4432 2207/3524/4431 2209/3527/4433
s 555
f 2215/3538/4434 2216/3539/4435 2217/3541/4436
f 2217/3541/4436 2216/3539/4435 2218/3540/4437
s 556
f 2217/3541/4438 2218/3540/4439 2219/3543/4440
f 2219/3543/4440 2218/3540/4439 2220/3542/4441
s 557
f 2219/3543/4442 2220/3542/4443 2221/3545/4444
f 2221/3545/4444 2220/3542/4443 2222/3544/4445
s 558
f 2221/3545/4446 2222/3544/4447 2215/3547/4448
f 2215/3547/4448 2222/3544/4447 2216/3546/4449
s 559
f 2216/3539/4450 2222/3548/4451 2218/3540/4452
f 2218/3540/4452 2222/3548/4451 2220/3549/4453
s 560
f 2221/3550/4454 2215/3538/4455 2219/3551/4456
f 2219/3551/4456 2215/3538/4455 2217/3541/4457
s 561
usemtl initialShadingGroup
f 2223/3552/4458 2224/3553/4459 2225/3555/4460
f 2225/3555/4460 2224/3553/4459 2226/3554/4461
s 562
usemtl lambert9SG
f 2225/3555/4462 2226/3554/4463 2227/3557/4464
f 2227/3557/4464 2226/3554/4463 2228/3556/4465
s 563
usemtl initialShadingGroup
f 2227/3557/4466 2228/3556/4467 2229/3559/4468
f 2229/3559/4468 2228/3556/4467 2230/3558/4469
s 564
f 2229/3559/4470 2230/3558/4471 2223/3561/4472
f 2223/3561/4472 2230/3558/4471 2224/3560/4473
s 565
f 2224/3553/4474 2230/3562/4475 2226/3554/4476
f 2226/3554/4476 2230/3562/4475 2228/3563/4477
s 566
f 2229/3564/4478 2223/3552/4479 2227/3565/4480
f 2227/3565/4480 2223/3552/4479 2225/3555/4481
s 567
usemtl phong1SG
f 2233/3566/4482 2234/3567/4483 2231/3569/4484
f 2231/3569/4484 2234/3567/4483 2232/3568/4485
f 2234/3570/4483 2236/3571/4486 2232/3573/4485
f 2232/3573/4485 2236/3571/4486 2235/3572/4487
f 2236/3571/4486 2238/3574/4488 2235/3572/4487
f 2235/3572/4487 2238/3574/4488 2237/3575/4489
f 2238/3574/4488 2240/3576/4490 2237/3575/4489
f 2237/3575/4489 2240/3576/4490 2239/3577/4491
f 2240/3576/4490 2242/3578/4492 2239/3580/4491
f 2239/3580/4491 2242/3578/4492 2241/3579/4493
f 2242/3581/4492 2244/3582/4494 2241/3584/4493
f 2241/3584/4493 2244/3582/4494 2243/3583/4495
f 2244/3585/4494 2246/3586/4496 2243/3588/4495
f 2243/3588/4495 2246/3586/4496 2245/3587/4497
s 568
f 2249/3589/4498 2257/3590/4499 2250/3592/4500
f 2250/3592/4500 2257/3590/4499 2258/3591/4501
f 2250/3592/4500 2258/3591/4501 2251/3594/4502
f 2251/3594/4502 2258/3591/4501 2259/3593/4503
f 2251/3594/4502 2259/3593/4503 2252/3596/4504
f 2252/3596/4504 2259/3593/4503 2260/3595/4505
f 2252/3596/4504 2260/3595/4505 2253/3598/4506
f 2253/3598/4506 2260/3595/4505 2261/3597/4507
f 2253/3598/4506 2261/3597/4507 2254/3600/4508
f 2254/3600/4508 2261/3597/4507 2262/3599/4509
f 2254/3600/4508 2262/3599/4509 2247/3602/4510
f 2247/3602/4510 2262/3599/4509 2255/3601/4511
s 569
f 2281/3603/4512 2282/3604/4513 2289/3606/4514
f 2289/3606/4514 2282/3604/4513 2290/3605/4515
f 2282/3604/4513 2283/3607/4516 2290/3605/4515
f 2290/3605/4515 2283/3607/4516 2291/3608/4517
f 2283/3607/4516 2284/3609/4518 2291/3608/4517
f 2291/3608/4517 2284/3609/4518 2292/3610/4519
f 2284/3609/4518 2285/3611/4520 2292/3610/4519
f 2292/3610/4519 2285/3611/4520 2293/3612/4521
f 2285/3611/4520 2286/3613/4522 2293/3612/4521
f 2293/3612/4521 2286/3613/4522 2294/3614/4523
f 2286/3613/4522 2279/3615/4524 2294/3614/4523
f 2294/3614/4523 2279/3615/4524 2287/3616/4525
s 570
f 2278/3618/4526 2301/3619/4527 2271/3617/4528
f 2271/3617/4528 2301/3619/4527 2302/3620/4529
s 571
f 2277/3621/4530 2300/3622/4531 2278/3618/4532
f 2278/3618/4532 2300/3622/4531 2301/3619/4533
s 572
f 2276/3623/4534 2299/3624/4535 2277/3621/4536
f 2277/3621/4536 2299/3624/4535 2300/3622/4537
s 573
f 2275/3625/4538 2298/3626/4539 2276/3623/4540
f 2276/3623/4540 2298/3626/4539 2299/3624/4541
s 574
f 2274/3627/4542 2297/3628/4543 2275/3625/4544
f 2275/3625/4544 2297/3628/4543 2298/3626/4545
s 575
f 2274/3627/4546 2273/3629/4547 2297/3628/4548
f 2297/3628/4548 2273/3629/4547 2296/3630/4549
s 576
f 2272/3631/4550 2295/3632/4551 2273/3629/4552
f 2273/3629/4552 2295/3632/4551 2296/3630/4553
f 2296/3630/4553 2295/3632/4551 2304/3634/4554
f 2304/3634/4554 2295/3632/4551 2303/3633/4555
s 575
f 2296/3630/4549 2304/3634/4556 2297/3628/4548
f 2297/3628/4548 2304/3634/4556 2305/3635/4557
s 574
f 2297/3628/4543 2305/3635/4558 2298/3626/4545
f 2298/3626/4545 2305/3635/4558 2306/3636/4559
s 573
f 2298/3626/4539 2306/3636/4560 2299/3624/4541
f 2299/3624/4541 2306/3636/4560 2307/3637/4561
s 572
f 2299/3624/4535 2307/3637/4562 2300/3622/4537
f 2300/3622/4537 2307/3637/4562 2308/3638/4563
s 571
f 2300/3622/4531 2308/3638/4564 2301/3619/4533
f 2301/3619/4533 2308/3638/4564 2309/3639/4565
s 570
f 2301/3619/4527 2309/3639/4566 2302/3620/4529
f 2302/3620/4529 2309/3639/4566 2310/3640/4567
s 576
f 2304/3634/4554 2303/3633/4555 2312/3642/4568
f 2312/3642/4568 2303/3633/4555 2311/3641/4569
s 575
f 2304/3634/4556 2312/3642/4570 2305/3635/4557
f 2305/3635/4557 2312/3642/4570 2313/3643/4571
s 574
f 2305/3635/4558 2313/3643/4572 2306/3636/4559
f 2306/3636/4559 2313/3643/4572 2314/3644/4573
s 573
f 2306/3636/4560 2314/3644/4574 2307/3637/4561
f 2307/3637/4561 2314/3644/4574 2315/3645/4575
s 572
f 2307/3637/4562 2315/3645/4576 2308/3638/4563
f 2308/3638/4563 2315/3645/4576 2316/3646/4577
s 571
f 2308/3638/4564 2316/3646/4578 2309/3639/4565
f 2309/3639/4565 2316/3646/4578 2317/3647/4579
s 570
f 2309/3639/4566 2317/3647/4580 2310/3640/4567
f 2310/3640/4567 2317/3647/4580 2318/3648/4581
s 576
f 2312/3642/4568 2311/3641/4569 2320/3650/4582
f 2320/3650/4582 2311/3641/4569 2319/3649/4583
s 575
f 2312/3642/4570 2320/3650/4584 2313/3643/4571
f 2313/3643/4571 2320/3650/4584 2321/3651/4585
s 574
f 2313/3643/4572 2321/3651/4586 2314/3644/4573
f 2314/3644/4573 2321/3651/4586 2322/3652/4587
s 573
f 2314/3644/4574 2322/3652/4588 2315/3645/4575
f 2315/3645/4575 2322/3652/4588 2323/3653/4589
s 572
f 2315/3645/4576 2323/3653/4590 2316/3646/4577
f 2316/3646/4577 2323/3653/4590 2324/3654/4591
s 571
f 2316/3646/4578 2324/3654/4592 2317/3647/4579
f 2317/3647/4579 2324/3654/4592 2325/3655/4593
s 570
f 2317/3647/4580 2325/3655/4594 2318/3648/4581
f 2318/3648/4581 2325/3655/4594 2326/3656/4595
s 576
f 2319/3649/4583 2327/3657/4596 2320/3650/4582
f 2320/3650/4582 2327/3657/4596 2328/3658/4597
s 575
f 2321/3651/4585 2320/3650/4584 2329/3659/4598
f 2329/3659/4598 2320/3650/4584 2328/3658/4599
s 574
f 2322/3652/4587 2321/3651/4586 2330/3660/4600
f 2330/3660/4600 2321/3651/4586 2329/3659/4601
s 573
f 2323/3653/4589 2322/3652/4588 2331/3661/4602
f 2331/3661/4602 2322/3652/4588 2330/3660/4603
s 572
f 2324/3654/4591 2323/3653/4590 2332/3662/4604
f 2332/3662/4604 2323/3653/4590 2331/3661/4605
s 571
f 2324/3654/4592 2332/3662/4606 2325/3655/4593
f 2325/3655/4593 2332/3662/4606 2333/3663/4607
s 570
f 2334/3664/4608 2326/3656/4595 2333/3663/4609
f 2326/3656/4595 2325/3655/4594 2333/3663/4609
s 576
f 2327/3657/4596 2335/3665/4610 2328/3658/4597
f 2328/3658/4597 2335/3665/4610 2336/3666/4611
s 575
f 2329/3659/4598 2328/3658/4599 2337/3667/4612
f 2337/3667/4612 2328/3658/4599 2336/3666/4613
s 574
f 2330/3660/4600 2329/3659/4601 2338/3668/4614
f 2338/3668/4614 2329/3659/4601 2337/3667/4615
s 573
f 2331/3661/4602 2330/3660/4603 2339/3669/4616
f 2339/3669/4616 2330/3660/4603 2338/3668/4617
s 572
f 2332/3662/4604 2331/3661/4605 2340/3670/4618
f 2340/3670/4618 2331/3661/4605 2339/3669/4619
s 571
f 2333/3663/4607 2332/3662/4606 2341/3671/4620
f 2341/3671/4620 2332/3662/4606 2340/3670/4621
s 570
f 2342/3672/4622 2334/3664/4608 2341/3671/4623
f 2334/3664/4608 2333/3663/4609 2341/3671/4623
s 576
f 2335/3665/4610 2343/3673/4624 2336/3666/4611
f 2336/3666/4611 2343/3673/4624 2344/3674/4625
s 575
f 2337/3667/4612 2336/3666/4613 2345/3675/4626
f 2345/3675/4626 2336/3666/4613 2344/3674/4627
s 574
f 2338/3668/4614 2337/3667/4615 2346/3676/4628
f 2346/3676/4628 2337/3667/4615 2345/3675/4629
s 573
f 2339/3669/4616 2338/3668/4617 2347/3677/4630
f 2347/3677/4630 2338/3668/4617 2346/3676/4631
s 572
f 2340/3670/4618 2339/3669/4619 2348/3678/4632
f 2348/3678/4632 2339/3669/4619 2347/3677/4633
s 571
f 2341/3671/4620 2340/3670/4621 2349/3679/4634
f 2349/3679/4634 2340/3670/4621 2348/3678/4635
s 570
f 2350/3680/4636 2342/3672/4622 2349/3679/4637
f 2342/3672/4622 2341/3671/4623 2349/3679/4637
s 576
f 2343/3673/4624 2351/3681/4638 2344/3674/4625
f 2344/3674/4625 2351/3681/4638 2352/3682/4639
s 575
f 2345/3675/4626 2344/3674/4627 2353/3683/4640
f 2353/3683/4640 2344/3674/4627 2352/3682/4641
s 574
f 2346/3676/4628 2345/3675/4629 2354/3684/4642
f 2354/3684/4642 2345/3675/4629 2353/3683/4643
s 573
f 2347/3677/4630 2346/3676/4631 2355/3685/4644
f 2355/3685/4644 2346/3676/4631 2354/3684/4645
s 572
f 2348/3678/4632 2347/3677/4633 2356/3686/4646
f 2356/3686/4646 2347/3677/4633 2355/3685/4647
s 571
f 2349/3679/4634 2348/3678/4635 2357/3687/4648
f 2357/3687/4648 2348/3678/4635 2356/3686/4649
s 570
f 2350/3680/4636 2349/3679/4637 2358/3688/4650
f 2349/3679/4637 2357/3687/4651 2358/3688/4650
s 576
f 2351/3681/4638 2359/3689/4652 2352/3682/4639
f 2352/3682/4639 2359/3689/4652 2360/3690/4653
s 575
f 2353/3683/4640 2352/3682/4641 2361/3691/4654
f 2361/3691/4654 2352/3682/4641 2360/3690/4655
s 574
f 2354/3684/4642 2353/3683/4643 2362/3692/4656
f 2362/3692/4656 2353/3683/4643 2361/3691/4657
s 573
f 2355/3685/4644 2354/3684/4645 2363/3693/4658
f 2363/3693/4658 2354/3684/4645 2362/3692/4659
s 572
f 2356/3686/4646 2355/3685/4647 2364/3694/4660
f 2364/3694/4660 2355/3685/4647 2363/3693/4661
s 571
f 2357/3687/4648 2356/3686/4649 2365/3695/4662
f 2365/3695/4662 2356/3686/4649 2364/3694/4663
s 570
f 2365/3695/4664 2366/3696/4665 2357/3687/4651
f 2358/3688/4650 2357/3687/4651 2366/3696/4665
s 576
f 2359/3689/4652 2367/3697/4666 2360/3690/4653
f 2360/3690/4653 2367/3697/4666 2368/3698/4667
s 575
f 2361/3691/4654 2360/3690/4655 2369/3699/4668
f 2369/3699/4668 2360/3690/4655 2368/3698/4669
s 574
f 2362/3692/4656 2361/3691/4657 2370/3700/4670
f 2370/3700/4670 2361/3691/4657 2369/3699/4671
s 573
f 2363/3693/4658 2362/3692/4659 2371/3701/4672
f 2371/3701/4672 2362/3692/4659 2370/3700/4673
s 572
f 2364/3694/4660 2363/3693/4661 2372/3702/4674
f 2372/3702/4674 2363/3693/4661 2371/3701/4675
s 571
f 2365/3695/4662 2364/3694/4663 2373/3703/4676
f 2373/3703/4676 2364/3694/4663 2372/3702/4677
s 570
f 2366/3696/4665 2365/3695/4664 2374/3704/4678
f 2374/3704/4678 2365/3695/4664 2373/3703/4679
s 576
f 2367/3697/4666 2375/3705/4680 2368/3698/4667
f 2368/3698/4667 2375/3705/4680 2376/3706/4681
s 575
f 2369/3699/4668 2368/3698/4669 2377/3707/4682
f 2377/3707/4682 2368/3698/4669 2376/3706/4683
s 574
f 2370/3700/4670 2369/3699/4671 2378/3708/4684
f 2378/3708/4684 2369/3699/4671 2377/3707/4685
s 573
f 2371/3701/4672 2370/3700/4673 2379/3709/4686
f 2379/3709/4686 2370/3700/4673 2378/3708/4687
s 572
f 2372/3702/4674 2371/3701/4675 2380/3710/4688
f 2380/3710/4688 2371/3701/4675 2379/3709/4689
s 571
f 2373/3703/4676 2372/3702/4677 2381/3711/4690
f 2381/3711/4690 2372/3702/4677 2380/3710/4691
s 570
f 2374/3704/4678 2373/3703/4679 2382/3712/4692
f 2382/3712/4692 2373/3703/4679 2381/3711/4693
s 576
f 2375/3705/4680 2288/3713/4694 2376/3706/4681
f 2376/3706/4681 2288/3713/4694 2289/3606/4695
s 575
f 2377/3707/4682 2376/3706/4683 2290/3605/4696
f 2290/3605/4696 2376/3706/4683 2289/3606/4697
s 574
f 2378/3708/4684 2377/3707/4685 2291/3608/4698
f 2291/3608/4698 2377/3707/4685 2290/3605/4699
s 573
f 2379/3709/4686 2378/3708/4687 2292/3610/4700
f 2292/3610/4700 2378/3708/4687 2291/3608/4701
s 572
f 2380/3710/4688 2379/3709/4689 2293/3612/4702
f 2293/3612/4702 2379/3709/4689 2292/3610/4703
s 571
f 2381/3711/4690 2380/3710/4691 2294/3614/4704
f 2294/3614/4704 2380/3710/4691 2293/3612/4705
s 570
f 2382/3712/4692 2381/3711/4693 2287/3616/4706
f 2287/3616/4706 2381/3711/4693 2294/3614/4707
s 578
f 2262/3715/4708 2389/3716/4709 2255/3714/4710
f 2255/3714/4710 2389/3716/4709 2390/3717/4711
s 579
f 2261/3718/4712 2388/3719/4713 2262/3715/4714
f 2262/3715/4714 2388/3719/4713 2389/3716/4715
s 580
f 2260/3720/4716 2387/3721/4717 2261/3718/4718
f 2261/3718/4718 2387/3721/4717 2388/3719/4719
s 581
f 2259/3722/4720 2386/3723/4721 2260/3720/4722
f 2260/3720/4722 2386/3723/4721 2387/3721/4723
s 582
f 2258/3724/4724 2385/3725/4725 2259/3722/4726
f 2259/3722/4726 2385/3725/4725 2386/3723/4727
s 583
f 2258/3724/4728 2257/3726/4729 2385/3725/4730
f 2385/3725/4730 2257/3726/4729 2384/3727/4731
s 584
f 2257/3726/4732 2256/3728/4733 2384/3727/4734
f 2384/3727/4734 2256/3728/4733 2383/3729/4735
f 2384/3727/4734 2383/3729/4735 2392/3731/4736
f 2392/3731/4736 2383/3729/4735 2391/3730/4737
s 583
f 2384/3727/4731 2392/3731/4738 2385/3725/4730
f 2385/3725/4730 2392/3731/4738 2393/3732/4739
s 582
f 2385/3725/4725 2393/3732/4740 2386/3723/4727
f 2386/3723/4727 2393/3732/4740 2394/3733/4741
s 581
f 2386/3723/4721 2394/3733/4742 2387/3721/4723
f 2387/3721/4723 2394/3733/4742 2395/3734/4743
s 580
f 2387/3721/4717 2395/3734/4744 2388/3719/4719
f 2388/3719/4719 2395/3734/4744 2396/3735/4745
s 579
f 2388/3719/4713 2396/3735/4746 2389/3716/4715
f 2389/3716/4715 2396/3735/4746 2397/3736/4747
s 578
f 2389/3716/4709 2397/3736/4748 2390/3717/4711
f 2390/3717/4711 2397/3736/4748 2398/3737/4749
s 584
f 2392/3731/4736 2391/3730/4737 2400/3739/4750
f 2400/3739/4750 2391/3730/4737 2399/3738/4751
s 583
f 2392/3731/4738 2400/3739/4752 2393/3732/4739
f 2393/3732/4739 2400/3739/4752 2401/3740/4753
s 582
f 2393/3732/4740 2401/3740/4754 2394/3733/4741
f 2394/3733/4741 2401/3740/4754 2402/3741/4755
s 581
f 2394/3733/4742 2402/3741/4756 2395/3734/4743
f 2395/3734/4743 2402/3741/4756 2403/3742/4757
s 580
f 2395/3734/4744 2403/3742/4758 2396/3735/4745
f 2396/3735/4745 2403/3742/4758 2404/3743/4759
s 579
f 2396/3735/4746 2404/3743/4760 2397/3736/4747
f 2397/3736/4747 2404/3743/4760 2405/3744/4761
s 578
f 2397/3736/4748 2405/3744/4762 2398/3737/4749
f 2398/3737/4749 2405/3744/4762 2406/3745/4763
s 584
f 2400/3739/4750 2399/3738/4751 2408/3747/4764
f 2408/3747/4764 2399/3738/4751 2407/3746/4765
s 583
f 2400/3739/4752 2408/3747/4766 2401/3740/4753
f 2401/3740/4753 2408/3747/4766 2409/3748/4767
s 582
f 2401/3740/4754 2409/3748/4768 2402/3741/4755
f 2402/3741/4755 2409/3748/4768 2410/3749/4769
s 581
f 2402/3741/4756 2410/3749/4770 2403/3742/4757
f 2403/3742/4757 2410/3749/4770 2411/3750/4771
s 580
f 2403/3742/4758 2411/3750/4772 2404/3743/4759
f 2404/3743/4759 2411/3750/4772 2412/3751/4773
s 579
f 2404/3743/4760 2412/3751/4774 2405/3744/4761
f 2405/3744/4761 2412/3751/4774 2413/3752/4775
s 578
f 2405/3744/4762 2413/3752/4776 2406/3745/4763
f 2406/3745/4763 2413/3752/4776 2414/3753/4777
s 584
f 2408/3747/4764 2407/3746/4765 2416/3755/4778
f 2416/3755/4778 2407/3746/4765 2415/3754/4779
s 583
f 2408/3747/4766 2416/3755/4780 2409/3748/4767
f 2409/3748/4767 2416/3755/4780 2417/3756/4781
s 582
f 2409/3748/4768 2417/3756/4782 2410/3749/4769
f 2410/3749/4769 2417/3756/4782 2418/3757/4783
s 581
f 2410/3749/4770 2418/3757/4784 2411/3750/4771
f 2411/3750/4771 2418/3757/4784 2419/3758/4785
s 580
f 2411/3750/4772 2419/3758/4786 2412/3751/4773
f 2412/3751/4773 2419/3758/4786 2420/3759/4787
s 579
f 2412/3751/4774 2420/3759/4788 2413/3752/4775
f 2413/3752/4775 2420/3759/4788 2421/3760/4789
s 578
f 2422/3761/4790 2414/3753/4777 2421/3760/4791
f 2414/3753/4777 2413/3752/4776 2421/3760/4791
s 584
f 2416/3755/4778 2415/3754/4779 2424/3763/4792
f 2424/3763/4792 2415/3754/4779 2423/3762/4793
s 583
f 2416/3755/4780 2424/3763/4794 2417/3756/4781
f 2417/3756/4781 2424/3763/4794 2425/3764/4795
s 582
f 2417/3756/4782 2425/3764/4796 2418/3757/4783
f 2418/3757/4783 2425/3764/4796 2426/3765/4797
s 581
f 2418/3757/4784 2426/3765/4798 2419/3758/4785
f 2419/3758/4785 2426/3765/4798 2427/3766/4799
s 580
f 2419/3758/4786 2427/3766/4800 2420/3759/4787
f 2420/3759/4787 2427/3766/4800 2428/3767/4801
s 579
f 2420/3759/4788 2428/3767/4802 2421/3760/4789
f 2421/3760/4789 2428/3767/4802 2429/3768/4803
s 578
f 2422/3761/4790 2421/3760/4791 2430/3769/4804
f 2421/3760/4791 2429/3768/4805 2430/3769/4804
s 584
f 2424/3763/4792 2423/3762/4793 2432/3771/4806
f 2432/3771/4806 2423/3762/4793 2431/3770/4807
s 583
f 2424/3763/4794 2432/3771/4808 2425/3764/4795
f 2425/3764/4795 2432/3771/4808 2433/3772/4809
s 582
f 2425/3764/4796 2433/3772/4810 2426/3765/4797
f 2426/3765/4797 2433/3772/4810 2434/3773/4811
s 581
f 2426/3765/4798 2434/3773/4812 2427/3766/4799
f 2427/3766/4799 2434/3773/4812 2435/3774/4813
s 580
f 2427/3766/4800 2435/3774/4814 2428/3767/4801
f 2428/3767/4801 2435/3774/4814 2436/3775/4815
s 579
f 2428/3767/4802 2436/3775/4816 2429/3768/4803
f 2429/3768/4803 2436/3775/4816 2437/3776/4817
s 578
f 2430/3769/4804 2429/3768/4805 2438/3777/4818
f 2429/3768/4805 2437/3776/4819 2438/3777/4818
s 584
f 2432/3771/4806 2431/3770/4807 2440/3779/4820
f 2440/3779/4820 2431/3770/4807 2439/3778/4821
s 583
f 2432/3771/4808 2440/3779/4822 2433/3772/4809
f 2433/3772/4809 2440/3779/4822 2441/3780/4823
s 582
f 2433/3772/4810 2441/3780/4824 2434/3773/4811
f 2434/3773/4811 2441/3780/4824 2442/3781/4825
s 581
f 2434/3773/4812 2442/3781/4826 2435/3774/4813
f 2435/3774/4813 2442/3781/4826 2443/3782/4827
s 580
f 2436/3775/4815 2435/3774/4814 2444/3783/4828
f 2444/3783/4828 2435/3774/4814 2443/3782/4829
s 579
f 2437/3776/4817 2436/3775/4816 2445/3784/4830
f 2445/3784/4830 2436/3775/4816 2444/3783/4831
s 578
f 2438/3777/4818 2437/3776/4819 2446/3785/4832
f 2437/3776/4819 2445/3784/4833 2446/3785/4832
s 584
f 2439/3778/4821 2447/3786/4834 2440/3779/4820
f 2440/3779/4820 2447/3786/4834 2448/3787/4835
s 583
f 2441/3780/4823 2440/3779/4822 2449/3788/4836
f 2449/3788/4836 2440/3779/4822 2448/3787/4837
s 582
f 2442/3781/4825 2441/3780/4824 2450/3789/4838
f 2450/3789/4838 2441/3780/4824 2449/3788/4839
s 581
f 2443/3782/4827 2442/3781/4826 2451/3790/4840
f 2451/3790/4840 2442/3781/4826 2450/3789/4841
s 580
f 2444/3783/4828 2443/3782/4829 2452/3791/4842
f 2452/3791/4842 2443/3782/4829 2451/3790/4843
s 579
f 2445/3784/4830 2444/3783/4831 2453/3792/4844
f 2453/3792/4844 2444/3783/4831 2452/3791/4845
s 578
f 2453/3792/4846 2454/3793/4847 2445/3784/4833
f 2446/3785/4832 2445/3784/4833 2454/3793/4847
s 584
f 2448/3787/4835 2447/3786/4834 2456/3795/4848
f 2456/3795/4848 2447/3786/4834 2455/3794/4849
s 583
f 2449/3788/4836 2448/3787/4837 2457/3796/4850
f 2457/3796/4850 2448/3787/4837 2456/3795/4851
s 582
f 2450/3789/4838 2449/3788/4839 2458/3797/4852
f 2458/3797/4852 2449/3788/4839 2457/3796/4853
s 581
f 2451/3790/4840 2450/3789/4841 2459/3798/4854
f 2459/3798/4854 2450/3789/4841 2458/3797/4855
s 580
f 2452/3791/4842 2451/3790/4843 2460/3799/4856
f 2460/3799/4856 2451/3790/4843 2459/3798/4857
s 579
f 2453/3792/4844 2452/3791/4845 2461/3800/4858
f 2461/3800/4858 2452/3791/4845 2460/3799/4859
s 578
f 2454/3793/4847 2453/3792/4846 2462/3801/4860
f 2462/3801/4860 2453/3792/4846 2461/3800/4861
s 584
f 2463/3802/4862 2464/3803/4863 2455/3794/4849
f 2456/3795/4848 2455/3794/4849 2464/3803/4863
s 583
f 2457/3796/4850 2456/3795/4851 2465/3804/4864
f 2465/3804/4864 2456/3795/4851 2464/3803/4865
s 582
f 2458/3797/4852 2457/3796/4853 2466/3805/4866
f 2466/3805/4866 2457/3796/4853 2465/3804/4867
s 581
f 2459/3798/4854 2458/3797/4855 2467/3806/4868
f 2467/3806/4868 2458/3797/4855 2466/3805/4869
s 580
f 2460/3799/4856 2459/3798/4857 2468/3807/4870
f 2468/3807/4870 2459/3798/4857 2467/3806/4871
s 579
f 2461/3800/4858 2460/3799/4859 2469/3808/4872
f 2469/3808/4872 2460/3799/4859 2468/3807/4873
s 578
f 2462/3801/4860 2461/3800/4861 2470/3809/4874
f 2470/3809/4874 2461/3800/4861 2469/3808/4875
s 584
f 2463/3802/4862 2264/3810/4876 2464/3803/4863
f 2464/3803/4863 2264/3810/4876 2265/3811/4877
s 583
f 2465/3804/4864 2464/3803/4865 2266/3812/4878
f 2266/3812/4878 2464/3803/4865 2265/3811/4879
s 582
f 2466/3805/4866 2465/3804/4867 2267/3813/4880
f 2267/3813/4880 2465/3804/4867 2266/3812/4881
s 581
f 2467/3806/4868 2466/3805/4869 2268/3814/4882
f 2268/3814/4882 2466/3805/4869 2267/3813/4883
s 580
f 2468/3807/4870 2467/3806/4871 2269/3815/4884
f 2269/3815/4884 2467/3806/4871 2268/3814/4885
s 579
f 2469/3808/4872 2468/3807/4873 2270/3816/4886
f 2270/3816/4886 2468/3807/4873 2269/3815/4887
s 578
f 2470/3809/4874 2469/3808/4875 2263/3817/4888
f 2263/3817/4888 2469/3808/4875 2270/3816/4889
s 587
f 2244/3585/4890 2477/3818/4891 2246/3586/4892
f 2246/3586/4892 2477/3818/4891 2478/3819/4893
s 588
f 2242/3820/4894 2476/3821/4895 2244/3585/4896
f 2244/3585/4896 2476/3821/4895 2477/3818/4897
s 589
f 2240/3822/4898 2475/3823/4899 2242/3820/4900
f 2242/3820/4900 2475/3823/4899 2476/3821/4901
s 590
f 2238/3824/4902 2474/3825/4903 2240/3822/4904
f 2240/3822/4904 2474/3825/4903 2475/3823/4905
s 591
f 2236/3826/4906 2473/3827/4907 2238/3824/4908
f 2238/3824/4908 2473/3827/4907 2474/3825/4909
s 592
f 2236/3826/4910 2234/3567/4911 2473/3827/4912
f 2473/3827/4912 2234/3567/4911 2472/3828/4913
s 593
f 2471/3829/4914 2472/3828/4915 2233/3566/4916
f 2234/3567/4917 2233/3566/4916 2472/3828/4915
f 2472/3828/4915 2471/3829/4914 2480/3831/4918
f 2480/3831/4918 2471/3829/4914 2479/3830/4919
s 592
f 2472/3828/4913 2480/3831/4920 2473/3827/4912
f 2473/3827/4912 2480/3831/4920 2481/3832/4921
s 591
f 2473/3827/4907 2481/3832/4922 2474/3825/4909
f 2474/3825/4909 2481/3832/4922 2482/3833/4923
s 590
f 2474/3825/4903 2482/3833/4924 2475/3823/4905
f 2475/3823/4905 2482/3833/4924 2483/3834/4925
s 589
f 2475/3823/4899 2483/3834/4926 2476/3821/4901
f 2476/3821/4901 2483/3834/4926 2484/3835/4927
s 588
f 2476/3821/4895 2484/3835/4928 2477/3818/4897
f 2477/3818/4897 2484/3835/4928 2485/3836/4929
s 587
f 2477/3818/4891 2485/3836/4930 2478/3819/4893
f 2478/3819/4893 2485/3836/4930 2486/3837/4931
s 593
f 2480/3831/4918 2479/3830/4919 2488/3839/4932
f 2488/3839/4932 2479/3830/4919 2487/3838/4933
s 592
f 2480/3831/4920 2488/3839/4934 2481/3832/4921
f 2481/3832/4921 2488/3839/4934 2489/3840/4935
s 591
f 2481/3832/4922 2489/3840/4936 2482/3833/4923
f 2482/3833/4923 2489/3840/4936 2490/3841/4937
s 590
f 2482/3833/4924 2490/3841/4938 2483/3834/4925
f 2483/3834/4925 2490/3841/4938 2491/3842/4939
s 589
f 2483/3834/4926 2491/3842/4940 2484/3835/4927
f 2484/3835/4927 2491/3842/4940 2492/3843/4941
s 588
f 2484/3835/4928 2492/3843/4942 2485/3836/4929
f 2485/3836/4929 2492/3843/4942 2493/3844/4943
s 587
f 2485/3836/4930 2493/3844/4944 2486/3837/4931
f 2486/3837/4931 2493/3844/4944 2494/3845/4945
s 593
f 2488/3839/4932 2487/3838/4933 2496/3847/4946
f 2496/3847/4946 2487/3838/4933 2495/3846/4947
s 592
f 2488/3839/4934 2496/3847/4948 2489/3840/4935
f 2489/3840/4935 2496/3847/4948 2497/3848/4949
s 591
f 2489/3840/4936 2497/3848/4950 2490/3841/4937
f 2490/3841/4937 2497/3848/4950 2498/3849/4951
s 590
f 2490/3841/4938 2498/3849/4952 2491/3842/4939
f 2491/3842/4939 2498/3849/4952 2499/3850/4953
s 589
f 2491/3842/4940 2499/3850/4954 2492/3843/4941
f 2492/3843/4941 2499/3850/4954 2500/3851/4955
s 588
f 2492/3843/4942 2500/3851/4956 2493/3844/4943
f 2493/3844/4943 2500/3851/4956 2501/3852/4957
s 587
f 2493/3844/4944 2501/3852/4958 2494/3845/4945
f 2494/3845/4945 2501/3852/4958 2502/3853/4959
s 593
f 2496/3847/4946 2495/3846/4947 2504/3855/4960
f 2504/3855/4960 2495/3846/4947 2503/3854/4961
s 592
f 2496/3847/4948 2504/3855/4962 2497/3848/4949
f 2497/3848/4949 2504/3855/4962 2505/3856/4963
s 591
f 2497/3848/4950 2505/3856/4964 2498/3849/4951
f 2498/3849/4951 2505/3856/4964 2506/3857/4965
s 590
f 2498/3849/4952 2506/3857/4966 2499/3850/4953
f 2499/3850/4953 2506/3857/4966 2507/3858/4967
s 589
f 2499/3850/4954 2507/3858/4968 2500/3851/4955
f 2500/3851/4955 2507/3858/4968 2508/3859/4969
s 588
f 2500/3851/4956 2508/3859/4970 2501/3852/4957
f 2501/3852/4957 2508/3859/4970 2509/3860/4971
s 587
f 2510/3861/4972 2502/3853/4959 2509/3860/4973
f 2502/3853/4959 2501/3852/4958 2509/3860/4973
s 593
f 2503/3854/4961 2511/3862/4974 2504/3855/4960
f 2504/3855/4960 2511/3862/4974 2512/3863/4975
s 592
f 2504/3855/4962 2512/3863/4976 2505/3856/4963
f 2505/3856/4963 2512/3863/4976 2513/3864/4977
s 591
f 2505/3856/4964 2513/3864/4978 2506/3857/4965
f 2506/3857/4965 2513/3864/4978 2514/3865/4979
s 590
f 2506/3857/4966 2514/3865/4980 2507/3858/4967
f 2507/3858/4967 2514/3865/4980 2515/3866/4981
s 589
f 2507/3858/4968 2515/3866/4982 2508/3859/4969
f 2508/3859/4969 2515/3866/4982 2516/3867/4983
s 588
f 2508/3859/4970 2516/3867/4984 2509/3860/4971
f 2509/3860/4971 2516/3867/4984 2517/3868/4985
s 587
f 2518/3869/4986 2510/3861/4972 2517/3868/4987
f 2510/3861/4972 2509/3860/4973 2517/3868/4987
s 593
f 2511/3862/4974 2519/3870/4988 2512/3863/4975
f 2512/3863/4975 2519/3870/4988 2520/3871/4989
s 592
f 2513/3864/4977 2512/3863/4976 2521/3872/4990
f 2521/3872/4990 2512/3863/4976 2520/3871/4991
s 591
f 2514/3865/4979 2513/3864/4978 2522/3873/4992
f 2522/3873/4992 2513/3864/4978 2521/3872/4993
s 590
f 2515/3866/4981 2514/3865/4980 2523/3874/4994
f 2523/3874/4994 2514/3865/4980 2522/3873/4995
s 589
f 2516/3867/4983 2515/3866/4982 2524/3875/4996
f 2524/3875/4996 2515/3866/4982 2523/3874/4997
s 588
f 2517/3868/4985 2516/3867/4984 2525/3876/4998
f 2525/3876/4998 2516/3867/4984 2524/3875/4999
s 587
f 2518/3869/4986 2517/3868/4987 2526/3877/5000
f 2517/3868/4987 2525/3876/5001 2526/3877/5000
s 593
f 2519/3870/4988 2527/3878/5002 2520/3871/4989
f 2520/3871/4989 2527/3878/5002 2528/3879/5003
s 592
f 2521/3872/4990 2520/3871/4991 2529/3880/5004
f 2529/3880/5004 2520/3871/4991 2528/3879/5005
s 591
f 2522/3873/4992 2521/3872/4993 2530/3881/5006
f 2530/3881/5006 2521/3872/4993 2529/3880/5007
s 590
f 2523/3874/4994 2522/3873/4995 2531/3882/5008
f 2531/3882/5008 2522/3873/4995 2530/3881/5009
s 589
f 2524/3875/4996 2523/3874/4997 2532/3883/5010
f 2532/3883/5010 2523/3874/4997 2531/3882/5011
s 588
f 2525/3876/4998 2524/3875/4999 2533/3884/5012
f 2533/3884/5012 2524/3875/4999 2532/3883/5013
s 587
f 2533/3884/5014 2534/3885/5015 2525/3876/5001
f 2526/3877/5000 2525/3876/5001 2534/3885/5015
s 593
f 2527/3878/5002 2535/3886/5016 2528/3879/5003
f 2528/3879/5003 2535/3886/5016 2536/3887/5017
s 592
f 2529/3880/5004 2528/3879/5005 2537/3888/5018
f 2537/3888/5018 2528/3879/5005 2536/3887/5019
s 591
f 2530/3881/5006 2529/3880/5007 2538/3889/5020
f 2538/3889/5020 2529/3880/5007 2537/3888/5021
s 590
f 2531/3882/5008 2530/3881/5009 2539/3890/5022
f 2539/3890/5022 2530/3881/5009 2538/3889/5023
s 589
f 2532/3883/5010 2531/3882/5011 2540/3891/5024
f 2540/3891/5024 2531/3882/5011 2539/3890/5025
s 588
f 2533/3884/5012 2532/3883/5013 2541/3892/5026
f 2541/3892/5026 2532/3883/5013 2540/3891/5027
s 587
f 2541/3892/5028 2542/3893/5029 2533/3884/5014
f 2534/3885/5015 2533/3884/5014 2542/3893/5029
s 593
f 2535/3886/5016 2543/3894/5030 2536/3887/5017
f 2536/3887/5017 2543/3894/5030 2544/3895/5031
s 592
f 2537/3888/5018 2536/3887/5019 2545/3896/5032
f 2545/3896/5032 2536/3887/5019 2544/3895/5033
s 591
f 2538/3889/5020 2537/3888/5021 2546/3897/5034
f 2546/3897/5034 2537/3888/5021 2545/3896/5035
s 590
f 2539/3890/5022 2538/3889/5023 2547/3898/5036
f 2547/3898/5036 2538/3889/5023 2546/3897/5037
s 589
f 2540/3891/5024 2539/3890/5025 2548/3899/5038
f 2548/3899/5038 2539/3890/5025 2547/3898/5039
s 588
f 2541/3892/5026 2540/3891/5027 2549/3900/5040
f 2549/3900/5040 2540/3891/5027 2548/3899/5041
s 587
f 2542/3893/5029 2541/3892/5028 2550/3901/5042
f 2550/3901/5042 2541/3892/5028 2549/3900/5043
s 593
f 2543/3894/5030 2551/3902/5044 2544/3895/5031
f 2544/3895/5031 2551/3902/5044 2552/3903/5045
s 592
f 2545/3896/5032 2544/3895/5033 2553/3904/5046
f 2553/3904/5046 2544/3895/5033 2552/3903/5047
s 591
f 2546/3897/5034 2545/3896/5035 2554/3905/5048
f 2554/3905/5048 2545/3896/5035 2553/3904/5049
s 590
f 2547/3898/5036 2546/3897/5037 2555/3906/5050
f 2555/3906/5050 2546/3897/5037 2554/3905/5051
s 589
f 2548/3899/5038 2547/3898/5039 2556/3907/5052
f 2556/3907/5052 2547/3898/5039 2555/3906/5053
s 588
f 2549/3900/5040 2548/3899/5041 2557/3908/5054
f 2557/3908/5054 2548/3899/5041 2556/3907/5055
s 587
f 2550/3901/5042 2549/3900/5043 2558/3909/5056
f 2558/3909/5056 2549/3900/5043 2557/3908/5057
s 593
f 2552/3903/5045 2551/3902/5044 2249/3589/5058
f 2249/3589/5058 2551/3902/5044 2248/3910/5059
s 592
f 2553/3904/5046 2552/3903/5047 2250/3592/5060
f 2250/3592/5060 2552/3903/5047 2249/3589/5061
s 591
f 2554/3905/5048 2553/3904/5049 2251/3594/5062
f 2251/3594/5062 2553/3904/5049 2250/3592/5063
s 590
f 2555/3906/5050 2554/3905/5051 2252/3596/5064
f 2252/3596/5064 2554/3905/5051 2251/3594/5065
s 589
f 2556/3907/5052 2555/3906/5053 2253/3598/5066
f 2253/3598/5066 2555/3906/5053 2252/3596/5067
s 588
f 2557/3908/5054 2556/3907/5055 2254/3600/5068
f 2254/3600/5068 2556/3907/5055 2253/3598/5069
s 587
f 2558/3909/5056 2557/3908/5057 2247/3602/5070
f 2247/3602/5070 2557/3908/5057 2254/3600/5071
s 596
f 2231/3569/5072 2232/3568/5073 2566/3912/5074
f 2566/3912/5074 2232/3568/5073 2565/3911/5075
s 597
f 2232/3568/5076 2235/3913/5077 2565/3911/5078
f 2565/3911/5078 2235/3913/5077 2564/3914/5079
s 598
f 2235/3913/5080 2237/3915/5081 2564/3914/5082
f 2564/3914/5082 2237/3915/5081 2563/3916/5083
s 599
f 2237/3915/5084 2239/3917/5085 2563/3916/5086
f 2563/3916/5086 2239/3917/5085 2562/3918/5087
s 600
f 2239/3917/5088 2241/3919/5089 2562/3918/5090
f 2562/3918/5090 2241/3919/5089 2561/3920/5091
s 601
f 2241/3919/5092 2243/3588/5093 2561/3920/5094
f 2561/3920/5094 2243/3588/5093 2560/3921/5095
s 602
f 2243/3588/5096 2245/3587/5097 2560/3921/5098
f 2560/3921/5098 2245/3587/5097 2559/3922/5099
f 2560/3921/5098 2559/3922/5099 2568/3924/5100
f 2568/3924/5100 2559/3922/5099 2567/3923/5101
s 601
f 2561/3920/5094 2560/3921/5095 2569/3925/5102
f 2569/3925/5102 2560/3921/5095 2568/3924/5103
s 600
f 2562/3918/5090 2561/3920/5091 2570/3926/5104
f 2570/3926/5104 2561/3920/5091 2569/3925/5105
s 599
f 2563/3916/5086 2562/3918/5087 2571/3927/5106
f 2571/3927/5106 2562/3918/5087 2570/3926/5107
s 598
f 2564/3914/5082 2563/3916/5083 2572/3928/5108
f 2572/3928/5108 2563/3916/5083 2571/3927/5109
s 597
f 2565/3911/5078 2564/3914/5079 2573/3929/5110
f 2573/3929/5110 2564/3914/5079 2572/3928/5111
s 596
f 2566/3912/5074 2565/3911/5075 2574/3930/5112
f 2565/3911/5075 2573/3929/5113 2574/3930/5112
s 602
f 2568/3924/5100 2567/3923/5101 2576/3932/5114
f 2576/3932/5114 2567/3923/5101 2575/3931/5115
s 601
f 2569/3925/5102 2568/3924/5103 2577/3933/5116
f 2577/3933/5116 2568/3924/5103 2576/3932/5117
s 600
f 2570/3926/5104 2569/3925/5105 2578/3934/5118
f 2578/3934/5118 2569/3925/5105 2577/3933/5119
s 599
f 2571/3927/5106 2570/3926/5107 2579/3935/5120
f 2579/3935/5120 2570/3926/5107 2578/3934/5121
s 598
f 2572/3928/5108 2571/3927/5109 2580/3936/5122
f 2580/3936/5122 2571/3927/5109 2579/3935/5123
s 597
f 2573/3929/5110 2572/3928/5111 2581/3937/5124
f 2581/3937/5124 2572/3928/5111 2580/3936/5125
s 596
f 2573/3929/5113 2581/3937/5126 2574/3930/5112
f 2574/3930/5112 2581/3937/5126 2582/3938/5127
s 602
f 2576/3932/5114 2575/3931/5115 2584/3940/5128
f 2575/3931/5115 2583/3939/5129 2584/3940/5128
s 601
f 2577/3933/5116 2576/3932/5117 2585/3941/5130
f 2585/3941/5130 2576/3932/5117 2584/3940/5131
s 600
f 2578/3934/5118 2577/3933/5119 2586/3942/5132
f 2586/3942/5132 2577/3933/5119 2585/3941/5133
s 599
f 2579/3935/5120 2578/3934/5121 2587/3943/5134
f 2587/3943/5134 2578/3934/5121 2586/3942/5135
s 598
f 2580/3936/5122 2579/3935/5123 2588/3944/5136
f 2588/3944/5136 2579/3935/5123 2587/3943/5137
s 597
f 2581/3937/5124 2580/3936/5125 2589/3945/5138
f 2589/3945/5138 2580/3936/5125 2588/3944/5139
s 596
f 2581/3937/5126 2589/3945/5140 2582/3938/5127
f 2582/3938/5127 2589/3945/5140 2590/3946/5141
s 602
f 2591/3947/5142 2592/3948/5143 2583/3939/5129
f 2584/3940/5128 2583/3939/5129 2592/3948/5143
s 601
f 2585/3941/5130 2584/3940/5131 2593/3949/5144
f 2593/3949/5144 2584/3940/5131 2592/3948/5145
s 600
f 2586/3942/5132 2585/3941/5133 2594/3950/5146
f 2594/3950/5146 2585/3941/5133 2593/3949/5147
s 599
f 2587/3943/5134 2586/3942/5135 2595/3951/5148
f 2595/3951/5148 2586/3942/5135 2594/3950/5149
s 598
f 2588/3944/5136 2587/3943/5137 2596/3952/5150
f 2596/3952/5150 2587/3943/5137 2595/3951/5151
s 597
f 2589/3945/5138 2588/3944/5139 2597/3953/5152
f 2597/3953/5152 2588/3944/5139 2596/3952/5153
s 596
f 2589/3945/5140 2597/3953/5154 2590/3946/5141
f 2590/3946/5141 2597/3953/5154 2598/3954/5155
s 602
f 2599/3955/5156 2600/3956/5157 2591/3947/5142
f 2592/3948/5143 2591/3947/5142 2600/3956/5157
s 601
f 2593/3949/5144 2592/3948/5145 2601/3957/5158
f 2601/3957/5158 2592/3948/5145 2600/3956/5159
s 600
f 2594/3950/5146 2593/3949/5147 2602/3958/5160
f 2602/3958/5160 2593/3949/5147 2601/3957/5161
s 599
f 2595/3951/5148 2594/3950/5149 2603/3959/5162
f 2603/3959/5162 2594/3950/5149 2602/3958/5163
s 598
f 2596/3952/5150 2595/3951/5151 2604/3960/5164
f 2604/3960/5164 2595/3951/5151 2603/3959/5165
s 597
f 2597/3953/5152 2596/3952/5153 2605/3961/5166
f 2605/3961/5166 2596/3952/5153 2604/3960/5167
s 596
f 2597/3953/5154 2605/3961/5168 2598/3954/5155
f 2598/3954/5155 2605/3961/5168 2606/3962/5169
s 602
f 2599/3955/5156 2607/3963/5170 2600/3956/5157
f 2600/3956/5157 2607/3963/5170 2608/3964/5171
s 601
f 2600/3956/5159 2608/3964/5172 2601/3957/5158
f 2601/3957/5158 2608/3964/5172 2609/3965/5173
s 600
f 2601/3957/5161 2609/3965/5174 2602/3958/5160
f 2602/3958/5160 2609/3965/5174 2610/3966/5175
s 599
f 2602/3958/5163 2610/3966/5176 2603/3959/5162
f 2603/3959/5162 2610/3966/5176 2611/3967/5177
s 598
f 2603/3959/5165 2611/3967/5178 2604/3960/5164
f 2604/3960/5164 2611/3967/5178 2612/3968/5179
s 597
f 2604/3960/5167 2612/3968/5180 2605/3961/5166
f 2605/3961/5166 2612/3968/5180 2613/3969/5181
s 596
f 2605/3961/5168 2613/3969/5182 2606/3962/5169
f 2606/3962/5169 2613/3969/5182 2614/3970/5183
s 602
f 2616/3972/5184 2608/3964/5171 2615/3971/5185
f 2608/3964/5171 2607/3963/5170 2615/3971/5185
s 601
f 2608/3964/5172 2616/3972/5186 2609/3965/5173
f 2609/3965/5173 2616/3972/5186 2617/3973/5187
s 600
f 2609/3965/5174 2617/3973/5188 2610/3966/5175
f 2610/3966/5175 2617/3973/5188 2618/3974/5189
s 599
f 2610/3966/5176 2618/3974/5190 2611/3967/5177
f 2611/3967/5177 2618/3974/5190 2619/3975/5191
s 598
f 2611/3967/5178 2619/3975/5192 2612/3968/5179
f 2612/3968/5179 2619/3975/5192 2620/3976/5193
s 597
f 2612/3968/5180 2620/3976/5194 2613/3969/5181
f 2613/3969/5181 2620/3976/5194 2621/3977/5195
s 596
f 2613/3969/5182 2621/3977/5196 2614/3970/5183
f 2614/3970/5183 2621/3977/5196 2622/3978/5197
s 602
f 2615/3971/5185 2623/3979/5198 2616/3972/5184
f 2616/3972/5184 2623/3979/5198 2624/3980/5199
s 601
f 2616/3972/5186 2624/3980/5200 2617/3973/5187
f 2617/3973/5187 2624/3980/5200 2625/3981/5201
s 600
f 2617/3973/5188 2625/3981/5202 2618/3974/5189
f 2618/3974/5189 2625/3981/5202 2626/3982/5203
s 599
f 2618/3974/5190 2626/3982/5204 2619/3975/5191
f 2619/3975/5191 2626/3982/5204 2627/3983/5205
s 598
f 2619/3975/5192 2627/3983/5206 2620/3976/5193
f 2620/3976/5193 2627/3983/5206 2628/3984/5207
s 597
f 2620/3976/5194 2628/3984/5208 2621/3977/5195
f 2621/3977/5195 2628/3984/5208 2629/3985/5209
s 596
f 2622/3978/5197 2621/3977/5196 2630/3986/5210
f 2630/3986/5210 2621/3977/5196 2629/3985/5211
s 602
f 2623/3979/5198 2631/3987/5212 2624/3980/5199
f 2624/3980/5199 2631/3987/5212 2632/3988/5213
s 601
f 2624/3980/5200 2632/3988/5214 2625/3981/5201
f 2625/3981/5201 2632/3988/5214 2633/3989/5215
s 600
f 2625/3981/5202 2633/3989/5216 2626/3982/5203
f 2626/3982/5203 2633/3989/5216 2634/3990/5217
s 599
f 2626/3982/5204 2634/3990/5218 2627/3983/5205
f 2627/3983/5205 2634/3990/5218 2635/3991/5219
s 598
f 2627/3983/5206 2635/3991/5220 2628/3984/5207
f 2628/3984/5207 2635/3991/5220 2636/3992/5221
s 597
f 2628/3984/5208 2636/3992/5222 2629/3985/5209
f 2629/3985/5209 2636/3992/5222 2637/3993/5223
s 596
f 2630/3986/5210 2629/3985/5211 2638/3994/5224
f 2638/3994/5224 2629/3985/5211 2637/3993/5225
s 602
f 2631/3987/5212 2639/3995/5226 2632/3988/5213
f 2632/3988/5213 2639/3995/5226 2640/3996/5227
s 601
f 2632/3988/5214 2640/3996/5228 2633/3989/5215
f 2633/3989/5215 2640/3996/5228 2641/3997/5229
s 600
f 2633/3989/5216 2641/3997/5230 2634/3990/5217
f 2634/3990/5217 2641/3997/5230 2642/3998/5231
s 599
f 2634/3990/5218 2642/3998/5232 2635/3991/5219
f 2635/3991/5219 2642/3998/5232 2643/3999/5233
s 598
f 2635/3991/5220 2643/3999/5234 2636/3992/5221
f 2636/3992/5221 2643/3999/5234 2644/4000/5235
s 597
f 2636/3992/5222 2644/4000/5236 2637/3993/5223
f 2637/3993/5223 2644/4000/5236 2645/4001/5237
s 596
f 2637/3993/5225 2645/4001/5238 2638/3994/5224
f 2638/3994/5224 2645/4001/5238 2646/4002/5239
s 602
f 2639/3995/5226 2279/3615/5240 2640/3996/5227
f 2640/3996/5227 2279/3615/5240 2286/3613/5241
s 601
f 2640/3996/5228 2286/3613/5242 2641/3997/5229
f 2641/3997/5229 2286/3613/5242 2285/3611/5243
s 600
f 2641/3997/5230 2285/3611/5244 2642/3998/5231
f 2642/3998/5231 2285/3611/5244 2284/3609/5245
s 599
f 2642/3998/5232 2284/3609/5246 2643/3999/5233
f 2643/3999/5233 2284/3609/5246 2283/3607/5247
s 598
f 2643/3999/5234 2283/3607/5248 2644/4000/5235
f 2644/4000/5235 2283/3607/5248 2282/3604/5249
s 597
f 2645/4001/5237 2644/4000/5236 2281/3603/5250
f 2281/3603/5250 2644/4000/5236 2282/3604/5251
s 596
f 2646/4002/5239 2645/4001/5238 2280/4003/5252
f 2280/4003/5252 2645/4001/5238 2281/3603/5253
s 605
usemtl phong3SG
f 2647/4004/5254 2648/4005/5255 2649/4007/5256
f 2649/4007/5256 2648/4005/5255 2650/4006/5257
s 606
f 2649/4008/5258 2650/4009/5259 2651/4011/5260
f 2651/4011/5260 2650/4009/5259 2652/4010/5261
s 607
f 2651/4012/5262 2652/4013/5263 2653/4015/5264
f 2653/4015/5264 2652/4013/5263 2654/4014/5265
s 608
f 2653/4016/5266 2654/4017/5267 2647/4019/5268
f 2647/4019/5268 2654/4017/5267 2648/4018/5269
s 609
f 2648/4020/5270 2654/4021/5271 2650/4009/5272
f 2650/4009/5272 2654/4021/5271 2652/4022/5273
s 610
f 2653/4023/5274 2647/4024/5275 2651/4025/5276
f 2651/4025/5276 2647/4024/5275 2649/4008/5277
s 611
usemtl phong1SG
f 2778/4027/5278 2656/4028/5279 2779/4026/5280
f 2779/4026/5280 2656/4028/5279 2655/4029/5281
f 2777/4030/5282 2657/4031/5283 2778/4027/5278
f 2778/4027/5278 2657/4031/5283 2656/4028/5279
f 2776/4032/5284 2658/4033/5285 2777/4030/5282
f 2777/4030/5282 2658/4033/5285 2657/4031/5283
f 2775/4034/5286 2659/4035/5287 2776/4032/5284
f 2776/4032/5284 2659/4035/5287 2658/4033/5285
f 2775/4034/5286 2774/4036/5288 2659/4035/5287
f 2659/4035/5287 2774/4036/5288 2660/4037/5289
f 2785/4039/5290 2662/4040/5291 2786/4038/5292
f 2786/4038/5292 2662/4040/5291 2661/4041/5293
f 2785/4039/5290 2784/4042/5294 2662/4040/5291
f 2662/4040/5291 2784/4042/5294 2663/4043/5295
f 2784/4042/5294 2783/4044/5296 2663/4043/5295
f 2663/4043/5295 2783/4044/5296 2664/4045/5297
f 2783/4044/5296 2782/4046/5298 2664/4045/5297
f 2664/4045/5297 2782/4046/5298 2665/4047/5299
f 2782/4046/5298 2781/4048/5300 2665/4047/5299
f 2665/4047/5299 2781/4048/5300 2666/4049/5301
f 2781/4048/5300 2780/4050/5302 2666/4049/5301
f 2666/4049/5301 2780/4050/5302 2667/4051/5303
f 2779/4052/5280 2655/4053/5281 2780/4050/5302
f 2780/4050/5302 2655/4053/5281 2667/4051/5303
f 2656/4028/5279 2669/4054/5304 2655/4029/5281
f 2655/4029/5281 2669/4054/5304 2668/4055/5305
f 2657/4031/5283 2670/4056/5306 2656/4028/5279
f 2656/4028/5279 2670/4056/5306 2669/4054/5304
f 2658/4033/5285 2671/4057/5307 2657/4031/5283
f 2657/4031/5283 2671/4057/5307 2670/4056/5306
f 2659/4035/5287 2672/4058/5308 2658/4033/5285
f 2658/4033/5285 2672/4058/5308 2671/4057/5307
f 2659/4035/5287 2660/4037/5289 2672/4058/5308
f 2672/4058/5308 2660/4037/5289 2673/4059/5309
f 2662/4040/5291 2675/4060/5310 2661/4041/5293
f 2661/4041/5293 2675/4060/5310 2674/4061/5311
f 2662/4040/5291 2663/4043/5295 2675/4060/5310
f 2675/4060/5310 2663/4043/5295 2676/4062/5312
f 2663/4043/5295 2664/4045/5297 2676/4062/5312
f 2676/4062/5312 2664/4045/5297 2677/4063/5313
f 2664/4045/5297 2665/4047/5299 2677/4063/5313
f 2677/4063/5313 2665/4047/5299 2678/4064/5314
f 2665/4047/5299 2666/4049/5301 2678/4064/5314
f 2678/4064/5314 2666/4049/5301 2679/4065/5315
f 2666/4049/5301 2667/4051/5303 2679/4065/5315
f 2679/4065/5315 2667/4051/5303 2680/4066/5316
f 2655/4053/5281 2668/4067/5305 2667/4051/5303
f 2667/4051/5303 2668/4067/5305 2680/4066/5316
f 2669/4054/5304 2682/4068/5317 2668/4055/5305
f 2668/4055/5305 2682/4068/5317 2681/4069/5318
f 2670/4056/5306 2683/4070/5319 2669/4054/5304
f 2669/4054/5304 2683/4070/5319 2682/4068/5317
f 2671/4057/5307 2684/4071/5320 2670/4056/5306
f 2670/4056/5306 2684/4071/5320 2683/4070/5319
f 2672/4058/5308 2685/4072/5321 2671/4057/5307
f 2671/4057/5307 2685/4072/5321 2684/4071/5320
f 2672/4058/5308 2673/4059/5309 2685/4072/5321
f 2685/4072/5321 2673/4059/5309 2686/4073/5322
f 2675/4060/5310 2690/4074/5323 2674/4061/5311
f 2674/4061/5311 2690/4074/5323 2689/4075/5324
f 2675/4060/5310 2676/4062/5312 2690/4074/5323
f 2690/4074/5323 2676/4062/5312 2691/4076/5325
f 2676/4062/5312 2677/4063/5313 2691/4076/5325
f 2691/4076/5325 2677/4063/5313 2692/4077/5326
f 2677/4063/5313 2678/4064/5314 2692/4077/5326
f 2692/4077/5326 2678/4064/5314 2693/4078/5327
f 2678/4064/5314 2679/4065/5315 2693/4078/5327
f 2693/4078/5327 2679/4065/5315 2694/4079/5328
f 2679/4065/5315 2680/4066/5316 2694/4079/5328
f 2694/4079/5328 2680/4066/5316 2695/4080/5329
f 2668/4067/5305 2681/4081/5318 2680/4066/5316
f 2680/4066/5316 2681/4081/5318 2695/4080/5329
f 2682/4068/5317 2697/4082/5330 2681/4069/5318
f 2681/4069/5318 2697/4082/5330 2696/4083/5331
f 2683/4070/5319 2698/4084/5332 2682/4068/5317
f 2682/4068/5317 2698/4084/5332 2697/4082/5330
f 2684/4071/5320 2699/4085/5333 2683/4070/5319
f 2683/4070/5319 2699/4085/5333 2698/4084/5332
f 2685/4072/5321 2700/4086/5334 2684/4071/5320
f 2684/4071/5320 2700/4086/5334 2699/4085/5333
f 2685/4072/5321 2686/4073/5322 2700/4086/5334
f 2700/4086/5334 2686/4073/5322 2701/4087/5335
f 2686/4073/5322 2687/4088/5336 2701/4087/5335
f 2701/4087/5335 2687/4088/5336 2702/4089/5337
f 2689/4075/5324 2706/4091/5338 2688/4090/5339
f 2688/4090/5339 2706/4091/5338 2705/4092/5340
f 2690/4074/5323 2707/4093/5341 2689/4075/5324
f 2689/4075/5324 2707/4093/5341 2706/4091/5338
f 2690/4074/5323 2691/4076/5325 2707/4093/5341
f 2707/4093/5341 2691/4076/5325 2708/4094/5342
f 2691/4076/5325 2692/4077/5326 2708/4094/5342
f 2708/4094/5342 2692/4077/5326 2709/4095/5343
f 2692/4077/5326 2693/4078/5327 2709/4095/5343
f 2709/4095/5343 2693/4078/5327 2710/4096/5344
f 2693/4078/5327 2694/4079/5328 2710/4096/5344
f 2710/4096/5344 2694/4079/5328 2711/4097/5345
f 2694/4079/5328 2695/4080/5329 2711/4097/5345
f 2711/4097/5345 2695/4080/5329 2712/4098/5346
f 2681/4081/5318 2696/4099/5331 2695/4080/5329
f 2695/4080/5329 2696/4099/5331 2712/4098/5346
f 2697/4082/5330 2714/4100/5347 2696/4083/5331
f 2696/4083/5331 2714/4100/5347 2713/4101/5348
f 2698/4084/5332 2715/4102/5349 2697/4082/5330
f 2697/4082/5330 2715/4102/5349 2714/4100/5347
f 2699/4085/5333 2716/4103/5350 2698/4084/5332
f 2698/4084/5332 2716/4103/5350 2715/4102/5349
f 2700/4086/5334 2717/4104/5351 2699/4085/5333
f 2699/4085/5333 2717/4104/5351 2716/4103/5350
f 2700/4086/5334 2701/4087/5335 2717/4104/5351
f 2717/4104/5351 2701/4087/5335 2718/4105/5352
f 2701/4087/5335 2702/4089/5337 2718/4105/5352
f 2718/4105/5352 2702/4089/5337 2719/4106/5353
f 2702/4089/5337 2703/4107/5354 2719/4106/5353
f 2719/4106/5353 2703/4107/5354 2720/4108/5355
f 2705/4092/5340 2725/4110/5356 2704/4109/5357
f 2704/4109/5357 2725/4110/5356 2724/4111/5358
f 2706/4091/5338 2726/4112/5359 2705/4092/5340
f 2705/4092/5340 2726/4112/5359 2725/4110/5356
f 2707/4093/5341 2727/4113/5360 2706/4091/5338
f 2706/4091/5338 2727/4113/5360 2726/4112/5359
f 2707/4093/5341 2708/4094/5342 2727/4113/5360
f 2727/4113/5360 2708/4094/5342 2728/4114/5361
f 2708/4094/5342 2709/4095/5343 2728/4114/5361
f 2728/4114/5361 2709/4095/5343 2729/4115/5362
f 2709/4095/5343 2710/4096/5344 2729/4115/5362
f 2729/4115/5362 2710/4096/5344 2730/4116/5363
f 2710/4096/5344 2711/4097/5345 2730/4116/5363
f 2730/4116/5363 2711/4097/5345 2731/4117/5364
f 2711/4097/5345 2712/4098/5346 2731/4117/5364
f 2731/4117/5364 2712/4098/5346 2732/4118/5365
f 2696/4099/5331 2713/4119/5348 2712/4098/5346
f 2712/4098/5346 2713/4119/5348 2732/4118/5365
f 2714/4100/5347 2734/4120/5366 2713/4101/5348
f 2713/4101/5348 2734/4120/5366 2733/4121/5367
f 2715/4102/5349 2735/4122/5368 2714/4100/5347
f 2714/4100/5347 2735/4122/5368 2734/4120/5366
f 2716/4103/5350 2736/4123/5369 2715/4102/5349
f 2715/4102/5349 2736/4123/5369 2735/4122/5368
f 2717/4104/5351 2737/4124/5370 2716/4103/5350
f 2716/4103/5350 2737/4124/5370 2736/4123/5369
f 2717/4104/5351 2718/4105/5352 2737/4124/5370
f 2737/4124/5370 2718/4105/5352 2738/4125/5371
f 2718/4105/5352 2719/4106/5353 2738/4125/5371
f 2738/4125/5371 2719/4106/5353 2739/4126/5372
f 2719/4106/5353 2720/4108/5355 2739/4126/5372
f 2739/4126/5372 2720/4108/5355 2740/4127/5373
f 2720/4108/5355 2721/4128/5374 2740/4127/5373
f 2740/4127/5373 2721/4128/5374 2741/4129/5375
f 2721/4128/5374 2722/4130/5376 2741/4129/5375
f 2741/4129/5375 2722/4130/5376 2742/4131/5377
f 2723/4132/5378 2743/4133/5379 2722/4130/5376
f 2722/4130/5376 2743/4133/5379 2742/4131/5377
f 2724/4111/5358 2744/4134/5380 2723/4132/5378
f 2723/4132/5378 2744/4134/5380 2743/4133/5379
f 2725/4110/5356 2745/4135/5381 2724/4111/5358
f 2724/4111/5358 2745/4135/5381 2744/4134/5380
f 2726/4112/5359 2746/4136/5382 2725/4110/5356
f 2725/4110/5356 2746/4136/5382 2745/4135/5381
f 2727/4113/5360 2747/4137/5383 2726/4112/5359
f 2726/4112/5359 2747/4137/5383 2746/4136/5382
f 2727/4113/5360 2728/4114/5361 2747/4137/5383
f 2747/4137/5383 2728/4114/5361 2748/4138/5384
f 2728/4114/5361 2729/4115/5362 2748/4138/5384
f 2748/4138/5384 2729/4115/5362 2749/4139/5385
f 2729/4115/5362 2730/4116/5363 2749/4139/5385
f 2749/4139/5385 2730/4116/5363 2750/4140/5386
f 2730/4116/5363 2731/4117/5364 2750/4140/5386
f 2750/4140/5386 2731/4117/5364 2751/4141/5387
f 2731/4117/5364 2732/4118/5365 2751/4141/5387
f 2751/4141/5387 2732/4118/5365 2752/4142/5388
f 2713/4119/5348 2733/4143/5367 2732/4118/5365
f 2732/4118/5365 2733/4143/5367 2752/4142/5388
f 2734/4120/5366 2754/4144/5389 2733/4121/5367
f 2733/4121/5367 2754/4144/5389 2753/4145/5390
f 2735/4122/5368 2755/4146/5391 2734/4120/5366
f 2734/4120/5366 2755/4146/5391 2754/4144/5389
f 2736/4123/5369 2756/4147/5392 2735/4122/5368
f 2735/4122/5368 2756/4147/5392 2755/4146/5391
f 2737/4124/5370 2757/4148/5393 2736/4123/5369
f 2736/4123/5369 2757/4148/5393 2756/4147/5392
f 2737/4124/5370 2738/4125/5371 2757/4148/5393
f 2757/4148/5393 2738/4125/5371 2758/4149/5394
f 2739/4126/5372 2759/4150/5395 2738/4125/5371
f 2738/4125/5371 2759/4150/5395 2758/4149/5394
f 2739/4126/5372 2740/4127/5373 2759/4150/5395
f 2759/4150/5395 2740/4127/5373 2760/4151/5396
f 2740/4127/5373 2741/4129/5375 2760/4151/5396
f 2760/4151/5396 2741/4129/5375 2761/4152/5397
f 2741/4129/5375 2742/4131/5377 2761/4152/5397
f 2761/4152/5397 2742/4131/5377 2762/4153/5398
f 2743/4133/5379 2763/4154/5399 2742/4131/5377
f 2742/4131/5377 2763/4154/5399 2762/4153/5398
f 2744/4134/5380 2764/4155/5400 2743/4133/5379
f 2743/4133/5379 2764/4155/5400 2763/4154/5399
f 2745/4135/5381 2765/4156/5401 2744/4134/5380
f 2744/4134/5380 2765/4156/5401 2764/4155/5400
f 2746/4136/5382 2766/4157/5402 2745/4135/5381
f 2745/4135/5381 2766/4157/5402 2765/4156/5401
f 2747/4137/5383 2767/4158/5403 2746/4136/5382
f 2746/4136/5382 2767/4158/5403 2766/4157/5402
f 2747/4137/5383 2748/4138/5384 2767/4158/5403
f 2767/4158/5403 2748/4138/5384 2768/4159/5404
f 2748/4138/5384 2749/4139/5385 2768/4159/5404
f 2768/4159/5404 2749/4139/5385 2769/4160/5405
f 2749/4139/5385 2750/4140/5386 2769/4160/5405
f 2769/4160/5405 2750/4140/5386 2770/4161/5406
f 2750/4140/5386 2751/4141/5387 2770/4161/5406
f 2770/4161/5406 2751/4141/5387 2771/4162/5407
f 2751/4141/5387 2752/4142/5388 2771/4162/5407
f 2771/4162/5407 2752/4142/5388 2772/4163/5408
f 2733/4143/5367 2753/4164/5390 2752/4142/5388
f 2752/4142/5388 2753/4164/5390 2772/4163/5408
f 2753/4145/5390 2754/4144/5389 2773/4165/5409
f 2754/4144/5389 2755/4146/5391 2773/4166/5409
f 2755/4146/5391 2756/4147/5392 2773/4167/5409
f 2756/4147/5392 2757/4148/5393 2773/4168/5409
f 2757/4148/5393 2758/4149/5394 2773/4169/5409
f 2758/4149/5394 2759/4150/5395 2773/4170/5409
f 2759/4150/5395 2760/4151/5396 2773/4171/5409
f 2760/4151/5396 2761/4152/5397 2773/4172/5409
f 2761/4152/5397 2762/4153/5398 2773/4173/5409
f 2762/4153/5398 2763/4154/5399 2773/4174/5409
f 2763/4154/5399 2764/4155/5400 2773/4175/5409
f 2764/4155/5400 2765/4156/5401 2773/4176/5409
f 2765/4156/5401 2766/4157/5402 2773/4177/5409
f 2766/4157/5402 2767/4158/5403 2773/4178/5409
f 2767/4158/5403 2768/4159/5404 2773/4179/5409
f 2768/4159/5404 2769/4160/5405 2773/4180/5409
f 2769/4160/5405 2770/4161/5406 2773/4181/5409
f 2770/4161/5406 2771/4162/5407 2773/4182/5409
f 2771/4162/5407 2772/4163/5408 2773/4183/5409
f 2772/4163/5408 2753/4164/5390 2773/4184/5409
s 620
f 2774/4036/5410 2775/4034/5411 2812/4186/5412
f 2812/4186/5412 2775/4034/5411 2811/4185/5413
s 621
usemtl lambert6SG
f 2775/4034/5414 2776/4032/5415 2811/4185/5416
f 2811/4185/5416 2776/4032/5415 2810/4187/5417
s 622
f 2776/4032/5418 2777/4030/5419 2810/4187/5420
f 2810/4187/5420 2777/4030/5419 2809/4188/5421
s 623
f 2777/4030/5422 2778/4027/5423 2809/4188/5424
f 2809/4188/5424 2778/4027/5423 2808/4189/5425
s 624
f 2778/4027/5426 2779/4026/5427 2808/4189/5428
f 2808/4189/5428 2779/4026/5427 2807/4190/5429
s 625
f 2779/4052/5430 2780/4050/5431 2807/4192/5432
f 2807/4192/5432 2780/4050/5431 2806/4191/5433
s 626
f 2781/4048/5434 2805/4193/5435 2780/4050/5436
f 2780/4050/5436 2805/4193/5435 2806/4191/5437
s 627
f 2782/4046/5438 2804/4194/5439 2781/4048/5440
f 2781/4048/5440 2804/4194/5439 2805/4193/5441
s 628
f 2783/4044/5442 2803/4195/5443 2782/4046/5444
f 2782/4046/5444 2803/4195/5443 2804/4194/5445
s 629
f 2784/4042/5446 2802/4196/5447 2783/4044/5448
f 2783/4044/5448 2802/4196/5447 2803/4195/5449
s 630
f 2785/4039/5450 2801/4197/5451 2784/4042/5452
f 2784/4042/5452 2801/4197/5451 2802/4196/5453
s 631
f 2786/4038/5454 2800/4198/5455 2785/4039/5456
f 2785/4039/5456 2800/4198/5455 2801/4197/5457
f 2800/4198/5455 2793/4199/5458 2801/4197/5457
f 2801/4197/5457 2793/4199/5458 2794/4200/5459
s 630
f 2801/4197/5451 2794/4200/5460 2802/4196/5453
f 2802/4196/5453 2794/4200/5460 2795/4201/5461
s 629
f 2802/4196/5447 2795/4201/5462 2803/4195/5449
f 2803/4195/5449 2795/4201/5462 2796/4202/5463
s 628
f 2803/4195/5443 2796/4202/5464 2804/4194/5445
f 2804/4194/5445 2796/4202/5464 2797/4203/5465
s 627
f 2804/4194/5439 2797/4203/5466 2805/4193/5441
f 2805/4193/5441 2797/4203/5466 2798/4204/5467
s 626
f 2805/4193/5435 2798/4204/5468 2806/4191/5437
f 2806/4191/5437 2798/4204/5468 2799/4205/5469
s 625
f 2807/4192/5432 2806/4191/5433 2787/4206/5470
f 2787/4206/5470 2806/4191/5433 2799/4205/5471
s 624
f 2808/4189/5428 2807/4190/5429 2788/4208/5472
f 2788/4208/5472 2807/4190/5429 2787/4207/5473
s 623
f 2809/4188/5424 2808/4189/5425 2789/4209/5474
f 2789/4209/5474 2808/4189/5425 2788/4208/5475
s 622
f 2810/4187/5420 2809/4188/5421 2790/4210/5476
f 2790/4210/5476 2809/4188/5421 2789/4209/5477
s 621
f 2811/4185/5416 2810/4187/5417 2791/4211/5478
f 2791/4211/5478 2810/4187/5417 2790/4210/5479
s 620
usemtl phong1SG
f 2812/4186/5412 2811/4185/5413 2792/4212/5480
f 2792/4212/5480 2811/4185/5413 2791/4211/5481
s 632
usemtl initialShadingGroup
f 2813/4213/5482 2814/4214/5483 2816/4216/5484
f 2816/4216/5484 2814/4214/5483 2815/4215/5485
s 633
f 2817/4217/5486 2818/4218/5487 2820/4220/5488
f 2820/4220/5488 2818/4218/5487 2819/4219/5489
s 634
f 2821/4221/5490 2822/4222/5491 2824/4224/5492
f 2824/4224/5492 2822/4222/5491 2823/4223/5493
s 635
f 2825/4226/5494 2832/4227/5495 2821/4225/5496
f 2821/4225/5496 2832/4227/5495 2822/4228/5497
s 636
f 2823/4223/5498 2833/4229/5499 2824/4224/5500
f 2824/4224/5500 2833/4229/5499 2831/4230/5501
s 637
f 2825/4226/5502 2831/4230/5503 2832/4227/5504
f 2832/4227/5504 2831/4230/5503 2833/4229/5505
s 638
f 2813/4231/5506 2816/4232/5507 2830/4234/5508
f 2830/4234/5508 2816/4232/5507 2835/4233/5509
s 639
f 2817/4235/5510 2827/4236/5511 2818/4238/5512
f 2818/4238/5512 2827/4236/5511 2838/4237/5513
s 640
f 2814/4239/5514 2829/4240/5515 2815/4242/5516
f 2815/4242/5516 2829/4240/5515 2836/4241/5517
s 641
f 2828/4243/5518 2837/4244/5519 2829/4240/5520
f 2829/4240/5520 2837/4244/5519 2836/4241/5521
s 642
f 2819/4245/5522 2837/4244/5523 2820/4246/5524
f 2820/4246/5524 2837/4244/5523 2828/4243/5525
s 643
usemtl lambert7SG
f 2821/4221/5526 2824/4224/5527 2830/4257/5528
f 2830/4257/5528 2824/4224/5527 2813/4256/5529
f 2813/4256/5529 2824/4224/5527 2814/4255/5530
f 2814/4255/5530 2824/4224/5527 2829/4254/5531
f 2824/4224/5527 2831/4247/5532 2829/4254/5531
f 2829/4254/5531 2831/4247/5532 2828/4253/5533
f 2831/4247/5532 2825/4248/5534 2828/4253/5533
f 2828/4253/5533 2825/4248/5534 2820/4252/5535
f 2820/4252/5535 2825/4248/5534 2817/4251/5536
f 2817/4251/5536 2825/4248/5534 2827/4250/5537
f 2821/4221/5526 2830/4257/5528 2825/4248/5534
f 2827/4250/5537 2825/4248/5534 2826/4249/5538
f 2830/4257/5528 2826/4249/5538 2825/4248/5534
s 644
usemtl initialShadingGroup
f 2822/4222/5539 2835/4261/5540 2823/4223/5541
f 2835/4261/5540 2816/4262/5542 2823/4223/5541
f 2816/4262/5542 2815/4263/5543 2823/4223/5541
f 2815/4263/5543 2836/4264/5544 2823/4223/5541
f 2823/4223/5541 2836/4264/5544 2833/4259/5545
f 2836/4264/5544 2837/4265/5546 2833/4259/5545
f 2833/4259/5545 2837/4265/5546 2832/4258/5547
f 2837/4265/5546 2819/4266/5548 2832/4258/5547
f 2819/4266/5548 2818/4267/5549 2832/4258/5547
f 2818/4267/5549 2838/4268/5550 2832/4258/5547
f 2822/4222/5539 2832/4258/5547 2835/4261/5540
f 2838/4268/5550 2834/4260/5551 2832/4258/5547
f 2834/4260/5551 2835/4261/5540 2832/4258/5547
s 645
f 2835/4271/5552 2834/4272/5553 2830/4270/5554
f 2827/4236/5555 2826/4269/5556 2838/4237/5557
f 2830/4270/5554 2834/4272/5553 2826/4269/5556
f 2826/4269/5556 2834/4272/5553 2838/4237/5557
s 647
usemtl phong1SG
f 2845/4273/5558 2846/4274/5559 2840/4276/5560
f 2840/4276/5560 2846/4274/5559 2841/4275/5561
f 2846/4274/5559 2847/4277/5562 2841/4275/5561
f 2841/4275/5561 2847/4277/5562 2842/4278/5563
f 2847/4277/5562 2848/4279/5564 2842/4278/5563
f 2842/4278/5563 2848/4279/5564 2843/4280/5565
f 2848/4279/5564 2849/4281/5566 2843/4280/5565
f 2843/4280/5565 2849/4281/5566 2844/4282/5567
f 2849/4281/5566 2850/4283/5568 2844/4282/5567
f 2844/4282/5567 2850/4283/5568 2839/4284/5569
s 648
usemtl phong3SG
f 2851/4285/5570 2852/4286/5571 2853/4288/5572
f 2853/4288/5572 2852/4286/5571 2854/4287/5573
s 649
f 2853/4288/5574 2854/4287/5575 2855/4290/5576
f 2855/4290/5576 2854/4287/5575 2856/4289/5577
s 650
f 2855/4290/5578 2856/4289/5579 2857/4292/5580
f 2857/4292/5580 2856/4289/5579 2858/4291/5581
s 651
f 2857/4292/5582 2858/4291/5583 2851/4294/5584
f 2851/4294/5584 2858/4291/5583 2852/4293/5585
s 652
f 2852/4286/5586 2858/4295/5587 2854/4287/5588
f 2854/4287/5588 2858/4295/5587 2856/4296/5589
s 653
f 2857/4297/5590 2851/4285/5591 2855/4298/5592
f 2855/4298/5592 2851/4285/5591 2853/4288/5593
s 654
usemtl lambert6SG
f 2859/4299/5594 2860/4300/5595 2870/4302/5596
f 2870/4302/5596 2860/4300/5595 2871/4301/5597
f 2860/4300/5595 2861/4303/5598 2871/4301/5597
f 2871/4301/5597 2861/4303/5598 2872/4304/5599
f 2861/4303/5598 2862/4305/5600 2872/4304/5599
f 2872/4304/5599 2862/4305/5600 2873/4306/5601
f 2862/4305/5600 2863/4307/5602 2873/4306/5601
f 2873/4306/5601 2863/4307/5602 2874/4308/5603
usemtl phong8SG
f 2863/4307/5602 2864/4309/5604 2874/4308/5603
f 2874/4308/5603 2864/4309/5604 2875/4310/5605
f 2864/4309/5604 2865/4311/5606 2875/4310/5605
f 2875/4310/5605 2865/4311/5606 2876/4312/5607
usemtl lambert6SG
f 2865/4311/5606 2866/4313/5608 2876/4312/5607
f 2876/4312/5607 2866/4313/5608 2877/4314/5609
f 2866/4313/5608 2867/4315/5610 2877/4314/5609
f 2877/4314/5609 2867/4315/5610 2878/4316/5611
f 2867/4315/5610 2868/4317/5612 2878/4316/5611
f 2878/4316/5611 2868/4317/5612 2879/4318/5613
s 655
usemtl initialShadingGroup
f 2860/4319/5614 2859/4320/5615 2882/4321/5616
f 2861/4322/5617 2860/4319/5614 2882/4321/5616
f 2862/4323/5618 2861/4322/5617 2882/4321/5616
f 2863/4324/5619 2862/4323/5618 2882/4321/5616
f 2864/4325/5620 2863/4324/5619 2882/4321/5616
f 2865/4326/5621 2864/4325/5620 2882/4321/5616
f 2866/4327/5622 2865/4326/5621 2882/4321/5616
f 2867/4328/5623 2866/4327/5622 2882/4321/5616
f 2868/4329/5624 2867/4328/5623 2882/4321/5616
f 2869/4330/5625 2868/4329/5624 2882/4321/5616
s 656
f 2870/4331/5626 2871/4332/5627 2883/4333/5628
f 2871/4332/5627 2872/4334/5629 2883/4333/5628
f 2872/4334/5629 2873/4335/5630 2883/4333/5628
f 2873/4335/5630 2874/4336/5631 2883/4333/5628
f 2874/4336/5631 2875/4337/5632 2883/4333/5628
f 2875/4337/5632 2876/4338/5633 2883/4333/5628
f 2876/4338/5633 2877/4339/5634 2883/4333/5628
f 2877/4339/5634 2878/4340/5635 2883/4333/5628
f 2878/4340/5635 2879/4341/5636 2883/4333/5628
f 2879/4341/5636 2880/4342/5637 2883/4333/5628
f 2880/4342/5637 2881/4343/5638 2883/4333/5628
s 657
usemtl phong5SG
f 2884/4344/5639 2886/4347/5640 2885/4345/5641
f 2885/4345/5641 2886/4347/5640 2887/4346/5642
s 658
f 2886/4347/5643 2888/4349/5644 2887/4346/5645
f 2887/4346/5645 2888/4349/5644 2889/4348/5646
s 659
f 2888/4349/5647 2890/4351/5648 2889/4348/5649
f 2889/4348/5649 2890/4351/5648 2891/4350/5650
s 660
f 2890/4351/5651 2884/4353/5652 2891/4350/5653
f 2891/4350/5653 2884/4353/5652 2885/4352/5654
s 661
f 2885/4345/5655 2887/4346/5656 2891/4354/5657
f 2891/4354/5657 2887/4346/5656 2889/4355/5658
s 662
f 2890/4356/5659 2888/4359/5660 2884/4357/5661
f 2884/4357/5661 2888/4359/5660 2886/4358/5662
s 663
usemtl phong3SG
f 2892/4360/5663 2893/4361/5664 2894/4363/5665
f 2894/4363/5665 2893/4361/5664 2895/4362/5666
s 664
f 2894/4363/5667 2895/4362/5668 2896/4365/5669
f 2896/4365/5669 2895/4362/5668 2897/4364/5670
s 665
f 2896/4365/5671 2897/4364/5672 2898/4367/5673
f 2898/4367/5673 2897/4364/5672 2899/4366/5674
s 666
f 2898/4367/5675 2899/4366/5676 2892/4369/5677
f 2892/4369/5677 2899/4366/5676 2893/4368/5678
s 667
f 2893/4361/5679 2899/4370/5680 2895/4362/5681
f 2895/4362/5681 2899/4370/5680 2897/4371/5682
s 668
f 2898/4372/5683 2892/4360/5684 2896/4373/5685
f 2896/4373/5685 2892/4360/5684 2894/4363/5686
s 669
usemtl phong5SG
f 2900/4374/5687 2901/4375/5688 2902/4377/5689
f 2902/4377/5689 2901/4375/5688 2903/4376/5690
s 670
f 2902/4377/5691 2903/4376/5692 2904/4379/5693
f 2904/4379/5693 2903/4376/5692 2905/4378/5694
s 671
f 2904/4379/5695 2905/4378/5696 2906/4381/5697
f 2906/4381/5697 2905/4378/5696 2907/4380/5698
s 672
f 2906/4381/5699 2907/4380/5700 2900/4383/5701
f 2900/4383/5701 2907/4380/5700 2901/4382/5702
s 673
f 2901/4375/5703 2907/4384/5704 2903/4376/5705
f 2903/4376/5705 2907/4384/5704 2905/4385/5706
s 674
f 2906/4386/5707 2900/4374/5708 2904/4387/5709
f 2904/4387/5709 2900/4374/5708 2902/4377/5710
s 675
usemtl phong3SG
f 2908/4388/5711 2909/4389/5712 2910/4391/5713
f 2910/4391/5713 2909/4389/5712 2911/4390/5714
s 676
f 2910/4391/5715 2911/4390/5716 2912/4393/5717
f 2912/4393/5717 2911/4390/5716 2913/4392/5718
s 677
f 2912/4393/5719 2913/4392/5720 2914/4395/5721
f 2914/4395/5721 2913/4392/5720 2915/4394/5722
s 678
f 2914/4395/5723 2915/4394/5724 2908/4397/5725
f 2908/4397/5725 2915/4394/5724 2909/4396/5726
s 679
f 2909/4389/5727 2915/4398/5728 2911/4390/5729
f 2911/4390/5729 2915/4398/5728 2913/4399/5730
s 680
f 2914/4400/5731 2908/4388/5732 2912/4401/5733
f 2912/4401/5733 2908/4388/5732 2910/4391/5734
s 681
usemtl initialShadingGroup
f 2916/4402/5735 2917/4403/5736 2918/4405/5737
f 2918/4405/5737 2917/4403/5736 2919/4404/5738
s 682
f 2918/4405/5739 2919/4404/5740 2920/4407/5741
f 2920/4407/5741 2919/4404/5740 2921/4406/5742
s 683
f 2920/4407/5743 2921/4406/5744 2922/4409/5745
f 2922/4409/5745 2921/4406/5744 2923/4408/5746
s 684
f 2922/4409/5747 2923/4408/5748 2916/4411/5749
f 2916/4411/5749 2923/4408/5748 2917/4410/5750
s 685
f 2917/4403/5751 2923/4412/5752 2919/4404/5753
f 2919/4404/5753 2923/4412/5752 2921/4413/5754
s 686
usemtl lambert7SG
f 2922/4414/5755 2916/4402/5756 2920/4415/5757
f 2920/4415/5757 2916/4402/5756 2918/4405/5758
s 687
usemtl initialShadingGroup
f 2924/4416/5759 2925/4417/5760 2926/4419/5761
f 2926/4419/5761 2925/4417/5760 2927/4418/5762
s 688
f 2926/4419/5763 2927/4418/5764 2928/4421/5765
f 2928/4421/5765 2927/4418/5764 2929/4420/5766
s 689
f 2928/4421/5767 2929/4420/5768 2930/4423/5769
f 2930/4423/5769 2929/4420/5768 2931/4422/5770
s 690
usemtl lambert7SG
f 2930/4423/5771 2931/4422/5772 2924/4425/5773
f 2924/4425/5773 2931/4422/5772 2925/4424/5774
s 691
usemtl initialShadingGroup
f 2925/4417/5775 2931/4426/5776 2927/4418/5777
f 2927/4418/5777 2931/4426/5776 2929/4427/5778
s 692
f 2930/4428/5779 2924/4416/5780 2928/4429/5781
f 2928/4429/5781 2924/4416/5780 2926/4419/5782
s 693
usemtl lambert6SG
f 2932/4430/5783 2944/4433/5784 2933/4431/5785
f 2933/4431/5785 2944/4433/5784 2945/4432/5786
f 2933/4431/5785 2945/4432/5786 2934/4434/5787
f 2934/4434/5787 2945/4432/5786 2946/4435/5788
f 2934/4434/5787 2946/4435/5788 2935/4436/5789
f 2935/4436/5789 2946/4435/5788 2947/4437/5790
f 2935/4436/5789 2947/4437/5790 2936/4438/5791
f 2936/4438/5791 2947/4437/5790 2948/4439/5792
usemtl phong8SG
f 2936/4438/5791 2948/4439/5792 2937/4440/5793
f 2937/4440/5793 2948/4439/5792 2949/4441/5794
f 2937/4440/5793 2949/4441/5794 2938/4442/5795
f 2938/4442/5795 2949/4441/5794 2950/4443/5796
usemtl lambert6SG
f 2938/4442/5795 2950/4443/5796 2939/4444/5797
f 2939/4444/5797 2950/4443/5796 2951/4445/5798
f 2939/4444/5797 2951/4445/5798 2940/4446/5799
f 2940/4446/5799 2951/4445/5798 2952/4447/5800
f 2940/4446/5799 2952/4447/5800 2941/4448/5801
f 2941/4448/5801 2952/4447/5800 2953/4449/5802
s 694
usemtl initialShadingGroup
f 2935/4450/5803 2957/4452/5804 2934/4451/5805
f 2936/4453/5806 2957/4452/5804 2935/4450/5803
f 2937/4454/5807 2957/4452/5804 2936/4453/5806
f 2938/4455/5808 2957/4452/5804 2937/4454/5807
f 2939/4456/5809 2957/4452/5804 2938/4455/5808
f 2940/4457/5810 2957/4452/5804 2939/4456/5809
f 2941/4458/5811 2957/4452/5804 2940/4457/5810
f 2942/4459/5812 2957/4452/5804 2941/4458/5811
s 695
f 2944/4460/5813 2958/4462/5814 2945/4461/5815
f 2945/4461/5815 2958/4462/5814 2946/4463/5816
f 2946/4463/5816 2958/4462/5814 2947/4464/5817
f 2947/4464/5817 2958/4462/5814 2948/4465/5818
f 2948/4465/5818 2958/4462/5814 2949/4466/5819
f 2949/4466/5819 2958/4462/5814 2950/4467/5820
f 2950/4467/5820 2958/4462/5814 2951/4468/5821
f 2951/4468/5821 2958/4462/5814 2952/4469/5822
f 2952/4469/5822 2958/4462/5814 2953/4470/5823
f 2953/4470/5823 2958/4462/5814 2954/4471/5824
f 2954/4471/5824 2958/4462/5814 2955/4472/5825
f 2955/4472/5825 2958/4462/5814 2956/4473/5826
f 2956/4473/5826 2958/4462/5814 2943/4474/5827
s 696
usemtl phong3SG
f 2959/4475/5828 2960/4476/5829 2962/4478/5830
f 2962/4478/5830 2960/4476/5829 2961/4477/5831
s 697
f 2959/4479/5832 2963/4480/5833 2960/4482/5834
f 2960/4482/5834 2963/4480/5833 2969/4481/5835
s 698
f 2961/4477/5836 2974/4483/5837 2962/4478/5838
f 2962/4478/5838 2974/4483/5837 2968/4484/5839
s 699
f 2963/4480/5840 2968/4484/5841 2969/4481/5842
f 2969/4481/5842 2968/4484/5841 2974/4483/5843
s 700
f 2966/4485/5844 2972/4486/5845 2967/4488/5846
f 2967/4488/5846 2972/4486/5845 2971/4487/5847
s 701
f 2964/4489/5848 2967/4490/5849 2970/4492/5850
f 2970/4492/5850 2967/4490/5849 2971/4491/5851
s 702
f 2965/4493/5852 2973/4494/5853 2966/4485/5854
f 2966/4485/5854 2973/4494/5853 2972/4486/5855
s 703
f 2964/4489/5856 2970/4492/5857 2965/4493/5858
f 2965/4493/5858 2970/4492/5857 2973/4494/5859
s 704
f 2959/4475/5860 2967/4500/5861 2963/4496/5862
f 2967/4500/5861 2964/4497/5863 2963/4496/5862
f 2959/4475/5860 2962/4478/5864 2967/4500/5861
f 2967/4500/5861 2962/4478/5864 2966/4499/5865
f 2962/4478/5864 2968/4495/5866 2966/4499/5865
f 2966/4499/5865 2968/4495/5866 2965/4498/5867
f 2968/4495/5866 2963/4496/5862 2965/4498/5867
f 2964/4497/5863 2965/4498/5867 2963/4496/5862
s 705
f 2969/4501/5868 2970/4503/5869 2960/4476/5870
f 2970/4503/5869 2971/4504/5871 2960/4476/5870
f 2969/4501/5868 2974/4502/5872 2970/4503/5869
f 2970/4503/5869 2974/4502/5872 2973/4506/5873
f 2974/4502/5872 2961/4477/5874 2973/4506/5873
f 2973/4506/5873 2961/4477/5874 2972/4505/5875
f 2961/4477/5874 2960/4476/5870 2972/4505/5875
f 2971/4504/5871 2972/4505/5875 2960/4476/5870
s 706
usemtl initialShadingGroup
f 2975/4507/5876 2976/4508/5877 2977/4510/5878
f 2977/4510/5878 2976/4508/5877 2978/4509/5879
s 707
f 2977/4510/5880 2978/4509/5881 2988/4512/5882
f 2988/4512/5882 2978/4509/5881 2983/4511/5883
s 708
f 2979/4513/5884 2980/4514/5885 2981/4516/5886
f 2981/4516/5886 2980/4514/5885 2982/4515/5887
s 709
f 2981/4516/5888 2982/4515/5889 2990/4522/5890
f 2982/4515/5889 2986/4517/5891 2990/4522/5890
f 2986/4517/5891 2987/4518/5892 2990/4522/5890
f 2990/4522/5890 2987/4518/5892 2991/4521/5893
f 2991/4521/5893 2987/4518/5892 2975/4520/5894
f 2987/4518/5892 2976/4519/5895 2975/4520/5894
s 710
usemtl lambert11SG
f 2986/4524/5896 2982/4525/5897 2985/4523/5898
f 2985/4523/5898 2982/4525/5897 2980/4526/5899
s 711
usemtl initialShadingGroup
f 2979/4532/5900 2981/4527/5901 2989/4531/5902
f 2981/4527/5901 2990/4528/5903 2989/4531/5902
f 2990/4528/5903 2991/4529/5904 2989/4531/5902
f 2989/4531/5902 2991/4529/5904 2988/4530/5905
f 2991/4529/5904 2975/4507/5906 2988/4530/5905
f 2975/4507/5906 2977/4510/5907 2988/4530/5905
s 710
usemtl lambert11SG
f 2987/4534/5908 2983/4535/5909 2976/4533/5910
f 2976/4533/5910 2983/4535/5909 2978/2201/5911
f 2987/4534/5908 2986/4524/5896 2983/4535/5909
f 2983/4535/5909 2986/4524/5896 2984/2200/5912
f 2986/4524/5896 2985/4523/5898 2984/2200/5912
s 707
usemtl initialShadingGroup
f 2979/4513/5913 2989/4538/5914 2980/4514/5915
f 2980/4514/5915 2989/4538/5914 2985/4537/5916
f 2985/4537/5916 2989/4538/5914 2984/4536/5917
f 2988/4512/5882 2983/4511/5883 2989/4538/5914
f 2983/4511/5883 2984/4536/5917 2989/4538/5914
s 714
usemtl phong3SG
f 2992/4539/5918 2993/4542/5919 2994/4540/5920
f 2994/4540/5920 2993/4542/5919 3000/4541/5921
s 715
f 3006/4543/5922 3007/4546/5923 3005/4544/5924
f 3005/4544/5924 3007/4546/5923 2999/4545/5925
s 716
f 2994/4540/5926 3000/4541/5927 2999/4545/5928
f 2999/4545/5928 3000/4541/5927 3005/4544/5929
s 717
f 2997/4547/5930 2998/4550/5931 3003/4548/5932
f 3003/4548/5932 2998/4550/5931 3002/4549/5933
s 718
f 2995/4551/5934 3001/4554/5935 2998/4552/5936
f 2998/4552/5936 3001/4554/5935 3002/4553/5937
s 719
f 2996/4555/5938 2997/4547/5939 3004/4556/5940
f 3004/4556/5940 2997/4547/5939 3003/4548/5941
s 720
f 2995/4557/5942 2996/4555/5943 3001/4558/5944
f 3001/4558/5944 2996/4555/5943 3004/4556/5945
s 721
f 2992/4559/5946 2994/4566/5947 2998/4562/5948
f 2998/4562/5948 2994/4566/5947 2995/4563/5949
f 2994/4566/5947 2999/4565/5950 2995/4563/5949
f 2995/4563/5949 2999/4565/5950 2996/4560/5951
f 2999/4565/5950 3007/4564/5952 2996/4560/5951
f 2996/4560/5951 3007/4564/5952 2997/4561/5953
f 2992/4559/5946 2998/4562/5948 3007/4564/5952
f 2998/4562/5948 2997/4561/5953 3007/4564/5952
s 722
f 3000/4567/5954 3001/4571/5955 3005/4572/5956
f 3001/4571/5955 3004/4570/5957 3005/4572/5956
f 3005/4572/5956 3004/4570/5957 3006/4573/5958
f 3004/4570/5957 3003/4569/5959 3006/4573/5958
f 3000/4567/5954 2993/4574/5960 3001/4571/5955
f 3001/4571/5955 2993/4574/5960 3002/4568/5961
f 2993/4574/5960 3006/4573/5958 3002/4568/5961
f 3003/4569/5959 3002/4568/5961 3006/4573/5958
s 723
f 2993/4570/5962 2992/4539/5963 3006/4543/5964
f 3006/4543/5964 2992/4539/5963 3007/4575/5965
s 724
usemtl initialShadingGroup
f 3008/4576/5966 3009/4577/5967 3010/4579/5968
f 3010/4579/5968 3009/4577/5967 3011/4578/5969
s 725
f 3010/4579/5970 3011/4578/5971 3012/4581/5972
f 3012/4581/5972 3011/4578/5971 3013/4580/5973
s 726
f 3012/4581/5974 3013/4580/5975 3014/4583/5976
f 3014/4583/5976 3013/4580/5975 3015/4582/5977
s 727
f 3014/4583/5978 3015/4582/5979 3008/4585/5980
f 3008/4585/5980 3015/4582/5979 3009/4584/5981
s 728
usemtl lambert7SG
f 3009/4577/5982 3015/4586/5983 3011/4578/5984
f 3011/4578/5984 3015/4586/5983 3013/4587/5985
s 729
usemtl initialShadingGroup
f 3014/4588/5986 3008/4576/5987 3012/4589/5988
f 3012/4589/5988 3008/4576/5987 3010/4579/5989
s 730
f 3016/4590/5990 3017/4591/5991 3036/4593/5992
f 3036/4593/5992 3017/4591/5991 3037/4592/5993
f 3017/4591/5991 3018/4594/5994 3037/4592/5993
f 3037/4592/5993 3018/4594/5994 3038/4595/5995
f 3018/4594/5994 3019/4596/5996 3038/4595/5995
f 3038/4595/5995 3019/4596/5996 3039/4597/5997
f 3019/4596/5996 3020/4598/5998 3039/4597/5997
f 3039/4597/5997 3020/4598/5998 3040/4599/5999
f 3020/4598/5998 3021/4600/6000 3040/4599/5999
f 3040/4599/5999 3021/4600/6000 3041/4601/6001
f 3022/4602/6002 3042/4603/6003 3021/4600/6000
f 3021/4600/6000 3042/4603/6003 3041/4601/6001
f 3022/4602/6002 3023/4604/6004 3042/4603/6003
f 3042/4603/6003 3023/4604/6004 3043/4605/6005
f 3023/4604/6004 3024/4606/6006 3043/4605/6005
f 3043/4605/6005 3024/4606/6006 3044/4607/6007
f 3024/4606/6006 3025/4608/6008 3044/4607/6007
f 3044/4607/6007 3025/4608/6008 3045/4609/6009
f 3025/4608/6008 3026/4610/6010 3045/4609/6009
f 3045/4609/6009 3026/4610/6010 3046/4611/6011
f 3026/4610/6010 3027/4612/6012 3046/4611/6011
f 3046/4611/6011 3027/4612/6012 3047/4613/6013
f 3027/4612/6012 3028/4614/6014 3047/4613/6013
f 3047/4613/6013 3028/4614/6014 3048/4615/6015
f 3028/4614/6014 3029/4616/6016 3048/4615/6015
f 3048/4615/6015 3029/4616/6016 3049/4617/6017
f 3029/4616/6016 3030/4618/6018 3049/4617/6017
f 3049/4617/6017 3030/4618/6018 3050/4619/6019
f 3030/4618/6018 3031/4620/6020 3050/4619/6019
f 3050/4619/6019 3031/4620/6020 3051/4621/6021
f 3031/4620/6020 3032/4622/6022 3051/4621/6021
f 3051/4621/6021 3032/4622/6022 3052/4623/6023
f 3032/4622/6022 3033/4624/6024 3052/4623/6023
f 3052/4623/6023 3033/4624/6024 3053/4625/6025
f 3033/4624/6024 3034/4626/6026 3053/4625/6025
f 3053/4625/6025 3034/4626/6026 3054/4627/6027
f 3034/4626/6026 3035/4628/6028 3054/4627/6027
f 3054/4627/6027 3035/4628/6028 3055/4629/6029
f 3016/4630/5990 3036/4631/5992 3035/4628/6028
f 3035/4628/6028 3036/4631/5992 3055/4629/6029
s 732
f 3017/4632/6030 3016/4633/6031 3056/4634/6032
f 3018/4635/6033 3017/4632/6030 3056/4634/6032
f 3019/4636/6034 3018/4635/6033 3056/4634/6032
f 3020/4637/6035 3019/4636/6034 3056/4634/6032
f 3021/4638/6036 3020/4637/6035 3056/4634/6032
f 3022/4639/6037 3021/4638/6036 3056/4634/6032
f 3023/4640/6038 3022/4639/6037 3056/4634/6032
f 3024/4641/6039 3023/4640/6038 3056/4634/6032
f 3025/4642/6040 3024/4641/6039 3056/4634/6032
f 3026/4643/6041 3025/4642/6040 3056/4634/6032
f 3027/4644/6042 3026/4643/6041 3056/4634/6032
f 3028/4645/6043 3027/4644/6042 3056/4634/6032
f 3029/4646/6044 3028/4645/6043 3056/4634/6032
f 3030/4647/6045 3029/4646/6044 3056/4634/6032
f 3031/4648/6046 3030/4647/6045 3056/4634/6032
f 3032/4649/6047 3031/4648/6046 3056/4634/6032
f 3033/4650/6048 3032/4649/6047 3056/4634/6032
f 3034/4651/6049 3033/4650/6048 3056/4634/6032
f 3035/4652/6050 3034/4651/6049 3056/4634/6032
f 3016/4633/6031 3035/4652/6050 3056/4634/6032
s 733
usemtl lambert13SG
f 3036/4653/6051 3037/4654/6052 3057/4655/6053
f 3037/4654/6052 3038/4656/6054 3057/4655/6053
f 3038/4656/6054 3039/4657/6055 3057/4655/6053
f 3039/4657/6055 3040/4658/6056 3057/4655/6053
f 3040/4658/6056 3041/4659/6057 3057/4655/6053
usemtl initialShadingGroup
f 3041/4659/6057 3042/4660/6058 3057/4655/6053
f 3042/4660/6058 3043/4661/6059 3057/4655/6053
f 3043/4661/6059 3044/4662/6060 3057/4655/6053
f 3044/4662/6060 3045/4663/6061 3057/4655/6053
f 3045/4663/6061 3046/4664/6062 3057/4655/6053
f 3046/4664/6062 3047/4665/6063 3057/4655/6053
f 3047/4665/6063 3048/4666/6064 3057/4655/6053
f 3048/4666/6064 3049/4667/6065 3057/4655/6053
usemtl lambert13SG
f 3049/4667/6065 3050/4668/6066 3057/4655/6053
f 3050/4668/6066 3051/4669/6067 3057/4655/6053
f 3051/4669/6067 3052/4670/6068 3057/4655/6053
f 3052/4670/6068 3053/4671/6069 3057/4655/6053
f 3053/4671/6069 3054/4672/6070 3057/4655/6053
f 3054/4672/6070 3055/4673/6071 3057/4655/6053
f 3055/4673/6071 3036/4653/6051 3057/4655/6053
s 734
usemtl phong3SG
f 3058/4674/6072 3061/4677/6073 3059/4675/6074
f 3059/4675/6074 3061/4677/6073 3060/4676/6075
s 735
f 3058/4678/6076 3059/4681/6077 3062/4679/6078
f 3062/4679/6078 3059/4681/6077 3068/4680/6079
s 736
f 3060/4676/6080 3061/4677/6081 3073/4682/6082
f 3073/4682/6082 3061/4677/6081 3067/4683/6083
s 737
f 3062/4679/6084 3068/4680/6085 3067/4683/6086
f 3067/4683/6086 3068/4680/6085 3073/4682/6087
s 738
f 3065/4684/6088 3066/4687/6089 3071/4685/6090
f 3071/4685/6090 3066/4687/6089 3070/4686/6091
s 739
f 3063/4688/6092 3069/4691/6093 3066/4689/6094
f 3066/4689/6094 3069/4691/6093 3070/4690/6095
s 740
f 3064/4692/6096 3065/4684/6097 3072/4693/6098
f 3072/4693/6098 3065/4684/6097 3071/4685/6099
s 741
f 3063/4688/6100 3064/4692/6101 3069/4691/6102
f 3069/4691/6102 3064/4692/6101 3072/4693/6103
s 742
f 3058/4674/6104 3062/4699/6105 3066/4695/6106
f 3066/4695/6106 3062/4699/6105 3063/4696/6107
f 3062/4699/6105 3067/4698/6108 3063/4696/6107
f 3063/4696/6107 3067/4698/6108 3064/4677/6109
f 3067/4698/6108 3061/4697/6110 3064/4677/6109
f 3064/4677/6109 3061/4697/6110 3065/4694/6111
f 3058/4674/6104 3066/4695/6106 3061/4697/6110
f 3066/4695/6106 3065/4694/6111 3061/4697/6110
s 743
f 3068/4700/6112 3069/4702/6113 3073/4703/6114
f 3069/4702/6113 3072/4675/6115 3073/4703/6114
f 3073/4703/6114 3072/4675/6115 3060/4704/6116
f 3072/4675/6115 3071/4676/6117 3060/4704/6116
f 3068/4700/6112 3059/4705/6118 3069/4702/6113
f 3069/4702/6113 3059/4705/6118 3070/4701/6119
f 3059/4705/6118 3060/4704/6116 3070/4701/6119
f 3071/4676/6117 3070/4701/6119 3060/4704/6116
s 744
usemtl initialShadingGroup
f 3074/4706/6120 3075/4707/6121 3076/4709/6122
f 3076/4709/6122 3075/4707/6121 3077/4708/6123
s 745
f 3076/4709/6124 3077/4708/6125 3078/4711/6126
f 3078/4711/6126 3077/4708/6125 3079/4710/6127
s 746
usemtl phong3SG
f 3078/4711/6128 3079/4710/6129 3080/4713/6130
f 3080/4713/6130 3079/4710/6129 3081/4712/6131
s 747
usemtl initialShadingGroup
f 3080/4713/6132 3081/4712/6133 3074/4715/6134
f 3074/4715/6134 3081/4712/6133 3075/4714/6135
s 748
f 3075/4707/6136 3081/4716/6137 3077/4708/6138
f 3077/4708/6138 3081/4716/6137 3079/4717/6139
s 749
f 3080/4718/6140 3074/4706/6141 3078/4719/6142
f 3078/4719/6142 3074/4706/6141 3076/4709/6143
s 750
usemtl phong3SG
f 3082/4720/6144 3083/4721/6145 3084/4723/6146
f 3084/4723/6146 3083/4721/6145 3085/4722/6147
s 751
f 3084/4723/6148 3085/4722/6149 3086/4725/6150
f 3086/4725/6150 3085/4722/6149 3087/4724/6151
s 752
f 3086/4725/6152 3087/4724/6153 3088/4727/6154
f 3088/4727/6154 3087/4724/6153 3089/4726/6155
s 753
f 3088/4727/6156 3089/4726/6157 3082/4729/6158
f 3082/4729/6158 3089/4726/6157 3083/4728/6159
s 754
f 3083/4721/6160 3089/4730/6161 3085/4722/6162
f 3085/4722/6162 3089/4730/6161 3087/4731/6163
s 755
f 3088/4732/6164 3082/4720/6165 3086/4733/6166
f 3086/4733/6166 3082/4720/6165 3084/4723/6167
s 756
usemtl initialShadingGroup
f 3090/4734/6168 3091/4735/6169 3092/4737/6170
f 3092/4737/6170 3091/4735/6169 3093/4736/6171
s 757
f 3092/4737/6172 3093/4736/6173 3094/4739/6174
f 3094/4739/6174 3093/4736/6173 3095/4738/6175
s 758
f 3094/4739/6176 3095/4738/6177 3096/4741/6178
f 3096/4741/6178 3095/4738/6177 3097/4740/6179
s 759
f 3097/4740/6180 3091/4742/6181 3096/4741/6182
f 3096/4741/6182 3091/4742/6181 3090/4743/6183
s 760
f 3091/4735/6184 3097/4744/6185 3093/4736/6186
f 3093/4736/6186 3097/4744/6185 3095/4745/6187
s 761
usemtl lambert7SG
f 3096/4746/6188 3090/4734/6189 3094/4747/6190
f 3094/4747/6190 3090/4734/6189 3092/4737/6191
s 762
usemtl initialShadingGroup
f 3099/4749/6192 3110/4750/6193 3098/4748/6194
f 3098/4748/6194 3110/4750/6193 3109/4751/6195
f 3100/4752/6196 3111/4753/6197 3099/4749/6192
f 3099/4749/6192 3111/4753/6197 3110/4750/6193
f 3101/4754/6198 3112/4755/6199 3100/4752/6196
f 3100/4752/6196 3112/4755/6199 3111/4753/6197
f 3102/4756/6200 3113/4757/6201 3101/4754/6198
f 3101/4754/6198 3113/4757/6201 3112/4755/6199
f 3104/4759/6202 3115/4760/6203 3103/4758/6204
f 3103/4758/6204 3115/4760/6203 3114/4761/6205
f 3105/4762/6206 3116/4763/6207 3104/4759/6202
f 3104/4759/6202 3116/4763/6207 3115/4760/6203
f 3105/4762/6206 3106/4764/6208 3116/4763/6207
f 3116/4763/6207 3106/4764/6208 3117/4765/6209
f 3106/4764/6208 3131/4766/6210 3117/4765/6209
f 3117/4765/6209 3131/4766/6210 3132/4767/6211
f 3107/4768/6212 3108/4769/6213 3118/4771/6214
f 3118/4771/6214 3108/4769/6213 3119/4770/6215
f 3098/4772/6194 3109/4773/6195 3108/4769/6213
f 3108/4769/6213 3109/4773/6195 3119/4770/6215
f 3110/4750/6193 3121/4774/6216 3109/4751/6195
f 3109/4751/6195 3121/4774/6216 3120/4775/6217
f 3111/4753/6197 3122/4776/6218 3110/4750/6193
f 3110/4750/6193 3122/4776/6218 3121/4774/6216
f 3112/4755/6199 3123/4777/6219 3111/4753/6197
f 3111/4753/6197 3123/4777/6219 3122/4776/6218
f 3113/4757/6201 3124/4778/6220 3112/4755/6199
f 3112/4755/6199 3124/4778/6220 3123/4777/6219
f 3114/4761/6205 3115/4760/6203 3130/4780/6221
f 3130/4780/6221 3115/4760/6203 3129/4779/6222
f 3115/4760/6203 3116/4763/6207 3129/4779/6222
f 3129/4779/6222 3116/4763/6207 3128/4781/6223
f 3116/4763/6207 3117/4765/6209 3128/4781/6223
f 3128/4781/6223 3117/4765/6209 3127/4782/6224
f 3117/4765/6209 3132/4767/6211 3127/4782/6224
f 3127/4782/6224 3132/4767/6211 3133/4783/6225
f 3118/4771/6214 3119/4770/6215 3126/4785/6226
f 3126/4785/6226 3119/4770/6215 3125/4784/6227
f 3109/4773/6195 3120/4786/6217 3119/4770/6215
f 3119/4770/6215 3120/4786/6217 3125/4784/6227
f 3131/4766/6210 3107/4768/6212 3132/4767/6211
f 3132/4767/6211 3107/4768/6212 3118/4771/6214
f 3132/4767/6211 3118/4771/6214 3133/4783/6225
f 3133/4783/6225 3118/4771/6214 3126/4785/6226
s 768
usemtl lambert6SG
f 3135/4788/6228 3148/4789/6229 3134/4787/6230
f 3134/4787/6230 3148/4789/6229 3147/4790/6231
f 3136/4791/6232 3149/4792/6233 3135/4788/6228
f 3135/4788/6228 3149/4792/6233 3148/4789/6229
f 3137/4793/6234 3150/4794/6235 3136/4791/6232
f 3136/4791/6232 3150/4794/6235 3149/4792/6233
f 3138/4795/6236 3151/4796/6237 3137/4793/6234
f 3137/4793/6234 3151/4796/6237 3150/4794/6235
f 3139/4797/6238 3152/4798/6239 3138/4795/6236
f 3138/4795/6236 3152/4798/6239 3151/4796/6237
f 3140/4799/6240 3141/4800/6241 3153/4802/6242
f 3153/4802/6242 3141/4800/6241 3154/4801/6243
f 3142/4803/6244 3155/4804/6245 3141/4800/6241
f 3141/4800/6241 3155/4804/6245 3154/4801/6243
f 3143/4805/6246 3156/4806/6247 3142/4803/6244
f 3142/4803/6244 3156/4806/6247 3155/4804/6245
f 3143/4805/6246 3144/4807/6248 3156/4806/6247
f 3156/4806/6247 3144/4807/6248 3157/4808/6249
f 3144/4807/6248 3173/4809/6250 3157/4808/6249
f 3157/4808/6249 3173/4809/6250 3174/4810/6251
f 3145/4811/6252 3146/4812/6253 3158/4814/6254
f 3158/4814/6254 3146/4812/6253 3159/4813/6255
f 3134/4815/6230 3147/4816/6231 3146/4812/6253
f 3146/4812/6253 3147/4816/6231 3159/4813/6255
f 3148/4789/6229 3161/4817/6256 3147/4790/6231
f 3147/4790/6231 3161/4817/6256 3160/4818/6257
f 3149/4792/6233 3162/4819/6258 3148/4789/6229
f 3148/4789/6229 3162/4819/6258 3161/4817/6256
f 3150/4794/6235 3163/4820/6259 3149/4792/6233
f 3149/4792/6233 3163/4820/6259 3162/4819/6258
f 3151/4796/6237 3164/4821/6260 3150/4794/6235
f 3150/4794/6235 3164/4821/6260 3163/4820/6259
f 3152/4798/6239 3165/4822/6261 3151/4796/6237
f 3151/4796/6237 3165/4822/6261 3164/4821/6260
f 3154/4801/6243 3171/4823/6262 3153/4802/6242
f 3153/4802/6242 3171/4823/6262 3172/4824/6263
f 3154/4801/6243 3155/4804/6245 3171/4823/6262
f 3171/4823/6262 3155/4804/6245 3170/4825/6264
f 3155/4804/6245 3156/4806/6247 3170/4825/6264
f 3170/4825/6264 3156/4806/6247 3169/4826/6265
f 3156/4806/6247 3157/4808/6249 3169/4826/6265
f 3169/4826/6265 3157/4808/6249 3168/4827/6266
f 3157/4808/6249 3174/4810/6251 3168/4827/6266
f 3168/4827/6266 3174/4810/6251 3175/4828/6267
f 3158/4814/6254 3159/4813/6255 3167/4830/6268
f 3167/4830/6268 3159/4813/6255 3166/4829/6269
f 3147/4816/6231 3160/4831/6257 3159/4813/6255
f 3159/4813/6255 3160/4831/6257 3166/4829/6269
f 3173/4809/6250 3145/4811/6252 3174/4810/6251
f 3174/4810/6251 3145/4811/6252 3158/4814/6254
f 3174/4810/6251 3158/4814/6254 3175/4828/6267
f 3175/4828/6267 3158/4814/6254 3167/4830/6268
s 776
usemtl initialShadingGroup
f 3177/4833/6270 3179/4834/6271 3176/4832/6272
f 3176/4832/6272 3179/4834/6271 3178/4835/6273
s 777
f 3102/4756/6274 3101/4754/6275 3192/4837/6276
f 3192/4837/6276 3101/4754/6275 3191/4836/6277
s 778
f 3101/4754/6278 3100/4752/6279 3191/4836/6280
f 3191/4836/6280 3100/4752/6279 3190/4838/6281
s 779
f 3100/4752/6282 3099/4749/6283 3190/4838/6284
f 3190/4838/6284 3099/4749/6283 3189/4839/6285
s 780
f 3099/4749/6286 3098/4748/6287 3189/4839/6288
f 3189/4839/6288 3098/4748/6287 3188/4840/6289
s 781
f 3098/4772/6290 3108/4769/6291 3188/4842/6292
f 3188/4842/6292 3108/4769/6291 3187/4841/6293
s 782
f 3187/4841/6294 3108/4769/6295 3186/4843/6296
f 3108/4769/6295 3107/4768/6297 3186/4843/6296
s 783
f 3185/4844/6298 3186/4843/6299 3131/4766/6300
f 3107/4768/6301 3131/4766/6300 3186/4843/6299
s 784
f 3106/4764/6302 3184/4845/6303 3131/4766/6304
f 3131/4766/6304 3184/4845/6303 3185/4846/6305
s 785
f 3105/4762/6306 3183/4847/6307 3106/4764/6308
f 3106/4764/6308 3183/4847/6307 3184/4845/6309
s 786
f 3104/4759/6310 3182/4848/6311 3105/4762/6312
f 3105/4762/6312 3182/4848/6311 3183/4847/6313
s 787
usemtl lambert6SG
f 3181/4849/6314 3180/4850/6315 3138/4795/6316
f 3138/4795/6316 3180/4850/6315 3139/4797/6317
s 788
f 3181/4849/6318 3138/4795/6319 3182/4848/6320
f 3182/4848/6320 3138/4795/6319 3137/4793/6321
s 786
f 3183/4847/6313 3182/4848/6311 3136/4791/6322
f 3136/4791/6322 3182/4848/6311 3137/4793/6323
s 785
f 3184/4845/6309 3183/4847/6307 3135/4788/6324
f 3135/4788/6324 3183/4847/6307 3136/4791/6325
s 784
f 3185/4846/6305 3184/4845/6303 3134/4787/6326
f 3134/4787/6326 3184/4845/6303 3135/4788/6327
s 783
f 3186/4843/6299 3185/4844/6298 3146/4812/6328
f 3146/4812/6328 3185/4844/6298 3134/4815/6329
s 789
f 3186/4843/6330 3146/4812/6331 3187/4841/6332
f 3187/4841/6332 3146/4812/6331 3145/4811/6333
s 790
f 3188/4842/6334 3187/4841/6335 3173/4809/6336
f 3173/4809/6336 3187/4841/6335 3145/4811/6337
s 780
f 3188/4840/6289 3173/4809/6338 3189/4839/6288
f 3189/4839/6288 3173/4809/6338 3144/4807/6339
s 779
f 3189/4839/6285 3144/4807/6340 3190/4838/6284
f 3190/4838/6284 3144/4807/6340 3143/4805/6341
s 778
f 3190/4838/6281 3143/4805/6342 3191/4836/6280
f 3191/4836/6280 3143/4805/6342 3142/4803/6343
s 777
f 3192/4837/6276 3191/4836/6277 3141/4800/6344
f 3141/4800/6344 3191/4836/6277 3142/4803/6345
s 791
f 3193/4851/6346 3192/4837/6347 3140/4799/6348
f 3140/4799/6348 3192/4837/6347 3141/4800/6349
s 792
f 3194/4852/6350 3198/4856/6351 3197/4855/6352
f 3198/4856/6351 3199/4857/6353 3197/4855/6352
f 3197/4855/6352 3199/4857/6353 3196/4854/6354
f 3199/4857/6353 3200/4858/6355 3196/4854/6354
f 3196/4854/6354 3200/4858/6355 3195/4853/6356
f 3200/4858/6355 3201/4859/6357 3195/4853/6356
f 3194/4852/6350 3195/4853/6356 3198/4856/6351
f 3201/4859/6357 3198/4856/6351 3195/4853/6356
s 793
usemtl lambert7SG
f 3203/4860/6358 3205/4861/6359 3209/4867/6360
f 3209/4867/6360 3205/4861/6359 3208/4866/6361
f 3205/4861/6359 3204/4862/6362 3208/4866/6361
f 3208/4866/6361 3204/4862/6362 3207/4865/6363
f 3203/4860/6358 3209/4867/6360 3202/4863/6364
f 3209/4867/6360 3206/4864/6365 3202/4863/6364
f 3204/4862/6362 3202/4863/6364 3207/4865/6363
f 3206/4864/6365 3207/4865/6363 3202/4863/6364
s 794
usemtl lambert6SG
f 3197/4869/6366 3203/4870/6367 3194/4868/6368
f 3194/4868/6368 3203/4870/6367 3202/4871/6369
s 795
f 3194/4872/6370 3202/4863/6371 3195/4873/6372
f 3195/4873/6372 3202/4863/6371 3204/4862/6373
s 796
f 3204/4875/6374 3205/4876/6375 3195/4874/6376
f 3195/4874/6376 3205/4876/6375 3196/4877/6377
s 797
f 3196/4877/6378 3205/4861/6379 3197/4869/6380
f 3197/4869/6380 3205/4861/6379 3203/4860/6381
s 798
usemtl phong3SG
f 3199/4878/6382 3209/4879/6383 3200/4881/6384
f 3200/4881/6384 3209/4879/6383 3208/4880/6385
s 799
f 3200/4882/6386 3208/4883/6387 3201/4885/6388
f 3201/4885/6388 3208/4883/6387 3207/4884/6389
s 800
f 3206/4887/6390 3209/4888/6391 3198/4886/6392
f 3198/4886/6392 3209/4888/6391 3199/4889/6393
s 801
f 3198/4890/6394 3201/4891/6395 3206/4893/6396
f 3206/4893/6396 3201/4891/6395 3207/4892/6397
s 802
usemtl phong5SG
f 3210/4894/6398 3211/4895/6399 3214/4898/6400
f 3211/4895/6399 3212/4896/6401 3214/4898/6400
f 3212/4896/6401 3213/4897/6402 3214/4898/6400
s 803
f 3231/4901/6403 3230/4902/6404 3241/4900/6405
f 3241/4900/6405 3230/4902/6404 3228/4899/6406
f 3228/4899/6406 3230/4902/6404 3229/4903/6407
s 804
f 3234/4908/6408 3233/4904/6409 3245/4907/6410
f 3233/4904/6409 3243/4905/6411 3245/4907/6410
f 3243/4905/6411 3244/4906/6412 3245/4907/6410
f 3244/4906/6412 3256/4911/6413 3245/4907/6410
f 3246/4910/6414 3245/4907/6410 3273/4909/6415
f 3273/4909/6415 3245/4907/6410 3256/4911/6413
f 3247/4913/6416 3235/4914/6417 3246/4910/6414
f 3245/4907/6410 3246/4910/6414 3234/4912/6418
f 3234/4912/6418 3246/4910/6414 3235/4914/6417
f 3249/4916/6419 3250/4917/6420 3237/4915/6421
f 3238/4919/6422 3237/4915/6421 3251/4918/6423
f 3237/4915/6421 3250/4917/6420 3251/4918/6423
f 3252/4921/6424 3251/4918/6423 3261/4920/6425
f 3250/4917/6420 3263/4922/6426 3251/4918/6423
f 3261/4920/6425 3251/4918/6423 3263/4922/6426
f 3239/4925/6427 3238/4923/6428 3253/4924/6429
f 3238/4923/6428 3251/4918/6423 3253/4924/6429
f 3251/4918/6423 3252/4921/6424 3253/4924/6429
s 810
f 3228/4939/6430 3229/4940/6431 3227/4938/6432
f 3212/4896/6433 3215/4926/6434 3213/4897/6435
f 3227/4938/6432 3229/4940/6431 3226/4937/6436
f 3215/4926/6434 3216/4927/6437 3213/4897/6435
f 3226/4937/6436 3229/4940/6431 3225/4936/6438
f 3216/4927/6437 3217/4928/6439 3213/4897/6435
f 3225/4936/6438 3229/4940/6431 3224/4935/6440
f 3229/4940/6431 3213/4897/6435 3224/4935/6440
f 3224/4935/6440 3213/4897/6435 3223/4934/6441
f 3223/4934/6441 3213/4897/6435 3222/4933/6442
f 3222/4933/6442 3213/4897/6435 3221/4932/6443
f 3221/4932/6443 3213/4897/6435 3220/4931/6444
f 3220/4931/6444 3213/4897/6435 3219/4930/6445
f 3219/4930/6445 3213/4897/6435 3218/4929/6446
f 3217/4928/6439 3218/4929/6446 3213/4897/6435
s 812
f 3213/4897/6447 3229/4903/6448 3214/4898/6449
f 3214/4898/6449 3229/4903/6448 3230/4902/6450
s 804
f 3244/4906/6412 3243/4905/6411 3272/4941/6451
f 3272/4941/6451 3243/4905/6411 3274/4942/6452
f 3235/4914/6417 3247/4913/6416 3236/4944/6453
f 3236/4944/6453 3247/4913/6416 3248/4943/6454
f 3269/4945/6455 3247/4913/6416 3271/4946/6456
f 3271/4946/6456 3247/4913/6416 3246/4910/6414
f 3248/4943/6454 3249/4916/6419 3236/4944/6453
f 3236/4944/6453 3249/4916/6419 3237/4915/6421
f 3267/4947/6457 3248/4943/6454 3269/4945/6455
f 3269/4945/6455 3248/4943/6454 3247/4913/6416
f 3249/4916/6419 3248/4943/6454 3266/4948/6458
f 3266/4948/6458 3248/4943/6454 3267/4947/6457
f 3250/4917/6420 3249/4916/6419 3265/4949/6459
f 3265/4949/6459 3249/4916/6419 3266/4948/6458
f 3258/4950/6460 3253/4924/6429 3259/4951/6461
f 3259/4951/6461 3253/4924/6429 3252/4921/6424
s 815
f 3210/4894/6462 3214/4898/6463 3240/4962/6464
f 3240/4962/6464 3214/4898/6463 3281/4961/6465
f 3281/4961/6465 3214/4898/6463 3280/4960/6466
f 3214/4898/6463 3230/4952/6467 3280/4960/6466
f 3280/4960/6466 3230/4952/6467 3279/4959/6468
f 3279/4959/6468 3230/4952/6467 3278/4958/6469
f 3278/4958/6469 3230/4952/6467 3277/4957/6470
f 3277/4957/6470 3230/4952/6467 3276/4956/6471
f 3276/4956/6471 3230/4952/6467 3275/4955/6472
f 3231/4953/6473 3232/4954/6474 3230/4952/6467
f 3230/4952/6467 3232/4954/6474 3275/4955/6472
s 804
f 3268/4966/6475 3274/4942/6452 3260/4965/6476
f 3274/4942/6452 3243/4905/6411 3260/4965/6476
f 3260/4965/6476 3243/4905/6411 3262/4964/6477
f 3243/4905/6411 3233/4963/6478 3262/4964/6477
f 3257/4970/6479 3254/4967/6480 3258/4950/6460
f 3254/4967/6480 3255/4968/6481 3258/4950/6460
f 3255/4968/6481 3239/4969/6482 3258/4950/6460
f 3239/4969/6482 3253/4924/6429 3258/4950/6460
s off
f 3270/4971/6483 3242/4972/6484 3264/4973/6485
s 804
f 3256/4911/6413 3244/4906/6412 3272/4941/6451
f 3271/4946/6456 3246/4910/6414 3273/4909/6415
f 3263/4922/6426 3250/4917/6420 3265/4949/6459
f 3259/4951/6461 3252/4921/6424 3261/4920/6425
s 817
usemtl lambert6SG
f 3282/4974/6486 3283/4975/6487 3285/4977/6488
f 3285/4977/6488 3283/4975/6487 3284/4976/6489
s 818
f 3282/4978/6490 3286/4979/6491 3283/4981/6492
f 3283/4981/6492 3286/4979/6491 3292/4980/6493
s 819
f 3284/4976/6494 3293/4982/6495 3285/4977/6496
f 3285/4977/6496 3293/4982/6495 3287/4983/6497
s 820
f 3286/4979/6498 3287/4983/6499 3292/4980/6500
f 3292/4980/6500 3287/4983/6499 3293/4982/6501
s 821
f 3290/4984/6502 3296/4985/6503 3291/4987/6504
f 3291/4987/6504 3296/4985/6503 3295/4986/6505
s 822
f 3288/4988/6506 3291/4989/6507 3294/4991/6508
f 3294/4991/6508 3291/4989/6507 3295/4990/6509
s 823
f 3289/4992/6510 3297/4993/6511 3290/4984/6512
f 3290/4984/6512 3297/4993/6511 3296/4985/6513
s 824
f 3288/4988/6514 3294/4991/6515 3289/4992/6516
f 3289/4992/6516 3294/4991/6515 3297/4993/6517
s 825
f 3282/4974/6518 3285/4977/6519 3286/4995/6520
f 3286/4995/6520 3288/4996/6521 3287/4994/6522
f 3288/4996/6521 3289/4997/6523 3287/4994/6522
f 3287/4994/6522 3289/4997/6523 3285/4977/6519
f 3289/4997/6523 3290/4998/6524 3285/4977/6519
f 3290/4998/6524 3291/4999/6525 3285/4977/6519
f 3285/4977/6519 3291/4999/6525 3286/4995/6520
f 3291/4999/6525 3288/4996/6521 3286/4995/6520
s 827
f 3283/5000/6526 3292/5001/6527 3284/5003/6528
f 3284/5003/6528 3292/5001/6527 3295/5005/6529
f 3295/5005/6529 3296/5006/6530 3284/5003/6528
f 3284/5003/6528 3296/5006/6530 3293/5002/6531
f 3296/5006/6530 3297/5007/6532 3293/5002/6531
f 3295/5005/6529 3292/5001/6527 3294/5004/6533
f 3293/5002/6531 3297/5007/6532 3292/5001/6527
f 3292/5001/6527 3297/5007/6532 3294/5004/6533
s 828
usemtl phong5SG
f 3298/5008/6534 3300/5011/6535 3299/5009/6536
f 3299/5009/6536 3300/5011/6535 3301/5010/6537
s 829
f 3300/5011/6538 3302/5013/6539 3301/5010/6540
f 3301/5010/6540 3302/5013/6539 3303/5012/6541
s 830
f 3302/5013/6542 3304/5015/6543 3303/5012/6544
f 3303/5012/6544 3304/5015/6543 3305/5014/6545
s 831
f 3304/5015/6546 3298/5017/6547 3305/5014/6548
f 3305/5014/6548 3298/5017/6547 3299/5016/6549
s 832
f 3299/5009/6550 3301/5010/6551 3305/5018/6552
f 3305/5018/6552 3301/5010/6551 3303/5019/6553
s 833
f 3304/5020/6554 3302/5021/6555 3298/5008/6556
f 3298/5008/6556 3302/5021/6555 3300/5011/6557
s 834
usemtl phong3SG
f 3306/5022/6558 3307/5023/6559 3308/5025/6560
f 3308/5025/6560 3307/5023/6559 3309/5024/6561
s 835
f 3308/5025/6562 3309/5024/6563 3310/5027/6564
f 3310/5027/6564 3309/5024/6563 3311/5026/6565
s 836
f 3310/5027/6566 3311/5026/6567 3312/5029/6568
f 3312/5029/6568 3311/5026/6567 3313/5028/6569
s 837
f 3312/5029/6570 3313/5028/6571 3306/5031/6572
f 3306/5031/6572 3313/5028/6571 3307/5030/6573
s 838
f 3307/5023/6574 3313/5032/6575 3309/5024/6576
f 3309/5024/6576 3313/5032/6575 3311/5033/6577
s 839
f 3312/5034/6578 3306/5022/6579 3310/5035/6580
f 3310/5035/6580 3306/5022/6579 3308/5025/6581
s 840
usemtl lambert6SG
f 3314/5036/6582 3315/5037/6583 3316/5039/6584
f 3316/5039/6584 3315/5037/6583 3317/5038/6585
s 841
f 3316/5039/6586 3317/5038/6587 3318/5041/6588
f 3318/5041/6588 3317/5038/6587 3319/5040/6589
s 842
f 3318/5041/6590 3319/5040/6591 3320/5043/6592
f 3320/5043/6592 3319/5040/6591 3321/5042/6593
s 843
f 3320/5043/6594 3321/5042/6595 3314/5045/6596
f 3314/5045/6596 3321/5042/6595 3315/5044/6597
s 844
f 3315/5037/6598 3321/5046/6599 3317/5038/6600
f 3317/5038/6600 3321/5046/6599 3319/5047/6601
s 845
f 3320/5048/6602 3314/5036/6603 3318/5049/6604
f 3318/5049/6604 3314/5036/6603 3316/5039/6605
s 846
usemtl phong1SG
f 3324/5050/6606 3322/5051/6607 3325/5053/6608
f 3325/5053/6608 3322/5051/6607 3323/5052/6609
f 3325/5053/6608 3323/5052/6609 3327/5055/6610
f 3327/5055/6610 3323/5052/6609 3326/5054/6611
f 3327/5055/6610 3326/5054/6611 3329/5057/6612
f 3329/5057/6612 3326/5054/6611 3328/5056/6613
f 3329/5057/6612 3328/5056/6613 3331/5059/6614
f 3331/5059/6614 3328/5056/6613 3330/5058/6615
f 3331/5060/6614 3330/5061/6615 3333/5063/6616
f 3333/5063/6616 3330/5061/6615 3332/5062/6617
f 3333/5063/6616 3332/5064/6617 3335/5066/6618
f 3335/5066/6618 3332/5064/6617 3334/5065/6619
f 3335/5066/6618 3334/5065/6619 3337/5068/6620
f 3337/5068/6620 3334/5065/6619 3336/5067/6621
s 847
f 3340/5069/6622 3341/5070/6623 3338/5072/6624
f 3338/5072/6624 3341/5070/6623 3339/5071/6625
s 848
f 3350/5073/6626 3349/5074/6627 3351/5076/6628
f 3351/5076/6628 3349/5074/6627 3352/5075/6629
f 3349/5074/6627 3348/5077/6630 3352/5075/6629
f 3352/5075/6629 3348/5077/6630 3353/5078/6631
f 3348/5077/6630 3347/5079/6632 3353/5078/6631
f 3353/5078/6631 3347/5079/6632 3354/5080/6633
f 3347/5079/6632 3346/5081/6634 3354/5080/6633
f 3354/5080/6633 3346/5081/6634 3355/5082/6635
f 3346/5081/6634 3345/5083/6636 3355/5082/6635
f 3355/5082/6635 3345/5083/6636 3356/5084/6637
f 3345/5083/6636 3344/5085/6638 3356/5084/6637
f 3356/5084/6637 3344/5085/6638 3357/5086/6639
f 3344/5085/6638 3343/5087/6640 3357/5086/6639
f 3357/5086/6639 3343/5087/6640 3358/5088/6641
f 3343/5087/6640 3342/5089/6642 3358/5088/6641
f 3358/5088/6641 3342/5089/6642 3359/5090/6643
f 3338/5091/6644 3339/5092/6645 3342/5089/6642
f 3342/5089/6642 3339/5092/6645 3359/5090/6643
f 3350/5093/6626 3351/5094/6628 3360/5096/6646
f 3360/5096/6646 3351/5094/6628 3369/5095/6647
f 3368/5097/6648 3377/5098/6649 3340/5069/6650
f 3340/5069/6650 3377/5098/6649 3341/5070/6651
f 3339/5092/6652 3341/5099/6653 3359/5090/6654
f 3359/5090/6654 3341/5099/6653 3377/5100/6655
f 3340/5101/6656 3338/5091/6657 3368/5102/6658
f 3368/5102/6658 3338/5091/6657 3342/5089/6659
f 3358/5088/6660 3359/5090/6654 3376/5103/6661
f 3376/5103/6661 3359/5090/6654 3377/5100/6655
f 3357/5086/6662 3358/5088/6660 3375/5104/6663
f 3375/5104/6663 3358/5088/6660 3376/5103/6661
f 3356/5084/6664 3357/5086/6662 3374/5105/6665
f 3374/5105/6665 3357/5086/6662 3375/5104/6663
f 3355/5082/6666 3356/5084/6664 3373/5106/6667
f 3373/5106/6667 3356/5084/6664 3374/5105/6665
f 3354/5080/6668 3355/5082/6666 3372/5108/6669
f 3372/5108/6669 3355/5082/6666 3373/5107/6667
f 3353/5078/6631 3354/5080/6668 3371/5109/6670
f 3371/5109/6670 3354/5080/6668 3372/5108/6669
f 3351/5076/6628 3352/5075/6629 3369/5111/6647
f 3369/5111/6647 3352/5075/6629 3370/5110/6671
f 3352/5075/6629 3353/5078/6631 3370/5110/6671
f 3370/5110/6671 3353/5078/6631 3371/5109/6670
f 3342/5089/6659 3343/5087/6672 3368/5102/6658
f 3368/5102/6658 3343/5087/6672 3367/5112/6673
f 3343/5087/6672 3344/5085/6674 3367/5112/6673
f 3367/5112/6673 3344/5085/6674 3366/5113/6675
f 3344/5085/6674 3345/5083/6676 3366/5113/6675
f 3366/5113/6675 3345/5083/6676 3365/5114/6677
f 3345/5083/6676 3346/5081/6678 3365/5114/6677
f 3365/5114/6677 3346/5081/6678 3364/5115/6679
f 3346/5081/6678 3347/5079/6680 3364/5117/6679
f 3364/5117/6679 3347/5079/6680 3363/5116/6681
f 3347/5079/6680 3348/5077/6630 3363/5116/6681
f 3363/5116/6681 3348/5077/6630 3362/5118/6682
f 3348/5077/6630 3349/5074/6627 3362/5118/6682
f 3362/5118/6682 3349/5074/6627 3361/5119/6683
f 3349/5074/6627 3350/5073/6626 3361/5119/6683
f 3361/5119/6683 3350/5073/6626 3360/5120/6646
f 3368/5097/6648 3367/5121/6684 3377/5098/6649
f 3377/5098/6649 3367/5121/6684 3376/5122/6685
f 3367/5121/6684 3366/5123/6686 3376/5122/6685
f 3376/5122/6685 3366/5123/6686 3375/5124/6687
f 3366/5123/6686 3365/5125/6688 3375/5124/6687
f 3375/5124/6687 3365/5125/6688 3374/5126/6689
f 3365/5125/6688 3364/5117/6690 3374/5126/6689
f 3374/5126/6689 3364/5117/6690 3373/5107/6691
f 3364/5117/6690 3363/5116/6692 3373/5107/6691
f 3373/5107/6691 3363/5116/6692 3372/5108/6693
f 3363/5116/6692 3362/5118/6682 3372/5108/6693
f 3372/5108/6693 3362/5118/6682 3371/5109/6670
f 3362/5118/6682 3361/5119/6683 3371/5109/6670
f 3371/5109/6670 3361/5119/6683 3370/5110/6671
f 3361/5119/6683 3360/5120/6646 3370/5110/6671
f 3370/5110/6671 3360/5120/6646 3369/5111/6647
s 852
usemtl phong5SG
f 3378/5127/6694 3379/5128/6695 3380/5130/6696
f 3380/5130/6696 3379/5128/6695 3381/5129/6697
s 853
f 3380/5130/6698 3381/5129/6699 3382/5132/6700
f 3382/5132/6700 3381/5129/6699 3383/5131/6701
s 854
f 3382/5132/6702 3383/5131/6703 3384/5134/6704
f 3384/5134/6704 3383/5131/6703 3385/5133/6705
s 855
f 3384/5134/6706 3385/5133/6707 3378/5136/6708
f 3378/5136/6708 3385/5133/6707 3379/5135/6709
s 856
f 3379/5128/6710 3385/5137/6711 3381/5129/6712
f 3381/5129/6712 3385/5137/6711 3383/5138/6713
s 857
f 3384/5139/6714 3378/5127/6715 3382/5140/6716
f 3382/5140/6716 3378/5127/6715 3380/5130/6717
s 858
f 3386/5141/6718 3387/5142/6719 3388/5144/6720
f 3388/5144/6720 3387/5142/6719 3389/5143/6721
s 859
f 3388/5144/6722 3389/5143/6723 3390/5146/6724
f 3390/5146/6724 3389/5143/6723 3391/5145/6725
s 860
f 3390/5146/6726 3391/5145/6727 3392/5148/6728
f 3392/5148/6728 3391/5145/6727 3393/5147/6729
s 861
f 3392/5148/6730 3393/5147/6731 3386/5150/6732
f 3386/5150/6732 3393/5147/6731 3387/5149/6733
s 862
f 3387/5142/6734 3393/5151/6735 3389/5143/6736
f 3389/5143/6736 3393/5151/6735 3391/5152/6737
s 863
f 3392/5153/6738 3386/5141/6739 3390/5154/6740
f 3390/5154/6740 3386/5141/6739 3388/5144/6741
s 864
usemtl phong7SG
f 3396/5155/6742 3397/5156/6743 3398/5158/6744
f 3398/5158/6744 3397/5156/6743 3399/5157/6745
s 865
f 3398/5158/6746 3399/5157/6747 3400/5160/6748
f 3400/5160/6748 3399/5157/6747 3401/5159/6749
s 866
f 3400/5160/6750 3401/5159/6751 3394/5162/6752
f 3394/5162/6752 3401/5159/6751 3395/5161/6753
s 867
f 3400/5163/6754 3394/5164/6755 3398/5165/6756
f 3398/5165/6756 3394/5164/6755 3396/5155/6757
s 868
f 3404/5166/6758 3405/5167/6759 3406/5169/6760
f 3406/5169/6760 3405/5167/6759 3407/5168/6761
s 869
f 3406/5169/6762 3407/5168/6763 3408/5171/6764
f 3408/5171/6764 3407/5168/6763 3409/5170/6765
s 870
f 3408/5171/6766 3409/5170/6767 3402/5173/6768
f 3402/5173/6768 3409/5170/6767 3403/5172/6769
s 871
f 3412/5174/6770 3413/5175/6771 3414/5177/6772
f 3414/5177/6772 3413/5175/6771 3415/5176/6773
s 872
f 3414/5177/6774 3415/5176/6775 3416/5179/6776
f 3416/5179/6776 3415/5176/6775 3417/5178/6777
s 873
f 3416/5179/6778 3417/5178/6779 3410/5181/6780
f 3410/5181/6780 3417/5178/6779 3411/5180/6781
s 874
f 3420/5182/6782 3422/5183/6783 3421/5185/6784
f 3421/5185/6784 3422/5183/6783 3423/5184/6785
s 875
f 3422/5183/6786 3424/5186/6787 3423/5184/6788
f 3423/5184/6788 3424/5186/6787 3425/5187/6789
s 876
f 3424/5186/6790 3418/5188/6791 3425/5187/6792
f 3425/5187/6792 3418/5188/6791 3419/5189/6793
s 877
f 3414/5177/6794 3428/5190/6795 3412/5174/6796
f 3412/5174/6796 3428/5190/6795 3429/5191/6797
s 878
f 3414/5177/6798 3416/5179/6799 3428/5190/6800
f 3428/5190/6800 3416/5179/6799 3427/5192/6801
s 879
f 3416/5179/6802 3410/5181/6803 3427/5192/6804
f 3427/5192/6804 3410/5181/6803 3426/5193/6805
f 3427/5192/6804 3426/5193/6805 3431/5195/6806
f 3431/5195/6806 3426/5193/6805 3430/5194/6807
s 878
f 3428/5190/6800 3427/5192/6801 3432/5196/6808
f 3432/5196/6808 3427/5192/6801 3431/5195/6809
s 877
f 3428/5190/6795 3432/5196/6810 3429/5191/6797
f 3429/5191/6797 3432/5196/6810 3433/5197/6811
s 879
f 3431/5195/6806 3430/5194/6807 3435/5199/6812
f 3435/5199/6812 3430/5194/6807 3434/5198/6813
s 878
f 3432/5196/6808 3431/5195/6809 3436/5200/6814
f 3436/5200/6814 3431/5195/6809 3435/5199/6815
s 877
f 3432/5196/6810 3436/5200/6816 3433/5197/6811
f 3433/5197/6811 3436/5200/6816 3437/5201/6817
s 879
f 3435/5199/6812 3434/5198/6813 3439/5203/6818
f 3439/5203/6818 3434/5198/6813 3438/5202/6819
s 878
f 3436/5200/6814 3435/5199/6815 3440/5204/6820
f 3440/5204/6820 3435/5199/6815 3439/5203/6821
s 877
f 3436/5200/6816 3440/5204/6822 3437/5201/6817
f 3437/5201/6817 3440/5204/6822 3441/5205/6823
s 879
f 3439/5203/6818 3438/5202/6819 3443/5207/6824
f 3443/5207/6824 3438/5202/6819 3442/5206/6825
s 878
f 3440/5204/6820 3439/5203/6821 3444/5208/6826
f 3444/5208/6826 3439/5203/6821 3443/5207/6827
s 877
f 3440/5204/6822 3444/5208/6828 3441/5205/6823
f 3441/5205/6823 3444/5208/6828 3445/5209/6829
s 879
f 3443/5207/6824 3442/5206/6825 3447/5211/6830
f 3447/5211/6830 3442/5206/6825 3446/5210/6831
s 878
f 3444/5208/6826 3443/5207/6827 3448/5212/6832
f 3448/5212/6832 3443/5207/6827 3447/5211/6833
s 877
f 3445/5209/6829 3444/5208/6828 3449/5213/6834
f 3449/5213/6834 3444/5208/6828 3448/5212/6835
s 879
f 3446/5210/6831 3450/5214/6836 3447/5211/6830
f 3447/5211/6830 3450/5214/6836 3451/5215/6837
s 878
f 3448/5212/6832 3447/5211/6833 3452/5216/6838
f 3452/5216/6838 3447/5211/6833 3451/5215/6839
s 877
f 3449/5213/6834 3448/5212/6835 3453/5217/6840
f 3453/5217/6840 3448/5212/6835 3452/5216/6841
s 879
f 3450/5214/6836 3454/5218/6842 3451/5215/6837
f 3451/5215/6837 3454/5218/6842 3455/5219/6843
s 878
f 3452/5216/6838 3451/5215/6839 3456/5220/6844
f 3456/5220/6844 3451/5215/6839 3455/5219/6845
s 877
f 3453/5217/6840 3452/5216/6841 3457/5221/6846
f 3457/5221/6846 3452/5216/6841 3456/5220/6847
s 879
f 3454/5218/6842 3458/5222/6848 3455/5219/6843
f 3455/5219/6843 3458/5222/6848 3459/5223/6849
s 878
f 3456/5220/6844 3455/5219/6845 3460/5224/6850
f 3460/5224/6850 3455/5219/6845 3459/5223/6851
s 877
f 3457/5221/6846 3456/5220/6847 3461/5225/6852
f 3461/5225/6852 3456/5220/6847 3460/5224/6853
s 879
f 3458/5222/6848 3462/5226/6854 3459/5223/6849
f 3459/5223/6849 3462/5226/6854 3463/5227/6855
s 878
f 3460/5224/6850 3459/5223/6851 3464/5228/6856
f 3464/5228/6856 3459/5223/6851 3463/5227/6857
s 877
f 3461/5225/6852 3460/5224/6853 3465/5229/6858
f 3465/5229/6858 3460/5224/6853 3464/5228/6859
s 879
f 3462/5226/6854 3466/5230/6860 3463/5227/6855
f 3463/5227/6855 3466/5230/6860 3467/5231/6861
s 878
f 3464/5228/6856 3463/5227/6857 3468/5232/6862
f 3468/5232/6862 3463/5227/6857 3467/5231/6863
s 877
f 3465/5229/6858 3464/5228/6859 3469/5233/6864
f 3469/5233/6864 3464/5228/6859 3468/5232/6865
s 879
f 3466/5230/6860 3418/5188/6866 3467/5231/6861
f 3467/5231/6861 3418/5188/6866 3424/5186/6867
s 878
f 3468/5232/6862 3467/5231/6863 3422/5183/6868
f 3422/5183/6868 3467/5231/6863 3424/5186/6869
s 877
f 3469/5233/6864 3468/5232/6865 3420/5182/6870
f 3420/5182/6870 3468/5232/6865 3422/5183/6871
s 880
f 3406/5169/6872 3472/5234/6873 3404/5166/6874
f 3404/5166/6874 3472/5234/6873 3473/5235/6875
s 881
f 3406/5169/6876 3408/5171/6877 3472/5234/6878
f 3472/5234/6878 3408/5171/6877 3471/5236/6879
s 882
f 3408/5171/6880 3402/5173/6881 3471/5236/6882
f 3471/5236/6882 3402/5173/6881 3470/5237/6883
f 3471/5236/6882 3470/5237/6883 3475/5239/6884
f 3475/5239/6884 3470/5237/6883 3474/5238/6885
s 881
f 3472/5234/6878 3471/5236/6879 3476/5240/6886
f 3476/5240/6886 3471/5236/6879 3475/5239/6887
s 880
f 3472/5234/6873 3476/5240/6888 3473/5235/6875
f 3473/5235/6875 3476/5240/6888 3477/5241/6889
s 882
f 3475/5239/6884 3474/5238/6885 3479/5243/6890
f 3479/5243/6890 3474/5238/6885 3478/5242/6891
s 881
f 3476/5240/6886 3475/5239/6887 3480/5244/6892
f 3480/5244/6892 3475/5239/6887 3479/5243/6893
s 880
f 3476/5240/6888 3480/5244/6894 3477/5241/6889
f 3477/5241/6889 3480/5244/6894 3481/5245/6895
s 882
f 3479/5243/6890 3478/5242/6891 3483/5247/6896
f 3483/5247/6896 3478/5242/6891 3482/5246/6897
s 881
f 3480/5244/6892 3479/5243/6893 3484/5248/6898
f 3484/5248/6898 3479/5243/6893 3483/5247/6899
s 880
f 3480/5244/6894 3484/5248/6900 3481/5245/6895
f 3481/5245/6895 3484/5248/6900 3485/5249/6901
s 882
f 3483/5247/6896 3482/5246/6897 3487/5251/6902
f 3487/5251/6902 3482/5246/6897 3486/5250/6903
s 881
f 3484/5248/6898 3483/5247/6899 3488/5252/6904
f 3488/5252/6904 3483/5247/6899 3487/5251/6905
s 880
f 3484/5248/6900 3488/5252/6906 3485/5249/6901
f 3485/5249/6901 3488/5252/6906 3489/5253/6907
s 882
f 3487/5251/6902 3486/5250/6903 3491/5255/6908
f 3491/5255/6908 3486/5250/6903 3490/5254/6909
s 881
f 3488/5252/6904 3487/5251/6905 3492/5256/6910
f 3492/5256/6910 3487/5251/6905 3491/5255/6911
s 880
f 3488/5252/6906 3492/5256/6912 3489/5253/6907
f 3489/5253/6907 3492/5256/6912 3493/5257/6913
s 882
f 3490/5254/6909 3494/5258/6914 3491/5255/6908
f 3491/5255/6908 3494/5258/6914 3495/5259/6915
s 881
f 3492/5256/6910 3491/5255/6911 3496/5260/6916
f 3496/5260/6916 3491/5255/6911 3495/5259/6917
s 880
f 3493/5257/6913 3492/5256/6912 3497/5261/6918
f 3497/5261/6918 3492/5256/6912 3496/5260/6919
s 882
f 3494/5258/6914 3498/5262/6920 3495/5259/6915
f 3495/5259/6915 3498/5262/6920 3499/5263/6921
s 881
f 3496/5260/6916 3495/5259/6917 3500/5264/6922
f 3500/5264/6922 3495/5259/6917 3499/5263/6923
s 880
f 3497/5261/6918 3496/5260/6919 3501/5265/6924
f 3501/5265/6924 3496/5260/6919 3500/5264/6925
s 882
f 3498/5262/6920 3502/5266/6926 3499/5263/6921
f 3499/5263/6921 3502/5266/6926 3503/5267/6927
s 881
f 3500/5264/6922 3499/5263/6923 3504/5268/6928
f 3504/5268/6928 3499/5263/6923 3503/5267/6929
s 880
f 3501/5265/6924 3500/5264/6925 3505/5269/6930
f 3505/5269/6930 3500/5264/6925 3504/5268/6931
s 882
f 3502/5266/6926 3506/5270/6932 3503/5267/6927
f 3503/5267/6927 3506/5270/6932 3507/5271/6933
s 881
f 3504/5268/6928 3503/5267/6929 3508/5272/6934
f 3508/5272/6934 3503/5267/6929 3507/5271/6935
s 880
f 3505/5269/6930 3504/5268/6931 3509/5273/6936
f 3509/5273/6936 3504/5268/6931 3508/5272/6937
s 882
f 3506/5270/6932 3510/5274/6938 3507/5271/6933
f 3507/5271/6933 3510/5274/6938 3511/5275/6939
s 881
f 3508/5272/6934 3507/5271/6935 3512/5276/6940
f 3512/5276/6940 3507/5271/6935 3511/5275/6941
s 880
f 3509/5273/6936 3508/5272/6937 3513/5277/6942
f 3513/5277/6942 3508/5272/6937 3512/5276/6943
s 882
f 3510/5274/6938 3411/5180/6944 3511/5275/6939
f 3511/5275/6939 3411/5180/6944 3417/5178/6945
s 881
f 3512/5276/6940 3511/5275/6941 3415/5176/6946
f 3415/5176/6946 3511/5275/6941 3417/5178/6947
s 880
f 3513/5277/6942 3512/5276/6943 3413/5175/6948
f 3413/5175/6948 3512/5276/6943 3415/5176/6949
s 883
f 3401/5159/6950 3516/5278/6951 3395/5161/6952
f 3395/5161/6952 3516/5278/6951 3517/5279/6953
s 884
f 3401/5159/6954 3399/5157/6955 3516/5278/6956
f 3516/5278/6956 3399/5157/6955 3515/5280/6957
s 885
f 3399/5157/6958 3397/5156/6959 3515/5280/6960
f 3515/5280/6960 3397/5156/6959 3514/5281/6961
f 3515/5280/6960 3514/5281/6961 3519/5283/6962
f 3519/5283/6962 3514/5281/6961 3518/5282/6963
s 884
f 3516/5278/6956 3515/5280/6957 3520/5284/6964
f 3520/5284/6964 3515/5280/6957 3519/5283/6965
s 883
f 3516/5278/6951 3520/5284/6966 3517/5279/6953
f 3517/5279/6953 3520/5284/6966 3521/5285/6967
s 885
f 3519/5283/6962 3518/5282/6963 3523/5287/6968
f 3523/5287/6968 3518/5282/6963 3522/5286/6969
s 884
f 3520/5284/6964 3519/5283/6965 3524/5288/6970
f 3524/5288/6970 3519/5283/6965 3523/5287/6971
s 883
f 3520/5284/6966 3524/5288/6972 3521/5285/6967
f 3521/5285/6967 3524/5288/6972 3525/5289/6973
s 885
f 3523/5287/6968 3522/5286/6969 3527/5291/6974
f 3527/5291/6974 3522/5286/6969 3526/5290/6975
s 884
f 3524/5288/6970 3523/5287/6971 3528/5292/6976
f 3528/5292/6976 3523/5287/6971 3527/5291/6977
s 883
f 3524/5288/6972 3528/5292/6978 3525/5289/6973
f 3525/5289/6973 3528/5292/6978 3529/5293/6979
s 885
f 3527/5291/6974 3526/5290/6975 3531/5295/6980
f 3531/5295/6980 3526/5290/6975 3530/5294/6981
s 884
f 3528/5292/6976 3527/5291/6977 3532/5296/6982
f 3532/5296/6982 3527/5291/6977 3531/5295/6983
s 883
f 3528/5292/6978 3532/5296/6984 3529/5293/6979
f 3529/5293/6979 3532/5296/6984 3533/5297/6985
s 885
f 3531/5295/6980 3530/5294/6981 3535/5299/6986
f 3535/5299/6986 3530/5294/6981 3534/5298/6987
s 884
f 3532/5296/6982 3531/5295/6983 3536/5300/6988
f 3536/5300/6988 3531/5295/6983 3535/5299/6989
s 883
f 3532/5296/6984 3536/5300/6990 3533/5297/6985
f 3533/5297/6985 3536/5300/6990 3537/5301/6991
s 885
f 3534/5298/6987 3538/5302/6992 3535/5299/6986
f 3535/5299/6986 3538/5302/6992 3539/5303/6993
s 884
f 3536/5300/6988 3535/5299/6989 3540/5304/6994
f 3540/5304/6994 3535/5299/6989 3539/5303/6995
s 883
f 3537/5301/6991 3536/5300/6990 3541/5305/6996
f 3541/5305/6996 3536/5300/6990 3540/5304/6997
s 885
f 3538/5302/6992 3542/5306/6998 3539/5303/6993
f 3539/5303/6993 3542/5306/6998 3543/5307/6999
s 884
f 3539/5303/6995 3543/5307/7000 3540/5304/6994
f 3540/5304/6994 3543/5307/7000 3544/5308/7001
s 883
f 3541/5305/6996 3540/5304/6997 3545/5309/7002
f 3545/5309/7002 3540/5304/6997 3544/5308/7003
s 885
f 3542/5306/6998 3546/5310/7004 3543/5307/6999
f 3543/5307/6999 3546/5310/7004 3547/5311/7005
s 884
f 3543/5307/7000 3547/5311/7006 3544/5308/7001
f 3544/5308/7001 3547/5311/7006 3548/5312/7007
s 883
f 3545/5309/7002 3544/5308/7003 3549/5313/7008
f 3549/5313/7008 3544/5308/7003 3548/5312/7009
s 885
f 3546/5310/7004 3550/5314/7010 3547/5311/7005
f 3547/5311/7005 3550/5314/7010 3551/5315/7011
s 884
f 3547/5311/7006 3551/5315/7012 3548/5312/7007
f 3548/5312/7007 3551/5315/7012 3552/5316/7013
s 883
f 3549/5313/7008 3548/5312/7009 3553/5317/7014
f 3553/5317/7014 3548/5312/7009 3552/5316/7015
s 885
f 3550/5314/7010 3554/5318/7016 3551/5315/7011
f 3551/5315/7011 3554/5318/7016 3555/5319/7017
s 884
f 3552/5316/7013 3551/5315/7012 3556/5320/7018
f 3556/5320/7018 3551/5315/7012 3555/5319/7019
s 883
f 3553/5317/7014 3552/5316/7015 3557/5321/7020
f 3557/5321/7020 3552/5316/7015 3556/5320/7021
s 885
f 3554/5318/7016 3421/5185/7022 3555/5319/7017
f 3555/5319/7017 3421/5185/7022 3423/5184/7023
s 884
f 3556/5320/7018 3555/5319/7019 3425/5187/7024
f 3425/5187/7024 3555/5319/7019 3423/5184/7025
s 883
f 3557/5321/7020 3556/5320/7021 3419/5189/7026
f 3419/5189/7026 3556/5320/7021 3425/5187/7027
s 886
f 3560/5322/7028 3561/5323/7029 3562/5325/7030
f 3562/5325/7030 3561/5323/7029 3563/5324/7031
s 887
f 3562/5325/7032 3563/5324/7033 3564/5327/7034
f 3564/5327/7034 3563/5324/7033 3565/5326/7035
s 888
f 3564/5327/7036 3565/5326/7037 3558/5329/7038
f 3558/5329/7038 3565/5326/7037 3559/5328/7039
s 889
f 3559/5330/7040 3565/5331/7041 3561/5323/7042
f 3561/5323/7042 3565/5331/7041 3563/5332/7043
s 890
f 3567/5333/7044 3568/5334/7045 3569/5336/7046
f 3569/5336/7046 3568/5334/7045 3570/5335/7047
s 891
f 3569/5336/7048 3570/5335/7049 3571/5338/7050
f 3571/5338/7050 3570/5335/7049 3572/5337/7051
s 892
f 3571/5339/7052 3566/5340/7053 3569/5341/7054
f 3569/5341/7054 3566/5340/7053 3567/5333/7055
s 893
f 3409/5170/7056 3575/5342/7057 3403/5172/7058
f 3403/5172/7058 3575/5342/7057 3576/5343/7059
s 894
f 3409/5170/7060 3407/5168/7061 3575/5342/7062
f 3575/5342/7062 3407/5168/7061 3574/5344/7063
s 895
f 3407/5168/7064 3405/5167/7065 3574/5344/7066
f 3574/5344/7066 3405/5167/7065 3573/5345/7067
f 3574/5344/7066 3573/5345/7067 3578/5347/7068
f 3578/5347/7068 3573/5345/7067 3577/5346/7069
s 894
f 3575/5342/7062 3574/5344/7063 3579/5348/7070
f 3579/5348/7070 3574/5344/7063 3578/5347/7071
s 893
f 3575/5342/7057 3579/5348/7072 3576/5343/7059
f 3576/5343/7059 3579/5348/7072 3580/5349/7073
s 895
f 3578/5347/7068 3577/5346/7069 3582/5351/7074
f 3582/5351/7074 3577/5346/7069 3581/5350/7075
s 894
f 3579/5348/7070 3578/5347/7071 3583/5352/7076
f 3583/5352/7076 3578/5347/7071 3582/5351/7077
s 893
f 3579/5348/7072 3583/5352/7078 3580/5349/7073
f 3580/5349/7073 3583/5352/7078 3584/5353/7079
s 895
f 3582/5351/7074 3581/5350/7075 3586/5355/7080
f 3586/5355/7080 3581/5350/7075 3585/5354/7081
s 894
f 3583/5352/7076 3582/5351/7077 3587/5356/7082
f 3587/5356/7082 3582/5351/7077 3586/5355/7083
s 893
f 3583/5352/7078 3587/5356/7084 3584/5353/7079
f 3584/5353/7079 3587/5356/7084 3588/5357/7085
s 895
f 3586/5355/7080 3585/5354/7081 3590/5359/7086
f 3590/5359/7086 3585/5354/7081 3589/5358/7087
s 894
f 3587/5356/7082 3586/5355/7083 3591/5360/7088
f 3591/5360/7088 3586/5355/7083 3590/5359/7089
s 893
f 3587/5356/7084 3591/5360/7090 3588/5357/7085
f 3588/5357/7085 3591/5360/7090 3592/5361/7091
s 895
f 3590/5359/7086 3589/5358/7087 3594/5363/7092
f 3594/5363/7092 3589/5358/7087 3593/5362/7093
s 894
f 3591/5360/7088 3590/5359/7089 3595/5364/7094
f 3595/5364/7094 3590/5359/7089 3594/5363/7095
s 893
f 3591/5360/7090 3595/5364/7096 3592/5361/7091
f 3592/5361/7091 3595/5364/7096 3596/5365/7097
s 895
f 3593/5362/7093 3597/5366/7098 3594/5363/7092
f 3594/5363/7092 3597/5366/7098 3598/5367/7099
s 894
f 3595/5364/7094 3594/5363/7095 3599/5368/7100
f 3599/5368/7100 3594/5363/7095 3598/5367/7101
s 893
f 3596/5365/7097 3595/5364/7096 3600/5369/7102
f 3600/5369/7102 3595/5364/7096 3599/5368/7103
s 895
f 3597/5366/7098 3601/5370/7104 3598/5367/7099
f 3598/5367/7099 3601/5370/7104 3602/5371/7105
s 894
f 3599/5368/7100 3598/5367/7101 3603/5372/7106
f 3603/5372/7106 3598/5367/7101 3602/5371/7107
s 893
f 3600/5369/7102 3599/5368/7103 3604/5373/7108
f 3604/5373/7108 3599/5368/7103 3603/5372/7109
s 895
f 3601/5370/7104 3605/5374/7110 3602/5371/7105
f 3602/5371/7105 3605/5374/7110 3606/5375/7111
s 894
f 3603/5372/7106 3602/5371/7107 3607/5376/7112
f 3607/5376/7112 3602/5371/7107 3606/5375/7113
s 893
f 3604/5373/7108 3603/5372/7109 3608/5377/7114
f 3608/5377/7114 3603/5372/7109 3607/5376/7115
s 895
f 3605/5374/7110 3609/5378/7116 3606/5375/7111
f 3606/5375/7111 3609/5378/7116 3610/5379/7117
s 894
f 3607/5376/7112 3606/5375/7113 3611/5380/7118
f 3611/5380/7118 3606/5375/7113 3610/5379/7119
s 893
f 3608/5377/7114 3607/5376/7115 3612/5381/7120
f 3612/5381/7120 3607/5376/7115 3611/5380/7121
s 895
f 3609/5378/7116 3613/5382/7122 3610/5379/7117
f 3610/5379/7117 3613/5382/7122 3614/5383/7123
s 894
f 3611/5380/7118 3610/5379/7119 3615/5384/7124
f 3615/5384/7124 3610/5379/7119 3614/5383/7125
s 893
f 3612/5381/7120 3611/5380/7121 3616/5385/7126
f 3616/5385/7126 3611/5380/7121 3615/5384/7127
s 895
f 3613/5382/7122 3560/5322/7128 3614/5383/7123
f 3614/5383/7123 3560/5322/7128 3562/5325/7129
s 894
f 3615/5384/7124 3614/5383/7125 3564/5327/7130
f 3564/5327/7130 3614/5383/7125 3562/5325/7131
s 893
f 3616/5385/7126 3615/5384/7127 3558/5329/7132
f 3558/5329/7132 3615/5384/7127 3564/5327/7133
s 896
usemtl phong3SG
f 3617/5386/7134 3618/5387/7135 3619/5389/7136
f 3619/5389/7136 3618/5387/7135 3620/5388/7137
s 897
f 3619/5389/7138 3620/5388/7139 3621/5391/7140
f 3621/5391/7140 3620/5388/7139 3622/5390/7141
s 898
f 3621/5391/7142 3622/5390/7143 3623/5393/7144
f 3623/5393/7144 3622/5390/7143 3624/5392/7145
s 899
f 3623/5393/7146 3624/5392/7147 3617/5395/7148
f 3617/5395/7148 3624/5392/7147 3618/5394/7149
s 900
f 3618/5387/7150 3624/5396/7151 3620/5388/7152
f 3620/5388/7152 3624/5396/7151 3622/5397/7153
s 901
f 3623/5398/7154 3617/5386/7155 3621/5399/7156
f 3621/5399/7156 3617/5386/7155 3619/5389/7157
s 902
f 3625/5400/7158 3626/5401/7159 3627/5403/7160
f 3627/5403/7160 3626/5401/7159 3628/5402/7161
s 903
f 3627/5403/7162 3628/5402/7163 3629/5405/7164
f 3629/5405/7164 3628/5402/7163 3630/5404/7165
s 904
f 3629/5405/7166 3630/5404/7167 3631/5407/7168
f 3631/5407/7168 3630/5404/7167 3632/5406/7169
s 905
f 3631/5407/7170 3632/5406/7171 3625/5409/7172
f 3625/5409/7172 3632/5406/7171 3626/5408/7173
s 906
f 3626/5401/7174 3632/5410/7175 3628/5402/7176
f 3628/5402/7176 3632/5410/7175 3630/5411/7177
s 907
f 3631/5412/7178 3625/5400/7179 3629/5413/7180
f 3629/5413/7180 3625/5400/7179 3627/5403/7181
s 908
f 3633/5414/7182 3634/5415/7183 3635/5417/7184
f 3635/5417/7184 3634/5415/7183 3636/5416/7185
s 909
f 3635/5417/7186 3636/5416/7187 3637/5419/7188
f 3637/5419/7188 3636/5416/7187 3638/5418/7189
s 910
f 3637/5419/7190 3638/5418/7191 3639/5421/7192
f 3639/5421/7192 3638/5418/7191 3640/5420/7193
s 911
f 3639/5421/7194 3640/5420/7195 3633/5423/7196
f 3633/5423/7196 3640/5420/7195 3634/5422/7197
s 912
f 3634/5415/7198 3640/5424/7199 3636/5416/7200
f 3636/5416/7200 3640/5424/7199 3638/5425/7201
s 913
f 3639/5426/7202 3633/5414/7203 3637/5427/7204
f 3637/5427/7204 3633/5414/7203 3635/5417/7205
s 914
usemtl initialShadingGroup
f 3642/5429/7206 3662/5430/7207 3641/5428/7208
f 3641/5428/7208 3662/5430/7207 3661/5431/7209
f 3642/5429/7206 3643/5432/7210 3662/5430/7207
f 3662/5430/7207 3643/5432/7210 3663/5433/7211
f 3643/5432/7210 3644/5434/7212 3663/5433/7211
f 3663/5433/7211 3644/5434/7212 3664/5435/7213
f 3644/5434/7212 3645/5436/7214 3664/5435/7213
f 3664/5435/7213 3645/5436/7214 3665/5437/7215
f 3646/5438/7216 3666/5439/7217 3645/5436/7214
f 3645/5436/7214 3666/5439/7217 3665/5437/7215
f 3646/5438/7216 3647/5440/7218 3666/5439/7217
f 3666/5439/7217 3647/5440/7218 3667/5441/7219
f 3648/5442/7220 3668/5443/7221 3647/5440/7218
f 3647/5440/7218 3668/5443/7221 3667/5441/7219
f 3648/5442/7220 3649/5444/7222 3668/5443/7221
f 3668/5443/7221 3649/5444/7222 3669/5445/7223
f 3649/5444/7222 3650/5446/7224 3669/5445/7223
f 3669/5445/7223 3650/5446/7224 3670/5447/7225
f 3650/5446/7224 3651/5448/7226 3670/5447/7225
f 3670/5447/7225 3651/5448/7226 3671/5449/7227
f 3651/5448/7226 3652/5450/7228 3671/5449/7227
f 3671/5449/7227 3652/5450/7228 3672/5451/7229
f 3652/5450/7228 3653/5452/7230 3672/5451/7229
f 3672/5451/7229 3653/5452/7230 3673/5453/7231
f 3653/5452/7230 3654/5454/7232 3673/5453/7231
f 3654/5454/7232 3674/5455/7233 3673/5453/7231
f 3654/5454/7232 3655/5456/7234 3674/5455/7233
f 3674/5455/7233 3655/5456/7234 3675/5457/7235
f 3656/5458/7236 3676/5459/7237 3655/5456/7234
f 3655/5456/7234 3676/5459/7237 3675/5457/7235
f 3656/5458/7236 3657/5460/7238 3676/5459/7237
f 3676/5459/7237 3657/5460/7238 3677/5461/7239
f 3658/5462/7240 3678/5463/7241 3657/5460/7238
f 3657/5460/7238 3678/5463/7241 3677/5461/7239
f 3658/5462/7240 3659/5464/7242 3678/5463/7241
f 3678/5463/7241 3659/5464/7242 3679/5465/7243
f 3659/5464/7242 3660/5466/7244 3679/5465/7243
f 3679/5465/7243 3660/5466/7244 3680/5467/7245
f 3660/5466/7244 3641/5468/7208 3680/5467/7245
f 3680/5467/7245 3641/5468/7208 3661/5469/7209
s 919
f 3642/5470/7246 3641/5471/7247 3681/5472/7248
f 3643/5473/7249 3642/5470/7246 3681/5472/7248
f 3644/5474/7250 3643/5473/7249 3681/5472/7248
f 3645/5475/7251 3644/5474/7250 3681/5472/7248
f 3646/5476/7252 3645/5475/7251 3681/5472/7248
f 3647/5477/7253 3646/5476/7252 3681/5472/7248
f 3648/5478/7254 3647/5477/7253 3681/5472/7248
f 3649/5479/7255 3648/5478/7254 3681/5472/7248
f 3650/5480/7256 3649/5479/7255 3681/5472/7248
f 3651/5481/7257 3650/5480/7256 3681/5472/7248
f 3652/5482/7258 3651/5481/7257 3681/5472/7248
f 3653/5483/7259 3652/5482/7258 3681/5472/7248
f 3654/5484/7260 3653/5483/7259 3681/5472/7248
f 3655/5485/7261 3654/5484/7260 3681/5472/7248
f 3656/5486/7262 3655/5485/7261 3681/5472/7248
f 3657/5487/7263 3656/5486/7262 3681/5472/7248
f 3658/5488/7264 3657/5487/7263 3681/5472/7248
f 3659/5489/7265 3658/5488/7264 3681/5472/7248
f 3660/5490/7266 3659/5489/7265 3681/5472/7248
f 3641/5471/7247 3660/5490/7266 3681/5472/7248
s 920
usemtl lambert10SG
f 3661/5491/7267 3662/5492/7268 3682/5493/7269
f 3662/5492/7268 3663/5494/7270 3682/5493/7269
f 3663/5494/7270 3664/5495/7271 3682/5493/7269
f 3664/5495/7271 3665/5496/7272 3682/5493/7269
f 3665/5496/7272 3666/5497/7273 3682/5493/7269
f 3666/5497/7273 3667/5498/7274 3682/5493/7269
usemtl initialShadingGroup
f 3667/5498/7274 3668/5499/7275 3682/5493/7269
f 3668/5499/7275 3669/5500/7276 3682/5493/7269
f 3669/5500/7276 3670/5501/7277 3682/5493/7269
f 3670/5501/7277 3671/5502/7278 3682/5493/7269
f 3671/5502/7278 3672/5503/7279 3682/5493/7269
f 3672/5503/7279 3673/5504/7280 3682/5493/7269
usemtl lambert10SG
f 3673/5504/7280 3674/5505/7281 3682/5493/7269
f 3674/5505/7281 3675/5506/7282 3682/5493/7269
f 3675/5506/7282 3676/5507/7283 3682/5493/7269
f 3676/5507/7283 3677/5508/7284 3682/5493/7269
f 3677/5508/7284 3678/5509/7285 3682/5493/7269
f 3678/5509/7285 3679/5510/7286 3682/5493/7269
f 3679/5510/7286 3680/5511/7287 3682/5493/7269
f 3680/5511/7287 3661/5491/7267 3682/5493/7269
s 921
usemtl initialShadingGroup
f 3683/5512/7288 3684/5513/7289 3685/5515/7290
f 3685/5515/7290 3684/5513/7289 3686/5514/7291
s 922
f 3685/5515/7292 3686/5514/7293 3687/5517/7294
f 3687/5517/7294 3686/5514/7293 3688/5516/7295
s 923
f 3688/5516/7296 3690/5518/7297 3687/5517/7298
f 3687/5517/7298 3690/5518/7297 3689/5519/7299
s 924
f 3690/5518/7300 3684/5520/7301 3689/5519/7302
f 3689/5519/7302 3684/5520/7301 3683/5521/7303
s 925
f 3684/5513/7304 3690/5522/7305 3686/5514/7306
f 3686/5514/7306 3690/5522/7305 3688/5523/7307
s 926
usemtl lambert7SG
f 3689/5524/7308 3683/5512/7309 3687/5525/7310
f 3687/5525/7310 3683/5512/7309 3685/5515/7311
s 927
f 3691/5526/7312 3695/5530/7313 3694/5529/7314
f 3695/5530/7313 3696/5531/7315 3694/5529/7314
f 3694/5529/7314 3696/5531/7315 3693/5528/7316
f 3696/5531/7315 3697/5532/7317 3693/5528/7316
f 3693/5528/7316 3697/5532/7317 3692/5527/7318
f 3697/5532/7317 3698/5533/7319 3692/5527/7318
f 3691/5526/7312 3692/5527/7318 3695/5530/7313
f 3698/5533/7319 3695/5530/7313 3692/5527/7318
s 928
usemtl lambert6SG
f 3700/5534/7320 3702/5535/7321 3706/5541/7322
f 3706/5541/7322 3702/5535/7321 3705/5540/7323
f 3700/5534/7320 3706/5541/7322 3699/5537/7324
f 3706/5541/7322 3703/5538/7325 3699/5537/7324
f 3702/5535/7321 3701/5536/7326 3705/5540/7323
f 3705/5540/7323 3701/5536/7326 3704/5539/7327
f 3701/5536/7326 3699/5537/7324 3704/5539/7327
f 3703/5538/7325 3704/5539/7327 3699/5537/7324
s 929
f 3691/5526/7328 3694/5529/7329 3699/5543/7330
f 3699/5543/7330 3694/5529/7329 3700/5542/7331
s 930
f 3691/5544/7332 3699/5537/7333 3692/5545/7334
f 3692/5545/7334 3699/5537/7333 3701/5536/7335
s 931
f 3692/5527/7336 3701/5546/7337 3693/5528/7338
f 3693/5528/7338 3701/5546/7337 3702/5547/7339
s 932
f 3693/5528/7340 3702/5535/7341 3694/5529/7342
f 3694/5529/7342 3702/5535/7341 3700/5534/7343
s 933
usemtl phong3SG
f 3696/5548/7344 3706/5549/7345 3697/5551/7346
f 3697/5551/7346 3706/5549/7345 3705/5550/7347
s 934
f 3697/5552/7348 3705/5553/7349 3698/5555/7350
f 3698/5555/7350 3705/5553/7349 3704/5554/7351
s 935
f 3695/5556/7352 3703/5557/7353 3696/5559/7354
f 3696/5559/7354 3703/5557/7353 3706/5558/7355
s 936
f 3695/5560/7356 3698/5561/7357 3703/5563/7358
f 3703/5563/7358 3698/5561/7357 3704/5562/7359
s 937
usemtl phong5SG
f 3707/5564/7360 3709/5567/7361 3708/5565/7362
f 3708/5565/7362 3709/5567/7361 3710/5566/7363
s 938
f 3709/5567/7364 3711/5569/7365 3710/5566/7366
f 3710/5566/7366 3711/5569/7365 3712/5568/7367
s 939
f 3711/5569/7368 3713/5571/7369 3712/5568/7370
f 3712/5568/7370 3713/5571/7369 3714/5570/7371
s 940
f 3713/5571/7372 3707/5573/7373 3714/5570/7374
f 3714/5570/7374 3707/5573/7373 3708/5572/7375
s 941
f 3708/5565/7376 3710/5566/7377 3714/5574/7378
f 3714/5574/7378 3710/5566/7377 3712/5575/7379
s 942
f 3713/5576/7380 3711/5577/7381 3707/5564/7382
f 3707/5564/7382 3711/5577/7381 3709/5567/7383
s 943
usemtl phong3SG
f 3715/5578/7384 3716/5579/7385 3718/5581/7386
f 3718/5581/7386 3716/5579/7385 3717/5580/7387
s 944
f 3715/5582/7388 3719/5583/7389 3716/5585/7390
f 3716/5585/7390 3719/5583/7389 3725/5584/7391
s 945
f 3717/5580/7392 3730/5586/7393 3718/5581/7394
f 3718/5581/7394 3730/5586/7393 3724/5587/7395
s 946
f 3719/5583/7396 3724/5587/7397 3725/5584/7398
f 3725/5584/7398 3724/5587/7397 3730/5586/7399
s 947
f 3722/5588/7400 3728/5589/7401 3723/5591/7402
f 3723/5591/7402 3728/5589/7401 3727/5590/7403
s 948
f 3720/5592/7404 3723/5593/7405 3726/5595/7406
f 3726/5595/7406 3723/5593/7405 3727/5594/7407
s 949
f 3721/5596/7408 3729/5597/7409 3722/5588/7410
f 3722/5588/7410 3729/5597/7409 3728/5589/7411
s 950
f 3720/5592/7412 3726/5595/7413 3721/5596/7414
f 3721/5596/7414 3726/5595/7413 3729/5597/7415
s 951
f 3715/5578/7416 3723/5603/7417 3719/5599/7418
f 3723/5603/7417 3720/5600/7419 3719/5599/7418
f 3715/5578/7416 3718/5581/7420 3723/5603/7417
f 3723/5603/7417 3718/5581/7420 3722/5602/7421
f 3718/5581/7420 3724/5598/7422 3722/5602/7421
f 3722/5602/7421 3724/5598/7422 3721/5601/7423
f 3719/5599/7418 3720/5600/7419 3724/5598/7422
f 3720/5600/7419 3721/5601/7423 3724/5598/7422
s 952
f 3725/5604/7424 3726/5606/7425 3716/5579/7426
f 3726/5606/7425 3727/5607/7427 3716/5579/7426
f 3725/5604/7424 3730/5605/7428 3726/5606/7425
f 3726/5606/7425 3730/5605/7428 3729/5609/7429
f 3730/5605/7428 3717/5580/7430 3729/5609/7429
f 3729/5609/7429 3717/5580/7430 3728/5608/7431
f 3716/5579/7426 3727/5607/7427 3717/5580/7430
f 3727/5607/7427 3728/5608/7431 3717/5580/7430
s 953
f 3731/5610/7432 3732/5611/7433 3733/5613/7434
f 3733/5613/7434 3732/5611/7433 3734/5612/7435
s 954
usemtl pasted__pasted__phong3SG3
f 3733/5614/7436 3734/5615/7437 3735/5617/7438
f 3735/5617/7438 3734/5615/7437 3736/5616/7439
s 955
f 3735/5617/7440 3736/5616/7441 3737/5619/7442
f 3737/5619/7442 3736/5616/7441 3738/5618/7443
s 956
f 3737/5619/7444 3738/5618/7445 3731/5621/7446
f 3731/5621/7446 3738/5618/7445 3732/5620/7447
s 957
f 3732/5622/7448 3738/5623/7449 3734/5615/7450
f 3734/5615/7450 3738/5623/7449 3736/5624/7451
s 958
f 3737/5625/7452 3731/5626/7453 3735/5627/7454
f 3735/5627/7454 3731/5626/7453 3733/5614/7455
s 959
usemtl lambert10SG
f 3739/5628/7456 3740/5629/7457 3742/5631/7458
f 3742/5631/7458 3740/5629/7457 3741/5630/7459
s 960
usemtl initialShadingGroup
f 3739/5632/7460 3743/5633/7461 3740/5635/7462
f 3740/5635/7462 3743/5633/7461 3749/5634/7463
s 961
f 3741/5630/7464 3750/5636/7465 3742/5631/7466
f 3742/5631/7466 3750/5636/7465 3744/5637/7467
s 962
f 3743/5633/7468 3744/5637/7469 3749/5634/7470
f 3749/5634/7470 3744/5637/7469 3750/5636/7471
s 963
f 3747/5638/7472 3753/5639/7473 3748/5641/7474
f 3748/5641/7474 3753/5639/7473 3752/5640/7475
s 964
f 3745/5642/7476 3748/5643/7477 3751/5645/7478
f 3751/5645/7478 3748/5643/7477 3752/5644/7479
s 965
f 3746/5646/7480 3754/5647/7481 3747/5638/7482
f 3747/5638/7482 3754/5647/7481 3753/5639/7483
s 966
f 3751/5645/7484 3754/5647/7485 3745/5642/7486
f 3745/5642/7486 3754/5647/7485 3746/5646/7487
s 967
usemtl lambert7SG
f 3739/5628/7488 3742/5631/7489 3748/5653/7490
f 3748/5653/7490 3742/5631/7489 3747/5652/7491
f 3742/5631/7489 3744/5648/7492 3747/5652/7491
f 3747/5652/7491 3744/5648/7492 3746/5651/7493
f 3744/5648/7492 3743/5649/7494 3746/5651/7493
f 3746/5651/7493 3743/5649/7494 3745/5650/7495
f 3743/5649/7494 3739/5628/7488 3745/5650/7495
f 3739/5628/7488 3748/5653/7490 3745/5650/7495
s 968
usemtl initialShadingGroup
f 3740/5629/7496 3752/5657/7497 3741/5630/7498
f 3752/5657/7497 3753/5658/7499 3741/5630/7498
f 3741/5630/7498 3753/5658/7499 3750/5655/7500
f 3753/5658/7499 3754/5659/7501 3750/5655/7500
f 3750/5655/7500 3754/5659/7501 3749/5654/7502
f 3754/5659/7501 3751/5656/7503 3749/5654/7502
f 3749/5654/7502 3751/5656/7503 3740/5629/7496
f 3751/5656/7503 3752/5657/7497 3740/5629/7496
s 969
usemtl lambert13SG
f 3756/5661/7504 3776/5662/7505 3755/5660/7506
f 3755/5660/7506 3776/5662/7505 3775/5663/7507
f 3757/5664/7508 3777/5665/7509 3756/5661/7504
f 3756/5661/7504 3777/5665/7509 3776/5662/7505
f 3758/5666/7510 3778/5667/7511 3757/5664/7508
f 3757/5664/7508 3778/5667/7511 3777/5665/7509
f 3759/5668/7512 3779/5669/7513 3758/5666/7510
f 3758/5666/7510 3779/5669/7513 3778/5667/7511
f 3760/5670/7514 3780/5671/7515 3759/5668/7512
f 3759/5668/7512 3780/5671/7515 3779/5669/7513
usemtl initialShadingGroup
f 3761/5672/7516 3781/5673/7517 3760/5670/7514
f 3760/5670/7514 3781/5673/7517 3780/5671/7515
f 3761/5672/7516 3762/5674/7518 3781/5673/7517
f 3781/5673/7517 3762/5674/7518 3782/5675/7519
f 3762/5674/7518 3763/5676/7520 3782/5675/7519
f 3782/5675/7519 3763/5676/7520 3783/5677/7521
f 3763/5676/7520 3764/5678/7522 3783/5677/7521
f 3783/5677/7521 3764/5678/7522 3784/5679/7523
f 3764/5678/7522 3765/5680/7524 3784/5679/7523
f 3784/5679/7523 3765/5680/7524 3785/5681/7525
f 3765/5680/7524 3766/5682/7526 3785/5681/7525
f 3785/5681/7525 3766/5682/7526 3786/5683/7527
f 3766/5682/7526 3767/5684/7528 3786/5683/7527
f 3786/5683/7527 3767/5684/7528 3787/5685/7529
f 3767/5684/7528 3768/5686/7530 3787/5685/7529
f 3768/5686/7530 3788/5687/7531 3787/5685/7529
usemtl lambert13SG
f 3768/5686/7530 3769/5688/7532 3788/5687/7531
f 3788/5687/7531 3769/5688/7532 3789/5689/7533
f 3769/5688/7532 3770/5690/7534 3789/5689/7533
f 3789/5689/7533 3770/5690/7534 3790/5691/7535
f 3770/5690/7534 3771/5692/7536 3790/5691/7535
f 3790/5691/7535 3771/5692/7536 3791/5693/7537
f 3771/5692/7536 3772/5694/7538 3791/5693/7537
f 3791/5693/7537 3772/5694/7538 3792/5695/7539
f 3772/5694/7538 3773/5696/7540 3792/5695/7539
f 3792/5695/7539 3773/5696/7540 3793/5697/7541
f 3773/5696/7540 3774/5698/7542 3793/5697/7541
f 3793/5697/7541 3774/5698/7542 3794/5699/7543
f 3755/5700/7506 3775/5701/7507 3774/5698/7542
f 3774/5698/7542 3775/5701/7507 3794/5699/7543
s 975
usemtl initialShadingGroup
f 3756/5702/7544 3755/5703/7545 3795/5704/7546
f 3757/5705/7547 3756/5702/7544 3795/5704/7546
f 3758/5706/7548 3757/5705/7547 3795/5704/7546
f 3759/5707/7549 3758/5706/7548 3795/5704/7546
f 3760/5708/7550 3759/5707/7549 3795/5704/7546
f 3761/5709/7551 3760/5708/7550 3795/5704/7546
f 3762/5710/7552 3761/5709/7551 3795/5704/7546
f 3763/5711/7553 3762/5710/7552 3795/5704/7546
f 3764/5712/7554 3763/5711/7553 3795/5704/7546
f 3765/5713/7555 3764/5712/7554 3795/5704/7546
f 3766/5714/7556 3765/5713/7555 3795/5704/7546
f 3767/5715/7557 3766/5714/7556 3795/5704/7546
f 3768/5716/7558 3767/5715/7557 3795/5704/7546
f 3769/5717/7559 3768/5716/7558 3795/5704/7546
f 3770/5718/7560 3769/5717/7559 3795/5704/7546
f 3771/5719/7561 3770/5718/7560 3795/5704/7546
f 3772/5720/7562 3771/5719/7561 3795/5704/7546
f 3773/5721/7563 3772/5720/7562 3795/5704/7546
f 3774/5722/7564 3773/5721/7563 3795/5704/7546
f 3755/5703/7545 3774/5722/7564 3795/5704/7546
s 976
usemtl lambert14SG
f 3775/5723/7565 3776/5724/7566 3796/5725/7567
f 3776/5724/7566 3777/5726/7568 3796/5725/7567
f 3777/5726/7568 3778/5727/7569 3796/5725/7567
f 3778/5727/7569 3779/5728/7570 3796/5725/7567
f 3779/5728/7570 3780/5729/7571 3796/5725/7567
usemtl initialShadingGroup
f 3780/5729/7571 3781/5730/7572 3796/5725/7567
f 3781/5730/7572 3782/5731/7573 3796/5725/7567
f 3782/5731/7573 3783/5732/7574 3796/5725/7567
f 3783/5732/7574 3784/5733/7575 3796/5725/7567
f 3784/5733/7575 3785/5734/7576 3796/5725/7567
f 3785/5734/7576 3786/5735/7577 3796/5725/7567
f 3786/5735/7577 3787/5736/7578 3796/5725/7567
f 3787/5736/7578 3788/5737/7579 3796/5725/7567
usemtl lambert14SG
f 3788/5737/7579 3789/5738/7580 3796/5725/7567
f 3789/5738/7580 3790/5739/7581 3796/5725/7567
f 3790/5739/7581 3791/5740/7582 3796/5725/7567
f 3791/5740/7582 3792/5741/7583 3796/5725/7567
f 3792/5741/7583 3793/5742/7584 3796/5725/7567
f 3793/5742/7584 3794/5743/7585 3796/5725/7567
f 3794/5743/7585 3775/5723/7565 3796/5725/7567
s 977
usemtl phong5SG
f 3797/5744/7586 3798/5745/7587 3799/5747/7588
f 3799/5747/7588 3798/5745/7587 3800/5746/7589
s 978
f 3799/5747/7590 3800/5746/7591 3801/5749/7592
f 3801/5749/7592 3800/5746/7591 3802/5748/7593
s 979
f 3801/5749/7594 3802/5748/7595 3803/5751/7596
f 3803/5751/7596 3802/5748/7595 3804/5750/7597
s 980
f 3803/5751/7598 3804/5750/7599 3797/5753/7600
f 3797/5753/7600 3804/5750/7599 3798/5752/7601
s 981
f 3798/5745/7602 3804/5754/7603 3800/5746/7604
f 3800/5746/7604 3804/5754/7603 3802/5755/7605
s 982
f 3803/5756/7606 3797/5744/7607 3801/5757/7608
f 3801/5757/7608 3797/5744/7607 3799/5747/7609
s 983
usemtl initialShadingGroup
f 3805/5758/7610 3806/5759/7611 3807/5761/7612
f 3807/5761/7612 3806/5759/7611 3808/5760/7613
s 984
f 3807/5761/7614 3808/5760/7615 3809/5763/7616
f 3809/5763/7616 3808/5760/7615 3810/5762/7617
s 985
usemtl pasted__phong3SG1
f 3809/5763/7618 3810/5762/7619 3811/5765/7620
f 3811/5765/7620 3810/5762/7619 3812/5764/7621
s 986
usemtl initialShadingGroup
f 3811/5765/7622 3812/5764/7623 3805/5767/7624
f 3805/5767/7624 3812/5764/7623 3806/5766/7625
s 987
usemtl pasted__phong3SG1
f 3806/5759/7626 3812/5768/7627 3808/5760/7628
f 3808/5760/7628 3812/5768/7627 3810/5769/7629
s 988
usemtl phong3SG
f 3811/5770/7630 3805/5758/7631 3809/5771/7632
f 3809/5771/7632 3805/5758/7631 3807/5761/7633
s 989
usemtl pasted__pasted__pasted__phong3SG
f 3813/5772/7634 3814/5773/7635 3815/5775/7636
f 3815/5775/7636 3814/5773/7635 3816/5774/7637
s 990
f 3815/5775/7638 3816/5774/7639 3817/5777/7640
f 3817/5777/7640 3816/5774/7639 3818/5776/7641
s 991
f 3817/5777/7642 3818/5776/7643 3819/5779/7644
f 3819/5779/7644 3818/5776/7643 3820/5778/7645
s 992
f 3820/5778/7646 3814/5780/7647 3819/5779/7648
f 3819/5779/7648 3814/5780/7647 3813/5781/7649
s 993
f 3814/5773/7650 3820/5782/7651 3816/5774/7652
f 3816/5774/7652 3820/5782/7651 3818/5783/7653
s 994
f 3819/5784/7654 3813/5772/7655 3817/5785/7656
f 3817/5785/7656 3813/5772/7655 3815/5775/7657
s 995
usemtl pasted__phong3SG2
f 3821/5786/7658 3822/5787/7659 3823/5789/7660
f 3823/5789/7660 3822/5787/7659 3824/5788/7661
s 996
f 3823/5789/7662 3824/5788/7663 3825/5791/7664
f 3825/5791/7664 3824/5788/7663 3826/5790/7665
s 997
f 3825/5791/7666 3826/5790/7667 3827/5793/7668
f 3827/5793/7668 3826/5790/7667 3828/5792/7669
s 998
f 3827/5793/7670 3828/5792/7671 3821/5795/7672
f 3821/5795/7672 3828/5792/7671 3822/5794/7673
s 999
f 3822/5787/7674 3828/5796/7675 3824/5788/7676
f 3824/5788/7676 3828/5796/7675 3826/5797/7677
s 1000
f 3821/5786/7678 3823/5789/7679 3827/5798/7680
f 3827/5798/7680 3823/5789/7679 3825/5799/7681
