# This file uses centimeters as units for non-parametric coordinates.

mtllib Voltorb.mtl
g default
v 0.526940 4.122405 -3.873716
v 0.512998 3.862052 -4.520671
v 0.500215 3.480458 -5.104410
v 0.489081 2.992288 -5.602500
v 0.480027 2.416300 -5.995801
v 0.473398 1.774632 -6.269196
v 0.469451 1.091940 -6.412182
v 0.468336 0.394461 -6.419262
v 0.470096 -0.291002 -6.290164
v 0.502966 -2.413602 -4.584371
v 0.662615 4.123390 -3.863275
v 0.779132 3.863984 -4.500190
v 0.886581 3.483263 -5.074676
v 0.980832 2.995857 -5.564656
v 1.058266 2.420497 -5.951301
v 1.115902 1.779294 -6.219751
v 1.151529 1.096890 -6.359691
v 1.163777 0.399507 -6.365742
v 1.152176 -0.286052 -6.237673
v 1.117169 -0.933444 -5.980404
v 1.060104 -1.517789 -5.603822
v 0.983173 -2.016630 -5.122400
v 0.889333 -2.410798 -4.554637
v 0.782189 -2.685146 -3.922353
v 0.665860 -2.829129 -3.249847
v 0.793635 4.126681 -3.826668
v 1.036139 3.870439 -4.428383
v 1.259698 3.492634 -4.970428
v 1.455720 3.007785 -5.431974
v 1.616674 2.434523 -5.795283
v 1.736372 1.794879 -6.046394
v 1.810217 1.113434 -6.175656
v 1.835369 0.416376 -6.178102
v 1.810862 -0.269507 -6.053637
v 1.737639 -0.917859 -5.807047
v 1.618512 -1.503762 -5.447805
v 1.458060 -2.004702 -4.989718
v 1.262449 -2.401426 -4.450390
v 1.039196 -2.678690 -3.850546
v 0.796881 -2.825838 -3.213240
v 0.914969 4.132151 -3.765302
v 1.274142 3.881171 -4.308009
v 1.605225 3.508215 -4.795674
v 1.895493 3.027614 -5.209554
v 2.133792 2.457840 -5.533744
v 2.310963 1.820788 -5.755787
v 2.420199 1.140939 -5.867149
v 2.457302 0.444420 -5.863551
v 2.420845 -0.242003 -5.745131
v 2.312230 -0.891950 -5.516440
v 2.135631 -1.480445 -5.186266
v 1.897833 -1.984872 -4.767297
v 1.607976 -2.385846 -4.275635
v 1.277200 -2.667958 -3.730173
v 0.918214 -2.820367 -3.151874
v 1.021951 4.139593 -3.681536
v 1.483996 3.895767 -4.143696
v 1.909885 3.529403 -4.557127
v 2.283252 3.054584 -4.905941
v 2.589748 2.489552 -5.176734
v 2.817595 1.856024 -5.359099
v 2.958036 1.178347 -5.446027
v 3.005675 0.482560 -5.434179
v 2.958682 -0.204596 -5.324008
v 2.818861 -0.856713 -5.119752
v 2.591586 -1.448733 -4.829255
v 2.285592 -1.957903 -4.463685
v 1.912637 -2.364657 -4.037088
v 1.487053 -2.653363 -3.565859
v 1.025197 -2.812926 -3.068107
v 1.110472 4.148717 -3.578587
v 1.657635 3.913665 -3.941756
v 2.161970 3.555389 -4.263956
v 2.604095 3.087656 -4.532805
v 2.967019 2.528441 -4.737973
v 3.236796 1.899235 -4.871573
v 3.403058 1.224218 -4.928472
v 3.459416 0.529331 -4.906485
v 3.403703 -0.158723 -4.806454
v 3.238062 -0.813502 -4.632226
v 2.968858 -1.409844 -4.390494
v 2.606435 -1.924831 -4.090549
v 2.164722 -2.338672 -3.743917
v 1.660692 -2.635465 -3.363920
v 1.113717 -2.803802 -2.965160
v 1.177129 4.159175 -3.460414
v 1.788387 3.934178 -3.709950
v 2.351792 3.585169 -3.927427
v 2.845692 3.125559 -4.104485
v 3.251108 2.573011 -4.234321
v 3.552458 1.948759 -4.311945
v 3.738163 1.276793 -4.334375
v 3.801086 0.582935 -4.300748
v 3.738808 -0.106149 -4.212356
v 3.553724 -0.763979 -4.072598
v 3.252946 -1.365274 -3.886842
v 2.848032 -1.886927 -3.662228
v 2.354543 -2.308891 -3.407388
v 1.791444 -2.614951 -3.132114
v 1.180373 -2.793344 -2.846986
v 1.219360 4.170563 -3.331556
v 1.871227 3.956519 -3.457188
v 2.472056 3.617602 -3.560472
v 2.998759 3.166839 -3.637440
v 3.431096 2.621550 -3.685134
v 3.752450 2.002693 -3.701722
v 3.950474 1.334048 -3.686565
v 4.017556 0.641313 -3.640247
v 3.951119 -0.048893 -3.564547
v 3.753717 -0.710045 -3.462375
v 3.432934 -1.316735 -3.337655
v 3.001100 -1.845648 -3.195184
v 2.474807 -2.276458 -3.040433
v 1.874283 -2.592611 -2.879351
v 1.222605 -2.781955 -2.718129
v 1.235542 4.182446 -3.196967
v 1.902970 3.979827 -3.193181
v 2.518141 3.651441 -3.177193
v 3.057414 3.209907 -3.149619
v 3.500067 2.672194 -3.111518
v 3.829087 2.058964 -3.064354
v 4.031830 1.393786 -3.009939
v 4.100507 0.702221 -2.950364
v 4.032476 0.010844 -2.887920
v 3.830354 -0.653773 -2.825006
v 3.501905 -1.266092 -2.764039
v 3.059755 -1.802579 -2.707363
v 2.520892 -2.242620 -2.657154
v 1.906027 -2.569302 -2.615345
v 1.238788 -2.770073 -2.583539
v 1.225055 4.194366 -3.061817
v 1.882399 4.003208 -2.928076
v 2.488276 3.685385 -2.792320
v 3.019403 3.253109 -2.659769
v 3.455370 2.722993 -2.535515
v 3.779423 2.115410 -2.424334
v 3.979107 1.453709 -2.330497
v 4.046751 0.763317 -2.257612
v 3.979753 0.070768 -2.208479
v 3.780689 -0.597327 -2.184986
v 3.457209 -1.215291 -2.188037
v 3.021744 -1.759377 -2.217513
v 2.491027 -2.208676 -2.272282
v 1.885455 -2.545921 -2.350240
v 1.228300 -2.758153 -2.448390
v 1.188301 4.205864 -2.931301
v 1.810303 4.025763 -2.672060
v 2.383608 3.718129 -2.420644
v 2.886187 3.294785 -2.186715
v 3.298724 2.771999 -1.979261
v 3.605367 2.169863 -1.806258
v 3.794330 1.511515 -1.674351
v 3.858355 0.822256 -1.588611
v 3.794976 0.128573 -1.552333
v 3.606634 -0.542875 -1.566911
v 3.300563 -1.166286 -1.631783
v 2.888527 -1.717701 -1.744458
v 2.386359 -2.175931 -1.900605
v 1.813359 -2.523367 -2.094224
v 1.191546 -2.746655 -2.317875
v 1.126692 4.216499 -2.810435
v 1.689452 4.046625 -2.434973
v 2.208160 3.748416 -2.076446
v 2.662884 3.333332 -1.748634
v 3.036148 2.817327 -1.464134
v 3.313608 2.220228 -1.233879
v 3.484600 1.564982 -1.066717
v 3.542557 0.876771 -0.969073
v 3.485246 0.182041 -0.944698
v 3.314874 -0.492510 -0.994531
v 3.037986 -1.120958 -1.116655
v 2.665224 -1.679153 -1.306378
v 2.210911 -2.145645 -1.556408
v 1.692508 -2.502505 -1.857137
v 1.129937 -2.736019 -2.197008
v 1.042595 4.225863 -2.703863
v 1.524491 4.064993 -2.225925
v 1.968675 3.775082 -1.772956
v 2.358077 3.367272 -1.362364
v 2.677732 2.857235 -1.009928
v 2.881823 2.494329 -0.748758
v 3.061820 1.612057 -0.530945
v 3.111493 0.924768 -0.422803
v 3.062466 0.229116 -0.408926
v 2.916624 -0.448166 -0.489844
v 2.679571 -1.081050 -0.662449
v 2.360416 -1.645215 -0.920107
v 1.971426 -2.118980 -1.252917
v 1.527548 -2.484137 -1.648089
v 1.045841 -2.726656 -2.090437
v 0.939244 4.233595 -2.615681
v 1.321760 4.080160 -2.052949
v 1.674354 3.797101 -1.521835
v 1.983477 3.395296 -1.042747
v 2.237250 2.890189 -0.634099
v 2.304498 2.320459 -0.186453
v 2.368010 1.917204 -0.073013
v 2.581731 0.964401 0.029203
v 2.542882 0.267987 0.034395
v 2.427188 -0.411550 -0.072245
v 2.239089 -1.048096 -0.286619
v 1.985818 -1.617189 -0.600491
v 1.677106 -2.096960 -1.001796
v 1.324816 -2.468970 -1.475114
v 0.942489 -2.718923 -2.002255
v 0.544816 -2.837215 -2.562961
v 0.820608 4.239398 -2.549278
v 1.089048 4.091543 -1.922694
v 1.336509 3.813627 -1.332733
v 1.553483 3.416332 -0.802068
v 1.731631 2.914923 -0.351089
v 2.031528 2.249193 -0.036037
v 2.076748 1.937011 0.105584
v 1.973627 0.994149 0.369576
v 1.946464 0.297164 0.368227
v 1.865373 -0.384067 0.242219
v 1.733469 -1.023362 -0.003610
v 1.555824 -1.596155 -0.359811
v 1.339261 -2.080433 -0.812695
v 1.092106 -2.457586 -1.344859
v 0.823854 -2.713120 -1.935851
v 0.691248 4.243051 -2.507205
v 0.835300 4.098706 -1.840165
v 0.968125 3.824027 -1.212919
v 1.084618 3.429567 -0.649573
v 1.180304 2.930487 -0.171775
v 1.287488 2.099437 0.223108
v 1.295483 1.698464 0.457725
v 1.310552 1.012867 0.585236
v 1.296129 0.315522 0.579743
v 1.252771 -0.366773 0.441462
v 1.182142 -1.007799 0.175704
v 1.086959 -1.582919 -0.207316
v 0.970876 -2.070034 -0.692881
v 0.838358 -2.450423 -1.262330
v 0.694494 -2.709468 -1.893778
v 0.556136 4.244410 -2.491079
v 0.570266 4.101374 -1.808533
v 0.583355 3.827899 -1.166997
v 0.594900 3.434495 -0.591125
v 0.608205 2.977457 0.072827
v 0.612857 2.331909 0.336979
v 0.616225 1.705299 0.538795
v 0.617985 1.019837 0.667893
v 0.616870 0.322358 0.660813
v 0.612924 -0.360334 0.517828
v 0.606295 -1.002003 0.244432
v 0.597240 -1.577991 -0.148868
v 0.586107 -2.066162 -0.646959
v 0.573324 -2.447756 -1.230697
v 0.559382 -2.708108 -1.877652
v 0.420461 4.243425 -2.501520
v 0.304132 4.099442 -1.829014
v 0.196989 3.825095 -1.196730
v 0.103149 3.430927 -0.628969
v 0.026217 2.932086 -0.147547
v -0.066600 2.101313 0.251535
v -0.065854 1.700350 0.486304
v -0.077456 1.014790 0.614374
v -0.065208 0.317408 0.608321
v -0.029580 -0.364996 0.468383
v 0.028056 -1.006200 0.199932
v 0.105488 -1.581559 -0.186712
v 0.199741 -2.068965 -0.676692
v 0.307190 -2.449687 -1.251178
v 0.423707 -2.709093 -1.888093
v 0.289441 4.240135 -2.538127
v 0.047125 4.092987 -1.900821
v -0.176127 3.815724 -1.300978
v -0.371738 3.418999 -0.761650
v -0.532190 2.918060 -0.303564
v -0.814665 2.258162 0.023996
v -0.856176 1.935131 0.172447
v -0.749048 0.997921 0.426733
v -0.723895 0.300863 0.424287
v -0.650050 -0.380582 0.295026
v -0.530351 -1.020226 0.043914
v -0.369398 -1.593488 -0.319394
v -0.173376 -2.078337 -0.780940
v 0.050183 -2.456143 -1.322985
v 0.292686 -2.712384 -1.924701
v 0.168107 4.234664 -2.599493
v -0.190878 4.082255 -2.021194
v -0.521654 3.800143 -1.475732
v -0.811511 3.399169 -0.984071
v -1.049308 2.894742 -0.565104
v -1.103309 2.332724 -0.119715
v -1.165224 1.915473 0.000391
v -1.370980 0.969877 0.112183
v -1.333877 0.273358 0.115780
v -1.224641 -0.406491 0.004419
v -1.047470 -1.043543 -0.217625
v -0.809171 -1.613317 -0.541815
v -0.518903 -2.093918 -0.955695
v -0.187820 -2.466875 -1.443359
v 0.171353 -2.717855 -1.986066
v 0.541505 4.251512 -3.188405
v 0.061125 4.227223 -2.683259
v -0.400731 4.067660 -2.185508
v -0.826314 3.778954 -1.714280
v -1.199270 3.372200 -1.287683
v -1.505263 2.863030 -0.922114
v -1.699218 2.500676 -0.652586
v -1.872359 1.618893 -0.427360
v -1.919353 0.931738 -0.317190
v -1.871714 0.235951 -0.305342
v -1.731272 -0.441727 -0.392269
v -1.503425 -1.075255 -0.574635
v -1.196929 -1.640287 -0.845427
v -0.823562 -2.115107 -1.194241
v -0.397674 -2.481470 -1.607672
v 0.064371 -2.725296 -2.069833
v -0.027395 4.218099 -2.786208
v -0.574370 4.049761 -2.387448
v -1.078399 3.752969 -2.007451
v -1.520113 3.339128 -1.660819
v -1.882535 2.824142 -1.360875
v -2.151740 2.227800 -1.119142
v -2.317381 1.573021 -0.944915
v -2.373093 0.884967 -0.844883
v -2.316735 0.190079 -0.822896
v -2.150473 -0.484937 -0.879795
v -1.880696 -1.114144 -1.013396
v -1.517772 -1.673359 -1.218562
v -1.075647 -2.141091 -1.487412
v -0.571312 -2.499368 -1.809612
v -0.024149 -2.734420 -2.172780
v -0.094052 4.207640 -2.904381
v -0.705122 4.029248 -2.619253
v -1.268221 3.723189 -2.343979
v -1.761710 3.301224 -2.089140
v -2.166623 2.779571 -1.864526
v -2.467402 2.178276 -1.678770
v -2.652486 1.520447 -1.539012
v -2.714764 0.831362 -1.450620
v -2.651840 0.137505 -1.416994
v -2.466136 -0.534461 -1.439422
v -2.164784 -1.158714 -1.517047
v -1.759370 -1.711262 -1.646883
v -1.265468 -2.170872 -1.823941
v -0.702064 -2.519882 -2.041417
v -0.090806 -2.744878 -2.290954
v -0.136283 4.196251 -3.033238
v -0.787961 4.006907 -2.872016
v -1.388485 3.690755 -2.710934
v -1.914777 3.259945 -2.556184
v -2.346611 2.731032 -2.413712
v -2.667395 2.124342 -2.288993
v -2.864795 1.463191 -2.186821
v -2.931234 0.772985 -2.111121
v -2.864150 0.080249 -2.064803
v -2.666128 -0.588395 -2.049645
v -2.344772 -1.207253 -2.066234
v -1.912437 -1.752541 -2.113928
v -1.385733 -2.203305 -2.190896
v -0.784903 -2.542222 -2.294180
v -0.133037 -2.756267 -2.419811
v -0.152466 4.184370 -3.167828
v -0.819705 3.983599 -3.136023
v -1.434570 3.656917 -3.094213
v -1.973432 3.216876 -3.044005
v -2.415582 2.680389 -2.987329
v -2.744031 2.068071 -2.926361
v -2.946152 1.403454 -2.863448
v -3.014184 0.712077 -2.801003
v -2.945507 0.020512 -2.741429
v -2.742764 -0.644667 -2.687014
v -2.413744 -1.257896 -2.639850
v -1.971092 -1.795610 -2.601748
v -1.431819 -2.237144 -2.574174
v -0.816647 -2.565531 -2.558187
v -0.149219 -2.768149 -2.554400
v -0.141979 4.172450 -3.302977
v -0.799133 3.960218 -3.401128
v -1.404705 3.622973 -3.479085
v -1.935422 3.173674 -3.533854
v -2.370885 2.629588 -3.563331
v -2.694367 2.011624 -3.566381
v -2.893429 1.343530 -3.542889
v -2.960428 0.650980 -3.493756
v -2.892784 -0.039411 -3.420870
v -2.693101 -0.701113 -3.327034
v -2.369047 -1.308697 -3.215853
v -1.933081 -1.838812 -3.091598
v -1.401953 -2.271088 -2.959046
v -0.796076 -2.588911 -2.823291
v -0.138732 -2.780069 -2.689550
v -0.105225 4.160951 -3.433492
v -0.727037 3.937664 -3.657143
v -1.300037 3.590228 -3.850762
v -1.802205 3.131999 -4.006910
v -2.214239 2.580583 -4.119584
v -2.520312 1.957172 -4.184457
v -2.708652 1.285724 -4.199034
v -2.772031 0.592042 -4.162756
v -2.708007 -0.097218 -4.077016
v -2.519045 -0.755565 -3.945109
v -2.212401 -1.357702 -3.772106
v -1.799864 -1.880488 -3.564653
v -1.297285 -2.303832 -3.330723
v -0.723980 -2.611466 -3.079307
v -0.101979 -2.791567 -2.820065
v -0.043616 4.150316 -3.554358
v -0.606186 3.916802 -3.894230
v -1.124589 3.559942 -4.194959
v -1.578902 3.093451 -4.444989
v -1.951663 2.535256 -4.634712
v -2.228552 1.906807 -4.756836
v -2.398923 1.232257 -4.806668
v -2.456234 0.537527 -4.782294
v -2.398277 -0.150685 -4.684650
v -2.227286 -0.805931 -4.517488
v -1.949824 -1.403030 -4.287233
v -1.576561 -1.919036 -4.002733
v -1.121837 -2.334119 -3.674920
v -0.603129 -2.632328 -3.316394
v -0.040370 -2.802203 -2.940931
v 0.040481 4.140952 -3.660930
v -0.441226 3.898434 -4.103278
v -0.885103 3.533276 -4.498450
v -1.274094 3.059512 -4.831260
v -1.593247 2.495347 -5.088918
v -1.830302 1.862464 -5.261522
v -1.976143 1.185182 -5.342440
v -2.025170 0.489530 -5.328563
v -1.975497 -0.197759 -5.220422
v -1.829036 -0.850274 -5.022175
v -1.591409 -1.442937 -4.741439
v -1.271754 -1.952974 -4.389003
v -0.882352 -2.360784 -3.978411
v -0.438168 -2.650695 -3.525442
v 0.043727 -2.811566 -3.047503
v 0.143832 4.133220 -3.749113
v -0.238494 3.883267 -4.276253
v -0.590784 3.511257 -4.749571
v -0.899496 3.031487 -5.150876
v -1.152766 2.462394 -5.464747
v -1.340865 1.825847 -5.679121
v -1.456560 1.146310 -5.785760
v -1.495408 0.449896 -5.780569
v -1.455914 -0.236631 -5.663742
v -1.339599 -0.886890 -5.439774
v -1.150927 -1.475892 -5.117268
v -0.897155 -1.981000 -4.708620
v -0.588032 -2.382803 -4.229532
v -0.235437 -2.665863 -3.698417
v 0.147078 -2.819298 -3.135685
v 0.262468 4.127417 -3.815516
v -0.005784 3.871883 -4.406508
v -0.252939 3.494730 -4.938672
v -0.469501 3.010452 -5.391557
v -0.647147 2.437660 -5.747756
v -0.779051 1.798364 -5.993586
v -0.860141 1.117134 -6.119594
v -0.887304 0.420149 -6.120942
v -0.859495 -0.265807 -5.997575
v -0.777784 -0.914374 -5.754238
v -0.645308 -1.500626 -5.400277
v -0.467161 -2.002034 -4.949300
v -0.250187 -2.399330 -4.418633
v -0.002726 -2.677246 -3.828672
v 0.265714 -2.825102 -3.202088
v 0.391827 4.123765 -3.857589
v 0.247965 3.864720 -4.489038
v 0.115446 3.484331 -5.058486
v -0.000636 2.997217 -5.544050
v -0.095820 2.422096 -5.927070
v -0.166449 1.781071 -6.192828
v -0.209807 1.098776 -6.331109
v -0.224229 0.401431 -6.336600
v -0.209160 -0.284166 -6.209090
v -0.165183 -0.931667 -5.953481
v -0.093981 -1.516189 -5.579591
v 0.001704 -2.015270 -5.101794
v 0.118198 -2.409730 -4.538447
v 0.251022 -2.684410 -3.911201
v 0.395073 -2.828754 -3.244161
v 0.474665 -0.938106 -6.029847
v 0.481866 -1.521984 -5.648319
v 0.491422 -2.020199 -5.160242
v 0.516055 -2.687077 -3.942833
v 0.530186 -2.830113 -3.260287
v 2.682591 3.019172 -0.789147
v 2.242110 3.052126 -0.413318
v 1.736490 3.076860 -0.130308
v 1.185162 3.092424 0.049006
v 0.031077 3.094023 0.073234
v -0.527330 3.079997 -0.082784
v -1.044449 3.056679 -0.344323
v -1.500404 3.024967 -0.701333
v 2.412960 2.389984 -0.319154
v 2.542237 1.650929 -0.087623
v 1.874619 2.256645 0.009004
v 1.945818 1.680105 0.246209
v -0.661762 2.260159 0.062252
v -0.724540 1.683805 0.302268
v -1.213029 2.395007 -0.243033
v -1.334523 1.656300 -0.006238
v 2.862620 2.699051 -0.558768
v 2.885587 2.619778 -0.577724
v 2.400954 2.599936 -0.128605
v 2.416725 2.515433 -0.148120
v 1.868206 2.470480 0.201396
v 1.878384 2.382095 0.180039
v 1.291252 2.224886 0.394142
v 1.285281 2.316161 0.417857
v -0.055724 2.317103 0.446447
v -0.062786 2.228432 0.424845
v -0.646859 2.473096 0.254675
v -0.657948 2.387278 0.235562
v -1.192718 2.604111 -0.052649
v -1.209215 2.522127 -0.069723
v -1.695402 2.627794 -0.479277
v -1.671874 2.704618 -0.463050
vn 0.048673 0.712829 -0.699647
vn 0.048673 0.712829 -0.699647
vn 0.048673 0.712829 -0.699647
vn 0.048673 0.712829 -0.699647
vn 0.059395 0.562273 -0.824816
vn 0.059395 0.562273 -0.824816
vn 0.059395 0.562273 -0.824816
vn 0.059395 0.562273 -0.824816
vn 0.067860 0.390534 -0.918084
vn 0.067860 0.390534 -0.918084
vn 0.067860 0.390534 -0.918084
vn 0.067860 0.390534 -0.918084
vn 0.073678 0.204055 -0.976183
vn 0.073678 0.204055 -0.976183
vn 0.073678 0.204055 -0.976183
vn 0.073678 0.204055 -0.976183
vn 0.076650 0.010018 -0.997008
vn 0.076650 0.010018 -0.997008
vn 0.076650 0.010018 -0.997008
vn 0.076650 0.010018 -0.997008
vn 0.007153 0.982664 -0.185257
vn 0.007153 0.982664 -0.185257
vn 0.007153 0.982664 -0.185257
vn 0.021996 0.927316 -0.373633
vn 0.021996 0.927316 -0.373633
vn 0.021996 0.927316 -0.373633
vn 0.021996 0.927316 -0.373633
vn 0.036016 0.836111 -0.547377
vn 0.036016 0.836111 -0.547377
vn 0.036016 0.836111 -0.547377
vn 0.036016 0.836111 -0.547377
vn 0.127404 0.837564 -0.531277
vn 0.127404 0.837564 -0.531277
vn 0.127404 0.837564 -0.531277
vn 0.127404 0.837564 -0.531277
vn 0.171499 0.714774 -0.678001
vn 0.171499 0.714774 -0.678001
vn 0.171499 0.714774 -0.678001
vn 0.171499 0.714774 -0.678001
vn 0.208922 0.564692 -0.798420
vn 0.208922 0.564692 -0.798420
vn 0.208922 0.564692 -0.798420
vn 0.208922 0.564692 -0.798420
vn 0.238290 0.393232 -0.888024
vn 0.238290 0.393232 -0.888024
vn 0.238290 0.393232 -0.888024
vn 0.238290 0.393232 -0.888024
vn 0.258477 0.206964 -0.943586
vn 0.258477 0.206964 -0.943586
vn 0.258477 0.206964 -0.943586
vn 0.258477 0.206964 -0.943586
vn 0.268763 0.013044 -0.963118
vn 0.268763 0.013044 -0.963118
vn 0.268763 0.013044 -0.963118
vn 0.268763 0.013044 -0.963118
vn 0.026100 0.982974 -0.181881
vn 0.026100 0.982974 -0.181881
vn 0.026100 0.982974 -0.181881
vn 0.078343 0.928195 -0.363753
vn 0.078343 0.928195 -0.363753
vn 0.078343 0.928195 -0.363753
vn 0.078343 0.928195 -0.363753
vn 0.433325 0.213035 -0.875697
vn 0.433325 0.213035 -0.875697
vn 0.433325 0.213035 -0.875697
vn 0.433325 0.213035 -0.875697
vn 0.450548 0.019396 -0.892541
vn 0.450548 0.019396 -0.892541
vn 0.450548 0.019396 -0.892541
vn 0.450548 0.019396 -0.892541
vn 0.044079 0.983594 -0.174930
vn 0.044079 0.983594 -0.174930
vn 0.044079 0.983594 -0.174930
vn 0.131535 0.930074 -0.343017
vn 0.131535 0.930074 -0.343017
vn 0.131535 0.930074 -0.343017
vn 0.131535 0.930074 -0.343017
vn 0.213841 0.840547 -0.497748
vn 0.213841 0.840547 -0.497748
vn 0.213841 0.840547 -0.497748
vn 0.213841 0.840547 -0.497748
vn 0.287719 0.718796 -0.632891
vn 0.287719 0.718796 -0.632891
vn 0.287719 0.718796 -0.632891
vn 0.287719 0.718796 -0.632891
vn 0.350390 0.569571 -0.743516
vn 0.350390 0.569571 -0.743516
vn 0.350390 0.569571 -0.743516
vn 0.350390 0.569571 -0.743516
vn 0.399505 0.398846 -0.825420
vn 0.399505 0.398846 -0.825420
vn 0.399505 0.398846 -0.825420
vn 0.399505 0.398846 -0.825420
vn 0.392795 0.724724 -0.566116
vn 0.392795 0.724724 -0.566116
vn 0.392795 0.724724 -0.566116
vn 0.392795 0.724724 -0.566116
vn 0.478370 0.576764 -0.662197
vn 0.478370 0.576764 -0.662197
vn 0.478370 0.576764 -0.662197
vn 0.478370 0.576764 -0.662197
vn 0.545383 0.407084 -0.732693
vn 0.545383 0.407084 -0.732693
vn 0.545383 0.407084 -0.732693
vn 0.545383 0.407084 -0.732693
vn 0.591511 0.222008 -0.775130
vn 0.591511 0.222008 -0.775130
vn 0.591511 0.222008 -0.775130
vn 0.591511 0.222008 -0.775130
vn 0.615053 0.028705 -0.787963
vn 0.615053 0.028705 -0.787963
vn 0.615053 0.028705 -0.787963
vn 0.615053 0.028705 -0.787963
vn 0.060404 0.984503 -0.164634
vn 0.060404 0.984503 -0.164634
vn 0.060404 0.984503 -0.164634
vn 0.179780 0.932766 -0.312454
vn 0.179780 0.932766 -0.312454
vn 0.179780 0.932766 -0.312454
vn 0.179780 0.932766 -0.312454
vn 0.291979 0.845040 -0.447946
vn 0.291979 0.845040 -0.447946
vn 0.291979 0.845040 -0.447946
vn 0.291979 0.845040 -0.447946
vn 0.755808 0.040627 -0.653531
vn 0.755808 0.040627 -0.653531
vn 0.755808 0.040627 -0.653531
vn 0.755808 0.040627 -0.653531
vn 0.074358 0.985684 -0.151318
vn 0.074358 0.985684 -0.151318
vn 0.074358 0.985684 -0.151318
vn 0.220992 0.936294 -0.272976
vn 0.220992 0.936294 -0.272976
vn 0.220992 0.936294 -0.272976
vn 0.220992 0.936294 -0.272976
vn 0.358991 0.850656 -0.384069
vn 0.358991 0.850656 -0.384069
vn 0.358991 0.850656 -0.384069
vn 0.358991 0.850656 -0.384069
vn 0.482832 0.732411 -0.480050
vn 0.482832 0.732411 -0.480050
vn 0.482832 0.732411 -0.480050
vn 0.482832 0.732411 -0.480050
vn 0.587934 0.586143 -0.557468
vn 0.587934 0.586143 -0.557468
vn 0.587934 0.586143 -0.557468
vn 0.587934 0.586143 -0.557468
vn 0.670263 0.417672 -0.613431
vn 0.670263 0.417672 -0.613431
vn 0.670263 0.417672 -0.613431
vn 0.670263 0.417672 -0.613431
vn 0.726936 0.233466 -0.645801
vn 0.726936 0.233466 -0.645801
vn 0.726936 0.233466 -0.645801
vn 0.726936 0.233466 -0.645801
vn 0.554318 0.741373 -0.378283
vn 0.554318 0.741373 -0.378283
vn 0.554318 0.741373 -0.378283
vn 0.554318 0.741373 -0.378283
vn 0.674938 0.597083 -0.433533
vn 0.674938 0.597083 -0.433533
vn 0.674938 0.597083 -0.433533
vn 0.674938 0.597083 -0.433533
vn 0.769477 0.430165 -0.472083
vn 0.769477 0.430165 -0.472083
vn 0.769477 0.430165 -0.472083
vn 0.769477 0.430165 -0.472083
vn 0.834474 0.247024 -0.492578
vn 0.834474 0.247024 -0.492578
vn 0.834474 0.247024 -0.492578
vn 0.834474 0.247024 -0.492578
vn 0.867616 0.054709 -0.494215
vn 0.867616 0.054709 -0.494215
vn 0.867616 0.054709 -0.494215
vn 0.867616 0.054709 -0.494215
vn 0.085382 0.987095 -0.135474
vn 0.085382 0.987095 -0.135474
vn 0.085382 0.987095 -0.135474
vn 0.253706 0.940423 -0.226359
vn 0.253706 0.940423 -0.226359
vn 0.253706 0.940423 -0.226359
vn 0.253706 0.940423 -0.226359
vn 0.412106 0.857380 -0.308331
vn 0.412106 0.857380 -0.308331
vn 0.412106 0.857380 -0.308331
vn 0.412106 0.857380 -0.308331
vn 0.946027 0.070484 -0.316329
vn 0.946027 0.070484 -0.316329
vn 0.946027 0.070484 -0.316329
vn 0.946027 0.070484 -0.316329
vn 0.093146 0.988644 -0.117925
vn 0.093146 0.988644 -0.117925
vn 0.093146 0.988644 -0.117925
vn 0.276740 0.945011 -0.174267
vn 0.276740 0.945011 -0.174267
vn 0.276740 0.945011 -0.174267
vn 0.276740 0.945011 -0.174267
vn 0.449403 0.864854 -0.223749
vn 0.449403 0.864854 -0.223749
vn 0.449403 0.864854 -0.223749
vn 0.449403 0.864854 -0.223749
vn 0.604432 0.751467 -0.264498
vn 0.604432 0.751467 -0.264498
vn 0.604432 0.751467 -0.264498
vn 0.604432 0.751467 -0.264498
vn 0.735957 0.609348 -0.295065
vn 0.735957 0.609348 -0.295065
vn 0.735957 0.609348 -0.295065
vn 0.735957 0.609348 -0.295065
vn 0.839025 0.444149 -0.314274
vn 0.839025 0.444149 -0.314274
vn 0.839025 0.444149 -0.314274
vn 0.839025 0.444149 -0.314274
vn 0.909927 0.262228 -0.321356
vn 0.909927 0.262228 -0.321356
vn 0.909927 0.262228 -0.321356
vn 0.909927 0.262228 -0.321356
vn 0.768750 0.622333 -0.147395
vn 0.768750 0.622333 -0.147395
vn 0.768750 0.622333 -0.147395
vn 0.768750 0.622333 -0.147395
vn 0.876396 0.458958 -0.145900
vn 0.876396 0.458958 -0.145900
vn 0.876396 0.458958 -0.145900
vn 0.876396 0.458958 -0.145900
vn 0.950400 0.278309 -0.138864
vn 0.950400 0.278309 -0.138864
vn 0.950400 0.278309 -0.138864
vn 0.950400 0.278309 -0.138864
vn 0.988122 0.087266 -0.126487
vn 0.988122 0.087266 -0.126487
vn 0.988122 0.087266 -0.126487
vn 0.988122 0.087266 -0.126487
vn 0.097311 0.990306 -0.099123
vn 0.097311 0.990306 -0.099123
vn 0.097311 0.990306 -0.099123
vn 0.289023 0.949943 -0.118633
vn 0.289023 0.949943 -0.118633
vn 0.289023 0.949943 -0.118633
vn 0.289023 0.949943 -0.118633
vn 0.469376 0.872848 -0.133500
vn 0.469376 0.872848 -0.133500
vn 0.469376 0.872848 -0.133500
vn 0.469376 0.872848 -0.133500
vn 0.631309 0.762195 -0.143202
vn 0.631309 0.762195 -0.143202
vn 0.631309 0.762195 -0.143202
vn 0.631309 0.762195 -0.143202
vn 0.097732 0.991995 -0.079960
vn 0.097732 0.991995 -0.079960
vn 0.097732 0.991995 -0.079960
vn 0.290237 0.954965 -0.061677
vn 0.290237 0.954965 -0.061677
vn 0.290237 0.954965 -0.061677
vn 0.290237 0.954965 -0.061677
vn 0.471320 0.881001 -0.041176
vn 0.471320 0.881001 -0.041176
vn 0.471320 0.881001 -0.041176
vn 0.471320 0.881001 -0.041176
vn 0.633934 0.773154 -0.018980
vn 0.633934 0.773154 -0.018980
vn 0.633934 0.773154 -0.018980
vn 0.633934 0.773154 -0.018980
vn 0.771896 0.635738 0.003854
vn 0.771896 0.635738 0.003854
vn 0.771896 0.635738 0.003854
vn 0.771896 0.635738 0.003854
vn 0.880012 0.474215 0.026425
vn 0.880012 0.474215 0.026425
vn 0.880012 0.474215 0.026425
vn 0.880012 0.474215 0.026425
vn 0.954345 0.294806 0.048113
vn 0.954345 0.294806 0.048113
vn 0.954345 0.294806 0.048113
vn 0.954345 0.294806 0.048113
vn 0.992225 0.104399 0.067745
vn 0.992225 0.104399 0.067745
vn 0.992225 0.104399 0.067745
vn 0.992225 0.104399 0.067745
vn 0.745430 0.648844 0.152762
vn 0.745430 0.648844 0.152762
vn 0.745430 0.648844 0.152762
vn 0.745430 0.648844 0.152762
vn 0.849852 0.489131 0.196222
vn 0.849852 0.489131 0.196222
vn 0.849852 0.489131 0.196222
vn 0.849852 0.489131 0.196222
vn 0.921639 0.310985 0.232098
vn 0.921639 0.310985 0.232098
vn 0.921639 0.310985 0.232098
vn 0.921639 0.310985 0.232098
vn 0.958207 0.121246 0.259113
vn 0.958207 0.121246 0.259113
vn 0.958207 0.121246 0.259113
vn 0.958207 0.121246 0.259113
vn 0.094358 0.993669 -0.060971
vn 0.094358 0.993669 -0.060971
vn 0.094358 0.993669 -0.060971
vn 0.280274 0.959904 -0.005608
vn 0.280274 0.959904 -0.005608
vn 0.280274 0.959904 -0.005608
vn 0.280274 0.959904 -0.005608
vn 0.455126 0.889030 0.049868
vn 0.455126 0.889030 0.049868
vn 0.455126 0.889030 0.049868
vn 0.455126 0.889030 0.049868
vn 0.612197 0.783926 0.103324
vn 0.612197 0.783926 0.103324
vn 0.612197 0.783926 0.103324
vn 0.612197 0.783926 0.103324
vn 0.259578 0.964556 0.047445
vn 0.259578 0.964556 0.047445
vn 0.259578 0.964556 0.047445
vn 0.259578 0.964556 0.047445
vn 0.421486 0.896592 0.135913
vn 0.421486 0.896592 0.135913
vn 0.421486 0.896592 0.135913
vn 0.421486 0.896592 0.135913
vn 0.566907 0.794096 0.219154
vn 0.566907 0.794096 0.219154
vn 0.566907 0.794096 0.219154
vn 0.566907 0.794096 0.219154
vn 0.690290 0.661239 0.293705
vn 0.690290 0.661239 0.293705
vn 0.690290 0.661239 0.293705
vn 0.690290 0.661239 0.293705
vn 0.786946 0.503355 0.356861
vn 0.786946 0.503355 0.356861
vn 0.786946 0.503355 0.356861
vn 0.786946 0.503355 0.356861
vn 0.853430 0.326382 0.406364
vn 0.853430 0.326382 0.406364
vn 0.853430 0.326382 0.406364
vn 0.853430 0.326382 0.406364
vn 0.887352 0.137135 0.440227
vn 0.887352 0.137135 0.440227
vn 0.887352 0.137135 0.440227
vn 0.887352 0.137135 0.440227
vn 0.087361 0.995247 -0.043032
vn 0.087361 0.995247 -0.043032
vn 0.087361 0.995247 -0.043032
vn 0.713510 0.567948 0.410291
vn 0.713510 0.567948 0.410291
vn 0.713510 0.567948 0.410291
vn 0.713510 0.567948 0.410291
vn 0.774310 0.314255 0.549261
vn 0.774310 0.314255 0.549261
vn 0.774310 0.314255 0.549261
vn 0.774310 0.314255 0.549261
vn 0.782373 0.151632 0.604069
vn 0.782373 0.151632 0.604069
vn 0.782373 0.151632 0.604069
vn 0.782373 0.151632 0.604069
vn 0.076944 0.996673 -0.026882
vn 0.076944 0.996673 -0.026882
vn 0.076944 0.996673 -0.026882
vn 0.228802 0.968791 0.095361
vn 0.228802 0.968791 0.095361
vn 0.228802 0.968791 0.095361
vn 0.228802 0.968791 0.095361
vn 0.371616 0.903437 0.213780
vn 0.371616 0.903437 0.213780
vn 0.371616 0.903437 0.213780
vn 0.371616 0.903437 0.213780
vn 0.499855 0.803288 0.323841
vn 0.499855 0.803288 0.323841
vn 0.499855 0.803288 0.323841
vn 0.499855 0.803288 0.323841
vn 0.608592 0.672452 0.421218
vn 0.608592 0.672452 0.421218
vn 0.608592 0.672452 0.421218
vn 0.608592 0.672452 0.421218
vn 0.307381 0.909281 0.280578
vn 0.307381 0.909281 0.280578
vn 0.307381 0.909281 0.280578
vn 0.307381 0.909281 0.280578
vn 0.413485 0.811167 0.413567
vn 0.413485 0.811167 0.413567
vn 0.413485 0.811167 0.413567
vn 0.413485 0.811167 0.413567
vn 0.503545 0.682062 0.530314
vn 0.503545 0.682062 0.530314
vn 0.503545 0.682062 0.530314
vn 0.503545 0.682062 0.530314
vn 0.994965 -0.090001 0.044082
vn 0.994965 -0.090001 0.044082
vn 0.994965 -0.090001 0.044082
vn 0.994965 -0.090001 0.044082
vn 0.994965 -0.090001 0.044082
vn 0.647375 0.163899 0.744341
vn 0.647375 0.163899 0.744341
vn 0.647375 0.163899 0.744341
vn 0.647375 0.163899 0.744341
vn 0.063618 0.997891 -0.012933
vn 0.063618 0.997891 -0.012933
vn 0.063618 0.997891 -0.012933
vn 0.189259 0.972389 0.136533
vn 0.189259 0.972389 0.136533
vn 0.189259 0.972389 0.136533
vn 0.189259 0.972389 0.136533
vn 0.487452 0.173621 0.855714
vn 0.487452 0.173621 0.855714
vn 0.487452 0.173621 0.855714
vn 0.487452 0.173621 0.855714
vn 0.047783 0.998856 -0.001979
vn 0.047783 0.998856 -0.001979
vn 0.047783 0.998856 -0.001979
vn 0.142415 0.975246 0.169153
vn 0.142415 0.975246 0.169153
vn 0.142415 0.975246 0.169153
vn 0.142415 0.975246 0.169153
vn 0.231422 0.913904 0.333500
vn 0.231422 0.913904 0.333500
vn 0.231422 0.913904 0.333500
vn 0.231422 0.913904 0.333500
vn 0.311264 0.817423 0.484699
vn 0.311264 0.817423 0.484699
vn 0.311264 0.817423 0.484699
vn 0.311264 0.817423 0.484699
vn 0.379098 0.689642 0.616992
vn 0.379098 0.689642 0.616992
vn 0.379098 0.689642 0.616992
vn 0.379098 0.689642 0.616992
vn -0.201611 0.471058 0.858753
vn -0.201611 0.471058 0.858753
vn -0.201611 0.471058 0.858753
vn -0.201611 0.471058 0.858753
vn 0.146426 0.917177 0.370602
vn 0.146426 0.917177 0.370602
vn 0.146426 0.917177 0.370602
vn 0.146426 0.917177 0.370602
vn 0.197138 0.821749 0.534663
vn 0.197138 0.821749 0.534663
vn 0.197138 0.821749 0.534663
vn 0.197138 0.821749 0.534663
vn 0.240052 0.694948 0.677807
vn 0.240052 0.694948 0.677807
vn 0.240052 0.694948 0.677807
vn 0.240052 0.694948 0.677807
vn -0.562336 -0.660849 0.497049
vn -0.562336 -0.660849 0.497049
vn -0.562336 -0.660849 0.497049
vn -0.562336 -0.660849 0.497049
vn 0.308786 0.180476 0.933852
vn 0.308786 0.180476 0.933852
vn 0.308786 0.180476 0.933852
vn 0.308786 0.180476 0.933852
vn 0.030119 0.999529 0.005821
vn 0.030119 0.999529 0.005821
vn 0.030119 0.999529 0.005821
vn 0.089999 0.977261 0.191993
vn 0.089999 0.977261 0.191993
vn 0.089999 0.977261 0.191993
vn 0.089999 0.977261 0.191993
vn 0.197897 0.385025 0.901439
vn 0.197897 0.385025 0.901439
vn 0.197897 0.385025 0.901439
vn 0.197897 0.385025 0.901439
vn 0.118335 0.184043 0.975769
vn 0.118335 0.184043 0.975769
vn 0.118335 0.184043 0.975769
vn 0.118335 0.184043 0.975769
vn 0.011211 0.999888 0.009948
vn 0.011211 0.999888 0.009948
vn 0.011211 0.999888 0.009948
vn 0.034197 0.978306 0.204321
vn 0.034197 0.978306 0.204321
vn 0.034197 0.978306 0.204321
vn 0.034197 0.978306 0.204321
vn 0.055868 0.918861 0.390605
vn 0.055868 0.918861 0.390605
vn 0.055868 0.918861 0.390605
vn 0.055868 0.918861 0.390605
vn 0.075319 0.824080 0.561443
vn 0.075319 0.824080 0.561443
vn 0.075319 0.824080 0.561443
vn 0.075319 0.824080 0.561443
vn 0.212724 0.759049 0.615300
vn 0.212724 0.759049 0.615300
vn 0.212724 0.759049 0.615300
vn 0.212724 0.759049 0.615300
vn 0.335337 0.405008 0.850598
vn 0.335337 0.405008 0.850598
vn 0.335337 0.405008 0.850598
vn 0.335337 0.405008 0.850598
vn -0.049379 0.824254 0.564063
vn -0.049379 0.824254 0.564063
vn -0.049379 0.824254 0.564063
vn -0.049379 0.824254 0.564063
vn -0.184615 0.759583 0.623659
vn -0.184615 0.759583 0.623659
vn -0.184615 0.759583 0.623659
vn -0.184615 0.759583 0.623659
vn -0.298236 0.405869 0.863902
vn -0.298236 0.405869 0.863902
vn -0.298236 0.405869 0.863902
vn -0.298236 0.405869 0.863902
vn -0.158807 0.385543 0.908921
vn -0.158807 0.385543 0.908921
vn -0.158807 0.385543 0.908921
vn -0.158807 0.385543 0.908921
vn -0.076783 0.184300 0.979866
vn -0.076783 0.184300 0.979866
vn -0.076783 0.184300 0.979866
vn -0.076783 0.184300 0.979866
vn -0.008020 0.999914 0.010347
vn -0.008020 0.999914 0.010347
vn -0.008020 0.999914 0.010347
vn -0.022890 0.978391 0.205493
vn -0.022890 0.978391 0.205493
vn -0.022890 0.978391 0.205493
vn -0.022890 0.978391 0.205493
vn -0.036891 0.919011 0.392502
vn -0.036891 0.919011 0.392502
vn -0.036891 0.919011 0.392502
vn -0.036891 0.919011 0.392502
vn -0.268855 0.181292 0.945965
vn -0.268855 0.181292 0.945965
vn -0.268855 0.181292 0.945965
vn -0.268855 0.181292 0.945965
vn -0.027064 0.999609 0.006978
vn -0.027064 0.999609 0.006978
vn -0.027064 0.999609 0.006978
vn -0.079236 0.977482 0.195579
vn -0.079236 0.977482 0.195579
vn -0.079236 0.977482 0.195579
vn -0.079236 0.977482 0.195579
vn -0.128187 0.917552 0.376387
vn -0.128187 0.917552 0.376387
vn -0.128187 0.917552 0.376387
vn -0.128187 0.917552 0.376387
vn -0.172200 0.822279 0.542407
vn -0.172200 0.822279 0.542407
vn -0.172200 0.822279 0.542407
vn -0.172200 0.822279 0.542407
vn -0.209474 0.695567 0.687246
vn -0.209474 0.695567 0.687246
vn -0.209474 0.695567 0.687246
vn -0.209474 0.695567 0.687246
vn -0.353151 0.542062 0.762530
vn -0.353151 0.542062 0.762530
vn -0.353151 0.542062 0.762530
vn -0.353151 0.542062 0.762530
vn -0.288422 0.818229 0.497307
vn -0.288422 0.818229 0.497307
vn -0.288422 0.818229 0.497307
vn -0.288422 0.818229 0.497307
vn -0.350981 0.690641 0.632319
vn -0.350981 0.690641 0.632319
vn -0.350981 0.690641 0.632319
vn -0.350981 0.690641 0.632319
vn 0.386386 0.540996 0.747013
vn 0.386386 0.540996 0.747013
vn 0.386386 0.540996 0.747013
vn 0.386386 0.540996 0.747013
vn -0.450637 0.174946 0.875397
vn -0.450637 0.174946 0.875397
vn -0.450637 0.174946 0.875397
vn -0.450637 0.174946 0.875397
vn -0.045043 0.998985 0.000026
vn -0.045043 0.998985 0.000026
vn -0.045043 0.998985 0.000026
vn -0.132424 0.975649 0.174853
vn -0.132424 0.975649 0.174853
vn -0.132424 0.975649 0.174853
vn -0.132424 0.975649 0.174853
vn -0.214614 0.914553 0.342833
vn -0.214614 0.914553 0.342833
vn -0.214614 0.914553 0.342833
vn -0.214614 0.914553 0.342833
vn -0.615093 0.165637 0.770860
vn -0.615093 0.165637 0.770860
vn -0.615093 0.165637 0.770860
vn -0.615093 0.165637 0.770860
vn -0.061301 0.998066 -0.010365
vn -0.061301 0.998066 -0.010365
vn -0.061301 0.998066 -0.010365
vn -0.180676 0.972898 0.144307
vn -0.180676 0.972898 0.144307
vn -0.180676 0.972898 0.144307
vn -0.180676 0.972898 0.144307
vn -0.292824 0.910117 0.293157
vn -0.292824 0.910117 0.293157
vn -0.292824 0.910117 0.293157
vn -0.292824 0.910117 0.293157
vn -0.393519 0.812339 0.430404
vn -0.393519 0.812339 0.430404
vn -0.393519 0.812339 0.430404
vn -0.393519 0.812339 0.430404
vn -0.478955 0.683377 0.550998
vn -0.478955 0.683377 0.550998
vn -0.478955 0.683377 0.550998
vn -0.478955 0.683377 0.550998
vn -0.468165 0.623234 0.626419
vn -0.468165 0.623234 0.626419
vn -0.468165 0.623234 0.626419
vn -0.468165 0.623234 0.626419
vn -0.588549 0.674134 0.446265
vn -0.588549 0.674134 0.446265
vn -0.588549 0.674134 0.446265
vn -0.588549 0.674134 0.446265
vn -0.694031 0.569903 0.439922
vn -0.694031 0.569903 0.439922
vn -0.694031 0.569903 0.439922
vn -0.694031 0.569903 0.439922
vn -0.749666 0.316380 0.581296
vn -0.749666 0.316380 0.581296
vn -0.749666 0.316380 0.581296
vn -0.749666 0.316380 0.581296
vn -0.755892 0.153716 0.636394
vn -0.755892 0.153716 0.636394
vn -0.755892 0.153716 0.636394
vn -0.755892 0.153716 0.636394
vn -0.075252 0.996883 -0.023685
vn -0.075252 0.996883 -0.023685
vn -0.075252 0.996883 -0.023685
vn -0.221859 0.969418 0.104917
vn -0.221859 0.969418 0.104917
vn -0.221859 0.969418 0.104917
vn -0.221859 0.969418 0.104917
vn -0.359780 0.904454 0.229174
vn -0.359780 0.904454 0.229174
vn -0.359780 0.904454 0.229174
vn -0.359780 0.904454 0.229174
vn -0.483612 0.804657 0.344452
vn -0.483612 0.804657 0.344452
vn -0.483612 0.804657 0.344452
vn -0.483612 0.804657 0.344452
vn -0.254616 0.965289 0.058214
vn -0.254616 0.965289 0.058214
vn -0.254616 0.965289 0.058214
vn -0.254616 0.965289 0.058214
vn -0.412903 0.897758 0.153435
vn -0.412903 0.897758 0.153435
vn -0.412903 0.897758 0.153435
vn -0.412903 0.897758 0.153435
vn -0.555025 0.795640 0.242702
vn -0.555025 0.795640 0.242702
vn -0.555025 0.795640 0.242702
vn -0.555025 0.795640 0.242702
vn -0.675521 0.663167 0.322307
vn -0.675521 0.663167 0.322307
vn -0.675521 0.663167 0.322307
vn -0.675521 0.663167 0.322307
vn -0.769898 0.505461 0.389571
vn -0.769898 0.505461 0.389571
vn -0.769898 0.505461 0.389571
vn -0.769898 0.505461 0.389571
vn -0.834772 0.328712 0.441706
vn -0.834772 0.328712 0.441706
vn -0.834772 0.328712 0.441706
vn -0.834772 0.328712 0.441706
vn -0.867685 0.139630 0.477102
vn -0.867685 0.139630 0.477102
vn -0.867685 0.139630 0.477102
vn -0.867685 0.139630 0.477102
vn -0.086346 0.995485 -0.039429
vn -0.086346 0.995485 -0.039429
vn -0.086346 0.995485 -0.039429
vn -0.839502 0.491487 0.231685
vn -0.839502 0.491487 0.231685
vn -0.839502 0.491487 0.231685
vn -0.839502 0.491487 0.231685
vn -0.910201 0.313568 0.270572
vn -0.910201 0.313568 0.270572
vn -0.910201 0.313568 0.270572
vn -0.910201 0.313568 0.270572
vn -0.946145 0.123920 0.299087
vn -0.946145 0.123920 0.299087
vn -0.946145 0.123920 0.299087
vn -0.946145 0.123920 0.299087
vn -0.094109 0.993930 -0.056978
vn -0.094109 0.993930 -0.056978
vn -0.094109 0.993930 -0.056978
vn -0.277633 0.960668 0.006115
vn -0.277633 0.960668 0.006115
vn -0.277633 0.960668 0.006115
vn -0.277633 0.960668 0.006115
vn -0.450203 0.890268 0.068851
vn -0.450203 0.890268 0.068851
vn -0.450203 0.890268 0.068851
vn -0.450203 0.890268 0.068851
vn -0.605146 0.785612 0.128891
vn -0.605146 0.785612 0.128891
vn -0.605146 0.785612 0.128891
vn -0.605146 0.785612 0.128891
vn -0.736577 0.650885 0.183855
vn -0.736577 0.650885 0.183855
vn -0.736577 0.650885 0.183855
vn -0.736577 0.650885 0.183855
vn -0.289920 0.955769 -0.049522
vn -0.289920 0.955769 -0.049522
vn -0.289920 0.955769 -0.049522
vn -0.289920 0.955769 -0.049522
vn -0.470272 0.882263 -0.021374
vn -0.470272 0.882263 -0.021374
vn -0.470272 0.882263 -0.021374
vn -0.470272 0.882263 -0.021374
vn -0.632084 0.774862 0.007618
vn -0.632084 0.774862 0.007618
vn -0.632084 0.774862 0.007618
vn -0.632084 0.774862 0.007618
vn -0.769325 0.637831 0.036200
vn -0.769325 0.637831 0.036200
vn -0.769325 0.637831 0.036200
vn -0.769325 0.637831 0.036200
vn -0.876842 0.476588 0.063338
vn -0.876842 0.476588 0.063338
vn -0.876842 0.476588 0.063338
vn -0.876842 0.476588 0.063338
vn -0.950662 0.297463 0.088080
vn -0.950662 0.297463 0.088080
vn -0.950662 0.297463 0.088080
vn -0.950662 0.297463 0.088080
vn -0.988218 0.107072 0.109365
vn -0.988218 0.107072 0.109365
vn -0.988218 0.107072 0.109365
vn -0.988218 0.107072 0.109365
vn -0.098278 0.992270 -0.075778
vn -0.098278 0.992270 -0.075778
vn -0.098278 0.992270 -0.075778
vn -0.880464 0.461411 -0.109007
vn -0.880464 0.461411 -0.109007
vn -0.880464 0.461411 -0.109007
vn -0.880464 0.461411 -0.109007
vn -0.954604 0.280980 -0.098898
vn -0.954604 0.280980 -0.098898
vn -0.954604 0.280980 -0.098898
vn -0.954604 0.280980 -0.098898
vn -0.992325 0.089940 -0.084867
vn -0.992325 0.089940 -0.084867
vn -0.992325 0.089940 -0.084867
vn -0.992325 0.089940 -0.084867
vn -0.098627 0.990574 -0.095063
vn -0.098627 0.990574 -0.095063
vn -0.098627 0.990574 -0.095063
vn -0.291125 0.950741 -0.106477
vn -0.291125 0.950741 -0.106477
vn -0.291125 0.950741 -0.106477
vn -0.291125 0.950741 -0.106477
vn -0.472179 0.874136 -0.113722
vn -0.472179 0.874136 -0.113722
vn -0.472179 0.874136 -0.113722
vn -0.472179 0.874136 -0.113722
vn -0.634717 0.763898 -0.116599
vn -0.634717 0.763898 -0.116599
vn -0.634717 0.763898 -0.116599
vn -0.634717 0.763898 -0.116599
vn -0.772504 0.624512 -0.114984
vn -0.772504 0.624512 -0.114984
vn -0.772504 0.624512 -0.114984
vn -0.772504 0.624512 -0.114984
vn -0.456013 0.866100 -0.204750
vn -0.456013 0.866100 -0.204750
vn -0.456013 0.866100 -0.204750
vn -0.456013 0.866100 -0.204750
vn -0.612926 0.753146 -0.238941
vn -0.612926 0.753146 -0.238941
vn -0.612926 0.753146 -0.238941
vn -0.612926 0.753146 -0.238941
vn -0.746015 0.611373 -0.263978
vn -0.746015 0.611373 -0.263978
vn -0.746015 0.611373 -0.263978
vn -0.746015 0.611373 -0.263978
vn -0.850302 0.446401 -0.278768
vn -0.850302 0.446401 -0.278768
vn -0.850302 0.446401 -0.278768
vn -0.850302 0.446401 -0.278768
vn -0.921898 0.264670 -0.282937
vn -0.921898 0.264670 -0.282937
vn -0.921898 0.264670 -0.282937
vn -0.921898 0.264670 -0.282937
vn -0.958286 0.073069 -0.276314
vn -0.958286 0.073069 -0.276314
vn -0.958286 0.073069 -0.276314
vn -0.958286 0.073069 -0.276314
vn -0.095327 0.988907 -0.113911
vn -0.095327 0.988907 -0.113911
vn -0.095327 0.988907 -0.113911
vn -0.281167 0.945793 -0.162546
vn -0.281167 0.945793 -0.162546
vn -0.281167 0.945793 -0.162546
vn -0.281167 0.945793 -0.162546
vn -0.853702 0.249407 -0.457153
vn -0.853702 0.249407 -0.457153
vn -0.853702 0.249407 -0.457153
vn -0.853702 0.249407 -0.457153
vn -0.887416 0.057180 -0.457409
vn -0.887416 0.057180 -0.457409
vn -0.887416 0.057180 -0.457409
vn -0.887416 0.057180 -0.457409
vn -0.088320 0.987328 -0.131847
vn -0.088320 0.987328 -0.131847
vn -0.088320 0.987328 -0.131847
vn -0.260440 0.941132 -0.215502
vn -0.260440 0.941132 -0.215502
vn -0.260440 0.941132 -0.215502
vn -0.260440 0.941132 -0.215502
vn -0.422297 0.858534 -0.290834
vn -0.422297 0.858534 -0.290834
vn -0.422297 0.858534 -0.290834
vn -0.422297 0.858534 -0.290834
vn -0.567602 0.742950 -0.354757
vn -0.567602 0.742950 -0.354757
vn -0.567602 0.742950 -0.354757
vn -0.567602 0.742950 -0.354757
vn -0.690896 0.598928 -0.404905
vn -0.690896 0.598928 -0.404905
vn -0.690896 0.598928 -0.404905
vn -0.690896 0.598928 -0.404905
vn -0.787419 0.432278 -0.439439
vn -0.787419 0.432278 -0.439439
vn -0.787419 0.432278 -0.439439
vn -0.787419 0.432278 -0.439439
vn -0.372405 0.851692 -0.368693
vn -0.372405 0.851692 -0.368693
vn -0.372405 0.851692 -0.368693
vn -0.372405 0.851692 -0.368693
vn -0.500573 0.733720 -0.459436
vn -0.500573 0.733720 -0.459436
vn -0.500573 0.733720 -0.459436
vn -0.500573 0.733720 -0.459436
vn -0.609169 0.587759 -0.532403
vn -0.609169 0.587759 -0.532403
vn -0.609169 0.587759 -0.532403
vn -0.609169 0.587759 -0.532403
vn -0.694288 0.419545 -0.584761
vn -0.694288 0.419545 -0.584761
vn -0.694288 0.419545 -0.584761
vn -0.694288 0.419545 -0.584761
vn -0.752787 0.235540 -0.614681
vn -0.752787 0.235540 -0.614681
vn -0.752787 0.235540 -0.614681
vn -0.752787 0.235540 -0.614681
vn -0.782486 0.042708 -0.621202
vn -0.782486 0.042708 -0.621202
vn -0.782486 0.042708 -0.621202
vn -0.782486 0.042708 -0.621202
vn -0.077934 0.985895 -0.148112
vn -0.077934 0.985895 -0.148112
vn -0.077934 0.985895 -0.148112
vn -0.229691 0.936906 -0.263532
vn -0.229691 0.936906 -0.263532
vn -0.229691 0.936906 -0.263532
vn -0.229691 0.936906 -0.263532
vn -0.622903 0.223658 -0.749646
vn -0.622903 0.223658 -0.749646
vn -0.622903 0.223658 -0.749646
vn -0.622903 0.223658 -0.749646
vn -0.647482 0.030447 -0.761472
vn -0.647482 0.030447 -0.761472
vn -0.647482 0.030447 -0.761472
vn -0.647482 0.030447 -0.761472
vn -0.064486 0.984685 -0.161976
vn -0.064486 0.984685 -0.161976
vn -0.064486 0.984685 -0.161976
vn -0.190132 0.933310 -0.304601
vn -0.190132 0.933310 -0.304601
vn -0.190132 0.933310 -0.304601
vn -0.190132 0.933310 -0.304601
vn -0.308215 0.845858 -0.435347
vn -0.308215 0.845858 -0.435347
vn -0.308215 0.845858 -0.435347
vn -0.308215 0.845858 -0.435347
vn -0.414181 0.725862 -0.549162
vn -0.414181 0.725862 -0.549162
vn -0.414181 0.725862 -0.549162
vn -0.414181 0.725862 -0.549162
vn -0.504137 0.578172 -0.641532
vn -0.504137 0.578172 -0.641532
vn -0.504137 0.578172 -0.641532
vn -0.504137 0.578172 -0.641532
vn -0.574552 0.408595 -0.709183
vn -0.574552 0.408595 -0.709183
vn -0.574552 0.408595 -0.709183
vn -0.574552 0.408595 -0.709183
vn -0.311983 0.719620 -0.620334
vn -0.311983 0.719620 -0.620334
vn -0.311983 0.719620 -0.620334
vn -0.311983 0.719620 -0.620334
vn -0.379669 0.570624 -0.728176
vn -0.379669 0.570624 -0.728176
vn -0.379669 0.570624 -0.728176
vn -0.379669 0.570624 -0.728176
vn -0.432720 0.399926 -0.807968
vn -0.432720 0.399926 -0.807968
vn -0.432720 0.399926 -0.807968
vn -0.432720 0.399926 -0.807968
vn -0.469073 0.214361 -0.856749
vn -0.469073 0.214361 -0.856749
vn -0.469073 0.214361 -0.856749
vn -0.469073 0.214361 -0.856749
vn -0.487557 0.020725 -0.872845
vn -0.487557 0.020725 -0.872845
vn -0.487557 0.020725 -0.872845
vn -0.487557 0.020725 -0.872845
vn -0.048678 0.983711 -0.173042
vn -0.048678 0.983711 -0.173042
vn -0.048678 0.983711 -0.173042
vn -0.143297 0.930432 -0.337286
vn -0.143297 0.930432 -0.337286
vn -0.143297 0.930432 -0.337286
vn -0.143297 0.930432 -0.337286
vn -0.232168 0.841225 -0.488302
vn -0.232168 0.841225 -0.488302
vn -0.232168 0.841225 -0.488302
vn -0.232168 0.841225 -0.488302
vn -0.308893 0.013871 -0.950996
vn -0.308893 0.013871 -0.950996
vn -0.308893 0.013871 -0.950996
vn -0.308893 0.013871 -0.950996
vn -0.030986 0.983045 -0.180728
vn -0.030986 0.983045 -0.180728
vn -0.030986 0.983045 -0.180728
vn -0.090892 0.928450 -0.360165
vn -0.090892 0.928450 -0.360165
vn -0.090892 0.928450 -0.360165
vn -0.090892 0.928450 -0.360165
vn -0.147305 0.837947 -0.525496
vn -0.147305 0.837947 -0.525496
vn -0.147305 0.837947 -0.525496
vn -0.147305 0.837947 -0.525496
vn -0.197839 0.715270 -0.670260
vn -0.197839 0.715270 -0.670260
vn -0.197839 0.715270 -0.670260
vn -0.197839 0.715270 -0.670260
vn -0.240647 0.565285 -0.789013
vn -0.240647 0.565285 -0.789013
vn -0.240647 0.565285 -0.789013
vn -0.240647 0.565285 -0.789013
vn -0.274243 0.393898 -0.877289
vn -0.274243 0.393898 -0.877289
vn -0.274243 0.393898 -0.877289
vn -0.274243 0.393898 -0.877289
vn -0.297277 0.207718 -0.931923
vn -0.297277 0.207718 -0.931923
vn -0.297277 0.207718 -0.931923
vn -0.297277 0.207718 -0.931923
vn -0.092392 0.562463 -0.821644
vn -0.092392 0.562463 -0.821644
vn -0.092392 0.562463 -0.821644
vn -0.092392 0.562463 -0.821644
vn -0.105236 0.390717 -0.914476
vn -0.105236 0.390717 -0.914476
vn -0.105236 0.390717 -0.914476
vn -0.105236 0.390717 -0.914476
vn -0.113967 0.204267 -0.972258
vn -0.113967 0.204267 -0.972258
vn -0.113967 0.204267 -0.972258
vn -0.113967 0.204267 -0.972258
vn -0.118437 0.010292 -0.992908
vn -0.118437 0.010292 -0.992908
vn -0.118437 0.010292 -0.992908
vn -0.118437 0.010292 -0.992908
vn -0.012174 0.982696 -0.184827
vn -0.012174 0.982696 -0.184827
vn -0.012174 0.982696 -0.184827
vn -0.035091 0.927375 -0.372484
vn -0.035091 0.927375 -0.372484
vn -0.035091 0.927375 -0.372484
vn -0.035091 0.927375 -0.372484
vn -0.056716 0.836259 -0.545393
vn -0.056716 0.836259 -0.545393
vn -0.056716 0.836259 -0.545393
vn -0.056716 0.836259 -0.545393
vn -0.076021 0.712986 -0.697044
vn -0.076021 0.712986 -0.697044
vn -0.076021 0.712986 -0.697044
vn -0.076021 0.712986 -0.697044
vn 0.580878 -0.662425 0.473048
vn 0.580878 -0.662425 0.473048
vn 0.580878 -0.662425 0.473048
vn 0.580878 -0.662425 0.473048
vn 0.395432 -0.744778 0.537531
vn 0.395432 -0.744778 0.537531
vn 0.395432 -0.744778 0.537531
vn 0.395432 -0.744778 0.537531
vn -0.992485 -0.087253 0.085793
vn -0.992485 -0.087253 0.085793
vn -0.992485 -0.087253 0.085793
vn -0.992485 -0.087253 0.085793
vn -0.992485 -0.087253 0.085793
vn -0.374613 -0.743649 0.553761
vn -0.374613 -0.743649 0.553761
vn -0.374613 -0.743649 0.553761
vn -0.374613 -0.743649 0.553761
vn -0.466590 -0.708248 0.529791
vn -0.466590 -0.708248 0.529791
vn -0.466590 -0.708248 0.529791
vn -0.466590 -0.708248 0.529791
vn -0.918667 0.327884 -0.220326
vn -0.918667 0.327884 -0.220326
vn -0.918667 0.327884 -0.220326
vn -0.918667 0.327884 -0.220326
vn -0.918667 0.327884 -0.220326
vn 0.495926 0.621843 0.606110
vn 0.495926 0.621843 0.606110
vn 0.495926 0.621843 0.606110
vn 0.495926 0.621843 0.606110
vn -0.166452 0.796853 -0.580792
vn -0.166452 0.796853 -0.580792
vn -0.166452 0.796853 -0.580792
vn -0.166452 0.796853 -0.580792
vn -0.277702 0.777568 -0.564154
vn -0.277702 0.777568 -0.564154
vn -0.277702 0.777568 -0.564154
vn -0.277702 0.777568 -0.564154
vn 0.238825 0.470471 0.849482
vn 0.238825 0.470471 0.849482
vn 0.238825 0.470471 0.849482
vn 0.238825 0.470471 0.849482
vn -0.401691 0.742620 -0.535873
vn -0.401691 0.742620 -0.535873
vn -0.401691 0.742620 -0.535873
vn -0.401691 0.742620 -0.535873
vn 0.380902 0.741554 -0.552278
vn 0.380902 0.741554 -0.552278
vn 0.380902 0.741554 -0.552278
vn 0.380902 0.741554 -0.552278
vn 0.256004 0.776771 -0.575403
vn 0.256004 0.776771 -0.575403
vn 0.256004 0.776771 -0.575403
vn 0.256004 0.776771 -0.575403
vn 0.144114 0.796385 -0.587369
vn 0.144114 0.796385 -0.587369
vn 0.144114 0.796385 -0.587369
vn 0.144114 0.796385 -0.587369
vn 0.486470 -0.709591 0.509733
vn 0.486470 -0.709591 0.509733
vn 0.486470 -0.709591 0.509733
vn 0.486470 -0.709591 0.509733
vn 0.679911 -0.011362 0.733207
vn 0.679911 -0.011362 0.733207
vn 0.679911 -0.011362 0.733207
vn 0.679911 -0.011362 0.733207
vn 0.540479 -0.115868 0.833341
vn 0.540479 -0.115868 0.833341
vn 0.540479 -0.115868 0.833341
vn 0.540479 -0.115868 0.833341
vn 0.383533 -0.192102 0.903327
vn 0.383533 -0.192102 0.903327
vn 0.383533 -0.192102 0.903327
vn 0.383533 -0.192102 0.903327
vn -0.343722 -0.179344 0.921787
vn -0.343722 -0.179344 0.921787
vn -0.343722 -0.179344 0.921787
vn -0.343722 -0.179344 0.921787
vn -0.503737 -0.102173 0.857794
vn -0.503737 -0.102173 0.857794
vn -0.503737 -0.102173 0.857794
vn -0.503737 -0.102173 0.857794
vn -0.646983 0.003168 0.762498
vn -0.646983 0.003168 0.762498
vn -0.646983 0.003168 0.762498
vn -0.646983 0.003168 0.762498
vn 0.909538 0.325299 -0.258691
vn 0.909538 0.325299 -0.258691
vn 0.909538 0.325299 -0.258691
vn 0.909538 0.325299 -0.258691
vn 0.909538 0.325299 -0.258691
vn 0.059988 -0.697935 -0.713644
vn 0.059988 -0.697935 -0.713644
vn 0.059988 -0.697935 -0.713644
vn 0.059988 -0.697935 -0.713644
vn 0.049379 -0.824254 -0.564063
vn 0.049379 -0.824254 -0.564063
vn 0.049379 -0.824254 -0.564063
vn 0.049379 -0.824254 -0.564063
vn 0.036891 -0.919011 -0.392502
vn 0.036891 -0.919011 -0.392502
vn 0.036891 -0.919011 -0.392502
vn 0.036891 -0.919011 -0.392502
vn 0.022890 -0.978391 -0.205493
vn 0.022890 -0.978391 -0.205493
vn 0.022890 -0.978391 -0.205493
vn 0.022890 -0.978391 -0.205493
vn 0.008020 -0.999914 -0.010347
vn 0.008020 -0.999914 -0.010347
vn 0.008020 -0.999914 -0.010347
vn 0.076783 -0.184300 -0.979866
vn 0.076783 -0.184300 -0.979866
vn 0.076783 -0.184300 -0.979866
vn 0.076783 -0.184300 -0.979866
vn 0.073943 -0.371694 -0.925406
vn 0.073943 -0.371694 -0.925406
vn 0.073943 -0.371694 -0.925406
vn 0.073943 -0.371694 -0.925406
vn 0.068225 -0.545120 -0.835578
vn 0.068225 -0.545120 -0.835578
vn 0.068225 -0.545120 -0.835578
vn 0.068225 -0.545120 -0.835578
vn 0.258733 -0.368729 -0.892802
vn 0.258733 -0.368729 -0.892802
vn 0.258733 -0.368729 -0.892802
vn 0.258733 -0.368729 -0.892802
vn 0.238651 -0.542422 -0.805496
vn 0.238651 -0.542422 -0.805496
vn 0.238651 -0.542422 -0.805496
vn 0.238651 -0.542422 -0.805496
vn 0.209474 -0.695567 -0.687246
vn 0.209474 -0.695567 -0.687246
vn 0.209474 -0.695567 -0.687246
vn 0.209474 -0.695567 -0.687246
vn 0.172200 -0.822279 -0.542407
vn 0.172200 -0.822279 -0.542407
vn 0.172200 -0.822279 -0.542407
vn 0.172200 -0.822279 -0.542407
vn 0.128187 -0.917552 -0.376387
vn 0.128187 -0.917552 -0.376387
vn 0.128187 -0.917552 -0.376387
vn 0.128187 -0.917552 -0.376387
vn 0.079236 -0.977482 -0.195579
vn 0.079236 -0.977482 -0.195579
vn 0.079236 -0.977482 -0.195579
vn 0.079236 -0.977482 -0.195579
vn 0.027064 -0.999609 -0.006978
vn 0.027064 -0.999609 -0.006978
vn 0.027064 -0.999609 -0.006978
vn 0.268855 -0.181292 -0.945965
vn 0.268855 -0.181292 -0.945965
vn 0.268855 -0.181292 -0.945965
vn 0.268855 -0.181292 -0.945965
vn 0.214614 -0.914553 -0.342833
vn 0.214614 -0.914553 -0.342833
vn 0.214614 -0.914553 -0.342833
vn 0.214614 -0.914553 -0.342833
vn 0.132424 -0.975649 -0.174853
vn 0.132424 -0.975649 -0.174853
vn 0.132424 -0.975649 -0.174853
vn 0.132424 -0.975649 -0.174853
vn 0.045043 -0.998985 -0.000026
vn 0.045043 -0.998985 -0.000026
vn 0.045043 -0.998985 -0.000026
vn 0.450637 -0.174946 -0.875397
vn 0.450637 -0.174946 -0.875397
vn 0.450637 -0.174946 -0.875397
vn 0.450637 -0.174946 -0.875397
vn 0.433577 -0.362732 -0.824886
vn 0.433577 -0.362732 -0.824886
vn 0.433577 -0.362732 -0.824886
vn 0.433577 -0.362732 -0.824886
vn 0.399946 -0.536803 -0.742890
vn 0.399946 -0.536803 -0.742890
vn 0.399946 -0.536803 -0.742890
vn 0.399946 -0.536803 -0.742890
vn 0.350981 -0.690641 -0.632319
vn 0.350981 -0.690641 -0.632319
vn 0.350981 -0.690641 -0.632319
vn 0.350981 -0.690641 -0.632319
vn 0.288422 -0.818229 -0.497307
vn 0.288422 -0.818229 -0.497307
vn 0.288422 -0.818229 -0.497307
vn 0.288422 -0.818229 -0.497307
vn 0.545820 -0.528541 -0.650173
vn 0.545820 -0.528541 -0.650173
vn 0.545820 -0.528541 -0.650173
vn 0.545820 -0.528541 -0.650173
vn 0.478955 -0.683377 -0.550998
vn 0.478955 -0.683377 -0.550998
vn 0.478955 -0.683377 -0.550998
vn 0.478955 -0.683377 -0.550998
vn 0.393519 -0.812339 -0.430404
vn 0.393519 -0.812339 -0.430404
vn 0.393519 -0.812339 -0.430404
vn 0.393519 -0.812339 -0.430404
vn 0.292824 -0.910117 -0.293157
vn 0.292824 -0.910117 -0.293157
vn 0.292824 -0.910117 -0.293157
vn 0.292824 -0.910117 -0.293157
vn 0.180676 -0.972898 -0.144307
vn 0.180676 -0.972898 -0.144307
vn 0.180676 -0.972898 -0.144307
vn 0.180676 -0.972898 -0.144307
vn 0.061301 -0.998066 0.010365
vn 0.061301 -0.998066 0.010365
vn 0.061301 -0.998066 0.010365
vn 0.615093 -0.165637 -0.770860
vn 0.615093 -0.165637 -0.770860
vn 0.615093 -0.165637 -0.770860
vn 0.615093 -0.165637 -0.770860
vn 0.591770 -0.353756 -0.724338
vn 0.591770 -0.353756 -0.724338
vn 0.591770 -0.353756 -0.724338
vn 0.591770 -0.353756 -0.724338
vn 0.221859 -0.969418 -0.104917
vn 0.221859 -0.969418 -0.104917
vn 0.221859 -0.969418 -0.104917
vn 0.221859 -0.969418 -0.104917
vn 0.075252 -0.996883 0.023685
vn 0.075252 -0.996883 0.023685
vn 0.075252 -0.996883 0.023685
vn 0.755892 -0.153716 -0.636394
vn 0.755892 -0.153716 -0.636394
vn 0.755892 -0.153716 -0.636394
vn 0.755892 -0.153716 -0.636394
vn 0.727248 -0.342280 -0.594941
vn 0.727248 -0.342280 -0.594941
vn 0.727248 -0.342280 -0.594941
vn 0.727248 -0.342280 -0.594941
vn 0.670764 -0.517943 -0.530859
vn 0.670764 -0.517943 -0.530859
vn 0.670764 -0.517943 -0.530859
vn 0.670764 -0.517943 -0.530859
vn 0.588549 -0.674134 -0.446265
vn 0.588549 -0.674134 -0.446265
vn 0.588549 -0.674134 -0.446265
vn 0.588549 -0.674134 -0.446265
vn 0.483612 -0.804657 -0.344452
vn 0.483612 -0.804657 -0.344452
vn 0.483612 -0.804657 -0.344452
vn 0.483612 -0.804657 -0.344452
vn 0.359780 -0.904454 -0.229174
vn 0.359780 -0.904454 -0.229174
vn 0.359780 -0.904454 -0.229174
vn 0.359780 -0.904454 -0.229174
vn 0.675521 -0.663167 -0.322307
vn 0.675521 -0.663167 -0.322307
vn 0.675521 -0.663167 -0.322307
vn 0.675521 -0.663167 -0.322307
vn 0.555025 -0.795640 -0.242702
vn 0.555025 -0.795640 -0.242702
vn 0.555025 -0.795640 -0.242702
vn 0.555025 -0.795640 -0.242702
vn 0.412903 -0.897758 -0.153435
vn 0.412903 -0.897758 -0.153435
vn 0.412903 -0.897758 -0.153435
vn 0.412903 -0.897758 -0.153435
vn 0.254616 -0.965289 -0.058214
vn 0.254616 -0.965289 -0.058214
vn 0.254616 -0.965289 -0.058214
vn 0.254616 -0.965289 -0.058214
vn 0.086346 -0.995485 0.039429
vn 0.086346 -0.995485 0.039429
vn 0.086346 -0.995485 0.039429
vn 0.867685 -0.139630 -0.477102
vn 0.867685 -0.139630 -0.477102
vn 0.867685 -0.139630 -0.477102
vn 0.867685 -0.139630 -0.477102
vn 0.834772 -0.328712 -0.441706
vn 0.834772 -0.328712 -0.441706
vn 0.834772 -0.328712 -0.441706
vn 0.834772 -0.328712 -0.441706
vn 0.769898 -0.505461 -0.389571
vn 0.769898 -0.505461 -0.389571
vn 0.769898 -0.505461 -0.389571
vn 0.769898 -0.505461 -0.389571
vn 0.094109 -0.993930 0.056978
vn 0.094109 -0.993930 0.056978
vn 0.094109 -0.993930 0.056978
vn 0.946145 -0.123920 -0.299087
vn 0.946145 -0.123920 -0.299087
vn 0.946145 -0.123920 -0.299087
vn 0.946145 -0.123920 -0.299087
vn 0.910201 -0.313568 -0.270572
vn 0.910201 -0.313568 -0.270572
vn 0.910201 -0.313568 -0.270572
vn 0.910201 -0.313568 -0.270572
vn 0.839502 -0.491487 -0.231685
vn 0.839502 -0.491487 -0.231685
vn 0.839502 -0.491487 -0.231685
vn 0.839502 -0.491487 -0.231685
vn 0.736577 -0.650885 -0.183855
vn 0.736577 -0.650885 -0.183855
vn 0.736577 -0.650885 -0.183855
vn 0.736577 -0.650885 -0.183855
vn 0.605146 -0.785612 -0.128891
vn 0.605146 -0.785612 -0.128891
vn 0.605146 -0.785612 -0.128891
vn 0.605146 -0.785612 -0.128891
vn 0.450203 -0.890268 -0.068851
vn 0.450203 -0.890268 -0.068851
vn 0.450203 -0.890268 -0.068851
vn 0.450203 -0.890268 -0.068851
vn 0.277633 -0.960668 -0.006115
vn 0.277633 -0.960668 -0.006115
vn 0.277633 -0.960668 -0.006115
vn 0.277633 -0.960668 -0.006115
vn 0.769325 -0.637831 -0.036200
vn 0.769325 -0.637831 -0.036200
vn 0.769325 -0.637831 -0.036200
vn 0.769325 -0.637831 -0.036200
vn 0.632084 -0.774862 -0.007618
vn 0.632084 -0.774862 -0.007618
vn 0.632084 -0.774862 -0.007618
vn 0.632084 -0.774862 -0.007618
vn 0.470272 -0.882263 0.021374
vn 0.470272 -0.882263 0.021374
vn 0.470272 -0.882263 0.021374
vn 0.470272 -0.882263 0.021374
vn 0.289920 -0.955769 0.049522
vn 0.289920 -0.955769 0.049522
vn 0.289920 -0.955769 0.049522
vn 0.289920 -0.955769 0.049522
vn 0.098278 -0.992270 0.075778
vn 0.098278 -0.992270 0.075778
vn 0.098278 -0.992270 0.075778
vn 0.988218 -0.107072 -0.109365
vn 0.988218 -0.107072 -0.109365
vn 0.988218 -0.107072 -0.109365
vn 0.988218 -0.107072 -0.109365
vn 0.950662 -0.297463 -0.088080
vn 0.950662 -0.297463 -0.088080
vn 0.950662 -0.297463 -0.088080
vn 0.950662 -0.297463 -0.088080
vn 0.876842 -0.476588 -0.063338
vn 0.876842 -0.476588 -0.063338
vn 0.876842 -0.476588 -0.063338
vn 0.876842 -0.476588 -0.063338
vn 0.098627 -0.990574 0.095063
vn 0.098627 -0.990574 0.095063
vn 0.098627 -0.990574 0.095063
vn 0.992325 -0.089940 0.084867
vn 0.992325 -0.089940 0.084867
vn 0.992325 -0.089940 0.084867
vn 0.992325 -0.089940 0.084867
vn 0.954604 -0.280980 0.098898
vn 0.954604 -0.280980 0.098898
vn 0.954604 -0.280980 0.098898
vn 0.954604 -0.280980 0.098898
vn 0.880464 -0.461411 0.109007
vn 0.880464 -0.461411 0.109007
vn 0.880464 -0.461411 0.109007
vn 0.880464 -0.461411 0.109007
vn 0.772504 -0.624512 0.114984
vn 0.772504 -0.624512 0.114984
vn 0.772504 -0.624512 0.114984
vn 0.772504 -0.624512 0.114984
vn 0.634717 -0.763898 0.116599
vn 0.634717 -0.763898 0.116599
vn 0.634717 -0.763898 0.116599
vn 0.634717 -0.763898 0.116599
vn 0.472179 -0.874136 0.113722
vn 0.472179 -0.874136 0.113722
vn 0.472179 -0.874136 0.113722
vn 0.472179 -0.874136 0.113722
vn 0.291125 -0.950741 0.106477
vn 0.291125 -0.950741 0.106477
vn 0.291125 -0.950741 0.106477
vn 0.291125 -0.950741 0.106477
vn 0.612926 -0.753146 0.238941
vn 0.612926 -0.753146 0.238941
vn 0.612926 -0.753146 0.238941
vn 0.612926 -0.753146 0.238941
vn 0.456013 -0.866100 0.204750
vn 0.456013 -0.866100 0.204750
vn 0.456013 -0.866100 0.204750
vn 0.456013 -0.866100 0.204750
vn 0.281167 -0.945793 0.162546
vn 0.281167 -0.945793 0.162546
vn 0.281167 -0.945793 0.162546
vn 0.281167 -0.945793 0.162546
vn 0.095327 -0.988907 0.113911
vn 0.095327 -0.988907 0.113911
vn 0.095327 -0.988907 0.113911
vn 0.958286 -0.073069 0.276314
vn 0.958286 -0.073069 0.276314
vn 0.958286 -0.073069 0.276314
vn 0.958286 -0.073069 0.276314
vn 0.921867 -0.264757 0.282956
vn 0.921867 -0.264757 0.282956
vn 0.921867 -0.264757 0.282956
vn 0.921867 -0.264757 0.282956
vn 0.850302 -0.446401 0.278768
vn 0.850302 -0.446401 0.278768
vn 0.850302 -0.446401 0.278768
vn 0.850302 -0.446401 0.278768
vn 0.746015 -0.611373 0.263978
vn 0.746015 -0.611373 0.263978
vn 0.746015 -0.611373 0.263978
vn 0.746015 -0.611373 0.263978
vn 0.887416 -0.057180 0.457409
vn 0.887416 -0.057180 0.457409
vn 0.887416 -0.057180 0.457409
vn 0.887416 -0.057180 0.457409
vn 0.853702 -0.249407 0.457153
vn 0.853702 -0.249407 0.457153
vn 0.853702 -0.249407 0.457153
vn 0.853702 -0.249407 0.457153
vn 0.787419 -0.432278 0.439439
vn 0.787419 -0.432278 0.439439
vn 0.787419 -0.432278 0.439439
vn 0.787419 -0.432278 0.439439
vn 0.690896 -0.598928 0.404905
vn 0.690896 -0.598928 0.404905
vn 0.690896 -0.598928 0.404905
vn 0.690896 -0.598928 0.404905
vn 0.567602 -0.742950 0.354757
vn 0.567602 -0.742950 0.354757
vn 0.567602 -0.742950 0.354757
vn 0.567602 -0.742950 0.354757
vn 0.422297 -0.858534 0.290834
vn 0.422297 -0.858534 0.290834
vn 0.422297 -0.858534 0.290834
vn 0.422297 -0.858534 0.290834
vn 0.260440 -0.941132 0.215502
vn 0.260440 -0.941132 0.215502
vn 0.260440 -0.941132 0.215502
vn 0.260440 -0.941132 0.215502
vn 0.088320 -0.987328 0.131847
vn 0.088320 -0.987328 0.131847
vn 0.088320 -0.987328 0.131847
vn 0.500573 -0.733720 0.459436
vn 0.500573 -0.733720 0.459436
vn 0.500573 -0.733720 0.459436
vn 0.500573 -0.733720 0.459436
vn 0.372405 -0.851692 0.368693
vn 0.372405 -0.851692 0.368693
vn 0.372405 -0.851692 0.368693
vn 0.372405 -0.851692 0.368693
vn 0.229691 -0.936906 0.263532
vn 0.229691 -0.936906 0.263532
vn 0.229691 -0.936906 0.263532
vn 0.229691 -0.936906 0.263532
vn 0.077934 -0.985895 0.148112
vn 0.077934 -0.985895 0.148112
vn 0.077934 -0.985895 0.148112
vn 0.782486 -0.042708 0.621202
vn 0.782486 -0.042708 0.621202
vn 0.782486 -0.042708 0.621202
vn 0.782486 -0.042708 0.621202
vn 0.752787 -0.235540 0.614681
vn 0.752787 -0.235540 0.614681
vn 0.752787 -0.235540 0.614681
vn 0.752787 -0.235540 0.614681
vn 0.694288 -0.419545 0.584761
vn 0.694288 -0.419545 0.584761
vn 0.694288 -0.419545 0.584761
vn 0.694288 -0.419545 0.584761
vn 0.609169 -0.587759 0.532403
vn 0.609169 -0.587759 0.532403
vn 0.609169 -0.587759 0.532403
vn 0.609169 -0.587759 0.532403
vn 0.622925 -0.223704 0.749613
vn 0.622925 -0.223704 0.749613
vn 0.622925 -0.223704 0.749613
vn 0.622925 -0.223704 0.749613
vn 0.574552 -0.408595 0.709183
vn 0.574552 -0.408595 0.709183
vn 0.574552 -0.408595 0.709183
vn 0.574552 -0.408595 0.709183
vn 0.504137 -0.578172 0.641532
vn 0.504137 -0.578172 0.641532
vn 0.504137 -0.578172 0.641532
vn 0.504137 -0.578172 0.641532
vn 0.414181 -0.725862 0.549162
vn 0.414181 -0.725862 0.549162
vn 0.414181 -0.725862 0.549162
vn 0.414181 -0.725862 0.549162
vn 0.308215 -0.845858 0.435347
vn 0.308215 -0.845858 0.435347
vn 0.308215 -0.845858 0.435347
vn 0.308215 -0.845858 0.435347
vn 0.615833 0.317325 0.721148
vn 0.615833 0.317325 0.721148
vn 0.615833 0.317325 0.721148
vn 0.615833 0.317325 0.721148
vn 0.190132 -0.933310 0.304601
vn 0.190132 -0.933310 0.304601
vn 0.190132 -0.933310 0.304601
vn 0.190132 -0.933310 0.304601
vn 0.064486 -0.984685 0.161976
vn 0.064486 -0.984685 0.161976
vn 0.064486 -0.984685 0.161976
vn 0.647482 -0.030447 0.761472
vn 0.647482 -0.030447 0.761472
vn 0.647482 -0.030447 0.761472
vn 0.647482 -0.030447 0.761472
vn 0.232168 -0.841225 0.488302
vn 0.232168 -0.841225 0.488302
vn 0.232168 -0.841225 0.488302
vn 0.232168 -0.841225 0.488302
vn 0.143297 -0.930432 0.337286
vn 0.143297 -0.930432 0.337286
vn 0.143297 -0.930432 0.337286
vn 0.143297 -0.930432 0.337286
vn 0.048678 -0.983711 0.173042
vn 0.048678 -0.983711 0.173042
vn 0.048678 -0.983711 0.173042
vn 0.487557 -0.020725 0.872845
vn 0.487557 -0.020725 0.872845
vn 0.487557 -0.020725 0.872845
vn 0.487557 -0.020725 0.872845
vn 0.469073 -0.214361 0.856749
vn 0.469073 -0.214361 0.856749
vn 0.469073 -0.214361 0.856749
vn 0.469073 -0.214361 0.856749
vn 0.432720 -0.399926 0.807968
vn 0.432720 -0.399926 0.807968
vn 0.432720 -0.399926 0.807968
vn 0.432720 -0.399926 0.807968
vn 0.379669 -0.570624 0.728176
vn 0.379669 -0.570624 0.728176
vn 0.379669 -0.570624 0.728176
vn 0.379669 -0.570624 0.728176
vn 0.311983 -0.719620 0.620334
vn 0.311983 -0.719620 0.620334
vn 0.311983 -0.719620 0.620334
vn 0.311983 -0.719620 0.620334
vn 0.274243 -0.393898 0.877289
vn 0.274243 -0.393898 0.877289
vn 0.274243 -0.393898 0.877289
vn 0.274243 -0.393898 0.877289
vn 0.240647 -0.565285 0.789013
vn 0.240647 -0.565285 0.789013
vn 0.240647 -0.565285 0.789013
vn 0.240647 -0.565285 0.789013
vn 0.197839 -0.715270 0.670260
vn 0.197839 -0.715270 0.670260
vn 0.197839 -0.715270 0.670260
vn 0.197839 -0.715270 0.670260
vn 0.147305 -0.837947 0.525496
vn 0.147305 -0.837947 0.525496
vn 0.147305 -0.837947 0.525496
vn 0.147305 -0.837947 0.525496
vn 0.248254 0.437346 0.864348
vn 0.248254 0.437346 0.864348
vn 0.248254 0.437346 0.864348
vn 0.248254 0.437346 0.864348
vn 0.090892 -0.928450 0.360165
vn 0.090892 -0.928450 0.360165
vn 0.090892 -0.928450 0.360165
vn 0.090892 -0.928450 0.360165
vn 0.030986 -0.983045 0.180728
vn 0.030986 -0.983045 0.180728
vn 0.030986 -0.983045 0.180728
vn 0.308893 -0.013871 0.950996
vn 0.308893 -0.013871 0.950996
vn 0.308893 -0.013871 0.950996
vn 0.308893 -0.013871 0.950996
vn 0.297277 -0.207718 0.931923
vn 0.297277 -0.207718 0.931923
vn 0.297277 -0.207718 0.931923
vn 0.297277 -0.207718 0.931923
vn 0.035091 -0.927375 0.372484
vn 0.035091 -0.927375 0.372484
vn 0.035091 -0.927375 0.372484
vn 0.035091 -0.927375 0.372484
vn 0.012174 -0.982696 0.184827
vn 0.012174 -0.982696 0.184827
vn 0.012174 -0.982696 0.184827
vn 0.118437 -0.010292 0.992908
vn 0.118437 -0.010292 0.992908
vn 0.118437 -0.010292 0.992908
vn 0.118437 -0.010292 0.992908
vn 0.113967 -0.204267 0.972258
vn 0.113967 -0.204267 0.972258
vn 0.113967 -0.204267 0.972258
vn 0.113967 -0.204267 0.972258
vn 0.105236 -0.390717 0.914476
vn 0.105236 -0.390717 0.914476
vn 0.105236 -0.390717 0.914476
vn 0.105236 -0.390717 0.914476
vn 0.092392 -0.562463 0.821644
vn 0.092392 -0.562463 0.821644
vn 0.092392 -0.562463 0.821644
vn 0.092392 -0.562463 0.821644
vn 0.076021 -0.712986 0.697044
vn 0.076021 -0.712986 0.697044
vn 0.076021 -0.712986 0.697044
vn 0.076021 -0.712986 0.697044
vn 0.056716 -0.836259 0.545393
vn 0.056716 -0.836259 0.545393
vn 0.056716 -0.836259 0.545393
vn 0.056716 -0.836259 0.545393
vn -0.067860 -0.390534 0.918084
vn -0.067860 -0.390534 0.918084
vn -0.067860 -0.390534 0.918084
vn -0.067860 -0.390534 0.918084
vn -0.059395 -0.562273 0.824816
vn -0.059395 -0.562273 0.824816
vn -0.059395 -0.562273 0.824816
vn -0.059395 -0.562273 0.824816
vn -0.048673 -0.712829 0.699647
vn -0.048673 -0.712829 0.699647
vn -0.048673 -0.712829 0.699647
vn -0.048673 -0.712829 0.699647
vn -0.036016 -0.836111 0.547377
vn -0.036016 -0.836111 0.547377
vn -0.036016 -0.836111 0.547377
vn -0.036016 -0.836111 0.547377
vn -0.021996 -0.927316 0.373633
vn -0.021996 -0.927316 0.373633
vn -0.021996 -0.927316 0.373633
vn -0.021996 -0.927316 0.373633
vn -0.007153 -0.982664 0.185257
vn -0.007153 -0.982664 0.185257
vn -0.007153 -0.982664 0.185257
vn -0.076650 -0.010018 0.997008
vn -0.076650 -0.010018 0.997008
vn -0.076650 -0.010018 0.997008
vn -0.076650 -0.010018 0.997008
vn -0.073678 -0.204055 0.976183
vn -0.073678 -0.204055 0.976183
vn -0.073678 -0.204055 0.976183
vn -0.073678 -0.204055 0.976183
vn -0.078343 -0.928195 0.363753
vn -0.078343 -0.928195 0.363753
vn -0.078343 -0.928195 0.363753
vn -0.078343 -0.928195 0.363753
vn -0.026100 -0.982974 0.181881
vn -0.026100 -0.982974 0.181881
vn -0.026100 -0.982974 0.181881
vn -0.268763 -0.013044 0.963118
vn -0.268763 -0.013044 0.963118
vn -0.268763 -0.013044 0.963118
vn -0.268763 -0.013044 0.963118
vn -0.258477 -0.206964 0.943586
vn -0.258477 -0.206964 0.943586
vn -0.258477 -0.206964 0.943586
vn -0.258477 -0.206964 0.943586
vn -0.238290 -0.393232 0.888024
vn -0.238290 -0.393232 0.888024
vn -0.238290 -0.393232 0.888024
vn -0.238290 -0.393232 0.888024
vn -0.208922 -0.564692 0.798420
vn -0.208922 -0.564692 0.798420
vn -0.208922 -0.564692 0.798420
vn -0.208922 -0.564692 0.798420
vn -0.171499 -0.714774 0.678001
vn -0.171499 -0.714774 0.678001
vn -0.171499 -0.714774 0.678001
vn -0.171499 -0.714774 0.678001
vn -0.127404 -0.837564 0.531277
vn -0.127404 -0.837564 0.531277
vn -0.127404 -0.837564 0.531277
vn -0.127404 -0.837564 0.531277
vn -0.210499 0.437987 0.873989
vn -0.210499 0.437987 0.873989
vn -0.210499 0.437987 0.873989
vn -0.210499 0.437987 0.873989
vn -0.350390 -0.569571 0.743516
vn -0.350390 -0.569571 0.743516
vn -0.350390 -0.569571 0.743516
vn -0.350390 -0.569571 0.743516
vn -0.287719 -0.718796 0.632891
vn -0.287719 -0.718796 0.632891
vn -0.287719 -0.718796 0.632891
vn -0.287719 -0.718796 0.632891
vn -0.213841 -0.840547 0.497748
vn -0.213841 -0.840547 0.497748
vn -0.213841 -0.840547 0.497748
vn -0.213841 -0.840547 0.497748
vn -0.131535 -0.930074 0.343017
vn -0.131535 -0.930074 0.343017
vn -0.131535 -0.930074 0.343017
vn -0.131535 -0.930074 0.343017
vn -0.044079 -0.983594 0.174930
vn -0.044079 -0.983594 0.174930
vn -0.044079 -0.983594 0.174930
vn -0.450548 -0.019396 0.892541
vn -0.450548 -0.019396 0.892541
vn -0.450548 -0.019396 0.892541
vn -0.450548 -0.019396 0.892541
vn -0.433325 -0.213035 0.875697
vn -0.433325 -0.213035 0.875697
vn -0.433325 -0.213035 0.875697
vn -0.433325 -0.213035 0.875697
vn -0.399505 -0.398846 0.825420
vn -0.399505 -0.398846 0.825420
vn -0.399505 -0.398846 0.825420
vn -0.399505 -0.398846 0.825420
vn -0.060404 -0.984503 0.164634
vn -0.060404 -0.984503 0.164634
vn -0.060404 -0.984503 0.164634
vn -0.615053 -0.028705 0.787963
vn -0.615053 -0.028705 0.787963
vn -0.615053 -0.028705 0.787963
vn -0.615053 -0.028705 0.787963
vn -0.591511 -0.222008 0.775130
vn -0.591511 -0.222008 0.775130
vn -0.591511 -0.222008 0.775130
vn -0.591511 -0.222008 0.775130
vn -0.545383 -0.407084 0.732693
vn -0.545383 -0.407084 0.732693
vn -0.545383 -0.407084 0.732693
vn -0.545383 -0.407084 0.732693
vn -0.478370 -0.576764 0.662197
vn -0.478370 -0.576764 0.662197
vn -0.478370 -0.576764 0.662197
vn -0.478370 -0.576764 0.662197
vn -0.392795 -0.724724 0.566116
vn -0.392795 -0.724724 0.566116
vn -0.392795 -0.724724 0.566116
vn -0.392795 -0.724724 0.566116
vn -0.291979 -0.845040 0.447946
vn -0.291979 -0.845040 0.447946
vn -0.291979 -0.845040 0.447946
vn -0.291979 -0.845040 0.447946
vn -0.584140 0.319022 0.746328
vn -0.584140 0.319022 0.746328
vn -0.584140 0.319022 0.746328
vn -0.584140 0.319022 0.746328
vn -0.179780 -0.932766 0.312454
vn -0.179780 -0.932766 0.312454
vn -0.179780 -0.932766 0.312454
vn -0.179780 -0.932766 0.312454
vn -0.587934 -0.586143 0.557468
vn -0.587934 -0.586143 0.557468
vn -0.587934 -0.586143 0.557468
vn -0.587934 -0.586143 0.557468
vn -0.482832 -0.732411 0.480050
vn -0.482832 -0.732411 0.480050
vn -0.482832 -0.732411 0.480050
vn -0.482832 -0.732411 0.480050
vn -0.358991 -0.850656 0.384069
vn -0.358991 -0.850656 0.384069
vn -0.358991 -0.850656 0.384069
vn -0.358991 -0.850656 0.384069
vn -0.220992 -0.936294 0.272976
vn -0.220992 -0.936294 0.272976
vn -0.220992 -0.936294 0.272976
vn -0.220992 -0.936294 0.272976
vn -0.074358 -0.985684 0.151318
vn -0.074358 -0.985684 0.151318
vn -0.074358 -0.985684 0.151318
vn -0.755808 -0.040627 0.653531
vn -0.755808 -0.040627 0.653531
vn -0.755808 -0.040627 0.653531
vn -0.755808 -0.040627 0.653531
vn -0.726936 -0.233466 0.645801
vn -0.726936 -0.233466 0.645801
vn -0.726936 -0.233466 0.645801
vn -0.726936 -0.233466 0.645801
vn -0.670263 -0.417672 0.613431
vn -0.670263 -0.417672 0.613431
vn -0.670263 -0.417672 0.613431
vn -0.670263 -0.417672 0.613431
vn -0.085382 -0.987095 0.135474
vn -0.085382 -0.987095 0.135474
vn -0.085382 -0.987095 0.135474
vn -0.867616 -0.054709 0.494215
vn -0.867616 -0.054709 0.494215
vn -0.867616 -0.054709 0.494215
vn -0.867616 -0.054709 0.494215
vn -0.834474 -0.247024 0.492578
vn -0.834474 -0.247024 0.492578
vn -0.834474 -0.247024 0.492578
vn -0.834474 -0.247024 0.492578
vn -0.769477 -0.430165 0.472083
vn -0.769477 -0.430165 0.472083
vn -0.769477 -0.430165 0.472083
vn -0.769477 -0.430165 0.472083
vn -0.674938 -0.597083 0.433533
vn -0.674938 -0.597083 0.433533
vn -0.674938 -0.597083 0.433533
vn -0.674938 -0.597083 0.433533
vn -0.554318 -0.741373 0.378283
vn -0.554318 -0.741373 0.378283
vn -0.554318 -0.741373 0.378283
vn -0.554318 -0.741373 0.378283
vn -0.412106 -0.857380 0.308331
vn -0.412106 -0.857380 0.308331
vn -0.412106 -0.857380 0.308331
vn -0.412106 -0.857380 0.308331
vn -0.253706 -0.940423 0.226359
vn -0.253706 -0.940423 0.226359
vn -0.253706 -0.940423 0.226359
vn -0.253706 -0.940423 0.226359
vn -0.604432 -0.751467 0.264498
vn -0.604432 -0.751467 0.264498
vn -0.604432 -0.751467 0.264498
vn -0.604432 -0.751467 0.264498
vn -0.449403 -0.864854 0.223749
vn -0.449403 -0.864854 0.223749
vn -0.449403 -0.864854 0.223749
vn -0.449403 -0.864854 0.223749
vn -0.276740 -0.945011 0.174267
vn -0.276740 -0.945011 0.174267
vn -0.276740 -0.945011 0.174267
vn -0.276740 -0.945011 0.174267
vn -0.093146 -0.988644 0.117925
vn -0.093146 -0.988644 0.117925
vn -0.093146 -0.988644 0.117925
vn -0.946027 -0.070484 0.316329
vn -0.946027 -0.070484 0.316329
vn -0.946027 -0.070484 0.316329
vn -0.946027 -0.070484 0.316329
vn -0.909927 -0.262228 0.321356
vn -0.909927 -0.262228 0.321356
vn -0.909927 -0.262228 0.321356
vn -0.909927 -0.262228 0.321356
vn -0.839025 -0.444149 0.314274
vn -0.839025 -0.444149 0.314274
vn -0.839025 -0.444149 0.314274
vn -0.839025 -0.444149 0.314274
vn -0.735957 -0.609348 0.295065
vn -0.735957 -0.609348 0.295065
vn -0.735957 -0.609348 0.295065
vn -0.735957 -0.609348 0.295065
vn -0.950400 -0.278309 0.138864
vn -0.950400 -0.278309 0.138864
vn -0.950400 -0.278309 0.138864
vn -0.950400 -0.278309 0.138864
vn -0.876396 -0.458958 0.145900
vn -0.876396 -0.458958 0.145900
vn -0.876396 -0.458958 0.145900
vn -0.876396 -0.458958 0.145900
vn -0.768750 -0.622333 0.147395
vn -0.768750 -0.622333 0.147395
vn -0.768750 -0.622333 0.147395
vn -0.768750 -0.622333 0.147395
vn -0.631309 -0.762195 0.143202
vn -0.631309 -0.762195 0.143202
vn -0.631309 -0.762195 0.143202
vn -0.631309 -0.762195 0.143202
vn -0.469376 -0.872848 0.133500
vn -0.469376 -0.872848 0.133500
vn -0.469376 -0.872848 0.133500
vn -0.469376 -0.872848 0.133500
vn -0.289023 -0.949943 0.118633
vn -0.289023 -0.949943 0.118633
vn -0.289023 -0.949943 0.118633
vn -0.289023 -0.949943 0.118633
vn -0.097311 -0.990306 0.099123
vn -0.097311 -0.990306 0.099123
vn -0.097311 -0.990306 0.099123
vn -0.988122 -0.087266 0.126487
vn -0.988122 -0.087266 0.126487
vn -0.988122 -0.087266 0.126487
vn -0.988122 -0.087266 0.126487
vn -0.471320 -0.881001 0.041176
vn -0.471320 -0.881001 0.041176
vn -0.471320 -0.881001 0.041176
vn -0.471320 -0.881001 0.041176
vn -0.290237 -0.954965 0.061677
vn -0.290237 -0.954965 0.061677
vn -0.290237 -0.954965 0.061677
vn -0.290237 -0.954965 0.061677
vn -0.097732 -0.991995 0.079960
vn -0.097732 -0.991995 0.079960
vn -0.097732 -0.991995 0.079960
vn -0.992225 -0.104399 -0.067745
vn -0.992225 -0.104399 -0.067745
vn -0.992225 -0.104399 -0.067745
vn -0.992225 -0.104399 -0.067745
vn -0.954345 -0.294806 -0.048113
vn -0.954345 -0.294806 -0.048113
vn -0.954345 -0.294806 -0.048113
vn -0.954345 -0.294806 -0.048113
vn -0.880012 -0.474215 -0.026425
vn -0.880012 -0.474215 -0.026425
vn -0.880012 -0.474215 -0.026425
vn -0.880012 -0.474215 -0.026425
vn -0.771943 -0.635680 -0.003884
vn -0.771943 -0.635680 -0.003884
vn -0.771943 -0.635680 -0.003884
vn -0.771943 -0.635680 -0.003884
vn -0.633934 -0.773154 0.018980
vn -0.633934 -0.773154 0.018980
vn -0.633934 -0.773154 0.018980
vn -0.633934 -0.773154 0.018980
vn -0.921639 -0.310985 -0.232098
vn -0.921639 -0.310985 -0.232098
vn -0.921639 -0.310985 -0.232098
vn -0.921639 -0.310985 -0.232098
vn -0.849852 -0.489131 -0.196222
vn -0.849852 -0.489131 -0.196222
vn -0.849852 -0.489131 -0.196222
vn -0.849852 -0.489131 -0.196222
vn -0.745430 -0.648844 -0.152762
vn -0.745430 -0.648844 -0.152762
vn -0.745430 -0.648844 -0.152762
vn -0.745430 -0.648844 -0.152762
vn -0.612197 -0.783926 -0.103324
vn -0.612197 -0.783926 -0.103324
vn -0.612197 -0.783926 -0.103324
vn -0.612197 -0.783926 -0.103324
vn -0.455126 -0.889030 -0.049868
vn -0.455126 -0.889030 -0.049868
vn -0.455126 -0.889030 -0.049868
vn -0.455126 -0.889030 -0.049868
vn -0.280274 -0.959904 0.005608
vn -0.280274 -0.959904 0.005608
vn -0.280274 -0.959904 0.005608
vn -0.280274 -0.959904 0.005608
vn -0.094358 -0.993669 0.060971
vn -0.094358 -0.993669 0.060971
vn -0.094358 -0.993669 0.060971
vn -0.958207 -0.121246 -0.259113
vn -0.958207 -0.121246 -0.259113
vn -0.958207 -0.121246 -0.259113
vn -0.958207 -0.121246 -0.259113
vn -0.421486 -0.896592 -0.135913
vn -0.421486 -0.896592 -0.135913
vn -0.421486 -0.896592 -0.135913
vn -0.421486 -0.896592 -0.135913
vn -0.259578 -0.964556 -0.047445
vn -0.259578 -0.964556 -0.047445
vn -0.259578 -0.964556 -0.047445
vn -0.259578 -0.964556 -0.047445
vn -0.087361 -0.995247 0.043032
vn -0.087361 -0.995247 0.043032
vn -0.087361 -0.995247 0.043032
vn -0.887352 -0.137135 -0.440227
vn -0.887352 -0.137135 -0.440227
vn -0.887352 -0.137135 -0.440227
vn -0.887352 -0.137135 -0.440227
vn -0.853430 -0.326382 -0.406364
vn -0.853430 -0.326382 -0.406364
vn -0.853430 -0.326382 -0.406364
vn -0.853430 -0.326382 -0.406364
vn -0.786946 -0.503355 -0.356861
vn -0.786946 -0.503355 -0.356861
vn -0.786946 -0.503355 -0.356861
vn -0.786946 -0.503355 -0.356861
vn -0.690290 -0.661239 -0.293705
vn -0.690290 -0.661239 -0.293705
vn -0.690290 -0.661239 -0.293705
vn -0.690290 -0.661239 -0.293705
vn -0.566907 -0.794096 -0.219154
vn -0.566907 -0.794096 -0.219154
vn -0.566907 -0.794096 -0.219154
vn -0.566907 -0.794096 -0.219154
vn -0.693905 -0.516078 -0.502155
vn -0.693905 -0.516078 -0.502155
vn -0.693905 -0.516078 -0.502155
vn -0.693905 -0.516078 -0.502155
vn -0.608592 -0.672452 -0.421218
vn -0.608592 -0.672452 -0.421218
vn -0.608592 -0.672452 -0.421218
vn -0.608592 -0.672452 -0.421218
vn -0.499855 -0.803288 -0.323841
vn -0.499855 -0.803288 -0.323841
vn -0.499855 -0.803288 -0.323841
vn -0.499855 -0.803288 -0.323841
vn -0.371616 -0.903437 -0.213780
vn -0.371616 -0.903437 -0.213780
vn -0.371616 -0.903437 -0.213780
vn -0.371616 -0.903437 -0.213780
vn -0.228802 -0.968791 -0.095361
vn -0.228802 -0.968791 -0.095361
vn -0.228802 -0.968791 -0.095361
vn -0.228802 -0.968791 -0.095361
vn -0.076944 -0.996673 0.026882
vn -0.076944 -0.996673 0.026882
vn -0.076944 -0.996673 0.026882
vn -0.782373 -0.151632 -0.604069
vn -0.782373 -0.151632 -0.604069
vn -0.782373 -0.151632 -0.604069
vn -0.782373 -0.151632 -0.604069
vn -0.752508 -0.340244 -0.563884
vn -0.752508 -0.340244 -0.563884
vn -0.752508 -0.340244 -0.563884
vn -0.752508 -0.340244 -0.563884
vn -0.189259 -0.972389 -0.136533
vn -0.189259 -0.972389 -0.136533
vn -0.189259 -0.972389 -0.136533
vn -0.189259 -0.972389 -0.136533
vn -0.063618 -0.997891 0.012933
vn -0.063618 -0.997891 0.012933
vn -0.063618 -0.997891 0.012933
vn -0.647375 -0.163899 -0.744341
vn -0.647375 -0.163899 -0.744341
vn -0.647375 -0.163899 -0.744341
vn -0.647375 -0.163899 -0.744341
vn -0.622649 -0.352087 -0.698815
vn -0.622649 -0.352087 -0.698815
vn -0.622649 -0.352087 -0.698815
vn -0.622649 -0.352087 -0.698815
vn -0.574090 -0.527027 -0.626629
vn -0.574090 -0.527027 -0.626629
vn -0.574090 -0.527027 -0.626629
vn -0.574090 -0.527027 -0.626629
vn -0.503545 -0.682062 -0.530314
vn -0.503545 -0.682062 -0.530314
vn -0.503545 -0.682062 -0.530314
vn -0.503545 -0.682062 -0.530314
vn -0.413485 -0.811167 -0.413567
vn -0.413485 -0.811167 -0.413567
vn -0.413485 -0.811167 -0.413567
vn -0.413485 -0.811167 -0.413567
vn -0.307381 -0.909281 -0.280578
vn -0.307381 -0.909281 -0.280578
vn -0.307381 -0.909281 -0.280578
vn -0.307381 -0.909281 -0.280578
vn -0.432241 -0.535690 -0.725399
vn -0.432241 -0.535690 -0.725399
vn -0.432241 -0.535690 -0.725399
vn -0.432241 -0.535690 -0.725399
vn -0.379098 -0.689642 -0.616992
vn -0.379098 -0.689642 -0.616992
vn -0.379098 -0.689642 -0.616992
vn -0.379098 -0.689642 -0.616992
vn -0.311264 -0.817423 -0.484699
vn -0.311264 -0.817423 -0.484699
vn -0.311264 -0.817423 -0.484699
vn -0.311264 -0.817423 -0.484699
vn -0.231422 -0.913904 -0.333500
vn -0.231422 -0.913904 -0.333500
vn -0.231422 -0.913904 -0.333500
vn -0.231422 -0.913904 -0.333500
vn -0.142415 -0.975246 -0.169153
vn -0.142415 -0.975246 -0.169153
vn -0.142415 -0.975246 -0.169153
vn -0.142415 -0.975246 -0.169153
vn -0.047783 -0.998856 0.001979
vn -0.047783 -0.998856 0.001979
vn -0.047783 -0.998856 0.001979
vn -0.487452 -0.173621 -0.855714
vn -0.487452 -0.173621 -0.855714
vn -0.487452 -0.173621 -0.855714
vn -0.487452 -0.173621 -0.855714
vn -0.468813 -0.361419 -0.805972
vn -0.468813 -0.361419 -0.805972
vn -0.468813 -0.361419 -0.805972
vn -0.468813 -0.361419 -0.805972
vn -0.089999 -0.977261 -0.191993
vn -0.089999 -0.977261 -0.191993
vn -0.089999 -0.977261 -0.191993
vn -0.089999 -0.977261 -0.191993
vn -0.030119 -0.999529 -0.005821
vn -0.030119 -0.999529 -0.005821
vn -0.030119 -0.999529 -0.005821
vn -0.308786 -0.180476 -0.933852
vn -0.308786 -0.180476 -0.933852
vn -0.308786 -0.180476 -0.933852
vn -0.308786 -0.180476 -0.933852
vn -0.296999 -0.368043 -0.881100
vn -0.296999 -0.368043 -0.881100
vn -0.296999 -0.368043 -0.881100
vn -0.296999 -0.368043 -0.881100
vn -0.273762 -0.541726 -0.794725
vn -0.273762 -0.541726 -0.794725
vn -0.273762 -0.541726 -0.794725
vn -0.273762 -0.541726 -0.794725
vn -0.240052 -0.694948 -0.677807
vn -0.240052 -0.694948 -0.677807
vn -0.240052 -0.694948 -0.677807
vn -0.240052 -0.694948 -0.677807
vn -0.197138 -0.821749 -0.534663
vn -0.197138 -0.821749 -0.534663
vn -0.197138 -0.821749 -0.534663
vn -0.197138 -0.821749 -0.534663
vn -0.146426 -0.917177 -0.370602
vn -0.146426 -0.917177 -0.370602
vn -0.146426 -0.917177 -0.370602
vn -0.146426 -0.917177 -0.370602
vn -0.091800 -0.697739 -0.710445
vn -0.091800 -0.697739 -0.710445
vn -0.091800 -0.697739 -0.710445
vn -0.091800 -0.697739 -0.710445
vn -0.075319 -0.824080 -0.561443
vn -0.075319 -0.824080 -0.561443
vn -0.075319 -0.824080 -0.561443
vn -0.075319 -0.824080 -0.561443
vn -0.055868 -0.918861 -0.390605
vn -0.055868 -0.918861 -0.390605
vn -0.055868 -0.918861 -0.390605
vn -0.055868 -0.918861 -0.390605
vn -0.034197 -0.978306 -0.204321
vn -0.034197 -0.978306 -0.204321
vn -0.034197 -0.978306 -0.204321
vn -0.034197 -0.978306 -0.204321
vn -0.011211 -0.999888 -0.009948
vn -0.011211 -0.999888 -0.009948
vn -0.011211 -0.999888 -0.009948
vn -0.118335 -0.184043 -0.975769
vn -0.118335 -0.184043 -0.975769
vn -0.118335 -0.184043 -0.975769
vn -0.118335 -0.184043 -0.975769
vn -0.113698 -0.371507 -0.921442
vn -0.113698 -0.371507 -0.921442
vn -0.113698 -0.371507 -0.921442
vn -0.113698 -0.371507 -0.921442
vn -0.104754 -0.544889 -0.831939
vn -0.104754 -0.544889 -0.831939
vn -0.104754 -0.544889 -0.831939
vn -0.104754 -0.544889 -0.831939
vn 0.604077 0.322092 0.728936
vn 0.604077 0.322092 0.728936
vn 0.604077 0.322092 0.728936
vn 0.604077 0.322092 0.728936
vn 0.219499 0.406786 0.886761
vn 0.219499 0.406786 0.886761
vn 0.219499 0.406786 0.886761
vn 0.219499 0.406786 0.886761
vn 0.495104 0.241967 0.834460
vn 0.495104 0.241967 0.834460
vn 0.495104 0.241967 0.834460
vn 0.495104 0.241967 0.834460
vn 0.157104 0.783495 0.601211
vn 0.157104 0.783495 0.601211
vn 0.157104 0.783495 0.601211
vn 0.157104 0.783495 0.601211
vn -0.172781 0.407326 0.896790
vn -0.172781 0.407326 0.896790
vn -0.172781 0.407326 0.896790
vn -0.172781 0.407326 0.896790
vn -0.577270 0.323107 0.749907
vn -0.577270 0.323107 0.749907
vn -0.577270 0.323107 0.749907
vn -0.577270 0.323107 0.749907
vn -0.099442 0.817479 0.567309
vn -0.099442 0.817479 0.567309
vn -0.099442 0.817479 0.567309
vn -0.099442 0.817479 0.567309
vn -0.459439 0.240289 0.855089
vn -0.459439 0.240289 0.855089
vn -0.459439 0.240289 0.855089
vn -0.459439 0.240289 0.855089
vn 0.445278 0.359982 0.819841
vn 0.445278 0.359982 0.819841
vn 0.445278 0.359982 0.819841
vn 0.445278 0.359982 0.819841
vn -0.409473 0.361143 0.837799
vn -0.409473 0.361143 0.837799
vn -0.409473 0.361143 0.837799
vn -0.409473 0.361143 0.837799
s 1
g PORYGON_BA_BY_1:Mesh
usemtl phong2SG
f 4//1 3//2 14//3
f 14//3 3//2 13//4
s 2
f 5//5 4//6 15//7
f 15//7 4//6 14//8
s 3
f 6//9 5//10 16//11
f 16//11 5//10 15//12
s 4
f 7//13 6//14 17//15
f 17//15 6//14 16//16
s 5
f 8//17 7//18 18//19
f 18//19 7//18 17//20
s off
f 1//21 297//22 11//23
s 6
f 2//24 1//25 12//26
f 12//26 1//25 11//27
s 7
f 3//28 2//29 13//30
f 13//30 2//29 12//31
s 8
f 13//32 12//33 28//34
f 28//34 12//33 27//35
s 9
f 14//36 13//37 29//38
f 29//38 13//37 28//39
s 10
f 15//40 14//41 30//42
f 30//42 14//41 29//43
s 11
f 16//44 15//45 31//46
f 31//46 15//45 30//47
s 12
f 17//48 16//49 32//50
f 32//50 16//49 31//51
s 13
f 18//52 17//53 33//54
f 33//54 17//53 32//55
s off
f 11//56 297//57 26//58
s 14
f 12//59 11//60 27//61
f 27//61 11//60 26//62
s 15
f 32//63 31//64 47//65
f 47//65 31//64 46//66
s 16
f 33//67 32//68 48//69
f 48//69 32//68 47//70
s off
f 26//71 297//72 41//73
s 17
f 27//74 26//75 42//76
f 42//76 26//75 41//77
s 18
f 28//78 27//79 43//80
f 43//80 27//79 42//81
s 19
f 29//82 28//83 44//84
f 44//84 28//83 43//85
s 20
f 30//86 29//87 45//88
f 45//88 29//87 44//89
s 21
f 31//90 30//91 46//92
f 46//92 30//91 45//93
s 22
f 44//94 43//95 59//96
f 59//96 43//95 58//97
s 23
f 45//98 44//99 60//100
f 60//100 44//99 59//101
s 24
f 46//102 45//103 61//104
f 61//104 45//103 60//105
s 25
f 47//106 46//107 62//108
f 62//108 46//107 61//109
s 26
f 48//110 47//111 63//112
f 63//112 47//111 62//113
s off
f 41//114 297//115 56//116
s 27
f 42//117 41//118 57//119
f 57//119 41//118 56//120
s 28
f 43//121 42//122 58//123
f 58//123 42//122 57//124
s 29
f 63//125 62//126 78//127
f 78//127 62//126 77//128
s off
f 56//129 297//130 71//131
s 30
f 57//132 56//133 72//134
f 72//134 56//133 71//135
s 31
f 58//136 57//137 73//138
f 73//138 57//137 72//139
s 32
f 59//140 58//141 74//142
f 74//142 58//141 73//143
s 33
f 60//144 59//145 75//146
f 75//146 59//145 74//147
s 34
f 61//148 60//149 76//150
f 76//150 60//149 75//151
s 35
f 62//152 61//153 77//154
f 77//154 61//153 76//155
s 36
f 74//156 73//157 89//158
f 89//158 73//157 88//159
s 37
f 75//160 74//161 90//162
f 90//162 74//161 89//163
s 38
f 76//164 75//165 91//166
f 91//166 75//165 90//167
s 39
f 77//168 76//169 92//170
f 92//170 76//169 91//171
s 40
f 78//172 77//173 93//174
f 93//174 77//173 92//175
s off
f 71//176 297//177 86//178
s 41
f 72//179 71//180 87//181
f 87//181 71//180 86//182
s 42
f 73//183 72//184 88//185
f 88//185 72//184 87//186
s 43
f 93//187 92//188 108//189
f 108//189 92//188 107//190
s off
f 86//191 297//192 101//193
s 44
f 87//194 86//195 102//196
f 102//196 86//195 101//197
s 45
f 88//198 87//199 103//200
f 103//200 87//199 102//201
s 46
f 89//202 88//203 104//204
f 104//204 88//203 103//205
s 47
f 90//206 89//207 105//208
f 105//208 89//207 104//209
s 48
f 91//210 90//211 106//212
f 106//212 90//211 105//213
s 49
f 92//214 91//215 107//216
f 107//216 91//215 106//217
s 50
f 105//218 104//219 120//220
f 120//220 104//219 119//221
s 51
f 106//222 105//223 121//224
f 121//224 105//223 120//225
s 52
f 107//226 106//227 122//228
f 122//228 106//227 121//229
s 53
f 108//230 107//231 123//232
f 123//232 107//231 122//233
s off
f 101//234 297//235 116//236
s 54
f 102//237 101//238 117//239
f 117//239 101//238 116//240
s 55
f 103//241 102//242 118//243
f 118//243 102//242 117//244
s 56
f 104//245 103//246 119//247
f 119//247 103//246 118//248
s off
f 116//249 297//250 131//251
s 57
f 117//252 116//253 132//254
f 132//254 116//253 131//255
s 58
f 118//256 117//257 133//258
f 133//258 117//257 132//259
s 59
f 119//260 118//261 134//262
f 134//262 118//261 133//263
s 60
f 120//264 119//265 135//266
f 135//266 119//265 134//267
s 61
f 121//268 120//269 136//270
f 136//270 120//269 135//271
s 62
f 122//272 121//273 137//274
f 137//274 121//273 136//275
s 63
f 123//276 122//277 138//278
f 138//278 122//277 137//279
s 64
f 135//280 134//281 150//282
f 150//282 134//281 149//283
s 65
f 136//284 135//285 151//286
f 151//286 135//285 150//287
s 66
f 137//288 136//289 152//290
f 152//290 136//289 151//291
s 67
f 138//292 137//293 153//294
f 153//294 137//293 152//295
s off
f 131//296 297//297 146//298
s 68
f 132//299 131//300 147//301
f 147//301 131//300 146//302
s 69
f 133//303 132//304 148//305
f 148//305 132//304 147//306
s 70
f 134//307 133//308 149//309
f 149//309 133//308 148//310
s 71
f 147//311 146//312 162//313
f 162//313 146//312 161//314
s 72
f 148//315 147//316 163//317
f 163//317 147//316 162//318
s 73
f 149//319 148//320 164//321
f 164//321 148//320 163//322
s 74
f 150//323 149//324 165//325
f 165//325 149//324 164//326
s 75
f 151//327 150//328 166//329
f 166//329 150//328 165//330
s 76
f 152//331 151//332 167//333
f 167//333 151//332 166//334
s 77
f 153//335 152//336 168//337
f 168//337 152//336 167//338
s off
f 146//339 297//340 161//341
s 78
f 166//342 165//343 181//344
f 181//344 165//343 180//345
s 79
f 167//346 166//347 182//348
f 182//348 166//347 181//349
s 80
f 168//350 167//351 183//352
f 183//352 167//351 182//353
s off
f 161//354 297//355 176//356
s 81
f 162//357 161//358 177//359
f 177//359 161//358 176//360
s 82
f 163//361 162//362 178//363
f 178//363 162//362 177//364
s 83
f 164//365 163//366 179//367
f 179//367 163//366 178//368
s 84
f 165//369 164//370 180//371
f 180//371 164//370 179//372
s 85
f 178//373 177//374 193//375
f 193//375 177//374 192//376
s 86
f 179//377 178//378 194//379
f 194//379 178//378 193//380
s 87
f 180//381 179//382 195//383
f 195//383 179//382 194//384
s 88
f 257//385 256//386 508//387
f 508//387 256//386 507//388
f 256//386 487//389 507//388
s 89
f 183//390 182//391 198//392
f 198//392 182//391 492//393
s off
f 176//394 297//395 191//396
s 90
f 177//397 176//398 192//399
f 192//399 176//398 191//400
s 91
f 198//401 492//402 214//403
f 214//403 492//402 494//404
s off
f 191//405 297//406 207//407
s 92
f 192//408 191//409 208//410
f 208//410 191//409 207//411
s 93
f 193//412 192//413 209//414
f 209//414 192//413 208//415
s 94
f 194//416 193//417 210//418
f 210//418 193//417 209//419
s 95
f 195//420 194//421 211//422
f 211//422 194//421 210//423
s 96
f 507//424 487//425 509//426
f 509//426 487//425 488//427
s 97
f 209//428 208//429 224//430
f 224//430 208//429 223//431
s 98
f 210//432 209//433 225//434
f 225//434 209//433 224//435
s 99
f 211//436 210//437 226//438
f 226//438 210//437 225//439
s 100
f 303//440 497//441 513//442
f 513//442 497//441 512//443
s 101
f 214//444 494//445 229//446
f 229//446 494//445 228//447
s off
f 207//448 297//449 222//450
s 102
f 208//451 207//452 223//453
f 223//453 207//452 222//454
s 103
f 228//455 227//456 243//457
f 243//457 227//456 242//458
s 104
f 229//459 228//460 244//461
f 244//461 228//460 243//462
s off
f 222//463 297//464 237//465
s 105
f 223//466 222//467 238//468
f 238//468 222//467 237//469
s 106
f 224//470 223//471 239//472
f 239//472 223//471 238//473
s 107
f 225//474 224//475 240//476
f 240//476 224//475 239//477
s 108
f 225//478 240//479 226//480
f 226//480 240//479 241//481
s 109
f 227//482 226//483 242//484
f 242//484 226//483 241//485
s 110
f 240//486 239//487 255//488
f 255//488 239//487 254//489
s 111
f 241//490 240//491 256//492
f 256//492 240//491 255//493
s 112
f 241//494 256//495 242//496
f 242//496 256//495 257//497
s 113
f 242//498 257//499 243//500
f 243//500 257//499 258//501
s 114
f 244//502 243//503 259//504
f 259//504 243//503 258//505
s off
f 237//506 297//507 252//508
s 115
f 238//509 237//510 253//511
f 253//511 237//510 252//512
s 116
f 239//513 238//514 254//515
f 254//515 238//514 253//516
s 117
f 259//517 258//518 274//519
f 274//519 258//518 496//520
s off
f 252//521 297//522 267//523
s 118
f 253//524 252//525 268//526
f 268//526 252//525 267//527
s 119
f 254//528 253//529 269//530
f 269//530 253//529 268//531
s 120
f 255//532 254//533 270//534
f 270//534 254//533 269//535
s 121
f 256//536 255//537 271//538
f 271//538 255//537 270//539
s 122
f 509//540 488//541 511//542
f 511//542 488//541 489//543
s 123
f 270//544 269//545 285//546
f 285//546 269//545 284//547
s 124
f 271//548 270//549 286//550
f 286//550 270//549 285//551
s 125
f 484//552 485//553 501//554
f 501//554 485//553 503//555
s 126
f 274//556 496//557 289//558
f 289//558 496//557 498//559
s off
f 267//560 297//561 282//562
s 127
f 268//563 267//564 283//565
f 283//565 267//564 282//566
s 128
f 269//567 268//568 284//569
f 284//569 268//568 283//570
s 129
f 289//571 498//572 305//573
f 305//573 498//572 304//574
s off
f 282//575 297//576 298//577
s 130
f 283//578 282//579 299//580
f 299//580 282//579 298//581
s 131
f 284//582 283//583 300//584
f 300//584 283//583 299//585
s 132
f 285//586 284//587 301//588
f 301//588 284//587 300//589
s 133
f 286//590 285//591 302//592
f 302//592 285//591 301//593
s 134
f 511//594 489//595 514//596
f 514//596 489//595 490//597
s 135
f 302//598 301//599 317//600
f 317//600 301//599 316//601
s 136
f 302//602 317//603 303//604
f 303//604 317//603 318//605
s 137
f 303//606 318//607 304//608
f 304//608 318//607 319//609
s 138
f 305//610 304//611 320//612
f 320//612 304//611 319//613
s off
f 298//614 297//615 313//616
s 139
f 299//617 298//618 314//619
f 314//619 298//618 313//620
s 140
f 300//621 299//622 315//623
f 315//623 299//622 314//624
s 141
f 301//625 300//626 316//627
f 316//627 300//626 315//628
s 142
f 314//629 313//630 329//631
f 329//631 313//630 328//632
s 143
f 315//633 314//634 330//635
f 330//635 314//634 329//636
s 144
f 316//637 315//638 331//639
f 331//639 315//638 330//640
s 145
f 317//641 316//642 332//643
f 332//643 316//642 331//644
s 146
f 318//645 317//646 333//647
f 333//647 317//646 332//648
s 147
f 319//649 318//650 334//651
f 334//651 318//650 333//652
s 148
f 320//653 319//654 335//655
f 335//655 319//654 334//656
s off
f 313//657 297//658 328//659
s 149
f 333//660 332//661 348//662
f 348//662 332//661 347//663
s 150
f 334//664 333//665 349//666
f 349//666 333//665 348//667
s 151
f 335//668 334//669 350//670
f 350//670 334//669 349//671
s off
f 328//672 297//673 343//674
s 152
f 329//675 328//676 344//677
f 344//677 328//676 343//678
s 153
f 330//679 329//680 345//681
f 345//681 329//680 344//682
s 154
f 331//683 330//684 346//685
f 346//685 330//684 345//686
s 155
f 332//687 331//688 347//689
f 347//689 331//688 346//690
s 156
f 344//691 343//692 359//693
f 359//693 343//692 358//694
s 157
f 345//695 344//696 360//697
f 360//697 344//696 359//698
s 158
f 346//699 345//700 361//701
f 361//701 345//700 360//702
s 159
f 347//703 346//704 362//705
f 362//705 346//704 361//706
s 160
f 348//707 347//708 363//709
f 363//709 347//708 362//710
s 161
f 349//711 348//712 364//713
f 364//713 348//712 363//714
s 162
f 350//715 349//716 365//717
f 365//717 349//716 364//718
s off
f 343//719 297//720 358//721
s 163
f 363//722 362//723 378//724
f 378//724 362//723 377//725
s 164
f 364//726 363//727 379//728
f 379//728 363//727 378//729
s 165
f 365//730 364//731 380//732
f 380//732 364//731 379//733
s off
f 358//734 297//735 373//736
s 166
f 359//737 358//738 374//739
f 374//739 358//738 373//740
s 167
f 360//741 359//742 375//743
f 375//743 359//742 374//744
s 168
f 361//745 360//746 376//747
f 376//747 360//746 375//748
s 169
f 362//749 361//750 377//751
f 377//751 361//750 376//752
s 170
f 375//753 374//754 390//755
f 390//755 374//754 389//756
s 171
f 376//757 375//758 391//759
f 391//759 375//758 390//760
s 172
f 377//761 376//762 392//763
f 392//763 376//762 391//764
s 173
f 378//765 377//766 393//767
f 393//767 377//766 392//768
s 174
f 379//769 378//770 394//771
f 394//771 378//770 393//772
s 175
f 380//773 379//774 395//775
f 395//775 379//774 394//776
s off
f 373//777 297//778 388//779
s 176
f 374//780 373//781 389//782
f 389//782 373//781 388//783
s 177
f 394//784 393//785 409//786
f 409//786 393//785 408//787
s 178
f 395//788 394//789 410//790
f 410//790 394//789 409//791
s off
f 388//792 297//793 403//794
s 179
f 389//795 388//796 404//797
f 404//797 388//796 403//798
s 180
f 390//799 389//800 405//801
f 405//801 389//800 404//802
s 181
f 391//803 390//804 406//805
f 406//805 390//804 405//806
s 182
f 392//807 391//808 407//809
f 407//809 391//808 406//810
s 183
f 393//811 392//812 408//813
f 408//813 392//812 407//814
s 184
f 405//815 404//816 420//817
f 420//817 404//816 419//818
s 185
f 406//819 405//820 421//821
f 421//821 405//820 420//822
s 186
f 407//823 406//824 422//825
f 422//825 406//824 421//826
s 187
f 408//827 407//828 423//829
f 423//829 407//828 422//830
s 188
f 409//831 408//832 424//833
f 424//833 408//832 423//834
s 189
f 410//835 409//836 425//837
f 425//837 409//836 424//838
s off
f 403//839 297//840 418//841
s 190
f 404//842 403//843 419//844
f 419//844 403//843 418//845
s 191
f 424//846 423//847 439//848
f 439//848 423//847 438//849
s 192
f 425//850 424//851 440//852
f 440//852 424//851 439//853
s off
f 418//854 297//855 433//856
s 193
f 419//857 418//858 434//859
f 434//859 418//858 433//860
s 194
f 420//861 419//862 435//863
f 435//863 419//862 434//864
s 195
f 421//865 420//866 436//867
f 436//867 420//866 435//868
s 196
f 422//869 421//870 437//871
f 437//871 421//870 436//872
s 197
f 423//873 422//874 438//875
f 438//875 422//874 437//876
s 198
f 436//877 435//878 451//879
f 451//879 435//878 450//880
s 199
f 437//881 436//882 452//883
f 452//883 436//882 451//884
s 200
f 438//885 437//886 453//887
f 453//887 437//886 452//888
s 201
f 439//889 438//890 454//891
f 454//891 438//890 453//892
s 202
f 440//893 439//894 455//895
f 455//895 439//894 454//896
s off
f 433//897 297//898 448//899
s 203
f 434//900 433//901 449//902
f 449//902 433//901 448//903
s 204
f 435//904 434//905 450//906
f 450//906 434//905 449//907
s 205
f 455//908 454//909 470//910
f 470//910 454//909 469//911
s off
f 448//912 297//913 463//914
s 206
f 449//915 448//916 464//917
f 464//917 448//916 463//918
s 207
f 450//919 449//920 465//921
f 465//921 449//920 464//922
s 208
f 451//923 450//924 466//925
f 466//925 450//924 465//926
s 209
f 452//927 451//928 467//929
f 467//929 451//928 466//930
s 210
f 453//931 452//932 468//933
f 468//933 452//932 467//934
s 211
f 454//935 453//936 469//937
f 469//937 453//936 468//938
s 212
f 467//939 466//940 5//941
f 5//941 466//940 4//942
s 213
f 468//943 467//944 6//945
f 6//945 467//944 5//946
s 214
f 469//947 468//948 7//949
f 7//949 468//948 6//950
s 215
f 470//951 469//952 8//953
f 8//953 469//952 7//954
s off
f 463//955 297//956 1//957
s 216
f 464//958 463//959 2//960
f 2//960 463//959 1//961
s 217
f 465//962 464//963 3//964
f 3//964 464//963 2//965
s 218
f 466//966 465//967 4//968
f 4//968 465//967 3//969
s 219
f 181//970 500//971 491//972
f 491//972 500//971 502//973
s 220
f 493//974 504//975 227//976
f 227//976 504//975 505//977
s 221
f 227//978 505//979 226//980
f 505//979 506//981 226//980
f 226//980 506//981 486//982
s 222
f 495//983 257//984 510//985
f 510//985 257//984 508//986
s 223
f 497//987 495//988 512//989
f 512//989 495//988 510//990
s 224
f 303//991 513//992 302//993
f 513//992 514//994 302//993
f 302//993 514//994 490//995
s 225
f 483//996 484//997 499//998
f 499//998 484//997 501//999
s 226
f 211//1000 226//1001 485//1002
f 485//1002 226//1001 486//1003
s 227
f 195//1004 211//1005 484//1006
f 484//1006 211//1005 485//1007
s 228
f 485//1008 486//1009 503//1010
f 503//1010 486//1009 506//1011
s 229
f 180//1012 195//1013 483//1014
f 483//1014 195//1013 484//1015
s 230
f 302//1016 490//1017 286//1018
f 286//1018 490//1017 489//1019
s 231
f 286//1020 489//1021 271//1022
f 271//1022 489//1021 488//1023
s 232
f 271//1024 488//1025 256//1026
f 256//1026 488//1025 487//1027
s 233
f 491//1028 502//1029 493//1030
f 493//1030 502//1029 504//1031
s 234
f 500//1032 499//1033 502//1034
f 502//1034 499//1033 501//1035
s 235
f 503//1036 504//1037 501//1038
f 501//1038 504//1037 502//1039
s 236
f 505//1040 504//1041 506//1042
f 506//1042 504//1041 503//1043
s 237
f 508//1044 507//1045 510//1046
f 510//1046 507//1045 509//1047
s 238
f 512//1048 510//1049 511//1050
f 511//1050 510//1049 509//1051
s 239
f 513//1052 512//1053 514//1054
f 514//1054 512//1053 511//1055
s 240
f 181//1056 180//1057 500//1058
f 500//1058 180//1057 499//1059
f 180//1057 483//1060 499//1059
s 241
usemtl phong1SG
f 480//1061 479//1062 22//1063
f 22//1063 479//1062 21//1064
s 242
f 10//1065 480//1066 23//1067
f 23//1067 480//1066 22//1068
s 243
f 481//1069 10//1070 24//1071
f 24//1071 10//1070 23//1072
s 244
f 482//1073 481//1074 25//1075
f 25//1075 481//1074 24//1076
s off
f 206//1077 482//1078 25//1079
s 245
f 9//1080 8//1081 19//1082
f 19//1082 8//1081 18//1083
s 246
f 478//1084 9//1085 20//1086
f 20//1086 9//1085 19//1087
s 247
f 479//1088 478//1089 21//1090
f 21//1090 478//1089 20//1091
s 248
f 20//1092 19//1093 35//1094
f 35//1094 19//1093 34//1095
s 249
f 21//1096 20//1097 36//1098
f 36//1098 20//1097 35//1099
s 250
f 22//1100 21//1101 37//1102
f 37//1102 21//1101 36//1103
s 251
f 23//1104 22//1105 38//1106
f 38//1106 22//1105 37//1107
s 252
f 24//1108 23//1109 39//1110
f 39//1110 23//1109 38//1111
s 253
f 25//1112 24//1113 40//1114
f 40//1114 24//1113 39//1115
s off
f 206//1116 25//1117 40//1118
s 254
f 19//1119 18//1120 34//1121
f 34//1121 18//1120 33//1122
s 255
f 39//1123 38//1124 54//1125
f 54//1125 38//1124 53//1126
s 256
f 40//1127 39//1128 55//1129
f 55//1129 39//1128 54//1130
s off
f 206//1131 40//1132 55//1133
s 257
f 34//1134 33//1135 49//1136
f 49//1136 33//1135 48//1137
s 258
f 35//1138 34//1139 50//1140
f 50//1140 34//1139 49//1141
s 259
f 36//1142 35//1143 51//1144
f 51//1144 35//1143 50//1145
s 260
f 37//1146 36//1147 52//1148
f 52//1148 36//1147 51//1149
s 261
f 38//1150 37//1151 53//1152
f 53//1152 37//1151 52//1153
s 262
f 51//1154 50//1155 66//1156
f 66//1156 50//1155 65//1157
s 263
f 52//1158 51//1159 67//1160
f 67//1160 51//1159 66//1161
s 264
f 53//1162 52//1163 68//1164
f 68//1164 52//1163 67//1165
s 265
f 54//1166 53//1167 69//1168
f 69//1168 53//1167 68//1169
s 266
f 55//1170 54//1171 70//1172
f 70//1172 54//1171 69//1173
s off
f 206//1174 55//1175 70//1176
s 267
f 49//1177 48//1178 64//1179
f 64//1179 48//1178 63//1180
s 268
f 50//1181 49//1182 65//1183
f 65//1183 49//1182 64//1184
s 269
f 70//1185 69//1186 85//1187
f 85//1187 69//1186 84//1188
s off
f 206//1189 70//1190 85//1191
s 270
f 64//1192 63//1193 79//1194
f 79//1194 63//1193 78//1195
s 271
f 65//1196 64//1197 80//1198
f 80//1198 64//1197 79//1199
s 272
f 66//1200 65//1201 81//1202
f 81//1202 65//1201 80//1203
s 273
f 67//1204 66//1205 82//1206
f 82//1206 66//1205 81//1207
s 274
f 68//1208 67//1209 83//1210
f 83//1210 67//1209 82//1211
s 275
f 69//1212 68//1213 84//1214
f 84//1214 68//1213 83//1215
s 276
f 82//1216 81//1217 97//1218
f 97//1218 81//1217 96//1219
s 277
f 83//1220 82//1221 98//1222
f 98//1222 82//1221 97//1223
s 278
f 84//1224 83//1225 99//1226
f 99//1226 83//1225 98//1227
s 279
f 85//1228 84//1229 100//1230
f 100//1230 84//1229 99//1231
s off
f 206//1232 85//1233 100//1234
s 280
f 79//1235 78//1236 94//1237
f 94//1237 78//1236 93//1238
s 281
f 80//1239 79//1240 95//1241
f 95//1241 79//1240 94//1242
s 282
f 81//1243 80//1244 96//1245
f 96//1245 80//1244 95//1246
s off
f 206//1247 100//1248 115//1249
s 283
f 94//1250 93//1251 109//1252
f 109//1252 93//1251 108//1253
s 284
f 95//1254 94//1255 110//1256
f 110//1256 94//1255 109//1257
s 285
f 96//1258 95//1259 111//1260
f 111//1260 95//1259 110//1261
s 286
f 97//1262 96//1263 112//1264
f 112//1264 96//1263 111//1265
s 287
f 98//1266 97//1267 113//1268
f 113//1268 97//1267 112//1269
s 288
f 99//1270 98//1271 114//1272
f 114//1272 98//1271 113//1273
s 289
f 100//1274 99//1275 115//1276
f 115//1276 99//1275 114//1277
s 290
f 112//1278 111//1279 127//1280
f 127//1280 111//1279 126//1281
s 291
f 113//1282 112//1283 128//1284
f 128//1284 112//1283 127//1285
s 292
f 114//1286 113//1287 129//1288
f 129//1288 113//1287 128//1289
s 293
f 115//1290 114//1291 130//1292
f 130//1292 114//1291 129//1293
s off
f 206//1294 115//1295 130//1296
s 294
f 109//1297 108//1298 124//1299
f 124//1299 108//1298 123//1300
s 295
f 110//1301 109//1302 125//1303
f 125//1303 109//1302 124//1304
s 296
f 111//1305 110//1306 126//1307
f 126//1307 110//1306 125//1308
s off
f 206//1309 130//1310 145//1311
s 297
f 124//1312 123//1313 139//1314
f 139//1314 123//1313 138//1315
s 298
f 125//1316 124//1317 140//1318
f 140//1318 124//1317 139//1319
s 299
f 126//1320 125//1321 141//1322
f 141//1322 125//1321 140//1323
s 300
f 127//1324 126//1325 142//1326
f 142//1326 126//1325 141//1327
s 301
f 128//1328 127//1329 143//1330
f 143//1330 127//1329 142//1331
s 302
f 129//1332 128//1333 144//1334
f 144//1334 128//1333 143//1335
s 303
f 130//1336 129//1337 145//1338
f 145//1338 129//1337 144//1339
s 304
f 143//1340 142//1341 158//1342
f 158//1342 142//1341 157//1343
s 305
f 144//1344 143//1345 159//1346
f 159//1346 143//1345 158//1347
s 306
f 145//1348 144//1349 160//1350
f 160//1350 144//1349 159//1351
s off
f 206//1352 145//1353 160//1354
s 307
f 139//1355 138//1356 154//1357
f 154//1357 138//1356 153//1358
s 308
f 140//1359 139//1360 155//1361
f 155//1361 139//1360 154//1362
s 309
f 141//1363 140//1364 156//1365
f 156//1365 140//1364 155//1366
s 310
f 142//1367 141//1368 157//1369
f 157//1369 141//1368 156//1370
s 311
f 154//1371 153//1372 169//1373
f 169//1373 153//1372 168//1374
s 312
f 155//1375 154//1376 170//1377
f 170//1377 154//1376 169//1378
s 313
f 156//1379 155//1380 171//1381
f 171//1381 155//1380 170//1382
s 314
f 157//1383 156//1384 172//1385
f 172//1385 156//1384 171//1386
s 315
f 158//1387 157//1388 173//1389
f 173//1389 157//1388 172//1390
s 316
f 159//1391 158//1392 174//1393
f 174//1393 158//1392 173//1394
s 317
f 160//1395 159//1396 175//1397
f 175//1397 159//1396 174//1398
s off
f 206//1399 160//1400 175//1401
s 318
f 173//1402 172//1403 188//1404
f 188//1404 172//1403 187//1405
s 319
f 174//1406 173//1407 189//1408
f 189//1408 173//1407 188//1409
s 320
f 175//1410 174//1411 190//1412
f 190//1412 174//1411 189//1413
s off
f 206//1414 175//1415 190//1416
s 321
f 169//1417 168//1418 184//1419
f 184//1419 168//1418 183//1420
s 322
f 170//1421 169//1422 185//1423
f 185//1423 169//1422 184//1424
s 323
f 171//1425 170//1426 186//1427
f 186//1427 170//1426 185//1428
s 324
f 172//1429 171//1430 187//1431
f 187//1431 171//1430 186//1432
s 325
f 185//1433 184//1434 200//1435
f 200//1435 184//1434 199//1436
s 326
f 186//1437 185//1438 201//1439
f 201//1439 185//1438 200//1440
s 327
f 187//1441 186//1442 202//1443
f 202//1443 186//1442 201//1444
s 328
f 188//1445 187//1446 203//1447
f 203//1447 187//1446 202//1448
s 329
f 189//1449 188//1450 204//1451
f 204//1451 188//1450 203//1452
s 330
usemtl lambert2SG
f 181//1453 491//1454 182//1455
f 182//1455 491//1454 492//1456
s 331
usemtl phong1SG
f 190//1457 189//1458 205//1459
f 205//1459 189//1458 204//1460
s off
f 206//1461 190//1462 205//1463
s 332
f 184//1464 183//1465 199//1466
f 199//1466 183//1465 198//1467
s 333
f 204//1468 203//1469 220//1470
f 220//1470 203//1469 219//1471
s 334
f 205//1472 204//1473 221//1474
f 221//1474 204//1473 220//1475
s off
f 206//1476 205//1477 221//1478
s 335
f 199//1479 198//1480 215//1481
f 215//1481 198//1480 214//1482
s 336
f 200//1483 199//1484 216//1485
f 216//1485 199//1484 215//1486
s 337
f 201//1487 200//1488 217//1489
f 217//1489 200//1488 216//1490
s 338
f 202//1491 201//1492 218//1493
f 218//1493 201//1492 217//1494
s 339
f 203//1495 202//1496 219//1497
f 219//1497 202//1496 218//1498
s 340
f 217//1499 216//1500 232//1501
f 232//1501 216//1500 231//1502
s 341
f 218//1503 217//1504 233//1505
f 233//1505 217//1504 232//1506
s 342
f 219//1507 218//1508 234//1509
f 234//1509 218//1508 233//1510
s 343
f 220//1511 219//1512 235//1513
f 235//1513 219//1512 234//1514
s 344
usemtl lambert2SG
f 493//1515 227//1516 494//1517
f 494//1517 227//1516 228//1518
s 345
usemtl phong1SG
f 221//1519 220//1520 236//1521
f 236//1521 220//1520 235//1522
s off
f 206//1523 221//1524 236//1525
s 346
f 215//1526 214//1527 230//1528
f 230//1528 214//1527 229//1529
s 347
f 216//1530 215//1531 231//1532
f 231//1532 215//1531 230//1533
s 348
f 236//1534 235//1535 251//1536
f 251//1536 235//1535 250//1537
s off
f 206//1538 236//1539 251//1540
s 349
f 230//1541 229//1542 245//1543
f 245//1543 229//1542 244//1544
s 350
f 231//1545 230//1546 246//1547
f 246//1547 230//1546 245//1548
s 351
f 232//1549 231//1550 247//1551
f 247//1551 231//1550 246//1552
s 352
f 233//1553 232//1554 248//1555
f 248//1555 232//1554 247//1556
s 353
f 234//1557 233//1558 249//1559
f 249//1559 233//1558 248//1560
s 354
f 235//1561 234//1562 250//1563
f 250//1563 234//1562 249//1564
s 355
f 247//1565 246//1566 262//1567
f 262//1567 246//1566 261//1568
s 356
f 248//1569 247//1570 263//1571
f 263//1571 247//1570 262//1572
s 357
f 249//1573 248//1574 264//1575
f 264//1575 248//1574 263//1576
s 358
f 250//1577 249//1578 265//1579
f 265//1579 249//1578 264//1580
s 359
f 251//1581 250//1582 266//1583
f 266//1583 250//1582 265//1584
s off
f 206//1585 251//1586 266//1587
s 360
f 245//1588 244//1589 260//1590
f 260//1590 244//1589 259//1591
s 361
f 246//1592 245//1593 261//1594
f 261//1594 245//1593 260//1595
s 362
f 266//1596 265//1597 281//1598
f 281//1598 265//1597 280//1599
s off
f 206//1600 266//1601 281//1602
s 363
f 260//1603 259//1604 275//1605
f 275//1605 259//1604 274//1606
s 364
f 261//1607 260//1608 276//1609
f 276//1609 260//1608 275//1610
s 365
f 262//1611 261//1612 277//1613
f 277//1613 261//1612 276//1614
s 366
f 263//1615 262//1616 278//1617
f 278//1617 262//1616 277//1618
s 367
f 264//1619 263//1620 279//1621
f 279//1621 263//1620 278//1622
s 368
f 265//1623 264//1624 280//1625
f 280//1625 264//1624 279//1626
s 369
usemtl lambert2SG
f 258//1627 257//1628 496//1629
f 496//1629 257//1628 495//1630
s 370
usemtl phong1SG
f 278//1631 277//1632 293//1633
f 293//1633 277//1632 292//1634
s 371
f 279//1635 278//1636 294//1637
f 294//1637 278//1636 293//1638
s 372
f 280//1639 279//1640 295//1641
f 295//1641 279//1640 294//1642
s 373
f 281//1643 280//1644 296//1645
f 296//1645 280//1644 295//1646
s off
f 206//1647 281//1648 296//1649
s 374
f 275//1650 274//1651 290//1652
f 290//1652 274//1651 289//1653
s 375
f 276//1654 275//1655 291//1656
f 291//1656 275//1655 290//1657
s 376
f 277//1658 276//1659 292//1660
f 292//1660 276//1659 291//1661
s off
f 206//1662 296//1663 312//1664
s 377
f 290//1665 289//1666 306//1667
f 306//1667 289//1666 305//1668
s 378
f 291//1669 290//1670 307//1671
f 307//1671 290//1670 306//1672
s 379
f 292//1673 291//1674 308//1675
f 308//1675 291//1674 307//1676
s 380
f 293//1677 292//1678 309//1679
f 309//1679 292//1678 308//1680
s 381
f 294//1681 293//1682 310//1683
f 310//1683 293//1682 309//1684
s 382
f 295//1685 294//1686 311//1687
f 311//1687 294//1686 310//1688
s 383
usemtl lambert2SG
f 498//1689 497//1690 304//1691
f 304//1691 497//1690 303//1692
s 384
usemtl phong1SG
f 296//1693 295//1694 312//1695
f 312//1695 295//1694 311//1696
s 385
f 309//1697 308//1698 324//1699
f 324//1699 308//1698 323//1700
s 386
f 310//1701 309//1702 325//1703
f 325//1703 309//1702 324//1704
s 387
f 311//1705 310//1706 326//1707
f 326//1707 310//1706 325//1708
s 388
f 312//1709 311//1710 327//1711
f 327//1711 311//1710 326//1712
s off
f 206//1713 312//1714 327//1715
s 389
f 306//1716 305//1717 321//1718
f 321//1718 305//1717 320//1719
s 390
f 307//1720 306//1721 322//1722
f 322//1722 306//1721 321//1723
s 391
f 308//1724 307//1725 323//1726
f 323//1726 307//1725 322//1727
s off
f 206//1728 327//1729 342//1730
s 392
f 321//1731 320//1732 336//1733
f 336//1733 320//1732 335//1734
s 393
f 322//1735 321//1736 337//1737
f 337//1737 321//1736 336//1738
s 394
f 323//1739 322//1740 338//1741
f 338//1741 322//1740 337//1742
s 395
f 324//1743 323//1744 339//1745
f 339//1745 323//1744 338//1746
s 396
f 325//1747 324//1748 340//1749
f 340//1749 324//1748 339//1750
s 397
f 326//1751 325//1752 341//1753
f 341//1753 325//1752 340//1754
s 398
f 327//1755 326//1756 342//1757
f 342//1757 326//1756 341//1758
s 399
f 340//1759 339//1760 355//1761
f 355//1761 339//1760 354//1762
s 400
f 341//1763 340//1764 356//1765
f 356//1765 340//1764 355//1766
s 401
f 342//1767 341//1768 357//1769
f 357//1769 341//1768 356//1770
s off
f 206//1771 342//1772 357//1773
s 402
f 336//1774 335//1775 351//1776
f 351//1776 335//1775 350//1777
s 403
f 337//1778 336//1779 352//1780
f 352//1780 336//1779 351//1781
s 404
f 338//1782 337//1783 353//1784
f 353//1784 337//1783 352//1785
s 405
f 339//1786 338//1787 354//1788
f 354//1788 338//1787 353//1789
s 406
f 352//1790 351//1791 367//1792
f 367//1792 351//1791 366//1793
s 407
f 353//1794 352//1795 368//1796
f 368//1796 352//1795 367//1797
s 408
f 354//1798 353//1799 369//1800
f 369//1800 353//1799 368//1801
s 409
f 355//1802 354//1803 370//1804
f 370//1804 354//1803 369//1805
s 410
f 356//1806 355//1807 371//1808
f 371//1808 355//1807 370//1809
s 411
f 357//1810 356//1811 372//1812
f 372//1812 356//1811 371//1813
s off
f 206//1814 357//1815 372//1816
s 412
f 351//1817 350//1818 366//1819
f 366//1819 350//1818 365//1820
s 413
f 371//1821 370//1822 386//1823
f 386//1823 370//1822 385//1824
s 414
f 372//1825 371//1826 387//1827
f 387//1827 371//1826 386//1828
s off
f 206//1829 372//1830 387//1831
s 415
f 366//1832 365//1833 381//1834
f 381//1834 365//1833 380//1835
s 416
f 367//1836 366//1837 382//1838
f 382//1838 366//1837 381//1839
s 417
f 368//1840 367//1841 383//1842
f 383//1842 367//1841 382//1843
s 418
f 369//1844 368//1845 384//1846
f 384//1846 368//1845 383//1847
s 419
f 370//1848 369//1849 385//1850
f 385//1850 369//1849 384//1851
s 420
f 382//1852 381//1853 397//1854
f 397//1854 381//1853 396//1855
s 421
f 383//1856 382//1857 398//1858
f 398//1858 382//1857 397//1859
s 422
f 384//1860 383//1861 399//1862
f 399//1862 383//1861 398//1863
s 423
f 385//1864 384//1865 400//1866
f 400//1866 384//1865 399//1867
s 424
f 386//1868 385//1869 401//1870
f 401//1870 385//1869 400//1871
s 425
f 387//1872 386//1873 402//1874
f 402//1874 386//1873 401//1875
s off
f 206//1876 387//1877 402//1878
s 426
f 381//1879 380//1880 396//1881
f 396//1881 380//1880 395//1882
s 427
f 401//1883 400//1884 416//1885
f 416//1885 400//1884 415//1886
s 428
f 402//1887 401//1888 417//1889
f 417//1889 401//1888 416//1890
s off
f 206//1891 402//1892 417//1893
s 429
f 396//1894 395//1895 411//1896
f 411//1896 395//1895 410//1897
s 430
f 397//1898 396//1899 412//1900
f 412//1900 396//1899 411//1901
s 431
f 398//1902 397//1903 413//1904
f 413//1904 397//1903 412//1905
s 432
f 399//1906 398//1907 414//1908
f 414//1908 398//1907 413//1909
s 433
f 400//1910 399//1911 415//1912
f 415//1912 399//1911 414//1913
s 434
f 413//1914 412//1915 428//1916
f 428//1916 412//1915 427//1917
s 435
f 414//1918 413//1919 429//1920
f 429//1920 413//1919 428//1921
s 436
f 415//1922 414//1923 430//1924
f 430//1924 414//1923 429//1925
s 437
f 416//1926 415//1927 431//1928
f 431//1928 415//1927 430//1929
s 438
f 417//1930 416//1931 432//1932
f 432//1932 416//1931 431//1933
s off
f 206//1934 417//1935 432//1936
s 439
f 411//1937 410//1938 426//1939
f 426//1939 410//1938 425//1940
s 440
f 412//1941 411//1942 427//1943
f 427//1943 411//1942 426//1944
s 441
f 432//1945 431//1946 447//1947
f 447//1947 431//1946 446//1948
s off
f 206//1949 432//1950 447//1951
s 442
f 426//1952 425//1953 441//1954
f 441//1954 425//1953 440//1955
s 443
f 427//1956 426//1957 442//1958
f 442//1958 426//1957 441//1959
s 444
f 428//1960 427//1961 443//1962
f 443//1962 427//1961 442//1963
s 445
f 429//1964 428//1965 444//1966
f 444//1966 428//1965 443//1967
s 446
f 430//1968 429//1969 445//1970
f 445//1970 429//1969 444//1971
s 447
f 431//1972 430//1973 446//1974
f 446//1974 430//1973 445//1975
s 448
f 443//1976 442//1977 458//1978
f 458//1978 442//1977 457//1979
s 449
f 444//1980 443//1981 459//1982
f 459//1982 443//1981 458//1983
s 450
f 445//1984 444//1985 460//1986
f 460//1986 444//1985 459//1987
s 451
f 446//1988 445//1989 461//1990
f 461//1990 445//1989 460//1991
s 452
f 447//1992 446//1993 462//1994
f 462//1994 446//1993 461//1995
s off
f 206//1996 447//1997 462//1998
s 453
f 441//1999 440//2000 456//2001
f 456//2001 440//2000 455//2002
s 454
f 442//2003 441//2004 457//2005
f 457//2005 441//2004 456//2006
s 455
f 462//2007 461//2008 477//2009
f 477//2009 461//2008 476//2010
s off
f 206//2011 462//2012 477//2013
s 456
f 456//2014 455//2015 471//2016
f 471//2016 455//2015 470//2017
s 457
f 457//2018 456//2019 472//2020
f 472//2020 456//2019 471//2021
s 458
f 458//2022 457//2023 473//2024
f 473//2024 457//2023 472//2025
s 459
f 459//2026 458//2027 474//2028
f 474//2028 458//2027 473//2029
s 460
f 460//2030 459//2031 475//2032
f 475//2032 459//2031 474//2033
s 461
f 461//2034 460//2035 476//2036
f 476//2036 460//2035 475//2037
s 462
f 474//2038 473//2039 480//2040
f 480//2040 473//2039 479//2041
s 463
f 475//2042 474//2043 10//2044
f 10//2044 474//2043 480//2045
s 464
f 476//2046 475//2047 481//2048
f 481//2048 475//2047 10//2049
s 465
f 477//2050 476//2051 482//2052
f 482//2052 476//2051 481//2053
s off
f 206//2054 477//2055 482//2056
s 466
f 471//2057 470//2058 9//2059
f 9//2059 470//2058 8//2060
s 467
f 472//2061 471//2062 478//2063
f 478//2063 471//2062 9//2064
s 468
f 473//2065 472//2066 479//2067
f 479//2067 472//2066 478//2068
s 469
usemtl lambert2SG
f 196//2069 197//2070 491//2071
f 491//2071 197//2070 492//2072
s 470
f 212//2073 493//2074 213//2075
f 213//2075 493//2074 494//2076
s 471
f 197//2077 213//2078 492//2079
f 492//2079 213//2078 494//2080
s 472
usemtl lambert3SG
f 212//2081 196//2082 493//2083
f 493//2083 196//2082 491//2084
s 473
usemtl lambert2SG
f 272//2085 273//2086 495//2087
f 495//2087 273//2086 496//2088
s 474
f 287//2089 497//2090 288//2091
f 288//2091 497//2090 498//2092
s 475
usemtl lambert3SG
f 272//2093 495//2094 287//2095
f 287//2095 495//2094 497//2096
s 476
usemtl lambert2SG
f 288//2097 498//2098 273//2099
f 273//2099 498//2098 496//2100
s 477
usemtl lambert3SG
f 196//2101 212//2102 197//2103
f 197//2103 212//2102 213//2104
s 478
f 273//2105 272//2106 288//2107
f 288//2107 272//2106 287//2108
g default
v 0.526940 4.122405 -3.873716
v 0.512998 3.862052 -4.520671
v 0.500215 3.480458 -5.104410
v 0.489081 2.992288 -5.602500
v 0.480027 2.416300 -5.995801
v 0.473398 1.774632 -6.269196
v 0.469451 1.091940 -6.412182
v 0.468336 0.394461 -6.419262
v 0.470096 -0.291002 -6.290164
v 0.502966 -2.413602 -4.584371
v 0.662615 4.123390 -3.863275
v 0.779132 3.863984 -4.500190
v 0.886581 3.483263 -5.074676
v 0.980832 2.995857 -5.564656
v 1.058266 2.420497 -5.951301
v 1.115902 1.779294 -6.219751
v 1.151529 1.096890 -6.359691
v 1.163777 0.399507 -6.365742
v 1.152176 -0.286052 -6.237673
v 1.117169 -0.933444 -5.980404
v 1.060104 -1.517789 -5.603822
v 0.983173 -2.016630 -5.122400
v 0.889333 -2.410798 -4.554637
v 0.782189 -2.685146 -3.922353
v 0.665860 -2.829129 -3.249847
v 0.793635 4.126681 -3.826668
v 1.036139 3.870439 -4.428383
v 1.259698 3.492634 -4.970428
v 1.455720 3.007785 -5.431974
v 1.616674 2.434523 -5.795283
v 1.736372 1.794879 -6.046394
v 1.810217 1.113434 -6.175656
v 1.835369 0.416376 -6.178102
v 1.810862 -0.269507 -6.053637
v 1.737639 -0.917859 -5.807047
v 1.618512 -1.503762 -5.447805
v 1.458060 -2.004702 -4.989718
v 1.262449 -2.401426 -4.450390
v 1.039196 -2.678690 -3.850546
v 0.796881 -2.825838 -3.213240
v 0.914969 4.132151 -3.765302
v 1.274142 3.881171 -4.308009
v 1.605225 3.508215 -4.795674
v 1.895493 3.027614 -5.209554
v 2.133792 2.457840 -5.533744
v 2.310963 1.820788 -5.755787
v 2.420199 1.140939 -5.867149
v 2.457302 0.444420 -5.863551
v 2.420845 -0.242003 -5.745131
v 2.312230 -0.891950 -5.516440
v 2.135631 -1.480445 -5.186266
v 1.897833 -1.984872 -4.767297
v 1.607976 -2.385846 -4.275635
v 1.277200 -2.667958 -3.730173
v 0.918214 -2.820367 -3.151874
v 1.021951 4.139593 -3.681536
v 1.483996 3.895767 -4.143696
v 1.909885 3.529403 -4.557127
v 2.283252 3.054584 -4.905941
v 2.589748 2.489552 -5.176734
v 2.817595 1.856024 -5.359099
v 2.958036 1.178347 -5.446027
v 3.005675 0.482560 -5.434179
v 2.958682 -0.204596 -5.324008
v 2.818861 -0.856713 -5.119752
v 2.591586 -1.448733 -4.829255
v 2.285592 -1.957903 -4.463685
v 1.912637 -2.364657 -4.037088
v 1.487053 -2.653363 -3.565859
v 1.025197 -2.812926 -3.068107
v 1.110472 4.148717 -3.578587
v 1.657635 3.913665 -3.941756
v 2.161970 3.555389 -4.263956
v 2.604095 3.087656 -4.532805
v 2.967019 2.528441 -4.737973
v 3.236796 1.899235 -4.871573
v 3.403058 1.224218 -4.928472
v 3.459416 0.529331 -4.906485
v 3.403703 -0.158723 -4.806454
v 3.238062 -0.813502 -4.632226
v 2.968858 -1.409844 -4.390494
v 2.606435 -1.924831 -4.090549
v 2.164722 -2.338672 -3.743917
v 1.660692 -2.635465 -3.363920
v 1.113717 -2.803802 -2.965160
v 1.177129 4.159175 -3.460414
v 1.788387 3.934178 -3.709950
v 2.351792 3.585169 -3.927427
v 2.845692 3.125559 -4.104485
v 3.251108 2.573011 -4.234321
v 3.552458 1.948759 -4.311945
v 3.738163 1.276793 -4.334375
v 3.801086 0.582935 -4.300748
v 3.738808 -0.106149 -4.212356
v 3.553724 -0.763979 -4.072598
v 3.252946 -1.365274 -3.886842
v 2.848032 -1.886927 -3.662228
v 2.354543 -2.308891 -3.407388
v 1.791444 -2.614951 -3.132114
v 1.180373 -2.793344 -2.846986
v 1.219360 4.170563 -3.331556
v 1.871227 3.956519 -3.457188
v 2.472056 3.617602 -3.560472
v 2.998759 3.166839 -3.637440
v 3.431096 2.621550 -3.685134
v 3.752450 2.002693 -3.701722
v 3.950474 1.334048 -3.686565
v 4.017556 0.641313 -3.640247
v 3.951119 -0.048893 -3.564547
v 3.753717 -0.710045 -3.462375
v 3.432934 -1.316735 -3.337655
v 3.001100 -1.845648 -3.195184
v 2.474807 -2.276458 -3.040433
v 1.874283 -2.592611 -2.879351
v 1.222605 -2.781955 -2.718129
v 1.235542 4.182446 -3.196967
v 1.902970 3.979827 -3.193181
v 2.518141 3.651441 -3.177193
v 3.057414 3.209907 -3.149619
v 3.500067 2.672194 -3.111518
v 3.829087 2.058964 -3.064354
v 4.031830 1.393786 -3.009939
v 4.100507 0.702221 -2.950364
v 4.032476 0.010844 -2.887920
v 3.830354 -0.653773 -2.825006
v 3.501905 -1.266092 -2.764039
v 3.059755 -1.802579 -2.707363
v 2.520892 -2.242620 -2.657154
v 1.906027 -2.569302 -2.615345
v 1.238788 -2.770073 -2.583539
v 1.225055 4.194366 -3.061817
v 1.882399 4.003208 -2.928076
v 2.488276 3.685385 -2.792320
v 3.019403 3.253109 -2.659769
v 3.455370 2.722993 -2.535515
v 3.779423 2.115410 -2.424334
v 3.979107 1.453709 -2.330497
v 4.046751 0.763317 -2.257612
v 3.979753 0.070768 -2.208479
v 3.780689 -0.597327 -2.184986
v 3.457209 -1.215291 -2.188037
v 3.021744 -1.759377 -2.217513
v 2.491027 -2.208676 -2.272282
v 1.885455 -2.545921 -2.350240
v 1.228300 -2.758153 -2.448390
v 1.188301 4.205864 -2.931301
v 1.810303 4.025763 -2.672060
v 2.383608 3.718129 -2.420644
v 2.886187 3.294785 -2.186715
v 3.298724 2.771999 -1.979261
v 3.605367 2.169863 -1.806258
v 3.794330 1.511515 -1.674351
v 3.858355 0.822256 -1.588611
v 3.794976 0.128573 -1.552333
v 3.606634 -0.542875 -1.566911
v 3.300563 -1.166286 -1.631783
v 2.888527 -1.717701 -1.744458
v 2.386359 -2.175931 -1.900605
v 1.813359 -2.523367 -2.094224
v 1.191546 -2.746655 -2.317875
v 1.126692 4.216499 -2.810435
v 1.689452 4.046625 -2.434973
v 2.208160 3.748416 -2.076446
v 2.662884 3.333332 -1.748634
v 3.036148 2.817327 -1.464134
v 3.313608 2.220228 -1.233879
v 3.484600 1.564982 -1.066717
v 3.542557 0.876771 -0.969073
v 3.485246 0.182041 -0.944698
v 3.314874 -0.492510 -0.994531
v 3.037986 -1.120958 -1.116655
v 2.665224 -1.679153 -1.306378
v 2.210911 -2.145645 -1.556408
v 1.692508 -2.502505 -1.857137
v 1.129937 -2.736019 -2.197008
v 1.042595 4.225863 -2.703863
v 1.524491 4.064993 -2.225925
v 1.968675 3.775082 -1.772956
v 2.358077 3.367272 -1.362364
v 2.677732 2.857235 -1.009928
v 2.881823 2.494329 -0.748758
v 3.061820 1.612057 -0.530945
v 3.111493 0.924768 -0.422803
v 3.062466 0.229116 -0.408926
v 2.916624 -0.448166 -0.489844
v 2.679571 -1.081050 -0.662449
v 2.360416 -1.645215 -0.920107
v 1.971426 -2.118980 -1.252917
v 1.527548 -2.484137 -1.648089
v 1.045841 -2.726656 -2.090437
v 0.939244 4.233595 -2.615681
v 1.321760 4.080160 -2.052949
v 1.674354 3.797101 -1.521835
v 1.983477 3.395296 -1.042747
v 2.237250 2.890189 -0.634099
v 2.304498 2.320459 -0.186453
v 2.368010 1.917204 -0.073013
v 2.581731 0.964401 0.029203
v 2.542882 0.267987 0.034395
v 2.427188 -0.411550 -0.072245
v 2.239089 -1.048096 -0.286619
v 1.985818 -1.617189 -0.600491
v 1.677106 -2.096960 -1.001796
v 1.324816 -2.468970 -1.475114
v 0.942489 -2.718923 -2.002255
v 0.544816 -2.837215 -2.562961
v 0.820608 4.239398 -2.549278
v 1.089048 4.091543 -1.922694
v 1.336509 3.813627 -1.332733
v 1.553483 3.416332 -0.802068
v 1.731631 2.914923 -0.351089
v 2.031528 2.249193 -0.036037
v 2.076748 1.937011 0.105584
v 1.973627 0.994149 0.369576
v 1.946464 0.297164 0.368227
v 1.865373 -0.384067 0.242219
v 1.733469 -1.023362 -0.003610
v 1.555824 -1.596155 -0.359811
v 1.339261 -2.080433 -0.812695
v 1.092106 -2.457586 -1.344859
v 0.823854 -2.713120 -1.935851
v 0.691248 4.243051 -2.507205
v 0.835300 4.098706 -1.840165
v 0.968125 3.824027 -1.212919
v 1.084618 3.429567 -0.649573
v 1.180304 2.930487 -0.171775
v 1.287488 2.099437 0.223108
v 1.295483 1.698464 0.457725
v 1.310552 1.012867 0.585236
v 1.296129 0.315522 0.579743
v 1.252771 -0.366773 0.441462
v 1.182142 -1.007799 0.175704
v 1.086959 -1.582919 -0.207316
v 0.970876 -2.070034 -0.692881
v 0.838358 -2.450423 -1.262330
v 0.694494 -2.709468 -1.893778
v 0.556136 4.244410 -2.491079
v 0.570266 4.101374 -1.808533
v 0.583355 3.827899 -1.166997
v 0.594900 3.434495 -0.591125
v 0.608205 2.977457 0.072827
v 0.612857 2.331909 0.336979
v 0.616225 1.705299 0.538795
v 0.617985 1.019837 0.667893
v 0.616870 0.322358 0.660813
v 0.612924 -0.360334 0.517828
v 0.606295 -1.002003 0.244432
v 0.597240 -1.577991 -0.148868
v 0.586107 -2.066162 -0.646959
v 0.573324 -2.447756 -1.230697
v 0.559382 -2.708108 -1.877652
v 0.420461 4.243425 -2.501520
v 0.304132 4.099442 -1.829014
v 0.196989 3.825095 -1.196730
v 0.103149 3.430927 -0.628969
v 0.026217 2.932086 -0.147547
v -0.066600 2.101313 0.251535
v -0.065854 1.700350 0.486304
v -0.077456 1.014790 0.614374
v -0.065208 0.317408 0.608321
v -0.029580 -0.364996 0.468383
v 0.028056 -1.006200 0.199932
v 0.105488 -1.581559 -0.186712
v 0.199741 -2.068965 -0.676692
v 0.307190 -2.449687 -1.251178
v 0.423707 -2.709093 -1.888093
v 0.289441 4.240135 -2.538127
v 0.047125 4.092987 -1.900821
v -0.176127 3.815724 -1.300978
v -0.371738 3.418999 -0.761650
v -0.532190 2.918060 -0.303564
v -0.814665 2.258162 0.023996
v -0.856176 1.935131 0.172447
v -0.749048 0.997921 0.426733
v -0.723895 0.300863 0.424287
v -0.650050 -0.380582 0.295026
v -0.530351 -1.020226 0.043914
v -0.369398 -1.593488 -0.319394
v -0.173376 -2.078337 -0.780940
v 0.050183 -2.456143 -1.322985
v 0.292686 -2.712384 -1.924701
v 0.168107 4.234664 -2.599493
v -0.190878 4.082255 -2.021194
v -0.521654 3.800143 -1.475732
v -0.811511 3.399169 -0.984071
v -1.049308 2.894742 -0.565104
v -1.103309 2.332724 -0.119715
v -1.165224 1.915473 0.000391
v -1.370980 0.969877 0.112183
v -1.333877 0.273358 0.115780
v -1.224641 -0.406491 0.004419
v -1.047470 -1.043543 -0.217625
v -0.809171 -1.613317 -0.541815
v -0.518903 -2.093918 -0.955695
v -0.187820 -2.466875 -1.443359
v 0.171353 -2.717855 -1.986066
v 0.541505 4.251512 -3.188405
v 0.061125 4.227223 -2.683259
v -0.400731 4.067660 -2.185508
v -0.826314 3.778954 -1.714280
v -1.199270 3.372200 -1.287683
v -1.505263 2.863030 -0.922114
v -1.699218 2.500676 -0.652586
v -1.872359 1.618893 -0.427360
v -1.919353 0.931738 -0.317190
v -1.871714 0.235951 -0.305342
v -1.731272 -0.441727 -0.392269
v -1.503425 -1.075255 -0.574635
v -1.196929 -1.640287 -0.845427
v -0.823562 -2.115107 -1.194241
v -0.397674 -2.481470 -1.607672
v 0.064371 -2.725296 -2.069833
v -0.027395 4.218099 -2.786208
v -0.574370 4.049761 -2.387448
v -1.078399 3.752969 -2.007451
v -1.520113 3.339128 -1.660819
v -1.882535 2.824142 -1.360875
v -2.151740 2.227800 -1.119142
v -2.317381 1.573021 -0.944915
v -2.373093 0.884967 -0.844883
v -2.316735 0.190079 -0.822896
v -2.150473 -0.484937 -0.879795
v -1.880696 -1.114144 -1.013396
v -1.517772 -1.673359 -1.218562
v -1.075647 -2.141091 -1.487412
v -0.571312 -2.499368 -1.809612
v -0.024149 -2.734420 -2.172780
v -0.094052 4.207640 -2.904381
v -0.705122 4.029248 -2.619253
v -1.268221 3.723189 -2.343979
v -1.761710 3.301224 -2.089140
v -2.166623 2.779571 -1.864526
v -2.467402 2.178276 -1.678770
v -2.652486 1.520447 -1.539012
v -2.714764 0.831362 -1.450620
v -2.651840 0.137505 -1.416994
v -2.466136 -0.534461 -1.439422
v -2.164784 -1.158714 -1.517047
v -1.759370 -1.711262 -1.646883
v -1.265468 -2.170872 -1.823941
v -0.702064 -2.519882 -2.041417
v -0.090806 -2.744878 -2.290954
v -0.136283 4.196251 -3.033238
v -0.787961 4.006907 -2.872016
v -1.388485 3.690755 -2.710934
v -1.914777 3.259945 -2.556184
v -2.346611 2.731032 -2.413712
v -2.667395 2.124342 -2.288993
v -2.864795 1.463191 -2.186821
v -2.931234 0.772985 -2.111121
v -2.864150 0.080249 -2.064803
v -2.666128 -0.588395 -2.049645
v -2.344772 -1.207253 -2.066234
v -1.912437 -1.752541 -2.113928
v -1.385733 -2.203305 -2.190896
v -0.784903 -2.542222 -2.294180
v -0.133037 -2.756267 -2.419811
v -0.152466 4.184370 -3.167828
v -0.819705 3.983599 -3.136023
v -1.434570 3.656917 -3.094213
v -1.973432 3.216876 -3.044005
v -2.415582 2.680389 -2.987329
v -2.744031 2.068071 -2.926361
v -2.946152 1.403454 -2.863448
v -3.014184 0.712077 -2.801003
v -2.945507 0.020512 -2.741429
v -2.742764 -0.644667 -2.687014
v -2.413744 -1.257896 -2.639850
v -1.971092 -1.795610 -2.601748
v -1.431819 -2.237144 -2.574174
v -0.816647 -2.565531 -2.558187
v -0.149219 -2.768149 -2.554400
v -0.141979 4.172450 -3.302977
v -0.799133 3.960218 -3.401128
v -1.404705 3.622973 -3.479085
v -1.935422 3.173674 -3.533854
v -2.370885 2.629588 -3.563331
v -2.694367 2.011624 -3.566381
v -2.893429 1.343530 -3.542889
v -2.960428 0.650980 -3.493756
v -2.892784 -0.039411 -3.420870
v -2.693101 -0.701113 -3.327034
v -2.369047 -1.308697 -3.215853
v -1.933081 -1.838812 -3.091598
v -1.401953 -2.271088 -2.959046
v -0.796076 -2.588911 -2.823291
v -0.138732 -2.780069 -2.689550
v -0.105225 4.160951 -3.433492
v -0.727037 3.937664 -3.657143
v -1.300037 3.590228 -3.850762
v -1.802205 3.131999 -4.006910
v -2.214239 2.580583 -4.119584
v -2.520312 1.957172 -4.184457
v -2.708652 1.285724 -4.199034
v -2.772031 0.592042 -4.162756
v -2.708007 -0.097218 -4.077016
v -2.519045 -0.755565 -3.945109
v -2.212401 -1.357702 -3.772106
v -1.799864 -1.880488 -3.564653
v -1.297285 -2.303832 -3.330723
v -0.723980 -2.611466 -3.079307
v -0.101979 -2.791567 -2.820065
v -0.043616 4.150316 -3.554358
v -0.606186 3.916802 -3.894230
v -1.124589 3.559942 -4.194959
v -1.578902 3.093451 -4.444989
v -1.951663 2.535256 -4.634712
v -2.228552 1.906807 -4.756836
v -2.398923 1.232257 -4.806668
v -2.456234 0.537527 -4.782294
v -2.398277 -0.150685 -4.684650
v -2.227286 -0.805931 -4.517488
v -1.949824 -1.403030 -4.287233
v -1.576561 -1.919036 -4.002733
v -1.121837 -2.334119 -3.674920
v -0.603129 -2.632328 -3.316394
v -0.040370 -2.802203 -2.940931
v 0.040481 4.140952 -3.660930
v -0.441226 3.898434 -4.103278
v -0.885103 3.533276 -4.498450
v -1.274094 3.059512 -4.831260
v -1.593247 2.495347 -5.088918
v -1.830302 1.862464 -5.261522
v -1.976143 1.185182 -5.342440
v -2.025170 0.489530 -5.328563
v -1.975497 -0.197759 -5.220422
v -1.829036 -0.850274 -5.022175
v -1.591409 -1.442937 -4.741439
v -1.271754 -1.952974 -4.389003
v -0.882352 -2.360784 -3.978411
v -0.438168 -2.650695 -3.525442
v 0.043727 -2.811566 -3.047503
v 0.143832 4.133220 -3.749113
v -0.238494 3.883267 -4.276253
v -0.590784 3.511257 -4.749571
v -0.899496 3.031487 -5.150876
v -1.152766 2.462394 -5.464747
v -1.340865 1.825847 -5.679121
v -1.456560 1.146310 -5.785760
v -1.495408 0.449896 -5.780569
v -1.455914 -0.236631 -5.663742
v -1.339599 -0.886890 -5.439774
v -1.150927 -1.475892 -5.117268
v -0.897155 -1.981000 -4.708620
v -0.588032 -2.382803 -4.229532
v -0.235437 -2.665863 -3.698417
v 0.147078 -2.819298 -3.135685
v 0.262468 4.127417 -3.815516
v -0.005784 3.871883 -4.406508
v -0.252939 3.494730 -4.938672
v -0.469501 3.010452 -5.391557
v -0.647147 2.437660 -5.747756
v -0.779051 1.798364 -5.993586
v -0.860141 1.117134 -6.119594
v -0.887304 0.420149 -6.120942
v -0.859495 -0.265807 -5.997575
v -0.777784 -0.914374 -5.754238
v -0.645308 -1.500626 -5.400277
v -0.467161 -2.002034 -4.949300
v -0.250187 -2.399330 -4.418633
v -0.002726 -2.677246 -3.828672
v 0.265714 -2.825102 -3.202088
v 0.391827 4.123765 -3.857589
v 0.247965 3.864720 -4.489038
v 0.115446 3.484331 -5.058486
v -0.000636 2.997217 -5.544050
v -0.095820 2.422096 -5.927070
v -0.166449 1.781071 -6.192828
v -0.209807 1.098776 -6.331109
v -0.224229 0.401431 -6.336600
v -0.209160 -0.284166 -6.209090
v -0.165183 -0.931667 -5.953481
v -0.093981 -1.516189 -5.579591
v 0.001704 -2.015270 -5.101794
v 0.118198 -2.409730 -4.538447
v 0.251022 -2.684410 -3.911201
v 0.395073 -2.828754 -3.244161
v 0.474665 -0.938106 -6.029847
v 0.481866 -1.521984 -5.648319
v 0.491422 -2.020199 -5.160242
v 0.516055 -2.687077 -3.942833
v 0.530186 -2.830113 -3.260287
v 2.682591 3.019172 -0.789147
v 2.242110 3.052126 -0.413318
v 1.736490 3.076860 -0.130308
v 1.185162 3.092424 0.049006
v 0.031077 3.094023 0.073234
v -0.527330 3.079997 -0.082784
v -1.044449 3.056679 -0.344323
v -1.500404 3.024967 -0.701333
v 2.412960 2.389984 -0.319154
v 2.542237 1.650929 -0.087623
v 1.874619 2.256645 0.009004
v 1.945818 1.680105 0.246209
v -0.661762 2.260159 0.062252
v -0.724540 1.683805 0.302268
v -1.213029 2.395007 -0.243033
v -1.334523 1.656300 -0.006238
v 2.862620 2.699051 -0.558768
v 2.885587 2.619778 -0.577724
v 2.400954 2.599936 -0.128605
v 2.416725 2.515433 -0.148120
v 1.868206 2.470480 0.201396
v 1.878384 2.382095 0.180039
v 1.291252 2.224886 0.394142
v 1.285281 2.316161 0.417857
v -0.055724 2.317103 0.446447
v -0.062786 2.228432 0.424845
v -0.646859 2.473096 0.254675
v -0.657948 2.387278 0.235562
v -1.192718 2.604111 -0.052649
v -1.209215 2.522127 -0.069723
v -1.695402 2.627794 -0.479277
v -1.671874 2.704618 -0.463050
vn 0.048673 0.712829 -0.699647
vn 0.048673 0.712829 -0.699647
vn 0.048673 0.712829 -0.699647
vn 0.048673 0.712829 -0.699647
vn 0.059395 0.562273 -0.824816
vn 0.059395 0.562273 -0.824816
vn 0.059395 0.562273 -0.824816
vn 0.059395 0.562273 -0.824816
vn 0.067860 0.390534 -0.918084
vn 0.067860 0.390534 -0.918084
vn 0.067860 0.390534 -0.918084
vn 0.067860 0.390534 -0.918084
vn 0.073678 0.204055 -0.976183
vn 0.073678 0.204055 -0.976183
vn 0.073678 0.204055 -0.976183
vn 0.073678 0.204055 -0.976183
vn 0.076650 0.010018 -0.997008
vn 0.076650 0.010018 -0.997008
vn 0.076650 0.010018 -0.997008
vn 0.076650 0.010018 -0.997008
vn 0.007153 0.982664 -0.185257
vn 0.007153 0.982664 -0.185257
vn 0.007153 0.982664 -0.185257
vn 0.021996 0.927316 -0.373633
vn 0.021996 0.927316 -0.373633
vn 0.021996 0.927316 -0.373633
vn 0.021996 0.927316 -0.373633
vn 0.036016 0.836111 -0.547377
vn 0.036016 0.836111 -0.547377
vn 0.036016 0.836111 -0.547377
vn 0.036016 0.836111 -0.547377
vn 0.127404 0.837564 -0.531277
vn 0.127404 0.837564 -0.531277
vn 0.127404 0.837564 -0.531277
vn 0.127404 0.837564 -0.531277
vn 0.171499 0.714774 -0.678001
vn 0.171499 0.714774 -0.678001
vn 0.171499 0.714774 -0.678001
vn 0.171499 0.714774 -0.678001
vn 0.208922 0.564692 -0.798420
vn 0.208922 0.564692 -0.798420
vn 0.208922 0.564692 -0.798420
vn 0.208922 0.564692 -0.798420
vn 0.238290 0.393232 -0.888024
vn 0.238290 0.393232 -0.888024
vn 0.238290 0.393232 -0.888024
vn 0.238290 0.393232 -0.888024
vn 0.258477 0.206964 -0.943586
vn 0.258477 0.206964 -0.943586
vn 0.258477 0.206964 -0.943586
vn 0.258477 0.206964 -0.943586
vn 0.268763 0.013044 -0.963118
vn 0.268763 0.013044 -0.963118
vn 0.268763 0.013044 -0.963118
vn 0.268763 0.013044 -0.963118
vn 0.026100 0.982974 -0.181881
vn 0.026100 0.982974 -0.181881
vn 0.026100 0.982974 -0.181881
vn 0.078343 0.928195 -0.363753
vn 0.078343 0.928195 -0.363753
vn 0.078343 0.928195 -0.363753
vn 0.078343 0.928195 -0.363753
vn 0.433325 0.213035 -0.875697
vn 0.433325 0.213035 -0.875697
vn 0.433325 0.213035 -0.875697
vn 0.433325 0.213035 -0.875697
vn 0.450548 0.019396 -0.892541
vn 0.450548 0.019396 -0.892541
vn 0.450548 0.019396 -0.892541
vn 0.450548 0.019396 -0.892541
vn 0.044079 0.983594 -0.174930
vn 0.044079 0.983594 -0.174930
vn 0.044079 0.983594 -0.174930
vn 0.131535 0.930074 -0.343017
vn 0.131535 0.930074 -0.343017
vn 0.131535 0.930074 -0.343017
vn 0.131535 0.930074 -0.343017
vn 0.213841 0.840547 -0.497748
vn 0.213841 0.840547 -0.497748
vn 0.213841 0.840547 -0.497748
vn 0.213841 0.840547 -0.497748
vn 0.287719 0.718796 -0.632891
vn 0.287719 0.718796 -0.632891
vn 0.287719 0.718796 -0.632891
vn 0.287719 0.718796 -0.632891
vn 0.350390 0.569571 -0.743516
vn 0.350390 0.569571 -0.743516
vn 0.350390 0.569571 -0.743516
vn 0.350390 0.569571 -0.743516
vn 0.399505 0.398846 -0.825420
vn 0.399505 0.398846 -0.825420
vn 0.399505 0.398846 -0.825420
vn 0.399505 0.398846 -0.825420
vn 0.392795 0.724724 -0.566116
vn 0.392795 0.724724 -0.566116
vn 0.392795 0.724724 -0.566116
vn 0.392795 0.724724 -0.566116
vn 0.478370 0.576764 -0.662197
vn 0.478370 0.576764 -0.662197
vn 0.478370 0.576764 -0.662197
vn 0.478370 0.576764 -0.662197
vn 0.545383 0.407084 -0.732693
vn 0.545383 0.407084 -0.732693
vn 0.545383 0.407084 -0.732693
vn 0.545383 0.407084 -0.732693
vn 0.591511 0.222008 -0.775130
vn 0.591511 0.222008 -0.775130
vn 0.591511 0.222008 -0.775130
vn 0.591511 0.222008 -0.775130
vn 0.615053 0.028705 -0.787963
vn 0.615053 0.028705 -0.787963
vn 0.615053 0.028705 -0.787963
vn 0.615053 0.028705 -0.787963
vn 0.060404 0.984503 -0.164634
vn 0.060404 0.984503 -0.164634
vn 0.060404 0.984503 -0.164634
vn 0.179780 0.932766 -0.312454
vn 0.179780 0.932766 -0.312454
vn 0.179780 0.932766 -0.312454
vn 0.179780 0.932766 -0.312454
vn 0.291979 0.845040 -0.447946
vn 0.291979 0.845040 -0.447946
vn 0.291979 0.845040 -0.447946
vn 0.291979 0.845040 -0.447946
vn 0.755808 0.040627 -0.653531
vn 0.755808 0.040627 -0.653531
vn 0.755808 0.040627 -0.653531
vn 0.755808 0.040627 -0.653531
vn 0.074358 0.985684 -0.151318
vn 0.074358 0.985684 -0.151318
vn 0.074358 0.985684 -0.151318
vn 0.220992 0.936294 -0.272976
vn 0.220992 0.936294 -0.272976
vn 0.220992 0.936294 -0.272976
vn 0.220992 0.936294 -0.272976
vn 0.358991 0.850656 -0.384069
vn 0.358991 0.850656 -0.384069
vn 0.358991 0.850656 -0.384069
vn 0.358991 0.850656 -0.384069
vn 0.482832 0.732411 -0.480050
vn 0.482832 0.732411 -0.480050
vn 0.482832 0.732411 -0.480050
vn 0.482832 0.732411 -0.480050
vn 0.587934 0.586143 -0.557468
vn 0.587934 0.586143 -0.557468
vn 0.587934 0.586143 -0.557468
vn 0.587934 0.586143 -0.557468
vn 0.670263 0.417672 -0.613431
vn 0.670263 0.417672 -0.613431
vn 0.670263 0.417672 -0.613431
vn 0.670263 0.417672 -0.613431
vn 0.726936 0.233466 -0.645801
vn 0.726936 0.233466 -0.645801
vn 0.726936 0.233466 -0.645801
vn 0.726936 0.233466 -0.645801
vn 0.554318 0.741373 -0.378283
vn 0.554318 0.741373 -0.378283
vn 0.554318 0.741373 -0.378283
vn 0.554318 0.741373 -0.378283
vn 0.674938 0.597083 -0.433533
vn 0.674938 0.597083 -0.433533
vn 0.674938 0.597083 -0.433533
vn 0.674938 0.597083 -0.433533
vn 0.769477 0.430165 -0.472083
vn 0.769477 0.430165 -0.472083
vn 0.769477 0.430165 -0.472083
vn 0.769477 0.430165 -0.472083
vn 0.834474 0.247024 -0.492578
vn 0.834474 0.247024 -0.492578
vn 0.834474 0.247024 -0.492578
vn 0.834474 0.247024 -0.492578
vn 0.867616 0.054709 -0.494215
vn 0.867616 0.054709 -0.494215
vn 0.867616 0.054709 -0.494215
vn 0.867616 0.054709 -0.494215
vn 0.085382 0.987095 -0.135474
vn 0.085382 0.987095 -0.135474
vn 0.085382 0.987095 -0.135474
vn 0.253706 0.940423 -0.226359
vn 0.253706 0.940423 -0.226359
vn 0.253706 0.940423 -0.226359
vn 0.253706 0.940423 -0.226359
vn 0.412106 0.857380 -0.308331
vn 0.412106 0.857380 -0.308331
vn 0.412106 0.857380 -0.308331
vn 0.412106 0.857380 -0.308331
vn 0.946027 0.070484 -0.316329
vn 0.946027 0.070484 -0.316329
vn 0.946027 0.070484 -0.316329
vn 0.946027 0.070484 -0.316329
vn 0.093146 0.988644 -0.117925
vn 0.093146 0.988644 -0.117925
vn 0.093146 0.988644 -0.117925
vn 0.276740 0.945011 -0.174267
vn 0.276740 0.945011 -0.174267
vn 0.276740 0.945011 -0.174267
vn 0.276740 0.945011 -0.174267
vn 0.449403 0.864854 -0.223749
vn 0.449403 0.864854 -0.223749
vn 0.449403 0.864854 -0.223749
vn 0.449403 0.864854 -0.223749
vn 0.604432 0.751467 -0.264498
vn 0.604432 0.751467 -0.264498
vn 0.604432 0.751467 -0.264498
vn 0.604432 0.751467 -0.264498
vn 0.735957 0.609348 -0.295065
vn 0.735957 0.609348 -0.295065
vn 0.735957 0.609348 -0.295065
vn 0.735957 0.609348 -0.295065
vn 0.839025 0.444149 -0.314274
vn 0.839025 0.444149 -0.314274
vn 0.839025 0.444149 -0.314274
vn 0.839025 0.444149 -0.314274
vn 0.909927 0.262228 -0.321356
vn 0.909927 0.262228 -0.321356
vn 0.909927 0.262228 -0.321356
vn 0.909927 0.262228 -0.321356
vn 0.768750 0.622333 -0.147395
vn 0.768750 0.622333 -0.147395
vn 0.768750 0.622333 -0.147395
vn 0.768750 0.622333 -0.147395
vn 0.876396 0.458958 -0.145900
vn 0.876396 0.458958 -0.145900
vn 0.876396 0.458958 -0.145900
vn 0.876396 0.458958 -0.145900
vn 0.950400 0.278309 -0.138864
vn 0.950400 0.278309 -0.138864
vn 0.950400 0.278309 -0.138864
vn 0.950400 0.278309 -0.138864
vn 0.988122 0.087266 -0.126487
vn 0.988122 0.087266 -0.126487
vn 0.988122 0.087266 -0.126487
vn 0.988122 0.087266 -0.126487
vn 0.097311 0.990306 -0.099123
vn 0.097311 0.990306 -0.099123
vn 0.097311 0.990306 -0.099123
vn 0.289023 0.949943 -0.118633
vn 0.289023 0.949943 -0.118633
vn 0.289023 0.949943 -0.118633
vn 0.289023 0.949943 -0.118633
vn 0.469376 0.872848 -0.133500
vn 0.469376 0.872848 -0.133500
vn 0.469376 0.872848 -0.133500
vn 0.469376 0.872848 -0.133500
vn 0.631309 0.762195 -0.143202
vn 0.631309 0.762195 -0.143202
vn 0.631309 0.762195 -0.143202
vn 0.631309 0.762195 -0.143202
vn 0.097732 0.991995 -0.079960
vn 0.097732 0.991995 -0.079960
vn 0.097732 0.991995 -0.079960
vn 0.290237 0.954965 -0.061677
vn 0.290237 0.954965 -0.061677
vn 0.290237 0.954965 -0.061677
vn 0.290237 0.954965 -0.061677
vn 0.471320 0.881001 -0.041176
vn 0.471320 0.881001 -0.041176
vn 0.471320 0.881001 -0.041176
vn 0.471320 0.881001 -0.041176
vn 0.633934 0.773154 -0.018980
vn 0.633934 0.773154 -0.018980
vn 0.633934 0.773154 -0.018980
vn 0.633934 0.773154 -0.018980
vn 0.771896 0.635738 0.003854
vn 0.771896 0.635738 0.003854
vn 0.771896 0.635738 0.003854
vn 0.771896 0.635738 0.003854
vn 0.880012 0.474215 0.026425
vn 0.880012 0.474215 0.026425
vn 0.880012 0.474215 0.026425
vn 0.880012 0.474215 0.026425
vn 0.954345 0.294806 0.048113
vn 0.954345 0.294806 0.048113
vn 0.954345 0.294806 0.048113
vn 0.954345 0.294806 0.048113
vn 0.992225 0.104399 0.067745
vn 0.992225 0.104399 0.067745
vn 0.992225 0.104399 0.067745
vn 0.992225 0.104399 0.067745
vn 0.745430 0.648844 0.152762
vn 0.745430 0.648844 0.152762
vn 0.745430 0.648844 0.152762
vn 0.745430 0.648844 0.152762
vn 0.849852 0.489131 0.196222
vn 0.849852 0.489131 0.196222
vn 0.849852 0.489131 0.196222
vn 0.849852 0.489131 0.196222
vn 0.921639 0.310985 0.232098
vn 0.921639 0.310985 0.232098
vn 0.921639 0.310985 0.232098
vn 0.921639 0.310985 0.232098
vn 0.958207 0.121246 0.259113
vn 0.958207 0.121246 0.259113
vn 0.958207 0.121246 0.259113
vn 0.958207 0.121246 0.259113
vn 0.094358 0.993669 -0.060971
vn 0.094358 0.993669 -0.060971
vn 0.094358 0.993669 -0.060971
vn 0.280274 0.959904 -0.005608
vn 0.280274 0.959904 -0.005608
vn 0.280274 0.959904 -0.005608
vn 0.280274 0.959904 -0.005608
vn 0.455126 0.889030 0.049868
vn 0.455126 0.889030 0.049868
vn 0.455126 0.889030 0.049868
vn 0.455126 0.889030 0.049868
vn 0.612197 0.783926 0.103324
vn 0.612197 0.783926 0.103324
vn 0.612197 0.783926 0.103324
vn 0.612197 0.783926 0.103324
vn 0.259578 0.964556 0.047445
vn 0.259578 0.964556 0.047445
vn 0.259578 0.964556 0.047445
vn 0.259578 0.964556 0.047445
vn 0.421486 0.896592 0.135913
vn 0.421486 0.896592 0.135913
vn 0.421486 0.896592 0.135913
vn 0.421486 0.896592 0.135913
vn 0.566907 0.794096 0.219154
vn 0.566907 0.794096 0.219154
vn 0.566907 0.794096 0.219154
vn 0.566907 0.794096 0.219154
vn 0.690290 0.661239 0.293705
vn 0.690290 0.661239 0.293705
vn 0.690290 0.661239 0.293705
vn 0.690290 0.661239 0.293705
vn 0.786946 0.503355 0.356861
vn 0.786946 0.503355 0.356861
vn 0.786946 0.503355 0.356861
vn 0.786946 0.503355 0.356861
vn 0.853430 0.326382 0.406364
vn 0.853430 0.326382 0.406364
vn 0.853430 0.326382 0.406364
vn 0.853430 0.326382 0.406364
vn 0.887352 0.137135 0.440227
vn 0.887352 0.137135 0.440227
vn 0.887352 0.137135 0.440227
vn 0.887352 0.137135 0.440227
vn 0.087361 0.995247 -0.043032
vn 0.087361 0.995247 -0.043032
vn 0.087361 0.995247 -0.043032
vn 0.713510 0.567948 0.410291
vn 0.713510 0.567948 0.410291
vn 0.713510 0.567948 0.410291
vn 0.713510 0.567948 0.410291
vn 0.774310 0.314255 0.549261
vn 0.774310 0.314255 0.549261
vn 0.774310 0.314255 0.549261
vn 0.774310 0.314255 0.549261
vn 0.782373 0.151632 0.604069
vn 0.782373 0.151632 0.604069
vn 0.782373 0.151632 0.604069
vn 0.782373 0.151632 0.604069
vn 0.076944 0.996673 -0.026882
vn 0.076944 0.996673 -0.026882
vn 0.076944 0.996673 -0.026882
vn 0.228802 0.968791 0.095361
vn 0.228802 0.968791 0.095361
vn 0.228802 0.968791 0.095361
vn 0.228802 0.968791 0.095361
vn 0.371616 0.903437 0.213780
vn 0.371616 0.903437 0.213780
vn 0.371616 0.903437 0.213780
vn 0.371616 0.903437 0.213780
vn 0.499855 0.803288 0.323841
vn 0.499855 0.803288 0.323841
vn 0.499855 0.803288 0.323841
vn 0.499855 0.803288 0.323841
vn 0.608592 0.672452 0.421218
vn 0.608592 0.672452 0.421218
vn 0.608592 0.672452 0.421218
vn 0.608592 0.672452 0.421218
vn 0.307381 0.909281 0.280578
vn 0.307381 0.909281 0.280578
vn 0.307381 0.909281 0.280578
vn 0.307381 0.909281 0.280578
vn 0.413485 0.811167 0.413567
vn 0.413485 0.811167 0.413567
vn 0.413485 0.811167 0.413567
vn 0.413485 0.811167 0.413567
vn 0.503545 0.682062 0.530314
vn 0.503545 0.682062 0.530314
vn 0.503545 0.682062 0.530314
vn 0.503545 0.682062 0.530314
vn 0.994965 -0.090001 0.044082
vn 0.994965 -0.090001 0.044082
vn 0.994965 -0.090001 0.044082
vn 0.994965 -0.090001 0.044082
vn 0.994965 -0.090001 0.044082
vn 0.647375 0.163899 0.744341
vn 0.647375 0.163899 0.744341
vn 0.647375 0.163899 0.744341
vn 0.647375 0.163899 0.744341
vn 0.063618 0.997891 -0.012933
vn 0.063618 0.997891 -0.012933
vn 0.063618 0.997891 -0.012933
vn 0.189259 0.972389 0.136533
vn 0.189259 0.972389 0.136533
vn 0.189259 0.972389 0.136533
vn 0.189259 0.972389 0.136533
vn 0.487452 0.173621 0.855714
vn 0.487452 0.173621 0.855714
vn 0.487452 0.173621 0.855714
vn 0.487452 0.173621 0.855714
vn 0.047783 0.998856 -0.001979
vn 0.047783 0.998856 -0.001979
vn 0.047783 0.998856 -0.001979
vn 0.142415 0.975246 0.169153
vn 0.142415 0.975246 0.169153
vn 0.142415 0.975246 0.169153
vn 0.142415 0.975246 0.169153
vn 0.231422 0.913904 0.333500
vn 0.231422 0.913904 0.333500
vn 0.231422 0.913904 0.333500
vn 0.231422 0.913904 0.333500
vn 0.311264 0.817423 0.484699
vn 0.311264 0.817423 0.484699
vn 0.311264 0.817423 0.484699
vn 0.311264 0.817423 0.484699
vn 0.379098 0.689642 0.616992
vn 0.379098 0.689642 0.616992
vn 0.379098 0.689642 0.616992
vn 0.379098 0.689642 0.616992
vn -0.201611 0.471058 0.858753
vn -0.201611 0.471058 0.858753
vn -0.201611 0.471058 0.858753
vn -0.201611 0.471058 0.858753
vn 0.146426 0.917177 0.370602
vn 0.146426 0.917177 0.370602
vn 0.146426 0.917177 0.370602
vn 0.146426 0.917177 0.370602
vn 0.197138 0.821749 0.534663
vn 0.197138 0.821749 0.534663
vn 0.197138 0.821749 0.534663
vn 0.197138 0.821749 0.534663
vn 0.240052 0.694948 0.677807
vn 0.240052 0.694948 0.677807
vn 0.240052 0.694948 0.677807
vn 0.240052 0.694948 0.677807
vn -0.562336 -0.660849 0.497049
vn -0.562336 -0.660849 0.497049
vn -0.562336 -0.660849 0.497049
vn -0.562336 -0.660849 0.497049
vn 0.308786 0.180476 0.933852
vn 0.308786 0.180476 0.933852
vn 0.308786 0.180476 0.933852
vn 0.308786 0.180476 0.933852
vn 0.030119 0.999529 0.005821
vn 0.030119 0.999529 0.005821
vn 0.030119 0.999529 0.005821
vn 0.089999 0.977261 0.191993
vn 0.089999 0.977261 0.191993
vn 0.089999 0.977261 0.191993
vn 0.089999 0.977261 0.191993
vn 0.197897 0.385025 0.901439
vn 0.197897 0.385025 0.901439
vn 0.197897 0.385025 0.901439
vn 0.197897 0.385025 0.901439
vn 0.118335 0.184043 0.975769
vn 0.118335 0.184043 0.975769
vn 0.118335 0.184043 0.975769
vn 0.118335 0.184043 0.975769
vn 0.011211 0.999888 0.009948
vn 0.011211 0.999888 0.009948
vn 0.011211 0.999888 0.009948
vn 0.034197 0.978306 0.204321
vn 0.034197 0.978306 0.204321
vn 0.034197 0.978306 0.204321
vn 0.034197 0.978306 0.204321
vn 0.055868 0.918861 0.390605
vn 0.055868 0.918861 0.390605
vn 0.055868 0.918861 0.390605
vn 0.055868 0.918861 0.390605
vn 0.075319 0.824080 0.561443
vn 0.075319 0.824080 0.561443
vn 0.075319 0.824080 0.561443
vn 0.075319 0.824080 0.561443
vn 0.212724 0.759049 0.615300
vn 0.212724 0.759049 0.615300
vn 0.212724 0.759049 0.615300
vn 0.212724 0.759049 0.615300
vn 0.335337 0.405008 0.850598
vn 0.335337 0.405008 0.850598
vn 0.335337 0.405008 0.850598
vn 0.335337 0.405008 0.850598
vn -0.049379 0.824254 0.564063
vn -0.049379 0.824254 0.564063
vn -0.049379 0.824254 0.564063
vn -0.049379 0.824254 0.564063
vn -0.184615 0.759583 0.623659
vn -0.184615 0.759583 0.623659
vn -0.184615 0.759583 0.623659
vn -0.184615 0.759583 0.623659
vn -0.298236 0.405869 0.863902
vn -0.298236 0.405869 0.863902
vn -0.298236 0.405869 0.863902
vn -0.298236 0.405869 0.863902
vn -0.158807 0.385543 0.908921
vn -0.158807 0.385543 0.908921
vn -0.158807 0.385543 0.908921
vn -0.158807 0.385543 0.908921
vn -0.076783 0.184300 0.979866
vn -0.076783 0.184300 0.979866
vn -0.076783 0.184300 0.979866
vn -0.076783 0.184300 0.979866
vn -0.008020 0.999914 0.010347
vn -0.008020 0.999914 0.010347
vn -0.008020 0.999914 0.010347
vn -0.022890 0.978391 0.205493
vn -0.022890 0.978391 0.205493
vn -0.022890 0.978391 0.205493
vn -0.022890 0.978391 0.205493
vn -0.036891 0.919011 0.392502
vn -0.036891 0.919011 0.392502
vn -0.036891 0.919011 0.392502
vn -0.036891 0.919011 0.392502
vn -0.268855 0.181292 0.945965
vn -0.268855 0.181292 0.945965
vn -0.268855 0.181292 0.945965
vn -0.268855 0.181292 0.945965
vn -0.027064 0.999609 0.006978
vn -0.027064 0.999609 0.006978
vn -0.027064 0.999609 0.006978
vn -0.079236 0.977482 0.195579
vn -0.079236 0.977482 0.195579
vn -0.079236 0.977482 0.195579
vn -0.079236 0.977482 0.195579
vn -0.128187 0.917552 0.376387
vn -0.128187 0.917552 0.376387
vn -0.128187 0.917552 0.376387
vn -0.128187 0.917552 0.376387
vn -0.172200 0.822279 0.542407
vn -0.172200 0.822279 0.542407
vn -0.172200 0.822279 0.542407
vn -0.172200 0.822279 0.542407
vn -0.209474 0.695567 0.687246
vn -0.209474 0.695567 0.687246
vn -0.209474 0.695567 0.687246
vn -0.209474 0.695567 0.687246
vn -0.353151 0.542062 0.762530
vn -0.353151 0.542062 0.762530
vn -0.353151 0.542062 0.762530
vn -0.353151 0.542062 0.762530
vn -0.288422 0.818229 0.497307
vn -0.288422 0.818229 0.497307
vn -0.288422 0.818229 0.497307
vn -0.288422 0.818229 0.497307
vn -0.350981 0.690641 0.632319
vn -0.350981 0.690641 0.632319
vn -0.350981 0.690641 0.632319
vn -0.350981 0.690641 0.632319
vn 0.386386 0.540996 0.747013
vn 0.386386 0.540996 0.747013
vn 0.386386 0.540996 0.747013
vn 0.386386 0.540996 0.747013
vn -0.450637 0.174946 0.875397
vn -0.450637 0.174946 0.875397
vn -0.450637 0.174946 0.875397
vn -0.450637 0.174946 0.875397
vn -0.045043 0.998985 0.000026
vn -0.045043 0.998985 0.000026
vn -0.045043 0.998985 0.000026
vn -0.132424 0.975649 0.174853
vn -0.132424 0.975649 0.174853
vn -0.132424 0.975649 0.174853
vn -0.132424 0.975649 0.174853
vn -0.214614 0.914553 0.342833
vn -0.214614 0.914553 0.342833
vn -0.214614 0.914553 0.342833
vn -0.214614 0.914553 0.342833
vn -0.615093 0.165637 0.770860
vn -0.615093 0.165637 0.770860
vn -0.615093 0.165637 0.770860
vn -0.615093 0.165637 0.770860
vn -0.061301 0.998066 -0.010365
vn -0.061301 0.998066 -0.010365
vn -0.061301 0.998066 -0.010365
vn -0.180676 0.972898 0.144307
vn -0.180676 0.972898 0.144307
vn -0.180676 0.972898 0.144307
vn -0.180676 0.972898 0.144307
vn -0.292824 0.910117 0.293157
vn -0.292824 0.910117 0.293157
vn -0.292824 0.910117 0.293157
vn -0.292824 0.910117 0.293157
vn -0.393519 0.812339 0.430404
vn -0.393519 0.812339 0.430404
vn -0.393519 0.812339 0.430404
vn -0.393519 0.812339 0.430404
vn -0.478955 0.683377 0.550998
vn -0.478955 0.683377 0.550998
vn -0.478955 0.683377 0.550998
vn -0.478955 0.683377 0.550998
vn -0.468165 0.623234 0.626419
vn -0.468165 0.623234 0.626419
vn -0.468165 0.623234 0.626419
vn -0.468165 0.623234 0.626419
vn -0.588549 0.674134 0.446265
vn -0.588549 0.674134 0.446265
vn -0.588549 0.674134 0.446265
vn -0.588549 0.674134 0.446265
vn -0.694031 0.569903 0.439922
vn -0.694031 0.569903 0.439922
vn -0.694031 0.569903 0.439922
vn -0.694031 0.569903 0.439922
vn -0.749666 0.316380 0.581296
vn -0.749666 0.316380 0.581296
vn -0.749666 0.316380 0.581296
vn -0.749666 0.316380 0.581296
vn -0.755892 0.153716 0.636394
vn -0.755892 0.153716 0.636394
vn -0.755892 0.153716 0.636394
vn -0.755892 0.153716 0.636394
vn -0.075252 0.996883 -0.023685
vn -0.075252 0.996883 -0.023685
vn -0.075252 0.996883 -0.023685
vn -0.221859 0.969418 0.104917
vn -0.221859 0.969418 0.104917
vn -0.221859 0.969418 0.104917
vn -0.221859 0.969418 0.104917
vn -0.359780 0.904454 0.229174
vn -0.359780 0.904454 0.229174
vn -0.359780 0.904454 0.229174
vn -0.359780 0.904454 0.229174
vn -0.483612 0.804657 0.344452
vn -0.483612 0.804657 0.344452
vn -0.483612 0.804657 0.344452
vn -0.483612 0.804657 0.344452
vn -0.254616 0.965289 0.058214
vn -0.254616 0.965289 0.058214
vn -0.254616 0.965289 0.058214
vn -0.254616 0.965289 0.058214
vn -0.412903 0.897758 0.153435
vn -0.412903 0.897758 0.153435
vn -0.412903 0.897758 0.153435
vn -0.412903 0.897758 0.153435
vn -0.555025 0.795640 0.242702
vn -0.555025 0.795640 0.242702
vn -0.555025 0.795640 0.242702
vn -0.555025 0.795640 0.242702
vn -0.675521 0.663167 0.322307
vn -0.675521 0.663167 0.322307
vn -0.675521 0.663167 0.322307
vn -0.675521 0.663167 0.322307
vn -0.769898 0.505461 0.389571
vn -0.769898 0.505461 0.389571
vn -0.769898 0.505461 0.389571
vn -0.769898 0.505461 0.389571
vn -0.834772 0.328712 0.441706
vn -0.834772 0.328712 0.441706
vn -0.834772 0.328712 0.441706
vn -0.834772 0.328712 0.441706
vn -0.867685 0.139630 0.477102
vn -0.867685 0.139630 0.477102
vn -0.867685 0.139630 0.477102
vn -0.867685 0.139630 0.477102
vn -0.086346 0.995485 -0.039429
vn -0.086346 0.995485 -0.039429
vn -0.086346 0.995485 -0.039429
vn -0.839502 0.491487 0.231685
vn -0.839502 0.491487 0.231685
vn -0.839502 0.491487 0.231685
vn -0.839502 0.491487 0.231685
vn -0.910201 0.313568 0.270572
vn -0.910201 0.313568 0.270572
vn -0.910201 0.313568 0.270572
vn -0.910201 0.313568 0.270572
vn -0.946145 0.123920 0.299087
vn -0.946145 0.123920 0.299087
vn -0.946145 0.123920 0.299087
vn -0.946145 0.123920 0.299087
vn -0.094109 0.993930 -0.056978
vn -0.094109 0.993930 -0.056978
vn -0.094109 0.993930 -0.056978
vn -0.277633 0.960668 0.006115
vn -0.277633 0.960668 0.006115
vn -0.277633 0.960668 0.006115
vn -0.277633 0.960668 0.006115
vn -0.450203 0.890268 0.068851
vn -0.450203 0.890268 0.068851
vn -0.450203 0.890268 0.068851
vn -0.450203 0.890268 0.068851
vn -0.605146 0.785612 0.128891
vn -0.605146 0.785612 0.128891
vn -0.605146 0.785612 0.128891
vn -0.605146 0.785612 0.128891
vn -0.736577 0.650885 0.183855
vn -0.736577 0.650885 0.183855
vn -0.736577 0.650885 0.183855
vn -0.736577 0.650885 0.183855
vn -0.289920 0.955769 -0.049522
vn -0.289920 0.955769 -0.049522
vn -0.289920 0.955769 -0.049522
vn -0.289920 0.955769 -0.049522
vn -0.470272 0.882263 -0.021374
vn -0.470272 0.882263 -0.021374
vn -0.470272 0.882263 -0.021374
vn -0.470272 0.882263 -0.021374
vn -0.632084 0.774862 0.007618
vn -0.632084 0.774862 0.007618
vn -0.632084 0.774862 0.007618
vn -0.632084 0.774862 0.007618
vn -0.769325 0.637831 0.036200
vn -0.769325 0.637831 0.036200
vn -0.769325 0.637831 0.036200
vn -0.769325 0.637831 0.036200
vn -0.876842 0.476588 0.063338
vn -0.876842 0.476588 0.063338
vn -0.876842 0.476588 0.063338
vn -0.876842 0.476588 0.063338
vn -0.950662 0.297463 0.088080
vn -0.950662 0.297463 0.088080
vn -0.950662 0.297463 0.088080
vn -0.950662 0.297463 0.088080
vn -0.988218 0.107072 0.109365
vn -0.988218 0.107072 0.109365
vn -0.988218 0.107072 0.109365
vn -0.988218 0.107072 0.109365
vn -0.098278 0.992270 -0.075778
vn -0.098278 0.992270 -0.075778
vn -0.098278 0.992270 -0.075778
vn -0.880464 0.461411 -0.109007
vn -0.880464 0.461411 -0.109007
vn -0.880464 0.461411 -0.109007
vn -0.880464 0.461411 -0.109007
vn -0.954604 0.280980 -0.098898
vn -0.954604 0.280980 -0.098898
vn -0.954604 0.280980 -0.098898
vn -0.954604 0.280980 -0.098898
vn -0.992325 0.089940 -0.084867
vn -0.992325 0.089940 -0.084867
vn -0.992325 0.089940 -0.084867
vn -0.992325 0.089940 -0.084867
vn -0.098627 0.990574 -0.095063
vn -0.098627 0.990574 -0.095063
vn -0.098627 0.990574 -0.095063
vn -0.291125 0.950741 -0.106477
vn -0.291125 0.950741 -0.106477
vn -0.291125 0.950741 -0.106477
vn -0.291125 0.950741 -0.106477
vn -0.472179 0.874136 -0.113722
vn -0.472179 0.874136 -0.113722
vn -0.472179 0.874136 -0.113722
vn -0.472179 0.874136 -0.113722
vn -0.634717 0.763898 -0.116599
vn -0.634717 0.763898 -0.116599
vn -0.634717 0.763898 -0.116599
vn -0.634717 0.763898 -0.116599
vn -0.772504 0.624512 -0.114984
vn -0.772504 0.624512 -0.114984
vn -0.772504 0.624512 -0.114984
vn -0.772504 0.624512 -0.114984
vn -0.456013 0.866100 -0.204750
vn -0.456013 0.866100 -0.204750
vn -0.456013 0.866100 -0.204750
vn -0.456013 0.866100 -0.204750
vn -0.612926 0.753146 -0.238941
vn -0.612926 0.753146 -0.238941
vn -0.612926 0.753146 -0.238941
vn -0.612926 0.753146 -0.238941
vn -0.746015 0.611373 -0.263978
vn -0.746015 0.611373 -0.263978
vn -0.746015 0.611373 -0.263978
vn -0.746015 0.611373 -0.263978
vn -0.850302 0.446401 -0.278768
vn -0.850302 0.446401 -0.278768
vn -0.850302 0.446401 -0.278768
vn -0.850302 0.446401 -0.278768
vn -0.921898 0.264670 -0.282937
vn -0.921898 0.264670 -0.282937
vn -0.921898 0.264670 -0.282937
vn -0.921898 0.264670 -0.282937
vn -0.958286 0.073069 -0.276314
vn -0.958286 0.073069 -0.276314
vn -0.958286 0.073069 -0.276314
vn -0.958286 0.073069 -0.276314
vn -0.095327 0.988907 -0.113911
vn -0.095327 0.988907 -0.113911
vn -0.095327 0.988907 -0.113911
vn -0.281167 0.945793 -0.162546
vn -0.281167 0.945793 -0.162546
vn -0.281167 0.945793 -0.162546
vn -0.281167 0.945793 -0.162546
vn -0.853702 0.249407 -0.457153
vn -0.853702 0.249407 -0.457153
vn -0.853702 0.249407 -0.457153
vn -0.853702 0.249407 -0.457153
vn -0.887416 0.057180 -0.457409
vn -0.887416 0.057180 -0.457409
vn -0.887416 0.057180 -0.457409
vn -0.887416 0.057180 -0.457409
vn -0.088320 0.987328 -0.131847
vn -0.088320 0.987328 -0.131847
vn -0.088320 0.987328 -0.131847
vn -0.260440 0.941132 -0.215502
vn -0.260440 0.941132 -0.215502
vn -0.260440 0.941132 -0.215502
vn -0.260440 0.941132 -0.215502
vn -0.422297 0.858534 -0.290834
vn -0.422297 0.858534 -0.290834
vn -0.422297 0.858534 -0.290834
vn -0.422297 0.858534 -0.290834
vn -0.567602 0.742950 -0.354757
vn -0.567602 0.742950 -0.354757
vn -0.567602 0.742950 -0.354757
vn -0.567602 0.742950 -0.354757
vn -0.690896 0.598928 -0.404905
vn -0.690896 0.598928 -0.404905
vn -0.690896 0.598928 -0.404905
vn -0.690896 0.598928 -0.404905
vn -0.787419 0.432278 -0.439439
vn -0.787419 0.432278 -0.439439
vn -0.787419 0.432278 -0.439439
vn -0.787419 0.432278 -0.439439
vn -0.372405 0.851692 -0.368693
vn -0.372405 0.851692 -0.368693
vn -0.372405 0.851692 -0.368693
vn -0.372405 0.851692 -0.368693
vn -0.500573 0.733720 -0.459436
vn -0.500573 0.733720 -0.459436
vn -0.500573 0.733720 -0.459436
vn -0.500573 0.733720 -0.459436
vn -0.609169 0.587759 -0.532403
vn -0.609169 0.587759 -0.532403
vn -0.609169 0.587759 -0.532403
vn -0.609169 0.587759 -0.532403
vn -0.694288 0.419545 -0.584761
vn -0.694288 0.419545 -0.584761
vn -0.694288 0.419545 -0.584761
vn -0.694288 0.419545 -0.584761
vn -0.752787 0.235540 -0.614681
vn -0.752787 0.235540 -0.614681
vn -0.752787 0.235540 -0.614681
vn -0.752787 0.235540 -0.614681
vn -0.782486 0.042708 -0.621202
vn -0.782486 0.042708 -0.621202
vn -0.782486 0.042708 -0.621202
vn -0.782486 0.042708 -0.621202
vn -0.077934 0.985895 -0.148112
vn -0.077934 0.985895 -0.148112
vn -0.077934 0.985895 -0.148112
vn -0.229691 0.936906 -0.263532
vn -0.229691 0.936906 -0.263532
vn -0.229691 0.936906 -0.263532
vn -0.229691 0.936906 -0.263532
vn -0.622903 0.223658 -0.749646
vn -0.622903 0.223658 -0.749646
vn -0.622903 0.223658 -0.749646
vn -0.622903 0.223658 -0.749646
vn -0.647482 0.030447 -0.761472
vn -0.647482 0.030447 -0.761472
vn -0.647482 0.030447 -0.761472
vn -0.647482 0.030447 -0.761472
vn -0.064486 0.984685 -0.161976
vn -0.064486 0.984685 -0.161976
vn -0.064486 0.984685 -0.161976
vn -0.190132 0.933310 -0.304601
vn -0.190132 0.933310 -0.304601
vn -0.190132 0.933310 -0.304601
vn -0.190132 0.933310 -0.304601
vn -0.308215 0.845858 -0.435347
vn -0.308215 0.845858 -0.435347
vn -0.308215 0.845858 -0.435347
vn -0.308215 0.845858 -0.435347
vn -0.414181 0.725862 -0.549162
vn -0.414181 0.725862 -0.549162
vn -0.414181 0.725862 -0.549162
vn -0.414181 0.725862 -0.549162
vn -0.504137 0.578172 -0.641532
vn -0.504137 0.578172 -0.641532
vn -0.504137 0.578172 -0.641532
vn -0.504137 0.578172 -0.641532
vn -0.574552 0.408595 -0.709183
vn -0.574552 0.408595 -0.709183
vn -0.574552 0.408595 -0.709183
vn -0.574552 0.408595 -0.709183
vn -0.311983 0.719620 -0.620334
vn -0.311983 0.719620 -0.620334
vn -0.311983 0.719620 -0.620334
vn -0.311983 0.719620 -0.620334
vn -0.379669 0.570624 -0.728176
vn -0.379669 0.570624 -0.728176
vn -0.379669 0.570624 -0.728176
vn -0.379669 0.570624 -0.728176
vn -0.432720 0.399926 -0.807968
vn -0.432720 0.399926 -0.807968
vn -0.432720 0.399926 -0.807968
vn -0.432720 0.399926 -0.807968
vn -0.469073 0.214361 -0.856749
vn -0.469073 0.214361 -0.856749
vn -0.469073 0.214361 -0.856749
vn -0.469073 0.214361 -0.856749
vn -0.487557 0.020725 -0.872845
vn -0.487557 0.020725 -0.872845
vn -0.487557 0.020725 -0.872845
vn -0.487557 0.020725 -0.872845
vn -0.048678 0.983711 -0.173042
vn -0.048678 0.983711 -0.173042
vn -0.048678 0.983711 -0.173042
vn -0.143297 0.930432 -0.337286
vn -0.143297 0.930432 -0.337286
vn -0.143297 0.930432 -0.337286
vn -0.143297 0.930432 -0.337286
vn -0.232168 0.841225 -0.488302
vn -0.232168 0.841225 -0.488302
vn -0.232168 0.841225 -0.488302
vn -0.232168 0.841225 -0.488302
vn -0.308893 0.013871 -0.950996
vn -0.308893 0.013871 -0.950996
vn -0.308893 0.013871 -0.950996
vn -0.308893 0.013871 -0.950996
vn -0.030986 0.983045 -0.180728
vn -0.030986 0.983045 -0.180728
vn -0.030986 0.983045 -0.180728
vn -0.090892 0.928450 -0.360165
vn -0.090892 0.928450 -0.360165
vn -0.090892 0.928450 -0.360165
vn -0.090892 0.928450 -0.360165
vn -0.147305 0.837947 -0.525496
vn -0.147305 0.837947 -0.525496
vn -0.147305 0.837947 -0.525496
vn -0.147305 0.837947 -0.525496
vn -0.197839 0.715270 -0.670260
vn -0.197839 0.715270 -0.670260
vn -0.197839 0.715270 -0.670260
vn -0.197839 0.715270 -0.670260
vn -0.240647 0.565285 -0.789013
vn -0.240647 0.565285 -0.789013
vn -0.240647 0.565285 -0.789013
vn -0.240647 0.565285 -0.789013
vn -0.274243 0.393898 -0.877289
vn -0.274243 0.393898 -0.877289
vn -0.274243 0.393898 -0.877289
vn -0.274243 0.393898 -0.877289
vn -0.297277 0.207718 -0.931923
vn -0.297277 0.207718 -0.931923
vn -0.297277 0.207718 -0.931923
vn -0.297277 0.207718 -0.931923
vn -0.092392 0.562463 -0.821644
vn -0.092392 0.562463 -0.821644
vn -0.092392 0.562463 -0.821644
vn -0.092392 0.562463 -0.821644
vn -0.105236 0.390717 -0.914476
vn -0.105236 0.390717 -0.914476
vn -0.105236 0.390717 -0.914476
vn -0.105236 0.390717 -0.914476
vn -0.113967 0.204267 -0.972258
vn -0.113967 0.204267 -0.972258
vn -0.113967 0.204267 -0.972258
vn -0.113967 0.204267 -0.972258
vn -0.118437 0.010292 -0.992908
vn -0.118437 0.010292 -0.992908
vn -0.118437 0.010292 -0.992908
vn -0.118437 0.010292 -0.992908
vn -0.012174 0.982696 -0.184827
vn -0.012174 0.982696 -0.184827
vn -0.012174 0.982696 -0.184827
vn -0.035091 0.927375 -0.372484
vn -0.035091 0.927375 -0.372484
vn -0.035091 0.927375 -0.372484
vn -0.035091 0.927375 -0.372484
vn -0.056716 0.836259 -0.545393
vn -0.056716 0.836259 -0.545393
vn -0.056716 0.836259 -0.545393
vn -0.056716 0.836259 -0.545393
vn -0.076021 0.712986 -0.697044
vn -0.076021 0.712986 -0.697044
vn -0.076021 0.712986 -0.697044
vn -0.076021 0.712986 -0.697044
vn 0.580878 -0.662425 0.473048
vn 0.580878 -0.662425 0.473048
vn 0.580878 -0.662425 0.473048
vn 0.580878 -0.662425 0.473048
vn 0.395432 -0.744778 0.537531
vn 0.395432 -0.744778 0.537531
vn 0.395432 -0.744778 0.537531
vn 0.395432 -0.744778 0.537531
vn -0.992485 -0.087253 0.085793
vn -0.992485 -0.087253 0.085793
vn -0.992485 -0.087253 0.085793
vn -0.992485 -0.087253 0.085793
vn -0.992485 -0.087253 0.085793
vn -0.374613 -0.743649 0.553761
vn -0.374613 -0.743649 0.553761
vn -0.374613 -0.743649 0.553761
vn -0.374613 -0.743649 0.553761
vn -0.466590 -0.708248 0.529791
vn -0.466590 -0.708248 0.529791
vn -0.466590 -0.708248 0.529791
vn -0.466590 -0.708248 0.529791
vn -0.918667 0.327884 -0.220326
vn -0.918667 0.327884 -0.220326
vn -0.918667 0.327884 -0.220326
vn -0.918667 0.327884 -0.220326
vn -0.918667 0.327884 -0.220326
vn 0.495926 0.621843 0.606110
vn 0.495926 0.621843 0.606110
vn 0.495926 0.621843 0.606110
vn 0.495926 0.621843 0.606110
vn -0.166452 0.796853 -0.580792
vn -0.166452 0.796853 -0.580792
vn -0.166452 0.796853 -0.580792
vn -0.166452 0.796853 -0.580792
vn -0.277702 0.777568 -0.564154
vn -0.277702 0.777568 -0.564154
vn -0.277702 0.777568 -0.564154
vn -0.277702 0.777568 -0.564154
vn 0.238825 0.470471 0.849482
vn 0.238825 0.470471 0.849482
vn 0.238825 0.470471 0.849482
vn 0.238825 0.470471 0.849482
vn -0.401691 0.742620 -0.535873
vn -0.401691 0.742620 -0.535873
vn -0.401691 0.742620 -0.535873
vn -0.401691 0.742620 -0.535873
vn 0.380902 0.741554 -0.552278
vn 0.380902 0.741554 -0.552278
vn 0.380902 0.741554 -0.552278
vn 0.380902 0.741554 -0.552278
vn 0.256004 0.776771 -0.575403
vn 0.256004 0.776771 -0.575403
vn 0.256004 0.776771 -0.575403
vn 0.256004 0.776771 -0.575403
vn 0.144114 0.796385 -0.587369
vn 0.144114 0.796385 -0.587369
vn 0.144114 0.796385 -0.587369
vn 0.144114 0.796385 -0.587369
vn 0.486470 -0.709591 0.509733
vn 0.486470 -0.709591 0.509733
vn 0.486470 -0.709591 0.509733
vn 0.486470 -0.709591 0.509733
vn 0.679911 -0.011362 0.733207
vn 0.679911 -0.011362 0.733207
vn 0.679911 -0.011362 0.733207
vn 0.679911 -0.011362 0.733207
vn 0.540479 -0.115868 0.833341
vn 0.540479 -0.115868 0.833341
vn 0.540479 -0.115868 0.833341
vn 0.540479 -0.115868 0.833341
vn 0.383533 -0.192102 0.903327
vn 0.383533 -0.192102 0.903327
vn 0.383533 -0.192102 0.903327
vn 0.383533 -0.192102 0.903327
vn -0.343722 -0.179344 0.921787
vn -0.343722 -0.179344 0.921787
vn -0.343722 -0.179344 0.921787
vn -0.343722 -0.179344 0.921787
vn -0.503737 -0.102173 0.857794
vn -0.503737 -0.102173 0.857794
vn -0.503737 -0.102173 0.857794
vn -0.503737 -0.102173 0.857794
vn -0.646983 0.003168 0.762498
vn -0.646983 0.003168 0.762498
vn -0.646983 0.003168 0.762498
vn -0.646983 0.003168 0.762498
vn 0.909538 0.325299 -0.258691
vn 0.909538 0.325299 -0.258691
vn 0.909538 0.325299 -0.258691
vn 0.909538 0.325299 -0.258691
vn 0.909538 0.325299 -0.258691
vn 0.059988 -0.697935 -0.713644
vn 0.059988 -0.697935 -0.713644
vn 0.059988 -0.697935 -0.713644
vn 0.059988 -0.697935 -0.713644
vn 0.049379 -0.824254 -0.564063
vn 0.049379 -0.824254 -0.564063
vn 0.049379 -0.824254 -0.564063
vn 0.049379 -0.824254 -0.564063
vn 0.036891 -0.919011 -0.392502
vn 0.036891 -0.919011 -0.392502
vn 0.036891 -0.919011 -0.392502
vn 0.036891 -0.919011 -0.392502
vn 0.022890 -0.978391 -0.205493
vn 0.022890 -0.978391 -0.205493
vn 0.022890 -0.978391 -0.205493
vn 0.022890 -0.978391 -0.205493
vn 0.008020 -0.999914 -0.010347
vn 0.008020 -0.999914 -0.010347
vn 0.008020 -0.999914 -0.010347
vn 0.076783 -0.184300 -0.979866
vn 0.076783 -0.184300 -0.979866
vn 0.076783 -0.184300 -0.979866
vn 0.076783 -0.184300 -0.979866
vn 0.073943 -0.371694 -0.925406
vn 0.073943 -0.371694 -0.925406
vn 0.073943 -0.371694 -0.925406
vn 0.073943 -0.371694 -0.925406
vn 0.068225 -0.545120 -0.835578
vn 0.068225 -0.545120 -0.835578
vn 0.068225 -0.545120 -0.835578
vn 0.068225 -0.545120 -0.835578
vn 0.258733 -0.368729 -0.892802
vn 0.258733 -0.368729 -0.892802
vn 0.258733 -0.368729 -0.892802
vn 0.258733 -0.368729 -0.892802
vn 0.238651 -0.542422 -0.805496
vn 0.238651 -0.542422 -0.805496
vn 0.238651 -0.542422 -0.805496
vn 0.238651 -0.542422 -0.805496
vn 0.209474 -0.695567 -0.687246
vn 0.209474 -0.695567 -0.687246
vn 0.209474 -0.695567 -0.687246
vn 0.209474 -0.695567 -0.687246
vn 0.172200 -0.822279 -0.542407
vn 0.172200 -0.822279 -0.542407
vn 0.172200 -0.822279 -0.542407
vn 0.172200 -0.822279 -0.542407
vn 0.128187 -0.917552 -0.376387
vn 0.128187 -0.917552 -0.376387
vn 0.128187 -0.917552 -0.376387
vn 0.128187 -0.917552 -0.376387
vn 0.079236 -0.977482 -0.195579
vn 0.079236 -0.977482 -0.195579
vn 0.079236 -0.977482 -0.195579
vn 0.079236 -0.977482 -0.195579
vn 0.027064 -0.999609 -0.006978
vn 0.027064 -0.999609 -0.006978
vn 0.027064 -0.999609 -0.006978
vn 0.268855 -0.181292 -0.945965
vn 0.268855 -0.181292 -0.945965
vn 0.268855 -0.181292 -0.945965
vn 0.268855 -0.181292 -0.945965
vn 0.214614 -0.914553 -0.342833
vn 0.214614 -0.914553 -0.342833
vn 0.214614 -0.914553 -0.342833
vn 0.214614 -0.914553 -0.342833
vn 0.132424 -0.975649 -0.174853
vn 0.132424 -0.975649 -0.174853
vn 0.132424 -0.975649 -0.174853
vn 0.132424 -0.975649 -0.174853
vn 0.045043 -0.998985 -0.000026
vn 0.045043 -0.998985 -0.000026
vn 0.045043 -0.998985 -0.000026
vn 0.450637 -0.174946 -0.875397
vn 0.450637 -0.174946 -0.875397
vn 0.450637 -0.174946 -0.875397
vn 0.450637 -0.174946 -0.875397
vn 0.433577 -0.362732 -0.824886
vn 0.433577 -0.362732 -0.824886
vn 0.433577 -0.362732 -0.824886
vn 0.433577 -0.362732 -0.824886
vn 0.399946 -0.536803 -0.742890
vn 0.399946 -0.536803 -0.742890
vn 0.399946 -0.536803 -0.742890
vn 0.399946 -0.536803 -0.742890
vn 0.350981 -0.690641 -0.632319
vn 0.350981 -0.690641 -0.632319
vn 0.350981 -0.690641 -0.632319
vn 0.350981 -0.690641 -0.632319
vn 0.288422 -0.818229 -0.497307
vn 0.288422 -0.818229 -0.497307
vn 0.288422 -0.818229 -0.497307
vn 0.288422 -0.818229 -0.497307
vn 0.545820 -0.528541 -0.650173
vn 0.545820 -0.528541 -0.650173
vn 0.545820 -0.528541 -0.650173
vn 0.545820 -0.528541 -0.650173
vn 0.478955 -0.683377 -0.550998
vn 0.478955 -0.683377 -0.550998
vn 0.478955 -0.683377 -0.550998
vn 0.478955 -0.683377 -0.550998
vn 0.393519 -0.812339 -0.430404
vn 0.393519 -0.812339 -0.430404
vn 0.393519 -0.812339 -0.430404
vn 0.393519 -0.812339 -0.430404
vn 0.292824 -0.910117 -0.293157
vn 0.292824 -0.910117 -0.293157
vn 0.292824 -0.910117 -0.293157
vn 0.292824 -0.910117 -0.293157
vn 0.180676 -0.972898 -0.144307
vn 0.180676 -0.972898 -0.144307
vn 0.180676 -0.972898 -0.144307
vn 0.180676 -0.972898 -0.144307
vn 0.061301 -0.998066 0.010365
vn 0.061301 -0.998066 0.010365
vn 0.061301 -0.998066 0.010365
vn 0.615093 -0.165637 -0.770860
vn 0.615093 -0.165637 -0.770860
vn 0.615093 -0.165637 -0.770860
vn 0.615093 -0.165637 -0.770860
vn 0.591770 -0.353756 -0.724338
vn 0.591770 -0.353756 -0.724338
vn 0.591770 -0.353756 -0.724338
vn 0.591770 -0.353756 -0.724338
vn 0.221859 -0.969418 -0.104917
vn 0.221859 -0.969418 -0.104917
vn 0.221859 -0.969418 -0.104917
vn 0.221859 -0.969418 -0.104917
vn 0.075252 -0.996883 0.023685
vn 0.075252 -0.996883 0.023685
vn 0.075252 -0.996883 0.023685
vn 0.755892 -0.153716 -0.636394
vn 0.755892 -0.153716 -0.636394
vn 0.755892 -0.153716 -0.636394
vn 0.755892 -0.153716 -0.636394
vn 0.727248 -0.342280 -0.594941
vn 0.727248 -0.342280 -0.594941
vn 0.727248 -0.342280 -0.594941
vn 0.727248 -0.342280 -0.594941
vn 0.670764 -0.517943 -0.530859
vn 0.670764 -0.517943 -0.530859
vn 0.670764 -0.517943 -0.530859
vn 0.670764 -0.517943 -0.530859
vn 0.588549 -0.674134 -0.446265
vn 0.588549 -0.674134 -0.446265
vn 0.588549 -0.674134 -0.446265
vn 0.588549 -0.674134 -0.446265
vn 0.483612 -0.804657 -0.344452
vn 0.483612 -0.804657 -0.344452
vn 0.483612 -0.804657 -0.344452
vn 0.483612 -0.804657 -0.344452
vn 0.359780 -0.904454 -0.229174
vn 0.359780 -0.904454 -0.229174
vn 0.359780 -0.904454 -0.229174
vn 0.359780 -0.904454 -0.229174
vn 0.675521 -0.663167 -0.322307
vn 0.675521 -0.663167 -0.322307
vn 0.675521 -0.663167 -0.322307
vn 0.675521 -0.663167 -0.322307
vn 0.555025 -0.795640 -0.242702
vn 0.555025 -0.795640 -0.242702
vn 0.555025 -0.795640 -0.242702
vn 0.555025 -0.795640 -0.242702
vn 0.412903 -0.897758 -0.153435
vn 0.412903 -0.897758 -0.153435
vn 0.412903 -0.897758 -0.153435
vn 0.412903 -0.897758 -0.153435
vn 0.254616 -0.965289 -0.058214
vn 0.254616 -0.965289 -0.058214
vn 0.254616 -0.965289 -0.058214
vn 0.254616 -0.965289 -0.058214
vn 0.086346 -0.995485 0.039429
vn 0.086346 -0.995485 0.039429
vn 0.086346 -0.995485 0.039429
vn 0.867685 -0.139630 -0.477102
vn 0.867685 -0.139630 -0.477102
vn 0.867685 -0.139630 -0.477102
vn 0.867685 -0.139630 -0.477102
vn 0.834772 -0.328712 -0.441706
vn 0.834772 -0.328712 -0.441706
vn 0.834772 -0.328712 -0.441706
vn 0.834772 -0.328712 -0.441706
vn 0.769898 -0.505461 -0.389571
vn 0.769898 -0.505461 -0.389571
vn 0.769898 -0.505461 -0.389571
vn 0.769898 -0.505461 -0.389571
vn 0.094109 -0.993930 0.056978
vn 0.094109 -0.993930 0.056978
vn 0.094109 -0.993930 0.056978
vn 0.946145 -0.123920 -0.299087
vn 0.946145 -0.123920 -0.299087
vn 0.946145 -0.123920 -0.299087
vn 0.946145 -0.123920 -0.299087
vn 0.910201 -0.313568 -0.270572
vn 0.910201 -0.313568 -0.270572
vn 0.910201 -0.313568 -0.270572
vn 0.910201 -0.313568 -0.270572
vn 0.839502 -0.491487 -0.231685
vn 0.839502 -0.491487 -0.231685
vn 0.839502 -0.491487 -0.231685
vn 0.839502 -0.491487 -0.231685
vn 0.736577 -0.650885 -0.183855
vn 0.736577 -0.650885 -0.183855
vn 0.736577 -0.650885 -0.183855
vn 0.736577 -0.650885 -0.183855
vn 0.605146 -0.785612 -0.128891
vn 0.605146 -0.785612 -0.128891
vn 0.605146 -0.785612 -0.128891
vn 0.605146 -0.785612 -0.128891
vn 0.450203 -0.890268 -0.068851
vn 0.450203 -0.890268 -0.068851
vn 0.450203 -0.890268 -0.068851
vn 0.450203 -0.890268 -0.068851
vn 0.277633 -0.960668 -0.006115
vn 0.277633 -0.960668 -0.006115
vn 0.277633 -0.960668 -0.006115
vn 0.277633 -0.960668 -0.006115
vn 0.769325 -0.637831 -0.036200
vn 0.769325 -0.637831 -0.036200
vn 0.769325 -0.637831 -0.036200
vn 0.769325 -0.637831 -0.036200
vn 0.632084 -0.774862 -0.007618
vn 0.632084 -0.774862 -0.007618
vn 0.632084 -0.774862 -0.007618
vn 0.632084 -0.774862 -0.007618
vn 0.470272 -0.882263 0.021374
vn 0.470272 -0.882263 0.021374
vn 0.470272 -0.882263 0.021374
vn 0.470272 -0.882263 0.021374
vn 0.289920 -0.955769 0.049522
vn 0.289920 -0.955769 0.049522
vn 0.289920 -0.955769 0.049522
vn 0.289920 -0.955769 0.049522
vn 0.098278 -0.992270 0.075778
vn 0.098278 -0.992270 0.075778
vn 0.098278 -0.992270 0.075778
vn 0.988218 -0.107072 -0.109365
vn 0.988218 -0.107072 -0.109365
vn 0.988218 -0.107072 -0.109365
vn 0.988218 -0.107072 -0.109365
vn 0.950662 -0.297463 -0.088080
vn 0.950662 -0.297463 -0.088080
vn 0.950662 -0.297463 -0.088080
vn 0.950662 -0.297463 -0.088080
vn 0.876842 -0.476588 -0.063338
vn 0.876842 -0.476588 -0.063338
vn 0.876842 -0.476588 -0.063338
vn 0.876842 -0.476588 -0.063338
vn 0.098627 -0.990574 0.095063
vn 0.098627 -0.990574 0.095063
vn 0.098627 -0.990574 0.095063
vn 0.992325 -0.089940 0.084867
vn 0.992325 -0.089940 0.084867
vn 0.992325 -0.089940 0.084867
vn 0.992325 -0.089940 0.084867
vn 0.954604 -0.280980 0.098898
vn 0.954604 -0.280980 0.098898
vn 0.954604 -0.280980 0.098898
vn 0.954604 -0.280980 0.098898
vn 0.880464 -0.461411 0.109007
vn 0.880464 -0.461411 0.109007
vn 0.880464 -0.461411 0.109007
vn 0.880464 -0.461411 0.109007
vn 0.772504 -0.624512 0.114984
vn 0.772504 -0.624512 0.114984
vn 0.772504 -0.624512 0.114984
vn 0.772504 -0.624512 0.114984
vn 0.634717 -0.763898 0.116599
vn 0.634717 -0.763898 0.116599
vn 0.634717 -0.763898 0.116599
vn 0.634717 -0.763898 0.116599
vn 0.472179 -0.874136 0.113722
vn 0.472179 -0.874136 0.113722
vn 0.472179 -0.874136 0.113722
vn 0.472179 -0.874136 0.113722
vn 0.291125 -0.950741 0.106477
vn 0.291125 -0.950741 0.106477
vn 0.291125 -0.950741 0.106477
vn 0.291125 -0.950741 0.106477
vn 0.612926 -0.753146 0.238941
vn 0.612926 -0.753146 0.238941
vn 0.612926 -0.753146 0.238941
vn 0.612926 -0.753146 0.238941
vn 0.456013 -0.866100 0.204750
vn 0.456013 -0.866100 0.204750
vn 0.456013 -0.866100 0.204750
vn 0.456013 -0.866100 0.204750
vn 0.281167 -0.945793 0.162546
vn 0.281167 -0.945793 0.162546
vn 0.281167 -0.945793 0.162546
vn 0.281167 -0.945793 0.162546
vn 0.095327 -0.988907 0.113911
vn 0.095327 -0.988907 0.113911
vn 0.095327 -0.988907 0.113911
vn 0.958286 -0.073069 0.276314
vn 0.958286 -0.073069 0.276314
vn 0.958286 -0.073069 0.276314
vn 0.958286 -0.073069 0.276314
vn 0.921867 -0.264757 0.282956
vn 0.921867 -0.264757 0.282956
vn 0.921867 -0.264757 0.282956
vn 0.921867 -0.264757 0.282956
vn 0.850302 -0.446401 0.278768
vn 0.850302 -0.446401 0.278768
vn 0.850302 -0.446401 0.278768
vn 0.850302 -0.446401 0.278768
vn 0.746015 -0.611373 0.263978
vn 0.746015 -0.611373 0.263978
vn 0.746015 -0.611373 0.263978
vn 0.746015 -0.611373 0.263978
vn 0.887416 -0.057180 0.457409
vn 0.887416 -0.057180 0.457409
vn 0.887416 -0.057180 0.457409
vn 0.887416 -0.057180 0.457409
vn 0.853702 -0.249407 0.457153
vn 0.853702 -0.249407 0.457153
vn 0.853702 -0.249407 0.457153
vn 0.853702 -0.249407 0.457153
vn 0.787419 -0.432278 0.439439
vn 0.787419 -0.432278 0.439439
vn 0.787419 -0.432278 0.439439
vn 0.787419 -0.432278 0.439439
vn 0.690896 -0.598928 0.404905
vn 0.690896 -0.598928 0.404905
vn 0.690896 -0.598928 0.404905
vn 0.690896 -0.598928 0.404905
vn 0.567602 -0.742950 0.354757
vn 0.567602 -0.742950 0.354757
vn 0.567602 -0.742950 0.354757
vn 0.567602 -0.742950 0.354757
vn 0.422297 -0.858534 0.290834
vn 0.422297 -0.858534 0.290834
vn 0.422297 -0.858534 0.290834
vn 0.422297 -0.858534 0.290834
vn 0.260440 -0.941132 0.215502
vn 0.260440 -0.941132 0.215502
vn 0.260440 -0.941132 0.215502
vn 0.260440 -0.941132 0.215502
vn 0.088320 -0.987328 0.131847
vn 0.088320 -0.987328 0.131847
vn 0.088320 -0.987328 0.131847
vn 0.500573 -0.733720 0.459436
vn 0.500573 -0.733720 0.459436
vn 0.500573 -0.733720 0.459436
vn 0.500573 -0.733720 0.459436
vn 0.372405 -0.851692 0.368693
vn 0.372405 -0.851692 0.368693
vn 0.372405 -0.851692 0.368693
vn 0.372405 -0.851692 0.368693
vn 0.229691 -0.936906 0.263532
vn 0.229691 -0.936906 0.263532
vn 0.229691 -0.936906 0.263532
vn 0.229691 -0.936906 0.263532
vn 0.077934 -0.985895 0.148112
vn 0.077934 -0.985895 0.148112
vn 0.077934 -0.985895 0.148112
vn 0.782486 -0.042708 0.621202
vn 0.782486 -0.042708 0.621202
vn 0.782486 -0.042708 0.621202
vn 0.782486 -0.042708 0.621202
vn 0.752787 -0.235540 0.614681
vn 0.752787 -0.235540 0.614681
vn 0.752787 -0.235540 0.614681
vn 0.752787 -0.235540 0.614681
vn 0.694288 -0.419545 0.584761
vn 0.694288 -0.419545 0.584761
vn 0.694288 -0.419545 0.584761
vn 0.694288 -0.419545 0.584761
vn 0.609169 -0.587759 0.532403
vn 0.609169 -0.587759 0.532403
vn 0.609169 -0.587759 0.532403
vn 0.609169 -0.587759 0.532403
vn 0.622925 -0.223704 0.749613
vn 0.622925 -0.223704 0.749613
vn 0.622925 -0.223704 0.749613
vn 0.622925 -0.223704 0.749613
vn 0.574552 -0.408595 0.709183
vn 0.574552 -0.408595 0.709183
vn 0.574552 -0.408595 0.709183
vn 0.574552 -0.408595 0.709183
vn 0.504137 -0.578172 0.641532
vn 0.504137 -0.578172 0.641532
vn 0.504137 -0.578172 0.641532
vn 0.504137 -0.578172 0.641532
vn 0.414181 -0.725862 0.549162
vn 0.414181 -0.725862 0.549162
vn 0.414181 -0.725862 0.549162
vn 0.414181 -0.725862 0.549162
vn 0.308215 -0.845858 0.435347
vn 0.308215 -0.845858 0.435347
vn 0.308215 -0.845858 0.435347
vn 0.308215 -0.845858 0.435347
vn 0.615833 0.317325 0.721148
vn 0.615833 0.317325 0.721148
vn 0.615833 0.317325 0.721148
vn 0.615833 0.317325 0.721148
vn 0.190132 -0.933310 0.304601
vn 0.190132 -0.933310 0.304601
vn 0.190132 -0.933310 0.304601
vn 0.190132 -0.933310 0.304601
vn 0.064486 -0.984685 0.161976
vn 0.064486 -0.984685 0.161976
vn 0.064486 -0.984685 0.161976
vn 0.647482 -0.030447 0.761472
vn 0.647482 -0.030447 0.761472
vn 0.647482 -0.030447 0.761472
vn 0.647482 -0.030447 0.761472
vn 0.232168 -0.841225 0.488302
vn 0.232168 -0.841225 0.488302
vn 0.232168 -0.841225 0.488302
vn 0.232168 -0.841225 0.488302
vn 0.143297 -0.930432 0.337286
vn 0.143297 -0.930432 0.337286
vn 0.143297 -0.930432 0.337286
vn 0.143297 -0.930432 0.337286
vn 0.048678 -0.983711 0.173042
vn 0.048678 -0.983711 0.173042
vn 0.048678 -0.983711 0.173042
vn 0.487557 -0.020725 0.872845
vn 0.487557 -0.020725 0.872845
vn 0.487557 -0.020725 0.872845
vn 0.487557 -0.020725 0.872845
vn 0.469073 -0.214361 0.856749
vn 0.469073 -0.214361 0.856749
vn 0.469073 -0.214361 0.856749
vn 0.469073 -0.214361 0.856749
vn 0.432720 -0.399926 0.807968
vn 0.432720 -0.399926 0.807968
vn 0.432720 -0.399926 0.807968
vn 0.432720 -0.399926 0.807968
vn 0.379669 -0.570624 0.728176
vn 0.379669 -0.570624 0.728176
vn 0.379669 -0.570624 0.728176
vn 0.379669 -0.570624 0.728176
vn 0.311983 -0.719620 0.620334
vn 0.311983 -0.719620 0.620334
vn 0.311983 -0.719620 0.620334
vn 0.311983 -0.719620 0.620334
vn 0.274243 -0.393898 0.877289
vn 0.274243 -0.393898 0.877289
vn 0.274243 -0.393898 0.877289
vn 0.274243 -0.393898 0.877289
vn 0.240647 -0.565285 0.789013
vn 0.240647 -0.565285 0.789013
vn 0.240647 -0.565285 0.789013
vn 0.240647 -0.565285 0.789013
vn 0.197839 -0.715270 0.670260
vn 0.197839 -0.715270 0.670260
vn 0.197839 -0.715270 0.670260
vn 0.197839 -0.715270 0.670260
vn 0.147305 -0.837947 0.525496
vn 0.147305 -0.837947 0.525496
vn 0.147305 -0.837947 0.525496
vn 0.147305 -0.837947 0.525496
vn 0.248254 0.437346 0.864348
vn 0.248254 0.437346 0.864348
vn 0.248254 0.437346 0.864348
vn 0.248254 0.437346 0.864348
vn 0.090892 -0.928450 0.360165
vn 0.090892 -0.928450 0.360165
vn 0.090892 -0.928450 0.360165
vn 0.090892 -0.928450 0.360165
vn 0.030986 -0.983045 0.180728
vn 0.030986 -0.983045 0.180728
vn 0.030986 -0.983045 0.180728
vn 0.308893 -0.013871 0.950996
vn 0.308893 -0.013871 0.950996
vn 0.308893 -0.013871 0.950996
vn 0.308893 -0.013871 0.950996
vn 0.297277 -0.207718 0.931923
vn 0.297277 -0.207718 0.931923
vn 0.297277 -0.207718 0.931923
vn 0.297277 -0.207718 0.931923
vn 0.035091 -0.927375 0.372484
vn 0.035091 -0.927375 0.372484
vn 0.035091 -0.927375 0.372484
vn 0.035091 -0.927375 0.372484
vn 0.012174 -0.982696 0.184827
vn 0.012174 -0.982696 0.184827
vn 0.012174 -0.982696 0.184827
vn 0.118437 -0.010292 0.992908
vn 0.118437 -0.010292 0.992908
vn 0.118437 -0.010292 0.992908
vn 0.118437 -0.010292 0.992908
vn 0.113967 -0.204267 0.972258
vn 0.113967 -0.204267 0.972258
vn 0.113967 -0.204267 0.972258
vn 0.113967 -0.204267 0.972258
vn 0.105236 -0.390717 0.914476
vn 0.105236 -0.390717 0.914476
vn 0.105236 -0.390717 0.914476
vn 0.105236 -0.390717 0.914476
vn 0.092392 -0.562463 0.821644
vn 0.092392 -0.562463 0.821644
vn 0.092392 -0.562463 0.821644
vn 0.092392 -0.562463 0.821644
vn 0.076021 -0.712986 0.697044
vn 0.076021 -0.712986 0.697044
vn 0.076021 -0.712986 0.697044
vn 0.076021 -0.712986 0.697044
vn 0.056716 -0.836259 0.545393
vn 0.056716 -0.836259 0.545393
vn 0.056716 -0.836259 0.545393
vn 0.056716 -0.836259 0.545393
vn -0.067860 -0.390534 0.918084
vn -0.067860 -0.390534 0.918084
vn -0.067860 -0.390534 0.918084
vn -0.067860 -0.390534 0.918084
vn -0.059395 -0.562273 0.824816
vn -0.059395 -0.562273 0.824816
vn -0.059395 -0.562273 0.824816
vn -0.059395 -0.562273 0.824816
vn -0.048673 -0.712829 0.699647
vn -0.048673 -0.712829 0.699647
vn -0.048673 -0.712829 0.699647
vn -0.048673 -0.712829 0.699647
vn -0.036016 -0.836111 0.547377
vn -0.036016 -0.836111 0.547377
vn -0.036016 -0.836111 0.547377
vn -0.036016 -0.836111 0.547377
vn -0.021996 -0.927316 0.373633
vn -0.021996 -0.927316 0.373633
vn -0.021996 -0.927316 0.373633
vn -0.021996 -0.927316 0.373633
vn -0.007153 -0.982664 0.185257
vn -0.007153 -0.982664 0.185257
vn -0.007153 -0.982664 0.185257
vn -0.076650 -0.010018 0.997008
vn -0.076650 -0.010018 0.997008
vn -0.076650 -0.010018 0.997008
vn -0.076650 -0.010018 0.997008
vn -0.073678 -0.204055 0.976183
vn -0.073678 -0.204055 0.976183
vn -0.073678 -0.204055 0.976183
vn -0.073678 -0.204055 0.976183
vn -0.078343 -0.928195 0.363753
vn -0.078343 -0.928195 0.363753
vn -0.078343 -0.928195 0.363753
vn -0.078343 -0.928195 0.363753
vn -0.026100 -0.982974 0.181881
vn -0.026100 -0.982974 0.181881
vn -0.026100 -0.982974 0.181881
vn -0.268763 -0.013044 0.963118
vn -0.268763 -0.013044 0.963118
vn -0.268763 -0.013044 0.963118
vn -0.268763 -0.013044 0.963118
vn -0.258477 -0.206964 0.943586
vn -0.258477 -0.206964 0.943586
vn -0.258477 -0.206964 0.943586
vn -0.258477 -0.206964 0.943586
vn -0.238290 -0.393232 0.888024
vn -0.238290 -0.393232 0.888024
vn -0.238290 -0.393232 0.888024
vn -0.238290 -0.393232 0.888024
vn -0.208922 -0.564692 0.798420
vn -0.208922 -0.564692 0.798420
vn -0.208922 -0.564692 0.798420
vn -0.208922 -0.564692 0.798420
vn -0.171499 -0.714774 0.678001
vn -0.171499 -0.714774 0.678001
vn -0.171499 -0.714774 0.678001
vn -0.171499 -0.714774 0.678001
vn -0.127404 -0.837564 0.531277
vn -0.127404 -0.837564 0.531277
vn -0.127404 -0.837564 0.531277
vn -0.127404 -0.837564 0.531277
vn -0.210499 0.437987 0.873989
vn -0.210499 0.437987 0.873989
vn -0.210499 0.437987 0.873989
vn -0.210499 0.437987 0.873989
vn -0.350390 -0.569571 0.743516
vn -0.350390 -0.569571 0.743516
vn -0.350390 -0.569571 0.743516
vn -0.350390 -0.569571 0.743516
vn -0.287719 -0.718796 0.632891
vn -0.287719 -0.718796 0.632891
vn -0.287719 -0.718796 0.632891
vn -0.287719 -0.718796 0.632891
vn -0.213841 -0.840547 0.497748
vn -0.213841 -0.840547 0.497748
vn -0.213841 -0.840547 0.497748
vn -0.213841 -0.840547 0.497748
vn -0.131535 -0.930074 0.343017
vn -0.131535 -0.930074 0.343017
vn -0.131535 -0.930074 0.343017
vn -0.131535 -0.930074 0.343017
vn -0.044079 -0.983594 0.174930
vn -0.044079 -0.983594 0.174930
vn -0.044079 -0.983594 0.174930
vn -0.450548 -0.019396 0.892541
vn -0.450548 -0.019396 0.892541
vn -0.450548 -0.019396 0.892541
vn -0.450548 -0.019396 0.892541
vn -0.433325 -0.213035 0.875697
vn -0.433325 -0.213035 0.875697
vn -0.433325 -0.213035 0.875697
vn -0.433325 -0.213035 0.875697
vn -0.399505 -0.398846 0.825420
vn -0.399505 -0.398846 0.825420
vn -0.399505 -0.398846 0.825420
vn -0.399505 -0.398846 0.825420
vn -0.060404 -0.984503 0.164634
vn -0.060404 -0.984503 0.164634
vn -0.060404 -0.984503 0.164634
vn -0.615053 -0.028705 0.787963
vn -0.615053 -0.028705 0.787963
vn -0.615053 -0.028705 0.787963
vn -0.615053 -0.028705 0.787963
vn -0.591511 -0.222008 0.775130
vn -0.591511 -0.222008 0.775130
vn -0.591511 -0.222008 0.775130
vn -0.591511 -0.222008 0.775130
vn -0.545383 -0.407084 0.732693
vn -0.545383 -0.407084 0.732693
vn -0.545383 -0.407084 0.732693
vn -0.545383 -0.407084 0.732693
vn -0.478370 -0.576764 0.662197
vn -0.478370 -0.576764 0.662197
vn -0.478370 -0.576764 0.662197
vn -0.478370 -0.576764 0.662197
vn -0.392795 -0.724724 0.566116
vn -0.392795 -0.724724 0.566116
vn -0.392795 -0.724724 0.566116
vn -0.392795 -0.724724 0.566116
vn -0.291979 -0.845040 0.447946
vn -0.291979 -0.845040 0.447946
vn -0.291979 -0.845040 0.447946
vn -0.291979 -0.845040 0.447946
vn -0.584140 0.319022 0.746328
vn -0.584140 0.319022 0.746328
vn -0.584140 0.319022 0.746328
vn -0.584140 0.319022 0.746328
vn -0.179780 -0.932766 0.312454
vn -0.179780 -0.932766 0.312454
vn -0.179780 -0.932766 0.312454
vn -0.179780 -0.932766 0.312454
vn -0.587934 -0.586143 0.557468
vn -0.587934 -0.586143 0.557468
vn -0.587934 -0.586143 0.557468
vn -0.587934 -0.586143 0.557468
vn -0.482832 -0.732411 0.480050
vn -0.482832 -0.732411 0.480050
vn -0.482832 -0.732411 0.480050
vn -0.482832 -0.732411 0.480050
vn -0.358991 -0.850656 0.384069
vn -0.358991 -0.850656 0.384069
vn -0.358991 -0.850656 0.384069
vn -0.358991 -0.850656 0.384069
vn -0.220992 -0.936294 0.272976
vn -0.220992 -0.936294 0.272976
vn -0.220992 -0.936294 0.272976
vn -0.220992 -0.936294 0.272976
vn -0.074358 -0.985684 0.151318
vn -0.074358 -0.985684 0.151318
vn -0.074358 -0.985684 0.151318
vn -0.755808 -0.040627 0.653531
vn -0.755808 -0.040627 0.653531
vn -0.755808 -0.040627 0.653531
vn -0.755808 -0.040627 0.653531
vn -0.726936 -0.233466 0.645801
vn -0.726936 -0.233466 0.645801
vn -0.726936 -0.233466 0.645801
vn -0.726936 -0.233466 0.645801
vn -0.670263 -0.417672 0.613431
vn -0.670263 -0.417672 0.613431
vn -0.670263 -0.417672 0.613431
vn -0.670263 -0.417672 0.613431
vn -0.085382 -0.987095 0.135474
vn -0.085382 -0.987095 0.135474
vn -0.085382 -0.987095 0.135474
vn -0.867616 -0.054709 0.494215
vn -0.867616 -0.054709 0.494215
vn -0.867616 -0.054709 0.494215
vn -0.867616 -0.054709 0.494215
vn -0.834474 -0.247024 0.492578
vn -0.834474 -0.247024 0.492578
vn -0.834474 -0.247024 0.492578
vn -0.834474 -0.247024 0.492578
vn -0.769477 -0.430165 0.472083
vn -0.769477 -0.430165 0.472083
vn -0.769477 -0.430165 0.472083
vn -0.769477 -0.430165 0.472083
vn -0.674938 -0.597083 0.433533
vn -0.674938 -0.597083 0.433533
vn -0.674938 -0.597083 0.433533
vn -0.674938 -0.597083 0.433533
vn -0.554318 -0.741373 0.378283
vn -0.554318 -0.741373 0.378283
vn -0.554318 -0.741373 0.378283
vn -0.554318 -0.741373 0.378283
vn -0.412106 -0.857380 0.308331
vn -0.412106 -0.857380 0.308331
vn -0.412106 -0.857380 0.308331
vn -0.412106 -0.857380 0.308331
vn -0.253706 -0.940423 0.226359
vn -0.253706 -0.940423 0.226359
vn -0.253706 -0.940423 0.226359
vn -0.253706 -0.940423 0.226359
vn -0.604432 -0.751467 0.264498
vn -0.604432 -0.751467 0.264498
vn -0.604432 -0.751467 0.264498
vn -0.604432 -0.751467 0.264498
vn -0.449403 -0.864854 0.223749
vn -0.449403 -0.864854 0.223749
vn -0.449403 -0.864854 0.223749
vn -0.449403 -0.864854 0.223749
vn -0.276740 -0.945011 0.174267
vn -0.276740 -0.945011 0.174267
vn -0.276740 -0.945011 0.174267
vn -0.276740 -0.945011 0.174267
vn -0.093146 -0.988644 0.117925
vn -0.093146 -0.988644 0.117925
vn -0.093146 -0.988644 0.117925
vn -0.946027 -0.070484 0.316329
vn -0.946027 -0.070484 0.316329
vn -0.946027 -0.070484 0.316329
vn -0.946027 -0.070484 0.316329
vn -0.909927 -0.262228 0.321356
vn -0.909927 -0.262228 0.321356
vn -0.909927 -0.262228 0.321356
vn -0.909927 -0.262228 0.321356
vn -0.839025 -0.444149 0.314274
vn -0.839025 -0.444149 0.314274
vn -0.839025 -0.444149 0.314274
vn -0.839025 -0.444149 0.314274
vn -0.735957 -0.609348 0.295065
vn -0.735957 -0.609348 0.295065
vn -0.735957 -0.609348 0.295065
vn -0.735957 -0.609348 0.295065
vn -0.950400 -0.278309 0.138864
vn -0.950400 -0.278309 0.138864
vn -0.950400 -0.278309 0.138864
vn -0.950400 -0.278309 0.138864
vn -0.876396 -0.458958 0.145900
vn -0.876396 -0.458958 0.145900
vn -0.876396 -0.458958 0.145900
vn -0.876396 -0.458958 0.145900
vn -0.768750 -0.622333 0.147395
vn -0.768750 -0.622333 0.147395
vn -0.768750 -0.622333 0.147395
vn -0.768750 -0.622333 0.147395
vn -0.631309 -0.762195 0.143202
vn -0.631309 -0.762195 0.143202
vn -0.631309 -0.762195 0.143202
vn -0.631309 -0.762195 0.143202
vn -0.469376 -0.872848 0.133500
vn -0.469376 -0.872848 0.133500
vn -0.469376 -0.872848 0.133500
vn -0.469376 -0.872848 0.133500
vn -0.289023 -0.949943 0.118633
vn -0.289023 -0.949943 0.118633
vn -0.289023 -0.949943 0.118633
vn -0.289023 -0.949943 0.118633
vn -0.097311 -0.990306 0.099123
vn -0.097311 -0.990306 0.099123
vn -0.097311 -0.990306 0.099123
vn -0.988122 -0.087266 0.126487
vn -0.988122 -0.087266 0.126487
vn -0.988122 -0.087266 0.126487
vn -0.988122 -0.087266 0.126487
vn -0.471320 -0.881001 0.041176
vn -0.471320 -0.881001 0.041176
vn -0.471320 -0.881001 0.041176
vn -0.471320 -0.881001 0.041176
vn -0.290237 -0.954965 0.061677
vn -0.290237 -0.954965 0.061677
vn -0.290237 -0.954965 0.061677
vn -0.290237 -0.954965 0.061677
vn -0.097732 -0.991995 0.079960
vn -0.097732 -0.991995 0.079960
vn -0.097732 -0.991995 0.079960
vn -0.992225 -0.104399 -0.067745
vn -0.992225 -0.104399 -0.067745
vn -0.992225 -0.104399 -0.067745
vn -0.992225 -0.104399 -0.067745
vn -0.954345 -0.294806 -0.048113
vn -0.954345 -0.294806 -0.048113
vn -0.954345 -0.294806 -0.048113
vn -0.954345 -0.294806 -0.048113
vn -0.880012 -0.474215 -0.026425
vn -0.880012 -0.474215 -0.026425
vn -0.880012 -0.474215 -0.026425
vn -0.880012 -0.474215 -0.026425
vn -0.771943 -0.635680 -0.003884
vn -0.771943 -0.635680 -0.003884
vn -0.771943 -0.635680 -0.003884
vn -0.771943 -0.635680 -0.003884
vn -0.633934 -0.773154 0.018980
vn -0.633934 -0.773154 0.018980
vn -0.633934 -0.773154 0.018980
vn -0.633934 -0.773154 0.018980
vn -0.921639 -0.310985 -0.232098
vn -0.921639 -0.310985 -0.232098
vn -0.921639 -0.310985 -0.232098
vn -0.921639 -0.310985 -0.232098
vn -0.849852 -0.489131 -0.196222
vn -0.849852 -0.489131 -0.196222
vn -0.849852 -0.489131 -0.196222
vn -0.849852 -0.489131 -0.196222
vn -0.745430 -0.648844 -0.152762
vn -0.745430 -0.648844 -0.152762
vn -0.745430 -0.648844 -0.152762
vn -0.745430 -0.648844 -0.152762
vn -0.612197 -0.783926 -0.103324
vn -0.612197 -0.783926 -0.103324
vn -0.612197 -0.783926 -0.103324
vn -0.612197 -0.783926 -0.103324
vn -0.455126 -0.889030 -0.049868
vn -0.455126 -0.889030 -0.049868
vn -0.455126 -0.889030 -0.049868
vn -0.455126 -0.889030 -0.049868
vn -0.280274 -0.959904 0.005608
vn -0.280274 -0.959904 0.005608
vn -0.280274 -0.959904 0.005608
vn -0.280274 -0.959904 0.005608
vn -0.094358 -0.993669 0.060971
vn -0.094358 -0.993669 0.060971
vn -0.094358 -0.993669 0.060971
vn -0.958207 -0.121246 -0.259113
vn -0.958207 -0.121246 -0.259113
vn -0.958207 -0.121246 -0.259113
vn -0.958207 -0.121246 -0.259113
vn -0.421486 -0.896592 -0.135913
vn -0.421486 -0.896592 -0.135913
vn -0.421486 -0.896592 -0.135913
vn -0.421486 -0.896592 -0.135913
vn -0.259578 -0.964556 -0.047445
vn -0.259578 -0.964556 -0.047445
vn -0.259578 -0.964556 -0.047445
vn -0.259578 -0.964556 -0.047445
vn -0.087361 -0.995247 0.043032
vn -0.087361 -0.995247 0.043032
vn -0.087361 -0.995247 0.043032
vn -0.887352 -0.137135 -0.440227
vn -0.887352 -0.137135 -0.440227
vn -0.887352 -0.137135 -0.440227
vn -0.887352 -0.137135 -0.440227
vn -0.853430 -0.326382 -0.406364
vn -0.853430 -0.326382 -0.406364
vn -0.853430 -0.326382 -0.406364
vn -0.853430 -0.326382 -0.406364
vn -0.786946 -0.503355 -0.356861
vn -0.786946 -0.503355 -0.356861
vn -0.786946 -0.503355 -0.356861
vn -0.786946 -0.503355 -0.356861
vn -0.690290 -0.661239 -0.293705
vn -0.690290 -0.661239 -0.293705
vn -0.690290 -0.661239 -0.293705
vn -0.690290 -0.661239 -0.293705
vn -0.566907 -0.794096 -0.219154
vn -0.566907 -0.794096 -0.219154
vn -0.566907 -0.794096 -0.219154
vn -0.566907 -0.794096 -0.219154
vn -0.693905 -0.516078 -0.502155
vn -0.693905 -0.516078 -0.502155
vn -0.693905 -0.516078 -0.502155
vn -0.693905 -0.516078 -0.502155
vn -0.608592 -0.672452 -0.421218
vn -0.608592 -0.672452 -0.421218
vn -0.608592 -0.672452 -0.421218
vn -0.608592 -0.672452 -0.421218
vn -0.499855 -0.803288 -0.323841
vn -0.499855 -0.803288 -0.323841
vn -0.499855 -0.803288 -0.323841
vn -0.499855 -0.803288 -0.323841
vn -0.371616 -0.903437 -0.213780
vn -0.371616 -0.903437 -0.213780
vn -0.371616 -0.903437 -0.213780
vn -0.371616 -0.903437 -0.213780
vn -0.228802 -0.968791 -0.095361
vn -0.228802 -0.968791 -0.095361
vn -0.228802 -0.968791 -0.095361
vn -0.228802 -0.968791 -0.095361
vn -0.076944 -0.996673 0.026882
vn -0.076944 -0.996673 0.026882
vn -0.076944 -0.996673 0.026882
vn -0.782373 -0.151632 -0.604069
vn -0.782373 -0.151632 -0.604069
vn -0.782373 -0.151632 -0.604069
vn -0.782373 -0.151632 -0.604069
vn -0.752508 -0.340244 -0.563884
vn -0.752508 -0.340244 -0.563884
vn -0.752508 -0.340244 -0.563884
vn -0.752508 -0.340244 -0.563884
vn -0.189259 -0.972389 -0.136533
vn -0.189259 -0.972389 -0.136533
vn -0.189259 -0.972389 -0.136533
vn -0.189259 -0.972389 -0.136533
vn -0.063618 -0.997891 0.012933
vn -0.063618 -0.997891 0.012933
vn -0.063618 -0.997891 0.012933
vn -0.647375 -0.163899 -0.744341
vn -0.647375 -0.163899 -0.744341
vn -0.647375 -0.163899 -0.744341
vn -0.647375 -0.163899 -0.744341
vn -0.622649 -0.352087 -0.698815
vn -0.622649 -0.352087 -0.698815
vn -0.622649 -0.352087 -0.698815
vn -0.622649 -0.352087 -0.698815
vn -0.574090 -0.527027 -0.626629
vn -0.574090 -0.527027 -0.626629
vn -0.574090 -0.527027 -0.626629
vn -0.574090 -0.527027 -0.626629
vn -0.503545 -0.682062 -0.530314
vn -0.503545 -0.682062 -0.530314
vn -0.503545 -0.682062 -0.530314
vn -0.503545 -0.682062 -0.530314
vn -0.413485 -0.811167 -0.413567
vn -0.413485 -0.811167 -0.413567
vn -0.413485 -0.811167 -0.413567
vn -0.413485 -0.811167 -0.413567
vn -0.307381 -0.909281 -0.280578
vn -0.307381 -0.909281 -0.280578
vn -0.307381 -0.909281 -0.280578
vn -0.307381 -0.909281 -0.280578
vn -0.432241 -0.535690 -0.725399
vn -0.432241 -0.535690 -0.725399
vn -0.432241 -0.535690 -0.725399
vn -0.432241 -0.535690 -0.725399
vn -0.379098 -0.689642 -0.616992
vn -0.379098 -0.689642 -0.616992
vn -0.379098 -0.689642 -0.616992
vn -0.379098 -0.689642 -0.616992
vn -0.311264 -0.817423 -0.484699
vn -0.311264 -0.817423 -0.484699
vn -0.311264 -0.817423 -0.484699
vn -0.311264 -0.817423 -0.484699
vn -0.231422 -0.913904 -0.333500
vn -0.231422 -0.913904 -0.333500
vn -0.231422 -0.913904 -0.333500
vn -0.231422 -0.913904 -0.333500
vn -0.142415 -0.975246 -0.169153
vn -0.142415 -0.975246 -0.169153
vn -0.142415 -0.975246 -0.169153
vn -0.142415 -0.975246 -0.169153
vn -0.047783 -0.998856 0.001979
vn -0.047783 -0.998856 0.001979
vn -0.047783 -0.998856 0.001979
vn -0.487452 -0.173621 -0.855714
vn -0.487452 -0.173621 -0.855714
vn -0.487452 -0.173621 -0.855714
vn -0.487452 -0.173621 -0.855714
vn -0.468813 -0.361419 -0.805972
vn -0.468813 -0.361419 -0.805972
vn -0.468813 -0.361419 -0.805972
vn -0.468813 -0.361419 -0.805972
vn -0.089999 -0.977261 -0.191993
vn -0.089999 -0.977261 -0.191993
vn -0.089999 -0.977261 -0.191993
vn -0.089999 -0.977261 -0.191993
vn -0.030119 -0.999529 -0.005821
vn -0.030119 -0.999529 -0.005821
vn -0.030119 -0.999529 -0.005821
vn -0.308786 -0.180476 -0.933852
vn -0.308786 -0.180476 -0.933852
vn -0.308786 -0.180476 -0.933852
vn -0.308786 -0.180476 -0.933852
vn -0.296999 -0.368043 -0.881100
vn -0.296999 -0.368043 -0.881100
vn -0.296999 -0.368043 -0.881100
vn -0.296999 -0.368043 -0.881100
vn -0.273762 -0.541726 -0.794725
vn -0.273762 -0.541726 -0.794725
vn -0.273762 -0.541726 -0.794725
vn -0.273762 -0.541726 -0.794725
vn -0.240052 -0.694948 -0.677807
vn -0.240052 -0.694948 -0.677807
vn -0.240052 -0.694948 -0.677807
vn -0.240052 -0.694948 -0.677807
vn -0.197138 -0.821749 -0.534663
vn -0.197138 -0.821749 -0.534663
vn -0.197138 -0.821749 -0.534663
vn -0.197138 -0.821749 -0.534663
vn -0.146426 -0.917177 -0.370602
vn -0.146426 -0.917177 -0.370602
vn -0.146426 -0.917177 -0.370602
vn -0.146426 -0.917177 -0.370602
vn -0.091800 -0.697739 -0.710445
vn -0.091800 -0.697739 -0.710445
vn -0.091800 -0.697739 -0.710445
vn -0.091800 -0.697739 -0.710445
vn -0.075319 -0.824080 -0.561443
vn -0.075319 -0.824080 -0.561443
vn -0.075319 -0.824080 -0.561443
vn -0.075319 -0.824080 -0.561443
vn -0.055868 -0.918861 -0.390605
vn -0.055868 -0.918861 -0.390605
vn -0.055868 -0.918861 -0.390605
vn -0.055868 -0.918861 -0.390605
vn -0.034197 -0.978306 -0.204321
vn -0.034197 -0.978306 -0.204321
vn -0.034197 -0.978306 -0.204321
vn -0.034197 -0.978306 -0.204321
vn -0.011211 -0.999888 -0.009948
vn -0.011211 -0.999888 -0.009948
vn -0.011211 -0.999888 -0.009948
vn -0.118335 -0.184043 -0.975769
vn -0.118335 -0.184043 -0.975769
vn -0.118335 -0.184043 -0.975769
vn -0.118335 -0.184043 -0.975769
vn -0.113698 -0.371507 -0.921442
vn -0.113698 -0.371507 -0.921442
vn -0.113698 -0.371507 -0.921442
vn -0.113698 -0.371507 -0.921442
vn -0.104754 -0.544889 -0.831939
vn -0.104754 -0.544889 -0.831939
vn -0.104754 -0.544889 -0.831939
vn -0.104754 -0.544889 -0.831939
vn 0.604077 0.322092 0.728936
vn 0.604077 0.322092 0.728936
vn 0.604077 0.322092 0.728936
vn 0.604077 0.322092 0.728936
vn 0.219499 0.406786 0.886761
vn 0.219499 0.406786 0.886761
vn 0.219499 0.406786 0.886761
vn 0.219499 0.406786 0.886761
vn 0.495104 0.241967 0.834460
vn 0.495104 0.241967 0.834460
vn 0.495104 0.241967 0.834460
vn 0.495104 0.241967 0.834460
vn 0.157104 0.783495 0.601211
vn 0.157104 0.783495 0.601211
vn 0.157104 0.783495 0.601211
vn 0.157104 0.783495 0.601211
vn -0.172781 0.407326 0.896790
vn -0.172781 0.407326 0.896790
vn -0.172781 0.407326 0.896790
vn -0.172781 0.407326 0.896790
vn -0.577270 0.323107 0.749907
vn -0.577270 0.323107 0.749907
vn -0.577270 0.323107 0.749907
vn -0.577270 0.323107 0.749907
vn -0.099442 0.817479 0.567309
vn -0.099442 0.817479 0.567309
vn -0.099442 0.817479 0.567309
vn -0.099442 0.817479 0.567309
vn -0.459439 0.240289 0.855089
vn -0.459439 0.240289 0.855089
vn -0.459439 0.240289 0.855089
vn -0.459439 0.240289 0.855089
vn 0.445278 0.359982 0.819841
vn 0.445278 0.359982 0.819841
vn 0.445278 0.359982 0.819841
vn 0.445278 0.359982 0.819841
vn -0.409473 0.361143 0.837799
vn -0.409473 0.361143 0.837799
vn -0.409473 0.361143 0.837799
vn -0.409473 0.361143 0.837799
s 1
g PORYGON_BA_BY_1:Mesh
f 518//2109 517//2110 528//2111
f 528//2111 517//2110 527//2112
s 2
f 519//2113 518//2114 529//2115
f 529//2115 518//2114 528//2116
s 3
f 520//2117 519//2118 530//2119
f 530//2119 519//2118 529//2120
s 4
f 521//2121 520//2122 531//2123
f 531//2123 520//2122 530//2124
s 5
f 522//2125 521//2126 532//2127
f 532//2127 521//2126 531//2128
s off
f 515//2129 811//2130 525//2131
s 6
f 516//2132 515//2133 526//2134
f 526//2134 515//2133 525//2135
s 7
f 517//2136 516//2137 527//2138
f 527//2138 516//2137 526//2139
s 8
f 527//2140 526//2141 542//2142
f 542//2142 526//2141 541//2143
s 9
f 528//2144 527//2145 543//2146
f 543//2146 527//2145 542//2147
s 10
f 529//2148 528//2149 544//2150
f 544//2150 528//2149 543//2151
s 11
f 530//2152 529//2153 545//2154
f 545//2154 529//2153 544//2155
s 12
f 531//2156 530//2157 546//2158
f 546//2158 530//2157 545//2159
s 13
f 532//2160 531//2161 547//2162
f 547//2162 531//2161 546//2163
s off
f 525//2164 811//2165 540//2166
s 14
f 526//2167 525//2168 541//2169
f 541//2169 525//2168 540//2170
s 15
f 546//2171 545//2172 561//2173
f 561//2173 545//2172 560//2174
s 16
f 547//2175 546//2176 562//2177
f 562//2177 546//2176 561//2178
s off
f 540//2179 811//2180 555//2181
s 17
f 541//2182 540//2183 556//2184
f 556//2184 540//2183 555//2185
s 18
f 542//2186 541//2187 557//2188
f 557//2188 541//2187 556//2189
s 19
f 543//2190 542//2191 558//2192
f 558//2192 542//2191 557//2193
s 20
f 544//2194 543//2195 559//2196
f 559//2196 543//2195 558//2197
s 21
f 545//2198 544//2199 560//2200
f 560//2200 544//2199 559//2201
s 22
f 558//2202 557//2203 573//2204
f 573//2204 557//2203 572//2205
s 23
f 559//2206 558//2207 574//2208
f 574//2208 558//2207 573//2209
s 24
f 560//2210 559//2211 575//2212
f 575//2212 559//2211 574//2213
s 25
f 561//2214 560//2215 576//2216
f 576//2216 560//2215 575//2217
s 26
f 562//2218 561//2219 577//2220
f 577//2220 561//2219 576//2221
s off
f 555//2222 811//2223 570//2224
s 27
f 556//2225 555//2226 571//2227
f 571//2227 555//2226 570//2228
s 28
f 557//2229 556//2230 572//2231
f 572//2231 556//2230 571//2232
s 29
f 577//2233 576//2234 592//2235
f 592//2235 576//2234 591//2236
s off
f 570//2237 811//2238 585//2239
s 30
f 571//2240 570//2241 586//2242
f 586//2242 570//2241 585//2243
s 31
f 572//2244 571//2245 587//2246
f 587//2246 571//2245 586//2247
s 32
f 573//2248 572//2249 588//2250
f 588//2250 572//2249 587//2251
s 33
f 574//2252 573//2253 589//2254
f 589//2254 573//2253 588//2255
s 34
f 575//2256 574//2257 590//2258
f 590//2258 574//2257 589//2259
s 35
f 576//2260 575//2261 591//2262
f 591//2262 575//2261 590//2263
s 36
f 588//2264 587//2265 603//2266
f 603//2266 587//2265 602//2267
s 37
f 589//2268 588//2269 604//2270
f 604//2270 588//2269 603//2271
s 38
f 590//2272 589//2273 605//2274
f 605//2274 589//2273 604//2275
s 39
f 591//2276 590//2277 606//2278
f 606//2278 590//2277 605//2279
s 40
f 592//2280 591//2281 607//2282
f 607//2282 591//2281 606//2283
s off
f 585//2284 811//2285 600//2286
s 41
f 586//2287 585//2288 601//2289
f 601//2289 585//2288 600//2290
s 42
f 587//2291 586//2292 602//2293
f 602//2293 586//2292 601//2294
s 43
f 607//2295 606//2296 622//2297
f 622//2297 606//2296 621//2298
s off
f 600//2299 811//2300 615//2301
s 44
f 601//2302 600//2303 616//2304
f 616//2304 600//2303 615//2305
s 45
f 602//2306 601//2307 617//2308
f 617//2308 601//2307 616//2309
s 46
f 603//2310 602//2311 618//2312
f 618//2312 602//2311 617//2313
s 47
f 604//2314 603//2315 619//2316
f 619//2316 603//2315 618//2317
s 48
f 605//2318 604//2319 620//2320
f 620//2320 604//2319 619//2321
s 49
f 606//2322 605//2323 621//2324
f 621//2324 605//2323 620//2325
s 50
f 619//2326 618//2327 634//2328
f 634//2328 618//2327 633//2329
s 51
f 620//2330 619//2331 635//2332
f 635//2332 619//2331 634//2333
s 52
f 621//2334 620//2335 636//2336
f 636//2336 620//2335 635//2337
s 53
f 622//2338 621//2339 637//2340
f 637//2340 621//2339 636//2341
s off
f 615//2342 811//2343 630//2344
s 54
f 616//2345 615//2346 631//2347
f 631//2347 615//2346 630//2348
s 55
f 617//2349 616//2350 632//2351
f 632//2351 616//2350 631//2352
s 56
f 618//2353 617//2354 633//2355
f 633//2355 617//2354 632//2356
s off
f 630//2357 811//2358 645//2359
s 57
f 631//2360 630//2361 646//2362
f 646//2362 630//2361 645//2363
s 58
f 632//2364 631//2365 647//2366
f 647//2366 631//2365 646//2367
s 59
f 633//2368 632//2369 648//2370
f 648//2370 632//2369 647//2371
s 60
f 634//2372 633//2373 649//2374
f 649//2374 633//2373 648//2375
s 61
f 635//2376 634//2377 650//2378
f 650//2378 634//2377 649//2379
s 62
f 636//2380 635//2381 651//2382
f 651//2382 635//2381 650//2383
s 63
f 637//2384 636//2385 652//2386
f 652//2386 636//2385 651//2387
s 64
f 649//2388 648//2389 664//2390
f 664//2390 648//2389 663//2391
s 65
f 650//2392 649//2393 665//2394
f 665//2394 649//2393 664//2395
s 66
f 651//2396 650//2397 666//2398
f 666//2398 650//2397 665//2399
s 67
f 652//2400 651//2401 667//2402
f 667//2402 651//2401 666//2403
s off
f 645//2404 811//2405 660//2406
s 68
f 646//2407 645//2408 661//2409
f 661//2409 645//2408 660//2410
s 69
f 647//2411 646//2412 662//2413
f 662//2413 646//2412 661//2414
s 70
f 648//2415 647//2416 663//2417
f 663//2417 647//2416 662//2418
s 71
f 661//2419 660//2420 676//2421
f 676//2421 660//2420 675//2422
s 72
f 662//2423 661//2424 677//2425
f 677//2425 661//2424 676//2426
s 73
f 663//2427 662//2428 678//2429
f 678//2429 662//2428 677//2430
s 74
f 664//2431 663//2432 679//2433
f 679//2433 663//2432 678//2434
s 75
f 665//2435 664//2436 680//2437
f 680//2437 664//2436 679//2438
s 76
f 666//2439 665//2440 681//2441
f 681//2441 665//2440 680//2442
s 77
f 667//2443 666//2444 682//2445
f 682//2445 666//2444 681//2446
s off
f 660//2447 811//2448 675//2449
s 78
f 680//2450 679//2451 695//2452
f 695//2452 679//2451 694//2453
s 79
f 681//2454 680//2455 696//2456
f 696//2456 680//2455 695//2457
s 80
f 682//2458 681//2459 697//2460
f 697//2460 681//2459 696//2461
s off
f 675//2462 811//2463 690//2464
s 81
f 676//2465 675//2466 691//2467
f 691//2467 675//2466 690//2468
s 82
f 677//2469 676//2470 692//2471
f 692//2471 676//2470 691//2472
s 83
f 678//2473 677//2474 693//2475
f 693//2475 677//2474 692//2476
s 84
f 679//2477 678//2478 694//2479
f 694//2479 678//2478 693//2480
s 85
f 692//2481 691//2482 707//2483
f 707//2483 691//2482 706//2484
s 86
f 693//2485 692//2486 708//2487
f 708//2487 692//2486 707//2488
s 87
f 694//2489 693//2490 709//2491
f 709//2491 693//2490 708//2492
s 88
f 771//2493 770//2494 1022//2495
f 1022//2495 770//2494 1021//2496
f 770//2494 1001//2497 1021//2496
s 89
f 697//2498 696//2499 712//2500
f 712//2500 696//2499 1006//2501
s off
f 690//2502 811//2503 705//2504
s 90
f 691//2505 690//2506 706//2507
f 706//2507 690//2506 705//2508
s 91
f 712//2509 1006//2510 728//2511
f 728//2511 1006//2510 1008//2512
s off
f 705//2513 811//2514 721//2515
s 92
f 706//2516 705//2517 722//2518
f 722//2518 705//2517 721//2519
s 93
f 707//2520 706//2521 723//2522
f 723//2522 706//2521 722//2523
s 94
f 708//2524 707//2525 724//2526
f 724//2526 707//2525 723//2527
s 95
f 709//2528 708//2529 725//2530
f 725//2530 708//2529 724//2531
s 96
f 1021//2532 1001//2533 1023//2534
f 1023//2534 1001//2533 1002//2535
s 97
f 723//2536 722//2537 738//2538
f 738//2538 722//2537 737//2539
s 98
f 724//2540 723//2541 739//2542
f 739//2542 723//2541 738//2543
s 99
f 725//2544 724//2545 740//2546
f 740//2546 724//2545 739//2547
s 100
f 817//2548 1011//2549 1027//2550
f 1027//2550 1011//2549 1026//2551
s 101
f 728//2552 1008//2553 743//2554
f 743//2554 1008//2553 742//2555
s off
f 721//2556 811//2557 736//2558
s 102
f 722//2559 721//2560 737//2561
f 737//2561 721//2560 736//2562
s 103
f 742//2563 741//2564 757//2565
f 757//2565 741//2564 756//2566
s 104
f 743//2567 742//2568 758//2569
f 758//2569 742//2568 757//2570
s off
f 736//2571 811//2572 751//2573
s 105
f 737//2574 736//2575 752//2576
f 752//2576 736//2575 751//2577
s 106
f 738//2578 737//2579 753//2580
f 753//2580 737//2579 752//2581
s 107
f 739//2582 738//2583 754//2584
f 754//2584 738//2583 753//2585
s 108
f 739//2586 754//2587 740//2588
f 740//2588 754//2587 755//2589
s 109
f 741//2590 740//2591 756//2592
f 756//2592 740//2591 755//2593
s 110
f 754//2594 753//2595 769//2596
f 769//2596 753//2595 768//2597
s 111
f 755//2598 754//2599 770//2600
f 770//2600 754//2599 769//2601
s 112
f 755//2602 770//2603 756//2604
f 756//2604 770//2603 771//2605
s 113
f 756//2606 771//2607 757//2608
f 757//2608 771//2607 772//2609
s 114
f 758//2610 757//2611 773//2612
f 773//2612 757//2611 772//2613
s off
f 751//2614 811//2615 766//2616
s 115
f 752//2617 751//2618 767//2619
f 767//2619 751//2618 766//2620
s 116
f 753//2621 752//2622 768//2623
f 768//2623 752//2622 767//2624
s 117
f 773//2625 772//2626 788//2627
f 788//2627 772//2626 1010//2628
s off
f 766//2629 811//2630 781//2631
s 118
f 767//2632 766//2633 782//2634
f 782//2634 766//2633 781//2635
s 119
f 768//2636 767//2637 783//2638
f 783//2638 767//2637 782//2639
s 120
f 769//2640 768//2641 784//2642
f 784//2642 768//2641 783//2643
s 121
f 770//2644 769//2645 785//2646
f 785//2646 769//2645 784//2647
s 122
f 1023//2648 1002//2649 1025//2650
f 1025//2650 1002//2649 1003//2651
s 123
f 784//2652 783//2653 799//2654
f 799//2654 783//2653 798//2655
s 124
f 785//2656 784//2657 800//2658
f 800//2658 784//2657 799//2659
s 125
f 998//2660 999//2661 1015//2662
f 1015//2662 999//2661 1017//2663
s 126
f 788//2664 1010//2665 803//2666
f 803//2666 1010//2665 1012//2667
s off
f 781//2668 811//2669 796//2670
s 127
f 782//2671 781//2672 797//2673
f 797//2673 781//2672 796//2674
s 128
f 783//2675 782//2676 798//2677
f 798//2677 782//2676 797//2678
s 129
f 803//2679 1012//2680 819//2681
f 819//2681 1012//2680 818//2682
s off
f 796//2683 811//2684 812//2685
s 130
f 797//2686 796//2687 813//2688
f 813//2688 796//2687 812//2689
s 131
f 798//2690 797//2691 814//2692
f 814//2692 797//2691 813//2693
s 132
f 799//2694 798//2695 815//2696
f 815//2696 798//2695 814//2697
s 133
f 800//2698 799//2699 816//2700
f 816//2700 799//2699 815//2701
s 134
f 1025//2702 1003//2703 1028//2704
f 1028//2704 1003//2703 1004//2705
s 135
f 816//2706 815//2707 831//2708
f 831//2708 815//2707 830//2709
s 136
f 816//2710 831//2711 817//2712
f 817//2712 831//2711 832//2713
s 137
f 817//2714 832//2715 818//2716
f 818//2716 832//2715 833//2717
s 138
f 819//2718 818//2719 834//2720
f 834//2720 818//2719 833//2721
s off
f 812//2722 811//2723 827//2724
s 139
f 813//2725 812//2726 828//2727
f 828//2727 812//2726 827//2728
s 140
f 814//2729 813//2730 829//2731
f 829//2731 813//2730 828//2732
s 141
f 815//2733 814//2734 830//2735
f 830//2735 814//2734 829//2736
s 142
f 828//2737 827//2738 843//2739
f 843//2739 827//2738 842//2740
s 143
f 829//2741 828//2742 844//2743
f 844//2743 828//2742 843//2744
s 144
f 830//2745 829//2746 845//2747
f 845//2747 829//2746 844//2748
s 145
f 831//2749 830//2750 846//2751
f 846//2751 830//2750 845//2752
s 146
f 832//2753 831//2754 847//2755
f 847//2755 831//2754 846//2756
s 147
f 833//2757 832//2758 848//2759
f 848//2759 832//2758 847//2760
s 148
f 834//2761 833//2762 849//2763
f 849//2763 833//2762 848//2764
s off
f 827//2765 811//2766 842//2767
s 149
f 847//2768 846//2769 862//2770
f 862//2770 846//2769 861//2771
s 150
f 848//2772 847//2773 863//2774
f 863//2774 847//2773 862//2775
s 151
f 849//2776 848//2777 864//2778
f 864//2778 848//2777 863//2779
s off
f 842//2780 811//2781 857//2782
s 152
f 843//2783 842//2784 858//2785
f 858//2785 842//2784 857//2786
s 153
f 844//2787 843//2788 859//2789
f 859//2789 843//2788 858//2790
s 154
f 845//2791 844//2792 860//2793
f 860//2793 844//2792 859//2794
s 155
f 846//2795 845//2796 861//2797
f 861//2797 845//2796 860//2798
s 156
f 858//2799 857//2800 873//2801
f 873//2801 857//2800 872//2802
s 157
f 859//2803 858//2804 874//2805
f 874//2805 858//2804 873//2806
s 158
f 860//2807 859//2808 875//2809
f 875//2809 859//2808 874//2810
s 159
f 861//2811 860//2812 876//2813
f 876//2813 860//2812 875//2814
s 160
f 862//2815 861//2816 877//2817
f 877//2817 861//2816 876//2818
s 161
f 863//2819 862//2820 878//2821
f 878//2821 862//2820 877//2822
s 162
f 864//2823 863//2824 879//2825
f 879//2825 863//2824 878//2826
s off
f 857//2827 811//2828 872//2829
s 163
f 877//2830 876//2831 892//2832
f 892//2832 876//2831 891//2833
s 164
f 878//2834 877//2835 893//2836
f 893//2836 877//2835 892//2837
s 165
f 879//2838 878//2839 894//2840
f 894//2840 878//2839 893//2841
s off
f 872//2842 811//2843 887//2844
s 166
f 873//2845 872//2846 888//2847
f 888//2847 872//2846 887//2848
s 167
f 874//2849 873//2850 889//2851
f 889//2851 873//2850 888//2852
s 168
f 875//2853 874//2854 890//2855
f 890//2855 874//2854 889//2856
s 169
f 876//2857 875//2858 891//2859
f 891//2859 875//2858 890//2860
s 170
f 889//2861 888//2862 904//2863
f 904//2863 888//2862 903//2864
s 171
f 890//2865 889//2866 905//2867
f 905//2867 889//2866 904//2868
s 172
f 891//2869 890//2870 906//2871
f 906//2871 890//2870 905//2872
s 173
f 892//2873 891//2874 907//2875
f 907//2875 891//2874 906//2876
s 174
f 893//2877 892//2878 908//2879
f 908//2879 892//2878 907//2880
s 175
f 894//2881 893//2882 909//2883
f 909//2883 893//2882 908//2884
s off
f 887//2885 811//2886 902//2887
s 176
f 888//2888 887//2889 903//2890
f 903//2890 887//2889 902//2891
s 177
f 908//2892 907//2893 923//2894
f 923//2894 907//2893 922//2895
s 178
f 909//2896 908//2897 924//2898
f 924//2898 908//2897 923//2899
s off
f 902//2900 811//2901 917//2902
s 179
f 903//2903 902//2904 918//2905
f 918//2905 902//2904 917//2906
s 180
f 904//2907 903//2908 919//2909
f 919//2909 903//2908 918//2910
s 181
f 905//2911 904//2912 920//2913
f 920//2913 904//2912 919//2914
s 182
f 906//2915 905//2916 921//2917
f 921//2917 905//2916 920//2918
s 183
f 907//2919 906//2920 922//2921
f 922//2921 906//2920 921//2922
s 184
f 919//2923 918//2924 934//2925
f 934//2925 918//2924 933//2926
s 185
f 920//2927 919//2928 935//2929
f 935//2929 919//2928 934//2930
s 186
f 921//2931 920//2932 936//2933
f 936//2933 920//2932 935//2934
s 187
f 922//2935 921//2936 937//2937
f 937//2937 921//2936 936//2938
s 188
f 923//2939 922//2940 938//2941
f 938//2941 922//2940 937//2942
s 189
f 924//2943 923//2944 939//2945
f 939//2945 923//2944 938//2946
s off
f 917//2947 811//2948 932//2949
s 190
f 918//2950 917//2951 933//2952
f 933//2952 917//2951 932//2953
s 191
f 938//2954 937//2955 953//2956
f 953//2956 937//2955 952//2957
s 192
f 939//2958 938//2959 954//2960
f 954//2960 938//2959 953//2961
s off
f 932//2962 811//2963 947//2964
s 193
f 933//2965 932//2966 948//2967
f 948//2967 932//2966 947//2968
s 194
f 934//2969 933//2970 949//2971
f 949//2971 933//2970 948//2972
s 195
f 935//2973 934//2974 950//2975
f 950//2975 934//2974 949//2976
s 196
f 936//2977 935//2978 951//2979
f 951//2979 935//2978 950//2980
s 197
f 937//2981 936//2982 952//2983
f 952//2983 936//2982 951//2984
s 198
f 950//2985 949//2986 965//2987
f 965//2987 949//2986 964//2988
s 199
f 951//2989 950//2990 966//2991
f 966//2991 950//2990 965//2992
s 200
f 952//2993 951//2994 967//2995
f 967//2995 951//2994 966//2996
s 201
f 953//2997 952//2998 968//2999
f 968//2999 952//2998 967//3000
s 202
f 954//3001 953//3002 969//3003
f 969//3003 953//3002 968//3004
s off
f 947//3005 811//3006 962//3007
s 203
f 948//3008 947//3009 963//3010
f 963//3010 947//3009 962//3011
s 204
f 949//3012 948//3013 964//3014
f 964//3014 948//3013 963//3015
s 205
f 969//3016 968//3017 984//3018
f 984//3018 968//3017 983//3019
s off
f 962//3020 811//3021 977//3022
s 206
f 963//3023 962//3024 978//3025
f 978//3025 962//3024 977//3026
s 207
f 964//3027 963//3028 979//3029
f 979//3029 963//3028 978//3030
s 208
f 965//3031 964//3032 980//3033
f 980//3033 964//3032 979//3034
s 209
f 966//3035 965//3036 981//3037
f 981//3037 965//3036 980//3038
s 210
f 967//3039 966//3040 982//3041
f 982//3041 966//3040 981//3042
s 211
f 968//3043 967//3044 983//3045
f 983//3045 967//3044 982//3046
s 212
f 981//3047 980//3048 519//3049
f 519//3049 980//3048 518//3050
s 213
f 982//3051 981//3052 520//3053
f 520//3053 981//3052 519//3054
s 214
f 983//3055 982//3056 521//3057
f 521//3057 982//3056 520//3058
s 215
f 984//3059 983//3060 522//3061
f 522//3061 983//3060 521//3062
s off
f 977//3063 811//3064 515//3065
s 216
f 978//3066 977//3067 516//3068
f 516//3068 977//3067 515//3069
s 217
f 979//3070 978//3071 517//3072
f 517//3072 978//3071 516//3073
s 218
f 980//3074 979//3075 518//3076
f 518//3076 979//3075 517//3077
s 219
f 695//3078 1014//3079 1005//3080
f 1005//3080 1014//3079 1016//3081
s 220
f 1007//3082 1018//3083 741//3084
f 741//3084 1018//3083 1019//3085
s 221
f 741//3086 1019//3087 740//3088
f 1019//3087 1020//3089 740//3088
f 740//3088 1020//3089 1000//3090
s 222
f 1009//3091 771//3092 1024//3093
f 1024//3093 771//3092 1022//3094
s 223
f 1011//3095 1009//3096 1026//3097
f 1026//3097 1009//3096 1024//3098
s 224
f 817//3099 1027//3100 816//3101
f 1027//3100 1028//3102 816//3101
f 816//3101 1028//3102 1004//3103
s 225
f 997//3104 998//3105 1013//3106
f 1013//3106 998//3105 1015//3107
s 226
f 725//3108 740//3109 999//3110
f 999//3110 740//3109 1000//3111
s 227
f 709//3112 725//3113 998//3114
f 998//3114 725//3113 999//3115
s 228
f 999//3116 1000//3117 1017//3118
f 1017//3118 1000//3117 1020//3119
s 229
f 694//3120 709//3121 997//3122
f 997//3122 709//3121 998//3123
s 230
f 816//3124 1004//3125 800//3126
f 800//3126 1004//3125 1003//3127
s 231
f 800//3128 1003//3129 785//3130
f 785//3130 1003//3129 1002//3131
s 232
f 785//3132 1002//3133 770//3134
f 770//3134 1002//3133 1001//3135
s 233
f 1005//3136 1016//3137 1007//3138
f 1007//3138 1016//3137 1018//3139
s 234
f 1014//3140 1013//3141 1016//3142
f 1016//3142 1013//3141 1015//3143
s 235
f 1017//3144 1018//3145 1015//3146
f 1015//3146 1018//3145 1016//3147
s 236
f 1019//3148 1018//3149 1020//3150
f 1020//3150 1018//3149 1017//3151
s 237
f 1022//3152 1021//3153 1024//3154
f 1024//3154 1021//3153 1023//3155
s 238
f 1026//3156 1024//3157 1025//3158
f 1025//3158 1024//3157 1023//3159
s 239
f 1027//3160 1026//3161 1028//3162
f 1028//3162 1026//3161 1025//3163
s 240
f 695//3164 694//3165 1014//3166
f 1014//3166 694//3165 1013//3167
f 694//3165 997//3168 1013//3167
s 241
f 994//3169 993//3170 536//3171
f 536//3171 993//3170 535//3172
s 242
f 524//3173 994//3174 537//3175
f 537//3175 994//3174 536//3176
s 243
f 995//3177 524//3178 538//3179
f 538//3179 524//3178 537//3180
s 244
f 996//3181 995//3182 539//3183
f 539//3183 995//3182 538//3184
s off
f 720//3185 996//3186 539//3187
s 245
f 523//3188 522//3189 533//3190
f 533//3190 522//3189 532//3191
s 246
f 992//3192 523//3193 534//3194
f 534//3194 523//3193 533//3195
s 247
f 993//3196 992//3197 535//3198
f 535//3198 992//3197 534//3199
s 248
f 534//3200 533//3201 549//3202
f 549//3202 533//3201 548//3203
s 249
f 535//3204 534//3205 550//3206
f 550//3206 534//3205 549//3207
s 250
f 536//3208 535//3209 551//3210
f 551//3210 535//3209 550//3211
s 251
f 537//3212 536//3213 552//3214
f 552//3214 536//3213 551//3215
s 252
f 538//3216 537//3217 553//3218
f 553//3218 537//3217 552//3219
s 253
f 539//3220 538//3221 554//3222
f 554//3222 538//3221 553//3223
s off
f 720//3224 539//3225 554//3226
s 254
f 533//3227 532//3228 548//3229
f 548//3229 532//3228 547//3230
s 255
f 553//3231 552//3232 568//3233
f 568//3233 552//3232 567//3234
s 256
f 554//3235 553//3236 569//3237
f 569//3237 553//3236 568//3238
s off
f 720//3239 554//3240 569//3241
s 257
f 548//3242 547//3243 563//3244
f 563//3244 547//3243 562//3245
s 258
f 549//3246 548//3247 564//3248
f 564//3248 548//3247 563//3249
s 259
f 550//3250 549//3251 565//3252
f 565//3252 549//3251 564//3253
s 260
f 551//3254 550//3255 566//3256
f 566//3256 550//3255 565//3257
s 261
f 552//3258 551//3259 567//3260
f 567//3260 551//3259 566//3261
s 262
f 565//3262 564//3263 580//3264
f 580//3264 564//3263 579//3265
s 263
f 566//3266 565//3267 581//3268
f 581//3268 565//3267 580//3269
s 264
f 567//3270 566//3271 582//3272
f 582//3272 566//3271 581//3273
s 265
f 568//3274 567//3275 583//3276
f 583//3276 567//3275 582//3277
s 266
f 569//3278 568//3279 584//3280
f 584//3280 568//3279 583//3281
s off
f 720//3282 569//3283 584//3284
s 267
f 563//3285 562//3286 578//3287
f 578//3287 562//3286 577//3288
s 268
f 564//3289 563//3290 579//3291
f 579//3291 563//3290 578//3292
s 269
f 584//3293 583//3294 599//3295
f 599//3295 583//3294 598//3296
s off
f 720//3297 584//3298 599//3299
s 270
f 578//3300 577//3301 593//3302
f 593//3302 577//3301 592//3303
s 271
f 579//3304 578//3305 594//3306
f 594//3306 578//3305 593//3307
s 272
f 580//3308 579//3309 595//3310
f 595//3310 579//3309 594//3311
s 273
f 581//3312 580//3313 596//3314
f 596//3314 580//3313 595//3315
s 274
f 582//3316 581//3317 597//3318
f 597//3318 581//3317 596//3319
s 275
f 583//3320 582//3321 598//3322
f 598//3322 582//3321 597//3323
s 276
f 596//3324 595//3325 611//3326
f 611//3326 595//3325 610//3327
s 277
f 597//3328 596//3329 612//3330
f 612//3330 596//3329 611//3331
s 278
f 598//3332 597//3333 613//3334
f 613//3334 597//3333 612//3335
s 279
f 599//3336 598//3337 614//3338
f 614//3338 598//3337 613//3339
s off
f 720//3340 599//3341 614//3342
s 280
f 593//3343 592//3344 608//3345
f 608//3345 592//3344 607//3346
s 281
f 594//3347 593//3348 609//3349
f 609//3349 593//3348 608//3350
s 282
f 595//3351 594//3352 610//3353
f 610//3353 594//3352 609//3354
s off
f 720//3355 614//3356 629//3357
s 283
f 608//3358 607//3359 623//3360
f 623//3360 607//3359 622//3361
s 284
f 609//3362 608//3363 624//3364
f 624//3364 608//3363 623//3365
s 285
f 610//3366 609//3367 625//3368
f 625//3368 609//3367 624//3369
s 286
f 611//3370 610//3371 626//3372
f 626//3372 610//3371 625//3373
s 287
f 612//3374 611//3375 627//3376
f 627//3376 611//3375 626//3377
s 288
f 613//3378 612//3379 628//3380
f 628//3380 612//3379 627//3381
s 289
f 614//3382 613//3383 629//3384
f 629//3384 613//3383 628//3385
s 290
f 626//3386 625//3387 641//3388
f 641//3388 625//3387 640//3389
s 291
f 627//3390 626//3391 642//3392
f 642//3392 626//3391 641//3393
s 292
f 628//3394 627//3395 643//3396
f 643//3396 627//3395 642//3397
s 293
f 629//3398 628//3399 644//3400
f 644//3400 628//3399 643//3401
s off
f 720//3402 629//3403 644//3404
s 294
f 623//3405 622//3406 638//3407
f 638//3407 622//3406 637//3408
s 295
f 624//3409 623//3410 639//3411
f 639//3411 623//3410 638//3412
s 296
f 625//3413 624//3414 640//3415
f 640//3415 624//3414 639//3416
s off
f 720//3417 644//3418 659//3419
s 297
f 638//3420 637//3421 653//3422
f 653//3422 637//3421 652//3423
s 298
f 639//3424 638//3425 654//3426
f 654//3426 638//3425 653//3427
s 299
f 640//3428 639//3429 655//3430
f 655//3430 639//3429 654//3431
s 300
f 641//3432 640//3433 656//3434
f 656//3434 640//3433 655//3435
s 301
f 642//3436 641//3437 657//3438
f 657//3438 641//3437 656//3439
s 302
f 643//3440 642//3441 658//3442
f 658//3442 642//3441 657//3443
s 303
f 644//3444 643//3445 659//3446
f 659//3446 643//3445 658//3447
s 304
f 657//3448 656//3449 672//3450
f 672//3450 656//3449 671//3451
s 305
f 658//3452 657//3453 673//3454
f 673//3454 657//3453 672//3455
s 306
f 659//3456 658//3457 674//3458
f 674//3458 658//3457 673//3459
s off
f 720//3460 659//3461 674//3462
s 307
f 653//3463 652//3464 668//3465
f 668//3465 652//3464 667//3466
s 308
f 654//3467 653//3468 669//3469
f 669//3469 653//3468 668//3470
s 309
f 655//3471 654//3472 670//3473
f 670//3473 654//3472 669//3474
s 310
f 656//3475 655//3476 671//3477
f 671//3477 655//3476 670//3478
s 311
f 668//3479 667//3480 683//3481
f 683//3481 667//3480 682//3482
s 312
f 669//3483 668//3484 684//3485
f 684//3485 668//3484 683//3486
s 313
f 670//3487 669//3488 685//3489
f 685//3489 669//3488 684//3490
s 314
f 671//3491 670//3492 686//3493
f 686//3493 670//3492 685//3494
s 315
f 672//3495 671//3496 687//3497
f 687//3497 671//3496 686//3498
s 316
f 673//3499 672//3500 688//3501
f 688//3501 672//3500 687//3502
s 317
f 674//3503 673//3504 689//3505
f 689//3505 673//3504 688//3506
s off
f 720//3507 674//3508 689//3509
s 318
f 687//3510 686//3511 702//3512
f 702//3512 686//3511 701//3513
s 319
f 688//3514 687//3515 703//3516
f 703//3516 687//3515 702//3517
s 320
f 689//3518 688//3519 704//3520
f 704//3520 688//3519 703//3521
s off
f 720//3522 689//3523 704//3524
s 321
f 683//3525 682//3526 698//3527
f 698//3527 682//3526 697//3528
s 322
f 684//3529 683//3530 699//3531
f 699//3531 683//3530 698//3532
s 323
f 685//3533 684//3534 700//3535
f 700//3535 684//3534 699//3536
s 324
f 686//3537 685//3538 701//3539
f 701//3539 685//3538 700//3540
s 325
f 699//3541 698//3542 714//3543
f 714//3543 698//3542 713//3544
s 326
f 700//3545 699//3546 715//3547
f 715//3547 699//3546 714//3548
s 327
f 701//3549 700//3550 716//3551
f 716//3551 700//3550 715//3552
s 328
f 702//3553 701//3554 717//3555
f 717//3555 701//3554 716//3556
s 329
f 703//3557 702//3558 718//3559
f 718//3559 702//3558 717//3560
s 330
f 695//3561 1005//3562 696//3563
f 696//3563 1005//3562 1006//3564
s 331
f 704//3565 703//3566 719//3567
f 719//3567 703//3566 718//3568
s off
f 720//3569 704//3570 719//3571
s 332
f 698//3572 697//3573 713//3574
f 713//3574 697//3573 712//3575
s 333
f 718//3576 717//3577 734//3578
f 734//3578 717//3577 733//3579
s 334
f 719//3580 718//3581 735//3582
f 735//3582 718//3581 734//3583
s off
f 720//3584 719//3585 735//3586
s 335
f 713//3587 712//3588 729//3589
f 729//3589 712//3588 728//3590
s 336
f 714//3591 713//3592 730//3593
f 730//3593 713//3592 729//3594
s 337
f 715//3595 714//3596 731//3597
f 731//3597 714//3596 730//3598
s 338
f 716//3599 715//3600 732//3601
f 732//3601 715//3600 731//3602
s 339
f 717//3603 716//3604 733//3605
f 733//3605 716//3604 732//3606
s 340
f 731//3607 730//3608 746//3609
f 746//3609 730//3608 745//3610
s 341
f 732//3611 731//3612 747//3613
f 747//3613 731//3612 746//3614
s 342
f 733//3615 732//3616 748//3617
f 748//3617 732//3616 747//3618
s 343
f 734//3619 733//3620 749//3621
f 749//3621 733//3620 748//3622
s 344
f 1007//3623 741//3624 1008//3625
f 1008//3625 741//3624 742//3626
s 345
f 735//3627 734//3628 750//3629
f 750//3629 734//3628 749//3630
s off
f 720//3631 735//3632 750//3633
s 346
f 729//3634 728//3635 744//3636
f 744//3636 728//3635 743//3637
s 347
f 730//3638 729//3639 745//3640
f 745//3640 729//3639 744//3641
s 348
f 750//3642 749//3643 765//3644
f 765//3644 749//3643 764//3645
s off
f 720//3646 750//3647 765//3648
s 349
f 744//3649 743//3650 759//3651
f 759//3651 743//3650 758//3652
s 350
f 745//3653 744//3654 760//3655
f 760//3655 744//3654 759//3656
s 351
f 746//3657 745//3658 761//3659
f 761//3659 745//3658 760//3660
s 352
f 747//3661 746//3662 762//3663
f 762//3663 746//3662 761//3664
s 353
f 748//3665 747//3666 763//3667
f 763//3667 747//3666 762//3668
s 354
f 749//3669 748//3670 764//3671
f 764//3671 748//3670 763//3672
s 355
f 761//3673 760//3674 776//3675
f 776//3675 760//3674 775//3676
s 356
f 762//3677 761//3678 777//3679
f 777//3679 761//3678 776//3680
s 357
f 763//3681 762//3682 778//3683
f 778//3683 762//3682 777//3684
s 358
f 764//3685 763//3686 779//3687
f 779//3687 763//3686 778//3688
s 359
f 765//3689 764//3690 780//3691
f 780//3691 764//3690 779//3692
s off
f 720//3693 765//3694 780//3695
s 360
f 759//3696 758//3697 774//3698
f 774//3698 758//3697 773//3699
s 361
f 760//3700 759//3701 775//3702
f 775//3702 759//3701 774//3703
s 362
f 780//3704 779//3705 795//3706
f 795//3706 779//3705 794//3707
s off
f 720//3708 780//3709 795//3710
s 363
f 774//3711 773//3712 789//3713
f 789//3713 773//3712 788//3714
s 364
f 775//3715 774//3716 790//3717
f 790//3717 774//3716 789//3718
s 365
f 776//3719 775//3720 791//3721
f 791//3721 775//3720 790//3722
s 366
f 777//3723 776//3724 792//3725
f 792//3725 776//3724 791//3726
s 367
f 778//3727 777//3728 793//3729
f 793//3729 777//3728 792//3730
s 368
f 779//3731 778//3732 794//3733
f 794//3733 778//3732 793//3734
s 369
f 772//3735 771//3736 1010//3737
f 1010//3737 771//3736 1009//3738
s 370
f 792//3739 791//3740 807//3741
f 807//3741 791//3740 806//3742
s 371
f 793//3743 792//3744 808//3745
f 808//3745 792//3744 807//3746
s 372
f 794//3747 793//3748 809//3749
f 809//3749 793//3748 808//3750
s 373
f 795//3751 794//3752 810//3753
f 810//3753 794//3752 809//3754
s off
f 720//3755 795//3756 810//3757
s 374
f 789//3758 788//3759 804//3760
f 804//3760 788//3759 803//3761
s 375
f 790//3762 789//3763 805//3764
f 805//3764 789//3763 804//3765
s 376
f 791//3766 790//3767 806//3768
f 806//3768 790//3767 805//3769
s off
f 720//3770 810//3771 826//3772
s 377
f 804//3773 803//3774 820//3775
f 820//3775 803//3774 819//3776
s 378
f 805//3777 804//3778 821//3779
f 821//3779 804//3778 820//3780
s 379
f 806//3781 805//3782 822//3783
f 822//3783 805//3782 821//3784
s 380
f 807//3785 806//3786 823//3787
f 823//3787 806//3786 822//3788
s 381
f 808//3789 807//3790 824//3791
f 824//3791 807//3790 823//3792
s 382
f 809//3793 808//3794 825//3795
f 825//3795 808//3794 824//3796
s 383
f 1012//3797 1011//3798 818//3799
f 818//3799 1011//3798 817//3800
s 384
f 810//3801 809//3802 826//3803
f 826//3803 809//3802 825//3804
s 385
f 823//3805 822//3806 838//3807
f 838//3807 822//3806 837//3808
s 386
f 824//3809 823//3810 839//3811
f 839//3811 823//3810 838//3812
s 387
f 825//3813 824//3814 840//3815
f 840//3815 824//3814 839//3816
s 388
f 826//3817 825//3818 841//3819
f 841//3819 825//3818 840//3820
s off
f 720//3821 826//3822 841//3823
s 389
f 820//3824 819//3825 835//3826
f 835//3826 819//3825 834//3827
s 390
f 821//3828 820//3829 836//3830
f 836//3830 820//3829 835//3831
s 391
f 822//3832 821//3833 837//3834
f 837//3834 821//3833 836//3835
s off
f 720//3836 841//3837 856//3838
s 392
f 835//3839 834//3840 850//3841
f 850//3841 834//3840 849//3842
s 393
f 836//3843 835//3844 851//3845
f 851//3845 835//3844 850//3846
s 394
f 837//3847 836//3848 852//3849
f 852//3849 836//3848 851//3850
s 395
f 838//3851 837//3852 853//3853
f 853//3853 837//3852 852//3854
s 396
f 839//3855 838//3856 854//3857
f 854//3857 838//3856 853//3858
s 397
f 840//3859 839//3860 855//3861
f 855//3861 839//3860 854//3862
s 398
f 841//3863 840//3864 856//3865
f 856//3865 840//3864 855//3866
s 399
f 854//3867 853//3868 869//3869
f 869//3869 853//3868 868//3870
s 400
f 855//3871 854//3872 870//3873
f 870//3873 854//3872 869//3874
s 401
f 856//3875 855//3876 871//3877
f 871//3877 855//3876 870//3878
s off
f 720//3879 856//3880 871//3881
s 402
f 850//3882 849//3883 865//3884
f 865//3884 849//3883 864//3885
s 403
f 851//3886 850//3887 866//3888
f 866//3888 850//3887 865//3889
s 404
f 852//3890 851//3891 867//3892
f 867//3892 851//3891 866//3893
s 405
f 853//3894 852//3895 868//3896
f 868//3896 852//3895 867//3897
s 406
f 866//3898 865//3899 881//3900
f 881//3900 865//3899 880//3901
s 407
f 867//3902 866//3903 882//3904
f 882//3904 866//3903 881//3905
s 408
f 868//3906 867//3907 883//3908
f 883//3908 867//3907 882//3909
s 409
f 869//3910 868//3911 884//3912
f 884//3912 868//3911 883//3913
s 410
f 870//3914 869//3915 885//3916
f 885//3916 869//3915 884//3917
s 411
f 871//3918 870//3919 886//3920
f 886//3920 870//3919 885//3921
s off
f 720//3922 871//3923 886//3924
s 412
f 865//3925 864//3926 880//3927
f 880//3927 864//3926 879//3928
s 413
f 885//3929 884//3930 900//3931
f 900//3931 884//3930 899//3932
s 414
f 886//3933 885//3934 901//3935
f 901//3935 885//3934 900//3936
s off
f 720//3937 886//3938 901//3939
s 415
f 880//3940 879//3941 895//3942
f 895//3942 879//3941 894//3943
s 416
f 881//3944 880//3945 896//3946
f 896//3946 880//3945 895//3947
s 417
f 882//3948 881//3949 897//3950
f 897//3950 881//3949 896//3951
s 418
f 883//3952 882//3953 898//3954
f 898//3954 882//3953 897//3955
s 419
f 884//3956 883//3957 899//3958
f 899//3958 883//3957 898//3959
s 420
f 896//3960 895//3961 911//3962
f 911//3962 895//3961 910//3963
s 421
f 897//3964 896//3965 912//3966
f 912//3966 896//3965 911//3967
s 422
f 898//3968 897//3969 913//3970
f 913//3970 897//3969 912//3971
s 423
f 899//3972 898//3973 914//3974
f 914//3974 898//3973 913//3975
s 424
f 900//3976 899//3977 915//3978
f 915//3978 899//3977 914//3979
s 425
f 901//3980 900//3981 916//3982
f 916//3982 900//3981 915//3983
s off
f 720//3984 901//3985 916//3986
s 426
f 895//3987 894//3988 910//3989
f 910//3989 894//3988 909//3990
s 427
f 915//3991 914//3992 930//3993
f 930//3993 914//3992 929//3994
s 428
f 916//3995 915//3996 931//3997
f 931//3997 915//3996 930//3998
s off
f 720//3999 916//4000 931//4001
s 429
f 910//4002 909//4003 925//4004
f 925//4004 909//4003 924//4005
s 430
f 911//4006 910//4007 926//4008
f 926//4008 910//4007 925//4009
s 431
f 912//4010 911//4011 927//4012
f 927//4012 911//4011 926//4013
s 432
f 913//4014 912//4015 928//4016
f 928//4016 912//4015 927//4017
s 433
f 914//4018 913//4019 929//4020
f 929//4020 913//4019 928//4021
s 434
f 927//4022 926//4023 942//4024
f 942//4024 926//4023 941//4025
s 435
f 928//4026 927//4027 943//4028
f 943//4028 927//4027 942//4029
s 436
f 929//4030 928//4031 944//4032
f 944//4032 928//4031 943//4033
s 437
f 930//4034 929//4035 945//4036
f 945//4036 929//4035 944//4037
s 438
f 931//4038 930//4039 946//4040
f 946//4040 930//4039 945//4041
s off
f 720//4042 931//4043 946//4044
s 439
f 925//4045 924//4046 940//4047
f 940//4047 924//4046 939//4048
s 440
f 926//4049 925//4050 941//4051
f 941//4051 925//4050 940//4052
s 441
f 946//4053 945//4054 961//4055
f 961//4055 945//4054 960//4056
s off
f 720//4057 946//4058 961//4059
s 442
f 940//4060 939//4061 955//4062
f 955//4062 939//4061 954//4063
s 443
f 941//4064 940//4065 956//4066
f 956//4066 940//4065 955//4067
s 444
f 942//4068 941//4069 957//4070
f 957//4070 941//4069 956//4071
s 445
f 943//4072 942//4073 958//4074
f 958//4074 942//4073 957//4075
s 446
f 944//4076 943//4077 959//4078
f 959//4078 943//4077 958//4079
s 447
f 945//4080 944//4081 960//4082
f 960//4082 944//4081 959//4083
s 448
f 957//4084 956//4085 972//4086
f 972//4086 956//4085 971//4087
s 449
f 958//4088 957//4089 973//4090
f 973//4090 957//4089 972//4091
s 450
f 959//4092 958//4093 974//4094
f 974//4094 958//4093 973//4095
s 451
f 960//4096 959//4097 975//4098
f 975//4098 959//4097 974//4099
s 452
f 961//4100 960//4101 976//4102
f 976//4102 960//4101 975//4103
s off
f 720//4104 961//4105 976//4106
s 453
f 955//4107 954//4108 970//4109
f 970//4109 954//4108 969//4110
s 454
f 956//4111 955//4112 971//4113
f 971//4113 955//4112 970//4114
s 455
f 976//4115 975//4116 991//4117
f 991//4117 975//4116 990//4118
s off
f 720//4119 976//4120 991//4121
s 456
f 970//4122 969//4123 985//4124
f 985//4124 969//4123 984//4125
s 457
f 971//4126 970//4127 986//4128
f 986//4128 970//4127 985//4129
s 458
f 972//4130 971//4131 987//4132
f 987//4132 971//4131 986//4133
s 459
f 973//4134 972//4135 988//4136
f 988//4136 972//4135 987//4137
s 460
f 974//4138 973//4139 989//4140
f 989//4140 973//4139 988//4141
s 461
f 975//4142 974//4143 990//4144
f 990//4144 974//4143 989//4145
s 462
f 988//4146 987//4147 994//4148
f 994//4148 987//4147 993//4149
s 463
f 989//4150 988//4151 524//4152
f 524//4152 988//4151 994//4153
s 464
f 990//4154 989//4155 995//4156
f 995//4156 989//4155 524//4157
s 465
f 991//4158 990//4159 996//4160
f 996//4160 990//4159 995//4161
s off
f 720//4162 991//4163 996//4164
s 466
f 985//4165 984//4166 523//4167
f 523//4167 984//4166 522//4168
s 467
f 986//4169 985//4170 992//4171
f 992//4171 985//4170 523//4172
s 468
f 987//4173 986//4174 993//4175
f 993//4175 986//4174 992//4176
s 469
f 710//4177 711//4178 1005//4179
f 1005//4179 711//4178 1006//4180
s 470
f 726//4181 1007//4182 727//4183
f 727//4183 1007//4182 1008//4184
s 471
f 711//4185 727//4186 1006//4187
f 1006//4187 727//4186 1008//4188
s 472
f 726//4189 710//4190 1007//4191
f 1007//4191 710//4190 1005//4192
s 473
f 786//4193 787//4194 1009//4195
f 1009//4195 787//4194 1010//4196
s 474
f 801//4197 1011//4198 802//4199
f 802//4199 1011//4198 1012//4200
s 475
f 786//4201 1009//4202 801//4203
f 801//4203 1009//4202 1011//4204
s 476
f 802//4205 1012//4206 787//4207
f 787//4207 1012//4206 1010//4208
s 477
f 710//4209 726//4210 711//4211
f 711//4211 726//4210 727//4212
s 478
f 787//4213 786//4214 802//4215
f 802//4215 786//4214 801//4216
