# This file uses centimeters as units for non-parametric coordinates.

mtllib Sanador.mtl
g default
v -1.198331 3.121121 -2.657544
v -1.198331 3.121121 -2.289888
v -1.198331 4.103191 -2.289888
v -1.198331 4.103191 -2.657544
v -0.025454 4.103191 -2.289888
v -0.025454 4.103191 -2.657544
v -0.025454 3.121121 -2.657544
v -0.025454 3.121121 -2.289888
vt 0.125000 0.000000
vt 0.145023 0.000000
vt 0.145023 0.250000
vt 0.125000 0.250000
vt 0.375000 0.479977
vt 0.000000 1.000000
vt 0.625000 0.500000
vt 0.375000 0.500000
vt 0.375000 0.750000
vt 0.625000 0.750000
vt 0.625000 0.770023
vt 0.375000 0.770023
vt 0.625000 0.479977
vt 0.875000 0.250000
vt 0.854977 0.250000
vt 0.854977 0.000000
vt 0.875000 0.000000
vt 0.000000 0.000000
vt 1.000000 0.000000
vt 1.000000 1.000000
vt 0.000000 0.000000
vt 1.000000 0.000000
vt 1.000000 1.000000
vt 0.000000 1.000000
vn -1.000000 0.000000 0.000000
vn -1.000000 0.000000 0.000000
vn -1.000000 0.000000 0.000000
vn -1.000000 0.000000 0.000000
vn 1.000000 0.000000 0.000000
vn 1.000000 0.000000 0.000000
vn 1.000000 0.000000 0.000000
vn 1.000000 0.000000 0.000000
vn 0.000000 0.000000 -1.000000
vn 0.000000 0.000000 -1.000000
vn 0.000000 0.000000 -1.000000
vn 0.000000 0.000000 -1.000000
vn 0.000000 -1.000000 0.000000
vn 0.000000 -1.000000 0.000000
vn 0.000000 -1.000000 0.000000
vn 0.000000 -1.000000 0.000000
vn -0.000000 1.000000 -0.000000
vn 0.000000 1.000000 0.000000
vn 0.000000 1.000000 0.000000
vn -0.000000 1.000000 -0.000000
vn 0.000000 -0.000000 1.000000
vn 0.000000 -0.000000 1.000000
vn 0.000000 -0.000000 1.000000
vn 0.000000 -0.000000 1.000000
s off
g pasted__pasted__polySurface7 pasted__group12 group16
usemtl initialShadingGroup
f 1/1/1 2/2/2 3/3/3 4/4/4
f 6/14/5 5/15/6 8/16/7 7/17/8
usemtl phong3SG
f 1/21/9 4/22/10 6/23/11 7/24/12
usemtl initialShadingGroup
f 1/9/13 7/10/14 8/11/15 2/12/16
f 5/13/17 6/7/18 4/8/19 3/5/20
usemtl phong3SG
f 2/6/21 8/18/22 5/19/23 3/20/24
g default
v 0.174311 3.121124 -2.657544
v 0.174311 3.121124 -2.289888
v 0.174311 4.083258 -2.289888
v 0.174311 4.083258 -2.657544
v 1.347189 4.083258 -2.289888
v 1.347189 4.083258 -2.657544
v 1.347189 3.121124 -2.657544
v 1.347189 3.121124 -2.289888
vt 0.125000 0.000000
vt 0.145023 0.000000
vt 0.145023 0.250000
vt 0.125000 0.250000
vt 0.375000 0.479977
vt -0.000000 1.000000
vt 0.625000 0.500000
vt 0.375000 0.500000
vt 0.375000 0.750000
vt 0.625000 0.750000
vt 0.625000 0.770023
vt 0.375000 0.770023
vt 0.625000 0.479977
vt 0.875000 0.250000
vt 0.854977 0.250000
vt 0.854977 0.000000
vt 0.875000 0.000000
vt -0.000000 0.000000
vt 1.000000 0.000000
vt 1.000000 1.000000
vt -0.000000 0.000000
vt 1.000000 0.000000
vt 1.000000 1.000000
vt -0.000000 1.000000
vn -1.000000 0.000000 0.000000
vn -1.000000 0.000000 0.000000
vn -1.000000 0.000000 0.000000
vn -1.000000 0.000000 0.000000
vn 1.000000 0.000000 0.000000
vn 1.000000 0.000000 0.000000
vn 1.000000 0.000000 0.000000
vn 1.000000 0.000000 0.000000
vn 0.000000 0.000000 -1.000000
vn 0.000000 0.000000 -1.000000
vn 0.000000 0.000000 -1.000000
vn 0.000000 0.000000 -1.000000
vn 0.000000 -1.000000 0.000000
vn 0.000000 -1.000000 0.000000
vn 0.000000 -1.000000 0.000000
vn 0.000000 -1.000000 0.000000
vn -0.000000 1.000000 -0.000000
vn 0.000000 1.000000 0.000000
vn 0.000000 1.000000 0.000000
vn -0.000000 1.000000 -0.000000
vn 0.000000 0.000000 1.000000
vn 0.000000 0.000000 1.000000
vn 0.000000 0.000000 1.000000
vn 0.000000 0.000000 1.000000
s off
g pasted__polySurface7 group12
usemtl initialShadingGroup
f 9/25/25 10/26/26 11/27/27 12/28/28
f 14/38/29 13/39/30 16/40/31 15/41/32
usemtl phong3SG
f 9/45/33 12/46/34 14/47/35 15/48/36
usemtl initialShadingGroup
f 9/33/37 15/34/38 16/35/39 10/36/40
f 13/37/41 14/31/42 12/32/43 11/29/44
usemtl phong3SG
f 10/30/45 16/42/46 13/43/47 11/44/48
g default
v -1.408782 2.918001 3.171962
v -1.172014 2.918001 3.171962
v -1.408782 3.382818 3.171962
v -1.172014 3.382818 3.171962
v -1.408782 3.382818 -2.198299
v -1.172014 3.382818 -2.198299
v -1.408782 2.918001 -2.198299
v -1.172014 2.918001 -2.198299
vt 0.343310 0.000693
vt 0.859591 0.000693
vt 0.859591 0.008124
vt 0.878873 0.008124
vt 0.375000 0.500000
vt 0.625000 0.500000
vt 0.375000 0.750000
vt 0.625000 0.750000
vt 0.375000 1.000000
vt 0.625000 1.000000
vt 0.859591 1.000000
vt 0.878873 1.000000
vt 0.859591 0.992569
vt 0.343310 0.992569
vn 0.000000 0.000000 1.000000
vn 0.000000 0.000000 1.000000
vn 0.000000 0.000000 1.000000
vn 0.000000 0.000000 1.000000
vn 0.000000 1.000000 0.000000
vn 0.000000 1.000000 0.000000
vn 0.000000 1.000000 0.000000
vn 0.000000 1.000000 0.000000
vn 0.000000 0.000000 -1.000000
vn 0.000000 0.000000 -1.000000
vn 0.000000 0.000000 -1.000000
vn 0.000000 0.000000 -1.000000
vn 0.000000 -1.000000 0.000000
vn 0.000000 -1.000000 0.000000
vn 0.000000 -1.000000 0.000000
vn 0.000000 -1.000000 0.000000
vn 1.000000 0.000000 0.000000
vn 1.000000 0.000000 0.000000
vn 1.000000 0.000000 0.000000
vn 1.000000 0.000000 0.000000
vn -1.000000 0.000000 0.000000
vn -1.000000 0.000000 0.000000
vn -1.000000 0.000000 0.000000
vn -1.000000 0.000000 0.000000
s off
g pasted__pCube1 group17
usemtl phong2SG
f 17/49/49 18/50/50 20/51/51 19/52/52
f 19/52/53 20/51/54 22/59/55 21/60/56
usemtl initialShadingGroup
f 21/53/57 22/54/58 24/56/59 23/55/60
f 23/55/61 24/56/62 18/58/63 17/57/64
usemtl phong2SG
f 18/50/65 24/61/66 22/59/67 20/51/68
f 23/62/69 17/49/70 19/52/71 21/60/72
g default
v 1.495617 3.621249 -2.808501
v 1.747885 3.196434 -2.808501
v 1.747885 3.196434 -2.158418
v 1.495617 3.625917 -2.158418
vt 1.000000 0.997632
vt 0.003512 1.000000
vt 0.003512 0.782132
vt 1.000000 0.782132
vn 0.693298 0.720651 -0.000000
vn 0.742244 0.670130 0.000000
vn 0.861048 0.508521 -0.001826
vn 0.802756 0.596308 -0.000000
s off
g polySurface13 polySurface10
usemtl phong1SG
f 25/63/73 28/64/74 27/65/75 26/66/76
g default
v 2.049186 2.511895 -2.806234
v 2.049186 2.305061 3.713532
v 2.150997 1.677072 3.713532
v 2.150995 1.677071 -2.798591
v 2.154640 1.654583 -2.798591
v 2.154640 1.654583 -2.806234
v -2.150995 1.677071 -2.798591
v 0.070844 1.677071 3.713532
v 0.031682 1.677071 3.713532
v 0.016725 1.677070 3.713532
v 0.007479 1.677072 3.713532
v 0.000000 1.677071 3.713532
v -0.007479 1.677070 3.713532
v -0.016724 1.677072 3.713532
v -0.031682 1.677070 3.713532
v -0.070844 1.677072 3.713532
v -2.150997 1.677071 3.713532
v -1.362793 1.677071 -2.352413
v -1.362793 1.677071 3.274164
v 1.486477 1.677071 3.274164
v 1.486477 1.677071 -2.352413
v 0.000000 1.654583 -2.806234
v 1.743142 3.199409 -2.806234
v 1.743141 2.891866 3.713532
v 1.266465 3.357556 3.713532
v 0.665820 3.656548 3.713532
v -0.000000 3.759573 3.713532
v -0.665821 3.656549 3.713532
v -1.266465 3.357556 3.713532
v -1.737711 2.896949 3.713532
v -2.054618 2.289321 3.713532
v -2.154641 1.654583 -2.806234
v -2.154641 1.654583 -2.798591
v -2.054615 2.490955 -2.806234
v 1.266467 3.357556 3.156799
v 1.495617 3.623892 -2.806234
v 1.495617 3.177977 -2.198970
v 1.495617 3.192446 -2.394668
v 1.495617 3.133686 3.156799
v 0.665821 3.656548 3.156799
v 0.000000 3.759573 3.156799
v -0.665821 3.656548 3.156799
v -1.266466 3.357556 3.156799
v -1.737711 3.207884 -2.806234
v -1.371934 3.254519 3.156799
v -1.371934 3.254519 -1.930042
v -1.371934 3.254519 -2.198971
v -1.371934 3.626262 -2.806234
v 1.022205 3.029106 -2.806234
v 1.495617 3.029106 -2.806234
v 1.495617 2.485793 -2.198971
v 1.495617 2.485793 3.156799
v 1.495617 3.029106 -1.930042
v 1.495617 3.029106 -2.198971
v -1.371934 2.485793 3.156799
v -1.371934 3.029106 -2.806234
v -1.022205 3.029106 -2.806234
v -1.371934 2.485793 -2.198971
v -1.371934 3.029106 -2.198971
v -1.371934 3.029106 -1.930042
v 0.457144 3.029106 -2.806234
v -0.457144 3.029106 -2.806234
v 0.000000 3.029106 -2.806234
v -0.094852 3.744897 3.156799
v -0.094852 3.744897 3.713533
v -0.001066 1.677071 3.713533
v 0.109968 3.742558 3.156799
v 0.109968 3.742557 3.713532
v 0.001236 1.677070 3.713532
v -1.266466 3.357556 3.270524
v -0.665821 3.656548 3.270524
v -0.094852 3.744897 3.270524
v 0.000000 3.759573 3.270524
v 0.109968 3.742558 3.270524
v 0.665821 3.656548 3.270524
v 1.266467 3.357556 3.270524
v -1.266466 3.357556 3.385366
v -0.665821 3.656548 3.385366
v -0.094852 3.744897 3.385367
v 0.000000 3.759573 3.385366
v 0.109968 3.742558 3.385366
v 0.665821 3.656548 3.385366
v 1.266467 3.357556 3.385366
v -0.267919 3.718117 3.156799
v -0.267919 3.718117 3.270524
v -0.267919 3.718117 3.385367
v -0.267919 3.718117 3.713533
v -0.003009 1.677071 3.713533
v 0.272678 3.717381 3.156799
v 0.272678 3.717381 3.270524
v 0.272678 3.717381 3.385366
v 0.272679 3.717381 3.713532
v 0.003063 1.677071 3.713532
vt 1.000000 0.410136
vt 0.000000 0.311187
vt 0.000000 0.010758
vt 0.998828 0.010758
vt 0.998828 0.000000
vt 1.000000 0.000000
vt 0.610554 0.250261
vt 0.500476 0.250261
vt 0.498404 0.250261
vt 0.497612 0.250261
vt 0.497123 0.250261
vt 0.496727 0.250261
vt 0.496332 0.250261
vt 0.495842 0.250261
vt 0.495051 0.250261
vt 0.492978 0.250261
vt 0.382900 0.250261
vt 0.382900 0.500000
vt 0.424611 0.482889
vt 0.424611 0.267111
vt 0.575389 0.267111
vt 0.575389 0.482889
vt 0.610555 0.500000
vt 0.000000 0.294627
vt 0.000000 -0.000000
vt 0.000000 -0.000000
vt 0.998828 0.010758
vt 0.000000 0.010758
vt 0.000000 0.303657
vt 1.000000 0.400118
vt 0.500000 0.301556
vt 0.500000 0.000001
vt 0.500000 0.000001
vt 0.500000 0.000001
vt 0.500000 0.293998
vt 0.500000 0.000001
vt 0.500000 0.583334
vt 0.500000 0.000001
vt 0.500000 0.806955
vt 0.500000 0.000001
vt 0.500000 0.950528
vt 0.500000 0.000001
vt 0.531250 0.979740
vt 0.531250 0.000001
vt 0.500000 0.000001
vt 0.500000 1.000000
vt 0.468750 0.992953
vt 0.468750 0.000001
vt 0.500000 0.000001
vt 0.500000 0.950528
vt 1.000000 0.000000
vt 0.998828 0.000000
vt 1.000000 0.739040
vt 0.000000 0.591912
vt 0.067948 0.814697
vt 0.085392 0.814697
vt 0.000000 0.530901
vt 0.085392 0.957734
vt 0.067948 0.957734
vt 0.085392 0.986836
vt 0.067948 0.986836
vt 0.067948 0.957734
vt 0.085392 0.957734
vt 0.085392 0.814697
vt 0.067948 0.814697
vt 0.495599 0.204272
vt 0.495599 0.000000
vt 0.000000 0.594344
vt 1.000000 0.743095
vt 1.000000 0.942111
vt 0.906858 0.728787
vt 0.936874 0.735709
vt 0.085392 0.707599
vt 0.050334 0.814697
vt 0.000000 0.814697
vt 0.000000 0.814697
vt 0.050334 0.814697
vt 0.000000 -0.000000
vt 0.000000 0.287431
vt 0.000000 0.533813
vt 0.000000 0.472374
vt 0.000000 0.472374
vt 0.862447 0.104035
vt 0.862447 0.087242
vt 0.875000 0.087242
vt 0.875000 0.000000
vt 0.625000 0.000000
vt 0.625000 0.104035
vt 0.605022 0.139983
vt 0.375000 0.000000
vt 0.375000 0.123438
vt 0.384195 0.139983
vt 0.436561 0.187993
vt 0.494609 0.204536
vt 0.552656 0.187993
vt 0.000000 0.472374
vt 0.000000 0.472374
vt 0.000000 0.472374
vt 0.000000 0.472374
vt 0.125000 0.000000
vt 0.125000 0.087242
vt 0.137553 0.087242
vt 0.137553 0.123438
vt 0.000000 0.676780
vt 0.625000 0.750000
vt 0.625000 0.662758
vt 0.375000 0.662758
vt 0.375000 0.750000
vt 0.375000 1.000000
vt 0.625000 1.000000
vt 0.000000 0.677595
vt 0.000000 0.472374
vt 0.125000 0.123438
vt 0.875000 0.104035
vt 0.141319 0.049079
vt 0.141319 0.000000
vt 0.132956 0.000000
vt 0.132956 0.049079
vt 0.583727 0.757956
vt 0.534463 0.757956
vt 0.494609 0.757955
vt 0.454754 0.757955
vt 0.405490 0.757955
vt 0.375000 0.757956
vt 0.375000 0.766319
vt 0.625000 0.766319
vt 0.625000 0.757956
vt 0.867044 0.022770
vt 0.867045 0.000000
vt 0.858681 0.000000
vt 0.858681 0.022770
vt 0.320142 0.000000
vt 0.486339 0.202180
vt 0.500000 0.806955
vt 0.320142 0.204272
vt 0.496671 0.250261
vt 0.500000 0.000001
vt 0.699019 0.204272
vt 0.504196 0.201804
vt 0.500000 0.585775
vt 0.699019 0.000000
vt 0.496793 0.250261
vt 0.500000 0.000001
vt 0.085392 0.765405
vt 0.865610 0.765405
vt 0.320142 0.410551
vt 0.000000 0.204272
vt 0.000000 0.410551
vt 0.906858 0.765405
vt 1.000000 0.943245
vt 0.495599 0.410551
vt 0.067948 1.000000
vt 0.699019 0.410551
vt 0.495598 1.000000
vt 0.320141 1.000000
vt 0.085392 1.000000
vt 0.699018 1.000000
vt 0.085392 0.987189
vt 0.471251 0.197879
vt 1.000000 0.410551
vt 1.000000 0.204273
vt 0.468750 0.980093
vt 0.067948 0.987189
vt 0.496568 0.250261
vt 0.468750 0.000001
vt 0.050334 0.957734
vt 0.518381 0.197761
vt 0.050334 0.957734
vt 0.050334 0.986836
vt 0.500000 0.000001
vt 0.000000 0.957734
vt 0.496890 0.250261
vt 0.500000 0.991829
vt 0.000000 1.000000
vt 0.050334 1.000000
vt 0.050334 0.987189
vt 0.000000 0.987189
vt 0.000000 0.957734
vt 0.000000 0.986836
vt 0.085392 0.998881
vt 0.067948 0.998881
vt 0.050334 0.998881
vt 0.000000 0.998881
vn 0.957441 0.288464 0.009769
vn 0.959143 0.282765 0.009483
vn 0.997217 0.074544 0.001135
vn 0.997217 0.074544 0.001135
vn 0.997609 0.069099 0.001135
vn 0.990448 0.137868 0.002265
vn -0.997363 0.072569 0.001080
vn -0.997363 0.072569 0.001080
vn -0.958482 0.284991 0.009616
vn -0.956795 0.290594 0.009895
vn -0.990987 0.133944 0.002156
vn -0.997744 0.067124 0.001080
vn -1.000000 0.000000 0.000000
vn -1.000000 0.000000 0.000000
vn -1.000000 0.000000 0.000000
vn -1.000000 0.000000 0.000000
vn -1.000000 0.000000 0.000000
vn -1.000000 0.000000 0.000000
vn 1.000000 0.000000 0.000000
vn 1.000000 0.000000 0.000000
vn 1.000000 0.000000 0.000000
vn 1.000000 0.000000 0.000000
vn 1.000000 0.000000 0.000000
vn 1.000000 0.000000 0.000000
vn 0.000000 -1.000000 0.000000
vn 0.000000 -1.000000 0.000000
vn 0.000000 -1.000000 0.000000
vn 0.000000 -1.000000 0.000000
vn 0.000000 -1.000000 0.000000
vn 0.000000 -1.000000 0.000000
vn 0.000000 -1.000000 0.000000
vn 0.000000 -1.000000 0.000000
vn 0.000000 -1.000000 0.000000
vn 0.000000 -1.000000 0.000000
vn 0.000000 -1.000000 0.000000
vn 0.000000 -1.000000 0.000000
vn 0.000000 -1.000000 0.000000
vn 0.000000 -1.000000 0.000000
vn 0.000000 -1.000000 0.000000
vn 0.000000 -1.000000 0.000000
vn 0.000000 -1.000000 0.000000
vn 0.000000 -1.000000 0.000000
vn 0.000000 -1.000000 0.000000
vn 0.000000 -1.000000 0.000000
vn 0.000000 -1.000000 0.000000
vn 0.000000 0.000000 -1.000000
vn 0.000000 0.000000 -1.000000
vn -0.000000 0.000000 -1.000000
vn -0.000000 0.000000 1.000000
vn -0.000000 0.000000 1.000000
vn -0.000000 0.000000 1.000000
vn -0.000000 0.000000 1.000000
vn -0.000000 0.000000 1.000000
vn -0.000000 0.000000 1.000000
vn 0.000000 0.000000 -1.000000
vn 0.000000 0.000000 -1.000000
vn -0.000000 0.000000 -1.000000
vn 0.000000 0.000000 -1.000000
vn 0.000000 0.000000 -1.000000
vn 0.000000 0.000000 -1.000000
vn 0.000000 0.000000 -1.000000
vn 0.000000 0.000000 -1.000000
vn 0.000000 0.000000 -1.000000
vn 0.805976 0.591275 0.028213
vn 0.813572 0.580815 0.027463
vn 0.000000 0.000000 1.000000
vn 0.000000 0.000000 1.000000
vn 0.000000 0.000000 1.000000
vn -0.000000 0.000000 1.000000
vn -0.000000 0.000000 1.000000
vn -0.000000 0.000000 1.000000
vn -0.000000 0.000000 1.000000
vn -0.000000 0.000000 1.000000
vn 0.000001 0.000000 1.000000
vn 0.000003 0.000000 1.000000
vn 0.000000 0.000000 1.000000
vn 0.000000 0.000000 1.000000
vn -0.000000 -0.000000 1.000000
vn -0.000000 -0.000000 1.000000
vn 0.000000 0.000000 1.000000
vn 0.000000 0.000000 1.000000
vn 0.000000 0.000000 1.000000
vn 0.000000 0.000000 1.000000
vn 0.500575 0.864408 0.047151
vn 0.540650 0.840916 0.023612
vn 0.321717 0.946836 0.000000
vn 0.340445 0.940265 0.000000
vn 0.152915 0.988239 0.000000
vn 0.152915 0.988239 0.000000
vn 0.011421 0.999935 0.000000
vn 0.005711 0.999984 0.000000
vn -0.152914 0.988240 0.000000
vn -0.152914 0.988239 0.000000
vn -0.339624 0.940561 0.000000
vn -0.321304 0.946976 0.000000
vn -0.548981 0.835564 0.021258
vn -0.517724 0.854493 0.042473
vn -0.793468 0.607982 0.027698
vn -0.785077 0.618748 0.028367
vn 0.000000 0.000000 1.000000
vn 0.000000 0.000000 1.000000
vn 0.000000 0.000000 1.000000
vn 0.000000 0.000000 1.000000
vn 0.000000 1.000000 0.000000
vn 0.000000 1.000000 0.000000
vn 0.000000 1.000000 0.000000
vn 0.000000 1.000000 0.000000
vn 1.000000 0.000000 0.000000
vn -1.000000 0.000000 0.000000
vn 1.000000 0.000000 0.000000
vn 1.000000 0.000000 0.000000
vn 1.000000 0.000000 0.000000
vn 1.000000 0.000000 0.000000
vn -1.000000 0.000000 0.000000
vn -1.000000 0.000000 0.000000
vn -1.000000 0.000000 0.000000
vn -1.000000 0.000000 0.000000
vn 0.603489 0.796990 0.024655
vn 0.603489 0.796990 0.024655
vn 0.603489 0.796990 0.024655
vn 0.603489 0.796990 0.024655
vn 0.498799 0.865518 0.045590
vn 0.497143 0.866546 0.044135
vn -0.514467 0.856553 0.040504
vn -0.516054 0.855552 0.041462
vn -0.578381 0.815474 0.021861
vn -0.578381 0.815474 0.021861
vn -0.578381 0.815474 0.021861
vn -0.578381 0.815474 0.021861
vn 0.000000 0.000000 -1.000000
vn 0.000000 0.000000 -1.000000
vn 0.000000 0.000000 -1.000000
vn 0.000000 0.000000 -1.000000
vn 0.000000 0.000000 -1.000000
vn 0.000000 0.000000 -1.000000
vn 0.000000 0.000000 -1.000000
vn 0.000000 0.000000 -1.000000
vn 0.000000 0.000000 -1.000000
vn 0.000000 0.000000 -1.000000
vn 0.000000 0.000000 -1.000000
vn 0.000000 0.000000 -1.000000
vn 0.000000 0.000000 -1.000000
vn 0.000000 0.000000 -1.000000
vn 0.000000 0.000000 -1.000000
vn 0.000000 0.000000 -1.000000
vn 0.000000 0.000000 -1.000000
vn 0.000000 1.000000 0.000000
vn 0.000000 1.000000 0.000000
vn 0.000000 1.000000 0.000000
vn 0.000000 1.000000 0.000000
vn 0.000000 1.000000 0.000000
vn 0.000000 1.000000 0.000000
vn 0.000000 1.000000 0.000000
vn 0.000000 1.000000 0.000000
vn 0.000000 1.000000 0.000000
vn -0.152915 0.988239 0.000000
vn -0.152915 0.988239 0.000000
vn -0.000001 -0.000000 1.000000
vn -0.000001 -0.000000 1.000000
vn 0.152915 0.988239 0.000000
vn 0.152915 0.988239 0.000000
vn 0.000002 -0.000000 1.000000
vn 0.000002 -0.000000 1.000000
vn -0.339624 0.940561 0.000001
vn -0.152915 0.988239 0.000001
vn -0.152915 0.988239 0.000000
vn 0.011422 0.999935 0.000001
vn 0.152914 0.988240 0.000000
vn 0.340445 0.940264 0.000001
vn 0.152914 0.988240 0.000000
vn -0.339624 0.940561 0.000001
vn -0.152915 0.988239 0.000001
vn -0.152915 0.988239 0.000000
vn 0.011422 0.999935 0.000001
vn 0.152914 0.988239 0.000000
vn 0.340445 0.940264 0.000001
vn 0.152914 0.988240 0.000000
s 1
g polySurface8
usemtl phong1SG
f 29/67/77 30/68/78 31/69/79 32/70/80 33/71/81 34/72/82
f 35/93/83 45/94/84 59/95/85 62/96/86 60/117/87 61/118/88
s 3
usemtl initialShadingGroup
f 66/149/89 81/150/90 82/151/91 79/152/92 80/153/93 67/154/94
s 4
f 73/157/95 83/156/96 86/166/97 87/167/98 88/168/99 74/169/100
s off
f 31/73/101 36/74/102 37/75/103 38/76/104 39/77/105 121/238/106 97/208/107 40/78/108 94/202/109 116/230/110 41/79/111 42/80/112 43/81/113 44/82/114 45/83/115 35/84/116 32/89/117 46/85/118 47/86/119 48/87/120 49/88/121
s 5
usemtl phong1SG
f 29/90/122 34/91/123 50/92/124
s 6
f 30/97/125 36/98/126 31/99/127
f 44/100/128 59/101/129 45/102/130
s 5
f 29/90/122 50/92/124 51/123/131
f 50/92/124 60/144/132 62/145/133
f 50/92/124 62/145/133 72/146/134
f 50/92/124 89/147/135 77/148/136
f 50/92/124 85/162/137 90/163/138
f 50/92/124 91/164/139 89/147/135
f 50/92/124 90/163/138 91/164/139
s 1
f 29/67/77 51/119/140 52/120/141 30/68/78
s 6
f 30/97/125 52/103/142 37/104/143 36/98/126
f 37/104/143 52/103/142 53/105/144 38/106/145
f 38/106/145 53/105/144 54/107/146 39/108/147
f 39/108/147 54/107/146 120/109/148 121/110/149
f 40/111/150 55/112/151 93/113/152 94/114/153
f 41/115/154 56/116/155 57/200/156 42/203/157
f 42/203/157 57/200/156 58/206/158 43/209/159
f 43/209/159 58/206/158 59/101/129 44/100/128
s 1
f 104/121/160 63/122/161 68/124/162 103/125/163
f 103/125/163 68/124/162 117/126/164 118/127/165
usemtl phong4SG
f 101/132/166 69/133/167 92/198/168 100/201/169
usemtl phong1SG
f 99/128/170 70/129/171 71/130/172 98/131/173
f 58/134/174 72/135/175 62/96/86 59/95/85
s off
usemtl initialShadingGroup
f 79/171/176 82/172/177 87/173/178 86/174/179
f 79/171/180 86/174/181 83/175/182 80/176/183
s 4
f 74/169/100 88/168/99 87/167/98 75/179/184
s 3
f 65/180/185 82/151/91 81/150/90 66/149/89
s off
f 75/181/186 87/182/187 84/183/188 76/184/189
f 64/194/190 78/195/191 82/196/192 65/197/193
s 1
usemtl phong1SG
f 51/119/140 64/136/194 65/137/195 66/138/196 67/139/197 63/122/161 104/121/160 111/140/198 53/141/199 52/120/141
f 57/142/200 105/143/201 98/131/173 71/130/172 73/210/202 74/211/203 75/215/204 76/216/205 72/135/175 58/134/174
s 5
f 50/92/124 77/148/136 78/165/206 64/170/207 51/123/131
f 50/92/124 72/146/134 76/177/208 84/178/209 85/162/137
s off
usemtl initialShadingGroup
f 63/155/210 67/154/211 80/153/212 83/156/213 73/157/214 71/158/215 70/159/216 112/225/217 92/199/218 69/160/219 95/205/220 117/233/221 68/161/222
f 77/185/223 89/186/224 91/187/225 90/188/226 85/189/227 84/190/228 87/191/229 82/192/230 78/193/231
s 1
usemtl phong1SG
f 100/218/169 92/222/168 112/224/232 113/229/233
s 6
f 94/114/153 93/113/152 115/228/234 116/231/235
s 1
usemtl phong4SG
f 102/204/236 95/207/237 69/133/167 101/132/166
s 6
usemtl phong1SG
f 97/236/238 96/239/239 55/112/151 40/111/150
s 1
f 106/232/240 99/128/170 98/131/173 105/143/201
usemtl phong4SG
f 107/212/241 100/201/169 113/213/233 114/214/242
f 108/217/243 101/132/166 100/201/169 107/212/241
f 109/219/244 102/204/236 101/132/166 108/217/243
usemtl phong1SG
f 110/234/245 103/125/163 118/127/165 119/235/246
f 111/140/198 104/121/160 103/125/163 110/234/245
f 56/237/247 106/232/240 105/143/201 57/142/200
f 93/240/248 107/241/241 114/242/242 115/243/249
usemtl phong4SG
f 55/220/250 108/217/243 107/212/241 93/221/248
f 96/223/251 109/219/244 108/217/243 55/220/250
usemtl phong1SG
f 54/244/252 110/234/245 119/235/246 120/245/253
f 53/141/199 111/140/198 110/234/245 54/244/252
f 113/229/233 112/224/232 70/129/171 99/128/170
f 114/242/242 113/229/233 99/128/170 106/232/240
f 115/243/249 114/242/242 106/232/240 56/237/247
s 6
f 116/231/235 115/228/234 56/116/155 41/115/154
s 1
f 118/127/165 117/126/164 95/246/237 102/247/236
usemtl phong4SG
f 119/226/246 118/227/165 102/204/236 109/219/244
usemtl phong1SG
f 120/245/253 119/235/246 109/248/244 96/249/251
s 6
f 121/110/149 120/109/148 96/239/239 97/236/238
g default
v 2.054762 2.508894 -2.806210
v 2.054762 2.508894 -2.156127
v 2.156847 1.654617 -2.156127
v 2.157047 1.657884 -2.806210
v 0.706033 3.057314 -2.806210
v 1.495617 3.057314 -2.806210
v 1.490521 1.773099 -2.806210
v 0.071037 1.773099 -2.156127
v -2.156847 1.675712 -2.806210
v -1.366501 1.773099 -2.806210
v -1.366501 1.773099 -2.670918
v 1.490521 1.773099 -2.670918
v 0.031769 1.773099 -2.156127
v 0.016770 1.773099 -2.156127
v 0.007500 1.773099 -2.156127
v 0.000000 1.773099 -2.156127
v -0.007500 1.773099 -2.156127
v -0.016770 1.773099 -2.156127
v -0.031769 1.773099 -2.156127
v -0.071037 1.773099 -2.156127
v -2.156847 1.675712 -2.156127
v -0.647287 3.057314 -2.742125
v 1.495617 3.191825 -2.156127
v 0.834104 3.057314 -2.156127
v 0.373022 3.057314 -2.156127
v 0.000000 3.057314 -2.156127
v -0.373022 3.057314 -2.156127
v -0.834104 3.057314 -2.156127
v -1.747884 3.196433 -2.156127
v -1.371934 3.057314 -2.156127
v -1.371934 3.625604 -2.156127
v -2.054761 2.508894 -2.156127
v -2.054761 2.508894 -2.806210
v -1.747884 3.196433 -2.806210
v -1.371934 3.625604 -2.806210
v -1.371934 3.057314 -2.806210
v -1.303503 3.057314 -2.806210
v -1.303503 3.057314 -2.759159
v 2.157047 1.657884 -2.481169
v 2.106004 2.042054 -2.806210
v 1.823884 1.674157 -2.806210
v 1.747885 3.196434 -2.806210
v 1.747885 3.196434 -2.156127
v 1.495617 3.625917 -2.156127
v 1.495617 3.621249 -2.806210
vt 0.996489 0.196539
vt 0.498244 0.001657
vt 0.996489 0.001657
vt 0.996489 0.433357
vt 0.996489 0.782132
vt 0.000000 0.782132
vt 0.874301 0.000000
vt 0.857594 0.000000
vt 0.857594 0.068944
vt 0.874301 0.068944
vt 0.648603 0.892034
vt 0.626409 0.935591
vt 0.502298 0.845419
vt 0.505138 0.845419
vt 0.501213 0.845419
vt 0.560323 0.926778
vt 0.526977 0.926778
vt 0.500542 0.845419
vt 0.500000 0.926778
vt 0.500000 0.845419
vt 0.473023 0.926778
vt 0.499458 0.845419
vt 0.439677 0.926778
vt 0.498787 0.845419
vt 0.715105 0.005152
vt 0.715105 1.000000
vt 0.352899 0.909547
vt 0.702583 0.018638
vt 0.992078 0.000000
vt 0.000000 0.000000
vt 0.000000 0.288429
vt 0.992078 0.288429
vt 0.142406 0.000000
vt 0.125699 0.000000
vt 0.125699 0.091735
vt 0.142406 0.091735
vt 0.000000 0.526439
vt 0.000000 0.675009
vt 0.992078 0.675009
vt 0.655986 0.845419
vt 0.000000 0.707272
vt 0.610554 0.260900
vt 0.592972 0.271539
vt 0.610554 0.271539
vt 0.500000 0.768200
vt 0.500000 1.000000
vt 0.500000 0.765712
vt 0.500000 0.693115
vt 0.556162 0.750699
vt 0.438176 0.752346
vt 0.380966 0.751908
vt 0.380966 0.750699
vt 0.375000 0.750699
vt 0.375000 0.767406
vt 0.421889 0.767406
vt 0.462088 0.767406
vt 0.494609 0.767406
vt 0.527129 0.767406
vt 0.567328 0.767406
vt 0.625000 0.767406
vt 0.625000 0.750699
vt 0.000000 0.433357
vt 0.575389 0.271539
vt 0.575389 0.267111
vt 0.610554 0.250261
vt 0.500476 0.250261
vt 0.498404 0.250261
vt 0.497612 0.250261
vt 0.497123 0.250261
vt 0.496727 0.250261
vt 0.496332 0.250261
vt 0.495842 0.250261
vt 0.495051 0.250261
vt 0.492978 0.250261
vt 0.382900 0.250261
vt 0.382900 0.271539
vt 0.424611 0.271539
vt 0.424611 0.267111
vt 0.000000 0.000000
vt 0.500000 0.000000
vt 0.992078 0.526439
vt 0.500000 0.000000
vt 0.500000 0.000000
vt 0.500000 0.693115
vt 0.500000 0.693115
vt 0.500000 0.999831
vt 0.500000 0.768200
vt 0.500000 0.000000
vn 0.993000 0.118062 -0.003549
vn 0.992981 0.118223 -0.003507
vn 0.999940 0.010917 0.000000
vn 0.949007 0.315256 -0.000000
vn 0.802756 0.596308 -0.000000
vn 0.913168 0.407584 0.000000
vn 0.964300 0.264807 -0.001870
vn -1.000000 0.000000 0.000000
vn -1.000000 0.000000 0.000000
vn -1.000000 0.000000 0.000000
vn -1.000000 0.000000 0.000000
vn -0.000000 0.000000 1.000000
vn 0.000000 0.000000 1.000000
vn -0.000000 0.000000 1.000000
vn -0.000000 0.000000 1.000000
vn -0.000000 0.000000 1.000000
vn -0.000000 0.000000 1.000000
vn -0.000000 0.000000 1.000000
vn -0.000000 0.000000 1.000000
vn -0.000000 0.000000 1.000000
vn -0.000000 0.000000 1.000000
vn -0.000000 0.000000 1.000000
vn -0.000000 0.000000 1.000000
vn -0.000000 0.000000 1.000000
vn -0.000000 0.000000 1.000000
vn -0.000000 0.000000 1.000000
vn -0.000000 0.000000 1.000000
vn -0.000000 0.000000 1.000000
vn -0.000000 0.000000 1.000000
vn -0.999940 0.010918 0.000000
vn -0.999940 0.010918 0.000000
vn -0.965689 0.259700 0.000000
vn -0.949006 0.315257 0.000000
vn 1.000000 0.000000 0.000000
vn 1.000000 0.000000 0.000000
vn 1.000000 0.000000 0.000000
vn 1.000000 0.000000 0.000000
vn -0.853148 0.521669 0.000000
vn -0.685461 0.728110 0.000000
vn -0.632171 0.774829 0.000000
vn -0.802756 0.596307 0.000000
vn 0.000000 0.000000 1.000000
vn 0.000000 0.000000 1.000000
vn -0.004349 -0.998400 -0.056373
vn -0.004338 -0.998400 -0.056387
vn 0.000000 -1.000000 0.000000
vn 0.000000 0.000000 1.000000
vn -0.000000 0.000000 1.000000
vn -0.000000 0.000000 1.000000
vn 0.000000 0.000000 1.000000
vn 0.000000 1.000000 0.000000
vn 0.000000 1.000000 0.000000
vn 0.000000 1.000000 0.000000
vn 0.000000 1.000000 0.000000
vn 0.000000 1.000000 0.000000
vn 0.000000 1.000000 0.000000
vn 0.000000 1.000000 0.000000
vn 0.000000 1.000000 0.000000
vn 0.000000 1.000000 0.000000
vn 0.000000 1.000000 0.000000
vn 0.000000 1.000000 0.000000
vn 0.000000 1.000000 0.000000
vn 0.000000 1.000000 0.000000
vn 0.999940 0.010917 0.000000
vn 0.000000 -1.000000 0.000000
vn 0.000000 -1.000000 0.000000
vn 0.000000 -1.000000 0.000000
vn 0.000000 -1.000000 0.000000
vn 0.000000 -1.000000 0.000000
vn 0.000000 -1.000000 0.000000
vn 0.000000 -1.000000 0.000000
vn 0.000000 -1.000000 0.000000
vn 0.000000 -1.000000 0.000000
vn 0.000000 -1.000000 0.000000
vn 0.000000 -1.000000 0.000000
vn 0.000000 -1.000000 0.000000
vn 0.000000 -1.000000 0.000000
vn 0.000000 -1.000000 0.000000
vn 0.000000 -1.000000 0.000000
vn 0.000000 -1.000000 0.000000
s 1
g polySurface10 polySurface12
usemtl phong1SG
f 161/250/254 160/251/255 125/252/256
f 122/253/257 163/254/258 164/255/259 123/311/260
s off
usemtl initialShadingGroup
f 127/256/261 144/257/262 165/258/263 166/259/264
s 2
f 123/260/265 164/261/266 134/262/267 129/263/268
f 135/264/269 145/265/270 146/266/271 136/267/272
f 136/267/272 146/266/271 147/268/273 137/269/274
f 137/269/274 147/268/273 148/270/275 138/271/276
f 138/271/276 148/270/275 149/272/277 139/273/278
usemtl phong1SG
f 140/274/279 150/275/280 153/276/281 141/277/282
s 3
f 130/278/283 142/279/284 153/280/285 154/281/286
s off
usemtl initialShadingGroup
f 151/282/287 157/283/288 156/284/289 152/285/290
s 3
usemtl phong1SG
f 150/286/291 152/287/292 156/288/293 155/330/294
f 150/286/291 155/330/294 154/281/286 153/280/285
s 2
usemtl initialShadingGroup
f 123/260/265 129/263/268 124/289/295
usemtl phong1SG
f 141/277/282 153/276/281 142/290/296
s 4
usemtl initialShadingGroup
f 160/291/297 162/292/298 125/293/299
s 2
usemtl phong1SG
f 164/294/266 165/295/300 144/296/301 145/297/270 135/329/269 134/331/267
f 139/332/278 149/333/277 151/334/302 152/335/303 150/336/280 140/337/279
s off
usemtl initialShadingGroup
f 126/298/304 143/299/305 159/300/306 158/301/307 157/302/308 151/303/309 149/304/310 148/305/311 147/306/312 146/307/313 145/308/314 144/309/315 127/310/316
s 1
usemtl phong1SG
f 122/253/257 123/311/260 124/328/317 160/251/255 161/250/254
s 4
usemtl initialShadingGroup
f 124/314/318 129/315/319 134/316/320 135/317/321 136/318/322 137/319/323 138/320/324 139/321/325 140/322/326 141/323/327 142/324/328 130/325/329 131/326/330 132/327/331 133/313/332 128/312/333 162/292/298 160/291/297
g default
v -1.371934 1.734513 3.156799
v 1.495617 1.734513 3.156799
v 1.495617 2.884926 3.156799
v -1.371934 2.884926 3.156799
v -1.371934 1.734513 -2.198971
v -1.371934 2.884926 -2.198971
v 1.495617 1.734513 -2.198971
v 1.495617 2.884926 -2.198971
v -0.649261 2.884926 -1.592070
v -0.537956 2.884926 -1.574441
v -0.437546 2.884926 -1.523280
v -0.357860 2.884926 -1.443594
v -0.306699 2.884926 -1.343184
v -0.289070 2.884926 -1.231879
v -0.306699 2.884926 -1.120574
v -0.357860 2.884926 -1.020164
v -0.437546 2.884926 -0.940479
v -0.537956 2.884926 -0.889317
v -0.649261 2.884926 -0.871688
v -0.760566 2.884926 -0.889317
v -0.860976 2.884926 -0.940479
v -0.940661 2.884926 -1.020164
v -0.991823 2.884926 -1.120574
v -1.009452 2.884926 -1.231879
v -0.991823 2.884926 -1.343184
v -0.940661 2.884926 -1.443594
v -0.860976 2.884926 -1.523280
v -0.760566 2.884926 -1.574441
v 0.737573 2.884926 -1.592070
v 0.848878 2.884926 -1.574441
v 0.949288 2.884926 -1.523280
v 1.028973 2.884926 -1.443594
v 1.080135 2.884926 -1.343184
v 1.097763 2.884926 -1.231879
v 1.080134 2.884926 -1.120574
v 1.028973 2.884926 -1.020164
v 0.949287 2.884926 -0.940479
v 0.848878 2.884926 -0.889317
v 0.737573 2.884926 -0.871688
v 0.737573 2.884926 0.054544
v 0.848878 2.884926 0.072173
v 0.949288 2.884926 0.123335
v 1.028973 2.884926 0.203020
v 1.080135 2.884926 0.303430
v 1.097763 2.884926 0.414735
v 1.080134 2.884926 0.526040
v 1.028973 2.884926 0.626450
v 0.949287 2.884926 0.706136
v 0.848878 2.884926 0.757297
v 0.737573 2.884926 0.774926
v 0.737573 2.884926 1.577173
v 0.848878 2.884926 1.594802
v 0.949288 2.884926 1.645964
v 1.028973 2.884926 1.725649
v 1.080135 2.884926 1.826059
v 1.097763 2.884926 1.937364
v 1.080134 2.884926 2.048669
v 1.028973 2.884926 2.149079
v 0.949287 2.884926 2.228765
v 0.848878 2.884926 2.279926
v 0.737573 2.884926 2.297555
v 0.626267 2.884926 2.279926
v 0.525858 2.884926 2.228765
v 0.446172 2.884926 2.149079
v 0.395011 2.884926 2.048669
v 0.377382 2.884926 1.937364
v 0.395011 2.884926 1.826059
v 0.446172 2.884926 1.725649
v 0.525858 2.884926 1.645964
v 0.626267 2.884926 1.594802
v 0.626267 2.884926 0.757297
v 0.525858 2.884926 0.706136
v 0.446172 2.884926 0.626450
v -0.649261 2.884926 1.577173
v -0.537956 2.884926 1.594802
v -0.437546 2.884926 1.645964
v -0.357860 2.884926 1.725649
v -0.306699 2.884926 1.826059
v -0.289070 2.884926 1.937364
v -0.306699 2.884926 2.048669
v -0.357860 2.884926 2.149079
v -0.437546 2.884926 2.228765
v -0.537956 2.884926 2.279926
v -0.649261 2.884926 2.297555
v -0.760566 2.884926 2.279926
v -0.860976 2.884926 2.228765
v -0.940661 2.884926 2.149079
v -0.991823 2.884926 2.048669
v -1.009452 2.884926 1.937364
v -0.991823 2.884926 1.826059
v -0.940661 2.884926 1.725649
v -0.860976 2.884926 1.645964
v -0.760566 2.884926 1.594802
v 0.395011 2.884926 0.526040
v 0.377382 2.884926 0.414735
v 0.395011 2.884926 0.303430
v 0.446172 2.884926 0.203020
v 0.525858 2.884926 0.123335
v 0.626267 2.884926 0.072173
v -0.649261 2.884926 0.054544
v -0.537956 2.884926 0.072173
v -0.437546 2.884926 0.123335
v -0.357860 2.884926 0.203020
v -0.306699 2.884926 0.303430
v -0.289070 2.884926 0.414735
v -0.306699 2.884926 0.526040
v -0.357860 2.884926 0.626450
v -0.437546 2.884926 0.706136
v -0.537956 2.884926 0.757297
v -0.649261 2.884926 0.774926
v -0.760566 2.884926 0.757297
v -0.860976 2.884926 0.706136
v -0.940661 2.884926 0.626450
v -0.991823 2.884926 0.526040
v -1.009452 2.884926 0.414735
v -0.991823 2.884926 0.303430
v -0.940661 2.884926 0.203020
v -0.860976 2.884926 0.123335
v -0.760566 2.884926 0.072173
v 0.626267 2.884926 -0.889317
v 0.525858 2.884926 -0.940479
v 0.446172 2.884926 -1.020164
v 0.395011 2.884926 -1.120574
v 0.377382 2.884926 -1.231879
v 0.395011 2.884926 -1.343184
v 0.446172 2.884926 -1.443594
v 0.525858 2.884926 -1.523280
v 0.626267 2.884926 -1.574441
v 0.626213 2.882670 -1.574610
v 0.737573 2.882670 -1.592248
v 0.848933 2.882670 -1.574610
v 0.949392 2.882670 -1.523424
v 1.029117 2.882670 -1.443699
v 1.080303 2.882670 -1.343239
v 1.097941 2.882670 -1.231879
v 1.080303 2.882670 -1.120519
v 1.029117 2.882670 -1.020060
v 0.949392 2.882670 -0.940335
v 0.848933 2.882670 -0.889148
v 0.737573 2.882670 -0.871511
v 0.737573 2.882670 0.054367
v 0.848933 2.882670 0.072004
v 0.949392 2.882670 0.123191
v 1.029117 2.882670 0.202916
v 1.080303 2.882670 0.303375
v 1.097941 2.882670 0.414735
v 1.080303 2.882670 0.526095
v 1.029117 2.882670 0.626555
v 0.949392 2.882670 0.706280
v 0.848933 2.882670 0.757466
v 0.737573 2.882670 0.775104
v 0.737573 2.882670 1.576996
v 0.848933 2.882670 1.594633
v 0.949392 2.882670 1.645820
v 1.029117 2.882670 1.725545
v 1.080303 2.882670 1.826004
v 1.097941 2.882670 1.937364
v 1.080303 2.882670 2.048724
v 1.029117 2.882670 2.149183
v 0.949392 2.882670 2.228908
v 0.848933 2.882670 2.280095
v 0.737573 2.882670 2.297733
v 0.626213 2.882670 2.280095
v 0.525753 2.882670 2.228908
v 0.446028 2.882670 2.149183
v 0.394842 2.882670 2.048724
v 0.377204 2.882670 1.937364
v 0.394842 2.882670 1.826004
v 0.446028 2.882670 1.725545
v 0.525753 2.882670 1.645820
v 0.626213 2.882670 1.594633
v 0.626213 2.882670 0.757466
v 0.525753 2.882670 0.706280
v 0.446028 2.882670 0.626555
v -0.649261 2.882670 1.576996
v -0.537901 2.882670 1.594633
v -0.437442 2.882670 1.645820
v -0.357717 2.882670 1.725545
v -0.306530 2.882670 1.826004
v -0.288892 2.882670 1.937364
v -0.306530 2.882670 2.048724
v -0.357717 2.882670 2.149183
v -0.437442 2.882670 2.228908
v -0.537901 2.882670 2.280095
v -0.649261 2.882670 2.297733
v -0.760621 2.882670 2.280095
v -0.861080 2.882670 2.228908
v -0.940805 2.882670 2.149183
v -0.991992 2.882670 2.048724
v -1.009629 2.882670 1.937364
v -0.991992 2.882670 1.826004
v -0.940805 2.882670 1.725545
v -0.861080 2.882670 1.645820
v -0.760621 2.882670 1.594633
v 0.394842 2.882670 0.526095
v 0.377204 2.882670 0.414735
v 0.394842 2.882670 0.303375
v 0.446028 2.882670 0.202916
v 0.525753 2.882670 0.123191
v 0.626213 2.882670 0.072004
v -0.649261 2.882670 0.054367
v -0.537901 2.882670 0.072004
v -0.437442 2.882670 0.123191
v -0.357717 2.882670 0.202916
v -0.306530 2.882670 0.303375
v -0.288892 2.882670 0.414735
v -0.306530 2.882670 0.526095
v -0.357717 2.882670 0.626555
v -0.437442 2.882670 0.706280
v -0.537901 2.882670 0.757466
v -0.649261 2.882670 0.775104
v -0.760621 2.882670 0.757466
v -0.861080 2.882670 0.706280
v -0.940805 2.882670 0.626555
v -0.991992 2.882670 0.526095
v -1.009629 2.882670 0.414735
v -0.991992 2.882670 0.303375
v -0.940805 2.882670 0.202916
v -0.861080 2.882670 0.123191
v -0.760621 2.882670 0.072004
v 0.626213 2.882670 -0.889148
v 0.525753 2.882670 -0.940335
v 0.446028 2.882670 -1.020060
v 0.394842 2.882670 -1.120519
v 0.377204 2.882670 -1.231879
v 0.394842 2.882670 -1.343239
v 0.446028 2.882670 -1.443699
v 0.525753 2.882670 -1.523424
v 0.627584 2.826296 -1.570391
v 0.737573 2.826296 -1.587811
v 0.847562 2.826296 -1.570391
v 0.946784 2.826296 -1.519834
v 1.025527 2.826296 -1.441091
v 1.076084 2.826296 -1.341868
v 1.093504 2.826296 -1.231879
v 1.076084 2.826296 -1.121890
v 1.025527 2.826296 -1.022668
v 0.946784 2.826296 -0.943924
v 0.847561 2.826296 -0.893368
v 0.737573 2.826296 -0.875948
v 0.737573 2.826296 0.058803
v 0.847562 2.826296 0.076224
v 0.946784 2.826296 0.126780
v 1.025527 2.826296 0.205524
v 1.076084 2.826296 0.304746
v 1.093504 2.826296 0.414735
v 1.076084 2.826296 0.524724
v 1.025527 2.826296 0.623947
v 0.946784 2.826296 0.702690
v 0.847561 2.826296 0.753246
v 0.737573 2.826296 0.770667
v 0.737573 2.826296 1.581432
v 0.847562 2.826296 1.598853
v 0.946784 2.826296 1.649409
v 1.025527 2.826296 1.728153
v 1.076084 2.826296 1.827375
v 1.093504 2.826296 1.937364
v 1.076084 2.826296 2.047353
v 1.025527 2.826296 2.146576
v 0.946784 2.826296 2.225319
v 0.847561 2.826296 2.275875
v 0.737573 2.826296 2.293296
v 0.627584 2.826296 2.275875
v 0.528361 2.826296 2.225319
v 0.449618 2.826296 2.146576
v 0.399061 2.826296 2.047353
v 0.381641 2.826296 1.937364
v 0.399061 2.826296 1.827375
v 0.449618 2.826296 1.728153
v 0.528361 2.826296 1.649409
v 0.627584 2.826296 1.598853
v 0.627584 2.826296 0.753246
v 0.528361 2.826296 0.702690
v 0.449618 2.826296 0.623947
v -0.649261 2.826296 1.581432
v -0.539272 2.826296 1.598853
v -0.440049 2.826296 1.649409
v -0.361306 2.826296 1.728153
v -0.310750 2.826296 1.827375
v -0.293329 2.826296 1.937364
v -0.310750 2.826296 2.047353
v -0.361306 2.826296 2.146576
v -0.440049 2.826296 2.225319
v -0.539272 2.826296 2.275875
v -0.649261 2.826296 2.293296
v -0.759250 2.826296 2.275875
v -0.858472 2.826296 2.225319
v -0.937216 2.826296 2.146576
v -0.987772 2.826296 2.047353
v -1.005193 2.826296 1.937364
v -0.987772 2.826296 1.827375
v -0.937216 2.826296 1.728153
v -0.858472 2.826296 1.649409
v -0.759250 2.826296 1.598853
v 0.399061 2.826296 0.524724
v 0.381641 2.826296 0.414735
v 0.399061 2.826296 0.304746
v 0.449618 2.826296 0.205524
v 0.528361 2.826296 0.126780
v 0.627584 2.826296 0.076224
v -0.649261 2.826296 0.058803
v -0.539272 2.826296 0.076224
v -0.440049 2.826296 0.126780
v -0.361306 2.826296 0.205524
v -0.310750 2.826296 0.304746
v -0.293329 2.826296 0.414735
v -0.310750 2.826296 0.524724
v -0.361306 2.826296 0.623947
v -0.440049 2.826296 0.702690
v -0.539272 2.826296 0.753246
v -0.649261 2.826296 0.770667
v -0.759250 2.826296 0.753246
v -0.858472 2.826296 0.702690
v -0.937216 2.826296 0.623947
v -0.987772 2.826296 0.524724
v -1.005193 2.826296 0.414735
v -0.987772 2.826296 0.304746
v -0.937216 2.826296 0.205524
v -0.858472 2.826296 0.126780
v -0.759250 2.826296 0.076224
v 0.627584 2.826296 -0.893368
v 0.528361 2.826296 -0.943924
v 0.449618 2.826296 -1.022668
v 0.399061 2.826296 -1.121890
v 0.381641 2.826296 -1.231879
v 0.399061 2.826296 -1.341868
v 0.449618 2.826296 -1.441091
v 0.528361 2.826296 -1.519834
v 0.631663 2.771310 -1.557836
v 0.737573 2.771310 -1.574610
v 0.843482 2.771310 -1.557836
v 0.939025 2.771310 -1.509154
v 1.014848 2.771310 -1.433331
v 1.063529 2.771310 -1.337789
v 1.080303 2.771310 -1.231879
v 1.063529 2.771310 -1.125970
v 1.014848 2.771310 -1.030427
v 0.939025 2.771310 -0.954604
v 0.843482 2.771310 -0.905923
v 0.737573 2.771310 -0.889148
v 0.737573 2.771310 0.072004
v 0.843482 2.771310 0.088779
v 0.939025 2.771310 0.137460
v 1.014848 2.771310 0.213283
v 1.063529 2.771310 0.308826
v 1.080303 2.771310 0.414735
v 1.063529 2.771310 0.520645
v 1.014848 2.771310 0.616187
v 0.939025 2.771310 0.692010
v 0.843482 2.771310 0.740692
v 0.737573 2.771310 0.757466
v 0.737573 2.771310 1.594633
v 0.843482 2.771310 1.611408
v 0.939025 2.771310 1.660089
v 1.014848 2.771310 1.735912
v 1.063529 2.771310 1.831454
v 1.080303 2.771310 1.937364
v 1.063529 2.771310 2.043274
v 1.014848 2.771310 2.138816
v 0.939025 2.771310 2.214639
v 0.843482 2.771310 2.263321
v 0.737573 2.771310 2.280095
v 0.631663 2.771310 2.263321
v 0.536120 2.771310 2.214639
v 0.460297 2.771310 2.138816
v 0.411616 2.771310 2.043274
v 0.394842 2.771310 1.937364
v 0.411616 2.771310 1.831455
v 0.460297 2.771310 1.735912
v 0.536120 2.771310 1.660089
v 0.631663 2.771310 1.611408
v 0.631663 2.771310 0.740692
v 0.536120 2.771310 0.692010
v 0.460297 2.771310 0.616187
v -0.649261 2.771310 1.594633
v -0.543351 2.771310 1.611408
v -0.447809 2.771310 1.660089
v -0.371986 2.771310 1.735912
v -0.323304 2.771310 1.831454
v -0.306530 2.771310 1.937364
v -0.323305 2.771310 2.043274
v -0.371986 2.771310 2.138816
v -0.447809 2.771310 2.214639
v -0.543351 2.771310 2.263321
v -0.649261 2.771310 2.280095
v -0.755171 2.771310 2.263321
v -0.850713 2.771310 2.214639
v -0.926536 2.771310 2.138816
v -0.975217 2.771310 2.043274
v -0.991992 2.771310 1.937364
v -0.975217 2.771310 1.831455
v -0.926536 2.771310 1.735912
v -0.850713 2.771310 1.660089
v -0.755171 2.771310 1.611408
v 0.411616 2.771310 0.520645
v 0.394842 2.771310 0.414735
v 0.411616 2.771310 0.308826
v 0.460297 2.771310 0.213283
v 0.536120 2.771310 0.137460
v 0.631663 2.771310 0.088779
v -0.649261 2.771310 0.072004
v -0.543351 2.771310 0.088779
v -0.447809 2.771310 0.137460
v -0.371986 2.771310 0.213283
v -0.323304 2.771310 0.308826
v -0.306530 2.771310 0.414735
v -0.323305 2.771310 0.520645
v -0.371986 2.771310 0.616187
v -0.447809 2.771310 0.692010
v -0.543351 2.771310 0.740692
v -0.649261 2.771310 0.757466
v -0.755171 2.771310 0.740692
v -0.850713 2.771310 0.692010
v -0.926536 2.771310 0.616187
v -0.975217 2.771310 0.520645
v -0.991992 2.771310 0.414735
v -0.975217 2.771310 0.308826
v -0.926536 2.771310 0.213283
v -0.850713 2.771310 0.137460
v -0.755171 2.771310 0.088779
v 0.631663 2.771310 -0.905923
v 0.536120 2.771310 -0.954604
v 0.460297 2.771310 -1.030427
v 0.411616 2.771310 -1.125970
v 0.394842 2.771310 -1.231879
v 0.411616 2.771310 -1.337789
v 0.460297 2.771310 -1.433331
v 0.536120 2.771310 -1.509154
v 0.638350 2.719066 -1.537255
v 0.737573 2.719066 -1.552970
v 0.836795 2.719066 -1.537255
v 0.926305 2.719066 -1.491647
v 0.997340 2.719066 -1.420612
v 1.042948 2.719066 -1.331102
v 1.058663 2.719066 -1.231879
v 1.042948 2.719066 -1.132657
v 0.997340 2.719066 -1.043147
v 0.926305 2.719066 -0.972111
v 0.836795 2.719066 -0.926504
v 0.737573 2.719066 -0.910789
v 0.737573 2.719066 0.093645
v 0.836795 2.719066 0.109360
v 0.926305 2.719066 0.154967
v 0.997340 2.719066 0.226003
v 1.042948 2.719066 0.315513
v 1.058663 2.719066 0.414735
v 1.042948 2.719066 0.513958
v 0.997340 2.719066 0.603468
v 0.926305 2.719066 0.674503
v 0.836795 2.719066 0.720111
v 0.737573 2.719066 0.735826
v 0.737573 2.719066 1.616273
v 0.836795 2.719066 1.631989
v 0.926305 2.719066 1.677596
v 0.997340 2.719066 1.748632
v 1.042948 2.719066 1.838142
v 1.058663 2.719066 1.937364
v 1.042948 2.719066 2.036587
v 0.997340 2.719066 2.126097
v 0.926305 2.719066 2.197132
v 0.836795 2.719066 2.242740
v 0.737573 2.719066 2.258455
v 0.638350 2.719066 2.242740
v 0.548840 2.719066 2.197132
v 0.477805 2.719066 2.126097
v 0.432197 2.719066 2.036587
v 0.416482 2.719066 1.937364
v 0.432197 2.719066 1.838142
v 0.477805 2.719066 1.748632
v 0.548840 2.719066 1.677596
v 0.638350 2.719066 1.631989
v 0.638350 2.719066 0.720111
v 0.548840 2.719066 0.674503
v 0.477805 2.719066 0.603468
v -0.649261 2.719066 1.616273
v -0.550038 2.719066 1.631989
v -0.460528 2.719066 1.677596
v -0.389493 2.719066 1.748632
v -0.343885 2.719066 1.838142
v -0.328170 2.719066 1.937364
v -0.343886 2.719066 2.036587
v -0.389493 2.719066 2.126097
v -0.460529 2.719066 2.197132
v -0.550038 2.719066 2.242740
v -0.649261 2.719066 2.258455
v -0.748483 2.719066 2.242740
v -0.837993 2.719066 2.197132
v -0.909029 2.719066 2.126097
v -0.954636 2.719066 2.036587
v -0.970352 2.719066 1.937364
v -0.954636 2.719066 1.838142
v -0.909029 2.719066 1.748632
v -0.837993 2.719066 1.677596
v -0.748483 2.719066 1.631989
v 0.432197 2.719066 0.513958
v 0.416482 2.719066 0.414735
v 0.432197 2.719066 0.315513
v 0.477805 2.719066 0.226003
v 0.548840 2.719066 0.154967
v 0.638350 2.719066 0.109360
v -0.649261 2.719066 0.093645
v -0.550038 2.719066 0.109360
v -0.460528 2.719066 0.154967
v -0.389493 2.719066 0.226003
v -0.343885 2.719066 0.315513
v -0.328170 2.719066 0.414735
v -0.343886 2.719066 0.513958
v -0.389493 2.719066 0.603468
v -0.460529 2.719066 0.674503
v -0.550038 2.719066 0.720111
v -0.649261 2.719066 0.735826
v -0.748483 2.719066 0.720111
v -0.837993 2.719066 0.674503
v -0.909029 2.719066 0.603468
v -0.954636 2.719066 0.513958
v -0.970352 2.719066 0.414735
v -0.954636 2.719066 0.315513
v -0.909029 2.719066 0.226003
v -0.837993 2.719066 0.154967
v -0.748483 2.719066 0.109360
v 0.638350 2.719066 -0.926504
v 0.548840 2.719066 -0.972111
v 0.477805 2.719066 -1.043147
v 0.432197 2.719066 -1.132657
v 0.416482 2.719066 -1.231879
v 0.432197 2.719066 -1.331102
v 0.477805 2.719066 -1.420612
v 0.548840 2.719066 -1.491647
v 0.647480 2.670851 -1.509154
v 0.737573 2.670851 -1.523424
v 0.827665 2.670851 -1.509154
v 0.908938 2.670851 -1.467744
v 0.973437 2.670851 -1.403245
v 1.014848 2.670851 -1.321971
v 1.029117 2.670851 -1.231879
v 1.014848 2.670851 -1.141787
v 0.973437 2.670851 -1.060514
v 0.908938 2.670851 -0.996015
v 0.827665 2.670851 -0.954604
v 0.737573 2.670851 -0.940335
v 0.737573 2.670851 0.123191
v 0.827665 2.670851 0.137460
v 0.908938 2.670851 0.178871
v 0.973437 2.670851 0.243370
v 1.014848 2.670851 0.324643
v 1.029117 2.670851 0.414735
v 1.014848 2.670851 0.504827
v 0.973437 2.670851 0.586101
v 0.908938 2.670851 0.650600
v 0.827665 2.670851 0.692010
v 0.737573 2.670851 0.706280
v 0.737573 2.670851 1.645820
v 0.827665 2.670851 1.660089
v 0.908938 2.670851 1.701500
v 0.973437 2.670851 1.765999
v 1.014848 2.670851 1.847272
v 1.029117 2.670851 1.937364
v 1.014848 2.670851 2.027456
v 0.973437 2.670851 2.108730
v 0.908938 2.670851 2.173228
v 0.827665 2.670851 2.214639
v 0.737573 2.670851 2.228908
v 0.647480 2.670851 2.214639
v 0.566207 2.670851 2.173228
v 0.501708 2.670851 2.108730
v 0.460297 2.670851 2.027456
v 0.446028 2.670851 1.937364
v 0.460297 2.670851 1.847272
v 0.501708 2.670851 1.765999
v 0.566207 2.670851 1.701500
v 0.647480 2.670851 1.660089
v 0.647480 2.670851 0.692010
v 0.566207 2.670851 0.650600
v 0.501708 2.670851 0.586101
v -0.649261 2.670851 1.645820
v -0.559169 2.670851 1.660089
v -0.477895 2.670851 1.701500
v -0.413397 2.670851 1.765999
v -0.371986 2.670851 1.847272
v -0.357717 2.670851 1.937364
v -0.371986 2.670851 2.027456
v -0.413397 2.670851 2.108730
v -0.477895 2.670851 2.173228
v -0.559169 2.670851 2.214639
v -0.649261 2.670851 2.228908
v -0.739353 2.670851 2.214639
v -0.820626 2.670851 2.173228
v -0.885125 2.670851 2.108730
v -0.926536 2.670851 2.027456
v -0.940805 2.670851 1.937364
v -0.926536 2.670851 1.847272
v -0.885125 2.670851 1.765999
v -0.820626 2.670851 1.701500
v -0.739353 2.670851 1.660089
v 0.460297 2.670851 0.504827
v 0.446028 2.670851 0.414735
v 0.460297 2.670851 0.324643
v 0.501708 2.670851 0.243370
v 0.566207 2.670851 0.178871
v 0.647480 2.670851 0.137460
v -0.649261 2.670851 0.123191
v -0.559169 2.670851 0.137460
v -0.477895 2.670851 0.178871
v -0.413397 2.670851 0.243370
v -0.371986 2.670851 0.324643
v -0.357717 2.670851 0.414735
v -0.371986 2.670851 0.504827
v -0.413397 2.670851 0.586101
v -0.477895 2.670851 0.650600
v -0.559169 2.670851 0.692010
v -0.649261 2.670851 0.706280
v -0.739353 2.670851 0.692010
v -0.820626 2.670851 0.650600
v -0.885125 2.670851 0.586101
v -0.926536 2.670851 0.504827
v -0.940805 2.670851 0.414735
v -0.926536 2.670851 0.324643
v -0.885125 2.670851 0.243370
v -0.820626 2.670851 0.178871
v -0.739353 2.670851 0.137460
v 0.647480 2.670851 -0.954604
v 0.566207 2.670851 -0.996015
v 0.501708 2.670851 -1.060514
v 0.460297 2.670851 -1.141787
v 0.446028 2.670851 -1.231879
v 0.460297 2.670851 -1.321971
v 0.501708 2.670851 -1.403245
v 0.566207 2.670851 -1.467744
v 0.658829 2.627851 -1.474227
v 0.737573 2.627851 -1.486698
v 0.816316 2.627851 -1.474227
v 0.887351 2.627851 -1.438032
v 0.943726 2.627851 -1.381658
v 0.979920 2.627851 -1.310623
v 0.992391 2.627851 -1.231879
v 0.979920 2.627851 -1.153136
v 0.943725 2.627851 -1.082100
v 0.887351 2.627851 -1.025726
v 0.816316 2.627851 -0.989532
v 0.737573 2.627851 -0.977060
v 0.737573 2.627851 0.159916
v 0.816316 2.627851 0.172388
v 0.887351 2.627851 0.208582
v 0.943726 2.627851 0.264956
v 0.979920 2.627851 0.335992
v 0.992391 2.627851 0.414735
v 0.979920 2.627851 0.493479
v 0.943725 2.627851 0.564514
v 0.887351 2.627851 0.620888
v 0.816316 2.627851 0.657083
v 0.737573 2.627851 0.669554
v 0.737573 2.627851 1.682545
v 0.816316 2.627851 1.695017
v 0.887351 2.627851 1.731211
v 0.943726 2.627851 1.787585
v 0.979920 2.627851 1.858621
v 0.992391 2.627851 1.937364
v 0.979920 2.627851 2.016108
v 0.943725 2.627851 2.087143
v 0.887351 2.627851 2.143517
v 0.816316 2.627851 2.179711
v 0.737573 2.627851 2.192183
v 0.658829 2.627851 2.179711
v 0.587794 2.627851 2.143517
v 0.531420 2.627851 2.087143
v 0.495225 2.627851 2.016108
v 0.482754 2.627851 1.937364
v 0.495225 2.627851 1.858621
v 0.531420 2.627851 1.787585
v 0.587794 2.627851 1.731211
v 0.658829 2.627851 1.695017
v 0.658829 2.627851 0.657083
v 0.587794 2.627851 0.620888
v 0.531420 2.627851 0.564514
v -0.649261 2.627851 1.682545
v -0.570517 2.627851 1.695017
v -0.499482 2.627851 1.731211
v -0.443108 2.627851 1.787585
v -0.406914 2.627851 1.858621
v -0.394442 2.627851 1.937364
v -0.406914 2.627851 2.016108
v -0.443108 2.627851 2.087143
v -0.499482 2.627851 2.143517
v -0.570517 2.627851 2.179711
v -0.649261 2.627851 2.192183
v -0.728004 2.627851 2.179711
v -0.799040 2.627851 2.143517
v -0.855414 2.627851 2.087143
v -0.891608 2.627851 2.016108
v -0.904080 2.627851 1.937364
v -0.891608 2.627851 1.858621
v -0.855414 2.627851 1.787585
v -0.799040 2.627851 1.731211
v -0.728004 2.627851 1.695017
v 0.495225 2.627851 0.493479
v 0.482754 2.627851 0.414735
v 0.495225 2.627851 0.335992
v 0.531420 2.627851 0.264956
v 0.587794 2.627851 0.208582
v 0.658829 2.627851 0.172388
v -0.649261 2.627851 0.159916
v -0.570517 2.627851 0.172388
v -0.499482 2.627851 0.208582
v -0.443108 2.627851 0.264956
v -0.406914 2.627851 0.335992
v -0.394442 2.627851 0.414735
v -0.406914 2.627851 0.493479
v -0.443108 2.627851 0.564514
v -0.499482 2.627851 0.620888
v -0.570517 2.627851 0.657083
v -0.649261 2.627851 0.669554
v -0.728004 2.627851 0.657083
v -0.799040 2.627851 0.620888
v -0.855414 2.627851 0.564514
v -0.891608 2.627851 0.493479
v -0.904080 2.627851 0.414735
v -0.891608 2.627851 0.335992
v -0.855414 2.627851 0.264956
v -0.799040 2.627851 0.208582
v -0.728004 2.627851 0.172388
v 0.658829 2.627851 -0.989532
v 0.587794 2.627851 -1.025726
v 0.531420 2.627851 -1.082100
v 0.495225 2.627851 -1.153136
v 0.482754 2.627851 -1.231879
v 0.495225 2.627851 -1.310623
v 0.531420 2.627851 -1.381658
v 0.587794 2.627851 -1.438032
v 0.672117 2.591126 -1.433331
v 0.737573 2.591126 -1.443699
v 0.803028 2.591126 -1.433331
v 0.862077 2.591126 -1.403245
v 0.908938 2.591126 -1.356384
v 0.939025 2.591126 -1.297335
v 0.949392 2.591126 -1.231879
v 0.939025 2.591126 -1.166423
v 0.908938 2.591126 -1.107375
v 0.862077 2.591126 -1.060514
v 0.803028 2.591126 -1.030427
v 0.737573 2.591126 -1.020060
v 0.737573 2.591126 0.202916
v 0.803028 2.591126 0.213283
v 0.862077 2.591126 0.243370
v 0.908938 2.591126 0.290231
v 0.939025 2.591126 0.349280
v 0.949392 2.591126 0.414735
v 0.939025 2.591126 0.480191
v 0.908938 2.591126 0.539240
v 0.862077 2.591126 0.586101
v 0.803028 2.591126 0.616187
v 0.737573 2.591126 0.626555
v 0.737573 2.591126 1.725545
v 0.803028 2.591126 1.735912
v 0.862077 2.591126 1.765999
v 0.908938 2.591126 1.812860
v 0.939025 2.591126 1.871908
v 0.949392 2.591126 1.937364
v 0.939025 2.591126 2.002820
v 0.908938 2.591126 2.061868
v 0.862077 2.591126 2.108730
v 0.803028 2.591126 2.138816
v 0.737573 2.591126 2.149183
v 0.672117 2.591126 2.138816
v 0.613068 2.591126 2.108730
v 0.566207 2.591126 2.061868
v 0.536120 2.591126 2.002820
v 0.525753 2.591126 1.937364
v 0.536120 2.591126 1.871908
v 0.566207 2.591126 1.812860
v 0.613068 2.591126 1.765999
v 0.672117 2.591126 1.735912
v 0.672117 2.591126 0.616187
v 0.613068 2.591126 0.586101
v 0.566207 2.591126 0.539240
v -0.649261 2.591126 1.725545
v -0.583805 2.591126 1.735912
v -0.524757 2.591126 1.765999
v -0.477895 2.591126 1.812860
v -0.447809 2.591126 1.871908
v -0.437442 2.591126 1.937364
v -0.447809 2.591126 2.002820
v -0.477895 2.591126 2.061868
v -0.524757 2.591126 2.108730
v -0.583805 2.591126 2.138816
v -0.649261 2.591126 2.149183
v -0.714717 2.591126 2.138816
v -0.773765 2.591126 2.108730
v -0.820626 2.591126 2.061868
v -0.850713 2.591126 2.002820
v -0.861080 2.591126 1.937364
v -0.850713 2.591126 1.871908
v -0.820626 2.591126 1.812860
v -0.773765 2.591126 1.765999
v -0.714717 2.591126 1.735912
v 0.536120 2.591126 0.480191
v 0.525753 2.591126 0.414735
v 0.536120 2.591126 0.349280
v 0.566207 2.591126 0.290231
v 0.613068 2.591126 0.243370
v 0.672117 2.591126 0.213283
v -0.649261 2.591126 0.202916
v -0.583805 2.591126 0.213283
v -0.524757 2.591126 0.243370
v -0.477895 2.591126 0.290231
v -0.447809 2.591126 0.349280
v -0.437442 2.591126 0.414735
v -0.447809 2.591126 0.480191
v -0.477895 2.591126 0.539240
v -0.524757 2.591126 0.586101
v -0.583805 2.591126 0.616187
v -0.649261 2.591126 0.626555
v -0.714717 2.591126 0.616187
v -0.773765 2.591126 0.586101
v -0.820626 2.591126 0.539240
v -0.850713 2.591126 0.480191
v -0.861080 2.591126 0.414735
v -0.850713 2.591126 0.349280
v -0.820626 2.591126 0.290231
v -0.773765 2.591126 0.243370
v -0.714717 2.591126 0.213283
v 0.672117 2.591126 -1.030427
v 0.613068 2.591126 -1.060514
v 0.566207 2.591126 -1.107375
v 0.536120 2.591126 -1.166423
v 0.525753 2.591126 -1.231879
v 0.536120 2.591126 -1.297335
v 0.566207 2.591126 -1.356383
v 0.613068 2.591126 -1.403245
v 0.687016 2.561579 -1.387476
v 0.737573 2.561579 -1.395483
v 0.788129 2.561579 -1.387476
v 0.833737 2.561579 -1.364238
v 0.869931 2.561579 -1.328043
v 0.893169 2.561579 -1.282436
v 0.901176 2.561579 -1.231879
v 0.893169 2.561579 -1.181323
v 0.869931 2.561579 -1.135715
v 0.833736 2.561579 -1.099521
v 0.788129 2.561579 -1.076283
v 0.737573 2.561579 -1.068275
v 0.737573 2.561579 0.251131
v 0.788129 2.561579 0.259139
v 0.833737 2.561579 0.282377
v 0.869931 2.561579 0.318571
v 0.893169 2.561579 0.364179
v 0.901176 2.561579 0.414735
v 0.893169 2.561579 0.465292
v 0.869931 2.561579 0.510899
v 0.833736 2.561579 0.547094
v 0.788129 2.561579 0.570332
v 0.737573 2.561579 0.578339
v 0.737573 2.561579 1.773760
v 0.788129 2.561579 1.781768
v 0.833737 2.561579 1.805006
v 0.869931 2.561579 1.841200
v 0.893169 2.561579 1.886808
v 0.901176 2.561579 1.937364
v 0.893169 2.561579 1.987921
v 0.869931 2.561579 2.033528
v 0.833736 2.561579 2.069723
v 0.788129 2.561579 2.092961
v 0.737573 2.561579 2.100968
v 0.687016 2.561579 2.092961
v 0.641409 2.561579 2.069723
v 0.605214 2.561579 2.033528
v 0.581976 2.561579 1.987921
v 0.573969 2.561579 1.937364
v 0.581976 2.561579 1.886808
v 0.605214 2.561579 1.841200
v 0.641409 2.561579 1.805006
v 0.687016 2.561579 1.781768
v 0.687016 2.561579 0.570332
v 0.641409 2.561579 0.547094
v 0.605214 2.561579 0.510899
v -0.649261 2.561579 1.773760
v -0.598704 2.561579 1.781768
v -0.553097 2.561579 1.805006
v -0.516903 2.561579 1.841200
v -0.493664 2.561579 1.886808
v -0.485657 2.561579 1.937364
v -0.493664 2.561579 1.987921
v -0.516903 2.561579 2.033528
v -0.553097 2.561579 2.069723
v -0.598705 2.561579 2.092961
v -0.649261 2.561579 2.100968
v -0.699817 2.561579 2.092961
v -0.745425 2.561579 2.069723
v -0.781619 2.561579 2.033528
v -0.804857 2.561579 1.987921
v -0.812865 2.561579 1.937364
v -0.804857 2.561579 1.886808
v -0.781619 2.561579 1.841200
v -0.745425 2.561579 1.805006
v -0.699817 2.561579 1.781768
v 0.581976 2.561579 0.465292
v 0.573969 2.561579 0.414735
v 0.581976 2.561579 0.364179
v 0.605214 2.561579 0.318571
v 0.641409 2.561579 0.282377
v 0.687016 2.561579 0.259139
v -0.649261 2.561579 0.251131
v -0.598704 2.561579 0.259139
v -0.553097 2.561579 0.282377
v -0.516903 2.561579 0.318571
v -0.493664 2.561579 0.364179
v -0.485657 2.561579 0.414735
v -0.493664 2.561579 0.465292
v -0.516903 2.561579 0.510899
v -0.553097 2.561579 0.547094
v -0.598705 2.561579 0.570332
v -0.649261 2.561579 0.578339
v -0.699817 2.561579 0.570332
v -0.745425 2.561579 0.547094
v -0.781619 2.561579 0.510899
v -0.804857 2.561579 0.465292
v -0.812865 2.561579 0.414735
v -0.804857 2.561579 0.364179
v -0.781619 2.561579 0.318571
v -0.745425 2.561579 0.282377
v -0.699817 2.561579 0.259139
v 0.687016 2.561579 -1.076283
v 0.641409 2.561579 -1.099521
v 0.605214 2.561579 -1.135715
v 0.581976 2.561579 -1.181323
v 0.573969 2.561579 -1.231879
v 0.581976 2.561579 -1.282436
v 0.605214 2.561579 -1.328043
v 0.641409 2.561579 -1.364238
v 0.703160 2.539939 -1.337789
v 0.737573 2.539939 -1.343239
v 0.771985 2.539939 -1.337789
v 0.803028 2.539939 -1.321971
v 0.827665 2.539939 -1.297335
v 0.843482 2.539939 -1.266291
v 0.848933 2.539939 -1.231879
v 0.843482 2.539939 -1.197467
v 0.827665 2.539939 -1.166423
v 0.803028 2.539939 -1.141787
v 0.771985 2.539939 -1.125970
v 0.737573 2.539939 -1.120519
v 0.737573 2.539939 0.303375
v 0.771985 2.539939 0.308826
v 0.803028 2.539939 0.324643
v 0.827665 2.539939 0.349280
v 0.843482 2.539939 0.380323
v 0.848933 2.539939 0.414735
v 0.843482 2.539939 0.449147
v 0.827665 2.539939 0.480191
v 0.803028 2.539939 0.504827
v 0.771985 2.539939 0.520645
v 0.737573 2.539939 0.526095
v 0.737573 2.539939 1.826004
v 0.771985 2.539939 1.831454
v 0.803028 2.539939 1.847272
v 0.827665 2.539939 1.871908
v 0.843482 2.539939 1.902952
v 0.848933 2.539939 1.937364
v 0.843482 2.539939 1.971776
v 0.827665 2.539939 2.002820
v 0.803028 2.539939 2.027456
v 0.771985 2.539939 2.043274
v 0.737573 2.539939 2.048724
v 0.703160 2.539939 2.043274
v 0.672117 2.539939 2.027456
v 0.647480 2.539939 2.002820
v 0.631663 2.539939 1.971776
v 0.626213 2.539939 1.937364
v 0.631663 2.539939 1.902952
v 0.647480 2.539939 1.871908
v 0.672117 2.539939 1.847272
v 0.703160 2.539939 1.831454
v 0.703160 2.539939 0.520645
v 0.672117 2.539939 0.504827
v 0.647480 2.539939 0.480191
v -0.649261 2.539939 1.826004
v -0.614849 2.539939 1.831454
v -0.583805 2.539939 1.847272
v -0.559169 2.539939 1.871908
v -0.543351 2.539939 1.902952
v -0.537901 2.539939 1.937364
v -0.543351 2.539939 1.971776
v -0.559169 2.539939 2.002820
v -0.583805 2.539939 2.027456
v -0.614849 2.539939 2.043274
v -0.649261 2.539939 2.048724
v -0.683673 2.539939 2.043274
v -0.714717 2.539939 2.027456
v -0.739353 2.539939 2.002820
v -0.755171 2.539939 1.971776
v -0.760621 2.539939 1.937364
v -0.755171 2.539939 1.902952
v -0.739353 2.539939 1.871908
v -0.714717 2.539939 1.847272
v -0.683673 2.539939 1.831454
v 0.631663 2.539939 0.449147
v 0.626213 2.539939 0.414735
v 0.631663 2.539939 0.380323
v 0.647480 2.539939 0.349280
v 0.672117 2.539939 0.324643
v 0.703160 2.539939 0.308826
v -0.649261 2.539939 0.303375
v -0.614849 2.539939 0.308826
v -0.583805 2.539939 0.324643
v -0.559169 2.539939 0.349280
v -0.543351 2.539939 0.380323
v -0.537901 2.539939 0.414735
v -0.543351 2.539939 0.449147
v -0.559169 2.539939 0.480191
v -0.583805 2.539939 0.504827
v -0.614849 2.539939 0.520645
v -0.649261 2.539939 0.526095
v -0.683673 2.539939 0.520645
v -0.714717 2.539939 0.504827
v -0.739353 2.539939 0.480191
v -0.755171 2.539939 0.449147
v -0.760621 2.539939 0.414735
v -0.755171 2.539939 0.380323
v -0.739353 2.539939 0.349280
v -0.714717 2.539939 0.324643
v -0.683673 2.539939 0.308826
v 0.703160 2.539939 -1.125970
v 0.672117 2.539939 -1.141787
v 0.647480 2.539939 -1.166423
v 0.631663 2.539939 -1.197467
v 0.626213 2.539939 -1.231879
v 0.631663 2.539939 -1.266291
v 0.647480 2.539939 -1.297335
v 0.672117 2.539939 -1.321971
v 0.720152 2.526738 -1.285494
v 0.737573 2.526738 -1.288253
v 0.754993 2.526738 -1.285494
v 0.770708 2.526738 -1.277487
v 0.783180 2.526738 -1.265015
v 0.791187 2.526738 -1.249300
v 0.793947 2.526738 -1.231879
v 0.791187 2.526738 -1.214459
v 0.783180 2.526738 -1.198743
v 0.770708 2.526738 -1.186272
v 0.754993 2.526738 -1.178264
v 0.737573 2.526738 -1.175505
v 0.737573 2.526738 0.358361
v 0.754993 2.526738 0.361120
v 0.770708 2.526738 0.369128
v 0.783180 2.526738 0.381599
v 0.791187 2.526738 0.397315
v 0.793947 2.526738 0.414735
v 0.791187 2.526738 0.432156
v 0.783180 2.526738 0.447871
v 0.770708 2.526738 0.460343
v 0.754993 2.526738 0.468350
v 0.737573 2.526738 0.471109
v 0.737573 2.526738 1.880990
v 0.754993 2.526738 1.883749
v 0.770708 2.526738 1.891757
v 0.783180 2.526738 1.904228
v 0.791187 2.526738 1.919944
v 0.793947 2.526738 1.937364
v 0.791187 2.526738 1.954785
v 0.783180 2.526738 1.970500
v 0.770708 2.526738 1.982972
v 0.754993 2.526738 1.990979
v 0.737573 2.526738 1.993738
v 0.720152 2.526738 1.990979
v 0.704437 2.526738 1.982972
v 0.691965 2.526738 1.970500
v 0.683958 2.526738 1.954785
v 0.681198 2.526738 1.937364
v 0.683958 2.526738 1.919944
v 0.691965 2.526738 1.904228
v 0.704437 2.526738 1.891757
v 0.720152 2.526738 1.883749
v 0.720152 2.526738 0.468350
v 0.704437 2.526738 0.460343
v 0.691965 2.526738 0.447871
v -0.649261 2.526738 1.880990
v -0.631840 2.526738 1.883749
v -0.616125 2.526738 1.891757
v -0.603653 2.526738 1.904228
v -0.595646 2.526738 1.919944
v -0.592887 2.526738 1.937364
v -0.595646 2.526738 1.954785
v -0.603653 2.526738 1.970500
v -0.616125 2.526738 1.982972
v -0.631840 2.526738 1.990979
v -0.649261 2.526738 1.993738
v -0.666681 2.526738 1.990979
v -0.682397 2.526738 1.982972
v -0.694868 2.526738 1.970500
v -0.702876 2.526738 1.954785
v -0.705635 2.526738 1.937364
v -0.702876 2.526738 1.919944
v -0.694868 2.526738 1.904228
v -0.682397 2.526738 1.891757
v -0.666681 2.526738 1.883749
v 0.683958 2.526738 0.432156
v 0.681198 2.526738 0.414735
v 0.683958 2.526738 0.397315
v 0.691965 2.526738 0.381599
v 0.704437 2.526738 0.369128
v 0.720152 2.526738 0.361120
v -0.649261 2.526738 0.358361
v -0.631840 2.526738 0.361120
v -0.616125 2.526738 0.369128
v -0.603653 2.526738 0.381599
v -0.595646 2.526738 0.397315
v -0.592887 2.526738 0.414735
v -0.595646 2.526738 0.432156
v -0.603653 2.526738 0.447871
v -0.616125 2.526738 0.460343
v -0.631840 2.526738 0.468350
v -0.649261 2.526738 0.471109
v -0.666681 2.526738 0.468350
v -0.682397 2.526738 0.460343
v -0.694868 2.526738 0.447871
v -0.702876 2.526738 0.432156
v -0.705635 2.526738 0.414735
v -0.702876 2.526738 0.397315
v -0.694868 2.526738 0.381599
v -0.682397 2.526738 0.369128
v -0.666681 2.526738 0.361120
v 0.720152 2.526738 -1.178264
v 0.704437 2.526738 -1.186272
v 0.691965 2.526738 -1.198743
v 0.683958 2.526738 -1.214459
v 0.681198 2.526738 -1.231879
v 0.683958 2.526738 -1.249300
v 0.691965 2.526738 -1.265015
v 0.704437 2.526738 -1.277487
v 0.737573 2.522302 -1.231879
v 0.737573 2.522302 0.414735
v 0.737573 2.522302 1.937364
v -0.649261 2.522302 1.937364
v -0.649261 2.522302 0.414735
v -0.603653 2.526738 -1.265015
v -0.595646 2.526738 -1.249300
v -0.543351 2.539939 -1.266291
v -0.559169 2.539939 -1.297335
v -0.592887 2.526738 -1.231879
v -0.537901 2.539939 -1.231879
v -0.649261 2.522302 -1.231879
v -0.616125 2.526738 -1.277487
v -0.583805 2.539939 -1.321971
v -0.493664 2.561579 -1.282436
v -0.516903 2.561579 -1.328043
v -0.595646 2.526738 -1.214459
v -0.543351 2.539939 -1.197467
v -0.485657 2.561579 -1.231879
v -0.631840 2.526738 -1.285494
v -0.614849 2.539939 -1.337789
v -0.553097 2.561579 -1.364238
v -0.447809 2.591126 -1.297335
v -0.477895 2.591126 -1.356384
v -0.603653 2.526738 -1.198743
v -0.559169 2.539939 -1.166423
v -0.493664 2.561579 -1.181323
v -0.437442 2.591126 -1.231879
v -0.649261 2.526738 -1.288253
v -0.649261 2.539939 -1.343239
v -0.598704 2.561579 -1.387476
v -0.524757 2.591126 -1.403245
v -0.406914 2.627851 -1.310623
v -0.443108 2.627851 -1.381658
v -0.616125 2.526738 -1.186272
v -0.583805 2.539939 -1.141787
v -0.516903 2.561579 -1.135715
v -0.447809 2.591126 -1.166423
v -0.394442 2.627851 -1.231879
v -0.683673 2.539939 -1.337789
v -0.666681 2.526738 -1.285494
v -0.649261 2.561579 -1.395483
v -0.583805 2.591126 -1.433331
v -0.499482 2.627851 -1.438032
v -0.371986 2.670851 -1.321971
v -0.413397 2.670851 -1.403245
v -0.631840 2.526738 -1.178264
v -0.614849 2.539939 -1.125970
v -0.553097 2.561579 -1.099521
v -0.477895 2.591126 -1.107375
v -0.406914 2.627851 -1.153136
v -0.357717 2.670851 -1.231879
v -0.714717 2.539939 -1.321971
v -0.682397 2.526738 -1.277487
v -0.699817 2.561579 -1.387476
v -0.649261 2.591126 -1.443699
v -0.570517 2.627851 -1.474227
v -0.477895 2.670851 -1.467744
v -0.343885 2.719066 -1.331102
v -0.389493 2.719066 -1.420612
v -0.649261 2.526738 -1.175505
v -0.649261 2.539939 -1.120519
v -0.598705 2.561579 -1.076283
v -0.524757 2.591126 -1.060514
v -0.443108 2.627851 -1.082100
v -0.371986 2.670851 -1.141787
v -0.328170 2.719066 -1.231879
v -0.739353 2.539939 -1.297335
v -0.694868 2.526738 -1.265015
v -0.745425 2.561579 -1.364238
v -0.714717 2.591126 -1.433331
v -0.649261 2.627851 -1.486698
v -0.559169 2.670851 -1.509154
v -0.460528 2.719066 -1.491647
v -0.323304 2.771310 -1.337789
v -0.371986 2.771310 -1.433331
v -0.683673 2.539939 -1.125970
v -0.666681 2.526738 -1.178264
v -0.649261 2.561579 -1.068275
v -0.583805 2.591126 -1.030427
v -0.499482 2.627851 -1.025726
v -0.413397 2.670851 -1.060514
v -0.343886 2.719066 -1.132657
v -0.306530 2.771310 -1.231879
v -0.755171 2.539939 -1.266291
v -0.702876 2.526738 -1.249300
v -0.781619 2.561579 -1.328043
v -0.773765 2.591126 -1.403245
v -0.728004 2.627851 -1.474227
v -0.649261 2.670851 -1.523424
v -0.550038 2.719066 -1.537255
v -0.447809 2.771310 -1.509154
v -0.310750 2.826296 -1.341868
v -0.361306 2.826296 -1.441091
v -0.714717 2.539939 -1.141787
v -0.682397 2.526738 -1.186272
v -0.699817 2.561579 -1.076283
v -0.649261 2.591126 -1.020060
v -0.570517 2.627851 -0.989532
v -0.477895 2.670851 -0.996015
v -0.389493 2.719066 -1.043147
v -0.323305 2.771310 -1.125970
v -0.293329 2.826296 -1.231879
v -0.760621 2.539939 -1.231879
v -0.705635 2.526738 -1.231879
v -0.804857 2.561579 -1.282436
v -0.820626 2.591126 -1.356383
v -0.799040 2.627851 -1.438032
v -0.739353 2.670851 -1.509154
v -0.649261 2.719066 -1.552970
v -0.543351 2.771310 -1.557836
v -0.440049 2.826296 -1.519834
v -0.306530 2.882670 -1.343239
v -0.357717 2.882670 -1.443699
v -0.739353 2.539939 -1.166423
v -0.694868 2.526738 -1.198743
v -0.745425 2.561579 -1.099521
v -0.714717 2.591126 -1.030427
v -0.649261 2.627851 -0.977060
v -0.559169 2.670851 -0.954604
v -0.460529 2.719066 -0.972111
v -0.371986 2.771310 -1.030427
v -0.310750 2.826296 -1.121890
v -0.288892 2.882670 -1.231879
v -0.755171 2.539939 -1.197467
v -0.702876 2.526738 -1.214459
v -0.812865 2.561579 -1.231879
v -0.850713 2.591126 -1.297335
v -0.855414 2.627851 -1.381658
v -0.820626 2.670851 -1.467744
v -0.748483 2.719066 -1.537255
v -0.649261 2.771310 -1.574610
v -0.539272 2.826296 -1.570391
v -0.437442 2.882670 -1.523424
v -0.781619 2.561579 -1.135715
v -0.773765 2.591126 -1.060514
v -0.728004 2.627851 -0.989532
v -0.649261 2.670851 -0.940335
v -0.550038 2.719066 -0.926504
v -0.447809 2.771310 -0.954604
v -0.361306 2.826296 -1.022668
v -0.306530 2.882670 -1.120519
v -0.804857 2.561579 -1.181323
v -0.861080 2.591126 -1.231879
v -0.891608 2.627851 -1.310623
v -0.885125 2.670851 -1.403245
v -0.837993 2.719066 -1.491647
v -0.755171 2.771310 -1.557836
v -0.649261 2.826296 -1.587811
v -0.537901 2.882670 -1.574610
v -0.820626 2.591126 -1.107375
v -0.799040 2.627851 -1.025726
v -0.739353 2.670851 -0.954604
v -0.649261 2.719066 -0.910789
v -0.543351 2.771310 -0.905923
v -0.440049 2.826296 -0.943924
v -0.357717 2.882670 -1.020060
v -0.850713 2.591126 -1.166423
v -0.904080 2.627851 -1.231879
v -0.926536 2.670851 -1.321971
v -0.909029 2.719066 -1.420612
v -0.850713 2.771310 -1.509154
v -0.759250 2.826296 -1.570391
v -0.649261 2.882670 -1.592248
v -0.855414 2.627851 -1.082100
v -0.820626 2.670851 -0.996015
v -0.748483 2.719066 -0.926504
v -0.649261 2.771310 -0.889148
v -0.539272 2.826296 -0.893368
v -0.437442 2.882670 -0.940335
v -0.891608 2.627851 -1.153136
v -0.940805 2.670851 -1.231879
v -0.954636 2.719066 -1.331102
v -0.926536 2.771310 -1.433331
v -0.858472 2.826296 -1.519834
v -0.760621 2.882670 -1.574610
v -0.885125 2.670851 -1.060514
v -0.837993 2.719066 -0.972111
v -0.755171 2.771310 -0.905923
v -0.649261 2.826296 -0.875948
v -0.537901 2.882670 -0.889148
v -0.926536 2.670851 -1.141787
v -0.970352 2.719066 -1.231879
v -0.975217 2.771310 -1.337789
v -0.937216 2.826296 -1.441091
v -0.861080 2.882670 -1.523424
v -0.909029 2.719066 -1.043147
v -0.850713 2.771310 -0.954604
v -0.759250 2.826296 -0.893368
v -0.649261 2.882670 -0.871511
v -0.954636 2.719066 -1.132657
v -0.991992 2.771310 -1.231879
v -0.987772 2.826296 -1.341868
v -0.940805 2.882670 -1.443699
v -0.926536 2.771310 -1.030427
v -0.858472 2.826296 -0.943924
v -0.760621 2.882670 -0.889148
v -0.975217 2.771310 -1.125970
v -1.005193 2.826296 -1.231879
v -0.991992 2.882670 -1.343239
v -0.937216 2.826296 -1.022668
v -0.861080 2.882670 -0.940335
v -0.987772 2.826296 -1.121890
v -1.009629 2.882670 -1.231879
v -0.940805 2.882670 -1.020060
v -0.991992 2.882670 -1.120519
vt 0.375000 0.000000
vt 0.625000 0.000000
vt 0.625000 0.250000
vt 0.375000 0.250000
vt 0.125000 0.250000
vt 0.125000 0.000000
vt 0.375000 1.000000
vt 0.375000 0.750000
vt 0.625000 0.750000
vt 0.625000 1.000000
vt 0.875000 0.000000
vt 0.875000 0.250000
vt 0.625000 0.500000
vt 0.558912 0.471671
vt 0.568616 0.470848
vt 0.577370 0.468460
vt 0.584317 0.464740
vt 0.588777 0.460053
vt 0.590314 0.454857
vt 0.588777 0.449662
vt 0.584317 0.444975
vt 0.577370 0.441255
vt 0.568616 0.438867
vt 0.558912 0.438044
vt 0.558912 0.394809
vt 0.568616 0.393986
vt 0.577370 0.391598
vt 0.584317 0.387878
vt 0.588777 0.383191
vt 0.590314 0.377996
vt 0.588777 0.372800
vt 0.584317 0.368113
vt 0.577370 0.364394
vt 0.568616 0.362005
vt 0.558912 0.361183
vt 0.558912 0.323735
vt 0.568616 0.322912
vt 0.577370 0.320524
vt 0.584317 0.316804
vt 0.588777 0.312117
vt 0.590314 0.306921
vt 0.588777 0.301726
vt 0.584317 0.297039
vt 0.577370 0.293319
vt 0.568616 0.290931
vt 0.558912 0.290108
vt 0.549208 0.290931
vt 0.540454 0.293319
vt 0.533507 0.297039
vt 0.529046 0.301726
vt 0.527510 0.306922
vt 0.529047 0.312117
vt 0.533507 0.316804
vt 0.540454 0.320524
vt 0.549208 0.322912
vt 0.549208 0.362005
vt 0.540454 0.364394
vt 0.533507 0.368113
vt 0.438004 0.323735
vt 0.447708 0.322912
vt 0.456462 0.320524
vt 0.463409 0.316804
vt 0.467870 0.312117
vt 0.469407 0.306922
vt 0.467870 0.301726
vt 0.463409 0.297039
vt 0.456462 0.293319
vt 0.447708 0.290931
vt 0.438004 0.290108
vt 0.428300 0.290931
vt 0.419547 0.293319
vt 0.412599 0.297039
vt 0.408139 0.301726
vt 0.406602 0.306922
vt 0.408139 0.312117
vt 0.412599 0.316804
vt 0.419547 0.320524
vt 0.428301 0.322912
vt 0.529047 0.372800
vt 0.527510 0.377996
vt 0.529046 0.383191
vt 0.533507 0.387878
vt 0.540454 0.391598
vt 0.549208 0.393986
vt 0.438004 0.394809
vt 0.447708 0.393986
vt 0.456462 0.391598
vt 0.463409 0.387878
vt 0.467870 0.383191
vt 0.469407 0.377996
vt 0.467870 0.372800
vt 0.463409 0.368113
vt 0.456462 0.364394
vt 0.447708 0.362005
vt 0.438004 0.361182
vt 0.428301 0.362005
vt 0.419546 0.364394
vt 0.412599 0.368113
vt 0.408139 0.372800
vt 0.406602 0.377996
vt 0.408139 0.383191
vt 0.412599 0.387878
vt 0.419547 0.391598
vt 0.428300 0.393986
vt 0.549208 0.438867
vt 0.540454 0.441255
vt 0.533507 0.444975
vt 0.529046 0.449662
vt 0.527510 0.454857
vt 0.529046 0.460053
vt 0.533507 0.464740
vt 0.540454 0.468460
vt 0.549208 0.470848
vt 0.375000 0.500000
vt 0.438004 0.471671
vt 0.447708 0.470848
vt 0.456462 0.468460
vt 0.463409 0.464740
vt 0.467870 0.460053
vt 0.469407 0.454857
vt 0.467870 0.449662
vt 0.463409 0.444975
vt 0.456462 0.441255
vt 0.447708 0.438867
vt 0.438004 0.438044
vt 0.428301 0.438867
vt 0.419546 0.441255
vt 0.412599 0.444975
vt 0.408139 0.449662
vt 0.406602 0.454858
vt 0.408139 0.460053
vt 0.412599 0.464740
vt 0.419547 0.468460
vt 0.428300 0.470848
vt 0.200000 0.502001
vt 0.250000 0.502001
vt 0.250000 0.500000
vt 0.200000 0.500000
vt 0.150000 0.500000
vt 0.150000 0.502001
vt 0.100000 0.500000
vt 0.100000 0.502001
vt 0.050000 0.500000
vt 0.050000 0.502001
vt 0.000000 0.500000
vt 0.000000 0.502001
vt 1.000000 0.502001
vt 1.000000 0.500000
vt 0.950000 0.500000
vt 0.950000 0.502001
vt 0.900000 0.500000
vt 0.900000 0.502001
vt 0.850000 0.500000
vt 0.850000 0.502001
vt 0.800000 0.500000
vt 0.800000 0.502001
vt 0.750000 0.500000
vt 0.750000 0.502001
vt 0.700000 0.500000
vt 0.700000 0.502001
vt 0.200000 0.502001
vt 0.200000 0.500000
vt 0.150000 0.500000
vt 0.150000 0.502001
vt 0.100000 0.500000
vt 0.100000 0.502001
vt 0.050000 0.500000
vt 0.050000 0.502001
vt 0.000000 0.500000
vt 0.000000 0.502001
vt 1.000000 0.502001
vt 1.000000 0.500000
vt 0.950000 0.500000
vt 0.950000 0.502001
vt 0.900000 0.500000
vt 0.900000 0.502001
vt 0.850000 0.500000
vt 0.850000 0.502001
vt 0.800000 0.500000
vt 0.800000 0.502001
vt 0.750000 0.500000
vt 0.750000 0.502001
vt 0.700000 0.500000
vt 0.700000 0.502001
vt 0.200000 0.502001
vt 0.200000 0.500000
vt 0.150000 0.500000
vt 0.150000 0.502001
vt 0.100000 0.500000
vt 0.100000 0.502001
vt 0.050000 0.500000
vt 0.050000 0.502001
vt 0.000000 0.500000
vt 0.000000 0.502001
vt 1.000000 0.502001
vt 1.000000 0.500000
vt 0.950000 0.500000
vt 0.950000 0.502001
vt 0.900000 0.500000
vt 0.900000 0.502001
vt 0.850000 0.500000
vt 0.850000 0.502001
vt 0.800000 0.500000
vt 0.800000 0.502001
vt 0.750000 0.500000
vt 0.750000 0.502001
vt 0.700000 0.500000
vt 0.700000 0.502001
vt 0.650000 0.500000
vt 0.650000 0.502001
vt 0.600000 0.500000
vt 0.600000 0.502001
vt 0.550000 0.500000
vt 0.550000 0.502001
vt 0.500000 0.500000
vt 0.500000 0.502001
vt 0.450000 0.500000
vt 0.450000 0.502001
vt 0.400000 0.500000
vt 0.400000 0.502001
vt 0.350000 0.500000
vt 0.350000 0.502001
vt 0.300000 0.500000
vt 0.300000 0.502001
vt 0.250000 0.500000
vt 0.250000 0.502001
vt 0.650000 0.500000
vt 0.650000 0.502001
vt 0.600000 0.500000
vt 0.600000 0.502001
vt 0.550000 0.500000
vt 0.550000 0.502001
vt 0.200000 0.502001
vt 0.200000 0.500000
vt 0.150000 0.500000
vt 0.150000 0.502001
vt 0.100000 0.500000
vt 0.100000 0.502001
vt 0.050000 0.500000
vt 0.050000 0.502001
vt 0.000000 0.500000
vt 0.000000 0.502001
vt 1.000000 0.502001
vt 1.000000 0.500000
vt 0.950000 0.500000
vt 0.950000 0.502001
vt 0.900000 0.500000
vt 0.900000 0.502001
vt 0.850000 0.500000
vt 0.850000 0.502001
vt 0.800000 0.500000
vt 0.800000 0.502001
vt 0.750000 0.500000
vt 0.750000 0.502001
vt 0.700000 0.500000
vt 0.700000 0.502001
vt 0.650000 0.500000
vt 0.650000 0.502001
vt 0.600000 0.500000
vt 0.600000 0.502001
vt 0.550000 0.500000
vt 0.550000 0.502001
vt 0.500000 0.500000
vt 0.500000 0.502001
vt 0.450000 0.500000
vt 0.450000 0.502001
vt 0.400000 0.500000
vt 0.400000 0.502001
vt 0.350000 0.500000
vt 0.350000 0.502001
vt 0.300000 0.500000
vt 0.300000 0.502001
vt 0.250000 0.500000
vt 0.250000 0.502001
vt 0.500000 0.500000
vt 0.500000 0.502001
vt 0.450000 0.500000
vt 0.450000 0.502001
vt 0.400000 0.500000
vt 0.400000 0.502001
vt 0.350000 0.500000
vt 0.350000 0.502001
vt 0.300000 0.500000
vt 0.300000 0.502001
vt 0.250000 0.500000
vt 0.250000 0.502001
vt 0.200000 0.502001
vt 0.200000 0.500000
vt 0.150000 0.500000
vt 0.150000 0.502001
vt 0.100000 0.500000
vt 0.100000 0.502001
vt 0.050000 0.500000
vt 0.050000 0.502001
vt 0.000000 0.500000
vt 0.000000 0.502001
vt 1.000000 0.502001
vt 1.000000 0.500000
vt 0.950000 0.500000
vt 0.950000 0.502001
vt 0.900000 0.500000
vt 0.900000 0.502001
vt 0.850000 0.500000
vt 0.850000 0.502001
vt 0.800000 0.500000
vt 0.800000 0.502001
vt 0.750000 0.500000
vt 0.750000 0.502001
vt 0.700000 0.500000
vt 0.700000 0.502001
vt 0.650000 0.500000
vt 0.650000 0.502001
vt 0.600000 0.500000
vt 0.600000 0.502001
vt 0.550000 0.500000
vt 0.550000 0.502001
vt 0.500000 0.500000
vt 0.500000 0.502001
vt 0.450000 0.500000
vt 0.450000 0.502001
vt 0.400000 0.500000
vt 0.400000 0.502001
vt 0.350000 0.500000
vt 0.350000 0.502001
vt 0.300000 0.500000
vt 0.300000 0.502001
vt 0.250000 0.500000
vt 0.250000 0.502001
vt 0.650000 0.500000
vt 0.650000 0.502001
vt 0.600000 0.500000
vt 0.600000 0.502001
vt 0.550000 0.500000
vt 0.550000 0.502001
vt 0.500000 0.500000
vt 0.500000 0.502001
vt 0.450000 0.500000
vt 0.450000 0.502001
vt 0.400000 0.500000
vt 0.400000 0.502001
vt 0.350000 0.500000
vt 0.350000 0.502001
vt 0.300000 0.500000
vt 0.300000 0.502001
vt 0.250000 0.450000
vt 0.200000 0.450000
vt 0.150000 0.450000
vt 0.100000 0.450000
vt 0.050000 0.450000
vt 0.000000 0.450000
vt 1.000000 0.450000
vt 0.950000 0.450000
vt 0.900000 0.450000
vt 0.850000 0.450000
vt 0.800000 0.450000
vt 0.750000 0.450000
vt 0.700000 0.450000
vt 0.200000 0.450000
vt 0.150000 0.450000
vt 0.100000 0.450000
vt 0.050000 0.450000
vt 0.000000 0.450000
vt 1.000000 0.450000
vt 0.950000 0.450000
vt 0.900000 0.450000
vt 0.850000 0.450000
vt 0.800000 0.450000
vt 0.750000 0.450000
vt 0.700000 0.450000
vt 0.200000 0.450000
vt 0.150000 0.450000
vt 0.100000 0.450000
vt 0.050000 0.450000
vt 0.000000 0.450000
vt 1.000000 0.450000
vt 0.950000 0.450000
vt 0.900000 0.450000
vt 0.850000 0.450000
vt 0.800000 0.450000
vt 0.750000 0.450000
vt 0.700000 0.450000
vt 0.650000 0.450000
vt 0.600000 0.450000
vt 0.550000 0.450000
vt 0.500000 0.450000
vt 0.450000 0.450000
vt 0.400000 0.450000
vt 0.350000 0.450000
vt 0.300000 0.450000
vt 0.250000 0.450000
vt 0.650000 0.450000
vt 0.600000 0.450000
vt 0.550000 0.450000
vt 0.200000 0.450000
vt 0.150000 0.450000
vt 0.100000 0.450000
vt 0.050000 0.450000
vt 0.000000 0.450000
vt 1.000000 0.450000
vt 0.950000 0.450000
vt 0.900000 0.450000
vt 0.850000 0.450000
vt 0.800000 0.450000
vt 0.750000 0.450000
vt 0.700000 0.450000
vt 0.650000 0.450000
vt 0.600000 0.450000
vt 0.550000 0.450000
vt 0.500000 0.450000
vt 0.450000 0.450000
vt 0.400000 0.450000
vt 0.350000 0.450000
vt 0.300000 0.450000
vt 0.250000 0.450000
vt 0.500000 0.450000
vt 0.450000 0.450000
vt 0.400000 0.450000
vt 0.350000 0.450000
vt 0.300000 0.450000
vt 0.250000 0.450000
vt 0.200000 0.450000
vt 0.150000 0.450000
vt 0.100000 0.450000
vt 0.050000 0.450000
vt 0.000000 0.450000
vt 1.000000 0.450000
vt 0.950000 0.450000
vt 0.900000 0.450000
vt 0.850000 0.450000
vt 0.800000 0.450000
vt 0.750000 0.450000
vt 0.700000 0.450000
vt 0.650000 0.450000
vt 0.600000 0.450000
vt 0.550000 0.450000
vt 0.500000 0.450000
vt 0.450000 0.450000
vt 0.400000 0.450000
vt 0.350000 0.450000
vt 0.300000 0.450000
vt 0.250000 0.450000
vt 0.650000 0.450000
vt 0.600000 0.450000
vt 0.550000 0.450000
vt 0.500000 0.450000
vt 0.450000 0.450000
vt 0.400000 0.450000
vt 0.350000 0.450000
vt 0.300000 0.450000
vt 0.250000 0.400000
vt 0.200000 0.400000
vt 0.150000 0.400000
vt 0.100000 0.400000
vt 0.050000 0.400000
vt 0.000000 0.400000
vt 1.000000 0.400000
vt 0.950000 0.400000
vt 0.900000 0.400000
vt 0.850000 0.400000
vt 0.800000 0.400000
vt 0.750000 0.400000
vt 0.700000 0.400000
vt 0.200000 0.400000
vt 0.150000 0.400000
vt 0.100000 0.400000
vt 0.050000 0.400000
vt 0.000000 0.400000
vt 1.000000 0.400000
vt 0.950000 0.400000
vt 0.900000 0.400000
vt 0.850000 0.400000
vt 0.800000 0.400000
vt 0.750000 0.400000
vt 0.700000 0.400000
vt 0.200000 0.400000
vt 0.150000 0.400000
vt 0.100000 0.400000
vt 0.050000 0.400000
vt 0.000000 0.400000
vt 1.000000 0.400000
vt 0.950000 0.400000
vt 0.900000 0.400000
vt 0.850000 0.400000
vt 0.800000 0.400000
vt 0.750000 0.400000
vt 0.700000 0.400000
vt 0.650000 0.400000
vt 0.600000 0.400000
vt 0.550000 0.400000
vt 0.500000 0.400000
vt 0.450000 0.400000
vt 0.400000 0.400000
vt 0.350000 0.400000
vt 0.300000 0.400000
vt 0.250000 0.400000
vt 0.650000 0.400000
vt 0.600000 0.400000
vt 0.550000 0.400000
vt 0.200000 0.400000
vt 0.150000 0.400000
vt 0.100000 0.400000
vt 0.050000 0.400000
vt 0.000000 0.400000
vt 1.000000 0.400000
vt 0.950000 0.400000
vt 0.900000 0.400000
vt 0.850000 0.400000
vt 0.800000 0.400000
vt 0.750000 0.400000
vt 0.700000 0.400000
vt 0.650000 0.400000
vt 0.600000 0.400000
vt 0.550000 0.400000
vt 0.500000 0.400000
vt 0.450000 0.400000
vt 0.400000 0.400000
vt 0.350000 0.400000
vt 0.300000 0.400000
vt 0.250000 0.400000
vt 0.500000 0.400000
vt 0.450000 0.400000
vt 0.400000 0.400000
vt 0.350000 0.400000
vt 0.300000 0.400000
vt 0.250000 0.400000
vt 0.200000 0.400000
vt 0.150000 0.400000
vt 0.100000 0.400000
vt 0.050000 0.400000
vt 0.000000 0.400000
vt 1.000000 0.400000
vt 0.950000 0.400000
vt 0.900000 0.400000
vt 0.850000 0.400000
vt 0.800000 0.400000
vt 0.750000 0.400000
vt 0.700000 0.400000
vt 0.650000 0.400000
vt 0.600000 0.400000
vt 0.550000 0.400000
vt 0.500000 0.400000
vt 0.450000 0.400000
vt 0.400000 0.400000
vt 0.350000 0.400000
vt 0.300000 0.400000
vt 0.250000 0.400000
vt 0.650000 0.400000
vt 0.600000 0.400000
vt 0.550000 0.400000
vt 0.500000 0.400000
vt 0.450000 0.400000
vt 0.400000 0.400000
vt 0.350000 0.400000
vt 0.300000 0.400000
vt 0.250000 0.350000
vt 0.200000 0.350000
vt 0.150000 0.350000
vt 0.100000 0.350000
vt 0.050000 0.350000
vt 0.000000 0.350000
vt 1.000000 0.350000
vt 0.950000 0.350000
vt 0.900000 0.350000
vt 0.850000 0.350000
vt 0.800000 0.350000
vt 0.750000 0.350000
vt 0.700000 0.350000
vt 0.200000 0.350000
vt 0.150000 0.350000
vt 0.100000 0.350000
vt 0.050000 0.350000
vt 0.000000 0.350000
vt 1.000000 0.350000
vt 0.950000 0.350000
vt 0.900000 0.350000
vt 0.850000 0.350000
vt 0.800000 0.350000
vt 0.750000 0.350000
vt 0.700000 0.350000
vt 0.200000 0.350000
vt 0.150000 0.350000
vt 0.100000 0.350000
vt 0.050000 0.350000
vt 0.000000 0.350000
vt 1.000000 0.350000
vt 0.950000 0.350000
vt 0.900000 0.350000
vt 0.850000 0.350000
vt 0.800000 0.350000
vt 0.750000 0.350000
vt 0.700000 0.350000
vt 0.650000 0.350000
vt 0.600000 0.350000
vt 0.550000 0.350000
vt 0.500000 0.350000
vt 0.450000 0.350000
vt 0.400000 0.350000
vt 0.350000 0.350000
vt 0.300000 0.350000
vt 0.250000 0.350000
vt 0.650000 0.350000
vt 0.600000 0.350000
vt 0.550000 0.350000
vt 0.200000 0.350000
vt 0.150000 0.350000
vt 0.100000 0.350000
vt 0.050000 0.350000
vt 0.000000 0.350000
vt 1.000000 0.350000
vt 0.950000 0.350000
vt 0.900000 0.350000
vt 0.850000 0.350000
vt 0.800000 0.350000
vt 0.750000 0.350000
vt 0.700000 0.350000
vt 0.650000 0.350000
vt 0.600000 0.350000
vt 0.550000 0.350000
vt 0.500000 0.350000
vt 0.450000 0.350000
vt 0.400000 0.350000
vt 0.350000 0.350000
vt 0.300000 0.350000
vt 0.250000 0.350000
vt 0.500000 0.350000
vt 0.450000 0.350000
vt 0.400000 0.350000
vt 0.350000 0.350000
vt 0.300000 0.350000
vt 0.250000 0.350000
vt 0.200000 0.350000
vt 0.150000 0.350000
vt 0.100000 0.350000
vt 0.050000 0.350000
vt 0.000000 0.350000
vt 1.000000 0.350000
vt 0.950000 0.350000
vt 0.900000 0.350000
vt 0.850000 0.350000
vt 0.800000 0.350000
vt 0.750000 0.350000
vt 0.700000 0.350000
vt 0.650000 0.350000
vt 0.600000 0.350000
vt 0.550000 0.350000
vt 0.500000 0.350000
vt 0.450000 0.350000
vt 0.400000 0.350000
vt 0.350000 0.350000
vt 0.300000 0.350000
vt 0.250000 0.350000
vt 0.650000 0.350000
vt 0.600000 0.350000
vt 0.550000 0.350000
vt 0.500000 0.350000
vt 0.450000 0.350000
vt 0.400000 0.350000
vt 0.350000 0.350000
vt 0.300000 0.350000
vt 0.250000 0.300000
vt 0.200000 0.300000
vt 0.150000 0.300000
vt 0.100000 0.300000
vt 0.050000 0.300000
vt 0.000000 0.300000
vt 1.000000 0.300000
vt 0.950000 0.300000
vt 0.900000 0.300000
vt 0.850000 0.300000
vt 0.800000 0.300000
vt 0.750000 0.300000
vt 0.700000 0.300000
vt 0.200000 0.300000
vt 0.150000 0.300000
vt 0.100000 0.300000
vt 0.050000 0.300000
vt 0.000000 0.300000
vt 1.000000 0.300000
vt 0.950000 0.300000
vt 0.900000 0.300000
vt 0.850000 0.300000
vt 0.800000 0.300000
vt 0.750000 0.300000
vt 0.700000 0.300000
vt 0.200000 0.300000
vt 0.150000 0.300000
vt 0.100000 0.300000
vt 0.050000 0.300000
vt 0.000000 0.300000
vt 1.000000 0.300000
vt 0.950000 0.300000
vt 0.900000 0.300000
vt 0.850000 0.300000
vt 0.800000 0.300000
vt 0.750000 0.300000
vt 0.700000 0.300000
vt 0.650000 0.300000
vt 0.600000 0.300000
vt 0.550000 0.300000
vt 0.500000 0.300000
vt 0.450000 0.300000
vt 0.400000 0.300000
vt 0.350000 0.300000
vt 0.300000 0.300000
vt 0.250000 0.300000
vt 0.650000 0.300000
vt 0.600000 0.300000
vt 0.550000 0.300000
vt 0.200000 0.300000
vt 0.150000 0.300000
vt 0.100000 0.300000
vt 0.050000 0.300000
vt 0.000000 0.300000
vt 1.000000 0.300000
vt 0.950000 0.300000
vt 0.900000 0.300000
vt 0.850000 0.300000
vt 0.800000 0.300000
vt 0.750000 0.300000
vt 0.700000 0.300000
vt 0.650000 0.300000
vt 0.600000 0.300000
vt 0.550000 0.300000
vt 0.500000 0.300000
vt 0.450000 0.300000
vt 0.400000 0.300000
vt 0.350000 0.300000
vt 0.300000 0.300000
vt 0.250000 0.300000
vt 0.500000 0.300000
vt 0.450000 0.300000
vt 0.400000 0.300000
vt 0.350000 0.300000
vt 0.300000 0.300000
vt 0.250000 0.300000
vt 0.200000 0.300000
vt 0.150000 0.300000
vt 0.100000 0.300000
vt 0.050000 0.300000
vt 0.000000 0.300000
vt 1.000000 0.300000
vt 0.950000 0.300000
vt 0.900000 0.300000
vt 0.850000 0.300000
vt 0.800000 0.300000
vt 0.750000 0.300000
vt 0.700000 0.300000
vt 0.650000 0.300000
vt 0.600000 0.300000
vt 0.550000 0.300000
vt 0.500000 0.300000
vt 0.450000 0.300000
vt 0.400000 0.300000
vt 0.350000 0.300000
vt 0.300000 0.300000
vt 0.250000 0.300000
vt 0.650000 0.300000
vt 0.600000 0.300000
vt 0.550000 0.300000
vt 0.500000 0.300000
vt 0.450000 0.300000
vt 0.400000 0.300000
vt 0.350000 0.300000
vt 0.300000 0.300000
vt 0.250000 0.250000
vt 0.200000 0.250000
vt 0.150000 0.250000
vt 0.100000 0.250000
vt 0.050000 0.250000
vt 0.000000 0.250000
vt 1.000000 0.250000
vt 0.950000 0.250000
vt 0.900000 0.250000
vt 0.850000 0.250000
vt 0.800000 0.250000
vt 0.750000 0.250000
vt 0.700000 0.250000
vt 0.200000 0.250000
vt 0.150000 0.250000
vt 0.100000 0.250000
vt 0.050000 0.250000
vt 0.000000 0.250000
vt 1.000000 0.250000
vt 0.950000 0.250000
vt 0.900000 0.250000
vt 0.850000 0.250000
vt 0.800000 0.250000
vt 0.750000 0.250000
vt 0.700000 0.250000
vt 0.200000 0.250000
vt 0.150000 0.250000
vt 0.100000 0.250000
vt 0.050000 0.250000
vt 0.000000 0.250000
vt 1.000000 0.250000
vt 0.950000 0.250000
vt 0.900000 0.250000
vt 0.850000 0.250000
vt 0.800000 0.250000
vt 0.750000 0.250000
vt 0.700000 0.250000
vt 0.650000 0.250000
vt 0.600000 0.250000
vt 0.550000 0.250000
vt 0.500000 0.250000
vt 0.450000 0.250000
vt 0.400000 0.250000
vt 0.350000 0.250000
vt 0.300000 0.250000
vt 0.250000 0.250000
vt 0.650000 0.250000
vt 0.600000 0.250000
vt 0.550000 0.250000
vt 0.200000 0.250000
vt 0.150000 0.250000
vt 0.100000 0.250000
vt 0.050000 0.250000
vt 0.000000 0.250000
vt 1.000000 0.250000
vt 0.950000 0.250000
vt 0.900000 0.250000
vt 0.850000 0.250000
vt 0.800000 0.250000
vt 0.750000 0.250000
vt 0.700000 0.250000
vt 0.650000 0.250000
vt 0.600000 0.250000
vt 0.550000 0.250000
vt 0.500000 0.250000
vt 0.450000 0.250000
vt 0.400000 0.250000
vt 0.350000 0.250000
vt 0.300000 0.250000
vt 0.250000 0.250000
vt 0.500000 0.250000
vt 0.450000 0.250000
vt 0.400000 0.250000
vt 0.350000 0.250000
vt 0.300000 0.250000
vt 0.250000 0.250000
vt 0.200000 0.250000
vt 0.150000 0.250000
vt 0.100000 0.250000
vt 0.050000 0.250000
vt 0.000000 0.250000
vt 1.000000 0.250000
vt 0.950000 0.250000
vt 0.900000 0.250000
vt 0.850000 0.250000
vt 0.800000 0.250000
vt 0.750000 0.250000
vt 0.700000 0.250000
vt 0.650000 0.250000
vt 0.600000 0.250000
vt 0.550000 0.250000
vt 0.500000 0.250000
vt 0.450000 0.250000
vt 0.400000 0.250000
vt 0.350000 0.250000
vt 0.300000 0.250000
vt 0.250000 0.250000
vt 0.650000 0.250000
vt 0.600000 0.250000
vt 0.550000 0.250000
vt 0.500000 0.250000
vt 0.450000 0.250000
vt 0.400000 0.250000
vt 0.350000 0.250000
vt 0.300000 0.250000
vt 0.250000 0.200000
vt 0.200000 0.200000
vt 0.150000 0.200000
vt 0.100000 0.200000
vt 0.050000 0.200000
vt 0.000000 0.200000
vt 1.000000 0.200000
vt 0.950000 0.200000
vt 0.900000 0.200000
vt 0.850000 0.200000
vt 0.800000 0.200000
vt 0.750000 0.200000
vt 0.700000 0.200000
vt 0.200000 0.200000
vt 0.150000 0.200000
vt 0.100000 0.200000
vt 0.050000 0.200000
vt 0.000000 0.200000
vt 1.000000 0.200000
vt 0.950000 0.200000
vt 0.900000 0.200000
vt 0.850000 0.200000
vt 0.800000 0.200000
vt 0.750000 0.200000
vt 0.700000 0.200000
vt 0.200000 0.200000
vt 0.150000 0.200000
vt 0.100000 0.200000
vt 0.050000 0.200000
vt 0.000000 0.200000
vt 1.000000 0.200000
vt 0.950000 0.200000
vt 0.900000 0.200000
vt 0.850000 0.200000
vt 0.800000 0.200000
vt 0.750000 0.200000
vt 0.700000 0.200000
vt 0.650000 0.200000
vt 0.600000 0.200000
vt 0.550000 0.200000
vt 0.500000 0.200000
vt 0.450000 0.200000
vt 0.400000 0.200000
vt 0.350000 0.200000
vt 0.300000 0.200000
vt 0.250000 0.200000
vt 0.650000 0.200000
vt 0.600000 0.200000
vt 0.550000 0.200000
vt 0.200000 0.200000
vt 0.150000 0.200000
vt 0.100000 0.200000
vt 0.050000 0.200000
vt 0.000000 0.200000
vt 1.000000 0.200000
vt 0.950000 0.200000
vt 0.900000 0.200000
vt 0.850000 0.200000
vt 0.800000 0.200000
vt 0.750000 0.200000
vt 0.700000 0.200000
vt 0.650000 0.200000
vt 0.600000 0.200000
vt 0.550000 0.200000
vt 0.500000 0.200000
vt 0.450000 0.200000
vt 0.400000 0.200000
vt 0.350000 0.200000
vt 0.300000 0.200000
vt 0.250000 0.200000
vt 0.500000 0.200000
vt 0.450000 0.200000
vt 0.400000 0.200000
vt 0.350000 0.200000
vt 0.300000 0.200000
vt 0.250000 0.200000
vt 0.200000 0.200000
vt 0.150000 0.200000
vt 0.100000 0.200000
vt 0.050000 0.200000
vt 0.000000 0.200000
vt 1.000000 0.200000
vt 0.950000 0.200000
vt 0.900000 0.200000
vt 0.850000 0.200000
vt 0.800000 0.200000
vt 0.750000 0.200000
vt 0.700000 0.200000
vt 0.650000 0.200000
vt 0.600000 0.200000
vt 0.550000 0.200000
vt 0.500000 0.200000
vt 0.450000 0.200000
vt 0.400000 0.200000
vt 0.350000 0.200000
vt 0.300000 0.200000
vt 0.250000 0.200000
vt 0.650000 0.200000
vt 0.600000 0.200000
vt 0.550000 0.200000
vt 0.500000 0.200000
vt 0.450000 0.200000
vt 0.400000 0.200000
vt 0.350000 0.200000
vt 0.300000 0.200000
vt 0.250000 0.150000
vt 0.200000 0.150000
vt 0.150000 0.150000
vt 0.100000 0.150000
vt 0.050000 0.150000
vt 0.000000 0.150000
vt 1.000000 0.150000
vt 0.950000 0.150000
vt 0.900000 0.150000
vt 0.850000 0.150000
vt 0.800000 0.150000
vt 0.750000 0.150000
vt 0.700000 0.150000
vt 0.200000 0.150000
vt 0.150000 0.150000
vt 0.100000 0.150000
vt 0.050000 0.150000
vt 0.000000 0.150000
vt 1.000000 0.150000
vt 0.950000 0.150000
vt 0.900000 0.150000
vt 0.850000 0.150000
vt 0.800000 0.150000
vt 0.750000 0.150000
vt 0.700000 0.150000
vt 0.200000 0.150000
vt 0.150000 0.150000
vt 0.100000 0.150000
vt 0.050000 0.150000
vt 0.000000 0.150000
vt 1.000000 0.150000
vt 0.950000 0.150000
vt 0.900000 0.150000
vt 0.850000 0.150000
vt 0.800000 0.150000
vt 0.750000 0.150000
vt 0.700000 0.150000
vt 0.650000 0.150000
vt 0.600000 0.150000
vt 0.550000 0.150000
vt 0.500000 0.150000
vt 0.450000 0.150000
vt 0.400000 0.150000
vt 0.350000 0.150000
vt 0.300000 0.150000
vt 0.250000 0.150000
vt 0.650000 0.150000
vt 0.600000 0.150000
vt 0.550000 0.150000
vt 0.200000 0.150000
vt 0.150000 0.150000
vt 0.100000 0.150000
vt 0.050000 0.150000
vt 0.000000 0.150000
vt 1.000000 0.150000
vt 0.950000 0.150000
vt 0.900000 0.150000
vt 0.850000 0.150000
vt 0.800000 0.150000
vt 0.750000 0.150000
vt 0.700000 0.150000
vt 0.650000 0.150000
vt 0.600000 0.150000
vt 0.550000 0.150000
vt 0.500000 0.150000
vt 0.450000 0.150000
vt 0.400000 0.150000
vt 0.350000 0.150000
vt 0.300000 0.150000
vt 0.250000 0.150000
vt 0.500000 0.150000
vt 0.450000 0.150000
vt 0.400000 0.150000
vt 0.350000 0.150000
vt 0.300000 0.150000
vt 0.250000 0.150000
vt 0.200000 0.150000
vt 0.150000 0.150000
vt 0.100000 0.150000
vt 0.050000 0.150000
vt 0.000000 0.150000
vt 1.000000 0.150000
vt 0.950000 0.150000
vt 0.900000 0.150000
vt 0.850000 0.150000
vt 0.800000 0.150000
vt 0.750000 0.150000
vt 0.700000 0.150000
vt 0.650000 0.150000
vt 0.600000 0.150000
vt 0.550000 0.150000
vt 0.500000 0.150000
vt 0.450000 0.150000
vt 0.400000 0.150000
vt 0.350000 0.150000
vt 0.300000 0.150000
vt 0.250000 0.150000
vt 0.650000 0.150000
vt 0.600000 0.150000
vt 0.550000 0.150000
vt 0.500000 0.150000
vt 0.450000 0.150000
vt 0.400000 0.150000
vt 0.350000 0.150000
vt 0.300000 0.150000
vt 0.250000 0.100000
vt 0.200000 0.100000
vt 0.150000 0.100000
vt 0.100000 0.100000
vt 0.050000 0.100000
vt 0.000000 0.100000
vt 1.000000 0.100000
vt 0.950000 0.100000
vt 0.900000 0.100000
vt 0.850000 0.100000
vt 0.800000 0.100000
vt 0.750000 0.100000
vt 0.700000 0.100000
vt 0.200000 0.100000
vt 0.150000 0.100000
vt 0.100000 0.100000
vt 0.050000 0.100000
vt 0.000000 0.100000
vt 1.000000 0.100000
vt 0.950000 0.100000
vt 0.900000 0.100000
vt 0.850000 0.100000
vt 0.800000 0.100000
vt 0.750000 0.100000
vt 0.700000 0.100000
vt 0.200000 0.100000
vt 0.150000 0.100000
vt 0.100000 0.100000
vt 0.050000 0.100000
vt 0.000000 0.100000
vt 1.000000 0.100000
vt 0.950000 0.100000
vt 0.900000 0.100000
vt 0.850000 0.100000
vt 0.800000 0.100000
vt 0.750000 0.100000
vt 0.700000 0.100000
vt 0.650000 0.100000
vt 0.600000 0.100000
vt 0.550000 0.100000
vt 0.500000 0.100000
vt 0.450000 0.100000
vt 0.400000 0.100000
vt 0.350000 0.100000
vt 0.300000 0.100000
vt 0.250000 0.100000
vt 0.650000 0.100000
vt 0.600000 0.100000
vt 0.550000 0.100000
vt 0.200000 0.100000
vt 0.150000 0.100000
vt 0.100000 0.100000
vt 0.050000 0.100000
vt 0.000000 0.100000
vt 1.000000 0.100000
vt 0.950000 0.100000
vt 0.900000 0.100000
vt 0.850000 0.100000
vt 0.800000 0.100000
vt 0.750000 0.100000
vt 0.700000 0.100000
vt 0.650000 0.100000
vt 0.600000 0.100000
vt 0.550000 0.100000
vt 0.500000 0.100000
vt 0.450000 0.100000
vt 0.400000 0.100000
vt 0.350000 0.100000
vt 0.300000 0.100000
vt 0.250000 0.100000
vt 0.500000 0.100000
vt 0.450000 0.100000
vt 0.400000 0.100000
vt 0.350000 0.100000
vt 0.300000 0.100000
vt 0.250000 0.100000
vt 0.200000 0.100000
vt 0.150000 0.100000
vt 0.100000 0.100000
vt 0.050000 0.100000
vt 0.000000 0.100000
vt 1.000000 0.100000
vt 0.950000 0.100000
vt 0.900000 0.100000
vt 0.850000 0.100000
vt 0.800000 0.100000
vt 0.750000 0.100000
vt 0.700000 0.100000
vt 0.650000 0.100000
vt 0.600000 0.100000
vt 0.550000 0.100000
vt 0.500000 0.100000
vt 0.450000 0.100000
vt 0.400000 0.100000
vt 0.350000 0.100000
vt 0.300000 0.100000
vt 0.250000 0.100000
vt 0.650000 0.100000
vt 0.600000 0.100000
vt 0.550000 0.100000
vt 0.500000 0.100000
vt 0.450000 0.100000
vt 0.400000 0.100000
vt 0.350000 0.100000
vt 0.300000 0.100000
vt 0.250000 0.050000
vt 0.200000 0.050000
vt 0.150000 0.050000
vt 0.100000 0.050000
vt 0.050000 0.050000
vt 0.000000 0.050000
vt 1.000000 0.050000
vt 0.950000 0.050000
vt 0.900000 0.050000
vt 0.850000 0.050000
vt 0.800000 0.050000
vt 0.750000 0.050000
vt 0.700000 0.050000
vt 0.200000 0.050000
vt 0.150000 0.050000
vt 0.100000 0.050000
vt 0.050000 0.050000
vt 0.000000 0.050000
vt 1.000000 0.050000
vt 0.950000 0.050000
vt 0.900000 0.050000
vt 0.850000 0.050000
vt 0.800000 0.050000
vt 0.750000 0.050000
vt 0.700000 0.050000
vt 0.200000 0.050000
vt 0.150000 0.050000
vt 0.100000 0.050000
vt 0.050000 0.050000
vt 0.000000 0.050000
vt 1.000000 0.050000
vt 0.950000 0.050000
vt 0.900000 0.050000
vt 0.850000 0.050000
vt 0.800000 0.050000
vt 0.750000 0.050000
vt 0.700000 0.050000
vt 0.650000 0.050000
vt 0.600000 0.050000
vt 0.550000 0.050000
vt 0.500000 0.050000
vt 0.450000 0.050000
vt 0.400000 0.050000
vt 0.350000 0.050000
vt 0.300000 0.050000
vt 0.250000 0.050000
vt 0.650000 0.050000
vt 0.600000 0.050000
vt 0.550000 0.050000
vt 0.200000 0.050000
vt 0.150000 0.050000
vt 0.100000 0.050000
vt 0.050000 0.050000
vt 0.000000 0.050000
vt 1.000000 0.050000
vt 0.950000 0.050000
vt 0.900000 0.050000
vt 0.850000 0.050000
vt 0.800000 0.050000
vt 0.750000 0.050000
vt 0.700000 0.050000
vt 0.650000 0.050000
vt 0.600000 0.050000
vt 0.550000 0.050000
vt 0.500000 0.050000
vt 0.450000 0.050000
vt 0.400000 0.050000
vt 0.350000 0.050000
vt 0.300000 0.050000
vt 0.250000 0.050000
vt 0.500000 0.050000
vt 0.450000 0.050000
vt 0.400000 0.050000
vt 0.350000 0.050000
vt 0.300000 0.050000
vt 0.250000 0.050000
vt 0.200000 0.050000
vt 0.150000 0.050000
vt 0.100000 0.050000
vt 0.050000 0.050000
vt 0.000000 0.050000
vt 1.000000 0.050000
vt 0.950000 0.050000
vt 0.900000 0.050000
vt 0.850000 0.050000
vt 0.800000 0.050000
vt 0.750000 0.050000
vt 0.700000 0.050000
vt 0.650000 0.050000
vt 0.600000 0.050000
vt 0.550000 0.050000
vt 0.500000 0.050000
vt 0.450000 0.050000
vt 0.400000 0.050000
vt 0.350000 0.050000
vt 0.300000 0.050000
vt 0.250000 0.050000
vt 0.650000 0.050000
vt 0.600000 0.050000
vt 0.550000 0.050000
vt 0.500000 0.050000
vt 0.450000 0.050000
vt 0.400000 0.050000
vt 0.350000 0.050000
vt 0.300000 0.050000
vt 0.225000 0.000000
vt 0.175000 0.000000
vt 0.125000 0.000000
vt 0.075000 0.000000
vt 0.025000 0.000000
vt 0.975000 0.000000
vt 0.925000 0.000000
vt 0.875000 0.000000
vt 0.825000 0.000000
vt 0.775000 0.000000
vt 0.725000 0.000000
vt 0.175000 0.000000
vt 0.125000 0.000000
vt 0.075000 0.000000
vt 0.025000 0.000000
vt 0.975000 0.000000
vt 0.925000 0.000000
vt 0.875000 0.000000
vt 0.825000 0.000000
vt 0.775000 0.000000
vt 0.725000 0.000000
vt 0.175000 0.000000
vt 0.125000 0.000000
vt 0.075000 0.000000
vt 0.025000 0.000000
vt 0.975000 0.000000
vt 0.925000 0.000000
vt 0.875000 0.000000
vt 0.825000 0.000000
vt 0.775000 0.000000
vt 0.725000 0.000000
vt 0.675000 0.000000
vt 0.625000 0.000000
vt 0.575000 0.000000
vt 0.525000 0.000000
vt 0.475000 0.000000
vt 0.425000 0.000000
vt 0.375000 0.000000
vt 0.325000 0.000000
vt 0.275000 0.000000
vt 0.225000 0.000000
vt 0.675000 0.000000
vt 0.625000 0.000000
vt 0.575000 0.000000
vt 0.175000 0.000000
vt 0.125000 0.000000
vt 0.075000 0.000000
vt 0.025000 0.000000
vt 0.975000 0.000000
vt 0.925000 0.000000
vt 0.875000 0.000000
vt 0.825000 0.000000
vt 0.775000 0.000000
vt 0.725000 0.000000
vt 0.675000 0.000000
vt 0.625000 0.000000
vt 0.575000 0.000000
vt 0.525000 0.000000
vt 0.475000 0.000000
vt 0.425000 0.000000
vt 0.375000 0.000000
vt 0.325000 0.000000
vt 0.275000 0.000000
vt 0.225000 0.000000
vt 0.525000 0.000000
vt 0.475000 0.000000
vt 0.425000 0.000000
vt 0.375000 0.000000
vt 0.325000 0.000000
vt 0.275000 0.000000
vt 0.225000 0.000000
vt 0.175000 0.000000
vt 0.125000 0.000000
vt 0.075000 0.000000
vt 0.025000 0.000000
vt 0.975000 0.000000
vt 0.925000 0.000000
vt 0.875000 0.000000
vt 0.825000 0.000000
vt 0.775000 0.000000
vt 0.725000 0.000000
vt 0.675000 0.000000
vt 0.625000 0.000000
vt 0.575000 0.000000
vt 0.525000 0.000000
vt 0.475000 0.000000
vt 0.425000 0.000000
vt 0.375000 0.000000
vt 0.325000 0.000000
vt 0.275000 0.000000
vt 0.225000 0.000000
vt 0.675000 0.000000
vt 0.625000 0.000000
vt 0.575000 0.000000
vt 0.525000 0.000000
vt 0.475000 0.000000
vt 0.425000 0.000000
vt 0.375000 0.000000
vt 0.325000 0.000000
vt 0.275000 0.000000
vt 0.050000 0.050000
vt 0.000000 0.050000
vt 0.000000 0.100000
vt 0.050000 0.100000
vt 1.000000 0.050000
vt 0.950000 0.050000
vt 0.950000 0.100000
vt 1.000000 0.100000
vt 0.025000 0.000000
vt 0.100000 0.100000
vt 0.100000 0.050000
vt 0.000000 0.150000
vt 0.050000 0.150000
vt 0.900000 0.050000
vt 0.900000 0.100000
vt 0.975000 0.000000
vt 0.950000 0.150000
vt 1.000000 0.150000
vt 0.075000 0.000000
vt 0.150000 0.100000
vt 0.150000 0.050000
vt 0.100000 0.150000
vt 0.000000 0.200000
vt 0.050000 0.200000
vt 0.850000 0.050000
vt 0.850000 0.100000
vt 0.925000 0.000000
vt 0.900000 0.150000
vt 0.950000 0.200000
vt 1.000000 0.200000
vt 0.125000 0.000000
vt 0.200000 0.100000
vt 0.200000 0.050000
vt 0.150000 0.150000
vt 0.100000 0.200000
vt 0.000000 0.250000
vt 0.050000 0.250000
vt 0.800000 0.050000
vt 0.800000 0.100000
vt 0.875000 0.000000
vt 0.850000 0.150000
vt 0.900000 0.200000
vt 0.950000 0.250000
vt 1.000000 0.250000
vt 0.175000 0.000000
vt 0.250000 0.100000
vt 0.250000 0.050000
vt 0.200000 0.150000
vt 0.150000 0.200000
vt 0.100000 0.250000
vt 0.000000 0.300000
vt 0.050000 0.300000
vt 0.750000 0.050000
vt 0.750000 0.100000
vt 0.825000 0.000000
vt 0.800000 0.150000
vt 0.850000 0.200000
vt 0.900000 0.250000
vt 0.950000 0.300000
vt 1.000000 0.300000
vt 0.225000 0.000000
vt 0.300000 0.100000
vt 0.300000 0.050000
vt 0.250000 0.150000
vt 0.200000 0.200000
vt 0.150000 0.250000
vt 0.100000 0.300000
vt 0.000000 0.350000
vt 0.050000 0.350000
vt 0.700000 0.050000
vt 0.700000 0.100000
vt 0.775000 0.000000
vt 0.750000 0.150000
vt 0.800000 0.200000
vt 0.850000 0.250000
vt 0.900000 0.300000
vt 0.950000 0.350000
vt 1.000000 0.350000
vt 0.275000 0.000000
vt 0.350000 0.100000
vt 0.350000 0.050000
vt 0.300000 0.150000
vt 0.250000 0.200000
vt 0.200000 0.250000
vt 0.150000 0.300000
vt 0.100000 0.350000
vt 0.000000 0.400000
vt 0.050000 0.400000
vt 0.650000 0.050000
vt 0.650000 0.100000
vt 0.725000 0.000000
vt 0.700000 0.150000
vt 0.750000 0.200000
vt 0.800000 0.250000
vt 0.850000 0.300000
vt 0.900000 0.350000
vt 0.950000 0.400000
vt 1.000000 0.400000
vt 0.325000 0.000000
vt 0.400000 0.100000
vt 0.400000 0.050000
vt 0.350000 0.150000
vt 0.300000 0.200000
vt 0.250000 0.250000
vt 0.200000 0.300000
vt 0.150000 0.350000
vt 0.100000 0.400000
vt 0.000000 0.450000
vt 0.050000 0.450000
vt 0.600000 0.050000
vt 0.600000 0.100000
vt 0.675000 0.000000
vt 0.650000 0.150000
vt 0.700000 0.200000
vt 0.750000 0.250000
vt 0.800000 0.300000
vt 0.850000 0.350000
vt 0.900000 0.400000
vt 0.950000 0.450000
vt 1.000000 0.450000
vt 0.375000 0.000000
vt 0.450000 0.100000
vt 0.450000 0.050000
vt 0.400000 0.150000
vt 0.350000 0.200000
vt 0.300000 0.250000
vt 0.250000 0.300000
vt 0.200000 0.350000
vt 0.150000 0.400000
vt 0.100000 0.450000
vt 0.000000 0.500000
vt 0.050000 0.500000
vt 0.550000 0.050000
vt 0.550000 0.100000
vt 0.625000 0.000000
vt 0.600000 0.150000
vt 0.650000 0.200000
vt 0.700000 0.250000
vt 0.750000 0.300000
vt 0.800000 0.350000
vt 0.850000 0.400000
vt 0.900000 0.450000
vt 0.950000 0.500000
vt 1.000000 0.500000
vt 0.425000 0.000000
vt 0.500000 0.100000
vt 0.500000 0.050000
vt 0.450000 0.150000
vt 0.400000 0.200000
vt 0.350000 0.250000
vt 0.300000 0.300000
vt 0.250000 0.350000
vt 0.200000 0.400000
vt 0.150000 0.450000
vt 0.100000 0.500000
vt 0.050000 0.502001
vt 0.000000 0.502001
vt 0.575000 0.000000
vt 0.550000 0.150000
vt 0.600000 0.200000
vt 0.650000 0.250000
vt 0.700000 0.300000
vt 0.750000 0.350000
vt 0.800000 0.400000
vt 0.850000 0.450000
vt 0.900000 0.500000
vt 1.000000 0.502001
vt 0.950000 0.502001
vt 0.475000 0.000000
vt 0.500000 0.150000
vt 0.450000 0.200000
vt 0.400000 0.250000
vt 0.350000 0.300000
vt 0.300000 0.350000
vt 0.250000 0.400000
vt 0.200000 0.450000
vt 0.150000 0.500000
vt 0.100000 0.502001
vt 0.525000 0.000000
vt 0.550000 0.200000
vt 0.600000 0.250000
vt 0.650000 0.300000
vt 0.700000 0.350000
vt 0.750000 0.400000
vt 0.800000 0.450000
vt 0.850000 0.500000
vt 0.900000 0.502001
vt 0.500000 0.200000
vt 0.450000 0.250000
vt 0.400000 0.300000
vt 0.350000 0.350000
vt 0.300000 0.400000
vt 0.250000 0.450000
vt 0.200000 0.500000
vt 0.150000 0.502001
vt 0.550000 0.250000
vt 0.600000 0.300000
vt 0.650000 0.350000
vt 0.700000 0.400000
vt 0.750000 0.450000
vt 0.800000 0.500000
vt 0.850000 0.502001
vt 0.500000 0.250000
vt 0.450000 0.300000
vt 0.400000 0.350000
vt 0.350000 0.400000
vt 0.300000 0.450000
vt 0.250000 0.500000
vt 0.200000 0.502001
vt 0.550000 0.300000
vt 0.600000 0.350000
vt 0.650000 0.400000
vt 0.700000 0.450000
vt 0.750000 0.500000
vt 0.800000 0.502001
vt 0.500000 0.300000
vt 0.450000 0.350000
vt 0.400000 0.400000
vt 0.350000 0.450000
vt 0.300000 0.500000
vt 0.250000 0.502001
vt 0.550000 0.350000
vt 0.600000 0.400000
vt 0.650000 0.450000
vt 0.700000 0.500000
vt 0.750000 0.502001
vt 0.500000 0.350000
vt 0.450000 0.400000
vt 0.400000 0.450000
vt 0.350000 0.500000
vt 0.300000 0.502001
vt 0.550000 0.400000
vt 0.600000 0.450000
vt 0.650000 0.500000
vt 0.700000 0.502001
vt 0.500000 0.400000
vt 0.450000 0.450000
vt 0.400000 0.500000
vt 0.350000 0.502001
vt 0.550000 0.450000
vt 0.600000 0.500000
vt 0.650000 0.502001
vt 0.500000 0.450000
vt 0.450000 0.500000
vt 0.400000 0.502001
vt 0.550000 0.500000
vt 0.600000 0.502001
vt 0.500000 0.500000
vt 0.450000 0.502001
vt 0.550000 0.502001
vt 0.500000 0.502001
vn 0.000000 0.000000 1.000000
vn 0.000000 0.000000 1.000000
vn 0.000000 0.000000 1.000000
vn 0.000000 0.000000 1.000000
vn -1.000000 0.000000 0.000000
vn -1.000000 0.000000 0.000000
vn -1.000000 0.000000 0.000000
vn -1.000000 0.000000 0.000000
vn 0.000000 -1.000000 0.000000
vn 0.000000 -1.000000 0.000000
vn 0.000000 -1.000000 0.000000
vn 0.000000 -1.000000 0.000000
vn 1.000000 0.000000 0.000000
vn 1.000000 0.000000 0.000000
vn 1.000000 0.000000 0.000000
vn 1.000000 0.000000 0.000000
vn 0.000000 0.000000 -1.000000
vn 0.000000 0.000000 -1.000000
vn 0.000000 0.000000 -1.000000
vn 0.000000 0.000000 -1.000000
vn -0.000000 -0.042390 0.999101
vn 0.308744 -0.042387 0.950200
vn 0.308207 0.072419 0.948559
vn 0.000000 0.072419 0.997374
vn -0.308207 0.072419 0.948559
vn -0.308746 -0.042387 0.950200
vn -0.586242 0.072419 0.806893
vn -0.587260 -0.042386 0.808288
vn -0.806893 0.072419 0.586242
vn -0.808292 -0.042385 0.587255
vn -0.948560 0.072419 0.308204
vn -0.950203 -0.042385 0.308736
vn -0.997374 0.072419 -0.000001
vn -0.999101 -0.042393 -0.000000
vn -0.948560 0.072419 -0.308204
vn -0.950202 -0.042400 -0.308737
vn -0.806893 0.072419 -0.586242
vn -0.808291 -0.042393 -0.587254
vn -0.586241 0.072420 -0.806893
vn -0.587261 -0.042389 -0.808287
vn -0.308206 0.072419 -0.948559
vn -0.308744 -0.042393 -0.950200
vn -0.000000 0.072419 -0.997374
vn 0.000000 -0.042391 -0.999101
vn 0.000000 -0.042391 0.999101
vn 0.000000 0.072420 0.997374
vn -0.308206 0.072419 0.948559
vn -0.308745 -0.042393 0.950200
vn -0.586242 0.072419 0.806893
vn -0.587260 -0.042389 0.808288
vn -0.806893 0.072419 0.586242
vn -0.808291 -0.042393 0.587255
vn -0.948560 0.072419 0.308204
vn -0.950203 -0.042393 0.308736
vn -0.997374 0.072419 -0.000001
vn -0.999101 -0.042385 -0.000000
vn -0.948560 0.072419 -0.308204
vn -0.950202 -0.042393 -0.308737
vn -0.806893 0.072419 -0.586242
vn -0.808291 -0.042393 -0.587255
vn -0.586242 0.072420 -0.806893
vn -0.587261 -0.042389 -0.808287
vn -0.308206 0.072420 -0.948559
vn -0.308744 -0.042393 -0.950200
vn -0.000000 0.072419 -0.997374
vn 0.000000 -0.042391 -0.999101
vn 0.000000 -0.042404 0.999101
vn 0.000001 0.072419 0.997374
vn -0.308206 0.072418 0.948559
vn -0.308746 -0.042402 0.950199
vn -0.586242 0.072419 0.806893
vn -0.587259 -0.042393 0.808288
vn -0.806892 0.072420 0.586242
vn -0.808292 -0.042385 0.587255
vn -0.948560 0.072419 0.308204
vn -0.950203 -0.042385 0.308736
vn -0.997374 0.072419 -0.000001
vn -0.999101 -0.042393 -0.000000
vn -0.948560 0.072419 -0.308204
vn -0.950202 -0.042400 -0.308737
vn -0.806893 0.072420 -0.586242
vn -0.808292 -0.042393 -0.587254
vn -0.586242 0.072419 -0.806893
vn -0.587261 -0.042389 -0.808287
vn -0.308206 0.072418 -0.948559
vn -0.308744 -0.042399 -0.950200
vn -0.000000 0.072418 -0.997374
vn 0.000000 -0.042404 -0.999101
vn 0.308206 0.072418 -0.948559
vn 0.308746 -0.042399 -0.950199
vn 0.586242 0.072419 -0.806893
vn 0.587259 -0.042393 -0.808288
vn 0.806893 0.072419 -0.586242
vn 0.808291 -0.042396 -0.587254
vn 0.948559 0.072419 -0.308205
vn 0.950203 -0.042393 -0.308736
vn 0.997374 0.072420 0.000000
vn 0.999101 -0.042385 -0.000000
vn 0.948560 0.072419 0.308204
vn 0.950207 -0.042389 0.308725
vn 0.806893 0.072419 0.586241
vn 0.808299 -0.042393 0.587244
vn 0.586242 0.072419 0.806893
vn 0.587261 -0.042395 0.808286
vn 0.308206 0.072419 0.948559
vn 0.308745 -0.042401 0.950199
vn 0.308206 0.072420 -0.948559
vn 0.308746 -0.042388 -0.950200
vn 0.586242 0.072420 -0.806893
vn 0.587260 -0.042386 -0.808288
vn 0.806893 0.072419 -0.586242
vn 0.808291 -0.042393 -0.587255
vn 0.000000 -0.042404 0.999101
vn 0.000001 0.072419 0.997374
vn -0.308206 0.072418 0.948559
vn -0.308746 -0.042401 0.950199
vn -0.586242 0.072419 0.806893
vn -0.587259 -0.042399 0.808288
vn -0.806892 0.072419 0.586242
vn -0.808291 -0.042404 0.587254
vn -0.948560 0.072420 0.308204
vn -0.950203 -0.042396 0.308736
vn -0.997374 0.072420 -0.000001
vn -0.999101 -0.042385 -0.000000
vn -0.948560 0.072420 -0.308205
vn -0.950207 -0.042389 -0.308725
vn -0.806893 0.072420 -0.586241
vn -0.808299 -0.042390 -0.587244
vn -0.586242 0.072419 -0.806892
vn -0.587261 -0.042389 -0.808287
vn -0.308206 0.072418 -0.948559
vn -0.308744 -0.042399 -0.950200
vn -0.000000 0.072418 -0.997374
vn 0.000000 -0.042403 -0.999101
vn 0.308207 0.072418 -0.948559
vn 0.308746 -0.042399 -0.950199
vn 0.586242 0.072420 -0.806893
vn 0.587259 -0.042389 -0.808288
vn 0.806893 0.072420 -0.586241
vn 0.808299 -0.042386 -0.587244
vn 0.948560 0.072419 -0.308205
vn 0.950207 -0.042386 -0.308724
vn 0.997374 0.072419 -0.000000
vn 0.999101 -0.042385 -0.000000
vn 0.948560 0.072420 0.308204
vn 0.950207 -0.042386 0.308725
vn 0.806893 0.072420 0.586241
vn 0.808299 -0.042393 0.587244
vn 0.586242 0.072419 0.806893
vn 0.587261 -0.042397 0.808286
vn 0.308206 0.072419 0.948559
vn 0.308745 -0.042398 0.950200
vn 0.948559 0.072420 -0.308205
vn 0.950203 -0.042393 -0.308736
vn 0.997374 0.072420 -0.000000
vn 0.999101 -0.042385 -0.000000
vn 0.948560 0.072419 0.308205
vn 0.950207 -0.042389 0.308724
vn 0.806893 0.072419 0.586241
vn 0.808299 -0.042393 0.587245
vn 0.586242 0.072419 0.806893
vn 0.587262 -0.042391 0.808286
vn 0.308206 0.072419 0.948559
vn 0.308744 -0.042390 0.950200
vn 0.000000 -0.042391 0.999101
vn 0.000000 0.072420 0.997374
vn -0.308206 0.072420 0.948559
vn -0.308746 -0.042390 0.950200
vn -0.586242 0.072419 0.806893
vn -0.587259 -0.042391 0.808288
vn -0.806893 0.072419 0.586242
vn -0.808291 -0.042393 0.587255
vn -0.948560 0.072420 0.308204
vn -0.950203 -0.042393 0.308735
vn -0.997374 0.072419 -0.000001
vn -0.999101 -0.042393 -0.000000
vn -0.948560 0.072419 -0.308204
vn -0.950207 -0.042389 -0.308724
vn -0.806893 0.072420 -0.586241
vn -0.808299 -0.042386 -0.587245
vn -0.586242 0.072420 -0.806893
vn -0.587262 -0.042386 -0.808287
vn -0.308206 0.072420 -0.948559
vn -0.308744 -0.042387 -0.950200
vn -0.000000 0.072419 -0.997374
vn 0.000000 -0.042390 -0.999101
vn 0.308206 0.072419 -0.948559
vn 0.308746 -0.042389 -0.950200
vn 0.586242 0.072419 -0.806893
vn 0.587259 -0.042393 -0.808288
vn 0.806893 0.072420 -0.586241
vn 0.808299 -0.042386 -0.587245
vn 0.948560 0.072420 -0.308205
vn 0.950207 -0.042378 -0.308723
vn 0.997374 0.072419 -0.000000
vn 0.999101 -0.042385 -0.000000
vn 0.948560 0.072420 0.308205
vn 0.950207 -0.042378 0.308724
vn 0.806893 0.072420 0.586241
vn 0.808299 -0.042386 0.587245
vn 0.586242 0.072419 0.806893
vn 0.587262 -0.042393 0.808286
vn 0.308206 0.072419 0.948559
vn 0.308744 -0.042389 0.950200
vn 0.308206 0.072419 -0.948559
vn 0.308746 -0.042392 -0.950199
vn 0.586242 0.072420 -0.806893
vn 0.587259 -0.042393 -0.808288
vn 0.806893 0.072419 -0.586242
vn 0.808291 -0.042396 -0.587255
vn 0.948559 0.072419 -0.308205
vn 0.950203 -0.042393 -0.308736
vn 0.997374 0.072420 -0.000000
vn 0.999101 -0.042385 -0.000000
vn 0.948560 0.072419 0.308204
vn 0.950207 -0.042389 0.308725
vn 0.806893 0.072419 0.586241
vn 0.808299 -0.042393 0.587244
vn 0.586243 0.072419 0.806892
vn 0.587262 -0.042388 0.808286
vn 0.305319 0.154249 0.939674
vn 0.000000 0.154249 0.988032
vn -0.305319 0.154249 0.939674
vn -0.580751 0.154248 0.799335
vn -0.799335 0.154248 0.580751
vn -0.939675 0.154249 0.305318
vn -0.988032 0.154248 -0.000001
vn -0.939675 0.154249 -0.305318
vn -0.799335 0.154249 -0.580750
vn -0.580750 0.154249 -0.799335
vn -0.305319 0.154249 -0.939674
vn -0.000000 0.154248 -0.988032
vn 0.000000 0.154249 0.988032
vn -0.305319 0.154249 0.939674
vn -0.580751 0.154249 0.799335
vn -0.799335 0.154248 0.580751
vn -0.939675 0.154249 0.305317
vn -0.988032 0.154248 -0.000001
vn -0.939675 0.154249 -0.305318
vn -0.799335 0.154249 -0.580750
vn -0.580751 0.154249 -0.799335
vn -0.305319 0.154249 -0.939674
vn -0.000000 0.154249 -0.988032
vn 0.000000 0.154249 0.988032
vn -0.305319 0.154249 0.939674
vn -0.580750 0.154249 0.799335
vn -0.799334 0.154249 0.580751
vn -0.939675 0.154248 0.305317
vn -0.988032 0.154248 -0.000001
vn -0.939675 0.154249 -0.305318
vn -0.799335 0.154249 -0.580750
vn -0.580751 0.154249 -0.799335
vn -0.305319 0.154249 -0.939674
vn -0.000000 0.154249 -0.988032
vn 0.305319 0.154249 -0.939674
vn 0.580750 0.154248 -0.799335
vn 0.799335 0.154249 -0.580751
vn 0.939674 0.154249 -0.305319
vn 0.988032 0.154249 0.000000
vn 0.939674 0.154249 0.305319
vn 0.799334 0.154248 0.580751
vn 0.580751 0.154248 0.799335
vn 0.305319 0.154249 0.939674
vn 0.305319 0.154249 -0.939674
vn 0.580750 0.154249 -0.799335
vn 0.799335 0.154249 -0.580751
vn 0.000000 0.154249 0.988032
vn -0.305319 0.154249 0.939674
vn -0.580750 0.154249 0.799335
vn -0.799335 0.154249 0.580751
vn -0.939675 0.154249 0.305318
vn -0.988032 0.154249 -0.000001
vn -0.939674 0.154249 -0.305319
vn -0.799334 0.154249 -0.580751
vn -0.580751 0.154249 -0.799335
vn -0.305319 0.154249 -0.939674
vn -0.000000 0.154249 -0.988032
vn 0.305319 0.154249 -0.939674
vn 0.580751 0.154249 -0.799335
vn 0.799335 0.154249 -0.580751
vn 0.939674 0.154248 -0.305319
vn 0.988032 0.154249 0.000000
vn 0.939674 0.154249 0.305319
vn 0.799335 0.154249 0.580751
vn 0.580750 0.154249 0.799335
vn 0.305319 0.154249 0.939674
vn 0.939674 0.154249 -0.305319
vn 0.988032 0.154249 -0.000000
vn 0.939674 0.154249 0.305319
vn 0.799334 0.154249 0.580751
vn 0.580751 0.154249 0.799335
vn 0.305319 0.154249 0.939674
vn 0.000000 0.154249 0.988032
vn -0.305319 0.154249 0.939674
vn -0.580751 0.154249 0.799335
vn -0.799335 0.154249 0.580751
vn -0.939675 0.154249 0.305318
vn -0.988032 0.154249 -0.000001
vn -0.939674 0.154249 -0.305319
vn -0.799334 0.154249 -0.580751
vn -0.580751 0.154249 -0.799335
vn -0.305319 0.154249 -0.939674
vn -0.000000 0.154249 -0.988032
vn 0.305319 0.154249 -0.939674
vn 0.580751 0.154249 -0.799335
vn 0.799335 0.154249 -0.580751
vn 0.939674 0.154249 -0.305319
vn 0.988032 0.154249 0.000000
vn 0.939674 0.154249 0.305319
vn 0.799335 0.154249 0.580751
vn 0.580751 0.154249 0.799335
vn 0.305319 0.154249 0.939674
vn 0.305319 0.154249 -0.939674
vn 0.580750 0.154249 -0.799335
vn 0.799334 0.154249 -0.580751
vn 0.939674 0.154249 -0.305319
vn 0.988032 0.154248 -0.000000
vn 0.939674 0.154249 0.305319
vn 0.799334 0.154249 0.580751
vn 0.580751 0.154249 0.799335
vn 0.294314 0.304789 0.905805
vn -0.000000 0.304789 0.952420
vn -0.294314 0.304789 0.905805
vn -0.559818 0.304789 0.770524
vn -0.770524 0.304788 0.559819
vn -0.905806 0.304789 0.294313
vn -0.952420 0.304789 -0.000001
vn -0.905805 0.304789 -0.294313
vn -0.770525 0.304789 -0.559818
vn -0.559818 0.304789 -0.770524
vn -0.294314 0.304789 -0.905805
vn 0.000000 0.304789 -0.952420
vn -0.000000 0.304789 0.952420
vn -0.294314 0.304789 0.905805
vn -0.559818 0.304788 0.770524
vn -0.770524 0.304789 0.559818
vn -0.905805 0.304789 0.294313
vn -0.952420 0.304789 -0.000001
vn -0.905805 0.304789 -0.294313
vn -0.770525 0.304789 -0.559818
vn -0.559819 0.304789 -0.770524
vn -0.294314 0.304789 -0.905805
vn -0.000000 0.304789 -0.952420
vn -0.000000 0.304789 0.952420
vn -0.294314 0.304790 0.905805
vn -0.559818 0.304789 0.770524
vn -0.770524 0.304788 0.559819
vn -0.905806 0.304789 0.294313
vn -0.952420 0.304789 -0.000001
vn -0.905806 0.304788 -0.294313
vn -0.770525 0.304789 -0.559818
vn -0.559819 0.304789 -0.770524
vn -0.294314 0.304789 -0.905805
vn 0.000000 0.304789 -0.952420
vn 0.294314 0.304789 -0.905805
vn 0.559818 0.304789 -0.770524
vn 0.770524 0.304789 -0.559818
vn 0.905805 0.304789 -0.294314
vn 0.952420 0.304789 0.000000
vn 0.905805 0.304789 0.294314
vn 0.770524 0.304789 0.559819
vn 0.559818 0.304789 0.770524
vn 0.294315 0.304789 0.905805
vn 0.294314 0.304789 -0.905805
vn 0.559818 0.304789 -0.770524
vn 0.770524 0.304789 -0.559818
vn -0.000000 0.304789 0.952420
vn -0.294314 0.304789 0.905805
vn -0.559818 0.304789 0.770524
vn -0.770524 0.304789 0.559819
vn -0.905806 0.304789 0.294313
vn -0.952420 0.304789 -0.000001
vn -0.905805 0.304789 -0.294314
vn -0.770524 0.304789 -0.559819
vn -0.559818 0.304789 -0.770524
vn -0.294314 0.304789 -0.905805
vn 0.000000 0.304789 -0.952420
vn 0.294314 0.304789 -0.905805
vn 0.559818 0.304789 -0.770524
vn 0.770524 0.304789 -0.559818
vn 0.905805 0.304789 -0.294314
vn 0.952420 0.304789 0.000000
vn 0.905805 0.304789 0.294314
vn 0.770524 0.304788 0.559818
vn 0.559818 0.304789 0.770524
vn 0.294315 0.304789 0.905805
vn 0.905805 0.304789 -0.294314
vn 0.952420 0.304789 0.000000
vn 0.905805 0.304789 0.294314
vn 0.770524 0.304789 0.559819
vn 0.559818 0.304789 0.770524
vn 0.294314 0.304789 0.905805
vn -0.000000 0.304789 0.952420
vn -0.294314 0.304789 0.905805
vn -0.559818 0.304789 0.770524
vn -0.770524 0.304789 0.559818
vn -0.905806 0.304789 0.294313
vn -0.952420 0.304789 -0.000001
vn -0.905805 0.304789 -0.294314
vn -0.770524 0.304789 -0.559819
vn -0.559818 0.304789 -0.770524
vn -0.294314 0.304789 -0.905805
vn -0.000000 0.304789 -0.952420
vn 0.294314 0.304789 -0.905805
vn 0.559818 0.304789 -0.770524
vn 0.770524 0.304789 -0.559818
vn 0.905805 0.304789 -0.294314
vn 0.952420 0.304789 0.000000
vn 0.905805 0.304789 0.294314
vn 0.770524 0.304789 0.559818
vn 0.559818 0.304790 0.770524
vn 0.294314 0.304789 0.905805
vn 0.294314 0.304789 -0.905805
vn 0.559818 0.304788 -0.770525
vn 0.770524 0.304789 -0.559819
vn 0.905805 0.304789 -0.294314
vn 0.952420 0.304789 0.000000
vn 0.905805 0.304789 0.294314
vn 0.770524 0.304789 0.559819
vn 0.559818 0.304789 0.770524
vn 0.276273 0.447993 0.850279
vn -0.000000 0.447993 0.894037
vn -0.276273 0.447993 0.850280
vn -0.525501 0.447994 0.723291
vn -0.723291 0.447994 0.525501
vn -0.850280 0.447993 0.276272
vn -0.894037 0.447993 -0.000001
vn -0.850280 0.447993 -0.276273
vn -0.723291 0.447993 -0.525502
vn -0.525501 0.447994 -0.723291
vn -0.276273 0.447994 -0.850280
vn 0.000000 0.447994 -0.894037
vn 0.000000 0.447994 0.894037
vn -0.276272 0.447993 0.850280
vn -0.525501 0.447993 0.723291
vn -0.723291 0.447994 0.525501
vn -0.850280 0.447993 0.276272
vn -0.894037 0.447993 -0.000001
vn -0.850280 0.447993 -0.276273
vn -0.723291 0.447994 -0.525502
vn -0.525501 0.447993 -0.723291
vn -0.276273 0.447993 -0.850280
vn -0.000000 0.447993 -0.894037
vn -0.000000 0.447993 0.894037
vn -0.276272 0.447993 0.850280
vn -0.525501 0.447993 0.723291
vn -0.723291 0.447994 0.525502
vn -0.850280 0.447994 0.276272
vn -0.894037 0.447993 -0.000001
vn -0.850280 0.447993 -0.276273
vn -0.723291 0.447993 -0.525501
vn -0.525501 0.447994 -0.723291
vn -0.276273 0.447994 -0.850280
vn 0.000000 0.447993 -0.894037
vn 0.276273 0.447994 -0.850280
vn 0.525501 0.447994 -0.723291
vn 0.723291 0.447994 -0.525502
vn 0.850280 0.447993 -0.276272
vn 0.894037 0.447994 0.000000
vn 0.850280 0.447993 0.276273
vn 0.723291 0.447993 0.525502
vn 0.525502 0.447993 0.723291
vn 0.276273 0.447993 0.850280
vn 0.276272 0.447993 -0.850280
vn 0.525501 0.447994 -0.723291
vn 0.723291 0.447993 -0.525502
vn -0.000000 0.447993 0.894037
vn -0.276272 0.447993 0.850280
vn -0.525501 0.447993 0.723292
vn -0.723291 0.447993 0.525502
vn -0.850280 0.447994 0.276272
vn -0.894037 0.447993 -0.000001
vn -0.850280 0.447993 -0.276272
vn -0.723291 0.447993 -0.525501
vn -0.525501 0.447993 -0.723291
vn -0.276273 0.447994 -0.850280
vn 0.000000 0.447994 -0.894037
vn 0.276272 0.447994 -0.850280
vn 0.525501 0.447994 -0.723291
vn 0.723291 0.447994 -0.525502
vn 0.850280 0.447993 -0.276272
vn 0.894037 0.447993 0.000000
vn 0.850280 0.447993 0.276273
vn 0.723291 0.447993 0.525502
vn 0.525502 0.447993 0.723291
vn 0.276273 0.447993 0.850279
vn 0.850280 0.447993 -0.276272
vn 0.894037 0.447994 0.000000
vn 0.850280 0.447994 0.276273
vn 0.723291 0.447993 0.525502
vn 0.525502 0.447993 0.723291
vn 0.276273 0.447993 0.850280
vn 0.000000 0.447993 0.894037
vn -0.276272 0.447993 0.850280
vn -0.525501 0.447993 0.723292
vn -0.723291 0.447993 0.525502
vn -0.850280 0.447994 0.276272
vn -0.894037 0.447993 -0.000001
vn -0.850280 0.447993 -0.276272
vn -0.723291 0.447994 -0.525501
vn -0.525502 0.447993 -0.723291
vn -0.276273 0.447993 -0.850280
vn -0.000000 0.447993 -0.894037
vn 0.276272 0.447993 -0.850280
vn 0.525501 0.447994 -0.723291
vn 0.723291 0.447993 -0.525502
vn 0.850280 0.447993 -0.276272
vn 0.894037 0.447993 0.000000
vn 0.850280 0.447993 0.276273
vn 0.723291 0.447993 0.525502
vn 0.525502 0.447994 0.723291
vn 0.276273 0.447993 0.850280
vn 0.276273 0.447993 -0.850280
vn 0.525501 0.447993 -0.723291
vn 0.723291 0.447994 -0.525502
vn 0.850280 0.447994 -0.276272
vn 0.894037 0.447993 0.000000
vn 0.850280 0.447993 0.276273
vn 0.723291 0.447993 0.525502
vn 0.525502 0.447994 0.723291
vn 0.251642 0.580401 0.774475
vn -0.000000 0.580401 0.814331
vn -0.251642 0.580401 0.774475
vn -0.478651 0.580401 0.658808
vn -0.658808 0.580401 0.478652
vn -0.774476 0.580400 0.251641
vn -0.814331 0.580400 -0.000001
vn -0.774475 0.580401 -0.251643
vn -0.658807 0.580401 -0.478652
vn -0.478652 0.580401 -0.658808
vn -0.251643 0.580401 -0.774474
vn 0.000000 0.580401 -0.814331
vn 0.000000 0.580401 0.814331
vn -0.251642 0.580400 0.774475
vn -0.478652 0.580401 0.658808
vn -0.658808 0.580401 0.478652
vn -0.774475 0.580400 0.251641
vn -0.814331 0.580400 -0.000001
vn -0.774475 0.580400 -0.251643
vn -0.658807 0.580400 -0.478652
vn -0.478652 0.580401 -0.658808
vn -0.251642 0.580401 -0.774475
vn 0.000000 0.580401 -0.814331
vn -0.000000 0.580400 0.814331
vn -0.251642 0.580400 0.774475
vn -0.478652 0.580401 0.658807
vn -0.658807 0.580401 0.478652
vn -0.774475 0.580400 0.251641
vn -0.814331 0.580400 -0.000001
vn -0.774475 0.580401 -0.251643
vn -0.658808 0.580400 -0.478652
vn -0.478652 0.580400 -0.658808
vn -0.251643 0.580401 -0.774475
vn 0.000000 0.580401 -0.814331
vn 0.251642 0.580401 -0.774475
vn 0.478652 0.580400 -0.658808
vn 0.658807 0.580400 -0.478653
vn 0.774475 0.580400 -0.251642
vn 0.814331 0.580400 -0.000000
vn 0.774475 0.580401 0.251642
vn 0.658808 0.580400 0.478653
vn 0.478652 0.580400 0.658808
vn 0.251643 0.580401 0.774475
vn 0.251642 0.580401 -0.774475
vn 0.478652 0.580400 -0.658808
vn 0.658807 0.580400 -0.478653
vn -0.000000 0.580401 0.814331
vn -0.251642 0.580400 0.774475
vn -0.478651 0.580401 0.658808
vn -0.658807 0.580401 0.478653
vn -0.774475 0.580401 0.251642
vn -0.814331 0.580401 -0.000001
vn -0.774475 0.580401 -0.251642
vn -0.658808 0.580400 -0.478652
vn -0.478652 0.580400 -0.658808
vn -0.251643 0.580401 -0.774474
vn 0.000000 0.580401 -0.814331
vn 0.251642 0.580401 -0.774475
vn 0.478652 0.580400 -0.658808
vn 0.658807 0.580401 -0.478653
vn 0.774475 0.580401 -0.251642
vn 0.814331 0.580400 0.000000
vn 0.774475 0.580400 0.251643
vn 0.658808 0.580400 0.478653
vn 0.478652 0.580400 0.658808
vn 0.251643 0.580401 0.774475
vn 0.774475 0.580401 -0.251642
vn 0.814331 0.580400 -0.000000
vn 0.774475 0.580401 0.251642
vn 0.658808 0.580400 0.478653
vn 0.478652 0.580400 0.658808
vn 0.251642 0.580401 0.774475
vn 0.000000 0.580401 0.814331
vn -0.251642 0.580401 0.774475
vn -0.478651 0.580401 0.658808
vn -0.658807 0.580401 0.478652
vn -0.774475 0.580401 0.251642
vn -0.814331 0.580401 -0.000001
vn -0.774475 0.580401 -0.251642
vn -0.658808 0.580401 -0.478652
vn -0.478652 0.580401 -0.658808
vn -0.251642 0.580401 -0.774474
vn 0.000000 0.580401 -0.814331
vn 0.251642 0.580401 -0.774475
vn 0.478652 0.580400 -0.658808
vn 0.658807 0.580401 -0.478653
vn 0.774475 0.580400 -0.251642
vn 0.814332 0.580400 0.000000
vn 0.774475 0.580400 0.251643
vn 0.658808 0.580400 0.478653
vn 0.478652 0.580400 0.658808
vn 0.251642 0.580401 0.774475
vn 0.251642 0.580400 -0.774475
vn 0.478652 0.580400 -0.658808
vn 0.658807 0.580400 -0.478652
vn 0.774475 0.580401 -0.251642
vn 0.814331 0.580400 -0.000000
vn 0.774475 0.580400 0.251642
vn 0.658808 0.580400 0.478652
vn 0.478652 0.580401 0.658808
vn 0.221049 0.698789 0.680317
vn 0.000000 0.698789 0.715328
vn -0.221049 0.698789 0.680317
vn -0.420460 0.698789 0.578712
vn -0.578713 0.698788 0.420460
vn -0.680318 0.698788 0.221049
vn -0.715329 0.698788 -0.000001
vn -0.680318 0.698788 -0.221049
vn -0.578713 0.698788 -0.420459
vn -0.420460 0.698788 -0.578713
vn -0.221049 0.698788 -0.680318
vn 0.000000 0.698788 -0.715329
vn 0.000000 0.698788 0.715329
vn -0.221049 0.698789 0.680317
vn -0.420460 0.698789 0.578712
vn -0.578713 0.698788 0.420460
vn -0.680318 0.698788 0.221049
vn -0.715329 0.698788 -0.000001
vn -0.680318 0.698788 -0.221049
vn -0.578714 0.698788 -0.420459
vn -0.420460 0.698788 -0.578713
vn -0.221049 0.698788 -0.680318
vn 0.000000 0.698788 -0.715329
vn -0.000000 0.698789 0.715328
vn -0.221049 0.698789 0.680317
vn -0.420460 0.698789 0.578712
vn -0.578713 0.698788 0.420460
vn -0.680318 0.698788 0.221049
vn -0.715329 0.698788 -0.000001
vn -0.680318 0.698788 -0.221049
vn -0.578714 0.698788 -0.420459
vn -0.420461 0.698788 -0.578713
vn -0.221049 0.698788 -0.680318
vn 0.000000 0.698788 -0.715329
vn 0.221049 0.698788 -0.680318
vn 0.420460 0.698788 -0.578713
vn 0.578713 0.698788 -0.420460
vn 0.680318 0.698788 -0.221049
vn 0.715329 0.698788 0.000000
vn 0.680318 0.698788 0.221049
vn 0.578713 0.698788 0.420460
vn 0.420460 0.698789 0.578712
vn 0.221049 0.698789 0.680317
vn 0.221049 0.698789 -0.680318
vn 0.420460 0.698788 -0.578713
vn 0.578713 0.698788 -0.420460
vn 0.000000 0.698789 0.715328
vn -0.221049 0.698789 0.680317
vn -0.420460 0.698789 0.578712
vn -0.578713 0.698789 0.420459
vn -0.680318 0.698788 0.221048
vn -0.715329 0.698788 -0.000001
vn -0.680318 0.698788 -0.221050
vn -0.578713 0.698788 -0.420460
vn -0.420460 0.698788 -0.578713
vn -0.221049 0.698788 -0.680318
vn 0.000000 0.698788 -0.715329
vn 0.221049 0.698788 -0.680318
vn 0.420460 0.698788 -0.578713
vn 0.578713 0.698788 -0.420460
vn 0.680318 0.698788 -0.221049
vn 0.715329 0.698788 0.000000
vn 0.680318 0.698788 0.221049
vn 0.578713 0.698788 0.420460
vn 0.420460 0.698789 0.578713
vn 0.221049 0.698789 0.680317
vn 0.680318 0.698788 -0.221049
vn 0.715329 0.698788 0.000000
vn 0.680318 0.698788 0.221049
vn 0.578713 0.698788 0.420460
vn 0.420460 0.698788 0.578713
vn 0.221049 0.698789 0.680317
vn 0.000000 0.698788 0.715328
vn -0.221049 0.698789 0.680317
vn -0.420460 0.698789 0.578712
vn -0.578713 0.698789 0.420459
vn -0.680318 0.698788 0.221048
vn -0.715329 0.698788 -0.000001
vn -0.680318 0.698788 -0.221050
vn -0.578713 0.698788 -0.420460
vn -0.420460 0.698788 -0.578713
vn -0.221049 0.698788 -0.680318
vn 0.000000 0.698788 -0.715329
vn 0.221049 0.698788 -0.680318
vn 0.420460 0.698788 -0.578713
vn 0.578713 0.698788 -0.420460
vn 0.680318 0.698788 -0.221049
vn 0.715329 0.698788 0.000000
vn 0.680318 0.698788 0.221049
vn 0.578713 0.698788 0.420460
vn 0.420460 0.698789 0.578713
vn 0.221049 0.698789 0.680317
vn 0.221049 0.698788 -0.680318
vn 0.420459 0.698788 -0.578713
vn 0.578713 0.698788 -0.420460
vn 0.680318 0.698788 -0.221049
vn 0.715329 0.698788 0.000000
vn 0.680318 0.698788 0.221049
vn 0.578713 0.698788 0.420460
vn 0.420459 0.698789 0.578713
vn 0.185307 0.800251 0.570315
vn -0.000000 0.800251 0.599665
vn -0.185307 0.800251 0.570315
vn -0.352474 0.800252 0.485139
vn -0.485138 0.800252 0.352474
vn -0.570315 0.800251 0.185306
vn -0.599665 0.800251 -0.000001
vn -0.570315 0.800251 -0.185307
vn -0.485139 0.800252 -0.352473
vn -0.352474 0.800251 -0.485139
vn -0.185307 0.800250 -0.570317
vn 0.000000 0.800251 -0.599666
vn 0.000000 0.800251 0.599665
vn -0.185306 0.800251 0.570316
vn -0.352474 0.800251 0.485139
vn -0.485139 0.800251 0.352474
vn -0.570315 0.800251 0.185306
vn -0.599665 0.800251 -0.000001
vn -0.570315 0.800251 -0.185307
vn -0.485139 0.800252 -0.352473
vn -0.352474 0.800251 -0.485139
vn -0.185306 0.800250 -0.570317
vn 0.000000 0.800251 -0.599666
vn -0.000000 0.800251 0.599665
vn -0.185306 0.800251 0.570315
vn -0.352474 0.800251 0.485139
vn -0.485139 0.800251 0.352474
vn -0.570316 0.800251 0.185306
vn -0.599665 0.800251 -0.000001
vn -0.570315 0.800251 -0.185307
vn -0.485139 0.800252 -0.352473
vn -0.352474 0.800251 -0.485139
vn -0.185306 0.800250 -0.570317
vn 0.000000 0.800251 -0.599666
vn 0.185306 0.800251 -0.570316
vn 0.352474 0.800251 -0.485139
vn 0.485139 0.800252 -0.352474
vn 0.570315 0.800251 -0.185307
vn 0.599665 0.800251 0.000001
vn 0.570315 0.800251 0.185307
vn 0.485139 0.800251 0.352474
vn 0.352474 0.800251 0.485139
vn 0.185306 0.800251 0.570316
vn 0.185306 0.800251 -0.570316
vn 0.352474 0.800251 -0.485139
vn 0.485139 0.800251 -0.352474
vn -0.000000 0.800251 0.599665
vn -0.185306 0.800251 0.570316
vn -0.352474 0.800251 0.485139
vn -0.485139 0.800251 0.352474
vn -0.570315 0.800251 0.185306
vn -0.599665 0.800251 -0.000001
vn -0.570315 0.800251 -0.185308
vn -0.485139 0.800251 -0.352475
vn -0.352474 0.800251 -0.485139
vn -0.185306 0.800251 -0.570316
vn 0.000000 0.800250 -0.599666
vn 0.185306 0.800251 -0.570316
vn 0.352474 0.800251 -0.485139
vn 0.485139 0.800252 -0.352474
vn 0.570315 0.800252 -0.185307
vn 0.599664 0.800252 0.000000
vn 0.570315 0.800251 0.185307
vn 0.485139 0.800251 0.352474
vn 0.352474 0.800251 0.485139
vn 0.185306 0.800251 0.570315
vn 0.570315 0.800251 -0.185307
vn 0.599665 0.800251 0.000001
vn 0.570315 0.800251 0.185307
vn 0.485139 0.800251 0.352474
vn 0.352474 0.800251 0.485139
vn 0.185307 0.800251 0.570316
vn 0.000000 0.800251 0.599665
vn -0.185306 0.800251 0.570316
vn -0.352474 0.800251 0.485139
vn -0.485139 0.800252 0.352474
vn -0.570315 0.800251 0.185306
vn -0.599665 0.800251 -0.000001
vn -0.570315 0.800251 -0.185308
vn -0.485139 0.800251 -0.352475
vn -0.352474 0.800251 -0.485139
vn -0.185306 0.800251 -0.570316
vn 0.000000 0.800251 -0.599666
vn 0.185306 0.800251 -0.570316
vn 0.352474 0.800251 -0.485139
vn 0.485139 0.800251 -0.352474
vn 0.570315 0.800252 -0.185307
vn 0.599664 0.800252 -0.000000
vn 0.570315 0.800251 0.185307
vn 0.485139 0.800251 0.352474
vn 0.352474 0.800251 0.485139
vn 0.185307 0.800251 0.570315
vn 0.185307 0.800251 -0.570316
vn 0.352474 0.800251 -0.485139
vn 0.485139 0.800251 -0.352474
vn 0.570315 0.800251 -0.185307
vn 0.599665 0.800251 0.000001
vn 0.570315 0.800251 0.185308
vn 0.485139 0.800252 0.352474
vn 0.352474 0.800251 0.485139
vn 0.145471 0.882265 0.447713
vn -0.000000 0.882265 0.470754
vn -0.145470 0.882265 0.447713
vn -0.276701 0.882266 0.380847
vn -0.380846 0.882266 0.276701
vn -0.447712 0.882266 0.145470
vn -0.470752 0.882265 -0.000002
vn -0.447712 0.882266 -0.145471
vn -0.380846 0.882266 -0.276702
vn -0.276701 0.882265 -0.380848
vn -0.145471 0.882264 -0.447714
vn -0.000000 0.882265 -0.470754
vn 0.000000 0.882265 0.470753
vn -0.145470 0.882265 0.447713
vn -0.276701 0.882265 0.380847
vn -0.380846 0.882266 0.276701
vn -0.447712 0.882266 0.145470
vn -0.470752 0.882266 -0.000002
vn -0.447712 0.882265 -0.145471
vn -0.380846 0.882266 -0.276702
vn -0.276701 0.882265 -0.380849
vn -0.145470 0.882264 -0.447714
vn -0.000000 0.882264 -0.470754
vn 0.000000 0.882265 0.470754
vn -0.145470 0.882265 0.447713
vn -0.276701 0.882265 0.380847
vn -0.380846 0.882266 0.276701
vn -0.447712 0.882266 0.145470
vn -0.470752 0.882266 -0.000002
vn -0.447712 0.882265 -0.145471
vn -0.380846 0.882265 -0.276702
vn -0.276701 0.882265 -0.380849
vn -0.145470 0.882264 -0.447714
vn -0.000000 0.882265 -0.470754
vn 0.145470 0.882265 -0.447713
vn 0.276701 0.882265 -0.380847
vn 0.380846 0.882266 -0.276701
vn 0.447711 0.882266 -0.145471
vn 0.470752 0.882266 -0.000001
vn 0.447712 0.882266 0.145470
vn 0.380847 0.882266 0.276701
vn 0.276701 0.882265 0.380847
vn 0.145470 0.882266 0.447712
vn 0.145470 0.882265 -0.447714
vn 0.276701 0.882265 -0.380848
vn 0.380846 0.882266 -0.276701
vn -0.000000 0.882265 0.470753
vn -0.145470 0.882265 0.447713
vn -0.276701 0.882265 0.380847
vn -0.380847 0.882266 0.276701
vn -0.447712 0.882266 0.145470
vn -0.470752 0.882266 -0.000002
vn -0.447712 0.882265 -0.145471
vn -0.380846 0.882265 -0.276702
vn -0.276701 0.882265 -0.380848
vn -0.145470 0.882265 -0.447714
vn 0.000000 0.882265 -0.470754
vn 0.145470 0.882265 -0.447713
vn 0.276701 0.882265 -0.380847
vn 0.380846 0.882266 -0.276701
vn 0.447711 0.882266 -0.145471
vn 0.470752 0.882266 -0.000001
vn 0.447712 0.882266 0.145470
vn 0.380847 0.882265 0.276701
vn 0.276701 0.882265 0.380847
vn 0.145470 0.882266 0.447712
vn 0.447712 0.882266 -0.145471
vn 0.470752 0.882266 -0.000001
vn 0.447712 0.882266 0.145470
vn 0.380847 0.882266 0.276701
vn 0.276701 0.882266 0.380846
vn 0.145470 0.882266 0.447712
vn 0.000000 0.882265 0.470753
vn -0.145470 0.882265 0.447713
vn -0.276701 0.882265 0.380847
vn -0.380846 0.882266 0.276701
vn -0.447712 0.882266 0.145470
vn -0.470752 0.882266 -0.000002
vn -0.447712 0.882265 -0.145471
vn -0.380846 0.882265 -0.276702
vn -0.276701 0.882265 -0.380848
vn -0.145470 0.882264 -0.447714
vn -0.000000 0.882265 -0.470754
vn 0.145470 0.882265 -0.447714
vn 0.276701 0.882265 -0.380848
vn 0.380846 0.882266 -0.276701
vn 0.447712 0.882266 -0.145471
vn 0.470752 0.882266 -0.000001
vn 0.447712 0.882266 0.145470
vn 0.380847 0.882266 0.276701
vn 0.276701 0.882266 0.380846
vn 0.145470 0.882266 0.447712
vn 0.145470 0.882265 -0.447713
vn 0.276701 0.882265 -0.380847
vn 0.380846 0.882266 -0.276701
vn 0.447712 0.882266 -0.145471
vn 0.470752 0.882265 -0.000001
vn 0.447712 0.882266 0.145470
vn 0.380846 0.882266 0.276701
vn 0.276701 0.882265 0.380847
vn 0.103081 0.942723 0.317251
vn -0.000000 0.942723 0.333577
vn -0.103081 0.942723 0.317251
vn -0.196072 0.942723 0.269869
vn -0.269870 0.942723 0.196071
vn -0.317251 0.942723 0.103081
vn -0.333578 0.942723 -0.000001
vn -0.317251 0.942723 -0.103082
vn -0.269870 0.942723 -0.196072
vn -0.196072 0.942722 -0.269872
vn -0.103081 0.942722 -0.317253
vn -0.000000 0.942723 -0.333577
vn 0.000000 0.942723 0.333576
vn -0.103081 0.942723 0.317251
vn -0.196072 0.942723 0.269869
vn -0.269870 0.942723 0.196071
vn -0.317251 0.942723 0.103081
vn -0.333578 0.942723 -0.000001
vn -0.317252 0.942722 -0.103082
vn -0.269870 0.942723 -0.196072
vn -0.196072 0.942722 -0.269872
vn -0.103081 0.942722 -0.317253
vn -0.000000 0.942723 -0.333577
vn -0.000000 0.942723 0.333576
vn -0.103081 0.942723 0.317251
vn -0.196072 0.942723 0.269869
vn -0.269870 0.942723 0.196071
vn -0.317251 0.942723 0.103081
vn -0.333578 0.942723 -0.000001
vn -0.317251 0.942723 -0.103082
vn -0.269870 0.942723 -0.196072
vn -0.196072 0.942722 -0.269872
vn -0.103081 0.942722 -0.317253
vn -0.000000 0.942723 -0.333577
vn 0.103081 0.942723 -0.317251
vn 0.196072 0.942723 -0.269870
vn 0.269870 0.942723 -0.196070
vn 0.317251 0.942723 -0.103082
vn 0.333577 0.942723 -0.000001
vn 0.317251 0.942723 0.103080
vn 0.269870 0.942723 0.196071
vn 0.196072 0.942723 0.269869
vn 0.103081 0.942723 0.317250
vn 0.103081 0.942723 -0.317251
vn 0.196072 0.942723 -0.269870
vn 0.269870 0.942723 -0.196070
vn 0.000000 0.942723 0.333576
vn -0.103081 0.942723 0.317251
vn -0.196072 0.942723 0.269869
vn -0.269870 0.942723 0.196071
vn -0.317251 0.942723 0.103081
vn -0.333578 0.942723 -0.000001
vn -0.317251 0.942723 -0.103082
vn -0.269870 0.942723 -0.196072
vn -0.196072 0.942722 -0.269872
vn -0.103081 0.942722 -0.317253
vn -0.000000 0.942723 -0.333577
vn 0.103081 0.942723 -0.317251
vn 0.196072 0.942723 -0.269869
vn 0.269870 0.942723 -0.196070
vn 0.317251 0.942723 -0.103082
vn 0.333578 0.942723 -0.000001
vn 0.317251 0.942723 0.103080
vn 0.269870 0.942723 0.196071
vn 0.196072 0.942723 0.269869
vn 0.103081 0.942723 0.317250
vn 0.317251 0.942723 -0.103082
vn 0.333577 0.942723 -0.000001
vn 0.317251 0.942723 0.103080
vn 0.269870 0.942723 0.196071
vn 0.196072 0.942723 0.269869
vn 0.103081 0.942723 0.317249
vn 0.000000 0.942723 0.333576
vn -0.103081 0.942723 0.317251
vn -0.196072 0.942723 0.269869
vn -0.269870 0.942723 0.196071
vn -0.317251 0.942723 0.103081
vn -0.333578 0.942723 -0.000001
vn -0.317251 0.942722 -0.103082
vn -0.269870 0.942723 -0.196071
vn -0.196072 0.942722 -0.269872
vn -0.103081 0.942722 -0.317253
vn -0.000000 0.942723 -0.333577
vn 0.103081 0.942723 -0.317252
vn 0.196072 0.942723 -0.269869
vn 0.269870 0.942723 -0.196070
vn 0.317251 0.942723 -0.103082
vn 0.333577 0.942723 -0.000001
vn 0.317251 0.942723 0.103080
vn 0.269870 0.942723 0.196071
vn 0.196072 0.942723 0.269869
vn 0.103081 0.942723 0.317249
vn 0.103081 0.942723 -0.317251
vn 0.196072 0.942723 -0.269870
vn 0.269870 0.942723 -0.196070
vn 0.317251 0.942723 -0.103082
vn 0.333577 0.942723 -0.000001
vn 0.317251 0.942723 0.103080
vn 0.269870 0.942723 0.196071
vn 0.196072 0.942723 0.269870
vn 0.061914 0.979722 0.190555
vn 0.000000 0.979722 0.200359
vn -0.061915 0.979722 0.190554
vn -0.117770 0.979722 0.162094
vn -0.162096 0.979722 0.117769
vn -0.190555 0.979722 0.061915
vn -0.200362 0.979722 -0.000001
vn -0.190555 0.979722 -0.061914
vn -0.162096 0.979722 -0.117768
vn -0.117770 0.979722 -0.162097
vn -0.061916 0.979722 -0.190556
vn -0.000000 0.979722 -0.200359
vn 0.000000 0.979722 0.200360
vn -0.061915 0.979722 0.190554
vn -0.117770 0.979722 0.162095
vn -0.162096 0.979722 0.117769
vn -0.190555 0.979722 0.061915
vn -0.200362 0.979722 -0.000001
vn -0.190555 0.979722 -0.061914
vn -0.162096 0.979722 -0.117768
vn -0.117770 0.979722 -0.162097
vn -0.061915 0.979722 -0.190556
vn -0.000000 0.979723 -0.200359
vn -0.000000 0.979722 0.200360
vn -0.061915 0.979722 0.190554
vn -0.117769 0.979722 0.162095
vn -0.162096 0.979722 0.117769
vn -0.190556 0.979722 0.061915
vn -0.200362 0.979722 -0.000001
vn -0.190555 0.979722 -0.061914
vn -0.162097 0.979722 -0.117768
vn -0.117769 0.979722 -0.162097
vn -0.061915 0.979722 -0.190556
vn -0.000000 0.979723 -0.200359
vn 0.061915 0.979722 -0.190554
vn 0.117769 0.979722 -0.162095
vn 0.162097 0.979722 -0.117768
vn 0.190555 0.979722 -0.061914
vn 0.200362 0.979722 0.000000
vn 0.190556 0.979722 0.061914
vn 0.162096 0.979722 0.117770
vn 0.117769 0.979722 0.162098
vn 0.061915 0.979722 0.190557
vn 0.061915 0.979722 -0.190554
vn 0.117770 0.979722 -0.162095
vn 0.162096 0.979722 -0.117768
vn 0.000000 0.979722 0.200360
vn -0.061915 0.979722 0.190554
vn -0.117769 0.979722 0.162095
vn -0.162096 0.979722 0.117770
vn -0.190556 0.979722 0.061915
vn -0.200362 0.979722 -0.000001
vn -0.190555 0.979722 -0.061914
vn -0.162097 0.979722 -0.117768
vn -0.117769 0.979722 -0.162097
vn -0.061915 0.979722 -0.190556
vn 0.000000 0.979723 -0.200359
vn 0.061915 0.979722 -0.190554
vn 0.117769 0.979722 -0.162095
vn 0.162096 0.979722 -0.117768
vn 0.190555 0.979722 -0.061914
vn 0.200362 0.979722 0.000000
vn 0.190556 0.979722 0.061914
vn 0.162096 0.979722 0.117770
vn 0.117769 0.979722 0.162099
vn 0.061915 0.979722 0.190557
vn 0.190555 0.979722 -0.061914
vn 0.200362 0.979722 0.000000
vn 0.190555 0.979722 0.061914
vn 0.162096 0.979722 0.117770
vn 0.117770 0.979722 0.162098
vn 0.061915 0.979722 0.190557
vn 0.000000 0.979722 0.200360
vn -0.061915 0.979722 0.190554
vn -0.117770 0.979722 0.162095
vn -0.162096 0.979722 0.117769
vn -0.190555 0.979722 0.061915
vn -0.200362 0.979722 -0.000001
vn -0.190556 0.979722 -0.061914
vn -0.162096 0.979722 -0.117768
vn -0.117770 0.979722 -0.162097
vn -0.061915 0.979722 -0.190556
vn -0.000000 0.979723 -0.200359
vn 0.061915 0.979722 -0.190554
vn 0.117770 0.979722 -0.162095
vn 0.162096 0.979722 -0.117768
vn 0.190555 0.979722 -0.061914
vn 0.200362 0.979722 0.000000
vn 0.190555 0.979722 0.061914
vn 0.162096 0.979722 0.117770
vn 0.117770 0.979722 0.162098
vn 0.061915 0.979722 0.190557
vn 0.061916 0.979722 -0.190554
vn 0.117770 0.979722 -0.162095
vn 0.162096 0.979722 -0.117768
vn 0.190555 0.979722 -0.061914
vn 0.200362 0.979722 0.000000
vn 0.190555 0.979722 0.061914
vn 0.162096 0.979722 0.117770
vn 0.117770 0.979722 0.162097
vn -0.162096 0.979722 0.117771
vn -0.190555 0.979722 0.061916
vn -0.317251 0.942723 0.103081
vn -0.269870 0.942723 0.196072
vn -0.200362 0.979722 -0.000000
vn -0.333578 0.942723 -0.000001
vn -0.196072 0.942723 0.269870
vn -0.117770 0.979722 0.162095
vn -0.447712 0.882266 0.145469
vn -0.380846 0.882266 0.276701
vn -0.190555 0.979722 -0.061915
vn -0.317251 0.942723 -0.103081
vn -0.470752 0.882265 -0.000001
vn -0.103081 0.942723 0.317251
vn -0.061914 0.979722 0.190556
vn -0.276701 0.882265 0.380847
vn -0.570315 0.800251 0.185306
vn -0.485138 0.800252 0.352474
vn -0.162096 0.979722 -0.117769
vn -0.269870 0.942723 -0.196071
vn -0.447712 0.882265 -0.145470
vn -0.599665 0.800251 -0.000001
vn 0.000000 0.942723 0.333576
vn 0.000000 0.979722 0.200361
vn -0.145470 0.882265 0.447713
vn -0.352474 0.800251 0.485139
vn -0.680318 0.698788 0.221048
vn -0.578713 0.698789 0.420459
vn -0.117770 0.979722 -0.162097
vn -0.196072 0.942723 -0.269870
vn -0.380846 0.882266 -0.276701
vn -0.570315 0.800251 -0.185308
vn -0.715329 0.698788 -0.000001
vn 0.103081 0.942723 0.317251
vn 0.061914 0.979722 0.190555
vn 0.000000 0.882265 0.470753
vn -0.185307 0.800251 0.570315
vn -0.420460 0.698789 0.578712
vn -0.774475 0.580400 0.251641
vn -0.658807 0.580400 0.478652
vn -0.061916 0.979722 -0.190557
vn -0.103081 0.942722 -0.317252
vn -0.276701 0.882265 -0.380847
vn -0.485139 0.800251 -0.352475
vn -0.680318 0.698788 -0.221049
vn -0.814331 0.580401 -0.000001
vn 0.196072 0.942723 0.269871
vn 0.117770 0.979722 0.162097
vn 0.145471 0.882265 0.447713
vn 0.000000 0.800251 0.599665
vn -0.221049 0.698789 0.680317
vn -0.478651 0.580401 0.658808
vn -0.850280 0.447993 0.276271
vn -0.723291 0.447993 0.525502
vn -0.000000 0.979722 -0.200360
vn 0.000000 0.942723 -0.333577
vn -0.145470 0.882265 -0.447713
vn -0.352474 0.800251 -0.485139
vn -0.578713 0.698788 -0.420460
vn -0.774475 0.580401 -0.251642
vn -0.894037 0.447993 -0.000001
vn 0.269870 0.942723 0.196071
vn 0.162096 0.979722 0.117769
vn 0.276702 0.882265 0.380846
vn 0.185307 0.800251 0.570315
vn -0.000000 0.698789 0.715328
vn -0.251642 0.580401 0.774475
vn -0.525501 0.447993 0.723292
vn -0.905806 0.304789 0.294313
vn -0.770524 0.304789 0.559818
vn 0.061916 0.979722 -0.190554
vn 0.103081 0.942722 -0.317252
vn -0.000000 0.882265 -0.470753
vn -0.185307 0.800251 -0.570316
vn -0.420460 0.698788 -0.578713
vn -0.658808 0.580401 -0.478652
vn -0.850280 0.447993 -0.276272
vn -0.952420 0.304789 -0.000001
vn 0.317251 0.942723 0.103081
vn 0.190555 0.979722 0.061913
vn 0.380846 0.882266 0.276701
vn 0.352474 0.800251 0.485139
vn 0.221049 0.698789 0.680317
vn 0.000000 0.580401 0.814331
vn -0.276273 0.447993 0.850280
vn -0.559818 0.304789 0.770524
vn -0.939675 0.154249 0.305318
vn -0.799335 0.154249 0.580751
vn 0.117770 0.979722 -0.162095
vn 0.196071 0.942722 -0.269871
vn 0.145470 0.882264 -0.447715
vn -0.000000 0.800251 -0.599666
vn -0.221049 0.698788 -0.680318
vn -0.478652 0.580401 -0.658808
vn -0.723291 0.447993 -0.525502
vn -0.905805 0.304789 -0.294314
vn -0.988032 0.154249 -0.000001
vn 0.333578 0.942723 -0.000000
vn 0.200362 0.979722 0.000000
vn 0.447712 0.882266 0.145471
vn 0.485139 0.800251 0.352474
vn 0.420459 0.698788 0.578713
vn 0.251642 0.580401 0.774475
vn 0.000000 0.447993 0.894037
vn -0.294314 0.304789 0.905805
vn -0.580751 0.154249 0.799335
vn -0.948560 0.072420 0.308204
vn -0.806893 0.072419 0.586242
vn 0.162096 0.979722 -0.117768
vn 0.269870 0.942723 -0.196071
vn 0.276701 0.882265 -0.380849
vn 0.185306 0.800250 -0.570317
vn 0.000000 0.698788 -0.715329
vn -0.251642 0.580401 -0.774475
vn -0.525501 0.447994 -0.723291
vn -0.770524 0.304789 -0.559819
vn -0.939674 0.154249 -0.305319
vn -0.997374 0.072420 -0.000001
vn 0.317252 0.942723 -0.103081
vn 0.190555 0.979722 -0.061914
vn 0.470752 0.882266 -0.000000
vn 0.570315 0.800251 0.185307
vn 0.578713 0.698788 0.420460
vn 0.478652 0.580401 0.658808
vn 0.276273 0.447993 0.850279
vn 0.000000 0.304789 0.952420
vn -0.305319 0.154249 0.939674
vn -0.586242 0.072419 0.806893
vn -0.808291 -0.042400 0.587254
vn -0.950203 -0.042393 0.308736
vn 0.380846 0.882266 -0.276701
vn 0.352474 0.800251 -0.485140
vn 0.221048 0.698788 -0.680318
vn 0.000000 0.580401 -0.814331
vn -0.276273 0.447993 -0.850280
vn -0.559818 0.304789 -0.770524
vn -0.799335 0.154249 -0.580751
vn -0.948560 0.072419 -0.308205
vn -0.999101 -0.042385 -0.000000
vn 0.447712 0.882266 -0.145470
vn 0.599665 0.800251 0.000000
vn 0.680319 0.698788 0.221049
vn 0.658808 0.580400 0.478652
vn 0.525502 0.447993 0.723291
vn 0.294314 0.304789 0.905805
vn -0.000000 0.154249 0.988032
vn -0.308207 0.072419 0.948559
vn -0.587260 -0.042391 0.808288
vn 0.485139 0.800251 -0.352474
vn 0.420460 0.698788 -0.578713
vn 0.251642 0.580401 -0.774475
vn 0.000000 0.447993 -0.894037
vn -0.294314 0.304789 -0.905805
vn -0.580750 0.154249 -0.799335
vn -0.806893 0.072419 -0.586241
vn -0.950207 -0.042389 -0.308725
vn 0.570315 0.800251 -0.185307
vn 0.715329 0.698788 0.000000
vn 0.774475 0.580400 0.251642
vn 0.723291 0.447994 0.525502
vn 0.559818 0.304789 0.770524
vn 0.305319 0.154249 0.939674
vn -0.000000 0.072419 0.997374
vn -0.308746 -0.042387 0.950200
vn 0.578713 0.698788 -0.420460
vn 0.478652 0.580401 -0.658808
vn 0.276273 0.447993 -0.850280
vn 0.000000 0.304789 -0.952420
vn -0.305319 0.154249 -0.939674
vn -0.586242 0.072420 -0.806893
vn -0.808299 -0.042390 -0.587244
vn 0.680318 0.698788 -0.221049
vn 0.814332 0.580400 -0.000000
vn 0.850280 0.447993 0.276272
vn 0.770524 0.304789 0.559818
vn 0.580751 0.154249 0.799335
vn 0.308207 0.072420 0.948559
vn -0.000000 -0.042391 0.999101
vn 0.658807 0.580401 -0.478652
vn 0.525501 0.447994 -0.723291
vn 0.294314 0.304789 -0.905805
vn -0.000000 0.154248 -0.988032
vn -0.308206 0.072420 -0.948559
vn -0.587261 -0.042389 -0.808287
vn 0.774475 0.580401 -0.251643
vn 0.894037 0.447993 -0.000000
vn 0.905806 0.304789 0.294313
vn 0.799335 0.154249 0.580750
vn 0.586243 0.072420 0.806892
vn 0.308744 -0.042385 0.950200
vn 0.723291 0.447994 -0.525502
vn 0.559818 0.304789 -0.770524
vn 0.305319 0.154249 -0.939674
vn -0.000000 0.072419 -0.997374
vn -0.308744 -0.042392 -0.950200
vn 0.850280 0.447994 -0.276273
vn 0.952420 0.304789 -0.000000
vn 0.939675 0.154248 0.305318
vn 0.806893 0.072420 0.586241
vn 0.587262 -0.042382 0.808287
vn 0.770524 0.304789 -0.559818
vn 0.580750 0.154249 -0.799335
vn 0.308206 0.072419 -0.948559
vn 0.000000 -0.042390 -0.999101
vn 0.905805 0.304789 -0.294314
vn 0.988032 0.154249 0.000000
vn 0.948560 0.072420 0.308204
vn 0.808300 -0.042386 0.587244
vn 0.799335 0.154249 -0.580751
vn 0.586242 0.072420 -0.806893
vn 0.308746 -0.042392 -0.950199
vn 0.939674 0.154248 -0.305319
vn 0.997374 0.072419 -0.000000
vn 0.950207 -0.042386 0.308725
vn 0.806893 0.072420 -0.586241
vn 0.587259 -0.042389 -0.808288
vn 0.948560 0.072419 -0.308205
vn 0.999101 -0.042385 -0.000000
vn 0.808299 -0.042386 -0.587244
vn 0.950207 -0.042386 -0.308724
vn 0.000000 1.000000 0.000000
vn 0.000000 1.000000 0.000000
vn 0.000000 1.000000 0.000000
vn 0.000000 1.000000 0.000000
vn -0.000000 1.000000 0.000000
vn -0.000000 1.000000 0.000000
vn -0.000000 1.000000 0.000000
vn -0.000000 1.000000 0.000000
vn -0.000000 1.000000 0.000000
vn -0.000000 1.000000 0.000000
vn -0.000000 1.000000 0.000000
vn -0.000000 1.000000 0.000000
vn -0.000000 1.000000 0.000000
vn -0.000000 1.000000 0.000000
vn -0.000000 1.000000 0.000000
vn -0.000000 1.000000 0.000000
vn -0.000000 1.000000 0.000000
vn -0.000000 1.000000 0.000000
vn -0.000000 1.000000 0.000000
vn -0.000000 1.000000 0.000000
vn -0.000000 1.000000 0.000000
vn -0.000000 1.000000 0.000000
vn -0.000000 1.000000 0.000000
vn -0.000000 1.000000 0.000000
vn 0.000000 1.000000 0.000000
vn 0.000000 1.000000 0.000000
vn 0.000000 1.000000 0.000000
vn 0.000000 1.000000 0.000000
vn 0.000000 1.000000 0.000000
vn 0.000000 1.000000 0.000000
vn 0.000000 1.000000 0.000000
vn 0.000000 1.000000 0.000000
vn 0.000000 1.000000 0.000000
vn 0.000000 1.000000 0.000000
vn 0.000000 1.000000 0.000000
vn 0.000000 1.000000 0.000000
vn 0.000000 1.000000 0.000000
vn 0.000000 1.000000 0.000000
vn 0.000000 1.000000 0.000000
vn 0.000000 1.000000 0.000000
vn 0.000000 1.000000 0.000000
vn 0.000000 1.000000 0.000000
vn 0.000000 1.000000 0.000000
vn 0.000000 1.000000 0.000000
vn 0.000000 1.000000 0.000000
vn 0.000000 1.000000 0.000000
vn 0.000000 1.000000 0.000000
vn 0.000000 1.000000 0.000000
vn 0.000000 1.000000 0.000000
vn 0.000000 1.000000 0.000000
vn 0.000000 1.000000 0.000000
vn 0.000000 1.000000 0.000000
vn 0.000000 1.000000 0.000000
vn 0.000000 1.000000 0.000000
vn 0.000000 1.000000 0.000000
vn 0.000000 1.000000 0.000000
vn 0.000000 1.000000 0.000000
vn 0.000000 1.000000 0.000000
vn 0.000000 1.000000 0.000000
vn 0.000000 1.000000 0.000000
vn 0.000000 1.000000 0.000000
vn 0.000000 1.000000 0.000000
vn 0.000000 1.000000 0.000000
vn 0.000000 1.000000 0.000000
vn -0.000000 1.000000 0.000000
vn -0.000000 1.000000 0.000000
vn -0.000000 1.000000 0.000000
vn -0.000000 1.000000 0.000000
vn -0.000000 1.000000 0.000000
vn -0.000000 1.000000 0.000000
vn -0.000000 1.000000 0.000000
vn -0.000000 1.000000 0.000000
vn -0.000000 1.000000 0.000000
vn -0.000000 1.000000 0.000000
vn -0.000000 1.000000 0.000000
vn -0.000000 1.000000 0.000000
vn -0.000000 1.000000 0.000000
vn -0.000000 1.000000 0.000000
vn -0.000000 1.000000 0.000000
vn -0.000000 1.000000 0.000000
vn -0.000000 1.000000 0.000000
vn -0.000000 1.000000 0.000000
vn -0.000000 1.000000 0.000000
vn -0.000000 1.000000 0.000000
vn 0.000000 1.000000 0.000000
vn 0.000000 1.000000 0.000000
vn 0.000000 1.000000 0.000000
vn 0.000000 1.000000 0.000000
vn 0.000000 1.000000 0.000000
vn 0.000000 1.000000 0.000000
vn 0.000000 1.000000 0.000000
vn 0.000000 1.000000 0.000000
vn 0.000000 1.000000 0.000000
vn 0.000000 1.000000 0.000000
vn 0.000000 1.000000 0.000000
vn 0.000000 1.000000 0.000000
vn 0.000000 1.000000 0.000000
vn 0.000000 1.000000 0.000000
vn 0.000000 1.000000 0.000000
vn 0.000000 1.000000 0.000000
vn 0.000000 1.000000 0.000000
vn 0.000000 1.000000 0.000000
vn 0.000000 1.000000 0.000000
vn 0.000000 1.000000 0.000000
vn 0.000000 1.000000 -0.000000
vn 0.000000 1.000000 -0.000000
vn 0.000000 1.000000 -0.000000
vn 0.000000 1.000000 -0.000000
vn 0.000000 1.000000 -0.000000
vn 0.000000 1.000000 -0.000000
vn 0.000000 1.000000 -0.000000
vn 0.000000 1.000000 -0.000000
vn 0.000000 1.000000 -0.000000
vn 0.000000 1.000000 -0.000000
vn 0.000000 1.000000 -0.000000
vn 0.000000 1.000000 -0.000000
vn 0.000000 1.000000 -0.000000
vn 0.000000 1.000000 -0.000000
vn 0.000000 1.000000 -0.000000
vn 0.000000 1.000000 -0.000000
vn 0.000000 1.000000 -0.000000
vn 0.000000 1.000000 -0.000000
vn 0.000000 1.000000 -0.000000
vn 0.000000 1.000000 -0.000000
vn 0.000000 1.000000 -0.000000
vn -0.000000 1.000000 0.000000
vn 0.000000 1.000000 -0.000000
vn -0.000000 1.000000 0.000000
vn -0.000000 1.000000 -0.000000
vn 0.000000 1.000000 -0.000000
s off
g polySurface2
usemtl initialShadingGroup
f 167/338/334 168/339/335 169/340/336 170/341/337
f 167/338/338 170/341/339 172/342/340 171/343/341
f 167/344/342 171/345/343 173/346/344 168/347/345
f 168/339/346 173/348/347 174/349/348 169/340/349
f 171/345/350 172/451/351 174/350/352 173/346/353
s 1
f 195/472/354 294/473/355 295/474/356 296/475/357
f 195/472/354 296/475/357 297/476/358 196/477/359
f 196/477/359 297/476/358 298/478/360 197/479/361
f 197/479/361 298/478/360 299/480/362 198/481/363
f 198/481/363 299/480/362 300/482/364 199/483/365
f 199/484/365 300/485/364 301/486/366 200/487/367
f 200/487/367 301/486/366 302/488/368 201/489/369
f 201/489/369 302/488/368 303/490/370 202/491/371
f 202/491/371 303/490/370 304/492/372 203/493/373
f 203/493/373 304/492/372 305/494/374 204/495/375
f 204/495/375 305/494/374 306/496/376 205/497/377
s 2
f 206/498/378 307/499/379 308/500/380 207/501/381
f 207/501/381 308/500/380 309/502/382 208/503/383
f 208/503/383 309/502/382 310/504/384 209/505/385
f 209/505/385 310/504/384 311/506/386 210/507/387
f 210/508/387 311/509/386 312/510/388 211/511/389
f 211/511/389 312/510/388 313/512/390 212/513/391
f 212/513/391 313/512/390 314/514/392 213/515/393
f 213/515/393 314/514/392 315/516/394 214/517/395
f 214/517/395 315/516/394 316/518/396 215/519/397
f 215/519/397 316/518/396 317/520/398 216/521/399
s 3
f 217/522/400 318/523/401 319/524/402 218/525/403
f 218/525/403 319/524/402 320/526/404 219/527/405
f 219/527/405 320/526/404 321/528/406 220/529/407
f 220/529/407 321/528/406 322/530/408 221/531/409
f 221/532/409 322/533/408 323/534/410 222/535/411
f 222/535/411 323/534/410 324/536/412 223/537/413
f 223/537/413 324/536/412 325/538/414 224/539/415
f 224/539/415 325/538/414 326/540/416 225/541/417
f 225/541/417 326/540/416 327/542/418 226/543/419
f 226/543/419 327/542/418 328/544/420 227/545/421
f 227/545/421 328/544/420 329/546/422 228/547/423
f 228/547/423 329/546/422 330/548/424 229/549/425
f 229/549/425 330/548/424 331/550/426 230/551/427
f 230/551/427 331/550/426 332/552/428 231/553/429
f 231/553/429 332/552/428 333/554/430 232/555/431
f 232/555/431 333/554/430 334/556/432 233/557/433
f 233/557/433 334/556/432 335/558/434 234/559/435
f 234/559/435 335/558/434 336/560/436 235/561/437
f 235/561/437 336/560/436 337/562/438 236/563/439
f 217/522/400 236/563/439 337/562/438 318/523/401
s 2
f 216/521/399 317/520/398 338/564/440 237/565/441
f 237/565/441 338/564/440 339/566/442 238/567/443
f 238/567/443 339/566/442 340/568/444 239/569/445
s 4
f 240/570/446 341/571/447 342/572/448 241/573/449
f 241/573/449 342/572/448 343/574/450 242/575/451
f 242/575/451 343/574/450 344/576/452 243/577/453
f 243/577/453 344/576/452 345/578/454 244/579/455
f 244/580/455 345/581/454 346/582/456 245/583/457
f 245/583/457 346/582/456 347/584/458 246/585/459
f 246/585/459 347/584/458 348/586/460 247/587/461
f 247/587/461 348/586/460 349/588/462 248/589/463
f 248/589/463 349/588/462 350/590/464 249/591/465
f 249/591/465 350/590/464 351/592/466 250/593/467
f 250/593/467 351/592/466 352/594/468 251/595/469
f 251/595/469 352/594/468 353/596/470 252/597/471
f 252/597/471 353/596/470 354/598/472 253/599/473
f 253/599/473 354/598/472 355/600/474 254/601/475
f 254/601/475 355/600/474 356/602/476 255/603/477
f 255/603/477 356/602/476 357/604/478 256/605/479
f 256/605/479 357/604/478 358/606/480 257/607/481
f 257/607/481 358/606/480 359/608/482 258/609/483
f 258/609/483 359/608/482 360/610/484 259/611/485
f 240/570/446 259/611/485 360/610/484 341/571/447
s 2
f 239/569/445 340/568/444 361/612/486 260/613/487
f 260/613/487 361/612/486 362/614/488 261/615/489
f 261/615/489 362/614/488 363/616/490 262/617/491
f 262/617/491 363/616/490 364/618/492 263/619/493
f 263/619/493 364/618/492 365/620/494 264/621/495
f 264/621/495 365/620/494 366/622/496 265/623/497
f 206/498/378 265/623/497 366/622/496 307/499/379
s 5
f 266/624/498 367/625/499 368/626/500 267/627/501
f 267/627/501 368/626/500 369/628/502 268/629/503
f 268/629/503 369/628/502 370/630/504 269/631/505
f 269/631/505 370/630/504 371/632/506 270/633/507
f 270/634/507 371/635/506 372/636/508 271/637/509
f 271/637/509 372/636/508 373/638/510 272/639/511
f 272/639/511 373/638/510 374/640/512 273/641/513
f 273/641/513 374/640/512 375/642/514 274/643/515
f 274/643/515 375/642/514 376/644/516 275/645/517
f 275/645/517 376/644/516 377/646/518 276/647/519
f 276/647/519 377/646/518 378/648/520 277/649/521
f 277/649/521 378/648/520 379/650/522 278/651/523
f 278/651/523 379/650/522 380/652/524 279/653/525
f 279/653/525 380/652/524 381/654/526 280/655/527
f 280/655/527 381/654/526 382/656/528 281/657/529
f 281/657/529 382/656/528 383/658/530 282/659/531
f 282/659/531 383/658/530 384/660/532 283/661/533
f 283/661/533 384/660/532 385/662/534 284/663/535
f 284/663/535 385/662/534 386/664/536 285/665/537
f 266/624/498 285/665/537 386/664/536 367/625/499
s 1
f 205/497/377 306/496/376 387/666/538 286/667/539
f 286/667/539 387/666/538 388/668/540 287/669/541
f 287/669/541 388/668/540 389/670/542 288/671/543
f 288/671/543 389/670/542 390/672/544 289/673/545
f 289/673/545 390/672/544 391/674/546 290/675/547
f 290/675/547 391/674/546 392/676/548 291/677/549
f 291/677/549 392/676/548 393/678/550 292/679/551
f 292/679/551 393/678/550 394/680/552 293/681/553
f 293/681/553 394/680/552 295/474/356 294/473/355
usemtl lambert3SG
f 295/474/356 395/682/554 396/683/555 296/475/357
f 296/475/357 396/683/555 397/684/556 297/476/358
f 297/476/358 397/684/556 398/685/557 298/478/360
f 298/478/360 398/685/557 399/686/558 299/480/362
f 299/480/362 399/686/558 400/687/559 300/482/364
f 300/485/364 400/688/559 401/689/560 301/486/366
f 301/486/366 401/689/560 402/690/561 302/488/368
f 302/488/368 402/690/561 403/691/562 303/490/370
f 303/490/370 403/691/562 404/692/563 304/492/372
f 304/492/372 404/692/563 405/693/564 305/494/374
f 305/494/374 405/693/564 406/694/565 306/496/376
s 2
f 307/499/379 407/695/566 408/696/567 308/500/380
f 308/500/380 408/696/567 409/697/568 309/502/382
f 309/502/382 409/697/568 410/698/569 310/504/384
f 310/504/384 410/698/569 411/699/570 311/506/386
f 311/509/386 411/700/570 412/701/571 312/510/388
f 312/510/388 412/701/571 413/702/572 313/512/390
f 313/512/390 413/702/572 414/703/573 314/514/392
f 314/514/392 414/703/573 415/704/574 315/516/394
f 315/516/394 415/704/574 416/705/575 316/518/396
f 316/518/396 416/705/575 417/706/576 317/520/398
s 3
f 318/523/401 418/707/577 419/708/578 319/524/402
f 319/524/402 419/708/578 420/709/579 320/526/404
f 320/526/404 420/709/579 421/710/580 321/528/406
f 321/528/406 421/710/580 422/711/581 322/530/408
f 322/533/408 422/712/581 423/713/582 323/534/410
f 323/534/410 423/713/582 424/714/583 324/536/412
f 324/536/412 424/714/583 425/715/584 325/538/414
f 325/538/414 425/715/584 426/716/585 326/540/416
f 326/540/416 426/716/585 427/717/586 327/542/418
f 327/542/418 427/717/586 428/718/587 328/544/420
f 328/544/420 428/718/587 429/719/588 329/546/422
f 329/546/422 429/719/588 430/720/589 330/548/424
f 330/548/424 430/720/589 431/721/590 331/550/426
f 331/550/426 431/721/590 432/722/591 332/552/428
f 332/552/428 432/722/591 433/723/592 333/554/430
f 333/554/430 433/723/592 434/724/593 334/556/432
f 334/556/432 434/724/593 435/725/594 335/558/434
f 335/558/434 435/725/594 436/726/595 336/560/436
f 336/560/436 436/726/595 437/727/596 337/562/438
f 318/523/401 337/562/438 437/727/596 418/707/577
s 2
f 317/520/398 417/706/576 438/728/597 338/564/440
f 338/564/440 438/728/597 439/729/598 339/566/442
f 339/566/442 439/729/598 440/730/599 340/568/444
s 4
f 341/571/447 441/731/600 442/732/601 342/572/448
f 342/572/448 442/732/601 443/733/602 343/574/450
f 343/574/450 443/733/602 444/734/603 344/576/452
f 344/576/452 444/734/603 445/735/604 345/578/454
f 345/581/454 445/736/604 446/737/605 346/582/456
f 346/582/456 446/737/605 447/738/606 347/584/458
f 347/584/458 447/738/606 448/739/607 348/586/460
f 348/586/460 448/739/607 449/740/608 349/588/462
f 349/588/462 449/740/608 450/741/609 350/590/464
f 350/590/464 450/741/609 451/742/610 351/592/466
f 351/592/466 451/742/610 452/743/611 352/594/468
f 352/594/468 452/743/611 453/744/612 353/596/470
f 353/596/470 453/744/612 454/745/613 354/598/472
f 354/598/472 454/745/613 455/746/614 355/600/474
f 355/600/474 455/746/614 456/747/615 356/602/476
f 356/602/476 456/747/615 457/748/616 357/604/478
f 357/604/478 457/748/616 458/749/617 358/606/480
f 358/606/480 458/749/617 459/750/618 359/608/482
f 359/608/482 459/750/618 460/751/619 360/610/484
f 341/571/447 360/610/484 460/751/619 441/731/600
s 2
f 340/568/444 440/730/599 461/752/620 361/612/486
f 361/612/486 461/752/620 462/753/621 362/614/488
f 362/614/488 462/753/621 463/754/622 363/616/490
f 363/616/490 463/754/622 464/755/623 364/618/492
f 364/618/492 464/755/623 465/756/624 365/620/494
f 365/620/494 465/756/624 466/757/625 366/622/496
f 307/499/379 366/622/496 466/757/625 407/695/566
s 5
f 367/625/499 467/758/626 468/759/627 368/626/500
f 368/626/500 468/759/627 469/760/628 369/628/502
f 369/628/502 469/760/628 470/761/629 370/630/504
f 370/630/504 470/761/629 471/762/630 371/632/506
f 371/635/506 471/763/630 472/764/631 372/636/508
f 372/636/508 472/764/631 473/765/632 373/638/510
f 373/638/510 473/765/632 474/766/633 374/640/512
f 374/640/512 474/766/633 475/767/634 375/642/514
f 375/642/514 475/767/634 476/768/635 376/644/516
f 376/644/516 476/768/635 477/769/636 377/646/518
f 377/646/518 477/769/636 478/770/637 378/648/520
f 378/648/520 478/770/637 479/771/638 379/650/522
f 379/650/522 479/771/638 480/772/639 380/652/524
f 380/652/524 480/772/639 481/773/640 381/654/526
f 381/654/526 481/773/640 482/774/641 382/656/528
f 382/656/528 482/774/641 483/775/642 383/658/530
f 383/658/530 483/775/642 484/776/643 384/660/532
f 384/660/532 484/776/643 485/777/644 385/662/534
f 385/662/534 485/777/644 486/778/645 386/664/536
f 367/625/499 386/664/536 486/778/645 467/758/626
s 1
f 306/496/376 406/694/565 487/779/646 387/666/538
f 387/666/538 487/779/646 488/780/647 388/668/540
f 388/668/540 488/780/647 489/781/648 389/670/542
f 389/670/542 489/781/648 490/782/649 390/672/544
f 390/672/544 490/782/649 491/783/650 391/674/546
f 391/674/546 491/783/650 492/784/651 392/676/548
f 392/676/548 492/784/651 493/785/652 393/678/550
f 393/678/550 493/785/652 494/786/653 394/680/552
f 295/474/356 394/680/552 494/786/653 395/682/554
f 395/682/554 495/787/654 496/788/655 396/683/555
f 396/683/555 496/788/655 497/789/656 397/684/556
f 397/684/556 497/789/656 498/790/657 398/685/557
f 398/685/557 498/790/657 499/791/658 399/686/558
f 399/686/558 499/791/658 500/792/659 400/687/559
f 400/688/559 500/793/659 501/794/660 401/689/560
f 401/689/560 501/794/660 502/795/661 402/690/561
f 402/690/561 502/795/661 503/796/662 403/691/562
f 403/691/562 503/796/662 504/797/663 404/692/563
f 404/692/563 504/797/663 505/798/664 405/693/564
f 405/693/564 505/798/664 506/799/665 406/694/565
s 2
f 407/695/566 507/800/666 508/801/667 408/696/567
f 408/696/567 508/801/667 509/802/668 409/697/568
f 409/697/568 509/802/668 510/803/669 410/698/569
f 410/698/569 510/803/669 511/804/670 411/699/570
f 411/700/570 511/805/670 512/806/671 412/701/571
f 412/701/571 512/806/671 513/807/672 413/702/572
f 413/702/572 513/807/672 514/808/673 414/703/573
f 414/703/573 514/808/673 515/809/674 415/704/574
f 415/704/574 515/809/674 516/810/675 416/705/575
f 416/705/575 516/810/675 517/811/676 417/706/576
s 3
f 418/707/577 518/812/677 519/813/678 419/708/578
f 419/708/578 519/813/678 520/814/679 420/709/579
f 420/709/579 520/814/679 521/815/680 421/710/580
f 421/710/580 521/815/680 522/816/681 422/711/581
f 422/712/581 522/817/681 523/818/682 423/713/582
f 423/713/582 523/818/682 524/819/683 424/714/583
f 424/714/583 524/819/683 525/820/684 425/715/584
f 425/715/584 525/820/684 526/821/685 426/716/585
f 426/716/585 526/821/685 527/822/686 427/717/586
f 427/717/586 527/822/686 528/823/687 428/718/587
f 428/718/587 528/823/687 529/824/688 429/719/588
f 429/719/588 529/824/688 530/825/689 430/720/589
f 430/720/589 530/825/689 531/826/690 431/721/590
f 431/721/590 531/826/690 532/827/691 432/722/591
f 432/722/591 532/827/691 533/828/692 433/723/592
f 433/723/592 533/828/692 534/829/693 434/724/593
f 434/724/593 534/829/693 535/830/694 435/725/594
f 435/725/594 535/830/694 536/831/695 436/726/595
f 436/726/595 536/831/695 537/832/696 437/727/596
f 418/707/577 437/727/596 537/832/696 518/812/677
s 2
f 417/706/576 517/811/676 538/833/697 438/728/597
f 438/728/597 538/833/697 539/834/698 439/729/598
f 439/729/598 539/834/698 540/835/699 440/730/599
s 4
f 441/731/600 541/836/700 542/837/701 442/732/601
f 442/732/601 542/837/701 543/838/702 443/733/602
f 443/733/602 543/838/702 544/839/703 444/734/603
f 444/734/603 544/839/703 545/840/704 445/735/604
f 445/736/604 545/841/704 546/842/705 446/737/605
f 446/737/605 546/842/705 547/843/706 447/738/606
f 447/738/606 547/843/706 548/844/707 448/739/607
f 448/739/607 548/844/707 549/845/708 449/740/608
f 449/740/608 549/845/708 550/846/709 450/741/609
f 450/741/609 550/846/709 551/847/710 451/742/610
f 451/742/610 551/847/710 552/848/711 452/743/611
f 452/743/611 552/848/711 553/849/712 453/744/612
f 453/744/612 553/849/712 554/850/713 454/745/613
f 454/745/613 554/850/713 555/851/714 455/746/614
f 455/746/614 555/851/714 556/852/715 456/747/615
f 456/747/615 556/852/715 557/853/716 457/748/616
f 457/748/616 557/853/716 558/854/717 458/749/617
f 458/749/617 558/854/717 559/855/718 459/750/618
f 459/750/618 559/855/718 560/856/719 460/751/619
f 441/731/600 460/751/619 560/856/719 541/836/700
s 2
f 440/730/599 540/835/699 561/857/720 461/752/620
f 461/752/620 561/857/720 562/858/721 462/753/621
f 462/753/621 562/858/721 563/859/722 463/754/622
f 463/754/622 563/859/722 564/860/723 464/755/623
f 464/755/623 564/860/723 565/861/724 465/756/624
f 465/756/624 565/861/724 566/862/725 466/757/625
f 407/695/566 466/757/625 566/862/725 507/800/666
s 5
f 467/758/626 567/863/726 568/864/727 468/759/627
f 468/759/627 568/864/727 569/865/728 469/760/628
f 469/760/628 569/865/728 570/866/729 470/761/629
f 470/761/629 570/866/729 571/867/730 471/762/630
f 471/763/630 571/868/730 572/869/731 472/764/631
f 472/764/631 572/869/731 573/870/732 473/765/632
f 473/765/632 573/870/732 574/871/733 474/766/633
f 474/766/633 574/871/733 575/872/734 475/767/634
f 475/767/634 575/872/734 576/873/735 476/768/635
f 476/768/635 576/873/735 577/874/736 477/769/636
f 477/769/636 577/874/736 578/875/737 478/770/637
f 478/770/637 578/875/737 579/876/738 479/771/638
f 479/771/638 579/876/738 580/877/739 480/772/639
f 480/772/639 580/877/739 581/878/740 481/773/640
f 481/773/640 581/878/740 582/879/741 482/774/641
f 482/774/641 582/879/741 583/880/742 483/775/642
f 483/775/642 583/880/742 584/881/743 484/776/643
f 484/776/643 584/881/743 585/882/744 485/777/644
f 485/777/644 585/882/744 586/883/745 486/778/645
f 467/758/626 486/778/645 586/883/745 567/863/726
s 1
f 406/694/565 506/799/665 587/884/746 487/779/646
f 487/779/646 587/884/746 588/885/747 488/780/647
f 488/780/647 588/885/747 589/886/748 489/781/648
f 489/781/648 589/886/748 590/887/749 490/782/649
f 490/782/649 590/887/749 591/888/750 491/783/650
f 491/783/650 591/888/750 592/889/751 492/784/651
f 492/784/651 592/889/751 593/890/752 493/785/652
f 493/785/652 593/890/752 594/891/753 494/786/653
f 395/682/554 494/786/653 594/891/753 495/787/654
f 495/787/654 595/892/754 596/893/755 496/788/655
f 496/788/655 596/893/755 597/894/756 497/789/656
f 497/789/656 597/894/756 598/895/757 498/790/657
f 498/790/657 598/895/757 599/896/758 499/791/658
f 499/791/658 599/896/758 600/897/759 500/792/659
f 500/793/659 600/898/759 601/899/760 501/794/660
f 501/794/660 601/899/760 602/900/761 502/795/661
f 502/795/661 602/900/761 603/901/762 503/796/662
f 503/796/662 603/901/762 604/902/763 504/797/663
f 504/797/663 604/902/763 605/903/764 505/798/664
f 505/798/664 605/903/764 606/904/765 506/799/665
s 2
f 507/800/666 607/905/766 608/906/767 508/801/667
f 508/801/667 608/906/767 609/907/768 509/802/668
f 509/802/668 609/907/768 610/908/769 510/803/669
f 510/803/669 610/908/769 611/909/770 511/804/670
f 511/805/670 611/910/770 612/911/771 512/806/671
f 512/806/671 612/911/771 613/912/772 513/807/672
f 513/807/672 613/912/772 614/913/773 514/808/673
f 514/808/673 614/913/773 615/914/774 515/809/674
f 515/809/674 615/914/774 616/915/775 516/810/675
f 516/810/675 616/915/775 617/916/776 517/811/676
s 3
f 518/812/677 618/917/777 619/918/778 519/813/678
f 519/813/678 619/918/778 620/919/779 520/814/679
f 520/814/679 620/919/779 621/920/780 521/815/680
f 521/815/680 621/920/780 622/921/781 522/816/681
f 522/817/681 622/922/781 623/923/782 523/818/682
f 523/818/682 623/923/782 624/924/783 524/819/683
f 524/819/683 624/924/783 625/925/784 525/820/684
f 525/820/684 625/925/784 626/926/785 526/821/685
f 526/821/685 626/926/785 627/927/786 527/822/686
f 527/822/686 627/927/786 628/928/787 528/823/687
f 528/823/687 628/928/787 629/929/788 529/824/688
f 529/824/688 629/929/788 630/930/789 530/825/689
f 530/825/689 630/930/789 631/931/790 531/826/690
f 531/826/690 631/931/790 632/932/791 532/827/691
f 532/827/691 632/932/791 633/933/792 533/828/692
f 533/828/692 633/933/792 634/934/793 534/829/693
f 534/829/693 634/934/793 635/935/794 535/830/694
f 535/830/694 635/935/794 636/936/795 536/831/695
f 536/831/695 636/936/795 637/937/796 537/832/696
f 518/812/677 537/832/696 637/937/796 618/917/777
s 2
f 517/811/676 617/916/776 638/938/797 538/833/697
f 538/833/697 638/938/797 639/939/798 539/834/698
f 539/834/698 639/939/798 640/940/799 540/835/699
s 4
f 541/836/700 641/941/800 642/942/801 542/837/701
f 542/837/701 642/942/801 643/943/802 543/838/702
f 543/838/702 643/943/802 644/944/803 544/839/703
f 544/839/703 644/944/803 645/945/804 545/840/704
f 545/841/704 645/946/804 646/947/805 546/842/705
f 546/842/705 646/947/805 647/948/806 547/843/706
f 547/843/706 647/948/806 648/949/807 548/844/707
f 548/844/707 648/949/807 649/950/808 549/845/708
f 549/845/708 649/950/808 650/951/809 550/846/709
f 550/846/709 650/951/809 651/952/810 551/847/710
f 551/847/710 651/952/810 652/953/811 552/848/711
f 552/848/711 652/953/811 653/954/812 553/849/712
f 553/849/712 653/954/812 654/955/813 554/850/713
f 554/850/713 654/955/813 655/956/814 555/851/714
f 555/851/714 655/956/814 656/957/815 556/852/715
f 556/852/715 656/957/815 657/958/816 557/853/716
f 557/853/716 657/958/816 658/959/817 558/854/717
f 558/854/717 658/959/817 659/960/818 559/855/718
f 559/855/718 659/960/818 660/961/819 560/856/719
f 541/836/700 560/856/719 660/961/819 641/941/800
s 2
f 540/835/699 640/940/799 661/962/820 561/857/720
f 561/857/720 661/962/820 662/963/821 562/858/721
f 562/858/721 662/963/821 663/964/822 563/859/722
f 563/859/722 663/964/822 664/965/823 564/860/723
f 564/860/723 664/965/823 665/966/824 565/861/724
f 565/861/724 665/966/824 666/967/825 566/862/725
f 507/800/666 566/862/725 666/967/825 607/905/766
s 5
f 567/863/726 667/968/826 668/969/827 568/864/727
f 568/864/727 668/969/827 669/970/828 569/865/728
f 569/865/728 669/970/828 670/971/829 570/866/729
f 570/866/729 670/971/829 671/972/830 571/867/730
f 571/868/730 671/973/830 672/974/831 572/869/731
f 572/869/731 672/974/831 673/975/832 573/870/732
f 573/870/732 673/975/832 674/976/833 574/871/733
f 574/871/733 674/976/833 675/977/834 575/872/734
f 575/872/734 675/977/834 676/978/835 576/873/735
f 576/873/735 676/978/835 677/979/836 577/874/736
f 577/874/736 677/979/836 678/980/837 578/875/737
f 578/875/737 678/980/837 679/981/838 579/876/738
f 579/876/738 679/981/838 680/982/839 580/877/739
f 580/877/739 680/982/839 681/983/840 581/878/740
f 581/878/740 681/983/840 682/984/841 582/879/741
f 582/879/741 682/984/841 683/985/842 583/880/742
f 583/880/742 683/985/842 684/986/843 584/881/743
f 584/881/743 684/986/843 685/987/844 585/882/744
f 585/882/744 685/987/844 686/988/845 586/883/745
f 567/863/726 586/883/745 686/988/845 667/968/826
s 1
f 506/799/665 606/904/765 687/989/846 587/884/746
f 587/884/746 687/989/846 688/990/847 588/885/747
f 588/885/747 688/990/847 689/991/848 589/886/748
f 589/886/748 689/991/848 690/992/849 590/887/749
f 590/887/749 690/992/849 691/993/850 591/888/750
f 591/888/750 691/993/850 692/994/851 592/889/751
f 592/889/751 692/994/851 693/995/852 593/890/752
f 593/890/752 693/995/852 694/996/853 594/891/753
f 495/787/654 594/891/753 694/996/853 595/892/754
f 595/892/754 695/997/854 696/998/855 596/893/755
f 596/893/755 696/998/855 697/999/856 597/894/756
f 597/894/756 697/999/856 698/1000/857 598/895/757
f 598/895/757 698/1000/857 699/1001/858 599/896/758
f 599/896/758 699/1001/858 700/1002/859 600/897/759
f 600/898/759 700/1003/859 701/1004/860 601/899/760
f 601/899/760 701/1004/860 702/1005/861 602/900/761
f 602/900/761 702/1005/861 703/1006/862 603/901/762
f 603/901/762 703/1006/862 704/1007/863 604/902/763
f 604/902/763 704/1007/863 705/1008/864 605/903/764
f 605/903/764 705/1008/864 706/1009/865 606/904/765
s 2
f 607/905/766 707/1010/866 708/1011/867 608/906/767
f 608/906/767 708/1011/867 709/1012/868 609/907/768
f 609/907/768 709/1012/868 710/1013/869 610/908/769
f 610/908/769 710/1013/869 711/1014/870 611/909/770
f 611/910/770 711/1015/870 712/1016/871 612/911/771
f 612/911/771 712/1016/871 713/1017/872 613/912/772
f 613/912/772 713/1017/872 714/1018/873 614/913/773
f 614/913/773 714/1018/873 715/1019/874 615/914/774
f 615/914/774 715/1019/874 716/1020/875 616/915/775
f 616/915/775 716/1020/875 717/1021/876 617/916/776
s 3
f 618/917/777 718/1022/877 719/1023/878 619/918/778
f 619/918/778 719/1023/878 720/1024/879 620/919/779
f 620/919/779 720/1024/879 721/1025/880 621/920/780
f 621/920/780 721/1025/880 722/1026/881 622/921/781
f 622/922/781 722/1027/881 723/1028/882 623/923/782
f 623/923/782 723/1028/882 724/1029/883 624/924/783
f 624/924/783 724/1029/883 725/1030/884 625/925/784
f 625/925/784 725/1030/884 726/1031/885 626/926/785
f 626/926/785 726/1031/885 727/1032/886 627/927/786
f 627/927/786 727/1032/886 728/1033/887 628/928/787
f 628/928/787 728/1033/887 729/1034/888 629/929/788
f 629/929/788 729/1034/888 730/1035/889 630/930/789
f 630/930/789 730/1035/889 731/1036/890 631/931/790
f 631/931/790 731/1036/890 732/1037/891 632/932/791
f 632/932/791 732/1037/891 733/1038/892 633/933/792
f 633/933/792 733/1038/892 734/1039/893 634/934/793
f 634/934/793 734/1039/893 735/1040/894 635/935/794
f 635/935/794 735/1040/894 736/1041/895 636/936/795
f 636/936/795 736/1041/895 737/1042/896 637/937/796
f 618/917/777 637/937/796 737/1042/896 718/1022/877
s 2
f 617/916/776 717/1021/876 738/1043/897 638/938/797
f 638/938/797 738/1043/897 739/1044/898 639/939/798
f 639/939/798 739/1044/898 740/1045/899 640/940/799
s 4
f 641/941/800 741/1046/900 742/1047/901 642/942/801
f 642/942/801 742/1047/901 743/1048/902 643/943/802
f 643/943/802 743/1048/902 744/1049/903 644/944/803
f 644/944/803 744/1049/903 745/1050/904 645/945/804
f 645/946/804 745/1051/904 746/1052/905 646/947/805
f 646/947/805 746/1052/905 747/1053/906 647/948/806
f 647/948/806 747/1053/906 748/1054/907 648/949/807
f 648/949/807 748/1054/907 749/1055/908 649/950/808
f 649/950/808 749/1055/908 750/1056/909 650/951/809
f 650/951/809 750/1056/909 751/1057/910 651/952/810
f 651/952/810 751/1057/910 752/1058/911 652/953/811
f 652/953/811 752/1058/911 753/1059/912 653/954/812
f 653/954/812 753/1059/912 754/1060/913 654/955/813
f 654/955/813 754/1060/913 755/1061/914 655/956/814
f 655/956/814 755/1061/914 756/1062/915 656/957/815
f 656/957/815 756/1062/915 757/1063/916 657/958/816
f 657/958/816 757/1063/916 758/1064/917 658/959/817
f 658/959/817 758/1064/917 759/1065/918 659/960/818
f 659/960/818 759/1065/918 760/1066/919 660/961/819
f 641/941/800 660/961/819 760/1066/919 741/1046/900
s 2
f 640/940/799 740/1045/899 761/1067/920 661/962/820
f 661/962/820 761/1067/920 762/1068/921 662/963/821
f 662/963/821 762/1068/921 763/1069/922 663/964/822
f 663/964/822 763/1069/922 764/1070/923 664/965/823
f 664/965/823 764/1070/923 765/1071/924 665/966/824
f 665/966/824 765/1071/924 766/1072/925 666/967/825
f 607/905/766 666/967/825 766/1072/925 707/1010/866
s 5
f 667/968/826 767/1073/926 768/1074/927 668/969/827
f 668/969/827 768/1074/927 769/1075/928 669/970/828
f 669/970/828 769/1075/928 770/1076/929 670/971/829
f 670/971/829 770/1076/929 771/1077/930 671/972/830
f 671/973/830 771/1078/930 772/1079/931 672/974/831
f 672/974/831 772/1079/931 773/1080/932 673/975/832
f 673/975/832 773/1080/932 774/1081/933 674/976/833
f 674/976/833 774/1081/933 775/1082/934 675/977/834
f 675/977/834 775/1082/934 776/1083/935 676/978/835
f 676/978/835 776/1083/935 777/1084/936 677/979/836
f 677/979/836 777/1084/936 778/1085/937 678/980/837
f 678/980/837 778/1085/937 779/1086/938 679/981/838
f 679/981/838 779/1086/938 780/1087/939 680/982/839
f 680/982/839 780/1087/939 781/1088/940 681/983/840
f 681/983/840 781/1088/940 782/1089/941 682/984/841
f 682/984/841 782/1089/941 783/1090/942 683/985/842
f 683/985/842 783/1090/942 784/1091/943 684/986/843
f 684/986/843 784/1091/943 785/1092/944 685/987/844
f 685/987/844 785/1092/944 786/1093/945 686/988/845
f 667/968/826 686/988/845 786/1093/945 767/1073/926
s 1
f 606/904/765 706/1009/865 787/1094/946 687/989/846
f 687/989/846 787/1094/946 788/1095/947 688/990/847
f 688/990/847 788/1095/947 789/1096/948 689/991/848
f 689/991/848 789/1096/948 790/1097/949 690/992/849
f 690/992/849 790/1097/949 791/1098/950 691/993/850
f 691/993/850 791/1098/950 792/1099/951 692/994/851
f 692/994/851 792/1099/951 793/1100/952 693/995/852
f 693/995/852 793/1100/952 794/1101/953 694/996/853
f 595/892/754 694/996/853 794/1101/953 695/997/854
f 695/997/854 795/1102/954 796/1103/955 696/998/855
f 696/998/855 796/1103/955 797/1104/956 697/999/856
f 697/999/856 797/1104/956 798/1105/957 698/1000/857
f 698/1000/857 798/1105/957 799/1106/958 699/1001/858
f 699/1001/858 799/1106/958 800/1107/959 700/1002/859
f 700/1003/859 800/1108/959 801/1109/960 701/1004/860
f 701/1004/860 801/1109/960 802/1110/961 702/1005/861
f 702/1005/861 802/1110/961 803/1111/962 703/1006/862
f 703/1006/862 803/1111/962 804/1112/963 704/1007/863
f 704/1007/863 804/1112/963 805/1113/964 705/1008/864
f 705/1008/864 805/1113/964 806/1114/965 706/1009/865
s 2
f 707/1010/866 807/1115/966 808/1116/967 708/1011/867
f 708/1011/867 808/1116/967 809/1117/968 709/1012/868
f 709/1012/868 809/1117/968 810/1118/969 710/1013/869
f 710/1013/869 810/1118/969 811/1119/970 711/1014/870
f 711/1015/870 811/1120/970 812/1121/971 712/1016/871
f 712/1016/871 812/1121/971 813/1122/972 713/1017/872
f 713/1017/872 813/1122/972 814/1123/973 714/1018/873
f 714/1018/873 814/1123/973 815/1124/974 715/1019/874
f 715/1019/874 815/1124/974 816/1125/975 716/1020/875
f 716/1020/875 816/1125/975 817/1126/976 717/1021/876
s 3
f 718/1022/877 818/1127/977 819/1128/978 719/1023/878
f 719/1023/878 819/1128/978 820/1129/979 720/1024/879
f 720/1024/879 820/1129/979 821/1130/980 721/1025/880
f 721/1025/880 821/1130/980 822/1131/981 722/1026/881
f 722/1027/881 822/1132/981 823/1133/982 723/1028/882
f 723/1028/882 823/1133/982 824/1134/983 724/1029/883
f 724/1029/883 824/1134/983 825/1135/984 725/1030/884
f 725/1030/884 825/1135/984 826/1136/985 726/1031/885
f 726/1031/885 826/1136/985 827/1137/986 727/1032/886
f 727/1032/886 827/1137/986 828/1138/987 728/1033/887
f 728/1033/887 828/1138/987 829/1139/988 729/1034/888
f 729/1034/888 829/1139/988 830/1140/989 730/1035/889
f 730/1035/889 830/1140/989 831/1141/990 731/1036/890
f 731/1036/890 831/1141/990 832/1142/991 732/1037/891
f 732/1037/891 832/1142/991 833/1143/992 733/1038/892
f 733/1038/892 833/1143/992 834/1144/993 734/1039/893
f 734/1039/893 834/1144/993 835/1145/994 735/1040/894
f 735/1040/894 835/1145/994 836/1146/995 736/1041/895
f 736/1041/895 836/1146/995 837/1147/996 737/1042/896
f 718/1022/877 737/1042/896 837/1147/996 818/1127/977
s 2
f 717/1021/876 817/1126/976 838/1148/997 738/1043/897
f 738/1043/897 838/1148/997 839/1149/998 739/1044/898
f 739/1044/898 839/1149/998 840/1150/999 740/1045/899
s 4
f 741/1046/900 841/1151/1000 842/1152/1001 742/1047/901
f 742/1047/901 842/1152/1001 843/1153/1002 743/1048/902
f 743/1048/902 843/1153/1002 844/1154/1003 744/1049/903
f 744/1049/903 844/1154/1003 845/1155/1004 745/1050/904
f 745/1051/904 845/1156/1004 846/1157/1005 746/1052/905
f 746/1052/905 846/1157/1005 847/1158/1006 747/1053/906
f 747/1053/906 847/1158/1006 848/1159/1007 748/1054/907
f 748/1054/907 848/1159/1007 849/1160/1008 749/1055/908
f 749/1055/908 849/1160/1008 850/1161/1009 750/1056/909
f 750/1056/909 850/1161/1009 851/1162/1010 751/1057/910
f 751/1057/910 851/1162/1010 852/1163/1011 752/1058/911
f 752/1058/911 852/1163/1011 853/1164/1012 753/1059/912
f 753/1059/912 853/1164/1012 854/1165/1013 754/1060/913
f 754/1060/913 854/1165/1013 855/1166/1014 755/1061/914
f 755/1061/914 855/1166/1014 856/1167/1015 756/1062/915
f 756/1062/915 856/1167/1015 857/1168/1016 757/1063/916
f 757/1063/916 857/1168/1016 858/1169/1017 758/1064/917
f 758/1064/917 858/1169/1017 859/1170/1018 759/1065/918
f 759/1065/918 859/1170/1018 860/1171/1019 760/1066/919
f 741/1046/900 760/1066/919 860/1171/1019 841/1151/1000
s 2
f 740/1045/899 840/1150/999 861/1172/1020 761/1067/920
f 761/1067/920 861/1172/1020 862/1173/1021 762/1068/921
f 762/1068/921 862/1173/1021 863/1174/1022 763/1069/922
f 763/1069/922 863/1174/1022 864/1175/1023 764/1070/923
f 764/1070/923 864/1175/1023 865/1176/1024 765/1071/924
f 765/1071/924 865/1176/1024 866/1177/1025 766/1072/925
f 707/1010/866 766/1072/925 866/1177/1025 807/1115/966
s 5
f 767/1073/926 867/1178/1026 868/1179/1027 768/1074/927
f 768/1074/927 868/1179/1027 869/1180/1028 769/1075/928
f 769/1075/928 869/1180/1028 870/1181/1029 770/1076/929
f 770/1076/929 870/1181/1029 871/1182/1030 771/1077/930
f 771/1078/930 871/1183/1030 872/1184/1031 772/1079/931
f 772/1079/931 872/1184/1031 873/1185/1032 773/1080/932
f 773/1080/932 873/1185/1032 874/1186/1033 774/1081/933
f 774/1081/933 874/1186/1033 875/1187/1034 775/1082/934
f 775/1082/934 875/1187/1034 876/1188/1035 776/1083/935
f 776/1083/935 876/1188/1035 877/1189/1036 777/1084/936
f 777/1084/936 877/1189/1036 878/1190/1037 778/1085/937
f 778/1085/937 878/1190/1037 879/1191/1038 779/1086/938
f 779/1086/938 879/1191/1038 880/1192/1039 780/1087/939
f 780/1087/939 880/1192/1039 881/1193/1040 781/1088/940
f 781/1088/940 881/1193/1040 882/1194/1041 782/1089/941
f 782/1089/941 882/1194/1041 883/1195/1042 783/1090/942
f 783/1090/942 883/1195/1042 884/1196/1043 784/1091/943
f 784/1091/943 884/1196/1043 885/1197/1044 785/1092/944
f 785/1092/944 885/1197/1044 886/1198/1045 786/1093/945
f 767/1073/926 786/1093/945 886/1198/1045 867/1178/1026
s 1
f 706/1009/865 806/1114/965 887/1199/1046 787/1094/946
f 787/1094/946 887/1199/1046 888/1200/1047 788/1095/947
f 788/1095/947 888/1200/1047 889/1201/1048 789/1096/948
f 789/1096/948 889/1201/1048 890/1202/1049 790/1097/949
f 790/1097/949 890/1202/1049 891/1203/1050 791/1098/950
f 791/1098/950 891/1203/1050 892/1204/1051 792/1099/951
f 792/1099/951 892/1204/1051 893/1205/1052 793/1100/952
f 793/1100/952 893/1205/1052 894/1206/1053 794/1101/953
f 695/997/854 794/1101/953 894/1206/1053 795/1102/954
f 795/1102/954 895/1207/1054 896/1208/1055 796/1103/955
f 796/1103/955 896/1208/1055 897/1209/1056 797/1104/956
f 797/1104/956 897/1209/1056 898/1210/1057 798/1105/957
f 798/1105/957 898/1210/1057 899/1211/1058 799/1106/958
f 799/1106/958 899/1211/1058 900/1212/1059 800/1107/959
f 800/1108/959 900/1213/1059 901/1214/1060 801/1109/960
f 801/1109/960 901/1214/1060 902/1215/1061 802/1110/961
f 802/1110/961 902/1215/1061 903/1216/1062 803/1111/962
f 803/1111/962 903/1216/1062 904/1217/1063 804/1112/963
f 804/1112/963 904/1217/1063 905/1218/1064 805/1113/964
f 805/1113/964 905/1218/1064 906/1219/1065 806/1114/965
s 2
f 807/1115/966 907/1220/1066 908/1221/1067 808/1116/967
f 808/1116/967 908/1221/1067 909/1222/1068 809/1117/968
f 809/1117/968 909/1222/1068 910/1223/1069 810/1118/969
f 810/1118/969 910/1223/1069 911/1224/1070 811/1119/970
f 811/1120/970 911/1225/1070 912/1226/1071 812/1121/971
f 812/1121/971 912/1226/1071 913/1227/1072 813/1122/972
f 813/1122/972 913/1227/1072 914/1228/1073 814/1123/973
f 814/1123/973 914/1228/1073 915/1229/1074 815/1124/974
f 815/1124/974 915/1229/1074 916/1230/1075 816/1125/975
f 816/1125/975 916/1230/1075 917/1231/1076 817/1126/976
s 3
f 818/1127/977 918/1232/1077 919/1233/1078 819/1128/978
f 819/1128/978 919/1233/1078 920/1234/1079 820/1129/979
f 820/1129/979 920/1234/1079 921/1235/1080 821/1130/980
f 821/1130/980 921/1235/1080 922/1236/1081 822/1131/981
f 822/1132/981 922/1237/1081 923/1238/1082 823/1133/982
f 823/1133/982 923/1238/1082 924/1239/1083 824/1134/983
f 824/1134/983 924/1239/1083 925/1240/1084 825/1135/984
f 825/1135/984 925/1240/1084 926/1241/1085 826/1136/985
f 826/1136/985 926/1241/1085 927/1242/1086 827/1137/986
f 827/1137/986 927/1242/1086 928/1243/1087 828/1138/987
f 828/1138/987 928/1243/1087 929/1244/1088 829/1139/988
f 829/1139/988 929/1244/1088 930/1245/1089 830/1140/989
f 830/1140/989 930/1245/1089 931/1246/1090 831/1141/990
f 831/1141/990 931/1246/1090 932/1247/1091 832/1142/991
f 832/1142/991 932/1247/1091 933/1248/1092 833/1143/992
f 833/1143/992 933/1248/1092 934/1249/1093 834/1144/993
f 834/1144/993 934/1249/1093 935/1250/1094 835/1145/994
f 835/1145/994 935/1250/1094 936/1251/1095 836/1146/995
f 836/1146/995 936/1251/1095 937/1252/1096 837/1147/996
f 818/1127/977 837/1147/996 937/1252/1096 918/1232/1077
s 2
f 817/1126/976 917/1231/1076 938/1253/1097 838/1148/997
f 838/1148/997 938/1253/1097 939/1254/1098 839/1149/998
f 839/1149/998 939/1254/1098 940/1255/1099 840/1150/999
s 4
f 841/1151/1000 941/1256/1100 942/1257/1101 842/1152/1001
f 842/1152/1001 942/1257/1101 943/1258/1102 843/1153/1002
f 843/1153/1002 943/1258/1102 944/1259/1103 844/1154/1003
f 844/1154/1003 944/1259/1103 945/1260/1104 845/1155/1004
f 845/1156/1004 945/1261/1104 946/1262/1105 846/1157/1005
f 846/1157/1005 946/1262/1105 947/1263/1106 847/1158/1006
f 847/1158/1006 947/1263/1106 948/1264/1107 848/1159/1007
f 848/1159/1007 948/1264/1107 949/1265/1108 849/1160/1008
f 849/1160/1008 949/1265/1108 950/1266/1109 850/1161/1009
f 850/1161/1009 950/1266/1109 951/1267/1110 851/1162/1010
f 851/1162/1010 951/1267/1110 952/1268/1111 852/1163/1011
f 852/1163/1011 952/1268/1111 953/1269/1112 853/1164/1012
f 853/1164/1012 953/1269/1112 954/1270/1113 854/1165/1013
f 854/1165/1013 954/1270/1113 955/1271/1114 855/1166/1014
f 855/1166/1014 955/1271/1114 956/1272/1115 856/1167/1015
f 856/1167/1015 956/1272/1115 957/1273/1116 857/1168/1016
f 857/1168/1016 957/1273/1116 958/1274/1117 858/1169/1017
f 858/1169/1017 958/1274/1117 959/1275/1118 859/1170/1018
f 859/1170/1018 959/1275/1118 960/1276/1119 860/1171/1019
f 841/1151/1000 860/1171/1019 960/1276/1119 941/1256/1100
s 2
f 840/1150/999 940/1255/1099 961/1277/1120 861/1172/1020
f 861/1172/1020 961/1277/1120 962/1278/1121 862/1173/1021
f 862/1173/1021 962/1278/1121 963/1279/1122 863/1174/1022
f 863/1174/1022 963/1279/1122 964/1280/1123 864/1175/1023
f 864/1175/1023 964/1280/1123 965/1281/1124 865/1176/1024
f 865/1176/1024 965/1281/1124 966/1282/1125 866/1177/1025
f 807/1115/966 866/1177/1025 966/1282/1125 907/1220/1066
s 5
f 867/1178/1026 967/1283/1126 968/1284/1127 868/1179/1027
f 868/1179/1027 968/1284/1127 969/1285/1128 869/1180/1028
f 869/1180/1028 969/1285/1128 970/1286/1129 870/1181/1029
f 870/1181/1029 970/1286/1129 971/1287/1130 871/1182/1030
f 871/1183/1030 971/1288/1130 972/1289/1131 872/1184/1031
f 872/1184/1031 972/1289/1131 973/1290/1132 873/1185/1032
f 873/1185/1032 973/1290/1132 974/1291/1133 874/1186/1033
f 874/1186/1033 974/1291/1133 975/1292/1134 875/1187/1034
f 875/1187/1034 975/1292/1134 976/1293/1135 876/1188/1035
f 876/1188/1035 976/1293/1135 977/1294/1136 877/1189/1036
f 877/1189/1036 977/1294/1136 978/1295/1137 878/1190/1037
f 878/1190/1037 978/1295/1137 979/1296/1138 879/1191/1038
f 879/1191/1038 979/1296/1138 980/1297/1139 880/1192/1039
f 880/1192/1039 980/1297/1139 981/1298/1140 881/1193/1040
f 881/1193/1040 981/1298/1140 982/1299/1141 882/1194/1041
f 882/1194/1041 982/1299/1141 983/1300/1142 883/1195/1042
f 883/1195/1042 983/1300/1142 984/1301/1143 884/1196/1043
f 884/1196/1043 984/1301/1143 985/1302/1144 885/1197/1044
f 885/1197/1044 985/1302/1144 986/1303/1145 886/1198/1045
f 867/1178/1026 886/1198/1045 986/1303/1145 967/1283/1126
s 1
f 806/1114/965 906/1219/1065 987/1304/1146 887/1199/1046
f 887/1199/1046 987/1304/1146 988/1305/1147 888/1200/1047
f 888/1200/1047 988/1305/1147 989/1306/1148 889/1201/1048
f 889/1201/1048 989/1306/1148 990/1307/1149 890/1202/1049
f 890/1202/1049 990/1307/1149 991/1308/1150 891/1203/1050
f 891/1203/1050 991/1308/1150 992/1309/1151 892/1204/1051
f 892/1204/1051 992/1309/1151 993/1310/1152 893/1205/1052
f 893/1205/1052 993/1310/1152 994/1311/1153 894/1206/1053
f 795/1102/954 894/1206/1053 994/1311/1153 895/1207/1054
f 895/1207/1054 995/1312/1154 996/1313/1155 896/1208/1055
f 896/1208/1055 996/1313/1155 997/1314/1156 897/1209/1056
f 897/1209/1056 997/1314/1156 998/1315/1157 898/1210/1057
f 898/1210/1057 998/1315/1157 999/1316/1158 899/1211/1058
f 899/1211/1058 999/1316/1158 1000/1317/1159 900/1212/1059
f 900/1213/1059 1000/1318/1159 1001/1319/1160 901/1214/1060
f 901/1214/1060 1001/1319/1160 1002/1320/1161 902/1215/1061
f 902/1215/1061 1002/1320/1161 1003/1321/1162 903/1216/1062
f 903/1216/1062 1003/1321/1162 1004/1322/1163 904/1217/1063
f 904/1217/1063 1004/1322/1163 1005/1323/1164 905/1218/1064
f 905/1218/1064 1005/1323/1164 1006/1324/1165 906/1219/1065
s 2
f 907/1220/1066 1007/1325/1166 1008/1326/1167 908/1221/1067
f 908/1221/1067 1008/1326/1167 1009/1327/1168 909/1222/1068
f 909/1222/1068 1009/1327/1168 1010/1328/1169 910/1223/1069
f 910/1223/1069 1010/1328/1169 1011/1329/1170 911/1224/1070
f 911/1225/1070 1011/1330/1170 1012/1331/1171 912/1226/1071
f 912/1226/1071 1012/1331/1171 1013/1332/1172 913/1227/1072
f 913/1227/1072 1013/1332/1172 1014/1333/1173 914/1228/1073
f 914/1228/1073 1014/1333/1173 1015/1334/1174 915/1229/1074
f 915/1229/1074 1015/1334/1174 1016/1335/1175 916/1230/1075
f 916/1230/1075 1016/1335/1175 1017/1336/1176 917/1231/1076
s 3
f 918/1232/1077 1018/1337/1177 1019/1338/1178 919/1233/1078
f 919/1233/1078 1019/1338/1178 1020/1339/1179 920/1234/1079
f 920/1234/1079 1020/1339/1179 1021/1340/1180 921/1235/1080
f 921/1235/1080 1021/1340/1180 1022/1341/1181 922/1236/1081
f 922/1237/1081 1022/1342/1181 1023/1343/1182 923/1238/1082
f 923/1238/1082 1023/1343/1182 1024/1344/1183 924/1239/1083
f 924/1239/1083 1024/1344/1183 1025/1345/1184 925/1240/1084
f 925/1240/1084 1025/1345/1184 1026/1346/1185 926/1241/1085
f 926/1241/1085 1026/1346/1185 1027/1347/1186 927/1242/1086
f 927/1242/1086 1027/1347/1186 1028/1348/1187 928/1243/1087
f 928/1243/1087 1028/1348/1187 1029/1349/1188 929/1244/1088
f 929/1244/1088 1029/1349/1188 1030/1350/1189 930/1245/1089
f 930/1245/1089 1030/1350/1189 1031/1351/1190 931/1246/1090
f 931/1246/1090 1031/1351/1190 1032/1352/1191 932/1247/1091
f 932/1247/1091 1032/1352/1191 1033/1353/1192 933/1248/1092
f 933/1248/1092 1033/1353/1192 1034/1354/1193 934/1249/1093
f 934/1249/1093 1034/1354/1193 1035/1355/1194 935/1250/1094
f 935/1250/1094 1035/1355/1194 1036/1356/1195 936/1251/1095
f 936/1251/1095 1036/1356/1195 1037/1357/1196 937/1252/1096
f 918/1232/1077 937/1252/1096 1037/1357/1196 1018/1337/1177
s 2
f 917/1231/1076 1017/1336/1176 1038/1358/1197 938/1253/1097
f 938/1253/1097 1038/1358/1197 1039/1359/1198 939/1254/1098
f 939/1254/1098 1039/1359/1198 1040/1360/1199 940/1255/1099
s 4
f 941/1256/1100 1041/1361/1200 1042/1362/1201 942/1257/1101
f 942/1257/1101 1042/1362/1201 1043/1363/1202 943/1258/1102
f 943/1258/1102 1043/1363/1202 1044/1364/1203 944/1259/1103
f 944/1259/1103 1044/1364/1203 1045/1365/1204 945/1260/1104
f 945/1261/1104 1045/1366/1204 1046/1367/1205 946/1262/1105
f 946/1262/1105 1046/1367/1205 1047/1368/1206 947/1263/1106
f 947/1263/1106 1047/1368/1206 1048/1369/1207 948/1264/1107
f 948/1264/1107 1048/1369/1207 1049/1370/1208 949/1265/1108
f 949/1265/1108 1049/1370/1208 1050/1371/1209 950/1266/1109
f 950/1266/1109 1050/1371/1209 1051/1372/1210 951/1267/1110
f 951/1267/1110 1051/1372/1210 1052/1373/1211 952/1268/1111
f 952/1268/1111 1052/1373/1211 1053/1374/1212 953/1269/1112
f 953/1269/1112 1053/1374/1212 1054/1375/1213 954/1270/1113
f 954/1270/1113 1054/1375/1213 1055/1376/1214 955/1271/1114
f 955/1271/1114 1055/1376/1214 1056/1377/1215 956/1272/1115
f 956/1272/1115 1056/1377/1215 1057/1378/1216 957/1273/1116
f 957/1273/1116 1057/1378/1216 1058/1379/1217 958/1274/1117
f 958/1274/1117 1058/1379/1217 1059/1380/1218 959/1275/1118
f 959/1275/1118 1059/1380/1218 1060/1381/1219 960/1276/1119
f 941/1256/1100 960/1276/1119 1060/1381/1219 1041/1361/1200
s 2
f 940/1255/1099 1040/1360/1199 1061/1382/1220 961/1277/1120
f 961/1277/1120 1061/1382/1220 1062/1383/1221 962/1278/1121
f 962/1278/1121 1062/1383/1221 1063/1384/1222 963/1279/1122
f 963/1279/1122 1063/1384/1222 1064/1385/1223 964/1280/1123
f 964/1280/1123 1064/1385/1223 1065/1386/1224 965/1281/1124
f 965/1281/1124 1065/1386/1224 1066/1387/1225 966/1282/1125
f 907/1220/1066 966/1282/1125 1066/1387/1225 1007/1325/1166
s 5
f 967/1283/1126 1067/1388/1226 1068/1389/1227 968/1284/1127
f 968/1284/1127 1068/1389/1227 1069/1390/1228 969/1285/1128
f 969/1285/1128 1069/1390/1228 1070/1391/1229 970/1286/1129
f 970/1286/1129 1070/1391/1229 1071/1392/1230 971/1287/1130
f 971/1288/1130 1071/1393/1230 1072/1394/1231 972/1289/1131
f 972/1289/1131 1072/1394/1231 1073/1395/1232 973/1290/1132
f 973/1290/1132 1073/1395/1232 1074/1396/1233 974/1291/1133
f 974/1291/1133 1074/1396/1233 1075/1397/1234 975/1292/1134
f 975/1292/1134 1075/1397/1234 1076/1398/1235 976/1293/1135
f 976/1293/1135 1076/1398/1235 1077/1399/1236 977/1294/1136
f 977/1294/1136 1077/1399/1236 1078/1400/1237 978/1295/1137
f 978/1295/1137 1078/1400/1237 1079/1401/1238 979/1296/1138
f 979/1296/1138 1079/1401/1238 1080/1402/1239 980/1297/1139
f 980/1297/1139 1080/1402/1239 1081/1403/1240 981/1298/1140
f 981/1298/1140 1081/1403/1240 1082/1404/1241 982/1299/1141
f 982/1299/1141 1082/1404/1241 1083/1405/1242 983/1300/1142
f 983/1300/1142 1083/1405/1242 1084/1406/1243 984/1301/1143
f 984/1301/1143 1084/1406/1243 1085/1407/1244 985/1302/1144
f 985/1302/1144 1085/1407/1244 1086/1408/1245 986/1303/1145
f 967/1283/1126 986/1303/1145 1086/1408/1245 1067/1388/1226
s 1
f 906/1219/1065 1006/1324/1165 1087/1409/1246 987/1304/1146
f 987/1304/1146 1087/1409/1246 1088/1410/1247 988/1305/1147
f 988/1305/1147 1088/1410/1247 1089/1411/1248 989/1306/1148
f 989/1306/1148 1089/1411/1248 1090/1412/1249 990/1307/1149
f 990/1307/1149 1090/1412/1249 1091/1413/1250 991/1308/1150
f 991/1308/1150 1091/1413/1250 1092/1414/1251 992/1309/1151
f 992/1309/1151 1092/1414/1251 1093/1415/1252 993/1310/1152
f 993/1310/1152 1093/1415/1252 1094/1416/1253 994/1311/1153
f 895/1207/1054 994/1311/1153 1094/1416/1253 995/1312/1154
f 995/1312/1154 1095/1417/1254 1096/1418/1255 996/1313/1155
f 996/1313/1155 1096/1418/1255 1097/1419/1256 997/1314/1156
f 997/1314/1156 1097/1419/1256 1098/1420/1257 998/1315/1157
f 998/1315/1157 1098/1420/1257 1099/1421/1258 999/1316/1158
f 999/1316/1158 1099/1421/1258 1100/1422/1259 1000/1317/1159
f 1000/1318/1159 1100/1423/1259 1101/1424/1260 1001/1319/1160
f 1001/1319/1160 1101/1424/1260 1102/1425/1261 1002/1320/1161
f 1002/1320/1161 1102/1425/1261 1103/1426/1262 1003/1321/1162
f 1003/1321/1162 1103/1426/1262 1104/1427/1263 1004/1322/1163
f 1004/1322/1163 1104/1427/1263 1105/1428/1264 1005/1323/1164
f 1005/1323/1164 1105/1428/1264 1106/1429/1265 1006/1324/1165
s 2
f 1007/1325/1166 1107/1430/1266 1108/1431/1267 1008/1326/1167
f 1008/1326/1167 1108/1431/1267 1109/1432/1268 1009/1327/1168
f 1009/1327/1168 1109/1432/1268 1110/1433/1269 1010/1328/1169
f 1010/1328/1169 1110/1433/1269 1111/1434/1270 1011/1329/1170
f 1011/1330/1170 1111/1435/1270 1112/1436/1271 1012/1331/1171
f 1012/1331/1171 1112/1436/1271 1113/1437/1272 1013/1332/1172
f 1013/1332/1172 1113/1437/1272 1114/1438/1273 1014/1333/1173
f 1014/1333/1173 1114/1438/1273 1115/1439/1274 1015/1334/1174
f 1015/1334/1174 1115/1439/1274 1116/1440/1275 1016/1335/1175
f 1016/1335/1175 1116/1440/1275 1117/1441/1276 1017/1336/1176
s 3
f 1018/1337/1177 1118/1442/1277 1119/1443/1278 1019/1338/1178
f 1019/1338/1178 1119/1443/1278 1120/1444/1279 1020/1339/1179
f 1020/1339/1179 1120/1444/1279 1121/1445/1280 1021/1340/1180
f 1021/1340/1180 1121/1445/1280 1122/1446/1281 1022/1341/1181
f 1022/1342/1181 1122/1447/1281 1123/1448/1282 1023/1343/1182
f 1023/1343/1182 1123/1448/1282 1124/1449/1283 1024/1344/1183
f 1024/1344/1183 1124/1449/1283 1125/1450/1284 1025/1345/1184
f 1025/1345/1184 1125/1450/1284 1126/1451/1285 1026/1346/1185
f 1026/1346/1185 1126/1451/1285 1127/1452/1286 1027/1347/1186
f 1027/1347/1186 1127/1452/1286 1128/1453/1287 1028/1348/1187
f 1028/1348/1187 1128/1453/1287 1129/1454/1288 1029/1349/1188
f 1029/1349/1188 1129/1454/1288 1130/1455/1289 1030/1350/1189
f 1030/1350/1189 1130/1455/1289 1131/1456/1290 1031/1351/1190
f 1031/1351/1190 1131/1456/1290 1132/1457/1291 1032/1352/1191
f 1032/1352/1191 1132/1457/1291 1133/1458/1292 1033/1353/1192
f 1033/1353/1192 1133/1458/1292 1134/1459/1293 1034/1354/1193
f 1034/1354/1193 1134/1459/1293 1135/1460/1294 1035/1355/1194
f 1035/1355/1194 1135/1460/1294 1136/1461/1295 1036/1356/1195
f 1036/1356/1195 1136/1461/1295 1137/1462/1296 1037/1357/1196
f 1018/1337/1177 1037/1357/1196 1137/1462/1296 1118/1442/1277
s 2
f 1017/1336/1176 1117/1441/1276 1138/1463/1297 1038/1358/1197
f 1038/1358/1197 1138/1463/1297 1139/1464/1298 1039/1359/1198
f 1039/1359/1198 1139/1464/1298 1140/1465/1299 1040/1360/1199
s 4
f 1041/1361/1200 1141/1466/1300 1142/1467/1301 1042/1362/1201
f 1042/1362/1201 1142/1467/1301 1143/1468/1302 1043/1363/1202
f 1043/1363/1202 1143/1468/1302 1144/1469/1303 1044/1364/1203
f 1044/1364/1203 1144/1469/1303 1145/1470/1304 1045/1365/1204
f 1045/1366/1204 1145/1471/1304 1146/1472/1305 1046/1367/1205
f 1046/1367/1205 1146/1472/1305 1147/1473/1306 1047/1368/1206
f 1047/1368/1206 1147/1473/1306 1148/1474/1307 1048/1369/1207
f 1048/1369/1207 1148/1474/1307 1149/1475/1308 1049/1370/1208
f 1049/1370/1208 1149/1475/1308 1150/1476/1309 1050/1371/1209
f 1050/1371/1209 1150/1476/1309 1151/1477/1310 1051/1372/1210
f 1051/1372/1210 1151/1477/1310 1152/1478/1311 1052/1373/1211
f 1052/1373/1211 1152/1478/1311 1153/1479/1312 1053/1374/1212
f 1053/1374/1212 1153/1479/1312 1154/1480/1313 1054/1375/1213
f 1054/1375/1213 1154/1480/1313 1155/1481/1314 1055/1376/1214
f 1055/1376/1214 1155/1481/1314 1156/1482/1315 1056/1377/1215
f 1056/1377/1215 1156/1482/1315 1157/1483/1316 1057/1378/1216
f 1057/1378/1216 1157/1483/1316 1158/1484/1317 1058/1379/1217
f 1058/1379/1217 1158/1484/1317 1159/1485/1318 1059/1380/1218
f 1059/1380/1218 1159/1485/1318 1160/1486/1319 1060/1381/1219
f 1041/1361/1200 1060/1381/1219 1160/1486/1319 1141/1466/1300
s 2
f 1040/1360/1199 1140/1465/1299 1161/1487/1320 1061/1382/1220
f 1061/1382/1220 1161/1487/1320 1162/1488/1321 1062/1383/1221
f 1062/1383/1221 1162/1488/1321 1163/1489/1322 1063/1384/1222
f 1063/1384/1222 1163/1489/1322 1164/1490/1323 1064/1385/1223
f 1064/1385/1223 1164/1490/1323 1165/1491/1324 1065/1386/1224
f 1065/1386/1224 1165/1491/1324 1166/1492/1325 1066/1387/1225
f 1007/1325/1166 1066/1387/1225 1166/1492/1325 1107/1430/1266
s 5
f 1067/1388/1226 1167/1493/1326 1168/1494/1327 1068/1389/1227
f 1068/1389/1227 1168/1494/1327 1169/1495/1328 1069/1390/1228
f 1069/1390/1228 1169/1495/1328 1170/1496/1329 1070/1391/1229
f 1070/1391/1229 1170/1496/1329 1171/1497/1330 1071/1392/1230
f 1071/1393/1230 1171/1498/1330 1172/1499/1331 1072/1394/1231
f 1072/1394/1231 1172/1499/1331 1173/1500/1332 1073/1395/1232
f 1073/1395/1232 1173/1500/1332 1174/1501/1333 1074/1396/1233
f 1074/1396/1233 1174/1501/1333 1175/1502/1334 1075/1397/1234
f 1075/1397/1234 1175/1502/1334 1176/1503/1335 1076/1398/1235
f 1076/1398/1235 1176/1503/1335 1177/1504/1336 1077/1399/1236
f 1077/1399/1236 1177/1504/1336 1178/1505/1337 1078/1400/1237
f 1078/1400/1237 1178/1505/1337 1179/1506/1338 1079/1401/1238
f 1079/1401/1238 1179/1506/1338 1180/1507/1339 1080/1402/1239
f 1080/1402/1239 1180/1507/1339 1181/1508/1340 1081/1403/1240
f 1081/1403/1240 1181/1508/1340 1182/1509/1341 1082/1404/1241
f 1082/1404/1241 1182/1509/1341 1183/1510/1342 1083/1405/1242
f 1083/1405/1242 1183/1510/1342 1184/1511/1343 1084/1406/1243
f 1084/1406/1243 1184/1511/1343 1185/1512/1344 1085/1407/1244
f 1085/1407/1244 1185/1512/1344 1186/1513/1345 1086/1408/1245
f 1067/1388/1226 1086/1408/1245 1186/1513/1345 1167/1493/1326
s 1
f 1006/1324/1165 1106/1429/1265 1187/1514/1346 1087/1409/1246
f 1087/1409/1246 1187/1514/1346 1188/1515/1347 1088/1410/1247
f 1088/1410/1247 1188/1515/1347 1189/1516/1348 1089/1411/1248
f 1089/1411/1248 1189/1516/1348 1190/1517/1349 1090/1412/1249
f 1090/1412/1249 1190/1517/1349 1191/1518/1350 1091/1413/1250
f 1091/1413/1250 1191/1518/1350 1192/1519/1351 1092/1414/1251
f 1092/1414/1251 1192/1519/1351 1193/1520/1352 1093/1415/1252
f 1093/1415/1252 1193/1520/1352 1194/1521/1353 1094/1416/1253
f 995/1312/1154 1094/1416/1253 1194/1521/1353 1095/1417/1254
f 1095/1417/1254 1195/1522/1354 1196/1523/1355 1096/1418/1255
f 1096/1418/1255 1196/1523/1355 1197/1524/1356 1097/1419/1256
f 1097/1419/1256 1197/1524/1356 1198/1525/1357 1098/1420/1257
f 1098/1420/1257 1198/1525/1357 1199/1526/1358 1099/1421/1258
f 1099/1421/1258 1199/1526/1358 1200/1527/1359 1100/1422/1259
f 1100/1423/1259 1200/1528/1359 1201/1529/1360 1101/1424/1260
f 1101/1424/1260 1201/1529/1360 1202/1530/1361 1102/1425/1261
f 1102/1425/1261 1202/1530/1361 1203/1531/1362 1103/1426/1262
f 1103/1426/1262 1203/1531/1362 1204/1532/1363 1104/1427/1263
f 1104/1427/1263 1204/1532/1363 1205/1533/1364 1105/1428/1264
f 1105/1428/1264 1205/1533/1364 1206/1534/1365 1106/1429/1265
s 2
f 1107/1430/1266 1207/1535/1366 1208/1536/1367 1108/1431/1267
f 1108/1431/1267 1208/1536/1367 1209/1537/1368 1109/1432/1268
f 1109/1432/1268 1209/1537/1368 1210/1538/1369 1110/1433/1269
f 1110/1433/1269 1210/1538/1369 1211/1539/1370 1111/1434/1270
f 1111/1435/1270 1211/1540/1370 1212/1541/1371 1112/1436/1271
f 1112/1436/1271 1212/1541/1371 1213/1542/1372 1113/1437/1272
f 1113/1437/1272 1213/1542/1372 1214/1543/1373 1114/1438/1273
f 1114/1438/1273 1214/1543/1373 1215/1544/1374 1115/1439/1274
f 1115/1439/1274 1215/1544/1374 1216/1545/1375 1116/1440/1275
f 1116/1440/1275 1216/1545/1375 1217/1546/1376 1117/1441/1276
s 3
f 1118/1442/1277 1218/1547/1377 1219/1548/1378 1119/1443/1278
f 1119/1443/1278 1219/1548/1378 1220/1549/1379 1120/1444/1279
f 1120/1444/1279 1220/1549/1379 1221/1550/1380 1121/1445/1280
f 1121/1445/1280 1221/1550/1380 1222/1551/1381 1122/1446/1281
f 1122/1447/1281 1222/1552/1381 1223/1553/1382 1123/1448/1282
f 1123/1448/1282 1223/1553/1382 1224/1554/1383 1124/1449/1283
f 1124/1449/1283 1224/1554/1383 1225/1555/1384 1125/1450/1284
f 1125/1450/1284 1225/1555/1384 1226/1556/1385 1126/1451/1285
f 1126/1451/1285 1226/1556/1385 1227/1557/1386 1127/1452/1286
f 1127/1452/1286 1227/1557/1386 1228/1558/1387 1128/1453/1287
f 1128/1453/1287 1228/1558/1387 1229/1559/1388 1129/1454/1288
f 1129/1454/1288 1229/1559/1388 1230/1560/1389 1130/1455/1289
f 1130/1455/1289 1230/1560/1389 1231/1561/1390 1131/1456/1290
f 1131/1456/1290 1231/1561/1390 1232/1562/1391 1132/1457/1291
f 1132/1457/1291 1232/1562/1391 1233/1563/1392 1133/1458/1292
f 1133/1458/1292 1233/1563/1392 1234/1564/1393 1134/1459/1293
f 1134/1459/1293 1234/1564/1393 1235/1565/1394 1135/1460/1294
f 1135/1460/1294 1235/1565/1394 1236/1566/1395 1136/1461/1295
f 1136/1461/1295 1236/1566/1395 1237/1567/1396 1137/1462/1296
f 1118/1442/1277 1137/1462/1296 1237/1567/1396 1218/1547/1377
s 2
f 1117/1441/1276 1217/1546/1376 1238/1568/1397 1138/1463/1297
f 1138/1463/1297 1238/1568/1397 1239/1569/1398 1139/1464/1298
f 1139/1464/1298 1239/1569/1398 1240/1570/1399 1140/1465/1299
s 4
f 1141/1466/1300 1241/1571/1400 1242/1572/1401 1142/1467/1301
f 1142/1467/1301 1242/1572/1401 1243/1573/1402 1143/1468/1302
f 1143/1468/1302 1243/1573/1402 1244/1574/1403 1144/1469/1303
f 1144/1469/1303 1244/1574/1403 1245/1575/1404 1145/1470/1304
f 1145/1471/1304 1245/1576/1404 1246/1577/1405 1146/1472/1305
f 1146/1472/1305 1246/1577/1405 1247/1578/1406 1147/1473/1306
f 1147/1473/1306 1247/1578/1406 1248/1579/1407 1148/1474/1307
f 1148/1474/1307 1248/1579/1407 1249/1580/1408 1149/1475/1308
f 1149/1475/1308 1249/1580/1408 1250/1581/1409 1150/1476/1309
f 1150/1476/1309 1250/1581/1409 1251/1582/1410 1151/1477/1310
f 1151/1477/1310 1251/1582/1410 1252/1583/1411 1152/1478/1311
f 1152/1478/1311 1252/1583/1411 1253/1584/1412 1153/1479/1312
f 1153/1479/1312 1253/1584/1412 1254/1585/1413 1154/1480/1313
f 1154/1480/1313 1254/1585/1413 1255/1586/1414 1155/1481/1314
f 1155/1481/1314 1255/1586/1414 1256/1587/1415 1156/1482/1315
f 1156/1482/1315 1256/1587/1415 1257/1588/1416 1157/1483/1316
f 1157/1483/1316 1257/1588/1416 1258/1589/1417 1158/1484/1317
f 1158/1484/1317 1258/1589/1417 1259/1590/1418 1159/1485/1318
f 1159/1485/1318 1259/1590/1418 1260/1591/1419 1160/1486/1319
f 1141/1466/1300 1160/1486/1319 1260/1591/1419 1241/1571/1400
s 2
f 1140/1465/1299 1240/1570/1399 1261/1592/1420 1161/1487/1320
f 1161/1487/1320 1261/1592/1420 1262/1593/1421 1162/1488/1321
f 1162/1488/1321 1262/1593/1421 1263/1594/1422 1163/1489/1322
f 1163/1489/1322 1263/1594/1422 1264/1595/1423 1164/1490/1323
f 1164/1490/1323 1264/1595/1423 1265/1596/1424 1165/1491/1324
f 1165/1491/1324 1265/1596/1424 1266/1597/1425 1166/1492/1325
f 1107/1430/1266 1166/1492/1325 1266/1597/1425 1207/1535/1366
s 5
f 1167/1493/1326 1267/1598/1426 1268/1599/1427 1168/1494/1327
f 1168/1494/1327 1268/1599/1427 1269/1600/1428 1169/1495/1328
f 1169/1495/1328 1269/1600/1428 1270/1601/1429 1170/1496/1329
f 1170/1496/1329 1270/1601/1429 1271/1602/1430 1171/1497/1330
f 1171/1498/1330 1271/1603/1430 1272/1604/1431 1172/1499/1331
f 1172/1499/1331 1272/1604/1431 1273/1605/1432 1173/1500/1332
f 1173/1500/1332 1273/1605/1432 1274/1606/1433 1174/1501/1333
f 1174/1501/1333 1274/1606/1433 1275/1607/1434 1175/1502/1334
f 1175/1502/1334 1275/1607/1434 1276/1608/1435 1176/1503/1335
f 1176/1503/1335 1276/1608/1435 1277/1609/1436 1177/1504/1336
f 1177/1504/1336 1277/1609/1436 1278/1610/1437 1178/1505/1337
f 1178/1505/1337 1278/1610/1437 1279/1611/1438 1179/1506/1338
f 1179/1506/1338 1279/1611/1438 1280/1612/1439 1180/1507/1339
f 1180/1507/1339 1280/1612/1439 1281/1613/1440 1181/1508/1340
f 1181/1508/1340 1281/1613/1440 1282/1614/1441 1182/1509/1341
f 1182/1509/1341 1282/1614/1441 1283/1615/1442 1183/1510/1342
f 1183/1510/1342 1283/1615/1442 1284/1616/1443 1184/1511/1343
f 1184/1511/1343 1284/1616/1443 1285/1617/1444 1185/1512/1344
f 1185/1512/1344 1285/1617/1444 1286/1618/1445 1186/1513/1345
f 1167/1493/1326 1186/1513/1345 1286/1618/1445 1267/1598/1426
s 1
f 1106/1429/1265 1206/1534/1365 1287/1619/1446 1187/1514/1346
f 1187/1514/1346 1287/1619/1446 1288/1620/1447 1188/1515/1347
f 1188/1515/1347 1288/1620/1447 1289/1621/1448 1189/1516/1348
f 1189/1516/1348 1289/1621/1448 1290/1622/1449 1190/1517/1349
f 1190/1517/1349 1290/1622/1449 1291/1623/1450 1191/1518/1350
f 1191/1518/1350 1291/1623/1450 1292/1624/1451 1192/1519/1351
f 1192/1519/1351 1292/1624/1451 1293/1625/1452 1193/1520/1352
f 1193/1520/1352 1293/1625/1452 1294/1626/1453 1194/1521/1353
f 1095/1417/1254 1194/1521/1353 1294/1626/1453 1195/1522/1354
s 6
f 1300/1727/1454 1301/1728/1455 1302/1729/1456 1303/1730/1457
f 1301/1731/1455 1304/1732/1458 1305/1733/1459 1302/1734/1456
f 1300/1727/1454 1303/1730/1457 1308/1736/1460 1307/1737/1461
f 1302/1729/1456 1309/1738/1462 1310/1739/1463 1303/1730/1457
f 1304/1732/1458 1311/1740/1464 1312/1741/1465 1305/1733/1459
f 1302/1734/1456 1305/1733/1459 1313/1743/1466 1309/1744/1462
f 1307/1737/1461 1308/1736/1460 1315/1746/1467 1314/1747/1468
f 1303/1730/1457 1310/1739/1463 1316/1748/1469 1308/1736/1460
f 1309/1738/1462 1317/1749/1470 1318/1750/1471 1310/1739/1463
f 1311/1740/1464 1319/1751/1472 1320/1752/1473 1312/1741/1465
f 1305/1733/1459 1312/1741/1465 1321/1754/1474 1313/1743/1466
f 1309/1744/1462 1313/1743/1466 1322/1755/1475 1317/1756/1470
f 1314/1747/1468 1315/1746/1467 1324/1758/1476 1323/1759/1477
f 1308/1736/1460 1316/1748/1469 1325/1760/1478 1315/1746/1467
f 1310/1739/1463 1318/1750/1471 1326/1761/1479 1316/1748/1469
f 1317/1749/1470 1327/1762/1480 1328/1763/1481 1318/1750/1471
f 1319/1751/1472 1329/1764/1482 1330/1765/1483 1320/1752/1473
f 1312/1741/1465 1320/1752/1473 1331/1767/1484 1321/1754/1474
f 1313/1743/1466 1321/1754/1474 1332/1768/1485 1322/1755/1475
f 1317/1756/1470 1322/1755/1475 1333/1769/1486 1327/1770/1480
f 1323/1759/1477 1324/1758/1476 1334/1772/1487 1335/1773/1488
f 1315/1746/1467 1325/1760/1478 1336/1774/1489 1324/1758/1476
f 1316/1748/1469 1326/1761/1479 1337/1775/1490 1325/1760/1478
f 1318/1750/1471 1328/1763/1481 1338/1776/1491 1326/1761/1479
f 1327/1762/1480 1339/1777/1492 1340/1778/1493 1328/1763/1481
f 1329/1764/1482 1341/1779/1494 1342/1780/1495 1330/1765/1483
f 1320/1752/1473 1330/1765/1483 1343/1782/1496 1331/1767/1484
f 1321/1754/1474 1331/1767/1484 1344/1783/1497 1332/1768/1485
f 1322/1755/1475 1332/1768/1485 1345/1784/1498 1333/1769/1486
f 1327/1770/1480 1333/1769/1486 1346/1785/1499 1339/1786/1492
f 1334/1772/1487 1347/1788/1500 1348/1789/1501 1335/1773/1488
f 1324/1758/1476 1336/1774/1489 1349/1790/1502 1334/1772/1487
f 1325/1760/1478 1337/1775/1490 1350/1791/1503 1336/1774/1489
f 1326/1761/1479 1338/1776/1491 1351/1792/1504 1337/1775/1490
f 1328/1763/1481 1340/1778/1493 1352/1793/1505 1338/1776/1491
f 1339/1777/1492 1353/1794/1506 1354/1795/1507 1340/1778/1493
f 1341/1779/1494 1355/1796/1508 1356/1797/1509 1342/1780/1495
f 1330/1765/1483 1342/1780/1495 1357/1799/1510 1343/1782/1496
f 1331/1767/1484 1343/1782/1496 1358/1800/1511 1344/1783/1497
f 1332/1768/1485 1344/1783/1497 1359/1801/1512 1345/1784/1498
f 1333/1769/1486 1345/1784/1498 1360/1802/1513 1346/1785/1499
f 1339/1786/1492 1346/1785/1499 1361/1803/1514 1353/1804/1506
f 1347/1788/1500 1362/1806/1515 1363/1807/1516 1348/1789/1501
f 1334/1772/1487 1349/1790/1502 1364/1808/1517 1347/1788/1500
f 1336/1774/1489 1350/1791/1503 1365/1809/1518 1349/1790/1502
f 1337/1775/1490 1351/1792/1504 1366/1810/1519 1350/1791/1503
f 1338/1776/1491 1352/1793/1505 1367/1811/1520 1351/1792/1504
f 1340/1778/1493 1354/1795/1507 1368/1812/1521 1352/1793/1505
f 1353/1794/1506 1369/1813/1522 1370/1814/1523 1354/1795/1507
f 1355/1796/1508 1372/1815/1524 1371/1816/1525 1356/1797/1509
f 1342/1780/1495 1356/1797/1509 1373/1818/1526 1357/1799/1510
f 1343/1782/1496 1357/1799/1510 1374/1819/1527 1358/1800/1511
f 1344/1783/1497 1358/1800/1511 1375/1820/1528 1359/1801/1512
f 1345/1784/1498 1359/1801/1512 1376/1821/1529 1360/1802/1513
f 1346/1785/1499 1360/1802/1513 1377/1822/1530 1361/1803/1514
f 1353/1804/1506 1361/1803/1514 1378/1823/1531 1369/1824/1522
f 1362/1806/1515 1379/1826/1532 1380/1827/1533 1363/1807/1516
f 1347/1788/1500 1364/1808/1517 1381/1828/1534 1362/1806/1515
f 1349/1790/1502 1365/1809/1518 1382/1829/1535 1364/1808/1517
f 1350/1791/1503 1366/1810/1519 1383/1830/1536 1365/1809/1518
f 1351/1792/1504 1367/1811/1520 1384/1831/1537 1366/1810/1519
f 1352/1793/1505 1368/1812/1521 1385/1832/1538 1367/1811/1520
f 1354/1795/1507 1370/1814/1523 1386/1833/1539 1368/1812/1521
f 1369/1813/1522 1387/1834/1540 1388/1835/1541 1370/1814/1523
f 1371/1816/1525 1372/1815/1524 1390/1836/1542 1389/1837/1543
f 1356/1797/1509 1371/1816/1525 1391/1839/1544 1373/1818/1526
f 1357/1799/1510 1373/1818/1526 1392/1840/1545 1374/1819/1527
f 1358/1800/1511 1374/1819/1527 1393/1841/1546 1375/1820/1528
f 1359/1801/1512 1375/1820/1528 1394/1842/1547 1376/1821/1529
f 1360/1802/1513 1376/1821/1529 1395/1843/1548 1377/1822/1530
f 1361/1803/1514 1377/1822/1530 1396/1844/1549 1378/1823/1531
f 1369/1824/1522 1378/1823/1531 1397/1845/1550 1387/1846/1540
f 1379/1826/1532 1398/1848/1551 1399/1849/1552 1380/1827/1533
f 1362/1806/1515 1381/1828/1534 1400/1850/1553 1379/1826/1532
f 1364/1808/1517 1382/1829/1535 1401/1851/1554 1381/1828/1534
f 1365/1809/1518 1383/1830/1536 1402/1852/1555 1382/1829/1535
f 1366/1810/1519 1384/1831/1537 1403/1853/1556 1383/1830/1536
f 1367/1811/1520 1385/1832/1538 1404/1854/1557 1384/1831/1537
f 1368/1812/1521 1386/1833/1539 1405/1855/1558 1385/1832/1538
f 1370/1814/1523 1388/1835/1541 1406/1856/1559 1386/1833/1539
f 1387/1834/1540 1407/1857/1560 1408/1858/1561 1388/1835/1541
f 1389/1837/1543 1390/1836/1542 1410/1859/1562 1409/1860/1563
f 1371/1816/1525 1389/1837/1543 1411/1862/1564 1391/1839/1544
f 1373/1818/1526 1391/1839/1544 1412/1863/1565 1392/1840/1545
f 1374/1819/1527 1392/1840/1545 1413/1864/1566 1393/1841/1546
f 1375/1820/1528 1393/1841/1546 1414/1865/1567 1394/1842/1547
f 1376/1821/1529 1394/1842/1547 1415/1866/1568 1395/1843/1548
f 1377/1822/1530 1395/1843/1548 1416/1867/1569 1396/1844/1549
f 1378/1823/1531 1396/1844/1549 1417/1868/1570 1397/1845/1550
f 1387/1846/1540 1397/1845/1550 1418/1869/1571 1407/1870/1560
f 1398/1848/1551 1419/1872/1572 1420/1873/1573 1399/1849/1552
f 1379/1826/1532 1400/1850/1553 1421/1874/1574 1398/1848/1551
f 1381/1828/1534 1401/1851/1554 1422/1875/1575 1400/1850/1553
f 1382/1829/1535 1402/1852/1555 1423/1876/1576 1401/1851/1554
f 1383/1830/1536 1403/1853/1556 1424/1877/1577 1402/1852/1555
f 1384/1831/1537 1404/1854/1557 1425/1878/1578 1403/1853/1556
f 1385/1832/1538 1405/1855/1558 1426/1879/1579 1404/1854/1557
f 1386/1833/1539 1406/1856/1559 1427/1880/1580 1405/1855/1558
f 1388/1835/1541 1408/1858/1561 1428/1881/1581 1406/1856/1559
usemtl initialShadingGroup
f 178/1882/1582 1408/1858/1561 1407/1857/1560 179/1883/1583
usemtl lambert3SG
f 1409/1860/1563 1410/1859/1562 1420/1873/1573 1419/1872/1572
f 1389/1837/1543 1409/1860/1563 1429/1885/1584 1411/1862/1564
f 1391/1839/1544 1411/1862/1564 1430/1886/1585 1412/1863/1565
f 1392/1840/1545 1412/1863/1565 1431/1887/1586 1413/1864/1566
f 1393/1841/1546 1413/1864/1566 1432/1888/1587 1414/1865/1567
f 1394/1842/1547 1414/1865/1567 1433/1889/1588 1415/1866/1568
f 1395/1843/1548 1415/1866/1568 1434/1890/1589 1416/1867/1569
f 1396/1844/1549 1416/1867/1569 1435/1891/1590 1417/1868/1570
f 1397/1845/1550 1417/1868/1570 1436/1892/1591 1418/1869/1571
usemtl initialShadingGroup
f 179/1893/1583 1407/1870/1560 1418/1869/1571 180/1894/1592
usemtl lambert3SG
f 1398/1848/1551 1421/1874/1574 1437/1896/1593 1419/1872/1572
f 1400/1850/1553 1422/1875/1575 1438/1897/1594 1421/1874/1574
f 1401/1851/1554 1423/1876/1576 1439/1898/1595 1422/1875/1575
f 1402/1852/1555 1424/1877/1577 1440/1899/1596 1423/1876/1576
f 1403/1853/1556 1425/1878/1578 1441/1900/1597 1424/1877/1577
f 1404/1854/1557 1426/1879/1579 1442/1901/1598 1425/1878/1578
f 1405/1855/1558 1427/1880/1580 1443/1902/1599 1426/1879/1579
f 1406/1856/1559 1428/1881/1581 1444/1903/1600 1427/1880/1580
usemtl initialShadingGroup
f 177/1904/1601 1428/1881/1581 1408/1858/1561 178/1882/1582
usemtl lambert3SG
f 1409/1860/1563 1419/1872/1572 1437/1896/1593 1429/1885/1584
f 1411/1862/1564 1429/1885/1584 1445/1906/1602 1430/1886/1585
f 1412/1863/1565 1430/1886/1585 1446/1907/1603 1431/1887/1586
f 1413/1864/1566 1431/1887/1586 1447/1908/1604 1432/1888/1587
f 1414/1865/1567 1432/1888/1587 1448/1909/1605 1433/1889/1588
f 1415/1866/1568 1433/1889/1588 1449/1910/1606 1434/1890/1589
f 1416/1867/1569 1434/1890/1589 1450/1911/1607 1435/1891/1590
f 1417/1868/1570 1435/1891/1590 1451/1912/1608 1436/1892/1591
usemtl initialShadingGroup
f 180/1894/1592 1418/1869/1571 1436/1892/1591 181/1913/1609
usemtl lambert3SG
f 1421/1874/1574 1438/1897/1594 1452/1914/1610 1437/1896/1593
f 1422/1875/1575 1439/1898/1595 1453/1915/1611 1438/1897/1594
f 1423/1876/1576 1440/1899/1596 1454/1916/1612 1439/1898/1595
f 1424/1877/1577 1441/1900/1597 1455/1917/1613 1440/1899/1596
f 1425/1878/1578 1442/1901/1598 1456/1918/1614 1441/1900/1597
f 1426/1879/1579 1443/1902/1599 1457/1919/1615 1442/1901/1598
f 1427/1880/1580 1444/1903/1600 1458/1920/1616 1443/1902/1599
usemtl initialShadingGroup
f 176/1921/1617 1444/1903/1600 1428/1881/1581 177/1904/1601
usemtl lambert3SG
f 1429/1885/1584 1437/1896/1593 1452/1914/1610 1445/1906/1602
f 1430/1886/1585 1445/1906/1602 1459/1922/1618 1446/1907/1603
f 1431/1887/1586 1446/1907/1603 1460/1923/1619 1447/1908/1604
f 1432/1888/1587 1447/1908/1604 1461/1924/1620 1448/1909/1605
f 1433/1889/1588 1448/1909/1605 1462/1925/1621 1449/1910/1606
f 1434/1890/1589 1449/1910/1606 1463/1926/1622 1450/1911/1607
f 1435/1891/1590 1450/1911/1607 1464/1927/1623 1451/1912/1608
usemtl initialShadingGroup
f 181/1913/1609 1436/1892/1591 1451/1912/1608 182/1928/1624
usemtl lambert3SG
f 1438/1897/1594 1453/1915/1611 1465/1929/1625 1452/1914/1610
f 1439/1898/1595 1454/1916/1612 1466/1930/1626 1453/1915/1611
f 1440/1899/1596 1455/1917/1613 1467/1931/1627 1454/1916/1612
f 1441/1900/1597 1456/1918/1614 1468/1932/1628 1455/1917/1613
f 1442/1901/1598 1457/1919/1615 1469/1933/1629 1456/1918/1614
f 1443/1902/1599 1458/1920/1616 1470/1934/1630 1457/1919/1615
usemtl initialShadingGroup
f 175/1935/1631 1458/1920/1616 1444/1903/1600 176/1921/1617
usemtl lambert3SG
f 1445/1906/1602 1452/1914/1610 1465/1929/1625 1459/1922/1618
f 1446/1907/1603 1459/1922/1618 1471/1936/1632 1460/1923/1619
f 1447/1908/1604 1460/1923/1619 1472/1937/1633 1461/1924/1620
f 1448/1909/1605 1461/1924/1620 1473/1938/1634 1462/1925/1621
f 1449/1910/1606 1462/1925/1621 1474/1939/1635 1463/1926/1622
f 1450/1911/1607 1463/1926/1622 1475/1940/1636 1464/1927/1623
usemtl initialShadingGroup
f 182/1928/1624 1451/1912/1608 1464/1927/1623 183/1941/1637
usemtl lambert3SG
f 1453/1915/1611 1466/1930/1626 1476/1942/1638 1465/1929/1625
f 1454/1916/1612 1467/1931/1627 1477/1943/1639 1466/1930/1626
f 1455/1917/1613 1468/1932/1628 1478/1944/1640 1467/1931/1627
f 1456/1918/1614 1469/1933/1629 1479/1945/1641 1468/1932/1628
f 1457/1919/1615 1470/1934/1630 1480/1946/1642 1469/1933/1629
usemtl initialShadingGroup
f 175/1935/1631 194/1947/1643 1470/1934/1630 1458/1920/1616
usemtl lambert3SG
f 1459/1922/1618 1465/1929/1625 1476/1942/1638 1471/1936/1632
f 1460/1923/1619 1471/1936/1632 1481/1948/1644 1472/1937/1633
f 1461/1924/1620 1472/1937/1633 1482/1949/1645 1473/1938/1634
f 1462/1925/1621 1473/1938/1634 1483/1950/1646 1474/1939/1635
f 1463/1926/1622 1474/1939/1635 1484/1951/1647 1475/1940/1636
usemtl initialShadingGroup
f 183/1941/1637 1464/1927/1623 1475/1940/1636 184/1952/1648
usemtl lambert3SG
f 1466/1930/1626 1477/1943/1639 1485/1953/1649 1476/1942/1638
f 1467/1931/1627 1478/1944/1640 1486/1954/1650 1477/1943/1639
f 1468/1932/1628 1479/1945/1641 1487/1955/1651 1478/1944/1640
f 1469/1933/1629 1480/1946/1642 1488/1956/1652 1479/1945/1641
usemtl initialShadingGroup
f 193/1957/1653 1480/1946/1642 1470/1934/1630 194/1947/1643
usemtl lambert3SG
f 1471/1936/1632 1476/1942/1638 1485/1953/1649 1481/1948/1644
f 1472/1937/1633 1481/1948/1644 1489/1958/1654 1482/1949/1645
f 1473/1938/1634 1482/1949/1645 1490/1959/1655 1483/1950/1646
f 1474/1939/1635 1483/1950/1646 1491/1960/1656 1484/1951/1647
usemtl initialShadingGroup
f 184/1952/1648 1475/1940/1636 1484/1951/1647 185/1961/1657
usemtl lambert3SG
f 1477/1943/1639 1486/1954/1650 1492/1962/1658 1485/1953/1649
f 1478/1944/1640 1487/1955/1651 1493/1963/1659 1486/1954/1650
f 1479/1945/1641 1488/1956/1652 1494/1964/1660 1487/1955/1651
usemtl initialShadingGroup
f 192/1965/1661 1488/1956/1652 1480/1946/1642 193/1957/1653
usemtl lambert3SG
f 1481/1948/1644 1485/1953/1649 1492/1962/1658 1489/1958/1654
f 1482/1949/1645 1489/1958/1654 1495/1966/1662 1490/1959/1655
f 1483/1950/1646 1490/1959/1655 1496/1967/1663 1491/1960/1656
usemtl initialShadingGroup
f 185/1961/1657 1484/1951/1647 1491/1960/1656 186/1968/1664
usemtl lambert3SG
f 1486/1954/1650 1493/1963/1659 1497/1969/1665 1492/1962/1658
f 1487/1955/1651 1494/1964/1660 1498/1970/1666 1493/1963/1659
usemtl initialShadingGroup
f 191/1971/1667 1494/1964/1660 1488/1956/1652 192/1965/1661
usemtl lambert3SG
f 1489/1958/1654 1492/1962/1658 1497/1969/1665 1495/1966/1662
f 1490/1959/1655 1495/1966/1662 1499/1972/1668 1496/1967/1663
usemtl initialShadingGroup
f 186/1968/1664 1491/1960/1656 1496/1967/1663 187/1973/1669
usemtl lambert3SG
f 1493/1963/1659 1498/1970/1666 1500/1974/1670 1497/1969/1665
usemtl initialShadingGroup
f 190/1975/1671 1498/1970/1666 1494/1964/1660 191/1971/1667
usemtl lambert3SG
f 1495/1966/1662 1497/1969/1665 1500/1974/1670 1499/1972/1668
usemtl initialShadingGroup
f 187/1973/1669 1496/1967/1663 1499/1972/1668 188/1976/1672
f 189/1977/1673 1500/1974/1670 1498/1970/1666 190/1975/1671
f 188/1976/1672 1499/1972/1668 1500/1974/1670 189/1977/1673
s off
usemtl lambert2SG
f 174/350/1674 172/451/1675 170/341/1676 169/340/1677 175/452/1678 176/453/1679 177/454/1680 178/455/1681 179/456/1682 180/457/1683 181/458/1684 182/459/1685 183/460/1686 184/461/1687 185/462/1688 186/463/1689 187/464/1690 188/465/1691 189/466/1692 190/467/1693 191/468/1694 192/469/1695 193/470/1696 194/471/1697 205/361/1698 286/442/1699 287/443/1700 288/444/1701 289/445/1702 290/446/1703 291/447/1704 292/448/1705 293/449/1706 294/450/1707 195/351/1708 196/352/1709 197/353/1710 198/354/1711 199/355/1712 200/356/1713 201/357/1714 202/358/1715 203/359/1716 204/360/1717 206/362/1718 207/363/1719 208/364/1720 209/365/1721 210/366/1722 211/367/1723 212/368/1724 213/369/1725 214/370/1726 215/371/1727 216/372/1728 237/393/1729 238/394/1730 239/395/1731 260/416/1732 261/417/1733 262/418/1734 263/419/1735 264/420/1736 265/421/1737 217/373/1738 218/374/1739 219/375/1740 220/376/1741 221/377/1742 222/378/1743 223/379/1744 224/380/1745 225/381/1746 226/382/1747 227/383/1748 228/384/1749 229/385/1750 230/386/1751 231/387/1752 232/388/1753 233/389/1754 234/390/1755 235/391/1756 236/392/1757 240/396/1758 241/397/1759 242/398/1760 243/399/1761 244/400/1762 245/401/1763 246/402/1764 247/403/1765 248/404/1766 249/405/1767 250/406/1768 251/407/1769 252/408/1770 253/409/1771 254/410/1772 255/411/1773 256/412/1774 257/413/1775 258/414/1776 259/415/1777 272/428/1778 273/429/1779 274/430/1780 275/431/1781 276/432/1782 277/433/1783 278/434/1784 279/435/1785 280/436/1786 281/437/1787 282/438/1788 283/439/1789 284/440/1790 285/441/1791 266/422/1792 267/423/1793 268/424/1794 269/425/1795 270/426/1796 271/427/1797
s 1
usemtl lambert3SG
f 1195/1522/1354 1295/1627/1798 1196/1523/1355
f 1196/1523/1355 1295/1628/1798 1197/1524/1356
f 1197/1524/1356 1295/1629/1798 1198/1525/1357
f 1198/1525/1357 1295/1630/1798 1199/1526/1358
f 1199/1526/1358 1295/1631/1798 1200/1527/1359
f 1200/1528/1359 1295/1632/1798 1201/1529/1360
f 1201/1529/1360 1295/1633/1798 1202/1530/1361
f 1202/1530/1361 1295/1634/1798 1203/1531/1362
f 1203/1531/1362 1295/1635/1798 1204/1532/1363
f 1204/1532/1363 1295/1636/1798 1205/1533/1364
f 1205/1533/1364 1295/1637/1798 1206/1534/1365
s 2
f 1207/1535/1366 1296/1638/1799 1208/1536/1367
f 1208/1536/1367 1296/1639/1799 1209/1537/1368
f 1209/1537/1368 1296/1640/1799 1210/1538/1369
f 1210/1538/1369 1296/1641/1799 1211/1539/1370
f 1211/1540/1370 1296/1642/1799 1212/1541/1371
f 1212/1541/1371 1296/1643/1799 1213/1542/1372
f 1213/1542/1372 1296/1644/1799 1214/1543/1373
f 1214/1543/1373 1296/1645/1799 1215/1544/1374
f 1215/1544/1374 1296/1646/1799 1216/1545/1375
f 1216/1545/1375 1296/1647/1799 1217/1546/1376
s 3
f 1218/1547/1377 1297/1648/1800 1219/1548/1378
f 1219/1548/1378 1297/1649/1800 1220/1549/1379
f 1220/1549/1379 1297/1650/1800 1221/1550/1380
f 1221/1550/1380 1297/1651/1800 1222/1551/1381
f 1222/1552/1381 1297/1652/1800 1223/1553/1382
f 1223/1553/1382 1297/1653/1800 1224/1554/1383
f 1224/1554/1383 1297/1654/1800 1225/1555/1384
f 1225/1555/1384 1297/1655/1800 1226/1556/1385
f 1226/1556/1385 1297/1656/1800 1227/1557/1386
f 1227/1557/1386 1297/1657/1800 1228/1558/1387
f 1228/1558/1387 1297/1658/1800 1229/1559/1388
f 1229/1559/1388 1297/1659/1800 1230/1560/1389
f 1230/1560/1389 1297/1660/1800 1231/1561/1390
f 1231/1561/1390 1297/1661/1800 1232/1562/1391
f 1232/1562/1391 1297/1662/1800 1233/1563/1392
f 1233/1563/1392 1297/1663/1800 1234/1564/1393
f 1234/1564/1393 1297/1664/1800 1235/1565/1394
f 1235/1565/1394 1297/1665/1800 1236/1566/1395
f 1236/1566/1395 1297/1666/1800 1237/1567/1396
f 1218/1547/1377 1237/1567/1396 1297/1667/1800
s 2
f 1217/1546/1376 1296/1668/1799 1238/1568/1397
f 1238/1568/1397 1296/1669/1799 1239/1569/1398
f 1239/1569/1398 1296/1670/1799 1240/1570/1399
s 4
f 1241/1571/1400 1298/1671/1801 1242/1572/1401
f 1242/1572/1401 1298/1672/1801 1243/1573/1402
f 1243/1573/1402 1298/1673/1801 1244/1574/1403
f 1244/1574/1403 1298/1674/1801 1245/1575/1404
f 1245/1576/1404 1298/1675/1801 1246/1577/1405
f 1246/1577/1405 1298/1676/1801 1247/1578/1406
f 1247/1578/1406 1298/1677/1801 1248/1579/1407
f 1248/1579/1407 1298/1678/1801 1249/1580/1408
f 1249/1580/1408 1298/1679/1801 1250/1581/1409
f 1250/1581/1409 1298/1680/1801 1251/1582/1410
f 1251/1582/1410 1298/1681/1801 1252/1583/1411
f 1252/1583/1411 1298/1682/1801 1253/1584/1412
f 1253/1584/1412 1298/1683/1801 1254/1585/1413
f 1254/1585/1413 1298/1684/1801 1255/1586/1414
f 1255/1586/1414 1298/1685/1801 1256/1587/1415
f 1256/1587/1415 1298/1686/1801 1257/1588/1416
f 1257/1588/1416 1298/1687/1801 1258/1589/1417
f 1258/1589/1417 1298/1688/1801 1259/1590/1418
f 1259/1590/1418 1298/1689/1801 1260/1591/1419
f 1241/1571/1400 1260/1591/1419 1298/1690/1801
s 2
f 1240/1570/1399 1296/1691/1799 1261/1592/1420
f 1261/1592/1420 1296/1692/1799 1262/1593/1421
f 1262/1593/1421 1296/1693/1799 1263/1594/1422
f 1263/1594/1422 1296/1694/1799 1264/1595/1423
f 1264/1595/1423 1296/1695/1799 1265/1596/1424
f 1265/1596/1424 1296/1696/1799 1266/1597/1425
f 1207/1535/1366 1266/1597/1425 1296/1697/1799
s 5
f 1267/1598/1426 1299/1698/1802 1268/1599/1427
f 1268/1599/1427 1299/1699/1802 1269/1600/1428
f 1269/1600/1428 1299/1700/1802 1270/1601/1429
f 1270/1601/1429 1299/1701/1802 1271/1602/1430
f 1271/1603/1430 1299/1702/1802 1272/1604/1431
f 1272/1604/1431 1299/1703/1802 1273/1605/1432
f 1273/1605/1432 1299/1704/1802 1274/1606/1433
f 1274/1606/1433 1299/1705/1802 1275/1607/1434
f 1275/1607/1434 1299/1706/1802 1276/1608/1435
f 1276/1608/1435 1299/1707/1802 1277/1609/1436
f 1277/1609/1436 1299/1708/1802 1278/1610/1437
f 1278/1610/1437 1299/1709/1802 1279/1611/1438
f 1279/1611/1438 1299/1710/1802 1280/1612/1439
f 1280/1612/1439 1299/1711/1802 1281/1613/1440
f 1281/1613/1440 1299/1712/1802 1282/1614/1441
f 1282/1614/1441 1299/1713/1802 1283/1615/1442
f 1283/1615/1442 1299/1714/1802 1284/1616/1443
f 1284/1616/1443 1299/1715/1802 1285/1617/1444
f 1285/1617/1444 1299/1716/1802 1286/1618/1445
f 1267/1598/1426 1286/1618/1445 1299/1717/1802
s 1
f 1206/1534/1365 1295/1718/1798 1287/1619/1446
f 1287/1619/1446 1295/1719/1798 1288/1620/1447
f 1288/1620/1447 1295/1720/1798 1289/1621/1448
f 1289/1621/1448 1295/1721/1798 1290/1622/1449
f 1290/1622/1449 1295/1722/1798 1291/1623/1450
f 1291/1623/1450 1295/1723/1798 1292/1624/1451
f 1292/1624/1451 1295/1724/1798 1293/1625/1452
f 1293/1625/1452 1295/1725/1798 1294/1626/1453
f 1195/1522/1354 1294/1626/1453 1295/1726/1798
s 6
f 1300/1727/1454 1306/1735/1803 1301/1728/1455
f 1301/1731/1455 1306/1742/1803 1304/1732/1458
f 1300/1727/1454 1307/1737/1461 1306/1745/1803
f 1304/1732/1458 1306/1753/1803 1311/1740/1464
f 1306/1757/1803 1307/1737/1461 1314/1747/1468
f 1306/1766/1803 1319/1751/1472 1311/1740/1464
f 1306/1771/1803 1314/1747/1468 1323/1759/1477
f 1306/1781/1803 1329/1764/1482 1319/1751/1472
f 1306/1787/1803 1323/1759/1477 1335/1773/1488
f 1306/1798/1803 1341/1779/1494 1329/1764/1482
f 1306/1805/1803 1335/1773/1488 1348/1789/1501
f 1306/1817/1803 1355/1796/1508 1341/1779/1494
f 1306/1825/1803 1348/1789/1501 1363/1807/1516
f 1306/1838/1803 1372/1815/1524 1355/1796/1508
f 1306/1847/1803 1363/1807/1516 1380/1827/1533
f 1306/1861/1803 1390/1836/1542 1372/1815/1524
f 1306/1871/1803 1380/1827/1533 1399/1849/1552
f 1306/1884/1803 1410/1859/1562 1390/1836/1542
f 1306/1895/1803 1399/1849/1552 1420/1873/1573
f 1306/1905/1803 1420/1873/1573 1410/1859/1562
g default
v 1.289189 2.874649 3.171962
v 1.499124 2.874649 3.171962
v 1.289189 3.339466 3.171962
v 1.499124 3.339466 3.171962
v 1.289189 3.339466 -2.198299
v 1.499124 3.339466 -2.198299
v 1.289189 2.874649 -2.198299
v 1.499124 2.874649 -2.198299
vt 0.927805 -0.000000
vt 1.000000 -0.000000
vt 1.000000 0.007431
vt 0.927805 0.007431
vt 0.375000 0.500000
vt 0.625000 0.500000
vt 0.375000 0.750000
vt 0.625000 0.750000
vt 0.375000 1.000000
vt 0.625000 1.000000
vt 1.000000 0.999307
vt 0.927805 0.999307
vt 1.000000 0.991876
vt 0.927805 0.991876
vn 0.000000 0.000000 1.000000
vn 0.000000 0.000000 1.000000
vn 0.000000 0.000000 1.000000
vn 0.000000 0.000000 1.000000
vn 0.000000 1.000000 0.000000
vn 0.000000 1.000000 0.000000
vn 0.000000 1.000000 0.000000
vn 0.000000 1.000000 0.000000
vn 0.000000 0.000000 -1.000000
vn 0.000000 0.000000 -1.000000
vn 0.000000 0.000000 -1.000000
vn 0.000000 0.000000 -1.000000
vn 0.000000 -1.000000 0.000000
vn 0.000000 -1.000000 0.000000
vn 0.000000 -1.000000 0.000000
vn 0.000000 -1.000000 0.000000
vn 1.000000 0.000000 0.000000
vn 1.000000 0.000000 0.000000
vn 1.000000 0.000000 0.000000
vn 1.000000 0.000000 0.000000
vn -1.000000 0.000000 0.000000
vn -1.000000 0.000000 0.000000
vn -1.000000 0.000000 0.000000
vn -1.000000 0.000000 0.000000
s off
g pCube1
usemtl phong2SG
f 1501/1978/1804 1502/1979/1805 1504/1980/1806 1503/1981/1807
f 1503/1981/1808 1504/1980/1809 1506/1988/1810 1505/1989/1811
usemtl initialShadingGroup
f 1505/1982/1812 1506/1983/1813 1508/1985/1814 1507/1984/1815
f 1507/1984/1816 1508/1985/1817 1502/1987/1818 1501/1986/1819
usemtl phong2SG
f 1502/1979/1820 1508/1990/1821 1506/1988/1822 1504/1980/1823
f 1507/1991/1824 1501/1978/1825 1503/1981/1826 1505/1989/1827
g default
v -1.371934 2.862373 -2.811402
v -1.371934 2.880632 -2.119130
v -1.371934 4.546145 -2.119130
v -1.371934 4.564404 -2.811402
v -1.196059 3.140660 -2.811402
v -0.023182 3.140660 -2.811402
v -0.023182 4.091188 -2.811402
v -1.196059 4.091188 -2.811402
v 1.495617 4.564404 -2.811402
v 1.495617 2.862373 -2.811402
v 0.167250 3.140660 -2.811402
v 1.340127 3.140660 -2.811402
v 1.340127 4.091188 -2.811402
v 0.167250 4.091188 -2.811402
v 1.495617 2.880632 -2.119130
v 1.495617 4.546145 -2.119130
v -1.196059 3.152948 -2.119130
v -1.196059 4.083082 -2.119130
v -0.023182 4.083082 -2.119130
v -0.023182 3.152948 -2.119130
v 0.167250 3.152948 -2.119130
v 0.167250 4.083082 -2.119130
v 1.340127 4.083082 -2.119130
v 1.340127 3.152948 -2.119130
vt 1.000000 0.000000
vt 0.000000 0.010728
vt 0.000000 0.989273
vt 1.000000 1.000000
vt 0.375000 0.750000
vt 1.000000 0.415074
vt 1.000000 1.000000
vt 0.625000 0.750000
vt 1.000000 1.000000
vt 1.000000 0.415074
vt 1.000000 0.510711
vt 1.000000 0.510711
vt 1.000000 0.837373
vt 1.000000 0.837373
vt 1.000000 0.510711
vt 1.000000 0.510711
vt 0.625000 0.770023
vt 0.375000 0.770023
vt 0.500000 0.000000
vt 0.500000 0.000000
vt 0.500000 1.000000
vt 0.500000 1.000000
vt 0.500000 0.163503
vt 0.500000 0.721969
vt 0.500000 0.721969
vt 0.500000 0.163503
vt 0.500000 0.163503
vt 0.500000 0.721969
vt 0.500000 0.721969
vt 0.500000 0.163503
vt 0.000000 0.989273
vt 1.000000 1.000000
vt 0.000000 0.010728
vt 1.000000 0.000000
vt 1.000000 0.837373
vt 1.000000 0.837373
vt 0.000000 0.537543
vt 0.999999 0.537543
vt 0.999999 1.000000
vt 0.000000 1.000000
vt -0.000000 1.000000
vt 1.000000 0.987072
vt 1.000000 0.008528
vt -0.000000 0.000000
vt 0.000000 0.000000
vt 1.000000 0.000000
vt 1.000000 0.462457
vt 0.000000 0.462457
vt 1.000000 0.000000
vt 1.000000 1.000000
vt 0.000000 0.991472
vt 0.000000 0.012928
vt 1.000000 0.000000
vt 1.000000 1.000000
vt 0.000000 0.991472
vt 0.000000 0.012928
vt 0.000000 0.000000
vt 0.999999 0.000000
vt 0.999999 0.462457
vt 0.000000 0.462457
vt 0.000000 0.537543
vt 1.000000 0.537543
vt 1.000000 1.000000
vt 0.000000 1.000000
vt -0.000000 1.000000
vt 1.000000 0.987072
vt 1.000000 0.008528
vt -0.000000 0.000000
vn -1.000000 0.000000 0.000000
vn -1.000000 0.000000 0.000000
vn -1.000000 0.000000 0.000000
vn -1.000000 0.000000 0.000000
vn 0.000000 -0.999652 0.026367
vn 0.000000 -0.999652 0.026367
vn 0.000000 -0.999913 0.013184
vn 0.000000 -0.999913 0.013184
vn -0.000000 0.999913 0.013184
vn -0.000000 0.999913 0.013184
vn 0.000000 0.999652 0.026366
vn 0.000000 0.999652 0.026366
vn 1.000000 0.000000 0.000000
vn 1.000000 0.000000 0.000000
vn 1.000000 0.000000 0.000000
vn 1.000000 0.000000 0.000000
vn 0.000000 0.999961 -0.008874
vn 0.000000 0.999961 -0.008874
vn 0.000000 0.999961 -0.008874
vn 0.000000 0.999961 -0.008874
vn -1.000000 0.000000 0.000000
vn -1.000000 0.000000 0.000000
vn -1.000000 0.000000 0.000000
vn -1.000000 0.000000 0.000000
vn 0.000000 -0.999983 -0.005854
vn 0.000000 -0.999983 -0.005854
vn 0.000000 -0.999983 -0.005854
vn 0.000000 -0.999983 -0.005854
vn 1.000000 0.000000 0.000000
vn 1.000000 0.000000 0.000000
vn 1.000000 0.000000 0.000000
vn 1.000000 0.000000 0.000000
vn 1.000000 0.000000 0.000000
vn 1.000000 0.000000 0.000000
vn 1.000000 0.000000 0.000000
vn 1.000000 0.000000 0.000000
vn 0.000000 0.999961 -0.008874
vn 0.000000 0.999961 -0.008874
vn 0.000000 0.999961 -0.008874
vn 0.000000 0.999961 -0.008874
vn 0.000000 -0.999983 -0.005854
vn 0.000000 -0.999983 -0.005854
vn 0.000000 -0.999983 -0.005854
vn 0.000000 -0.999983 -0.005854
vn -1.000000 0.000000 0.000000
vn -1.000000 0.000000 0.000000
vn -1.000000 0.000000 0.000000
vn -1.000000 0.000000 0.000000
vn 0.000000 0.000000 -1.000000
vn 0.000000 0.000000 -1.000000
vn 0.000000 0.000000 -1.000000
vn 0.000000 0.000000 -1.000000
vn 0.000000 0.000000 -1.000000
vn 0.000000 0.000000 -1.000000
vn 0.000000 0.000000 -1.000000
vn 0.000000 0.000000 -1.000000
vn 0.000000 0.000000 -1.000000
vn 0.000000 0.000000 -1.000000
vn 0.000000 0.000000 -1.000000
vn 0.000000 0.000000 -1.000000
vn 0.000000 0.000000 1.000000
vn 0.000000 0.000000 1.000000
vn 0.000000 0.000000 1.000000
vn 0.000000 0.000000 1.000000
vn 0.000000 0.000000 1.000000
vn 0.000000 0.000000 1.000000
vn 0.000000 0.000000 1.000000
vn 0.000000 0.000000 1.000000
vn 0.000000 0.000000 1.000000
vn 0.000000 0.000000 1.000000
vn 0.000000 0.000000 1.000000
vn 0.000000 0.000000 1.000000
s off
g polySurface11
usemtl phong1SG
f 1509/1992/1828 1510/1993/1829 1511/1994/1830 1512/1995/1831
usemtl initialShadingGroup
f 1509/1996/1832 1518/1999/1833 1523/2008/1834 1510/2009/1835
usemtl phong1SG
f 1511/1994/1836 1524/2022/1837 1517/2023/1838 1512/1995/1839
f 1517/2023/1840 1524/2022/1841 1523/2024/1842 1518/2025/1843
f 1519/2028/1844 1529/2029/1845 1532/2030/1846 1520/2031/1847
f 1520/2032/1848 1532/2033/1849 1531/2034/1850 1521/2035/1851
f 1521/2036/1852 1531/2037/1853 1530/2038/1854 1522/2039/1855
f 1519/2040/1856 1522/2041/1857 1530/2042/1858 1529/2043/1859
f 1513/2044/1860 1516/2045/1861 1526/2046/1862 1525/2047/1863
f 1513/2048/1864 1525/2049/1865 1528/2050/1866 1514/2051/1867
f 1515/2052/1868 1527/2053/1869 1526/2054/1870 1516/2055/1871
f 1514/2056/1872 1528/2057/1873 1527/2058/1874 1515/2059/1875
f 1509/1997/1876 1512/1998/1877 1517/2000/1878 1518/2001/1879 1519/2002/1880 1520/2003/1881 1521/2004/1882 1522/2005/1883 1513/2006/1884 1514/2007/1885 1515/2027/1886 1516/2026/1887
f 1510/2010/1888 1523/2011/1889 1524/2012/1890 1511/2013/1891 1525/2014/1892 1526/2015/1893 1527/2016/1894 1528/2017/1895 1529/2018/1896 1530/2019/1897 1531/2020/1898 1532/2021/1899
