# This file uses centimeters as units for non-parametric coordinates.

mtllib Planta3.mtl
g default
v 0.224660 0.844674 -0.064787
v 0.224660 0.844682 0.350291
v 0.344483 0.844674 0.142752
v 0.188304 0.995601 -0.001817
v 0.188304 0.995609 0.287322
v 0.271772 0.995601 0.142752
v 0.166789 1.287952 0.035448
v 0.166787 3.491454 0.035448
v -0.014984 0.844678 -0.064787
v 0.021370 0.995605 -0.001817
v 0.042885 1.287956 0.035448
v 0.042883 3.491457 0.035448
v 0.228743 1.287952 0.142752
v 0.166789 1.287960 0.250057
v 0.228741 3.491454 0.142752
vt 1.000000 0.233918
vt 1.000000 0.233923
vt 0.848294 0.415110
vt 0.848294 0.415105
vt 0.000000 0.233927
vt 0.500000 0.233918
vt 0.500000 0.415105
vt 0.151704 0.415115
vt 0.758515 0.766077
vt 0.758515 0.766072
vt 0.500000 0.766072
vt 0.241482 0.766082
vt 1.000000 0.000000
vt 0.866022 0.000002
vt 0.866011 0.999998
vt 0.999989 0.999997
vt 0.633988 0.000000
vt 0.633977 0.999997
vn 0.000006 0.385053 -0.922894
vn 0.000008 0.385052 -0.922895
vn 0.000007 0.385052 -0.922895
vn 0.000009 0.385050 -0.922896
vn 0.450452 0.434024 0.780203
vn 0.900900 0.434026 0.000000
vn 0.478636 0.289188 0.829022
vn 0.957272 0.289188 0.000000
vn 0.900900 0.434026 0.000000
vn 0.450453 0.434024 -0.780202
vn 0.957272 0.289188 0.000000
vn 0.478637 0.289187 -0.829022
vn 0.478637 0.289187 -0.829022
vn -0.478639 0.289188 -0.829020
vn 0.499893 0.020618 -0.865842
vn -0.499898 0.020617 -0.865839
vn 0.478636 0.289188 0.829022
vn 0.957272 0.289188 0.000000
vn 0.499892 0.020618 0.865842
vn 0.999788 0.020618 0.000000
vn 0.957272 0.289188 0.000000
vn 0.478637 0.289187 -0.829022
vn 0.999788 0.020618 0.000000
vn 0.499893 0.020618 -0.865842
vn 0.499893 0.020618 -0.865842
vn -0.499898 0.020617 -0.865839
vn 0.499999 0.000001 -0.866026
vn -0.500004 0.000000 -0.866023
vn 0.999788 0.020618 0.000000
vn 0.499893 0.020618 -0.865842
vn 1.000000 0.000001 0.000000
vn 0.499999 0.000001 -0.866026
s 1
g Planta:PC_ScenepolySurface13polySurface21
usemtl Planta:phong2SG
f 1/1/1 9/2/2 4/4/3
f 4/4/3 9/2/2 10/3/4
s 2
f 2/5/5 3/6/6 5/8/7
f 5/8/7 3/6/6 6/7/8
s 3
f 3/6/9 1/1/10 6/7/11
f 6/7/11 1/1/10 4/4/12
s 4
f 4/4/13 10/3/14 7/10/15
f 7/10/15 10/3/14 11/9/16
s 5
f 5/8/17 6/7/18 14/12/19
f 14/12/19 6/7/18 13/11/20
s 6
f 6/7/21 4/4/22 13/11/23
f 13/11/23 4/4/22 7/10/24
s 7
f 7/13/25 11/14/26 8/16/27
f 8/16/27 11/14/26 12/15/28
s 8
f 13/17/29 7/13/30 15/18/31
f 15/18/31 7/13/30 8/16/32
g default
v 0.442889 2.861539 0.019679
v 0.668443 2.557075 -0.086861
v 0.769334 2.417290 -0.067600
v 0.761278 2.405777 0.352820
v 0.916198 2.199905 0.219267
v 0.919437 2.204532 0.050244
v 0.254022 2.876653 -0.173750
v 0.342558 2.583154 -0.420617
v -0.105470 2.471547 -0.537356
v 0.314873 2.457218 -0.529661
v 0.180536 2.264925 -0.700532
v 0.011544 2.270685 -0.703625
v 0.429484 2.447006 -0.483844
v 0.720949 2.427212 -0.181177
v 0.739062 2.230015 -0.393321
v 0.621883 2.237972 -0.515004
v 0.662565 2.540074 0.379991
v -0.016482 2.888177 -0.176735
v -0.124188 2.603034 -0.425768
vt 0.373627 0.381289
vt 0.400776 0.459441
vt -0.000000 0.473840
vt 0.013002 0.396406
vt 0.111570 0.272972
vt 0.256554 0.266894
vt 0.775347 0.714720
vt 0.549928 0.785253
vt 0.518974 0.695130
vt 0.721935 0.559217
vt 0.869324 0.660482
vt 0.818595 0.521752
vt 0.979605 0.493778
vt 1.000000 0.549552
vt 0.332845 0.637305
vt 0.767174 0.483524
vt 0.476357 0.395628
vt 0.656855 0.315719
vt 0.773773 0.351056
vn 0.808383 0.587809 0.031588
vn 0.808384 0.587807 0.031586
vn 0.808387 0.587804 0.031584
vn 0.808388 0.587803 0.031583
vn 0.808375 0.587820 0.031585
vn 0.808379 0.587814 0.031586
vn 0.808375 0.587819 0.031585
vn 0.808379 0.587814 0.031586
vn -0.253355 0.688865 -0.679174
vn -0.230762 0.744900 -0.625997
vn 0.326360 0.664169 -0.672584
vn 0.306982 0.722000 -0.620063
vn 0.036046 0.649620 -0.759404
vn -0.253355 0.688865 -0.679174
vn 0.036046 0.649620 -0.759404
vn 0.326360 0.664169 -0.672584
vn 0.036046 0.649620 -0.759404
vn 0.036046 0.649620 -0.759404
vn 0.036046 0.649620 -0.759404
vn 0.036046 0.649620 -0.759404
vn 0.326360 0.664169 -0.672584
vn 0.306982 0.722000 -0.620063
vn 0.730986 0.631778 -0.257909
vn 0.682439 0.691953 -0.235538
vn 0.586247 0.617721 -0.524153
vn 0.326360 0.664169 -0.672584
vn 0.586247 0.617720 -0.524153
vn 0.730986 0.631778 -0.257909
vn 0.586244 0.617724 -0.524151
vn 0.586247 0.617721 -0.524153
vn 0.586244 0.617724 -0.524151
vn 0.586247 0.617720 -0.524153
s 1
g Planta:PC_ScenepolySurface13polySurface22
usemtl Planta:phong1SG
f 18/19/33 17/20/34 19/22/35
f 19/22/35 17/20/34 32/21/36
s 2
f 21/24/37 18/19/38 20/23/39
f 20/23/39 18/19/38 19/22/40
s 3
f 34/25/41 33/26/42 23/28/43
f 23/28/43 33/26/42 22/27/44
s 4
f 24/29/45 34/25/46 25/30/47
f 25/30/47 34/25/46 23/28/48
s 5
f 27/32/49 24/29/50 26/31/51
f 26/31/51 24/29/50 25/30/52
s 6
f 23/28/53 22/27/54 17/20/55
f 17/20/55 22/27/54 16/33/56
s 7
f 28/34/57 23/28/58 29/35/59
f 29/35/59 23/28/58 17/20/60
s 8
f 31/37/61 28/34/62 30/36/63
f 30/36/63 28/34/62 29/35/64
g default
v 0.388963 2.952984 0.426878
v 0.104837 2.952984 0.544566
v 0.104837 3.018478 0.142753
v 0.388963 2.952980 -0.141373
v 0.506652 2.952984 0.142753
vt 0.306329 0.719342
vt 0.328799 0.707710
vt 0.321134 0.731823
vt 0.340428 0.730180
vt 0.304687 0.700047
vn 0.160516 0.984791 0.066489
vn 0.160516 0.984791 0.066489
vn 0.160516 0.984791 0.066489
vn 0.229235 0.945993 0.229236
vn -0.000000 1.000000 -0.000000
vn 0.000000 0.945993 0.324188
vn 0.229236 0.945992 -0.229236
vn -0.000000 1.000000 -0.000000
vn 0.324188 0.945993 0.000000
s off
g Planta:PC_ScenepolySurface13polySurface25polySurface98
usemtl Planta:phong1SG
f 39/38/65 37/39/66 35/40/67
f 35/40/68 37/39/69 36/41/70
f 38/42/71 37/39/72 39/38/73
g default
v 0.121747 3.038588 0.157569
v 0.439483 2.851684 0.290244
v 0.328371 2.542104 0.706462
v 0.245799 2.852865 0.479451
v -0.024704 2.864384 0.476465
v -0.213571 2.879498 0.283036
v -0.210165 2.889354 0.012472
v 0.442889 2.861539 0.019679
v 0.254022 2.876653 -0.173750
v -0.016482 2.888177 -0.176735
v 0.668443 2.557075 -0.086861
v 0.662565 2.540074 0.379991
vt 0.267368 0.573211
vt 0.243156 0.565517
vt 0.265718 0.553839
vt 0.293098 0.583475
vt 0.291172 0.542905
vt 0.220593 0.577193
vt 0.235461 0.589726
vt 0.254835 0.588076
vt 0.250853 0.541306
vt 0.231480 0.542955
vt 0.261123 0.515578
vt 0.218945 0.557819
vn 0.494869 0.868143 0.037853
vn 0.494869 0.868143 0.037853
vn 0.494869 0.868143 0.037853
vn 0.730986 0.631778 -0.257909
vn 0.682439 0.691953 -0.235538
vn 0.723494 0.610665 0.321941
vn 0.675669 0.672361 0.302328
vn -0.615791 0.747240 -0.249866
vn 0.042111 0.998431 0.036898
vn -0.230762 0.744900 -0.625997
vn -0.230762 0.744900 -0.625997
vn 0.042111 0.998431 0.036898
vn 0.306982 0.722000 -0.620063
vn 0.290637 0.674701 0.678460
vn 0.042111 0.998431 0.036898
vn -0.247107 0.697602 0.672525
vn 0.675669 0.672361 0.302328
vn 0.042111 0.998431 0.036898
vn 0.290637 0.674701 0.678460
vn 0.723494 0.610665 0.321941
vn 0.675669 0.672361 0.302328
vn 0.308273 0.613199 0.727293
vn 0.290637 0.674701 0.678460
vn -0.247107 0.697602 0.672525
vn 0.042111 0.998431 0.036898
vn -0.622561 0.727649 0.288000
vn -0.622561 0.727649 0.288000
vn 0.042111 0.998431 0.036898
vn -0.615791 0.747240 -0.249866
vn 0.306982 0.722000 -0.620063
vn 0.042111 0.998431 0.036898
vn 0.682439 0.691953 -0.235538
s off
g Planta:PC_ScenepolySurface13polySurface25polySurface107
usemtl Planta:phong1SG
f 47/43/74 40/44/75 41/45/76
s 1
f 50/46/77 47/43/78 51/47/79
f 51/47/79 47/43/78 41/45/80
s off
f 46/48/81 40/44/82 49/49/83
f 49/49/84 40/44/85 48/50/86
f 43/51/87 40/44/88 44/52/89
f 41/45/90 40/44/91 43/51/92
s 2
f 51/47/93 41/45/94 42/53/95
f 42/53/95 41/45/94 43/51/96
s off
f 44/52/97 40/44/98 45/54/99
f 45/54/100 40/44/101 46/48/102
f 48/50/103 40/44/104 47/43/105
g default
v 0.511953 0.000000 0.377797
v 0.661529 1.000004 0.464160
v 0.426243 1.000004 0.699444
v 0.339882 0.000004 0.549863
v 0.574929 0.000000 0.142753
v 0.747649 1.000004 0.142753
vt 0.332794 0.918739
vt 0.339582 0.918739
vt 0.339582 0.941872
vt 0.332794 0.941872
vt 0.332799 0.918715
vt 0.339577 0.918715
vt 0.339577 0.941886
vt 0.332799 0.941886
vn 0.697454 -0.164563 0.697479
vn 0.697457 -0.164562 0.697477
vn 0.697463 -0.164559 0.697471
vn 0.697464 -0.164559 0.697470
vn 0.853389 -0.170199 0.492706
vn 0.985410 -0.170198 0.000000
vn 0.853389 -0.170199 0.492707
vn 0.985410 -0.170198 0.000000
s 1
g Planta:PC_ScenepolySurface13polySurface96polySurface25
usemtl Planta:phong3SG
f 55/55/106 52/56/107 54/58/108
f 54/58/108 52/56/107 53/57/109
s 2
f 52/59/110 56/60/111 53/62/112
f 53/62/112 56/60/111 57/61/113
g default
v -0.173656 1.000007 -0.339611
v -0.165558 0.818988 -0.325583
v -0.377526 1.000007 -0.135738
v -0.363496 0.818988 -0.127641
vt 0.332793 0.943666
vt 0.339583 0.943666
vt 0.339583 0.947928
vt 0.332793 0.947928
vn 0.704486 0.086109 0.704475
vn 0.704487 0.086111 0.704474
vn 0.704486 0.086110 0.704474
vn 0.704487 0.086113 0.704473
s 1
g Planta:PC_ScenepolySurface13polySurface25polySurface97
usemtl Planta:phong3SG
f 58/63/114 60/64/115 59/66/116
f 59/66/116 60/64/115 61/65/117
g default
v 0.599081 3.348013 0.090280
v 0.391277 3.455001 0.112342
v 0.578081 3.291832 0.460749
v 0.677290 3.290253 0.132938
v 0.734110 3.204314 0.398203
v 0.773996 3.203679 0.266412
v 0.417217 3.348013 -0.243834
v 0.285877 3.455001 -0.081294
v 0.422835 3.291832 -0.330491
v 0.095024 3.290253 -0.429701
v 0.360289 3.204314 -0.486521
v 0.228498 3.203679 -0.526406
v 0.664330 3.291832 0.032977
v 0.502684 3.290253 -0.268972
v 0.730432 3.204314 -0.121580
v 0.665445 3.203679 -0.242973
v 0.074428 3.455004 -0.143687
v 0.052365 3.348017 -0.351491
v 0.328884 3.455004 0.323792
v 0.491423 3.348017 0.455132
vt 0.382844 0.728288
vt 0.358220 0.718415
vt 0.357374 0.694601
vt 0.381766 0.684171
vt 0.394310 0.725526
vt 0.393042 0.686417
vt 0.410801 0.697996
vt 0.411305 0.713514
vt 0.308294 0.761322
vt 0.318166 0.736699
vt 0.341980 0.735852
vt 0.352411 0.760245
vt 0.311055 0.772788
vt 0.350164 0.771520
vt 0.338585 0.789280
vt 0.323067 0.789784
vt 0.362471 0.766400
vt 0.389229 0.737849
vt 0.393599 0.758594
vt 0.382983 0.769923
vn 0.464892 0.874678 0.137167
vn 0.464892 0.874677 0.137167
vn 0.464893 0.874677 0.137167
vn 0.464895 0.874676 0.137166
vn 0.530141 0.833355 0.156430
vn 0.479303 0.876188 -0.050634
vn 0.530141 0.833355 0.156430
vn 0.374722 0.876187 0.303115
vn 0.530140 0.833355 0.156431
vn 0.530141 0.833355 0.156430
vn 0.530139 0.833356 0.156431
vn 0.530141 0.833355 0.156430
vn -0.050634 0.876188 -0.479303
vn -0.040328 0.924163 -0.379863
vn 0.303114 0.876188 -0.374722
vn 0.240087 0.924163 -0.297121
vn 0.156430 0.833353 -0.530144
vn -0.050634 0.876188 -0.479303
vn 0.156430 0.833353 -0.530144
vn 0.303114 0.876188 -0.374722
vn 0.156429 0.833353 -0.530144
vn 0.156430 0.833353 -0.530144
vn 0.156429 0.833353 -0.530144
vn 0.156430 0.833353 -0.530144
vn 0.303114 0.876188 -0.374722
vn 0.240087 0.924163 -0.297121
vn 0.479303 0.876188 -0.050634
vn 0.379864 0.924163 -0.040329
vn 0.485478 0.833356 -0.264252
vn 0.303114 0.876188 -0.374722
vn 0.485478 0.833356 -0.264252
vn 0.479303 0.876188 -0.050634
vn 0.485480 0.833355 -0.264253
vn 0.485478 0.833356 -0.264252
vn 0.485480 0.833355 -0.264253
vn 0.485478 0.833356 -0.264252
s 1
g Planta:PC_ScenepolySurface13polySurface24
usemtl Planta:phong1SG
f 62/67/118 63/68/119 81/70/120
f 81/70/120 63/68/119 80/69/121
s 2
f 65/71/122 62/67/123 64/72/124
f 64/72/124 62/67/123 81/70/125
s 3
f 67/74/126 65/71/127 66/73/128
f 66/73/128 65/71/127 64/72/129
s 4
f 79/75/130 78/76/131 68/78/132
f 68/78/132 78/76/131 69/77/133
s 5
f 71/79/134 79/75/135 70/80/136
f 70/80/136 79/75/135 68/78/137
s 6
f 73/82/138 71/79/139 72/81/140
f 72/81/140 71/79/139 70/80/141
s 7
f 68/78/142 69/77/143 62/67/144
f 62/67/144 69/77/143 63/68/145
s 8
f 75/83/146 68/78/147 74/84/148
f 74/84/148 68/78/147 62/67/149
s 9
f 77/86/150 75/83/151 76/85/152
f 76/85/152 75/83/151 74/84/153
g default
v 0.104838 3.579881 0.142752
v -0.203029 3.494530 -0.047069
v -0.247081 3.494530 0.226223
v -0.073587 3.553066 0.032741
v -0.099117 3.553066 0.191128
v -0.266099 3.461878 -0.043129
v -0.307470 3.460916 0.202646
v -0.372956 3.401721 0.016412
v -0.389588 3.401259 0.115222
v -0.026016 3.461878 -0.250978
v -0.229060 3.460916 -0.106442
v -0.143678 3.401721 -0.284435
v -0.225308 3.401259 -0.226327
v 0.188309 3.494530 0.494671
v 0.153214 3.553066 0.346707
v 0.235691 3.461878 0.536483
v 0.438735 3.460916 0.391946
v 0.353353 3.401721 0.569939
v 0.434983 3.401259 0.511831
v -0.084984 3.494530 0.450619
v -0.005174 3.553066 0.321177
v -0.081044 3.461878 0.513689
v 0.164731 3.460916 0.555060
v -0.021502 3.401721 0.620546
v 0.077308 3.401259 0.637178
v -0.288893 3.461878 0.273606
v -0.144357 3.460916 0.476649
v -0.322348 3.401721 0.391267
v -0.264241 3.401259 0.472898
v 0.308793 3.553063 0.094377
v 0.214849 3.553063 -0.035673
v 0.056462 3.553063 -0.061203
v 0.021367 3.494526 -0.209167
v 0.283262 3.553063 0.252763
v 0.412705 3.494526 0.332573
vt 0.342024 0.736176
vt 0.329051 0.707530
vt 0.358480 0.718613
vt 0.299623 0.696446
vt 0.300405 0.720502
vt 0.274782 0.686399
vt 0.275735 0.730963
vt 0.263193 0.689154
vt 0.264354 0.728659
vt 0.246451 0.716910
vt 0.245989 0.701234
vt 0.317968 0.736959
vt 0.307921 0.761799
vt 0.269488 0.741105
vt 0.298244 0.768219
vt 0.277277 0.772570
vt 0.265866 0.761812
vt 0.357698 0.694557
vt 0.340135 0.678101
vt 0.382367 0.684097
vt 0.350182 0.653261
vt 0.388615 0.673955
vt 0.359859 0.646841
vt 0.380826 0.642490
vt 0.392237 0.653248
vt 0.316079 0.678883
vt 0.305619 0.654214
vt 0.347428 0.641671
vt 0.307922 0.642832
vt 0.319672 0.624929
vt 0.335347 0.624468
vt 0.295476 0.647966
vt 0.268363 0.676722
vt 0.264011 0.655755
vt 0.274769 0.644344
vn 0.111195 0.990547 -0.080323
vn 0.111195 0.990547 -0.080323
vn 0.111195 0.990547 -0.080323
vn -0.300175 0.951223 0.071198
vn -0.000000 1.000000 -0.000000
vn -0.262600 0.951224 -0.161911
vn -0.380415 0.920424 0.090025
vn -0.300175 0.951223 0.071198
vn -0.332650 0.920424 -0.205336
vn -0.262600 0.951224 -0.161911
vn -0.486132 0.870361 -0.078404
vn -0.380415 0.920424 0.090025
vn -0.485528 0.870707 -0.078303
vn -0.332650 0.920424 -0.205336
vn -0.524578 0.847129 -0.084799
vn -0.486132 0.870361 -0.078404
vn -0.524578 0.847129 -0.084799
vn -0.485528 0.870707 -0.078303
vn -0.262600 0.951224 -0.161911
vn -0.000000 1.000000 -0.000000
vn -0.071198 0.951224 -0.300174
vn -0.332650 0.920424 -0.205336
vn -0.262600 0.951224 -0.161911
vn -0.090025 0.920425 -0.380412
vn -0.071198 0.951224 -0.300174
vn -0.288305 0.870363 -0.399185
vn -0.332650 0.920424 -0.205336
vn -0.287949 0.870709 -0.398688
vn -0.090025 0.920425 -0.380412
vn -0.310974 0.847127 -0.430896
vn -0.288305 0.870363 -0.399185
vn -0.310974 0.847127 -0.430896
vn -0.287949 0.870709 -0.398688
vn 0.262600 0.951224 0.161911
vn -0.000000 1.000000 -0.000000
vn 0.071198 0.951224 0.300174
vn 0.332648 0.920425 0.205335
vn 0.262600 0.951224 0.161911
vn 0.090026 0.920425 0.380412
vn 0.071198 0.951224 0.300174
vn 0.288307 0.870361 0.399187
vn 0.332648 0.920425 0.205335
vn 0.287951 0.870707 0.398690
vn 0.090026 0.920425 0.380412
vn 0.310977 0.847125 0.430898
vn 0.288307 0.870361 0.399187
vn 0.310977 0.847125 0.430898
vn 0.287951 0.870707 0.398690
vn 0.300175 0.951223 -0.071198
vn -0.000000 1.000000 -0.000000
vn 0.262600 0.951224 0.161911
vn 0.071198 0.951224 0.300174
vn -0.000000 1.000000 -0.000000
vn -0.161911 0.951223 0.262600
vn 0.090026 0.920425 0.380412
vn 0.071198 0.951224 0.300174
vn -0.205335 0.920425 0.332649
vn -0.161911 0.951223 0.262600
vn -0.078402 0.870364 0.486128
vn 0.090026 0.920425 0.380412
vn -0.078302 0.870710 0.485524
vn -0.205335 0.920425 0.332649
vn -0.084798 0.847126 0.524583
vn -0.078402 0.870364 0.486128
vn -0.084798 0.847126 0.524583
vn -0.078302 0.870710 0.485524
vn -0.161911 0.951223 0.262600
vn -0.000000 1.000000 -0.000000
vn -0.300175 0.951223 0.071198
vn -0.205335 0.920425 0.332649
vn -0.161911 0.951223 0.262600
vn -0.380415 0.920424 0.090025
vn -0.300175 0.951223 0.071198
vn -0.399184 0.870364 0.288304
vn -0.205335 0.920425 0.332649
vn -0.398687 0.870709 0.287949
vn -0.380415 0.920424 0.090025
vn -0.430898 0.847127 0.310971
vn -0.399184 0.870364 0.288304
vn -0.430898 0.847127 0.310971
vn -0.398687 0.870709 0.287949
vn -0.071198 0.951224 -0.300174
vn -0.000000 1.000000 -0.000000
vn 0.161911 0.951224 -0.262599
s off
g Planta:PC_ScenepolySurface9
usemtl Planta:phong1SG
f 112/87/154 82/88/155 111/89/156
f 86/90/157 82/88/158 85/91/159
s 1
f 84/92/160 86/90/161 83/93/162
f 83/93/162 86/90/161 85/91/163
s 2
f 88/94/164 84/92/165 87/95/166
f 87/95/166 84/92/165 83/93/167
s 3
f 90/97/168 88/94/169 89/96/170
f 89/96/170 88/94/169 87/95/171
s off
f 85/91/172 82/88/173 113/98/174
s 4
f 83/93/175 85/91/176 114/99/177
f 114/99/177 85/91/176 113/98/178
s 5
f 92/100/179 83/93/180 91/101/181
f 91/101/181 83/93/180 114/99/182
s 6
f 94/103/183 92/100/184 93/102/185
f 93/102/185 92/100/184 91/101/186
s off
f 115/104/187 82/88/188 96/105/189
s 7
f 116/106/190 115/104/191 95/107/192
f 95/107/192 115/104/191 96/105/193
s 8
f 98/108/194 116/106/195 97/109/196
f 97/109/196 116/106/195 95/107/197
s 9
f 100/111/198 98/108/199 99/110/200
f 99/110/200 98/108/199 97/109/201
s off
f 111/89/202 82/88/203 115/104/204
f 96/105/205 82/88/206 102/112/207
s 10
f 95/107/208 96/105/209 101/113/210
f 101/113/210 96/105/209 102/112/211
s 11
f 104/114/212 95/107/213 103/115/214
f 103/115/214 95/107/213 101/113/215
s 12
f 106/117/216 104/114/217 105/116/218
f 105/116/218 104/114/217 103/115/219
s off
f 102/112/220 82/88/221 86/90/222
s 13
f 101/113/223 102/112/224 84/92/225
f 84/92/225 102/112/224 86/90/226
s 14
f 108/118/227 101/113/228 107/119/229
f 107/119/229 101/113/228 84/92/230
s 15
f 110/121/231 108/118/232 109/120/233
f 109/120/233 108/118/232 107/119/234
s off
f 113/98/235 82/88/236 112/87/237
g default
v 0.595086 2.836880 0.633003
v 0.798156 2.836880 0.142752
v 0.104837 3.018482 0.142753
v 0.388963 2.952987 0.426878
v 0.506652 2.952987 0.142753
v 0.714467 2.785940 0.653557
v 0.900361 2.784508 0.213444
v 0.940114 2.706587 0.589773
v 1.014852 2.706012 0.412833
v 0.104837 2.836880 -0.550567
v -0.385413 2.836880 -0.347498
v 0.104837 2.952987 -0.259062
v -0.179288 2.952987 -0.141373
v 0.034957 2.785940 -0.649514
v -0.407698 2.784508 -0.469755
v -0.169701 2.706587 -0.763969
v -0.347665 2.706012 -0.691701
v -0.385413 2.836880 0.633003
v 0.104837 2.836880 0.836071
v -0.179288 2.952987 0.426878
v 0.104837 2.952987 0.544566
v -0.405967 2.785940 0.752382
v 0.034146 2.784508 0.938277
v -0.342185 2.706587 0.978030
v -0.165244 2.706012 1.052766
v 0.174716 2.785940 0.935019
v 0.617372 2.784508 0.755259
v 0.379377 2.706587 1.049475
v 0.557338 2.706012 0.977205
v -0.588483 2.836880 0.142753
v -0.296977 2.952987 0.142753
v -0.687430 2.785940 0.212633
v -0.507670 2.784508 0.655288
v -0.801886 2.706587 0.417292
v -0.729615 2.706012 0.595254
v -0.504792 2.785940 -0.368052
v -0.690688 2.784508 0.072061
v -0.730441 2.706587 -0.304269
v -0.805177 2.706012 -0.127329
vt 0.280981 0.730234
vt 0.306329 0.719342
vt 0.321134 0.731823
vt 0.310909 0.757448
vt 0.274302 0.741918
vt 0.300090 0.764913
vt 0.278694 0.772383
vt 0.268705 0.763472
vt 0.346689 0.657972
vt 0.336465 0.683597
vt 0.317169 0.685241
vt 0.306276 0.659895
vt 0.343145 0.644987
vt 0.308646 0.646966
vt 0.318491 0.626554
vt 0.331856 0.625788
vt 0.340428 0.730180
vt 0.328799 0.707710
vt 0.352911 0.715376
vt 0.351314 0.755531
vt 0.378533 0.725605
vt 0.362995 0.762212
vt 0.385996 0.736428
vt 0.393460 0.757828
vt 0.384547 0.767815
vt 0.314446 0.770432
vt 0.348941 0.768461
vt 0.339091 0.788871
vt 0.325726 0.789633
vt 0.351270 0.696080
vt 0.376621 0.685193
vt 0.391516 0.722070
vt 0.389552 0.687571
vt 0.409960 0.697428
vt 0.410719 0.710793
vt 0.383300 0.673512
vt 0.357511 0.650507
vt 0.378912 0.643044
vt 0.388900 0.651958
vn 0.365760 0.918295 0.151504
vn 0.365760 0.918295 0.151504
vn 0.365760 0.918295 0.151504
vn 0.365761 0.918295 0.151503
vn 0.365760 0.918296 0.151503
vn 0.370032 0.929019 0.000191
vn 0.365760 0.918296 0.151503
vn 0.261516 0.929019 0.261788
vn 0.365756 0.918297 0.151502
vn 0.365760 0.918296 0.151503
vn 0.365756 0.918297 0.151502
vn 0.365760 0.918296 0.151503
vn -0.261516 0.929019 -0.261787
vn -0.229235 0.945993 -0.229235
vn 0.000192 0.929019 -0.370031
vn 0.000000 0.945993 -0.324188
vn -0.151502 0.918296 -0.365760
vn -0.261516 0.929019 -0.261787
vn -0.151502 0.918296 -0.365760
vn 0.000192 0.929019 -0.370031
vn -0.151501 0.918297 -0.365758
vn -0.151502 0.918296 -0.365760
vn -0.151501 0.918297 -0.365758
vn -0.151502 0.918296 -0.365760
vn 0.000000 0.945993 0.324188
vn -0.000000 1.000000 -0.000000
vn -0.229235 0.945993 0.229236
vn -0.000192 0.929019 0.370032
vn 0.000000 0.945993 0.324188
vn -0.261787 0.929019 0.261516
vn -0.229235 0.945993 0.229236
vn -0.151503 0.918295 0.365760
vn -0.000192 0.929019 0.370032
vn -0.151503 0.918295 0.365760
vn -0.261787 0.929019 0.261516
vn -0.151501 0.918297 0.365758
vn -0.151503 0.918295 0.365760
vn -0.151501 0.918297 0.365758
vn -0.151503 0.918295 0.365760
vn 0.261516 0.929019 0.261788
vn 0.229235 0.945993 0.229236
vn -0.000192 0.929019 0.370032
vn 0.000000 0.945993 0.324188
vn 0.151503 0.918296 0.365759
vn 0.261516 0.929019 0.261788
vn 0.151503 0.918296 0.365759
vn -0.000192 0.929019 0.370032
vn 0.151503 0.918296 0.365759
vn 0.151503 0.918296 0.365759
vn 0.151503 0.918296 0.365759
vn 0.151503 0.918296 0.365759
vn -0.229235 0.945993 0.229236
vn -0.000000 1.000000 -0.000000
vn -0.324187 0.945993 0.000000
vn -0.261787 0.929019 0.261516
vn -0.229235 0.945993 0.229236
vn -0.370031 0.929020 -0.000192
vn -0.324187 0.945993 0.000000
vn -0.365759 0.918296 0.151503
vn -0.261787 0.929019 0.261516
vn -0.365759 0.918296 0.151503
vn -0.370031 0.929020 -0.000192
vn -0.365759 0.918296 0.151504
vn -0.365759 0.918296 0.151503
vn -0.365759 0.918296 0.151504
vn -0.365759 0.918296 0.151503
vn -0.370031 0.929020 -0.000192
vn -0.324187 0.945993 0.000000
vn -0.261516 0.929019 -0.261787
vn -0.229235 0.945993 -0.229235
vn -0.365761 0.918295 -0.151504
vn -0.370031 0.929020 -0.000192
vn -0.365761 0.918295 -0.151504
vn -0.261516 0.929019 -0.261787
vn -0.365759 0.918296 -0.151503
vn -0.365761 0.918295 -0.151504
vn -0.365759 0.918296 -0.151503
vn -0.365761 0.918295 -0.151504
s 1
g Planta:PC_ScenepolySurface6
usemtl Planta:phong1SG
f 118/122/238 121/123/239 117/125/240
f 117/125/240 121/123/239 120/124/241
s 2
f 123/126/242 118/122/243 122/127/244
f 122/127/244 118/122/243 117/125/245
s 3
f 125/129/246 123/126/247 124/128/248
f 124/128/248 123/126/247 122/127/249
s 4
f 127/130/250 129/131/251 126/133/252
f 126/133/252 129/131/251 128/132/253
s 5
f 131/134/254 127/130/255 130/135/256
f 130/135/256 127/130/255 126/133/257
s 6
f 133/137/258 131/134/259 132/136/260
f 132/136/260 131/134/259 130/135/261
s off
f 137/138/262 119/139/263 136/140/264
s 7
f 135/141/265 137/138/266 134/142/267
f 134/142/267 137/138/266 136/140/268
s 8
f 139/143/269 135/141/270 138/144/271
f 138/144/271 135/141/270 134/142/272
s 9
f 141/146/273 139/143/274 140/145/275
f 140/145/275 139/143/274 138/144/276
s 10
f 117/125/277 120/124/278 135/141/279
f 135/141/279 120/124/278 137/138/280
s 11
f 143/147/281 117/125/282 142/148/283
f 142/148/283 117/125/282 135/141/284
s 12
f 145/150/285 143/147/286 144/149/287
f 144/149/287 143/147/286 142/148/288
s off
f 136/140/289 119/139/290 147/151/291
s 13
f 134/142/292 136/140/293 146/152/294
f 146/152/294 136/140/293 147/151/295
s 14
f 149/153/296 134/142/297 148/154/298
f 148/154/298 134/142/297 146/152/299
s 15
f 151/156/300 149/153/301 150/155/302
f 150/155/302 149/153/301 148/154/303
s 16
f 146/152/304 147/151/305 127/130/306
f 127/130/306 147/151/305 129/131/307
s 17
f 153/157/308 146/152/309 152/158/310
f 152/158/310 146/152/309 127/130/311
s 18
f 155/160/312 153/157/313 154/159/314
f 154/159/314 153/157/313 152/158/315
g default
v -0.014984 0.844682 -0.064787
v -0.134809 0.844682 0.142752
v -0.014984 0.844682 0.350291
v 0.021370 0.995609 -0.001817
v -0.062095 0.995609 0.142752
v 0.021370 0.995609 0.287322
v 0.042885 1.287960 0.035448
v -0.019067 1.287960 0.142752
v 0.042885 1.287960 0.250057
v 0.042883 3.491461 0.035448
v -0.019068 3.491461 0.142752
v 0.042883 3.491461 0.250057
v 0.224660 0.844678 0.350291
v 0.188304 0.995605 0.287322
v 0.166789 1.287956 0.250057
v 0.166787 3.491457 0.250057
vt 1.000000 0.233927
vt 0.500000 0.233927
vt 0.500000 0.415115
vt 0.848294 0.415115
vt 0.000000 0.233927
vt 0.151704 0.415115
vt 0.000000 0.233923
vt 0.151704 0.415110
vt 0.500000 0.766082
vt 0.758515 0.766082
vt 0.241482 0.766082
vt 0.241482 0.766077
vt 0.866022 0.000004
vt 0.366030 0.000004
vt 0.366020 1.000000
vt 0.866011 1.000000
vt 0.000011 0.000004
vt 0.000000 1.000000
vt 0.133989 0.000002
vt 0.133978 0.999998
vn -0.799249 0.385045 -0.461456
vn -0.799250 0.385053 -0.461448
vn -0.799249 0.385051 -0.461450
vn -0.799251 0.385065 -0.461436
vn -0.900900 0.434026 -0.000000
vn -0.450450 0.434023 0.780204
vn -0.957272 0.289188 0.000000
vn -0.478639 0.289188 0.829021
vn -0.450450 0.434023 0.780204
vn 0.450452 0.434024 0.780203
vn -0.478639 0.289188 0.829021
vn 0.478636 0.289188 0.829022
vn -0.478639 0.289188 -0.829020
vn -0.957272 0.289188 0.000000
vn -0.499898 0.020617 -0.865839
vn -0.999787 0.020617 -0.000000
vn -0.957272 0.289188 0.000000
vn -0.478639 0.289188 0.829021
vn -0.999787 0.020617 -0.000000
vn -0.499896 0.020617 0.865840
vn -0.478639 0.289188 0.829021
vn 0.478636 0.289188 0.829022
vn -0.499896 0.020617 0.865840
vn 0.499892 0.020618 0.865842
vn -0.499898 0.020617 -0.865839
vn -0.999787 0.020617 -0.000000
vn -0.500004 0.000000 -0.866023
vn -1.000000 -0.000001 0.000000
vn -0.999787 0.020617 -0.000000
vn -0.499896 0.020617 0.865840
vn -1.000000 -0.000001 0.000000
vn -0.500003 0.000000 0.866024
vn -0.499896 0.020617 0.865840
vn 0.499892 0.020618 0.865842
vn -0.500003 0.000000 0.866024
vn 0.499998 0.000001 0.866027
s 1
g Planta:PC_ScenepolySurface7
usemtl Planta:phong2SG
f 156/161/316 157/162/317 159/164/318
f 159/164/318 157/162/317 160/163/319
s 2
f 157/162/320 158/165/321 160/163/322
f 160/163/322 158/165/321 161/166/323
s 3
f 158/165/324 168/167/325 161/166/326
f 161/166/326 168/167/325 169/168/327
s 4
f 159/164/328 160/163/329 162/170/330
f 162/170/330 160/163/329 163/169/331
s 5
f 160/163/332 161/166/333 163/169/334
f 163/169/334 161/166/333 164/171/335
s 6
f 161/166/336 169/168/337 164/171/338
f 164/171/338 169/168/337 170/172/339
s 7
f 162/173/340 163/174/341 165/176/342
f 165/176/342 163/174/341 166/175/343
s 8
f 163/174/344 164/177/345 166/175/346
f 166/175/346 164/177/345 167/178/347
s 9
f 164/177/348 170/179/349 167/178/350
f 167/178/350 170/179/349 171/180/351
g default
v -0.377526 1.000007 -0.135738
v -0.452147 1.000007 0.142753
v -0.377526 1.000007 0.421245
v -0.173656 1.000007 0.625113
v 0.104836 1.000007 0.699735
v 0.383328 1.000007 0.625113
v -0.363496 0.818988 -0.127641
v -0.435947 0.818988 0.142753
v -0.363496 0.818988 0.413145
v -0.165558 0.818988 0.611088
v 0.104836 0.818988 0.683538
v 0.375230 0.818988 0.611088
vt 0.332787 0.943647
vt 0.339589 0.943647
vt 0.339589 0.947901
vt 0.332787 0.947901
vt 0.332783 0.943635
vt 0.339593 0.943635
vt 0.339593 0.947884
vt 0.332783 0.947884
vt 0.332784 0.943636
vt 0.339593 0.943636
vt 0.339593 0.947885
vt 0.332784 0.947885
vt 0.332786 0.943642
vt 0.339590 0.943642
vt 0.339590 0.947895
vt 0.332786 0.947895
vt 0.332789 0.943653
vt 0.339587 0.943653
vt 0.339587 0.947910
vt 0.332789 0.947910
vn 0.962338 0.086121 0.257856
vn 0.962338 0.086122 0.257855
vn 0.962338 0.086121 0.257855
vn 0.962338 0.086123 0.257854
vn 0.996020 0.089134 0.000000
vn 0.862580 0.089130 -0.498007
vn 0.996020 0.089134 0.000000
vn 0.862580 0.089130 -0.498007
vn 0.862580 0.089130 -0.498007
vn 0.498013 0.089120 -0.862578
vn 0.862580 0.089130 -0.498007
vn 0.498011 0.089120 -0.862579
vn 0.498013 0.089120 -0.862578
vn 0.000000 0.089113 -0.996022
vn 0.498011 0.089120 -0.862579
vn 0.000000 0.089113 -0.996022
vn 0.000000 0.089113 -0.996022
vn -0.498009 0.089110 -0.862581
vn 0.000000 0.089113 -0.996022
vn -0.498009 0.089110 -0.862581
s 1
g Planta:PC_ScenepolySurface13polySurface19
usemtl Planta:phong3SG
f 172/181/352 173/182/353 178/184/354
f 178/184/354 173/182/353 179/183/355
s 2
f 173/185/356 174/186/357 179/188/358
f 179/188/358 174/186/357 180/187/359
s 3
f 174/189/360 175/190/361 180/192/362
f 180/192/362 175/190/361 181/191/363
s 4
f 175/193/364 176/194/365 181/196/366
f 181/196/366 176/194/365 182/195/367
s 5
f 176/197/368 177/198/369 182/200/370
f 182/200/370 177/198/369 183/199/371
g default
v 0.595086 2.836873 -0.347498
v 0.388963 2.952980 -0.141373
v 0.615642 2.785932 -0.466878
v 0.175527 2.784501 -0.652773
v 0.551858 2.706579 -0.692525
v 0.374917 2.706004 -0.767262
v 0.897103 2.785932 0.072872
v 0.717343 2.784501 -0.369782
v 1.011560 2.706579 -0.131786
v 0.939290 2.706004 -0.309749
v 0.506652 2.952984 0.142753
v 0.104837 2.952984 -0.259062
v 0.104837 3.018478 0.142753
v 0.104837 2.836877 -0.550567
v 0.798156 2.836877 0.142752
vt 0.317169 0.685241
vt 0.328799 0.707710
vt 0.304687 0.700047
vt 0.306276 0.659895
vt 0.279061 0.689827
vt 0.294589 0.653218
vt 0.271595 0.679010
vt 0.264123 0.657615
vt 0.273032 0.647624
vt 0.306329 0.719342
vt 0.280981 0.730234
vt 0.266076 0.693368
vt 0.268052 0.727864
vt 0.247641 0.718018
vt 0.246877 0.704653
vn 0.066502 0.984790 -0.160516
vn 0.066502 0.984790 -0.160516
vn 0.066502 0.984790 -0.160516
vn 0.000192 0.929019 -0.370031
vn 0.000000 0.945993 -0.324188
vn 0.261787 0.929019 -0.261518
vn 0.229236 0.945992 -0.229236
vn 0.151503 0.918296 -0.365759
vn 0.000192 0.929019 -0.370031
vn 0.151503 0.918296 -0.365759
vn 0.261787 0.929019 -0.261518
vn 0.151503 0.918295 -0.365761
vn 0.151503 0.918296 -0.365759
vn 0.151503 0.918295 -0.365761
vn 0.151503 0.918296 -0.365759
vn 0.261787 0.929019 -0.261518
vn 0.229236 0.945992 -0.229236
vn 0.370032 0.929019 0.000191
vn 0.324188 0.945993 0.000000
vn 0.365760 0.918295 -0.151503
vn 0.261787 0.929019 -0.261518
vn 0.365760 0.918295 -0.151503
vn 0.370032 0.929019 0.000191
vn 0.365758 0.918296 -0.151503
vn 0.365760 0.918295 -0.151503
vn 0.365758 0.918296 -0.151503
vn 0.365760 0.918295 -0.151503
s off
g Planta:PC_ScenepolySurface13polySurface20
usemtl Planta:phong1SG
f 195/201/372 196/202/373 185/203/374
s 1
f 197/204/375 195/201/376 184/205/377
f 184/205/377 195/201/376 185/203/378
s 2
f 187/206/379 197/204/380 186/207/381
f 186/207/381 197/204/380 184/205/382
s 3
f 189/209/383 187/206/384 188/208/385
f 188/208/385 187/206/384 186/207/386
s 4
f 184/205/387 185/203/388 198/211/389
f 198/211/389 185/203/388 194/210/390
s 5
f 191/212/391 184/205/392 190/213/393
f 190/213/393 184/205/392 198/211/394
s 6
f 193/215/395 191/212/396 192/214/397
f 192/214/397 191/212/396 190/213/398
g default
v 0.662565 2.540078 0.379991
v -0.210165 2.889357 0.012472
v -0.016482 2.888180 -0.176735
v -0.458382 2.605069 -0.099297
v -0.124188 2.603038 -0.425768
v -0.522157 2.476543 -0.196787
v -0.219079 2.478225 -0.488493
v -0.432201 2.284194 -0.522405
v -0.554050 2.283517 -0.405130
v 0.245799 2.852868 0.479451
v -0.024704 2.864388 0.476465
v 0.328371 2.542108 0.706462
v -0.138374 2.561985 0.701311
v 0.298315 2.404801 0.808115
v -0.121716 2.426476 0.800692
v -0.004558 2.211503 0.956513
v 0.164309 2.202787 0.959497
v 0.715002 2.399812 0.467547
v 0.412233 2.405477 0.759525
v 0.608181 2.192241 0.778387
v 0.729903 2.189963 0.661002
v -0.213571 2.879502 0.283036
v -0.464260 2.588064 0.367555
v -0.236638 2.429342 0.754605
v -0.527794 2.456482 0.452210
v -0.563084 2.246413 0.649302
v -0.446029 2.235501 0.770875
v -0.576488 2.459058 0.338361
v -0.568121 2.477917 -0.081789
v -0.740219 2.276523 0.036714
v -0.743583 2.268940 0.205627
vt 0.195141 0.588129
vt 0.220593 0.577193
vt 0.235461 0.589726
vt 0.225199 0.615457
vt 0.188438 0.599864
vt 0.214337 0.622953
vt 0.192855 0.630456
vt 0.182822 0.621511
vt 0.261123 0.515578
vt 0.250853 0.541306
vt 0.231480 0.542955
vt 0.220551 0.517500
vt 0.257574 0.502542
vt 0.222936 0.504517
vt 0.232830 0.484024
vt 0.246250 0.483261
vt 0.297879 0.531175
vt 0.291172 0.542905
vt 0.261123 0.515578
vt 0.271988 0.508083
vt 0.293473 0.500586
vt 0.303503 0.509533
vt 0.218945 0.557819
vt 0.193217 0.547550
vt 0.208823 0.510792
vt 0.185724 0.536681
vt 0.178232 0.515192
vt 0.187183 0.505165
vt 0.180180 0.551102
vt 0.182157 0.585745
vt 0.161663 0.575850
vt 0.160901 0.562428
vn -0.519925 0.664828 -0.536360
vn -0.519925 0.664828 -0.536360
vn -0.519925 0.664828 -0.536360
vn -0.519924 0.664828 -0.536361
vn -0.519925 0.664827 -0.536361
vn -0.668575 0.691397 -0.273821
vn -0.519925 0.664827 -0.536361
vn -0.253355 0.688865 -0.679174
vn -0.519924 0.664826 -0.536363
vn -0.519925 0.664827 -0.536361
vn -0.519924 0.664826 -0.536363
vn -0.519925 0.664827 -0.536361
vn 0.308273 0.613199 0.727293
vn 0.290637 0.674701 0.678460
vn -0.271442 0.637895 0.720701
vn -0.247107 0.697602 0.672525
vn 0.016349 0.592627 0.805311
vn 0.308273 0.613199 0.727293
vn 0.016349 0.592627 0.805311
vn -0.271442 0.637895 0.720701
vn 0.016349 0.592629 0.805310
vn 0.016349 0.592627 0.805311
vn 0.016349 0.592629 0.805310
vn 0.016349 0.592627 0.805311
vn 0.572321 0.577419 0.582269
vn 0.723494 0.610665 0.321941
vn 0.572321 0.577418 0.582269
vn 0.308273 0.613199 0.727293
vn 0.572320 0.577423 0.582265
vn 0.572321 0.577419 0.582269
vn 0.572320 0.577423 0.582265
vn 0.572321 0.577418 0.582269
vn -0.271442 0.637895 0.720701
vn -0.247107 0.697602 0.672525
vn -0.676066 0.670285 0.306027
vn -0.622561 0.727649 0.288000
vn -0.533850 0.624526 0.570063
vn -0.271442 0.637895 0.720701
vn -0.533850 0.624526 0.570063
vn -0.676066 0.670285 0.306027
vn -0.533849 0.624526 0.570064
vn -0.533850 0.624526 0.570063
vn -0.533849 0.624526 0.570064
vn -0.533850 0.624526 0.570063
vn -0.676066 0.670285 0.306027
vn -0.622561 0.727649 0.288000
vn -0.668575 0.691397 -0.273821
vn -0.615791 0.747240 -0.249866
vn -0.755987 0.654429 0.014320
vn -0.676066 0.670285 0.306027
vn -0.755988 0.654429 0.014320
vn -0.668575 0.691397 -0.273821
vn -0.755983 0.654435 0.014321
vn -0.755987 0.654429 0.014320
vn -0.755983 0.654435 0.014321
vn -0.755988 0.654429 0.014320
s 1
g Planta:PC_ScenepolySurface8
usemtl Planta:phong1SG
f 202/216/399 200/217/400 203/219/401
f 203/219/401 200/217/400 201/218/402
s 2
f 204/220/403 202/216/404 205/221/405
f 205/221/405 202/216/404 203/219/406
s 3
f 207/223/407 204/220/408 206/222/409
f 206/222/409 204/220/408 205/221/410
s 4
f 210/224/411 208/225/412 211/227/413
f 211/227/413 208/225/412 209/226/414
s 5
f 212/228/415 210/224/416 213/229/417
f 213/229/417 210/224/416 211/227/418
s 6
f 215/231/419 212/228/420 214/230/421
f 214/230/421 212/228/420 213/229/422
s 7
f 216/232/423 199/233/424 217/235/425
f 217/235/425 199/233/424 210/234/426
s 8
f 219/237/427 216/232/428 218/236/429
f 218/236/429 216/232/428 217/235/430
s 9
f 211/227/431 209/226/432 221/239/433
f 221/239/433 209/226/432 220/238/434
s 10
f 222/240/435 211/227/436 223/241/437
f 223/241/437 211/227/436 221/239/438
s 11
f 225/243/439 222/240/440 224/242/441
f 224/242/441 222/240/440 223/241/442
s 12
f 221/239/443 220/238/444 202/216/445
f 202/216/445 220/238/444 200/217/446
s 13
f 226/244/447 221/239/448 227/245/449
f 227/245/449 221/239/448 202/216/450
s 14
f 229/247/451 226/244/452 228/246/453
f 228/246/453 226/244/452 227/245/454
g default
v -0.130211 0.000008 -0.264360
v -0.302275 0.000008 -0.092294
v -0.365252 0.000008 0.142753
v -0.302275 0.000008 0.377797
v -0.130211 0.000008 0.549863
v 0.104836 0.000008 0.612843
v 0.339882 0.000008 0.549863
v 0.661529 1.000007 -0.178654
v 0.426243 1.000007 -0.413941
v 0.104836 1.000007 -0.500061
v -0.216572 1.000007 -0.413941
v -0.451857 1.000007 -0.178654
v -0.537978 1.000007 0.142753
v -0.451857 1.000007 0.464160
v -0.216572 1.000007 0.699444
v 0.104836 1.000007 0.785564
v 0.426243 1.000007 0.699444
v 0.661529 1.000007 0.464160
v 0.747649 1.000007 0.142753
v 0.587197 1.000007 -0.135738
v 0.383328 1.000007 -0.339611
v 0.104836 1.000007 -0.414232
v 0.587197 1.000007 0.421245
v 0.661819 1.000007 0.142753
v 0.573175 0.818988 -0.127641
v 0.375230 0.818988 -0.325583
v 0.104836 0.818988 -0.398036
v 0.573175 0.818988 0.413145
v 0.645623 0.818988 0.142753
v 0.104837 0.950700 0.142752
v -0.377526 1.000004 -0.135738
v -0.173656 1.000004 -0.339611
v -0.452147 1.000004 0.142753
v -0.377526 1.000004 0.421245
v -0.173656 1.000004 0.625113
v 0.104836 1.000004 0.699735
v 0.383328 1.000004 0.625113
v -0.165558 0.818984 -0.325583
v -0.363496 0.818984 -0.127641
v -0.435947 0.818984 0.142753
v -0.363496 0.818984 0.413145
v -0.165558 0.818984 0.611088
v 0.104836 0.818984 0.683538
v 0.375230 0.818984 0.611088
vt 0.332793 0.918741
vt 0.339583 0.918741
vt 0.339583 0.941870
vt 0.332793 0.941870
vt 0.332787 0.918768
vt 0.339589 0.918768
vt 0.339589 0.941855
vt 0.332787 0.941855
vt 0.332783 0.918785
vt 0.339593 0.918785
vt 0.339593 0.941845
vt 0.332783 0.941845
vt 0.332784 0.918784
vt 0.339593 0.918784
vt 0.339593 0.941846
vt 0.332784 0.941846
vt 0.332786 0.918774
vt 0.339590 0.918774
vt 0.339590 0.941851
vt 0.332786 0.941851
vt 0.332789 0.918759
vt 0.339587 0.918759
vt 0.339587 0.941860
vt 0.332789 0.941860
vt 0.332811 0.941915
vt 0.339565 0.941915
vt 0.339565 0.943719
vt 0.332811 0.943719
vt 0.332798 0.941881
vt 0.339578 0.941881
vt 0.339578 0.943679
vt 0.332798 0.943679
vt 0.332791 0.941865
vt 0.339585 0.941865
vt 0.339585 0.943659
vt 0.332791 0.943659
vt 0.339583 0.943666
vt 0.332793 0.943666
vt 0.339589 0.943647
vt 0.332787 0.943647
vt 0.339593 0.943635
vt 0.332783 0.943635
vt 0.339593 0.943636
vt 0.332784 0.943636
vt 0.339590 0.943642
vt 0.332786 0.943642
vt 0.339587 0.943653
vt 0.332789 0.943653
vt 0.332794 0.941872
vt 0.339582 0.941872
vt 0.339582 0.943667
vt 0.332794 0.943667
vt 0.332799 0.941886
vt 0.339577 0.941886
vt 0.339577 0.943684
vt 0.332799 0.943684
vt 0.332808 0.941908
vt 0.339568 0.941908
vt 0.339568 0.943711
vt 0.332808 0.943711
vt 0.339565 0.948003
vt 0.332811 0.948003
vt 0.339578 0.947946
vt 0.332798 0.947946
vt 0.339585 0.947918
vt 0.332791 0.947918
vt 0.339582 0.947930
vt 0.332794 0.947930
vt 0.339577 0.947953
vt 0.332799 0.947953
vt 0.339568 0.947992
vt 0.332808 0.947992
vt 0.340549 0.903085
vt 0.337178 0.908741
vt 0.328308 0.899624
vt 0.331431 0.911955
vt 0.324847 0.911864
vt 0.319191 0.908494
vt 0.315977 0.902747
vt 0.316068 0.896163
vt 0.319438 0.890506
vt 0.325185 0.887293
vt 0.331769 0.887383
vt 0.337426 0.890754
vt 0.340639 0.896501
vn -0.697471 -0.164562 -0.697463
vn -0.697470 -0.164562 -0.697463
vn -0.697470 -0.164562 -0.697463
vn -0.697470 -0.164562 -0.697464
vn -0.853392 -0.170203 -0.492700
vn -0.985409 -0.170204 0.000000
vn -0.853392 -0.170203 -0.492700
vn -0.985409 -0.170204 0.000000
vn -0.985409 -0.170204 0.000000
vn -0.853391 -0.170203 0.492702
vn -0.985409 -0.170204 0.000000
vn -0.853390 -0.170203 0.492703
vn -0.853391 -0.170203 0.492702
vn -0.492704 -0.170201 0.853390
vn -0.853390 -0.170203 0.492703
vn -0.492704 -0.170201 0.853390
vn -0.492704 -0.170201 0.853390
vn 0.000000 -0.170200 0.985409
vn -0.492704 -0.170201 0.853390
vn 0.000000 -0.170200 0.985410
vn 0.000000 -0.170200 0.985409
vn 0.492701 -0.170200 0.853392
vn 0.000000 -0.170200 0.985410
vn 0.492702 -0.170200 0.853391
vn 0.000000 1.000000 0.000000
vn 0.000000 1.000000 0.000000
vn 0.000000 1.000000 0.000000
vn 0.000000 1.000000 0.000000
vn 0.000000 1.000000 0.000000
vn 0.000000 1.000000 -0.000001
vn 0.000000 1.000000 0.000000
vn 0.000000 1.000000 -0.000001
vn 0.000000 1.000000 -0.000001
vn 0.000000 1.000000 -0.000001
vn 0.000000 1.000000 -0.000001
vn 0.000000 1.000000 -0.000001
vn 0.000000 1.000000 -0.000001
vn 0.000000 1.000000 0.000000
vn 0.000000 1.000000 -0.000001
vn 0.000000 1.000000 0.000000
vn 0.000000 1.000000 0.000000
vn 0.000000 1.000000 0.000000
vn 0.000000 1.000000 0.000000
vn 0.000000 1.000000 0.000000
vn 0.000000 1.000000 0.000000
vn 0.000000 1.000000 0.000000
vn 0.000000 1.000000 0.000000
vn 0.000000 1.000000 0.000000
vn 0.000000 1.000000 0.000000
vn 0.000000 1.000000 0.000000
vn 0.000000 1.000000 0.000000
vn 0.000000 1.000000 0.000000
vn 0.000000 1.000000 0.000000
vn 0.000000 1.000000 0.000001
vn 0.000000 1.000000 0.000000
vn 0.000000 1.000000 0.000001
vn 0.000000 1.000000 0.000001
vn 0.000000 1.000000 0.000001
vn 0.000000 1.000000 0.000001
vn 0.000000 1.000000 0.000001
vn 0.000000 1.000000 0.000001
vn 0.000000 1.000000 0.000000
vn 0.000000 1.000000 0.000001
vn 0.000000 1.000000 0.000000
vn 0.000000 1.000000 0.000000
vn 0.000000 1.000000 0.000000
vn 0.000000 1.000000 0.000000
vn 0.000000 1.000000 0.000000
vn 0.000000 1.000000 0.000000
vn 0.000000 1.000000 0.000000
vn 0.000000 1.000000 0.000000
vn 0.000000 1.000000 0.000000
vn -0.862581 0.089105 0.498011
vn -0.498011 0.089115 0.862580
vn -0.862582 0.089105 0.498009
vn -0.498013 0.089115 0.862579
vn -0.498011 0.089115 0.862580
vn 0.000000 0.089120 0.996021
vn -0.498013 0.089115 0.862579
vn 0.000000 0.089120 0.996021
vn 0.000000 0.089120 0.996021
vn 0.498014 0.089124 0.862577
vn 0.000000 0.089120 0.996021
vn 0.498015 0.089124 0.862576
vn -0.498009 0.089110 -0.862581
vn -0.862579 0.089106 -0.498013
vn -0.498009 0.089110 -0.862581
vn -0.862582 0.089106 -0.498008
vn -0.862579 0.089106 -0.498013
vn -0.996023 0.089102 0.000000
vn -0.862582 0.089106 -0.498008
vn -0.996023 0.089102 0.000000
vn -0.996023 0.089102 0.000000
vn -0.862581 0.089105 0.498011
vn -0.996023 0.089102 0.000000
vn -0.862582 0.089105 0.498009
vn 0.204935 0.971598 -0.118319
vn 0.118320 0.971598 -0.204936
vn 0.000000 1.000000 0.000000
vn 0.118320 0.971598 -0.204936
vn -0.000000 0.971598 -0.236639
vn 0.000000 1.000000 0.000000
vn -0.000000 0.971598 -0.236639
vn -0.118320 0.971598 -0.204934
vn 0.000000 1.000000 0.000000
vn -0.118320 0.971598 -0.204934
vn -0.204937 0.971597 -0.118319
vn 0.000000 1.000000 0.000000
vn -0.204937 0.971597 -0.118319
vn -0.236640 0.971597 0.000000
vn 0.000000 1.000000 0.000000
vn -0.236640 0.971597 0.000000
vn -0.204936 0.971598 0.118319
vn 0.000000 1.000000 0.000000
vn -0.204936 0.971598 0.118319
vn -0.118319 0.971598 0.204934
vn 0.000000 1.000000 0.000000
vn -0.118319 0.971598 0.204934
vn 0.000000 0.971597 0.236640
vn 0.000000 1.000000 0.000000
vn 0.000000 0.971597 0.236640
vn 0.118318 0.971598 0.204936
vn 0.000000 1.000000 0.000000
vn 0.118318 0.971598 0.204936
vn 0.204934 0.971598 0.118319
vn 0.000000 1.000000 0.000000
vn 0.204934 0.971598 0.118319
vn 0.236639 0.971598 0.000000
vn 0.000000 1.000000 0.000000
vn 0.236639 0.971598 0.000000
vn 0.204935 0.971598 -0.118319
vn 0.000000 1.000000 0.000000
s 1
g Planta:PC_ScenepolySurface5
usemtl Planta:phong3SG
f 230/248/455 231/249/456 240/251/457
f 240/251/457 231/249/456 241/250/458
s 2
f 231/252/459 232/253/460 241/255/461
f 241/255/461 232/253/460 242/254/462
s 3
f 232/256/463 233/257/464 242/259/465
f 242/259/465 233/257/464 243/258/466
s 4
f 233/260/467 234/261/468 243/263/469
f 243/263/469 234/261/468 244/262/470
s 5
f 234/264/471 235/265/472 244/267/473
f 244/267/473 235/265/472 245/266/474
s 6
f 235/268/475 236/269/476 245/271/477
f 245/271/477 236/269/476 246/270/478
s 7
f 237/272/479 238/273/480 249/275/481
f 249/275/481 238/273/480 250/274/482
s 8
f 238/276/483 239/277/484 250/279/485
f 250/279/485 239/277/484 251/278/486
s 9
f 239/280/487 240/281/488 251/283/489
f 251/283/489 240/281/488 261/282/490
s 10
f 240/251/491 241/250/492 261/285/493
f 261/285/493 241/250/492 260/284/494
s 11
f 241/255/495 242/254/496 260/287/497
f 260/287/497 242/254/496 262/286/498
s 12
f 242/259/499 243/258/500 262/289/501
f 262/289/501 243/258/500 263/288/502
s 13
f 243/263/503 244/262/504 263/291/505
f 263/291/505 244/262/504 264/290/506
s 14
f 244/267/507 245/266/508 264/293/509
f 264/293/509 245/266/508 265/292/510
s 15
f 245/271/511 246/270/512 265/295/513
f 265/295/513 246/270/512 266/294/514
s 16
f 246/296/515 247/297/516 266/299/517
f 266/299/517 247/297/516 252/298/518
s 17
f 247/300/519 248/301/520 252/303/521
f 252/303/521 248/301/520 253/302/522
s 18
f 248/304/523 237/305/524 253/307/525
f 253/307/525 237/305/524 249/306/526
s 19
f 249/275/527 250/274/528 254/309/529
f 254/309/529 250/274/528 255/308/530
s 20
f 250/279/531 251/278/532 255/311/533
f 255/311/533 251/278/532 256/310/534
s 21
f 251/283/535 261/282/536 256/313/537
f 256/313/537 261/282/536 267/312/538
s 22
f 266/299/539 252/298/540 273/315/541
f 273/315/541 252/298/540 257/314/542
s 23
f 252/303/543 253/302/544 257/317/545
f 257/317/545 253/302/544 258/316/546
s 24
f 253/307/547 249/306/548 258/319/549
f 258/319/549 249/306/548 254/318/550
s off
usemtl Planta:phong2SG
f 254/320/551 255/321/552 259/322/553
f 255/321/554 256/323/555 259/322/556
f 256/323/557 267/324/558 259/322/559
f 267/324/560 268/325/561 259/322/562
f 268/325/563 269/326/564 259/322/565
f 269/326/566 270/327/567 259/322/568
f 270/327/569 271/328/570 259/322/571
f 271/328/572 272/329/573 259/322/574
f 272/329/575 273/330/576 259/322/577
f 273/330/578 257/331/579 259/322/580
f 257/331/581 258/332/582 259/322/583
f 258/332/584 254/320/585 259/322/586
g default
v -0.035732 3.115733 0.711350
v 0.407501 3.115733 0.644209
v 0.023371 3.220536 0.472284
v 0.001516 3.069753 0.806667
v 0.400989 3.068460 0.748991
v 0.146155 2.998126 0.942026
v 0.306755 2.997606 0.918840
v -0.463760 3.115733 0.002184
v -0.396619 3.115733 0.445414
v -0.224695 3.220536 0.061285
v -0.185783 3.220536 0.318161
v -0.559078 3.069753 0.039432
v -0.501402 3.068460 0.438904
v -0.694438 2.998126 0.184069
v -0.671250 2.997606 0.344671
v -0.437681 3.069753 0.539150
v -0.114427 3.068460 0.780838
v -0.431120 2.998126 0.737141
v -0.301163 2.997606 0.834307
v -0.197825 3.115733 -0.358705
v -0.291563 3.069753 -0.399765
v -0.533249 3.068460 -0.076513
v -0.489550 2.998126 -0.393206
v -0.586717 2.997606 -0.263247
v 0.208159 3.069753 -0.521163
v -0.191315 3.068460 -0.463486
v 0.063522 2.998126 -0.656522
v -0.097080 2.997606 -0.633335
v 0.501237 3.069753 0.685270
v 0.742925 3.068460 0.362018
v 0.699225 2.998126 0.678711
v 0.796392 2.997606 0.548752
v 0.280246 3.220533 0.433372
v 0.104838 3.264990 0.142754
v -0.070572 3.220533 -0.147867
v 0.186304 3.220533 -0.186779
v 0.245405 3.115730 -0.425846
v 0.434368 3.220533 0.224221
v 0.673435 3.115730 0.283321
vt 0.352701 0.715528
vt 0.328414 0.707809
vt 0.351046 0.696095
vt 0.378511 0.725823
vt 0.376578 0.685127
vt 0.391589 0.722259
vt 0.389601 0.687515
vt 0.410159 0.697434
vt 0.410928 0.710894
vt 0.336135 0.683523
vt 0.316701 0.685177
vt 0.346437 0.657715
vt 0.305739 0.659644
vt 0.342876 0.644638
vt 0.308131 0.646620
vt 0.318056 0.626064
vt 0.331517 0.625298
vt 0.383307 0.673361
vt 0.357336 0.650197
vt 0.378888 0.642676
vt 0.388948 0.651652
vt 0.304127 0.700088
vt 0.278319 0.689787
vt 0.293974 0.652914
vt 0.270803 0.678884
vt 0.263288 0.657328
vt 0.272267 0.647270
vt 0.305781 0.719522
vt 0.280249 0.730492
vt 0.265243 0.693349
vt 0.267225 0.728100
vt 0.246668 0.718174
vt 0.245903 0.704711
vt 0.351102 0.755968
vt 0.340129 0.730439
vt 0.362871 0.762695
vt 0.386031 0.736720
vt 0.393556 0.758268
vt 0.384582 0.768331
vn 0.173277 0.942101 0.287089
vn 0.000000 1.000000 0.000000
vn -0.080477 0.942101 0.325528
vn 0.202177 0.920141 0.335357
vn 0.173277 0.942101 0.287089
vn -0.094174 0.920141 0.380095
vn -0.080477 0.942101 0.325528
vn 0.062663 0.908271 0.413664
vn 0.202177 0.920141 0.335357
vn 0.062663 0.908271 0.413664
vn -0.094174 0.920141 0.380095
vn 0.062662 0.908270 0.413666
vn 0.062663 0.908271 0.413664
vn 0.062662 0.908270 0.413666
vn 0.062663 0.908271 0.413664
vn -0.287090 0.942101 0.173278
vn 0.000000 1.000000 0.000000
vn -0.325529 0.942101 -0.080478
vn -0.335358 0.920141 0.202178
vn -0.287090 0.942101 0.173278
vn -0.380094 0.920141 -0.094173
vn -0.325529 0.942101 -0.080478
vn -0.413660 0.908272 0.062662
vn -0.335358 0.920141 0.202178
vn -0.413660 0.908273 0.062662
vn -0.380094 0.920141 -0.094173
vn -0.413663 0.908271 0.062662
vn -0.413660 0.908272 0.062662
vn -0.413663 0.908271 0.062662
vn -0.413660 0.908273 0.062662
vn -0.080477 0.942101 0.325528
vn 0.000000 1.000000 0.000000
vn -0.287090 0.942101 0.173278
vn -0.094174 0.920141 0.380095
vn -0.080477 0.942101 0.325528
vn -0.335358 0.920141 0.202178
vn -0.287090 0.942101 0.173278
vn -0.248197 0.908270 0.336815
vn -0.094174 0.920141 0.380095
vn -0.248197 0.908270 0.336815
vn -0.335358 0.920141 0.202178
vn -0.248193 0.908273 0.336809
vn -0.248197 0.908270 0.336815
vn -0.248193 0.908273 0.336809
vn -0.248197 0.908270 0.336815
vn -0.325529 0.942101 -0.080478
vn 0.000000 1.000000 0.000000
vn -0.173278 0.942101 -0.287089
vn -0.380094 0.920141 -0.094173
vn -0.325529 0.942101 -0.080478
vn -0.202177 0.920141 -0.335358
vn -0.173278 0.942101 -0.287089
vn -0.336812 0.908272 -0.248195
vn -0.380094 0.920141 -0.094173
vn -0.336812 0.908272 -0.248195
vn -0.202177 0.920141 -0.335358
vn -0.336813 0.908271 -0.248196
vn -0.336812 0.908272 -0.248195
vn -0.336813 0.908271 -0.248196
vn -0.336812 0.908272 -0.248195
vn -0.202177 0.920141 -0.335358
vn -0.173278 0.942101 -0.287089
vn 0.094172 0.920141 -0.380095
vn 0.080477 0.942102 -0.325527
vn -0.062663 0.908271 -0.413664
vn -0.202177 0.920141 -0.335358
vn -0.062663 0.908271 -0.413664
vn 0.094172 0.920141 -0.380095
vn -0.062663 0.908271 -0.413663
vn -0.062663 0.908271 -0.413664
vn -0.062663 0.908271 -0.413663
vn -0.062663 0.908271 -0.413664
vn 0.380094 0.920142 0.094172
vn 0.325528 0.942101 0.080477
vn 0.202177 0.920141 0.335357
vn 0.173277 0.942101 0.287089
vn 0.336813 0.908271 0.248196
vn 0.380094 0.920142 0.094172
vn 0.336813 0.908271 0.248196
vn 0.202177 0.920141 0.335357
vn 0.336814 0.908270 0.248197
vn 0.336813 0.908271 0.248196
vn 0.336814 0.908270 0.248197
vn 0.336813 0.908271 0.248196
s off
g Planta:polySurface4PC_Scene
usemtl Planta:phong1SG
f 306/333/587 307/334/588 276/335/589
s 1
f 275/336/590 306/333/591 274/337/592
f 274/337/592 306/333/591 276/335/593
s 2
f 278/338/594 275/336/595 277/339/596
f 277/339/596 275/336/595 274/337/597
s 3
f 280/341/598 278/338/599 279/340/600
f 279/340/600 278/338/599 277/339/601
s off
f 284/342/602 307/334/603 283/343/604
s 4
f 282/344/605 284/342/606 281/345/607
f 281/345/607 284/342/606 283/343/608
s 5
f 286/346/609 282/344/610 285/347/611
f 285/347/611 282/344/610 281/345/612
s 6
f 288/349/613 286/346/614 287/348/615
f 287/348/615 286/346/614 285/347/616
s off
f 276/335/617 307/334/618 284/342/619
s 7
f 274/337/620 276/335/621 282/344/622
f 282/344/622 276/335/621 284/342/623
s 8
f 290/350/624 274/337/625 289/351/626
f 289/351/626 274/337/625 282/344/627
s 9
f 292/353/628 290/350/629 291/352/630
f 291/352/630 290/350/629 289/351/631
s off
f 283/343/632 307/334/633 308/354/634
s 10
f 281/345/635 283/343/636 293/355/637
f 293/355/637 283/343/636 308/354/638
s 11
f 295/356/639 281/345/640 294/357/641
f 294/357/641 281/345/640 293/355/642
s 12
f 297/359/643 295/356/644 296/358/645
f 296/358/645 295/356/644 294/357/646
s 13
f 293/355/647 308/354/648 310/361/649
f 310/361/649 308/354/648 309/360/650
s 14
f 299/362/651 293/355/652 298/363/653
f 298/363/653 293/355/652 310/361/654
s 15
f 301/365/655 299/362/656 300/364/657
f 300/364/657 299/362/656 298/363/658
s 16
f 312/366/659 311/367/660 275/336/661
f 275/336/661 311/367/660 306/333/662
s 17
f 303/368/663 312/366/664 302/369/665
f 302/369/665 312/366/664 275/336/666
s 18
f 305/371/667 303/368/668 304/370/669
f 304/370/669 303/368/668 302/369/670
g default
v 0.606294 3.115726 -0.159910
v 0.245405 3.115733 -0.425846
v 0.647355 3.069745 -0.253646
v 0.324103 3.068453 -0.495334
v 0.640795 2.998118 -0.451636
v 0.510837 2.997598 -0.548801
v 0.673435 3.115733 0.283321
v 0.768752 3.069745 0.246074
v 0.711076 3.068453 -0.153399
v 0.904112 2.998118 0.101437
v 0.880923 2.997598 -0.059165
v 0.186304 3.220536 -0.186779
v 0.104838 3.264994 0.142754
v 0.395456 3.220529 -0.032656
v 0.434368 3.220536 0.224221
vt 0.305781 0.719522
vt 0.328414 0.707809
vt 0.320695 0.732094
vt 0.280249 0.730492
vt 0.310401 0.757904
vt 0.273526 0.742263
vt 0.299505 0.765424
vt 0.277957 0.772950
vt 0.267893 0.763977
vt 0.340129 0.730439
vt 0.351102 0.755968
vt 0.313969 0.770983
vt 0.348715 0.768990
vt 0.338799 0.789549
vt 0.325338 0.790320
vn 0.083291 0.990099 -0.112988
vn 0.083291 0.990099 -0.112988
vn 0.083291 0.990099 -0.112988
vn 0.094172 0.920141 -0.380095
vn 0.080477 0.942102 -0.325527
vn 0.335357 0.920141 -0.202177
vn 0.287089 0.942101 -0.173277
vn 0.248195 0.908271 -0.336813
vn 0.094172 0.920141 -0.380095
vn 0.248195 0.908271 -0.336814
vn 0.335357 0.920141 -0.202177
vn 0.248195 0.908271 -0.336812
vn 0.248195 0.908271 -0.336813
vn 0.248195 0.908272 -0.336812
vn 0.248195 0.908271 -0.336814
vn 0.335357 0.920141 -0.202177
vn 0.287089 0.942101 -0.173277
vn 0.380094 0.920142 0.094172
vn 0.325528 0.942101 0.080477
vn 0.413664 0.908271 -0.062663
vn 0.335357 0.920141 -0.202177
vn 0.413664 0.908271 -0.062663
vn 0.380094 0.920142 0.094172
vn 0.413664 0.908271 -0.062663
vn 0.413664 0.908271 -0.062663
vn 0.413664 0.908271 -0.062663
vn 0.413664 0.908271 -0.062663
s off
g Planta:PC_ScenepolySurface17polySurface13
usemtl Planta:phong1SG
f 324/372/671 325/373/672 326/374/673
s 1
f 314/375/674 324/372/675 313/376/676
f 313/376/676 324/372/675 326/374/677
s 2
f 316/377/678 314/375/679 315/378/680
f 315/378/680 314/375/679 313/376/681
s 3
f 318/380/682 316/377/683 317/379/684
f 317/379/684 316/377/683 315/378/685
s 4
f 313/376/686 326/374/687 319/382/688
f 319/382/688 326/374/687 327/381/689
s 5
f 321/383/690 313/376/691 320/384/692
f 320/384/692 313/376/691 319/382/693
s 6
f 323/386/694 321/383/695 322/385/696
f 322/385/696 321/383/695 320/384/697
g default
v 0.511953 0.000000 -0.092294
v 0.339882 0.000000 -0.264360
v 0.104836 0.000000 -0.327342
v 0.574929 0.000000 0.142753
v 0.426243 1.000004 -0.413941
v 0.661529 1.000004 -0.178654
v 0.104836 1.000004 -0.500061
v -0.130211 0.000004 -0.264360
v -0.216572 1.000004 -0.413941
v 0.747649 1.000004 0.142753
vt 0.332811 0.918666
vt 0.339565 0.918666
vt 0.339565 0.941915
vt 0.332811 0.941915
vt 0.332798 0.918722
vt 0.339578 0.918722
vt 0.339578 0.941881
vt 0.332798 0.941881
vt 0.332791 0.918751
vt 0.339585 0.918751
vt 0.339585 0.941865
vt 0.332791 0.941865
vt 0.332808 0.918676
vt 0.339568 0.918676
vt 0.339568 0.941908
vt 0.332808 0.941908
vn 0.697457 -0.164556 -0.697477
vn 0.697460 -0.164558 -0.697474
vn 0.697467 -0.164560 -0.697467
vn 0.697468 -0.164561 -0.697465
vn 0.492705 -0.170199 -0.853390
vn 0.000000 -0.170200 -0.985410
vn 0.492705 -0.170199 -0.853390
vn 0.000000 -0.170200 -0.985410
vn 0.000000 -0.170200 -0.985410
vn -0.492707 -0.170201 -0.853388
vn 0.000000 -0.170200 -0.985410
vn -0.492707 -0.170201 -0.853388
vn 0.985410 -0.170198 0.000000
vn 0.853390 -0.170199 -0.492704
vn 0.985410 -0.170198 0.000000
vn 0.853390 -0.170199 -0.492705
s 1
g Planta:PC_ScenepolySurface13polySurface18
usemtl Planta:phong3SG
f 328/387/698 329/388/699 333/390/700
f 333/390/700 329/388/699 332/389/701
s 2
f 329/391/702 330/392/703 332/394/704
f 332/394/704 330/392/703 334/393/705
s 3
f 330/395/706 335/396/707 334/398/708
f 334/398/708 335/396/707 336/397/709
s 4
f 331/399/710 328/400/711 337/402/712
f 337/402/712 328/400/711 333/401/713
g default
v 0.491423 3.348021 0.455132
v 0.104838 3.482752 0.142752
v 0.328884 3.455008 0.323792
v 0.052365 3.348021 -0.351491
v -0.281748 3.348021 -0.169628
v 0.074428 3.455008 -0.143687
v -0.119209 3.455008 -0.038288
v -0.004937 3.291839 -0.416740
v -0.306887 3.290260 -0.255094
v -0.159494 3.204321 -0.482842
v -0.280888 3.203686 -0.417855
v -0.207542 3.348021 0.529338
v 0.157310 3.348021 0.636995
v -0.076202 3.455008 0.366798
v 0.135247 3.455008 0.429192
v -0.213159 3.291839 0.615995
v 0.114652 3.290260 0.715205
v -0.150614 3.204321 0.772025
v -0.018823 3.203686 0.811910
v 0.214613 3.291839 0.702244
v 0.516562 3.290260 0.540598
v 0.369169 3.204321 0.768346
v 0.490564 3.203686 0.703359
v -0.389406 3.348021 0.195224
v -0.181601 3.455008 0.173162
v -0.454654 3.291839 0.252528
v -0.293009 3.290260 0.554477
v -0.520757 3.204321 0.407084
v -0.455769 3.203686 0.528478
v -0.368405 3.291839 -0.175245
v -0.467615 3.290260 0.152565
v -0.524434 3.204321 -0.112699
v -0.564321 3.203686 0.019092
vt 0.276336 0.730889
vt 0.300728 0.720459
vt 0.318166 0.736699
vt 0.308294 0.761322
vt 0.270181 0.740949
vt 0.298732 0.767707
vt 0.277987 0.772078
vt 0.266658 0.761461
vt 0.339936 0.678361
vt 0.329051 0.707530
vt 0.316122 0.679207
vt 0.349809 0.653737
vt 0.305692 0.654815
vt 0.347048 0.642271
vt 0.307938 0.643539
vt 0.319518 0.625780
vt 0.335035 0.625276
vt 0.381766 0.684171
vt 0.357374 0.694601
vt 0.387921 0.674110
vt 0.359370 0.647353
vt 0.380116 0.642982
vt 0.391445 0.653599
vt 0.299882 0.696645
vt 0.275259 0.686772
vt 0.295632 0.648660
vt 0.268874 0.677211
vt 0.264504 0.656465
vt 0.275120 0.645136
vt 0.263793 0.689533
vt 0.265061 0.728642
vt 0.247301 0.717063
vt 0.246797 0.701546
vn -0.231728 0.874679 -0.425722
vn -0.231727 0.874679 -0.425722
vn -0.231727 0.874679 -0.425722
vn -0.231726 0.874679 -0.425723
vn -0.264255 0.833353 -0.485481
vn -0.374723 0.876187 -0.303116
vn -0.264255 0.833353 -0.485481
vn -0.050634 0.876188 -0.479303
vn -0.264253 0.833354 -0.485480
vn -0.264255 0.833353 -0.485481
vn -0.264253 0.833354 -0.485480
vn -0.264255 0.833353 -0.485481
vn 0.040328 0.924163 0.379863
vn -0.000000 1.000000 -0.000000
vn -0.240088 0.924163 0.297120
vn 0.050633 0.876188 0.479303
vn 0.040328 0.924163 0.379863
vn -0.303115 0.876188 0.374721
vn -0.240088 0.924163 0.297120
vn -0.156429 0.833355 0.530142
vn 0.050633 0.876188 0.479303
vn -0.156429 0.833354 0.530142
vn -0.303115 0.876188 0.374721
vn -0.156430 0.833354 0.530142
vn -0.156429 0.833355 0.530142
vn -0.156430 0.833354 0.530142
vn -0.156429 0.833354 0.530142
vn 0.374722 0.876187 0.303115
vn 0.297121 0.924163 0.240088
vn 0.050633 0.876188 0.479303
vn 0.040328 0.924163 0.379863
vn 0.264255 0.833354 0.485480
vn 0.374722 0.876187 0.303115
vn 0.264255 0.833354 0.485480
vn 0.050633 0.876188 0.479303
vn 0.264255 0.833353 0.485482
vn 0.264255 0.833354 0.485480
vn 0.264255 0.833353 0.485482
vn 0.264255 0.833354 0.485480
vn -0.240088 0.924163 0.297120
vn -0.000000 1.000000 -0.000000
vn -0.379864 0.924163 0.040329
vn -0.303115 0.876188 0.374721
vn -0.240088 0.924163 0.297120
vn -0.479304 0.876187 0.050634
vn -0.379864 0.924163 0.040329
vn -0.485480 0.833354 0.264253
vn -0.303115 0.876188 0.374721
vn -0.485480 0.833354 0.264253
vn -0.479304 0.876187 0.050634
vn -0.485482 0.833352 0.264256
vn -0.485480 0.833354 0.264253
vn -0.485482 0.833352 0.264256
vn -0.485480 0.833354 0.264253
vn -0.379864 0.924163 0.040329
vn -0.000000 1.000000 -0.000000
vn -0.297121 0.924163 -0.240087
vn -0.479304 0.876187 0.050634
vn -0.379864 0.924163 0.040329
vn -0.374723 0.876187 -0.303116
vn -0.297121 0.924163 -0.240087
vn -0.530144 0.833352 -0.156432
vn -0.479304 0.876187 0.050634
vn -0.530144 0.833352 -0.156432
vn -0.374723 0.876187 -0.303116
vn -0.530139 0.833356 -0.156432
vn -0.530144 0.833352 -0.156432
vn -0.530139 0.833356 -0.156432
vn -0.530144 0.833352 -0.156432
s 1
g Planta:PC_ScenepolySurface10
usemtl Planta:phong1SG
f 342/403/714 344/404/715 341/406/716
f 341/406/716 344/404/715 343/405/717
s 2
f 346/407/718 342/403/719 345/408/720
f 345/408/720 342/403/719 341/406/721
s 3
f 348/410/722 346/407/723 347/409/724
f 347/409/724 346/407/723 345/408/725
s off
f 352/411/726 339/412/727 351/413/728
s 4
f 350/414/729 352/411/730 349/415/731
f 349/415/731 352/411/730 351/413/732
s 5
f 354/416/733 350/414/734 353/417/735
f 353/417/735 350/414/734 349/415/736
s 6
f 356/419/737 354/416/738 355/418/739
f 355/418/739 354/416/738 353/417/740
s 7
f 338/420/741 340/421/742 350/414/743
f 350/414/743 340/421/742 352/411/744
s 8
f 358/422/745 338/420/746 357/423/747
f 357/423/747 338/420/746 350/414/748
s 9
f 360/425/749 358/422/750 359/424/751
f 359/424/751 358/422/750 357/423/752
s off
f 351/413/753 339/412/754 362/426/755
s 10
f 349/415/756 351/413/757 361/427/758
f 361/427/758 351/413/757 362/426/759
s 11
f 364/428/760 349/415/761 363/429/762
f 363/429/762 349/415/761 361/427/763
s 12
f 366/431/764 364/428/765 365/430/766
f 365/430/766 364/428/765 363/429/767
s off
f 362/426/768 339/412/769 344/404/770
s 13
f 361/427/771 362/426/772 342/403/773
f 342/403/773 362/426/772 344/404/774
s 14
f 368/432/775 361/427/776 367/433/777
f 367/433/777 361/427/776 342/403/778
s 15
f 370/435/779 368/432/780 369/434/781
f 369/434/781 368/432/780 367/433/782
g default
v 0.456756 3.494522 0.059281
v 0.294659 3.494522 -0.165115
v 0.308793 3.553066 0.094377
v 0.214849 3.553066 -0.035673
v 0.498568 3.461870 0.011899
v 0.354032 3.460908 -0.191145
v 0.532025 3.401713 -0.105763
v 0.473916 3.401251 -0.187394
v 0.021367 3.494530 -0.209167
v 0.056462 3.553066 -0.061203
v 0.412705 3.494530 0.332573
v 0.283262 3.553066 0.252763
v 0.475775 3.461870 0.328634
v 0.517145 3.460908 0.082859
v 0.582631 3.401713 0.269092
v 0.599263 3.401251 0.170282
v 0.290719 3.461870 -0.228185
v 0.044944 3.460908 -0.269556
v 0.231177 3.401713 -0.335042
v 0.132367 3.401251 -0.351674
vt 0.352484 0.760845
vt 0.342024 0.736176
vt 0.358480 0.718613
vt 0.383321 0.728660
vt 0.362627 0.767093
vt 0.389740 0.738338
vt 0.394091 0.759304
vt 0.383334 0.770715
vt 0.357698 0.694557
vt 0.382367 0.684097
vt 0.394910 0.725906
vt 0.393749 0.686401
vt 0.411652 0.698150
vt 0.412113 0.713825
vt 0.307921 0.761799
vt 0.317968 0.736959
vt 0.310675 0.773389
vt 0.350181 0.772228
vt 0.338431 0.790130
vt 0.322756 0.790591
vn 0.311801 0.923065 -0.225236
vn 0.311801 0.923065 -0.225235
vn 0.311801 0.923065 -0.225235
vn 0.311801 0.923065 -0.225235
vn 0.399184 0.870363 -0.288305
vn 0.205336 0.920425 -0.332649
vn 0.398687 0.870709 -0.287950
vn 0.380412 0.920425 -0.090025
vn 0.430893 0.847130 -0.310971
vn 0.399184 0.870363 -0.288305
vn 0.430893 0.847130 -0.310971
vn 0.398687 0.870709 -0.287950
vn 0.380412 0.920425 -0.090025
vn 0.300175 0.951223 -0.071198
vn 0.332648 0.920425 0.205335
vn 0.262600 0.951224 0.161911
vn 0.486125 0.870365 0.078401
vn 0.380412 0.920425 -0.090025
vn 0.485522 0.870711 0.078301
vn 0.332648 0.920425 0.205335
vn 0.524589 0.847122 0.084798
vn 0.486125 0.870365 0.078401
vn 0.524589 0.847122 0.084798
vn 0.485522 0.870711 0.078301
vn -0.090025 0.920425 -0.380412
vn -0.071198 0.951224 -0.300174
vn 0.205336 0.920425 -0.332649
vn 0.161911 0.951224 -0.262599
vn 0.078403 0.870363 -0.486128
vn -0.090025 0.920425 -0.380412
vn 0.078303 0.870709 -0.485525
vn 0.205336 0.920425 -0.332649
vn 0.084799 0.847126 -0.524583
vn 0.078403 0.870363 -0.486128
vn 0.084799 0.847126 -0.524583
vn 0.078303 0.870709 -0.485525
s 1
g Planta:PC_ScenepolySurface13polySurface23
usemtl Planta:phong1SG
f 372/436/783 374/437/784 371/439/785
f 371/439/785 374/437/784 373/438/786
s 2
f 376/440/787 372/436/788 375/441/789
f 375/441/789 372/436/788 371/439/790
s 3
f 378/443/791 376/440/792 377/442/793
f 377/442/793 376/440/792 375/441/794
s 4
f 371/439/795 373/438/796 381/445/797
f 381/445/797 373/438/796 382/444/798
s 5
f 384/446/799 371/439/800 383/447/801
f 383/447/801 371/439/800 381/445/802
s 6
f 386/449/803 384/446/804 385/448/805
f 385/448/805 384/446/804 383/447/806
s 7
f 379/450/807 380/451/808 372/436/809
f 372/436/809 380/451/808 374/437/810
s 8
f 388/452/811 379/450/812 387/453/813
f 387/453/813 379/450/812 372/436/814
s 9
f 390/455/815 388/452/816 389/454/817
f 389/454/817 388/452/816 387/453/818
g default
v 0.166789 1.287960 0.250057
v 0.228743 1.287952 0.142752
v 0.166787 3.491461 0.250057
v 0.228741 3.491454 0.142752
vt 0.133989 0.000004
vt 0.633988 0.000000
vt 0.633977 0.999997
vt 0.133978 1.000000
vn 0.866020 0.000001 0.500009
vn 0.866020 0.000001 0.500009
vn 0.866020 0.000001 0.500009
vn 0.866020 0.000001 0.500009
s 1
g Planta:PC_ScenepolySurface13polySurface25polySurface100
usemtl Planta:phong2SG
f 391/456/819 392/457/820 393/459/821
f 393/459/821 392/457/820 394/458/822
g default
v 0.224660 0.844674 -0.064787
v 0.224660 0.844682 0.350291
v 0.344483 0.844674 0.142752
v 0.188304 0.995601 -0.001817
v 0.188304 0.995609 0.287322
v 0.271772 0.995601 0.142752
v 0.166789 1.287952 0.035448
v 0.166787 3.491454 0.035448
v -0.014984 0.844678 -0.064787
v 0.021370 0.995605 -0.001817
v 0.042885 1.287956 0.035448
v 0.042883 3.491457 0.035448
v 0.228743 1.287952 0.142752
v 0.166789 1.287960 0.250057
v 0.228741 3.491454 0.142752
vt 1.000000 0.233918
vt 1.000000 0.233923
vt 0.848294 0.415110
vt 0.848294 0.415105
vt 0.000000 0.233927
vt 0.500000 0.233918
vt 0.500000 0.415105
vt 0.151704 0.415115
vt 0.758515 0.766077
vt 0.758515 0.766072
vt 0.500000 0.766072
vt 0.241482 0.766082
vt 1.000000 0.000000
vt 0.866022 0.000002
vt 0.866011 0.999998
vt 0.999989 0.999997
vt 0.633988 0.000000
vt 0.633977 0.999997
vn 0.000006 0.385053 -0.922894
vn 0.000008 0.385052 -0.922895
vn 0.000007 0.385052 -0.922895
vn 0.000009 0.385050 -0.922896
vn 0.450452 0.434024 0.780203
vn 0.900900 0.434026 0.000000
vn 0.478636 0.289188 0.829022
vn 0.957272 0.289188 0.000000
vn 0.900900 0.434026 0.000000
vn 0.450453 0.434024 -0.780202
vn 0.957272 0.289188 0.000000
vn 0.478637 0.289187 -0.829022
vn 0.478637 0.289187 -0.829022
vn -0.478639 0.289188 -0.829020
vn 0.499893 0.020618 -0.865842
vn -0.499898 0.020617 -0.865839
vn 0.478636 0.289188 0.829022
vn 0.957272 0.289188 0.000000
vn 0.499892 0.020618 0.865842
vn 0.999788 0.020618 0.000000
vn 0.957272 0.289188 0.000000
vn 0.478637 0.289187 -0.829022
vn 0.999788 0.020618 0.000000
vn 0.499893 0.020618 -0.865842
vn 0.499893 0.020618 -0.865842
vn -0.499898 0.020617 -0.865839
vn 0.499999 0.000001 -0.866026
vn -0.500004 0.000000 -0.866023
vn 0.999788 0.020618 0.000000
vn 0.499893 0.020618 -0.865842
vn 1.000000 0.000001 0.000000
vn 0.499999 0.000001 -0.866026
s 1
g Planta:PC_ScenepolySurface13polySurface21
f 395/460/823 403/461/824 398/463/825
f 398/463/825 403/461/824 404/462/826
s 2
f 396/464/827 397/465/828 399/467/829
f 399/467/829 397/465/828 400/466/830
s 3
f 397/465/831 395/460/832 400/466/833
f 400/466/833 395/460/832 398/463/834
s 4
f 398/463/835 404/462/836 401/469/837
f 401/469/837 404/462/836 405/468/838
s 5
f 399/467/839 400/466/840 408/471/841
f 408/471/841 400/466/840 407/470/842
s 6
f 400/466/843 398/463/844 407/470/845
f 407/470/845 398/463/844 401/469/846
s 7
f 401/472/847 405/473/848 402/475/849
f 402/475/849 405/473/848 406/474/850
s 8
f 407/476/851 401/472/852 409/477/853
f 409/477/853 401/472/852 402/475/854
g default
v 0.442889 2.861539 0.019679
v 0.668443 2.557075 -0.086861
v 0.769334 2.417290 -0.067600
v 0.761278 2.405777 0.352820
v 0.916198 2.199905 0.219267
v 0.919437 2.204532 0.050244
v 0.254022 2.876653 -0.173750
v 0.342558 2.583154 -0.420617
v -0.105470 2.471547 -0.537356
v 0.314873 2.457218 -0.529661
v 0.180536 2.264925 -0.700532
v 0.011544 2.270685 -0.703625
v 0.429484 2.447006 -0.483844
v 0.720949 2.427212 -0.181177
v 0.739062 2.230015 -0.393321
v 0.621883 2.237972 -0.515004
v 0.662565 2.540074 0.379991
v -0.016482 2.888177 -0.176735
v -0.124188 2.603034 -0.425768
vt 0.373627 0.381289
vt 0.400776 0.459441
vt -0.000000 0.473840
vt 0.013002 0.396406
vt 0.111570 0.272972
vt 0.256554 0.266894
vt 0.775347 0.714720
vt 0.549928 0.785253
vt 0.518974 0.695130
vt 0.721935 0.559217
vt 0.869324 0.660482
vt 0.818595 0.521752
vt 0.979605 0.493778
vt 1.000000 0.549552
vt 0.332845 0.637305
vt 0.767174 0.483524
vt 0.476357 0.395628
vt 0.656855 0.315719
vt 0.773773 0.351056
vn 0.808383 0.587809 0.031588
vn 0.808384 0.587807 0.031586
vn 0.808387 0.587804 0.031584
vn 0.808388 0.587803 0.031583
vn 0.808375 0.587820 0.031585
vn 0.808379 0.587814 0.031586
vn 0.808375 0.587819 0.031585
vn 0.808379 0.587814 0.031586
vn -0.253355 0.688865 -0.679174
vn -0.230762 0.744900 -0.625997
vn 0.326360 0.664169 -0.672584
vn 0.306982 0.722000 -0.620063
vn 0.036046 0.649620 -0.759404
vn -0.253355 0.688865 -0.679174
vn 0.036046 0.649620 -0.759404
vn 0.326360 0.664169 -0.672584
vn 0.036046 0.649620 -0.759404
vn 0.036046 0.649620 -0.759404
vn 0.036046 0.649620 -0.759404
vn 0.036046 0.649620 -0.759404
vn 0.326360 0.664169 -0.672584
vn 0.306982 0.722000 -0.620063
vn 0.730986 0.631778 -0.257909
vn 0.682439 0.691953 -0.235538
vn 0.586247 0.617721 -0.524153
vn 0.326360 0.664169 -0.672584
vn 0.586247 0.617720 -0.524153
vn 0.730986 0.631778 -0.257909
vn 0.586244 0.617724 -0.524151
vn 0.586247 0.617721 -0.524153
vn 0.586244 0.617724 -0.524151
vn 0.586247 0.617720 -0.524153
s 1
g Planta:PC_ScenepolySurface13polySurface22
f 412/478/855 411/479/856 413/481/857
f 413/481/857 411/479/856 426/480/858
s 2
f 415/483/859 412/478/860 414/482/861
f 414/482/861 412/478/860 413/481/862
s 3
f 428/484/863 427/485/864 417/487/865
f 417/487/865 427/485/864 416/486/866
s 4
f 418/488/867 428/484/868 419/489/869
f 419/489/869 428/484/868 417/487/870
s 5
f 421/491/871 418/488/872 420/490/873
f 420/490/873 418/488/872 419/489/874
s 6
f 417/487/875 416/486/876 411/479/877
f 411/479/877 416/486/876 410/492/878
s 7
f 422/493/879 417/487/880 423/494/881
f 423/494/881 417/487/880 411/479/882
s 8
f 425/496/883 422/493/884 424/495/885
f 424/495/885 422/493/884 423/494/886
g default
v 0.388963 2.952984 0.426878
v 0.104837 2.952984 0.544566
v 0.104837 3.018478 0.142753
v 0.388963 2.952980 -0.141373
v 0.506652 2.952984 0.142753
vt 0.306329 0.719342
vt 0.328799 0.707710
vt 0.321134 0.731823
vt 0.340428 0.730180
vt 0.304687 0.700047
vn 0.160516 0.984791 0.066489
vn 0.160516 0.984791 0.066489
vn 0.160516 0.984791 0.066489
vn 0.229235 0.945993 0.229236
vn -0.000000 1.000000 -0.000000
vn 0.000000 0.945993 0.324188
vn 0.229236 0.945992 -0.229236
vn -0.000000 1.000000 -0.000000
vn 0.324188 0.945993 0.000000
s off
g Planta:PC_ScenepolySurface13polySurface25polySurface98
f 433/497/887 431/498/888 429/499/889
f 429/499/890 431/498/891 430/500/892
f 432/501/893 431/498/894 433/497/895
g default
v 0.121747 3.038588 0.157569
v 0.439483 2.851684 0.290244
v 0.328371 2.542104 0.706462
v 0.245799 2.852865 0.479451
v -0.024704 2.864384 0.476465
v -0.213571 2.879498 0.283036
v -0.210165 2.889354 0.012472
v 0.442889 2.861539 0.019679
v 0.254022 2.876653 -0.173750
v -0.016482 2.888177 -0.176735
v 0.668443 2.557075 -0.086861
v 0.662565 2.540074 0.379991
vt 0.267368 0.573211
vt 0.243156 0.565517
vt 0.265718 0.553839
vt 0.293098 0.583475
vt 0.291172 0.542905
vt 0.220593 0.577193
vt 0.235461 0.589726
vt 0.254835 0.588076
vt 0.250853 0.541306
vt 0.231480 0.542955
vt 0.261123 0.515578
vt 0.218945 0.557819
vn 0.494869 0.868143 0.037853
vn 0.494869 0.868143 0.037853
vn 0.494869 0.868143 0.037853
vn 0.730986 0.631778 -0.257909
vn 0.682439 0.691953 -0.235538
vn 0.723494 0.610665 0.321941
vn 0.675669 0.672361 0.302328
vn -0.615791 0.747240 -0.249866
vn 0.042111 0.998431 0.036898
vn -0.230762 0.744900 -0.625997
vn -0.230762 0.744900 -0.625997
vn 0.042111 0.998431 0.036898
vn 0.306982 0.722000 -0.620063
vn 0.290637 0.674701 0.678460
vn 0.042111 0.998431 0.036898
vn -0.247107 0.697602 0.672525
vn 0.675669 0.672361 0.302328
vn 0.042111 0.998431 0.036898
vn 0.290637 0.674701 0.678460
vn 0.723494 0.610665 0.321941
vn 0.675669 0.672361 0.302328
vn 0.308273 0.613199 0.727293
vn 0.290637 0.674701 0.678460
vn -0.247107 0.697602 0.672525
vn 0.042111 0.998431 0.036898
vn -0.622561 0.727649 0.288000
vn -0.622561 0.727649 0.288000
vn 0.042111 0.998431 0.036898
vn -0.615791 0.747240 -0.249866
vn 0.306982 0.722000 -0.620063
vn 0.042111 0.998431 0.036898
vn 0.682439 0.691953 -0.235538
s off
g Planta:PC_ScenepolySurface13polySurface25polySurface107
f 441/502/896 434/503/897 435/504/898
s 1
f 444/505/899 441/502/900 445/506/901
f 445/506/901 441/502/900 435/504/902
s off
f 440/507/903 434/503/904 443/508/905
f 443/508/906 434/503/907 442/509/908
f 437/510/909 434/503/910 438/511/911
f 435/504/912 434/503/913 437/510/914
s 2
f 445/506/915 435/504/916 436/512/917
f 436/512/917 435/504/916 437/510/918
s off
f 438/511/919 434/503/920 439/513/921
f 439/513/922 434/503/923 440/507/924
f 442/509/925 434/503/926 441/502/927
g default
v 0.511953 0.000000 0.377797
v 0.661529 1.000004 0.464160
v 0.426243 1.000004 0.699444
v 0.339882 0.000004 0.549863
v 0.574929 0.000000 0.142753
v 0.747649 1.000004 0.142753
vt 0.332794 0.918739
vt 0.339582 0.918739
vt 0.339582 0.941872
vt 0.332794 0.941872
vt 0.332799 0.918715
vt 0.339577 0.918715
vt 0.339577 0.941886
vt 0.332799 0.941886
vn 0.697454 -0.164563 0.697479
vn 0.697457 -0.164562 0.697477
vn 0.697463 -0.164559 0.697471
vn 0.697464 -0.164559 0.697470
vn 0.853389 -0.170199 0.492706
vn 0.985410 -0.170198 0.000000
vn 0.853389 -0.170199 0.492707
vn 0.985410 -0.170198 0.000000
s 1
g Planta:PC_ScenepolySurface13polySurface96polySurface25
f 449/514/928 446/515/929 448/517/930
f 448/517/930 446/515/929 447/516/931
s 2
f 446/518/932 450/519/933 447/521/934
f 447/521/934 450/519/933 451/520/935
g default
v -0.173656 1.000007 -0.339611
v -0.165558 0.818988 -0.325583
v -0.377526 1.000007 -0.135738
v -0.363496 0.818988 -0.127641
vt 0.332793 0.943666
vt 0.339583 0.943666
vt 0.339583 0.947928
vt 0.332793 0.947928
vn 0.704486 0.086109 0.704475
vn 0.704487 0.086111 0.704474
vn 0.704486 0.086110 0.704474
vn 0.704487 0.086113 0.704473
s 1
g Planta:PC_ScenepolySurface13polySurface25polySurface97
f 452/522/936 454/523/937 453/525/938
f 453/525/938 454/523/937 455/524/939
g default
v 0.599081 3.348013 0.090280
v 0.391277 3.455001 0.112342
v 0.578081 3.291832 0.460749
v 0.677290 3.290253 0.132938
v 0.734110 3.204314 0.398203
v 0.773996 3.203679 0.266412
v 0.417217 3.348013 -0.243834
v 0.285877 3.455001 -0.081294
v 0.422835 3.291832 -0.330491
v 0.095024 3.290253 -0.429701
v 0.360289 3.204314 -0.486521
v 0.228498 3.203679 -0.526406
v 0.664330 3.291832 0.032977
v 0.502684 3.290253 -0.268972
v 0.730432 3.204314 -0.121580
v 0.665445 3.203679 -0.242973
v 0.074428 3.455004 -0.143687
v 0.052365 3.348017 -0.351491
v 0.328884 3.455004 0.323792
v 0.491423 3.348017 0.455132
vt 0.382844 0.728288
vt 0.358220 0.718415
vt 0.357374 0.694601
vt 0.381766 0.684171
vt 0.394310 0.725526
vt 0.393042 0.686417
vt 0.410801 0.697996
vt 0.411305 0.713514
vt 0.308294 0.761322
vt 0.318166 0.736699
vt 0.341980 0.735852
vt 0.352411 0.760245
vt 0.311055 0.772788
vt 0.350164 0.771520
vt 0.338585 0.789280
vt 0.323067 0.789784
vt 0.362471 0.766400
vt 0.389229 0.737849
vt 0.393599 0.758594
vt 0.382983 0.769923
vn 0.464892 0.874678 0.137167
vn 0.464892 0.874677 0.137167
vn 0.464893 0.874677 0.137167
vn 0.464895 0.874676 0.137166
vn 0.530141 0.833355 0.156430
vn 0.479303 0.876188 -0.050634
vn 0.530141 0.833355 0.156430
vn 0.374722 0.876187 0.303115
vn 0.530140 0.833355 0.156431
vn 0.530141 0.833355 0.156430
vn 0.530139 0.833356 0.156431
vn 0.530141 0.833355 0.156430
vn -0.050634 0.876188 -0.479303
vn -0.040328 0.924163 -0.379863
vn 0.303114 0.876188 -0.374722
vn 0.240087 0.924163 -0.297121
vn 0.156430 0.833353 -0.530144
vn -0.050634 0.876188 -0.479303
vn 0.156430 0.833353 -0.530144
vn 0.303114 0.876188 -0.374722
vn 0.156429 0.833353 -0.530144
vn 0.156430 0.833353 -0.530144
vn 0.156429 0.833353 -0.530144
vn 0.156430 0.833353 -0.530144
vn 0.303114 0.876188 -0.374722
vn 0.240087 0.924163 -0.297121
vn 0.479303 0.876188 -0.050634
vn 0.379864 0.924163 -0.040329
vn 0.485478 0.833356 -0.264252
vn 0.303114 0.876188 -0.374722
vn 0.485478 0.833356 -0.264252
vn 0.479303 0.876188 -0.050634
vn 0.485480 0.833355 -0.264253
vn 0.485478 0.833356 -0.264252
vn 0.485480 0.833355 -0.264253
vn 0.485478 0.833356 -0.264252
s 1
g Planta:PC_ScenepolySurface13polySurface24
f 456/526/940 457/527/941 475/529/942
f 475/529/942 457/527/941 474/528/943
s 2
f 459/530/944 456/526/945 458/531/946
f 458/531/946 456/526/945 475/529/947
s 3
f 461/533/948 459/530/949 460/532/950
f 460/532/950 459/530/949 458/531/951
s 4
f 473/534/952 472/535/953 462/537/954
f 462/537/954 472/535/953 463/536/955
s 5
f 465/538/956 473/534/957 464/539/958
f 464/539/958 473/534/957 462/537/959
s 6
f 467/541/960 465/538/961 466/540/962
f 466/540/962 465/538/961 464/539/963
s 7
f 462/537/964 463/536/965 456/526/966
f 456/526/966 463/536/965 457/527/967
s 8
f 469/542/968 462/537/969 468/543/970
f 468/543/970 462/537/969 456/526/971
s 9
f 471/545/972 469/542/973 470/544/974
f 470/544/974 469/542/973 468/543/975
g default
v 0.104838 3.579881 0.142752
v -0.203029 3.494530 -0.047069
v -0.247081 3.494530 0.226223
v -0.073587 3.553066 0.032741
v -0.099117 3.553066 0.191128
v -0.266099 3.461878 -0.043129
v -0.307470 3.460916 0.202646
v -0.372956 3.401721 0.016412
v -0.389588 3.401259 0.115222
v -0.026016 3.461878 -0.250978
v -0.229060 3.460916 -0.106442
v -0.143678 3.401721 -0.284435
v -0.225308 3.401259 -0.226327
v 0.188309 3.494530 0.494671
v 0.153214 3.553066 0.346707
v 0.235691 3.461878 0.536483
v 0.438735 3.460916 0.391946
v 0.353353 3.401721 0.569939
v 0.434983 3.401259 0.511831
v -0.084984 3.494530 0.450619
v -0.005174 3.553066 0.321177
v -0.081044 3.461878 0.513689
v 0.164731 3.460916 0.555060
v -0.021502 3.401721 0.620546
v 0.077308 3.401259 0.637178
v -0.288893 3.461878 0.273606
v -0.144357 3.460916 0.476649
v -0.322348 3.401721 0.391267
v -0.264241 3.401259 0.472898
v 0.308793 3.553063 0.094377
v 0.214849 3.553063 -0.035673
v 0.056462 3.553063 -0.061203
v 0.021367 3.494526 -0.209167
v 0.283262 3.553063 0.252763
v 0.412705 3.494526 0.332573
vt 0.342024 0.736176
vt 0.329051 0.707530
vt 0.358480 0.718613
vt 0.299623 0.696446
vt 0.300405 0.720502
vt 0.274782 0.686399
vt 0.275735 0.730963
vt 0.263193 0.689154
vt 0.264354 0.728659
vt 0.246451 0.716910
vt 0.245989 0.701234
vt 0.317968 0.736959
vt 0.307921 0.761799
vt 0.269488 0.741105
vt 0.298244 0.768219
vt 0.277277 0.772570
vt 0.265866 0.761812
vt 0.357698 0.694557
vt 0.340135 0.678101
vt 0.382367 0.684097
vt 0.350182 0.653261
vt 0.388615 0.673955
vt 0.359859 0.646841
vt 0.380826 0.642490
vt 0.392237 0.653248
vt 0.316079 0.678883
vt 0.305619 0.654214
vt 0.347428 0.641671
vt 0.307922 0.642832
vt 0.319672 0.624929
vt 0.335347 0.624468
vt 0.295476 0.647966
vt 0.268363 0.676722
vt 0.264011 0.655755
vt 0.274769 0.644344
vn 0.111195 0.990547 -0.080323
vn 0.111195 0.990547 -0.080323
vn 0.111195 0.990547 -0.080323
vn -0.300175 0.951223 0.071198
vn -0.000000 1.000000 -0.000000
vn -0.262600 0.951224 -0.161911
vn -0.380415 0.920424 0.090025
vn -0.300175 0.951223 0.071198
vn -0.332650 0.920424 -0.205336
vn -0.262600 0.951224 -0.161911
vn -0.486132 0.870361 -0.078404
vn -0.380415 0.920424 0.090025
vn -0.485528 0.870707 -0.078303
vn -0.332650 0.920424 -0.205336
vn -0.524578 0.847129 -0.084799
vn -0.486132 0.870361 -0.078404
vn -0.524578 0.847129 -0.084799
vn -0.485528 0.870707 -0.078303
vn -0.262600 0.951224 -0.161911
vn -0.000000 1.000000 -0.000000
vn -0.071198 0.951224 -0.300174
vn -0.332650 0.920424 -0.205336
vn -0.262600 0.951224 -0.161911
vn -0.090025 0.920425 -0.380412
vn -0.071198 0.951224 -0.300174
vn -0.288305 0.870363 -0.399185
vn -0.332650 0.920424 -0.205336
vn -0.287949 0.870709 -0.398688
vn -0.090025 0.920425 -0.380412
vn -0.310974 0.847127 -0.430896
vn -0.288305 0.870363 -0.399185
vn -0.310974 0.847127 -0.430896
vn -0.287949 0.870709 -0.398688
vn 0.262600 0.951224 0.161911
vn -0.000000 1.000000 -0.000000
vn 0.071198 0.951224 0.300174
vn 0.332648 0.920425 0.205335
vn 0.262600 0.951224 0.161911
vn 0.090026 0.920425 0.380412
vn 0.071198 0.951224 0.300174
vn 0.288307 0.870361 0.399187
vn 0.332648 0.920425 0.205335
vn 0.287951 0.870707 0.398690
vn 0.090026 0.920425 0.380412
vn 0.310977 0.847125 0.430898
vn 0.288307 0.870361 0.399187
vn 0.310977 0.847125 0.430898
vn 0.287951 0.870707 0.398690
vn 0.300175 0.951223 -0.071198
vn -0.000000 1.000000 -0.000000
vn 0.262600 0.951224 0.161911
vn 0.071198 0.951224 0.300174
vn -0.000000 1.000000 -0.000000
vn -0.161911 0.951223 0.262600
vn 0.090026 0.920425 0.380412
vn 0.071198 0.951224 0.300174
vn -0.205335 0.920425 0.332649
vn -0.161911 0.951223 0.262600
vn -0.078402 0.870364 0.486128
vn 0.090026 0.920425 0.380412
vn -0.078302 0.870710 0.485524
vn -0.205335 0.920425 0.332649
vn -0.084798 0.847126 0.524583
vn -0.078402 0.870364 0.486128
vn -0.084798 0.847126 0.524583
vn -0.078302 0.870710 0.485524
vn -0.161911 0.951223 0.262600
vn -0.000000 1.000000 -0.000000
vn -0.300175 0.951223 0.071198
vn -0.205335 0.920425 0.332649
vn -0.161911 0.951223 0.262600
vn -0.380415 0.920424 0.090025
vn -0.300175 0.951223 0.071198
vn -0.399184 0.870364 0.288304
vn -0.205335 0.920425 0.332649
vn -0.398687 0.870709 0.287949
vn -0.380415 0.920424 0.090025
vn -0.430898 0.847127 0.310971
vn -0.399184 0.870364 0.288304
vn -0.430898 0.847127 0.310971
vn -0.398687 0.870709 0.287949
vn -0.071198 0.951224 -0.300174
vn -0.000000 1.000000 -0.000000
vn 0.161911 0.951224 -0.262599
s off
g Planta:PC_ScenepolySurface9
f 506/546/976 476/547/977 505/548/978
f 480/549/979 476/547/980 479/550/981
s 1
f 478/551/982 480/549/983 477/552/984
f 477/552/984 480/549/983 479/550/985
s 2
f 482/553/986 478/551/987 481/554/988
f 481/554/988 478/551/987 477/552/989
s 3
f 484/556/990 482/553/991 483/555/992
f 483/555/992 482/553/991 481/554/993
s off
f 479/550/994 476/547/995 507/557/996
s 4
f 477/552/997 479/550/998 508/558/999
f 508/558/999 479/550/998 507/557/1000
s 5
f 486/559/1001 477/552/1002 485/560/1003
f 485/560/1003 477/552/1002 508/558/1004
s 6
f 488/562/1005 486/559/1006 487/561/1007
f 487/561/1007 486/559/1006 485/560/1008
s off
f 509/563/1009 476/547/1010 490/564/1011
s 7
f 510/565/1012 509/563/1013 489/566/1014
f 489/566/1014 509/563/1013 490/564/1015
s 8
f 492/567/1016 510/565/1017 491/568/1018
f 491/568/1018 510/565/1017 489/566/1019
s 9
f 494/570/1020 492/567/1021 493/569/1022
f 493/569/1022 492/567/1021 491/568/1023
s off
f 505/548/1024 476/547/1025 509/563/1026
f 490/564/1027 476/547/1028 496/571/1029
s 10
f 489/566/1030 490/564/1031 495/572/1032
f 495/572/1032 490/564/1031 496/571/1033
s 11
f 498/573/1034 489/566/1035 497/574/1036
f 497/574/1036 489/566/1035 495/572/1037
s 12
f 500/576/1038 498/573/1039 499/575/1040
f 499/575/1040 498/573/1039 497/574/1041
s off
f 496/571/1042 476/547/1043 480/549/1044
s 13
f 495/572/1045 496/571/1046 478/551/1047
f 478/551/1047 496/571/1046 480/549/1048
s 14
f 502/577/1049 495/572/1050 501/578/1051
f 501/578/1051 495/572/1050 478/551/1052
s 15
f 504/580/1053 502/577/1054 503/579/1055
f 503/579/1055 502/577/1054 501/578/1056
s off
f 507/557/1057 476/547/1058 506/546/1059
g default
v 0.595086 2.836880 0.633003
v 0.798156 2.836880 0.142752
v 0.104837 3.018482 0.142753
v 0.388963 2.952987 0.426878
v 0.506652 2.952987 0.142753
v 0.714467 2.785940 0.653557
v 0.900361 2.784508 0.213444
v 0.940114 2.706587 0.589773
v 1.014852 2.706012 0.412833
v 0.104837 2.836880 -0.550567
v -0.385413 2.836880 -0.347498
v 0.104837 2.952987 -0.259062
v -0.179288 2.952987 -0.141373
v 0.034957 2.785940 -0.649514
v -0.407698 2.784508 -0.469755
v -0.169701 2.706587 -0.763969
v -0.347665 2.706012 -0.691701
v -0.385413 2.836880 0.633003
v 0.104837 2.836880 0.836071
v -0.179288 2.952987 0.426878
v 0.104837 2.952987 0.544566
v -0.405967 2.785940 0.752382
v 0.034146 2.784508 0.938277
v -0.342185 2.706587 0.978030
v -0.165244 2.706012 1.052766
v 0.174716 2.785940 0.935019
v 0.617372 2.784508 0.755259
v 0.379377 2.706587 1.049475
v 0.557338 2.706012 0.977205
v -0.588483 2.836880 0.142753
v -0.296977 2.952987 0.142753
v -0.687430 2.785940 0.212633
v -0.507670 2.784508 0.655288
v -0.801886 2.706587 0.417292
v -0.729615 2.706012 0.595254
v -0.504792 2.785940 -0.368052
v -0.690688 2.784508 0.072061
v -0.730441 2.706587 -0.304269
v -0.805177 2.706012 -0.127329
vt 0.280981 0.730234
vt 0.306329 0.719342
vt 0.321134 0.731823
vt 0.310909 0.757448
vt 0.274302 0.741918
vt 0.300090 0.764913
vt 0.278694 0.772383
vt 0.268705 0.763472
vt 0.346689 0.657972
vt 0.336465 0.683597
vt 0.317169 0.685241
vt 0.306276 0.659895
vt 0.343145 0.644987
vt 0.308646 0.646966
vt 0.318491 0.626554
vt 0.331856 0.625788
vt 0.340428 0.730180
vt 0.328799 0.707710
vt 0.352911 0.715376
vt 0.351314 0.755531
vt 0.378533 0.725605
vt 0.362995 0.762212
vt 0.385996 0.736428
vt 0.393460 0.757828
vt 0.384547 0.767815
vt 0.314446 0.770432
vt 0.348941 0.768461
vt 0.339091 0.788871
vt 0.325726 0.789633
vt 0.351270 0.696080
vt 0.376621 0.685193
vt 0.391516 0.722070
vt 0.389552 0.687571
vt 0.409960 0.697428
vt 0.410719 0.710793
vt 0.383300 0.673512
vt 0.357511 0.650507
vt 0.378912 0.643044
vt 0.388900 0.651958
vn 0.365760 0.918295 0.151504
vn 0.365760 0.918295 0.151504
vn 0.365760 0.918295 0.151504
vn 0.365761 0.918295 0.151503
vn 0.365760 0.918296 0.151503
vn 0.370032 0.929019 0.000191
vn 0.365760 0.918296 0.151503
vn 0.261516 0.929019 0.261788
vn 0.365756 0.918297 0.151502
vn 0.365760 0.918296 0.151503
vn 0.365756 0.918297 0.151502
vn 0.365760 0.918296 0.151503
vn -0.261516 0.929019 -0.261787
vn -0.229235 0.945993 -0.229235
vn 0.000192 0.929019 -0.370031
vn 0.000000 0.945993 -0.324188
vn -0.151502 0.918296 -0.365760
vn -0.261516 0.929019 -0.261787
vn -0.151502 0.918296 -0.365760
vn 0.000192 0.929019 -0.370031
vn -0.151501 0.918297 -0.365758
vn -0.151502 0.918296 -0.365760
vn -0.151501 0.918297 -0.365758
vn -0.151502 0.918296 -0.365760
vn 0.000000 0.945993 0.324188
vn -0.000000 1.000000 -0.000000
vn -0.229235 0.945993 0.229236
vn -0.000192 0.929019 0.370032
vn 0.000000 0.945993 0.324188
vn -0.261787 0.929019 0.261516
vn -0.229235 0.945993 0.229236
vn -0.151503 0.918295 0.365760
vn -0.000192 0.929019 0.370032
vn -0.151503 0.918295 0.365760
vn -0.261787 0.929019 0.261516
vn -0.151501 0.918297 0.365758
vn -0.151503 0.918295 0.365760
vn -0.151501 0.918297 0.365758
vn -0.151503 0.918295 0.365760
vn 0.261516 0.929019 0.261788
vn 0.229235 0.945993 0.229236
vn -0.000192 0.929019 0.370032
vn 0.000000 0.945993 0.324188
vn 0.151503 0.918296 0.365759
vn 0.261516 0.929019 0.261788
vn 0.151503 0.918296 0.365759
vn -0.000192 0.929019 0.370032
vn 0.151503 0.918296 0.365759
vn 0.151503 0.918296 0.365759
vn 0.151503 0.918296 0.365759
vn 0.151503 0.918296 0.365759
vn -0.229235 0.945993 0.229236
vn -0.000000 1.000000 -0.000000
vn -0.324187 0.945993 0.000000
vn -0.261787 0.929019 0.261516
vn -0.229235 0.945993 0.229236
vn -0.370031 0.929020 -0.000192
vn -0.324187 0.945993 0.000000
vn -0.365759 0.918296 0.151503
vn -0.261787 0.929019 0.261516
vn -0.365759 0.918296 0.151503
vn -0.370031 0.929020 -0.000192
vn -0.365759 0.918296 0.151504
vn -0.365759 0.918296 0.151503
vn -0.365759 0.918296 0.151504
vn -0.365759 0.918296 0.151503
vn -0.370031 0.929020 -0.000192
vn -0.324187 0.945993 0.000000
vn -0.261516 0.929019 -0.261787
vn -0.229235 0.945993 -0.229235
vn -0.365761 0.918295 -0.151504
vn -0.370031 0.929020 -0.000192
vn -0.365761 0.918295 -0.151504
vn -0.261516 0.929019 -0.261787
vn -0.365759 0.918296 -0.151503
vn -0.365761 0.918295 -0.151504
vn -0.365759 0.918296 -0.151503
vn -0.365761 0.918295 -0.151504
s 1
g Planta:PC_ScenepolySurface6
f 512/581/1060 515/582/1061 511/584/1062
f 511/584/1062 515/582/1061 514/583/1063
s 2
f 517/585/1064 512/581/1065 516/586/1066
f 516/586/1066 512/581/1065 511/584/1067
s 3
f 519/588/1068 517/585/1069 518/587/1070
f 518/587/1070 517/585/1069 516/586/1071
s 4
f 521/589/1072 523/590/1073 520/592/1074
f 520/592/1074 523/590/1073 522/591/1075
s 5
f 525/593/1076 521/589/1077 524/594/1078
f 524/594/1078 521/589/1077 520/592/1079
s 6
f 527/596/1080 525/593/1081 526/595/1082
f 526/595/1082 525/593/1081 524/594/1083
s off
f 531/597/1084 513/598/1085 530/599/1086
s 7
f 529/600/1087 531/597/1088 528/601/1089
f 528/601/1089 531/597/1088 530/599/1090
s 8
f 533/602/1091 529/600/1092 532/603/1093
f 532/603/1093 529/600/1092 528/601/1094
s 9
f 535/605/1095 533/602/1096 534/604/1097
f 534/604/1097 533/602/1096 532/603/1098
s 10
f 511/584/1099 514/583/1100 529/600/1101
f 529/600/1101 514/583/1100 531/597/1102
s 11
f 537/606/1103 511/584/1104 536/607/1105
f 536/607/1105 511/584/1104 529/600/1106
s 12
f 539/609/1107 537/606/1108 538/608/1109
f 538/608/1109 537/606/1108 536/607/1110
s off
f 530/599/1111 513/598/1112 541/610/1113
s 13
f 528/601/1114 530/599/1115 540/611/1116
f 540/611/1116 530/599/1115 541/610/1117
s 14
f 543/612/1118 528/601/1119 542/613/1120
f 542/613/1120 528/601/1119 540/611/1121
s 15
f 545/615/1122 543/612/1123 544/614/1124
f 544/614/1124 543/612/1123 542/613/1125
s 16
f 540/611/1126 541/610/1127 521/589/1128
f 521/589/1128 541/610/1127 523/590/1129
s 17
f 547/616/1130 540/611/1131 546/617/1132
f 546/617/1132 540/611/1131 521/589/1133
s 18
f 549/619/1134 547/616/1135 548/618/1136
f 548/618/1136 547/616/1135 546/617/1137
g default
v -0.014984 0.844682 -0.064787
v -0.134809 0.844682 0.142752
v -0.014984 0.844682 0.350291
v 0.021370 0.995609 -0.001817
v -0.062095 0.995609 0.142752
v 0.021370 0.995609 0.287322
v 0.042885 1.287960 0.035448
v -0.019067 1.287960 0.142752
v 0.042885 1.287960 0.250057
v 0.042883 3.491461 0.035448
v -0.019068 3.491461 0.142752
v 0.042883 3.491461 0.250057
v 0.224660 0.844678 0.350291
v 0.188304 0.995605 0.287322
v 0.166789 1.287956 0.250057
v 0.166787 3.491457 0.250057
vt 1.000000 0.233927
vt 0.500000 0.233927
vt 0.500000 0.415115
vt 0.848294 0.415115
vt 0.000000 0.233927
vt 0.151704 0.415115
vt 0.000000 0.233923
vt 0.151704 0.415110
vt 0.500000 0.766082
vt 0.758515 0.766082
vt 0.241482 0.766082
vt 0.241482 0.766077
vt 0.866022 0.000004
vt 0.366030 0.000004
vt 0.366020 1.000000
vt 0.866011 1.000000
vt 0.000011 0.000004
vt 0.000000 1.000000
vt 0.133989 0.000002
vt 0.133978 0.999998
vn -0.799249 0.385045 -0.461456
vn -0.799250 0.385053 -0.461448
vn -0.799249 0.385051 -0.461450
vn -0.799251 0.385065 -0.461436
vn -0.900900 0.434026 -0.000000
vn -0.450450 0.434023 0.780204
vn -0.957272 0.289188 0.000000
vn -0.478639 0.289188 0.829021
vn -0.450450 0.434023 0.780204
vn 0.450452 0.434024 0.780203
vn -0.478639 0.289188 0.829021
vn 0.478636 0.289188 0.829022
vn -0.478639 0.289188 -0.829020
vn -0.957272 0.289188 0.000000
vn -0.499898 0.020617 -0.865839
vn -0.999787 0.020617 -0.000000
vn -0.957272 0.289188 0.000000
vn -0.478639 0.289188 0.829021
vn -0.999787 0.020617 -0.000000
vn -0.499896 0.020617 0.865840
vn -0.478639 0.289188 0.829021
vn 0.478636 0.289188 0.829022
vn -0.499896 0.020617 0.865840
vn 0.499892 0.020618 0.865842
vn -0.499898 0.020617 -0.865839
vn -0.999787 0.020617 -0.000000
vn -0.500004 0.000000 -0.866023
vn -1.000000 -0.000001 0.000000
vn -0.999787 0.020617 -0.000000
vn -0.499896 0.020617 0.865840
vn -1.000000 -0.000001 0.000000
vn -0.500003 0.000000 0.866024
vn -0.499896 0.020617 0.865840
vn 0.499892 0.020618 0.865842
vn -0.500003 0.000000 0.866024
vn 0.499998 0.000001 0.866027
s 1
g Planta:PC_ScenepolySurface7
f 550/620/1138 551/621/1139 553/623/1140
f 553/623/1140 551/621/1139 554/622/1141
s 2
f 551/621/1142 552/624/1143 554/622/1144
f 554/622/1144 552/624/1143 555/625/1145
s 3
f 552/624/1146 562/626/1147 555/625/1148
f 555/625/1148 562/626/1147 563/627/1149
s 4
f 553/623/1150 554/622/1151 556/629/1152
f 556/629/1152 554/622/1151 557/628/1153
s 5
f 554/622/1154 555/625/1155 557/628/1156
f 557/628/1156 555/625/1155 558/630/1157
s 6
f 555/625/1158 563/627/1159 558/630/1160
f 558/630/1160 563/627/1159 564/631/1161
s 7
f 556/632/1162 557/633/1163 559/635/1164
f 559/635/1164 557/633/1163 560/634/1165
s 8
f 557/633/1166 558/636/1167 560/634/1168
f 560/634/1168 558/636/1167 561/637/1169
s 9
f 558/636/1170 564/638/1171 561/637/1172
f 561/637/1172 564/638/1171 565/639/1173
g default
v -0.377526 1.000007 -0.135738
v -0.452147 1.000007 0.142753
v -0.377526 1.000007 0.421245
v -0.173656 1.000007 0.625113
v 0.104836 1.000007 0.699735
v 0.383328 1.000007 0.625113
v -0.363496 0.818988 -0.127641
v -0.435947 0.818988 0.142753
v -0.363496 0.818988 0.413145
v -0.165558 0.818988 0.611088
v 0.104836 0.818988 0.683538
v 0.375230 0.818988 0.611088
vt 0.332787 0.943647
vt 0.339589 0.943647
vt 0.339589 0.947901
vt 0.332787 0.947901
vt 0.332783 0.943635
vt 0.339593 0.943635
vt 0.339593 0.947884
vt 0.332783 0.947884
vt 0.332784 0.943636
vt 0.339593 0.943636
vt 0.339593 0.947885
vt 0.332784 0.947885
vt 0.332786 0.943642
vt 0.339590 0.943642
vt 0.339590 0.947895
vt 0.332786 0.947895
vt 0.332789 0.943653
vt 0.339587 0.943653
vt 0.339587 0.947910
vt 0.332789 0.947910
vn 0.962338 0.086121 0.257856
vn 0.962338 0.086122 0.257855
vn 0.962338 0.086121 0.257855
vn 0.962338 0.086123 0.257854
vn 0.996020 0.089134 0.000000
vn 0.862580 0.089130 -0.498007
vn 0.996020 0.089134 0.000000
vn 0.862580 0.089130 -0.498007
vn 0.862580 0.089130 -0.498007
vn 0.498013 0.089120 -0.862578
vn 0.862580 0.089130 -0.498007
vn 0.498011 0.089120 -0.862579
vn 0.498013 0.089120 -0.862578
vn 0.000000 0.089113 -0.996022
vn 0.498011 0.089120 -0.862579
vn 0.000000 0.089113 -0.996022
vn 0.000000 0.089113 -0.996022
vn -0.498009 0.089110 -0.862581
vn 0.000000 0.089113 -0.996022
vn -0.498009 0.089110 -0.862581
s 1
g Planta:PC_ScenepolySurface13polySurface19
f 566/640/1174 567/641/1175 572/643/1176
f 572/643/1176 567/641/1175 573/642/1177
s 2
f 567/644/1178 568/645/1179 573/647/1180
f 573/647/1180 568/645/1179 574/646/1181
s 3
f 568/648/1182 569/649/1183 574/651/1184
f 574/651/1184 569/649/1183 575/650/1185
s 4
f 569/652/1186 570/653/1187 575/655/1188
f 575/655/1188 570/653/1187 576/654/1189
s 5
f 570/656/1190 571/657/1191 576/659/1192
f 576/659/1192 571/657/1191 577/658/1193
g default
v 0.595086 2.836873 -0.347498
v 0.388963 2.952980 -0.141373
v 0.615642 2.785932 -0.466878
v 0.175527 2.784501 -0.652773
v 0.551858 2.706579 -0.692525
v 0.374917 2.706004 -0.767262
v 0.897103 2.785932 0.072872
v 0.717343 2.784501 -0.369782
v 1.011560 2.706579 -0.131786
v 0.939290 2.706004 -0.309749
v 0.506652 2.952984 0.142753
v 0.104837 2.952984 -0.259062
v 0.104837 3.018478 0.142753
v 0.104837 2.836877 -0.550567
v 0.798156 2.836877 0.142752
vt 0.317169 0.685241
vt 0.328799 0.707710
vt 0.304687 0.700047
vt 0.306276 0.659895
vt 0.279061 0.689827
vt 0.294589 0.653218
vt 0.271595 0.679010
vt 0.264123 0.657615
vt 0.273032 0.647624
vt 0.306329 0.719342
vt 0.280981 0.730234
vt 0.266076 0.693368
vt 0.268052 0.727864
vt 0.247641 0.718018
vt 0.246877 0.704653
vn 0.066502 0.984790 -0.160516
vn 0.066502 0.984790 -0.160516
vn 0.066502 0.984790 -0.160516
vn 0.000192 0.929019 -0.370031
vn 0.000000 0.945993 -0.324188
vn 0.261787 0.929019 -0.261518
vn 0.229236 0.945992 -0.229236
vn 0.151503 0.918296 -0.365759
vn 0.000192 0.929019 -0.370031
vn 0.151503 0.918296 -0.365759
vn 0.261787 0.929019 -0.261518
vn 0.151503 0.918295 -0.365761
vn 0.151503 0.918296 -0.365759
vn 0.151503 0.918295 -0.365761
vn 0.151503 0.918296 -0.365759
vn 0.261787 0.929019 -0.261518
vn 0.229236 0.945992 -0.229236
vn 0.370032 0.929019 0.000191
vn 0.324188 0.945993 0.000000
vn 0.365760 0.918295 -0.151503
vn 0.261787 0.929019 -0.261518
vn 0.365760 0.918295 -0.151503
vn 0.370032 0.929019 0.000191
vn 0.365758 0.918296 -0.151503
vn 0.365760 0.918295 -0.151503
vn 0.365758 0.918296 -0.151503
vn 0.365760 0.918295 -0.151503
s off
g Planta:PC_ScenepolySurface13polySurface20
f 589/660/1194 590/661/1195 579/662/1196
s 1
f 591/663/1197 589/660/1198 578/664/1199
f 578/664/1199 589/660/1198 579/662/1200
s 2
f 581/665/1201 591/663/1202 580/666/1203
f 580/666/1203 591/663/1202 578/664/1204
s 3
f 583/668/1205 581/665/1206 582/667/1207
f 582/667/1207 581/665/1206 580/666/1208
s 4
f 578/664/1209 579/662/1210 592/670/1211
f 592/670/1211 579/662/1210 588/669/1212
s 5
f 585/671/1213 578/664/1214 584/672/1215
f 584/672/1215 578/664/1214 592/670/1216
s 6
f 587/674/1217 585/671/1218 586/673/1219
f 586/673/1219 585/671/1218 584/672/1220
g default
v 0.662565 2.540078 0.379991
v -0.210165 2.889357 0.012472
v -0.016482 2.888180 -0.176735
v -0.458382 2.605069 -0.099297
v -0.124188 2.603038 -0.425768
v -0.522157 2.476543 -0.196787
v -0.219079 2.478225 -0.488493
v -0.432201 2.284194 -0.522405
v -0.554050 2.283517 -0.405130
v 0.245799 2.852868 0.479451
v -0.024704 2.864388 0.476465
v 0.328371 2.542108 0.706462
v -0.138374 2.561985 0.701311
v 0.298315 2.404801 0.808115
v -0.121716 2.426476 0.800692
v -0.004558 2.211503 0.956513
v 0.164309 2.202787 0.959497
v 0.715002 2.399812 0.467547
v 0.412233 2.405477 0.759525
v 0.608181 2.192241 0.778387
v 0.729903 2.189963 0.661002
v -0.213571 2.879502 0.283036
v -0.464260 2.588064 0.367555
v -0.236638 2.429342 0.754605
v -0.527794 2.456482 0.452210
v -0.563084 2.246413 0.649302
v -0.446029 2.235501 0.770875
v -0.576488 2.459058 0.338361
v -0.568121 2.477917 -0.081789
v -0.740219 2.276523 0.036714
v -0.743583 2.268940 0.205627
vt 0.195141 0.588129
vt 0.220593 0.577193
vt 0.235461 0.589726
vt 0.225199 0.615457
vt 0.188438 0.599864
vt 0.214337 0.622953
vt 0.192855 0.630456
vt 0.182822 0.621511
vt 0.261123 0.515578
vt 0.250853 0.541306
vt 0.231480 0.542955
vt 0.220551 0.517500
vt 0.257574 0.502542
vt 0.222936 0.504517
vt 0.232830 0.484024
vt 0.246250 0.483261
vt 0.297879 0.531175
vt 0.291172 0.542905
vt 0.261123 0.515578
vt 0.271988 0.508083
vt 0.293473 0.500586
vt 0.303503 0.509533
vt 0.218945 0.557819
vt 0.193217 0.547550
vt 0.208823 0.510792
vt 0.185724 0.536681
vt 0.178232 0.515192
vt 0.187183 0.505165
vt 0.180180 0.551102
vt 0.182157 0.585745
vt 0.161663 0.575850
vt 0.160901 0.562428
vn -0.519925 0.664828 -0.536360
vn -0.519925 0.664828 -0.536360
vn -0.519925 0.664828 -0.536360
vn -0.519924 0.664828 -0.536361
vn -0.519925 0.664827 -0.536361
vn -0.668575 0.691397 -0.273821
vn -0.519925 0.664827 -0.536361
vn -0.253355 0.688865 -0.679174
vn -0.519924 0.664826 -0.536363
vn -0.519925 0.664827 -0.536361
vn -0.519924 0.664826 -0.536363
vn -0.519925 0.664827 -0.536361
vn 0.308273 0.613199 0.727293
vn 0.290637 0.674701 0.678460
vn -0.271442 0.637895 0.720701
vn -0.247107 0.697602 0.672525
vn 0.016349 0.592627 0.805311
vn 0.308273 0.613199 0.727293
vn 0.016349 0.592627 0.805311
vn -0.271442 0.637895 0.720701
vn 0.016349 0.592629 0.805310
vn 0.016349 0.592627 0.805311
vn 0.016349 0.592629 0.805310
vn 0.016349 0.592627 0.805311
vn 0.572321 0.577419 0.582269
vn 0.723494 0.610665 0.321941
vn 0.572321 0.577418 0.582269
vn 0.308273 0.613199 0.727293
vn 0.572320 0.577423 0.582265
vn 0.572321 0.577419 0.582269
vn 0.572320 0.577423 0.582265
vn 0.572321 0.577418 0.582269
vn -0.271442 0.637895 0.720701
vn -0.247107 0.697602 0.672525
vn -0.676066 0.670285 0.306027
vn -0.622561 0.727649 0.288000
vn -0.533850 0.624526 0.570063
vn -0.271442 0.637895 0.720701
vn -0.533850 0.624526 0.570063
vn -0.676066 0.670285 0.306027
vn -0.533849 0.624526 0.570064
vn -0.533850 0.624526 0.570063
vn -0.533849 0.624526 0.570064
vn -0.533850 0.624526 0.570063
vn -0.676066 0.670285 0.306027
vn -0.622561 0.727649 0.288000
vn -0.668575 0.691397 -0.273821
vn -0.615791 0.747240 -0.249866
vn -0.755987 0.654429 0.014320
vn -0.676066 0.670285 0.306027
vn -0.755988 0.654429 0.014320
vn -0.668575 0.691397 -0.273821
vn -0.755983 0.654435 0.014321
vn -0.755987 0.654429 0.014320
vn -0.755983 0.654435 0.014321
vn -0.755988 0.654429 0.014320
s 1
g Planta:PC_ScenepolySurface8
f 596/675/1221 594/676/1222 597/678/1223
f 597/678/1223 594/676/1222 595/677/1224
s 2
f 598/679/1225 596/675/1226 599/680/1227
f 599/680/1227 596/675/1226 597/678/1228
s 3
f 601/682/1229 598/679/1230 600/681/1231
f 600/681/1231 598/679/1230 599/680/1232
s 4
f 604/683/1233 602/684/1234 605/686/1235
f 605/686/1235 602/684/1234 603/685/1236
s 5
f 606/687/1237 604/683/1238 607/688/1239
f 607/688/1239 604/683/1238 605/686/1240
s 6
f 609/690/1241 606/687/1242 608/689/1243
f 608/689/1243 606/687/1242 607/688/1244
s 7
f 610/691/1245 593/692/1246 611/694/1247
f 611/694/1247 593/692/1246 604/693/1248
s 8
f 613/696/1249 610/691/1250 612/695/1251
f 612/695/1251 610/691/1250 611/694/1252
s 9
f 605/686/1253 603/685/1254 615/698/1255
f 615/698/1255 603/685/1254 614/697/1256
s 10
f 616/699/1257 605/686/1258 617/700/1259
f 617/700/1259 605/686/1258 615/698/1260
s 11
f 619/702/1261 616/699/1262 618/701/1263
f 618/701/1263 616/699/1262 617/700/1264
s 12
f 615/698/1265 614/697/1266 596/675/1267
f 596/675/1267 614/697/1266 594/676/1268
s 13
f 620/703/1269 615/698/1270 621/704/1271
f 621/704/1271 615/698/1270 596/675/1272
s 14
f 623/706/1273 620/703/1274 622/705/1275
f 622/705/1275 620/703/1274 621/704/1276
g default
v -0.130211 0.000008 -0.264360
v -0.302275 0.000008 -0.092294
v -0.365252 0.000008 0.142753
v -0.302275 0.000008 0.377797
v -0.130211 0.000008 0.549863
v 0.104836 0.000008 0.612843
v 0.339882 0.000008 0.549863
v 0.661529 1.000007 -0.178654
v 0.426243 1.000007 -0.413941
v 0.104836 1.000007 -0.500061
v -0.216572 1.000007 -0.413941
v -0.451857 1.000007 -0.178654
v -0.537978 1.000007 0.142753
v -0.451857 1.000007 0.464160
v -0.216572 1.000007 0.699444
v 0.104836 1.000007 0.785564
v 0.426243 1.000007 0.699444
v 0.661529 1.000007 0.464160
v 0.747649 1.000007 0.142753
v 0.587197 1.000007 -0.135738
v 0.383328 1.000007 -0.339611
v 0.104836 1.000007 -0.414232
v 0.587197 1.000007 0.421245
v 0.661819 1.000007 0.142753
v 0.573175 0.818988 -0.127641
v 0.375230 0.818988 -0.325583
v 0.104836 0.818988 -0.398036
v 0.573175 0.818988 0.413145
v 0.645623 0.818988 0.142753
v 0.104837 0.950700 0.142752
v -0.377526 1.000004 -0.135738
v -0.173656 1.000004 -0.339611
v -0.452147 1.000004 0.142753
v -0.377526 1.000004 0.421245
v -0.173656 1.000004 0.625113
v 0.104836 1.000004 0.699735
v 0.383328 1.000004 0.625113
v -0.165558 0.818984 -0.325583
v -0.363496 0.818984 -0.127641
v -0.435947 0.818984 0.142753
v -0.363496 0.818984 0.413145
v -0.165558 0.818984 0.611088
v 0.104836 0.818984 0.683538
v 0.375230 0.818984 0.611088
vt 0.332793 0.918741
vt 0.339583 0.918741
vt 0.339583 0.941870
vt 0.332793 0.941870
vt 0.332787 0.918768
vt 0.339589 0.918768
vt 0.339589 0.941855
vt 0.332787 0.941855
vt 0.332783 0.918785
vt 0.339593 0.918785
vt 0.339593 0.941845
vt 0.332783 0.941845
vt 0.332784 0.918784
vt 0.339593 0.918784
vt 0.339593 0.941846
vt 0.332784 0.941846
vt 0.332786 0.918774
vt 0.339590 0.918774
vt 0.339590 0.941851
vt 0.332786 0.941851
vt 0.332789 0.918759
vt 0.339587 0.918759
vt 0.339587 0.941860
vt 0.332789 0.941860
vt 0.332811 0.941915
vt 0.339565 0.941915
vt 0.339565 0.943719
vt 0.332811 0.943719
vt 0.332798 0.941881
vt 0.339578 0.941881
vt 0.339578 0.943679
vt 0.332798 0.943679
vt 0.332791 0.941865
vt 0.339585 0.941865
vt 0.339585 0.943659
vt 0.332791 0.943659
vt 0.339583 0.943666
vt 0.332793 0.943666
vt 0.339589 0.943647
vt 0.332787 0.943647
vt 0.339593 0.943635
vt 0.332783 0.943635
vt 0.339593 0.943636
vt 0.332784 0.943636
vt 0.339590 0.943642
vt 0.332786 0.943642
vt 0.339587 0.943653
vt 0.332789 0.943653
vt 0.332794 0.941872
vt 0.339582 0.941872
vt 0.339582 0.943667
vt 0.332794 0.943667
vt 0.332799 0.941886
vt 0.339577 0.941886
vt 0.339577 0.943684
vt 0.332799 0.943684
vt 0.332808 0.941908
vt 0.339568 0.941908
vt 0.339568 0.943711
vt 0.332808 0.943711
vt 0.339565 0.948003
vt 0.332811 0.948003
vt 0.339578 0.947946
vt 0.332798 0.947946
vt 0.339585 0.947918
vt 0.332791 0.947918
vt 0.339582 0.947930
vt 0.332794 0.947930
vt 0.339577 0.947953
vt 0.332799 0.947953
vt 0.339568 0.947992
vt 0.332808 0.947992
vt 0.340549 0.903085
vt 0.337178 0.908741
vt 0.328308 0.899624
vt 0.331431 0.911955
vt 0.324847 0.911864
vt 0.319191 0.908494
vt 0.315977 0.902747
vt 0.316068 0.896163
vt 0.319438 0.890506
vt 0.325185 0.887293
vt 0.331769 0.887383
vt 0.337426 0.890754
vt 0.340639 0.896501
vn -0.697471 -0.164562 -0.697463
vn -0.697470 -0.164562 -0.697463
vn -0.697470 -0.164562 -0.697463
vn -0.697470 -0.164562 -0.697464
vn -0.853392 -0.170203 -0.492700
vn -0.985409 -0.170204 0.000000
vn -0.853392 -0.170203 -0.492700
vn -0.985409 -0.170204 0.000000
vn -0.985409 -0.170204 0.000000
vn -0.853391 -0.170203 0.492702
vn -0.985409 -0.170204 0.000000
vn -0.853390 -0.170203 0.492703
vn -0.853391 -0.170203 0.492702
vn -0.492704 -0.170201 0.853390
vn -0.853390 -0.170203 0.492703
vn -0.492704 -0.170201 0.853390
vn -0.492704 -0.170201 0.853390
vn 0.000000 -0.170200 0.985409
vn -0.492704 -0.170201 0.853390
vn 0.000000 -0.170200 0.985410
vn 0.000000 -0.170200 0.985409
vn 0.492701 -0.170200 0.853392
vn 0.000000 -0.170200 0.985410
vn 0.492702 -0.170200 0.853391
vn 0.000000 1.000000 0.000000
vn 0.000000 1.000000 0.000000
vn 0.000000 1.000000 0.000000
vn 0.000000 1.000000 0.000000
vn 0.000000 1.000000 0.000000
vn 0.000000 1.000000 -0.000001
vn 0.000000 1.000000 0.000000
vn 0.000000 1.000000 -0.000001
vn 0.000000 1.000000 -0.000001
vn 0.000000 1.000000 -0.000001
vn 0.000000 1.000000 -0.000001
vn 0.000000 1.000000 -0.000001
vn 0.000000 1.000000 -0.000001
vn 0.000000 1.000000 0.000000
vn 0.000000 1.000000 -0.000001
vn 0.000000 1.000000 0.000000
vn 0.000000 1.000000 0.000000
vn 0.000000 1.000000 0.000000
vn 0.000000 1.000000 0.000000
vn 0.000000 1.000000 0.000000
vn 0.000000 1.000000 0.000000
vn 0.000000 1.000000 0.000000
vn 0.000000 1.000000 0.000000
vn 0.000000 1.000000 0.000000
vn 0.000000 1.000000 0.000000
vn 0.000000 1.000000 0.000000
vn 0.000000 1.000000 0.000000
vn 0.000000 1.000000 0.000000
vn 0.000000 1.000000 0.000000
vn 0.000000 1.000000 0.000001
vn 0.000000 1.000000 0.000000
vn 0.000000 1.000000 0.000001
vn 0.000000 1.000000 0.000001
vn 0.000000 1.000000 0.000001
vn 0.000000 1.000000 0.000001
vn 0.000000 1.000000 0.000001
vn 0.000000 1.000000 0.000001
vn 0.000000 1.000000 0.000000
vn 0.000000 1.000000 0.000001
vn 0.000000 1.000000 0.000000
vn 0.000000 1.000000 0.000000
vn 0.000000 1.000000 0.000000
vn 0.000000 1.000000 0.000000
vn 0.000000 1.000000 0.000000
vn 0.000000 1.000000 0.000000
vn 0.000000 1.000000 0.000000
vn 0.000000 1.000000 0.000000
vn 0.000000 1.000000 0.000000
vn -0.862581 0.089105 0.498011
vn -0.498011 0.089115 0.862580
vn -0.862582 0.089105 0.498009
vn -0.498013 0.089115 0.862579
vn -0.498011 0.089115 0.862580
vn 0.000000 0.089120 0.996021
vn -0.498013 0.089115 0.862579
vn 0.000000 0.089120 0.996021
vn 0.000000 0.089120 0.996021
vn 0.498014 0.089124 0.862577
vn 0.000000 0.089120 0.996021
vn 0.498015 0.089124 0.862576
vn -0.498009 0.089110 -0.862581
vn -0.862579 0.089106 -0.498013
vn -0.498009 0.089110 -0.862581
vn -0.862582 0.089106 -0.498008
vn -0.862579 0.089106 -0.498013
vn -0.996023 0.089102 0.000000
vn -0.862582 0.089106 -0.498008
vn -0.996023 0.089102 0.000000
vn -0.996023 0.089102 0.000000
vn -0.862581 0.089105 0.498011
vn -0.996023 0.089102 0.000000
vn -0.862582 0.089105 0.498009
vn 0.204935 0.971598 -0.118319
vn 0.118320 0.971598 -0.204936
vn 0.000000 1.000000 0.000000
vn 0.118320 0.971598 -0.204936
vn -0.000000 0.971598 -0.236639
vn 0.000000 1.000000 0.000000
vn -0.000000 0.971598 -0.236639
vn -0.118320 0.971598 -0.204934
vn 0.000000 1.000000 0.000000
vn -0.118320 0.971598 -0.204934
vn -0.204937 0.971597 -0.118319
vn 0.000000 1.000000 0.000000
vn -0.204937 0.971597 -0.118319
vn -0.236640 0.971597 0.000000
vn 0.000000 1.000000 0.000000
vn -0.236640 0.971597 0.000000
vn -0.204936 0.971598 0.118319
vn 0.000000 1.000000 0.000000
vn -0.204936 0.971598 0.118319
vn -0.118319 0.971598 0.204934
vn 0.000000 1.000000 0.000000
vn -0.118319 0.971598 0.204934
vn 0.000000 0.971597 0.236640
vn 0.000000 1.000000 0.000000
vn 0.000000 0.971597 0.236640
vn 0.118318 0.971598 0.204936
vn 0.000000 1.000000 0.000000
vn 0.118318 0.971598 0.204936
vn 0.204934 0.971598 0.118319
vn 0.000000 1.000000 0.000000
vn 0.204934 0.971598 0.118319
vn 0.236639 0.971598 0.000000
vn 0.000000 1.000000 0.000000
vn 0.236639 0.971598 0.000000
vn 0.204935 0.971598 -0.118319
vn 0.000000 1.000000 0.000000
s 1
g Planta:PC_ScenepolySurface5
f 624/707/1277 625/708/1278 634/710/1279
f 634/710/1279 625/708/1278 635/709/1280
s 2
f 625/711/1281 626/712/1282 635/714/1283
f 635/714/1283 626/712/1282 636/713/1284
s 3
f 626/715/1285 627/716/1286 636/718/1287
f 636/718/1287 627/716/1286 637/717/1288
s 4
f 627/719/1289 628/720/1290 637/722/1291
f 637/722/1291 628/720/1290 638/721/1292
s 5
f 628/723/1293 629/724/1294 638/726/1295
f 638/726/1295 629/724/1294 639/725/1296
s 6
f 629/727/1297 630/728/1298 639/730/1299
f 639/730/1299 630/728/1298 640/729/1300
s 7
f 631/731/1301 632/732/1302 643/734/1303
f 643/734/1303 632/732/1302 644/733/1304
s 8
f 632/735/1305 633/736/1306 644/738/1307
f 644/738/1307 633/736/1306 645/737/1308
s 9
f 633/739/1309 634/740/1310 645/742/1311
f 645/742/1311 634/740/1310 655/741/1312
s 10
f 634/710/1313 635/709/1314 655/744/1315
f 655/744/1315 635/709/1314 654/743/1316
s 11
f 635/714/1317 636/713/1318 654/746/1319
f 654/746/1319 636/713/1318 656/745/1320
s 12
f 636/718/1321 637/717/1322 656/748/1323
f 656/748/1323 637/717/1322 657/747/1324
s 13
f 637/722/1325 638/721/1326 657/750/1327
f 657/750/1327 638/721/1326 658/749/1328
s 14
f 638/726/1329 639/725/1330 658/752/1331
f 658/752/1331 639/725/1330 659/751/1332
s 15
f 639/730/1333 640/729/1334 659/754/1335
f 659/754/1335 640/729/1334 660/753/1336
s 16
f 640/755/1337 641/756/1338 660/758/1339
f 660/758/1339 641/756/1338 646/757/1340
s 17
f 641/759/1341 642/760/1342 646/762/1343
f 646/762/1343 642/760/1342 647/761/1344
s 18
f 642/763/1345 631/764/1346 647/766/1347
f 647/766/1347 631/764/1346 643/765/1348
s 19
f 643/734/1349 644/733/1350 648/768/1351
f 648/768/1351 644/733/1350 649/767/1352
s 20
f 644/738/1353 645/737/1354 649/770/1355
f 649/770/1355 645/737/1354 650/769/1356
s 21
f 645/742/1357 655/741/1358 650/772/1359
f 650/772/1359 655/741/1358 661/771/1360
s 22
f 660/758/1361 646/757/1362 667/774/1363
f 667/774/1363 646/757/1362 651/773/1364
s 23
f 646/762/1365 647/761/1366 651/776/1367
f 651/776/1367 647/761/1366 652/775/1368
s 24
f 647/766/1369 643/765/1370 652/778/1371
f 652/778/1371 643/765/1370 648/777/1372
s off
f 648/779/1373 649/780/1374 653/781/1375
f 649/780/1376 650/782/1377 653/781/1378
f 650/782/1379 661/783/1380 653/781/1381
f 661/783/1382 662/784/1383 653/781/1384
f 662/784/1385 663/785/1386 653/781/1387
f 663/785/1388 664/786/1389 653/781/1390
f 664/786/1391 665/787/1392 653/781/1393
f 665/787/1394 666/788/1395 653/781/1396
f 666/788/1397 667/789/1398 653/781/1399
f 667/789/1400 651/790/1401 653/781/1402
f 651/790/1403 652/791/1404 653/781/1405
f 652/791/1406 648/779/1407 653/781/1408
g default
v -0.035732 3.115733 0.711350
v 0.407501 3.115733 0.644209
v 0.023371 3.220536 0.472284
v 0.001516 3.069753 0.806667
v 0.400989 3.068460 0.748991
v 0.146155 2.998126 0.942026
v 0.306755 2.997606 0.918840
v -0.463760 3.115733 0.002184
v -0.396619 3.115733 0.445414
v -0.224695 3.220536 0.061285
v -0.185783 3.220536 0.318161
v -0.559078 3.069753 0.039432
v -0.501402 3.068460 0.438904
v -0.694438 2.998126 0.184069
v -0.671250 2.997606 0.344671
v -0.437681 3.069753 0.539150
v -0.114427 3.068460 0.780838
v -0.431120 2.998126 0.737141
v -0.301163 2.997606 0.834307
v -0.197825 3.115733 -0.358705
v -0.291563 3.069753 -0.399765
v -0.533249 3.068460 -0.076513
v -0.489550 2.998126 -0.393206
v -0.586717 2.997606 -0.263247
v 0.208159 3.069753 -0.521163
v -0.191315 3.068460 -0.463486
v 0.063522 2.998126 -0.656522
v -0.097080 2.997606 -0.633335
v 0.501237 3.069753 0.685270
v 0.742925 3.068460 0.362018
v 0.699225 2.998126 0.678711
v 0.796392 2.997606 0.548752
v 0.280246 3.220533 0.433372
v 0.104838 3.264990 0.142754
v -0.070572 3.220533 -0.147867
v 0.186304 3.220533 -0.186779
v 0.245405 3.115730 -0.425846
v 0.434368 3.220533 0.224221
v 0.673435 3.115730 0.283321
vt 0.352701 0.715528
vt 0.328414 0.707809
vt 0.351046 0.696095
vt 0.378511 0.725823
vt 0.376578 0.685127
vt 0.391589 0.722259
vt 0.389601 0.687515
vt 0.410159 0.697434
vt 0.410928 0.710894
vt 0.336135 0.683523
vt 0.316701 0.685177
vt 0.346437 0.657715
vt 0.305739 0.659644
vt 0.342876 0.644638
vt 0.308131 0.646620
vt 0.318056 0.626064
vt 0.331517 0.625298
vt 0.383307 0.673361
vt 0.357336 0.650197
vt 0.378888 0.642676
vt 0.388948 0.651652
vt 0.304127 0.700088
vt 0.278319 0.689787
vt 0.293974 0.652914
vt 0.270803 0.678884
vt 0.263288 0.657328
vt 0.272267 0.647270
vt 0.305781 0.719522
vt 0.280249 0.730492
vt 0.265243 0.693349
vt 0.267225 0.728100
vt 0.246668 0.718174
vt 0.245903 0.704711
vt 0.351102 0.755968
vt 0.340129 0.730439
vt 0.362871 0.762695
vt 0.386031 0.736720
vt 0.393556 0.758268
vt 0.384582 0.768331
vn 0.173277 0.942101 0.287089
vn 0.000000 1.000000 0.000000
vn -0.080477 0.942101 0.325528
vn 0.202177 0.920141 0.335357
vn 0.173277 0.942101 0.287089
vn -0.094174 0.920141 0.380095
vn -0.080477 0.942101 0.325528
vn 0.062663 0.908271 0.413664
vn 0.202177 0.920141 0.335357
vn 0.062663 0.908271 0.413664
vn -0.094174 0.920141 0.380095
vn 0.062662 0.908270 0.413666
vn 0.062663 0.908271 0.413664
vn 0.062662 0.908270 0.413666
vn 0.062663 0.908271 0.413664
vn -0.287090 0.942101 0.173278
vn 0.000000 1.000000 0.000000
vn -0.325529 0.942101 -0.080478
vn -0.335358 0.920141 0.202178
vn -0.287090 0.942101 0.173278
vn -0.380094 0.920141 -0.094173
vn -0.325529 0.942101 -0.080478
vn -0.413660 0.908272 0.062662
vn -0.335358 0.920141 0.202178
vn -0.413660 0.908273 0.062662
vn -0.380094 0.920141 -0.094173
vn -0.413663 0.908271 0.062662
vn -0.413660 0.908272 0.062662
vn -0.413663 0.908271 0.062662
vn -0.413660 0.908273 0.062662
vn -0.080477 0.942101 0.325528
vn 0.000000 1.000000 0.000000
vn -0.287090 0.942101 0.173278
vn -0.094174 0.920141 0.380095
vn -0.080477 0.942101 0.325528
vn -0.335358 0.920141 0.202178
vn -0.287090 0.942101 0.173278
vn -0.248197 0.908270 0.336815
vn -0.094174 0.920141 0.380095
vn -0.248197 0.908270 0.336815
vn -0.335358 0.920141 0.202178
vn -0.248193 0.908273 0.336809
vn -0.248197 0.908270 0.336815
vn -0.248193 0.908273 0.336809
vn -0.248197 0.908270 0.336815
vn -0.325529 0.942101 -0.080478
vn 0.000000 1.000000 0.000000
vn -0.173278 0.942101 -0.287089
vn -0.380094 0.920141 -0.094173
vn -0.325529 0.942101 -0.080478
vn -0.202177 0.920141 -0.335358
vn -0.173278 0.942101 -0.287089
vn -0.336812 0.908272 -0.248195
vn -0.380094 0.920141 -0.094173
vn -0.336812 0.908272 -0.248195
vn -0.202177 0.920141 -0.335358
vn -0.336813 0.908271 -0.248196
vn -0.336812 0.908272 -0.248195
vn -0.336813 0.908271 -0.248196
vn -0.336812 0.908272 -0.248195
vn -0.202177 0.920141 -0.335358
vn -0.173278 0.942101 -0.287089
vn 0.094172 0.920141 -0.380095
vn 0.080477 0.942102 -0.325527
vn -0.062663 0.908271 -0.413664
vn -0.202177 0.920141 -0.335358
vn -0.062663 0.908271 -0.413664
vn 0.094172 0.920141 -0.380095
vn -0.062663 0.908271 -0.413663
vn -0.062663 0.908271 -0.413664
vn -0.062663 0.908271 -0.413663
vn -0.062663 0.908271 -0.413664
vn 0.380094 0.920142 0.094172
vn 0.325528 0.942101 0.080477
vn 0.202177 0.920141 0.335357
vn 0.173277 0.942101 0.287089
vn 0.336813 0.908271 0.248196
vn 0.380094 0.920142 0.094172
vn 0.336813 0.908271 0.248196
vn 0.202177 0.920141 0.335357
vn 0.336814 0.908270 0.248197
vn 0.336813 0.908271 0.248196
vn 0.336814 0.908270 0.248197
vn 0.336813 0.908271 0.248196
s off
g Planta:polySurface4PC_Scene
f 700/792/1409 701/793/1410 670/794/1411
s 1
f 669/795/1412 700/792/1413 668/796/1414
f 668/796/1414 700/792/1413 670/794/1415
s 2
f 672/797/1416 669/795/1417 671/798/1418
f 671/798/1418 669/795/1417 668/796/1419
s 3
f 674/800/1420 672/797/1421 673/799/1422
f 673/799/1422 672/797/1421 671/798/1423
s off
f 678/801/1424 701/793/1425 677/802/1426
s 4
f 676/803/1427 678/801/1428 675/804/1429
f 675/804/1429 678/801/1428 677/802/1430
s 5
f 680/805/1431 676/803/1432 679/806/1433
f 679/806/1433 676/803/1432 675/804/1434
s 6
f 682/808/1435 680/805/1436 681/807/1437
f 681/807/1437 680/805/1436 679/806/1438
s off
f 670/794/1439 701/793/1440 678/801/1441
s 7
f 668/796/1442 670/794/1443 676/803/1444
f 676/803/1444 670/794/1443 678/801/1445
s 8
f 684/809/1446 668/796/1447 683/810/1448
f 683/810/1448 668/796/1447 676/803/1449
s 9
f 686/812/1450 684/809/1451 685/811/1452
f 685/811/1452 684/809/1451 683/810/1453
s off
f 677/802/1454 701/793/1455 702/813/1456
s 10
f 675/804/1457 677/802/1458 687/814/1459
f 687/814/1459 677/802/1458 702/813/1460
s 11
f 689/815/1461 675/804/1462 688/816/1463
f 688/816/1463 675/804/1462 687/814/1464
s 12
f 691/818/1465 689/815/1466 690/817/1467
f 690/817/1467 689/815/1466 688/816/1468
s 13
f 687/814/1469 702/813/1470 704/820/1471
f 704/820/1471 702/813/1470 703/819/1472
s 14
f 693/821/1473 687/814/1474 692/822/1475
f 692/822/1475 687/814/1474 704/820/1476
s 15
f 695/824/1477 693/821/1478 694/823/1479
f 694/823/1479 693/821/1478 692/822/1480
s 16
f 706/825/1481 705/826/1482 669/795/1483
f 669/795/1483 705/826/1482 700/792/1484
s 17
f 697/827/1485 706/825/1486 696/828/1487
f 696/828/1487 706/825/1486 669/795/1488
s 18
f 699/830/1489 697/827/1490 698/829/1491
f 698/829/1491 697/827/1490 696/828/1492
g default
v 0.606294 3.115726 -0.159910
v 0.245405 3.115733 -0.425846
v 0.647355 3.069745 -0.253646
v 0.324103 3.068453 -0.495334
v 0.640795 2.998118 -0.451636
v 0.510837 2.997598 -0.548801
v 0.673435 3.115733 0.283321
v 0.768752 3.069745 0.246074
v 0.711076 3.068453 -0.153399
v 0.904112 2.998118 0.101437
v 0.880923 2.997598 -0.059165
v 0.186304 3.220536 -0.186779
v 0.104838 3.264994 0.142754
v 0.395456 3.220529 -0.032656
v 0.434368 3.220536 0.224221
vt 0.305781 0.719522
vt 0.328414 0.707809
vt 0.320695 0.732094
vt 0.280249 0.730492
vt 0.310401 0.757904
vt 0.273526 0.742263
vt 0.299505 0.765424
vt 0.277957 0.772950
vt 0.267893 0.763977
vt 0.340129 0.730439
vt 0.351102 0.755968
vt 0.313969 0.770983
vt 0.348715 0.768990
vt 0.338799 0.789549
vt 0.325338 0.790320
vn 0.083291 0.990099 -0.112988
vn 0.083291 0.990099 -0.112988
vn 0.083291 0.990099 -0.112988
vn 0.094172 0.920141 -0.380095
vn 0.080477 0.942102 -0.325527
vn 0.335357 0.920141 -0.202177
vn 0.287089 0.942101 -0.173277
vn 0.248195 0.908271 -0.336813
vn 0.094172 0.920141 -0.380095
vn 0.248195 0.908271 -0.336814
vn 0.335357 0.920141 -0.202177
vn 0.248195 0.908271 -0.336812
vn 0.248195 0.908271 -0.336813
vn 0.248195 0.908272 -0.336812
vn 0.248195 0.908271 -0.336814
vn 0.335357 0.920141 -0.202177
vn 0.287089 0.942101 -0.173277
vn 0.380094 0.920142 0.094172
vn 0.325528 0.942101 0.080477
vn 0.413664 0.908271 -0.062663
vn 0.335357 0.920141 -0.202177
vn 0.413664 0.908271 -0.062663
vn 0.380094 0.920142 0.094172
vn 0.413664 0.908271 -0.062663
vn 0.413664 0.908271 -0.062663
vn 0.413664 0.908271 -0.062663
vn 0.413664 0.908271 -0.062663
s off
g Planta:PC_ScenepolySurface17polySurface13
f 718/831/1493 719/832/1494 720/833/1495
s 1
f 708/834/1496 718/831/1497 707/835/1498
f 707/835/1498 718/831/1497 720/833/1499
s 2
f 710/836/1500 708/834/1501 709/837/1502
f 709/837/1502 708/834/1501 707/835/1503
s 3
f 712/839/1504 710/836/1505 711/838/1506
f 711/838/1506 710/836/1505 709/837/1507
s 4
f 707/835/1508 720/833/1509 713/841/1510
f 713/841/1510 720/833/1509 721/840/1511
s 5
f 715/842/1512 707/835/1513 714/843/1514
f 714/843/1514 707/835/1513 713/841/1515
s 6
f 717/845/1516 715/842/1517 716/844/1518
f 716/844/1518 715/842/1517 714/843/1519
g default
v 0.511953 0.000000 -0.092294
v 0.339882 0.000000 -0.264360
v 0.104836 0.000000 -0.327342
v 0.574929 0.000000 0.142753
v 0.426243 1.000004 -0.413941
v 0.661529 1.000004 -0.178654
v 0.104836 1.000004 -0.500061
v -0.130211 0.000004 -0.264360
v -0.216572 1.000004 -0.413941
v 0.747649 1.000004 0.142753
vt 0.332811 0.918666
vt 0.339565 0.918666
vt 0.339565 0.941915
vt 0.332811 0.941915
vt 0.332798 0.918722
vt 0.339578 0.918722
vt 0.339578 0.941881
vt 0.332798 0.941881
vt 0.332791 0.918751
vt 0.339585 0.918751
vt 0.339585 0.941865
vt 0.332791 0.941865
vt 0.332808 0.918676
vt 0.339568 0.918676
vt 0.339568 0.941908
vt 0.332808 0.941908
vn 0.697457 -0.164556 -0.697477
vn 0.697460 -0.164558 -0.697474
vn 0.697467 -0.164560 -0.697467
vn 0.697468 -0.164561 -0.697465
vn 0.492705 -0.170199 -0.853390
vn 0.000000 -0.170200 -0.985410
vn 0.492705 -0.170199 -0.853390
vn 0.000000 -0.170200 -0.985410
vn 0.000000 -0.170200 -0.985410
vn -0.492707 -0.170201 -0.853388
vn 0.000000 -0.170200 -0.985410
vn -0.492707 -0.170201 -0.853388
vn 0.985410 -0.170198 0.000000
vn 0.853390 -0.170199 -0.492704
vn 0.985410 -0.170198 0.000000
vn 0.853390 -0.170199 -0.492705
s 1
g Planta:PC_ScenepolySurface13polySurface18
f 722/846/1520 723/847/1521 727/849/1522
f 727/849/1522 723/847/1521 726/848/1523
s 2
f 723/850/1524 724/851/1525 726/853/1526
f 726/853/1526 724/851/1525 728/852/1527
s 3
f 724/854/1528 729/855/1529 728/857/1530
f 728/857/1530 729/855/1529 730/856/1531
s 4
f 725/858/1532 722/859/1533 731/861/1534
f 731/861/1534 722/859/1533 727/860/1535
g default
v 0.491423 3.348021 0.455132
v 0.104838 3.482752 0.142752
v 0.328884 3.455008 0.323792
v 0.052365 3.348021 -0.351491
v -0.281748 3.348021 -0.169628
v 0.074428 3.455008 -0.143687
v -0.119209 3.455008 -0.038288
v -0.004937 3.291839 -0.416740
v -0.306887 3.290260 -0.255094
v -0.159494 3.204321 -0.482842
v -0.280888 3.203686 -0.417855
v -0.207542 3.348021 0.529338
v 0.157310 3.348021 0.636995
v -0.076202 3.455008 0.366798
v 0.135247 3.455008 0.429192
v -0.213159 3.291839 0.615995
v 0.114652 3.290260 0.715205
v -0.150614 3.204321 0.772025
v -0.018823 3.203686 0.811910
v 0.214613 3.291839 0.702244
v 0.516562 3.290260 0.540598
v 0.369169 3.204321 0.768346
v 0.490564 3.203686 0.703359
v -0.389406 3.348021 0.195224
v -0.181601 3.455008 0.173162
v -0.454654 3.291839 0.252528
v -0.293009 3.290260 0.554477
v -0.520757 3.204321 0.407084
v -0.455769 3.203686 0.528478
v -0.368405 3.291839 -0.175245
v -0.467615 3.290260 0.152565
v -0.524434 3.204321 -0.112699
v -0.564321 3.203686 0.019092
vt 0.276336 0.730889
vt 0.300728 0.720459
vt 0.318166 0.736699
vt 0.308294 0.761322
vt 0.270181 0.740949
vt 0.298732 0.767707
vt 0.277987 0.772078
vt 0.266658 0.761461
vt 0.339936 0.678361
vt 0.329051 0.707530
vt 0.316122 0.679207
vt 0.349809 0.653737
vt 0.305692 0.654815
vt 0.347048 0.642271
vt 0.307938 0.643539
vt 0.319518 0.625780
vt 0.335035 0.625276
vt 0.381766 0.684171
vt 0.357374 0.694601
vt 0.387921 0.674110
vt 0.359370 0.647353
vt 0.380116 0.642982
vt 0.391445 0.653599
vt 0.299882 0.696645
vt 0.275259 0.686772
vt 0.295632 0.648660
vt 0.268874 0.677211
vt 0.264504 0.656465
vt 0.275120 0.645136
vt 0.263793 0.689533
vt 0.265061 0.728642
vt 0.247301 0.717063
vt 0.246797 0.701546
vn -0.231728 0.874679 -0.425722
vn -0.231727 0.874679 -0.425722
vn -0.231727 0.874679 -0.425722
vn -0.231726 0.874679 -0.425723
vn -0.264255 0.833353 -0.485481
vn -0.374723 0.876187 -0.303116
vn -0.264255 0.833353 -0.485481
vn -0.050634 0.876188 -0.479303
vn -0.264253 0.833354 -0.485480
vn -0.264255 0.833353 -0.485481
vn -0.264253 0.833354 -0.485480
vn -0.264255 0.833353 -0.485481
vn 0.040328 0.924163 0.379863
vn -0.000000 1.000000 -0.000000
vn -0.240088 0.924163 0.297120
vn 0.050633 0.876188 0.479303
vn 0.040328 0.924163 0.379863
vn -0.303115 0.876188 0.374721
vn -0.240088 0.924163 0.297120
vn -0.156429 0.833355 0.530142
vn 0.050633 0.876188 0.479303
vn -0.156429 0.833354 0.530142
vn -0.303115 0.876188 0.374721
vn -0.156430 0.833354 0.530142
vn -0.156429 0.833355 0.530142
vn -0.156430 0.833354 0.530142
vn -0.156429 0.833354 0.530142
vn 0.374722 0.876187 0.303115
vn 0.297121 0.924163 0.240088
vn 0.050633 0.876188 0.479303
vn 0.040328 0.924163 0.379863
vn 0.264255 0.833354 0.485480
vn 0.374722 0.876187 0.303115
vn 0.264255 0.833354 0.485480
vn 0.050633 0.876188 0.479303
vn 0.264255 0.833353 0.485482
vn 0.264255 0.833354 0.485480
vn 0.264255 0.833353 0.485482
vn 0.264255 0.833354 0.485480
vn -0.240088 0.924163 0.297120
vn -0.000000 1.000000 -0.000000
vn -0.379864 0.924163 0.040329
vn -0.303115 0.876188 0.374721
vn -0.240088 0.924163 0.297120
vn -0.479304 0.876187 0.050634
vn -0.379864 0.924163 0.040329
vn -0.485480 0.833354 0.264253
vn -0.303115 0.876188 0.374721
vn -0.485480 0.833354 0.264253
vn -0.479304 0.876187 0.050634
vn -0.485482 0.833352 0.264256
vn -0.485480 0.833354 0.264253
vn -0.485482 0.833352 0.264256
vn -0.485480 0.833354 0.264253
vn -0.379864 0.924163 0.040329
vn -0.000000 1.000000 -0.000000
vn -0.297121 0.924163 -0.240087
vn -0.479304 0.876187 0.050634
vn -0.379864 0.924163 0.040329
vn -0.374723 0.876187 -0.303116
vn -0.297121 0.924163 -0.240087
vn -0.530144 0.833352 -0.156432
vn -0.479304 0.876187 0.050634
vn -0.530144 0.833352 -0.156432
vn -0.374723 0.876187 -0.303116
vn -0.530139 0.833356 -0.156432
vn -0.530144 0.833352 -0.156432
vn -0.530139 0.833356 -0.156432
vn -0.530144 0.833352 -0.156432
s 1
g Planta:PC_ScenepolySurface10
f 736/862/1536 738/863/1537 735/865/1538
f 735/865/1538 738/863/1537 737/864/1539
s 2
f 740/866/1540 736/862/1541 739/867/1542
f 739/867/1542 736/862/1541 735/865/1543
s 3
f 742/869/1544 740/866/1545 741/868/1546
f 741/868/1546 740/866/1545 739/867/1547
s off
f 746/870/1548 733/871/1549 745/872/1550
s 4
f 744/873/1551 746/870/1552 743/874/1553
f 743/874/1553 746/870/1552 745/872/1554
s 5
f 748/875/1555 744/873/1556 747/876/1557
f 747/876/1557 744/873/1556 743/874/1558
s 6
f 750/878/1559 748/875/1560 749/877/1561
f 749/877/1561 748/875/1560 747/876/1562
s 7
f 732/879/1563 734/880/1564 744/873/1565
f 744/873/1565 734/880/1564 746/870/1566
s 8
f 752/881/1567 732/879/1568 751/882/1569
f 751/882/1569 732/879/1568 744/873/1570
s 9
f 754/884/1571 752/881/1572 753/883/1573
f 753/883/1573 752/881/1572 751/882/1574
s off
f 745/872/1575 733/871/1576 756/885/1577
s 10
f 743/874/1578 745/872/1579 755/886/1580
f 755/886/1580 745/872/1579 756/885/1581
s 11
f 758/887/1582 743/874/1583 757/888/1584
f 757/888/1584 743/874/1583 755/886/1585
s 12
f 760/890/1586 758/887/1587 759/889/1588
f 759/889/1588 758/887/1587 757/888/1589
s off
f 756/885/1590 733/871/1591 738/863/1592
s 13
f 755/886/1593 756/885/1594 736/862/1595
f 736/862/1595 756/885/1594 738/863/1596
s 14
f 762/891/1597 755/886/1598 761/892/1599
f 761/892/1599 755/886/1598 736/862/1600
s 15
f 764/894/1601 762/891/1602 763/893/1603
f 763/893/1603 762/891/1602 761/892/1604
g default
v 0.456756 3.494522 0.059281
v 0.294659 3.494522 -0.165115
v 0.308793 3.553066 0.094377
v 0.214849 3.553066 -0.035673
v 0.498568 3.461870 0.011899
v 0.354032 3.460908 -0.191145
v 0.532025 3.401713 -0.105763
v 0.473916 3.401251 -0.187394
v 0.021367 3.494530 -0.209167
v 0.056462 3.553066 -0.061203
v 0.412705 3.494530 0.332573
v 0.283262 3.553066 0.252763
v 0.475775 3.461870 0.328634
v 0.517145 3.460908 0.082859
v 0.582631 3.401713 0.269092
v 0.599263 3.401251 0.170282
v 0.290719 3.461870 -0.228185
v 0.044944 3.460908 -0.269556
v 0.231177 3.401713 -0.335042
v 0.132367 3.401251 -0.351674
vt 0.352484 0.760845
vt 0.342024 0.736176
vt 0.358480 0.718613
vt 0.383321 0.728660
vt 0.362627 0.767093
vt 0.389740 0.738338
vt 0.394091 0.759304
vt 0.383334 0.770715
vt 0.357698 0.694557
vt 0.382367 0.684097
vt 0.394910 0.725906
vt 0.393749 0.686401
vt 0.411652 0.698150
vt 0.412113 0.713825
vt 0.307921 0.761799
vt 0.317968 0.736959
vt 0.310675 0.773389
vt 0.350181 0.772228
vt 0.338431 0.790130
vt 0.322756 0.790591
vn 0.311801 0.923065 -0.225236
vn 0.311801 0.923065 -0.225235
vn 0.311801 0.923065 -0.225235
vn 0.311801 0.923065 -0.225235
vn 0.399184 0.870363 -0.288305
vn 0.205336 0.920425 -0.332649
vn 0.398687 0.870709 -0.287950
vn 0.380412 0.920425 -0.090025
vn 0.430893 0.847130 -0.310971
vn 0.399184 0.870363 -0.288305
vn 0.430893 0.847130 -0.310971
vn 0.398687 0.870709 -0.287950
vn 0.380412 0.920425 -0.090025
vn 0.300175 0.951223 -0.071198
vn 0.332648 0.920425 0.205335
vn 0.262600 0.951224 0.161911
vn 0.486125 0.870365 0.078401
vn 0.380412 0.920425 -0.090025
vn 0.485522 0.870711 0.078301
vn 0.332648 0.920425 0.205335
vn 0.524589 0.847122 0.084798
vn 0.486125 0.870365 0.078401
vn 0.524589 0.847122 0.084798
vn 0.485522 0.870711 0.078301
vn -0.090025 0.920425 -0.380412
vn -0.071198 0.951224 -0.300174
vn 0.205336 0.920425 -0.332649
vn 0.161911 0.951224 -0.262599
vn 0.078403 0.870363 -0.486128
vn -0.090025 0.920425 -0.380412
vn 0.078303 0.870709 -0.485525
vn 0.205336 0.920425 -0.332649
vn 0.084799 0.847126 -0.524583
vn 0.078403 0.870363 -0.486128
vn 0.084799 0.847126 -0.524583
vn 0.078303 0.870709 -0.485525
s 1
g Planta:PC_ScenepolySurface13polySurface23
f 766/895/1605 768/896/1606 765/898/1607
f 765/898/1607 768/896/1606 767/897/1608
s 2
f 770/899/1609 766/895/1610 769/900/1611
f 769/900/1611 766/895/1610 765/898/1612
s 3
f 772/902/1613 770/899/1614 771/901/1615
f 771/901/1615 770/899/1614 769/900/1616
s 4
f 765/898/1617 767/897/1618 775/904/1619
f 775/904/1619 767/897/1618 776/903/1620
s 5
f 778/905/1621 765/898/1622 777/906/1623
f 777/906/1623 765/898/1622 775/904/1624
s 6
f 780/908/1625 778/905/1626 779/907/1627
f 779/907/1627 778/905/1626 777/906/1628
s 7
f 773/909/1629 774/910/1630 766/895/1631
f 766/895/1631 774/910/1630 768/896/1632
s 8
f 782/911/1633 773/909/1634 781/912/1635
f 781/912/1635 773/909/1634 766/895/1636
s 9
f 784/914/1637 782/911/1638 783/913/1639
f 783/913/1639 782/911/1638 781/912/1640
g default
v 0.166789 1.287960 0.250057
v 0.228743 1.287952 0.142752
v 0.166787 3.491461 0.250057
v 0.228741 3.491454 0.142752
vt 0.133989 0.000004
vt 0.633988 0.000000
vt 0.633977 0.999997
vt 0.133978 1.000000
vn 0.866020 0.000001 0.500009
vn 0.866020 0.000001 0.500009
vn 0.866020 0.000001 0.500009
vn 0.866020 0.000001 0.500009
s 1
g Planta:PC_ScenepolySurface13polySurface25polySurface100
f 785/915/1641 786/916/1642 787/918/1643
f 787/918/1643 786/916/1642 788/917/1644
