# This file uses centimeters as units for non-parametric coordinates.

mtllib Voltorb2.mtl
g default
v 0.526940 4.244374 -3.260500
v 0.512998 4.101283 -3.943038
v 0.500215 3.827759 -4.584560
v 0.489081 3.434312 -5.160409
v 0.480027 2.936060 -5.648459
v 0.473398 2.352154 -6.029952
v 0.469451 1.705030 -6.290229
v 0.468336 1.019558 -6.419287
v 0.470096 0.322080 -6.412166
v 0.502966 -2.066332 -5.104249
v 0.662615 4.243516 -3.250047
v 0.779132 4.099601 -3.922536
v 0.886581 3.825316 -4.554794
v 0.980832 3.431201 -5.122525
v 1.058266 2.932402 -5.603912
v 1.115902 2.348088 -5.980454
v 1.151529 1.700715 -6.237682
v 1.163777 1.015158 -6.365709
v 1.152176 0.317766 -6.359618
v 1.117169 -0.364664 -6.219641
v 1.060104 -1.005904 -5.951157
v 0.983173 -1.581312 -5.564485
v 0.889333 -2.068776 -5.074483
v 0.782189 -2.449564 -4.499983
v 0.665860 -2.709040 -3.863062
v 0.793635 4.240348 -3.213429
v 1.036139 4.093387 -3.850707
v 1.259698 3.816295 -4.450515
v 1.455720 3.419720 -4.989804
v 1.616674 2.918902 -5.447847
v 1.736372 2.333088 -5.807045
v 1.810217 1.684790 -6.053592
v 1.835369 0.998922 -6.178014
v 1.810862 0.301842 -6.175528
v 1.737639 -0.379664 -6.046232
v 1.618512 -1.019403 -5.795094
v 1.458060 -1.592793 -5.431763
v 1.262449 -2.077796 -4.970205
v 1.039196 -2.455777 -4.428154
v 0.796881 -2.712207 -3.826444
v 0.914969 4.234992 -3.152053
v 1.274142 4.082883 -3.730314
v 1.605225 3.801046 -4.275731
v 1.895493 3.400311 -4.767347
v 2.133792 2.896080 -5.186265
v 2.310963 2.307729 -5.516390
v 2.420199 1.657869 -5.745034
v 2.457302 0.971474 -5.863410
v 2.420845 0.274920 -5.866970
v 2.312230 -0.405023 -5.755577
v 2.135631 -1.042226 -5.533511
v 1.897833 -1.612202 -5.209305
v 1.607976 -2.093046 -4.795420
v 1.277200 -2.466281 -4.307761
v 0.918214 -2.717562 -3.765068
v 1.021951 4.227657 -3.068278
v 1.483996 4.068492 -3.565982
v 1.909885 3.780151 -4.037159
v 2.283252 3.373720 -4.463700
v 2.589748 2.864811 -4.829216
v 2.817595 2.272985 -5.119658
v 2.958036 1.620987 -5.323865
v 3.005675 0.933867 -5.433991
v 2.958682 0.238036 -5.445801
v 2.818861 -0.439766 -5.358845
v 2.591586 -1.073495 -5.176461
v 2.285592 -1.638794 -4.905660
v 1.912637 -2.113939 -4.556847
v 1.487053 -2.480672 -4.143429
v 1.025197 -2.724899 -3.681291
v 1.110472 4.218620 -2.965322
v 1.657635 4.050766 -3.364027
v 2.161970 3.754419 -3.743965
v 2.604095 3.340967 -4.090536
v 2.967019 2.826298 -4.390422
v 3.236796 2.230192 -4.632096
v 3.403059 1.575556 -4.806271
v 3.459416 0.887549 -4.906257
v 3.403703 0.192608 -4.928208
v 3.238062 -0.482559 -4.871282
v 2.968858 -1.112007 -4.737667
v 2.606435 -1.671546 -4.532496
v 2.164722 -2.139672 -4.263654
v 1.660692 -2.498398 -3.941475
v 1.113717 -2.733936 -3.578337
v 1.177129 4.208231 -2.847142
v 1.788387 4.030387 -3.132209
v 2.351792 3.724833 -3.407419
v 2.845691 3.303312 -3.662195
v 3.251108 2.782021 -3.886744
v 3.552458 2.180994 -4.072439
v 3.738163 1.523328 -4.212144
v 3.801086 0.834296 -4.300489
v 3.738808 0.140379 -4.334080
v 3.553724 -0.531758 -4.311626
v 3.252946 -1.156285 -4.233989
v 2.848032 -1.709201 -4.104153
v 2.354543 -2.169257 -3.927108
v 1.791444 -2.518776 -3.709657
v 1.180373 -2.744324 -3.460157
v 1.219360 4.196888 -2.718280
v 1.871227 4.008139 -2.879439
v 2.472056 3.692534 -3.040453
v 2.998759 3.262202 -3.195134
v 3.431096 2.733681 -3.337539
v 3.752450 2.127282 -3.462196
v 3.950474 1.466306 -3.564313
v 4.017556 0.776159 -3.639967
v 3.951118 0.083358 -3.686250
v 3.753717 -0.585471 -3.701383
v 3.432934 -1.204625 -3.684785
v 3.001100 -1.750311 -3.637094
v 2.474807 -2.201557 -3.560141
v 1.874283 -2.541025 -3.456886
v 1.222605 -2.755666 -3.331296
v 1.235542 4.185029 -2.583689
v 1.902970 3.984876 -2.615428
v 2.518141 3.658761 -2.657167
v 3.057414 3.219217 -2.707306
v 3.500067 2.683137 -2.763914
v 3.829087 2.071119 -2.824819
v 4.031830 1.406685 -2.887677
v 4.100507 0.715369 -2.950073
v 4.032476 0.023736 -3.009612
v 3.830354 -0.641633 -3.064004
v 3.501905 -1.255170 -3.111160
v 3.059755 -1.793295 -3.149266
v 2.520892 -2.235331 -3.176857
v 1.906027 -2.564288 -3.192876
v 1.238788 -2.767526 -3.196704
v 1.225055 4.173108 -2.448539
v 1.882399 3.961492 -2.350323
v 2.488276 3.624813 -2.272295
v 3.019403 3.176009 -2.217456
v 3.455370 2.632327 -2.187912
v 3.779423 2.014664 -2.184799
v 3.979107 1.346753 -2.208235
v 4.046751 0.654262 -2.257323
v 3.979753 -0.036195 -2.330171
v 3.780689 -0.698088 -2.423986
v 3.457209 -1.305977 -2.535159
v 3.021744 -1.836504 -2.659416
v 2.491027 -2.269279 -2.791985
v 1.885455 -2.587672 -2.927771
v 1.228300 -2.779447 -3.061555
v 1.188301 4.161583 -2.318026
v 1.810303 3.938885 -2.094312
v 2.383608 3.591993 -1.900626
v 2.886187 3.134238 -1.744411
v 3.298724 2.583210 -1.631668
v 3.605367 1.960088 -1.566734
v 3.794330 1.288815 -1.552102
v 3.858355 0.595189 -1.588334
v 3.794976 -0.094135 -1.674038
v 3.606634 -0.752664 -1.805921
v 3.300563 -1.355096 -1.978914
v 2.888527 -1.878275 -2.186370
v 2.386359 -2.302098 -2.420315
v 1.813359 -2.610279 -2.671760
v 1.191546 -2.790972 -2.931042
v 1.126692 4.150897 -2.197164
v 1.689452 3.917925 -1.857233
v 2.208160 3.561563 -1.556440
v 2.662884 3.095507 -1.306346
v 3.036148 2.537670 -1.116560
v 3.313608 1.909485 -0.994376
v 3.484600 1.235096 -0.944490
v 3.542557 0.540418 -0.968818
v 3.485246 -0.147853 -1.066425
v 3.314874 -0.803267 -1.233563
v 3.037986 -1.400636 -1.463806
v 2.665224 -1.917004 -1.748305
v 2.210911 -2.332528 -2.076130
v 1.692508 -2.631239 -2.434681
v 1.129937 -2.801656 -2.810180
v 1.042595 4.141463 -2.090598
v 1.524491 3.899418 -1.648197
v 1.968675 3.534695 -1.252968
v 2.358077 3.061310 -0.920099
v 2.677732 2.497458 -0.662381
v 2.881823 2.094439 -0.468766
v 3.061821 1.187662 -0.408749
v 3.111493 0.492055 -0.422580
v 3.062466 -0.195286 -0.530685
v 2.916624 -0.847948 -0.728905
v 2.679571 -1.440848 -1.009626
v 2.360416 -1.951203 -1.362058
v 1.971426 -2.359398 -1.772657
v 1.527548 -2.649746 -2.225646
v 1.045841 -2.811092 -2.703615
v 0.939244 4.133640 -2.002424
v 1.321760 3.884073 -1.475237
v 1.674354 3.512418 -1.001870
v 1.983477 3.032956 -0.600510
v 2.237250 2.464117 -0.286586
v 2.304498 1.824827 0.054423
v 2.368010 1.407941 0.095525
v 2.581731 0.451957 0.029385
v 2.542882 -0.234615 -0.087404
v 2.427188 -0.884994 -0.311344
v 2.239089 -1.474188 -0.633830
v 1.985818 -1.979555 -1.042470
v 1.677106 -2.381674 -1.521559
v 1.324816 -2.665091 -2.052686
v 0.942489 -2.818914 -2.615441
v 0.544816 -2.837233 -3.188196
v 0.820608 4.127730 -1.936030
v 1.089048 3.872480 -1.345001
v 1.336509 3.495588 -0.812795
v 1.553483 3.011539 -0.359865
v 1.731631 2.438931 -0.003616
v 2.031528 1.728333 0.190042
v 2.076748 1.396181 0.274832
v 1.973627 0.421666 0.369710
v 1.946464 -0.264322 0.246381
v 1.865373 -0.912979 0.003076
v 1.733469 -1.499375 -0.350860
v 1.555824 -2.000975 -0.801824
v 1.339261 -2.398503 -1.332484
v 1.092106 -2.676683 -1.922449
v 0.823854 -2.824824 -2.549046
v 0.691248 4.123962 -1.893968
v 0.835300 3.865087 -1.262492
v 0.968125 3.484855 -0.693010
v 1.084618 2.997877 -0.207408
v 1.180304 2.422868 0.175654
v 1.287488 1.535528 0.418973
v 1.295483 1.099678 0.579781
v 1.310552 0.402346 0.585317
v 1.296129 -0.283271 0.457845
v 1.252771 -0.930828 0.202269
v 1.182142 -1.515439 -0.171591
v 1.086959 -2.014636 -0.649367
v 0.970876 -2.409237 -1.212700
v 0.838358 -2.684076 -1.839941
v 0.694494 -2.828593 -2.506983
v 0.556136 4.122478 -1.877853
v 0.570266 3.862177 -1.230882
v 0.583355 3.480629 -0.647119
v 0.594900 2.992498 -0.148999
v 0.608205 2.426298 0.424702
v 0.612857 1.744478 0.571778
v 0.616225 1.092217 0.660797
v 0.617985 0.394740 0.667918
v 0.616870 -0.290731 0.538860
v 0.612924 -0.937855 0.278584
v 0.606295 -1.521762 -0.102909
v 0.597240 -2.020015 -0.590958
v 0.586107 -2.413463 -1.166810
v 0.573324 -2.686988 -1.808330
v 0.559382 -2.830077 -2.490869
v 0.420461 4.123335 -1.888305
v 0.304132 3.863859 -1.251385
v 0.196989 3.483073 -0.676884
v 0.103149 2.995609 -0.186884
v 0.026217 2.420201 0.199788
v -0.066600 1.532399 0.447290
v -0.065854 1.096532 0.608250
v -0.077456 0.399139 0.614342
v -0.065208 -0.286417 0.486312
v -0.029580 -0.933790 0.229086
v 0.028056 -1.518105 -0.147457
v 0.105488 -2.016903 -0.628843
v 0.199741 -2.411018 -1.196574
v 0.307190 -2.685304 -1.828832
v 0.423707 -2.829219 -2.501321
v 0.289441 4.126504 -1.924923
v 0.047125 3.870073 -1.323213
v -0.176127 3.492094 -0.781163
v -0.371739 3.007090 -0.319605
v -0.532190 2.433701 0.043725
v -0.814665 1.726655 0.250718
v -0.856176 1.382626 0.340334
v -0.749048 0.415375 0.426644
v -0.723895 -0.270493 0.302223
v -0.650050 -0.918791 0.055677
v -0.530350 -1.504605 -0.303521
v -0.369398 -2.005423 -0.761565
v -0.173376 -2.401998 -1.300853
v 0.050183 -2.679091 -1.900661
v 0.292686 -2.826051 -2.537940
v 0.168107 4.131859 -1.986299
v -0.190878 3.880577 -1.443606
v -0.521654 3.507343 -0.955947
v -0.811511 3.026499 -0.542063
v -1.049308 2.456523 -0.217859
v -1.103309 1.825221 0.122278
v -1.165224 1.393388 0.167494
v -1.370980 0.442823 0.112042
v -1.333877 -0.243572 -0.006335
v -1.224641 -0.893432 -0.234978
v -1.047471 -1.481782 -0.565104
v -0.809171 -1.986014 -0.984023
v -0.518903 -2.386749 -1.475637
v -0.187820 -2.668587 -2.021055
v 0.171353 -2.820696 -2.599315
v 0.541505 4.251530 -2.563170
v 0.061125 4.139195 -2.070074
v -0.400731 3.894969 -1.607938
v -0.826314 3.528236 -1.194520
v -1.199270 3.053091 -0.845708
v -1.505263 2.487792 -0.574909
v -1.699218 2.083854 -0.372968
v -1.872359 1.176261 -0.305567
v -1.919353 0.480431 -0.317378
v -1.871714 -0.206688 -0.427503
v -1.731272 -0.858688 -0.631709
v -1.503425 -1.450514 -0.922153
v -1.196929 -1.959423 -1.287668
v -0.823562 -2.365856 -1.714209
v -0.397674 -2.654195 -2.185386
v 0.064371 -2.813360 -2.683091
v -0.027395 4.148233 -2.173031
v -0.574370 3.912694 -1.809893
v -1.078399 3.553969 -1.487714
v -1.520113 3.085843 -1.218872
v -1.882535 2.526305 -1.013702
v -2.151740 1.896857 -0.880085
v -2.317381 1.221690 -0.823161
v -2.373093 0.526749 -0.845111
v -2.316735 -0.161259 -0.945097
v -2.150473 -0.815894 -1.119272
v -1.880697 -1.412001 -1.360947
v -1.517772 -1.926670 -1.660831
v -1.075647 -2.340122 -2.007402
v -0.571312 -2.636469 -2.387341
v -0.024149 -2.804323 -2.786046
v -0.094052 4.158620 -2.291210
v -0.705122 3.933073 -2.041710
v -1.268221 3.583555 -1.824259
v -1.761710 3.123498 -1.647215
v -2.166623 2.570582 -1.517379
v -2.467402 1.946055 -1.439742
v -2.652486 1.273919 -1.417288
v -2.714764 0.580000 -1.450879
v -2.651840 -0.109030 -1.539225
v -2.466136 -0.766696 -1.678928
v -2.164784 -1.367724 -1.864624
v -1.759370 -1.889015 -2.089174
v -1.265468 -2.310537 -2.343948
v -0.702064 -2.616091 -2.619158
v -0.090806 -2.793934 -2.904226
v -0.136283 4.169962 -2.420072
v -0.787961 3.955321 -2.294481
v -1.388485 3.615854 -2.191225
v -1.914777 3.164607 -2.114274
v -2.346611 2.618922 -2.066583
v -2.667395 1.999768 -2.049985
v -2.864795 1.330940 -2.065118
v -2.931234 0.638139 -2.111401
v -2.864150 -0.052010 -2.187054
v -2.666128 -0.712984 -2.289171
v -2.344772 -1.319384 -2.413829
v -1.912437 -1.847905 -2.556233
v -1.385733 -2.278237 -2.710915
v -0.784903 -2.593842 -2.871929
v -0.133037 -2.782593 -3.033087
v -0.152466 4.181823 -2.554663
v -0.819705 3.978584 -2.558492
v -1.434570 3.649628 -2.574511
v -1.973432 3.207592 -2.602103
v -2.415582 2.669467 -2.640208
v -2.744030 2.055930 -2.687362
v -2.946152 1.390562 -2.741755
v -3.014184 0.698929 -2.801294
v -2.945507 0.007613 -2.863691
v -2.742764 -0.656822 -2.926550
v -2.413744 -1.268839 -2.987453
v -1.971092 -1.804920 -3.044061
v -1.431819 -2.244464 -3.094199
v -0.816647 -2.570580 -3.135940
v -0.149219 -2.770732 -3.167678
v -0.141979 4.193744 -2.689812
v -0.799133 4.001969 -2.823597
v -1.404705 3.683576 -2.959382
v -1.935422 3.250800 -3.091951
v -2.370885 2.720274 -3.216210
v -2.694367 2.112384 -3.327382
v -2.893429 1.450493 -3.421196
v -2.960428 0.760035 -3.494046
v -2.892784 0.067545 -3.543131
v -2.693101 -0.600367 -3.566568
v -2.369047 -1.218032 -3.563456
v -1.933081 -1.761712 -3.533911
v -1.401953 -2.210516 -3.479071
v -0.796076 -2.547195 -3.401044
v -0.138732 -2.758812 -3.302828
v -0.105225 4.205268 -2.820325
v -0.727037 4.024576 -3.079607
v -1.300037 3.716395 -3.331052
v -1.802205 3.292573 -3.564998
v -2.214239 2.769393 -3.772453
v -2.520312 2.166961 -3.945446
v -2.708652 1.508431 -4.077329
v -2.772031 0.819109 -4.163034
v -2.708007 0.125482 -4.199266
v -2.519045 -0.545790 -4.184633
v -2.212401 -1.168913 -4.119699
v -1.799864 -1.719941 -4.006957
v -1.297285 -2.177696 -3.850741
v -0.723980 -2.524588 -3.657055
v -0.101979 -2.747287 -3.433341
v -0.043616 4.215953 -2.941187
v -0.606186 4.045536 -3.316686
v -1.124589 3.746825 -3.675237
v -1.578902 3.331301 -4.003061
v -1.951663 2.814933 -4.287562
v -2.228552 2.217563 -4.517805
v -2.398923 1.562150 -4.684940
v -2.456234 0.873880 -4.782549
v -2.398277 0.179201 -4.806877
v -2.227286 -0.495189 -4.756991
v -1.949824 -1.123373 -4.634807
v -1.576561 -1.681212 -4.445022
v -1.121837 -2.147267 -4.194926
v -0.603129 -2.503629 -3.894134
v -0.040370 -2.736602 -3.554202
v 0.040481 4.225388 -3.047752
v -0.441226 4.064043 -3.525721
v -0.885103 3.773694 -3.978710
v -1.274094 3.365499 -4.389310
v -1.593247 2.855145 -4.741741
v -1.830302 2.262246 -5.022461
v -1.976143 1.609584 -5.220681
v -2.025170 0.922243 -5.328786
v -1.975497 0.226636 -5.342617
v -1.829036 -0.450507 -5.261648
v -1.591408 -1.083160 -5.088986
v -1.271754 -1.647013 -4.831268
v -0.882352 -2.120397 -4.498399
v -0.438168 -2.485120 -4.103169
v 0.043727 -2.727166 -3.660768
v 0.143832 4.233211 -3.135927
v -0.238494 4.079388 -3.698681
v -0.590784 3.795971 -4.229808
v -0.899496 3.393853 -4.708897
v -1.152766 2.888486 -5.117535
v -1.340865 2.299291 -5.440023
v -1.456560 1.648911 -5.663961
v -1.495408 0.962340 -5.780751
v -1.455914 0.265962 -5.785897
v -1.339599 -0.413461 -5.679208
v -1.150927 -1.049821 -5.464781
v -0.897155 -1.618660 -5.150857
v -0.588032 -2.098120 -4.749496
v -0.235437 -2.469777 -4.276129
v 0.147078 -2.719344 -3.748942
v 0.262468 4.239121 -3.202321
v -0.005784 4.090979 -3.828917
v -0.252939 3.812800 -4.418882
v -0.469501 3.415271 -4.949543
v -0.647147 2.913672 -5.400505
v -0.779051 2.327276 -5.754442
v -0.860141 1.678620 -5.997748
v -0.887304 0.992631 -6.121076
v -0.859495 0.295672 -6.119683
v -0.777784 -0.385476 -5.993629
v -0.645309 -1.024635 -5.747750
v -0.467161 -1.597241 -5.391502
v -0.250187 -2.081291 -4.938571
v -0.002726 -2.458184 -4.406365
v 0.265714 -2.713435 -3.815336
v 0.391827 4.242890 -3.244383
v 0.247965 4.098373 -3.911427
v 0.115446 3.823533 -4.538667
v -0.000636 3.428933 -5.101999
v -0.095820 2.929735 -5.579775
v -0.166449 2.345125 -5.953636
v -0.209807 1.697569 -6.209211
v -0.224229 1.011951 -6.336681
v -0.209160 0.314620 -6.331147
v -0.165183 -0.367627 -6.192823
v -0.093981 -1.008571 -5.927020
v 0.001704 -1.583580 -5.543959
v 0.118198 -2.070558 -5.058356
v 0.251022 -2.450791 -4.488874
v 0.395073 -2.709666 -3.857398
v 0.474665 -0.360599 -6.269137
v 0.481866 -1.002246 -5.995701
v 0.491422 -1.578202 -5.602367
v 0.516055 -2.447880 -4.520484
v 0.530186 -2.708181 -3.873513
v 2.682591 2.618249 -0.416663
v 2.242110 2.584909 -0.040868
v 1.736490 2.559723 0.242102
v 1.185162 2.543659 0.421372
v 0.031077 2.540993 0.445506
v -0.527330 2.554492 0.289441
v -1.044449 2.577314 0.027859
v -1.500404 2.608583 -0.329190
v 2.412960 1.916507 -0.064060
v 2.542237 1.148335 0.034533
v 1.874619 1.727786 0.235693
v 1.945818 1.118626 0.368318
v -0.661762 1.721925 0.288734
v -0.724540 1.112456 0.424159
v -1.213029 1.908128 0.011765
v -1.334523 1.139377 0.115601
v 2.862620 2.262744 -0.245875
v 2.885587 2.188013 -0.278414
v 2.400954 2.089864 0.160298
v 2.416725 2.010081 0.126293
v 1.868206 1.904643 0.462544
v 1.878384 1.821361 0.426046
v 1.291252 1.629102 0.609325
v 1.285281 1.714817 0.648651
v -0.055724 1.710740 0.676965
v -0.062786 1.627219 0.640175
v -0.646859 1.897892 0.515458
v -0.657947 1.816745 0.481619
v -1.192718 2.080679 0.235812
v -1.209215 2.002949 0.204651
v -1.695402 2.178674 -0.180084
v -1.671874 2.251471 -0.150660
v 0.526940 4.244374 -3.260500
v 0.512998 4.101283 -3.943038
v 0.500215 3.827759 -4.584560
v 0.489081 3.434312 -5.160409
v 0.480027 2.936060 -5.648459
v 0.473398 2.352154 -6.029952
v 0.469451 1.705030 -6.290229
v 0.468336 1.019558 -6.419287
v 0.470096 0.322080 -6.412166
v 0.502966 -2.066332 -5.104249
v 0.662615 4.243516 -3.250047
v 0.779132 4.099601 -3.922536
v 0.886581 3.825316 -4.554794
v 0.980832 3.431201 -5.122525
v 1.058266 2.932402 -5.603912
v 1.115902 2.348088 -5.980454
v 1.151529 1.700715 -6.237682
v 1.163777 1.015158 -6.365709
v 1.152176 0.317766 -6.359618
v 1.117169 -0.364664 -6.219641
v 1.060104 -1.005904 -5.951157
v 0.983173 -1.581312 -5.564485
v 0.889333 -2.068776 -5.074483
v 0.782189 -2.449564 -4.499983
v 0.665860 -2.709040 -3.863062
v 0.793635 4.240348 -3.213429
v 1.036139 4.093387 -3.850707
v 1.259698 3.816295 -4.450515
v 1.455720 3.419720 -4.989804
v 1.616674 2.918902 -5.447847
v 1.736372 2.333088 -5.807045
v 1.810217 1.684790 -6.053592
v 1.835369 0.998922 -6.178014
v 1.810862 0.301842 -6.175528
v 1.737639 -0.379664 -6.046232
v 1.618512 -1.019403 -5.795094
v 1.458060 -1.592793 -5.431763
v 1.262449 -2.077796 -4.970205
v 1.039196 -2.455777 -4.428154
v 0.796881 -2.712207 -3.826444
v 0.914969 4.234992 -3.152053
v 1.274142 4.082883 -3.730314
v 1.605225 3.801046 -4.275731
v 1.895493 3.400311 -4.767347
v 2.133792 2.896080 -5.186265
v 2.310963 2.307729 -5.516390
v 2.420199 1.657869 -5.745034
v 2.457302 0.971474 -5.863410
v 2.420845 0.274920 -5.866970
v 2.312230 -0.405023 -5.755577
v 2.135631 -1.042226 -5.533511
v 1.897833 -1.612202 -5.209305
v 1.607976 -2.093046 -4.795420
v 1.277200 -2.466281 -4.307761
v 0.918214 -2.717562 -3.765068
v 1.021951 4.227657 -3.068278
v 1.483996 4.068492 -3.565982
v 1.909885 3.780151 -4.037159
v 2.283252 3.373720 -4.463700
v 2.589748 2.864811 -4.829216
v 2.817595 2.272985 -5.119658
v 2.958036 1.620987 -5.323865
v 3.005675 0.933867 -5.433991
v 2.958682 0.238036 -5.445801
v 2.818861 -0.439766 -5.358845
v 2.591586 -1.073495 -5.176461
v 2.285592 -1.638794 -4.905660
v 1.912637 -2.113939 -4.556847
v 1.487053 -2.480672 -4.143429
v 1.025197 -2.724899 -3.681291
v 1.110472 4.218620 -2.965322
v 1.657635 4.050766 -3.364027
v 2.161970 3.754419 -3.743965
v 2.604095 3.340967 -4.090536
v 2.967019 2.826298 -4.390422
v 3.236796 2.230192 -4.632096
v 3.403059 1.575556 -4.806271
v 3.459416 0.887549 -4.906257
v 3.403703 0.192608 -4.928208
v 3.238062 -0.482559 -4.871282
v 2.968858 -1.112007 -4.737667
v 2.606435 -1.671546 -4.532496
v 2.164722 -2.139672 -4.263654
v 1.660692 -2.498398 -3.941475
v 1.113717 -2.733936 -3.578337
v 1.177129 4.208231 -2.847142
v 1.788387 4.030387 -3.132209
v 2.351792 3.724833 -3.407419
v 2.845691 3.303312 -3.662195
v 3.251108 2.782021 -3.886744
v 3.552458 2.180994 -4.072439
v 3.738163 1.523328 -4.212144
v 3.801086 0.834296 -4.300489
v 3.738808 0.140379 -4.334080
v 3.553724 -0.531758 -4.311626
v 3.252946 -1.156285 -4.233989
v 2.848032 -1.709201 -4.104153
v 2.354543 -2.169257 -3.927108
v 1.791444 -2.518776 -3.709657
v 1.180373 -2.744324 -3.460157
v 1.219360 4.196888 -2.718280
v 1.871227 4.008139 -2.879439
v 2.472056 3.692534 -3.040453
v 2.998759 3.262202 -3.195134
v 3.431096 2.733681 -3.337539
v 3.752450 2.127282 -3.462196
v 3.950474 1.466306 -3.564313
v 4.017556 0.776159 -3.639967
v 3.951118 0.083358 -3.686250
v 3.753717 -0.585471 -3.701383
v 3.432934 -1.204625 -3.684785
v 3.001100 -1.750311 -3.637094
v 2.474807 -2.201557 -3.560141
v 1.874283 -2.541025 -3.456886
v 1.222605 -2.755666 -3.331296
v 1.235542 4.185029 -2.583689
v 1.902970 3.984876 -2.615428
v 2.518141 3.658761 -2.657167
v 3.057414 3.219217 -2.707306
v 3.500067 2.683137 -2.763914
v 3.829087 2.071119 -2.824819
v 4.031830 1.406685 -2.887677
v 4.100507 0.715369 -2.950073
v 4.032476 0.023736 -3.009612
v 3.830354 -0.641633 -3.064004
v 3.501905 -1.255170 -3.111160
v 3.059755 -1.793295 -3.149266
v 2.520892 -2.235331 -3.176857
v 1.906027 -2.564288 -3.192876
v 1.238788 -2.767526 -3.196704
v 1.225055 4.173108 -2.448539
v 1.882399 3.961492 -2.350323
v 2.488276 3.624813 -2.272295
v 3.019403 3.176009 -2.217456
v 3.455370 2.632327 -2.187912
v 3.779423 2.014664 -2.184799
v 3.979107 1.346753 -2.208235
v 4.046751 0.654262 -2.257323
v 3.979753 -0.036195 -2.330171
v 3.780689 -0.698088 -2.423986
v 3.457209 -1.305977 -2.535159
v 3.021744 -1.836504 -2.659416
v 2.491027 -2.269279 -2.791985
v 1.885455 -2.587672 -2.927771
v 1.228300 -2.779447 -3.061555
v 1.188301 4.161583 -2.318026
v 1.810303 3.938885 -2.094312
v 2.383608 3.591993 -1.900626
v 2.886187 3.134238 -1.744411
v 3.298724 2.583210 -1.631668
v 3.605367 1.960088 -1.566734
v 3.794330 1.288815 -1.552102
v 3.858355 0.595189 -1.588334
v 3.794976 -0.094135 -1.674038
v 3.606634 -0.752664 -1.805921
v 3.300563 -1.355096 -1.978914
v 2.888527 -1.878275 -2.186370
v 2.386359 -2.302098 -2.420315
v 1.813359 -2.610279 -2.671760
v 1.191546 -2.790972 -2.931042
v 1.126692 4.150897 -2.197164
v 1.689452 3.917925 -1.857233
v 2.208160 3.561563 -1.556440
v 2.662884 3.095507 -1.306346
v 3.036148 2.537670 -1.116560
v 3.313608 1.909485 -0.994376
v 3.484600 1.235096 -0.944490
v 3.542557 0.540418 -0.968818
v 3.485246 -0.147853 -1.066425
v 3.314874 -0.803267 -1.233563
v 3.037986 -1.400636 -1.463806
v 2.665224 -1.917004 -1.748305
v 2.210911 -2.332528 -2.076130
v 1.692508 -2.631239 -2.434681
v 1.129937 -2.801656 -2.810180
v 1.042595 4.141463 -2.090598
v 1.524491 3.899418 -1.648197
v 1.968675 3.534695 -1.252968
v 2.358077 3.061310 -0.920099
v 2.677732 2.497458 -0.662381
v 2.881823 2.094439 -0.468766
v 3.061821 1.187662 -0.408749
v 3.111493 0.492055 -0.422580
v 3.062466 -0.195286 -0.530685
v 2.916624 -0.847948 -0.728905
v 2.679571 -1.440848 -1.009626
v 2.360416 -1.951203 -1.362058
v 1.971426 -2.359398 -1.772657
v 1.527548 -2.649746 -2.225646
v 1.045841 -2.811092 -2.703615
v 0.939244 4.133640 -2.002424
v 1.321760 3.884073 -1.475237
v 1.674354 3.512418 -1.001870
v 1.983477 3.032956 -0.600510
v 2.237250 2.464117 -0.286586
v 2.304498 1.824827 0.054423
v 2.368010 1.407941 0.095525
v 2.581731 0.451957 0.029385
v 2.542882 -0.234615 -0.087404
v 2.427188 -0.884994 -0.311344
v 2.239089 -1.474188 -0.633830
v 1.985818 -1.979555 -1.042470
v 1.677106 -2.381674 -1.521559
v 1.324816 -2.665091 -2.052686
v 0.942489 -2.818914 -2.615441
v 0.544816 -2.837233 -3.188196
v 0.820608 4.127730 -1.936030
v 1.089048 3.872480 -1.345001
v 1.336509 3.495588 -0.812795
v 1.553483 3.011539 -0.359865
v 1.731631 2.438931 -0.003616
v 2.031528 1.728333 0.190042
v 2.076748 1.396181 0.274832
v 1.973627 0.421666 0.369710
v 1.946464 -0.264322 0.246381
v 1.865373 -0.912979 0.003076
v 1.733469 -1.499375 -0.350860
v 1.555824 -2.000975 -0.801824
v 1.339261 -2.398503 -1.332484
v 1.092106 -2.676683 -1.922449
v 0.823854 -2.824824 -2.549046
v 0.691248 4.123962 -1.893968
v 0.835300 3.865087 -1.262492
v 0.968125 3.484855 -0.693010
v 1.084618 2.997877 -0.207408
v 1.180304 2.422868 0.175654
v 1.287488 1.535528 0.418973
v 1.295483 1.099678 0.579781
v 1.310552 0.402346 0.585317
v 1.296129 -0.283271 0.457845
v 1.252771 -0.930828 0.202269
v 1.182142 -1.515439 -0.171591
v 1.086959 -2.014636 -0.649367
v 0.970876 -2.409237 -1.212700
v 0.838358 -2.684076 -1.839941
v 0.694494 -2.828593 -2.506983
v 0.556136 4.122478 -1.877853
v 0.570266 3.862177 -1.230882
v 0.583355 3.480629 -0.647119
v 0.594900 2.992498 -0.148999
v 0.608205 2.426298 0.424702
v 0.612857 1.744478 0.571778
v 0.616225 1.092217 0.660797
v 0.617985 0.394740 0.667918
v 0.616870 -0.290731 0.538860
v 0.612924 -0.937855 0.278584
v 0.606295 -1.521762 -0.102909
v 0.597240 -2.020015 -0.590958
v 0.586107 -2.413463 -1.166810
v 0.573324 -2.686988 -1.808330
v 0.559382 -2.830077 -2.490869
v 0.420461 4.123335 -1.888305
v 0.304132 3.863859 -1.251385
v 0.196989 3.483073 -0.676884
v 0.103149 2.995609 -0.186884
v 0.026217 2.420201 0.199788
v -0.066600 1.532399 0.447290
v -0.065854 1.096532 0.608250
v -0.077456 0.399139 0.614342
v -0.065208 -0.286417 0.486312
v -0.029580 -0.933790 0.229086
v 0.028056 -1.518105 -0.147457
v 0.105488 -2.016903 -0.628843
v 0.199741 -2.411018 -1.196574
v 0.307190 -2.685304 -1.828832
v 0.423707 -2.829219 -2.501321
v 0.289441 4.126504 -1.924923
v 0.047125 3.870073 -1.323213
v -0.176127 3.492094 -0.781163
v -0.371739 3.007090 -0.319605
v -0.532190 2.433701 0.043725
v -0.814665 1.726655 0.250718
v -0.856176 1.382626 0.340334
v -0.749048 0.415375 0.426644
v -0.723895 -0.270493 0.302223
v -0.650050 -0.918791 0.055677
v -0.530350 -1.504605 -0.303521
v -0.369398 -2.005423 -0.761565
v -0.173376 -2.401998 -1.300853
v 0.050183 -2.679091 -1.900661
v 0.292686 -2.826051 -2.537940
v 0.168107 4.131859 -1.986299
v -0.190878 3.880577 -1.443606
v -0.521654 3.507343 -0.955947
v -0.811511 3.026499 -0.542063
v -1.049308 2.456523 -0.217859
v -1.103309 1.825221 0.122278
v -1.165224 1.393388 0.167494
v -1.370980 0.442823 0.112042
v -1.333877 -0.243572 -0.006335
v -1.224641 -0.893432 -0.234978
v -1.047471 -1.481782 -0.565104
v -0.809171 -1.986014 -0.984023
v -0.518903 -2.386749 -1.475637
v -0.187820 -2.668587 -2.021055
v 0.171353 -2.820696 -2.599315
v 0.541505 4.251530 -2.563170
v 0.061125 4.139195 -2.070074
v -0.400731 3.894969 -1.607938
v -0.826314 3.528236 -1.194520
v -1.199270 3.053091 -0.845708
v -1.505263 2.487792 -0.574909
v -1.699218 2.083854 -0.372968
v -1.872359 1.176261 -0.305567
v -1.919353 0.480431 -0.317378
v -1.871714 -0.206688 -0.427503
v -1.731272 -0.858688 -0.631709
v -1.503425 -1.450514 -0.922153
v -1.196929 -1.959423 -1.287668
v -0.823562 -2.365856 -1.714209
v -0.397674 -2.654195 -2.185386
v 0.064371 -2.813360 -2.683091
v -0.027395 4.148233 -2.173031
v -0.574370 3.912694 -1.809893
v -1.078399 3.553969 -1.487714
v -1.520113 3.085843 -1.218872
v -1.882535 2.526305 -1.013702
v -2.151740 1.896857 -0.880085
v -2.317381 1.221690 -0.823161
v -2.373093 0.526749 -0.845111
v -2.316735 -0.161259 -0.945097
v -2.150473 -0.815894 -1.119272
v -1.880697 -1.412001 -1.360947
v -1.517772 -1.926670 -1.660831
v -1.075647 -2.340122 -2.007402
v -0.571312 -2.636469 -2.387341
v -0.024149 -2.804323 -2.786046
v -0.094052 4.158620 -2.291210
v -0.705122 3.933073 -2.041710
v -1.268221 3.583555 -1.824259
v -1.761710 3.123498 -1.647215
v -2.166623 2.570582 -1.517379
v -2.467402 1.946055 -1.439742
v -2.652486 1.273919 -1.417288
v -2.714764 0.580000 -1.450879
v -2.651840 -0.109030 -1.539225
v -2.466136 -0.766696 -1.678928
v -2.164784 -1.367724 -1.864624
v -1.759370 -1.889015 -2.089174
v -1.265468 -2.310537 -2.343948
v -0.702064 -2.616091 -2.619158
v -0.090806 -2.793934 -2.904226
v -0.136283 4.169962 -2.420072
v -0.787961 3.955321 -2.294481
v -1.388485 3.615854 -2.191225
v -1.914777 3.164607 -2.114274
v -2.346611 2.618922 -2.066583
v -2.667395 1.999768 -2.049985
v -2.864795 1.330940 -2.065118
v -2.931234 0.638139 -2.111401
v -2.864150 -0.052010 -2.187054
v -2.666128 -0.712984 -2.289171
v -2.344772 -1.319384 -2.413829
v -1.912437 -1.847905 -2.556233
v -1.385733 -2.278237 -2.710915
v -0.784903 -2.593842 -2.871929
v -0.133037 -2.782593 -3.033087
v -0.152466 4.181823 -2.554663
v -0.819705 3.978584 -2.558492
v -1.434570 3.649628 -2.574511
v -1.973432 3.207592 -2.602103
v -2.415582 2.669467 -2.640208
v -2.744030 2.055930 -2.687362
v -2.946152 1.390562 -2.741755
v -3.014184 0.698929 -2.801294
v -2.945507 0.007613 -2.863691
v -2.742764 -0.656822 -2.926550
v -2.413744 -1.268839 -2.987453
v -1.971092 -1.804920 -3.044061
v -1.431819 -2.244464 -3.094199
v -0.816647 -2.570580 -3.135940
v -0.149219 -2.770732 -3.167678
v -0.141979 4.193744 -2.689812
v -0.799133 4.001969 -2.823597
v -1.404705 3.683576 -2.959382
v -1.935422 3.250800 -3.091951
v -2.370885 2.720274 -3.216210
v -2.694367 2.112384 -3.327382
v -2.893429 1.450493 -3.421196
v -2.960428 0.760035 -3.494046
v -2.892784 0.067545 -3.543131
v -2.693101 -0.600367 -3.566568
v -2.369047 -1.218032 -3.563456
v -1.933081 -1.761712 -3.533911
v -1.401953 -2.210516 -3.479071
v -0.796076 -2.547195 -3.401044
v -0.138732 -2.758812 -3.302828
v -0.105225 4.205268 -2.820325
v -0.727037 4.024576 -3.079607
v -1.300037 3.716395 -3.331052
v -1.802205 3.292573 -3.564998
v -2.214239 2.769393 -3.772453
v -2.520312 2.166961 -3.945446
v -2.708652 1.508431 -4.077329
v -2.772031 0.819109 -4.163034
v -2.708007 0.125482 -4.199266
v -2.519045 -0.545790 -4.184633
v -2.212401 -1.168913 -4.119699
v -1.799864 -1.719941 -4.006957
v -1.297285 -2.177696 -3.850741
v -0.723980 -2.524588 -3.657055
v -0.101979 -2.747287 -3.433341
v -0.043616 4.215953 -2.941187
v -0.606186 4.045536 -3.316686
v -1.124589 3.746825 -3.675237
v -1.578902 3.331301 -4.003061
v -1.951663 2.814933 -4.287562
v -2.228552 2.217563 -4.517805
v -2.398923 1.562150 -4.684940
v -2.456234 0.873880 -4.782549
v -2.398277 0.179201 -4.806877
v -2.227286 -0.495189 -4.756991
v -1.949824 -1.123373 -4.634807
v -1.576561 -1.681212 -4.445022
v -1.121837 -2.147267 -4.194926
v -0.603129 -2.503629 -3.894134
v -0.040370 -2.736602 -3.554202
v 0.040481 4.225388 -3.047752
v -0.441226 4.064043 -3.525721
v -0.885103 3.773694 -3.978710
v -1.274094 3.365499 -4.389310
v -1.593247 2.855145 -4.741741
v -1.830302 2.262246 -5.022461
v -1.976143 1.609584 -5.220681
v -2.025170 0.922243 -5.328786
v -1.975497 0.226636 -5.342617
v -1.829036 -0.450507 -5.261648
v -1.591408 -1.083160 -5.088986
v -1.271754 -1.647013 -4.831268
v -0.882352 -2.120397 -4.498399
v -0.438168 -2.485120 -4.103169
v 0.043727 -2.727166 -3.660768
v 0.143832 4.233211 -3.135927
v -0.238494 4.079388 -3.698681
v -0.590784 3.795971 -4.229808
v -0.899496 3.393853 -4.708897
v -1.152766 2.888486 -5.117535
v -1.340865 2.299291 -5.440023
v -1.456560 1.648911 -5.663961
v -1.495408 0.962340 -5.780751
v -1.455914 0.265962 -5.785897
v -1.339599 -0.413461 -5.679208
v -1.150927 -1.049821 -5.464781
v -0.897155 -1.618660 -5.150857
v -0.588032 -2.098120 -4.749496
v -0.235437 -2.469777 -4.276129
v 0.147078 -2.719344 -3.748942
v 0.262468 4.239121 -3.202321
v -0.005784 4.090979 -3.828917
v -0.252939 3.812800 -4.418882
v -0.469501 3.415271 -4.949543
v -0.647147 2.913672 -5.400505
v -0.779051 2.327276 -5.754442
v -0.860141 1.678620 -5.997748
v -0.887304 0.992631 -6.121076
v -0.859495 0.295672 -6.119683
v -0.777784 -0.385476 -5.993629
v -0.645309 -1.024635 -5.747750
v -0.467161 -1.597241 -5.391502
v -0.250187 -2.081291 -4.938571
v -0.002726 -2.458184 -4.406365
v 0.265714 -2.713435 -3.815336
v 0.391827 4.242890 -3.244383
v 0.247965 4.098373 -3.911427
v 0.115446 3.823533 -4.538667
v -0.000636 3.428933 -5.101999
v -0.095820 2.929735 -5.579775
v -0.166449 2.345125 -5.953636
v -0.209807 1.697569 -6.209211
v -0.224229 1.011951 -6.336681
v -0.209160 0.314620 -6.331147
v -0.165183 -0.367627 -6.192823
v -0.093981 -1.008571 -5.927020
v 0.001704 -1.583580 -5.543959
v 0.118198 -2.070558 -5.058356
v 0.251022 -2.450791 -4.488874
v 0.395073 -2.709666 -3.857398
v 0.474665 -0.360599 -6.269137
v 0.481866 -1.002246 -5.995701
v 0.491422 -1.578202 -5.602367
v 0.516055 -2.447880 -4.520484
v 0.530186 -2.708181 -3.873513
v 2.682591 2.618249 -0.416663
v 2.242110 2.584909 -0.040868
v 1.736490 2.559723 0.242102
v 1.185162 2.543659 0.421372
v 0.031077 2.540993 0.445506
v -0.527330 2.554492 0.289441
v -1.044449 2.577314 0.027859
v -1.500404 2.608583 -0.329190
v 2.412960 1.916507 -0.064060
v 2.542237 1.148335 0.034533
v 1.874619 1.727786 0.235693
v 1.945818 1.118626 0.368318
v -0.661762 1.721925 0.288734
v -0.724540 1.112456 0.424159
v -1.213029 1.908128 0.011765
v -1.334523 1.139377 0.115601
v 2.862620 2.262744 -0.245875
v 2.885587 2.188013 -0.278414
v 2.400954 2.089864 0.160298
v 2.416725 2.010081 0.126293
v 1.868206 1.904643 0.462544
v 1.878384 1.821361 0.426046
v 1.291252 1.629102 0.609325
v 1.285281 1.714817 0.648651
v -0.055724 1.710740 0.676965
v -0.062786 1.627219 0.640175
v -0.646859 1.897892 0.515458
v -0.657947 1.816745 0.481619
v -1.192718 2.080679 0.235812
v -1.209215 2.002949 0.204651
v -1.695402 2.178674 -0.180084
v -1.671874 2.251471 -0.150660
vn 0.048673 0.770196 -0.635947
vn 0.048673 0.770196 -0.635947
vn 0.048673 0.770196 -0.635947
vn 0.048673 0.770196 -0.635947
vn 0.048673 0.770196 -0.635947
vn 0.048673 0.770196 -0.635947
vn 0.059395 0.630928 -0.773565
vn 0.059395 0.630928 -0.773565
vn 0.059395 0.630928 -0.773565
vn 0.059395 0.630928 -0.773565
vn 0.059395 0.630928 -0.773565
vn 0.059395 0.630928 -0.773565
vn 0.067860 0.467819 -0.881216
vn 0.067860 0.467819 -0.881216
vn 0.067860 0.467819 -0.881216
vn 0.067860 0.467819 -0.881216
vn 0.067860 0.467819 -0.881216
vn 0.067860 0.467819 -0.881216
vn 0.073678 0.287008 -0.955091
vn 0.073678 0.287008 -0.955091
vn 0.073678 0.287008 -0.955091
vn 0.073678 0.287008 -0.955091
vn 0.073678 0.287008 -0.955091
vn 0.073678 0.287008 -0.955091
vn 0.076650 0.095472 -0.992477
vn 0.076650 0.095472 -0.992477
vn 0.076650 0.095472 -0.992477
vn 0.076650 0.095472 -0.992477
vn 0.076650 0.095472 -0.992477
vn 0.076650 0.095472 -0.992477
vn 0.007153 0.994930 -0.100314
vn 0.007153 0.994930 -0.100314
vn 0.007153 0.994930 -0.100314
vn 0.021996 0.955938 -0.292742
vn 0.021996 0.955938 -0.292742
vn 0.021996 0.955938 -0.292742
vn 0.021996 0.955938 -0.292742
vn 0.021996 0.955938 -0.292742
vn 0.021996 0.955938 -0.292742
vn 0.036016 0.879967 -0.473667
vn 0.036016 0.879967 -0.473667
vn 0.036016 0.879967 -0.473667
vn 0.036016 0.879967 -0.473667
vn 0.036016 0.879967 -0.473667
vn 0.036016 0.879967 -0.473667
vn 0.127404 0.880034 -0.457501
vn 0.127404 0.880034 -0.457501
vn 0.127404 0.880034 -0.457501
vn 0.127404 0.880034 -0.457501
vn 0.127404 0.880034 -0.457501
vn 0.127404 0.880034 -0.457501
vn 0.171499 0.770278 -0.614214
vn 0.171499 0.770278 -0.614214
vn 0.171499 0.770278 -0.614214
vn 0.171499 0.770278 -0.614214
vn 0.171499 0.770278 -0.614214
vn 0.171499 0.770278 -0.614214
vn 0.208922 0.631074 -0.747059
vn 0.208922 0.631074 -0.747059
vn 0.208922 0.631074 -0.747059
vn 0.208922 0.631074 -0.747059
vn 0.208922 0.631074 -0.747059
vn 0.208922 0.631074 -0.747059
vn 0.238290 0.467929 -0.851035
vn 0.238290 0.467929 -0.851035
vn 0.238290 0.467929 -0.851035
vn 0.238290 0.467929 -0.851035
vn 0.238290 0.467929 -0.851035
vn 0.238290 0.467929 -0.851035
vn 0.258477 0.287112 -0.922365
vn 0.258477 0.287112 -0.922365
vn 0.258477 0.287112 -0.922365
vn 0.258477 0.287112 -0.922365
vn 0.258477 0.287112 -0.922365
vn 0.258477 0.287112 -0.922365
vn 0.268763 0.095581 -0.958452
vn 0.268763 0.095581 -0.958452
vn 0.268763 0.095581 -0.958452
vn 0.268763 0.095581 -0.958452
vn 0.268763 0.095581 -0.958452
vn 0.268763 0.095581 -0.958452
vn 0.026100 0.994950 -0.096924
vn 0.026100 0.994950 -0.096924
vn 0.026100 0.994950 -0.096924
vn 0.078343 0.955967 -0.282823
vn 0.078343 0.955967 -0.282823
vn 0.078343 0.955967 -0.282823
vn 0.078343 0.955967 -0.282823
vn 0.078343 0.955967 -0.282823
vn 0.078343 0.955967 -0.282823
vn 0.433325 0.287339 -0.854205
vn 0.433325 0.287339 -0.854205
vn 0.433325 0.287339 -0.854205
vn 0.433325 0.287339 -0.854205
vn 0.433325 0.287339 -0.854205
vn 0.433325 0.287339 -0.854205
vn 0.450548 0.095857 -0.887591
vn 0.450548 0.095857 -0.887591
vn 0.450548 0.095857 -0.887591
vn 0.450548 0.095857 -0.887591
vn 0.450548 0.095857 -0.887591
vn 0.450548 0.095857 -0.887591
vn 0.044079 0.994971 -0.089945
vn 0.044079 0.994971 -0.089945
vn 0.044079 0.994971 -0.089945
vn 0.131535 0.956061 -0.262003
vn 0.131535 0.956061 -0.262003
vn 0.131535 0.956061 -0.262003
vn 0.131535 0.956061 -0.262003
vn 0.131535 0.956061 -0.262003
vn 0.131535 0.956061 -0.262003
vn 0.213841 0.880132 -0.423840
vn 0.213841 0.880132 -0.423840
vn 0.213841 0.880132 -0.423840
vn 0.213841 0.880132 -0.423840
vn 0.213841 0.880132 -0.423840
vn 0.213841 0.880132 -0.423840
vn 0.287719 0.770417 -0.568925
vn 0.287719 0.770417 -0.568925
vn 0.287719 0.770417 -0.568925
vn 0.287719 0.770417 -0.568925
vn 0.287719 0.770417 -0.568925
vn 0.287719 0.770417 -0.568925
vn 0.350390 0.631227 -0.691938
vn 0.350390 0.631227 -0.691938
vn 0.350390 0.631227 -0.691938
vn 0.350390 0.631227 -0.691938
vn 0.350390 0.631227 -0.691938
vn 0.350390 0.631227 -0.691938
vn 0.399505 0.468154 -0.788180
vn 0.399505 0.468154 -0.788180
vn 0.399505 0.468154 -0.788180
vn 0.399505 0.468154 -0.788180
vn 0.399505 0.468154 -0.788180
vn 0.399505 0.468154 -0.788180
vn 0.392795 0.770598 -0.501888
vn 0.392795 0.770598 -0.501888
vn 0.392795 0.770598 -0.501888
vn 0.392795 0.770598 -0.501888
vn 0.392795 0.770598 -0.501888
vn 0.392795 0.770598 -0.501888
vn 0.478370 0.631421 -0.610303
vn 0.478370 0.631421 -0.610303
vn 0.478370 0.631421 -0.610303
vn 0.478370 0.631421 -0.610303
vn 0.478370 0.631421 -0.610303
vn 0.478370 0.631421 -0.610303
vn 0.545383 0.468411 -0.695089
vn 0.545383 0.468411 -0.695089
vn 0.545383 0.468411 -0.695089
vn 0.545383 0.468411 -0.695089
vn 0.545383 0.468411 -0.695089
vn 0.545383 0.468411 -0.695089
vn 0.591511 0.287656 -0.753239
vn 0.591511 0.287656 -0.753239
vn 0.591511 0.287656 -0.753239
vn 0.591511 0.287656 -0.753239
vn 0.591511 0.287656 -0.753239
vn 0.591511 0.287656 -0.753239
vn 0.615053 0.096165 -0.782600
vn 0.615053 0.096165 -0.782600
vn 0.615053 0.096165 -0.782600
vn 0.615053 0.096165 -0.782600
vn 0.615053 0.096165 -0.782600
vn 0.615053 0.096165 -0.782600
vn 0.060404 0.994994 -0.079609
vn 0.060404 0.994994 -0.079609
vn 0.060404 0.994994 -0.079609
vn 0.179780 0.956122 -0.231321
vn 0.179780 0.956122 -0.231321
vn 0.179780 0.956122 -0.231321
vn 0.179780 0.956122 -0.231321
vn 0.179780 0.956122 -0.231321
vn 0.179780 0.956122 -0.231321
vn 0.291979 0.880338 -0.373836
vn 0.291979 0.880338 -0.373836
vn 0.291979 0.880338 -0.373836
vn 0.291979 0.880338 -0.373836
vn 0.291979 0.880338 -0.373836
vn 0.291979 0.880338 -0.373836
vn 0.755808 0.096516 -0.647641
vn 0.755808 0.096516 -0.647641
vn 0.755808 0.096516 -0.647641
vn 0.755808 0.096516 -0.647641
vn 0.755808 0.096516 -0.647641
vn 0.755808 0.096516 -0.647641
vn 0.074358 0.995029 -0.066241
vn 0.074358 0.995029 -0.066241
vn 0.074358 0.995029 -0.066241
vn 0.220992 0.956253 -0.191686
vn 0.220992 0.956253 -0.191686
vn 0.220992 0.956253 -0.191686
vn 0.220992 0.956253 -0.191686
vn 0.220992 0.956253 -0.191686
vn 0.220992 0.956253 -0.191686
vn 0.358991 0.880456 -0.309713
vn 0.358991 0.880456 -0.309713
vn 0.358991 0.880456 -0.309713
vn 0.358991 0.880456 -0.309713
vn 0.358991 0.880456 -0.309713
vn 0.358991 0.880456 -0.309713
vn 0.482832 0.770876 -0.415480
vn 0.482832 0.770876 -0.415480
vn 0.482832 0.770876 -0.415480
vn 0.482832 0.770876 -0.415480
vn 0.482832 0.770876 -0.415480
vn 0.482832 0.770876 -0.415480
vn 0.587934 0.631785 -0.505155
vn 0.587934 0.631785 -0.505155
vn 0.587934 0.631785 -0.505155
vn 0.587934 0.631785 -0.505155
vn 0.587934 0.631785 -0.505155
vn 0.587934 0.631785 -0.505155
vn 0.670263 0.468734 -0.575358
vn 0.670263 0.468734 -0.575358
vn 0.670263 0.468734 -0.575358
vn 0.670263 0.468734 -0.575358
vn 0.670263 0.468734 -0.575358
vn 0.670263 0.468734 -0.575358
vn 0.726936 0.287982 -0.623403
vn 0.726936 0.287982 -0.623403
vn 0.726936 0.287982 -0.623403
vn 0.726936 0.287982 -0.623403
vn 0.726936 0.287982 -0.623403
vn 0.726936 0.287982 -0.623403
vn 0.554318 0.771079 -0.313319
vn 0.554318 0.771079 -0.313319
vn 0.554318 0.771079 -0.313319
vn 0.554318 0.771079 -0.313319
vn 0.554318 0.771079 -0.313319
vn 0.554318 0.771079 -0.313319
vn 0.674938 0.632058 -0.380738
vn 0.674938 0.632058 -0.380738
vn 0.674938 0.632058 -0.380738
vn 0.674938 0.632058 -0.380738
vn 0.674938 0.632058 -0.380738
vn 0.674938 0.632058 -0.380738
vn 0.769477 0.469061 -0.433459
vn 0.769477 0.469061 -0.433459
vn 0.769477 0.469061 -0.433459
vn 0.769477 0.469061 -0.433459
vn 0.769477 0.469061 -0.433459
vn 0.769477 0.469061 -0.433459
vn 0.834474 0.288351 -0.469582
vn 0.834474 0.288351 -0.469582
vn 0.834474 0.288351 -0.469582
vn 0.834474 0.288351 -0.469582
vn 0.834474 0.288351 -0.469582
vn 0.834474 0.288351 -0.469582
vn 0.867616 0.096885 -0.487704
vn 0.867616 0.096885 -0.487704
vn 0.867616 0.096885 -0.487704
vn 0.867616 0.096885 -0.487704
vn 0.867616 0.096885 -0.487704
vn 0.867616 0.096885 -0.487704
vn 0.085382 0.995076 -0.050335
vn 0.085382 0.995076 -0.050335
vn 0.085382 0.995076 -0.050335
vn 0.253706 0.956369 -0.144887
vn 0.253706 0.956369 -0.144887
vn 0.253706 0.956369 -0.144887
vn 0.253706 0.956369 -0.144887
vn 0.253706 0.956369 -0.144887
vn 0.253706 0.956369 -0.144887
vn 0.412106 0.880661 -0.233678
vn 0.412106 0.880661 -0.233678
vn 0.412106 0.880661 -0.233678
vn 0.412106 0.880661 -0.233678
vn 0.412106 0.880661 -0.233678
vn 0.412106 0.880661 -0.233678
vn 0.946027 0.097349 -0.309120
vn 0.946027 0.097349 -0.309120
vn 0.946027 0.097349 -0.309120
vn 0.946027 0.097349 -0.309120
vn 0.946027 0.097349 -0.309120
vn 0.946027 0.097349 -0.309120
vn 0.093146 0.995115 -0.032717
vn 0.093146 0.995115 -0.032717
vn 0.093146 0.995115 -0.032717
vn 0.276740 0.956473 -0.092593
vn 0.276740 0.956473 -0.092593
vn 0.276740 0.956473 -0.092593
vn 0.276740 0.956473 -0.092593
vn 0.276740 0.956473 -0.092593
vn 0.276740 0.956473 -0.092593
vn 0.449403 0.880855 -0.148766
vn 0.449403 0.880855 -0.148766
vn 0.449403 0.880855 -0.148766
vn 0.449403 0.880855 -0.148766
vn 0.449403 0.880855 -0.148766
vn 0.449403 0.880855 -0.148766
vn 0.604432 0.771379 -0.199088
vn 0.604432 0.771379 -0.199088
vn 0.604432 0.771379 -0.199088
vn 0.604432 0.771379 -0.199088
vn 0.604432 0.771379 -0.199088
vn 0.604432 0.771379 -0.199088
vn 0.735957 0.632404 -0.241728
vn 0.735957 0.632404 -0.241728
vn 0.735957 0.632404 -0.241728
vn 0.735957 0.632404 -0.241728
vn 0.735957 0.632404 -0.241728
vn 0.735957 0.632404 -0.241728
vn 0.839025 0.469461 -0.275032
vn 0.839025 0.469461 -0.275032
vn 0.839025 0.469461 -0.275032
vn 0.839025 0.469461 -0.275032
vn 0.839025 0.469461 -0.275032
vn 0.839025 0.469461 -0.275032
vn 0.909927 0.288818 -0.297687
vn 0.909927 0.288818 -0.297687
vn 0.909927 0.288818 -0.297687
vn 0.909927 0.288818 -0.297687
vn 0.909927 0.288818 -0.297687
vn 0.909927 0.288818 -0.297687
vn 0.768750 0.632680 -0.093489
vn 0.768750 0.632680 -0.093489
vn 0.768750 0.632680 -0.093489
vn 0.768750 0.632680 -0.093489
vn 0.768750 0.632680 -0.093489
vn 0.768750 0.632680 -0.093489
vn 0.876396 0.469778 -0.106008
vn 0.876396 0.469778 -0.106008
vn 0.876396 0.469778 -0.106008
vn 0.876396 0.469778 -0.106008
vn 0.876396 0.469778 -0.106008
vn 0.876396 0.469778 -0.106008
vn 0.950400 0.289191 -0.114488
vn 0.950400 0.289191 -0.114488
vn 0.950400 0.289191 -0.114488
vn 0.950400 0.289191 -0.114488
vn 0.950400 0.289191 -0.114488
vn 0.950400 0.289191 -0.114488
vn 0.988122 0.097791 -0.118538
vn 0.988122 0.097791 -0.118538
vn 0.988122 0.097791 -0.118538
vn 0.988122 0.097791 -0.118538
vn 0.988122 0.097791 -0.118538
vn 0.988122 0.097791 -0.118538
vn 0.097311 0.995158 -0.013842
vn 0.097311 0.995158 -0.013842
vn 0.097311 0.995158 -0.013842
vn 0.289023 0.956617 -0.036741
vn 0.289023 0.956617 -0.036741
vn 0.289023 0.956617 -0.036741
vn 0.289023 0.956617 -0.036741
vn 0.289023 0.956617 -0.036741
vn 0.289023 0.956617 -0.036741
vn 0.469376 0.881081 -0.058164
vn 0.469376 0.881081 -0.058164
vn 0.469376 0.881081 -0.058164
vn 0.469376 0.881081 -0.058164
vn 0.469376 0.881081 -0.058164
vn 0.469376 0.881081 -0.058164
vn 0.631309 0.771667 -0.077319
vn 0.631309 0.771667 -0.077319
vn 0.631309 0.771667 -0.077319
vn 0.631309 0.771667 -0.077319
vn 0.631309 0.771667 -0.077319
vn 0.631309 0.771667 -0.077319
vn 0.097732 0.995198 0.005395
vn 0.097732 0.995198 0.005395
vn 0.097732 0.995198 0.005395
vn 0.290237 0.956737 0.020436
vn 0.290237 0.956737 0.020436
vn 0.290237 0.956737 0.020436
vn 0.290237 0.956737 0.020436
vn 0.290237 0.956737 0.020436
vn 0.290237 0.956737 0.020436
vn 0.471320 0.881287 0.034519
vn 0.471320 0.881287 0.034519
vn 0.471320 0.881287 0.034519
vn 0.471320 0.881287 0.034519
vn 0.471320 0.881287 0.034519
vn 0.471320 0.881287 0.034519
vn 0.633934 0.771934 0.047386
vn 0.633934 0.771934 0.047386
vn 0.633934 0.771934 0.047386
vn 0.633934 0.771934 0.047386
vn 0.633934 0.771934 0.047386
vn 0.633934 0.771934 0.047386
vn 0.771896 0.633066 0.058352
vn 0.771896 0.633066 0.058352
vn 0.771896 0.633066 0.058352
vn 0.771896 0.633066 0.058352
vn 0.771896 0.633066 0.058352
vn 0.771896 0.633066 0.058352
vn 0.880012 0.470203 0.066990
vn 0.880012 0.470203 0.066990
vn 0.880012 0.470203 0.066990
vn 0.880012 0.470203 0.066990
vn 0.880012 0.470203 0.066990
vn 0.880012 0.470203 0.066990
vn 0.954345 0.289595 0.073215
vn 0.954345 0.289595 0.073215
vn 0.954345 0.289595 0.073215
vn 0.954345 0.289595 0.073215
vn 0.954345 0.289595 0.073215
vn 0.954345 0.289595 0.073215
vn 0.992226 0.098206 0.076447
vn 0.992226 0.098206 0.076447
vn 0.992226 0.098206 0.076447
vn 0.992226 0.098206 0.076447
vn 0.992226 0.098206 0.076447
vn 0.992226 0.098206 0.076447
vn 0.745430 0.633355 0.207836
vn 0.745430 0.633355 0.207836
vn 0.745430 0.633355 0.207836
vn 0.745430 0.633355 0.207836
vn 0.745430 0.633355 0.207836
vn 0.745430 0.633355 0.207836
vn 0.849852 0.470504 0.237441
vn 0.849852 0.470504 0.237441
vn 0.849852 0.470504 0.237441
vn 0.849852 0.470504 0.237441
vn 0.849852 0.470504 0.237441
vn 0.849852 0.470504 0.237441
vn 0.921639 0.289938 0.257909
vn 0.921639 0.289938 0.257909
vn 0.921639 0.289938 0.257909
vn 0.921639 0.289938 0.257909
vn 0.921639 0.289938 0.257909
vn 0.921639 0.289938 0.257909
vn 0.958207 0.098581 0.268555
vn 0.958207 0.098581 0.268555
vn 0.958207 0.098581 0.268555
vn 0.958207 0.098581 0.268555
vn 0.958207 0.098581 0.268555
vn 0.958207 0.098581 0.268555
vn 0.094358 0.995238 0.024458
vn 0.094358 0.995238 0.024458
vn 0.094358 0.995238 0.024458
vn 0.280274 0.956849 0.076722
vn 0.280274 0.956849 0.076722
vn 0.280274 0.956849 0.076722
vn 0.280274 0.956849 0.076722
vn 0.280274 0.956849 0.076722
vn 0.280274 0.956849 0.076722
vn 0.455126 0.881479 0.125916
vn 0.455126 0.881479 0.125916
vn 0.455126 0.881479 0.125916
vn 0.455126 0.881479 0.125916
vn 0.455126 0.881479 0.125916
vn 0.455126 0.881479 0.125916
vn 0.612197 0.772179 0.170163
vn 0.612197 0.772179 0.170163
vn 0.612197 0.772179 0.170163
vn 0.612197 0.772179 0.170163
vn 0.612197 0.772179 0.170163
vn 0.612197 0.772179 0.170163
vn 0.259578 0.956935 0.129978
vn 0.259578 0.956935 0.129978
vn 0.259578 0.956935 0.129978
vn 0.259578 0.956935 0.129978
vn 0.259578 0.956935 0.129978
vn 0.259578 0.956935 0.129978
vn 0.421486 0.881636 0.212293
vn 0.421486 0.881636 0.212293
vn 0.421486 0.881636 0.212293
vn 0.421486 0.881636 0.212293
vn 0.421486 0.881636 0.212293
vn 0.421486 0.881636 0.212293
vn 0.566907 0.772379 0.286438
vn 0.566907 0.772379 0.286438
vn 0.566907 0.772379 0.286438
vn 0.566907 0.772379 0.286438
vn 0.566907 0.772379 0.286438
vn 0.566907 0.772379 0.286438
vn 0.690290 0.633619 0.349323
vn 0.690290 0.633619 0.349323
vn 0.690290 0.633619 0.349323
vn 0.690290 0.633619 0.349323
vn 0.690290 0.633619 0.349323
vn 0.690290 0.633619 0.349323
vn 0.786946 0.470901 0.398708
vn 0.786946 0.470901 0.398708
vn 0.786946 0.470901 0.398708
vn 0.786946 0.470901 0.398708
vn 0.786946 0.470901 0.398708
vn 0.786946 0.470901 0.398708
vn 0.853430 0.290335 0.432854
vn 0.853430 0.290335 0.432854
vn 0.853430 0.290335 0.432854
vn 0.853430 0.290335 0.432854
vn 0.853430 0.290335 0.432854
vn 0.853430 0.290335 0.432854
vn 0.887352 0.098882 0.450365
vn 0.887352 0.098882 0.450365
vn 0.887352 0.098882 0.450365
vn 0.887352 0.098882 0.450365
vn 0.887352 0.098882 0.450365
vn 0.887352 0.098882 0.450365
vn 0.087361 0.995271 0.042466
vn 0.087361 0.995271 0.042466
vn 0.087361 0.995271 0.042466
vn 0.713510 0.530675 0.457480
vn 0.713510 0.530675 0.457480
vn 0.713510 0.530675 0.457480
vn 0.713510 0.530675 0.457480
vn 0.713510 0.530675 0.457480
vn 0.713510 0.530675 0.457480
vn 0.774310 0.266000 0.574184
vn 0.774310 0.266000 0.574184
vn 0.774310 0.266000 0.574184
vn 0.774310 0.266000 0.574184
vn 0.774310 0.266000 0.574184
vn 0.774310 0.266000 0.574184
vn 0.782373 0.099276 0.614846
vn 0.782373 0.099276 0.614846
vn 0.782373 0.099276 0.614846
vn 0.782373 0.099276 0.614846
vn 0.782373 0.099276 0.614846
vn 0.782373 0.099276 0.614846
vn 0.076944 0.995307 0.058679
vn 0.076944 0.995307 0.058679
vn 0.076944 0.995307 0.058679
vn 0.228802 0.957046 0.178081
vn 0.228802 0.957046 0.178081
vn 0.228802 0.957046 0.178081
vn 0.228802 0.957046 0.178081
vn 0.228802 0.957046 0.178081
vn 0.228802 0.957046 0.178081
vn 0.371616 0.881779 0.290460
vn 0.371616 0.881779 0.290460
vn 0.371616 0.881779 0.290460
vn 0.371616 0.881779 0.290460
vn 0.371616 0.881779 0.290460
vn 0.371616 0.881779 0.290460
vn 0.499855 0.772561 0.391528
vn 0.499855 0.772561 0.391528
vn 0.499855 0.772561 0.391528
vn 0.499855 0.772561 0.391528
vn 0.499855 0.772561 0.391528
vn 0.499855 0.772561 0.391528
vn 0.608592 0.633857 0.477327
vn 0.608592 0.633857 0.477327
vn 0.608592 0.633857 0.477327
vn 0.608592 0.633857 0.477327
vn 0.608592 0.633857 0.477327
vn 0.608592 0.633857 0.477327
vn 0.307381 0.881874 0.357513
vn 0.307381 0.881874 0.357513
vn 0.307381 0.881874 0.357513
vn 0.307381 0.881874 0.357513
vn 0.307381 0.881874 0.357513
vn 0.307381 0.881874 0.357513
vn 0.413485 0.772717 0.481599
vn 0.413485 0.772717 0.481599
vn 0.413485 0.772717 0.481599
vn 0.413485 0.772717 0.481599
vn 0.413485 0.772717 0.481599
vn 0.413485 0.772717 0.481599
vn 0.503545 0.634077 0.586846
vn 0.503545 0.634077 0.586846
vn 0.503545 0.634077 0.586846
vn 0.503545 0.634077 0.586846
vn 0.503545 0.634077 0.586846
vn 0.503545 0.634077 0.586846
vn 0.994966 -0.093449 0.036202
vn 0.994966 -0.093449 0.036202
vn 0.994966 -0.093449 0.036202
vn 0.994966 -0.093449 0.036202
vn 0.994966 -0.093449 0.036202
vn 0.994966 -0.093449 0.036202
vn 0.994966 -0.093449 0.036202
vn 0.994966 -0.093449 0.036202
vn 0.994966 -0.093449 0.036202
vn 0.647375 0.099470 0.755653
vn 0.647375 0.099470 0.755653
vn 0.647375 0.099470 0.755653
vn 0.647375 0.099470 0.755653
vn 0.647375 0.099470 0.755653
vn 0.647375 0.099470 0.755653
vn 0.063618 0.995324 0.072681
vn 0.063618 0.995324 0.072681
vn 0.063618 0.995324 0.072681
vn 0.189259 0.957100 0.219410
vn 0.189259 0.957100 0.219410
vn 0.189259 0.957100 0.219410
vn 0.189259 0.957100 0.219410
vn 0.189259 0.957100 0.219410
vn 0.189259 0.957100 0.219410
vn 0.487452 0.099607 0.867450
vn 0.487452 0.099607 0.867450
vn 0.487452 0.099607 0.867450
vn 0.487452 0.099607 0.867450
vn 0.487452 0.099607 0.867450
vn 0.487452 0.099607 0.867450
vn 0.047783 0.995347 0.083677
vn 0.047783 0.995347 0.083677
vn 0.047783 0.995347 0.083677
vn 0.142415 0.957150 0.252155
vn 0.142415 0.957150 0.252155
vn 0.142415 0.957150 0.252155
vn 0.142415 0.957150 0.252155
vn 0.142415 0.957150 0.252155
vn 0.142415 0.957150 0.252155
vn 0.231422 0.881942 0.410637
vn 0.231422 0.881942 0.410637
vn 0.231422 0.881942 0.410637
vn 0.231422 0.881942 0.410637
vn 0.231422 0.881942 0.410637
vn 0.231422 0.881942 0.410637
vn 0.311264 0.772851 0.553006
vn 0.311264 0.772851 0.553006
vn 0.311264 0.772851 0.553006
vn 0.311264 0.772851 0.553006
vn 0.311264 0.772851 0.553006
vn 0.311264 0.772851 0.553006
vn 0.379098 0.634197 0.673854
vn 0.379098 0.634197 0.673854
vn 0.379098 0.634197 0.673854
vn 0.379098 0.634197 0.673854
vn 0.379098 0.634197 0.673854
vn 0.379098 0.634197 0.673854
vn -0.201611 0.395688 0.895982
vn -0.201611 0.395688 0.895982
vn -0.201611 0.395688 0.895982
vn -0.201611 0.395688 0.895982
vn -0.201611 0.395688 0.895982
vn -0.201611 0.395688 0.895982
vn 0.146426 0.882021 0.447882
vn 0.146426 0.882021 0.447882
vn 0.146426 0.882021 0.447882
vn 0.146426 0.882021 0.447882
vn 0.146426 0.882021 0.447882
vn 0.146426 0.882021 0.447882
vn 0.197138 0.772877 0.603157
vn 0.197138 0.772877 0.603157
vn 0.197138 0.772877 0.603157
vn 0.197138 0.772877 0.603157
vn 0.197138 0.772877 0.603157
vn 0.197138 0.772877 0.603157
vn 0.240052 0.634269 0.734900
vn 0.240052 0.634269 0.734900
vn 0.240052 0.634269 0.734900
vn 0.240052 0.634269 0.734900
vn 0.240052 0.634269 0.734900
vn 0.240052 0.634269 0.734900
vn -0.562336 -0.701035 0.438552
vn -0.562336 -0.701035 0.438552
vn -0.562336 -0.701035 0.438552
vn -0.562336 -0.701035 0.438552
vn -0.562336 -0.701035 0.438552
vn -0.562336 -0.701035 0.438552
vn 0.308786 0.099736 0.945888
vn 0.308786 0.099736 0.945888
vn 0.308786 0.099736 0.945888
vn 0.308786 0.099736 0.945888
vn 0.308786 0.099736 0.945888
vn 0.308786 0.099736 0.945888
vn 0.030119 0.995349 0.091506
vn 0.030119 0.995349 0.091506
vn 0.030119 0.995349 0.091506
vn 0.089999 0.957199 0.275083
vn 0.089999 0.957199 0.275083
vn 0.089999 0.957199 0.275083
vn 0.089999 0.957199 0.275083
vn 0.089999 0.957199 0.275083
vn 0.089999 0.957199 0.275083
vn 0.197897 0.306311 0.931134
vn 0.197897 0.306311 0.931134
vn 0.197897 0.306311 0.931134
vn 0.197897 0.306311 0.931134
vn 0.197897 0.306311 0.931134
vn 0.197897 0.306311 0.931134
vn 0.118335 0.099696 0.987956
vn 0.118335 0.099696 0.987956
vn 0.118335 0.099696 0.987956
vn 0.118335 0.099696 0.987956
vn 0.118335 0.099696 0.987956
vn 0.118335 0.099696 0.987956
vn 0.011211 0.995352 0.095649
vn 0.011211 0.995352 0.095649
vn 0.011211 0.995352 0.095649
vn 0.034197 0.957183 0.287455
vn 0.034197 0.957183 0.287455
vn 0.034197 0.957183 0.287455
vn 0.034197 0.957183 0.287455
vn 0.034197 0.957183 0.287455
vn 0.034197 0.957183 0.287455
vn 0.055868 0.881984 0.467956
vn 0.055868 0.881984 0.467956
vn 0.055868 0.881984 0.467956
vn 0.055868 0.881984 0.467956
vn 0.055868 0.881984 0.467956
vn 0.055868 0.881984 0.467956
vn 0.075319 0.772903 0.630038
vn 0.075319 0.772903 0.630038
vn 0.075319 0.772903 0.630038
vn 0.075319 0.772903 0.630038
vn 0.075319 0.772903 0.630038
vn 0.075319 0.772903 0.630038
vn 0.212724 0.703493 0.678120
vn 0.212724 0.703493 0.678120
vn 0.212724 0.703493 0.678120
vn 0.212724 0.703493 0.678120
vn 0.212724 0.703493 0.678120
vn 0.212724 0.703493 0.678120
vn 0.335337 0.330580 0.882194
vn 0.335337 0.330580 0.882194
vn 0.335337 0.330580 0.882194
vn 0.335337 0.330580 0.882194
vn 0.335337 0.330580 0.882194
vn 0.335337 0.330580 0.882194
vn -0.049379 0.772852 0.632663
vn -0.049379 0.772852 0.632663
vn -0.049379 0.772852 0.632663
vn -0.049379 0.772852 0.632663
vn -0.049379 0.772852 0.632663
vn -0.049379 0.772852 0.632663
vn -0.184615 0.703309 0.686494
vn -0.184615 0.703309 0.686494
vn -0.184615 0.703309 0.686494
vn -0.184615 0.703309 0.686494
vn -0.184615 0.703309 0.686494
vn -0.184615 0.703309 0.686494
vn -0.298236 0.330297 0.895522
vn -0.298236 0.330297 0.895522
vn -0.298236 0.330297 0.895522
vn -0.298236 0.330297 0.895522
vn -0.298236 0.330297 0.895522
vn -0.298236 0.330297 0.895522
vn -0.158807 0.306186 0.938632
vn -0.158807 0.306186 0.938632
vn -0.158807 0.306186 0.938632
vn -0.158807 0.306186 0.938632
vn -0.158807 0.306186 0.938632
vn -0.158807 0.306186 0.938632
vn -0.076783 0.099601 0.992061
vn -0.076783 0.099601 0.992061
vn -0.076783 0.099601 0.992061
vn -0.076783 0.099601 0.992061
vn -0.076783 0.099601 0.992061
vn -0.076783 0.099601 0.992061
vn -0.008020 0.995344 0.096049
vn -0.008020 0.995344 0.096049
vn -0.008020 0.995344 0.096049
vn -0.022890 0.957167 0.288630
vn -0.022890 0.957167 0.288630
vn -0.022890 0.957167 0.288630
vn -0.022890 0.957167 0.288630
vn -0.022890 0.957167 0.288630
vn -0.022890 0.957167 0.288630
vn -0.036891 0.881970 0.469859
vn -0.036891 0.881970 0.469859
vn -0.036891 0.881970 0.469859
vn -0.036891 0.881970 0.469859
vn -0.036891 0.881970 0.469859
vn -0.036891 0.881970 0.469859
vn -0.268855 0.099511 0.958026
vn -0.268855 0.099511 0.958026
vn -0.268855 0.099511 0.958026
vn -0.268855 0.099511 0.958026
vn -0.268855 0.099511 0.958026
vn -0.268855 0.099511 0.958026
vn -0.027064 0.995329 0.092666
vn -0.027064 0.995329 0.092666
vn -0.027064 0.995329 0.092666
vn -0.079236 0.957111 0.278675
vn -0.079236 0.957111 0.278675
vn -0.079236 0.957111 0.278675
vn -0.079236 0.957111 0.278675
vn -0.079236 0.957111 0.278675
vn -0.079236 0.957111 0.278675
vn -0.128187 0.881898 0.453678
vn -0.128187 0.881898 0.453678
vn -0.128187 0.881898 0.453678
vn -0.128187 0.881898 0.453678
vn -0.128187 0.881898 0.453678
vn -0.128187 0.881898 0.453678
vn -0.172200 0.772740 0.610917
vn -0.172200 0.772740 0.610917
vn -0.172200 0.772740 0.610917
vn -0.172200 0.772740 0.610917
vn -0.172200 0.772740 0.610917
vn -0.172200 0.772740 0.610917
vn -0.209474 0.634076 0.744358
vn -0.209474 0.634076 0.744358
vn -0.209474 0.634076 0.744358
vn -0.209474 0.634076 0.744358
vn -0.209474 0.634076 0.744358
vn -0.209474 0.634076 0.744358
vn -0.353151 0.474681 0.806202
vn -0.353151 0.474681 0.806202
vn -0.353151 0.474681 0.806202
vn -0.353151 0.474681 0.806202
vn -0.353151 0.474681 0.806202
vn -0.353151 0.474681 0.806202
vn -0.288422 0.772573 0.565636
vn -0.288422 0.772573 0.565636
vn -0.288422 0.772573 0.565636
vn -0.288422 0.772573 0.565636
vn -0.288422 0.772573 0.565636
vn -0.288422 0.772573 0.565636
vn -0.350981 0.633878 0.689211
vn -0.350981 0.633878 0.689211
vn -0.350981 0.633878 0.689211
vn -0.350981 0.633878 0.689211
vn -0.350981 0.633878 0.689211
vn -0.350981 0.633878 0.689211
vn 0.386386 0.474949 0.790651
vn 0.386386 0.474949 0.790651
vn 0.386386 0.474949 0.790651
vn 0.386386 0.474949 0.790651
vn 0.386386 0.474949 0.790651
vn 0.386386 0.474949 0.790651
vn -0.450637 0.099239 0.887174
vn -0.450637 0.099239 0.887174
vn -0.450637 0.099239 0.887174
vn -0.450637 0.099239 0.887174
vn -0.450637 0.099239 0.887174
vn -0.450637 0.099239 0.887174
vn -0.045043 0.995304 0.085686
vn -0.045043 0.995304 0.085686
vn -0.045043 0.995304 0.085686
vn -0.132424 0.957062 0.257868
vn -0.132424 0.957062 0.257868
vn -0.132424 0.957062 0.257868
vn -0.132424 0.957062 0.257868
vn -0.132424 0.957062 0.257868
vn -0.132424 0.957062 0.257868
vn -0.214614 0.881787 0.419990
vn -0.214614 0.881787 0.419990
vn -0.214614 0.881787 0.419990
vn -0.214614 0.881787 0.419990
vn -0.214614 0.881787 0.419990
vn -0.214614 0.881787 0.419990
vn -0.615093 0.098928 0.782224
vn -0.615093 0.098928 0.782224
vn -0.615093 0.098928 0.782224
vn -0.615093 0.098928 0.782224
vn -0.615093 0.098928 0.782224
vn -0.615093 0.098928 0.782224
vn -0.061301 0.995278 0.075254
vn -0.061301 0.995278 0.075254
vn -0.061301 0.995278 0.075254
vn -0.180676 0.956941 0.227199
vn -0.180676 0.956941 0.227199
vn -0.180676 0.956941 0.227199
vn -0.180676 0.956941 0.227199
vn -0.180676 0.956941 0.227199
vn -0.180676 0.956941 0.227199
vn -0.292824 0.881628 0.370117
vn -0.292824 0.881628 0.370117
vn -0.292824 0.881628 0.370117
vn -0.292824 0.881628 0.370117
vn -0.292824 0.881628 0.370117
vn -0.292824 0.881628 0.370117
vn -0.393519 0.772441 0.498475
vn -0.393519 0.772441 0.498475
vn -0.393519 0.772441 0.498475
vn -0.393519 0.772441 0.498475
vn -0.393519 0.772441 0.498475
vn -0.393519 0.772441 0.498475
vn -0.478955 0.633613 0.607566
vn -0.478955 0.633613 0.607566
vn -0.478955 0.633613 0.607566
vn -0.478955 0.633613 0.607566
vn -0.478955 0.633613 0.607566
vn -0.478955 0.633613 0.607566
vn -0.468165 0.567225 0.677552
vn -0.468165 0.567225 0.677552
vn -0.468165 0.567225 0.677552
vn -0.468165 0.567225 0.677552
vn -0.468165 0.567225 0.677552
vn -0.468165 0.567225 0.677552
vn -0.588549 0.633385 0.502427
vn -0.588549 0.633385 0.502427
vn -0.588549 0.633385 0.502427
vn -0.588549 0.633385 0.502427
vn -0.588549 0.633385 0.502427
vn -0.588549 0.633385 0.502427
vn -0.694031 0.530082 0.487169
vn -0.694031 0.530082 0.487169
vn -0.694031 0.530082 0.487169
vn -0.694031 0.530082 0.487169
vn -0.694031 0.530082 0.487169
vn -0.694031 0.530082 0.487169
vn -0.749666 0.265370 0.606284
vn -0.749666 0.265370 0.606284
vn -0.749666 0.265370 0.606284
vn -0.749666 0.265370 0.606284
vn -0.749666 0.265370 0.606284
vn -0.749666 0.265370 0.606284
vn -0.755893 0.098581 0.647231
vn -0.755893 0.098581 0.647231
vn -0.755893 0.098581 0.647231
vn -0.755893 0.098581 0.647231
vn -0.755893 0.098581 0.647231
vn -0.755893 0.098581 0.647231
vn -0.075252 0.995243 0.061882
vn -0.075252 0.995243 0.061882
vn -0.075252 0.995243 0.061882
vn -0.221859 0.956851 0.187655
vn -0.221859 0.956851 0.187655
vn -0.221859 0.956851 0.187655
vn -0.221859 0.956851 0.187655
vn -0.221859 0.956851 0.187655
vn -0.221859 0.956851 0.187655
vn -0.359780 0.881472 0.305884
vn -0.359780 0.881472 0.305884
vn -0.359780 0.881472 0.305884
vn -0.359780 0.881472 0.305884
vn -0.359780 0.881472 0.305884
vn -0.359780 0.881472 0.305884
vn -0.483612 0.772157 0.412180
vn -0.483612 0.772157 0.412180
vn -0.483612 0.772157 0.412180
vn -0.483612 0.772157 0.412180
vn -0.483612 0.772157 0.412180
vn -0.483612 0.772157 0.412180
vn -0.254616 0.956742 0.140770
vn -0.254616 0.956742 0.140770
vn -0.254616 0.956742 0.140770
vn -0.254616 0.956742 0.140770
vn -0.254616 0.956742 0.140770
vn -0.254616 0.956742 0.140770
vn -0.412903 0.881295 0.229850
vn -0.412903 0.881295 0.229850
vn -0.412903 0.881295 0.229850
vn -0.412903 0.881295 0.229850
vn -0.412903 0.881295 0.229850
vn -0.412903 0.881295 0.229850
vn -0.555025 0.771899 0.310032
vn -0.555025 0.771899 0.310032
vn -0.555025 0.771899 0.310032
vn -0.555025 0.771899 0.310032
vn -0.555025 0.771899 0.310032
vn -0.555025 0.771899 0.310032
vn -0.675521 0.633087 0.377984
vn -0.675521 0.633087 0.377984
vn -0.675521 0.633087 0.377984
vn -0.675521 0.633087 0.377984
vn -0.675521 0.633087 0.377984
vn -0.675521 0.633087 0.377984
vn -0.769898 0.470195 0.431478
vn -0.769898 0.470195 0.431478
vn -0.769898 0.470195 0.431478
vn -0.769898 0.470195 0.431478
vn -0.769898 0.470195 0.431478
vn -0.769898 0.470195 0.431478
vn -0.834772 0.289626 0.468265
vn -0.834772 0.289626 0.468265
vn -0.834772 0.289626 0.468265
vn -0.834772 0.289626 0.468265
vn -0.834772 0.289626 0.468265
vn -0.834772 0.289626 0.468265
vn -0.867685 0.098206 0.487318
vn -0.867685 0.098206 0.487318
vn -0.867685 0.098206 0.487318
vn -0.867685 0.098206 0.487318
vn -0.867685 0.098206 0.487318
vn -0.867685 0.098206 0.487318
vn -0.086346 0.995199 0.046076
vn -0.086346 0.995199 0.046076
vn -0.086346 0.995199 0.046076
vn -0.839502 0.469810 0.272975
vn -0.839502 0.469810 0.272975
vn -0.839502 0.469810 0.272975
vn -0.839502 0.469810 0.272975
vn -0.839502 0.469810 0.272975
vn -0.839502 0.469810 0.272975
vn -0.910201 0.289212 0.296463
vn -0.910201 0.289212 0.296463
vn -0.910201 0.289212 0.296463
vn -0.910201 0.289212 0.296463
vn -0.910201 0.289212 0.296463
vn -0.910201 0.289212 0.296463
vn -0.946145 0.097818 0.308611
vn -0.946145 0.097818 0.308611
vn -0.946145 0.097818 0.308611
vn -0.946145 0.097818 0.308611
vn -0.946145 0.097818 0.308611
vn -0.946145 0.097818 0.308611
vn -0.094109 0.995155 0.028458
vn -0.094109 0.995155 0.028458
vn -0.094109 0.995155 0.028458
vn -0.277633 0.956605 0.088467
vn -0.277633 0.956605 0.088467
vn -0.277633 0.956605 0.088467
vn -0.277633 0.956605 0.088467
vn -0.277633 0.956605 0.088467
vn -0.277633 0.956605 0.088467
vn -0.450203 0.881085 0.144935
vn -0.450203 0.881085 0.144935
vn -0.450203 0.881085 0.144935
vn -0.450203 0.881085 0.144935
vn -0.450203 0.881085 0.144935
vn -0.450203 0.881085 0.144935
vn -0.605146 0.771666 0.195780
vn -0.605146 0.771666 0.195780
vn -0.605146 0.771666 0.195780
vn -0.605146 0.771666 0.195780
vn -0.605146 0.771666 0.195780
vn -0.605146 0.771666 0.195780
vn -0.736577 0.632723 0.238989
vn -0.736577 0.632723 0.238989
vn -0.736577 0.632723 0.238989
vn -0.736577 0.632723 0.238989
vn -0.736577 0.632723 0.238989
vn -0.736577 0.632723 0.238989
vn -0.289920 0.956495 0.032615
vn -0.289920 0.956495 0.032615
vn -0.289920 0.956495 0.032615
vn -0.289920 0.956495 0.032615
vn -0.289920 0.956495 0.032615
vn -0.289920 0.956495 0.032615
vn -0.470272 0.880846 0.054356
vn -0.470272 0.880846 0.054356
vn -0.470272 0.880846 0.054356
vn -0.470272 0.880846 0.054356
vn -0.470272 0.880846 0.054356
vn -0.470272 0.880846 0.054356
vn -0.632084 0.771355 0.074032
vn -0.632084 0.771355 0.074032
vn -0.632084 0.771355 0.074032
vn -0.632084 0.771355 0.074032
vn -0.632084 0.771355 0.074032
vn -0.632084 0.771355 0.074032
vn -0.769325 0.632378 0.090759
vn -0.769325 0.632378 0.090759
vn -0.769325 0.632378 0.090759
vn -0.769325 0.632378 0.090759
vn -0.769325 0.632378 0.090759
vn -0.769325 0.632378 0.090759
vn -0.876842 0.469402 0.103971
vn -0.876842 0.469402 0.103971
vn -0.876842 0.469402 0.103971
vn -0.876842 0.469402 0.103971
vn -0.876842 0.469402 0.103971
vn -0.876842 0.469402 0.103971
vn -0.950662 0.288815 0.113262
vn -0.950662 0.288815 0.113262
vn -0.950662 0.288815 0.113262
vn -0.950662 0.288815 0.113262
vn -0.950662 0.288815 0.113262
vn -0.950662 0.288815 0.113262
vn -0.988218 0.097300 0.118143
vn -0.988218 0.097300 0.118143
vn -0.988218 0.097300 0.118143
vn -0.988218 0.097300 0.118143
vn -0.988218 0.097300 0.118143
vn -0.988218 0.097300 0.118143
vn -0.098278 0.995113 0.009585
vn -0.098278 0.995113 0.009585
vn -0.098278 0.995113 0.009585
vn -0.880464 0.469059 -0.069041
vn -0.880464 0.469059 -0.069041
vn -0.880464 0.469059 -0.069041
vn -0.880464 0.469059 -0.069041
vn -0.880464 0.469059 -0.069041
vn -0.880464 0.469059 -0.069041
vn -0.954604 0.288425 -0.074441
vn -0.954604 0.288425 -0.074441
vn -0.954604 0.288425 -0.074441
vn -0.954604 0.288425 -0.074441
vn -0.954604 0.288425 -0.074441
vn -0.954604 0.288425 -0.074441
vn -0.992325 0.096886 -0.076842
vn -0.992325 0.096886 -0.076842
vn -0.992325 0.096886 -0.076842
vn -0.992325 0.096886 -0.076842
vn -0.992325 0.096886 -0.076842
vn -0.992325 0.096886 -0.076842
vn -0.098627 0.995076 -0.009774
vn -0.098627 0.995076 -0.009774
vn -0.098627 0.995076 -0.009774
vn -0.291125 0.956370 -0.024562
vn -0.291125 0.956370 -0.024562
vn -0.291125 0.956370 -0.024562
vn -0.291125 0.956370 -0.024562
vn -0.291125 0.956370 -0.024562
vn -0.291125 0.956370 -0.024562
vn -0.472179 0.880668 -0.038349
vn -0.472179 0.880668 -0.038349
vn -0.472179 0.880668 -0.038349
vn -0.472179 0.880668 -0.038349
vn -0.472179 0.880668 -0.038349
vn -0.472179 0.880668 -0.038349
vn -0.634717 0.771082 -0.050668
vn -0.634717 0.771082 -0.050668
vn -0.634717 0.771082 -0.050668
vn -0.634717 0.771082 -0.050668
vn -0.634717 0.771082 -0.050668
vn -0.634717 0.771082 -0.050668
vn -0.772504 0.632072 -0.061010
vn -0.772504 0.632072 -0.061010
vn -0.772504 0.632072 -0.061010
vn -0.772504 0.632072 -0.061010
vn -0.772504 0.632072 -0.061010
vn -0.772504 0.632072 -0.061010
vn -0.456013 0.880467 -0.129730
vn -0.456013 0.880467 -0.129730
vn -0.456013 0.880467 -0.129730
vn -0.456013 0.880467 -0.129730
vn -0.456013 0.880467 -0.129730
vn -0.456013 0.880467 -0.129730
vn -0.612926 0.770861 -0.173481
vn -0.612926 0.770861 -0.173481
vn -0.612926 0.770861 -0.173481
vn -0.612926 0.770861 -0.173481
vn -0.612926 0.770861 -0.173481
vn -0.612926 0.770861 -0.173481
vn -0.746015 0.631757 -0.210582
vn -0.746015 0.631757 -0.210582
vn -0.746015 0.631757 -0.210582
vn -0.746015 0.631757 -0.210582
vn -0.746015 0.631757 -0.210582
vn -0.746015 0.631757 -0.210582
vn -0.850303 0.468661 -0.239464
vn -0.850303 0.468661 -0.239464
vn -0.850303 0.468661 -0.239464
vn -0.850303 0.468661 -0.239464
vn -0.850303 0.468661 -0.239464
vn -0.850303 0.468661 -0.239464
vn -0.921898 0.287956 -0.259200
vn -0.921898 0.287956 -0.259200
vn -0.921898 0.287956 -0.259200
vn -0.921898 0.287956 -0.259200
vn -0.921898 0.287956 -0.259200
vn -0.921898 0.287956 -0.259200
vn -0.958286 0.096493 -0.269031
vn -0.958286 0.096493 -0.269031
vn -0.958286 0.096493 -0.269031
vn -0.958286 0.096493 -0.269031
vn -0.958286 0.096493 -0.269031
vn -0.958286 0.096493 -0.269031
vn -0.095327 0.995032 -0.028696
vn -0.095327 0.995032 -0.028696
vn -0.095327 0.995032 -0.028696
vn -0.281167 0.956247 -0.080848
vn -0.281167 0.956247 -0.080848
vn -0.281167 0.956247 -0.080848
vn -0.281167 0.956247 -0.080848
vn -0.281167 0.956247 -0.080848
vn -0.281167 0.956247 -0.080848
vn -0.853702 0.287688 -0.434083
vn -0.853702 0.287688 -0.434083
vn -0.853702 0.287688 -0.434083
vn -0.853702 0.287688 -0.434083
vn -0.853702 0.287688 -0.434083
vn -0.853702 0.287688 -0.434083
vn -0.887416 0.096191 -0.450821
vn -0.887416 0.096191 -0.450821
vn -0.887416 0.096191 -0.450821
vn -0.887416 0.096191 -0.450821
vn -0.887416 0.096191 -0.450821
vn -0.887416 0.096191 -0.450821
vn -0.088320 0.994997 -0.046701
vn -0.088320 0.994997 -0.046701
vn -0.088320 0.994997 -0.046701
vn -0.260440 0.956145 -0.134009
vn -0.260440 0.956145 -0.134009
vn -0.260440 0.956145 -0.134009
vn -0.260440 0.956145 -0.134009
vn -0.260440 0.956145 -0.134009
vn -0.260440 0.956145 -0.134009
vn -0.422297 0.880310 -0.216146
vn -0.422297 0.880310 -0.216146
vn -0.422297 0.880310 -0.216146
vn -0.422297 0.880310 -0.216146
vn -0.422297 0.880310 -0.216146
vn -0.422297 0.880310 -0.216146
vn -0.567602 0.770633 -0.289745
vn -0.567602 0.770633 -0.289745
vn -0.567602 0.770633 -0.289745
vn -0.567602 0.770633 -0.289745
vn -0.567602 0.770633 -0.289745
vn -0.567602 0.770633 -0.289745
vn -0.690896 0.631441 -0.352057
vn -0.690896 0.631441 -0.352057
vn -0.690896 0.631441 -0.352057
vn -0.690896 0.631441 -0.352057
vn -0.690896 0.631441 -0.352057
vn -0.690896 0.631441 -0.352057
vn -0.787419 0.468367 -0.400754
vn -0.787419 0.468367 -0.400754
vn -0.787419 0.468367 -0.400754
vn -0.787419 0.468367 -0.400754
vn -0.787419 0.468367 -0.400754
vn -0.787419 0.468367 -0.400754
vn -0.372405 0.880170 -0.294305
vn -0.372405 0.880170 -0.294305
vn -0.372405 0.880170 -0.294305
vn -0.372405 0.880170 -0.294305
vn -0.372405 0.880170 -0.294305
vn -0.372405 0.880170 -0.294305
vn -0.500573 0.770413 -0.394830
vn -0.500573 0.770413 -0.394830
vn -0.500573 0.770413 -0.394830
vn -0.500573 0.770413 -0.394830
vn -0.500573 0.770413 -0.394830
vn -0.500573 0.770413 -0.394830
vn -0.609169 0.631246 -0.480043
vn -0.609169 0.631246 -0.480043
vn -0.609169 0.631246 -0.480043
vn -0.609169 0.631246 -0.480043
vn -0.609169 0.631246 -0.480043
vn -0.609169 0.631246 -0.480043
vn -0.694288 0.468142 -0.546633
vn -0.694288 0.468142 -0.546633
vn -0.694288 0.468142 -0.546633
vn -0.694288 0.468142 -0.546633
vn -0.694288 0.468142 -0.546633
vn -0.694288 0.468142 -0.546633
vn -0.752787 0.287380 -0.592220
vn -0.752787 0.287380 -0.592220
vn -0.752787 0.287380 -0.592220
vn -0.752787 0.287380 -0.592220
vn -0.752787 0.287380 -0.592220
vn -0.752787 0.287380 -0.592220
vn -0.782486 0.095817 -0.615252
vn -0.782486 0.095817 -0.615252
vn -0.782486 0.095817 -0.615252
vn -0.782486 0.095817 -0.615252
vn -0.782486 0.095817 -0.615252
vn -0.782486 0.095817 -0.615252
vn -0.077934 0.994964 -0.063029
vn -0.077934 0.994964 -0.063029
vn -0.077934 0.994964 -0.063029
vn -0.229691 0.956052 -0.182224
vn -0.229691 0.956052 -0.182224
vn -0.229691 0.956052 -0.182224
vn -0.229691 0.956052 -0.182224
vn -0.229691 0.956052 -0.182224
vn -0.229691 0.956052 -0.182224
vn -0.622903 0.287114 -0.727707
vn -0.622903 0.287114 -0.727707
vn -0.622903 0.287114 -0.727707
vn -0.622903 0.287114 -0.727707
vn -0.622903 0.287114 -0.727707
vn -0.622903 0.287114 -0.727707
vn -0.647482 0.095629 -0.756057
vn -0.647482 0.095629 -0.756057
vn -0.647482 0.095629 -0.756057
vn -0.647482 0.095629 -0.756057
vn -0.647482 0.095629 -0.756057
vn -0.647482 0.095629 -0.756057
vn -0.064486 0.994948 -0.076946
vn -0.064486 0.994948 -0.076946
vn -0.064486 0.994948 -0.076946
vn -0.190132 0.955992 -0.223451
vn -0.190132 0.955992 -0.223451
vn -0.190132 0.955992 -0.223451
vn -0.190132 0.955992 -0.223451
vn -0.190132 0.955992 -0.223451
vn -0.190132 0.955992 -0.223451
vn -0.308215 0.880073 -0.361214
vn -0.308215 0.880073 -0.361214
vn -0.308215 0.880073 -0.361214
vn -0.308215 0.880073 -0.361214
vn -0.308215 0.880073 -0.361214
vn -0.308215 0.880073 -0.361214
vn -0.414181 0.770278 -0.484899
vn -0.414181 0.770278 -0.484899
vn -0.414181 0.770278 -0.484899
vn -0.414181 0.770278 -0.484899
vn -0.414181 0.770278 -0.484899
vn -0.414181 0.770278 -0.484899
vn -0.504137 0.631052 -0.589593
vn -0.504137 0.631052 -0.589593
vn -0.504137 0.631052 -0.589593
vn -0.504137 0.631052 -0.589593
vn -0.504137 0.631052 -0.589593
vn -0.504137 0.631052 -0.589593
vn -0.574552 0.467900 -0.671535
vn -0.574552 0.467900 -0.671535
vn -0.574552 0.467900 -0.671535
vn -0.574552 0.467900 -0.671535
vn -0.574552 0.467900 -0.671535
vn -0.574552 0.467900 -0.671535
vn -0.311983 0.770161 -0.556344
vn -0.311983 0.770161 -0.556344
vn -0.311983 0.770161 -0.556344
vn -0.311983 0.770161 -0.556344
vn -0.311983 0.770161 -0.556344
vn -0.311983 0.770161 -0.556344
vn -0.379669 0.630961 -0.676565
vn -0.379669 0.630961 -0.676565
vn -0.379669 0.630961 -0.676565
vn -0.379669 0.630961 -0.676565
vn -0.379669 0.630961 -0.676565
vn -0.379669 0.630961 -0.676565
vn -0.432720 0.467734 -0.770700
vn -0.432720 0.467734 -0.770700
vn -0.432720 0.467734 -0.770700
vn -0.432720 0.467734 -0.770700
vn -0.432720 0.467734 -0.770700
vn -0.432720 0.467734 -0.770700
vn -0.469073 0.287035 -0.835213
vn -0.469073 0.287035 -0.835213
vn -0.469073 0.287035 -0.835213
vn -0.469073 0.287035 -0.835213
vn -0.469073 0.287035 -0.835213
vn -0.469073 0.287035 -0.835213
vn -0.487557 0.095493 -0.867853
vn -0.487557 0.095493 -0.867853
vn -0.487557 0.095493 -0.867853
vn -0.487557 0.095493 -0.867853
vn -0.487557 0.095493 -0.867853
vn -0.487557 0.095493 -0.867853
vn -0.048678 0.994926 -0.088054
vn -0.048678 0.994926 -0.088054
vn -0.048678 0.994926 -0.088054
vn -0.143297 0.955927 -0.256262
vn -0.143297 0.955927 -0.256262
vn -0.143297 0.955927 -0.256262
vn -0.143297 0.955927 -0.256262
vn -0.143297 0.955927 -0.256262
vn -0.143297 0.955927 -0.256262
vn -0.232168 0.879997 -0.414371
vn -0.232168 0.879997 -0.414371
vn -0.232168 0.879997 -0.414371
vn -0.232168 0.879997 -0.414371
vn -0.232168 0.879997 -0.414371
vn -0.232168 0.879997 -0.414371
vn -0.308893 0.095365 -0.946304
vn -0.308893 0.095365 -0.946304
vn -0.308893 0.095365 -0.946304
vn -0.308893 0.095365 -0.946304
vn -0.308893 0.095365 -0.946304
vn -0.308893 0.095365 -0.946304
vn -0.030986 0.994921 -0.095769
vn -0.030986 0.994921 -0.095769
vn -0.030986 0.994921 -0.095769
vn -0.090892 0.955914 -0.279227
vn -0.090892 0.955914 -0.279227
vn -0.090892 0.955914 -0.279227
vn -0.090892 0.955914 -0.279227
vn -0.090892 0.955914 -0.279227
vn -0.090892 0.955914 -0.279227
vn -0.147305 0.879921 -0.451709
vn -0.147305 0.879921 -0.451709
vn -0.147305 0.879921 -0.451709
vn -0.147305 0.879921 -0.451709
vn -0.147305 0.879921 -0.451709
vn -0.147305 0.879921 -0.451709
vn -0.197839 0.770109 -0.606459
vn -0.197839 0.770109 -0.606459
vn -0.197839 0.770109 -0.606459
vn -0.197839 0.770109 -0.606459
vn -0.197839 0.770109 -0.606459
vn -0.197839 0.770109 -0.606459
vn -0.240647 0.630859 -0.737636
vn -0.240647 0.630859 -0.737636
vn -0.240647 0.630859 -0.737636
vn -0.240647 0.630859 -0.737636
vn -0.240647 0.630859 -0.737636
vn -0.240647 0.630859 -0.737636
vn -0.274243 0.467672 -0.840282
vn -0.274243 0.467672 -0.840282
vn -0.274243 0.467672 -0.840282
vn -0.274243 0.467672 -0.840282
vn -0.274243 0.467672 -0.840282
vn -0.274243 0.467672 -0.840282
vn -0.297277 0.286863 -0.910679
vn -0.297277 0.286863 -0.910679
vn -0.297277 0.286863 -0.910679
vn -0.297277 0.286863 -0.910679
vn -0.297277 0.286863 -0.910679
vn -0.297277 0.286863 -0.910679
vn -0.092392 0.630845 -0.770388
vn -0.092392 0.630845 -0.770388
vn -0.092392 0.630845 -0.770388
vn -0.092392 0.630845 -0.770388
vn -0.092392 0.630845 -0.770388
vn -0.092392 0.630845 -0.770388
vn -0.105236 0.467691 -0.877605
vn -0.105236 0.467691 -0.877605
vn -0.105236 0.467691 -0.877605
vn -0.105236 0.467691 -0.877605
vn -0.105236 0.467691 -0.877605
vn -0.105236 0.467691 -0.877605
vn -0.113967 0.286883 -0.951162
vn -0.113967 0.286883 -0.951162
vn -0.113967 0.286883 -0.951162
vn -0.113967 0.286883 -0.951162
vn -0.113967 0.286883 -0.951162
vn -0.113967 0.286883 -0.951162
vn -0.118437 0.095393 -0.988369
vn -0.118437 0.095393 -0.988369
vn -0.118437 0.095393 -0.988369
vn -0.118437 0.095393 -0.988369
vn -0.118437 0.095393 -0.988369
vn -0.118437 0.095393 -0.988369
vn -0.012174 0.994925 -0.099883
vn -0.012174 0.994925 -0.099883
vn -0.012174 0.994925 -0.099883
vn -0.035091 0.955899 -0.291592
vn -0.035091 0.955899 -0.291592
vn -0.035091 0.955899 -0.291592
vn -0.035091 0.955899 -0.291592
vn -0.035091 0.955899 -0.291592
vn -0.035091 0.955899 -0.291592
vn -0.056716 0.879945 -0.471678
vn -0.056716 0.879945 -0.471678
vn -0.056716 0.879945 -0.471678
vn -0.056716 0.879945 -0.471678
vn -0.056716 0.879945 -0.471678
vn -0.056716 0.879945 -0.471678
vn -0.076021 0.770130 -0.633341
vn -0.076021 0.770130 -0.633341
vn -0.076021 0.770130 -0.633341
vn -0.076021 0.770130 -0.633341
vn -0.076021 0.770130 -0.633341
vn -0.076021 0.770130 -0.633341
vn 0.580878 -0.700548 0.414505
vn 0.580878 -0.700548 0.414505
vn 0.580878 -0.700548 0.414505
vn 0.580878 -0.700548 0.414505
vn 0.580878 -0.700548 0.414505
vn 0.580878 -0.700548 0.414505
vn 0.395432 -0.788127 0.471689
vn 0.395432 -0.788127 0.471689
vn 0.395432 -0.788127 0.471689
vn 0.395432 -0.788127 0.471689
vn 0.395432 -0.788127 0.471689
vn 0.395432 -0.788127 0.471689
vn -0.992485 -0.094288 0.077995
vn -0.992485 -0.094288 0.077995
vn -0.992485 -0.094288 0.077995
vn -0.992485 -0.094288 0.077995
vn -0.992485 -0.094288 0.077995
vn -0.992485 -0.094288 0.077995
vn -0.992485 -0.094288 0.077995
vn -0.992485 -0.094288 0.077995
vn -0.992485 -0.094288 0.077995
vn -0.374613 -0.788394 0.487956
vn -0.374613 -0.788394 0.487956
vn -0.374613 -0.788394 0.487956
vn -0.374613 -0.788394 0.487956
vn -0.374613 -0.788394 0.487956
vn -0.374613 -0.788394 0.487956
vn -0.466590 -0.751068 0.467110
vn -0.466590 -0.751068 0.467110
vn -0.466590 -0.751068 0.467110
vn -0.466590 -0.751068 0.467110
vn -0.466590 -0.751068 0.467110
vn -0.466590 -0.751068 0.467110
vn -0.918667 0.345569 -0.191399
vn -0.918667 0.345569 -0.191399
vn -0.918667 0.345569 -0.191399
vn -0.918667 0.345569 -0.191399
vn -0.918667 0.345569 -0.191399
vn -0.918667 0.345569 -0.191399
vn -0.918667 0.345569 -0.191399
vn -0.918667 0.345569 -0.191399
vn -0.918667 0.345569 -0.191399
vn 0.495926 0.567580 0.657199
vn 0.495926 0.567580 0.657199
vn 0.495926 0.567580 0.657199
vn 0.495926 0.567580 0.657199
vn 0.495926 0.567580 0.657199
vn 0.495926 0.567580 0.657199
vn -0.166452 0.843719 -0.510325
vn -0.166452 0.843719 -0.510325
vn -0.166452 0.843719 -0.510325
vn -0.166452 0.843719 -0.510325
vn -0.166452 0.843719 -0.510325
vn -0.166452 0.843719 -0.510325
vn -0.277702 0.823079 -0.495402
vn -0.277702 0.823079 -0.495402
vn -0.277702 0.823079 -0.495402
vn -0.277702 0.823079 -0.495402
vn -0.277702 0.823079 -0.495402
vn -0.277702 0.823079 -0.495402
vn 0.238825 0.395898 0.886695
vn 0.238825 0.395898 0.886695
vn 0.238825 0.395898 0.886695
vn 0.238825 0.395898 0.886695
vn 0.238825 0.395898 0.886695
vn 0.238825 0.395898 0.886695
vn -0.401691 0.785834 -0.470222
vn -0.401691 0.785834 -0.470222
vn -0.401691 0.785834 -0.470222
vn -0.401691 0.785834 -0.470222
vn -0.401691 0.785834 -0.470222
vn -0.401691 0.785834 -0.470222
vn 0.380902 0.786179 -0.486658
vn 0.380902 0.786179 -0.486658
vn 0.380902 0.786179 -0.486658
vn 0.380902 0.786179 -0.486658
vn 0.380902 0.786179 -0.486658
vn 0.380902 0.786179 -0.486658
vn 0.256004 0.823249 -0.506678
vn 0.256004 0.823249 -0.506678
vn 0.256004 0.823249 -0.506678
vn 0.256004 0.823249 -0.506678
vn 0.256004 0.823249 -0.506678
vn 0.256004 0.823249 -0.506678
vn 0.144114 0.843817 -0.516918
vn 0.144114 0.843817 -0.516918
vn 0.144114 0.843817 -0.516918
vn 0.144114 0.843817 -0.516918
vn 0.144114 0.843817 -0.516918
vn 0.144114 0.843817 -0.516918
vn 0.486470 -0.750686 0.447010
vn 0.486470 -0.750686 0.447010
vn 0.486470 -0.750686 0.447010
vn 0.486470 -0.750686 0.447010
vn 0.486470 -0.750686 0.447010
vn 0.486470 -0.750686 0.447010
vn 0.679911 -0.074190 0.729532
vn 0.679911 -0.074190 0.729532
vn 0.679911 -0.074190 0.729532
vn 0.679911 -0.074190 0.729532
vn 0.679911 -0.074190 0.729532
vn 0.679911 -0.074190 0.729532
vn 0.540479 -0.186898 0.820336
vn 0.540479 -0.186898 0.820336
vn 0.540479 -0.186898 0.820336
vn 0.540479 -0.186898 0.820336
vn 0.540479 -0.186898 0.820336
vn 0.540479 -0.186898 0.820336
vn 0.383533 -0.268852 0.883528
vn 0.383533 -0.268852 0.883528
vn 0.383533 -0.268852 0.883528
vn 0.383533 -0.268852 0.883528
vn 0.383533 -0.268852 0.883528
vn 0.383533 -0.268852 0.883528
vn -0.343722 -0.257724 0.903014
vn -0.343722 -0.257724 0.903014
vn -0.343722 -0.257724 0.903014
vn -0.343722 -0.257724 0.903014
vn -0.343722 -0.257724 0.903014
vn -0.343722 -0.257724 0.903014
vn -0.503737 -0.175350 0.845873
vn -0.503737 -0.175350 0.845873
vn -0.503737 -0.175350 0.845873
vn -0.503737 -0.175350 0.845873
vn -0.503737 -0.175350 0.845873
vn -0.503737 -0.175350 0.845873
vn -0.646983 -0.062226 0.759961
vn -0.646983 -0.062226 0.759961
vn -0.646983 -0.062226 0.759961
vn -0.646983 -0.062226 0.759961
vn -0.646983 -0.062226 0.759961
vn -0.646983 -0.062226 0.759961
vn 0.909538 0.346283 -0.229845
vn 0.909538 0.346283 -0.229845
vn 0.909538 0.346283 -0.229845
vn 0.909538 0.346283 -0.229845
vn 0.909538 0.346283 -0.229845
vn 0.909538 0.346283 -0.229845
vn 0.909538 0.346283 -0.229845
vn 0.909538 0.346283 -0.229845
vn 0.909538 0.346283 -0.229845
vn 0.059988 -0.634172 -0.770862
vn 0.059988 -0.634172 -0.770862
vn 0.059988 -0.634172 -0.770862
vn 0.059988 -0.634172 -0.770862
vn 0.059988 -0.634172 -0.770862
vn 0.059988 -0.634172 -0.770862
vn 0.049379 -0.772852 -0.632663
vn 0.049379 -0.772852 -0.632663
vn 0.049379 -0.772852 -0.632663
vn 0.049379 -0.772852 -0.632663
vn 0.049379 -0.772852 -0.632663
vn 0.049379 -0.772852 -0.632663
vn 0.036891 -0.881970 -0.469859
vn 0.036891 -0.881970 -0.469859
vn 0.036891 -0.881970 -0.469859
vn 0.036891 -0.881970 -0.469859
vn 0.036891 -0.881970 -0.469859
vn 0.036891 -0.881970 -0.469859
vn 0.022890 -0.957167 -0.288630
vn 0.022890 -0.957167 -0.288630
vn 0.022890 -0.957167 -0.288630
vn 0.022890 -0.957167 -0.288630
vn 0.022890 -0.957167 -0.288630
vn 0.022890 -0.957167 -0.288630
vn 0.008020 -0.995344 -0.096049
vn 0.008020 -0.995344 -0.096049
vn 0.008020 -0.995344 -0.096049
vn 0.076783 -0.099601 -0.992061
vn 0.076783 -0.099601 -0.992061
vn 0.076783 -0.099601 -0.992061
vn 0.076783 -0.099601 -0.992061
vn 0.076783 -0.099601 -0.992061
vn 0.076783 -0.099601 -0.992061
vn 0.073943 -0.290974 -0.953869
vn 0.073943 -0.290974 -0.953869
vn 0.073943 -0.290974 -0.953869
vn 0.073943 -0.290974 -0.953869
vn 0.073943 -0.290974 -0.953869
vn 0.073943 -0.290974 -0.953869
vn 0.068225 -0.471464 -0.879243
vn 0.068225 -0.471464 -0.879243
vn 0.068225 -0.471464 -0.879243
vn 0.068225 -0.471464 -0.879243
vn 0.068225 -0.471464 -0.879243
vn 0.068225 -0.471464 -0.879243
vn 0.258733 -0.290816 -0.921132
vn 0.258733 -0.290816 -0.921132
vn 0.258733 -0.290816 -0.921132
vn 0.258733 -0.290816 -0.921132
vn 0.258733 -0.290816 -0.921132
vn 0.258733 -0.290816 -0.921132
vn 0.238651 -0.471355 -0.849041
vn 0.238651 -0.471355 -0.849041
vn 0.238651 -0.471355 -0.849041
vn 0.238651 -0.471355 -0.849041
vn 0.238651 -0.471355 -0.849041
vn 0.238651 -0.471355 -0.849041
vn 0.209474 -0.634076 -0.744358
vn 0.209474 -0.634076 -0.744358
vn 0.209474 -0.634076 -0.744358
vn 0.209474 -0.634076 -0.744358
vn 0.209474 -0.634076 -0.744358
vn 0.209474 -0.634076 -0.744358
vn 0.172200 -0.772740 -0.610917
vn 0.172200 -0.772740 -0.610917
vn 0.172200 -0.772740 -0.610917
vn 0.172200 -0.772740 -0.610917
vn 0.172200 -0.772740 -0.610917
vn 0.172200 -0.772740 -0.610917
vn 0.128187 -0.881898 -0.453678
vn 0.128187 -0.881898 -0.453678
vn 0.128187 -0.881898 -0.453678
vn 0.128187 -0.881898 -0.453678
vn 0.128187 -0.881898 -0.453678
vn 0.128187 -0.881898 -0.453678
vn 0.079236 -0.957111 -0.278675
vn 0.079236 -0.957111 -0.278675
vn 0.079236 -0.957111 -0.278675
vn 0.079236 -0.957111 -0.278675
vn 0.079236 -0.957111 -0.278675
vn 0.079236 -0.957111 -0.278675
vn 0.027064 -0.995329 -0.092666
vn 0.027064 -0.995329 -0.092666
vn 0.027064 -0.995329 -0.092666
vn 0.268855 -0.099511 -0.958026
vn 0.268855 -0.099511 -0.958026
vn 0.268855 -0.099511 -0.958026
vn 0.268855 -0.099511 -0.958026
vn 0.268855 -0.099511 -0.958026
vn 0.268855 -0.099511 -0.958026
vn 0.214614 -0.881787 -0.419990
vn 0.214614 -0.881787 -0.419990
vn 0.214614 -0.881787 -0.419990
vn 0.214614 -0.881787 -0.419990
vn 0.214614 -0.881787 -0.419990
vn 0.214614 -0.881787 -0.419990
vn 0.132424 -0.957062 -0.257868
vn 0.132424 -0.957062 -0.257868
vn 0.132424 -0.957062 -0.257868
vn 0.132424 -0.957062 -0.257868
vn 0.132424 -0.957062 -0.257868
vn 0.132424 -0.957062 -0.257868
vn 0.045043 -0.995304 -0.085686
vn 0.045043 -0.995304 -0.085686
vn 0.045043 -0.995304 -0.085686
vn 0.450637 -0.099239 -0.887174
vn 0.450637 -0.099239 -0.887174
vn 0.450637 -0.099239 -0.887174
vn 0.450637 -0.099239 -0.887174
vn 0.450637 -0.099239 -0.887174
vn 0.450637 -0.099239 -0.887174
vn 0.433577 -0.290664 -0.852951
vn 0.433577 -0.290664 -0.852951
vn 0.433577 -0.290664 -0.852951
vn 0.433577 -0.290664 -0.852951
vn 0.433577 -0.290664 -0.852951
vn 0.433577 -0.290664 -0.852951
vn 0.399946 -0.471125 -0.786183
vn 0.399946 -0.471125 -0.786183
vn 0.399946 -0.471125 -0.786183
vn 0.399946 -0.471125 -0.786183
vn 0.399946 -0.471125 -0.786183
vn 0.399946 -0.471125 -0.786183
vn 0.350981 -0.633878 -0.689211
vn 0.350981 -0.633878 -0.689211
vn 0.350981 -0.633878 -0.689211
vn 0.350981 -0.633878 -0.689211
vn 0.350981 -0.633878 -0.689211
vn 0.350981 -0.633878 -0.689211
vn 0.288422 -0.772573 -0.565636
vn 0.288422 -0.772573 -0.565636
vn 0.288422 -0.772573 -0.565636
vn 0.288422 -0.772573 -0.565636
vn 0.288422 -0.772573 -0.565636
vn 0.288422 -0.772573 -0.565636
vn 0.545820 -0.470844 -0.693099
vn 0.545820 -0.470844 -0.693099
vn 0.545820 -0.470844 -0.693099
vn 0.545820 -0.470844 -0.693099
vn 0.545820 -0.470844 -0.693099
vn 0.545820 -0.470844 -0.693099
vn 0.478955 -0.633613 -0.607566
vn 0.478955 -0.633613 -0.607566
vn 0.478955 -0.633613 -0.607566
vn 0.478955 -0.633613 -0.607566
vn 0.478955 -0.633613 -0.607566
vn 0.478955 -0.633613 -0.607566
vn 0.393519 -0.772441 -0.498475
vn 0.393519 -0.772441 -0.498475
vn 0.393519 -0.772441 -0.498475
vn 0.393519 -0.772441 -0.498475
vn 0.393519 -0.772441 -0.498475
vn 0.393519 -0.772441 -0.498475
vn 0.292824 -0.881628 -0.370117
vn 0.292824 -0.881628 -0.370117
vn 0.292824 -0.881628 -0.370117
vn 0.292824 -0.881628 -0.370117
vn 0.292824 -0.881628 -0.370117
vn 0.292824 -0.881628 -0.370117
vn 0.180676 -0.956941 -0.227199
vn 0.180676 -0.956941 -0.227199
vn 0.180676 -0.956941 -0.227199
vn 0.180676 -0.956941 -0.227199
vn 0.180676 -0.956941 -0.227199
vn 0.180676 -0.956941 -0.227199
vn 0.061301 -0.995278 -0.075254
vn 0.061301 -0.995278 -0.075254
vn 0.061301 -0.995278 -0.075254
vn 0.615093 -0.098928 -0.782224
vn 0.615093 -0.098928 -0.782224
vn 0.615093 -0.098928 -0.782224
vn 0.615093 -0.098928 -0.782224
vn 0.615093 -0.098928 -0.782224
vn 0.615093 -0.098928 -0.782224
vn 0.591770 -0.290343 -0.752004
vn 0.591770 -0.290343 -0.752004
vn 0.591770 -0.290343 -0.752004
vn 0.591770 -0.290343 -0.752004
vn 0.591770 -0.290343 -0.752004
vn 0.591770 -0.290343 -0.752004
vn 0.221859 -0.956851 -0.187655
vn 0.221859 -0.956851 -0.187655
vn 0.221859 -0.956851 -0.187655
vn 0.221859 -0.956851 -0.187655
vn 0.221859 -0.956851 -0.187655
vn 0.221859 -0.956851 -0.187655
vn 0.075252 -0.995243 -0.061882
vn 0.075252 -0.995243 -0.061882
vn 0.075252 -0.995243 -0.061882
vn 0.755893 -0.098581 -0.647231
vn 0.755893 -0.098581 -0.647231
vn 0.755893 -0.098581 -0.647231
vn 0.755893 -0.098581 -0.647231
vn 0.755893 -0.098581 -0.647231
vn 0.755893 -0.098581 -0.647231
vn 0.727248 -0.290005 -0.622099
vn 0.727248 -0.290005 -0.622099
vn 0.727248 -0.290005 -0.622099
vn 0.727248 -0.290005 -0.622099
vn 0.727248 -0.290005 -0.622099
vn 0.727248 -0.290005 -0.622099
vn 0.670764 -0.470516 -0.573316
vn 0.670764 -0.470516 -0.573316
vn 0.670764 -0.470516 -0.573316
vn 0.670764 -0.470516 -0.573316
vn 0.670764 -0.470516 -0.573316
vn 0.670764 -0.470516 -0.573316
vn 0.588549 -0.633385 -0.502427
vn 0.588549 -0.633385 -0.502427
vn 0.588549 -0.633385 -0.502427
vn 0.588549 -0.633385 -0.502427
vn 0.588549 -0.633385 -0.502427
vn 0.588549 -0.633385 -0.502427
vn 0.483612 -0.772157 -0.412180
vn 0.483612 -0.772157 -0.412180
vn 0.483612 -0.772157 -0.412180
vn 0.483612 -0.772157 -0.412180
vn 0.483612 -0.772157 -0.412180
vn 0.483612 -0.772157 -0.412180
vn 0.359780 -0.881472 -0.305884
vn 0.359780 -0.881472 -0.305884
vn 0.359780 -0.881472 -0.305884
vn 0.359780 -0.881472 -0.305884
vn 0.359780 -0.881472 -0.305884
vn 0.359780 -0.881472 -0.305884
vn 0.675521 -0.633087 -0.377984
vn 0.675521 -0.633087 -0.377984
vn 0.675521 -0.633087 -0.377984
vn 0.675521 -0.633087 -0.377984
vn 0.675521 -0.633087 -0.377984
vn 0.675521 -0.633087 -0.377984
vn 0.555025 -0.771899 -0.310032
vn 0.555025 -0.771899 -0.310032
vn 0.555025 -0.771899 -0.310032
vn 0.555025 -0.771899 -0.310032
vn 0.555025 -0.771899 -0.310032
vn 0.555025 -0.771899 -0.310032
vn 0.412903 -0.881295 -0.229850
vn 0.412903 -0.881295 -0.229850
vn 0.412903 -0.881295 -0.229850
vn 0.412903 -0.881295 -0.229850
vn 0.412903 -0.881295 -0.229850
vn 0.412903 -0.881295 -0.229850
vn 0.254616 -0.956742 -0.140770
vn 0.254616 -0.956742 -0.140770
vn 0.254616 -0.956742 -0.140770
vn 0.254616 -0.956742 -0.140770
vn 0.254616 -0.956742 -0.140770
vn 0.254616 -0.956742 -0.140770
vn 0.086346 -0.995199 -0.046076
vn 0.086346 -0.995199 -0.046076
vn 0.086346 -0.995199 -0.046076
vn 0.867685 -0.098206 -0.487318
vn 0.867685 -0.098206 -0.487318
vn 0.867685 -0.098206 -0.487318
vn 0.867685 -0.098206 -0.487318
vn 0.867685 -0.098206 -0.487318
vn 0.867685 -0.098206 -0.487318
vn 0.834772 -0.289626 -0.468265
vn 0.834772 -0.289626 -0.468265
vn 0.834772 -0.289626 -0.468265
vn 0.834772 -0.289626 -0.468265
vn 0.834772 -0.289626 -0.468265
vn 0.834772 -0.289626 -0.468265
vn 0.769898 -0.470195 -0.431478
vn 0.769898 -0.470195 -0.431478
vn 0.769898 -0.470195 -0.431478
vn 0.769898 -0.470195 -0.431478
vn 0.769898 -0.470195 -0.431478
vn 0.769898 -0.470195 -0.431478
vn 0.094109 -0.995155 -0.028458
vn 0.094109 -0.995155 -0.028458
vn 0.094109 -0.995155 -0.028458
vn 0.946145 -0.097818 -0.308611
vn 0.946145 -0.097818 -0.308611
vn 0.946145 -0.097818 -0.308611
vn 0.946145 -0.097818 -0.308611
vn 0.946145 -0.097818 -0.308611
vn 0.946145 -0.097818 -0.308611
vn 0.910201 -0.289212 -0.296463
vn 0.910201 -0.289212 -0.296463
vn 0.910201 -0.289212 -0.296463
vn 0.910201 -0.289212 -0.296463
vn 0.910201 -0.289212 -0.296463
vn 0.910201 -0.289212 -0.296463
vn 0.839502 -0.469810 -0.272975
vn 0.839502 -0.469810 -0.272975
vn 0.839502 -0.469810 -0.272975
vn 0.839502 -0.469810 -0.272975
vn 0.839502 -0.469810 -0.272975
vn 0.839502 -0.469810 -0.272975
vn 0.736577 -0.632723 -0.238989
vn 0.736577 -0.632723 -0.238989
vn 0.736577 -0.632723 -0.238989
vn 0.736577 -0.632723 -0.238989
vn 0.736577 -0.632723 -0.238989
vn 0.736577 -0.632723 -0.238989
vn 0.605146 -0.771666 -0.195780
vn 0.605146 -0.771666 -0.195780
vn 0.605146 -0.771666 -0.195780
vn 0.605146 -0.771666 -0.195780
vn 0.605146 -0.771666 -0.195780
vn 0.605146 -0.771666 -0.195780
vn 0.450203 -0.881085 -0.144935
vn 0.450203 -0.881085 -0.144935
vn 0.450203 -0.881085 -0.144935
vn 0.450203 -0.881085 -0.144935
vn 0.450203 -0.881085 -0.144935
vn 0.450203 -0.881085 -0.144935
vn 0.277633 -0.956605 -0.088467
vn 0.277633 -0.956605 -0.088467
vn 0.277633 -0.956605 -0.088467
vn 0.277633 -0.956605 -0.088467
vn 0.277633 -0.956605 -0.088467
vn 0.277633 -0.956605 -0.088467
vn 0.769325 -0.632378 -0.090759
vn 0.769325 -0.632378 -0.090759
vn 0.769325 -0.632378 -0.090759
vn 0.769325 -0.632378 -0.090759
vn 0.769325 -0.632378 -0.090759
vn 0.769325 -0.632378 -0.090759
vn 0.632084 -0.771355 -0.074032
vn 0.632084 -0.771355 -0.074032
vn 0.632084 -0.771355 -0.074032
vn 0.632084 -0.771355 -0.074032
vn 0.632084 -0.771355 -0.074032
vn 0.632084 -0.771355 -0.074032
vn 0.470272 -0.880846 -0.054356
vn 0.470272 -0.880846 -0.054356
vn 0.470272 -0.880846 -0.054356
vn 0.470272 -0.880846 -0.054356
vn 0.470272 -0.880846 -0.054356
vn 0.470272 -0.880846 -0.054356
vn 0.289920 -0.956495 -0.032615
vn 0.289920 -0.956495 -0.032615
vn 0.289920 -0.956495 -0.032615
vn 0.289920 -0.956495 -0.032615
vn 0.289920 -0.956495 -0.032615
vn 0.289920 -0.956495 -0.032615
vn 0.098278 -0.995113 -0.009585
vn 0.098278 -0.995113 -0.009585
vn 0.098278 -0.995113 -0.009585
vn 0.988218 -0.097300 -0.118143
vn 0.988218 -0.097300 -0.118143
vn 0.988218 -0.097300 -0.118143
vn 0.988218 -0.097300 -0.118143
vn 0.988218 -0.097300 -0.118143
vn 0.988218 -0.097300 -0.118143
vn 0.950662 -0.288815 -0.113262
vn 0.950662 -0.288815 -0.113262
vn 0.950662 -0.288815 -0.113262
vn 0.950662 -0.288815 -0.113262
vn 0.950662 -0.288815 -0.113262
vn 0.950662 -0.288815 -0.113262
vn 0.876842 -0.469402 -0.103971
vn 0.876842 -0.469402 -0.103971
vn 0.876842 -0.469402 -0.103971
vn 0.876842 -0.469402 -0.103971
vn 0.876842 -0.469402 -0.103971
vn 0.876842 -0.469402 -0.103971
vn 0.098627 -0.995076 0.009774
vn 0.098627 -0.995076 0.009774
vn 0.098627 -0.995076 0.009774
vn 0.992325 -0.096886 0.076842
vn 0.992325 -0.096886 0.076842
vn 0.992325 -0.096886 0.076842
vn 0.992325 -0.096886 0.076842
vn 0.992325 -0.096886 0.076842
vn 0.992325 -0.096886 0.076842
vn 0.954604 -0.288425 0.074441
vn 0.954604 -0.288425 0.074441
vn 0.954604 -0.288425 0.074441
vn 0.954604 -0.288425 0.074441
vn 0.954604 -0.288425 0.074441
vn 0.954604 -0.288425 0.074441
vn 0.880464 -0.469059 0.069041
vn 0.880464 -0.469059 0.069041
vn 0.880464 -0.469059 0.069041
vn 0.880464 -0.469059 0.069041
vn 0.880464 -0.469059 0.069041
vn 0.880464 -0.469059 0.069041
vn 0.772504 -0.632072 0.061010
vn 0.772504 -0.632072 0.061010
vn 0.772504 -0.632072 0.061010
vn 0.772504 -0.632072 0.061010
vn 0.772504 -0.632072 0.061010
vn 0.772504 -0.632072 0.061010
vn 0.634717 -0.771082 0.050668
vn 0.634717 -0.771082 0.050668
vn 0.634717 -0.771082 0.050668
vn 0.634717 -0.771082 0.050668
vn 0.634717 -0.771082 0.050668
vn 0.634717 -0.771082 0.050668
vn 0.472179 -0.880668 0.038349
vn 0.472179 -0.880668 0.038349
vn 0.472179 -0.880668 0.038349
vn 0.472179 -0.880668 0.038349
vn 0.472179 -0.880668 0.038349
vn 0.472179 -0.880668 0.038349
vn 0.291125 -0.956370 0.024562
vn 0.291125 -0.956370 0.024562
vn 0.291125 -0.956370 0.024562
vn 0.291125 -0.956370 0.024562
vn 0.291125 -0.956370 0.024562
vn 0.291125 -0.956370 0.024562
vn 0.612926 -0.770861 0.173481
vn 0.612926 -0.770861 0.173481
vn 0.612926 -0.770861 0.173481
vn 0.612926 -0.770861 0.173481
vn 0.612926 -0.770861 0.173481
vn 0.612926 -0.770861 0.173481
vn 0.456013 -0.880467 0.129730
vn 0.456013 -0.880467 0.129730
vn 0.456013 -0.880467 0.129730
vn 0.456013 -0.880467 0.129730
vn 0.456013 -0.880467 0.129730
vn 0.456013 -0.880467 0.129730
vn 0.281167 -0.956247 0.080848
vn 0.281167 -0.956247 0.080848
vn 0.281167 -0.956247 0.080848
vn 0.281167 -0.956247 0.080848
vn 0.281167 -0.956247 0.080848
vn 0.281167 -0.956247 0.080848
vn 0.095327 -0.995032 0.028696
vn 0.095327 -0.995032 0.028696
vn 0.095327 -0.995032 0.028696
vn 0.958286 -0.096493 0.269031
vn 0.958286 -0.096493 0.269031
vn 0.958286 -0.096493 0.269031
vn 0.958286 -0.096493 0.269031
vn 0.958286 -0.096493 0.269031
vn 0.958286 -0.096493 0.269031
vn 0.921867 -0.288045 0.259212
vn 0.921867 -0.288045 0.259212
vn 0.921867 -0.288045 0.259212
vn 0.921867 -0.288045 0.259212
vn 0.921867 -0.288045 0.259212
vn 0.921867 -0.288045 0.259212
vn 0.850303 -0.468661 0.239464
vn 0.850303 -0.468661 0.239464
vn 0.850303 -0.468661 0.239464
vn 0.850303 -0.468661 0.239464
vn 0.850303 -0.468661 0.239464
vn 0.850303 -0.468661 0.239464
vn 0.746015 -0.631757 0.210582
vn 0.746015 -0.631757 0.210582
vn 0.746015 -0.631757 0.210582
vn 0.746015 -0.631757 0.210582
vn 0.746015 -0.631757 0.210582
vn 0.746015 -0.631757 0.210582
vn 0.887416 -0.096191 0.450821
vn 0.887416 -0.096191 0.450821
vn 0.887416 -0.096191 0.450821
vn 0.887416 -0.096191 0.450821
vn 0.887416 -0.096191 0.450821
vn 0.887416 -0.096191 0.450821
vn 0.853702 -0.287688 0.434083
vn 0.853702 -0.287688 0.434083
vn 0.853702 -0.287688 0.434083
vn 0.853702 -0.287688 0.434083
vn 0.853702 -0.287688 0.434083
vn 0.853702 -0.287688 0.434083
vn 0.787419 -0.468367 0.400754
vn 0.787419 -0.468367 0.400754
vn 0.787419 -0.468367 0.400754
vn 0.787419 -0.468367 0.400754
vn 0.787419 -0.468367 0.400754
vn 0.787419 -0.468367 0.400754
vn 0.690896 -0.631441 0.352057
vn 0.690896 -0.631441 0.352057
vn 0.690896 -0.631441 0.352057
vn 0.690896 -0.631441 0.352057
vn 0.690896 -0.631441 0.352057
vn 0.690896 -0.631441 0.352057
vn 0.567602 -0.770633 0.289745
vn 0.567602 -0.770633 0.289745
vn 0.567602 -0.770633 0.289745
vn 0.567602 -0.770633 0.289745
vn 0.567602 -0.770633 0.289745
vn 0.567602 -0.770633 0.289745
vn 0.422297 -0.880310 0.216146
vn 0.422297 -0.880310 0.216146
vn 0.422297 -0.880310 0.216146
vn 0.422297 -0.880310 0.216146
vn 0.422297 -0.880310 0.216146
vn 0.422297 -0.880310 0.216146
vn 0.260440 -0.956145 0.134009
vn 0.260440 -0.956145 0.134009
vn 0.260440 -0.956145 0.134009
vn 0.260440 -0.956145 0.134009
vn 0.260440 -0.956145 0.134009
vn 0.260440 -0.956145 0.134009
vn 0.088320 -0.994997 0.046701
vn 0.088320 -0.994997 0.046701
vn 0.088320 -0.994997 0.046701
vn 0.500573 -0.770413 0.394830
vn 0.500573 -0.770413 0.394830
vn 0.500573 -0.770413 0.394830
vn 0.500573 -0.770413 0.394830
vn 0.500573 -0.770413 0.394830
vn 0.500573 -0.770413 0.394830
vn 0.372405 -0.880170 0.294305
vn 0.372405 -0.880170 0.294305
vn 0.372405 -0.880170 0.294305
vn 0.372405 -0.880170 0.294305
vn 0.372405 -0.880170 0.294305
vn 0.372405 -0.880170 0.294305
vn 0.229691 -0.956052 0.182224
vn 0.229691 -0.956052 0.182224
vn 0.229691 -0.956052 0.182224
vn 0.229691 -0.956052 0.182224
vn 0.229691 -0.956052 0.182224
vn 0.229691 -0.956052 0.182224
vn 0.077934 -0.994964 0.063029
vn 0.077934 -0.994964 0.063029
vn 0.077934 -0.994964 0.063029
vn 0.782486 -0.095817 0.615252
vn 0.782486 -0.095817 0.615252
vn 0.782486 -0.095817 0.615252
vn 0.782486 -0.095817 0.615252
vn 0.782486 -0.095817 0.615252
vn 0.782486 -0.095817 0.615252
vn 0.752787 -0.287380 0.592220
vn 0.752787 -0.287380 0.592220
vn 0.752787 -0.287380 0.592220
vn 0.752787 -0.287380 0.592220
vn 0.752787 -0.287380 0.592220
vn 0.752787 -0.287380 0.592220
vn 0.694288 -0.468142 0.546633
vn 0.694288 -0.468142 0.546633
vn 0.694288 -0.468142 0.546633
vn 0.694288 -0.468142 0.546633
vn 0.694288 -0.468142 0.546633
vn 0.694288 -0.468142 0.546633
vn 0.609169 -0.631246 0.480043
vn 0.609169 -0.631246 0.480043
vn 0.609169 -0.631246 0.480043
vn 0.609169 -0.631246 0.480043
vn 0.609169 -0.631246 0.480043
vn 0.609169 -0.631246 0.480043
vn 0.622925 -0.287157 0.727671
vn 0.622925 -0.287157 0.727671
vn 0.622925 -0.287157 0.727671
vn 0.622925 -0.287157 0.727671
vn 0.622925 -0.287157 0.727671
vn 0.622925 -0.287157 0.727671
vn 0.574552 -0.467900 0.671535
vn 0.574552 -0.467900 0.671535
vn 0.574552 -0.467900 0.671535
vn 0.574552 -0.467900 0.671535
vn 0.574552 -0.467900 0.671535
vn 0.574552 -0.467900 0.671535
vn 0.504137 -0.631052 0.589593
vn 0.504137 -0.631052 0.589593
vn 0.504137 -0.631052 0.589593
vn 0.504137 -0.631052 0.589593
vn 0.504137 -0.631052 0.589593
vn 0.504137 -0.631052 0.589593
vn 0.414181 -0.770278 0.484899
vn 0.414181 -0.770278 0.484899
vn 0.414181 -0.770278 0.484899
vn 0.414181 -0.770278 0.484899
vn 0.414181 -0.770278 0.484899
vn 0.414181 -0.770278 0.484899
vn 0.308215 -0.880073 0.361214
vn 0.308215 -0.880073 0.361214
vn 0.308215 -0.880073 0.361214
vn 0.308215 -0.880073 0.361214
vn 0.308215 -0.880073 0.361214
vn 0.308215 -0.880073 0.361214
vn 0.615833 0.254320 0.745702
vn 0.615833 0.254320 0.745702
vn 0.615833 0.254320 0.745702
vn 0.615833 0.254320 0.745702
vn 0.615833 0.254320 0.745702
vn 0.615833 0.254320 0.745702
vn 0.190132 -0.955992 0.223451
vn 0.190132 -0.955992 0.223451
vn 0.190132 -0.955992 0.223451
vn 0.190132 -0.955992 0.223451
vn 0.190132 -0.955992 0.223451
vn 0.190132 -0.955992 0.223451
vn 0.064486 -0.994948 0.076946
vn 0.064486 -0.994948 0.076946
vn 0.064486 -0.994948 0.076946
vn 0.647482 -0.095629 0.756057
vn 0.647482 -0.095629 0.756057
vn 0.647482 -0.095629 0.756057
vn 0.647482 -0.095629 0.756057
vn 0.647482 -0.095629 0.756057
vn 0.647482 -0.095629 0.756057
vn 0.232168 -0.879997 0.414371
vn 0.232168 -0.879997 0.414371
vn 0.232168 -0.879997 0.414371
vn 0.232168 -0.879997 0.414371
vn 0.232168 -0.879997 0.414371
vn 0.232168 -0.879997 0.414371
vn 0.143297 -0.955927 0.256262
vn 0.143297 -0.955927 0.256262
vn 0.143297 -0.955927 0.256262
vn 0.143297 -0.955927 0.256262
vn 0.143297 -0.955927 0.256262
vn 0.143297 -0.955927 0.256262
vn 0.048678 -0.994926 0.088054
vn 0.048678 -0.994926 0.088054
vn 0.048678 -0.994926 0.088054
vn 0.487557 -0.095493 0.867853
vn 0.487557 -0.095493 0.867853
vn 0.487557 -0.095493 0.867853
vn 0.487557 -0.095493 0.867853
vn 0.487557 -0.095493 0.867853
vn 0.487557 -0.095493 0.867853
vn 0.469073 -0.287035 0.835213
vn 0.469073 -0.287035 0.835213
vn 0.469073 -0.287035 0.835213
vn 0.469073 -0.287035 0.835213
vn 0.469073 -0.287035 0.835213
vn 0.469073 -0.287035 0.835213
vn 0.432720 -0.467734 0.770700
vn 0.432720 -0.467734 0.770700
vn 0.432720 -0.467734 0.770700
vn 0.432720 -0.467734 0.770700
vn 0.432720 -0.467734 0.770700
vn 0.432720 -0.467734 0.770700
vn 0.379669 -0.630961 0.676565
vn 0.379669 -0.630961 0.676565
vn 0.379669 -0.630961 0.676565
vn 0.379669 -0.630961 0.676565
vn 0.379669 -0.630961 0.676565
vn 0.379669 -0.630961 0.676565
vn 0.311983 -0.770161 0.556344
vn 0.311983 -0.770161 0.556344
vn 0.311983 -0.770161 0.556344
vn 0.311983 -0.770161 0.556344
vn 0.311983 -0.770161 0.556344
vn 0.311983 -0.770161 0.556344
vn 0.274243 -0.467672 0.840282
vn 0.274243 -0.467672 0.840282
vn 0.274243 -0.467672 0.840282
vn 0.274243 -0.467672 0.840282
vn 0.274243 -0.467672 0.840282
vn 0.274243 -0.467672 0.840282
vn 0.240647 -0.630859 0.737636
vn 0.240647 -0.630859 0.737636
vn 0.240647 -0.630859 0.737636
vn 0.240647 -0.630859 0.737636
vn 0.240647 -0.630859 0.737636
vn 0.240647 -0.630859 0.737636
vn 0.197839 -0.770109 0.606459
vn 0.197839 -0.770109 0.606459
vn 0.197839 -0.770109 0.606459
vn 0.197839 -0.770109 0.606459
vn 0.197839 -0.770109 0.606459
vn 0.197839 -0.770109 0.606459
vn 0.147305 -0.879921 0.451709
vn 0.147305 -0.879921 0.451709
vn 0.147305 -0.879921 0.451709
vn 0.147305 -0.879921 0.451709
vn 0.147305 -0.879921 0.451709
vn 0.147305 -0.879921 0.451709
vn 0.248254 0.361620 0.898666
vn 0.248254 0.361620 0.898666
vn 0.248254 0.361620 0.898666
vn 0.248254 0.361620 0.898666
vn 0.248254 0.361620 0.898666
vn 0.248254 0.361620 0.898666
vn 0.090892 -0.955914 0.279227
vn 0.090892 -0.955914 0.279227
vn 0.090892 -0.955914 0.279227
vn 0.090892 -0.955914 0.279227
vn 0.090892 -0.955914 0.279227
vn 0.090892 -0.955914 0.279227
vn 0.030986 -0.994921 0.095769
vn 0.030986 -0.994921 0.095769
vn 0.030986 -0.994921 0.095769
vn 0.308893 -0.095365 0.946304
vn 0.308893 -0.095365 0.946304
vn 0.308893 -0.095365 0.946304
vn 0.308893 -0.095365 0.946304
vn 0.308893 -0.095365 0.946304
vn 0.308893 -0.095365 0.946304
vn 0.297277 -0.286863 0.910679
vn 0.297277 -0.286863 0.910679
vn 0.297277 -0.286863 0.910679
vn 0.297277 -0.286863 0.910679
vn 0.297277 -0.286863 0.910679
vn 0.297277 -0.286863 0.910679
vn 0.035091 -0.955899 0.291592
vn 0.035091 -0.955899 0.291592
vn 0.035091 -0.955899 0.291592
vn 0.035091 -0.955899 0.291592
vn 0.035091 -0.955899 0.291592
vn 0.035091 -0.955899 0.291592
vn 0.012174 -0.994925 0.099883
vn 0.012174 -0.994925 0.099883
vn 0.012174 -0.994925 0.099883
vn 0.118437 -0.095393 0.988369
vn 0.118437 -0.095393 0.988369
vn 0.118437 -0.095393 0.988369
vn 0.118437 -0.095393 0.988369
vn 0.118437 -0.095393 0.988369
vn 0.118437 -0.095393 0.988369
vn 0.113967 -0.286883 0.951162
vn 0.113967 -0.286883 0.951162
vn 0.113967 -0.286883 0.951162
vn 0.113967 -0.286883 0.951162
vn 0.113967 -0.286883 0.951162
vn 0.113967 -0.286883 0.951162
vn 0.105236 -0.467691 0.877605
vn 0.105236 -0.467691 0.877605
vn 0.105236 -0.467691 0.877605
vn 0.105236 -0.467691 0.877605
vn 0.105236 -0.467691 0.877605
vn 0.105236 -0.467691 0.877605
vn 0.092392 -0.630845 0.770388
vn 0.092392 -0.630845 0.770388
vn 0.092392 -0.630845 0.770388
vn 0.092392 -0.630845 0.770388
vn 0.092392 -0.630845 0.770388
vn 0.092392 -0.630845 0.770388
vn 0.076021 -0.770130 0.633341
vn 0.076021 -0.770130 0.633341
vn 0.076021 -0.770130 0.633341
vn 0.076021 -0.770130 0.633341
vn 0.076021 -0.770130 0.633341
vn 0.076021 -0.770130 0.633341
vn 0.056716 -0.879945 0.471678
vn 0.056716 -0.879945 0.471678
vn 0.056716 -0.879945 0.471678
vn 0.056716 -0.879945 0.471678
vn 0.056716 -0.879945 0.471678
vn 0.056716 -0.879945 0.471678
vn -0.067860 -0.467819 0.881216
vn -0.067860 -0.467819 0.881216
vn -0.067860 -0.467819 0.881216
vn -0.067860 -0.467819 0.881216
vn -0.067860 -0.467819 0.881216
vn -0.067860 -0.467819 0.881216
vn -0.059395 -0.630928 0.773565
vn -0.059395 -0.630928 0.773565
vn -0.059395 -0.630928 0.773565
vn -0.059395 -0.630928 0.773565
vn -0.059395 -0.630928 0.773565
vn -0.059395 -0.630928 0.773565
vn -0.048673 -0.770196 0.635947
vn -0.048673 -0.770196 0.635947
vn -0.048673 -0.770196 0.635947
vn -0.048673 -0.770196 0.635947
vn -0.048673 -0.770196 0.635947
vn -0.048673 -0.770196 0.635947
vn -0.036016 -0.879967 0.473667
vn -0.036016 -0.879967 0.473667
vn -0.036016 -0.879967 0.473667
vn -0.036016 -0.879967 0.473667
vn -0.036016 -0.879967 0.473667
vn -0.036016 -0.879967 0.473667
vn -0.021996 -0.955938 0.292742
vn -0.021996 -0.955938 0.292742
vn -0.021996 -0.955938 0.292742
vn -0.021996 -0.955938 0.292742
vn -0.021996 -0.955938 0.292742
vn -0.021996 -0.955938 0.292742
vn -0.007153 -0.994930 0.100314
vn -0.007153 -0.994930 0.100314
vn -0.007153 -0.994930 0.100314
vn -0.076650 -0.095472 0.992477
vn -0.076650 -0.095472 0.992477
vn -0.076650 -0.095472 0.992477
vn -0.076650 -0.095472 0.992477
vn -0.076650 -0.095472 0.992477
vn -0.076650 -0.095472 0.992477
vn -0.073678 -0.287008 0.955091
vn -0.073678 -0.287008 0.955091
vn -0.073678 -0.287008 0.955091
vn -0.073678 -0.287008 0.955091
vn -0.073678 -0.287008 0.955091
vn -0.073678 -0.287008 0.955091
vn -0.078343 -0.955967 0.282823
vn -0.078343 -0.955967 0.282823
vn -0.078343 -0.955967 0.282823
vn -0.078343 -0.955967 0.282823
vn -0.078343 -0.955967 0.282823
vn -0.078343 -0.955967 0.282823
vn -0.026100 -0.994950 0.096924
vn -0.026100 -0.994950 0.096924
vn -0.026100 -0.994950 0.096924
vn -0.268763 -0.095581 0.958452
vn -0.268763 -0.095581 0.958452
vn -0.268763 -0.095581 0.958452
vn -0.268763 -0.095581 0.958452
vn -0.268763 -0.095581 0.958452
vn -0.268763 -0.095581 0.958452
vn -0.258477 -0.287112 0.922365
vn -0.258477 -0.287112 0.922365
vn -0.258477 -0.287112 0.922365
vn -0.258477 -0.287112 0.922365
vn -0.258477 -0.287112 0.922365
vn -0.258477 -0.287112 0.922365
vn -0.238290 -0.467929 0.851035
vn -0.238290 -0.467929 0.851035
vn -0.238290 -0.467929 0.851035
vn -0.238290 -0.467929 0.851035
vn -0.238290 -0.467929 0.851035
vn -0.238290 -0.467929 0.851035
vn -0.208922 -0.631074 0.747059
vn -0.208922 -0.631074 0.747059
vn -0.208922 -0.631074 0.747059
vn -0.208922 -0.631074 0.747059
vn -0.208922 -0.631074 0.747059
vn -0.208922 -0.631074 0.747059
vn -0.171499 -0.770278 0.614214
vn -0.171499 -0.770278 0.614214
vn -0.171499 -0.770278 0.614214
vn -0.171499 -0.770278 0.614214
vn -0.171499 -0.770278 0.614214
vn -0.171499 -0.770278 0.614214
vn -0.127404 -0.880034 0.457501
vn -0.127404 -0.880034 0.457501
vn -0.127404 -0.880034 0.457501
vn -0.127404 -0.880034 0.457501
vn -0.127404 -0.880034 0.457501
vn -0.127404 -0.880034 0.457501
vn -0.210499 0.361432 0.908327
vn -0.210499 0.361432 0.908327
vn -0.210499 0.361432 0.908327
vn -0.210499 0.361432 0.908327
vn -0.210499 0.361432 0.908327
vn -0.210499 0.361432 0.908327
vn -0.350390 -0.631227 0.691938
vn -0.350390 -0.631227 0.691938
vn -0.350390 -0.631227 0.691938
vn -0.350390 -0.631227 0.691938
vn -0.350390 -0.631227 0.691938
vn -0.350390 -0.631227 0.691938
vn -0.287719 -0.770417 0.568925
vn -0.287719 -0.770417 0.568925
vn -0.287719 -0.770417 0.568925
vn -0.287719 -0.770417 0.568925
vn -0.287719 -0.770417 0.568925
vn -0.287719 -0.770417 0.568925
vn -0.213841 -0.880132 0.423840
vn -0.213841 -0.880132 0.423840
vn -0.213841 -0.880132 0.423840
vn -0.213841 -0.880132 0.423840
vn -0.213841 -0.880132 0.423840
vn -0.213841 -0.880132 0.423840
vn -0.131535 -0.956061 0.262003
vn -0.131535 -0.956061 0.262003
vn -0.131535 -0.956061 0.262003
vn -0.131535 -0.956061 0.262003
vn -0.131535 -0.956061 0.262003
vn -0.131535 -0.956061 0.262003
vn -0.044079 -0.994971 0.089945
vn -0.044079 -0.994971 0.089945
vn -0.044079 -0.994971 0.089945
vn -0.450548 -0.095857 0.887591
vn -0.450548 -0.095857 0.887591
vn -0.450548 -0.095857 0.887591
vn -0.450548 -0.095857 0.887591
vn -0.450548 -0.095857 0.887591
vn -0.450548 -0.095857 0.887591
vn -0.433325 -0.287339 0.854205
vn -0.433325 -0.287339 0.854205
vn -0.433325 -0.287339 0.854205
vn -0.433325 -0.287339 0.854205
vn -0.433325 -0.287339 0.854205
vn -0.433325 -0.287339 0.854205
vn -0.399505 -0.468154 0.788180
vn -0.399505 -0.468154 0.788180
vn -0.399505 -0.468154 0.788180
vn -0.399505 -0.468154 0.788180
vn -0.399505 -0.468154 0.788180
vn -0.399505 -0.468154 0.788180
vn -0.060404 -0.994994 0.079609
vn -0.060404 -0.994994 0.079609
vn -0.060404 -0.994994 0.079609
vn -0.615053 -0.096165 0.782600
vn -0.615053 -0.096165 0.782600
vn -0.615053 -0.096165 0.782600
vn -0.615053 -0.096165 0.782600
vn -0.615053 -0.096165 0.782600
vn -0.615053 -0.096165 0.782600
vn -0.591511 -0.287656 0.753239
vn -0.591511 -0.287656 0.753239
vn -0.591511 -0.287656 0.753239
vn -0.591511 -0.287656 0.753239
vn -0.591511 -0.287656 0.753239
vn -0.591511 -0.287656 0.753239
vn -0.545383 -0.468411 0.695089
vn -0.545383 -0.468411 0.695089
vn -0.545383 -0.468411 0.695089
vn -0.545383 -0.468411 0.695089
vn -0.545383 -0.468411 0.695089
vn -0.545383 -0.468411 0.695089
vn -0.478370 -0.631421 0.610303
vn -0.478370 -0.631421 0.610303
vn -0.478370 -0.631421 0.610303
vn -0.478370 -0.631421 0.610303
vn -0.478370 -0.631421 0.610303
vn -0.478370 -0.631421 0.610303
vn -0.392795 -0.770598 0.501888
vn -0.392795 -0.770598 0.501888
vn -0.392795 -0.770598 0.501888
vn -0.392795 -0.770598 0.501888
vn -0.392795 -0.770598 0.501888
vn -0.392795 -0.770598 0.501888
vn -0.291979 -0.880338 0.373836
vn -0.291979 -0.880338 0.373836
vn -0.291979 -0.880338 0.373836
vn -0.291979 -0.880338 0.373836
vn -0.291979 -0.880338 0.373836
vn -0.291979 -0.880338 0.373836
vn -0.584140 0.253852 0.770934
vn -0.584140 0.253852 0.770934
vn -0.584140 0.253852 0.770934
vn -0.584140 0.253852 0.770934
vn -0.584140 0.253852 0.770934
vn -0.584140 0.253852 0.770934
vn -0.179780 -0.956122 0.231321
vn -0.179780 -0.956122 0.231321
vn -0.179780 -0.956122 0.231321
vn -0.179780 -0.956122 0.231321
vn -0.179780 -0.956122 0.231321
vn -0.179780 -0.956122 0.231321
vn -0.587934 -0.631785 0.505155
vn -0.587934 -0.631785 0.505155
vn -0.587934 -0.631785 0.505155
vn -0.587934 -0.631785 0.505155
vn -0.587934 -0.631785 0.505155
vn -0.587934 -0.631785 0.505155
vn -0.482832 -0.770876 0.415480
vn -0.482832 -0.770876 0.415480
vn -0.482832 -0.770876 0.415480
vn -0.482832 -0.770876 0.415480
vn -0.482832 -0.770876 0.415480
vn -0.482832 -0.770876 0.415480
vn -0.358991 -0.880456 0.309713
vn -0.358991 -0.880456 0.309713
vn -0.358991 -0.880456 0.309713
vn -0.358991 -0.880456 0.309713
vn -0.358991 -0.880456 0.309713
vn -0.358991 -0.880456 0.309713
vn -0.220992 -0.956253 0.191686
vn -0.220992 -0.956253 0.191686
vn -0.220992 -0.956253 0.191686
vn -0.220992 -0.956253 0.191686
vn -0.220992 -0.956253 0.191686
vn -0.220992 -0.956253 0.191686
vn -0.074358 -0.995029 0.066241
vn -0.074358 -0.995029 0.066241
vn -0.074358 -0.995029 0.066241
vn -0.755808 -0.096516 0.647641
vn -0.755808 -0.096516 0.647641
vn -0.755808 -0.096516 0.647641
vn -0.755808 -0.096516 0.647641
vn -0.755808 -0.096516 0.647641
vn -0.755808 -0.096516 0.647641
vn -0.726936 -0.287982 0.623403
vn -0.726936 -0.287982 0.623403
vn -0.726936 -0.287982 0.623403
vn -0.726936 -0.287982 0.623403
vn -0.726936 -0.287982 0.623403
vn -0.726936 -0.287982 0.623403
vn -0.670263 -0.468734 0.575358
vn -0.670263 -0.468734 0.575358
vn -0.670263 -0.468734 0.575358
vn -0.670263 -0.468734 0.575358
vn -0.670263 -0.468734 0.575358
vn -0.670263 -0.468734 0.575358
vn -0.085382 -0.995076 0.050335
vn -0.085382 -0.995076 0.050335
vn -0.085382 -0.995076 0.050335
vn -0.867616 -0.096885 0.487704
vn -0.867616 -0.096885 0.487704
vn -0.867616 -0.096885 0.487704
vn -0.867616 -0.096885 0.487704
vn -0.867616 -0.096885 0.487704
vn -0.867616 -0.096885 0.487704
vn -0.834474 -0.288351 0.469582
vn -0.834474 -0.288351 0.469582
vn -0.834474 -0.288351 0.469582
vn -0.834474 -0.288351 0.469582
vn -0.834474 -0.288351 0.469582
vn -0.834474 -0.288351 0.469582
vn -0.769477 -0.469061 0.433459
vn -0.769477 -0.469061 0.433459
vn -0.769477 -0.469061 0.433459
vn -0.769477 -0.469061 0.433459
vn -0.769477 -0.469061 0.433459
vn -0.769477 -0.469061 0.433459
vn -0.674938 -0.632058 0.380738
vn -0.674938 -0.632058 0.380738
vn -0.674938 -0.632058 0.380738
vn -0.674938 -0.632058 0.380738
vn -0.674938 -0.632058 0.380738
vn -0.674938 -0.632058 0.380738
vn -0.554318 -0.771079 0.313319
vn -0.554318 -0.771079 0.313319
vn -0.554318 -0.771079 0.313319
vn -0.554318 -0.771079 0.313319
vn -0.554318 -0.771079 0.313319
vn -0.554318 -0.771079 0.313319
vn -0.412106 -0.880661 0.233678
vn -0.412106 -0.880661 0.233678
vn -0.412106 -0.880661 0.233678
vn -0.412106 -0.880661 0.233678
vn -0.412106 -0.880661 0.233678
vn -0.412106 -0.880661 0.233678
vn -0.253706 -0.956369 0.144887
vn -0.253706 -0.956369 0.144887
vn -0.253706 -0.956369 0.144887
vn -0.253706 -0.956369 0.144887
vn -0.253706 -0.956369 0.144887
vn -0.253706 -0.956369 0.144887
vn -0.604432 -0.771379 0.199088
vn -0.604432 -0.771379 0.199088
vn -0.604432 -0.771379 0.199088
vn -0.604432 -0.771379 0.199088
vn -0.604432 -0.771379 0.199088
vn -0.604432 -0.771379 0.199088
vn -0.449403 -0.880855 0.148766
vn -0.449403 -0.880855 0.148766
vn -0.449403 -0.880855 0.148766
vn -0.449403 -0.880855 0.148766
vn -0.449403 -0.880855 0.148766
vn -0.449403 -0.880855 0.148766
vn -0.276740 -0.956473 0.092593
vn -0.276740 -0.956473 0.092593
vn -0.276740 -0.956473 0.092593
vn -0.276740 -0.956473 0.092593
vn -0.276740 -0.956473 0.092593
vn -0.276740 -0.956473 0.092593
vn -0.093146 -0.995115 0.032717
vn -0.093146 -0.995115 0.032717
vn -0.093146 -0.995115 0.032717
vn -0.946027 -0.097349 0.309120
vn -0.946027 -0.097349 0.309120
vn -0.946027 -0.097349 0.309120
vn -0.946027 -0.097349 0.309120
vn -0.946027 -0.097349 0.309120
vn -0.946027 -0.097349 0.309120
vn -0.909927 -0.288818 0.297687
vn -0.909927 -0.288818 0.297687
vn -0.909927 -0.288818 0.297687
vn -0.909927 -0.288818 0.297687
vn -0.909927 -0.288818 0.297687
vn -0.909927 -0.288818 0.297687
vn -0.839025 -0.469461 0.275032
vn -0.839025 -0.469461 0.275032
vn -0.839025 -0.469461 0.275032
vn -0.839025 -0.469461 0.275032
vn -0.839025 -0.469461 0.275032
vn -0.839025 -0.469461 0.275032
vn -0.735957 -0.632404 0.241728
vn -0.735957 -0.632404 0.241728
vn -0.735957 -0.632404 0.241728
vn -0.735957 -0.632404 0.241728
vn -0.735957 -0.632404 0.241728
vn -0.735957 -0.632404 0.241728
vn -0.950400 -0.289191 0.114488
vn -0.950400 -0.289191 0.114488
vn -0.950400 -0.289191 0.114488
vn -0.950400 -0.289191 0.114488
vn -0.950400 -0.289191 0.114488
vn -0.950400 -0.289191 0.114488
vn -0.876396 -0.469778 0.106008
vn -0.876396 -0.469778 0.106008
vn -0.876396 -0.469778 0.106008
vn -0.876396 -0.469778 0.106008
vn -0.876396 -0.469778 0.106008
vn -0.876396 -0.469778 0.106008
vn -0.768750 -0.632680 0.093489
vn -0.768750 -0.632680 0.093489
vn -0.768750 -0.632680 0.093489
vn -0.768750 -0.632680 0.093489
vn -0.768750 -0.632680 0.093489
vn -0.768750 -0.632680 0.093489
vn -0.631309 -0.771667 0.077319
vn -0.631309 -0.771667 0.077319
vn -0.631309 -0.771667 0.077319
vn -0.631309 -0.771667 0.077319
vn -0.631309 -0.771667 0.077319
vn -0.631309 -0.771667 0.077319
vn -0.469376 -0.881081 0.058164
vn -0.469376 -0.881081 0.058164
vn -0.469376 -0.881081 0.058164
vn -0.469376 -0.881081 0.058164
vn -0.469376 -0.881081 0.058164
vn -0.469376 -0.881081 0.058164
vn -0.289023 -0.956617 0.036741
vn -0.289023 -0.956617 0.036741
vn -0.289023 -0.956617 0.036741
vn -0.289023 -0.956617 0.036741
vn -0.289023 -0.956617 0.036741
vn -0.289023 -0.956617 0.036741
vn -0.097311 -0.995158 0.013842
vn -0.097311 -0.995158 0.013842
vn -0.097311 -0.995158 0.013842
vn -0.988122 -0.097791 0.118538
vn -0.988122 -0.097791 0.118538
vn -0.988122 -0.097791 0.118538
vn -0.988122 -0.097791 0.118538
vn -0.988122 -0.097791 0.118538
vn -0.988122 -0.097791 0.118538
vn -0.471320 -0.881287 -0.034519
vn -0.471320 -0.881287 -0.034519
vn -0.471320 -0.881287 -0.034519
vn -0.471320 -0.881287 -0.034519
vn -0.471320 -0.881287 -0.034519
vn -0.471320 -0.881287 -0.034519
vn -0.290237 -0.956737 -0.020436
vn -0.290237 -0.956737 -0.020436
vn -0.290237 -0.956737 -0.020436
vn -0.290237 -0.956737 -0.020436
vn -0.290237 -0.956737 -0.020436
vn -0.290237 -0.956737 -0.020436
vn -0.097732 -0.995198 -0.005395
vn -0.097732 -0.995198 -0.005395
vn -0.097732 -0.995198 -0.005395
vn -0.992226 -0.098206 -0.076447
vn -0.992226 -0.098206 -0.076447
vn -0.992226 -0.098206 -0.076447
vn -0.992226 -0.098206 -0.076447
vn -0.992226 -0.098206 -0.076447
vn -0.992226 -0.098206 -0.076447
vn -0.954345 -0.289595 -0.073215
vn -0.954345 -0.289595 -0.073215
vn -0.954345 -0.289595 -0.073215
vn -0.954345 -0.289595 -0.073215
vn -0.954345 -0.289595 -0.073215
vn -0.954345 -0.289595 -0.073215
vn -0.880012 -0.470203 -0.066990
vn -0.880012 -0.470203 -0.066990
vn -0.880012 -0.470203 -0.066990
vn -0.880012 -0.470203 -0.066990
vn -0.880012 -0.470203 -0.066990
vn -0.880012 -0.470203 -0.066990
vn -0.771943 -0.633006 -0.058377
vn -0.771943 -0.633006 -0.058377
vn -0.771943 -0.633006 -0.058377
vn -0.771943 -0.633006 -0.058377
vn -0.771943 -0.633006 -0.058377
vn -0.771943 -0.633006 -0.058377
vn -0.633934 -0.771934 -0.047386
vn -0.633934 -0.771934 -0.047386
vn -0.633934 -0.771934 -0.047386
vn -0.633934 -0.771934 -0.047386
vn -0.633934 -0.771934 -0.047386
vn -0.633934 -0.771934 -0.047386
vn -0.921639 -0.289938 -0.257909
vn -0.921639 -0.289938 -0.257909
vn -0.921639 -0.289938 -0.257909
vn -0.921639 -0.289938 -0.257909
vn -0.921639 -0.289938 -0.257909
vn -0.921639 -0.289938 -0.257909
vn -0.849852 -0.470504 -0.237441
vn -0.849852 -0.470504 -0.237441
vn -0.849852 -0.470504 -0.237441
vn -0.849852 -0.470504 -0.237441
vn -0.849852 -0.470504 -0.237441
vn -0.849852 -0.470504 -0.237441
vn -0.745430 -0.633355 -0.207836
vn -0.745430 -0.633355 -0.207836
vn -0.745430 -0.633355 -0.207836
vn -0.745430 -0.633355 -0.207836
vn -0.745430 -0.633355 -0.207836
vn -0.745430 -0.633355 -0.207836
vn -0.612197 -0.772179 -0.170163
vn -0.612197 -0.772179 -0.170163
vn -0.612197 -0.772179 -0.170163
vn -0.612197 -0.772179 -0.170163
vn -0.612197 -0.772179 -0.170163
vn -0.612197 -0.772179 -0.170163
vn -0.455126 -0.881479 -0.125916
vn -0.455126 -0.881479 -0.125916
vn -0.455126 -0.881479 -0.125916
vn -0.455126 -0.881479 -0.125916
vn -0.455126 -0.881479 -0.125916
vn -0.455126 -0.881479 -0.125916
vn -0.280274 -0.956849 -0.076722
vn -0.280274 -0.956849 -0.076722
vn -0.280274 -0.956849 -0.076722
vn -0.280274 -0.956849 -0.076722
vn -0.280274 -0.956849 -0.076722
vn -0.280274 -0.956849 -0.076722
vn -0.094358 -0.995238 -0.024458
vn -0.094358 -0.995238 -0.024458
vn -0.094358 -0.995238 -0.024458
vn -0.958207 -0.098581 -0.268555
vn -0.958207 -0.098581 -0.268555
vn -0.958207 -0.098581 -0.268555
vn -0.958207 -0.098581 -0.268555
vn -0.958207 -0.098581 -0.268555
vn -0.958207 -0.098581 -0.268555
vn -0.421486 -0.881636 -0.212293
vn -0.421486 -0.881636 -0.212293
vn -0.421486 -0.881636 -0.212293
vn -0.421486 -0.881636 -0.212293
vn -0.421486 -0.881636 -0.212293
vn -0.421486 -0.881636 -0.212293
vn -0.259578 -0.956935 -0.129978
vn -0.259578 -0.956935 -0.129978
vn -0.259578 -0.956935 -0.129978
vn -0.259578 -0.956935 -0.129978
vn -0.259578 -0.956935 -0.129978
vn -0.259578 -0.956935 -0.129978
vn -0.087361 -0.995271 -0.042466
vn -0.087361 -0.995271 -0.042466
vn -0.087361 -0.995271 -0.042466
vn -0.887352 -0.098882 -0.450365
vn -0.887352 -0.098882 -0.450365
vn -0.887352 -0.098882 -0.450365
vn -0.887352 -0.098882 -0.450365
vn -0.887352 -0.098882 -0.450365
vn -0.887352 -0.098882 -0.450365
vn -0.853430 -0.290335 -0.432854
vn -0.853430 -0.290335 -0.432854
vn -0.853430 -0.290335 -0.432854
vn -0.853430 -0.290335 -0.432854
vn -0.853430 -0.290335 -0.432854
vn -0.853430 -0.290335 -0.432854
vn -0.786946 -0.470901 -0.398708
vn -0.786946 -0.470901 -0.398708
vn -0.786946 -0.470901 -0.398708
vn -0.786946 -0.470901 -0.398708
vn -0.786946 -0.470901 -0.398708
vn -0.786946 -0.470901 -0.398708
vn -0.690290 -0.633619 -0.349323
vn -0.690290 -0.633619 -0.349323
vn -0.690290 -0.633619 -0.349323
vn -0.690290 -0.633619 -0.349323
vn -0.690290 -0.633619 -0.349323
vn -0.690290 -0.633619 -0.349323
vn -0.566907 -0.772379 -0.286438
vn -0.566907 -0.772379 -0.286438
vn -0.566907 -0.772379 -0.286438
vn -0.566907 -0.772379 -0.286438
vn -0.566907 -0.772379 -0.286438
vn -0.566907 -0.772379 -0.286438
vn -0.693905 -0.471119 -0.544558
vn -0.693905 -0.471119 -0.544558
vn -0.693905 -0.471119 -0.544558
vn -0.693905 -0.471119 -0.544558
vn -0.693905 -0.471119 -0.544558
vn -0.693905 -0.471119 -0.544558
vn -0.608592 -0.633857 -0.477327
vn -0.608592 -0.633857 -0.477327
vn -0.608592 -0.633857 -0.477327
vn -0.608592 -0.633857 -0.477327
vn -0.608592 -0.633857 -0.477327
vn -0.608592 -0.633857 -0.477327
vn -0.499855 -0.772561 -0.391528
vn -0.499855 -0.772561 -0.391528
vn -0.499855 -0.772561 -0.391528
vn -0.499855 -0.772561 -0.391528
vn -0.499855 -0.772561 -0.391528
vn -0.499855 -0.772561 -0.391528
vn -0.371616 -0.881779 -0.290460
vn -0.371616 -0.881779 -0.290460
vn -0.371616 -0.881779 -0.290460
vn -0.371616 -0.881779 -0.290460
vn -0.371616 -0.881779 -0.290460
vn -0.371616 -0.881779 -0.290460
vn -0.228802 -0.957046 -0.178081
vn -0.228802 -0.957046 -0.178081
vn -0.228802 -0.957046 -0.178081
vn -0.228802 -0.957046 -0.178081
vn -0.228802 -0.957046 -0.178081
vn -0.228802 -0.957046 -0.178081
vn -0.076944 -0.995307 -0.058679
vn -0.076944 -0.995307 -0.058679
vn -0.076944 -0.995307 -0.058679
vn -0.782373 -0.099276 -0.614846
vn -0.782373 -0.099276 -0.614846
vn -0.782373 -0.099276 -0.614846
vn -0.782373 -0.099276 -0.614846
vn -0.782373 -0.099276 -0.614846
vn -0.782373 -0.099276 -0.614846
vn -0.752508 -0.290640 -0.590982
vn -0.752508 -0.290640 -0.590982
vn -0.752508 -0.290640 -0.590982
vn -0.752508 -0.290640 -0.590982
vn -0.752508 -0.290640 -0.590982
vn -0.752508 -0.290640 -0.590982
vn -0.189259 -0.957100 -0.219410
vn -0.189259 -0.957100 -0.219410
vn -0.189259 -0.957100 -0.219410
vn -0.189259 -0.957100 -0.219410
vn -0.189259 -0.957100 -0.219410
vn -0.189259 -0.957100 -0.219410
vn -0.063618 -0.995324 -0.072681
vn -0.063618 -0.995324 -0.072681
vn -0.063618 -0.995324 -0.072681
vn -0.647375 -0.099470 -0.755653
vn -0.647375 -0.099470 -0.755653
vn -0.647375 -0.099470 -0.755653
vn -0.647375 -0.099470 -0.755653
vn -0.647375 -0.099470 -0.755653
vn -0.647375 -0.099470 -0.755653
vn -0.622649 -0.290869 -0.726432
vn -0.622649 -0.290869 -0.726432
vn -0.622649 -0.290869 -0.726432
vn -0.622649 -0.290869 -0.726432
vn -0.622649 -0.290869 -0.726432
vn -0.622649 -0.290869 -0.726432
vn -0.574090 -0.471354 -0.669512
vn -0.574090 -0.471354 -0.669512
vn -0.574090 -0.471354 -0.669512
vn -0.574090 -0.471354 -0.669512
vn -0.574090 -0.471354 -0.669512
vn -0.574090 -0.471354 -0.669512
vn -0.503545 -0.634077 -0.586846
vn -0.503545 -0.634077 -0.586846
vn -0.503545 -0.634077 -0.586846
vn -0.503545 -0.634077 -0.586846
vn -0.503545 -0.634077 -0.586846
vn -0.503545 -0.634077 -0.586846
vn -0.413485 -0.772717 -0.481599
vn -0.413485 -0.772717 -0.481599
vn -0.413485 -0.772717 -0.481599
vn -0.413485 -0.772717 -0.481599
vn -0.413485 -0.772717 -0.481599
vn -0.413485 -0.772717 -0.481599
vn -0.307381 -0.881874 -0.357513
vn -0.307381 -0.881874 -0.357513
vn -0.307381 -0.881874 -0.357513
vn -0.307381 -0.881874 -0.357513
vn -0.307381 -0.881874 -0.357513
vn -0.307381 -0.881874 -0.357513
vn -0.432241 -0.471516 -0.768661
vn -0.432241 -0.471516 -0.768661
vn -0.432241 -0.471516 -0.768661
vn -0.432241 -0.471516 -0.768661
vn -0.432241 -0.471516 -0.768661
vn -0.432241 -0.471516 -0.768661
vn -0.379098 -0.634197 -0.673854
vn -0.379098 -0.634197 -0.673854
vn -0.379098 -0.634197 -0.673854
vn -0.379098 -0.634197 -0.673854
vn -0.379098 -0.634197 -0.673854
vn -0.379098 -0.634197 -0.673854
vn -0.311264 -0.772851 -0.553006
vn -0.311264 -0.772851 -0.553006
vn -0.311264 -0.772851 -0.553006
vn -0.311264 -0.772851 -0.553006
vn -0.311264 -0.772851 -0.553006
vn -0.311264 -0.772851 -0.553006
vn -0.231422 -0.881942 -0.410637
vn -0.231422 -0.881942 -0.410637
vn -0.231422 -0.881942 -0.410637
vn -0.231422 -0.881942 -0.410637
vn -0.231422 -0.881942 -0.410637
vn -0.231422 -0.881942 -0.410637
vn -0.142415 -0.957150 -0.252155
vn -0.142415 -0.957150 -0.252155
vn -0.142415 -0.957150 -0.252155
vn -0.142415 -0.957150 -0.252155
vn -0.142415 -0.957150 -0.252155
vn -0.142415 -0.957150 -0.252155
vn -0.047783 -0.995347 -0.083677
vn -0.047783 -0.995347 -0.083677
vn -0.047783 -0.995347 -0.083677
vn -0.487452 -0.099607 -0.867450
vn -0.487452 -0.099607 -0.867450
vn -0.487452 -0.099607 -0.867450
vn -0.487452 -0.099607 -0.867450
vn -0.487452 -0.099607 -0.867450
vn -0.487452 -0.099607 -0.867450
vn -0.468813 -0.290978 -0.833994
vn -0.468813 -0.290978 -0.833994
vn -0.468813 -0.290978 -0.833994
vn -0.468813 -0.290978 -0.833994
vn -0.468813 -0.290978 -0.833994
vn -0.468813 -0.290978 -0.833994
vn -0.089999 -0.957199 -0.275083
vn -0.089999 -0.957199 -0.275083
vn -0.089999 -0.957199 -0.275083
vn -0.089999 -0.957199 -0.275083
vn -0.089999 -0.957199 -0.275083
vn -0.089999 -0.957199 -0.275083
vn -0.030119 -0.995349 -0.091506
vn -0.030119 -0.995349 -0.091506
vn -0.030119 -0.995349 -0.091506
vn -0.308786 -0.099736 -0.945888
vn -0.308786 -0.099736 -0.945888
vn -0.308786 -0.099736 -0.945888
vn -0.308786 -0.099736 -0.945888
vn -0.308786 -0.099736 -0.945888
vn -0.308786 -0.099736 -0.945888
vn -0.296999 -0.291136 -0.909413
vn -0.296999 -0.291136 -0.909413
vn -0.296999 -0.291136 -0.909413
vn -0.296999 -0.291136 -0.909413
vn -0.296999 -0.291136 -0.909413
vn -0.296999 -0.291136 -0.909413
vn -0.273762 -0.471585 -0.838249
vn -0.273762 -0.471585 -0.838249
vn -0.273762 -0.471585 -0.838249
vn -0.273762 -0.471585 -0.838249
vn -0.273762 -0.471585 -0.838249
vn -0.273762 -0.471585 -0.838249
vn -0.240052 -0.634269 -0.734900
vn -0.240052 -0.634269 -0.734900
vn -0.240052 -0.634269 -0.734900
vn -0.240052 -0.634269 -0.734900
vn -0.240052 -0.634269 -0.734900
vn -0.240052 -0.634269 -0.734900
vn -0.197138 -0.772877 -0.603157
vn -0.197138 -0.772877 -0.603157
vn -0.197138 -0.772877 -0.603157
vn -0.197138 -0.772877 -0.603157
vn -0.197138 -0.772877 -0.603157
vn -0.197138 -0.772877 -0.603157
vn -0.146426 -0.882021 -0.447882
vn -0.146426 -0.882021 -0.447882
vn -0.146426 -0.882021 -0.447882
vn -0.146426 -0.882021 -0.447882
vn -0.146426 -0.882021 -0.447882
vn -0.146426 -0.882021 -0.447882
vn -0.091800 -0.634251 -0.767658
vn -0.091800 -0.634251 -0.767658
vn -0.091800 -0.634251 -0.767658
vn -0.091800 -0.634251 -0.767658
vn -0.091800 -0.634251 -0.767658
vn -0.091800 -0.634251 -0.767658
vn -0.075319 -0.772903 -0.630038
vn -0.075319 -0.772903 -0.630038
vn -0.075319 -0.772903 -0.630038
vn -0.075319 -0.772903 -0.630038
vn -0.075319 -0.772903 -0.630038
vn -0.075319 -0.772903 -0.630038
vn -0.055868 -0.881984 -0.467956
vn -0.055868 -0.881984 -0.467956
vn -0.055868 -0.881984 -0.467956
vn -0.055868 -0.881984 -0.467956
vn -0.055868 -0.881984 -0.467956
vn -0.055868 -0.881984 -0.467956
vn -0.034197 -0.957183 -0.287455
vn -0.034197 -0.957183 -0.287455
vn -0.034197 -0.957183 -0.287455
vn -0.034197 -0.957183 -0.287455
vn -0.034197 -0.957183 -0.287455
vn -0.034197 -0.957183 -0.287455
vn -0.011211 -0.995352 -0.095649
vn -0.011211 -0.995352 -0.095649
vn -0.011211 -0.995352 -0.095649
vn -0.118335 -0.099696 -0.987956
vn -0.118335 -0.099696 -0.987956
vn -0.118335 -0.099696 -0.987956
vn -0.118335 -0.099696 -0.987956
vn -0.118335 -0.099696 -0.987956
vn -0.118335 -0.099696 -0.987956
vn -0.113698 -0.291128 -0.949904
vn -0.113698 -0.291128 -0.949904
vn -0.113698 -0.291128 -0.949904
vn -0.113698 -0.291128 -0.949904
vn -0.113698 -0.291128 -0.949904
vn -0.113698 -0.291128 -0.949904
vn -0.104754 -0.471546 -0.875598
vn -0.104754 -0.471546 -0.875598
vn -0.104754 -0.471546 -0.875598
vn -0.104754 -0.471546 -0.875598
vn -0.104754 -0.471546 -0.875598
vn -0.104754 -0.471546 -0.875598
vn 0.604077 0.258402 0.753870
vn 0.604077 0.258402 0.753870
vn 0.604077 0.258402 0.753870
vn 0.604077 0.258402 0.753870
vn 0.604077 0.258402 0.753870
vn 0.604077 0.258402 0.753870
vn 0.219499 0.329251 0.918376
vn 0.219499 0.329251 0.918376
vn 0.219499 0.329251 0.918376
vn 0.219499 0.329251 0.918376
vn 0.219499 0.329251 0.918376
vn 0.219499 0.329251 0.918376
vn 0.495104 0.169523 0.852135
vn 0.495104 0.169523 0.852135
vn 0.495104 0.169523 0.852135
vn 0.495104 0.169523 0.852135
vn 0.495104 0.169523 0.852135
vn 0.495104 0.169523 0.852135
vn 0.157104 0.729057 0.666179
vn 0.157104 0.729057 0.666179
vn 0.157104 0.729057 0.666179
vn 0.157104 0.729057 0.666179
vn 0.157104 0.729057 0.666179
vn 0.157104 0.729057 0.666179
vn -0.172781 0.328929 0.928414
vn -0.172781 0.328929 0.928414
vn -0.172781 0.328929 0.928414
vn -0.172781 0.328929 0.928414
vn -0.172781 0.328929 0.928414
vn -0.172781 0.328929 0.928414
vn -0.577270 0.257615 0.774851
vn -0.577270 0.257615 0.774851
vn -0.577270 0.257615 0.774851
vn -0.577270 0.257615 0.774851
vn -0.577270 0.257615 0.774851
vn -0.577270 0.257615 0.774851
vn -0.099442 0.765823 0.635316
vn -0.099442 0.765823 0.635316
vn -0.099442 0.765823 0.635316
vn -0.099442 0.765823 0.635316
vn -0.099442 0.765823 0.635316
vn -0.099442 0.765823 0.635316
vn -0.459439 0.166083 0.872544
vn -0.459439 0.166083 0.872544
vn -0.459439 0.166083 0.872544
vn -0.459439 0.166083 0.872544
vn -0.459439 0.166083 0.872544
vn -0.459439 0.166083 0.872544
vn 0.445278 0.288357 0.847689
vn 0.445278 0.288357 0.847689
vn 0.445278 0.288357 0.847689
vn 0.445278 0.288357 0.847689
vn 0.445278 0.288357 0.847689
vn 0.445278 0.288357 0.847689
vn -0.409473 0.287974 0.865681
vn -0.409473 0.287974 0.865681
vn -0.409473 0.287974 0.865681
vn -0.409473 0.287974 0.865681
vn -0.409473 0.287974 0.865681
vn -0.409473 0.287974 0.865681
vn 0.048673 0.770196 -0.635947
vn 0.048673 0.770196 -0.635947
vn 0.048673 0.770196 -0.635947
vn 0.048673 0.770196 -0.635947
vn 0.048673 0.770196 -0.635947
vn 0.048673 0.770196 -0.635947
vn 0.059395 0.630928 -0.773565
vn 0.059395 0.630928 -0.773565
vn 0.059395 0.630928 -0.773565
vn 0.059395 0.630928 -0.773565
vn 0.059395 0.630928 -0.773565
vn 0.059395 0.630928 -0.773565
vn 0.067860 0.467819 -0.881216
vn 0.067860 0.467819 -0.881216
vn 0.067860 0.467819 -0.881216
vn 0.067860 0.467819 -0.881216
vn 0.067860 0.467819 -0.881216
vn 0.067860 0.467819 -0.881216
vn 0.073678 0.287008 -0.955091
vn 0.073678 0.287008 -0.955091
vn 0.073678 0.287008 -0.955091
vn 0.073678 0.287008 -0.955091
vn 0.073678 0.287008 -0.955091
vn 0.073678 0.287008 -0.955091
vn 0.076650 0.095472 -0.992477
vn 0.076650 0.095472 -0.992477
vn 0.076650 0.095472 -0.992477
vn 0.076650 0.095472 -0.992477
vn 0.076650 0.095472 -0.992477
vn 0.076650 0.095472 -0.992477
vn 0.007153 0.994930 -0.100314
vn 0.007153 0.994930 -0.100314
vn 0.007153 0.994930 -0.100314
vn 0.021996 0.955938 -0.292742
vn 0.021996 0.955938 -0.292742
vn 0.021996 0.955938 -0.292742
vn 0.021996 0.955938 -0.292742
vn 0.021996 0.955938 -0.292742
vn 0.021996 0.955938 -0.292742
vn 0.036016 0.879967 -0.473667
vn 0.036016 0.879967 -0.473667
vn 0.036016 0.879967 -0.473667
vn 0.036016 0.879967 -0.473667
vn 0.036016 0.879967 -0.473667
vn 0.036016 0.879967 -0.473667
vn 0.127404 0.880034 -0.457501
vn 0.127404 0.880034 -0.457501
vn 0.127404 0.880034 -0.457501
vn 0.127404 0.880034 -0.457501
vn 0.127404 0.880034 -0.457501
vn 0.127404 0.880034 -0.457501
vn 0.171499 0.770278 -0.614214
vn 0.171499 0.770278 -0.614214
vn 0.171499 0.770278 -0.614214
vn 0.171499 0.770278 -0.614214
vn 0.171499 0.770278 -0.614214
vn 0.171499 0.770278 -0.614214
vn 0.208922 0.631074 -0.747059
vn 0.208922 0.631074 -0.747059
vn 0.208922 0.631074 -0.747059
vn 0.208922 0.631074 -0.747059
vn 0.208922 0.631074 -0.747059
vn 0.208922 0.631074 -0.747059
vn 0.238290 0.467929 -0.851035
vn 0.238290 0.467929 -0.851035
vn 0.238290 0.467929 -0.851035
vn 0.238290 0.467929 -0.851035
vn 0.238290 0.467929 -0.851035
vn 0.238290 0.467929 -0.851035
vn 0.258477 0.287112 -0.922365
vn 0.258477 0.287112 -0.922365
vn 0.258477 0.287112 -0.922365
vn 0.258477 0.287112 -0.922365
vn 0.258477 0.287112 -0.922365
vn 0.258477 0.287112 -0.922365
vn 0.268763 0.095581 -0.958452
vn 0.268763 0.095581 -0.958452
vn 0.268763 0.095581 -0.958452
vn 0.268763 0.095581 -0.958452
vn 0.268763 0.095581 -0.958452
vn 0.268763 0.095581 -0.958452
vn 0.026100 0.994950 -0.096924
vn 0.026100 0.994950 -0.096924
vn 0.026100 0.994950 -0.096924
vn 0.078343 0.955967 -0.282823
vn 0.078343 0.955967 -0.282823
vn 0.078343 0.955967 -0.282823
vn 0.078343 0.955967 -0.282823
vn 0.078343 0.955967 -0.282823
vn 0.078343 0.955967 -0.282823
vn 0.433325 0.287339 -0.854205
vn 0.433325 0.287339 -0.854205
vn 0.433325 0.287339 -0.854205
vn 0.433325 0.287339 -0.854205
vn 0.433325 0.287339 -0.854205
vn 0.433325 0.287339 -0.854205
vn 0.450548 0.095857 -0.887591
vn 0.450548 0.095857 -0.887591
vn 0.450548 0.095857 -0.887591
vn 0.450548 0.095857 -0.887591
vn 0.450548 0.095857 -0.887591
vn 0.450548 0.095857 -0.887591
vn 0.044079 0.994971 -0.089945
vn 0.044079 0.994971 -0.089945
vn 0.044079 0.994971 -0.089945
vn 0.131535 0.956061 -0.262003
vn 0.131535 0.956061 -0.262003
vn 0.131535 0.956061 -0.262003
vn 0.131535 0.956061 -0.262003
vn 0.131535 0.956061 -0.262003
vn 0.131535 0.956061 -0.262003
vn 0.213841 0.880132 -0.423840
vn 0.213841 0.880132 -0.423840
vn 0.213841 0.880132 -0.423840
vn 0.213841 0.880132 -0.423840
vn 0.213841 0.880132 -0.423840
vn 0.213841 0.880132 -0.423840
vn 0.287719 0.770417 -0.568925
vn 0.287719 0.770417 -0.568925
vn 0.287719 0.770417 -0.568925
vn 0.287719 0.770417 -0.568925
vn 0.287719 0.770417 -0.568925
vn 0.287719 0.770417 -0.568925
vn 0.350390 0.631227 -0.691938
vn 0.350390 0.631227 -0.691938
vn 0.350390 0.631227 -0.691938
vn 0.350390 0.631227 -0.691938
vn 0.350390 0.631227 -0.691938
vn 0.350390 0.631227 -0.691938
vn 0.399505 0.468154 -0.788180
vn 0.399505 0.468154 -0.788180
vn 0.399505 0.468154 -0.788180
vn 0.399505 0.468154 -0.788180
vn 0.399505 0.468154 -0.788180
vn 0.399505 0.468154 -0.788180
vn 0.392795 0.770598 -0.501888
vn 0.392795 0.770598 -0.501888
vn 0.392795 0.770598 -0.501888
vn 0.392795 0.770598 -0.501888
vn 0.392795 0.770598 -0.501888
vn 0.392795 0.770598 -0.501888
vn 0.478370 0.631421 -0.610303
vn 0.478370 0.631421 -0.610303
vn 0.478370 0.631421 -0.610303
vn 0.478370 0.631421 -0.610303
vn 0.478370 0.631421 -0.610303
vn 0.478370 0.631421 -0.610303
vn 0.545383 0.468411 -0.695089
vn 0.545383 0.468411 -0.695089
vn 0.545383 0.468411 -0.695089
vn 0.545383 0.468411 -0.695089
vn 0.545383 0.468411 -0.695089
vn 0.545383 0.468411 -0.695089
vn 0.591511 0.287656 -0.753239
vn 0.591511 0.287656 -0.753239
vn 0.591511 0.287656 -0.753239
vn 0.591511 0.287656 -0.753239
vn 0.591511 0.287656 -0.753239
vn 0.591511 0.287656 -0.753239
vn 0.615053 0.096165 -0.782600
vn 0.615053 0.096165 -0.782600
vn 0.615053 0.096165 -0.782600
vn 0.615053 0.096165 -0.782600
vn 0.615053 0.096165 -0.782600
vn 0.615053 0.096165 -0.782600
vn 0.060404 0.994994 -0.079609
vn 0.060404 0.994994 -0.079609
vn 0.060404 0.994994 -0.079609
vn 0.179780 0.956122 -0.231321
vn 0.179780 0.956122 -0.231321
vn 0.179780 0.956122 -0.231321
vn 0.179780 0.956122 -0.231321
vn 0.179780 0.956122 -0.231321
vn 0.179780 0.956122 -0.231321
vn 0.291979 0.880338 -0.373836
vn 0.291979 0.880338 -0.373836
vn 0.291979 0.880338 -0.373836
vn 0.291979 0.880338 -0.373836
vn 0.291979 0.880338 -0.373836
vn 0.291979 0.880338 -0.373836
vn 0.755808 0.096516 -0.647641
vn 0.755808 0.096516 -0.647641
vn 0.755808 0.096516 -0.647641
vn 0.755808 0.096516 -0.647641
vn 0.755808 0.096516 -0.647641
vn 0.755808 0.096516 -0.647641
vn 0.074358 0.995029 -0.066241
vn 0.074358 0.995029 -0.066241
vn 0.074358 0.995029 -0.066241
vn 0.220992 0.956253 -0.191686
vn 0.220992 0.956253 -0.191686
vn 0.220992 0.956253 -0.191686
vn 0.220992 0.956253 -0.191686
vn 0.220992 0.956253 -0.191686
vn 0.220992 0.956253 -0.191686
vn 0.358991 0.880456 -0.309713
vn 0.358991 0.880456 -0.309713
vn 0.358991 0.880456 -0.309713
vn 0.358991 0.880456 -0.309713
vn 0.358991 0.880456 -0.309713
vn 0.358991 0.880456 -0.309713
vn 0.482832 0.770876 -0.415480
vn 0.482832 0.770876 -0.415480
vn 0.482832 0.770876 -0.415480
vn 0.482832 0.770876 -0.415480
vn 0.482832 0.770876 -0.415480
vn 0.482832 0.770876 -0.415480
vn 0.587934 0.631785 -0.505155
vn 0.587934 0.631785 -0.505155
vn 0.587934 0.631785 -0.505155
vn 0.587934 0.631785 -0.505155
vn 0.587934 0.631785 -0.505155
vn 0.587934 0.631785 -0.505155
vn 0.670263 0.468734 -0.575358
vn 0.670263 0.468734 -0.575358
vn 0.670263 0.468734 -0.575358
vn 0.670263 0.468734 -0.575358
vn 0.670263 0.468734 -0.575358
vn 0.670263 0.468734 -0.575358
vn 0.726936 0.287982 -0.623403
vn 0.726936 0.287982 -0.623403
vn 0.726936 0.287982 -0.623403
vn 0.726936 0.287982 -0.623403
vn 0.726936 0.287982 -0.623403
vn 0.726936 0.287982 -0.623403
vn 0.554318 0.771079 -0.313319
vn 0.554318 0.771079 -0.313319
vn 0.554318 0.771079 -0.313319
vn 0.554318 0.771079 -0.313319
vn 0.554318 0.771079 -0.313319
vn 0.554318 0.771079 -0.313319
vn 0.674938 0.632058 -0.380738
vn 0.674938 0.632058 -0.380738
vn 0.674938 0.632058 -0.380738
vn 0.674938 0.632058 -0.380738
vn 0.674938 0.632058 -0.380738
vn 0.674938 0.632058 -0.380738
vn 0.769477 0.469061 -0.433459
vn 0.769477 0.469061 -0.433459
vn 0.769477 0.469061 -0.433459
vn 0.769477 0.469061 -0.433459
vn 0.769477 0.469061 -0.433459
vn 0.769477 0.469061 -0.433459
vn 0.834474 0.288351 -0.469582
vn 0.834474 0.288351 -0.469582
vn 0.834474 0.288351 -0.469582
vn 0.834474 0.288351 -0.469582
vn 0.834474 0.288351 -0.469582
vn 0.834474 0.288351 -0.469582
vn 0.867616 0.096885 -0.487704
vn 0.867616 0.096885 -0.487704
vn 0.867616 0.096885 -0.487704
vn 0.867616 0.096885 -0.487704
vn 0.867616 0.096885 -0.487704
vn 0.867616 0.096885 -0.487704
vn 0.085382 0.995076 -0.050335
vn 0.085382 0.995076 -0.050335
vn 0.085382 0.995076 -0.050335
vn 0.253706 0.956369 -0.144887
vn 0.253706 0.956369 -0.144887
vn 0.253706 0.956369 -0.144887
vn 0.253706 0.956369 -0.144887
vn 0.253706 0.956369 -0.144887
vn 0.253706 0.956369 -0.144887
vn 0.412106 0.880661 -0.233678
vn 0.412106 0.880661 -0.233678
vn 0.412106 0.880661 -0.233678
vn 0.412106 0.880661 -0.233678
vn 0.412106 0.880661 -0.233678
vn 0.412106 0.880661 -0.233678
vn 0.946027 0.097349 -0.309120
vn 0.946027 0.097349 -0.309120
vn 0.946027 0.097349 -0.309120
vn 0.946027 0.097349 -0.309120
vn 0.946027 0.097349 -0.309120
vn 0.946027 0.097349 -0.309120
vn 0.093146 0.995115 -0.032717
vn 0.093146 0.995115 -0.032717
vn 0.093146 0.995115 -0.032717
vn 0.276740 0.956473 -0.092593
vn 0.276740 0.956473 -0.092593
vn 0.276740 0.956473 -0.092593
vn 0.276740 0.956473 -0.092593
vn 0.276740 0.956473 -0.092593
vn 0.276740 0.956473 -0.092593
vn 0.449403 0.880855 -0.148766
vn 0.449403 0.880855 -0.148766
vn 0.449403 0.880855 -0.148766
vn 0.449403 0.880855 -0.148766
vn 0.449403 0.880855 -0.148766
vn 0.449403 0.880855 -0.148766
vn 0.604432 0.771379 -0.199088
vn 0.604432 0.771379 -0.199088
vn 0.604432 0.771379 -0.199088
vn 0.604432 0.771379 -0.199088
vn 0.604432 0.771379 -0.199088
vn 0.604432 0.771379 -0.199088
vn 0.735957 0.632404 -0.241728
vn 0.735957 0.632404 -0.241728
vn 0.735957 0.632404 -0.241728
vn 0.735957 0.632404 -0.241728
vn 0.735957 0.632404 -0.241728
vn 0.735957 0.632404 -0.241728
vn 0.839025 0.469461 -0.275032
vn 0.839025 0.469461 -0.275032
vn 0.839025 0.469461 -0.275032
vn 0.839025 0.469461 -0.275032
vn 0.839025 0.469461 -0.275032
vn 0.839025 0.469461 -0.275032
vn 0.909927 0.288818 -0.297687
vn 0.909927 0.288818 -0.297687
vn 0.909927 0.288818 -0.297687
vn 0.909927 0.288818 -0.297687
vn 0.909927 0.288818 -0.297687
vn 0.909927 0.288818 -0.297687
vn 0.768750 0.632680 -0.093489
vn 0.768750 0.632680 -0.093489
vn 0.768750 0.632680 -0.093489
vn 0.768750 0.632680 -0.093489
vn 0.768750 0.632680 -0.093489
vn 0.768750 0.632680 -0.093489
vn 0.876396 0.469778 -0.106008
vn 0.876396 0.469778 -0.106008
vn 0.876396 0.469778 -0.106008
vn 0.876396 0.469778 -0.106008
vn 0.876396 0.469778 -0.106008
vn 0.876396 0.469778 -0.106008
vn 0.950400 0.289191 -0.114488
vn 0.950400 0.289191 -0.114488
vn 0.950400 0.289191 -0.114488
vn 0.950400 0.289191 -0.114488
vn 0.950400 0.289191 -0.114488
vn 0.950400 0.289191 -0.114488
vn 0.988122 0.097791 -0.118538
vn 0.988122 0.097791 -0.118538
vn 0.988122 0.097791 -0.118538
vn 0.988122 0.097791 -0.118538
vn 0.988122 0.097791 -0.118538
vn 0.988122 0.097791 -0.118538
vn 0.097311 0.995158 -0.013842
vn 0.097311 0.995158 -0.013842
vn 0.097311 0.995158 -0.013842
vn 0.289023 0.956617 -0.036741
vn 0.289023 0.956617 -0.036741
vn 0.289023 0.956617 -0.036741
vn 0.289023 0.956617 -0.036741
vn 0.289023 0.956617 -0.036741
vn 0.289023 0.956617 -0.036741
vn 0.469376 0.881081 -0.058164
vn 0.469376 0.881081 -0.058164
vn 0.469376 0.881081 -0.058164
vn 0.469376 0.881081 -0.058164
vn 0.469376 0.881081 -0.058164
vn 0.469376 0.881081 -0.058164
vn 0.631309 0.771667 -0.077319
vn 0.631309 0.771667 -0.077319
vn 0.631309 0.771667 -0.077319
vn 0.631309 0.771667 -0.077319
vn 0.631309 0.771667 -0.077319
vn 0.631309 0.771667 -0.077319
vn 0.097732 0.995198 0.005395
vn 0.097732 0.995198 0.005395
vn 0.097732 0.995198 0.005395
vn 0.290237 0.956737 0.020436
vn 0.290237 0.956737 0.020436
vn 0.290237 0.956737 0.020436
vn 0.290237 0.956737 0.020436
vn 0.290237 0.956737 0.020436
vn 0.290237 0.956737 0.020436
vn 0.471320 0.881287 0.034519
vn 0.471320 0.881287 0.034519
vn 0.471320 0.881287 0.034519
vn 0.471320 0.881287 0.034519
vn 0.471320 0.881287 0.034519
vn 0.471320 0.881287 0.034519
vn 0.633934 0.771934 0.047386
vn 0.633934 0.771934 0.047386
vn 0.633934 0.771934 0.047386
vn 0.633934 0.771934 0.047386
vn 0.633934 0.771934 0.047386
vn 0.633934 0.771934 0.047386
vn 0.771896 0.633066 0.058352
vn 0.771896 0.633066 0.058352
vn 0.771896 0.633066 0.058352
vn 0.771896 0.633066 0.058352
vn 0.771896 0.633066 0.058352
vn 0.771896 0.633066 0.058352
vn 0.880012 0.470203 0.066990
vn 0.880012 0.470203 0.066990
vn 0.880012 0.470203 0.066990
vn 0.880012 0.470203 0.066990
vn 0.880012 0.470203 0.066990
vn 0.880012 0.470203 0.066990
vn 0.954345 0.289595 0.073215
vn 0.954345 0.289595 0.073215
vn 0.954345 0.289595 0.073215
vn 0.954345 0.289595 0.073215
vn 0.954345 0.289595 0.073215
vn 0.954345 0.289595 0.073215
vn 0.992226 0.098206 0.076447
vn 0.992226 0.098206 0.076447
vn 0.992226 0.098206 0.076447
vn 0.992226 0.098206 0.076447
vn 0.992226 0.098206 0.076447
vn 0.992226 0.098206 0.076447
vn 0.745430 0.633355 0.207836
vn 0.745430 0.633355 0.207836
vn 0.745430 0.633355 0.207836
vn 0.745430 0.633355 0.207836
vn 0.745430 0.633355 0.207836
vn 0.745430 0.633355 0.207836
vn 0.849852 0.470504 0.237441
vn 0.849852 0.470504 0.237441
vn 0.849852 0.470504 0.237441
vn 0.849852 0.470504 0.237441
vn 0.849852 0.470504 0.237441
vn 0.849852 0.470504 0.237441
vn 0.921639 0.289938 0.257909
vn 0.921639 0.289938 0.257909
vn 0.921639 0.289938 0.257909
vn 0.921639 0.289938 0.257909
vn 0.921639 0.289938 0.257909
vn 0.921639 0.289938 0.257909
vn 0.958207 0.098581 0.268555
vn 0.958207 0.098581 0.268555
vn 0.958207 0.098581 0.268555
vn 0.958207 0.098581 0.268555
vn 0.958207 0.098581 0.268555
vn 0.958207 0.098581 0.268555
vn 0.094358 0.995238 0.024458
vn 0.094358 0.995238 0.024458
vn 0.094358 0.995238 0.024458
vn 0.280274 0.956849 0.076722
vn 0.280274 0.956849 0.076722
vn 0.280274 0.956849 0.076722
vn 0.280274 0.956849 0.076722
vn 0.280274 0.956849 0.076722
vn 0.280274 0.956849 0.076722
vn 0.455126 0.881479 0.125916
vn 0.455126 0.881479 0.125916
vn 0.455126 0.881479 0.125916
vn 0.455126 0.881479 0.125916
vn 0.455126 0.881479 0.125916
vn 0.455126 0.881479 0.125916
vn 0.612197 0.772179 0.170163
vn 0.612197 0.772179 0.170163
vn 0.612197 0.772179 0.170163
vn 0.612197 0.772179 0.170163
vn 0.612197 0.772179 0.170163
vn 0.612197 0.772179 0.170163
vn 0.259578 0.956935 0.129978
vn 0.259578 0.956935 0.129978
vn 0.259578 0.956935 0.129978
vn 0.259578 0.956935 0.129978
vn 0.259578 0.956935 0.129978
vn 0.259578 0.956935 0.129978
vn 0.421486 0.881636 0.212293
vn 0.421486 0.881636 0.212293
vn 0.421486 0.881636 0.212293
vn 0.421486 0.881636 0.212293
vn 0.421486 0.881636 0.212293
vn 0.421486 0.881636 0.212293
vn 0.566907 0.772379 0.286438
vn 0.566907 0.772379 0.286438
vn 0.566907 0.772379 0.286438
vn 0.566907 0.772379 0.286438
vn 0.566907 0.772379 0.286438
vn 0.566907 0.772379 0.286438
vn 0.690290 0.633619 0.349323
vn 0.690290 0.633619 0.349323
vn 0.690290 0.633619 0.349323
vn 0.690290 0.633619 0.349323
vn 0.690290 0.633619 0.349323
vn 0.690290 0.633619 0.349323
vn 0.786946 0.470901 0.398708
vn 0.786946 0.470901 0.398708
vn 0.786946 0.470901 0.398708
vn 0.786946 0.470901 0.398708
vn 0.786946 0.470901 0.398708
vn 0.786946 0.470901 0.398708
vn 0.853430 0.290335 0.432854
vn 0.853430 0.290335 0.432854
vn 0.853430 0.290335 0.432854
vn 0.853430 0.290335 0.432854
vn 0.853430 0.290335 0.432854
vn 0.853430 0.290335 0.432854
vn 0.887352 0.098882 0.450365
vn 0.887352 0.098882 0.450365
vn 0.887352 0.098882 0.450365
vn 0.887352 0.098882 0.450365
vn 0.887352 0.098882 0.450365
vn 0.887352 0.098882 0.450365
vn 0.087361 0.995271 0.042466
vn 0.087361 0.995271 0.042466
vn 0.087361 0.995271 0.042466
vn 0.713510 0.530675 0.457480
vn 0.713510 0.530675 0.457480
vn 0.713510 0.530675 0.457480
vn 0.713510 0.530675 0.457480
vn 0.713510 0.530675 0.457480
vn 0.713510 0.530675 0.457480
vn 0.774310 0.266000 0.574184
vn 0.774310 0.266000 0.574184
vn 0.774310 0.266000 0.574184
vn 0.774310 0.266000 0.574184
vn 0.774310 0.266000 0.574184
vn 0.774310 0.266000 0.574184
vn 0.782373 0.099276 0.614846
vn 0.782373 0.099276 0.614846
vn 0.782373 0.099276 0.614846
vn 0.782373 0.099276 0.614846
vn 0.782373 0.099276 0.614846
vn 0.782373 0.099276 0.614846
vn 0.076944 0.995307 0.058679
vn 0.076944 0.995307 0.058679
vn 0.076944 0.995307 0.058679
vn 0.228802 0.957046 0.178081
vn 0.228802 0.957046 0.178081
vn 0.228802 0.957046 0.178081
vn 0.228802 0.957046 0.178081
vn 0.228802 0.957046 0.178081
vn 0.228802 0.957046 0.178081
vn 0.371616 0.881779 0.290460
vn 0.371616 0.881779 0.290460
vn 0.371616 0.881779 0.290460
vn 0.371616 0.881779 0.290460
vn 0.371616 0.881779 0.290460
vn 0.371616 0.881779 0.290460
vn 0.499855 0.772561 0.391528
vn 0.499855 0.772561 0.391528
vn 0.499855 0.772561 0.391528
vn 0.499855 0.772561 0.391528
vn 0.499855 0.772561 0.391528
vn 0.499855 0.772561 0.391528
vn 0.608592 0.633857 0.477327
vn 0.608592 0.633857 0.477327
vn 0.608592 0.633857 0.477327
vn 0.608592 0.633857 0.477327
vn 0.608592 0.633857 0.477327
vn 0.608592 0.633857 0.477327
vn 0.307381 0.881874 0.357513
vn 0.307381 0.881874 0.357513
vn 0.307381 0.881874 0.357513
vn 0.307381 0.881874 0.357513
vn 0.307381 0.881874 0.357513
vn 0.307381 0.881874 0.357513
vn 0.413485 0.772717 0.481599
vn 0.413485 0.772717 0.481599
vn 0.413485 0.772717 0.481599
vn 0.413485 0.772717 0.481599
vn 0.413485 0.772717 0.481599
vn 0.413485 0.772717 0.481599
vn 0.503545 0.634077 0.586846
vn 0.503545 0.634077 0.586846
vn 0.503545 0.634077 0.586846
vn 0.503545 0.634077 0.586846
vn 0.503545 0.634077 0.586846
vn 0.503545 0.634077 0.586846
vn 0.994966 -0.093449 0.036202
vn 0.994966 -0.093449 0.036202
vn 0.994966 -0.093449 0.036202
vn 0.994966 -0.093449 0.036202
vn 0.994966 -0.093449 0.036202
vn 0.994966 -0.093449 0.036202
vn 0.994966 -0.093449 0.036202
vn 0.994966 -0.093449 0.036202
vn 0.994966 -0.093449 0.036202
vn 0.647375 0.099470 0.755653
vn 0.647375 0.099470 0.755653
vn 0.647375 0.099470 0.755653
vn 0.647375 0.099470 0.755653
vn 0.647375 0.099470 0.755653
vn 0.647375 0.099470 0.755653
vn 0.063618 0.995324 0.072681
vn 0.063618 0.995324 0.072681
vn 0.063618 0.995324 0.072681
vn 0.189259 0.957100 0.219410
vn 0.189259 0.957100 0.219410
vn 0.189259 0.957100 0.219410
vn 0.189259 0.957100 0.219410
vn 0.189259 0.957100 0.219410
vn 0.189259 0.957100 0.219410
vn 0.487452 0.099607 0.867450
vn 0.487452 0.099607 0.867450
vn 0.487452 0.099607 0.867450
vn 0.487452 0.099607 0.867450
vn 0.487452 0.099607 0.867450
vn 0.487452 0.099607 0.867450
vn 0.047783 0.995347 0.083677
vn 0.047783 0.995347 0.083677
vn 0.047783 0.995347 0.083677
vn 0.142415 0.957150 0.252155
vn 0.142415 0.957150 0.252155
vn 0.142415 0.957150 0.252155
vn 0.142415 0.957150 0.252155
vn 0.142415 0.957150 0.252155
vn 0.142415 0.957150 0.252155
vn 0.231422 0.881942 0.410637
vn 0.231422 0.881942 0.410637
vn 0.231422 0.881942 0.410637
vn 0.231422 0.881942 0.410637
vn 0.231422 0.881942 0.410637
vn 0.231422 0.881942 0.410637
vn 0.311264 0.772851 0.553006
vn 0.311264 0.772851 0.553006
vn 0.311264 0.772851 0.553006
vn 0.311264 0.772851 0.553006
vn 0.311264 0.772851 0.553006
vn 0.311264 0.772851 0.553006
vn 0.379098 0.634197 0.673854
vn 0.379098 0.634197 0.673854
vn 0.379098 0.634197 0.673854
vn 0.379098 0.634197 0.673854
vn 0.379098 0.634197 0.673854
vn 0.379098 0.634197 0.673854
vn -0.201611 0.395688 0.895982
vn -0.201611 0.395688 0.895982
vn -0.201611 0.395688 0.895982
vn -0.201611 0.395688 0.895982
vn -0.201611 0.395688 0.895982
vn -0.201611 0.395688 0.895982
vn 0.146426 0.882021 0.447882
vn 0.146426 0.882021 0.447882
vn 0.146426 0.882021 0.447882
vn 0.146426 0.882021 0.447882
vn 0.146426 0.882021 0.447882
vn 0.146426 0.882021 0.447882
vn 0.197138 0.772877 0.603157
vn 0.197138 0.772877 0.603157
vn 0.197138 0.772877 0.603157
vn 0.197138 0.772877 0.603157
vn 0.197138 0.772877 0.603157
vn 0.197138 0.772877 0.603157
vn 0.240052 0.634269 0.734900
vn 0.240052 0.634269 0.734900
vn 0.240052 0.634269 0.734900
vn 0.240052 0.634269 0.734900
vn 0.240052 0.634269 0.734900
vn 0.240052 0.634269 0.734900
vn -0.562336 -0.701035 0.438552
vn -0.562336 -0.701035 0.438552
vn -0.562336 -0.701035 0.438552
vn -0.562336 -0.701035 0.438552
vn -0.562336 -0.701035 0.438552
vn -0.562336 -0.701035 0.438552
vn 0.308786 0.099736 0.945888
vn 0.308786 0.099736 0.945888
vn 0.308786 0.099736 0.945888
vn 0.308786 0.099736 0.945888
vn 0.308786 0.099736 0.945888
vn 0.308786 0.099736 0.945888
vn 0.030119 0.995349 0.091506
vn 0.030119 0.995349 0.091506
vn 0.030119 0.995349 0.091506
vn 0.089999 0.957199 0.275083
vn 0.089999 0.957199 0.275083
vn 0.089999 0.957199 0.275083
vn 0.089999 0.957199 0.275083
vn 0.089999 0.957199 0.275083
vn 0.089999 0.957199 0.275083
vn 0.197897 0.306311 0.931134
vn 0.197897 0.306311 0.931134
vn 0.197897 0.306311 0.931134
vn 0.197897 0.306311 0.931134
vn 0.197897 0.306311 0.931134
vn 0.197897 0.306311 0.931134
vn 0.118335 0.099696 0.987956
vn 0.118335 0.099696 0.987956
vn 0.118335 0.099696 0.987956
vn 0.118335 0.099696 0.987956
vn 0.118335 0.099696 0.987956
vn 0.118335 0.099696 0.987956
vn 0.011211 0.995352 0.095649
vn 0.011211 0.995352 0.095649
vn 0.011211 0.995352 0.095649
vn 0.034197 0.957183 0.287455
vn 0.034197 0.957183 0.287455
vn 0.034197 0.957183 0.287455
vn 0.034197 0.957183 0.287455
vn 0.034197 0.957183 0.287455
vn 0.034197 0.957183 0.287455
vn 0.055868 0.881984 0.467956
vn 0.055868 0.881984 0.467956
vn 0.055868 0.881984 0.467956
vn 0.055868 0.881984 0.467956
vn 0.055868 0.881984 0.467956
vn 0.055868 0.881984 0.467956
vn 0.075319 0.772903 0.630038
vn 0.075319 0.772903 0.630038
vn 0.075319 0.772903 0.630038
vn 0.075319 0.772903 0.630038
vn 0.075319 0.772903 0.630038
vn 0.075319 0.772903 0.630038
vn 0.212724 0.703493 0.678120
vn 0.212724 0.703493 0.678120
vn 0.212724 0.703493 0.678120
vn 0.212724 0.703493 0.678120
vn 0.212724 0.703493 0.678120
vn 0.212724 0.703493 0.678120
vn 0.335337 0.330580 0.882194
vn 0.335337 0.330580 0.882194
vn 0.335337 0.330580 0.882194
vn 0.335337 0.330580 0.882194
vn 0.335337 0.330580 0.882194
vn 0.335337 0.330580 0.882194
vn -0.049379 0.772852 0.632663
vn -0.049379 0.772852 0.632663
vn -0.049379 0.772852 0.632663
vn -0.049379 0.772852 0.632663
vn -0.049379 0.772852 0.632663
vn -0.049379 0.772852 0.632663
vn -0.184615 0.703309 0.686494
vn -0.184615 0.703309 0.686494
vn -0.184615 0.703309 0.686494
vn -0.184615 0.703309 0.686494
vn -0.184615 0.703309 0.686494
vn -0.184615 0.703309 0.686494
vn -0.298236 0.330297 0.895522
vn -0.298236 0.330297 0.895522
vn -0.298236 0.330297 0.895522
vn -0.298236 0.330297 0.895522
vn -0.298236 0.330297 0.895522
vn -0.298236 0.330297 0.895522
vn -0.158807 0.306186 0.938632
vn -0.158807 0.306186 0.938632
vn -0.158807 0.306186 0.938632
vn -0.158807 0.306186 0.938632
vn -0.158807 0.306186 0.938632
vn -0.158807 0.306186 0.938632
vn -0.076783 0.099601 0.992061
vn -0.076783 0.099601 0.992061
vn -0.076783 0.099601 0.992061
vn -0.076783 0.099601 0.992061
vn -0.076783 0.099601 0.992061
vn -0.076783 0.099601 0.992061
vn -0.008020 0.995344 0.096049
vn -0.008020 0.995344 0.096049
vn -0.008020 0.995344 0.096049
vn -0.022890 0.957167 0.288630
vn -0.022890 0.957167 0.288630
vn -0.022890 0.957167 0.288630
vn -0.022890 0.957167 0.288630
vn -0.022890 0.957167 0.288630
vn -0.022890 0.957167 0.288630
vn -0.036891 0.881970 0.469859
vn -0.036891 0.881970 0.469859
vn -0.036891 0.881970 0.469859
vn -0.036891 0.881970 0.469859
vn -0.036891 0.881970 0.469859
vn -0.036891 0.881970 0.469859
vn -0.268855 0.099511 0.958026
vn -0.268855 0.099511 0.958026
vn -0.268855 0.099511 0.958026
vn -0.268855 0.099511 0.958026
vn -0.268855 0.099511 0.958026
vn -0.268855 0.099511 0.958026
vn -0.027064 0.995329 0.092666
vn -0.027064 0.995329 0.092666
vn -0.027064 0.995329 0.092666
vn -0.079236 0.957111 0.278675
vn -0.079236 0.957111 0.278675
vn -0.079236 0.957111 0.278675
vn -0.079236 0.957111 0.278675
vn -0.079236 0.957111 0.278675
vn -0.079236 0.957111 0.278675
vn -0.128187 0.881898 0.453678
vn -0.128187 0.881898 0.453678
vn -0.128187 0.881898 0.453678
vn -0.128187 0.881898 0.453678
vn -0.128187 0.881898 0.453678
vn -0.128187 0.881898 0.453678
vn -0.172200 0.772740 0.610917
vn -0.172200 0.772740 0.610917
vn -0.172200 0.772740 0.610917
vn -0.172200 0.772740 0.610917
vn -0.172200 0.772740 0.610917
vn -0.172200 0.772740 0.610917
vn -0.209474 0.634076 0.744358
vn -0.209474 0.634076 0.744358
vn -0.209474 0.634076 0.744358
vn -0.209474 0.634076 0.744358
vn -0.209474 0.634076 0.744358
vn -0.209474 0.634076 0.744358
vn -0.353151 0.474681 0.806202
vn -0.353151 0.474681 0.806202
vn -0.353151 0.474681 0.806202
vn -0.353151 0.474681 0.806202
vn -0.353151 0.474681 0.806202
vn -0.353151 0.474681 0.806202
vn -0.288422 0.772573 0.565636
vn -0.288422 0.772573 0.565636
vn -0.288422 0.772573 0.565636
vn -0.288422 0.772573 0.565636
vn -0.288422 0.772573 0.565636
vn -0.288422 0.772573 0.565636
vn -0.350981 0.633878 0.689211
vn -0.350981 0.633878 0.689211
vn -0.350981 0.633878 0.689211
vn -0.350981 0.633878 0.689211
vn -0.350981 0.633878 0.689211
vn -0.350981 0.633878 0.689211
vn 0.386386 0.474949 0.790651
vn 0.386386 0.474949 0.790651
vn 0.386386 0.474949 0.790651
vn 0.386386 0.474949 0.790651
vn 0.386386 0.474949 0.790651
vn 0.386386 0.474949 0.790651
vn -0.450637 0.099239 0.887174
vn -0.450637 0.099239 0.887174
vn -0.450637 0.099239 0.887174
vn -0.450637 0.099239 0.887174
vn -0.450637 0.099239 0.887174
vn -0.450637 0.099239 0.887174
vn -0.045043 0.995304 0.085686
vn -0.045043 0.995304 0.085686
vn -0.045043 0.995304 0.085686
vn -0.132424 0.957062 0.257868
vn -0.132424 0.957062 0.257868
vn -0.132424 0.957062 0.257868
vn -0.132424 0.957062 0.257868
vn -0.132424 0.957062 0.257868
vn -0.132424 0.957062 0.257868
vn -0.214614 0.881787 0.419990
vn -0.214614 0.881787 0.419990
vn -0.214614 0.881787 0.419990
vn -0.214614 0.881787 0.419990
vn -0.214614 0.881787 0.419990
vn -0.214614 0.881787 0.419990
vn -0.615093 0.098928 0.782224
vn -0.615093 0.098928 0.782224
vn -0.615093 0.098928 0.782224
vn -0.615093 0.098928 0.782224
vn -0.615093 0.098928 0.782224
vn -0.615093 0.098928 0.782224
vn -0.061301 0.995278 0.075254
vn -0.061301 0.995278 0.075254
vn -0.061301 0.995278 0.075254
vn -0.180676 0.956941 0.227199
vn -0.180676 0.956941 0.227199
vn -0.180676 0.956941 0.227199
vn -0.180676 0.956941 0.227199
vn -0.180676 0.956941 0.227199
vn -0.180676 0.956941 0.227199
vn -0.292824 0.881628 0.370117
vn -0.292824 0.881628 0.370117
vn -0.292824 0.881628 0.370117
vn -0.292824 0.881628 0.370117
vn -0.292824 0.881628 0.370117
vn -0.292824 0.881628 0.370117
vn -0.393519 0.772441 0.498475
vn -0.393519 0.772441 0.498475
vn -0.393519 0.772441 0.498475
vn -0.393519 0.772441 0.498475
vn -0.393519 0.772441 0.498475
vn -0.393519 0.772441 0.498475
vn -0.478955 0.633613 0.607566
vn -0.478955 0.633613 0.607566
vn -0.478955 0.633613 0.607566
vn -0.478955 0.633613 0.607566
vn -0.478955 0.633613 0.607566
vn -0.478955 0.633613 0.607566
vn -0.468165 0.567225 0.677552
vn -0.468165 0.567225 0.677552
vn -0.468165 0.567225 0.677552
vn -0.468165 0.567225 0.677552
vn -0.468165 0.567225 0.677552
vn -0.468165 0.567225 0.677552
vn -0.588549 0.633385 0.502427
vn -0.588549 0.633385 0.502427
vn -0.588549 0.633385 0.502427
vn -0.588549 0.633385 0.502427
vn -0.588549 0.633385 0.502427
vn -0.588549 0.633385 0.502427
vn -0.694031 0.530082 0.487169
vn -0.694031 0.530082 0.487169
vn -0.694031 0.530082 0.487169
vn -0.694031 0.530082 0.487169
vn -0.694031 0.530082 0.487169
vn -0.694031 0.530082 0.487169
vn -0.749666 0.265370 0.606284
vn -0.749666 0.265370 0.606284
vn -0.749666 0.265370 0.606284
vn -0.749666 0.265370 0.606284
vn -0.749666 0.265370 0.606284
vn -0.749666 0.265370 0.606284
vn -0.755893 0.098581 0.647231
vn -0.755893 0.098581 0.647231
vn -0.755893 0.098581 0.647231
vn -0.755893 0.098581 0.647231
vn -0.755893 0.098581 0.647231
vn -0.755893 0.098581 0.647231
vn -0.075252 0.995243 0.061882
vn -0.075252 0.995243 0.061882
vn -0.075252 0.995243 0.061882
vn -0.221859 0.956851 0.187655
vn -0.221859 0.956851 0.187655
vn -0.221859 0.956851 0.187655
vn -0.221859 0.956851 0.187655
vn -0.221859 0.956851 0.187655
vn -0.221859 0.956851 0.187655
vn -0.359780 0.881472 0.305884
vn -0.359780 0.881472 0.305884
vn -0.359780 0.881472 0.305884
vn -0.359780 0.881472 0.305884
vn -0.359780 0.881472 0.305884
vn -0.359780 0.881472 0.305884
vn -0.483612 0.772157 0.412180
vn -0.483612 0.772157 0.412180
vn -0.483612 0.772157 0.412180
vn -0.483612 0.772157 0.412180
vn -0.483612 0.772157 0.412180
vn -0.483612 0.772157 0.412180
vn -0.254616 0.956742 0.140770
vn -0.254616 0.956742 0.140770
vn -0.254616 0.956742 0.140770
vn -0.254616 0.956742 0.140770
vn -0.254616 0.956742 0.140770
vn -0.254616 0.956742 0.140770
vn -0.412903 0.881295 0.229850
vn -0.412903 0.881295 0.229850
vn -0.412903 0.881295 0.229850
vn -0.412903 0.881295 0.229850
vn -0.412903 0.881295 0.229850
vn -0.412903 0.881295 0.229850
vn -0.555025 0.771899 0.310032
vn -0.555025 0.771899 0.310032
vn -0.555025 0.771899 0.310032
vn -0.555025 0.771899 0.310032
vn -0.555025 0.771899 0.310032
vn -0.555025 0.771899 0.310032
vn -0.675521 0.633087 0.377984
vn -0.675521 0.633087 0.377984
vn -0.675521 0.633087 0.377984
vn -0.675521 0.633087 0.377984
vn -0.675521 0.633087 0.377984
vn -0.675521 0.633087 0.377984
vn -0.769898 0.470195 0.431478
vn -0.769898 0.470195 0.431478
vn -0.769898 0.470195 0.431478
vn -0.769898 0.470195 0.431478
vn -0.769898 0.470195 0.431478
vn -0.769898 0.470195 0.431478
vn -0.834772 0.289626 0.468265
vn -0.834772 0.289626 0.468265
vn -0.834772 0.289626 0.468265
vn -0.834772 0.289626 0.468265
vn -0.834772 0.289626 0.468265
vn -0.834772 0.289626 0.468265
vn -0.867685 0.098206 0.487318
vn -0.867685 0.098206 0.487318
vn -0.867685 0.098206 0.487318
vn -0.867685 0.098206 0.487318
vn -0.867685 0.098206 0.487318
vn -0.867685 0.098206 0.487318
vn -0.086346 0.995199 0.046076
vn -0.086346 0.995199 0.046076
vn -0.086346 0.995199 0.046076
vn -0.839502 0.469810 0.272975
vn -0.839502 0.469810 0.272975
vn -0.839502 0.469810 0.272975
vn -0.839502 0.469810 0.272975
vn -0.839502 0.469810 0.272975
vn -0.839502 0.469810 0.272975
vn -0.910201 0.289212 0.296463
vn -0.910201 0.289212 0.296463
vn -0.910201 0.289212 0.296463
vn -0.910201 0.289212 0.296463
vn -0.910201 0.289212 0.296463
vn -0.910201 0.289212 0.296463
vn -0.946145 0.097818 0.308611
vn -0.946145 0.097818 0.308611
vn -0.946145 0.097818 0.308611
vn -0.946145 0.097818 0.308611
vn -0.946145 0.097818 0.308611
vn -0.946145 0.097818 0.308611
vn -0.094109 0.995155 0.028458
vn -0.094109 0.995155 0.028458
vn -0.094109 0.995155 0.028458
vn -0.277633 0.956605 0.088467
vn -0.277633 0.956605 0.088467
vn -0.277633 0.956605 0.088467
vn -0.277633 0.956605 0.088467
vn -0.277633 0.956605 0.088467
vn -0.277633 0.956605 0.088467
vn -0.450203 0.881085 0.144935
vn -0.450203 0.881085 0.144935
vn -0.450203 0.881085 0.144935
vn -0.450203 0.881085 0.144935
vn -0.450203 0.881085 0.144935
vn -0.450203 0.881085 0.144935
vn -0.605146 0.771666 0.195780
vn -0.605146 0.771666 0.195780
vn -0.605146 0.771666 0.195780
vn -0.605146 0.771666 0.195780
vn -0.605146 0.771666 0.195780
vn -0.605146 0.771666 0.195780
vn -0.736577 0.632723 0.238989
vn -0.736577 0.632723 0.238989
vn -0.736577 0.632723 0.238989
vn -0.736577 0.632723 0.238989
vn -0.736577 0.632723 0.238989
vn -0.736577 0.632723 0.238989
vn -0.289920 0.956495 0.032615
vn -0.289920 0.956495 0.032615
vn -0.289920 0.956495 0.032615
vn -0.289920 0.956495 0.032615
vn -0.289920 0.956495 0.032615
vn -0.289920 0.956495 0.032615
vn -0.470272 0.880846 0.054356
vn -0.470272 0.880846 0.054356
vn -0.470272 0.880846 0.054356
vn -0.470272 0.880846 0.054356
vn -0.470272 0.880846 0.054356
vn -0.470272 0.880846 0.054356
vn -0.632084 0.771355 0.074032
vn -0.632084 0.771355 0.074032
vn -0.632084 0.771355 0.074032
vn -0.632084 0.771355 0.074032
vn -0.632084 0.771355 0.074032
vn -0.632084 0.771355 0.074032
vn -0.769325 0.632378 0.090759
vn -0.769325 0.632378 0.090759
vn -0.769325 0.632378 0.090759
vn -0.769325 0.632378 0.090759
vn -0.769325 0.632378 0.090759
vn -0.769325 0.632378 0.090759
vn -0.876842 0.469402 0.103971
vn -0.876842 0.469402 0.103971
vn -0.876842 0.469402 0.103971
vn -0.876842 0.469402 0.103971
vn -0.876842 0.469402 0.103971
vn -0.876842 0.469402 0.103971
vn -0.950662 0.288815 0.113262
vn -0.950662 0.288815 0.113262
vn -0.950662 0.288815 0.113262
vn -0.950662 0.288815 0.113262
vn -0.950662 0.288815 0.113262
vn -0.950662 0.288815 0.113262
vn -0.988218 0.097300 0.118143
vn -0.988218 0.097300 0.118143
vn -0.988218 0.097300 0.118143
vn -0.988218 0.097300 0.118143
vn -0.988218 0.097300 0.118143
vn -0.988218 0.097300 0.118143
vn -0.098278 0.995113 0.009585
vn -0.098278 0.995113 0.009585
vn -0.098278 0.995113 0.009585
vn -0.880464 0.469059 -0.069041
vn -0.880464 0.469059 -0.069041
vn -0.880464 0.469059 -0.069041
vn -0.880464 0.469059 -0.069041
vn -0.880464 0.469059 -0.069041
vn -0.880464 0.469059 -0.069041
vn -0.954604 0.288425 -0.074441
vn -0.954604 0.288425 -0.074441
vn -0.954604 0.288425 -0.074441
vn -0.954604 0.288425 -0.074441
vn -0.954604 0.288425 -0.074441
vn -0.954604 0.288425 -0.074441
vn -0.992325 0.096886 -0.076842
vn -0.992325 0.096886 -0.076842
vn -0.992325 0.096886 -0.076842
vn -0.992325 0.096886 -0.076842
vn -0.992325 0.096886 -0.076842
vn -0.992325 0.096886 -0.076842
vn -0.098627 0.995076 -0.009774
vn -0.098627 0.995076 -0.009774
vn -0.098627 0.995076 -0.009774
vn -0.291125 0.956370 -0.024562
vn -0.291125 0.956370 -0.024562
vn -0.291125 0.956370 -0.024562
vn -0.291125 0.956370 -0.024562
vn -0.291125 0.956370 -0.024562
vn -0.291125 0.956370 -0.024562
vn -0.472179 0.880668 -0.038349
vn -0.472179 0.880668 -0.038349
vn -0.472179 0.880668 -0.038349
vn -0.472179 0.880668 -0.038349
vn -0.472179 0.880668 -0.038349
vn -0.472179 0.880668 -0.038349
vn -0.634717 0.771082 -0.050668
vn -0.634717 0.771082 -0.050668
vn -0.634717 0.771082 -0.050668
vn -0.634717 0.771082 -0.050668
vn -0.634717 0.771082 -0.050668
vn -0.634717 0.771082 -0.050668
vn -0.772504 0.632072 -0.061010
vn -0.772504 0.632072 -0.061010
vn -0.772504 0.632072 -0.061010
vn -0.772504 0.632072 -0.061010
vn -0.772504 0.632072 -0.061010
vn -0.772504 0.632072 -0.061010
vn -0.456013 0.880467 -0.129730
vn -0.456013 0.880467 -0.129730
vn -0.456013 0.880467 -0.129730
vn -0.456013 0.880467 -0.129730
vn -0.456013 0.880467 -0.129730
vn -0.456013 0.880467 -0.129730
vn -0.612926 0.770861 -0.173481
vn -0.612926 0.770861 -0.173481
vn -0.612926 0.770861 -0.173481
vn -0.612926 0.770861 -0.173481
vn -0.612926 0.770861 -0.173481
vn -0.612926 0.770861 -0.173481
vn -0.746015 0.631757 -0.210582
vn -0.746015 0.631757 -0.210582
vn -0.746015 0.631757 -0.210582
vn -0.746015 0.631757 -0.210582
vn -0.746015 0.631757 -0.210582
vn -0.746015 0.631757 -0.210582
vn -0.850303 0.468661 -0.239464
vn -0.850303 0.468661 -0.239464
vn -0.850303 0.468661 -0.239464
vn -0.850303 0.468661 -0.239464
vn -0.850303 0.468661 -0.239464
vn -0.850303 0.468661 -0.239464
vn -0.921898 0.287956 -0.259200
vn -0.921898 0.287956 -0.259200
vn -0.921898 0.287956 -0.259200
vn -0.921898 0.287956 -0.259200
vn -0.921898 0.287956 -0.259200
vn -0.921898 0.287956 -0.259200
vn -0.958286 0.096493 -0.269031
vn -0.958286 0.096493 -0.269031
vn -0.958286 0.096493 -0.269031
vn -0.958286 0.096493 -0.269031
vn -0.958286 0.096493 -0.269031
vn -0.958286 0.096493 -0.269031
vn -0.095327 0.995032 -0.028696
vn -0.095327 0.995032 -0.028696
vn -0.095327 0.995032 -0.028696
vn -0.281167 0.956247 -0.080848
vn -0.281167 0.956247 -0.080848
vn -0.281167 0.956247 -0.080848
vn -0.281167 0.956247 -0.080848
vn -0.281167 0.956247 -0.080848
vn -0.281167 0.956247 -0.080848
vn -0.853702 0.287688 -0.434083
vn -0.853702 0.287688 -0.434083
vn -0.853702 0.287688 -0.434083
vn -0.853702 0.287688 -0.434083
vn -0.853702 0.287688 -0.434083
vn -0.853702 0.287688 -0.434083
vn -0.887416 0.096191 -0.450821
vn -0.887416 0.096191 -0.450821
vn -0.887416 0.096191 -0.450821
vn -0.887416 0.096191 -0.450821
vn -0.887416 0.096191 -0.450821
vn -0.887416 0.096191 -0.450821
vn -0.088320 0.994997 -0.046701
vn -0.088320 0.994997 -0.046701
vn -0.088320 0.994997 -0.046701
vn -0.260440 0.956145 -0.134009
vn -0.260440 0.956145 -0.134009
vn -0.260440 0.956145 -0.134009
vn -0.260440 0.956145 -0.134009
vn -0.260440 0.956145 -0.134009
vn -0.260440 0.956145 -0.134009
vn -0.422297 0.880310 -0.216146
vn -0.422297 0.880310 -0.216146
vn -0.422297 0.880310 -0.216146
vn -0.422297 0.880310 -0.216146
vn -0.422297 0.880310 -0.216146
vn -0.422297 0.880310 -0.216146
vn -0.567602 0.770633 -0.289745
vn -0.567602 0.770633 -0.289745
vn -0.567602 0.770633 -0.289745
vn -0.567602 0.770633 -0.289745
vn -0.567602 0.770633 -0.289745
vn -0.567602 0.770633 -0.289745
vn -0.690896 0.631441 -0.352057
vn -0.690896 0.631441 -0.352057
vn -0.690896 0.631441 -0.352057
vn -0.690896 0.631441 -0.352057
vn -0.690896 0.631441 -0.352057
vn -0.690896 0.631441 -0.352057
vn -0.787419 0.468367 -0.400754
vn -0.787419 0.468367 -0.400754
vn -0.787419 0.468367 -0.400754
vn -0.787419 0.468367 -0.400754
vn -0.787419 0.468367 -0.400754
vn -0.787419 0.468367 -0.400754
vn -0.372405 0.880170 -0.294305
vn -0.372405 0.880170 -0.294305
vn -0.372405 0.880170 -0.294305
vn -0.372405 0.880170 -0.294305
vn -0.372405 0.880170 -0.294305
vn -0.372405 0.880170 -0.294305
vn -0.500573 0.770413 -0.394830
vn -0.500573 0.770413 -0.394830
vn -0.500573 0.770413 -0.394830
vn -0.500573 0.770413 -0.394830
vn -0.500573 0.770413 -0.394830
vn -0.500573 0.770413 -0.394830
vn -0.609169 0.631246 -0.480043
vn -0.609169 0.631246 -0.480043
vn -0.609169 0.631246 -0.480043
vn -0.609169 0.631246 -0.480043
vn -0.609169 0.631246 -0.480043
vn -0.609169 0.631246 -0.480043
vn -0.694288 0.468142 -0.546633
vn -0.694288 0.468142 -0.546633
vn -0.694288 0.468142 -0.546633
vn -0.694288 0.468142 -0.546633
vn -0.694288 0.468142 -0.546633
vn -0.694288 0.468142 -0.546633
vn -0.752787 0.287380 -0.592220
vn -0.752787 0.287380 -0.592220
vn -0.752787 0.287380 -0.592220
vn -0.752787 0.287380 -0.592220
vn -0.752787 0.287380 -0.592220
vn -0.752787 0.287380 -0.592220
vn -0.782486 0.095817 -0.615252
vn -0.782486 0.095817 -0.615252
vn -0.782486 0.095817 -0.615252
vn -0.782486 0.095817 -0.615252
vn -0.782486 0.095817 -0.615252
vn -0.782486 0.095817 -0.615252
vn -0.077934 0.994964 -0.063029
vn -0.077934 0.994964 -0.063029
vn -0.077934 0.994964 -0.063029
vn -0.229691 0.956052 -0.182224
vn -0.229691 0.956052 -0.182224
vn -0.229691 0.956052 -0.182224
vn -0.229691 0.956052 -0.182224
vn -0.229691 0.956052 -0.182224
vn -0.229691 0.956052 -0.182224
vn -0.622903 0.287114 -0.727707
vn -0.622903 0.287114 -0.727707
vn -0.622903 0.287114 -0.727707
vn -0.622903 0.287114 -0.727707
vn -0.622903 0.287114 -0.727707
vn -0.622903 0.287114 -0.727707
vn -0.647482 0.095629 -0.756057
vn -0.647482 0.095629 -0.756057
vn -0.647482 0.095629 -0.756057
vn -0.647482 0.095629 -0.756057
vn -0.647482 0.095629 -0.756057
vn -0.647482 0.095629 -0.756057
vn -0.064486 0.994948 -0.076946
vn -0.064486 0.994948 -0.076946
vn -0.064486 0.994948 -0.076946
vn -0.190132 0.955992 -0.223451
vn -0.190132 0.955992 -0.223451
vn -0.190132 0.955992 -0.223451
vn -0.190132 0.955992 -0.223451
vn -0.190132 0.955992 -0.223451
vn -0.190132 0.955992 -0.223451
vn -0.308215 0.880073 -0.361214
vn -0.308215 0.880073 -0.361214
vn -0.308215 0.880073 -0.361214
vn -0.308215 0.880073 -0.361214
vn -0.308215 0.880073 -0.361214
vn -0.308215 0.880073 -0.361214
vn -0.414181 0.770278 -0.484899
vn -0.414181 0.770278 -0.484899
vn -0.414181 0.770278 -0.484899
vn -0.414181 0.770278 -0.484899
vn -0.414181 0.770278 -0.484899
vn -0.414181 0.770278 -0.484899
vn -0.504137 0.631052 -0.589593
vn -0.504137 0.631052 -0.589593
vn -0.504137 0.631052 -0.589593
vn -0.504137 0.631052 -0.589593
vn -0.504137 0.631052 -0.589593
vn -0.504137 0.631052 -0.589593
vn -0.574552 0.467900 -0.671535
vn -0.574552 0.467900 -0.671535
vn -0.574552 0.467900 -0.671535
vn -0.574552 0.467900 -0.671535
vn -0.574552 0.467900 -0.671535
vn -0.574552 0.467900 -0.671535
vn -0.311983 0.770161 -0.556344
vn -0.311983 0.770161 -0.556344
vn -0.311983 0.770161 -0.556344
vn -0.311983 0.770161 -0.556344
vn -0.311983 0.770161 -0.556344
vn -0.311983 0.770161 -0.556344
vn -0.379669 0.630961 -0.676565
vn -0.379669 0.630961 -0.676565
vn -0.379669 0.630961 -0.676565
vn -0.379669 0.630961 -0.676565
vn -0.379669 0.630961 -0.676565
vn -0.379669 0.630961 -0.676565
vn -0.432720 0.467734 -0.770700
vn -0.432720 0.467734 -0.770700
vn -0.432720 0.467734 -0.770700
vn -0.432720 0.467734 -0.770700
vn -0.432720 0.467734 -0.770700
vn -0.432720 0.467734 -0.770700
vn -0.469073 0.287035 -0.835213
vn -0.469073 0.287035 -0.835213
vn -0.469073 0.287035 -0.835213
vn -0.469073 0.287035 -0.835213
vn -0.469073 0.287035 -0.835213
vn -0.469073 0.287035 -0.835213
vn -0.487557 0.095493 -0.867853
vn -0.487557 0.095493 -0.867853
vn -0.487557 0.095493 -0.867853
vn -0.487557 0.095493 -0.867853
vn -0.487557 0.095493 -0.867853
vn -0.487557 0.095493 -0.867853
vn -0.048678 0.994926 -0.088054
vn -0.048678 0.994926 -0.088054
vn -0.048678 0.994926 -0.088054
vn -0.143297 0.955927 -0.256262
vn -0.143297 0.955927 -0.256262
vn -0.143297 0.955927 -0.256262
vn -0.143297 0.955927 -0.256262
vn -0.143297 0.955927 -0.256262
vn -0.143297 0.955927 -0.256262
vn -0.232168 0.879997 -0.414371
vn -0.232168 0.879997 -0.414371
vn -0.232168 0.879997 -0.414371
vn -0.232168 0.879997 -0.414371
vn -0.232168 0.879997 -0.414371
vn -0.232168 0.879997 -0.414371
vn -0.308893 0.095365 -0.946304
vn -0.308893 0.095365 -0.946304
vn -0.308893 0.095365 -0.946304
vn -0.308893 0.095365 -0.946304
vn -0.308893 0.095365 -0.946304
vn -0.308893 0.095365 -0.946304
vn -0.030986 0.994921 -0.095769
vn -0.030986 0.994921 -0.095769
vn -0.030986 0.994921 -0.095769
vn -0.090892 0.955914 -0.279227
vn -0.090892 0.955914 -0.279227
vn -0.090892 0.955914 -0.279227
vn -0.090892 0.955914 -0.279227
vn -0.090892 0.955914 -0.279227
vn -0.090892 0.955914 -0.279227
vn -0.147305 0.879921 -0.451709
vn -0.147305 0.879921 -0.451709
vn -0.147305 0.879921 -0.451709
vn -0.147305 0.879921 -0.451709
vn -0.147305 0.879921 -0.451709
vn -0.147305 0.879921 -0.451709
vn -0.197839 0.770109 -0.606459
vn -0.197839 0.770109 -0.606459
vn -0.197839 0.770109 -0.606459
vn -0.197839 0.770109 -0.606459
vn -0.197839 0.770109 -0.606459
vn -0.197839 0.770109 -0.606459
vn -0.240647 0.630859 -0.737636
vn -0.240647 0.630859 -0.737636
vn -0.240647 0.630859 -0.737636
vn -0.240647 0.630859 -0.737636
vn -0.240647 0.630859 -0.737636
vn -0.240647 0.630859 -0.737636
vn -0.274243 0.467672 -0.840282
vn -0.274243 0.467672 -0.840282
vn -0.274243 0.467672 -0.840282
vn -0.274243 0.467672 -0.840282
vn -0.274243 0.467672 -0.840282
vn -0.274243 0.467672 -0.840282
vn -0.297277 0.286863 -0.910679
vn -0.297277 0.286863 -0.910679
vn -0.297277 0.286863 -0.910679
vn -0.297277 0.286863 -0.910679
vn -0.297277 0.286863 -0.910679
vn -0.297277 0.286863 -0.910679
vn -0.092392 0.630845 -0.770388
vn -0.092392 0.630845 -0.770388
vn -0.092392 0.630845 -0.770388
vn -0.092392 0.630845 -0.770388
vn -0.092392 0.630845 -0.770388
vn -0.092392 0.630845 -0.770388
vn -0.105236 0.467691 -0.877605
vn -0.105236 0.467691 -0.877605
vn -0.105236 0.467691 -0.877605
vn -0.105236 0.467691 -0.877605
vn -0.105236 0.467691 -0.877605
vn -0.105236 0.467691 -0.877605
vn -0.113967 0.286883 -0.951162
vn -0.113967 0.286883 -0.951162
vn -0.113967 0.286883 -0.951162
vn -0.113967 0.286883 -0.951162
vn -0.113967 0.286883 -0.951162
vn -0.113967 0.286883 -0.951162
vn -0.118437 0.095393 -0.988369
vn -0.118437 0.095393 -0.988369
vn -0.118437 0.095393 -0.988369
vn -0.118437 0.095393 -0.988369
vn -0.118437 0.095393 -0.988369
vn -0.118437 0.095393 -0.988369
vn -0.012174 0.994925 -0.099883
vn -0.012174 0.994925 -0.099883
vn -0.012174 0.994925 -0.099883
vn -0.035091 0.955899 -0.291592
vn -0.035091 0.955899 -0.291592
vn -0.035091 0.955899 -0.291592
vn -0.035091 0.955899 -0.291592
vn -0.035091 0.955899 -0.291592
vn -0.035091 0.955899 -0.291592
vn -0.056716 0.879945 -0.471678
vn -0.056716 0.879945 -0.471678
vn -0.056716 0.879945 -0.471678
vn -0.056716 0.879945 -0.471678
vn -0.056716 0.879945 -0.471678
vn -0.056716 0.879945 -0.471678
vn -0.076021 0.770130 -0.633341
vn -0.076021 0.770130 -0.633341
vn -0.076021 0.770130 -0.633341
vn -0.076021 0.770130 -0.633341
vn -0.076021 0.770130 -0.633341
vn -0.076021 0.770130 -0.633341
vn 0.580878 -0.700548 0.414505
vn 0.580878 -0.700548 0.414505
vn 0.580878 -0.700548 0.414505
vn 0.580878 -0.700548 0.414505
vn 0.580878 -0.700548 0.414505
vn 0.580878 -0.700548 0.414505
vn 0.395432 -0.788127 0.471689
vn 0.395432 -0.788127 0.471689
vn 0.395432 -0.788127 0.471689
vn 0.395432 -0.788127 0.471689
vn 0.395432 -0.788127 0.471689
vn 0.395432 -0.788127 0.471689
vn -0.992485 -0.094288 0.077995
vn -0.992485 -0.094288 0.077995
vn -0.992485 -0.094288 0.077995
vn -0.992485 -0.094288 0.077995
vn -0.992485 -0.094288 0.077995
vn -0.992485 -0.094288 0.077995
vn -0.992485 -0.094288 0.077995
vn -0.992485 -0.094288 0.077995
vn -0.992485 -0.094288 0.077995
vn -0.374613 -0.788394 0.487956
vn -0.374613 -0.788394 0.487956
vn -0.374613 -0.788394 0.487956
vn -0.374613 -0.788394 0.487956
vn -0.374613 -0.788394 0.487956
vn -0.374613 -0.788394 0.487956
vn -0.466590 -0.751068 0.467110
vn -0.466590 -0.751068 0.467110
vn -0.466590 -0.751068 0.467110
vn -0.466590 -0.751068 0.467110
vn -0.466590 -0.751068 0.467110
vn -0.466590 -0.751068 0.467110
vn -0.918667 0.345569 -0.191399
vn -0.918667 0.345569 -0.191399
vn -0.918667 0.345569 -0.191399
vn -0.918667 0.345569 -0.191399
vn -0.918667 0.345569 -0.191399
vn -0.918667 0.345569 -0.191399
vn -0.918667 0.345569 -0.191399
vn -0.918667 0.345569 -0.191399
vn -0.918667 0.345569 -0.191399
vn 0.495926 0.567580 0.657199
vn 0.495926 0.567580 0.657199
vn 0.495926 0.567580 0.657199
vn 0.495926 0.567580 0.657199
vn 0.495926 0.567580 0.657199
vn 0.495926 0.567580 0.657199
vn -0.166452 0.843719 -0.510325
vn -0.166452 0.843719 -0.510325
vn -0.166452 0.843719 -0.510325
vn -0.166452 0.843719 -0.510325
vn -0.166452 0.843719 -0.510325
vn -0.166452 0.843719 -0.510325
vn -0.277702 0.823079 -0.495402
vn -0.277702 0.823079 -0.495402
vn -0.277702 0.823079 -0.495402
vn -0.277702 0.823079 -0.495402
vn -0.277702 0.823079 -0.495402
vn -0.277702 0.823079 -0.495402
vn 0.238825 0.395898 0.886695
vn 0.238825 0.395898 0.886695
vn 0.238825 0.395898 0.886695
vn 0.238825 0.395898 0.886695
vn 0.238825 0.395898 0.886695
vn 0.238825 0.395898 0.886695
vn -0.401691 0.785834 -0.470222
vn -0.401691 0.785834 -0.470222
vn -0.401691 0.785834 -0.470222
vn -0.401691 0.785834 -0.470222
vn -0.401691 0.785834 -0.470222
vn -0.401691 0.785834 -0.470222
vn 0.380902 0.786179 -0.486658
vn 0.380902 0.786179 -0.486658
vn 0.380902 0.786179 -0.486658
vn 0.380902 0.786179 -0.486658
vn 0.380902 0.786179 -0.486658
vn 0.380902 0.786179 -0.486658
vn 0.256004 0.823249 -0.506678
vn 0.256004 0.823249 -0.506678
vn 0.256004 0.823249 -0.506678
vn 0.256004 0.823249 -0.506678
vn 0.256004 0.823249 -0.506678
vn 0.256004 0.823249 -0.506678
vn 0.144114 0.843817 -0.516918
vn 0.144114 0.843817 -0.516918
vn 0.144114 0.843817 -0.516918
vn 0.144114 0.843817 -0.516918
vn 0.144114 0.843817 -0.516918
vn 0.144114 0.843817 -0.516918
vn 0.486470 -0.750686 0.447010
vn 0.486470 -0.750686 0.447010
vn 0.486470 -0.750686 0.447010
vn 0.486470 -0.750686 0.447010
vn 0.486470 -0.750686 0.447010
vn 0.486470 -0.750686 0.447010
vn 0.679911 -0.074190 0.729532
vn 0.679911 -0.074190 0.729532
vn 0.679911 -0.074190 0.729532
vn 0.679911 -0.074190 0.729532
vn 0.679911 -0.074190 0.729532
vn 0.679911 -0.074190 0.729532
vn 0.540479 -0.186898 0.820336
vn 0.540479 -0.186898 0.820336
vn 0.540479 -0.186898 0.820336
vn 0.540479 -0.186898 0.820336
vn 0.540479 -0.186898 0.820336
vn 0.540479 -0.186898 0.820336
vn 0.383533 -0.268852 0.883528
vn 0.383533 -0.268852 0.883528
vn 0.383533 -0.268852 0.883528
vn 0.383533 -0.268852 0.883528
vn 0.383533 -0.268852 0.883528
vn 0.383533 -0.268852 0.883528
vn -0.343722 -0.257724 0.903014
vn -0.343722 -0.257724 0.903014
vn -0.343722 -0.257724 0.903014
vn -0.343722 -0.257724 0.903014
vn -0.343722 -0.257724 0.903014
vn -0.343722 -0.257724 0.903014
vn -0.503737 -0.175350 0.845873
vn -0.503737 -0.175350 0.845873
vn -0.503737 -0.175350 0.845873
vn -0.503737 -0.175350 0.845873
vn -0.503737 -0.175350 0.845873
vn -0.503737 -0.175350 0.845873
vn -0.646983 -0.062226 0.759961
vn -0.646983 -0.062226 0.759961
vn -0.646983 -0.062226 0.759961
vn -0.646983 -0.062226 0.759961
vn -0.646983 -0.062226 0.759961
vn -0.646983 -0.062226 0.759961
vn 0.909538 0.346283 -0.229845
vn 0.909538 0.346283 -0.229845
vn 0.909538 0.346283 -0.229845
vn 0.909538 0.346283 -0.229845
vn 0.909538 0.346283 -0.229845
vn 0.909538 0.346283 -0.229845
vn 0.909538 0.346283 -0.229845
vn 0.909538 0.346283 -0.229845
vn 0.909538 0.346283 -0.229845
vn 0.059988 -0.634172 -0.770862
vn 0.059988 -0.634172 -0.770862
vn 0.059988 -0.634172 -0.770862
vn 0.059988 -0.634172 -0.770862
vn 0.059988 -0.634172 -0.770862
vn 0.059988 -0.634172 -0.770862
vn 0.049379 -0.772852 -0.632663
vn 0.049379 -0.772852 -0.632663
vn 0.049379 -0.772852 -0.632663
vn 0.049379 -0.772852 -0.632663
vn 0.049379 -0.772852 -0.632663
vn 0.049379 -0.772852 -0.632663
vn 0.036891 -0.881970 -0.469859
vn 0.036891 -0.881970 -0.469859
vn 0.036891 -0.881970 -0.469859
vn 0.036891 -0.881970 -0.469859
vn 0.036891 -0.881970 -0.469859
vn 0.036891 -0.881970 -0.469859
vn 0.022890 -0.957167 -0.288630
vn 0.022890 -0.957167 -0.288630
vn 0.022890 -0.957167 -0.288630
vn 0.022890 -0.957167 -0.288630
vn 0.022890 -0.957167 -0.288630
vn 0.022890 -0.957167 -0.288630
vn 0.008020 -0.995344 -0.096049
vn 0.008020 -0.995344 -0.096049
vn 0.008020 -0.995344 -0.096049
vn 0.076783 -0.099601 -0.992061
vn 0.076783 -0.099601 -0.992061
vn 0.076783 -0.099601 -0.992061
vn 0.076783 -0.099601 -0.992061
vn 0.076783 -0.099601 -0.992061
vn 0.076783 -0.099601 -0.992061
vn 0.073943 -0.290974 -0.953869
vn 0.073943 -0.290974 -0.953869
vn 0.073943 -0.290974 -0.953869
vn 0.073943 -0.290974 -0.953869
vn 0.073943 -0.290974 -0.953869
vn 0.073943 -0.290974 -0.953869
vn 0.068225 -0.471464 -0.879243
vn 0.068225 -0.471464 -0.879243
vn 0.068225 -0.471464 -0.879243
vn 0.068225 -0.471464 -0.879243
vn 0.068225 -0.471464 -0.879243
vn 0.068225 -0.471464 -0.879243
vn 0.258733 -0.290816 -0.921132
vn 0.258733 -0.290816 -0.921132
vn 0.258733 -0.290816 -0.921132
vn 0.258733 -0.290816 -0.921132
vn 0.258733 -0.290816 -0.921132
vn 0.258733 -0.290816 -0.921132
vn 0.238651 -0.471355 -0.849041
vn 0.238651 -0.471355 -0.849041
vn 0.238651 -0.471355 -0.849041
vn 0.238651 -0.471355 -0.849041
vn 0.238651 -0.471355 -0.849041
vn 0.238651 -0.471355 -0.849041
vn 0.209474 -0.634076 -0.744358
vn 0.209474 -0.634076 -0.744358
vn 0.209474 -0.634076 -0.744358
vn 0.209474 -0.634076 -0.744358
vn 0.209474 -0.634076 -0.744358
vn 0.209474 -0.634076 -0.744358
vn 0.172200 -0.772740 -0.610917
vn 0.172200 -0.772740 -0.610917
vn 0.172200 -0.772740 -0.610917
vn 0.172200 -0.772740 -0.610917
vn 0.172200 -0.772740 -0.610917
vn 0.172200 -0.772740 -0.610917
vn 0.128187 -0.881898 -0.453678
vn 0.128187 -0.881898 -0.453678
vn 0.128187 -0.881898 -0.453678
vn 0.128187 -0.881898 -0.453678
vn 0.128187 -0.881898 -0.453678
vn 0.128187 -0.881898 -0.453678
vn 0.079236 -0.957111 -0.278675
vn 0.079236 -0.957111 -0.278675
vn 0.079236 -0.957111 -0.278675
vn 0.079236 -0.957111 -0.278675
vn 0.079236 -0.957111 -0.278675
vn 0.079236 -0.957111 -0.278675
vn 0.027064 -0.995329 -0.092666
vn 0.027064 -0.995329 -0.092666
vn 0.027064 -0.995329 -0.092666
vn 0.268855 -0.099511 -0.958026
vn 0.268855 -0.099511 -0.958026
vn 0.268855 -0.099511 -0.958026
vn 0.268855 -0.099511 -0.958026
vn 0.268855 -0.099511 -0.958026
vn 0.268855 -0.099511 -0.958026
vn 0.214614 -0.881787 -0.419990
vn 0.214614 -0.881787 -0.419990
vn 0.214614 -0.881787 -0.419990
vn 0.214614 -0.881787 -0.419990
vn 0.214614 -0.881787 -0.419990
vn 0.214614 -0.881787 -0.419990
vn 0.132424 -0.957062 -0.257868
vn 0.132424 -0.957062 -0.257868
vn 0.132424 -0.957062 -0.257868
vn 0.132424 -0.957062 -0.257868
vn 0.132424 -0.957062 -0.257868
vn 0.132424 -0.957062 -0.257868
vn 0.045043 -0.995304 -0.085686
vn 0.045043 -0.995304 -0.085686
vn 0.045043 -0.995304 -0.085686
vn 0.450637 -0.099239 -0.887174
vn 0.450637 -0.099239 -0.887174
vn 0.450637 -0.099239 -0.887174
vn 0.450637 -0.099239 -0.887174
vn 0.450637 -0.099239 -0.887174
vn 0.450637 -0.099239 -0.887174
vn 0.433577 -0.290664 -0.852951
vn 0.433577 -0.290664 -0.852951
vn 0.433577 -0.290664 -0.852951
vn 0.433577 -0.290664 -0.852951
vn 0.433577 -0.290664 -0.852951
vn 0.433577 -0.290664 -0.852951
vn 0.399946 -0.471125 -0.786183
vn 0.399946 -0.471125 -0.786183
vn 0.399946 -0.471125 -0.786183
vn 0.399946 -0.471125 -0.786183
vn 0.399946 -0.471125 -0.786183
vn 0.399946 -0.471125 -0.786183
vn 0.350981 -0.633878 -0.689211
vn 0.350981 -0.633878 -0.689211
vn 0.350981 -0.633878 -0.689211
vn 0.350981 -0.633878 -0.689211
vn 0.350981 -0.633878 -0.689211
vn 0.350981 -0.633878 -0.689211
vn 0.288422 -0.772573 -0.565636
vn 0.288422 -0.772573 -0.565636
vn 0.288422 -0.772573 -0.565636
vn 0.288422 -0.772573 -0.565636
vn 0.288422 -0.772573 -0.565636
vn 0.288422 -0.772573 -0.565636
vn 0.545820 -0.470844 -0.693099
vn 0.545820 -0.470844 -0.693099
vn 0.545820 -0.470844 -0.693099
vn 0.545820 -0.470844 -0.693099
vn 0.545820 -0.470844 -0.693099
vn 0.545820 -0.470844 -0.693099
vn 0.478955 -0.633613 -0.607566
vn 0.478955 -0.633613 -0.607566
vn 0.478955 -0.633613 -0.607566
vn 0.478955 -0.633613 -0.607566
vn 0.478955 -0.633613 -0.607566
vn 0.478955 -0.633613 -0.607566
vn 0.393519 -0.772441 -0.498475
vn 0.393519 -0.772441 -0.498475
vn 0.393519 -0.772441 -0.498475
vn 0.393519 -0.772441 -0.498475
vn 0.393519 -0.772441 -0.498475
vn 0.393519 -0.772441 -0.498475
vn 0.292824 -0.881628 -0.370117
vn 0.292824 -0.881628 -0.370117
vn 0.292824 -0.881628 -0.370117
vn 0.292824 -0.881628 -0.370117
vn 0.292824 -0.881628 -0.370117
vn 0.292824 -0.881628 -0.370117
vn 0.180676 -0.956941 -0.227199
vn 0.180676 -0.956941 -0.227199
vn 0.180676 -0.956941 -0.227199
vn 0.180676 -0.956941 -0.227199
vn 0.180676 -0.956941 -0.227199
vn 0.180676 -0.956941 -0.227199
vn 0.061301 -0.995278 -0.075254
vn 0.061301 -0.995278 -0.075254
vn 0.061301 -0.995278 -0.075254
vn 0.615093 -0.098928 -0.782224
vn 0.615093 -0.098928 -0.782224
vn 0.615093 -0.098928 -0.782224
vn 0.615093 -0.098928 -0.782224
vn 0.615093 -0.098928 -0.782224
vn 0.615093 -0.098928 -0.782224
vn 0.591770 -0.290343 -0.752004
vn 0.591770 -0.290343 -0.752004
vn 0.591770 -0.290343 -0.752004
vn 0.591770 -0.290343 -0.752004
vn 0.591770 -0.290343 -0.752004
vn 0.591770 -0.290343 -0.752004
vn 0.221859 -0.956851 -0.187655
vn 0.221859 -0.956851 -0.187655
vn 0.221859 -0.956851 -0.187655
vn 0.221859 -0.956851 -0.187655
vn 0.221859 -0.956851 -0.187655
vn 0.221859 -0.956851 -0.187655
vn 0.075252 -0.995243 -0.061882
vn 0.075252 -0.995243 -0.061882
vn 0.075252 -0.995243 -0.061882
vn 0.755893 -0.098581 -0.647231
vn 0.755893 -0.098581 -0.647231
vn 0.755893 -0.098581 -0.647231
vn 0.755893 -0.098581 -0.647231
vn 0.755893 -0.098581 -0.647231
vn 0.755893 -0.098581 -0.647231
vn 0.727248 -0.290005 -0.622099
vn 0.727248 -0.290005 -0.622099
vn 0.727248 -0.290005 -0.622099
vn 0.727248 -0.290005 -0.622099
vn 0.727248 -0.290005 -0.622099
vn 0.727248 -0.290005 -0.622099
vn 0.670764 -0.470516 -0.573316
vn 0.670764 -0.470516 -0.573316
vn 0.670764 -0.470516 -0.573316
vn 0.670764 -0.470516 -0.573316
vn 0.670764 -0.470516 -0.573316
vn 0.670764 -0.470516 -0.573316
vn 0.588549 -0.633385 -0.502427
vn 0.588549 -0.633385 -0.502427
vn 0.588549 -0.633385 -0.502427
vn 0.588549 -0.633385 -0.502427
vn 0.588549 -0.633385 -0.502427
vn 0.588549 -0.633385 -0.502427
vn 0.483612 -0.772157 -0.412180
vn 0.483612 -0.772157 -0.412180
vn 0.483612 -0.772157 -0.412180
vn 0.483612 -0.772157 -0.412180
vn 0.483612 -0.772157 -0.412180
vn 0.483612 -0.772157 -0.412180
vn 0.359780 -0.881472 -0.305884
vn 0.359780 -0.881472 -0.305884
vn 0.359780 -0.881472 -0.305884
vn 0.359780 -0.881472 -0.305884
vn 0.359780 -0.881472 -0.305884
vn 0.359780 -0.881472 -0.305884
vn 0.675521 -0.633087 -0.377984
vn 0.675521 -0.633087 -0.377984
vn 0.675521 -0.633087 -0.377984
vn 0.675521 -0.633087 -0.377984
vn 0.675521 -0.633087 -0.377984
vn 0.675521 -0.633087 -0.377984
vn 0.555025 -0.771899 -0.310032
vn 0.555025 -0.771899 -0.310032
vn 0.555025 -0.771899 -0.310032
vn 0.555025 -0.771899 -0.310032
vn 0.555025 -0.771899 -0.310032
vn 0.555025 -0.771899 -0.310032
vn 0.412903 -0.881295 -0.229850
vn 0.412903 -0.881295 -0.229850
vn 0.412903 -0.881295 -0.229850
vn 0.412903 -0.881295 -0.229850
vn 0.412903 -0.881295 -0.229850
vn 0.412903 -0.881295 -0.229850
vn 0.254616 -0.956742 -0.140770
vn 0.254616 -0.956742 -0.140770
vn 0.254616 -0.956742 -0.140770
vn 0.254616 -0.956742 -0.140770
vn 0.254616 -0.956742 -0.140770
vn 0.254616 -0.956742 -0.140770
vn 0.086346 -0.995199 -0.046076
vn 0.086346 -0.995199 -0.046076
vn 0.086346 -0.995199 -0.046076
vn 0.867685 -0.098206 -0.487318
vn 0.867685 -0.098206 -0.487318
vn 0.867685 -0.098206 -0.487318
vn 0.867685 -0.098206 -0.487318
vn 0.867685 -0.098206 -0.487318
vn 0.867685 -0.098206 -0.487318
vn 0.834772 -0.289626 -0.468265
vn 0.834772 -0.289626 -0.468265
vn 0.834772 -0.289626 -0.468265
vn 0.834772 -0.289626 -0.468265
vn 0.834772 -0.289626 -0.468265
vn 0.834772 -0.289626 -0.468265
vn 0.769898 -0.470195 -0.431478
vn 0.769898 -0.470195 -0.431478
vn 0.769898 -0.470195 -0.431478
vn 0.769898 -0.470195 -0.431478
vn 0.769898 -0.470195 -0.431478
vn 0.769898 -0.470195 -0.431478
vn 0.094109 -0.995155 -0.028458
vn 0.094109 -0.995155 -0.028458
vn 0.094109 -0.995155 -0.028458
vn 0.946145 -0.097818 -0.308611
vn 0.946145 -0.097818 -0.308611
vn 0.946145 -0.097818 -0.308611
vn 0.946145 -0.097818 -0.308611
vn 0.946145 -0.097818 -0.308611
vn 0.946145 -0.097818 -0.308611
vn 0.910201 -0.289212 -0.296463
vn 0.910201 -0.289212 -0.296463
vn 0.910201 -0.289212 -0.296463
vn 0.910201 -0.289212 -0.296463
vn 0.910201 -0.289212 -0.296463
vn 0.910201 -0.289212 -0.296463
vn 0.839502 -0.469810 -0.272975
vn 0.839502 -0.469810 -0.272975
vn 0.839502 -0.469810 -0.272975
vn 0.839502 -0.469810 -0.272975
vn 0.839502 -0.469810 -0.272975
vn 0.839502 -0.469810 -0.272975
vn 0.736577 -0.632723 -0.238989
vn 0.736577 -0.632723 -0.238989
vn 0.736577 -0.632723 -0.238989
vn 0.736577 -0.632723 -0.238989
vn 0.736577 -0.632723 -0.238989
vn 0.736577 -0.632723 -0.238989
vn 0.605146 -0.771666 -0.195780
vn 0.605146 -0.771666 -0.195780
vn 0.605146 -0.771666 -0.195780
vn 0.605146 -0.771666 -0.195780
vn 0.605146 -0.771666 -0.195780
vn 0.605146 -0.771666 -0.195780
vn 0.450203 -0.881085 -0.144935
vn 0.450203 -0.881085 -0.144935
vn 0.450203 -0.881085 -0.144935
vn 0.450203 -0.881085 -0.144935
vn 0.450203 -0.881085 -0.144935
vn 0.450203 -0.881085 -0.144935
vn 0.277633 -0.956605 -0.088467
vn 0.277633 -0.956605 -0.088467
vn 0.277633 -0.956605 -0.088467
vn 0.277633 -0.956605 -0.088467
vn 0.277633 -0.956605 -0.088467
vn 0.277633 -0.956605 -0.088467
vn 0.769325 -0.632378 -0.090759
vn 0.769325 -0.632378 -0.090759
vn 0.769325 -0.632378 -0.090759
vn 0.769325 -0.632378 -0.090759
vn 0.769325 -0.632378 -0.090759
vn 0.769325 -0.632378 -0.090759
vn 0.632084 -0.771355 -0.074032
vn 0.632084 -0.771355 -0.074032
vn 0.632084 -0.771355 -0.074032
vn 0.632084 -0.771355 -0.074032
vn 0.632084 -0.771355 -0.074032
vn 0.632084 -0.771355 -0.074032
vn 0.470272 -0.880846 -0.054356
vn 0.470272 -0.880846 -0.054356
vn 0.470272 -0.880846 -0.054356
vn 0.470272 -0.880846 -0.054356
vn 0.470272 -0.880846 -0.054356
vn 0.470272 -0.880846 -0.054356
vn 0.289920 -0.956495 -0.032615
vn 0.289920 -0.956495 -0.032615
vn 0.289920 -0.956495 -0.032615
vn 0.289920 -0.956495 -0.032615
vn 0.289920 -0.956495 -0.032615
vn 0.289920 -0.956495 -0.032615
vn 0.098278 -0.995113 -0.009585
vn 0.098278 -0.995113 -0.009585
vn 0.098278 -0.995113 -0.009585
vn 0.988218 -0.097300 -0.118143
vn 0.988218 -0.097300 -0.118143
vn 0.988218 -0.097300 -0.118143
vn 0.988218 -0.097300 -0.118143
vn 0.988218 -0.097300 -0.118143
vn 0.988218 -0.097300 -0.118143
vn 0.950662 -0.288815 -0.113262
vn 0.950662 -0.288815 -0.113262
vn 0.950662 -0.288815 -0.113262
vn 0.950662 -0.288815 -0.113262
vn 0.950662 -0.288815 -0.113262
vn 0.950662 -0.288815 -0.113262
vn 0.876842 -0.469402 -0.103971
vn 0.876842 -0.469402 -0.103971
vn 0.876842 -0.469402 -0.103971
vn 0.876842 -0.469402 -0.103971
vn 0.876842 -0.469402 -0.103971
vn 0.876842 -0.469402 -0.103971
vn 0.098627 -0.995076 0.009774
vn 0.098627 -0.995076 0.009774
vn 0.098627 -0.995076 0.009774
vn 0.992325 -0.096886 0.076842
vn 0.992325 -0.096886 0.076842
vn 0.992325 -0.096886 0.076842
vn 0.992325 -0.096886 0.076842
vn 0.992325 -0.096886 0.076842
vn 0.992325 -0.096886 0.076842
vn 0.954604 -0.288425 0.074441
vn 0.954604 -0.288425 0.074441
vn 0.954604 -0.288425 0.074441
vn 0.954604 -0.288425 0.074441
vn 0.954604 -0.288425 0.074441
vn 0.954604 -0.288425 0.074441
vn 0.880464 -0.469059 0.069041
vn 0.880464 -0.469059 0.069041
vn 0.880464 -0.469059 0.069041
vn 0.880464 -0.469059 0.069041
vn 0.880464 -0.469059 0.069041
vn 0.880464 -0.469059 0.069041
vn 0.772504 -0.632072 0.061010
vn 0.772504 -0.632072 0.061010
vn 0.772504 -0.632072 0.061010
vn 0.772504 -0.632072 0.061010
vn 0.772504 -0.632072 0.061010
vn 0.772504 -0.632072 0.061010
vn 0.634717 -0.771082 0.050668
vn 0.634717 -0.771082 0.050668
vn 0.634717 -0.771082 0.050668
vn 0.634717 -0.771082 0.050668
vn 0.634717 -0.771082 0.050668
vn 0.634717 -0.771082 0.050668
vn 0.472179 -0.880668 0.038349
vn 0.472179 -0.880668 0.038349
vn 0.472179 -0.880668 0.038349
vn 0.472179 -0.880668 0.038349
vn 0.472179 -0.880668 0.038349
vn 0.472179 -0.880668 0.038349
vn 0.291125 -0.956370 0.024562
vn 0.291125 -0.956370 0.024562
vn 0.291125 -0.956370 0.024562
vn 0.291125 -0.956370 0.024562
vn 0.291125 -0.956370 0.024562
vn 0.291125 -0.956370 0.024562
vn 0.612926 -0.770861 0.173481
vn 0.612926 -0.770861 0.173481
vn 0.612926 -0.770861 0.173481
vn 0.612926 -0.770861 0.173481
vn 0.612926 -0.770861 0.173481
vn 0.612926 -0.770861 0.173481
vn 0.456013 -0.880467 0.129730
vn 0.456013 -0.880467 0.129730
vn 0.456013 -0.880467 0.129730
vn 0.456013 -0.880467 0.129730
vn 0.456013 -0.880467 0.129730
vn 0.456013 -0.880467 0.129730
vn 0.281167 -0.956247 0.080848
vn 0.281167 -0.956247 0.080848
vn 0.281167 -0.956247 0.080848
vn 0.281167 -0.956247 0.080848
vn 0.281167 -0.956247 0.080848
vn 0.281167 -0.956247 0.080848
vn 0.095327 -0.995032 0.028696
vn 0.095327 -0.995032 0.028696
vn 0.095327 -0.995032 0.028696
vn 0.958286 -0.096493 0.269031
vn 0.958286 -0.096493 0.269031
vn 0.958286 -0.096493 0.269031
vn 0.958286 -0.096493 0.269031
vn 0.958286 -0.096493 0.269031
vn 0.958286 -0.096493 0.269031
vn 0.921867 -0.288045 0.259212
vn 0.921867 -0.288045 0.259212
vn 0.921867 -0.288045 0.259212
vn 0.921867 -0.288045 0.259212
vn 0.921867 -0.288045 0.259212
vn 0.921867 -0.288045 0.259212
vn 0.850303 -0.468661 0.239464
vn 0.850303 -0.468661 0.239464
vn 0.850303 -0.468661 0.239464
vn 0.850303 -0.468661 0.239464
vn 0.850303 -0.468661 0.239464
vn 0.850303 -0.468661 0.239464
vn 0.746015 -0.631757 0.210582
vn 0.746015 -0.631757 0.210582
vn 0.746015 -0.631757 0.210582
vn 0.746015 -0.631757 0.210582
vn 0.746015 -0.631757 0.210582
vn 0.746015 -0.631757 0.210582
vn 0.887416 -0.096191 0.450821
vn 0.887416 -0.096191 0.450821
vn 0.887416 -0.096191 0.450821
vn 0.887416 -0.096191 0.450821
vn 0.887416 -0.096191 0.450821
vn 0.887416 -0.096191 0.450821
vn 0.853702 -0.287688 0.434083
vn 0.853702 -0.287688 0.434083
vn 0.853702 -0.287688 0.434083
vn 0.853702 -0.287688 0.434083
vn 0.853702 -0.287688 0.434083
vn 0.853702 -0.287688 0.434083
vn 0.787419 -0.468367 0.400754
vn 0.787419 -0.468367 0.400754
vn 0.787419 -0.468367 0.400754
vn 0.787419 -0.468367 0.400754
vn 0.787419 -0.468367 0.400754
vn 0.787419 -0.468367 0.400754
vn 0.690896 -0.631441 0.352057
vn 0.690896 -0.631441 0.352057
vn 0.690896 -0.631441 0.352057
vn 0.690896 -0.631441 0.352057
vn 0.690896 -0.631441 0.352057
vn 0.690896 -0.631441 0.352057
vn 0.567602 -0.770633 0.289745
vn 0.567602 -0.770633 0.289745
vn 0.567602 -0.770633 0.289745
vn 0.567602 -0.770633 0.289745
vn 0.567602 -0.770633 0.289745
vn 0.567602 -0.770633 0.289745
vn 0.422297 -0.880310 0.216146
vn 0.422297 -0.880310 0.216146
vn 0.422297 -0.880310 0.216146
vn 0.422297 -0.880310 0.216146
vn 0.422297 -0.880310 0.216146
vn 0.422297 -0.880310 0.216146
vn 0.260440 -0.956145 0.134009
vn 0.260440 -0.956145 0.134009
vn 0.260440 -0.956145 0.134009
vn 0.260440 -0.956145 0.134009
vn 0.260440 -0.956145 0.134009
vn 0.260440 -0.956145 0.134009
vn 0.088320 -0.994997 0.046701
vn 0.088320 -0.994997 0.046701
vn 0.088320 -0.994997 0.046701
vn 0.500573 -0.770413 0.394830
vn 0.500573 -0.770413 0.394830
vn 0.500573 -0.770413 0.394830
vn 0.500573 -0.770413 0.394830
vn 0.500573 -0.770413 0.394830
vn 0.500573 -0.770413 0.394830
vn 0.372405 -0.880170 0.294305
vn 0.372405 -0.880170 0.294305
vn 0.372405 -0.880170 0.294305
vn 0.372405 -0.880170 0.294305
vn 0.372405 -0.880170 0.294305
vn 0.372405 -0.880170 0.294305
vn 0.229691 -0.956052 0.182224
vn 0.229691 -0.956052 0.182224
vn 0.229691 -0.956052 0.182224
vn 0.229691 -0.956052 0.182224
vn 0.229691 -0.956052 0.182224
vn 0.229691 -0.956052 0.182224
vn 0.077934 -0.994964 0.063029
vn 0.077934 -0.994964 0.063029
vn 0.077934 -0.994964 0.063029
vn 0.782486 -0.095817 0.615252
vn 0.782486 -0.095817 0.615252
vn 0.782486 -0.095817 0.615252
vn 0.782486 -0.095817 0.615252
vn 0.782486 -0.095817 0.615252
vn 0.782486 -0.095817 0.615252
vn 0.752787 -0.287380 0.592220
vn 0.752787 -0.287380 0.592220
vn 0.752787 -0.287380 0.592220
vn 0.752787 -0.287380 0.592220
vn 0.752787 -0.287380 0.592220
vn 0.752787 -0.287380 0.592220
vn 0.694288 -0.468142 0.546633
vn 0.694288 -0.468142 0.546633
vn 0.694288 -0.468142 0.546633
vn 0.694288 -0.468142 0.546633
vn 0.694288 -0.468142 0.546633
vn 0.694288 -0.468142 0.546633
vn 0.609169 -0.631246 0.480043
vn 0.609169 -0.631246 0.480043
vn 0.609169 -0.631246 0.480043
vn 0.609169 -0.631246 0.480043
vn 0.609169 -0.631246 0.480043
vn 0.609169 -0.631246 0.480043
vn 0.622925 -0.287157 0.727671
vn 0.622925 -0.287157 0.727671
vn 0.622925 -0.287157 0.727671
vn 0.622925 -0.287157 0.727671
vn 0.622925 -0.287157 0.727671
vn 0.622925 -0.287157 0.727671
vn 0.574552 -0.467900 0.671535
vn 0.574552 -0.467900 0.671535
vn 0.574552 -0.467900 0.671535
vn 0.574552 -0.467900 0.671535
vn 0.574552 -0.467900 0.671535
vn 0.574552 -0.467900 0.671535
vn 0.504137 -0.631052 0.589593
vn 0.504137 -0.631052 0.589593
vn 0.504137 -0.631052 0.589593
vn 0.504137 -0.631052 0.589593
vn 0.504137 -0.631052 0.589593
vn 0.504137 -0.631052 0.589593
vn 0.414181 -0.770278 0.484899
vn 0.414181 -0.770278 0.484899
vn 0.414181 -0.770278 0.484899
vn 0.414181 -0.770278 0.484899
vn 0.414181 -0.770278 0.484899
vn 0.414181 -0.770278 0.484899
vn 0.308215 -0.880073 0.361214
vn 0.308215 -0.880073 0.361214
vn 0.308215 -0.880073 0.361214
vn 0.308215 -0.880073 0.361214
vn 0.308215 -0.880073 0.361214
vn 0.308215 -0.880073 0.361214
vn 0.615833 0.254320 0.745702
vn 0.615833 0.254320 0.745702
vn 0.615833 0.254320 0.745702
vn 0.615833 0.254320 0.745702
vn 0.615833 0.254320 0.745702
vn 0.615833 0.254320 0.745702
vn 0.190132 -0.955992 0.223451
vn 0.190132 -0.955992 0.223451
vn 0.190132 -0.955992 0.223451
vn 0.190132 -0.955992 0.223451
vn 0.190132 -0.955992 0.223451
vn 0.190132 -0.955992 0.223451
vn 0.064486 -0.994948 0.076946
vn 0.064486 -0.994948 0.076946
vn 0.064486 -0.994948 0.076946
vn 0.647482 -0.095629 0.756057
vn 0.647482 -0.095629 0.756057
vn 0.647482 -0.095629 0.756057
vn 0.647482 -0.095629 0.756057
vn 0.647482 -0.095629 0.756057
vn 0.647482 -0.095629 0.756057
vn 0.232168 -0.879997 0.414371
vn 0.232168 -0.879997 0.414371
vn 0.232168 -0.879997 0.414371
vn 0.232168 -0.879997 0.414371
vn 0.232168 -0.879997 0.414371
vn 0.232168 -0.879997 0.414371
vn 0.143297 -0.955927 0.256262
vn 0.143297 -0.955927 0.256262
vn 0.143297 -0.955927 0.256262
vn 0.143297 -0.955927 0.256262
vn 0.143297 -0.955927 0.256262
vn 0.143297 -0.955927 0.256262
vn 0.048678 -0.994926 0.088054
vn 0.048678 -0.994926 0.088054
vn 0.048678 -0.994926 0.088054
vn 0.487557 -0.095493 0.867853
vn 0.487557 -0.095493 0.867853
vn 0.487557 -0.095493 0.867853
vn 0.487557 -0.095493 0.867853
vn 0.487557 -0.095493 0.867853
vn 0.487557 -0.095493 0.867853
vn 0.469073 -0.287035 0.835213
vn 0.469073 -0.287035 0.835213
vn 0.469073 -0.287035 0.835213
vn 0.469073 -0.287035 0.835213
vn 0.469073 -0.287035 0.835213
vn 0.469073 -0.287035 0.835213
vn 0.432720 -0.467734 0.770700
vn 0.432720 -0.467734 0.770700
vn 0.432720 -0.467734 0.770700
vn 0.432720 -0.467734 0.770700
vn 0.432720 -0.467734 0.770700
vn 0.432720 -0.467734 0.770700
vn 0.379669 -0.630961 0.676565
vn 0.379669 -0.630961 0.676565
vn 0.379669 -0.630961 0.676565
vn 0.379669 -0.630961 0.676565
vn 0.379669 -0.630961 0.676565
vn 0.379669 -0.630961 0.676565
vn 0.311983 -0.770161 0.556344
vn 0.311983 -0.770161 0.556344
vn 0.311983 -0.770161 0.556344
vn 0.311983 -0.770161 0.556344
vn 0.311983 -0.770161 0.556344
vn 0.311983 -0.770161 0.556344
vn 0.274243 -0.467672 0.840282
vn 0.274243 -0.467672 0.840282
vn 0.274243 -0.467672 0.840282
vn 0.274243 -0.467672 0.840282
vn 0.274243 -0.467672 0.840282
vn 0.274243 -0.467672 0.840282
vn 0.240647 -0.630859 0.737636
vn 0.240647 -0.630859 0.737636
vn 0.240647 -0.630859 0.737636
vn 0.240647 -0.630859 0.737636
vn 0.240647 -0.630859 0.737636
vn 0.240647 -0.630859 0.737636
vn 0.197839 -0.770109 0.606459
vn 0.197839 -0.770109 0.606459
vn 0.197839 -0.770109 0.606459
vn 0.197839 -0.770109 0.606459
vn 0.197839 -0.770109 0.606459
vn 0.197839 -0.770109 0.606459
vn 0.147305 -0.879921 0.451709
vn 0.147305 -0.879921 0.451709
vn 0.147305 -0.879921 0.451709
vn 0.147305 -0.879921 0.451709
vn 0.147305 -0.879921 0.451709
vn 0.147305 -0.879921 0.451709
vn 0.248254 0.361620 0.898666
vn 0.248254 0.361620 0.898666
vn 0.248254 0.361620 0.898666
vn 0.248254 0.361620 0.898666
vn 0.248254 0.361620 0.898666
vn 0.248254 0.361620 0.898666
vn 0.090892 -0.955914 0.279227
vn 0.090892 -0.955914 0.279227
vn 0.090892 -0.955914 0.279227
vn 0.090892 -0.955914 0.279227
vn 0.090892 -0.955914 0.279227
vn 0.090892 -0.955914 0.279227
vn 0.030986 -0.994921 0.095769
vn 0.030986 -0.994921 0.095769
vn 0.030986 -0.994921 0.095769
vn 0.308893 -0.095365 0.946304
vn 0.308893 -0.095365 0.946304
vn 0.308893 -0.095365 0.946304
vn 0.308893 -0.095365 0.946304
vn 0.308893 -0.095365 0.946304
vn 0.308893 -0.095365 0.946304
vn 0.297277 -0.286863 0.910679
vn 0.297277 -0.286863 0.910679
vn 0.297277 -0.286863 0.910679
vn 0.297277 -0.286863 0.910679
vn 0.297277 -0.286863 0.910679
vn 0.297277 -0.286863 0.910679
vn 0.035091 -0.955899 0.291592
vn 0.035091 -0.955899 0.291592
vn 0.035091 -0.955899 0.291592
vn 0.035091 -0.955899 0.291592
vn 0.035091 -0.955899 0.291592
vn 0.035091 -0.955899 0.291592
vn 0.012174 -0.994925 0.099883
vn 0.012174 -0.994925 0.099883
vn 0.012174 -0.994925 0.099883
vn 0.118437 -0.095393 0.988369
vn 0.118437 -0.095393 0.988369
vn 0.118437 -0.095393 0.988369
vn 0.118437 -0.095393 0.988369
vn 0.118437 -0.095393 0.988369
vn 0.118437 -0.095393 0.988369
vn 0.113967 -0.286883 0.951162
vn 0.113967 -0.286883 0.951162
vn 0.113967 -0.286883 0.951162
vn 0.113967 -0.286883 0.951162
vn 0.113967 -0.286883 0.951162
vn 0.113967 -0.286883 0.951162
vn 0.105236 -0.467691 0.877605
vn 0.105236 -0.467691 0.877605
vn 0.105236 -0.467691 0.877605
vn 0.105236 -0.467691 0.877605
vn 0.105236 -0.467691 0.877605
vn 0.105236 -0.467691 0.877605
vn 0.092392 -0.630845 0.770388
vn 0.092392 -0.630845 0.770388
vn 0.092392 -0.630845 0.770388
vn 0.092392 -0.630845 0.770388
vn 0.092392 -0.630845 0.770388
vn 0.092392 -0.630845 0.770388
vn 0.076021 -0.770130 0.633341
vn 0.076021 -0.770130 0.633341
vn 0.076021 -0.770130 0.633341
vn 0.076021 -0.770130 0.633341
vn 0.076021 -0.770130 0.633341
vn 0.076021 -0.770130 0.633341
vn 0.056716 -0.879945 0.471678
vn 0.056716 -0.879945 0.471678
vn 0.056716 -0.879945 0.471678
vn 0.056716 -0.879945 0.471678
vn 0.056716 -0.879945 0.471678
vn 0.056716 -0.879945 0.471678
vn -0.067860 -0.467819 0.881216
vn -0.067860 -0.467819 0.881216
vn -0.067860 -0.467819 0.881216
vn -0.067860 -0.467819 0.881216
vn -0.067860 -0.467819 0.881216
vn -0.067860 -0.467819 0.881216
vn -0.059395 -0.630928 0.773565
vn -0.059395 -0.630928 0.773565
vn -0.059395 -0.630928 0.773565
vn -0.059395 -0.630928 0.773565
vn -0.059395 -0.630928 0.773565
vn -0.059395 -0.630928 0.773565
vn -0.048673 -0.770196 0.635947
vn -0.048673 -0.770196 0.635947
vn -0.048673 -0.770196 0.635947
vn -0.048673 -0.770196 0.635947
vn -0.048673 -0.770196 0.635947
vn -0.048673 -0.770196 0.635947
vn -0.036016 -0.879967 0.473667
vn -0.036016 -0.879967 0.473667
vn -0.036016 -0.879967 0.473667
vn -0.036016 -0.879967 0.473667
vn -0.036016 -0.879967 0.473667
vn -0.036016 -0.879967 0.473667
vn -0.021996 -0.955938 0.292742
vn -0.021996 -0.955938 0.292742
vn -0.021996 -0.955938 0.292742
vn -0.021996 -0.955938 0.292742
vn -0.021996 -0.955938 0.292742
vn -0.021996 -0.955938 0.292742
vn -0.007153 -0.994930 0.100314
vn -0.007153 -0.994930 0.100314
vn -0.007153 -0.994930 0.100314
vn -0.076650 -0.095472 0.992477
vn -0.076650 -0.095472 0.992477
vn -0.076650 -0.095472 0.992477
vn -0.076650 -0.095472 0.992477
vn -0.076650 -0.095472 0.992477
vn -0.076650 -0.095472 0.992477
vn -0.073678 -0.287008 0.955091
vn -0.073678 -0.287008 0.955091
vn -0.073678 -0.287008 0.955091
vn -0.073678 -0.287008 0.955091
vn -0.073678 -0.287008 0.955091
vn -0.073678 -0.287008 0.955091
vn -0.078343 -0.955967 0.282823
vn -0.078343 -0.955967 0.282823
vn -0.078343 -0.955967 0.282823
vn -0.078343 -0.955967 0.282823
vn -0.078343 -0.955967 0.282823
vn -0.078343 -0.955967 0.282823
vn -0.026100 -0.994950 0.096924
vn -0.026100 -0.994950 0.096924
vn -0.026100 -0.994950 0.096924
vn -0.268763 -0.095581 0.958452
vn -0.268763 -0.095581 0.958452
vn -0.268763 -0.095581 0.958452
vn -0.268763 -0.095581 0.958452
vn -0.268763 -0.095581 0.958452
vn -0.268763 -0.095581 0.958452
vn -0.258477 -0.287112 0.922365
vn -0.258477 -0.287112 0.922365
vn -0.258477 -0.287112 0.922365
vn -0.258477 -0.287112 0.922365
vn -0.258477 -0.287112 0.922365
vn -0.258477 -0.287112 0.922365
vn -0.238290 -0.467929 0.851035
vn -0.238290 -0.467929 0.851035
vn -0.238290 -0.467929 0.851035
vn -0.238290 -0.467929 0.851035
vn -0.238290 -0.467929 0.851035
vn -0.238290 -0.467929 0.851035
vn -0.208922 -0.631074 0.747059
vn -0.208922 -0.631074 0.747059
vn -0.208922 -0.631074 0.747059
vn -0.208922 -0.631074 0.747059
vn -0.208922 -0.631074 0.747059
vn -0.208922 -0.631074 0.747059
vn -0.171499 -0.770278 0.614214
vn -0.171499 -0.770278 0.614214
vn -0.171499 -0.770278 0.614214
vn -0.171499 -0.770278 0.614214
vn -0.171499 -0.770278 0.614214
vn -0.171499 -0.770278 0.614214
vn -0.127404 -0.880034 0.457501
vn -0.127404 -0.880034 0.457501
vn -0.127404 -0.880034 0.457501
vn -0.127404 -0.880034 0.457501
vn -0.127404 -0.880034 0.457501
vn -0.127404 -0.880034 0.457501
vn -0.210499 0.361432 0.908327
vn -0.210499 0.361432 0.908327
vn -0.210499 0.361432 0.908327
vn -0.210499 0.361432 0.908327
vn -0.210499 0.361432 0.908327
vn -0.210499 0.361432 0.908327
vn -0.350390 -0.631227 0.691938
vn -0.350390 -0.631227 0.691938
vn -0.350390 -0.631227 0.691938
vn -0.350390 -0.631227 0.691938
vn -0.350390 -0.631227 0.691938
vn -0.350390 -0.631227 0.691938
vn -0.287719 -0.770417 0.568925
vn -0.287719 -0.770417 0.568925
vn -0.287719 -0.770417 0.568925
vn -0.287719 -0.770417 0.568925
vn -0.287719 -0.770417 0.568925
vn -0.287719 -0.770417 0.568925
vn -0.213841 -0.880132 0.423840
vn -0.213841 -0.880132 0.423840
vn -0.213841 -0.880132 0.423840
vn -0.213841 -0.880132 0.423840
vn -0.213841 -0.880132 0.423840
vn -0.213841 -0.880132 0.423840
vn -0.131535 -0.956061 0.262003
vn -0.131535 -0.956061 0.262003
vn -0.131535 -0.956061 0.262003
vn -0.131535 -0.956061 0.262003
vn -0.131535 -0.956061 0.262003
vn -0.131535 -0.956061 0.262003
vn -0.044079 -0.994971 0.089945
vn -0.044079 -0.994971 0.089945
vn -0.044079 -0.994971 0.089945
vn -0.450548 -0.095857 0.887591
vn -0.450548 -0.095857 0.887591
vn -0.450548 -0.095857 0.887591
vn -0.450548 -0.095857 0.887591
vn -0.450548 -0.095857 0.887591
vn -0.450548 -0.095857 0.887591
vn -0.433325 -0.287339 0.854205
vn -0.433325 -0.287339 0.854205
vn -0.433325 -0.287339 0.854205
vn -0.433325 -0.287339 0.854205
vn -0.433325 -0.287339 0.854205
vn -0.433325 -0.287339 0.854205
vn -0.399505 -0.468154 0.788180
vn -0.399505 -0.468154 0.788180
vn -0.399505 -0.468154 0.788180
vn -0.399505 -0.468154 0.788180
vn -0.399505 -0.468154 0.788180
vn -0.399505 -0.468154 0.788180
vn -0.060404 -0.994994 0.079609
vn -0.060404 -0.994994 0.079609
vn -0.060404 -0.994994 0.079609
vn -0.615053 -0.096165 0.782600
vn -0.615053 -0.096165 0.782600
vn -0.615053 -0.096165 0.782600
vn -0.615053 -0.096165 0.782600
vn -0.615053 -0.096165 0.782600
vn -0.615053 -0.096165 0.782600
vn -0.591511 -0.287656 0.753239
vn -0.591511 -0.287656 0.753239
vn -0.591511 -0.287656 0.753239
vn -0.591511 -0.287656 0.753239
vn -0.591511 -0.287656 0.753239
vn -0.591511 -0.287656 0.753239
vn -0.545383 -0.468411 0.695089
vn -0.545383 -0.468411 0.695089
vn -0.545383 -0.468411 0.695089
vn -0.545383 -0.468411 0.695089
vn -0.545383 -0.468411 0.695089
vn -0.545383 -0.468411 0.695089
vn -0.478370 -0.631421 0.610303
vn -0.478370 -0.631421 0.610303
vn -0.478370 -0.631421 0.610303
vn -0.478370 -0.631421 0.610303
vn -0.478370 -0.631421 0.610303
vn -0.478370 -0.631421 0.610303
vn -0.392795 -0.770598 0.501888
vn -0.392795 -0.770598 0.501888
vn -0.392795 -0.770598 0.501888
vn -0.392795 -0.770598 0.501888
vn -0.392795 -0.770598 0.501888
vn -0.392795 -0.770598 0.501888
vn -0.291979 -0.880338 0.373836
vn -0.291979 -0.880338 0.373836
vn -0.291979 -0.880338 0.373836
vn -0.291979 -0.880338 0.373836
vn -0.291979 -0.880338 0.373836
vn -0.291979 -0.880338 0.373836
vn -0.584140 0.253852 0.770934
vn -0.584140 0.253852 0.770934
vn -0.584140 0.253852 0.770934
vn -0.584140 0.253852 0.770934
vn -0.584140 0.253852 0.770934
vn -0.584140 0.253852 0.770934
vn -0.179780 -0.956122 0.231321
vn -0.179780 -0.956122 0.231321
vn -0.179780 -0.956122 0.231321
vn -0.179780 -0.956122 0.231321
vn -0.179780 -0.956122 0.231321
vn -0.179780 -0.956122 0.231321
vn -0.587934 -0.631785 0.505155
vn -0.587934 -0.631785 0.505155
vn -0.587934 -0.631785 0.505155
vn -0.587934 -0.631785 0.505155
vn -0.587934 -0.631785 0.505155
vn -0.587934 -0.631785 0.505155
vn -0.482832 -0.770876 0.415480
vn -0.482832 -0.770876 0.415480
vn -0.482832 -0.770876 0.415480
vn -0.482832 -0.770876 0.415480
vn -0.482832 -0.770876 0.415480
vn -0.482832 -0.770876 0.415480
vn -0.358991 -0.880456 0.309713
vn -0.358991 -0.880456 0.309713
vn -0.358991 -0.880456 0.309713
vn -0.358991 -0.880456 0.309713
vn -0.358991 -0.880456 0.309713
vn -0.358991 -0.880456 0.309713
vn -0.220992 -0.956253 0.191686
vn -0.220992 -0.956253 0.191686
vn -0.220992 -0.956253 0.191686
vn -0.220992 -0.956253 0.191686
vn -0.220992 -0.956253 0.191686
vn -0.220992 -0.956253 0.191686
vn -0.074358 -0.995029 0.066241
vn -0.074358 -0.995029 0.066241
vn -0.074358 -0.995029 0.066241
vn -0.755808 -0.096516 0.647641
vn -0.755808 -0.096516 0.647641
vn -0.755808 -0.096516 0.647641
vn -0.755808 -0.096516 0.647641
vn -0.755808 -0.096516 0.647641
vn -0.755808 -0.096516 0.647641
vn -0.726936 -0.287982 0.623403
vn -0.726936 -0.287982 0.623403
vn -0.726936 -0.287982 0.623403
vn -0.726936 -0.287982 0.623403
vn -0.726936 -0.287982 0.623403
vn -0.726936 -0.287982 0.623403
vn -0.670263 -0.468734 0.575358
vn -0.670263 -0.468734 0.575358
vn -0.670263 -0.468734 0.575358
vn -0.670263 -0.468734 0.575358
vn -0.670263 -0.468734 0.575358
vn -0.670263 -0.468734 0.575358
vn -0.085382 -0.995076 0.050335
vn -0.085382 -0.995076 0.050335
vn -0.085382 -0.995076 0.050335
vn -0.867616 -0.096885 0.487704
vn -0.867616 -0.096885 0.487704
vn -0.867616 -0.096885 0.487704
vn -0.867616 -0.096885 0.487704
vn -0.867616 -0.096885 0.487704
vn -0.867616 -0.096885 0.487704
vn -0.834474 -0.288351 0.469582
vn -0.834474 -0.288351 0.469582
vn -0.834474 -0.288351 0.469582
vn -0.834474 -0.288351 0.469582
vn -0.834474 -0.288351 0.469582
vn -0.834474 -0.288351 0.469582
vn -0.769477 -0.469061 0.433459
vn -0.769477 -0.469061 0.433459
vn -0.769477 -0.469061 0.433459
vn -0.769477 -0.469061 0.433459
vn -0.769477 -0.469061 0.433459
vn -0.769477 -0.469061 0.433459
vn -0.674938 -0.632058 0.380738
vn -0.674938 -0.632058 0.380738
vn -0.674938 -0.632058 0.380738
vn -0.674938 -0.632058 0.380738
vn -0.674938 -0.632058 0.380738
vn -0.674938 -0.632058 0.380738
vn -0.554318 -0.771079 0.313319
vn -0.554318 -0.771079 0.313319
vn -0.554318 -0.771079 0.313319
vn -0.554318 -0.771079 0.313319
vn -0.554318 -0.771079 0.313319
vn -0.554318 -0.771079 0.313319
vn -0.412106 -0.880661 0.233678
vn -0.412106 -0.880661 0.233678
vn -0.412106 -0.880661 0.233678
vn -0.412106 -0.880661 0.233678
vn -0.412106 -0.880661 0.233678
vn -0.412106 -0.880661 0.233678
vn -0.253706 -0.956369 0.144887
vn -0.253706 -0.956369 0.144887
vn -0.253706 -0.956369 0.144887
vn -0.253706 -0.956369 0.144887
vn -0.253706 -0.956369 0.144887
vn -0.253706 -0.956369 0.144887
vn -0.604432 -0.771379 0.199088
vn -0.604432 -0.771379 0.199088
vn -0.604432 -0.771379 0.199088
vn -0.604432 -0.771379 0.199088
vn -0.604432 -0.771379 0.199088
vn -0.604432 -0.771379 0.199088
vn -0.449403 -0.880855 0.148766
vn -0.449403 -0.880855 0.148766
vn -0.449403 -0.880855 0.148766
vn -0.449403 -0.880855 0.148766
vn -0.449403 -0.880855 0.148766
vn -0.449403 -0.880855 0.148766
vn -0.276740 -0.956473 0.092593
vn -0.276740 -0.956473 0.092593
vn -0.276740 -0.956473 0.092593
vn -0.276740 -0.956473 0.092593
vn -0.276740 -0.956473 0.092593
vn -0.276740 -0.956473 0.092593
vn -0.093146 -0.995115 0.032717
vn -0.093146 -0.995115 0.032717
vn -0.093146 -0.995115 0.032717
vn -0.946027 -0.097349 0.309120
vn -0.946027 -0.097349 0.309120
vn -0.946027 -0.097349 0.309120
vn -0.946027 -0.097349 0.309120
vn -0.946027 -0.097349 0.309120
vn -0.946027 -0.097349 0.309120
vn -0.909927 -0.288818 0.297687
vn -0.909927 -0.288818 0.297687
vn -0.909927 -0.288818 0.297687
vn -0.909927 -0.288818 0.297687
vn -0.909927 -0.288818 0.297687
vn -0.909927 -0.288818 0.297687
vn -0.839025 -0.469461 0.275032
vn -0.839025 -0.469461 0.275032
vn -0.839025 -0.469461 0.275032
vn -0.839025 -0.469461 0.275032
vn -0.839025 -0.469461 0.275032
vn -0.839025 -0.469461 0.275032
vn -0.735957 -0.632404 0.241728
vn -0.735957 -0.632404 0.241728
vn -0.735957 -0.632404 0.241728
vn -0.735957 -0.632404 0.241728
vn -0.735957 -0.632404 0.241728
vn -0.735957 -0.632404 0.241728
vn -0.950400 -0.289191 0.114488
vn -0.950400 -0.289191 0.114488
vn -0.950400 -0.289191 0.114488
vn -0.950400 -0.289191 0.114488
vn -0.950400 -0.289191 0.114488
vn -0.950400 -0.289191 0.114488
vn -0.876396 -0.469778 0.106008
vn -0.876396 -0.469778 0.106008
vn -0.876396 -0.469778 0.106008
vn -0.876396 -0.469778 0.106008
vn -0.876396 -0.469778 0.106008
vn -0.876396 -0.469778 0.106008
vn -0.768750 -0.632680 0.093489
vn -0.768750 -0.632680 0.093489
vn -0.768750 -0.632680 0.093489
vn -0.768750 -0.632680 0.093489
vn -0.768750 -0.632680 0.093489
vn -0.768750 -0.632680 0.093489
vn -0.631309 -0.771667 0.077319
vn -0.631309 -0.771667 0.077319
vn -0.631309 -0.771667 0.077319
vn -0.631309 -0.771667 0.077319
vn -0.631309 -0.771667 0.077319
vn -0.631309 -0.771667 0.077319
vn -0.469376 -0.881081 0.058164
vn -0.469376 -0.881081 0.058164
vn -0.469376 -0.881081 0.058164
vn -0.469376 -0.881081 0.058164
vn -0.469376 -0.881081 0.058164
vn -0.469376 -0.881081 0.058164
vn -0.289023 -0.956617 0.036741
vn -0.289023 -0.956617 0.036741
vn -0.289023 -0.956617 0.036741
vn -0.289023 -0.956617 0.036741
vn -0.289023 -0.956617 0.036741
vn -0.289023 -0.956617 0.036741
vn -0.097311 -0.995158 0.013842
vn -0.097311 -0.995158 0.013842
vn -0.097311 -0.995158 0.013842
vn -0.988122 -0.097791 0.118538
vn -0.988122 -0.097791 0.118538
vn -0.988122 -0.097791 0.118538
vn -0.988122 -0.097791 0.118538
vn -0.988122 -0.097791 0.118538
vn -0.988122 -0.097791 0.118538
vn -0.471320 -0.881287 -0.034519
vn -0.471320 -0.881287 -0.034519
vn -0.471320 -0.881287 -0.034519
vn -0.471320 -0.881287 -0.034519
vn -0.471320 -0.881287 -0.034519
vn -0.471320 -0.881287 -0.034519
vn -0.290237 -0.956737 -0.020436
vn -0.290237 -0.956737 -0.020436
vn -0.290237 -0.956737 -0.020436
vn -0.290237 -0.956737 -0.020436
vn -0.290237 -0.956737 -0.020436
vn -0.290237 -0.956737 -0.020436
vn -0.097732 -0.995198 -0.005395
vn -0.097732 -0.995198 -0.005395
vn -0.097732 -0.995198 -0.005395
vn -0.992226 -0.098206 -0.076447
vn -0.992226 -0.098206 -0.076447
vn -0.992226 -0.098206 -0.076447
vn -0.992226 -0.098206 -0.076447
vn -0.992226 -0.098206 -0.076447
vn -0.992226 -0.098206 -0.076447
vn -0.954345 -0.289595 -0.073215
vn -0.954345 -0.289595 -0.073215
vn -0.954345 -0.289595 -0.073215
vn -0.954345 -0.289595 -0.073215
vn -0.954345 -0.289595 -0.073215
vn -0.954345 -0.289595 -0.073215
vn -0.880012 -0.470203 -0.066990
vn -0.880012 -0.470203 -0.066990
vn -0.880012 -0.470203 -0.066990
vn -0.880012 -0.470203 -0.066990
vn -0.880012 -0.470203 -0.066990
vn -0.880012 -0.470203 -0.066990
vn -0.771943 -0.633006 -0.058377
vn -0.771943 -0.633006 -0.058377
vn -0.771943 -0.633006 -0.058377
vn -0.771943 -0.633006 -0.058377
vn -0.771943 -0.633006 -0.058377
vn -0.771943 -0.633006 -0.058377
vn -0.633934 -0.771934 -0.047386
vn -0.633934 -0.771934 -0.047386
vn -0.633934 -0.771934 -0.047386
vn -0.633934 -0.771934 -0.047386
vn -0.633934 -0.771934 -0.047386
vn -0.633934 -0.771934 -0.047386
vn -0.921639 -0.289938 -0.257909
vn -0.921639 -0.289938 -0.257909
vn -0.921639 -0.289938 -0.257909
vn -0.921639 -0.289938 -0.257909
vn -0.921639 -0.289938 -0.257909
vn -0.921639 -0.289938 -0.257909
vn -0.849852 -0.470504 -0.237441
vn -0.849852 -0.470504 -0.237441
vn -0.849852 -0.470504 -0.237441
vn -0.849852 -0.470504 -0.237441
vn -0.849852 -0.470504 -0.237441
vn -0.849852 -0.470504 -0.237441
vn -0.745430 -0.633355 -0.207836
vn -0.745430 -0.633355 -0.207836
vn -0.745430 -0.633355 -0.207836
vn -0.745430 -0.633355 -0.207836
vn -0.745430 -0.633355 -0.207836
vn -0.745430 -0.633355 -0.207836
vn -0.612197 -0.772179 -0.170163
vn -0.612197 -0.772179 -0.170163
vn -0.612197 -0.772179 -0.170163
vn -0.612197 -0.772179 -0.170163
vn -0.612197 -0.772179 -0.170163
vn -0.612197 -0.772179 -0.170163
vn -0.455126 -0.881479 -0.125916
vn -0.455126 -0.881479 -0.125916
vn -0.455126 -0.881479 -0.125916
vn -0.455126 -0.881479 -0.125916
vn -0.455126 -0.881479 -0.125916
vn -0.455126 -0.881479 -0.125916
vn -0.280274 -0.956849 -0.076722
vn -0.280274 -0.956849 -0.076722
vn -0.280274 -0.956849 -0.076722
vn -0.280274 -0.956849 -0.076722
vn -0.280274 -0.956849 -0.076722
vn -0.280274 -0.956849 -0.076722
vn -0.094358 -0.995238 -0.024458
vn -0.094358 -0.995238 -0.024458
vn -0.094358 -0.995238 -0.024458
vn -0.958207 -0.098581 -0.268555
vn -0.958207 -0.098581 -0.268555
vn -0.958207 -0.098581 -0.268555
vn -0.958207 -0.098581 -0.268555
vn -0.958207 -0.098581 -0.268555
vn -0.958207 -0.098581 -0.268555
vn -0.421486 -0.881636 -0.212293
vn -0.421486 -0.881636 -0.212293
vn -0.421486 -0.881636 -0.212293
vn -0.421486 -0.881636 -0.212293
vn -0.421486 -0.881636 -0.212293
vn -0.421486 -0.881636 -0.212293
vn -0.259578 -0.956935 -0.129978
vn -0.259578 -0.956935 -0.129978
vn -0.259578 -0.956935 -0.129978
vn -0.259578 -0.956935 -0.129978
vn -0.259578 -0.956935 -0.129978
vn -0.259578 -0.956935 -0.129978
vn -0.087361 -0.995271 -0.042466
vn -0.087361 -0.995271 -0.042466
vn -0.087361 -0.995271 -0.042466
vn -0.887352 -0.098882 -0.450365
vn -0.887352 -0.098882 -0.450365
vn -0.887352 -0.098882 -0.450365
vn -0.887352 -0.098882 -0.450365
vn -0.887352 -0.098882 -0.450365
vn -0.887352 -0.098882 -0.450365
vn -0.853430 -0.290335 -0.432854
vn -0.853430 -0.290335 -0.432854
vn -0.853430 -0.290335 -0.432854
vn -0.853430 -0.290335 -0.432854
vn -0.853430 -0.290335 -0.432854
vn -0.853430 -0.290335 -0.432854
vn -0.786946 -0.470901 -0.398708
vn -0.786946 -0.470901 -0.398708
vn -0.786946 -0.470901 -0.398708
vn -0.786946 -0.470901 -0.398708
vn -0.786946 -0.470901 -0.398708
vn -0.786946 -0.470901 -0.398708
vn -0.690290 -0.633619 -0.349323
vn -0.690290 -0.633619 -0.349323
vn -0.690290 -0.633619 -0.349323
vn -0.690290 -0.633619 -0.349323
vn -0.690290 -0.633619 -0.349323
vn -0.690290 -0.633619 -0.349323
vn -0.566907 -0.772379 -0.286438
vn -0.566907 -0.772379 -0.286438
vn -0.566907 -0.772379 -0.286438
vn -0.566907 -0.772379 -0.286438
vn -0.566907 -0.772379 -0.286438
vn -0.566907 -0.772379 -0.286438
vn -0.693905 -0.471119 -0.544558
vn -0.693905 -0.471119 -0.544558
vn -0.693905 -0.471119 -0.544558
vn -0.693905 -0.471119 -0.544558
vn -0.693905 -0.471119 -0.544558
vn -0.693905 -0.471119 -0.544558
vn -0.608592 -0.633857 -0.477327
vn -0.608592 -0.633857 -0.477327
vn -0.608592 -0.633857 -0.477327
vn -0.608592 -0.633857 -0.477327
vn -0.608592 -0.633857 -0.477327
vn -0.608592 -0.633857 -0.477327
vn -0.499855 -0.772561 -0.391528
vn -0.499855 -0.772561 -0.391528
vn -0.499855 -0.772561 -0.391528
vn -0.499855 -0.772561 -0.391528
vn -0.499855 -0.772561 -0.391528
vn -0.499855 -0.772561 -0.391528
vn -0.371616 -0.881779 -0.290460
vn -0.371616 -0.881779 -0.290460
vn -0.371616 -0.881779 -0.290460
vn -0.371616 -0.881779 -0.290460
vn -0.371616 -0.881779 -0.290460
vn -0.371616 -0.881779 -0.290460
vn -0.228802 -0.957046 -0.178081
vn -0.228802 -0.957046 -0.178081
vn -0.228802 -0.957046 -0.178081
vn -0.228802 -0.957046 -0.178081
vn -0.228802 -0.957046 -0.178081
vn -0.228802 -0.957046 -0.178081
vn -0.076944 -0.995307 -0.058679
vn -0.076944 -0.995307 -0.058679
vn -0.076944 -0.995307 -0.058679
vn -0.782373 -0.099276 -0.614846
vn -0.782373 -0.099276 -0.614846
vn -0.782373 -0.099276 -0.614846
vn -0.782373 -0.099276 -0.614846
vn -0.782373 -0.099276 -0.614846
vn -0.782373 -0.099276 -0.614846
vn -0.752508 -0.290640 -0.590982
vn -0.752508 -0.290640 -0.590982
vn -0.752508 -0.290640 -0.590982
vn -0.752508 -0.290640 -0.590982
vn -0.752508 -0.290640 -0.590982
vn -0.752508 -0.290640 -0.590982
vn -0.189259 -0.957100 -0.219410
vn -0.189259 -0.957100 -0.219410
vn -0.189259 -0.957100 -0.219410
vn -0.189259 -0.957100 -0.219410
vn -0.189259 -0.957100 -0.219410
vn -0.189259 -0.957100 -0.219410
vn -0.063618 -0.995324 -0.072681
vn -0.063618 -0.995324 -0.072681
vn -0.063618 -0.995324 -0.072681
vn -0.647375 -0.099470 -0.755653
vn -0.647375 -0.099470 -0.755653
vn -0.647375 -0.099470 -0.755653
vn -0.647375 -0.099470 -0.755653
vn -0.647375 -0.099470 -0.755653
vn -0.647375 -0.099470 -0.755653
vn -0.622649 -0.290869 -0.726432
vn -0.622649 -0.290869 -0.726432
vn -0.622649 -0.290869 -0.726432
vn -0.622649 -0.290869 -0.726432
vn -0.622649 -0.290869 -0.726432
vn -0.622649 -0.290869 -0.726432
vn -0.574090 -0.471354 -0.669512
vn -0.574090 -0.471354 -0.669512
vn -0.574090 -0.471354 -0.669512
vn -0.574090 -0.471354 -0.669512
vn -0.574090 -0.471354 -0.669512
vn -0.574090 -0.471354 -0.669512
vn -0.503545 -0.634077 -0.586846
vn -0.503545 -0.634077 -0.586846
vn -0.503545 -0.634077 -0.586846
vn -0.503545 -0.634077 -0.586846
vn -0.503545 -0.634077 -0.586846
vn -0.503545 -0.634077 -0.586846
vn -0.413485 -0.772717 -0.481599
vn -0.413485 -0.772717 -0.481599
vn -0.413485 -0.772717 -0.481599
vn -0.413485 -0.772717 -0.481599
vn -0.413485 -0.772717 -0.481599
vn -0.413485 -0.772717 -0.481599
vn -0.307381 -0.881874 -0.357513
vn -0.307381 -0.881874 -0.357513
vn -0.307381 -0.881874 -0.357513
vn -0.307381 -0.881874 -0.357513
vn -0.307381 -0.881874 -0.357513
vn -0.307381 -0.881874 -0.357513
vn -0.432241 -0.471516 -0.768661
vn -0.432241 -0.471516 -0.768661
vn -0.432241 -0.471516 -0.768661
vn -0.432241 -0.471516 -0.768661
vn -0.432241 -0.471516 -0.768661
vn -0.432241 -0.471516 -0.768661
vn -0.379098 -0.634197 -0.673854
vn -0.379098 -0.634197 -0.673854
vn -0.379098 -0.634197 -0.673854
vn -0.379098 -0.634197 -0.673854
vn -0.379098 -0.634197 -0.673854
vn -0.379098 -0.634197 -0.673854
vn -0.311264 -0.772851 -0.553006
vn -0.311264 -0.772851 -0.553006
vn -0.311264 -0.772851 -0.553006
vn -0.311264 -0.772851 -0.553006
vn -0.311264 -0.772851 -0.553006
vn -0.311264 -0.772851 -0.553006
vn -0.231422 -0.881942 -0.410637
vn -0.231422 -0.881942 -0.410637
vn -0.231422 -0.881942 -0.410637
vn -0.231422 -0.881942 -0.410637
vn -0.231422 -0.881942 -0.410637
vn -0.231422 -0.881942 -0.410637
vn -0.142415 -0.957150 -0.252155
vn -0.142415 -0.957150 -0.252155
vn -0.142415 -0.957150 -0.252155
vn -0.142415 -0.957150 -0.252155
vn -0.142415 -0.957150 -0.252155
vn -0.142415 -0.957150 -0.252155
vn -0.047783 -0.995347 -0.083677
vn -0.047783 -0.995347 -0.083677
vn -0.047783 -0.995347 -0.083677
vn -0.487452 -0.099607 -0.867450
vn -0.487452 -0.099607 -0.867450
vn -0.487452 -0.099607 -0.867450
vn -0.487452 -0.099607 -0.867450
vn -0.487452 -0.099607 -0.867450
vn -0.487452 -0.099607 -0.867450
vn -0.468813 -0.290978 -0.833994
vn -0.468813 -0.290978 -0.833994
vn -0.468813 -0.290978 -0.833994
vn -0.468813 -0.290978 -0.833994
vn -0.468813 -0.290978 -0.833994
vn -0.468813 -0.290978 -0.833994
vn -0.089999 -0.957199 -0.275083
vn -0.089999 -0.957199 -0.275083
vn -0.089999 -0.957199 -0.275083
vn -0.089999 -0.957199 -0.275083
vn -0.089999 -0.957199 -0.275083
vn -0.089999 -0.957199 -0.275083
vn -0.030119 -0.995349 -0.091506
vn -0.030119 -0.995349 -0.091506
vn -0.030119 -0.995349 -0.091506
vn -0.308786 -0.099736 -0.945888
vn -0.308786 -0.099736 -0.945888
vn -0.308786 -0.099736 -0.945888
vn -0.308786 -0.099736 -0.945888
vn -0.308786 -0.099736 -0.945888
vn -0.308786 -0.099736 -0.945888
vn -0.296999 -0.291136 -0.909413
vn -0.296999 -0.291136 -0.909413
vn -0.296999 -0.291136 -0.909413
vn -0.296999 -0.291136 -0.909413
vn -0.296999 -0.291136 -0.909413
vn -0.296999 -0.291136 -0.909413
vn -0.273762 -0.471585 -0.838249
vn -0.273762 -0.471585 -0.838249
vn -0.273762 -0.471585 -0.838249
vn -0.273762 -0.471585 -0.838249
vn -0.273762 -0.471585 -0.838249
vn -0.273762 -0.471585 -0.838249
vn -0.240052 -0.634269 -0.734900
vn -0.240052 -0.634269 -0.734900
vn -0.240052 -0.634269 -0.734900
vn -0.240052 -0.634269 -0.734900
vn -0.240052 -0.634269 -0.734900
vn -0.240052 -0.634269 -0.734900
vn -0.197138 -0.772877 -0.603157
vn -0.197138 -0.772877 -0.603157
vn -0.197138 -0.772877 -0.603157
vn -0.197138 -0.772877 -0.603157
vn -0.197138 -0.772877 -0.603157
vn -0.197138 -0.772877 -0.603157
vn -0.146426 -0.882021 -0.447882
vn -0.146426 -0.882021 -0.447882
vn -0.146426 -0.882021 -0.447882
vn -0.146426 -0.882021 -0.447882
vn -0.146426 -0.882021 -0.447882
vn -0.146426 -0.882021 -0.447882
vn -0.091800 -0.634251 -0.767658
vn -0.091800 -0.634251 -0.767658
vn -0.091800 -0.634251 -0.767658
vn -0.091800 -0.634251 -0.767658
vn -0.091800 -0.634251 -0.767658
vn -0.091800 -0.634251 -0.767658
vn -0.075319 -0.772903 -0.630038
vn -0.075319 -0.772903 -0.630038
vn -0.075319 -0.772903 -0.630038
vn -0.075319 -0.772903 -0.630038
vn -0.075319 -0.772903 -0.630038
vn -0.075319 -0.772903 -0.630038
vn -0.055868 -0.881984 -0.467956
vn -0.055868 -0.881984 -0.467956
vn -0.055868 -0.881984 -0.467956
vn -0.055868 -0.881984 -0.467956
vn -0.055868 -0.881984 -0.467956
vn -0.055868 -0.881984 -0.467956
vn -0.034197 -0.957183 -0.287455
vn -0.034197 -0.957183 -0.287455
vn -0.034197 -0.957183 -0.287455
vn -0.034197 -0.957183 -0.287455
vn -0.034197 -0.957183 -0.287455
vn -0.034197 -0.957183 -0.287455
vn -0.011211 -0.995352 -0.095649
vn -0.011211 -0.995352 -0.095649
vn -0.011211 -0.995352 -0.095649
vn -0.118335 -0.099696 -0.987956
vn -0.118335 -0.099696 -0.987956
vn -0.118335 -0.099696 -0.987956
vn -0.118335 -0.099696 -0.987956
vn -0.118335 -0.099696 -0.987956
vn -0.118335 -0.099696 -0.987956
vn -0.113698 -0.291128 -0.949904
vn -0.113698 -0.291128 -0.949904
vn -0.113698 -0.291128 -0.949904
vn -0.113698 -0.291128 -0.949904
vn -0.113698 -0.291128 -0.949904
vn -0.113698 -0.291128 -0.949904
vn -0.104754 -0.471546 -0.875598
vn -0.104754 -0.471546 -0.875598
vn -0.104754 -0.471546 -0.875598
vn -0.104754 -0.471546 -0.875598
vn -0.104754 -0.471546 -0.875598
vn -0.104754 -0.471546 -0.875598
vn 0.604077 0.258402 0.753870
vn 0.604077 0.258402 0.753870
vn 0.604077 0.258402 0.753870
vn 0.604077 0.258402 0.753870
vn 0.604077 0.258402 0.753870
vn 0.604077 0.258402 0.753870
vn 0.219499 0.329251 0.918376
vn 0.219499 0.329251 0.918376
vn 0.219499 0.329251 0.918376
vn 0.219499 0.329251 0.918376
vn 0.219499 0.329251 0.918376
vn 0.219499 0.329251 0.918376
vn 0.495104 0.169523 0.852135
vn 0.495104 0.169523 0.852135
vn 0.495104 0.169523 0.852135
vn 0.495104 0.169523 0.852135
vn 0.495104 0.169523 0.852135
vn 0.495104 0.169523 0.852135
vn 0.157104 0.729057 0.666179
vn 0.157104 0.729057 0.666179
vn 0.157104 0.729057 0.666179
vn 0.157104 0.729057 0.666179
vn 0.157104 0.729057 0.666179
vn 0.157104 0.729057 0.666179
vn -0.172781 0.328929 0.928414
vn -0.172781 0.328929 0.928414
vn -0.172781 0.328929 0.928414
vn -0.172781 0.328929 0.928414
vn -0.172781 0.328929 0.928414
vn -0.172781 0.328929 0.928414
vn -0.577270 0.257615 0.774851
vn -0.577270 0.257615 0.774851
vn -0.577270 0.257615 0.774851
vn -0.577270 0.257615 0.774851
vn -0.577270 0.257615 0.774851
vn -0.577270 0.257615 0.774851
vn -0.099442 0.765823 0.635316
vn -0.099442 0.765823 0.635316
vn -0.099442 0.765823 0.635316
vn -0.099442 0.765823 0.635316
vn -0.099442 0.765823 0.635316
vn -0.099442 0.765823 0.635316
vn -0.459439 0.166083 0.872544
vn -0.459439 0.166083 0.872544
vn -0.459439 0.166083 0.872544
vn -0.459439 0.166083 0.872544
vn -0.459439 0.166083 0.872544
vn -0.459439 0.166083 0.872544
vn 0.445278 0.288357 0.847689
vn 0.445278 0.288357 0.847689
vn 0.445278 0.288357 0.847689
vn 0.445278 0.288357 0.847689
vn 0.445278 0.288357 0.847689
vn 0.445278 0.288357 0.847689
vn -0.409473 0.287974 0.865681
vn -0.409473 0.287974 0.865681
vn -0.409473 0.287974 0.865681
vn -0.409473 0.287974 0.865681
vn -0.409473 0.287974 0.865681
vn -0.409473 0.287974 0.865681
s off
g Voltorb:Mesh
usemtl Voltorb:phong2SG
f 4//1 3//2 14//3
f 14//4 3//5 13//6
f 5//7 4//8 15//9
f 15//10 4//11 14//12
f 6//13 5//14 16//15
f 16//16 5//17 15//18
f 7//19 6//20 17//21
f 17//22 6//23 16//24
f 8//25 7//26 18//27
f 18//28 7//29 17//30
f 1//31 297//32 11//33
f 2//34 1//35 12//36
f 12//37 1//38 11//39
f 3//40 2//41 13//42
f 13//43 2//44 12//45
f 13//46 12//47 28//48
f 28//49 12//50 27//51
f 14//52 13//53 29//54
f 29//55 13//56 28//57
f 15//58 14//59 30//60
f 30//61 14//62 29//63
f 16//64 15//65 31//66
f 31//67 15//68 30//69
f 17//70 16//71 32//72
f 32//73 16//74 31//75
f 18//76 17//77 33//78
f 33//79 17//80 32//81
f 11//82 297//83 26//84
f 12//85 11//86 27//87
f 27//88 11//89 26//90
f 32//91 31//92 47//93
f 47//94 31//95 46//96
f 33//97 32//98 48//99
f 48//100 32//101 47//102
f 26//103 297//104 41//105
f 27//106 26//107 42//108
f 42//109 26//110 41//111
f 28//112 27//113 43//114
f 43//115 27//116 42//117
f 29//118 28//119 44//120
f 44//121 28//122 43//123
f 30//124 29//125 45//126
f 45//127 29//128 44//129
f 31//130 30//131 46//132
f 46//133 30//134 45//135
f 44//136 43//137 59//138
f 59//139 43//140 58//141
f 45//142 44//143 60//144
f 60//145 44//146 59//147
f 46//148 45//149 61//150
f 61//151 45//152 60//153
f 47//154 46//155 62//156
f 62//157 46//158 61//159
f 48//160 47//161 63//162
f 63//163 47//164 62//165
f 41//166 297//167 56//168
f 42//169 41//170 57//171
f 57//172 41//173 56//174
f 43//175 42//176 58//177
f 58//178 42//179 57//180
f 63//181 62//182 78//183
f 78//184 62//185 77//186
f 56//187 297//188 71//189
f 57//190 56//191 72//192
f 72//193 56//194 71//195
f 58//196 57//197 73//198
f 73//199 57//200 72//201
f 59//202 58//203 74//204
f 74//205 58//206 73//207
f 60//208 59//209 75//210
f 75//211 59//212 74//213
f 61//214 60//215 76//216
f 76//217 60//218 75//219
f 62//220 61//221 77//222
f 77//223 61//224 76//225
f 74//226 73//227 89//228
f 89//229 73//230 88//231
f 75//232 74//233 90//234
f 90//235 74//236 89//237
f 76//238 75//239 91//240
f 91//241 75//242 90//243
f 77//244 76//245 92//246
f 92//247 76//248 91//249
f 78//250 77//251 93//252
f 93//253 77//254 92//255
f 71//256 297//257 86//258
f 72//259 71//260 87//261
f 87//262 71//263 86//264
f 73//265 72//266 88//267
f 88//268 72//269 87//270
f 93//271 92//272 108//273
f 108//274 92//275 107//276
f 86//277 297//278 101//279
f 87//280 86//281 102//282
f 102//283 86//284 101//285
f 88//286 87//287 103//288
f 103//289 87//290 102//291
f 89//292 88//293 104//294
f 104//295 88//296 103//297
f 90//298 89//299 105//300
f 105//301 89//302 104//303
f 91//304 90//305 106//306
f 106//307 90//308 105//309
f 92//310 91//311 107//312
f 107//313 91//314 106//315
f 105//316 104//317 120//318
f 120//319 104//320 119//321
f 106//322 105//323 121//324
f 121//325 105//326 120//327
f 107//328 106//329 122//330
f 122//331 106//332 121//333
f 108//334 107//335 123//336
f 123//337 107//338 122//339
f 101//340 297//341 116//342
f 102//343 101//344 117//345
f 117//346 101//347 116//348
f 103//349 102//350 118//351
f 118//352 102//353 117//354
f 104//355 103//356 119//357
f 119//358 103//359 118//360
f 116//361 297//362 131//363
f 117//364 116//365 132//366
f 132//367 116//368 131//369
f 118//370 117//371 133//372
f 133//373 117//374 132//375
f 119//376 118//377 134//378
f 134//379 118//380 133//381
f 120//382 119//383 135//384
f 135//385 119//386 134//387
f 121//388 120//389 136//390
f 136//391 120//392 135//393
f 122//394 121//395 137//396
f 137//397 121//398 136//399
f 123//400 122//401 138//402
f 138//403 122//404 137//405
f 135//406 134//407 150//408
f 150//409 134//410 149//411
f 136//412 135//413 151//414
f 151//415 135//416 150//417
f 137//418 136//419 152//420
f 152//421 136//422 151//423
f 138//424 137//425 153//426
f 153//427 137//428 152//429
f 131//430 297//431 146//432
f 132//433 131//434 147//435
f 147//436 131//437 146//438
f 133//439 132//440 148//441
f 148//442 132//443 147//444
f 134//445 133//446 149//447
f 149//448 133//449 148//450
f 147//451 146//452 162//453
f 162//454 146//455 161//456
f 148//457 147//458 163//459
f 163//460 147//461 162//462
f 149//463 148//464 164//465
f 164//466 148//467 163//468
f 150//469 149//470 165//471
f 165//472 149//473 164//474
f 151//475 150//476 166//477
f 166//478 150//479 165//480
f 152//481 151//482 167//483
f 167//484 151//485 166//486
f 153//487 152//488 168//489
f 168//490 152//491 167//492
f 146//493 297//494 161//495
f 166//496 165//497 181//498
f 181//499 165//500 180//501
f 167//502 166//503 182//504
f 182//505 166//506 181//507
f 168//508 167//509 183//510
f 183//511 167//512 182//513
f 161//514 297//515 176//516
f 162//517 161//518 177//519
f 177//520 161//521 176//522
f 163//523 162//524 178//525
f 178//526 162//527 177//528
f 164//529 163//530 179//531
f 179//532 163//533 178//534
f 165//535 164//536 180//537
f 180//538 164//539 179//540
f 178//541 177//542 193//543
f 193//544 177//545 192//546
f 179//547 178//548 194//549
f 194//550 178//551 193//552
f 180//553 179//554 195//555
f 195//556 179//557 194//558
f 257//559 256//560 508//561
f 508//562 256//563 507//564
f 256//565 487//566 507//567
f 183//568 182//569 198//570
f 198//571 182//572 492//573
f 176//574 297//575 191//576
f 177//577 176//578 192//579
f 192//580 176//581 191//582
f 198//583 492//584 214//585
f 214//586 492//587 494//588
f 191//589 297//590 207//591
f 192//592 191//593 208//594
f 208//595 191//596 207//597
f 193//598 192//599 209//600
f 209//601 192//602 208//603
f 194//604 193//605 210//606
f 210//607 193//608 209//609
f 195//610 194//611 211//612
f 211//613 194//614 210//615
f 507//616 487//617 509//618
f 509//619 487//620 488//621
f 209//622 208//623 224//624
f 224//625 208//626 223//627
f 210//628 209//629 225//630
f 225//631 209//632 224//633
f 211//634 210//635 226//636
f 226//637 210//638 225//639
f 303//640 497//641 513//642
f 513//643 497//644 512//645
f 214//646 494//647 229//648
f 229//649 494//650 228//651
f 207//652 297//653 222//654
f 208//655 207//656 223//657
f 223//658 207//659 222//660
f 228//661 227//662 243//663
f 243//664 227//665 242//666
f 229//667 228//668 244//669
f 244//670 228//671 243//672
f 222//673 297//674 237//675
f 223//676 222//677 238//678
f 238//679 222//680 237//681
f 224//682 223//683 239//684
f 239//685 223//686 238//687
f 225//688 224//689 240//690
f 240//691 224//692 239//693
f 225//694 240//695 226//696
f 226//697 240//698 241//699
f 227//700 226//701 242//702
f 242//703 226//704 241//705
f 240//706 239//707 255//708
f 255//709 239//710 254//711
f 241//712 240//713 256//714
f 256//715 240//716 255//717
f 241//718 256//719 242//720
f 242//721 256//722 257//723
f 242//724 257//725 243//726
f 243//727 257//728 258//729
f 244//730 243//731 259//732
f 259//733 243//734 258//735
f 237//736 297//737 252//738
f 238//739 237//740 253//741
f 253//742 237//743 252//744
f 239//745 238//746 254//747
f 254//748 238//749 253//750
f 259//751 258//752 274//753
f 274//754 258//755 496//756
f 252//757 297//758 267//759
f 253//760 252//761 268//762
f 268//763 252//764 267//765
f 254//766 253//767 269//768
f 269//769 253//770 268//771
f 255//772 254//773 270//774
f 270//775 254//776 269//777
f 256//778 255//779 271//780
f 271//781 255//782 270//783
f 509//784 488//785 511//786
f 511//787 488//788 489//789
f 270//790 269//791 285//792
f 285//793 269//794 284//795
f 271//796 270//797 286//798
f 286//799 270//800 285//801
f 484//802 485//803 501//804
f 501//805 485//806 503//807
f 274//808 496//809 289//810
f 289//811 496//812 498//813
f 267//814 297//815 282//816
f 268//817 267//818 283//819
f 283//820 267//821 282//822
f 269//823 268//824 284//825
f 284//826 268//827 283//828
f 289//829 498//830 305//831
f 305//832 498//833 304//834
f 282//835 297//836 298//837
f 283//838 282//839 299//840
f 299//841 282//842 298//843
f 284//844 283//845 300//846
f 300//847 283//848 299//849
f 285//850 284//851 301//852
f 301//853 284//854 300//855
f 286//856 285//857 302//858
f 302//859 285//860 301//861
f 511//862 489//863 514//864
f 514//865 489//866 490//867
f 302//868 301//869 317//870
f 317//871 301//872 316//873
f 302//874 317//875 303//876
f 303//877 317//878 318//879
f 303//880 318//881 304//882
f 304//883 318//884 319//885
f 305//886 304//887 320//888
f 320//889 304//890 319//891
f 298//892 297//893 313//894
f 299//895 298//896 314//897
f 314//898 298//899 313//900
f 300//901 299//902 315//903
f 315//904 299//905 314//906
f 301//907 300//908 316//909
f 316//910 300//911 315//912
f 314//913 313//914 329//915
f 329//916 313//917 328//918
f 315//919 314//920 330//921
f 330//922 314//923 329//924
f 316//925 315//926 331//927
f 331//928 315//929 330//930
f 317//931 316//932 332//933
f 332//934 316//935 331//936
f 318//937 317//938 333//939
f 333//940 317//941 332//942
f 319//943 318//944 334//945
f 334//946 318//947 333//948
f 320//949 319//950 335//951
f 335//952 319//953 334//954
f 313//955 297//956 328//957
f 333//958 332//959 348//960
f 348//961 332//962 347//963
f 334//964 333//965 349//966
f 349//967 333//968 348//969
f 335//970 334//971 350//972
f 350//973 334//974 349//975
f 328//976 297//977 343//978
f 329//979 328//980 344//981
f 344//982 328//983 343//984
f 330//985 329//986 345//987
f 345//988 329//989 344//990
f 331//991 330//992 346//993
f 346//994 330//995 345//996
f 332//997 331//998 347//999
f 347//1000 331//1001 346//1002
f 344//1003 343//1004 359//1005
f 359//1006 343//1007 358//1008
f 345//1009 344//1010 360//1011
f 360//1012 344//1013 359//1014
f 346//1015 345//1016 361//1017
f 361//1018 345//1019 360//1020
f 347//1021 346//1022 362//1023
f 362//1024 346//1025 361//1026
f 348//1027 347//1028 363//1029
f 363//1030 347//1031 362//1032
f 349//1033 348//1034 364//1035
f 364//1036 348//1037 363//1038
f 350//1039 349//1040 365//1041
f 365//1042 349//1043 364//1044
f 343//1045 297//1046 358//1047
f 363//1048 362//1049 378//1050
f 378//1051 362//1052 377//1053
f 364//1054 363//1055 379//1056
f 379//1057 363//1058 378//1059
f 365//1060 364//1061 380//1062
f 380//1063 364//1064 379//1065
f 358//1066 297//1067 373//1068
f 359//1069 358//1070 374//1071
f 374//1072 358//1073 373//1074
f 360//1075 359//1076 375//1077
f 375//1078 359//1079 374//1080
f 361//1081 360//1082 376//1083
f 376//1084 360//1085 375//1086
f 362//1087 361//1088 377//1089
f 377//1090 361//1091 376//1092
f 375//1093 374//1094 390//1095
f 390//1096 374//1097 389//1098
f 376//1099 375//1100 391//1101
f 391//1102 375//1103 390//1104
f 377//1105 376//1106 392//1107
f 392//1108 376//1109 391//1110
f 378//1111 377//1112 393//1113
f 393//1114 377//1115 392//1116
f 379//1117 378//1118 394//1119
f 394//1120 378//1121 393//1122
f 380//1123 379//1124 395//1125
f 395//1126 379//1127 394//1128
f 373//1129 297//1130 388//1131
f 374//1132 373//1133 389//1134
f 389//1135 373//1136 388//1137
f 394//1138 393//1139 409//1140
f 409//1141 393//1142 408//1143
f 395//1144 394//1145 410//1146
f 410//1147 394//1148 409//1149
f 388//1150 297//1151 403//1152
f 389//1153 388//1154 404//1155
f 404//1156 388//1157 403//1158
f 390//1159 389//1160 405//1161
f 405//1162 389//1163 404//1164
f 391//1165 390//1166 406//1167
f 406//1168 390//1169 405//1170
f 392//1171 391//1172 407//1173
f 407//1174 391//1175 406//1176
f 393//1177 392//1178 408//1179
f 408//1180 392//1181 407//1182
f 405//1183 404//1184 420//1185
f 420//1186 404//1187 419//1188
f 406//1189 405//1190 421//1191
f 421//1192 405//1193 420//1194
f 407//1195 406//1196 422//1197
f 422//1198 406//1199 421//1200
f 408//1201 407//1202 423//1203
f 423//1204 407//1205 422//1206
f 409//1207 408//1208 424//1209
f 424//1210 408//1211 423//1212
f 410//1213 409//1214 425//1215
f 425//1216 409//1217 424//1218
f 403//1219 297//1220 418//1221
f 404//1222 403//1223 419//1224
f 419//1225 403//1226 418//1227
f 424//1228 423//1229 439//1230
f 439//1231 423//1232 438//1233
f 425//1234 424//1235 440//1236
f 440//1237 424//1238 439//1239
f 418//1240 297//1241 433//1242
f 419//1243 418//1244 434//1245
f 434//1246 418//1247 433//1248
f 420//1249 419//1250 435//1251
f 435//1252 419//1253 434//1254
f 421//1255 420//1256 436//1257
f 436//1258 420//1259 435//1260
f 422//1261 421//1262 437//1263
f 437//1264 421//1265 436//1266
f 423//1267 422//1268 438//1269
f 438//1270 422//1271 437//1272
f 436//1273 435//1274 451//1275
f 451//1276 435//1277 450//1278
f 437//1279 436//1280 452//1281
f 452//1282 436//1283 451//1284
f 438//1285 437//1286 453//1287
f 453//1288 437//1289 452//1290
f 439//1291 438//1292 454//1293
f 454//1294 438//1295 453//1296
f 440//1297 439//1298 455//1299
f 455//1300 439//1301 454//1302
f 433//1303 297//1304 448//1305
f 434//1306 433//1307 449//1308
f 449//1309 433//1310 448//1311
f 435//1312 434//1313 450//1314
f 450//1315 434//1316 449//1317
f 455//1318 454//1319 470//1320
f 470//1321 454//1322 469//1323
f 448//1324 297//1325 463//1326
f 449//1327 448//1328 464//1329
f 464//1330 448//1331 463//1332
f 450//1333 449//1334 465//1335
f 465//1336 449//1337 464//1338
f 451//1339 450//1340 466//1341
f 466//1342 450//1343 465//1344
f 452//1345 451//1346 467//1347
f 467//1348 451//1349 466//1350
f 453//1351 452//1352 468//1353
f 468//1354 452//1355 467//1356
f 454//1357 453//1358 469//1359
f 469//1360 453//1361 468//1362
f 467//1363 466//1364 5//1365
f 5//1366 466//1367 4//1368
f 468//1369 467//1370 6//1371
f 6//1372 467//1373 5//1374
f 469//1375 468//1376 7//1377
f 7//1378 468//1379 6//1380
f 470//1381 469//1382 8//1383
f 8//1384 469//1385 7//1386
f 463//1387 297//1388 1//1389
f 464//1390 463//1391 2//1392
f 2//1393 463//1394 1//1395
f 465//1396 464//1397 3//1398
f 3//1399 464//1400 2//1401
f 466//1402 465//1403 4//1404
f 4//1405 465//1406 3//1407
f 181//1408 500//1409 491//1410
f 491//1411 500//1412 502//1413
f 493//1414 504//1415 227//1416
f 227//1417 504//1418 505//1419
f 227//1420 505//1421 226//1422
f 505//1423 506//1424 226//1425
f 226//1426 506//1427 486//1428
f 495//1429 257//1430 510//1431
f 510//1432 257//1433 508//1434
f 497//1435 495//1436 512//1437
f 512//1438 495//1439 510//1440
f 303//1441 513//1442 302//1443
f 513//1444 514//1445 302//1446
f 302//1447 514//1448 490//1449
f 483//1450 484//1451 499//1452
f 499//1453 484//1454 501//1455
f 211//1456 226//1457 485//1458
f 485//1459 226//1460 486//1461
f 195//1462 211//1463 484//1464
f 484//1465 211//1466 485//1467
f 485//1468 486//1469 503//1470
f 503//1471 486//1472 506//1473
f 180//1474 195//1475 483//1476
f 483//1477 195//1478 484//1479
f 302//1480 490//1481 286//1482
f 286//1483 490//1484 489//1485
f 286//1486 489//1487 271//1488
f 271//1489 489//1490 488//1491
f 271//1492 488//1493 256//1494
f 256//1495 488//1496 487//1497
f 491//1498 502//1499 493//1500
f 493//1501 502//1502 504//1503
f 500//1504 499//1505 502//1506
f 502//1507 499//1508 501//1509
f 503//1510 504//1511 501//1512
f 501//1513 504//1514 502//1515
f 505//1516 504//1517 506//1518
f 506//1519 504//1520 503//1521
f 508//1522 507//1523 510//1524
f 510//1525 507//1526 509//1527
f 512//1528 510//1529 511//1530
f 511//1531 510//1532 509//1533
f 513//1534 512//1535 514//1536
f 514//1537 512//1538 511//1539
f 181//1540 180//1541 500//1542
f 500//1543 180//1544 499//1545
f 180//1546 483//1547 499//1548
usemtl Voltorb:phong1SG
f 480//1549 479//1550 22//1551
f 22//1552 479//1553 21//1554
f 10//1555 480//1556 23//1557
f 23//1558 480//1559 22//1560
f 481//1561 10//1562 24//1563
f 24//1564 10//1565 23//1566
f 482//1567 481//1568 25//1569
f 25//1570 481//1571 24//1572
f 206//1573 482//1574 25//1575
f 9//1576 8//1577 19//1578
f 19//1579 8//1580 18//1581
f 478//1582 9//1583 20//1584
f 20//1585 9//1586 19//1587
f 479//1588 478//1589 21//1590
f 21//1591 478//1592 20//1593
f 20//1594 19//1595 35//1596
f 35//1597 19//1598 34//1599
f 21//1600 20//1601 36//1602
f 36//1603 20//1604 35//1605
f 22//1606 21//1607 37//1608
f 37//1609 21//1610 36//1611
f 23//1612 22//1613 38//1614
f 38//1615 22//1616 37//1617
f 24//1618 23//1619 39//1620
f 39//1621 23//1622 38//1623
f 25//1624 24//1625 40//1626
f 40//1627 24//1628 39//1629
f 206//1630 25//1631 40//1632
f 19//1633 18//1634 34//1635
f 34//1636 18//1637 33//1638
f 39//1639 38//1640 54//1641
f 54//1642 38//1643 53//1644
f 40//1645 39//1646 55//1647
f 55//1648 39//1649 54//1650
f 206//1651 40//1652 55//1653
f 34//1654 33//1655 49//1656
f 49//1657 33//1658 48//1659
f 35//1660 34//1661 50//1662
f 50//1663 34//1664 49//1665
f 36//1666 35//1667 51//1668
f 51//1669 35//1670 50//1671
f 37//1672 36//1673 52//1674
f 52//1675 36//1676 51//1677
f 38//1678 37//1679 53//1680
f 53//1681 37//1682 52//1683
f 51//1684 50//1685 66//1686
f 66//1687 50//1688 65//1689
f 52//1690 51//1691 67//1692
f 67//1693 51//1694 66//1695
f 53//1696 52//1697 68//1698
f 68//1699 52//1700 67//1701
f 54//1702 53//1703 69//1704
f 69//1705 53//1706 68//1707
f 55//1708 54//1709 70//1710
f 70//1711 54//1712 69//1713
f 206//1714 55//1715 70//1716
f 49//1717 48//1718 64//1719
f 64//1720 48//1721 63//1722
f 50//1723 49//1724 65//1725
f 65//1726 49//1727 64//1728
f 70//1729 69//1730 85//1731
f 85//1732 69//1733 84//1734
f 206//1735 70//1736 85//1737
f 64//1738 63//1739 79//1740
f 79//1741 63//1742 78//1743
f 65//1744 64//1745 80//1746
f 80//1747 64//1748 79//1749
f 66//1750 65//1751 81//1752
f 81//1753 65//1754 80//1755
f 67//1756 66//1757 82//1758
f 82//1759 66//1760 81//1761
f 68//1762 67//1763 83//1764
f 83//1765 67//1766 82//1767
f 69//1768 68//1769 84//1770
f 84//1771 68//1772 83//1773
f 82//1774 81//1775 97//1776
f 97//1777 81//1778 96//1779
f 83//1780 82//1781 98//1782
f 98//1783 82//1784 97//1785
f 84//1786 83//1787 99//1788
f 99//1789 83//1790 98//1791
f 85//1792 84//1793 100//1794
f 100//1795 84//1796 99//1797
f 206//1798 85//1799 100//1800
f 79//1801 78//1802 94//1803
f 94//1804 78//1805 93//1806
f 80//1807 79//1808 95//1809
f 95//1810 79//1811 94//1812
f 81//1813 80//1814 96//1815
f 96//1816 80//1817 95//1818
f 206//1819 100//1820 115//1821
f 94//1822 93//1823 109//1824
f 109//1825 93//1826 108//1827
f 95//1828 94//1829 110//1830
f 110//1831 94//1832 109//1833
f 96//1834 95//1835 111//1836
f 111//1837 95//1838 110//1839
f 97//1840 96//1841 112//1842
f 112//1843 96//1844 111//1845
f 98//1846 97//1847 113//1848
f 113//1849 97//1850 112//1851
f 99//1852 98//1853 114//1854
f 114//1855 98//1856 113//1857
f 100//1858 99//1859 115//1860
f 115//1861 99//1862 114//1863
f 112//1864 111//1865 127//1866
f 127//1867 111//1868 126//1869
f 113//1870 112//1871 128//1872
f 128//1873 112//1874 127//1875
f 114//1876 113//1877 129//1878
f 129//1879 113//1880 128//1881
f 115//1882 114//1883 130//1884
f 130//1885 114//1886 129//1887
f 206//1888 115//1889 130//1890
f 109//1891 108//1892 124//1893
f 124//1894 108//1895 123//1896
f 110//1897 109//1898 125//1899
f 125//1900 109//1901 124//1902
f 111//1903 110//1904 126//1905
f 126//1906 110//1907 125//1908
f 206//1909 130//1910 145//1911
f 124//1912 123//1913 139//1914
f 139//1915 123//1916 138//1917
f 125//1918 124//1919 140//1920
f 140//1921 124//1922 139//1923
f 126//1924 125//1925 141//1926
f 141//1927 125//1928 140//1929
f 127//1930 126//1931 142//1932
f 142//1933 126//1934 141//1935
f 128//1936 127//1937 143//1938
f 143//1939 127//1940 142//1941
f 129//1942 128//1943 144//1944
f 144//1945 128//1946 143//1947
f 130//1948 129//1949 145//1950
f 145//1951 129//1952 144//1953
f 143//1954 142//1955 158//1956
f 158//1957 142//1958 157//1959
f 144//1960 143//1961 159//1962
f 159//1963 143//1964 158//1965
f 145//1966 144//1967 160//1968
f 160//1969 144//1970 159//1971
f 206//1972 145//1973 160//1974
f 139//1975 138//1976 154//1977
f 154//1978 138//1979 153//1980
f 140//1981 139//1982 155//1983
f 155//1984 139//1985 154//1986
f 141//1987 140//1988 156//1989
f 156//1990 140//1991 155//1992
f 142//1993 141//1994 157//1995
f 157//1996 141//1997 156//1998
f 154//1999 153//2000 169//2001
f 169//2002 153//2003 168//2004
f 155//2005 154//2006 170//2007
f 170//2008 154//2009 169//2010
f 156//2011 155//2012 171//2013
f 171//2014 155//2015 170//2016
f 157//2017 156//2018 172//2019
f 172//2020 156//2021 171//2022
f 158//2023 157//2024 173//2025
f 173//2026 157//2027 172//2028
f 159//2029 158//2030 174//2031
f 174//2032 158//2033 173//2034
f 160//2035 159//2036 175//2037
f 175//2038 159//2039 174//2040
f 206//2041 160//2042 175//2043
f 173//2044 172//2045 188//2046
f 188//2047 172//2048 187//2049
f 174//2050 173//2051 189//2052
f 189//2053 173//2054 188//2055
f 175//2056 174//2057 190//2058
f 190//2059 174//2060 189//2061
f 206//2062 175//2063 190//2064
f 169//2065 168//2066 184//2067
f 184//2068 168//2069 183//2070
f 170//2071 169//2072 185//2073
f 185//2074 169//2075 184//2076
f 171//2077 170//2078 186//2079
f 186//2080 170//2081 185//2082
f 172//2083 171//2084 187//2085
f 187//2086 171//2087 186//2088
f 185//2089 184//2090 200//2091
f 200//2092 184//2093 199//2094
f 186//2095 185//2096 201//2097
f 201//2098 185//2099 200//2100
f 187//2101 186//2102 202//2103
f 202//2104 186//2105 201//2106
f 188//2107 187//2108 203//2109
f 203//2110 187//2111 202//2112
f 189//2113 188//2114 204//2115
f 204//2116 188//2117 203//2118
usemtl Voltorb:lambert2SG
f 181//2119 491//2120 182//2121
f 182//2122 491//2123 492//2124
usemtl Voltorb:phong1SG
f 190//2125 189//2126 205//2127
f 205//2128 189//2129 204//2130
f 206//2131 190//2132 205//2133
f 184//2134 183//2135 199//2136
f 199//2137 183//2138 198//2139
f 204//2140 203//2141 220//2142
f 220//2143 203//2144 219//2145
f 205//2146 204//2147 221//2148
f 221//2149 204//2150 220//2151
f 206//2152 205//2153 221//2154
f 199//2155 198//2156 215//2157
f 215//2158 198//2159 214//2160
f 200//2161 199//2162 216//2163
f 216//2164 199//2165 215//2166
f 201//2167 200//2168 217//2169
f 217//2170 200//2171 216//2172
f 202//2173 201//2174 218//2175
f 218//2176 201//2177 217//2178
f 203//2179 202//2180 219//2181
f 219//2182 202//2183 218//2184
f 217//2185 216//2186 232//2187
f 232//2188 216//2189 231//2190
f 218//2191 217//2192 233//2193
f 233//2194 217//2195 232//2196
f 219//2197 218//2198 234//2199
f 234//2200 218//2201 233//2202
f 220//2203 219//2204 235//2205
f 235//2206 219//2207 234//2208
usemtl Voltorb:lambert2SG
f 493//2209 227//2210 494//2211
f 494//2212 227//2213 228//2214
usemtl Voltorb:phong1SG
f 221//2215 220//2216 236//2217
f 236//2218 220//2219 235//2220
f 206//2221 221//2222 236//2223
f 215//2224 214//2225 230//2226
f 230//2227 214//2228 229//2229
f 216//2230 215//2231 231//2232
f 231//2233 215//2234 230//2235
f 236//2236 235//2237 251//2238
f 251//2239 235//2240 250//2241
f 206//2242 236//2243 251//2244
f 230//2245 229//2246 245//2247
f 245//2248 229//2249 244//2250
f 231//2251 230//2252 246//2253
f 246//2254 230//2255 245//2256
f 232//2257 231//2258 247//2259
f 247//2260 231//2261 246//2262
f 233//2263 232//2264 248//2265
f 248//2266 232//2267 247//2268
f 234//2269 233//2270 249//2271
f 249//2272 233//2273 248//2274
f 235//2275 234//2276 250//2277
f 250//2278 234//2279 249//2280
f 247//2281 246//2282 262//2283
f 262//2284 246//2285 261//2286
f 248//2287 247//2288 263//2289
f 263//2290 247//2291 262//2292
f 249//2293 248//2294 264//2295
f 264//2296 248//2297 263//2298
f 250//2299 249//2300 265//2301
f 265//2302 249//2303 264//2304
f 251//2305 250//2306 266//2307
f 266//2308 250//2309 265//2310
f 206//2311 251//2312 266//2313
f 245//2314 244//2315 260//2316
f 260//2317 244//2318 259//2319
f 246//2320 245//2321 261//2322
f 261//2323 245//2324 260//2325
f 266//2326 265//2327 281//2328
f 281//2329 265//2330 280//2331
f 206//2332 266//2333 281//2334
f 260//2335 259//2336 275//2337
f 275//2338 259//2339 274//2340
f 261//2341 260//2342 276//2343
f 276//2344 260//2345 275//2346
f 262//2347 261//2348 277//2349
f 277//2350 261//2351 276//2352
f 263//2353 262//2354 278//2355
f 278//2356 262//2357 277//2358
f 264//2359 263//2360 279//2361
f 279//2362 263//2363 278//2364
f 265//2365 264//2366 280//2367
f 280//2368 264//2369 279//2370
usemtl Voltorb:lambert2SG
f 258//2371 257//2372 496//2373
f 496//2374 257//2375 495//2376
usemtl Voltorb:phong1SG
f 278//2377 277//2378 293//2379
f 293//2380 277//2381 292//2382
f 279//2383 278//2384 294//2385
f 294//2386 278//2387 293//2388
f 280//2389 279//2390 295//2391
f 295//2392 279//2393 294//2394
f 281//2395 280//2396 296//2397
f 296//2398 280//2399 295//2400
f 206//2401 281//2402 296//2403
f 275//2404 274//2405 290//2406
f 290//2407 274//2408 289//2409
f 276//2410 275//2411 291//2412
f 291//2413 275//2414 290//2415
f 277//2416 276//2417 292//2418
f 292//2419 276//2420 291//2421
f 206//2422 296//2423 312//2424
f 290//2425 289//2426 306//2427
f 306//2428 289//2429 305//2430
f 291//2431 290//2432 307//2433
f 307//2434 290//2435 306//2436
f 292//2437 291//2438 308//2439
f 308//2440 291//2441 307//2442
f 293//2443 292//2444 309//2445
f 309//2446 292//2447 308//2448
f 294//2449 293//2450 310//2451
f 310//2452 293//2453 309//2454
f 295//2455 294//2456 311//2457
f 311//2458 294//2459 310//2460
usemtl Voltorb:lambert2SG
f 498//2461 497//2462 304//2463
f 304//2464 497//2465 303//2466
usemtl Voltorb:phong1SG
f 296//2467 295//2468 312//2469
f 312//2470 295//2471 311//2472
f 309//2473 308//2474 324//2475
f 324//2476 308//2477 323//2478
f 310//2479 309//2480 325//2481
f 325//2482 309//2483 324//2484
f 311//2485 310//2486 326//2487
f 326//2488 310//2489 325//2490
f 312//2491 311//2492 327//2493
f 327//2494 311//2495 326//2496
f 206//2497 312//2498 327//2499
f 306//2500 305//2501 321//2502
f 321//2503 305//2504 320//2505
f 307//2506 306//2507 322//2508
f 322//2509 306//2510 321//2511
f 308//2512 307//2513 323//2514
f 323//2515 307//2516 322//2517
f 206//2518 327//2519 342//2520
f 321//2521 320//2522 336//2523
f 336//2524 320//2525 335//2526
f 322//2527 321//2528 337//2529
f 337//2530 321//2531 336//2532
f 323//2533 322//2534 338//2535
f 338//2536 322//2537 337//2538
f 324//2539 323//2540 339//2541
f 339//2542 323//2543 338//2544
f 325//2545 324//2546 340//2547
f 340//2548 324//2549 339//2550
f 326//2551 325//2552 341//2553
f 341//2554 325//2555 340//2556
f 327//2557 326//2558 342//2559
f 342//2560 326//2561 341//2562
f 340//2563 339//2564 355//2565
f 355//2566 339//2567 354//2568
f 341//2569 340//2570 356//2571
f 356//2572 340//2573 355//2574
f 342//2575 341//2576 357//2577
f 357//2578 341//2579 356//2580
f 206//2581 342//2582 357//2583
f 336//2584 335//2585 351//2586
f 351//2587 335//2588 350//2589
f 337//2590 336//2591 352//2592
f 352//2593 336//2594 351//2595
f 338//2596 337//2597 353//2598
f 353//2599 337//2600 352//2601
f 339//2602 338//2603 354//2604
f 354//2605 338//2606 353//2607
f 352//2608 351//2609 367//2610
f 367//2611 351//2612 366//2613
f 353//2614 352//2615 368//2616
f 368//2617 352//2618 367//2619
f 354//2620 353//2621 369//2622
f 369//2623 353//2624 368//2625
f 355//2626 354//2627 370//2628
f 370//2629 354//2630 369//2631
f 356//2632 355//2633 371//2634
f 371//2635 355//2636 370//2637
f 357//2638 356//2639 372//2640
f 372//2641 356//2642 371//2643
f 206//2644 357//2645 372//2646
f 351//2647 350//2648 366//2649
f 366//2650 350//2651 365//2652
f 371//2653 370//2654 386//2655
f 386//2656 370//2657 385//2658
f 372//2659 371//2660 387//2661
f 387//2662 371//2663 386//2664
f 206//2665 372//2666 387//2667
f 366//2668 365//2669 381//2670
f 381//2671 365//2672 380//2673
f 367//2674 366//2675 382//2676
f 382//2677 366//2678 381//2679
f 368//2680 367//2681 383//2682
f 383//2683 367//2684 382//2685
f 369//2686 368//2687 384//2688
f 384//2689 368//2690 383//2691
f 370//2692 369//2693 385//2694
f 385//2695 369//2696 384//2697
f 382//2698 381//2699 397//2700
f 397//2701 381//2702 396//2703
f 383//2704 382//2705 398//2706
f 398//2707 382//2708 397//2709
f 384//2710 383//2711 399//2712
f 399//2713 383//2714 398//2715
f 385//2716 384//2717 400//2718
f 400//2719 384//2720 399//2721
f 386//2722 385//2723 401//2724
f 401//2725 385//2726 400//2727
f 387//2728 386//2729 402//2730
f 402//2731 386//2732 401//2733
f 206//2734 387//2735 402//2736
f 381//2737 380//2738 396//2739
f 396//2740 380//2741 395//2742
f 401//2743 400//2744 416//2745
f 416//2746 400//2747 415//2748
f 402//2749 401//2750 417//2751
f 417//2752 401//2753 416//2754
f 206//2755 402//2756 417//2757
f 396//2758 395//2759 411//2760
f 411//2761 395//2762 410//2763
f 397//2764 396//2765 412//2766
f 412//2767 396//2768 411//2769
f 398//2770 397//2771 413//2772
f 413//2773 397//2774 412//2775
f 399//2776 398//2777 414//2778
f 414//2779 398//2780 413//2781
f 400//2782 399//2783 415//2784
f 415//2785 399//2786 414//2787
f 413//2788 412//2789 428//2790
f 428//2791 412//2792 427//2793
f 414//2794 413//2795 429//2796
f 429//2797 413//2798 428//2799
f 415//2800 414//2801 430//2802
f 430//2803 414//2804 429//2805
f 416//2806 415//2807 431//2808
f 431//2809 415//2810 430//2811
f 417//2812 416//2813 432//2814
f 432//2815 416//2816 431//2817
f 206//2818 417//2819 432//2820
f 411//2821 410//2822 426//2823
f 426//2824 410//2825 425//2826
f 412//2827 411//2828 427//2829
f 427//2830 411//2831 426//2832
f 432//2833 431//2834 447//2835
f 447//2836 431//2837 446//2838
f 206//2839 432//2840 447//2841
f 426//2842 425//2843 441//2844
f 441//2845 425//2846 440//2847
f 427//2848 426//2849 442//2850
f 442//2851 426//2852 441//2853
f 428//2854 427//2855 443//2856
f 443//2857 427//2858 442//2859
f 429//2860 428//2861 444//2862
f 444//2863 428//2864 443//2865
f 430//2866 429//2867 445//2868
f 445//2869 429//2870 444//2871
f 431//2872 430//2873 446//2874
f 446//2875 430//2876 445//2877
f 443//2878 442//2879 458//2880
f 458//2881 442//2882 457//2883
f 444//2884 443//2885 459//2886
f 459//2887 443//2888 458//2889
f 445//2890 444//2891 460//2892
f 460//2893 444//2894 459//2895
f 446//2896 445//2897 461//2898
f 461//2899 445//2900 460//2901
f 447//2902 446//2903 462//2904
f 462//2905 446//2906 461//2907
f 206//2908 447//2909 462//2910
f 441//2911 440//2912 456//2913
f 456//2914 440//2915 455//2916
f 442//2917 441//2918 457//2919
f 457//2920 441//2921 456//2922
f 462//2923 461//2924 477//2925
f 477//2926 461//2927 476//2928
f 206//2929 462//2930 477//2931
f 456//2932 455//2933 471//2934
f 471//2935 455//2936 470//2937
f 457//2938 456//2939 472//2940
f 472//2941 456//2942 471//2943
f 458//2944 457//2945 473//2946
f 473//2947 457//2948 472//2949
f 459//2950 458//2951 474//2952
f 474//2953 458//2954 473//2955
f 460//2956 459//2957 475//2958
f 475//2959 459//2960 474//2961
f 461//2962 460//2963 476//2964
f 476//2965 460//2966 475//2967
f 474//2968 473//2969 480//2970
f 480//2971 473//2972 479//2973
f 475//2974 474//2975 10//2976
f 10//2977 474//2978 480//2979
f 476//2980 475//2981 481//2982
f 481//2983 475//2984 10//2985
f 477//2986 476//2987 482//2988
f 482//2989 476//2990 481//2991
f 206//2992 477//2993 482//2994
f 471//2995 470//2996 9//2997
f 9//2998 470//2999 8//3000
f 472//3001 471//3002 478//3003
f 478//3004 471//3005 9//3006
f 473//3007 472//3008 479//3009
f 479//3010 472//3011 478//3012
usemtl Voltorb:lambert2SG
f 196//3013 197//3014 491//3015
f 491//3016 197//3017 492//3018
f 212//3019 493//3020 213//3021
f 213//3022 493//3023 494//3024
f 197//3025 213//3026 492//3027
f 492//3028 213//3029 494//3030
usemtl Voltorb:lambert3SG
f 212//3031 196//3032 493//3033
f 493//3034 196//3035 491//3036
usemtl Voltorb:lambert2SG
f 272//3037 273//3038 495//3039
f 495//3040 273//3041 496//3042
f 287//3043 497//3044 288//3045
f 288//3046 497//3047 498//3048
usemtl Voltorb:lambert3SG
f 272//3049 495//3050 287//3051
f 287//3052 495//3053 497//3054
usemtl Voltorb:lambert2SG
f 288//3055 498//3056 273//3057
f 273//3058 498//3059 496//3060
usemtl Voltorb:lambert3SG
f 196//3061 212//3062 197//3063
f 197//3064 212//3065 213//3066
f 273//3067 272//3068 288//3069
f 288//3070 272//3071 287//3072
f 518//3073 517//3074 528//3075
f 528//3076 517//3077 527//3078
f 519//3079 518//3080 529//3081
f 529//3082 518//3083 528//3084
f 520//3085 519//3086 530//3087
f 530//3088 519//3089 529//3090
f 521//3091 520//3092 531//3093
f 531//3094 520//3095 530//3096
f 522//3097 521//3098 532//3099
f 532//3100 521//3101 531//3102
f 515//3103 811//3104 525//3105
f 516//3106 515//3107 526//3108
f 526//3109 515//3110 525//3111
f 517//3112 516//3113 527//3114
f 527//3115 516//3116 526//3117
f 527//3118 526//3119 542//3120
f 542//3121 526//3122 541//3123
f 528//3124 527//3125 543//3126
f 543//3127 527//3128 542//3129
f 529//3130 528//3131 544//3132
f 544//3133 528//3134 543//3135
f 530//3136 529//3137 545//3138
f 545//3139 529//3140 544//3141
f 531//3142 530//3143 546//3144
f 546//3145 530//3146 545//3147
f 532//3148 531//3149 547//3150
f 547//3151 531//3152 546//3153
f 525//3154 811//3155 540//3156
f 526//3157 525//3158 541//3159
f 541//3160 525//3161 540//3162
f 546//3163 545//3164 561//3165
f 561//3166 545//3167 560//3168
f 547//3169 546//3170 562//3171
f 562//3172 546//3173 561//3174
f 540//3175 811//3176 555//3177
f 541//3178 540//3179 556//3180
f 556//3181 540//3182 555//3183
f 542//3184 541//3185 557//3186
f 557//3187 541//3188 556//3189
f 543//3190 542//3191 558//3192
f 558//3193 542//3194 557//3195
f 544//3196 543//3197 559//3198
f 559//3199 543//3200 558//3201
f 545//3202 544//3203 560//3204
f 560//3205 544//3206 559//3207
f 558//3208 557//3209 573//3210
f 573//3211 557//3212 572//3213
f 559//3214 558//3215 574//3216
f 574//3217 558//3218 573//3219
f 560//3220 559//3221 575//3222
f 575//3223 559//3224 574//3225
f 561//3226 560//3227 576//3228
f 576//3229 560//3230 575//3231
f 562//3232 561//3233 577//3234
f 577//3235 561//3236 576//3237
f 555//3238 811//3239 570//3240
f 556//3241 555//3242 571//3243
f 571//3244 555//3245 570//3246
f 557//3247 556//3248 572//3249
f 572//3250 556//3251 571//3252
f 577//3253 576//3254 592//3255
f 592//3256 576//3257 591//3258
f 570//3259 811//3260 585//3261
f 571//3262 570//3263 586//3264
f 586//3265 570//3266 585//3267
f 572//3268 571//3269 587//3270
f 587//3271 571//3272 586//3273
f 573//3274 572//3275 588//3276
f 588//3277 572//3278 587//3279
f 574//3280 573//3281 589//3282
f 589//3283 573//3284 588//3285
f 575//3286 574//3287 590//3288
f 590//3289 574//3290 589//3291
f 576//3292 575//3293 591//3294
f 591//3295 575//3296 590//3297
f 588//3298 587//3299 603//3300
f 603//3301 587//3302 602//3303
f 589//3304 588//3305 604//3306
f 604//3307 588//3308 603//3309
f 590//3310 589//3311 605//3312
f 605//3313 589//3314 604//3315
f 591//3316 590//3317 606//3318
f 606//3319 590//3320 605//3321
f 592//3322 591//3323 607//3324
f 607//3325 591//3326 606//3327
f 585//3328 811//3329 600//3330
f 586//3331 585//3332 601//3333
f 601//3334 585//3335 600//3336
f 587//3337 586//3338 602//3339
f 602//3340 586//3341 601//3342
f 607//3343 606//3344 622//3345
f 622//3346 606//3347 621//3348
f 600//3349 811//3350 615//3351
f 601//3352 600//3353 616//3354
f 616//3355 600//3356 615//3357
f 602//3358 601//3359 617//3360
f 617//3361 601//3362 616//3363
f 603//3364 602//3365 618//3366
f 618//3367 602//3368 617//3369
f 604//3370 603//3371 619//3372
f 619//3373 603//3374 618//3375
f 605//3376 604//3377 620//3378
f 620//3379 604//3380 619//3381
f 606//3382 605//3383 621//3384
f 621//3385 605//3386 620//3387
f 619//3388 618//3389 634//3390
f 634//3391 618//3392 633//3393
f 620//3394 619//3395 635//3396
f 635//3397 619//3398 634//3399
f 621//3400 620//3401 636//3402
f 636//3403 620//3404 635//3405
f 622//3406 621//3407 637//3408
f 637//3409 621//3410 636//3411
f 615//3412 811//3413 630//3414
f 616//3415 615//3416 631//3417
f 631//3418 615//3419 630//3420
f 617//3421 616//3422 632//3423
f 632//3424 616//3425 631//3426
f 618//3427 617//3428 633//3429
f 633//3430 617//3431 632//3432
f 630//3433 811//3434 645//3435
f 631//3436 630//3437 646//3438
f 646//3439 630//3440 645//3441
f 632//3442 631//3443 647//3444
f 647//3445 631//3446 646//3447
f 633//3448 632//3449 648//3450
f 648//3451 632//3452 647//3453
f 634//3454 633//3455 649//3456
f 649//3457 633//3458 648//3459
f 635//3460 634//3461 650//3462
f 650//3463 634//3464 649//3465
f 636//3466 635//3467 651//3468
f 651//3469 635//3470 650//3471
f 637//3472 636//3473 652//3474
f 652//3475 636//3476 651//3477
f 649//3478 648//3479 664//3480
f 664//3481 648//3482 663//3483
f 650//3484 649//3485 665//3486
f 665//3487 649//3488 664//3489
f 651//3490 650//3491 666//3492
f 666//3493 650//3494 665//3495
f 652//3496 651//3497 667//3498
f 667//3499 651//3500 666//3501
f 645//3502 811//3503 660//3504
f 646//3505 645//3506 661//3507
f 661//3508 645//3509 660//3510
f 647//3511 646//3512 662//3513
f 662//3514 646//3515 661//3516
f 648//3517 647//3518 663//3519
f 663//3520 647//3521 662//3522
f 661//3523 660//3524 676//3525
f 676//3526 660//3527 675//3528
f 662//3529 661//3530 677//3531
f 677//3532 661//3533 676//3534
f 663//3535 662//3536 678//3537
f 678//3538 662//3539 677//3540
f 664//3541 663//3542 679//3543
f 679//3544 663//3545 678//3546
f 665//3547 664//3548 680//3549
f 680//3550 664//3551 679//3552
f 666//3553 665//3554 681//3555
f 681//3556 665//3557 680//3558
f 667//3559 666//3560 682//3561
f 682//3562 666//3563 681//3564
f 660//3565 811//3566 675//3567
f 680//3568 679//3569 695//3570
f 695//3571 679//3572 694//3573
f 681//3574 680//3575 696//3576
f 696//3577 680//3578 695//3579
f 682//3580 681//3581 697//3582
f 697//3583 681//3584 696//3585
f 675//3586 811//3587 690//3588
f 676//3589 675//3590 691//3591
f 691//3592 675//3593 690//3594
f 677//3595 676//3596 692//3597
f 692//3598 676//3599 691//3600
f 678//3601 677//3602 693//3603
f 693//3604 677//3605 692//3606
f 679//3607 678//3608 694//3609
f 694//3610 678//3611 693//3612
f 692//3613 691//3614 707//3615
f 707//3616 691//3617 706//3618
f 693//3619 692//3620 708//3621
f 708//3622 692//3623 707//3624
f 694//3625 693//3626 709//3627
f 709//3628 693//3629 708//3630
f 771//3631 770//3632 1022//3633
f 1022//3634 770//3635 1021//3636
f 770//3637 1001//3638 1021//3639
f 697//3640 696//3641 712//3642
f 712//3643 696//3644 1006//3645
f 690//3646 811//3647 705//3648
f 691//3649 690//3650 706//3651
f 706//3652 690//3653 705//3654
f 712//3655 1006//3656 728//3657
f 728//3658 1006//3659 1008//3660
f 705//3661 811//3662 721//3663
f 706//3664 705//3665 722//3666
f 722//3667 705//3668 721//3669
f 707//3670 706//3671 723//3672
f 723//3673 706//3674 722//3675
f 708//3676 707//3677 724//3678
f 724//3679 707//3680 723//3681
f 709//3682 708//3683 725//3684
f 725//3685 708//3686 724//3687
f 1021//3688 1001//3689 1023//3690
f 1023//3691 1001//3692 1002//3693
f 723//3694 722//3695 738//3696
f 738//3697 722//3698 737//3699
f 724//3700 723//3701 739//3702
f 739//3703 723//3704 738//3705
f 725//3706 724//3707 740//3708
f 740//3709 724//3710 739//3711
f 817//3712 1011//3713 1027//3714
f 1027//3715 1011//3716 1026//3717
f 728//3718 1008//3719 743//3720
f 743//3721 1008//3722 742//3723
f 721//3724 811//3725 736//3726
f 722//3727 721//3728 737//3729
f 737//3730 721//3731 736//3732
f 742//3733 741//3734 757//3735
f 757//3736 741//3737 756//3738
f 743//3739 742//3740 758//3741
f 758//3742 742//3743 757//3744
f 736//3745 811//3746 751//3747
f 737//3748 736//3749 752//3750
f 752//3751 736//3752 751//3753
f 738//3754 737//3755 753//3756
f 753//3757 737//3758 752//3759
f 739//3760 738//3761 754//3762
f 754//3763 738//3764 753//3765
f 739//3766 754//3767 740//3768
f 740//3769 754//3770 755//3771
f 741//3772 740//3773 756//3774
f 756//3775 740//3776 755//3777
f 754//3778 753//3779 769//3780
f 769//3781 753//3782 768//3783
f 755//3784 754//3785 770//3786
f 770//3787 754//3788 769//3789
f 755//3790 770//3791 756//3792
f 756//3793 770//3794 771//3795
f 756//3796 771//3797 757//3798
f 757//3799 771//3800 772//3801
f 758//3802 757//3803 773//3804
f 773//3805 757//3806 772//3807
f 751//3808 811//3809 766//3810
f 752//3811 751//3812 767//3813
f 767//3814 751//3815 766//3816
f 753//3817 752//3818 768//3819
f 768//3820 752//3821 767//3822
f 773//3823 772//3824 788//3825
f 788//3826 772//3827 1010//3828
f 766//3829 811//3830 781//3831
f 767//3832 766//3833 782//3834
f 782//3835 766//3836 781//3837
f 768//3838 767//3839 783//3840
f 783//3841 767//3842 782//3843
f 769//3844 768//3845 784//3846
f 784//3847 768//3848 783//3849
f 770//3850 769//3851 785//3852
f 785//3853 769//3854 784//3855
f 1023//3856 1002//3857 1025//3858
f 1025//3859 1002//3860 1003//3861
f 784//3862 783//3863 799//3864
f 799//3865 783//3866 798//3867
f 785//3868 784//3869 800//3870
f 800//3871 784//3872 799//3873
f 998//3874 999//3875 1015//3876
f 1015//3877 999//3878 1017//3879
f 788//3880 1010//3881 803//3882
f 803//3883 1010//3884 1012//3885
f 781//3886 811//3887 796//3888
f 782//3889 781//3890 797//3891
f 797//3892 781//3893 796//3894
f 783//3895 782//3896 798//3897
f 798//3898 782//3899 797//3900
f 803//3901 1012//3902 819//3903
f 819//3904 1012//3905 818//3906
f 796//3907 811//3908 812//3909
f 797//3910 796//3911 813//3912
f 813//3913 796//3914 812//3915
f 798//3916 797//3917 814//3918
f 814//3919 797//3920 813//3921
f 799//3922 798//3923 815//3924
f 815//3925 798//3926 814//3927
f 800//3928 799//3929 816//3930
f 816//3931 799//3932 815//3933
f 1025//3934 1003//3935 1028//3936
f 1028//3937 1003//3938 1004//3939
f 816//3940 815//3941 831//3942
f 831//3943 815//3944 830//3945
f 816//3946 831//3947 817//3948
f 817//3949 831//3950 832//3951
f 817//3952 832//3953 818//3954
f 818//3955 832//3956 833//3957
f 819//3958 818//3959 834//3960
f 834//3961 818//3962 833//3963
f 812//3964 811//3965 827//3966
f 813//3967 812//3968 828//3969
f 828//3970 812//3971 827//3972
f 814//3973 813//3974 829//3975
f 829//3976 813//3977 828//3978
f 815//3979 814//3980 830//3981
f 830//3982 814//3983 829//3984
f 828//3985 827//3986 843//3987
f 843//3988 827//3989 842//3990
f 829//3991 828//3992 844//3993
f 844//3994 828//3995 843//3996
f 830//3997 829//3998 845//3999
f 845//4000 829//4001 844//4002
f 831//4003 830//4004 846//4005
f 846//4006 830//4007 845//4008
f 832//4009 831//4010 847//4011
f 847//4012 831//4013 846//4014
f 833//4015 832//4016 848//4017
f 848//4018 832//4019 847//4020
f 834//4021 833//4022 849//4023
f 849//4024 833//4025 848//4026
f 827//4027 811//4028 842//4029
f 847//4030 846//4031 862//4032
f 862//4033 846//4034 861//4035
f 848//4036 847//4037 863//4038
f 863//4039 847//4040 862//4041
f 849//4042 848//4043 864//4044
f 864//4045 848//4046 863//4047
f 842//4048 811//4049 857//4050
f 843//4051 842//4052 858//4053
f 858//4054 842//4055 857//4056
f 844//4057 843//4058 859//4059
f 859//4060 843//4061 858//4062
f 845//4063 844//4064 860//4065
f 860//4066 844//4067 859//4068
f 846//4069 845//4070 861//4071
f 861//4072 845//4073 860//4074
f 858//4075 857//4076 873//4077
f 873//4078 857//4079 872//4080
f 859//4081 858//4082 874//4083
f 874//4084 858//4085 873//4086
f 860//4087 859//4088 875//4089
f 875//4090 859//4091 874//4092
f 861//4093 860//4094 876//4095
f 876//4096 860//4097 875//4098
f 862//4099 861//4100 877//4101
f 877//4102 861//4103 876//4104
f 863//4105 862//4106 878//4107
f 878//4108 862//4109 877//4110
f 864//4111 863//4112 879//4113
f 879//4114 863//4115 878//4116
f 857//4117 811//4118 872//4119
f 877//4120 876//4121 892//4122
f 892//4123 876//4124 891//4125
f 878//4126 877//4127 893//4128
f 893//4129 877//4130 892//4131
f 879//4132 878//4133 894//4134
f 894//4135 878//4136 893//4137
f 872//4138 811//4139 887//4140
f 873//4141 872//4142 888//4143
f 888//4144 872//4145 887//4146
f 874//4147 873//4148 889//4149
f 889//4150 873//4151 888//4152
f 875//4153 874//4154 890//4155
f 890//4156 874//4157 889//4158
f 876//4159 875//4160 891//4161
f 891//4162 875//4163 890//4164
f 889//4165 888//4166 904//4167
f 904//4168 888//4169 903//4170
f 890//4171 889//4172 905//4173
f 905//4174 889//4175 904//4176
f 891//4177 890//4178 906//4179
f 906//4180 890//4181 905//4182
f 892//4183 891//4184 907//4185
f 907//4186 891//4187 906//4188
f 893//4189 892//4190 908//4191
f 908//4192 892//4193 907//4194
f 894//4195 893//4196 909//4197
f 909//4198 893//4199 908//4200
f 887//4201 811//4202 902//4203
f 888//4204 887//4205 903//4206
f 903//4207 887//4208 902//4209
f 908//4210 907//4211 923//4212
f 923//4213 907//4214 922//4215
f 909//4216 908//4217 924//4218
f 924//4219 908//4220 923//4221
f 902//4222 811//4223 917//4224
f 903//4225 902//4226 918//4227
f 918//4228 902//4229 917//4230
f 904//4231 903//4232 919//4233
f 919//4234 903//4235 918//4236
f 905//4237 904//4238 920//4239
f 920//4240 904//4241 919//4242
f 906//4243 905//4244 921//4245
f 921//4246 905//4247 920//4248
f 907//4249 906//4250 922//4251
f 922//4252 906//4253 921//4254
f 919//4255 918//4256 934//4257
f 934//4258 918//4259 933//4260
f 920//4261 919//4262 935//4263
f 935//4264 919//4265 934//4266
f 921//4267 920//4268 936//4269
f 936//4270 920//4271 935//4272
f 922//4273 921//4274 937//4275
f 937//4276 921//4277 936//4278
f 923//4279 922//4280 938//4281
f 938//4282 922//4283 937//4284
f 924//4285 923//4286 939//4287
f 939//4288 923//4289 938//4290
f 917//4291 811//4292 932//4293
f 918//4294 917//4295 933//4296
f 933//4297 917//4298 932//4299
f 938//4300 937//4301 953//4302
f 953//4303 937//4304 952//4305
f 939//4306 938//4307 954//4308
f 954//4309 938//4310 953//4311
f 932//4312 811//4313 947//4314
f 933//4315 932//4316 948//4317
f 948//4318 932//4319 947//4320
f 934//4321 933//4322 949//4323
f 949//4324 933//4325 948//4326
f 935//4327 934//4328 950//4329
f 950//4330 934//4331 949//4332
f 936//4333 935//4334 951//4335
f 951//4336 935//4337 950//4338
f 937//4339 936//4340 952//4341
f 952//4342 936//4343 951//4344
f 950//4345 949//4346 965//4347
f 965//4348 949//4349 964//4350
f 951//4351 950//4352 966//4353
f 966//4354 950//4355 965//4356
f 952//4357 951//4358 967//4359
f 967//4360 951//4361 966//4362
f 953//4363 952//4364 968//4365
f 968//4366 952//4367 967//4368
f 954//4369 953//4370 969//4371
f 969//4372 953//4373 968//4374
f 947//4375 811//4376 962//4377
f 948//4378 947//4379 963//4380
f 963//4381 947//4382 962//4383
f 949//4384 948//4385 964//4386
f 964//4387 948//4388 963//4389
f 969//4390 968//4391 984//4392
f 984//4393 968//4394 983//4395
f 962//4396 811//4397 977//4398
f 963//4399 962//4400 978//4401
f 978//4402 962//4403 977//4404
f 964//4405 963//4406 979//4407
f 979//4408 963//4409 978//4410
f 965//4411 964//4412 980//4413
f 980//4414 964//4415 979//4416
f 966//4417 965//4418 981//4419
f 981//4420 965//4421 980//4422
f 967//4423 966//4424 982//4425
f 982//4426 966//4427 981//4428
f 968//4429 967//4430 983//4431
f 983//4432 967//4433 982//4434
f 981//4435 980//4436 519//4437
f 519//4438 980//4439 518//4440
f 982//4441 981//4442 520//4443
f 520//4444 981//4445 519//4446
f 983//4447 982//4448 521//4449
f 521//4450 982//4451 520//4452
f 984//4453 983//4454 522//4455
f 522//4456 983//4457 521//4458
f 977//4459 811//4460 515//4461
f 978//4462 977//4463 516//4464
f 516//4465 977//4466 515//4467
f 979//4468 978//4469 517//4470
f 517//4471 978//4472 516//4473
f 980//4474 979//4475 518//4476
f 518//4477 979//4478 517//4479
f 695//4480 1014//4481 1005//4482
f 1005//4483 1014//4484 1016//4485
f 1007//4486 1018//4487 741//4488
f 741//4489 1018//4490 1019//4491
f 741//4492 1019//4493 740//4494
f 1019//4495 1020//4496 740//4497
f 740//4498 1020//4499 1000//4500
f 1009//4501 771//4502 1024//4503
f 1024//4504 771//4505 1022//4506
f 1011//4507 1009//4508 1026//4509
f 1026//4510 1009//4511 1024//4512
f 817//4513 1027//4514 816//4515
f 1027//4516 1028//4517 816//4518
f 816//4519 1028//4520 1004//4521
f 997//4522 998//4523 1013//4524
f 1013//4525 998//4526 1015//4527
f 725//4528 740//4529 999//4530
f 999//4531 740//4532 1000//4533
f 709//4534 725//4535 998//4536
f 998//4537 725//4538 999//4539
f 999//4540 1000//4541 1017//4542
f 1017//4543 1000//4544 1020//4545
f 694//4546 709//4547 997//4548
f 997//4549 709//4550 998//4551
f 816//4552 1004//4553 800//4554
f 800//4555 1004//4556 1003//4557
f 800//4558 1003//4559 785//4560
f 785//4561 1003//4562 1002//4563
f 785//4564 1002//4565 770//4566
f 770//4567 1002//4568 1001//4569
f 1005//4570 1016//4571 1007//4572
f 1007//4573 1016//4574 1018//4575
f 1014//4576 1013//4577 1016//4578
f 1016//4579 1013//4580 1015//4581
f 1017//4582 1018//4583 1015//4584
f 1015//4585 1018//4586 1016//4587
f 1019//4588 1018//4589 1020//4590
f 1020//4591 1018//4592 1017//4593
f 1022//4594 1021//4595 1024//4596
f 1024//4597 1021//4598 1023//4599
f 1026//4600 1024//4601 1025//4602
f 1025//4603 1024//4604 1023//4605
f 1027//4606 1026//4607 1028//4608
f 1028//4609 1026//4610 1025//4611
f 695//4612 694//4613 1014//4614
f 1014//4615 694//4616 1013//4617
f 694//4618 997//4619 1013//4620
f 994//4621 993//4622 536//4623
f 536//4624 993//4625 535//4626
f 524//4627 994//4628 537//4629
f 537//4630 994//4631 536//4632
f 995//4633 524//4634 538//4635
f 538//4636 524//4637 537//4638
f 996//4639 995//4640 539//4641
f 539//4642 995//4643 538//4644
f 720//4645 996//4646 539//4647
f 523//4648 522//4649 533//4650
f 533//4651 522//4652 532//4653
f 992//4654 523//4655 534//4656
f 534//4657 523//4658 533//4659
f 993//4660 992//4661 535//4662
f 535//4663 992//4664 534//4665
f 534//4666 533//4667 549//4668
f 549//4669 533//4670 548//4671
f 535//4672 534//4673 550//4674
f 550//4675 534//4676 549//4677
f 536//4678 535//4679 551//4680
f 551//4681 535//4682 550//4683
f 537//4684 536//4685 552//4686
f 552//4687 536//4688 551//4689
f 538//4690 537//4691 553//4692
f 553//4693 537//4694 552//4695
f 539//4696 538//4697 554//4698
f 554//4699 538//4700 553//4701
f 720//4702 539//4703 554//4704
f 533//4705 532//4706 548//4707
f 548//4708 532//4709 547//4710
f 553//4711 552//4712 568//4713
f 568//4714 552//4715 567//4716
f 554//4717 553//4718 569//4719
f 569//4720 553//4721 568//4722
f 720//4723 554//4724 569//4725
f 548//4726 547//4727 563//4728
f 563//4729 547//4730 562//4731
f 549//4732 548//4733 564//4734
f 564//4735 548//4736 563//4737
f 550//4738 549//4739 565//4740
f 565//4741 549//4742 564//4743
f 551//4744 550//4745 566//4746
f 566//4747 550//4748 565//4749
f 552//4750 551//4751 567//4752
f 567//4753 551//4754 566//4755
f 565//4756 564//4757 580//4758
f 580//4759 564//4760 579//4761
f 566//4762 565//4763 581//4764
f 581//4765 565//4766 580//4767
f 567//4768 566//4769 582//4770
f 582//4771 566//4772 581//4773
f 568//4774 567//4775 583//4776
f 583//4777 567//4778 582//4779
f 569//4780 568//4781 584//4782
f 584//4783 568//4784 583//4785
f 720//4786 569//4787 584//4788
f 563//4789 562//4790 578//4791
f 578//4792 562//4793 577//4794
f 564//4795 563//4796 579//4797
f 579//4798 563//4799 578//4800
f 584//4801 583//4802 599//4803
f 599//4804 583//4805 598//4806
f 720//4807 584//4808 599//4809
f 578//4810 577//4811 593//4812
f 593//4813 577//4814 592//4815
f 579//4816 578//4817 594//4818
f 594//4819 578//4820 593//4821
f 580//4822 579//4823 595//4824
f 595//4825 579//4826 594//4827
f 581//4828 580//4829 596//4830
f 596//4831 580//4832 595//4833
f 582//4834 581//4835 597//4836
f 597//4837 581//4838 596//4839
f 583//4840 582//4841 598//4842
f 598//4843 582//4844 597//4845
f 596//4846 595//4847 611//4848
f 611//4849 595//4850 610//4851
f 597//4852 596//4853 612//4854
f 612//4855 596//4856 611//4857
f 598//4858 597//4859 613//4860
f 613//4861 597//4862 612//4863
f 599//4864 598//4865 614//4866
f 614//4867 598//4868 613//4869
f 720//4870 599//4871 614//4872
f 593//4873 592//4874 608//4875
f 608//4876 592//4877 607//4878
f 594//4879 593//4880 609//4881
f 609//4882 593//4883 608//4884
f 595//4885 594//4886 610//4887
f 610//4888 594//4889 609//4890
f 720//4891 614//4892 629//4893
f 608//4894 607//4895 623//4896
f 623//4897 607//4898 622//4899
f 609//4900 608//4901 624//4902
f 624//4903 608//4904 623//4905
f 610//4906 609//4907 625//4908
f 625//4909 609//4910 624//4911
f 611//4912 610//4913 626//4914
f 626//4915 610//4916 625//4917
f 612//4918 611//4919 627//4920
f 627//4921 611//4922 626//4923
f 613//4924 612//4925 628//4926
f 628//4927 612//4928 627//4929
f 614//4930 613//4931 629//4932
f 629//4933 613//4934 628//4935
f 626//4936 625//4937 641//4938
f 641//4939 625//4940 640//4941
f 627//4942 626//4943 642//4944
f 642//4945 626//4946 641//4947
f 628//4948 627//4949 643//4950
f 643//4951 627//4952 642//4953
f 629//4954 628//4955 644//4956
f 644//4957 628//4958 643//4959
f 720//4960 629//4961 644//4962
f 623//4963 622//4964 638//4965
f 638//4966 622//4967 637//4968
f 624//4969 623//4970 639//4971
f 639//4972 623//4973 638//4974
f 625//4975 624//4976 640//4977
f 640//4978 624//4979 639//4980
f 720//4981 644//4982 659//4983
f 638//4984 637//4985 653//4986
f 653//4987 637//4988 652//4989
f 639//4990 638//4991 654//4992
f 654//4993 638//4994 653//4995
f 640//4996 639//4997 655//4998
f 655//4999 639//5000 654//5001
f 641//5002 640//5003 656//5004
f 656//5005 640//5006 655//5007
f 642//5008 641//5009 657//5010
f 657//5011 641//5012 656//5013
f 643//5014 642//5015 658//5016
f 658//5017 642//5018 657//5019
f 644//5020 643//5021 659//5022
f 659//5023 643//5024 658//5025
f 657//5026 656//5027 672//5028
f 672//5029 656//5030 671//5031
f 658//5032 657//5033 673//5034
f 673//5035 657//5036 672//5037
f 659//5038 658//5039 674//5040
f 674//5041 658//5042 673//5043
f 720//5044 659//5045 674//5046
f 653//5047 652//5048 668//5049
f 668//5050 652//5051 667//5052
f 654//5053 653//5054 669//5055
f 669//5056 653//5057 668//5058
f 655//5059 654//5060 670//5061
f 670//5062 654//5063 669//5064
f 656//5065 655//5066 671//5067
f 671//5068 655//5069 670//5070
f 668//5071 667//5072 683//5073
f 683//5074 667//5075 682//5076
f 669//5077 668//5078 684//5079
f 684//5080 668//5081 683//5082
f 670//5083 669//5084 685//5085
f 685//5086 669//5087 684//5088
f 671//5089 670//5090 686//5091
f 686//5092 670//5093 685//5094
f 672//5095 671//5096 687//5097
f 687//5098 671//5099 686//5100
f 673//5101 672//5102 688//5103
f 688//5104 672//5105 687//5106
f 674//5107 673//5108 689//5109
f 689//5110 673//5111 688//5112
f 720//5113 674//5114 689//5115
f 687//5116 686//5117 702//5118
f 702//5119 686//5120 701//5121
f 688//5122 687//5123 703//5124
f 703//5125 687//5126 702//5127
f 689//5128 688//5129 704//5130
f 704//5131 688//5132 703//5133
f 720//5134 689//5135 704//5136
f 683//5137 682//5138 698//5139
f 698//5140 682//5141 697//5142
f 684//5143 683//5144 699//5145
f 699//5146 683//5147 698//5148
f 685//5149 684//5150 700//5151
f 700//5152 684//5153 699//5154
f 686//5155 685//5156 701//5157
f 701//5158 685//5159 700//5160
f 699//5161 698//5162 714//5163
f 714//5164 698//5165 713//5166
f 700//5167 699//5168 715//5169
f 715//5170 699//5171 714//5172
f 701//5173 700//5174 716//5175
f 716//5176 700//5177 715//5178
f 702//5179 701//5180 717//5181
f 717//5182 701//5183 716//5184
f 703//5185 702//5186 718//5187
f 718//5188 702//5189 717//5190
f 695//5191 1005//5192 696//5193
f 696//5194 1005//5195 1006//5196
f 704//5197 703//5198 719//5199
f 719//5200 703//5201 718//5202
f 720//5203 704//5204 719//5205
f 698//5206 697//5207 713//5208
f 713//5209 697//5210 712//5211
f 718//5212 717//5213 734//5214
f 734//5215 717//5216 733//5217
f 719//5218 718//5219 735//5220
f 735//5221 718//5222 734//5223
f 720//5224 719//5225 735//5226
f 713//5227 712//5228 729//5229
f 729//5230 712//5231 728//5232
f 714//5233 713//5234 730//5235
f 730//5236 713//5237 729//5238
f 715//5239 714//5240 731//5241
f 731//5242 714//5243 730//5244
f 716//5245 715//5246 732//5247
f 732//5248 715//5249 731//5250
f 717//5251 716//5252 733//5253
f 733//5254 716//5255 732//5256
f 731//5257 730//5258 746//5259
f 746//5260 730//5261 745//5262
f 732//5263 731//5264 747//5265
f 747//5266 731//5267 746//5268
f 733//5269 732//5270 748//5271
f 748//5272 732//5273 747//5274
f 734//5275 733//5276 749//5277
f 749//5278 733//5279 748//5280
f 1007//5281 741//5282 1008//5283
f 1008//5284 741//5285 742//5286
f 735//5287 734//5288 750//5289
f 750//5290 734//5291 749//5292
f 720//5293 735//5294 750//5295
f 729//5296 728//5297 744//5298
f 744//5299 728//5300 743//5301
f 730//5302 729//5303 745//5304
f 745//5305 729//5306 744//5307
f 750//5308 749//5309 765//5310
f 765//5311 749//5312 764//5313
f 720//5314 750//5315 765//5316
f 744//5317 743//5318 759//5319
f 759//5320 743//5321 758//5322
f 745//5323 744//5324 760//5325
f 760//5326 744//5327 759//5328
f 746//5329 745//5330 761//5331
f 761//5332 745//5333 760//5334
f 747//5335 746//5336 762//5337
f 762//5338 746//5339 761//5340
f 748//5341 747//5342 763//5343
f 763//5344 747//5345 762//5346
f 749//5347 748//5348 764//5349
f 764//5350 748//5351 763//5352
f 761//5353 760//5354 776//5355
f 776//5356 760//5357 775//5358
f 762//5359 761//5360 777//5361
f 777//5362 761//5363 776//5364
f 763//5365 762//5366 778//5367
f 778//5368 762//5369 777//5370
f 764//5371 763//5372 779//5373
f 779//5374 763//5375 778//5376
f 765//5377 764//5378 780//5379
f 780//5380 764//5381 779//5382
f 720//5383 765//5384 780//5385
f 759//5386 758//5387 774//5388
f 774//5389 758//5390 773//5391
f 760//5392 759//5393 775//5394
f 775//5395 759//5396 774//5397
f 780//5398 779//5399 795//5400
f 795//5401 779//5402 794//5403
f 720//5404 780//5405 795//5406
f 774//5407 773//5408 789//5409
f 789//5410 773//5411 788//5412
f 775//5413 774//5414 790//5415
f 790//5416 774//5417 789//5418
f 776//5419 775//5420 791//5421
f 791//5422 775//5423 790//5424
f 777//5425 776//5426 792//5427
f 792//5428 776//5429 791//5430
f 778//5431 777//5432 793//5433
f 793//5434 777//5435 792//5436
f 779//5437 778//5438 794//5439
f 794//5440 778//5441 793//5442
f 772//5443 771//5444 1010//5445
f 1010//5446 771//5447 1009//5448
f 792//5449 791//5450 807//5451
f 807//5452 791//5453 806//5454
f 793//5455 792//5456 808//5457
f 808//5458 792//5459 807//5460
f 794//5461 793//5462 809//5463
f 809//5464 793//5465 808//5466
f 795//5467 794//5468 810//5469
f 810//5470 794//5471 809//5472
f 720//5473 795//5474 810//5475
f 789//5476 788//5477 804//5478
f 804//5479 788//5480 803//5481
f 790//5482 789//5483 805//5484
f 805//5485 789//5486 804//5487
f 791//5488 790//5489 806//5490
f 806//5491 790//5492 805//5493
f 720//5494 810//5495 826//5496
f 804//5497 803//5498 820//5499
f 820//5500 803//5501 819//5502
f 805//5503 804//5504 821//5505
f 821//5506 804//5507 820//5508
f 806//5509 805//5510 822//5511
f 822//5512 805//5513 821//5514
f 807//5515 806//5516 823//5517
f 823//5518 806//5519 822//5520
f 808//5521 807//5522 824//5523
f 824//5524 807//5525 823//5526
f 809//5527 808//5528 825//5529
f 825//5530 808//5531 824//5532
f 1012//5533 1011//5534 818//5535
f 818//5536 1011//5537 817//5538
f 810//5539 809//5540 826//5541
f 826//5542 809//5543 825//5544
f 823//5545 822//5546 838//5547
f 838//5548 822//5549 837//5550
f 824//5551 823//5552 839//5553
f 839//5554 823//5555 838//5556
f 825//5557 824//5558 840//5559
f 840//5560 824//5561 839//5562
f 826//5563 825//5564 841//5565
f 841//5566 825//5567 840//5568
f 720//5569 826//5570 841//5571
f 820//5572 819//5573 835//5574
f 835//5575 819//5576 834//5577
f 821//5578 820//5579 836//5580
f 836//5581 820//5582 835//5583
f 822//5584 821//5585 837//5586
f 837//5587 821//5588 836//5589
f 720//5590 841//5591 856//5592
f 835//5593 834//5594 850//5595
f 850//5596 834//5597 849//5598
f 836//5599 835//5600 851//5601
f 851//5602 835//5603 850//5604
f 837//5605 836//5606 852//5607
f 852//5608 836//5609 851//5610
f 838//5611 837//5612 853//5613
f 853//5614 837//5615 852//5616
f 839//5617 838//5618 854//5619
f 854//5620 838//5621 853//5622
f 840//5623 839//5624 855//5625
f 855//5626 839//5627 854//5628
f 841//5629 840//5630 856//5631
f 856//5632 840//5633 855//5634
f 854//5635 853//5636 869//5637
f 869//5638 853//5639 868//5640
f 855//5641 854//5642 870//5643
f 870//5644 854//5645 869//5646
f 856//5647 855//5648 871//5649
f 871//5650 855//5651 870//5652
f 720//5653 856//5654 871//5655
f 850//5656 849//5657 865//5658
f 865//5659 849//5660 864//5661
f 851//5662 850//5663 866//5664
f 866//5665 850//5666 865//5667
f 852//5668 851//5669 867//5670
f 867//5671 851//5672 866//5673
f 853//5674 852//5675 868//5676
f 868//5677 852//5678 867//5679
f 866//5680 865//5681 881//5682
f 881//5683 865//5684 880//5685
f 867//5686 866//5687 882//5688
f 882//5689 866//5690 881//5691
f 868//5692 867//5693 883//5694
f 883//5695 867//5696 882//5697
f 869//5698 868//5699 884//5700
f 884//5701 868//5702 883//5703
f 870//5704 869//5705 885//5706
f 885//5707 869//5708 884//5709
f 871//5710 870//5711 886//5712
f 886//5713 870//5714 885//5715
f 720//5716 871//5717 886//5718
f 865//5719 864//5720 880//5721
f 880//5722 864//5723 879//5724
f 885//5725 884//5726 900//5727
f 900//5728 884//5729 899//5730
f 886//5731 885//5732 901//5733
f 901//5734 885//5735 900//5736
f 720//5737 886//5738 901//5739
f 880//5740 879//5741 895//5742
f 895//5743 879//5744 894//5745
f 881//5746 880//5747 896//5748
f 896//5749 880//5750 895//5751
f 882//5752 881//5753 897//5754
f 897//5755 881//5756 896//5757
f 883//5758 882//5759 898//5760
f 898//5761 882//5762 897//5763
f 884//5764 883//5765 899//5766
f 899//5767 883//5768 898//5769
f 896//5770 895//5771 911//5772
f 911//5773 895//5774 910//5775
f 897//5776 896//5777 912//5778
f 912//5779 896//5780 911//5781
f 898//5782 897//5783 913//5784
f 913//5785 897//5786 912//5787
f 899//5788 898//5789 914//5790
f 914//5791 898//5792 913//5793
f 900//5794 899//5795 915//5796
f 915//5797 899//5798 914//5799
f 901//5800 900//5801 916//5802
f 916//5803 900//5804 915//5805
f 720//5806 901//5807 916//5808
f 895//5809 894//5810 910//5811
f 910//5812 894//5813 909//5814
f 915//5815 914//5816 930//5817
f 930//5818 914//5819 929//5820
f 916//5821 915//5822 931//5823
f 931//5824 915//5825 930//5826
f 720//5827 916//5828 931//5829
f 910//5830 909//5831 925//5832
f 925//5833 909//5834 924//5835
f 911//5836 910//5837 926//5838
f 926//5839 910//5840 925//5841
f 912//5842 911//5843 927//5844
f 927//5845 911//5846 926//5847
f 913//5848 912//5849 928//5850
f 928//5851 912//5852 927//5853
f 914//5854 913//5855 929//5856
f 929//5857 913//5858 928//5859
f 927//5860 926//5861 942//5862
f 942//5863 926//5864 941//5865
f 928//5866 927//5867 943//5868
f 943//5869 927//5870 942//5871
f 929//5872 928//5873 944//5874
f 944//5875 928//5876 943//5877
f 930//5878 929//5879 945//5880
f 945//5881 929//5882 944//5883
f 931//5884 930//5885 946//5886
f 946//5887 930//5888 945//5889
f 720//5890 931//5891 946//5892
f 925//5893 924//5894 940//5895
f 940//5896 924//5897 939//5898
f 926//5899 925//5900 941//5901
f 941//5902 925//5903 940//5904
f 946//5905 945//5906 961//5907
f 961//5908 945//5909 960//5910
f 720//5911 946//5912 961//5913
f 940//5914 939//5915 955//5916
f 955//5917 939//5918 954//5919
f 941//5920 940//5921 956//5922
f 956//5923 940//5924 955//5925
f 942//5926 941//5927 957//5928
f 957//5929 941//5930 956//5931
f 943//5932 942//5933 958//5934
f 958//5935 942//5936 957//5937
f 944//5938 943//5939 959//5940
f 959//5941 943//5942 958//5943
f 945//5944 944//5945 960//5946
f 960//5947 944//5948 959//5949
f 957//5950 956//5951 972//5952
f 972//5953 956//5954 971//5955
f 958//5956 957//5957 973//5958
f 973//5959 957//5960 972//5961
f 959//5962 958//5963 974//5964
f 974//5965 958//5966 973//5967
f 960//5968 959//5969 975//5970
f 975//5971 959//5972 974//5973
f 961//5974 960//5975 976//5976
f 976//5977 960//5978 975//5979
f 720//5980 961//5981 976//5982
f 955//5983 954//5984 970//5985
f 970//5986 954//5987 969//5988
f 956//5989 955//5990 971//5991
f 971//5992 955//5993 970//5994
f 976//5995 975//5996 991//5997
f 991//5998 975//5999 990//6000
f 720//6001 976//6002 991//6003
f 970//6004 969//6005 985//6006
f 985//6007 969//6008 984//6009
f 971//6010 970//6011 986//6012
f 986//6013 970//6014 985//6015
f 972//6016 971//6017 987//6018
f 987//6019 971//6020 986//6021
f 973//6022 972//6023 988//6024
f 988//6025 972//6026 987//6027
f 974//6028 973//6029 989//6030
f 989//6031 973//6032 988//6033
f 975//6034 974//6035 990//6036
f 990//6037 974//6038 989//6039
f 988//6040 987//6041 994//6042
f 994//6043 987//6044 993//6045
f 989//6046 988//6047 524//6048
f 524//6049 988//6050 994//6051
f 990//6052 989//6053 995//6054
f 995//6055 989//6056 524//6057
f 991//6058 990//6059 996//6060
f 996//6061 990//6062 995//6063
f 720//6064 991//6065 996//6066
f 985//6067 984//6068 523//6069
f 523//6070 984//6071 522//6072
f 986//6073 985//6074 992//6075
f 992//6076 985//6077 523//6078
f 987//6079 986//6080 993//6081
f 993//6082 986//6083 992//6084
f 710//6085 711//6086 1005//6087
f 1005//6088 711//6089 1006//6090
f 726//6091 1007//6092 727//6093
f 727//6094 1007//6095 1008//6096
f 711//6097 727//6098 1006//6099
f 1006//6100 727//6101 1008//6102
f 726//6103 710//6104 1007//6105
f 1007//6106 710//6107 1005//6108
f 786//6109 787//6110 1009//6111
f 1009//6112 787//6113 1010//6114
f 801//6115 1011//6116 802//6117
f 802//6118 1011//6119 1012//6120
f 786//6121 1009//6122 801//6123
f 801//6124 1009//6125 1011//6126
f 802//6127 1012//6128 787//6129
f 787//6130 1012//6131 1010//6132
f 710//6133 726//6134 711//6135
f 711//6136 726//6137 727//6138
f 787//6139 786//6140 802//6141
f 802//6142 786//6143 801//6144
